# 3ds Max Wavefront OBJ Exporter v0.99 - (c)2007 guruware
# File Created: 11.11.2022 15:21:34

#
# object 22170
#

v  0.0467 -0.4517 -1.3043
v  0.1510 -0.4646 -1.2925
v  0.2386 -0.4747 -1.2227
v  0.0492 -0.4395 -1.2571
v  0.2525 -0.4900 -1.2665
v  0.1460 -0.4515 -1.2456
v  0.2166 -0.5022 -1.1951
v  0.0495 -0.4711 -1.2255
v  0.1348 -0.4819 -1.2151
v  0.2009 -0.5479 -1.1977
v  0.0482 -0.5195 -1.2255
v  0.1261 -0.5294 -1.2159
v  0.1947 -0.5700 -1.2022
v  0.0474 -0.5426 -1.2289
v  0.1199 -0.5516 -1.2203
v  0.0436 -0.5103 -1.3628
v  0.1534 -0.5234 -1.3501
v  0.2553 -0.5496 -1.3244
v  0.1959 -0.6207 -1.2477
v  0.0443 -0.5925 -1.2753
v  0.1168 -0.6014 -1.2667
v  0.1910 -0.5998 -1.2188
v  0.0456 -0.5725 -1.2449
v  0.1144 -0.5810 -1.2373
v  0.2261 -0.8789 -1.5520
v  0.0315 -0.8428 -1.5873
v  0.1280 -0.8570 -1.5735
v  0.0434 -0.5295 -1.3438
v  0.1501 -0.5422 -1.3316
v  0.2422 -0.5664 -1.3079
v  0.0383 -0.6060 -1.4208
v  0.1451 -0.6187 -1.4085
v  0.2460 -0.6450 -1.3827
v  0.0322 -0.7790 -1.6506
v  0.1538 -0.7926 -1.6375
v  0.2692 -0.8230 -1.6076
v  0.2186 -0.6896 -1.3590
v  0.0376 -0.6579 -1.3933
v  0.1269 -0.6668 -1.3813
v  0.3419 -0.5260 -1.2313
v  0.4235 -0.5741 -1.1843
v  0.4711 -0.6096 -1.0887
v  0.3317 -0.5122 -1.1855
v  0.4932 -0.6318 -1.1257
v  0.4072 -0.5568 -1.1413
v  0.4326 -0.6256 -1.0726
v  0.3096 -0.5397 -1.1580
v  0.3760 -0.5791 -1.1189
v  0.4038 -0.6629 -1.0836
v  0.2914 -0.5843 -1.1616
v  0.3519 -0.6205 -1.1258
v  0.3922 -0.6816 -1.0914
v  0.2837 -0.6059 -1.1667
v  0.3403 -0.6392 -1.1336
v  0.3392 -0.5835 -1.2908
v  0.4251 -0.6337 -1.2410
v  0.4950 -0.6923 -1.1827
v  0.3913 -0.7324 -1.1368
v  0.2797 -0.6545 -1.2143
v  0.3363 -0.6878 -1.1812
v  0.3842 -0.7093 -1.1102
v  0.2772 -0.6341 -1.1842
v  0.3311 -0.6660 -1.1533
v  0.4336 -1.0049 -1.4269
v  0.2903 -0.9048 -1.5263
v  0.3640 -0.9513 -1.4802
v  0.3255 -0.6001 -1.2745
v  0.4091 -0.6488 -1.2261
v  0.4719 -0.7022 -1.1730
v  0.3212 -0.6749 -1.3530
v  0.4049 -0.7236 -1.3047
v  0.4748 -0.7821 -1.2464
v  0.3359 -0.8499 -1.5809
v  0.4317 -0.9047 -1.5266
v  0.5103 -0.9717 -1.4598
v  0.4239 -0.8052 -1.2292
v  0.2929 -0.7207 -1.3304
v  0.3627 -0.7601 -1.2890
v  0.5455 -0.6945 -1.0636
v  0.5825 -0.7650 -0.9940
v  0.5774 -0.8085 -0.8903
v  0.5253 -0.6750 -1.0236
v  0.6018 -0.8395 -0.9184
v  0.5594 -0.7402 -0.9585
v  0.5328 -0.8086 -0.8900
v  0.4868 -0.6909 -1.0075
v  0.5165 -0.7484 -0.9501
v  0.4984 -0.8340 -0.9129
v  0.4564 -0.7264 -1.0203
v  0.4835 -0.7790 -0.9678
v  0.4845 -0.8479 -0.9255
v  0.4440 -0.7441 -1.0291
v  0.4695 -0.7929 -0.9804
v  0.5438 -0.7513 -1.1238
v  0.5828 -0.8251 -1.0502
v  0.6020 -0.9005 -0.9749
v  0.4819 -0.8981 -0.9714
v  0.4402 -0.7913 -1.0781
v  0.4657 -0.8401 -1.0294
v  0.4745 -0.8722 -0.9476
v  0.4345 -0.7694 -1.0496
v  0.4590 -0.8160 -1.0038
v  0.5246 -1.1872 -1.2450
v  0.4710 -1.0500 -1.3819
v  0.5021 -1.1162 -1.3159
v  0.5203 -0.7608 -1.1145
v  0.5584 -0.8325 -1.0430
v  0.5751 -0.9009 -0.9747
v  0.5179 -0.8345 -1.1942
v  0.5560 -0.9062 -1.1227
v  0.5752 -0.9815 -1.0475
v  0.5492 -1.0186 -1.4131
v  0.5936 -1.0998 -1.3321
v  0.6144 -1.1856 -1.2464
v  0.5174 -0.9890 -1.0542
v  0.4696 -0.8679 -1.1892
v  0.5010 -0.9242 -1.1254
v  0.6029 -0.9122 -0.8461
v  0.5854 -0.9863 -0.7727
v  0.5290 -1.0179 -0.6806
v  0.5782 -0.8841 -0.8147
v  0.5556 -1.0474 -0.7109
v  0.5617 -0.9525 -0.7462
v  0.4902 -1.0023 -0.6961
v  0.5336 -0.8843 -0.8143
v  0.5187 -0.9445 -0.7540
v  0.4596 -1.0154 -0.7313
v  0.4992 -0.9075 -0.8393
v  0.4854 -0.9626 -0.7842
v  0.4470 -1.0243 -0.7489
v  0.4853 -0.9203 -0.8531
v  0.4729 -0.9715 -0.8018
v  0.6026 -0.9687 -0.9067
v  0.5844 -1.0463 -0.8290
v  0.5537 -1.1072 -0.7663
v  0.4432 -1.0734 -0.7960
v  0.4826 -0.9663 -0.9033
v  0.4702 -1.0175 -0.8520
v  0.4376 -1.0450 -0.7747
v  0.4754 -0.9419 -0.8772
v  0.4639 -0.9909 -0.8289
v  0.4746 -1.3769 -1.0550
v  0.5251 -1.2393 -1.1928
v  0.5052 -1.3076 -1.1245
v  0.5756 -0.9686 -0.9069
v  0.5580 -1.0441 -0.8314
v  0.5240 -1.1087 -0.7663
v  0.5756 -1.0420 -0.9870
v  0.5580 -1.1175 -0.9114
v  0.5214 -1.1894 -0.8393
v  0.6149 -1.2398 -1.1922
v  0.5960 -1.3257 -1.1062
v  0.5534 -1.4072 -1.0245
v  0.4737 -1.1820 -0.8707
v  0.5197 -1.0532 -0.9987
v  0.4879 -1.1133 -0.9390
v  0.4988 -1.1207 -0.6372
v  0.4315 -1.1786 -0.5797
v  0.3374 -1.1805 -0.5180
v  0.4763 -1.0836 -0.6147
v  0.3819 -1.2096 -0.5471
v  0.4135 -1.1369 -0.5611
v  0.3163 -1.1547 -0.5430
v  0.4374 -1.0680 -0.6302
v  0.3818 -1.1148 -0.5831
v  0.2976 -1.1585 -0.5875
v  0.4083 -1.0792 -0.6672
v  0.3574 -1.1220 -0.6242
v  0.2898 -1.1636 -0.6089
v  0.3965 -1.0872 -0.6858
v  0.3496 -1.1271 -0.6457
v  0.4999 -1.1775 -0.6974
v  0.4292 -1.2381 -0.6365
v  0.3790 -1.2696 -0.6041
v  0.2858 -1.2113 -0.6574
v  0.3957 -1.1326 -0.7366
v  0.3487 -1.1725 -0.6965
v  0.2834 -1.1813 -0.6377
v  0.3889 -1.1055 -0.7133
v  0.3445 -1.1438 -0.6754
v  0.2970 -1.5232 -0.9079
v  0.4381 -1.4222 -1.0095
v  0.3727 -1.4741 -0.9573
v  0.4767 -1.1679 -0.7072
v  0.4080 -1.2269 -0.6479
v  0.3327 -1.2711 -0.6034
v  0.4790 -1.2418 -0.7867
v  0.4104 -1.3008 -0.7274
v  0.3280 -1.3491 -0.6790
v  0.5155 -1.4543 -0.9772
v  0.4384 -1.5219 -0.9093
v  0.3438 -1.5773 -0.8535
v  0.3001 -1.3217 -0.7176
v  0.4309 -1.2331 -0.8171
v  0.3735 -1.2813 -0.7674
v  0.2610 -1.2642 -0.4927
v  0.1619 -1.2905 -0.4666
v  0.0580 -1.2565 -0.4401
v  0.2467 -1.2201 -0.4773
v  0.0559 -1.3033 -0.4523
v  0.1546 -1.2439 -0.4530
v  0.0577 -1.2249 -0.4716
v  0.2241 -1.1928 -0.5045
v  0.1427 -1.2136 -0.4833
v  0.0558 -1.2249 -0.5200
v  0.2079 -1.1955 -0.5500
v  0.1335 -1.2145 -0.5308
v  0.0549 -1.2284 -0.5431
v  0.2015 -1.2001 -0.5721
v  0.1326 -1.2180 -0.5539
v  0.2632 -1.3217 -0.5523
v  0.1590 -1.3491 -0.5244
v  0.0525 -1.3624 -0.5106
v  0.0517 -1.2748 -0.5929
v  0.2027 -1.2456 -0.6227
v  0.1337 -1.2635 -0.6045
v  0.0532 -1.2446 -0.5734
v  0.1981 -1.2163 -0.6016
v  0.1327 -1.2339 -0.5845
v  0.0395 -1.5870 -0.8430
v  0.2334 -1.5495 -0.8813
v  0.1398 -1.5713 -0.8592
v  0.2499 -1.3052 -0.5690
v  0.1487 -1.3319 -0.5418
v  0.0520 -1.3435 -0.5299
v  0.2539 -1.3804 -0.6472
v  0.1526 -1.4072 -0.6200
v  0.0461 -1.4205 -0.6062
v  0.2776 -1.6046 -0.8259
v  0.1629 -1.6358 -0.7942
v  0.0417 -1.6502 -0.7793
v  0.0459 -1.3831 -0.6512
v  0.2256 -1.3594 -0.6940
v  0.1416 -1.3786 -0.6695
v  -0.0467 -1.3041 -0.4514
v  -0.1510 -1.2919 -0.4639
v  -0.2384 -1.2217 -0.4736
v  -0.0489 -1.2569 -0.4392
v  -0.2525 -1.2654 -0.4889
v  -0.1457 -1.2449 -0.4508
v  -0.2163 -1.1942 -0.5012
v  -0.0493 -1.2253 -0.4708
v  -0.1346 -1.2146 -0.4812
v  -0.2008 -1.1969 -0.5470
v  -0.0481 -1.2253 -0.5192
v  -0.1261 -1.2153 -0.5288
v  -0.1948 -1.2014 -0.5691
v  -0.0475 -1.2287 -0.5424
v  -0.1200 -1.2198 -0.5510
v  -0.0441 -1.3626 -0.5100
v  -0.1539 -1.3495 -0.5227
v  -0.2557 -1.3234 -0.5484
v  -0.1963 -1.2469 -0.6197
v  -0.0447 -1.2751 -0.5922
v  -0.1172 -1.2662 -0.6008
v  -0.1912 -1.2180 -0.5989
v  -0.0458 -1.2447 -0.5722
v  -0.1146 -1.2368 -0.5805
v  -0.2289 -1.5511 -0.8778
v  -0.0343 -1.5872 -0.8425
v  -0.1310 -1.5735 -0.8558
v  -0.0439 -1.3437 -0.5292
v  -0.1506 -1.3310 -0.5415
v  -0.2426 -1.3069 -0.5653
v  -0.0394 -1.4206 -0.6057
v  -0.1462 -1.4079 -0.6179
v  -0.2480 -1.3819 -0.6436
v  -0.0351 -1.6505 -0.7787
v  -0.1566 -1.6368 -0.7918
v  -0.2720 -1.6065 -0.8217
v  -0.2193 -1.3534 -0.6856
v  -0.0393 -1.3898 -0.6539
v  -0.1281 -1.3808 -0.6662
v  -0.3741 -1.2123 -0.5413
v  -0.4235 -1.1825 -0.5722
v  -0.4709 -1.0868 -0.6076
v  -0.3314 -1.1842 -0.5108
v  -0.4932 -1.1236 -0.6296
v  -0.4070 -1.1396 -0.5550
v  -0.4324 -1.0708 -0.6237
v  -0.3094 -1.1567 -0.5383
v  -0.3758 -1.1173 -0.5774
v  -0.4037 -1.0819 -0.6611
v  -0.2913 -1.1604 -0.5830
v  -0.3519 -1.1243 -0.6189
v  -0.3922 -1.0898 -0.6799
v  -0.2838 -1.1655 -0.6046
v  -0.3404 -1.1322 -0.6377
v  -0.3729 -1.2724 -0.5992
v  -0.4256 -1.2392 -0.6318
v  -0.4955 -1.1806 -0.6901
v  -0.3918 -1.1352 -0.7307
v  -0.2802 -1.2131 -0.6532
v  -0.3368 -1.1798 -0.6863
v  -0.3845 -1.1086 -0.7076
v  -0.2774 -1.1831 -0.6329
v  -0.3313 -1.1519 -0.6645
v  -0.4364 -1.4251 -1.0029
v  -0.2932 -1.5252 -0.9035
v  -0.3668 -1.4787 -0.9496
v  -0.3259 -1.2731 -0.5986
v  -0.4096 -1.2244 -0.6470
v  -0.4723 -1.1710 -0.7002
v  -0.3223 -1.3517 -0.6734
v  -0.4060 -1.3030 -0.7218
v  -0.4759 -1.2445 -0.7801
v  -0.3387 -1.5796 -0.8484
v  -0.4345 -1.5248 -0.9027
v  -0.5131 -1.4577 -0.9695
v  -0.4290 -1.2355 -0.8096
v  -0.2942 -1.3288 -0.7182
v  -0.3639 -1.2875 -0.7584
v  -0.5455 -1.0613 -0.6922
v  -0.5825 -0.9916 -0.7625
v  -0.5771 -0.8879 -0.8060
v  -0.5250 -1.0214 -0.6727
v  -0.6017 -0.9160 -0.8369
v  -0.5591 -0.9562 -0.7378
v  -0.5325 -0.8878 -0.8063
v  -0.4865 -1.0055 -0.6888
v  -0.5163 -0.9480 -0.7462
v  -0.4984 -0.9108 -0.8318
v  -0.4564 -1.0184 -0.7244
v  -0.4834 -0.9658 -0.7769
v  -0.4845 -0.9235 -0.8458
v  -0.4440 -1.0273 -0.7422
v  -0.4696 -0.9785 -0.7909
v  -0.5443 -1.1216 -0.7490
v  -0.5833 -1.0478 -0.8226
v  -0.6025 -0.9725 -0.8979
v  -0.4823 -0.9695 -0.8960
v  -0.4406 -1.0763 -0.7893
v  -0.4662 -1.0275 -0.8381
v  -0.4747 -0.9457 -0.8701
v  -0.4348 -1.0478 -0.7675
v  -0.4593 -1.0019 -0.8140
v  -0.5274 -1.2428 -1.1848
v  -0.4738 -1.3800 -1.0479
v  -0.5049 -1.3138 -1.1140
v  -0.5207 -1.1124 -0.7585
v  -0.5589 -1.0407 -0.8301
v  -0.5755 -0.9724 -0.8984
v  -0.5190 -1.1921 -0.8322
v  -0.5571 -1.1204 -0.9038
v  -0.5764 -1.0451 -0.9790
v  -0.5520 -1.4109 -1.0162
v  -0.5964 -1.3297 -1.0972
v  -0.6172 -1.2439 -1.1829
v  -0.5209 -1.0588 -0.9931
v  -0.4716 -1.1899 -0.8685
v  -0.5022 -1.1232 -0.9219
v  -0.6029 -0.8436 -0.9096
v  -0.5854 -0.7703 -0.9838
v  -0.5288 -0.6785 -1.0157
v  -0.5780 -0.8123 -0.8816
v  -0.5491 -0.6980 -1.0551
v  -0.5614 -0.7439 -0.9501
v  -0.4899 -0.6941 -1.0002
v  -0.5333 -0.8121 -0.8820
v  -0.5184 -0.7519 -0.9423
v  -0.4595 -0.7294 -1.0134
v  -0.4992 -0.8373 -0.9054
v  -0.4854 -0.7822 -0.9605
v  -0.4471 -0.7471 -1.0224
v  -0.4853 -0.8511 -0.9182
v  -0.4729 -0.7999 -0.9695
v  -0.6031 -0.9042 -0.9661
v  -0.5848 -0.8266 -1.0438
v  -0.5482 -0.7547 -1.1159
v  -0.4437 -0.7942 -1.0715
v  -0.4831 -0.9013 -0.9642
v  -0.4707 -0.8501 -1.0155
v  -0.4378 -0.7729 -1.0431
v  -0.4756 -0.8753 -0.9398
v  -0.4642 -0.8270 -0.9889
v  -0.4774 -1.0531 -1.3748
v  -0.5279 -1.1906 -1.2370
v  -0.5081 -1.1224 -1.3053
v  -0.5761 -0.9045 -0.9662
v  -0.5585 -0.8291 -1.0417
v  -0.5246 -0.7641 -1.1069
v  -0.5767 -0.9846 -1.0395
v  -0.5591 -0.9091 -1.1150
v  -0.5226 -0.8372 -1.1871
v  -0.6178 -1.1896 -1.2371
v  -0.5989 -1.1037 -1.3231
v  -0.5562 -1.0222 -1.4048
v  -0.4737 -0.8653 -1.1755
v  -0.5207 -0.9936 -1.0483
v  -0.5061 -0.9325 -1.1129
v  -0.4988 -0.6351 -1.1186
v  -0.4315 -0.5779 -1.1768
v  -0.3386 -0.5145 -1.1805
v  -0.4760 -0.6128 -1.0816
v  -0.3493 -0.5283 -1.2257
v  -0.4132 -0.5595 -1.1352
v  -0.3160 -0.5417 -1.1533
v  -0.4371 -0.6284 -1.0661
v  -0.3816 -0.5816 -1.1132
v  -0.2975 -0.5863 -1.1572
v  -0.4082 -0.6655 -1.0775
v  -0.3573 -0.6228 -1.1204
v  -0.2898 -0.6078 -1.1624
v  -0.3966 -0.6842 -1.0855
v  -0.3496 -0.6443 -1.1256
v  -0.5004 -0.6954 -1.1754
v  -0.4297 -0.6348 -1.2363
v  -0.3470 -0.5856 -1.2859
v  -0.2862 -0.6563 -1.2100
v  -0.3961 -0.7350 -1.1309
v  -0.3492 -0.6951 -1.1710
v  -0.2836 -0.6366 -1.1801
v  -0.3891 -0.7117 -1.1038
v  -0.3447 -0.6740 -1.1424
v  -0.2998 -0.9068 -1.5219
v  -0.4410 -1.0078 -1.4203
v  -0.3755 -0.9558 -1.4725
v  -0.4771 -0.7053 -1.1658
v  -0.4085 -0.6463 -1.2251
v  -0.3331 -0.6021 -1.2697
v  -0.4801 -0.7848 -1.2398
v  -0.4115 -0.7258 -1.2991
v  -0.3289 -0.6765 -1.3487
v  -0.5184 -0.9751 -1.4521
v  -0.4412 -0.9076 -1.5200
v  -0.3466 -0.8522 -1.5758
v  -0.3006 -0.7206 -1.3233
v  -0.4308 -0.8128 -1.2280
v  -0.3747 -0.7661 -1.2798
v  -0.2610 -0.4917 -1.2631
v  -0.1619 -0.4661 -1.2898
v  -0.0578 -0.4399 -1.2563
v  -0.2464 -0.4763 -1.2190
v  -0.0559 -0.4521 -1.3031
v  -0.1543 -0.4525 -1.2433
v  -0.0574 -0.4715 -1.2247
v  -0.2238 -0.5036 -1.1918
v  -0.1425 -0.4828 -1.2130
v  -0.0558 -0.5199 -1.2247
v  -0.2079 -0.5492 -1.1946
v  -0.1335 -0.5303 -1.2139
v  -0.0549 -0.5430 -1.2282
v  -0.2016 -0.5713 -1.1992
v  -0.1326 -0.5534 -1.2174
v  -0.2637 -0.5512 -1.3205
v  -0.1595 -0.5238 -1.3484
v  -0.0529 -0.5105 -1.3622
v  -0.0521 -0.5928 -1.2746
v  -0.2031 -0.6220 -1.2447
v  -0.1341 -0.6041 -1.2629
v  -0.0535 -0.5732 -1.2444
v  -0.1983 -0.6008 -1.2155
v  -0.1330 -0.5840 -1.2333
v  -0.0423 -0.8430 -1.5868
v  -0.2362 -0.8804 -1.5485
v  -0.1427 -0.8587 -1.5706
v  -0.2504 -0.5680 -1.3041
v  -0.1491 -0.5413 -1.3313
v  -0.0525 -0.5297 -1.3433
v  -0.2550 -0.6462 -1.3793
v  -0.1537 -0.6194 -1.4065
v  -0.0472 -0.6061 -1.4203
v  -0.2804 -0.8248 -1.6034
v  -0.1657 -0.7937 -1.6351
v  -0.0445 -0.7793 -1.6500
v  -0.0470 -0.6570 -1.3929
v  -0.2268 -0.6938 -1.3594
v  -0.1382 -0.6822 -1.3676
v  -0.2101 -3.2975 -2.1751
v  -0.2083 -3.3047 -2.1679
v  -0.2030 -3.3110 -2.1616
v  -0.1951 -3.3156 -2.1570
v  -0.1854 -3.3181 -2.1546
v  -0.1751 -3.3180 -2.1547
v  -0.1654 -3.3155 -2.1572
v  -0.1576 -3.3108 -2.1620
v  -0.1525 -3.3044 -2.1683
v  -0.1508 -3.2973 -2.1755
v  -0.1527 -3.2901 -2.1827
v  -0.1579 -3.2838 -2.1889
v  -0.1659 -3.2792 -2.1936
v  -0.1756 -3.2767 -2.1960
v  -0.1859 -3.2768 -2.1959
v  -0.1955 -3.2793 -2.1933
v  -0.2034 -3.2840 -2.1886
v  -0.2084 -3.2903 -2.1822
v  -0.2105 -3.3877 -2.2652
v  -0.2086 -3.3948 -2.2581
v  -0.2034 -3.4011 -2.2518
v  -0.1954 -3.4058 -2.2472
v  -0.1857 -3.4082 -2.2447
v  -0.1754 -3.4082 -2.2448
v  -0.1658 -3.4056 -2.2474
v  -0.1579 -3.4009 -2.2521
v  -0.1528 -3.3946 -2.2585
v  -0.1511 -3.3874 -2.2657
v  -0.1530 -3.3803 -2.2728
v  -0.1582 -3.3740 -2.2791
v  -0.1662 -3.3693 -2.2837
v  -0.1759 -3.3669 -2.2861
v  -0.1862 -3.3669 -2.2860
v  -0.1958 -3.3694 -2.2835
v  -0.2037 -3.3742 -2.2787
v  -0.2088 -3.3805 -2.2724
v  -0.2323 -3.3896 -2.2669
v  -0.2290 -3.4021 -2.2545
v  -0.2200 -3.4130 -2.2436
v  -0.2062 -3.4211 -2.2356
v  -0.1893 -3.4253 -2.2314
v  -0.1715 -3.4252 -2.2316
v  -0.1547 -3.4208 -2.2360
v  -0.1411 -3.4127 -2.2442
v  -0.1323 -3.4017 -2.2553
v  -0.1293 -3.3892 -2.2677
v  -0.1326 -3.3768 -2.2801
v  -0.1417 -3.3659 -2.2910
v  -0.1554 -3.3578 -2.2990
v  -0.1723 -3.3536 -2.3032
v  -0.1902 -3.3536 -2.3031
v  -0.2069 -3.3580 -2.2987
v  -0.2205 -3.3662 -2.2904
v  -0.2293 -3.3772 -2.2794
v  -0.2689 -3.4041 -2.2810
v  -0.2633 -3.4254 -2.2597
v  -0.2478 -3.4441 -2.2411
v  -0.2242 -3.4579 -2.2274
v  -0.1954 -3.4651 -2.2202
v  -0.1649 -3.4650 -2.2205
v  -0.1362 -3.4575 -2.2281
v  -0.1130 -3.4435 -2.2422
v  -0.0979 -3.4247 -2.2610
v  -0.0928 -3.4034 -2.2823
v  -0.0984 -3.3821 -2.3036
v  -0.1139 -3.3635 -2.3222
v  -0.1375 -3.3497 -2.3359
v  -0.1663 -3.3424 -2.3431
v  -0.1969 -3.3425 -2.3428
v  -0.2255 -3.3500 -2.3352
v  -0.2488 -3.3640 -2.3212
v  -0.2638 -3.3828 -2.3023
v  -0.2792 -3.4147 -2.2914
v  -0.2729 -3.4384 -2.2677
v  -0.2556 -3.4593 -2.2470
v  -0.2293 -3.4747 -2.2316
v  -0.1972 -3.4828 -2.2236
v  -0.1630 -3.4827 -2.2239
v  -0.1311 -3.4743 -2.2324
v  -0.1051 -3.4587 -2.2481
v  -0.0883 -3.4377 -2.2691
v  -0.0826 -3.4139 -2.2929
v  -0.0888 -3.3902 -2.3167
v  -0.1061 -3.3693 -2.3374
v  -0.1325 -3.3539 -2.3527
v  -0.1646 -3.3458 -2.3607
v  -0.1988 -3.3459 -2.3605
v  -0.2307 -3.3543 -2.3520
v  -0.2567 -3.3699 -2.3363
v  -0.2735 -3.3909 -2.3153
v  -0.3216 -3.4149 -2.2911
v  -0.3127 -3.4489 -2.2572
v  -0.2879 -3.4787 -2.2274
v  -0.2502 -3.5007 -2.2055
v  -0.2042 -3.5124 -2.1940
v  -0.1553 -3.5122 -2.1944
v  -0.1096 -3.5002 -2.2066
v  -0.0724 -3.4778 -2.2291
v  -0.0483 -3.4478 -2.2592
v  -0.0402 -3.4137 -2.2933
v  -0.0491 -3.3797 -2.3272
v  -0.0739 -3.3499 -2.3569
v  -0.1116 -3.3279 -2.3789
v  -0.1576 -3.3162 -2.3903
v  -0.2065 -3.3164 -2.3900
v  -0.2522 -3.3284 -2.3778
v  -0.2894 -3.3508 -2.3553
v  -0.3135 -3.3808 -2.3252
v  -0.3211 -3.2808 -2.1570
v  -0.3122 -3.3148 -2.1231
v  -0.2874 -3.3446 -2.0933
v  -0.2497 -3.3666 -2.0714
v  -0.2037 -3.3782 -2.0600
v  -0.1548 -3.3781 -2.0603
v  -0.1091 -3.3661 -2.0725
v  -0.0719 -3.3437 -2.0950
v  -0.0478 -3.3137 -2.1251
v  -0.0398 -3.2796 -2.1592
v  -0.0486 -3.2456 -2.1931
v  -0.0734 -3.2158 -2.2229
v  -0.1111 -3.1938 -2.2448
v  -0.1571 -3.1821 -2.2562
v  -0.2060 -3.1823 -2.2559
v  -0.2518 -3.1943 -2.2437
v  -0.2889 -3.2167 -2.2212
v  -0.3130 -3.2467 -2.1911
v  -0.3003 -3.4289 -2.3054
v  -0.2928 -3.4578 -2.2766
v  -0.2718 -3.4831 -2.2514
v  -0.2398 -3.5018 -2.2328
v  -0.2007 -3.5116 -2.2231
v  -0.1592 -3.5115 -2.2234
v  -0.1204 -3.5013 -2.2337
v  -0.0889 -3.4823 -2.2528
v  -0.0684 -3.4569 -2.2783
v  -0.0616 -3.4280 -2.3072
v  -0.0691 -3.3991 -2.3361
v  -0.0901 -3.3738 -2.3613
v  -0.1221 -3.3551 -2.3799
v  -0.1612 -3.3452 -2.3896
v  -0.2026 -3.3454 -2.3893
v  -0.2415 -3.3556 -2.3790
v  -0.2730 -3.3746 -2.3599
v  -0.2934 -3.4000 -2.3343
v  -0.3145 -3.4242 -2.3005
v  -0.3061 -3.4564 -2.2682
v  -0.2826 -3.4848 -2.2400
v  -0.2468 -3.5057 -2.2192
v  -0.2030 -3.5167 -2.2083
v  -0.1566 -3.5166 -2.2086
v  -0.1132 -3.5052 -2.2202
v  -0.0779 -3.4839 -2.2416
v  -0.0550 -3.4554 -2.2702
v  -0.0473 -3.4231 -2.3025
v  -0.0558 -3.3908 -2.3348
v  -0.0793 -3.3625 -2.3630
v  -0.1151 -3.3415 -2.3838
v  -0.1588 -3.3305 -2.3947
v  -0.2052 -3.3307 -2.3944
v  -0.2487 -3.3421 -2.3828
v  -0.2840 -3.3633 -2.3615
v  -0.3069 -3.3918 -2.3329
v  -0.2860 -3.4237 -2.3004
v  -0.2794 -3.4491 -2.2750
v  -0.2609 -3.4714 -2.2528
v  -0.2327 -3.4878 -2.2364
v  -0.1983 -3.4965 -2.2278
v  -0.1618 -3.4964 -2.2281
v  -0.1276 -3.4874 -2.2372
v  -0.0999 -3.4707 -2.2540
v  -0.0819 -3.4483 -2.2765
v  -0.0758 -3.4228 -2.3020
v  -0.0825 -3.3974 -2.3273
v  -0.1010 -3.3752 -2.3495
v  -0.1291 -3.3587 -2.3659
v  -0.1635 -3.3500 -2.3745
v  -0.2000 -3.3501 -2.3742
v  -0.2342 -3.3591 -2.3651
v  -0.2620 -3.3758 -2.3483
v  -0.2800 -3.3982 -2.3258
v  -0.2774 -3.4090 -2.2858
v  -0.2713 -3.4323 -2.2625
v  -0.2543 -3.4528 -2.2421
v  -0.2284 -3.4679 -2.2270
v  -0.1968 -3.4759 -2.2192
v  -0.1633 -3.4757 -2.2194
v  -0.1319 -3.4675 -2.2278
v  -0.1064 -3.4522 -2.2432
v  -0.0899 -3.4316 -2.2638
v  -0.0844 -3.4082 -2.2872
v  -0.0905 -3.3849 -2.3105
v  -0.1075 -3.3644 -2.3309
v  -0.1333 -3.3493 -2.3459
v  -0.1649 -3.3413 -2.3538
v  -0.1984 -3.3415 -2.3536
v  -0.2298 -3.3497 -2.3452
v  -0.2553 -3.3650 -2.3298
v  -0.2718 -3.3856 -2.3091
v  -0.2514 -3.3968 -2.2739
v  -0.2469 -3.4138 -2.2568
v  -0.2345 -3.4288 -2.2419
v  -0.2156 -3.4398 -2.2309
v  -0.1925 -3.4457 -2.2252
v  -0.1680 -3.4456 -2.2254
v  -0.1451 -3.4396 -2.2315
v  -0.1264 -3.4283 -2.2428
v  -0.1144 -3.4133 -2.2578
v  -0.1103 -3.3962 -2.2749
v  -0.1148 -3.3792 -2.2920
v  -0.1272 -3.3642 -2.3069
v  -0.1461 -3.3532 -2.3179
v  -0.1692 -3.3473 -2.3236
v  -0.1937 -3.3474 -2.3234
v  -0.2166 -3.3535 -2.3173
v  -0.2352 -3.3647 -2.3060
v  -0.2473 -3.3797 -2.2910
v  -0.2201 -3.3877 -2.2651
v  -0.2176 -3.3972 -2.2556
v  -0.2107 -3.4055 -2.2473
v  -0.2002 -3.4117 -2.2412
v  -0.1873 -3.4150 -2.2380
v  -0.1737 -3.4149 -2.2381
v  -0.1609 -3.4115 -2.2415
v  -0.1505 -3.4053 -2.2478
v  -0.1437 -3.3969 -2.2562
v  -0.1415 -3.3874 -2.2657
v  -0.1440 -3.3779 -2.2752
v  -0.1509 -3.3695 -2.2835
v  -0.1614 -3.3634 -2.2897
v  -0.1743 -3.3601 -2.2929
v  -0.1879 -3.3602 -2.2928
v  -0.2007 -3.3635 -2.2894
v  -0.2111 -3.3698 -2.2831
v  -0.2179 -3.3782 -2.2747
v  -0.1805 -3.2974 -2.1753
v  -0.5351 -3.1784 -2.2930
v  -0.5378 -3.1855 -2.2859
v  -0.5369 -3.1927 -2.2787
v  -0.5326 -3.1993 -2.2721
v  -0.5254 -3.2045 -2.2669
v  -0.5161 -3.2077 -2.2638
v  -0.5058 -3.2083 -2.2632
v  -0.4959 -3.2065 -2.2650
v  -0.4874 -3.2024 -2.2692
v  -0.4815 -3.1965 -2.2752
v  -0.4787 -3.1894 -2.2822
v  -0.4796 -3.1822 -2.2894
v  -0.4839 -3.1756 -2.2960
v  -0.4911 -3.1704 -2.3012
v  -0.5004 -3.1672 -2.3043
v  -0.5107 -3.1665 -2.3050
v  -0.5207 -3.1684 -2.3031
v  -0.5291 -3.1725 -2.2989
v  -0.5354 -3.2686 -2.3831
v  -0.5381 -3.2756 -2.3761
v  -0.5373 -3.2829 -2.3688
v  -0.5330 -3.2895 -2.3622
v  -0.5257 -3.2947 -2.3571
v  -0.5164 -3.2978 -2.3540
v  -0.5062 -3.2985 -2.3533
v  -0.4962 -3.2967 -2.3552
v  -0.4877 -3.2925 -2.3593
v  -0.4818 -3.2866 -2.3653
v  -0.4791 -3.2796 -2.3723
v  -0.4799 -3.2723 -2.3796
v  -0.4842 -3.2657 -2.3862
v  -0.4914 -3.2605 -2.3914
v  -0.5008 -3.2574 -2.3945
v  -0.5110 -3.2567 -2.3951
v  -0.5210 -3.2585 -2.3932
v  -0.5294 -3.2627 -2.3891
v  -0.5551 -3.2639 -2.3916
v  -0.5598 -3.2760 -2.3794
v  -0.5584 -3.2886 -2.3668
v  -0.5509 -3.3001 -2.3553
v  -0.5383 -3.3091 -2.3464
v  -0.5222 -3.3146 -2.3410
v  -0.5044 -3.3158 -2.3399
v  -0.4871 -3.3126 -2.3431
v  -0.4724 -3.3054 -2.3503
v  -0.4621 -3.2951 -2.3606
v  -0.4573 -3.2830 -2.3728
v  -0.4588 -3.2704 -2.3854
v  -0.4663 -3.2589 -2.3969
v  -0.4789 -3.2499 -2.4059
v  -0.4950 -3.2444 -2.4112
v  -0.5128 -3.2432 -2.4124
v  -0.5301 -3.2464 -2.4091
v  -0.5448 -3.2536 -2.4019
v  -0.5882 -3.2671 -2.4169
v  -0.5963 -3.2879 -2.3960
v  -0.5938 -3.3095 -2.3745
v  -0.5810 -3.3291 -2.3549
v  -0.5595 -3.3445 -2.3395
v  -0.5319 -3.3538 -2.3303
v  -0.5014 -3.3559 -2.3284
v  -0.4718 -3.3504 -2.3339
v  -0.4467 -3.3382 -2.3463
v  -0.4290 -3.3206 -2.3640
v  -0.4210 -3.2997 -2.3848
v  -0.4235 -3.2782 -2.4064
v  -0.4363 -3.2585 -2.4260
v  -0.4578 -3.2431 -2.4413
v  -0.4854 -3.2338 -2.4505
v  -0.5159 -3.2318 -2.4525
v  -0.5454 -3.2372 -2.4469
v  -0.5706 -3.2495 -2.4346
v  -0.5975 -3.2745 -2.4305
v  -0.6065 -3.2978 -2.4072
v  -0.6037 -3.3218 -2.3832
v  -0.5895 -3.3438 -2.3613
v  -0.5655 -3.3610 -2.3442
v  -0.5346 -3.3713 -2.3339
v  -0.5006 -3.3736 -2.3317
v  -0.4676 -3.3676 -2.3379
v  -0.4396 -3.3539 -2.3517
v  -0.4198 -3.3342 -2.3714
v  -0.4108 -3.3109 -2.3947
v  -0.4136 -3.2869 -2.4188
v  -0.4279 -3.2649 -2.4407
v  -0.4519 -3.2478 -2.4578
v  -0.4828 -3.2374 -2.4680
v  -0.5167 -3.2351 -2.4702
v  -0.5497 -3.2412 -2.4640
v  -0.5778 -3.2549 -2.4502
v  -0.6359 -3.2616 -2.4432
v  -0.6488 -3.2949 -2.4099
v  -0.6447 -3.3294 -2.3755
v  -0.6243 -3.3608 -2.3441
v  -0.5900 -3.3854 -2.3196
v  -0.5458 -3.4002 -2.3050
v  -0.4971 -3.4035 -2.3019
v  -0.4499 -3.3948 -2.3107
v  -0.4097 -3.3752 -2.3304
v  -0.3815 -3.3471 -2.3587
v  -0.3686 -3.3138 -2.3920
v  -0.3726 -3.2794 -2.4265
v  -0.3930 -3.2479 -2.4578
v  -0.4274 -3.2233 -2.4823
v  -0.4716 -3.2085 -2.4970
v  -0.5202 -3.2052 -2.5001
v  -0.5675 -3.2139 -2.4912
v  -0.6076 -3.2335 -2.4715
v  -0.6354 -3.1275 -2.3092
v  -0.6483 -3.1608 -2.2758
v  -0.6443 -3.1953 -2.2414
v  -0.6239 -3.2267 -2.2100
v  -0.5895 -3.2513 -2.1855
v  -0.5453 -3.2661 -2.1709
v  -0.4967 -3.2694 -2.1678
v  -0.4494 -3.2607 -2.1766
v  -0.4092 -3.2411 -2.1964
v  -0.3810 -3.2130 -2.2246
v  -0.3681 -3.1797 -2.2579
v  -0.3721 -3.1453 -2.2924
v  -0.3926 -3.1138 -2.3237
v  -0.4269 -3.0892 -2.3482
v  -0.4711 -3.0744 -2.3629
v  -0.5197 -3.0711 -2.3660
v  -0.5670 -3.0798 -2.3571
v  -0.6072 -3.0994 -2.3374
v  -0.6167 -3.2822 -2.4510
v  -0.6276 -3.3105 -2.4227
v  -0.6242 -3.3397 -2.3935
v  -0.6069 -3.3664 -2.3669
v  -0.5777 -3.3873 -2.3461
v  -0.5402 -3.3999 -2.3336
v  -0.4989 -3.4026 -2.3310
v  -0.4588 -3.3953 -2.3385
v  -0.4248 -3.3786 -2.3553
v  -0.4008 -3.3548 -2.3792
v  -0.3899 -3.3265 -2.4075
v  -0.3933 -3.2973 -2.4367
v  -0.4106 -3.2706 -2.4633
v  -0.4398 -3.2497 -2.4841
v  -0.4772 -3.2371 -2.4966
v  -0.5185 -3.2344 -2.4992
v  -0.5586 -3.2417 -2.4917
v  -0.5927 -3.2584 -2.4750
v  -0.6295 -3.2731 -2.4504
v  -0.6418 -3.3047 -2.4188
v  -0.6379 -3.3374 -2.3861
v  -0.6186 -3.3673 -2.3563
v  -0.5859 -3.3906 -2.3330
v  -0.5440 -3.4047 -2.3191
v  -0.4978 -3.4078 -2.3161
v  -0.4529 -3.3996 -2.3246
v  -0.4147 -3.3810 -2.3433
v  -0.3879 -3.3543 -2.3701
v  -0.3757 -3.3226 -2.4018
v  -0.3795 -3.2899 -2.4345
v  -0.3989 -3.2601 -2.4643
v  -0.4315 -3.2367 -2.4875
v  -0.4735 -3.2226 -2.5015
v  -0.5197 -3.2195 -2.5044
v  -0.5646 -3.2277 -2.4960
v  -0.6027 -3.2464 -2.4773
v  -0.6037 -3.2814 -2.4415
v  -0.6134 -3.3063 -2.4166
v  -0.6104 -3.3320 -2.3909
v  -0.5951 -3.3555 -2.3675
v  -0.5694 -3.3739 -2.3492
v  -0.5364 -3.3850 -2.3382
v  -0.5001 -3.3874 -2.3359
v  -0.4648 -3.3809 -2.3425
v  -0.4348 -3.3663 -2.3572
v  -0.4137 -3.3452 -2.3783
v  -0.4040 -3.3204 -2.4033
v  -0.4070 -3.2946 -2.4290
v  -0.4223 -3.2712 -2.4524
v  -0.4480 -3.2528 -2.4707
v  -0.4810 -3.2417 -2.4817
v  -0.5173 -3.2392 -2.4840
v  -0.5526 -3.2457 -2.4774
v  -0.5827 -3.2604 -2.4626
v  -0.5959 -3.2693 -2.4243
v  -0.6047 -3.2922 -2.4014
v  -0.6020 -3.3158 -2.3778
v  -0.5880 -3.3374 -2.3563
v  -0.5644 -3.3542 -2.3395
v  -0.5341 -3.3644 -2.3294
v  -0.5007 -3.3667 -2.3273
v  -0.4683 -3.3607 -2.3333
v  -0.4408 -3.3473 -2.3469
v  -0.4214 -3.3280 -2.3663
v  -0.4126 -3.3051 -2.3891
v  -0.4153 -3.2815 -2.4127
v  -0.4293 -3.2599 -2.4343
v  -0.4529 -3.2431 -2.4511
v  -0.4832 -3.2329 -2.4611
v  -0.5166 -3.2306 -2.4633
v  -0.5490 -3.2366 -2.4572
v  -0.5765 -3.2500 -2.4436
v  -0.5724 -3.2651 -2.4044
v  -0.5788 -3.2818 -2.3877
v  -0.5768 -3.2991 -2.3704
v  -0.5666 -3.3149 -2.3547
v  -0.5494 -3.3272 -2.3424
v  -0.5272 -3.3346 -2.3350
v  -0.5028 -3.3363 -2.3335
v  -0.4791 -3.3319 -2.3379
v  -0.4590 -3.3221 -2.3478
v  -0.4448 -3.3080 -2.3620
v  -0.4384 -3.2913 -2.3787
v  -0.4404 -3.2740 -2.3960
v  -0.4506 -3.2583 -2.4117
v  -0.4679 -3.2459 -2.4240
v  -0.4900 -3.2385 -2.4313
v  -0.5144 -3.2368 -2.4329
v  -0.5381 -3.2412 -2.4284
v  -0.5582 -3.2510 -2.4185
v  -0.5441 -3.2657 -2.3860
v  -0.5477 -3.2750 -2.3767
v  -0.5466 -3.2846 -2.3671
v  -0.5409 -3.2934 -2.3583
v  -0.5313 -3.3003 -2.3515
v  -0.5190 -3.3044 -2.3474
v  -0.5054 -3.3053 -2.3465
v  -0.4921 -3.3029 -2.3490
v  -0.4809 -3.2974 -2.3545
v  -0.4730 -3.2895 -2.3624
v  -0.4694 -3.2802 -2.3717
v  -0.4705 -3.2706 -2.3813
v  -0.4763 -3.2618 -2.3901
v  -0.4859 -3.2549 -2.3970
v  -0.4982 -3.2508 -2.4011
v  -0.5118 -3.2499 -2.4019
v  -0.5250 -3.2523 -2.3994
v  -0.5362 -3.2578 -2.3939
v  -0.5083 -3.1874 -2.2841
v  -0.7545 -2.9720 -2.4986
v  -0.7613 -2.9775 -2.4931
v  -0.7649 -2.9843 -2.4863
v  -0.7651 -2.9916 -2.4790
v  -0.7618 -2.9985 -2.4722
v  -0.7553 -3.0041 -2.4665
v  -0.7465 -3.0079 -2.4628
v  -0.7364 -3.0093 -2.4614
v  -0.7262 -3.0082 -2.4626
v  -0.7172 -3.0047 -2.4661
v  -0.7104 -2.9992 -2.4716
v  -0.7067 -2.9924 -2.4784
v  -0.7065 -2.9851 -2.4857
v  -0.7099 -2.9782 -2.4926
v  -0.7164 -2.9725 -2.4982
v  -0.7252 -2.9688 -2.5020
v  -0.7353 -2.9674 -2.5033
v  -0.7455 -2.9685 -2.5022
v  -0.7548 -3.0622 -2.5888
v  -0.7616 -3.0676 -2.5833
v  -0.7653 -3.0744 -2.5765
v  -0.7655 -3.0817 -2.5692
v  -0.7621 -3.0886 -2.5623
v  -0.7556 -3.0943 -2.5567
v  -0.7468 -3.0980 -2.5529
v  -0.7367 -3.0995 -2.5516
v  -0.7265 -3.0983 -2.5527
v  -0.7175 -3.0948 -2.5563
v  -0.7107 -3.0893 -2.5618
v  -0.7070 -3.0825 -2.5686
v  -0.7069 -3.0753 -2.5759
v  -0.7102 -3.0684 -2.5827
v  -0.7167 -3.0627 -2.5884
v  -0.7255 -3.0589 -2.5921
v  -0.7356 -3.0575 -2.5935
v  -0.7458 -3.0586 -2.5923
v  -0.7685 -3.0520 -2.6027
v  -0.7803 -3.0616 -2.5931
v  -0.7867 -3.0734 -2.5813
v  -0.7870 -3.0860 -2.5686
v  -0.7812 -3.0979 -2.5567
v  -0.7699 -3.1078 -2.5469
v  -0.7546 -3.1143 -2.5404
v  -0.7371 -3.1168 -2.5380
v  -0.7194 -3.1148 -2.5400
v  -0.7038 -3.1087 -2.5462
v  -0.6921 -3.0992 -2.5558
v  -0.6856 -3.0874 -2.5676
v  -0.6853 -3.0748 -2.5802
v  -0.6912 -3.0628 -2.5921
v  -0.7024 -3.0530 -2.6019
v  -0.7177 -3.0465 -2.6084
v  -0.7353 -3.0440 -2.6108
v  -0.7529 -3.0460 -2.6088
v  -0.7916 -3.0462 -2.6370
v  -0.8117 -3.0625 -2.6207
v  -0.8226 -3.0827 -2.6005
v  -0.8232 -3.1043 -2.5789
v  -0.8132 -3.1248 -2.5584
v  -0.7940 -3.1416 -2.5417
v  -0.7678 -3.1528 -2.5306
v  -0.7378 -3.1570 -2.5265
v  -0.7076 -3.1536 -2.5299
v  -0.6808 -3.1432 -2.5405
v  -0.6608 -3.1269 -2.5568
v  -0.6498 -3.1068 -2.5770
v  -0.6493 -3.0851 -2.5986
v  -0.6592 -3.0647 -2.6191
v  -0.6784 -3.0478 -2.6358
v  -0.7047 -3.0367 -2.6469
v  -0.7347 -3.0325 -2.6510
v  -0.7649 -3.0358 -2.6476
v  -0.7981 -3.0511 -2.6532
v  -0.8205 -3.0693 -2.6349
v  -0.8327 -3.0918 -2.6124
v  -0.8333 -3.1159 -2.5882
v  -0.8222 -3.1388 -2.5655
v  -0.8007 -3.1576 -2.5467
v  -0.7715 -3.1700 -2.5344
v  -0.7380 -3.1747 -2.5298
v  -0.7043 -3.1710 -2.5336
v  -0.6744 -3.1594 -2.5454
v  -0.6520 -3.1412 -2.5636
v  -0.6398 -3.1187 -2.5862
v  -0.6392 -3.0946 -2.6103
v  -0.6503 -3.0717 -2.6331
v  -0.6718 -3.0529 -2.6518
v  -0.7010 -3.0405 -2.6642
v  -0.7345 -3.0358 -2.6688
v  -0.7682 -3.0395 -2.6649
v  -0.8248 -3.0278 -2.6764
v  -0.8568 -3.0538 -2.6503
v  -0.8743 -3.0860 -2.6180
v  -0.8752 -3.1206 -2.5835
v  -0.8593 -3.1532 -2.5508
v  -0.8286 -3.1801 -2.5241
v  -0.7867 -3.1980 -2.5063
v  -0.7387 -3.2047 -2.4998
v  -0.6905 -3.1994 -2.5053
v  -0.6477 -3.1827 -2.5221
v  -0.6157 -3.1567 -2.5483
v  -0.5982 -3.1245 -2.5805
v  -0.5973 -3.0899 -2.6151
v  -0.6132 -3.0573 -2.6477
v  -0.6440 -3.0304 -2.6745
v  -0.6858 -3.0125 -2.6922
v  -0.7338 -3.0058 -2.6987
v  -0.7820 -3.0111 -2.6933
v  -0.8243 -2.8937 -2.5423
v  -0.8563 -2.9197 -2.5162
v  -0.8739 -2.9519 -2.4839
v  -0.8747 -2.9864 -2.4494
v  -0.8588 -3.0191 -2.4168
v  -0.8281 -3.0460 -2.3900
v  -0.7862 -3.0639 -2.3722
v  -0.7382 -3.0706 -2.3657
v  -0.6900 -3.0653 -2.3712
v  -0.6473 -3.0486 -2.3880
v  -0.6152 -3.0226 -2.4142
v  -0.5977 -2.9904 -2.4464
v  -0.5968 -2.9558 -2.4810
v  -0.6127 -2.9232 -2.5136
v  -0.6435 -2.8963 -2.5404
v  -0.6853 -2.8784 -2.5581
v  -0.7333 -2.8717 -2.5647
v  -0.7816 -2.8770 -2.5592
v  -0.8114 -3.0537 -2.6789
v  -0.8386 -3.0757 -2.6567
v  -0.8535 -3.1031 -2.6293
v  -0.8542 -3.1324 -2.6000
v  -0.8407 -3.1601 -2.5723
v  -0.8146 -3.1829 -2.5496
v  -0.7791 -3.1981 -2.5345
v  -0.7384 -3.2038 -2.5290
v  -0.6975 -3.1993 -2.5337
v  -0.6612 -3.1851 -2.5480
v  -0.6340 -3.1631 -2.5701
v  -0.6191 -3.1357 -2.5975
v  -0.6184 -3.1064 -2.6268
v  -0.6319 -3.0787 -2.6545
v  -0.6580 -3.0558 -2.6773
v  -0.6935 -3.0407 -2.6923
v  -0.7342 -3.0350 -2.6978
v  -0.7752 -3.0395 -2.6932
v  -0.8204 -3.0410 -2.6819
v  -0.8508 -3.0657 -2.6571
v  -0.8674 -3.0963 -2.6264
v  -0.8683 -3.1291 -2.5936
v  -0.8532 -3.1601 -2.5626
v  -0.8240 -3.1857 -2.5371
v  -0.7842 -3.2027 -2.5203
v  -0.7386 -3.2090 -2.5141
v  -0.6928 -3.2040 -2.5193
v  -0.6522 -3.1881 -2.5353
v  -0.6218 -3.1634 -2.5601
v  -0.6051 -3.1328 -2.5908
v  -0.6043 -3.1000 -2.6236
v  -0.6194 -3.0690 -2.6546
v  -0.6486 -3.0434 -2.6801
v  -0.6884 -3.0265 -2.6969
v  -0.7339 -3.0201 -2.7031
v  -0.7798 -3.0252 -2.6979
v  -0.8024 -3.0563 -2.6659
v  -0.8264 -3.0758 -2.6464
v  -0.8395 -3.0998 -2.6223
v  -0.8401 -3.1256 -2.5964
v  -0.8282 -3.1501 -2.5721
v  -0.8053 -3.1702 -2.5520
v  -0.7740 -3.1835 -2.5388
v  -0.7381 -3.1885 -2.5339
v  -0.7021 -3.1845 -2.5380
v  -0.6701 -3.1721 -2.5506
v  -0.6462 -3.1527 -2.5701
v  -0.6331 -3.1286 -2.5942
v  -0.6325 -3.1028 -2.6200
v  -0.6443 -3.0784 -2.6444
v  -0.6673 -3.0582 -2.6645
v  -0.6986 -3.0449 -2.6777
v  -0.7344 -3.0399 -2.6826
v  -0.7705 -3.0439 -2.6785
v  -0.7970 -3.0464 -2.6465
v  -0.8189 -3.0642 -2.6286
v  -0.8310 -3.0863 -2.6064
v  -0.8315 -3.1100 -2.5827
v  -0.8206 -3.1325 -2.5603
v  -0.7996 -3.1509 -2.5420
v  -0.7708 -3.1632 -2.5298
v  -0.7379 -3.1678 -2.5253
v  -0.7048 -3.1641 -2.5291
v  -0.6755 -3.1527 -2.5406
v  -0.6535 -3.1348 -2.5586
v  -0.6415 -3.1127 -2.5807
v  -0.6409 -3.0890 -2.6044
v  -0.6518 -3.0666 -2.6268
v  -0.6729 -3.0482 -2.6452
v  -0.7016 -3.0359 -2.6573
v  -0.7345 -3.0313 -2.6618
v  -0.7676 -3.0350 -2.6580
v  -0.7806 -3.0486 -2.6202
v  -0.7966 -3.0617 -2.6071
v  -0.8054 -3.0778 -2.5909
v  -0.8059 -3.0951 -2.5736
v  -0.7979 -3.1115 -2.5572
v  -0.7825 -3.1250 -2.5438
v  -0.7615 -3.1340 -2.5349
v  -0.7374 -3.1373 -2.5316
v  -0.7132 -3.1347 -2.5344
v  -0.6918 -3.1263 -2.5428
v  -0.6757 -3.1133 -2.5559
v  -0.6670 -3.0971 -2.5721
v  -0.6665 -3.0798 -2.5894
v  -0.6745 -3.0634 -2.6058
v  -0.6899 -3.0499 -2.6192
v  -0.7109 -3.0409 -2.6281
v  -0.7350 -3.0376 -2.6314
v  -0.7591 -3.0403 -2.6286
v  -0.7609 -3.0568 -2.5941
v  -0.7699 -3.0641 -2.5868
v  -0.7748 -3.0731 -2.5778
v  -0.7750 -3.0828 -2.5681
v  -0.7706 -3.0919 -2.5590
v  -0.7620 -3.0994 -2.5515
v  -0.7503 -3.1044 -2.5465
v  -0.7368 -3.1063 -2.5447
v  -0.7234 -3.1048 -2.5463
v  -0.7114 -3.1001 -2.5510
v  -0.7025 -3.0929 -2.5583
v  -0.6976 -3.0839 -2.5673
v  -0.6973 -3.0742 -2.5769
v  -0.7018 -3.0651 -2.5861
v  -0.7104 -3.0576 -2.5936
v  -0.7221 -3.0526 -2.5985
v  -0.7355 -3.0507 -2.6003
v  -0.7490 -3.0522 -2.5988
v  -0.7358 -2.9883 -2.4824
v  -0.8258 -2.7189 -2.7515
v  -0.8352 -2.7218 -2.7486
v  -0.8427 -2.7268 -2.7436
v  -0.8474 -2.7333 -2.7371
v  -0.8486 -2.7405 -2.7298
v  -0.8462 -2.7476 -2.7227
v  -0.8406 -2.7537 -2.7167
v  -0.8323 -2.7581 -2.7123
v  -0.8224 -2.7602 -2.7103
v  -0.8122 -2.7598 -2.7107
v  -0.8027 -2.7569 -2.7136
v  -0.7952 -2.7519 -2.7186
v  -0.7906 -2.7454 -2.7251
v  -0.7894 -2.7382 -2.7323
v  -0.7917 -2.7311 -2.7394
v  -0.7974 -2.7250 -2.7455
v  -0.8056 -2.7206 -2.7498
v  -0.8155 -2.7185 -2.7519
v  -0.8261 -2.8091 -2.8416
v  -0.8356 -2.8119 -2.8387
v  -0.8431 -2.8169 -2.8337
v  -0.8477 -2.8234 -2.8272
v  -0.8489 -2.8307 -2.8200
v  -0.8465 -2.8377 -2.8129
v  -0.8409 -2.8438 -2.8068
v  -0.8326 -2.8482 -2.8025
v  -0.8228 -2.8503 -2.8004
v  -0.8125 -2.8499 -2.8008
v  -0.8030 -2.8471 -2.8037
v  -0.7955 -2.8421 -2.8087
v  -0.7909 -2.8356 -2.8153
v  -0.7897 -2.8284 -2.8225
v  -0.7920 -2.8213 -2.8296
v  -0.7977 -2.8152 -2.8357
v  -0.8060 -2.8108 -2.8400
v  -0.8158 -2.8087 -2.8421
v  -0.8311 -2.7960 -2.8585
v  -0.8475 -2.8009 -2.8535
v  -0.8606 -2.8096 -2.8448
v  -0.8686 -2.8208 -2.8335
v  -0.8707 -2.8334 -2.8210
v  -0.8666 -2.8457 -2.8087
v  -0.8568 -2.8563 -2.7981
v  -0.8424 -2.8639 -2.7906
v  -0.8253 -2.8675 -2.7870
v  -0.8075 -2.8668 -2.7877
v  -0.7911 -2.8619 -2.7928
v  -0.7780 -2.8532 -2.8014
v  -0.7700 -2.8420 -2.8128
v  -0.7679 -2.8294 -2.8253
v  -0.7720 -2.8171 -2.8376
v  -0.7818 -2.8065 -2.8482
v  -0.7962 -2.7989 -2.8557
v  -0.8133 -2.7953 -2.8593
v  -0.8396 -2.7851 -2.8980
v  -0.8677 -2.7936 -2.8894
v  -0.8899 -2.8084 -2.8746
v  -0.9037 -2.8277 -2.8552
v  -0.9072 -2.8491 -2.8337
v  -0.9002 -2.8702 -2.8127
v  -0.8834 -2.8883 -2.7947
v  -0.8589 -2.9013 -2.7818
v  -0.8296 -2.9075 -2.7756
v  -0.7991 -2.9064 -2.7769
v  -0.7710 -2.8979 -2.7855
v  -0.7488 -2.8831 -2.8004
v  -0.7350 -2.8638 -2.8197
v  -0.7315 -2.8423 -2.8412
v  -0.7385 -2.8213 -2.8622
v  -0.7553 -2.8032 -2.8803
v  -0.7798 -2.7902 -2.8931
v  -0.8091 -2.7839 -2.8993
v  -0.8420 -2.7886 -2.9156
v  -0.8733 -2.7981 -2.9060
v  -0.8982 -2.8146 -2.8894
v  -0.9135 -2.8361 -2.8678
v  -0.9175 -2.8601 -2.8438
v  -0.9096 -2.8836 -2.8204
v  -0.8909 -2.9038 -2.8002
v  -0.8636 -2.9182 -2.7858
v  -0.8309 -2.9252 -2.7790
v  -0.7968 -2.9239 -2.7804
v  -0.7655 -2.9144 -2.7900
v  -0.7406 -2.8979 -2.8066
v  -0.7253 -2.8764 -2.8282
v  -0.7213 -2.8525 -2.8521
v  -0.7291 -2.8290 -2.8756
v  -0.7479 -2.8088 -2.8958
v  -0.7752 -2.7943 -2.9101
v  -0.8079 -2.7873 -2.9170
v  -0.8517 -2.7594 -2.9447
v  -0.8966 -2.7730 -2.9310
v  -0.9321 -2.7966 -2.9073
v  -0.9541 -2.8274 -2.8764
v  -0.9598 -2.8617 -2.8420
v  -0.9486 -2.8953 -2.8084
v  -0.9218 -2.9243 -2.7796
v  -0.8826 -2.9450 -2.7590
v  -0.8358 -2.9550 -2.7492
v  -0.7871 -2.9531 -2.7512
v  -0.7422 -2.9396 -2.7650
v  -0.7066 -2.9159 -2.7887
v  -0.6847 -2.8851 -2.8196
v  -0.6789 -2.8508 -2.8539
v  -0.6902 -2.8172 -2.8875
v  -0.7170 -2.7883 -2.9164
v  -0.7561 -2.7675 -2.9370
v  -0.8029 -2.7575 -2.9468
v  -0.8512 -2.6253 -2.8107
v  -0.8961 -2.6389 -2.7969
v  -0.9317 -2.6625 -2.7732
v  -0.9536 -2.6933 -2.7423
v  -0.9593 -2.7276 -2.7080
v  -0.9481 -2.7612 -2.6744
v  -0.9213 -2.7902 -2.6455
v  -0.8822 -2.8109 -2.6249
v  -0.8354 -2.8209 -2.6151
v  -0.7866 -2.8190 -2.6171
v  -0.7417 -2.8055 -2.6309
v  -0.7061 -2.7818 -2.6546
v  -0.6842 -2.7510 -2.6855
v  -0.6785 -2.7167 -2.7198
v  -0.6897 -2.6831 -2.7534
v  -0.7165 -2.6541 -2.7823
v  -0.7557 -2.6334 -2.8029
v  -0.8025 -2.6234 -2.8127
v  -0.8469 -2.7882 -2.9442
v  -0.8849 -2.7997 -2.9326
v  -0.9151 -2.8198 -2.9124
v  -0.9338 -2.8459 -2.8862
v  -0.9386 -2.8750 -2.8571
v  -0.9291 -2.9036 -2.8286
v  -0.9063 -2.9281 -2.8041
v  -0.8731 -2.9457 -2.7866
v  -0.8334 -2.9542 -2.7783
v  -0.7920 -2.9526 -2.7800
v  -0.7539 -2.9411 -2.7917
v  -0.7238 -2.9210 -2.8118
v  -0.7051 -2.8949 -2.8381
v  -0.7003 -2.8658 -2.8672
v  -0.7098 -2.8372 -2.8957
v  -0.7325 -2.8127 -2.9202
v  -0.7658 -2.7951 -2.9376
v  -0.8055 -2.7866 -2.9460
v  -0.8501 -2.7736 -2.9492
v  -0.8927 -2.7865 -2.9362
v  -0.9265 -2.8089 -2.9136
v  -0.9474 -2.8382 -2.8843
v  -0.9528 -2.8708 -2.8517
v  -0.9421 -2.9027 -2.8197
v  -0.9167 -2.9302 -2.7924
v  -0.8795 -2.9499 -2.7728
v  -0.8350 -2.9594 -2.7634
v  -0.7887 -2.9576 -2.7654
v  -0.7461 -2.9447 -2.7785
v  -0.7123 -2.9223 -2.8010
v  -0.6915 -2.8930 -2.8304
v  -0.6860 -2.8604 -2.8630
v  -0.6967 -2.8285 -2.8949
v  -0.7222 -2.8010 -2.9223
v  -0.7594 -2.7813 -2.9418
v  -0.8038 -2.7718 -2.9512
v  -0.8436 -2.7928 -2.9292
v  -0.8771 -2.8030 -2.9190
v  -0.9037 -2.8206 -2.9012
v  -0.9201 -2.8437 -2.8782
v  -0.9244 -2.8693 -2.8525
v  -0.9160 -2.8944 -2.8274
v  -0.8959 -2.9160 -2.8059
v  -0.8667 -2.9315 -2.7905
v  -0.8317 -2.9390 -2.7831
v  -0.7953 -2.9376 -2.7847
v  -0.7617 -2.9275 -2.7949
v  -0.7352 -2.9098 -2.8127
v  -0.7187 -2.8868 -2.8358
v  -0.7145 -2.8612 -2.8614
v  -0.7229 -2.8360 -2.8865
v  -0.7429 -2.8144 -2.9080
v  -0.7722 -2.7989 -2.9234
v  -0.8071 -2.7914 -2.9308
v  -0.8415 -2.7841 -2.9087
v  -0.8723 -2.7934 -2.8992
v  -0.8967 -2.8096 -2.8829
v  -0.9118 -2.8308 -2.8617
v  -0.9157 -2.8543 -2.8382
v  -0.9080 -2.8774 -2.8152
v  -0.8896 -2.8972 -2.7954
v  -0.8628 -2.9114 -2.7813
v  -0.8307 -2.9183 -2.7745
v  -0.7972 -2.9170 -2.7759
v  -0.7664 -2.9077 -2.7853
v  -0.7420 -2.8915 -2.8016
v  -0.7269 -2.8703 -2.8228
v  -0.7230 -2.8468 -2.8464
v  -0.7307 -2.8237 -2.8694
v  -0.7491 -2.8039 -2.8892
v  -0.7760 -2.7897 -2.9033
v  -0.8081 -2.7828 -2.9101
v  -0.8355 -2.7899 -2.8787
v  -0.8580 -2.7967 -2.8718
v  -0.8759 -2.8086 -2.8599
v  -0.8869 -2.8240 -2.8444
v  -0.8897 -2.8412 -2.8272
v  -0.8841 -2.8581 -2.8104
v  -0.8707 -2.8726 -2.7959
v  -0.8510 -2.8830 -2.7856
v  -0.8276 -2.8880 -2.7806
v  -0.8031 -2.8870 -2.7817
v  -0.7806 -2.8802 -2.7886
v  -0.7628 -2.8684 -2.8005
v  -0.7518 -2.8529 -2.8160
v  -0.7489 -2.8357 -2.8332
v  -0.7545 -2.8189 -2.8500
v  -0.7680 -2.8044 -2.8645
v  -0.7876 -2.7940 -2.8748
v  -0.8111 -2.7890 -2.8797
v  -0.8283 -2.8024 -2.8483
v  -0.8409 -2.8062 -2.8444
v  -0.8508 -2.8128 -2.8378
v  -0.8570 -2.8214 -2.8292
v  -0.8586 -2.8310 -2.8196
v  -0.8554 -2.8404 -2.8102
v  -0.8479 -2.8485 -2.8021
v  -0.8370 -2.8543 -2.7964
v  -0.8239 -2.8571 -2.7936
v  -0.8103 -2.8566 -2.7942
v  -0.7977 -2.8528 -2.7980
v  -0.7878 -2.8462 -2.8047
v  -0.7816 -2.8376 -2.8133
v  -0.7800 -2.8280 -2.8229
v  -0.7832 -2.8186 -2.8323
v  -0.7907 -2.8105 -2.8404
v  -0.8016 -2.8047 -2.8461
v  -0.8147 -2.8019 -2.8489
v  -0.8190 -2.7393 -2.7311
v  -0.7348 -2.4693 -3.0014
v  -0.7451 -2.4690 -3.0017
v  -0.7549 -2.4712 -2.9995
v  -0.7631 -2.4756 -2.9951
v  -0.7686 -2.4817 -2.9889
v  -0.7708 -2.4888 -2.9818
v  -0.7695 -2.4961 -2.9746
v  -0.7647 -2.5025 -2.9681
v  -0.7571 -2.5075 -2.9632
v  -0.7476 -2.5103 -2.9605
v  -0.7373 -2.5106 -2.9602
v  -0.7275 -2.5084 -2.9624
v  -0.7193 -2.5040 -2.9668
v  -0.7138 -2.4978 -2.9730
v  -0.7116 -2.4907 -2.9801
v  -0.7129 -2.4835 -2.9873
v  -0.7177 -2.4770 -2.9938
v  -0.7253 -2.4721 -2.9987
v  -0.7351 -2.5595 -3.0916
v  -0.7454 -2.5591 -3.0919
v  -0.7553 -2.5613 -3.0897
v  -0.7634 -2.5658 -3.0852
v  -0.7689 -2.5719 -3.0790
v  -0.7712 -2.5790 -3.0719
v  -0.7698 -2.5862 -3.0647
v  -0.7650 -2.5927 -3.0583
v  -0.7574 -2.5976 -3.0534
v  -0.7479 -2.6004 -3.0506
v  -0.7376 -2.6007 -3.0503
v  -0.7278 -2.5986 -3.0525
v  -0.7196 -2.5941 -3.0570
v  -0.7141 -2.5880 -3.0631
v  -0.7119 -2.5809 -3.0703
v  -0.7133 -2.5737 -3.0775
v  -0.7180 -2.5672 -3.0839
v  -0.7256 -2.5623 -3.0888
v  -0.7305 -2.5463 -3.1086
v  -0.7483 -2.5458 -3.1091
v  -0.7654 -2.5495 -3.1052
v  -0.7795 -2.5572 -3.0975
v  -0.7891 -2.5679 -3.0868
v  -0.7929 -2.5802 -3.0744
v  -0.7906 -2.5927 -3.0619
v  -0.7823 -2.6040 -3.0507
v  -0.7691 -2.6125 -3.0422
v  -0.7526 -2.6174 -3.0374
v  -0.7347 -2.6179 -3.0369
v  -0.7177 -2.6141 -3.0408
v  -0.7035 -2.6065 -3.0485
v  -0.6940 -2.5958 -3.0592
v  -0.6901 -2.5835 -3.0715
v  -0.6925 -2.5709 -3.0841
v  -0.7007 -2.5597 -3.0953
v  -0.7139 -2.5512 -3.1038
v  -0.7226 -2.5354 -3.1482
v  -0.7532 -2.5344 -3.1490
v  -0.7823 -2.5409 -3.1424
v  -0.8066 -2.5541 -3.1292
v  -0.8230 -2.5723 -3.1109
v  -0.8295 -2.5934 -3.0898
v  -0.8255 -2.6148 -3.0684
v  -0.8114 -2.6340 -3.0492
v  -0.7888 -2.6486 -3.0347
v  -0.7605 -2.6569 -3.0265
v  -0.7300 -2.6579 -3.0256
v  -0.7008 -2.6514 -3.0322
v  -0.6766 -2.6383 -3.0454
v  -0.6602 -2.6201 -3.0637
v  -0.6536 -2.5990 -3.0848
v  -0.6577 -2.5775 -3.1063
v  -0.6718 -2.5583 -3.1254
v  -0.6944 -2.5437 -3.1400
v  -0.7205 -2.5389 -3.1657
v  -0.7546 -2.5378 -3.1667
v  -0.7871 -2.5450 -3.1594
v  -0.8141 -2.5597 -3.1446
v  -0.8324 -2.5800 -3.1242
v  -0.8398 -2.6036 -3.1006
v  -0.8353 -2.6275 -3.0767
v  -0.8195 -2.6489 -3.0553
v  -0.7943 -2.6652 -3.0391
v  -0.7628 -2.6745 -3.0300
v  -0.7287 -2.6756 -3.0290
v  -0.6961 -2.6684 -3.0363
v  -0.6691 -2.6537 -3.0511
v  -0.6508 -2.6334 -3.0715
v  -0.6434 -2.6098 -3.0951
v  -0.6479 -2.5859 -3.1190
v  -0.6637 -2.5645 -3.1404
v  -0.6889 -2.5481 -3.1566
v  -0.7113 -2.5096 -3.1950
v  -0.7602 -2.5081 -3.1964
v  -0.8067 -2.5184 -3.1859
v  -0.8455 -2.5394 -3.1648
v  -0.8717 -2.5685 -3.1356
v  -0.8822 -2.6022 -3.1018
v  -0.8757 -2.6365 -3.0676
v  -0.8531 -2.6672 -3.0370
v  -0.8171 -2.6905 -3.0138
v  -0.7719 -2.7038 -3.0007
v  -0.7231 -2.7053 -2.9993
v  -0.6765 -2.6950 -3.0098
v  -0.6378 -2.6740 -3.0309
v  -0.6116 -2.6449 -3.0601
v  -0.6011 -2.6112 -3.0939
v  -0.6075 -2.5769 -3.1281
v  -0.6301 -2.5462 -3.1587
v  -0.6662 -2.5229 -3.1820
v  -0.7109 -2.3755 -3.0610
v  -0.7597 -2.3740 -3.0623
v  -0.8063 -2.3843 -3.0518
v  -0.8450 -2.4053 -3.0307
v  -0.8712 -2.4344 -3.0015
v  -0.8817 -2.4681 -2.9677
v  -0.8752 -2.5024 -2.9335
v  -0.8526 -2.5330 -2.9029
v  -0.8166 -2.5564 -2.8797
v  -0.7714 -2.5697 -2.8666
v  -0.7226 -2.5712 -2.8652
v  -0.6760 -2.5609 -2.8757
v  -0.6373 -2.5399 -2.8968
v  -0.6111 -2.5108 -2.9260
v  -0.6006 -2.4771 -2.9598
v  -0.6070 -2.4428 -2.9940
v  -0.6296 -2.4121 -3.0246
v  -0.6657 -2.3888 -3.0479
v  -0.7160 -2.5385 -3.1945
v  -0.7574 -2.5371 -3.1956
v  -0.7969 -2.5459 -3.1867
v  -0.8298 -2.5637 -3.1688
v  -0.8520 -2.5884 -3.1440
v  -0.8609 -2.6171 -3.1154
v  -0.8555 -2.6461 -3.0863
v  -0.8363 -2.6721 -3.0604
v  -0.8057 -2.6920 -3.0406
v  -0.7674 -2.7032 -3.0295
v  -0.7259 -2.7045 -3.0283
v  -0.6864 -2.6958 -3.0373
v  -0.6536 -2.6779 -3.0552
v  -0.6313 -2.6532 -3.0800
v  -0.6224 -2.6246 -3.1086
v  -0.6279 -2.5956 -3.1377
v  -0.6471 -2.5695 -3.1636
v  -0.6777 -2.5497 -3.1834
v  -0.7129 -2.5238 -3.1995
v  -0.7593 -2.5223 -3.2008
v  -0.8035 -2.5322 -3.1908
v  -0.8403 -2.5521 -3.1707
v  -0.8652 -2.5798 -3.1430
v  -0.8751 -2.6118 -3.1109
v  -0.8690 -2.6443 -3.0784
v  -0.8475 -2.6734 -3.0494
v  -0.8133 -2.6956 -3.0273
v  -0.7704 -2.7082 -3.0149
v  -0.7240 -2.7097 -3.0135
v  -0.6798 -2.6999 -3.0235
v  -0.6430 -2.6799 -3.0436
v  -0.6182 -2.6523 -3.0713
v  -0.6082 -2.6203 -3.1034
v  -0.6143 -2.5877 -3.1359
v  -0.6358 -2.5586 -3.1650
v  -0.6700 -2.5364 -3.1870
v  -0.7190 -2.5431 -3.1794
v  -0.7555 -2.5420 -3.1805
v  -0.7903 -2.5497 -3.1726
v  -0.8192 -2.5654 -3.1568
v  -0.8388 -2.5871 -3.1350
v  -0.8467 -2.6123 -3.1098
v  -0.8419 -2.6379 -3.0842
v  -0.8250 -2.6608 -3.0613
v  -0.7980 -2.6783 -3.0440
v  -0.7643 -2.6882 -3.0342
v  -0.7278 -2.6894 -3.0332
v  -0.6930 -2.6816 -3.0410
v  -0.6641 -2.6659 -3.0568
v  -0.6445 -2.6442 -3.0786
v  -0.6366 -2.6190 -3.1039
v  -0.6414 -2.5934 -3.1294
v  -0.6583 -2.5705 -3.1523
v  -0.6853 -2.5530 -3.1697
v  -0.7208 -2.5344 -3.1588
v  -0.7543 -2.5333 -3.1598
v  -0.7863 -2.5404 -3.1526
v  -0.8128 -2.5548 -3.1381
v  -0.8308 -2.5748 -3.1180
v  -0.8380 -2.5979 -3.0949
v  -0.8336 -2.6214 -3.0714
v  -0.8181 -2.6425 -3.0504
v  -0.7933 -2.6585 -3.0345
v  -0.7624 -2.6676 -3.0255
v  -0.7289 -2.6687 -3.0245
v  -0.6969 -2.6616 -3.0317
v  -0.6704 -2.6472 -3.0462
v  -0.6524 -2.6272 -3.0663
v  -0.6452 -2.6041 -3.0894
v  -0.6496 -2.5806 -3.1129
v  -0.6651 -2.5595 -3.1339
v  -0.6899 -2.5435 -3.1498
v  -0.7264 -2.5402 -3.1288
v  -0.7509 -2.5394 -3.1295
v  -0.7742 -2.5446 -3.1242
v  -0.7936 -2.5552 -3.1136
v  -0.8068 -2.5698 -3.0990
v  -0.8120 -2.5867 -3.0820
v  -0.8088 -2.6038 -3.0649
v  -0.7975 -2.6192 -3.0495
v  -0.7794 -2.6309 -3.0379
v  -0.7567 -2.6376 -3.0313
v  -0.7323 -2.6384 -3.0306
v  -0.7089 -2.6332 -3.0359
v  -0.6895 -2.6226 -3.0465
v  -0.6764 -2.6080 -3.0611
v  -0.6711 -2.5911 -3.0781
v  -0.6743 -2.5740 -3.0952
v  -0.6857 -2.5586 -3.1106
v  -0.7037 -2.5469 -3.1222
v  -0.7331 -2.5528 -3.0983
v  -0.7467 -2.5524 -3.0987
v  -0.7597 -2.5553 -3.0957
v  -0.7706 -2.5611 -3.0898
v  -0.7779 -2.5693 -3.0816
v  -0.7808 -2.5787 -3.0722
v  -0.7790 -2.5883 -3.0626
v  -0.7727 -2.5968 -3.0541
v  -0.7626 -2.6034 -3.0476
v  -0.7500 -2.6071 -3.0439
v  -0.7363 -2.6075 -3.0435
v  -0.7233 -2.6046 -3.0465
v  -0.7125 -2.5987 -3.0524
v  -0.7052 -2.5906 -3.0606
v  -0.7022 -2.5812 -3.0700
v  -0.7040 -2.5716 -3.0796
v  -0.7104 -2.5630 -3.0881
v  -0.7204 -2.5565 -3.0946
v  -0.7412 -2.4898 -2.9809
v  -0.4996 -2.2726 -3.1990
v  -0.5087 -2.2691 -3.2024
v  -0.5189 -2.2681 -3.2034
v  -0.5290 -2.2696 -3.2019
v  -0.5377 -2.2734 -3.1981
v  -0.5441 -2.2791 -3.1923
v  -0.5473 -2.2860 -3.1854
v  -0.5470 -2.2933 -3.1781
v  -0.5431 -2.3001 -3.1714
v  -0.5362 -2.3055 -3.1660
v  -0.5272 -2.3090 -3.1625
v  -0.5170 -2.3100 -3.1615
v  -0.5069 -2.3085 -3.1630
v  -0.4981 -2.3047 -3.1669
v  -0.4918 -2.2990 -3.1726
v  -0.4886 -2.2921 -3.1796
v  -0.4889 -2.2848 -3.1869
v  -0.4927 -2.2780 -3.1936
v  -0.4999 -2.3627 -3.2892
v  -0.5090 -2.3593 -3.2926
v  -0.5192 -2.3582 -3.2936
v  -0.5293 -2.3597 -3.2921
v  -0.5380 -2.3636 -3.2882
v  -0.5444 -2.3693 -3.2825
v  -0.5476 -2.3762 -3.2756
v  -0.5473 -2.3835 -3.2683
v  -0.5434 -2.3902 -3.2615
v  -0.5366 -2.3957 -3.2561
v  -0.5275 -2.3991 -3.2527
v  -0.5173 -2.4002 -3.2517
v  -0.5072 -2.3987 -3.2532
v  -0.4985 -2.3949 -3.2571
v  -0.4921 -2.3891 -3.2628
v  -0.4889 -2.3822 -3.2697
v  -0.4892 -2.3749 -3.2770
v  -0.4931 -2.3682 -3.2838
v  -0.4865 -2.3525 -3.3032
v  -0.5022 -2.3466 -3.3091
v  -0.5199 -2.3447 -3.3109
v  -0.5374 -2.3473 -3.3083
v  -0.5526 -2.3539 -3.3016
v  -0.5636 -2.3639 -3.2916
v  -0.5692 -2.3759 -3.2796
v  -0.5686 -2.3885 -3.2670
v  -0.5620 -2.4002 -3.2552
v  -0.5500 -2.4097 -3.2459
v  -0.5343 -2.4157 -3.2399
v  -0.5166 -2.4175 -3.2382
v  -0.4991 -2.4149 -3.2408
v  -0.4839 -2.4083 -3.2475
v  -0.4729 -2.3983 -3.2575
v  -0.4673 -2.3863 -3.2695
v  -0.4679 -2.3737 -3.2821
v  -0.4746 -2.3620 -3.2938
v  -0.4639 -2.3466 -3.3379
v  -0.4909 -2.3363 -3.3481
v  -0.5212 -2.3332 -3.3511
v  -0.5511 -2.3376 -3.3466
v  -0.5771 -2.3490 -3.3351
v  -0.5959 -2.3659 -3.3181
v  -0.6055 -2.3865 -3.2975
v  -0.6045 -2.4081 -3.2759
v  -0.5931 -2.4282 -3.2559
v  -0.5727 -2.4443 -3.2398
v  -0.5457 -2.4545 -3.2297
v  -0.5155 -2.4577 -3.2266
v  -0.4855 -2.4533 -3.2311
v  -0.4596 -2.4419 -3.2426
v  -0.4407 -2.4249 -3.2596
v  -0.4312 -2.4044 -3.2802
v  -0.4322 -2.3828 -3.3018
v  -0.4435 -2.3627 -3.3219
v  -0.4577 -2.3514 -3.3542
v  -0.4878 -2.3400 -3.3655
v  -0.5215 -2.3365 -3.3688
v  -0.5549 -2.3414 -3.3638
v  -0.5839 -2.3541 -3.3510
v  -0.6050 -2.3730 -3.3320
v  -0.6156 -2.3960 -3.3091
v  -0.6145 -2.4201 -3.2849
v  -0.6018 -2.4425 -3.2626
v  -0.5790 -2.4605 -3.2446
v  -0.5489 -2.4719 -3.2333
v  -0.5152 -2.4754 -3.2300
v  -0.4818 -2.4705 -3.2350
v  -0.4528 -2.4578 -3.2478
v  -0.4317 -2.4389 -3.2668
v  -0.4211 -2.4160 -3.2897
v  -0.4222 -2.3919 -3.3139
v  -0.4349 -2.3694 -3.3362
v  -0.4315 -2.3279 -3.3778
v  -0.4746 -2.3115 -3.3940
v  -0.5229 -2.3065 -3.3988
v  -0.5707 -2.3136 -3.3916
v  -0.6122 -2.3317 -3.3733
v  -0.6424 -2.3588 -3.3461
v  -0.6576 -2.3916 -3.3132
v  -0.6560 -2.4262 -3.2787
v  -0.6378 -2.4583 -3.2467
v  -0.6052 -2.4840 -3.2210
v  -0.5621 -2.5004 -3.2048
v  -0.5138 -2.5054 -3.2000
v  -0.4660 -2.4984 -3.2072
v  -0.4245 -2.4802 -3.2255
v  -0.3943 -2.4531 -3.2527
v  -0.3791 -2.4203 -3.2856
v  -0.3807 -2.3858 -3.3201
v  -0.3989 -2.3537 -3.3521
v  -0.4310 -2.1938 -3.2437
v  -0.4741 -2.1774 -3.2599
v  -0.5224 -2.1724 -3.2647
v  -0.5703 -2.1795 -3.2575
v  -0.6117 -2.1976 -3.2392
v  -0.6419 -2.2247 -3.2120
v  -0.6571 -2.2575 -3.1791
v  -0.6555 -2.2921 -3.1446
v  -0.6373 -2.3242 -3.1126
v  -0.6047 -2.3499 -3.0869
v  -0.5617 -2.3663 -3.0707
v  -0.5133 -2.3713 -3.0659
v  -0.4655 -2.3643 -3.0731
v  -0.4240 -2.3461 -3.0914
v  -0.3938 -2.3190 -3.1186
v  -0.3786 -2.2862 -3.1515
v  -0.3802 -2.2517 -3.1860
v  -0.3984 -2.2196 -3.2180
v  -0.4447 -2.3539 -3.3801
v  -0.4812 -2.3400 -3.3938
v  -0.5223 -2.3357 -3.3979
v  -0.5629 -2.3417 -3.3918
v  -0.5981 -2.3571 -3.3763
v  -0.6237 -2.3801 -3.3532
v  -0.6366 -2.4080 -3.3253
v  -0.6352 -2.4373 -3.2960
v  -0.6198 -2.4645 -3.2688
v  -0.5921 -2.4864 -3.2470
v  -0.5556 -2.5003 -3.2333
v  -0.5145 -2.5045 -3.2292
v  -0.4739 -2.4985 -3.2353
v  -0.4387 -2.4831 -3.2508
v  -0.4131 -2.4601 -3.2739
v  -0.4002 -2.4323 -3.3018
v  -0.4016 -2.4030 -3.3311
v  -0.4170 -2.3757 -3.3583
v  -0.4359 -2.3411 -3.3832
v  -0.4768 -2.3256 -3.3986
v  -0.5227 -2.3209 -3.4031
v  -0.5681 -2.3275 -3.3963
v  -0.6075 -2.3448 -3.3789
v  -0.6362 -2.3705 -3.3531
v  -0.6506 -2.4017 -3.3218
v  -0.6491 -2.4345 -3.2891
v  -0.6319 -2.4650 -3.2586
v  -0.6009 -2.4894 -3.2343
v  -0.5600 -2.5050 -3.2189
v  -0.5140 -2.5097 -3.2143
v  -0.4686 -2.5030 -3.2211
v  -0.4292 -2.4858 -3.2385
v  -0.4006 -2.4600 -3.2644
v  -0.3861 -2.4289 -3.2956
v  -0.3876 -2.3961 -3.3284
v  -0.4049 -2.3656 -3.3588
v  -0.4535 -2.3566 -3.3669
v  -0.4857 -2.3444 -3.3790
v  -0.5218 -2.3406 -3.3826
v  -0.5575 -2.3459 -3.3773
v  -0.5885 -2.3594 -3.3636
v  -0.6111 -2.3797 -3.3432
v  -0.6224 -2.4042 -3.3187
v  -0.6213 -2.4300 -3.2929
v  -0.6077 -2.4540 -3.2690
v  -0.5833 -2.4733 -3.2498
v  -0.5511 -2.4855 -3.2377
v  -0.5150 -2.4892 -3.2341
v  -0.4792 -2.4840 -3.2394
v  -0.4482 -2.4704 -3.2531
v  -0.4257 -2.4501 -3.2735
v  -0.4143 -2.4256 -3.2980
v  -0.4155 -2.3998 -3.3238
v  -0.4291 -2.3758 -3.3478
v  -0.4587 -2.3467 -3.3475
v  -0.4883 -2.3355 -3.3586
v  -0.5215 -2.3321 -3.3619
v  -0.5543 -2.3369 -3.3570
v  -0.5827 -2.3493 -3.3444
v  -0.6034 -2.3679 -3.3257
v  -0.6139 -2.3904 -3.3032
v  -0.6128 -2.4141 -3.2795
v  -0.6003 -2.4361 -3.2575
v  -0.5779 -2.4538 -3.2399
v  -0.5484 -2.4650 -3.2288
v  -0.5152 -2.4685 -3.2255
v  -0.4824 -2.4636 -3.2304
v  -0.4539 -2.4512 -3.2430
v  -0.4332 -2.4326 -3.2617
v  -0.4228 -2.4101 -3.2842
v  -0.4239 -2.3864 -3.3079
v  -0.4364 -2.3644 -3.3299
v  -0.4747 -2.3490 -3.3209
v  -0.4963 -2.3408 -3.3290
v  -0.5206 -2.3383 -3.3314
v  -0.5446 -2.3418 -3.3278
v  -0.5654 -2.3509 -3.3187
v  -0.5805 -2.3645 -3.3050
v  -0.5881 -2.3810 -3.2885
v  -0.5873 -2.3983 -3.2712
v  -0.5782 -2.4144 -3.2552
v  -0.5618 -2.4273 -3.2423
v  -0.5402 -2.4355 -3.2342
v  -0.5160 -2.4380 -3.2318
v  -0.4920 -2.4345 -3.2354
v  -0.4712 -2.4254 -3.2445
v  -0.4561 -2.4118 -3.2582
v  -0.4485 -2.3954 -3.2747
v  -0.4493 -2.3780 -3.2920
v  -0.4584 -2.3619 -3.3080
v  -0.4940 -2.3574 -3.2946
v  -0.5060 -2.3528 -3.2991
v  -0.5195 -2.3514 -3.3004
v  -0.5329 -2.3534 -3.2984
v  -0.5445 -2.3584 -3.2933
v  -0.5529 -2.3660 -3.2857
v  -0.5572 -2.3752 -3.2765
v  -0.5567 -2.3849 -3.2669
v  -0.5517 -2.3938 -3.2579
v  -0.5425 -2.4010 -3.2507
v  -0.5305 -2.4056 -3.2462
v  -0.5170 -2.4070 -3.2448
v  -0.5036 -2.4050 -3.2469
v  -0.4920 -2.4000 -3.2520
v  -0.4836 -2.3924 -3.2596
v  -0.4793 -2.3832 -3.2688
v  -0.4798 -2.3736 -3.2784
v  -0.4849 -2.3646 -3.2874
v  -0.5179 -2.2891 -3.1825
v  -0.1667 -2.1677 -3.3051
v  -0.1728 -2.1618 -3.3110
v  -0.1814 -2.1577 -3.3150
v  -0.1914 -2.1560 -3.3167
v  -0.2016 -2.1567 -3.3159
v  -0.2109 -2.1599 -3.3127
v  -0.2180 -2.1652 -3.3074
v  -0.2222 -2.1718 -3.3008
v  -0.2229 -2.1791 -3.2935
v  -0.2200 -2.1861 -3.2865
v  -0.2139 -2.1920 -3.2806
v  -0.2054 -2.1961 -3.2766
v  -0.1954 -2.1978 -3.2749
v  -0.1851 -2.1971 -3.2757
v  -0.1759 -2.1939 -3.2789
v  -0.1687 -2.1886 -3.2842
v  -0.1646 -2.1820 -3.2908
v  -0.1639 -2.1747 -3.2981
v  -0.1671 -2.2579 -3.3952
v  -0.1731 -2.2520 -3.4011
v  -0.1817 -2.2479 -3.4052
v  -0.1917 -2.2461 -3.4069
v  -0.2019 -2.2469 -3.4061
v  -0.2112 -2.2501 -3.4029
v  -0.2183 -2.2553 -3.3976
v  -0.2225 -2.2620 -3.3909
v  -0.2232 -2.2692 -3.3837
v  -0.2203 -2.2762 -3.3767
v  -0.2142 -2.2821 -3.3708
v  -0.2057 -2.2862 -3.3668
v  -0.1957 -2.2880 -3.3650
v  -0.1854 -2.2872 -3.3658
v  -0.1762 -2.2840 -3.3691
v  -0.1691 -2.2788 -3.3743
v  -0.1649 -2.2721 -3.3810
v  -0.1642 -2.2649 -3.3883
v  -0.1475 -2.2530 -3.4040
v  -0.1580 -2.2428 -3.4142
v  -0.1729 -2.2357 -3.4212
v  -0.1902 -2.2327 -3.4242
v  -0.2080 -2.2340 -3.4228
v  -0.2241 -2.2395 -3.4172
v  -0.2364 -2.2486 -3.4080
v  -0.2437 -2.2602 -3.3965
v  -0.2449 -2.2728 -3.3839
v  -0.2399 -2.2849 -3.3717
v  -0.2293 -2.2951 -3.3615
v  -0.2145 -2.3022 -3.3545
v  -0.1971 -2.3053 -3.3515
v  -0.1794 -2.3039 -3.3529
v  -0.1633 -2.2984 -3.3585
v  -0.1510 -2.2893 -3.3677
v  -0.1437 -2.2777 -3.3792
v  -0.1425 -2.2651 -3.3918
v  -0.1147 -2.2560 -3.4298
v  -0.1328 -2.2385 -3.4472
v  -0.1582 -2.2264 -3.4592
v  -0.1878 -2.2212 -3.4643
v  -0.2182 -2.2234 -3.4619
v  -0.2457 -2.2329 -3.4524
v  -0.2669 -2.2485 -3.4367
v  -0.2792 -2.2682 -3.4169
v  -0.2813 -2.2898 -3.3954
v  -0.2728 -2.3106 -3.3746
v  -0.2547 -2.3281 -3.3572
v  -0.2293 -2.3402 -3.3452
v  -0.1997 -2.3454 -3.3401
v  -0.1693 -2.3431 -3.3424
v  -0.1418 -2.3336 -3.3520
v  -0.1206 -2.3181 -3.3676
v  -0.1083 -2.2983 -3.3874
v  -0.1062 -2.2768 -3.4090
v  -0.1056 -2.2633 -3.4435
v  -0.1257 -2.2438 -3.4629
v  -0.1541 -2.2303 -3.4763
v  -0.1872 -2.2245 -3.4821
v  -0.2211 -2.2270 -3.4794
v  -0.2518 -2.2376 -3.4687
v  -0.2754 -2.2550 -3.4513
v  -0.2892 -2.2770 -3.4292
v  -0.2915 -2.3011 -3.4051
v  -0.2820 -2.3243 -3.3819
v  -0.2619 -2.3438 -3.3625
v  -0.2335 -2.3573 -3.3491
v  -0.2004 -2.3631 -3.3434
v  -0.1664 -2.3606 -3.3460
v  -0.1358 -2.3500 -3.3567
v  -0.1122 -2.3327 -3.3742
v  -0.0984 -2.3106 -3.3963
v  -0.0961 -2.2865 -3.4203
v  -0.0675 -2.2502 -3.4568
v  -0.0963 -2.2223 -3.4846
v  -0.1369 -2.2029 -3.5038
v  -0.1843 -2.1946 -3.5120
v  -0.2329 -2.1982 -3.5082
v  -0.2768 -2.2133 -3.4929
v  -0.3106 -2.2382 -3.4679
v  -0.3304 -2.2698 -3.4363
v  -0.3336 -2.3042 -3.4018
v  -0.3201 -2.3374 -3.3686
v  -0.2912 -2.3654 -3.3408
v  -0.2507 -2.3847 -3.3216
v  -0.2032 -2.3930 -3.3134
v  -0.1546 -2.3894 -3.3172
v  -0.1108 -2.3743 -3.3325
v  -0.0770 -2.3494 -3.3575
v  -0.0572 -2.3179 -3.3891
v  -0.0539 -2.2834 -3.4236
v  -0.0670 -2.1161 -3.3227
v  -0.0959 -2.0881 -3.3505
v  -0.1364 -2.0688 -3.3697
v  -0.1839 -2.0605 -3.3779
v  -0.2324 -2.0641 -3.3741
v  -0.2763 -2.0792 -3.3588
v  -0.3101 -2.1041 -3.3338
v  -0.3299 -2.1357 -3.3022
v  -0.3332 -2.1701 -3.2677
v  -0.3196 -2.2033 -3.2346
v  -0.2908 -2.2313 -3.2067
v  -0.2502 -2.2506 -3.1875
v  -0.2027 -2.2589 -3.1794
v  -0.1542 -2.2553 -3.1831
v  -0.1103 -2.2402 -3.1985
v  -0.0765 -2.2153 -3.2234
v  -0.0567 -2.1838 -3.2551
v  -0.0534 -2.1493 -3.2895
v  -0.0867 -2.2709 -3.4643
v  -0.1111 -2.2472 -3.4879
v  -0.1456 -2.2308 -3.5041
v  -0.1858 -2.2238 -3.5111
v  -0.2270 -2.2268 -3.5079
v  -0.2643 -2.2397 -3.4949
v  -0.2930 -2.2608 -3.4737
v  -0.3097 -2.2875 -3.4468
v  -0.3125 -2.3168 -3.4176
v  -0.3010 -2.3450 -3.3895
v  -0.2765 -2.3687 -3.3658
v  -0.2421 -2.3851 -3.3496
v  -0.2018 -2.3922 -3.3426
v  -0.1606 -2.3891 -3.3458
v  -0.1234 -2.3762 -3.3588
v  -0.0947 -2.3551 -3.3800
v  -0.0779 -2.3284 -3.4069
v  -0.0752 -2.2991 -3.4361
v  -0.0739 -2.2617 -3.4639
v  -0.1013 -2.2352 -3.4903
v  -0.1398 -2.2168 -3.5085
v  -0.1849 -2.2089 -3.5163
v  -0.2310 -2.2123 -3.5127
v  -0.2726 -2.2267 -3.4982
v  -0.3048 -2.2503 -3.4745
v  -0.3235 -2.2803 -3.4444
v  -0.3267 -2.3130 -3.4117
v  -0.3137 -2.3446 -3.3802
v  -0.2864 -2.3711 -3.3537
v  -0.2478 -2.3894 -3.3355
v  -0.2028 -2.3974 -3.3277
v  -0.1566 -2.3939 -3.3313
v  -0.1150 -2.3795 -3.3459
v  -0.0829 -2.3559 -3.3696
v  -0.0641 -2.3260 -3.3996
v  -0.0610 -2.2932 -3.4324
v  -0.0995 -2.2702 -3.4546
v  -0.1210 -2.2493 -3.4754
v  -0.1513 -2.2349 -3.4897
v  -0.1868 -2.2286 -3.4958
v  -0.2231 -2.2313 -3.4930
v  -0.2558 -2.2426 -3.4816
v  -0.2811 -2.2612 -3.4629
v  -0.2959 -2.2848 -3.4393
v  -0.2983 -2.3106 -3.4135
v  -0.2882 -2.3354 -3.3887
v  -0.2666 -2.3562 -3.3679
v  -0.2363 -2.3707 -3.3536
v  -0.2009 -2.3769 -3.3475
v  -0.1646 -2.3742 -3.3503
v  -0.1318 -2.3629 -3.3618
v  -0.1065 -2.3443 -3.3804
v  -0.0918 -2.3207 -3.4041
v  -0.0893 -2.2950 -3.4298
v  -0.1071 -2.2582 -3.4372
v  -0.1269 -2.2390 -3.4563
v  -0.1547 -2.2258 -3.4695
v  -0.1873 -2.2200 -3.4751
v  -0.2206 -2.2225 -3.4725
v  -0.2507 -2.2329 -3.4620
v  -0.2739 -2.2500 -3.4449
v  -0.2875 -2.2716 -3.4232
v  -0.2897 -2.2952 -3.3995
v  -0.2804 -2.3180 -3.3768
v  -0.2606 -2.3372 -3.3577
v  -0.2328 -2.3504 -3.3445
v  -0.2002 -2.3562 -3.3389
v  -0.1669 -2.3537 -3.3415
v  -0.1368 -2.3433 -3.3520
v  -0.1136 -2.3263 -3.3691
v  -0.1001 -2.3046 -3.3908
v  -0.0978 -2.2810 -3.4145
v  -0.1304 -2.2541 -3.4170
v  -0.1449 -2.2401 -3.4310
v  -0.1652 -2.2305 -3.4406
v  -0.1890 -2.2263 -3.4447
v  -0.2133 -2.2281 -3.4428
v  -0.2353 -2.2357 -3.4351
v  -0.2523 -2.2481 -3.4226
v  -0.2622 -2.2640 -3.4067
v  -0.2638 -2.2812 -3.3894
v  -0.2570 -2.2979 -3.3728
v  -0.2426 -2.3119 -3.3589
v  -0.2222 -2.3216 -3.3492
v  -0.1985 -2.3258 -3.3451
v  -0.1741 -2.3240 -3.3470
v  -0.1521 -2.3164 -3.3547
v  -0.1351 -2.3039 -3.3672
v  -0.1252 -2.2881 -3.3831
v  -0.1236 -2.2708 -3.4004
v  -0.1584 -2.2549 -3.3983
v  -0.1664 -2.2470 -3.4061
v  -0.1778 -2.2416 -3.4114
v  -0.1911 -2.2393 -3.4137
v  -0.2046 -2.2403 -3.4126
v  -0.2169 -2.2446 -3.4084
v  -0.2264 -2.2515 -3.4014
v  -0.2319 -2.2603 -3.3925
v  -0.2328 -2.2700 -3.3829
v  -0.2290 -2.2792 -3.3736
v  -0.2209 -2.2871 -3.3659
v  -0.2096 -2.2925 -3.3605
v  -0.1963 -2.2948 -3.3582
v  -0.1827 -2.2938 -3.3593
v  -0.1705 -2.2895 -3.3635
v  -0.1610 -2.2826 -3.3705
v  -0.1555 -2.2738 -3.3794
v  -0.1546 -2.2641 -3.3890
v  -0.1934 -2.1769 -3.2958
v  0.1979 -2.1754 -3.2987
v  0.1960 -2.1683 -3.3058
v  0.1908 -2.1620 -3.3121
v  0.1829 -2.1573 -3.3167
v  0.1732 -2.1549 -3.3192
v  0.1629 -2.1549 -3.3191
v  0.1532 -2.1574 -3.3165
v  0.1454 -2.1621 -3.3118
v  0.1403 -2.1685 -3.3054
v  0.1386 -2.1756 -3.2982
v  0.1404 -2.1828 -3.2911
v  0.1457 -2.1891 -3.2848
v  0.1536 -2.1937 -3.2802
v  0.1633 -2.1962 -3.2778
v  0.1736 -2.1962 -3.2778
v  0.1833 -2.1936 -3.2804
v  0.1911 -2.1889 -3.2851
v  0.1962 -2.1826 -3.2915
v  0.1976 -2.2656 -3.3888
v  0.1957 -2.2584 -3.3960
v  0.1905 -2.2521 -3.4023
v  0.1825 -2.2475 -3.4069
v  0.1728 -2.2450 -3.4093
v  0.1625 -2.2451 -3.4092
v  0.1529 -2.2476 -3.4067
v  0.1450 -2.2523 -3.4019
v  0.1400 -2.2586 -3.3956
v  0.1383 -2.2658 -3.3884
v  0.1401 -2.2730 -3.3812
v  0.1453 -2.2792 -3.3750
v  0.1533 -2.2839 -3.3703
v  0.1630 -2.2864 -3.3679
v  0.1733 -2.2863 -3.3680
v  0.1829 -2.2838 -3.3706
v  0.1908 -2.2791 -3.3753
v  0.1959 -2.2728 -3.3816
v  0.2194 -2.2674 -3.3909
v  0.2161 -2.2550 -3.4033
v  0.2071 -2.2440 -3.4142
v  0.1933 -2.2360 -3.4222
v  0.1764 -2.2317 -3.4264
v  0.1586 -2.2318 -3.4263
v  0.1418 -2.2362 -3.4218
v  0.1282 -2.2443 -3.4136
v  0.1194 -2.2553 -3.4026
v  0.1164 -2.2678 -3.3901
v  0.1197 -2.2802 -3.3777
v  0.1287 -2.2911 -3.3668
v  0.1425 -2.2992 -3.3588
v  0.1594 -2.3035 -3.3546
v  0.1772 -2.3034 -3.3547
v  0.1940 -2.2990 -3.3592
v  0.2076 -2.2908 -3.3674
v  0.2164 -2.2798 -3.3784
v  0.2559 -2.2816 -3.4055
v  0.2503 -2.2603 -3.4267
v  0.2349 -2.2416 -3.4453
v  0.2113 -2.2278 -3.4591
v  0.1825 -2.2206 -3.4663
v  0.1519 -2.2207 -3.4660
v  0.1232 -2.2282 -3.4584
v  0.1000 -2.2421 -3.4444
v  0.0849 -2.2609 -3.4255
v  0.0798 -2.2822 -3.4042
v  0.0854 -2.3035 -3.3829
v  0.1008 -2.3222 -3.3643
v  0.1244 -2.3360 -3.3506
v  0.1532 -2.3433 -3.3434
v  0.1838 -2.3432 -3.3436
v  0.2125 -2.3357 -3.3512
v  0.2357 -2.3217 -3.3653
v  0.2508 -2.3029 -3.3841
v  0.2661 -2.2921 -3.4161
v  0.2599 -2.2683 -3.4398
v  0.2426 -2.2475 -3.4606
v  0.2163 -2.2321 -3.4759
v  0.1841 -2.2240 -3.4839
v  0.1500 -2.2241 -3.4837
v  0.1180 -2.2325 -3.4752
v  0.0921 -2.2481 -3.4595
v  0.0752 -2.2690 -3.4385
v  0.0696 -2.2928 -3.4147
v  0.0757 -2.3165 -3.3909
v  0.0930 -2.3374 -3.3702
v  0.1193 -2.3528 -3.3548
v  0.1515 -2.3609 -3.3468
v  0.1856 -2.3608 -3.3471
v  0.2176 -2.3524 -3.3556
v  0.2436 -2.3368 -3.3713
v  0.2604 -2.3159 -3.3923
v  0.3085 -2.2919 -3.4164
v  0.2996 -2.2579 -3.4503
v  0.2749 -2.2281 -3.4801
v  0.2372 -2.2060 -3.5020
v  0.1912 -2.1944 -3.5135
v  0.1423 -2.1946 -3.5131
v  0.0965 -2.2066 -3.5010
v  0.0594 -2.2289 -3.4785
v  0.0353 -2.2589 -3.4484
v  0.0271 -2.2930 -3.4143
v  0.0360 -2.3269 -3.3804
v  0.0608 -2.3568 -3.3507
v  0.0984 -2.3788 -3.3287
v  0.1445 -2.3905 -3.3172
v  0.1933 -2.3903 -3.3176
v  0.2391 -2.3783 -3.3297
v  0.2763 -2.3560 -3.3522
v  0.3004 -2.3260 -3.3823
v  0.3090 -2.1578 -3.2823
v  0.3001 -2.1238 -3.3163
v  0.2753 -2.0940 -3.3460
v  0.2377 -2.0719 -3.3679
v  0.1916 -2.0603 -3.3794
v  0.1428 -2.0605 -3.3791
v  0.0970 -2.0725 -3.3669
v  0.0598 -2.0948 -3.3444
v  0.0357 -2.1248 -3.3143
v  0.0276 -2.1589 -3.2803
v  0.0365 -2.1928 -3.2463
v  0.0612 -2.2227 -3.2166
v  0.0989 -2.2447 -3.1946
v  0.1449 -2.2564 -3.1831
v  0.1938 -2.2562 -3.1835
v  0.2396 -2.2442 -3.1956
v  0.2767 -2.2219 -3.2181
v  0.3008 -2.1919 -3.2482
v  0.2871 -2.3061 -3.4304
v  0.2796 -2.2773 -3.4592
v  0.2586 -2.2520 -3.4844
v  0.2266 -2.2333 -3.5030
v  0.1876 -2.2234 -3.5128
v  0.1461 -2.2235 -3.5125
v  0.1073 -2.2337 -3.5022
v  0.0757 -2.2527 -3.4831
v  0.0553 -2.2781 -3.4576
v  0.0484 -2.3070 -3.4286
v  0.0559 -2.3359 -3.3998
v  0.0769 -2.3612 -3.3746
v  0.1089 -2.3799 -3.3560
v  0.1479 -2.3898 -3.3462
v  0.1894 -2.3896 -3.3465
v  0.2282 -2.3795 -3.3568
v  0.2598 -2.3605 -3.3759
v  0.2802 -2.3350 -3.4015
v  0.3014 -2.3013 -3.4257
v  0.2930 -2.2690 -3.4579
v  0.2695 -2.2407 -3.4862
v  0.2337 -2.2197 -3.5070
v  0.1900 -2.2086 -3.5179
v  0.1436 -2.2088 -3.5176
v  0.1001 -2.2202 -3.5060
v  0.0648 -2.2414 -3.4847
v  0.0419 -2.2699 -3.4561
v  0.0342 -2.3023 -3.4237
v  0.0426 -2.3345 -3.3915
v  0.0661 -2.3629 -3.3632
v  0.1019 -2.3838 -3.3424
v  0.1456 -2.3949 -3.3315
v  0.1920 -2.3947 -3.3318
v  0.2355 -2.3833 -3.3434
v  0.2708 -2.3621 -3.3647
v  0.2937 -2.3336 -3.3933
v  0.2729 -2.3010 -3.4251
v  0.2663 -2.2756 -3.4505
v  0.2478 -2.2533 -3.4727
v  0.2196 -2.2368 -3.4891
v  0.1852 -2.2281 -3.4977
v  0.1487 -2.2283 -3.4974
v  0.1145 -2.2372 -3.4883
v  0.0867 -2.2539 -3.4715
v  0.0687 -2.2763 -3.4490
v  0.0627 -2.3018 -3.4236
v  0.0693 -2.3272 -3.3982
v  0.0878 -2.3495 -3.3760
v  0.1159 -2.3660 -3.3596
v  0.1503 -2.3747 -3.3510
v  0.1868 -2.3745 -3.3513
v  0.2210 -2.3656 -3.3603
v  0.2488 -2.3489 -3.3771
v  0.2668 -2.3265 -3.3996
v  0.2643 -2.2864 -3.4104
v  0.2583 -2.2631 -3.4337
v  0.2413 -2.2426 -3.4541
v  0.2154 -2.2275 -3.4691
v  0.1839 -2.2195 -3.4770
v  0.1503 -2.2196 -3.4767
v  0.1189 -2.2278 -3.4684
v  0.0934 -2.2431 -3.4530
v  0.0769 -2.2637 -3.4323
v  0.0713 -2.2871 -3.4090
v  0.0774 -2.3104 -3.3857
v  0.0944 -2.3309 -3.3653
v  0.1202 -2.3460 -3.3502
v  0.1518 -2.3540 -3.3423
v  0.1853 -2.3539 -3.3426
v  0.2167 -2.3456 -3.3509
v  0.2422 -2.3303 -3.3663
v  0.2588 -2.3097 -3.3870
v  0.2384 -2.2744 -3.3981
v  0.2340 -2.2573 -3.4151
v  0.2216 -2.2424 -3.4300
v  0.2027 -2.2313 -3.4410
v  0.1796 -2.2255 -3.4468
v  0.1551 -2.2256 -3.4466
v  0.1321 -2.2316 -3.4405
v  0.1135 -2.2428 -3.4292
v  0.1014 -2.2578 -3.4142
v  0.0973 -2.2749 -3.3971
v  0.1018 -2.2919 -3.3800
v  0.1142 -2.3069 -3.3651
v  0.1331 -2.3180 -3.3541
v  0.1562 -2.3238 -3.3484
v  0.1807 -2.3237 -3.3485
v  0.2036 -2.3177 -3.3546
v  0.2223 -2.3065 -3.3659
v  0.2343 -2.2915 -3.3810
v  0.2072 -2.2655 -3.3889
v  0.2048 -2.2560 -3.3984
v  0.1978 -2.2477 -3.4067
v  0.1873 -2.2415 -3.4128
v  0.1744 -2.2383 -3.4160
v  0.1608 -2.2383 -3.4159
v  0.1480 -2.2417 -3.4126
v  0.1376 -2.2479 -3.4063
v  0.1308 -2.2563 -3.3979
v  0.1286 -2.2658 -3.3883
v  0.1311 -2.2753 -3.3788
v  0.1380 -2.2837 -3.3705
v  0.1485 -2.2898 -3.3644
v  0.1614 -2.2931 -3.3612
v  0.1750 -2.2930 -3.3613
v  0.1878 -2.2897 -3.3647
v  0.1982 -2.2834 -3.3710
v  0.2050 -2.2751 -3.3794
v  0.1682 -2.1755 -3.2985
v  0.5221 -2.2942 -3.1810
v  0.5248 -2.2872 -3.1881
v  0.5239 -2.2799 -3.1953
v  0.5196 -2.2733 -3.2019
v  0.5124 -2.2681 -3.2071
v  0.5031 -2.2650 -3.2102
v  0.4928 -2.2643 -3.2108
v  0.4829 -2.2661 -3.2090
v  0.4744 -2.2703 -3.2048
v  0.4684 -2.2762 -3.1988
v  0.4657 -2.2832 -3.1918
v  0.4666 -2.2905 -3.1846
v  0.4709 -2.2971 -3.1779
v  0.4781 -2.3023 -3.1728
v  0.4875 -2.3054 -3.1697
v  0.4977 -2.3061 -3.1690
v  0.5077 -2.3043 -3.1709
v  0.5161 -2.3001 -3.1751
v  0.5218 -2.3844 -3.2712
v  0.5245 -2.3773 -3.2782
v  0.5236 -2.3701 -3.2855
v  0.5193 -2.3635 -3.2921
v  0.5121 -2.3583 -3.2972
v  0.5028 -2.3552 -3.3003
v  0.4925 -2.3545 -3.3010
v  0.4825 -2.3563 -3.2991
v  0.4741 -2.3604 -3.2949
v  0.4681 -2.3664 -3.2890
v  0.4654 -2.3734 -3.2820
v  0.4663 -2.3807 -3.2747
v  0.4706 -2.3873 -3.2681
v  0.4778 -2.3925 -3.2629
v  0.4871 -2.3956 -3.2598
v  0.4974 -2.3963 -3.2592
v  0.5074 -2.3944 -3.2611
v  0.5158 -2.3903 -3.2652
v  0.5415 -2.3929 -3.2665
v  0.5462 -2.3807 -3.2787
v  0.5447 -2.3681 -3.2913
v  0.5372 -2.3566 -3.3028
v  0.5247 -2.3476 -3.3117
v  0.5085 -2.3422 -3.3171
v  0.4907 -2.3410 -3.3182
v  0.4734 -2.3442 -3.3150
v  0.4587 -2.3514 -3.3078
v  0.4484 -2.3617 -3.2974
v  0.4437 -2.3738 -3.2852
v  0.4452 -2.3864 -3.2726
v  0.4526 -2.3979 -3.2612
v  0.4652 -2.4069 -3.2522
v  0.4814 -2.4124 -3.2469
v  0.4992 -2.4135 -3.2457
v  0.5165 -2.4104 -3.2490
v  0.5312 -2.4032 -3.2562
v  0.5745 -2.4183 -3.2699
v  0.5826 -2.3975 -3.2908
v  0.5800 -2.3759 -3.3123
v  0.5672 -2.3563 -3.3319
v  0.5457 -2.3409 -3.3472
v  0.5181 -2.3316 -3.3564
v  0.4876 -2.3295 -3.3583
v  0.4580 -2.3350 -3.3528
v  0.4329 -2.3473 -3.3404
v  0.4153 -2.3649 -3.3227
v  0.4072 -2.3857 -3.3019
v  0.4097 -2.4073 -3.2803
v  0.4225 -2.4269 -3.2607
v  0.4441 -2.4423 -3.2454
v  0.4717 -2.4516 -3.2362
v  0.5021 -2.4536 -3.2343
v  0.5317 -2.4482 -3.2398
v  0.5568 -2.4359 -3.2522
v  0.5837 -2.4319 -3.2773
v  0.5927 -2.4087 -3.3006
v  0.5899 -2.3846 -3.3247
v  0.5756 -2.3627 -3.3466
v  0.5516 -2.3455 -3.3637
v  0.5207 -2.3351 -3.3739
v  0.4867 -2.3329 -3.3761
v  0.4537 -2.3390 -3.3699
v  0.4257 -2.3526 -3.3561
v  0.4060 -2.3723 -3.3363
v  0.3970 -2.3956 -3.3130
v  0.3998 -2.4196 -3.2890
v  0.4141 -2.4416 -3.2671
v  0.4381 -2.4588 -3.2500
v  0.4690 -2.4691 -3.2398
v  0.5030 -2.4714 -3.2376
v  0.5360 -2.4653 -3.2438
v  0.5640 -2.4516 -3.2576
v  0.6221 -2.4448 -3.2646
v  0.6349 -2.4115 -3.2980
v  0.6309 -2.3771 -3.3324
v  0.6105 -2.3457 -3.3637
v  0.5761 -2.3211 -3.3882
v  0.5319 -2.3062 -3.4029
v  0.4832 -2.3030 -3.4060
v  0.4360 -2.3117 -3.3971
v  0.3958 -2.3313 -3.3773
v  0.3676 -2.3594 -3.3491
v  0.3548 -2.3927 -3.3157
v  0.3588 -2.4272 -3.2813
v  0.3792 -2.4586 -3.2500
v  0.4136 -2.4832 -3.2255
v  0.4578 -2.4980 -3.2108
v  0.5065 -2.5013 -3.2077
v  0.5537 -2.4926 -3.2166
v  0.5939 -2.4730 -3.2364
v  0.6225 -2.3107 -3.1305
v  0.6354 -2.2774 -3.1639
v  0.6314 -2.2430 -3.1983
v  0.6109 -2.2116 -3.2296
v  0.5765 -2.1870 -3.2541
v  0.5324 -2.1721 -3.2688
v  0.4837 -2.1689 -3.2719
v  0.4365 -2.1776 -3.2630
v  0.3963 -2.1972 -3.2432
v  0.3681 -2.2253 -3.2150
v  0.3552 -2.2586 -3.1816
v  0.3593 -2.2931 -3.1472
v  0.3797 -2.3245 -3.1159
v  0.4141 -2.3491 -3.0914
v  0.4583 -2.3639 -3.0767
v  0.5069 -2.3672 -3.0736
v  0.5542 -2.3585 -3.0825
v  0.5943 -2.3389 -3.1023
v  0.6027 -2.4525 -3.2851
v  0.6137 -2.4242 -3.3134
v  0.6102 -2.3950 -3.3427
v  0.5929 -2.3684 -3.3692
v  0.5637 -2.3475 -3.3900
v  0.5262 -2.3349 -3.4025
v  0.4849 -2.3321 -3.4051
v  0.4449 -2.3395 -3.3976
v  0.4108 -2.3562 -3.3808
v  0.3868 -2.3801 -3.3568
v  0.3759 -2.4083 -3.3285
v  0.3794 -2.4375 -3.2993
v  0.3967 -2.4642 -3.2727
v  0.4259 -2.4851 -3.2519
v  0.4634 -2.4976 -3.2395
v  0.5046 -2.5004 -3.2369
v  0.5447 -2.4930 -3.2444
v  0.5788 -2.4764 -3.2612
v  0.6156 -2.4520 -3.2760
v  0.6279 -2.4204 -3.3077
v  0.6240 -2.3877 -3.3404
v  0.6046 -2.3578 -3.3702
v  0.5720 -2.3344 -3.3934
v  0.5300 -2.3204 -3.4074
v  0.4838 -2.3173 -3.4103
v  0.4389 -2.3255 -3.4019
v  0.4008 -2.3442 -3.3831
v  0.3740 -2.3709 -3.3563
v  0.3618 -2.4025 -3.3246
v  0.3656 -2.4352 -3.2919
v  0.3850 -2.4651 -3.2621
v  0.4177 -2.4884 -3.2389
v  0.4596 -2.5025 -3.2249
v  0.5058 -2.5056 -3.2220
v  0.5507 -2.4974 -3.2304
v  0.5888 -2.4787 -3.2492
v  0.5899 -2.4430 -3.2842
v  0.5995 -2.4181 -3.3092
v  0.5965 -2.3924 -3.3349
v  0.5812 -2.3689 -3.3583
v  0.5555 -2.3505 -3.3766
v  0.5225 -2.3394 -3.3876
v  0.4861 -2.3370 -3.3899
v  0.4508 -2.3435 -3.3832
v  0.4208 -2.3582 -3.3685
v  0.3998 -2.3792 -3.3474
v  0.3901 -2.4041 -3.3224
v  0.3932 -2.4298 -3.2967
v  0.4084 -2.4533 -3.2733
v  0.4341 -2.4717 -3.2550
v  0.4671 -2.4827 -3.2440
v  0.5035 -2.4852 -3.2417
v  0.5388 -2.4787 -3.2484
v  0.5688 -2.4640 -3.2631
v  0.5821 -2.4257 -3.2722
v  0.5910 -2.4029 -3.2950
v  0.5882 -2.3792 -3.3187
v  0.5742 -2.3577 -3.3402
v  0.5506 -2.3408 -3.3569
v  0.5203 -2.3306 -3.3670
v  0.4869 -2.3284 -3.3691
v  0.4545 -2.3344 -3.3630
v  0.4269 -2.3478 -3.3495
v  0.4076 -2.3671 -3.3301
v  0.3988 -2.3900 -3.3072
v  0.4015 -2.4136 -3.2836
v  0.4156 -2.4352 -3.2621
v  0.4391 -2.4520 -3.2453
v  0.4695 -2.4622 -3.2353
v  0.5028 -2.4644 -3.2331
v  0.5352 -2.4585 -3.2392
v  0.5628 -2.4450 -3.2528
v  0.5587 -2.4057 -3.2679
v  0.5651 -2.3890 -3.2846
v  0.5631 -2.3718 -3.3019
v  0.5529 -2.3560 -3.3176
v  0.5356 -2.3437 -3.3298
v  0.5135 -2.3363 -3.3372
v  0.4891 -2.3346 -3.3387
v  0.4654 -2.3390 -3.3343
v  0.4453 -2.3488 -3.3244
v  0.4311 -2.3629 -3.3102
v  0.4247 -2.3796 -3.2935
v  0.4267 -2.3969 -3.2762
v  0.4369 -2.4126 -3.2605
v  0.4542 -2.4250 -3.2483
v  0.4763 -2.4324 -3.2409
v  0.5007 -2.4340 -3.2394
v  0.5244 -2.4297 -3.2438
v  0.5446 -2.4199 -3.2537
v  0.5305 -2.3873 -3.2683
v  0.5341 -2.3780 -3.2776
v  0.5330 -2.3684 -3.2872
v  0.5273 -2.3596 -3.2960
v  0.5176 -2.3527 -3.3028
v  0.5053 -2.3486 -3.3069
v  0.4917 -2.3477 -3.3078
v  0.4785 -2.3501 -3.3053
v  0.4673 -2.3556 -3.2998
v  0.4594 -2.3634 -3.2919
v  0.4558 -2.3727 -3.2826
v  0.4569 -2.3824 -3.2729
v  0.4626 -2.3912 -3.2642
v  0.4722 -2.3980 -3.2573
v  0.4846 -2.4022 -3.2532
v  0.4982 -2.4031 -3.2524
v  0.5114 -2.4007 -3.2549
v  0.5226 -2.3952 -3.2604
v  0.4953 -2.2852 -3.1899
v  0.7417 -2.5006 -2.9754
v  0.7484 -2.4951 -2.9810
v  0.7521 -2.4883 -2.9878
v  0.7523 -2.4810 -2.9950
v  0.7489 -2.4741 -3.0019
v  0.7424 -2.4684 -3.0076
v  0.7336 -2.4647 -3.0113
v  0.7235 -2.4633 -3.0127
v  0.7133 -2.4644 -3.0115
v  0.7043 -2.4679 -3.0080
v  0.6976 -2.4734 -3.0025
v  0.6939 -2.4802 -2.9956
v  0.6937 -2.4875 -2.9884
v  0.6971 -2.4944 -2.9815
v  0.7035 -2.5000 -2.9758
v  0.7124 -2.5038 -2.9721
v  0.7225 -2.5052 -2.9707
v  0.7327 -2.5041 -2.9719
v  0.7413 -2.5907 -3.0656
v  0.7481 -2.5852 -3.0711
v  0.7518 -2.5784 -3.0779
v  0.7520 -2.5712 -3.0852
v  0.7486 -2.5643 -3.0921
v  0.7421 -2.5586 -3.0977
v  0.7333 -2.5548 -3.1015
v  0.7232 -2.5534 -3.1028
v  0.7130 -2.5546 -3.1017
v  0.7040 -2.5581 -3.0981
v  0.6972 -2.5636 -3.0926
v  0.6935 -2.5704 -3.0858
v  0.6934 -2.5776 -3.0785
v  0.6967 -2.5845 -3.0716
v  0.7032 -2.5902 -3.0660
v  0.7120 -2.5940 -3.0623
v  0.7222 -2.5954 -3.0609
v  0.7323 -2.5942 -3.0620
v  0.7551 -2.6046 -3.0555
v  0.7668 -2.5951 -3.0651
v  0.7732 -2.5833 -3.0769
v  0.7735 -2.5707 -3.0896
v  0.7677 -2.5587 -3.1015
v  0.7564 -2.5489 -3.1113
v  0.7411 -2.5423 -3.1178
v  0.7235 -2.5399 -3.1201
v  0.7059 -2.5419 -3.1181
v  0.6903 -2.5480 -3.1120
v  0.6785 -2.5575 -3.1024
v  0.6721 -2.5693 -3.0906
v  0.6718 -2.5819 -3.0780
v  0.6777 -2.5939 -3.0660
v  0.6889 -2.6037 -3.0562
v  0.7042 -2.6102 -3.0497
v  0.7218 -2.6127 -3.0474
v  0.7394 -2.6107 -3.0494
v  0.7780 -2.6391 -3.0498
v  0.7981 -2.6228 -3.0662
v  0.8090 -2.6026 -3.0864
v  0.8096 -2.5810 -3.1080
v  0.7996 -2.5606 -3.1284
v  0.7803 -2.5437 -3.1452
v  0.7541 -2.5326 -3.1563
v  0.7241 -2.5284 -3.1603
v  0.6939 -2.5317 -3.1569
v  0.6672 -2.5422 -3.1463
v  0.6471 -2.5584 -3.1300
v  0.6362 -2.5786 -3.1098
v  0.6357 -2.6002 -3.0882
v  0.6456 -2.6207 -3.0677
v  0.6649 -2.6375 -3.0510
v  0.6911 -2.6487 -3.0399
v  0.7211 -2.6529 -3.0358
v  0.7513 -2.6495 -3.0393
v  0.7844 -2.6552 -3.0547
v  0.8068 -2.6371 -3.0730
v  0.8190 -2.6146 -3.0956
v  0.8196 -2.5904 -3.1197
v  0.8085 -2.5676 -3.1425
v  0.7870 -2.5488 -3.1612
v  0.7577 -2.5363 -3.1736
v  0.7242 -2.5317 -3.1781
v  0.6905 -2.5354 -3.1742
v  0.6607 -2.5471 -3.1625
v  0.6383 -2.5652 -3.1442
v  0.6261 -2.5878 -3.1217
v  0.6255 -2.6119 -3.0975
v  0.6366 -2.6347 -3.0747
v  0.6581 -2.6535 -3.0560
v  0.6874 -2.6660 -3.0437
v  0.7209 -2.6706 -3.0391
v  0.7546 -2.6669 -3.0430
v  0.8111 -2.6786 -3.0315
v  0.8432 -2.6526 -3.0576
v  0.8607 -2.6203 -3.0899
v  0.8615 -2.5858 -3.1245
v  0.8456 -2.5531 -3.1571
v  0.8148 -2.5262 -3.1839
v  0.7729 -2.5084 -3.2016
v  0.7250 -2.5017 -3.2081
v  0.6767 -2.5070 -3.2026
v  0.6340 -2.5237 -3.1857
v  0.6020 -2.5497 -3.1596
v  0.5845 -2.5820 -3.1273
v  0.5836 -2.6165 -3.0928
v  0.5996 -2.6492 -3.0601
v  0.6303 -2.6761 -3.0333
v  0.6722 -2.6939 -3.0156
v  0.7202 -2.7006 -3.0091
v  0.7684 -2.6953 -3.0147
v  0.8116 -2.5445 -2.8974
v  0.8437 -2.5185 -2.9235
v  0.8611 -2.4862 -2.9558
v  0.8620 -2.4517 -2.9904
v  0.8461 -2.4190 -3.0230
v  0.8153 -2.3921 -3.0498
v  0.7734 -2.3743 -3.0675
v  0.7254 -2.3676 -3.0740
v  0.6772 -2.3729 -3.0685
v  0.6345 -2.3896 -3.0516
v  0.6024 -2.4156 -3.0255
v  0.5849 -2.4479 -2.9932
v  0.5841 -2.4824 -2.9587
v  0.6000 -2.5151 -2.9260
v  0.6308 -2.5420 -2.8993
v  0.6727 -2.5598 -2.8816
v  0.7206 -2.5665 -2.8751
v  0.7689 -2.5612 -2.8806
v  0.7977 -2.6810 -3.0573
v  0.8249 -2.6589 -3.0795
v  0.8397 -2.6316 -3.1069
v  0.8404 -2.6023 -3.1362
v  0.8269 -2.5745 -3.1639
v  0.8008 -2.5517 -3.1866
v  0.7652 -2.5366 -3.2016
v  0.7246 -2.5309 -3.2072
v  0.6836 -2.5354 -3.2025
v  0.6474 -2.5496 -3.1882
v  0.6202 -2.5717 -3.1660
v  0.6053 -2.5990 -3.1386
v  0.6046 -2.6283 -3.1093
v  0.6181 -2.6561 -3.0816
v  0.6442 -2.6789 -3.0589
v  0.6798 -2.6940 -3.0439
v  0.7205 -2.6997 -3.0384
v  0.7614 -2.6952 -3.0430
v  0.8067 -2.6840 -3.0447
v  0.8371 -2.6593 -3.0695
v  0.8537 -2.6287 -3.1002
v  0.8545 -2.5959 -3.1330
v  0.8394 -2.5648 -3.1640
v  0.8101 -2.5393 -3.1894
v  0.7704 -2.5223 -3.2062
v  0.7248 -2.5160 -3.2124
v  0.6790 -2.5211 -3.2072
v  0.6384 -2.5369 -3.1912
v  0.6080 -2.5616 -3.1664
v  0.5914 -2.5922 -3.1357
v  0.5906 -2.6251 -3.1029
v  0.6057 -2.6561 -3.0719
v  0.6349 -2.6816 -3.0464
v  0.6747 -2.6986 -3.0296
v  0.7203 -2.7049 -3.0235
v  0.7661 -2.6999 -3.0287
v  0.7887 -2.6680 -3.0599
v  0.8127 -2.6485 -3.0795
v  0.8257 -2.6245 -3.1036
v  0.8263 -2.5986 -3.1294
v  0.8144 -2.5742 -3.1538
v  0.7915 -2.5541 -3.1738
v  0.7602 -2.5408 -3.1870
v  0.7243 -2.5358 -3.1919
v  0.6883 -2.5398 -3.1878
v  0.6564 -2.5523 -3.1752
v  0.6324 -2.5717 -3.1557
v  0.6193 -2.5958 -3.1315
v  0.6187 -2.6216 -3.1057
v  0.6306 -2.6460 -3.0813
v  0.6536 -2.6661 -3.0613
v  0.6849 -2.6794 -3.0481
v  0.7207 -2.6844 -3.0433
v  0.7568 -2.6804 -3.0474
v  0.7833 -2.6486 -3.0500
v  0.8053 -2.6307 -3.0679
v  0.8173 -2.6086 -3.0901
v  0.8179 -2.5849 -3.1138
v  0.8070 -2.5625 -3.1362
v  0.7859 -2.5440 -3.1545
v  0.7571 -2.5318 -3.1667
v  0.7242 -2.5272 -3.1711
v  0.6911 -2.5309 -3.1674
v  0.6618 -2.5423 -3.1558
v  0.6398 -2.5602 -3.1379
v  0.6279 -2.5823 -3.1157
v  0.6273 -2.6060 -3.0920
v  0.6382 -2.6284 -3.0696
v  0.6593 -2.6469 -3.0513
v  0.6880 -2.6591 -3.0391
v  0.7209 -2.6637 -3.0347
v  0.7540 -2.6600 -3.0384
v  0.7670 -2.6222 -3.0521
v  0.7831 -2.6091 -3.0653
v  0.7919 -2.5930 -3.0814
v  0.7923 -2.5757 -3.0988
v  0.7843 -2.5593 -3.1151
v  0.7689 -2.5458 -3.1286
v  0.7479 -2.5368 -3.1374
v  0.7238 -2.5335 -3.1407
v  0.6996 -2.5362 -3.1379
v  0.6782 -2.5445 -3.1295
v  0.6622 -2.5576 -3.1164
v  0.6534 -2.5737 -3.1002
v  0.6530 -2.5911 -3.0829
v  0.6610 -2.6074 -3.0665
v  0.6764 -2.6209 -3.0531
v  0.6974 -2.6299 -3.0442
v  0.7214 -2.6332 -3.0409
v  0.7456 -2.6306 -3.0437
v  0.7474 -2.5960 -3.0603
v  0.7564 -2.5888 -3.0676
v  0.7613 -2.5798 -3.0766
v  0.7615 -2.5701 -3.0863
v  0.7571 -2.5610 -3.0954
v  0.7485 -2.5534 -3.1029
v  0.7367 -2.5485 -3.1078
v  0.7233 -2.5466 -3.1097
v  0.7098 -2.5481 -3.1081
v  0.6979 -2.5527 -3.1034
v  0.6889 -2.5600 -3.0961
v  0.6841 -2.5690 -3.0871
v  0.6838 -2.5787 -3.0774
v  0.6883 -2.5878 -3.0683
v  0.6969 -2.5953 -3.0608
v  0.7086 -2.6003 -3.0559
v  0.7220 -2.6022 -3.0540
v  0.7355 -2.6007 -3.0556
v  0.7230 -2.4842 -2.9917
v  0.8131 -2.7536 -2.7226
v  0.8226 -2.7508 -2.7255
v  0.8301 -2.7458 -2.7305
v  0.8347 -2.7393 -2.7371
v  0.8359 -2.7320 -2.7443
v  0.8335 -2.7249 -2.7514
v  0.8279 -2.7189 -2.7575
v  0.8196 -2.7145 -2.7618
v  0.8098 -2.7124 -2.7639
v  0.7995 -2.7128 -2.7634
v  0.7900 -2.7156 -2.7605
v  0.7825 -2.7206 -2.7555
v  0.7779 -2.7271 -2.7490
v  0.7767 -2.7344 -2.7418
v  0.7791 -2.7414 -2.7347
v  0.7847 -2.7475 -2.7286
v  0.7930 -2.7519 -2.7243
v  0.8028 -2.7540 -2.7222
v  0.8128 -2.8438 -2.8128
v  0.8223 -2.8409 -2.8157
v  0.8298 -2.8359 -2.8207
v  0.8344 -2.8294 -2.8272
v  0.8356 -2.8222 -2.8344
v  0.8332 -2.8151 -2.8415
v  0.8276 -2.8090 -2.8476
v  0.8193 -2.8046 -2.8519
v  0.8094 -2.8025 -2.8540
v  0.7992 -2.8029 -2.8536
v  0.7897 -2.8058 -2.8507
v  0.7822 -2.8108 -2.8457
v  0.7776 -2.8173 -2.8391
v  0.7764 -2.8245 -2.8319
v  0.7787 -2.8316 -2.8248
v  0.7844 -2.8377 -2.8188
v  0.7927 -2.8421 -2.8144
v  0.8025 -2.8442 -2.8123
v  0.8178 -2.8607 -2.7997
v  0.8342 -2.8557 -2.8047
v  0.8472 -2.8471 -2.8134
v  0.8553 -2.8358 -2.8247
v  0.8574 -2.8232 -2.8373
v  0.8532 -2.8109 -2.8496
v  0.8434 -2.8004 -2.8601
v  0.8291 -2.7928 -2.8676
v  0.8120 -2.7891 -2.8712
v  0.7941 -2.7898 -2.8705
v  0.7777 -2.7948 -2.8654
v  0.7647 -2.8034 -2.8567
v  0.7567 -2.8147 -2.8454
v  0.7546 -2.8273 -2.8329
v  0.7587 -2.8396 -2.8206
v  0.7685 -2.8501 -2.8100
v  0.7829 -2.8577 -2.8025
v  0.8000 -2.8614 -2.7989
v  0.8262 -2.9002 -2.7889
v  0.8543 -2.8917 -2.7975
v  0.8765 -2.8769 -2.8123
v  0.8903 -2.8576 -2.8317
v  0.8938 -2.8361 -2.8532
v  0.8868 -2.8151 -2.8742
v  0.8700 -2.7970 -2.8922
v  0.8455 -2.7840 -2.9051
v  0.8162 -2.7778 -2.9113
v  0.7856 -2.7790 -2.9099
v  0.7576 -2.7875 -2.9013
v  0.7353 -2.8023 -2.8865
v  0.7216 -2.8216 -2.8671
v  0.7180 -2.8430 -2.8456
v  0.7251 -2.8641 -2.8246
v  0.7419 -2.8822 -2.8066
v  0.7664 -2.8951 -2.7937
v  0.7957 -2.9014 -2.7876
v  0.8285 -2.9178 -2.7924
v  0.8599 -2.9083 -2.8020
v  0.8847 -2.8918 -2.8186
v  0.9000 -2.8702 -2.8402
v  0.9040 -2.8463 -2.8641
v  0.8961 -2.8228 -2.8876
v  0.8774 -2.8026 -2.9077
v  0.8500 -2.7881 -2.9221
v  0.8173 -2.7811 -2.9290
v  0.7833 -2.7825 -2.9275
v  0.7519 -2.7920 -2.9179
v  0.7271 -2.8085 -2.9013
v  0.7118 -2.8300 -2.8797
v  0.7078 -2.8540 -2.8557
v  0.7156 -2.8774 -2.8323
v  0.7344 -2.8976 -2.8121
v  0.7618 -2.9121 -2.7978
v  0.7944 -2.9191 -2.7909
v  0.8383 -2.9470 -2.7632
v  0.8831 -2.9334 -2.7769
v  0.9187 -2.9097 -2.8007
v  0.9406 -2.8789 -2.8316
v  0.9463 -2.8446 -2.8659
v  0.9351 -2.8110 -2.8995
v  0.9082 -2.7821 -2.9284
v  0.8691 -2.7614 -2.9489
v  0.8223 -2.7513 -2.9588
v  0.7735 -2.7533 -2.9567
v  0.7286 -2.7669 -2.9429
v  0.6931 -2.7905 -2.9192
v  0.6711 -2.8213 -2.8883
v  0.6654 -2.8556 -2.8539
v  0.6767 -2.8892 -2.8203
v  0.7035 -2.9182 -2.7915
v  0.7427 -2.9389 -2.7709
v  0.7895 -2.9489 -2.7611
v  0.8388 -2.8129 -2.6291
v  0.8836 -2.7993 -2.6429
v  0.9192 -2.7756 -2.6666
v  0.9411 -2.7448 -2.6975
v  0.9468 -2.7105 -2.7318
v  0.9355 -2.6769 -2.7654
v  0.9087 -2.6480 -2.7943
v  0.8695 -2.6273 -2.8148
v  0.8227 -2.6172 -2.8247
v  0.7740 -2.6192 -2.8226
v  0.7291 -2.6327 -2.8088
v  0.6936 -2.6564 -2.7851
v  0.6716 -2.6872 -2.7542
v  0.6659 -2.7215 -2.7198
v  0.6772 -2.7551 -2.6862
v  0.7040 -2.7841 -2.6574
v  0.7432 -2.8048 -2.6369
v  0.7900 -2.8148 -2.6270
v  0.8333 -2.9464 -2.7920
v  0.8714 -2.9349 -2.8037
v  0.9016 -2.9149 -2.8238
v  0.9202 -2.8887 -2.8500
v  0.9250 -2.8596 -2.8792
v  0.9155 -2.8310 -2.9077
v  0.8927 -2.8065 -2.9321
v  0.8594 -2.7889 -2.9496
v  0.8197 -2.7804 -2.9579
v  0.7783 -2.7821 -2.9562
v  0.7403 -2.7936 -2.9445
v  0.7101 -2.8137 -2.9243
v  0.6915 -2.8398 -2.8981
v  0.6867 -2.8689 -2.8690
v  0.6962 -2.8975 -2.8405
v  0.7190 -2.9220 -2.8160
v  0.7522 -2.9396 -2.7986
v  0.7919 -2.9481 -2.7902
v  0.8366 -2.9514 -2.7774
v  0.8792 -2.9385 -2.7904
v  0.9130 -2.9161 -2.8130
v  0.9338 -2.8868 -2.8424
v  0.9392 -2.8542 -2.8749
v  0.9286 -2.8223 -2.9069
v  0.9031 -2.7948 -2.9342
v  0.8659 -2.7751 -2.9538
v  0.8214 -2.7656 -2.9631
v  0.7751 -2.7674 -2.9611
v  0.7325 -2.7803 -2.9481
v  0.6987 -2.8028 -2.9255
v  0.6779 -2.8321 -2.8962
v  0.6725 -2.8647 -2.8636
v  0.6832 -2.8966 -2.8316
v  0.7086 -2.9241 -2.8043
v  0.7458 -2.9437 -2.7847
v  0.7903 -2.9532 -2.7754
v  0.8301 -2.9314 -2.7966
v  0.8636 -2.9213 -2.8069
v  0.8901 -2.9036 -2.8246
v  0.9065 -2.8806 -2.8477
v  0.9108 -2.8550 -2.8734
v  0.9024 -2.8298 -2.8985
v  0.8823 -2.8082 -2.9200
v  0.8531 -2.7927 -2.9354
v  0.8181 -2.7853 -2.9427
v  0.7816 -2.7867 -2.9412
v  0.7481 -2.7969 -2.9309
v  0.7216 -2.8145 -2.9132
v  0.7052 -2.8376 -2.8901
v  0.7009 -2.8632 -2.8644
v  0.7093 -2.8883 -2.8393
v  0.7294 -2.9099 -2.8178
v  0.7586 -2.9254 -2.8024
v  0.7936 -2.9329 -2.7951
v  0.8281 -2.9108 -2.7879
v  0.8589 -2.9015 -2.7973
v  0.8833 -2.8853 -2.8136
v  0.8983 -2.8642 -2.8348
v  0.9022 -2.8406 -2.8583
v  0.8945 -2.8176 -2.8814
v  0.8761 -2.7977 -2.9012
v  0.8492 -2.7835 -2.9153
v  0.8171 -2.7767 -2.9220
v  0.7837 -2.7780 -2.9206
v  0.7529 -2.7873 -2.9112
v  0.7285 -2.8035 -2.8949
v  0.7135 -2.8246 -2.8737
v  0.7096 -2.8482 -2.8501
v  0.7173 -2.8712 -2.8271
v  0.7357 -2.8911 -2.8073
v  0.7626 -2.9053 -2.7932
v  0.7947 -2.9122 -2.7864
v  0.8222 -2.8809 -2.7936
v  0.8447 -2.8741 -2.8005
v  0.8625 -2.8622 -2.8124
v  0.8735 -2.8468 -2.8279
v  0.8764 -2.8296 -2.8451
v  0.8707 -2.8127 -2.8620
v  0.8573 -2.7982 -2.8764
v  0.8376 -2.7878 -2.8868
v  0.8142 -2.7828 -2.8917
v  0.7897 -2.7838 -2.8906
v  0.7672 -2.7906 -2.8838
v  0.7494 -2.8024 -2.8718
v  0.7384 -2.8179 -2.8563
v  0.7355 -2.8351 -2.8391
v  0.7412 -2.8519 -2.8223
v  0.7546 -2.8664 -2.8078
v  0.7743 -2.8768 -2.7975
v  0.7977 -2.8818 -2.7926
v  0.8150 -2.8504 -2.8061
v  0.8276 -2.8466 -2.8100
v  0.8375 -2.8400 -2.8166
v  0.8437 -2.8314 -2.8253
v  0.8452 -2.8218 -2.8349
v  0.8421 -2.8124 -2.8442
v  0.8346 -2.8043 -2.8523
v  0.8236 -2.7985 -2.8581
v  0.8106 -2.7957 -2.8608
v  0.7969 -2.7963 -2.8602
v  0.7844 -2.8001 -2.8564
v  0.7744 -2.8067 -2.8497
v  0.7683 -2.8153 -2.8411
v  0.7667 -2.8249 -2.8315
v  0.7699 -2.8343 -2.8221
v  0.7774 -2.8424 -2.8140
v  0.7883 -2.8482 -2.8083
v  0.8014 -2.8510 -2.8055
v  0.8063 -2.7332 -2.7430
v  0.7224 -3.0033 -2.4726
v  0.7326 -3.0036 -2.4724
v  0.7425 -3.0014 -2.4746
v  0.7506 -2.9970 -2.4790
v  0.7561 -2.9908 -2.4852
v  0.7584 -2.9837 -2.4923
v  0.7570 -2.9765 -2.4995
v  0.7522 -2.9700 -2.5060
v  0.7446 -2.9651 -2.5109
v  0.7351 -2.9623 -2.5136
v  0.7248 -2.9620 -2.5139
v  0.7150 -2.9642 -2.5117
v  0.7068 -2.9686 -2.5072
v  0.7013 -2.9748 -2.5011
v  0.6991 -2.9819 -2.4940
v  0.7005 -2.9891 -2.4867
v  0.7052 -2.9955 -2.4803
v  0.7128 -3.0005 -2.4754
v  0.7220 -3.0934 -2.5628
v  0.7323 -3.0937 -2.5625
v  0.7421 -3.0916 -2.5647
v  0.7503 -3.0871 -2.5692
v  0.7558 -3.0810 -2.5753
v  0.7580 -3.0739 -2.5825
v  0.7567 -3.0667 -2.5897
v  0.7519 -3.0602 -2.5961
v  0.7443 -3.0553 -2.6010
v  0.7348 -3.0525 -2.6038
v  0.7245 -3.0522 -2.6041
v  0.7147 -3.0543 -2.6018
v  0.7065 -3.0588 -2.5974
v  0.7010 -3.0649 -2.5912
v  0.6988 -3.0720 -2.5841
v  0.7001 -3.0792 -2.5769
v  0.7049 -3.0857 -2.5704
v  0.7125 -3.0906 -2.5656
v  0.7173 -3.1104 -2.5496
v  0.7352 -3.1109 -2.5491
v  0.7522 -3.1071 -2.5530
v  0.7664 -3.0995 -2.5607
v  0.7760 -3.0888 -2.5714
v  0.7798 -3.0765 -2.5838
v  0.7774 -3.0639 -2.5963
v  0.7692 -3.0527 -2.6075
v  0.7560 -3.0442 -2.6160
v  0.7394 -3.0393 -2.6207
v  0.7216 -3.0388 -2.6212
v  0.7045 -3.0426 -2.6174
v  0.6904 -3.0502 -2.6097
v  0.6808 -3.0609 -2.5990
v  0.6770 -3.0732 -2.5866
v  0.6793 -3.0858 -2.5741
v  0.6876 -3.0970 -2.5629
v  0.7008 -3.1055 -2.5544
v  0.7094 -3.1499 -2.5387
v  0.7400 -3.1509 -2.5378
v  0.7691 -3.1444 -2.5444
v  0.7934 -3.1313 -2.5577
v  0.8097 -3.1130 -2.5759
v  0.8163 -3.0919 -2.5971
v  0.8123 -3.0705 -2.6185
v  0.7981 -3.0513 -2.6376
v  0.7755 -3.0367 -2.6522
v  0.7472 -3.0284 -2.6604
v  0.7167 -3.0275 -2.6612
v  0.6875 -3.0339 -2.6546
v  0.6633 -3.0471 -2.6414
v  0.6469 -3.0653 -2.6231
v  0.6404 -3.0864 -2.6020
v  0.6444 -3.1079 -2.5805
v  0.6586 -3.1270 -2.5614
v  0.6812 -3.1417 -2.5469
v  0.7072 -3.1675 -2.5421
v  0.7413 -3.1686 -2.5412
v  0.7738 -3.1614 -2.5486
v  0.8009 -3.1467 -2.5633
v  0.8192 -3.1263 -2.5837
v  0.8265 -3.1028 -2.6073
v  0.8220 -3.0789 -2.6312
v  0.8061 -3.0575 -2.6526
v  0.7809 -3.0411 -2.6688
v  0.7494 -3.0319 -2.6779
v  0.7153 -3.0308 -2.6789
v  0.6828 -3.0381 -2.6715
v  0.6557 -3.0527 -2.6568
v  0.6375 -3.0731 -2.6364
v  0.6301 -3.0966 -2.6128
v  0.6346 -3.1206 -2.5889
v  0.6505 -3.1420 -2.5675
v  0.6757 -3.1583 -2.5513
v  0.6981 -3.1968 -2.5128
v  0.7469 -3.1983 -2.5115
v  0.7935 -3.1880 -2.5220
v  0.8322 -3.1670 -2.5432
v  0.8584 -3.1378 -2.5724
v  0.8689 -3.1041 -2.6061
v  0.8624 -3.0699 -2.6404
v  0.8398 -3.0392 -2.6709
v  0.8037 -3.0159 -2.6942
v  0.7585 -3.0026 -2.7073
v  0.7097 -3.0011 -2.7086
v  0.6631 -3.0114 -2.6981
v  0.6244 -3.0325 -2.6769
v  0.5982 -3.0616 -2.6477
v  0.5878 -3.0953 -2.6140
v  0.5942 -3.1295 -2.5797
v  0.6169 -3.1602 -2.5491
v  0.6529 -3.1836 -2.5259
v  0.6986 -3.0627 -2.3787
v  0.7474 -3.0642 -2.3774
v  0.7940 -3.0539 -2.3879
v  0.8327 -3.0329 -2.4091
v  0.8588 -3.0037 -2.4383
v  0.8693 -2.9700 -2.4720
v  0.8629 -2.9358 -2.5063
v  0.8402 -2.9051 -2.5368
v  0.8041 -2.8818 -2.5601
v  0.7590 -2.8685 -2.5732
v  0.7102 -2.8670 -2.5745
v  0.6636 -2.8773 -2.5640
v  0.6249 -2.8984 -2.5428
v  0.5987 -2.9275 -2.5136
v  0.5882 -2.9612 -2.4799
v  0.5947 -2.9954 -2.4456
v  0.6173 -3.0261 -2.4151
v  0.6534 -3.0495 -2.3918
v  0.7026 -3.1962 -2.5417
v  0.7440 -3.1975 -2.5405
v  0.7836 -3.1887 -2.5495
v  0.8164 -3.1709 -2.5674
v  0.8386 -3.1462 -2.5922
v  0.8475 -3.1176 -2.6209
v  0.8420 -3.0885 -2.6499
v  0.8228 -3.0625 -2.6759
v  0.7922 -3.0427 -2.6956
v  0.7539 -3.0315 -2.7067
v  0.7125 -3.0302 -2.7078
v  0.6729 -3.0390 -2.6989
v  0.6401 -3.0568 -2.6809
v  0.6179 -3.0815 -2.6562
v  0.6090 -3.1101 -2.6275
v  0.6145 -3.1392 -2.5985
v  0.6337 -3.1652 -2.5725
v  0.6643 -3.1850 -2.5528
v  0.6996 -3.2012 -2.5270
v  0.7459 -3.2027 -2.5257
v  0.7902 -3.1929 -2.5357
v  0.8269 -3.1729 -2.5558
v  0.8518 -3.1452 -2.5836
v  0.8618 -3.1132 -2.6156
v  0.8556 -3.0807 -2.6482
v  0.8341 -3.0516 -2.6772
v  0.7999 -3.0294 -2.6993
v  0.7570 -3.0168 -2.7117
v  0.7106 -3.0154 -2.7130
v  0.6664 -3.0252 -2.7030
v  0.6296 -3.0451 -2.6829
v  0.6047 -3.0728 -2.6551
v  0.5948 -3.1048 -2.6231
v  0.6009 -3.1374 -2.5906
v  0.6224 -3.1665 -2.5615
v  0.6567 -3.1887 -2.5395
v  0.7057 -3.1812 -2.5464
v  0.7422 -3.1824 -2.5454
v  0.7770 -3.1746 -2.5532
v  0.8059 -3.1589 -2.5690
v  0.8255 -3.1372 -2.5909
v  0.8333 -3.1120 -2.6161
v  0.8285 -3.0864 -2.6417
v  0.8115 -3.0635 -2.6645
v  0.7846 -3.0460 -2.6819
v  0.7508 -3.0361 -2.6916
v  0.7144 -3.0350 -2.6927
v  0.6796 -3.0427 -2.6848
v  0.6506 -3.0584 -2.6690
v  0.6311 -3.0802 -2.6472
v  0.6233 -3.1054 -2.6219
v  0.6281 -3.1310 -2.5963
v  0.6450 -3.1539 -2.5735
v  0.6720 -3.1713 -2.5561
v  0.7076 -3.1606 -2.5377
v  0.7411 -3.1617 -2.5367
v  0.7730 -3.1545 -2.5439
v  0.7996 -3.1401 -2.5585
v  0.8175 -3.1202 -2.5785
v  0.8247 -3.0970 -2.6017
v  0.8203 -3.0735 -2.6251
v  0.8048 -3.0525 -2.6461
v  0.7800 -3.0365 -2.6620
v  0.7490 -3.0274 -2.6710
v  0.7156 -3.0263 -2.6720
v  0.6836 -3.0335 -2.6647
v  0.6571 -3.0479 -2.6502
v  0.6391 -3.0678 -2.6302
v  0.6319 -3.0910 -2.6070
v  0.6363 -3.1145 -2.5835
v  0.6519 -3.1355 -2.5626
v  0.6766 -3.1515 -2.5466
v  0.7132 -3.1306 -2.5435
v  0.7377 -3.1314 -2.5428
v  0.7610 -3.1262 -2.5481
v  0.7805 -3.1156 -2.5587
v  0.7936 -3.1010 -2.5734
v  0.7988 -3.0841 -2.5903
v  0.7956 -3.0669 -2.6075
v  0.7842 -3.0516 -2.6228
v  0.7662 -3.0399 -2.6344
v  0.7435 -3.0332 -2.6410
v  0.7190 -3.0325 -2.6417
v  0.6957 -3.0377 -2.6364
v  0.6763 -3.0482 -2.6258
v  0.6632 -3.0628 -2.6111
v  0.6579 -3.0797 -2.5942
v  0.6611 -3.0969 -2.5770
v  0.6725 -3.1122 -2.5617
v  0.6906 -3.1240 -2.5501
v  0.7200 -3.1001 -2.5561
v  0.7336 -3.1005 -2.5557
v  0.7466 -3.0976 -2.5587
v  0.7574 -3.0917 -2.5646
v  0.7648 -3.0836 -2.5728
v  0.7677 -3.0742 -2.5822
v  0.7659 -3.0646 -2.5918
v  0.7596 -3.0560 -2.6003
v  0.7495 -3.0495 -2.6068
v  0.7368 -3.0458 -2.6105
v  0.7232 -3.0454 -2.6108
v  0.7102 -3.0483 -2.6079
v  0.6994 -3.0541 -2.6020
v  0.6920 -3.0623 -2.5938
v  0.6891 -3.0717 -2.5844
v  0.6909 -3.0813 -2.5748
v  0.6972 -3.0899 -2.5663
v  0.7073 -3.0964 -2.5598
v  0.7287 -2.9828 -2.4931
v  0.4873 -3.2001 -2.2750
v  0.4964 -3.2035 -2.2716
v  0.5066 -3.2046 -2.2706
v  0.5167 -3.2031 -2.2721
v  0.5254 -3.1993 -2.2759
v  0.5318 -3.1935 -2.2817
v  0.5350 -3.1866 -2.2886
v  0.5346 -3.1793 -2.2959
v  0.5308 -3.1726 -2.3026
v  0.5239 -3.1671 -2.3080
v  0.5148 -3.1637 -2.3115
v  0.5046 -3.1626 -2.3125
v  0.4945 -3.1641 -2.3110
v  0.4858 -3.1680 -2.3071
v  0.4794 -3.1737 -2.3013
v  0.4762 -3.1806 -2.2944
v  0.4766 -3.1879 -2.2871
v  0.4804 -3.1946 -2.2804
v  0.4870 -3.2902 -2.3651
v  0.4961 -3.2937 -2.3617
v  0.5063 -3.2947 -2.3607
v  0.5163 -3.2932 -2.3622
v  0.5251 -3.2894 -2.3661
v  0.5314 -3.2837 -2.3718
v  0.5346 -3.2768 -2.3788
v  0.5343 -3.2695 -2.3860
v  0.5305 -3.2627 -2.3928
v  0.5236 -3.2573 -2.3982
v  0.5145 -3.2538 -2.4016
v  0.5043 -3.2528 -2.4026
v  0.4942 -3.2543 -2.4011
v  0.4855 -3.2581 -2.3972
v  0.4791 -3.2638 -2.3915
v  0.4759 -3.2708 -2.3846
v  0.4763 -3.2780 -2.3773
v  0.4801 -3.2848 -2.3705
v  0.4735 -3.3042 -2.3549
v  0.4893 -3.3102 -2.3489
v  0.5070 -3.3120 -2.3472
v  0.5245 -3.3095 -2.3498
v  0.5396 -3.3028 -2.3565
v  0.5507 -3.2929 -2.3665
v  0.5562 -3.2809 -2.3785
v  0.5556 -3.2683 -2.3912
v  0.5490 -3.2565 -2.4029
v  0.5370 -3.2471 -2.4123
v  0.5213 -3.2411 -2.4182
v  0.5036 -3.2393 -2.4199
v  0.4861 -3.2419 -2.4173
v  0.4709 -3.2485 -2.4106
v  0.4599 -3.2584 -2.4006
v  0.4543 -3.2704 -2.3886
v  0.4549 -3.2831 -2.3760
v  0.4616 -3.2948 -2.3643
v  0.4509 -3.3389 -2.3488
v  0.4779 -3.3491 -2.3387
v  0.5081 -3.3522 -2.3357
v  0.5380 -3.3478 -2.3402
v  0.5640 -3.3364 -2.3517
v  0.5829 -3.3195 -2.3687
v  0.5924 -3.2989 -2.3893
v  0.5914 -3.2773 -2.4109
v  0.5800 -3.2572 -2.4309
v  0.5596 -3.2411 -2.4470
v  0.5326 -3.2309 -2.4571
v  0.5023 -3.2278 -2.4601
v  0.4724 -3.2322 -2.4556
v  0.4464 -3.2435 -2.4441
v  0.4276 -3.2605 -2.4271
v  0.4181 -3.2811 -2.4065
v  0.4191 -3.3027 -2.3849
v  0.4305 -3.3227 -2.3649
v  0.4445 -3.3551 -2.3536
v  0.4746 -3.3665 -2.3423
v  0.5084 -3.3700 -2.3390
v  0.5418 -3.3651 -2.3440
v  0.5708 -3.3524 -2.3568
v  0.5919 -3.3334 -2.3758
v  0.6025 -3.3105 -2.3988
v  0.6013 -3.2864 -2.4229
v  0.5886 -3.2640 -2.4453
v  0.5658 -3.2460 -2.4632
v  0.5357 -3.2345 -2.4745
v  0.5019 -3.2311 -2.4779
v  0.4685 -3.2360 -2.4728
v  0.4396 -3.2487 -2.4600
v  0.4185 -3.2676 -2.4410
v  0.4079 -3.2906 -2.4180
v  0.4090 -3.3147 -2.3939
v  0.4218 -3.3371 -2.3716
v  0.4184 -3.3786 -2.3300
v  0.4615 -3.3950 -2.3138
v  0.5098 -3.3999 -2.3090
v  0.5576 -3.3929 -2.3162
v  0.5991 -3.3747 -2.3345
v  0.6293 -3.3476 -2.3618
v  0.6444 -3.3148 -2.3946
v  0.6428 -3.2803 -2.4292
v  0.6246 -3.2482 -2.4612
v  0.5920 -3.2224 -2.4868
v  0.5489 -3.2061 -2.5030
v  0.5005 -3.2011 -2.5078
v  0.4527 -3.2081 -2.5006
v  0.4113 -3.2263 -2.4823
v  0.3811 -3.2534 -2.4551
v  0.3659 -3.2862 -2.4222
v  0.3675 -3.3208 -2.3877
v  0.3857 -3.3529 -2.3557
v  0.4188 -3.2445 -2.1959
v  0.4619 -3.2609 -2.1797
v  0.5103 -3.2658 -2.1749
v  0.5581 -3.2588 -2.1821
v  0.5996 -3.2406 -2.2004
v  0.6297 -3.2135 -2.2277
v  0.6449 -3.1807 -2.2605
v  0.6433 -3.1462 -2.2951
v  0.6251 -3.1141 -2.3271
v  0.5925 -3.0883 -2.3528
v  0.5494 -3.0720 -2.3690
v  0.5010 -3.0670 -2.3737
v  0.4532 -3.0740 -2.3665
v  0.4117 -3.0922 -2.3482
v  0.3816 -3.1193 -2.3210
v  0.3664 -3.1521 -2.2881
v  0.3680 -3.1867 -2.2536
v  0.3862 -3.2188 -2.2216
v  0.4315 -3.3809 -2.3560
v  0.4680 -3.3948 -2.3423
v  0.5091 -3.3990 -2.3382
v  0.5496 -3.3931 -2.3443
v  0.5848 -3.3776 -2.3599
v  0.6104 -3.3546 -2.3830
v  0.6233 -3.3268 -2.4109
v  0.6219 -3.2975 -2.4402
v  0.6065 -3.2703 -2.4673
v  0.5788 -3.2484 -2.4891
v  0.5422 -3.2345 -2.5029
v  0.5012 -3.2303 -2.5069
v  0.4606 -3.2363 -2.5008
v  0.4254 -3.2517 -2.4853
v  0.3998 -3.2747 -2.4621
v  0.3870 -3.3026 -2.4343
v  0.3883 -3.3319 -2.4050
v  0.4038 -3.3591 -2.3778
v  0.4227 -3.3840 -2.3432
v  0.4636 -3.3996 -2.3279
v  0.5096 -3.4043 -2.3233
v  0.5550 -3.3976 -2.3302
v  0.5944 -3.3803 -2.3476
v  0.6230 -3.3546 -2.3734
v  0.6374 -3.3234 -2.4046
v  0.6359 -3.2906 -2.4374
v  0.6186 -3.2601 -2.4679
v  0.5876 -3.2356 -2.4922
v  0.5467 -3.2201 -2.5076
v  0.5007 -3.2154 -2.5122
v  0.4553 -3.2221 -2.5053
v  0.4159 -3.2394 -2.4879
v  0.3873 -3.2651 -2.4620
v  0.3729 -3.2963 -2.4308
v  0.3744 -3.3291 -2.3980
v  0.3917 -3.3595 -2.3676
v  0.4403 -3.3678 -2.3588
v  0.4725 -3.3801 -2.3467
v  0.5086 -3.3838 -2.3431
v  0.5443 -3.3785 -2.3485
v  0.5753 -3.3649 -2.3622
v  0.5979 -3.3447 -2.3825
v  0.6092 -3.3201 -2.4071
v  0.6080 -3.2943 -2.4329
v  0.5944 -3.2704 -2.4568
v  0.5700 -3.2511 -2.4760
v  0.5378 -3.2389 -2.4881
v  0.5017 -3.2352 -2.4917
v  0.4660 -3.2404 -2.4863
v  0.4350 -3.2540 -2.4726
v  0.4124 -3.2743 -2.4522
v  0.4011 -3.2988 -2.4277
v  0.4023 -3.3246 -2.4019
v  0.4159 -3.3486 -2.3780
v  0.4456 -3.3484 -2.3489
v  0.4752 -3.3596 -2.3378
v  0.5084 -3.3630 -2.3345
v  0.5412 -3.3582 -2.3395
v  0.5696 -3.3457 -2.3520
v  0.5903 -3.3271 -2.3707
v  0.6007 -3.3046 -2.3933
v  0.5996 -3.2809 -2.4169
v  0.5871 -3.2589 -2.4389
v  0.5648 -3.2412 -2.4565
v  0.5352 -3.2300 -2.4676
v  0.5020 -3.2266 -2.4709
v  0.4692 -3.2314 -2.4660
v  0.4408 -3.2439 -2.4534
v  0.4201 -3.2625 -2.4347
v  0.4097 -3.2850 -2.4122
v  0.4108 -3.3087 -2.3885
v  0.4233 -3.3307 -2.3665
v  0.4617 -3.3219 -2.3513
v  0.4833 -3.3301 -2.3432
v  0.5076 -3.3326 -2.3408
v  0.5315 -3.3291 -2.3444
v  0.5523 -3.3199 -2.3536
v  0.5675 -3.3063 -2.3672
v  0.5751 -3.2899 -2.3837
v  0.5743 -3.2726 -2.4010
v  0.5651 -3.2565 -2.4171
v  0.5488 -3.2436 -2.4300
v  0.5272 -3.2354 -2.4381
v  0.5029 -3.2329 -2.4405
v  0.4789 -3.2364 -2.4369
v  0.4581 -3.2455 -2.4277
v  0.4430 -3.2591 -2.4140
v  0.4354 -3.2756 -2.3975
v  0.4362 -3.2929 -2.3802
v  0.4454 -3.3090 -2.3642
v  0.4810 -3.2956 -2.3597
v  0.4931 -3.3002 -2.3552
v  0.5066 -3.3016 -2.3539
v  0.5199 -3.2996 -2.3559
v  0.5315 -3.2945 -2.3610
v  0.5400 -3.2869 -2.3686
v  0.5442 -3.2778 -2.3778
v  0.5438 -3.2681 -2.3875
v  0.5387 -3.2591 -2.3964
v  0.5295 -3.2519 -2.4036
v  0.5175 -3.2474 -2.4081
v  0.5040 -3.2460 -2.4095
v  0.4906 -3.2479 -2.4074
v  0.4790 -3.2530 -2.4023
v  0.4706 -3.2606 -2.3947
v  0.4663 -3.2698 -2.3855
v  0.4668 -3.2794 -2.3759
v  0.4719 -3.2884 -2.3669
v  0.5056 -3.1836 -2.2915
v  0.1545 -3.3051 -2.1688
v  0.1606 -3.3110 -2.1629
v  0.1691 -3.3150 -2.1589
v  0.1791 -3.3168 -2.1571
v  0.1894 -3.3160 -2.1580
v  0.1986 -3.3128 -2.1612
v  0.2058 -3.3076 -2.1664
v  0.2099 -3.3009 -2.1731
v  0.2106 -3.2937 -2.1804
v  0.2077 -3.2867 -2.1874
v  0.2017 -3.2808 -2.1932
v  0.1931 -3.2767 -2.1973
v  0.1831 -3.2750 -2.1990
v  0.1729 -3.2757 -2.1982
v  0.1636 -3.2789 -2.1950
v  0.1565 -3.2842 -2.1897
v  0.1523 -3.2908 -2.1830
v  0.1516 -3.2981 -2.1758
v  0.1542 -3.3952 -2.2589
v  0.1603 -3.4011 -2.2531
v  0.1688 -3.4052 -2.2490
v  0.1788 -3.4070 -2.2473
v  0.1891 -3.4062 -2.2481
v  0.1983 -3.4030 -2.2513
v  0.2054 -3.3978 -2.2566
v  0.2096 -3.3911 -2.2633
v  0.2103 -3.3838 -2.2705
v  0.2074 -3.3768 -2.2775
v  0.2013 -3.3709 -2.2834
v  0.1928 -3.3669 -2.2874
v  0.1828 -3.3651 -2.2892
v  0.1725 -3.3659 -2.2884
v  0.1633 -3.3691 -2.2851
v  0.1562 -3.3743 -2.2799
v  0.1520 -3.3810 -2.2732
v  0.1513 -3.3882 -2.2659
v  0.1346 -3.4039 -2.2540
v  0.1452 -3.4141 -2.2438
v  0.1600 -3.4212 -2.2368
v  0.1774 -3.4242 -2.2338
v  0.1951 -3.4229 -2.2352
v  0.2112 -3.4174 -2.2408
v  0.2235 -3.4083 -2.2499
v  0.2308 -3.3967 -2.2615
v  0.2320 -3.3841 -2.2741
v  0.2270 -3.3720 -2.2863
v  0.2164 -3.3617 -2.2964
v  0.2016 -3.3547 -2.3035
v  0.1842 -3.3516 -2.3064
v  0.1664 -3.3530 -2.3050
v  0.1504 -3.3585 -2.2994
v  0.1380 -3.3676 -2.2903
v  0.1308 -3.3792 -2.2787
v  0.1296 -3.3918 -2.2661
v  0.1017 -3.4296 -2.2568
v  0.1198 -3.4471 -2.2394
v  0.1452 -3.4592 -2.2274
v  0.1749 -3.4644 -2.2223
v  0.2053 -3.4621 -2.2247
v  0.2327 -3.4526 -2.2343
v  0.2539 -3.4370 -2.2499
v  0.2662 -3.4173 -2.2697
v  0.2683 -3.3957 -2.2913
v  0.2597 -3.3749 -2.3121
v  0.2417 -3.3575 -2.3295
v  0.2163 -3.3454 -2.3415
v  0.1866 -3.3402 -2.3466
v  0.1562 -3.3424 -2.3442
v  0.1288 -3.3519 -2.3346
v  0.1076 -3.3675 -2.3190
v  0.0952 -3.3872 -2.2992
v  0.0932 -3.4088 -2.2776
v  0.0925 -3.4433 -2.2642
v  0.1127 -3.4628 -2.2447
v  0.1410 -3.4763 -2.2313
v  0.1742 -3.4821 -2.2256
v  0.2081 -3.4796 -2.2283
v  0.2387 -3.4690 -2.2390
v  0.2623 -3.4516 -2.2565
v  0.2761 -3.4296 -2.2786
v  0.2784 -3.4055 -2.3026
v  0.2689 -3.3823 -2.3258
v  0.2487 -3.3628 -2.3452
v  0.2204 -3.3493 -2.3586
v  0.1872 -3.3435 -2.3643
v  0.1533 -3.3460 -2.3617
v  0.1227 -3.3566 -2.3510
v  0.0991 -3.3740 -2.3335
v  0.0853 -3.3960 -2.3114
v  0.0830 -3.4201 -2.2873
v  0.0545 -3.4565 -2.2509
v  0.0833 -3.4844 -2.2230
v  0.1239 -3.5037 -2.2039
v  0.1713 -3.5120 -2.1957
v  0.2199 -3.5084 -2.1995
v  0.2637 -3.4932 -2.2148
v  0.2976 -3.4684 -2.2398
v  0.3173 -3.4368 -2.2715
v  0.3206 -3.4023 -2.3059
v  0.3069 -3.3691 -2.3391
v  0.2781 -3.3412 -2.3669
v  0.2375 -3.3219 -2.3861
v  0.1901 -3.3136 -2.3943
v  0.1415 -3.3172 -2.3904
v  0.0977 -3.3324 -2.3751
v  0.0638 -3.3572 -2.3501
v  0.0441 -3.3888 -2.3185
v  0.0408 -3.4233 -2.2840
v  0.0549 -3.3224 -2.1168
v  0.0838 -3.3503 -2.0889
v  0.1244 -3.3696 -2.0698
v  0.1718 -3.3779 -2.0616
v  0.2204 -3.3743 -2.0654
v  0.2642 -3.3591 -2.0808
v  0.2981 -3.3343 -2.1057
v  0.3178 -3.3027 -2.1374
v  0.3210 -3.2682 -2.1719
v  0.3074 -3.2350 -2.2050
v  0.2786 -3.2071 -2.2328
v  0.2380 -3.1878 -2.2520
v  0.1905 -3.1795 -2.2602
v  0.1420 -3.1831 -2.2564
v  0.0981 -3.1983 -2.2410
v  0.0643 -3.2231 -2.2160
v  0.0446 -3.2547 -2.1844
v  0.0413 -3.2892 -2.1499
v  0.0735 -3.4640 -2.2717
v  0.0980 -3.4877 -2.2481
v  0.1324 -3.5041 -2.2318
v  0.1727 -3.5111 -2.2249
v  0.2139 -3.5081 -2.2281
v  0.2511 -3.4952 -2.2411
v  0.2798 -3.4741 -2.2623
v  0.2966 -3.4473 -2.2892
v  0.2993 -3.4181 -2.3184
v  0.2878 -3.3899 -2.3466
v  0.2633 -3.3662 -2.3702
v  0.2289 -3.3498 -2.3864
v  0.1886 -3.3427 -2.3934
v  0.1474 -3.3458 -2.3901
v  0.1102 -3.3587 -2.3771
v  0.0815 -3.3798 -2.3559
v  0.0647 -3.4066 -2.3291
v  0.0620 -3.4358 -2.2998
v  0.0608 -3.4636 -2.2624
v  0.0882 -3.4901 -2.2360
v  0.1267 -3.5084 -2.2178
v  0.1718 -3.5164 -2.2100
v  0.2179 -3.5129 -2.2136
v  0.2595 -3.4985 -2.2282
v  0.2917 -3.4749 -2.2519
v  0.3104 -3.4449 -2.2820
v  0.3135 -3.4122 -2.3147
v  0.3006 -3.3806 -2.3462
v  0.2732 -3.3541 -2.3726
v  0.2346 -3.3358 -2.3908
v  0.1896 -3.3279 -2.3986
v  0.1434 -3.3313 -2.3950
v  0.1018 -3.3457 -2.3804
v  0.0697 -3.3693 -2.3567
v  0.0509 -3.3993 -2.3266
v  0.0478 -3.4321 -2.2939
v  0.0863 -3.4544 -2.2710
v  0.1079 -3.4753 -2.2502
v  0.1382 -3.4897 -2.2359
v  0.1737 -3.4959 -2.2298
v  0.2100 -3.4932 -2.2326
v  0.2427 -3.4819 -2.2441
v  0.2680 -3.4633 -2.2627
v  0.2827 -3.4397 -2.2864
v  0.2852 -3.4139 -2.3121
v  0.2750 -3.3891 -2.3369
v  0.2534 -3.3683 -2.3577
v  0.2231 -3.3538 -2.3720
v  0.1877 -3.3476 -2.3781
v  0.1514 -3.3503 -2.3753
v  0.1186 -3.3617 -2.3638
v  0.0933 -3.3802 -2.3452
v  0.0786 -3.4038 -2.3215
v  0.0762 -3.4296 -2.2958
v  0.0941 -3.4370 -2.2590
v  0.1139 -3.4562 -2.2399
v  0.1418 -3.4694 -2.2268
v  0.1743 -3.4752 -2.2212
v  0.2076 -3.4727 -2.2238
v  0.2377 -3.4623 -2.2343
v  0.2609 -3.4452 -2.2514
v  0.2744 -3.4236 -2.2731
v  0.2767 -3.3999 -2.2968
v  0.2673 -3.3771 -2.3195
v  0.2475 -3.3580 -2.3386
v  0.2197 -3.3447 -2.3518
v  0.1871 -3.3390 -2.3574
v  0.1538 -3.3415 -2.3548
v  0.1237 -3.3519 -2.3443
v  0.1005 -3.3690 -2.3271
v  0.0870 -3.3906 -2.3054
v  0.0848 -3.4143 -2.2818
v  0.1175 -3.4169 -2.2551
v  0.1319 -3.4309 -2.2411
v  0.1523 -3.4406 -2.2315
v  0.1761 -3.4448 -2.2274
v  0.2004 -3.4429 -2.2293
v  0.2224 -3.4353 -2.2370
v  0.2394 -3.4229 -2.2495
v  0.2493 -3.4070 -2.2654
v  0.2509 -3.3898 -2.2827
v  0.2441 -3.3731 -2.2993
v  0.2296 -3.3591 -2.3133
v  0.2092 -3.3494 -2.3229
v  0.1855 -3.3452 -2.3270
v  0.1611 -3.3471 -2.3251
v  0.1391 -3.3547 -2.3174
v  0.1222 -3.3671 -2.3048
v  0.1123 -3.3830 -2.2890
v  0.1106 -3.4002 -2.2717
v  0.1455 -3.3982 -2.2559
v  0.1536 -3.4061 -2.2481
v  0.1649 -3.4114 -2.2428
v  0.1782 -3.4138 -2.2405
v  0.1918 -3.4128 -2.2415
v  0.2040 -3.4085 -2.2458
v  0.2135 -3.4016 -2.2528
v  0.2190 -3.3927 -2.2617
v  0.2199 -3.3831 -2.2713
v  0.2161 -3.3738 -2.2806
v  0.2080 -3.3660 -2.2883
v  0.1967 -3.3606 -2.2937
v  0.1834 -3.3583 -2.2960
v  0.1698 -3.3593 -2.2949
v  0.1576 -3.3636 -2.2906
v  0.1481 -3.3705 -2.2836
v  0.1426 -3.3793 -2.2748
v  0.1417 -3.3890 -2.2652
v  0.1811 -3.2959 -2.1781
v  -0.4770 -4.1425 -1.2549
v  -0.4278 -4.0856 -1.3239
v  -0.4436 -4.1934 -1.4176
v  -0.4864 -4.2431 -1.3598
v  -0.4912 -4.2441 -1.3726
v  -0.4536 -4.1997 -1.4237
v  -0.4992 -4.2031 -1.4183
v  -0.5096 -4.2159 -1.4036
v  -0.4720 -4.0401 -1.3776
v  -0.4839 -4.1539 -1.4623
v  -0.4873 -4.1670 -1.4610
v  -0.5105 -4.1924 -1.4305
v  -0.5743 -4.0438 -1.3730
v  -0.5625 -4.1565 -1.4582
v  -0.5559 -4.1690 -1.4584
v  -0.5319 -4.1944 -1.4282
v  -0.6101 -4.0918 -1.3166
v  -0.5950 -4.2002 -1.4089
v  -0.5850 -4.2069 -1.4149
v  -0.5389 -4.2059 -1.4150
v  -0.5709 -4.1384 -1.2595
v  -0.5612 -4.2392 -1.3633
v  -0.5567 -4.2404 -1.3766
v  -0.5323 -4.2148 -1.4049
v  -0.4896 -4.1540 -1.3659
v  -0.5064 -4.1396 -1.3831
v  -0.5373 -4.1257 -1.3790
v  -0.5084 -4.1700 -1.3554
v  -0.5441 -4.1555 -1.3676
v  -0.5298 -4.1697 -1.3562
v  -0.4388 -4.1194 -1.2832
v  -0.4531 -4.2228 -1.3836
v  -0.4618 -4.2260 -1.3935
v  -0.5014 -4.2107 -1.4097
v  -0.4391 -4.0585 -1.3560
v  -0.4544 -4.1699 -1.4444
v  -0.4627 -4.1802 -1.4460
v  -0.5023 -4.1966 -1.4258
v  -0.5240 -4.0318 -1.3872
v  -0.5240 -4.1473 -1.4692
v  -0.5223 -4.1612 -1.4675
v  -0.5216 -4.1913 -1.4319
v  -0.6027 -4.0641 -1.3494
v  -0.5883 -4.1749 -1.4374
v  -0.5788 -4.1849 -1.4402
v  -0.5377 -4.1993 -1.4225
v  -0.6009 -4.1190 -1.2834
v  -0.5868 -4.2230 -1.3823
v  -0.5782 -4.2263 -1.3927
v  -0.5374 -4.2111 -1.4091
v  -0.5241 -4.1496 -1.2460
v  -0.5238 -4.2485 -1.3528
v  -0.5240 -4.2489 -1.3670
v  -0.5210 -4.2177 -1.4016
v  -0.4938 -4.1465 -1.3768
v  -0.5230 -4.1271 -1.3829
v  -0.4959 -4.1645 -1.3612
v  -0.5449 -4.1366 -1.3734
v  -0.5399 -4.1643 -1.3608
v  -0.5192 -4.1722 -1.3538
v  -0.4476 -4.1973 -1.4215
v  -0.4884 -4.2451 -1.3662
v  -0.4851 -4.1608 -1.4631
v  -0.5597 -4.1631 -1.4599
v  -0.5911 -4.2045 -1.4127
v  -0.5595 -4.2413 -1.3701
v  -0.4565 -4.2256 -1.3889
v  -0.4577 -4.1755 -1.4464
v  -0.5231 -4.1545 -1.4700
v  -0.5845 -4.1805 -1.4400
v  -0.5835 -4.2259 -1.3879
v  -0.5239 -4.2504 -1.3599
v  0.6069 -4.1175 -1.2838
v  0.6050 -4.0515 -1.3617
v  0.5963 -4.1638 -1.4509
v  0.5972 -4.2215 -1.3852
v  0.5889 -4.2250 -1.3956
v  0.5877 -4.1736 -1.4534
v  0.5513 -4.1927 -1.4326
v  0.5520 -4.2073 -1.4160
v  0.5317 -4.0282 -1.3930
v  0.5316 -4.1442 -1.4757
v  0.5338 -4.1575 -1.4741
v  0.5334 -4.1875 -1.4392
v  0.4460 -4.0676 -1.3529
v  0.4659 -4.1741 -1.4442
v  0.4760 -4.1835 -1.4476
v  0.5164 -4.1967 -1.4297
v  0.4519 -4.1213 -1.2909
v  0.4706 -4.2232 -1.3897
v  0.4795 -4.2262 -1.3994
v  0.5191 -4.2090 -1.4156
v  0.5225 -4.1471 -1.2547
v  0.5298 -4.2445 -1.3618
v  0.5294 -4.2450 -1.3759
v  0.5315 -4.2143 -1.4091
v  0.5608 -4.1399 -1.3837
v  0.5351 -4.1336 -1.3928
v  0.5048 -4.1313 -1.3771
v  0.5539 -4.1608 -1.3684
v  0.5135 -4.1607 -1.3661
v  0.5349 -4.1682 -1.3615
v  0.6218 -4.0842 -1.3221
v  0.6105 -4.1924 -1.4178
v  0.6005 -4.1991 -1.4242
v  0.5551 -4.1999 -1.4242
v  0.5743 -4.0324 -1.3858
v  0.5691 -4.1474 -1.4705
v  0.5650 -4.1601 -1.4697
v  0.5436 -4.1882 -1.4380
v  0.4803 -4.0395 -1.3831
v  0.4921 -4.1527 -1.4674
v  0.4991 -4.1649 -1.4674
v  0.5229 -4.1904 -1.4365
v  0.4369 -4.0950 -1.3222
v  0.4574 -4.1991 -1.4170
v  0.4681 -4.2052 -1.4236
v  0.5151 -4.2030 -1.4226
v  0.4812 -4.1413 -1.2650
v  0.4952 -4.2397 -1.3694
v  0.5001 -4.2406 -1.3823
v  0.5243 -4.2130 -1.4110
v  0.5718 -4.1402 -1.2594
v  0.5692 -4.2394 -1.3659
v  0.5641 -4.2407 -1.3791
v  0.5435 -4.2128 -1.4102
v  0.5506 -4.1352 -1.3919
v  0.5164 -4.1278 -1.3859
v  0.5607 -4.1517 -1.3778
v  0.5041 -4.1438 -1.3700
v  0.5227 -4.1671 -1.3619
v  0.5459 -4.1666 -1.3632
v  0.5928 -4.1692 -1.4534
v  0.5939 -4.2246 -1.3907
v  0.5327 -4.1511 -1.4765
v  0.4700 -4.1794 -1.4472
v  0.4742 -4.2260 -1.3949
v  0.5296 -4.2465 -1.3688
v  0.6066 -4.1966 -1.4218
v  0.5676 -4.1540 -1.4716
v  0.4951 -4.1591 -1.4690
v  0.4617 -4.2031 -1.4211
v  0.4971 -4.2417 -1.3759
v  0.5672 -4.2416 -1.3726
v  1.5265 -3.7126 -1.6920
v  1.4740 -3.6568 -1.7595
v  1.4746 -3.7705 -1.8473
v  1.5190 -3.8197 -1.7903
v  1.5094 -3.8266 -1.7973
v  1.4697 -3.7829 -1.8473
v  1.4523 -3.8122 -1.8163
v  1.4639 -3.8245 -1.8021
v  1.3912 -3.6630 -1.7613
v  1.4029 -3.7767 -1.8463
v  1.4100 -3.7883 -1.8465
v  1.4326 -3.8141 -1.8158
v  1.3451 -3.7275 -1.6962
v  1.3677 -3.8258 -1.7958
v  1.3785 -3.8313 -1.8031
v  1.4246 -3.8281 -1.8015
v  1.3912 -3.7714 -1.6442
v  1.4084 -3.8664 -1.7498
v  1.4137 -3.8667 -1.7622
v  1.4362 -3.8377 -1.7902
v  1.4742 -3.7682 -1.6370
v  1.4771 -3.8635 -1.7462
v  1.4719 -3.8650 -1.7592
v  1.4511 -3.8378 -1.7889
v  1.4592 -3.7564 -1.7705
v  1.4315 -3.7602 -1.7695
v  1.4100 -3.7677 -1.7440
v  1.4660 -3.7773 -1.7551
v  1.4318 -3.7913 -1.7388
v  1.4546 -3.7905 -1.7426
v  1.5142 -3.6788 -1.7308
v  1.5087 -3.7900 -1.8234
v  1.5001 -3.8002 -1.8263
v  1.4611 -3.8170 -1.8104
v  1.4321 -3.6514 -1.7698
v  1.4383 -3.7662 -1.8549
v  1.4396 -3.7794 -1.8536
v  1.4422 -3.8110 -1.8183
v  1.3542 -3.6911 -1.7346
v  1.3746 -3.7981 -1.8252
v  1.3850 -3.8070 -1.8285
v  1.4255 -3.8203 -1.8098
v  1.3578 -3.7543 -1.6662
v  1.3787 -3.8504 -1.7690
v  1.3879 -3.8527 -1.7794
v  1.4281 -3.8340 -1.7949
v  1.4327 -3.7780 -1.6317
v  1.4427 -3.8718 -1.7407
v  1.4427 -3.8716 -1.7546
v  1.4437 -3.8392 -1.7880
v  1.5128 -3.7446 -1.6584
v  1.5079 -3.8450 -1.7636
v  1.4993 -3.8489 -1.7742
v  1.4606 -3.8323 -1.7941
v  1.4458 -3.7561 -1.7742
v  1.4156 -3.7609 -1.7560
v  1.4654 -3.7670 -1.7657
v  1.4163 -3.7791 -1.7379
v  1.4435 -3.7937 -1.7385
v  1.4630 -3.7852 -1.7478
v  1.4726 -3.7769 -1.8488
v  1.5153 -3.8241 -1.7944
v  1.4060 -3.7828 -1.8479
v  1.3721 -3.8295 -1.8003
v  1.4106 -3.8681 -1.7562
v  1.4751 -3.8658 -1.7528
v  1.5054 -3.7956 -1.8260
v  1.4390 -3.7729 -1.8558
v  1.3789 -3.8031 -1.8281
v  1.3825 -3.8528 -1.7747
v  1.4428 -3.8733 -1.7477
v  1.5046 -3.8483 -1.7693
v  2.0355 -3.0363 -2.3702
v  1.9464 -3.0073 -2.4108
v  1.9560 -3.1189 -2.5007
v  2.0321 -3.1453 -2.4665
v  2.0237 -3.1557 -2.4701
v  1.9562 -3.1322 -2.4998
v  1.9624 -3.1636 -2.4667
v  1.9818 -3.1701 -2.4584
v  1.8763 -3.0425 -2.3836
v  1.8965 -3.1500 -2.4748
v  1.9067 -3.1583 -2.4783
v  1.9462 -3.1724 -2.4595
v  1.8822 -3.1146 -2.3110
v  1.9012 -3.2049 -2.4186
v  1.9099 -3.2067 -2.4296
v  1.9492 -3.1873 -2.4442
v  1.9560 -3.1359 -2.2817
v  1.9670 -3.2254 -2.3929
v  1.9674 -3.2246 -2.4064
v  1.9667 -3.1914 -2.4385
v  2.0293 -3.1030 -2.3042
v  2.0268 -3.1981 -2.4136
v  2.0182 -3.2023 -2.4240
v  1.9802 -3.1862 -2.4425
v  1.9649 -3.1061 -2.4226
v  1.9426 -3.1194 -2.4121
v  1.9357 -3.1324 -2.3812
v  1.9836 -3.1222 -2.4121
v  1.9647 -3.1464 -2.3857
v  1.9829 -3.1377 -2.3973
v  1.9991 -3.0116 -2.3997
v  2.0009 -3.1234 -2.4918
v  1.9961 -3.1362 -2.4921
v  1.9739 -3.1646 -2.4646
v  1.9046 -3.0177 -2.4052
v  1.9204 -3.1282 -2.4947
v  1.9266 -3.1400 -2.4948
v  1.9525 -3.1663 -2.4649
v  1.8636 -3.0800 -2.3476
v  1.8870 -3.1785 -2.4466
v  1.8980 -3.1834 -2.4540
v  1.9444 -3.1802 -2.4517
v  1.9132 -3.1332 -2.2894
v  1.9289 -3.2222 -2.3992
v  1.9340 -3.2218 -2.4123
v  1.9567 -3.1911 -2.4397
v  1.9987 -3.1266 -2.2853
v  2.0019 -3.2177 -2.3969
v  1.9969 -3.2185 -2.4098
v  1.9746 -3.1900 -2.4392
v  2.0468 -3.0687 -2.3361
v  2.0408 -3.1711 -2.4395
v  2.0310 -3.1785 -2.4466
v  1.9845 -3.1780 -2.4503
v  1.9519 -3.1108 -2.4213
v  1.9338 -3.1248 -2.3940
v  1.9757 -3.1135 -2.4211
v  1.9473 -3.1404 -2.3786
v  1.9758 -3.1444 -2.3897
v  1.9863 -3.1302 -2.4048
v  1.9560 -3.1257 -2.5018
v  2.0289 -3.1510 -2.4694
v  1.9007 -3.1547 -2.4778
v  1.9047 -3.2071 -2.4246
v  1.9673 -3.2266 -2.3997
v  2.0236 -3.2014 -2.4192
v  1.9991 -3.1300 -2.4934
v  1.9230 -3.1343 -2.4962
v  1.8915 -3.1819 -2.4512
v  1.9310 -3.2235 -2.4060
v  2.0000 -3.2196 -2.4035
v  2.0371 -3.1757 -2.4438
v  1.9974 -2.2698 -3.1366
v  1.8956 -2.2769 -3.1411
v  1.9116 -2.3836 -3.2359
v  1.9989 -2.3791 -3.2327
v  1.9940 -2.3919 -3.2338
v  1.9167 -2.3959 -3.2360
v  1.9449 -2.4208 -3.2095
v  1.9670 -2.4194 -3.2091
v  1.8569 -2.3328 -3.0933
v  1.8802 -2.4319 -3.1928
v  1.8907 -2.4363 -3.2003
v  1.9365 -2.4342 -3.1976
v  1.9132 -2.3932 -3.0326
v  1.9236 -2.4778 -3.1458
v  1.9278 -2.4771 -3.1593
v  1.9498 -2.4461 -3.1855
v  1.9950 -2.3851 -3.0328
v  1.9969 -2.4719 -3.1465
v  1.9921 -2.4720 -3.1592
v  1.9685 -2.4434 -3.1866
v  2.0389 -2.3299 -3.0774
v  2.0317 -2.4267 -3.1851
v  2.0220 -2.4343 -3.1920
v  1.9768 -2.4340 -3.1947
v  1.9424 -2.3634 -3.1653
v  1.9314 -2.3830 -3.1486
v  1.9410 -2.3955 -3.1182
v  1.9680 -2.3711 -3.1633
v  1.9695 -2.3986 -3.1336
v  1.9780 -2.3848 -3.1502
v  1.9467 -2.2616 -3.1496
v  1.9552 -2.3713 -3.2437
v  1.9554 -2.3850 -3.2433
v  1.9559 -2.4175 -3.2117
v  1.8650 -2.3010 -3.1218
v  1.8861 -2.4044 -3.2184
v  1.8956 -2.4132 -3.2214
v  1.9379 -2.4267 -3.2046
v  1.8720 -2.3699 -3.0577
v  1.8920 -2.4601 -3.1651
v  1.9007 -2.4612 -3.1762
v  1.9405 -2.4417 -3.1903
v  1.9543 -2.3982 -3.0246
v  1.9605 -2.4828 -3.1387
v  1.9601 -2.4815 -3.1527
v  1.9592 -2.4467 -3.1842
v  2.0275 -2.3615 -3.0505
v  2.0229 -2.4527 -3.1620
v  2.0143 -2.4560 -3.1724
v  1.9745 -2.4393 -3.1899
v  2.0307 -2.2938 -3.1110
v  2.0251 -2.3983 -3.2123
v  2.0167 -2.4091 -3.2160
v  1.9750 -2.4253 -3.2030
v  1.9332 -2.3723 -3.1598
v  1.9322 -2.3899 -3.1290
v  1.9549 -2.3664 -3.1682
v  1.9548 -2.3987 -3.1204
v  1.9770 -2.3931 -3.1411
v  1.9758 -2.3771 -3.1579
v  1.9136 -2.3900 -3.2374
v  1.9971 -2.3857 -3.2347
v  1.8844 -2.4350 -3.1975
v  1.9252 -2.4790 -3.1529
v  1.9951 -2.4734 -3.1531
v  2.0280 -2.4313 -3.1894
v  1.9554 -2.3782 -3.2451
v  1.8900 -2.4093 -3.2211
v  1.8954 -2.4620 -3.1712
v  1.9604 -2.4838 -3.1459
v  2.0196 -2.4555 -3.1677
v  2.0220 -2.4041 -3.2154
v  1.4224 -1.6185 -3.7859
v  1.3352 -1.6614 -3.7546
v  1.3532 -1.7616 -3.8560
v  1.4283 -1.7263 -3.8835
v  1.4282 -1.7400 -3.8837
v  1.3619 -1.7712 -3.8588
v  1.4045 -1.7827 -3.8457
v  1.4233 -1.7736 -3.8530
v  1.3384 -1.7241 -3.7001
v  1.3583 -1.8149 -3.8080
v  1.3663 -1.8158 -3.8190
v  1.4062 -1.7974 -3.8325
v  1.4299 -1.7566 -3.6675
v  1.4287 -1.8393 -3.7826
v  1.4274 -1.8380 -3.7967
v  1.4262 -1.8030 -3.8267
v  1.4978 -1.7201 -3.6961
v  1.4899 -1.8079 -3.8088
v  1.4813 -1.8105 -3.8189
v  1.4410 -1.7940 -3.8342
v  1.5006 -1.6560 -3.7494
v  1.4904 -1.7560 -3.8539
v  1.4823 -1.7669 -3.8576
v  1.4421 -1.7828 -3.8441
v  1.3977 -1.7272 -3.7996
v  1.4010 -1.7482 -3.7815
v  1.4245 -1.7545 -3.7574
v  1.4233 -1.7252 -3.8073
v  1.4448 -1.7483 -3.7820
v  1.4415 -1.7336 -3.7996
v  1.3711 -1.6296 -3.7795
v  1.3839 -1.7352 -3.8779
v  1.3890 -1.7478 -3.8784
v  1.4121 -1.7760 -3.8514
v  1.3241 -1.6935 -3.7275
v  1.3447 -1.7888 -3.8320
v  1.3550 -1.7939 -3.8389
v  1.4023 -1.7904 -3.8390
v  1.3771 -1.7511 -3.6748
v  1.3883 -1.8352 -3.7883
v  1.3923 -1.8339 -3.8018
v  1.4149 -1.8025 -3.8277
v  1.4701 -1.7461 -3.6749
v  1.4650 -1.8305 -3.7894
v  1.4593 -1.8303 -3.8022
v  1.4350 -1.8002 -3.8289
v  1.5113 -1.6877 -3.7225
v  1.5002 -1.7817 -3.8311
v  1.4902 -1.7886 -3.8380
v  1.4437 -1.7883 -3.8391
v  1.4688 -1.6275 -3.7754
v  1.4651 -1.7335 -3.8751
v  1.4603 -1.7468 -3.8763
v  1.4345 -1.7759 -3.8505
v  1.3948 -1.7384 -3.7919
v  1.4111 -1.7531 -3.7639
v  1.4085 -1.7257 -3.8070
v  1.4368 -1.7527 -3.7645
v  1.4467 -1.7410 -3.7913
v  1.4341 -1.7277 -3.8055
v  1.3566 -1.7669 -3.8585
v  1.4284 -1.7332 -3.8852
v  1.3614 -1.8166 -3.8140
v  1.4281 -1.8403 -3.7898
v  1.4866 -1.8103 -3.8144
v  1.4874 -1.7618 -3.8570
v  1.3859 -1.7416 -3.8797
v  1.3488 -1.7922 -3.8363
v  1.3898 -1.8361 -3.7953
v  1.4627 -1.8319 -3.7961
v  1.4963 -1.7860 -3.8354
v  1.4633 -1.7403 -3.8772
v  0.4646 -1.2569 -4.1441
v  0.4154 -1.3257 -4.0870
v  0.4304 -1.4195 -4.1948
v  0.4733 -1.3618 -4.2446
v  0.4780 -1.3747 -4.2457
v  0.4404 -1.4256 -4.2011
v  0.4860 -1.4204 -4.2048
v  0.4964 -1.4057 -4.2176
v  0.4595 -1.3795 -4.0416
v  0.4707 -1.4643 -4.1555
v  0.4741 -1.4630 -4.1686
v  0.4973 -1.4327 -4.1941
v  0.5618 -1.3753 -4.0457
v  0.5493 -1.4605 -4.1583
v  0.5427 -1.4607 -4.1709
v  0.5187 -1.4304 -4.1961
v  0.5976 -1.3191 -4.0939
v  0.5819 -1.4113 -4.2022
v  0.5718 -1.4173 -4.2088
v  0.5257 -1.4172 -4.2077
v  0.5585 -1.2619 -4.1403
v  0.5480 -1.3656 -4.2410
v  0.5436 -1.3789 -4.2422
v  0.5191 -1.4071 -4.2165
v  0.4767 -1.3680 -4.1556
v  0.4935 -1.3852 -4.1413
v  0.5246 -1.3812 -4.1275
v  0.4955 -1.3575 -4.1716
v  0.5312 -1.3699 -4.1572
v  0.5170 -1.3584 -4.1715
v  0.4264 -1.2851 -4.1208
v  0.4399 -1.3855 -4.2243
v  0.4487 -1.3955 -4.2274
v  0.4882 -1.4118 -4.2123
v  0.4267 -1.3578 -4.0599
v  0.4412 -1.4464 -4.1713
v  0.4495 -1.4479 -4.1817
v  0.4892 -1.4279 -4.1983
v  0.5115 -1.3894 -4.0335
v  0.5108 -1.4713 -4.1490
v  0.5090 -1.4696 -4.1629
v  0.5084 -1.4340 -4.1930
v  0.5903 -1.3519 -4.0661
v  0.5752 -1.4399 -4.1769
v  0.5656 -1.4425 -4.1868
v  0.5245 -1.4248 -4.2011
v  0.5885 -1.2859 -4.1210
v  0.5736 -1.3847 -4.2249
v  0.5651 -1.3950 -4.2282
v  0.5242 -1.4113 -4.2128
v  0.5117 -1.2482 -4.1513
v  0.5106 -1.3550 -4.2502
v  0.5108 -1.3692 -4.2506
v  0.5078 -1.4037 -4.2194
v  0.4810 -1.3789 -4.1481
v  0.5102 -1.3851 -4.1288
v  0.4830 -1.3633 -4.1661
v  0.5321 -1.3757 -4.1384
v  0.5270 -1.3630 -4.1661
v  0.5064 -1.3559 -4.1739
v  0.4344 -1.4234 -4.1988
v  0.4752 -1.3683 -4.2467
v  0.4719 -1.4652 -4.1623
v  0.5465 -1.4622 -4.1649
v  0.5779 -1.4151 -4.2064
v  0.5464 -1.3724 -4.2432
v  0.4434 -1.3909 -4.2271
v  0.4445 -1.4484 -4.1770
v  0.5099 -1.4721 -4.1562
v  0.5713 -1.4424 -4.1824
v  0.5703 -1.3903 -4.2278
v  0.5108 -1.3621 -4.2521
v  -0.6193 -1.2819 -4.1152
v  -0.6174 -1.3598 -4.0492
v  -0.6094 -1.4491 -4.1615
v  -0.6103 -1.3834 -4.2192
v  -0.6020 -1.3938 -4.2228
v  -0.6009 -1.4516 -4.1714
v  -0.5645 -1.4309 -4.1905
v  -0.5652 -1.4144 -4.2052
v  -0.5442 -1.3914 -4.0261
v  -0.5448 -1.4741 -4.1421
v  -0.5470 -1.4725 -4.1555
v  -0.5466 -1.4376 -4.1854
v  -0.4585 -1.3516 -4.0659
v  -0.4791 -1.4429 -4.1723
v  -0.4892 -1.4462 -4.1817
v  -0.5296 -1.4281 -4.1947
v  -0.4644 -1.2896 -4.1196
v  -0.4838 -1.3883 -4.2214
v  -0.4927 -1.3980 -4.2244
v  -0.5323 -1.4141 -4.2070
v  -0.5349 -1.2531 -4.1451
v  -0.5430 -1.3602 -4.2425
v  -0.5426 -1.3743 -4.2430
v  -0.5447 -1.4075 -4.2123
v  -0.5736 -1.3820 -4.1378
v  -0.5479 -1.3912 -4.1315
v  -0.5176 -1.3756 -4.1294
v  -0.5667 -1.3667 -4.1587
v  -0.5263 -1.3646 -4.1587
v  -0.5478 -1.3599 -4.1662
v  -0.6343 -1.3202 -4.0818
v  -0.6236 -1.4159 -4.1901
v  -0.6137 -1.4224 -4.1968
v  -0.5683 -1.4226 -4.1978
v  -0.5867 -1.3840 -4.0302
v  -0.5823 -1.4688 -4.1453
v  -0.5783 -1.4680 -4.1580
v  -0.5568 -1.4363 -4.1861
v  -0.4928 -1.3817 -4.0376
v  -0.5053 -1.4660 -4.1507
v  -0.5124 -1.4659 -4.1630
v  -0.5361 -1.4349 -4.1883
v  -0.4493 -1.3209 -4.0933
v  -0.4705 -1.4157 -4.1973
v  -0.4813 -1.4222 -4.2034
v  -0.5283 -1.4211 -4.2010
v  -0.4936 -1.2636 -4.1394
v  -0.5083 -1.3679 -4.2378
v  -0.5133 -1.3808 -4.2386
v  -0.5375 -1.4094 -4.2109
v  -0.5842 -1.2576 -4.1380
v  -0.5823 -1.3642 -4.2372
v  -0.5773 -1.3774 -4.2385
v  -0.5566 -1.4086 -4.2108
v  -0.5635 -1.3902 -4.1331
v  -0.5292 -1.3844 -4.1258
v  -0.5736 -1.3761 -4.1495
v  -0.5169 -1.3685 -4.1418
v  -0.5355 -1.3603 -4.1650
v  -0.5587 -1.3615 -4.1645
v  -0.6060 -1.4516 -4.1669
v  -0.6071 -1.3889 -4.2223
v  -0.5459 -1.4749 -4.1490
v  -0.4832 -1.4458 -4.1776
v  -0.4874 -1.3935 -4.2242
v  -0.5428 -1.3672 -4.2444
v  -0.6197 -1.4199 -4.1943
v  -0.5808 -1.4699 -4.1519
v  -0.5083 -1.4675 -4.1572
v  -0.4749 -1.4198 -4.2013
v  -0.5103 -1.3745 -4.2398
v  -0.5804 -1.3709 -4.2395
v  -1.5389 -1.6868 -3.7070
v  -1.4865 -1.7545 -3.6514
v  -1.4877 -1.8423 -3.7651
v  -1.5321 -1.7851 -3.8141
v  -1.5225 -1.7922 -3.8211
v  -1.4829 -1.8424 -3.7775
v  -1.4655 -1.8114 -3.8068
v  -1.4771 -1.7972 -3.8191
v  -1.4037 -1.7566 -3.6579
v  -1.4161 -1.8415 -3.7715
v  -1.4233 -1.8417 -3.7831
v  -1.4458 -1.8110 -3.8088
v  -1.3576 -1.6917 -3.7225
v  -1.3809 -1.7912 -3.8208
v  -1.3917 -1.7985 -3.8262
v  -1.4378 -1.7967 -3.8228
v  -1.4036 -1.6395 -3.7663
v  -1.4215 -1.7451 -3.8612
v  -1.4269 -1.7575 -3.8615
v  -1.4494 -1.7854 -3.8324
v  -1.4866 -1.6321 -3.7628
v  -1.4902 -1.7412 -3.8581
v  -1.4851 -1.7543 -3.8596
v  -1.4643 -1.7840 -3.8325
v  -1.4720 -1.7656 -3.7510
v  -1.4443 -1.7647 -3.7549
v  -1.4228 -1.7392 -3.7625
v  -1.4789 -1.7502 -3.7719
v  -1.4446 -1.7340 -3.7861
v  -1.4675 -1.7377 -3.7851
v  -1.5266 -1.7257 -3.6732
v  -1.5218 -1.8183 -3.7844
v  -1.5133 -1.8212 -3.7947
v  -1.4743 -1.8054 -3.8116
v  -1.4446 -1.7650 -3.6461
v  -1.4515 -1.8501 -3.7608
v  -1.4528 -1.8487 -3.7741
v  -1.4554 -1.8135 -3.8057
v  -1.3667 -1.7300 -3.6861
v  -1.3878 -1.8206 -3.7930
v  -1.3982 -1.8238 -3.8019
v  -1.4387 -1.8050 -3.8150
v  -1.3702 -1.6617 -3.7493
v  -1.3919 -1.7644 -3.8453
v  -1.4011 -1.7747 -3.8476
v  -1.4413 -1.7901 -3.8287
v  -1.4451 -1.6269 -3.7728
v  -1.4558 -1.7359 -3.8665
v  -1.4559 -1.7497 -3.8663
v  -1.4569 -1.7832 -3.8339
v  -1.5252 -1.6533 -3.7390
v  -1.5211 -1.7585 -3.8395
v  -1.5125 -1.7692 -3.8434
v  -1.4737 -1.7891 -3.8269
v  -1.4586 -1.7693 -3.7508
v  -1.4284 -1.7513 -3.7557
v  -1.4782 -1.7608 -3.7616
v  -1.4291 -1.7331 -3.7739
v  -1.4564 -1.7336 -3.7884
v  -1.4758 -1.7429 -3.7798
v  -1.4858 -1.8438 -3.7715
v  -1.5285 -1.7893 -3.8185
v  -1.4192 -1.8431 -3.7776
v  -1.3853 -1.7957 -3.8244
v  -1.4238 -1.7515 -3.8629
v  -1.4882 -1.7479 -3.8604
v  -1.5186 -1.8209 -3.7900
v  -1.4521 -1.8510 -3.7676
v  -1.3921 -1.8235 -3.7980
v  -1.3956 -1.7700 -3.8477
v  -1.4559 -1.7428 -3.8680
v  -1.5178 -1.7642 -3.8427
v  -2.0479 -2.3631 -3.0288
v  -1.9589 -2.4041 -3.0001
v  -1.9692 -2.4939 -3.1117
v  -2.0452 -2.4595 -3.1379
v  -2.0369 -2.4631 -3.1482
v  -1.9694 -2.4931 -3.1250
v  -1.9756 -2.4599 -3.1564
v  -1.9950 -2.4516 -3.1628
v  -1.8887 -2.3771 -3.0356
v  -1.9097 -2.4683 -3.1430
v  -1.9199 -2.4717 -3.1513
v  -1.9594 -2.4528 -3.1652
v  -1.8946 -2.3045 -3.1077
v  -1.9144 -2.4120 -3.1979
v  -1.9232 -2.4230 -3.1996
v  -1.9624 -2.4375 -3.1801
v  -1.9684 -2.2750 -3.1287
v  -1.9802 -2.3861 -3.2181
v  -1.9806 -2.3996 -3.2174
v  -1.9799 -2.4317 -3.1842
v  -2.0417 -2.2972 -3.0956
v  -2.0399 -2.4066 -3.1907
v  -2.0314 -2.4170 -3.1948
v  -1.9934 -2.4357 -3.1789
v  -1.9777 -2.4158 -3.0989
v  -1.9554 -2.4054 -3.1122
v  -1.9484 -2.3746 -3.1252
v  -1.9965 -2.4053 -3.1149
v  -1.9775 -2.3790 -3.1391
v  -1.9957 -2.3905 -3.1304
v  -2.0115 -2.3928 -3.0043
v  -2.0140 -2.4849 -3.1161
v  -2.0093 -2.4853 -3.1288
v  -1.9870 -2.4578 -3.1574
v  -1.9171 -2.3987 -3.0107
v  -1.9336 -2.4881 -3.1211
v  -1.9398 -2.4881 -3.1329
v  -1.9657 -2.4582 -3.1591
v  -1.8761 -2.3412 -3.0732
v  -1.9002 -2.4401 -3.1716
v  -1.9112 -2.4474 -3.1764
v  -1.9576 -2.4450 -3.1731
v  -1.9256 -2.2828 -3.1261
v  -1.9421 -2.3926 -3.2151
v  -1.9472 -2.4056 -3.2147
v  -1.9699 -2.4330 -3.1839
v  -2.0111 -2.2784 -3.1192
v  -2.0150 -2.3900 -3.2103
v  -2.0101 -2.4029 -3.2111
v  -1.9877 -2.4324 -3.1828
v  -2.0592 -2.3291 -3.0612
v  -2.0540 -2.4324 -3.1636
v  -2.0442 -2.4396 -3.1710
v  -1.9977 -2.4434 -3.1707
v  -1.9647 -2.4146 -3.1037
v  -1.9466 -2.3874 -3.1177
v  -1.9885 -2.4143 -3.1063
v  -1.9601 -2.3719 -3.1332
v  -1.9887 -2.3829 -3.1372
v  -1.9992 -2.3979 -3.1229
v  -1.9692 -2.4951 -3.1185
v  -2.0421 -2.4624 -3.1436
v  -1.9139 -2.4713 -3.1477
v  -1.9179 -2.4181 -3.2001
v  -1.9805 -2.3930 -3.2193
v  -2.0367 -2.4122 -3.1940
v  -2.0123 -2.4865 -3.1226
v  -1.9362 -2.4896 -3.1272
v  -1.9047 -2.4447 -3.1750
v  -1.9442 -2.3993 -3.2164
v  -2.0132 -2.3966 -3.2122
v  -2.0503 -2.4368 -3.1682
v  -2.0098 -3.1296 -2.2624
v  -1.9081 -3.1345 -2.2699
v  -1.9247 -3.2293 -2.3765
v  -2.0120 -3.2258 -2.3717
v  -2.0072 -3.2269 -2.3845
v  -1.9299 -3.2294 -2.3888
v  -1.9581 -3.2028 -2.4136
v  -1.9802 -3.2023 -2.4121
v  -1.8694 -3.0868 -2.3259
v  -1.8933 -3.1863 -2.4250
v  -1.9039 -3.1937 -2.4293
v  -1.9497 -3.1909 -2.4270
v  -1.9257 -3.0259 -2.3861
v  -1.9367 -3.1391 -2.4707
v  -1.9410 -3.1526 -2.4699
v  -1.9630 -3.1787 -2.4388
v  -2.0074 -3.0259 -2.3777
v  -2.0100 -3.1396 -2.4645
v  -2.0053 -3.1522 -2.4646
v  -1.9817 -3.1798 -2.4361
v  -2.0513 -3.0703 -2.3224
v  -2.0448 -3.1780 -2.4192
v  -2.0352 -3.1850 -2.4268
v  -1.9900 -3.1879 -2.4266
v  -1.9552 -3.1586 -2.3562
v  -1.9443 -3.1419 -2.3758
v  -1.9537 -3.1115 -2.3883
v  -1.9808 -3.1564 -2.3638
v  -1.9823 -3.1268 -2.3913
v  -1.9909 -3.1433 -2.3775
v  -1.9591 -3.1428 -2.2544
v  -1.9684 -3.2370 -2.3641
v  -1.9686 -3.2365 -2.3777
v  -1.9691 -3.2049 -2.4103
v  -1.8775 -3.1153 -2.2941
v  -1.8993 -3.2118 -2.3974
v  -1.9089 -3.2149 -2.4062
v  -1.9511 -3.1978 -2.4195
v  -1.8844 -3.0513 -2.3630
v  -1.9052 -3.1586 -2.4530
v  -1.9139 -3.1696 -2.4542
v  -1.9537 -3.1836 -2.4345
v  -1.9667 -3.0178 -2.3909
v  -1.9737 -3.1319 -2.4756
v  -1.9733 -3.1459 -2.4743
v  -1.9724 -3.1774 -2.4394
v  -2.0399 -3.0435 -2.3540
v  -2.0361 -3.1550 -2.4452
v  -2.0275 -3.1654 -2.4485
v  -1.9877 -3.1831 -2.4320
v  -2.0431 -3.1040 -2.2863
v  -2.0383 -3.2053 -2.3908
v  -2.0299 -3.2090 -2.4016
v  -1.9882 -3.1961 -2.4180
v  -1.9461 -3.1531 -2.3651
v  -1.9450 -3.1223 -2.3827
v  -1.9677 -3.1614 -2.3591
v  -1.9676 -3.1136 -2.3914
v  -1.9898 -3.1343 -2.3858
v  -1.9886 -3.1511 -2.3698
v  -1.9267 -3.2308 -2.3829
v  -2.0103 -3.2278 -2.3783
v  -1.8976 -3.1909 -2.4280
v  -1.9384 -3.1462 -2.4719
v  -2.0083 -3.1462 -2.4660
v  -2.0412 -3.1824 -2.4238
v  -1.9685 -3.2383 -2.3709
v  -1.9032 -3.2146 -2.4023
v  -1.9086 -3.1647 -2.4549
v  -1.9736 -3.1391 -2.4766
v  -2.0328 -3.1607 -2.4480
v  -2.0351 -3.2083 -2.3966
v  -1.4348 -3.7809 -1.6131
v  -1.3477 -3.7500 -1.6563
v  -1.3663 -3.8513 -1.7564
v  -1.4414 -3.8786 -1.7208
v  -1.4414 -3.8787 -1.7346
v  -1.3751 -3.8541 -1.7660
v  -1.4177 -3.8408 -1.7774
v  -1.4365 -3.8481 -1.7682
v  -1.3508 -3.6955 -1.7190
v  -1.3715 -3.8033 -1.8098
v  -1.3795 -3.8143 -1.8106
v  -1.4194 -3.8277 -1.7921
v  -1.4424 -3.6626 -1.7512
v  -1.4419 -3.7777 -1.8339
v  -1.4406 -3.7917 -1.8326
v  -1.4394 -3.8218 -1.7976
v  -1.5103 -3.6909 -1.7144
v  -1.5030 -3.8036 -1.8023
v  -1.4945 -3.8137 -1.8048
v  -1.4542 -3.8292 -1.7885
v  -1.5130 -3.7442 -1.6504
v  -1.5036 -3.8488 -1.7503
v  -1.4954 -3.8524 -1.7613
v  -1.4552 -3.8391 -1.7773
v  -1.4105 -3.7948 -1.7219
v  -1.4139 -3.7766 -1.7429
v  -1.4372 -3.7524 -1.7491
v  -1.4361 -3.8023 -1.7198
v  -1.4576 -3.7770 -1.7428
v  -1.4543 -3.7946 -1.7281
v  -1.3835 -3.7748 -1.6244
v  -1.3970 -3.8731 -1.7299
v  -1.4022 -3.8736 -1.7425
v  -1.4253 -3.8465 -1.7706
v  -1.3365 -3.7229 -1.6885
v  -1.3579 -3.8274 -1.7837
v  -1.3682 -3.8342 -1.7888
v  -1.4155 -3.8342 -1.7850
v  -1.3896 -3.6701 -1.7459
v  -1.4014 -3.7835 -1.8299
v  -1.4055 -3.7969 -1.8286
v  -1.4281 -3.8228 -1.7972
v  -1.4825 -3.6698 -1.7406
v  -1.4782 -3.7843 -1.8249
v  -1.4725 -3.7971 -1.8248
v  -1.4482 -3.8239 -1.7947
v  -1.5237 -3.7172 -1.6820
v  -1.5133 -3.8259 -1.7761
v  -1.5034 -3.8328 -1.7829
v  -1.4568 -3.8341 -1.7828
v  -1.4812 -3.7703 -1.6219
v  -1.4782 -3.8700 -1.7280
v  -1.4734 -3.8712 -1.7413
v  -1.4477 -3.8456 -1.7704
v  -1.4077 -3.7871 -1.7331
v  -1.4239 -3.7590 -1.7478
v  -1.4214 -3.8021 -1.7204
v  -1.4496 -3.7595 -1.7473
v  -1.4595 -3.7863 -1.7356
v  -1.4469 -3.8005 -1.7222
v  -1.3698 -3.8538 -1.7617
v  -1.4416 -3.8803 -1.7277
v  -1.3746 -3.8093 -1.8114
v  -1.4413 -3.7849 -1.8349
v  -1.4997 -3.8092 -1.8047
v  -1.5005 -3.8518 -1.7562
v  -1.3991 -3.8749 -1.7364
v  -1.3620 -3.8317 -1.7871
v  -1.4030 -3.7905 -1.8309
v  -1.4759 -3.7910 -1.8263
v  -1.5095 -3.8302 -1.7803
v  -1.4765 -3.8722 -1.7348
v  0.0485 -4.0225 -1.4109
v  0.0977 -3.9656 -1.4800
v  0.0820 -4.0733 -1.5737
v  0.0391 -4.1230 -1.5158
v  0.0344 -4.1240 -1.5287
v  0.0719 -4.0796 -1.5797
v  0.0263 -4.0831 -1.5744
v  0.0159 -4.0959 -1.5597
v  0.0536 -3.9200 -1.5336
v  0.0417 -4.0339 -1.6184
v  0.0383 -4.0470 -1.6170
v  0.0150 -4.0724 -1.5866
v  -0.0488 -3.9238 -1.5290
v  -0.0369 -4.0364 -1.6143
v  -0.0304 -4.0490 -1.6145
v  -0.0063 -4.0743 -1.5843
v  -0.0845 -3.9718 -1.4727
v  -0.0695 -4.0802 -1.5649
v  -0.0594 -4.0868 -1.5710
v  -0.0133 -4.0859 -1.5710
v  -0.0453 -4.0183 -1.4156
v  -0.0356 -4.1191 -1.5193
v  -0.0312 -4.1203 -1.5327
v  -0.0067 -4.0947 -1.5609
v  0.0360 -4.0339 -1.5220
v  0.0192 -4.0196 -1.5392
v  -0.0118 -4.0057 -1.5351
v  0.0172 -4.0499 -1.5115
v  -0.0185 -4.0354 -1.5237
v  -0.0043 -4.0497 -1.5123
v  0.0868 -3.9993 -1.4393
v  0.0725 -4.1028 -1.5396
v  0.0637 -4.1059 -1.5496
v  0.0242 -4.0906 -1.5657
v  0.0864 -3.9385 -1.5120
v  0.0712 -4.0498 -1.6005
v  0.0629 -4.0601 -1.6020
v  0.0232 -4.0766 -1.5818
v  0.0015 -3.9117 -1.5433
v  0.0016 -4.0273 -1.6252
v  0.0033 -4.0412 -1.6235
v  0.0040 -4.0712 -1.5879
v  -0.0772 -3.9440 -1.5055
v  -0.0628 -4.0549 -1.5935
v  -0.0533 -4.0648 -1.5962
v  -0.0122 -4.0793 -1.5786
v  -0.0754 -3.9990 -1.4395
v  -0.0612 -4.1029 -1.5384
v  -0.0527 -4.1063 -1.5487
v  -0.0118 -4.0910 -1.5651
v  0.0015 -4.0296 -1.4021
v  0.0018 -4.1285 -1.5089
v  0.0016 -4.1288 -1.5231
v  0.0045 -4.0976 -1.5576
v  0.0317 -4.0265 -1.5329
v  0.0026 -4.0070 -1.5390
v  0.0297 -4.0445 -1.5172
v  -0.0193 -4.0165 -1.5295
v  -0.0143 -4.0443 -1.5169
v  0.0063 -4.0522 -1.5098
v  0.0780 -4.0773 -1.5776
v  0.0372 -4.1251 -1.5223
v  0.0405 -4.0407 -1.6192
v  -0.0342 -4.0430 -1.6159
v  -0.0655 -4.0844 -1.5687
v  -0.0340 -4.1213 -1.5261
v  0.0690 -4.1056 -1.5450
v  0.0679 -4.0555 -1.6025
v  0.0024 -4.0344 -1.6260
v  -0.0590 -4.0604 -1.5961
v  -0.0579 -4.1059 -1.5439
v  0.0016 -4.1303 -1.5160
v  0.9644 -3.8298 -1.6069
v  0.9625 -3.7639 -1.6848
v  0.9538 -3.8761 -1.7740
v  0.9547 -3.9338 -1.7083
v  0.9464 -3.9373 -1.7187
v  0.9452 -3.8860 -1.7765
v  0.9088 -3.9050 -1.7557
v  0.9095 -3.9196 -1.7391
v  0.8892 -3.7405 -1.7161
v  0.8891 -3.8565 -1.7988
v  0.8913 -3.8699 -1.7972
v  0.8909 -3.8998 -1.7623
v  0.8035 -3.7799 -1.6760
v  0.8234 -3.8864 -1.7673
v  0.8335 -3.8958 -1.7707
v  0.8739 -3.9090 -1.7528
v  0.8094 -3.8336 -1.6140
v  0.8281 -3.9355 -1.7128
v  0.8370 -3.9386 -1.7225
v  0.8766 -3.9214 -1.7387
v  0.8800 -3.8595 -1.5778
v  0.8873 -3.9569 -1.6849
v  0.8869 -3.9573 -1.6990
v  0.8890 -3.9267 -1.7322
v  0.9183 -3.8522 -1.7068
v  0.8926 -3.8459 -1.7159
v  0.8623 -3.8436 -1.7002
v  0.9114 -3.8731 -1.6915
v  0.8710 -3.8730 -1.6892
v  0.8925 -3.8805 -1.6846
v  0.9794 -3.7965 -1.6452
v  0.9680 -3.9047 -1.7409
v  0.9580 -3.9114 -1.7473
v  0.9126 -3.9122 -1.7473
v  0.9318 -3.7447 -1.7088
v  0.9266 -3.8598 -1.7936
v  0.9226 -3.8724 -1.7928
v  0.9011 -3.9005 -1.7611
v  0.8378 -3.7518 -1.7062
v  0.8496 -3.8650 -1.7905
v  0.8566 -3.8773 -1.7905
v  0.8804 -3.9027 -1.7596
v  0.7944 -3.8073 -1.6453
v  0.8149 -3.9114 -1.7401
v  0.8257 -3.9175 -1.7467
v  0.8726 -3.9153 -1.7457
v  0.8387 -3.8536 -1.5881
v  0.8527 -3.9521 -1.6925
v  0.8576 -3.9529 -1.7054
v  0.8818 -3.9253 -1.7341
v  0.9293 -3.8525 -1.5825
v  0.9267 -3.9517 -1.6890
v  0.9217 -3.9530 -1.7022
v  0.9010 -3.9252 -1.7333
v  0.9081 -3.8475 -1.7150
v  0.8739 -3.8401 -1.7090
v  0.9182 -3.8640 -1.7009
v  0.8616 -3.8561 -1.6931
v  0.8802 -3.8794 -1.6850
v  0.9034 -3.8789 -1.6863
v  0.9503 -3.8815 -1.7765
v  0.9514 -3.9369 -1.7138
v  0.8902 -3.8634 -1.7996
v  0.8275 -3.8917 -1.7703
v  0.8317 -3.9383 -1.7180
v  0.8871 -3.9588 -1.6919
v  0.9641 -3.9089 -1.7449
v  0.9251 -3.8664 -1.7947
v  0.8526 -3.8714 -1.7921
v  0.8192 -3.9154 -1.7442
v  0.8546 -3.9540 -1.6990
v  0.9247 -3.9539 -1.6957
v  1.6202 -3.3389 -2.1001
v  1.5677 -3.2832 -2.1677
v  1.5682 -3.3969 -2.2554
v  1.6127 -3.4461 -2.1984
v  1.6030 -3.4530 -2.2054
v  1.5633 -3.4093 -2.2555
v  1.5460 -3.4385 -2.2244
v  1.5576 -3.4508 -2.2103
v  1.4849 -3.2894 -2.1694
v  1.4965 -3.4031 -2.2544
v  1.5037 -3.4147 -2.2546
v  1.5263 -3.4404 -2.2240
v  1.4388 -3.3538 -2.1043
v  1.4613 -3.4522 -2.2039
v  1.4722 -3.4576 -2.2112
v  1.5182 -3.4544 -2.2097
v  1.4848 -3.3978 -2.0523
v  1.5021 -3.4927 -2.1580
v  1.5074 -3.4931 -2.1704
v  1.5299 -3.4641 -2.1984
v  1.5679 -3.3945 -2.0452
v  1.5708 -3.4898 -2.1543
v  1.5656 -3.4914 -2.1674
v  1.5448 -3.4642 -2.1970
v  1.5529 -3.3827 -2.1786
v  1.5251 -3.3865 -2.1776
v  1.5037 -3.3941 -2.1521
v  1.5597 -3.4037 -2.1633
v  1.5254 -3.4177 -2.1469
v  1.5483 -3.4168 -2.1507
v  1.6078 -3.3051 -2.1389
v  1.6024 -3.4163 -2.2315
v  1.5938 -3.4265 -2.2344
v  1.5548 -3.4433 -2.2185
v  1.5258 -3.2777 -2.1779
v  1.5320 -3.3925 -2.2631
v  1.5332 -3.4057 -2.2617
v  1.5358 -3.4374 -2.2265
v  1.4479 -3.3175 -2.1427
v  1.4683 -3.4244 -2.2333
v  1.4787 -3.4334 -2.2366
v  1.5192 -3.4466 -2.2179
v  1.4514 -3.3806 -2.0744
v  1.4724 -3.4767 -2.1772
v  1.4816 -3.4790 -2.1875
v  1.5218 -3.4603 -2.2031
v  1.5264 -3.4044 -2.0399
v  1.5364 -3.4981 -2.1489
v  1.5364 -3.4980 -2.1627
v  1.5374 -3.4656 -2.1962
v  1.6065 -3.3709 -2.0665
v  1.6016 -3.4714 -2.1717
v  1.5930 -3.4753 -2.1824
v  1.5542 -3.4586 -2.2022
v  1.5395 -3.3824 -2.1823
v  1.5093 -3.3872 -2.1642
v  1.5590 -3.3933 -2.1739
v  1.5100 -3.4055 -2.1461
v  1.5372 -3.4201 -2.1466
v  1.5566 -3.4116 -2.1560
v  1.5662 -3.4033 -2.2569
v  1.6090 -3.4505 -2.2026
v  1.4996 -3.4092 -2.2560
v  1.4657 -3.4558 -2.2085
v  1.5043 -3.4944 -2.1643
v  1.5687 -3.4922 -2.1610
v  1.5991 -3.4219 -2.2342
v  1.5326 -3.3993 -2.2640
v  1.4726 -3.4295 -2.2363
v  1.4761 -3.4792 -2.1828
v  1.5364 -3.4997 -2.1558
v  1.5983 -3.4746 -2.1774
v  1.8402 -2.6813 -2.7586
v  1.7511 -2.6523 -2.7992
v  1.7607 -2.7640 -2.8891
v  1.8368 -2.7904 -2.8549
v  1.8284 -2.8007 -2.8585
v  1.7609 -2.7773 -2.8882
v  1.7671 -2.8087 -2.8551
v  1.7865 -2.8151 -2.8468
v  1.6810 -2.6875 -2.7720
v  1.7012 -2.7951 -2.8632
v  1.7114 -2.8034 -2.8667
v  1.7509 -2.8174 -2.8478
v  1.6869 -2.7597 -2.6994
v  1.7059 -2.8500 -2.8070
v  1.7146 -2.8517 -2.8180
v  1.7539 -2.8324 -2.8326
v  1.7607 -2.7810 -2.6701
v  1.7717 -2.8704 -2.7813
v  1.7721 -2.8697 -2.7948
v  1.7714 -2.8365 -2.8268
v  1.8340 -2.7481 -2.6926
v  1.8315 -2.8432 -2.8020
v  1.8229 -2.8473 -2.8124
v  1.7849 -2.8312 -2.8309
v  1.7696 -2.7512 -2.8110
v  1.7473 -2.7644 -2.8005
v  1.7404 -2.7774 -2.7696
v  1.7883 -2.7673 -2.8005
v  1.7694 -2.7914 -2.7741
v  1.7875 -2.7828 -2.7857
v  1.8038 -2.6567 -2.7881
v  1.8056 -2.7685 -2.8801
v  1.8008 -2.7813 -2.8805
v  1.7785 -2.8097 -2.8530
v  1.7093 -2.6627 -2.7936
v  1.7251 -2.7732 -2.8831
v  1.7313 -2.7850 -2.8832
v  1.7572 -2.8113 -2.8533
v  1.6683 -2.7251 -2.7359
v  1.6917 -2.8236 -2.8350
v  1.7027 -2.8285 -2.8423
v  1.7491 -2.8253 -2.8401
v  1.7179 -2.7782 -2.6777
v  1.7336 -2.8673 -2.7876
v  1.7387 -2.8668 -2.8007
v  1.7614 -2.8362 -2.8281
v  1.8034 -2.7716 -2.6736
v  1.8066 -2.8627 -2.7853
v  1.8016 -2.8635 -2.7982
v  1.7793 -2.8351 -2.8275
v  1.8515 -2.7138 -2.7245
v  1.8455 -2.8162 -2.8278
v  1.8357 -2.8236 -2.8350
v  1.7892 -2.8231 -2.8386
v  1.7566 -2.7559 -2.8097
v  1.7385 -2.7699 -2.7824
v  1.7804 -2.7586 -2.8095
v  1.7520 -2.7854 -2.7670
v  1.7805 -2.7895 -2.7781
v  1.7910 -2.7753 -2.7932
v  1.7607 -2.7707 -2.8902
v  1.8336 -2.7961 -2.8578
v  1.7054 -2.7998 -2.8662
v  1.7094 -2.8522 -2.8130
v  1.7720 -2.8716 -2.7881
v  1.8282 -2.8465 -2.8076
v  1.8038 -2.7751 -2.8818
v  1.7277 -2.7794 -2.8846
v  1.6962 -2.8270 -2.8396
v  1.7357 -2.8686 -2.7944
v  1.8047 -2.8646 -2.7919
v  1.8418 -2.8208 -2.8322
v  1.5654 -2.0332 -3.4057
v  1.4637 -2.0404 -3.4102
v  1.4796 -2.1471 -3.5050
v  1.5669 -2.1426 -3.5018
v  1.5620 -2.1554 -3.5029
v  1.4848 -2.1593 -3.5052
v  1.5130 -2.1843 -3.4786
v  1.5350 -2.1829 -3.4783
v  1.4250 -2.0962 -3.3624
v  1.4482 -2.1954 -3.4620
v  1.4588 -2.1998 -3.4694
v  1.5046 -2.1977 -3.4668
v  1.4813 -2.1567 -3.3017
v  1.4916 -2.2413 -3.4150
v  1.4959 -2.2406 -3.4285
v  1.5179 -2.2095 -3.4546
v  1.5631 -2.1485 -3.3019
v  1.5649 -2.2354 -3.4157
v  1.5602 -2.2354 -3.4283
v  1.5365 -2.2068 -3.4557
v  1.6070 -2.0934 -3.3465
v  1.5998 -2.1902 -3.4542
v  1.5901 -2.1978 -3.4612
v  1.5449 -2.1974 -3.4639
v  1.5104 -2.1268 -3.4345
v  1.4995 -2.1464 -3.4177
v  1.5090 -2.1589 -3.3873
v  1.5360 -2.1345 -3.4324
v  1.5375 -2.1620 -3.4027
v  1.5461 -2.1483 -3.4194
v  1.5148 -2.0251 -3.4187
v  1.5233 -2.1348 -3.5129
v  1.5234 -2.1484 -3.5124
v  1.5240 -2.1810 -3.4808
v  1.4331 -2.0645 -3.3909
v  1.4542 -2.1679 -3.4875
v  1.4637 -2.1767 -3.4906
v  1.5060 -2.1901 -3.4737
v  1.4400 -2.1334 -3.3269
v  1.4600 -2.2235 -3.4343
v  1.4687 -2.2247 -3.4454
v  1.5086 -2.2051 -3.4595
v  1.5223 -2.1616 -3.2937
v  1.5286 -2.2463 -3.4079
v  1.5282 -2.2450 -3.4218
v  1.5273 -2.2101 -3.4534
v  1.5955 -2.1249 -3.3197
v  1.5910 -2.2161 -3.4312
v  1.5824 -2.2195 -3.4415
v  1.5426 -2.2028 -3.4590
v  1.5987 -2.0573 -3.3802
v  1.5932 -2.1617 -3.4815
v  1.5848 -2.1726 -3.4851
v  1.5430 -2.1888 -3.4721
v  1.5013 -2.1358 -3.4290
v  1.5002 -2.1534 -3.3981
v  1.5229 -2.1298 -3.4374
v  1.5228 -2.1621 -3.3895
v  1.5450 -2.1565 -3.4103
v  1.5438 -2.1405 -3.4271
v  1.4816 -2.1534 -3.5066
v  1.5652 -2.1491 -3.5038
v  1.4525 -2.1985 -3.4666
v  1.4932 -2.2425 -3.4220
v  1.5632 -2.2368 -3.4222
v  1.5961 -2.1948 -3.4585
v  1.5234 -2.1417 -3.5142
v  1.4581 -2.1728 -3.4902
v  1.4635 -2.2254 -3.4404
v  1.5284 -2.2473 -3.4150
v  1.5877 -2.2190 -3.4368
v  1.5900 -2.1676 -3.4845
v  0.8695 -1.5683 -3.8682
v  0.7823 -1.6112 -3.8369
v  0.8003 -1.7114 -3.9383
v  0.8754 -1.6761 -3.9659
v  0.8754 -1.6898 -3.9660
v  0.8090 -1.7210 -3.9411
v  0.8517 -1.7325 -3.9280
v  0.8704 -1.7234 -3.9354
v  0.7855 -1.6739 -3.7825
v  0.8054 -1.7648 -3.8904
v  0.8135 -1.7656 -3.9013
v  0.8533 -1.7472 -3.9149
v  0.8771 -1.7064 -3.7499
v  0.8758 -1.7891 -3.8650
v  0.8745 -1.7878 -3.8790
v  0.8733 -1.7528 -3.9091
v  0.9449 -1.6699 -3.7784
v  0.9370 -1.7577 -3.8911
v  0.9284 -1.7603 -3.9012
v  0.8882 -1.7438 -3.9165
v  0.9477 -1.6058 -3.8318
v  0.9376 -1.7058 -3.9363
v  0.9294 -1.7167 -3.9399
v  0.8892 -1.7326 -3.9264
v  0.8448 -1.6770 -3.8820
v  0.8482 -1.6980 -3.8638
v  0.8716 -1.7043 -3.8397
v  0.8704 -1.6750 -3.8896
v  0.8919 -1.6981 -3.8644
v  0.8886 -1.6834 -3.8820
v  0.8182 -1.5794 -3.8619
v  0.8310 -1.6850 -3.9602
v  0.8361 -1.6976 -3.9608
v  0.8593 -1.7258 -3.9337
v  0.7712 -1.6433 -3.8098
v  0.7918 -1.7386 -3.9144
v  0.8021 -1.7437 -3.9212
v  0.8494 -1.7402 -3.9214
v  0.8242 -1.7009 -3.7572
v  0.8354 -1.7850 -3.8706
v  0.8394 -1.7837 -3.8841
v  0.8620 -1.7523 -3.9100
v  0.9172 -1.6960 -3.7572
v  0.9121 -1.7803 -3.8717
v  0.9064 -1.7801 -3.8845
v  0.8822 -1.7500 -3.9113
v  0.9584 -1.6375 -3.8048
v  0.9473 -1.7316 -3.9135
v  0.9374 -1.7384 -3.9203
v  0.8908 -1.7381 -3.9215
v  0.9159 -1.5773 -3.8578
v  0.9122 -1.6833 -3.9575
v  0.9074 -1.6967 -3.9586
v  0.8816 -1.7257 -3.9329
v  0.8420 -1.6882 -3.8742
v  0.8582 -1.7029 -3.8463
v  0.8556 -1.6755 -3.8893
v  0.8839 -1.7025 -3.8469
v  0.8938 -1.6909 -3.8737
v  0.8812 -1.6775 -3.8878
v  0.8037 -1.7167 -3.9409
v  0.8756 -1.6830 -3.9676
v  0.8086 -1.7664 -3.8964
v  0.8752 -1.7901 -3.8722
v  0.9337 -1.7601 -3.8967
v  0.9345 -1.7117 -3.9394
v  0.8331 -1.6915 -3.9620
v  0.7960 -1.7421 -3.9187
v  0.8369 -1.7859 -3.8777
v  0.9098 -1.7817 -3.8784
v  0.9434 -1.7358 -3.9178
v  0.9104 -1.6901 -3.9596
v  -0.0610 -1.4111 -4.0221
v  -0.1103 -1.4799 -3.9651
v  -0.0952 -1.5737 -4.0729
v  -0.0524 -1.5160 -4.1227
v  -0.0477 -1.5289 -4.1238
v  -0.0853 -1.5798 -4.0792
v  -0.0396 -1.5746 -4.0828
v  -0.0292 -1.5599 -4.0957
v  -0.0662 -1.5337 -3.9196
v  -0.0550 -1.6185 -4.0335
v  -0.0516 -1.6172 -4.0467
v  -0.0283 -1.5868 -4.0722
v  0.0362 -1.5295 -3.9238
v  0.0236 -1.6147 -4.0364
v  0.0170 -1.6149 -4.0489
v  -0.0070 -1.5846 -4.0742
v  0.0720 -1.4733 -3.9719
v  0.0562 -1.5655 -4.0802
v  0.0461 -1.5715 -4.0868
v  0.0000 -1.5714 -4.0857
v  0.0328 -1.4161 -4.0183
v  0.0224 -1.5198 -4.1191
v  0.0179 -1.5331 -4.1203
v  -0.0066 -1.5612 -4.0946
v  -0.0489 -1.5221 -4.0336
v  -0.0321 -1.5394 -4.0193
v  -0.0011 -1.5354 -4.0055
v  -0.0301 -1.5117 -4.0497
v  0.0056 -1.5240 -4.0353
v  -0.0087 -1.5126 -4.0495
v  -0.0993 -1.4392 -3.9988
v  -0.0857 -1.5397 -4.1023
v  -0.0770 -1.5497 -4.1055
v  -0.0375 -1.5659 -4.0904
v  -0.0990 -1.5120 -3.9380
v  -0.0845 -1.6006 -4.0494
v  -0.0762 -1.6021 -4.0597
v  -0.0365 -1.5820 -4.0763
v  -0.0141 -1.5436 -3.9116
v  -0.0149 -1.6255 -4.0271
v  -0.0166 -1.6238 -4.0410
v  -0.0173 -1.5882 -4.0710
v  0.0646 -1.5060 -3.9441
v  0.0495 -1.5940 -4.0549
v  0.0400 -1.5967 -4.0648
v  -0.0011 -1.5789 -4.0791
v  0.0629 -1.4401 -3.9991
v  0.0480 -1.5389 -4.1029
v  0.0394 -1.5492 -4.1063
v  -0.0015 -1.5655 -4.0909
v  -0.0140 -1.4024 -4.0294
v  -0.0150 -1.5092 -4.1283
v  -0.0149 -1.5234 -4.1286
v  -0.0178 -1.5579 -4.0975
v  -0.0447 -1.5331 -4.0262
v  -0.0155 -1.5393 -4.0068
v  -0.0426 -1.5174 -4.0442
v  0.0064 -1.5299 -4.0165
v  0.0014 -1.5172 -4.0442
v  -0.0193 -1.5101 -4.0520
v  -0.0913 -1.5776 -4.0768
v  -0.0504 -1.5225 -4.1248
v  -0.0538 -1.6193 -4.0404
v  0.0209 -1.6163 -4.0430
v  0.0522 -1.5693 -4.0845
v  0.0207 -1.5265 -4.1212
v  -0.0823 -1.5451 -4.1052
v  -0.0812 -1.6025 -4.0551
v  -0.0157 -1.6263 -4.0343
v  0.0457 -1.5966 -4.0604
v  0.0446 -1.5444 -4.1059
v  -0.0149 -1.5163 -4.1301
v  -0.4719 -1.6939 -3.7692
v  -0.4701 -1.7718 -3.7032
v  -0.4620 -1.8610 -3.8155
v  -0.4629 -1.7953 -3.8732
v  -0.4547 -1.8057 -3.8767
v  -0.4535 -1.8636 -3.8254
v  -0.4171 -1.8429 -3.8445
v  -0.4178 -1.8263 -3.8592
v  -0.3968 -1.8034 -3.6801
v  -0.3974 -1.8860 -3.7961
v  -0.3996 -1.8845 -3.8095
v  -0.3992 -1.8496 -3.8394
v  -0.3111 -1.7635 -3.7198
v  -0.3317 -1.8548 -3.8263
v  -0.3418 -1.8582 -3.8356
v  -0.3822 -1.8401 -3.8487
v  -0.3170 -1.7016 -3.7735
v  -0.3364 -1.8003 -3.8753
v  -0.3453 -1.8099 -3.8784
v  -0.3849 -1.8260 -3.8610
v  -0.3875 -1.6651 -3.7991
v  -0.3956 -1.7721 -3.8965
v  -0.3952 -1.7863 -3.8970
v  -0.3973 -1.8195 -3.8663
v  -0.4263 -1.7940 -3.7918
v  -0.4006 -1.8032 -3.7855
v  -0.3702 -1.7876 -3.7833
v  -0.4194 -1.7787 -3.8127
v  -0.3790 -1.7766 -3.8127
v  -0.4004 -1.7719 -3.8202
v  -0.4869 -1.7322 -3.7358
v  -0.4762 -1.8279 -3.8440
v  -0.4663 -1.8343 -3.8508
v  -0.4209 -1.8345 -3.8517
v  -0.4394 -1.7960 -3.6841
v  -0.4349 -1.8808 -3.7992
v  -0.4309 -1.8800 -3.8119
v  -0.4094 -1.8483 -3.8401
v  -0.3454 -1.7936 -3.6916
v  -0.3579 -1.8779 -3.8047
v  -0.3650 -1.8779 -3.8170
v  -0.3887 -1.8469 -3.8423
v  -0.3020 -1.7329 -3.7473
v  -0.3231 -1.8276 -3.8513
v  -0.3340 -1.8342 -3.8574
v  -0.3809 -1.8331 -3.8550
v  -0.3462 -1.6756 -3.7934
v  -0.3609 -1.7799 -3.8918
v  -0.3659 -1.7928 -3.8926
v  -0.3901 -1.8214 -3.8649
v  -0.4368 -1.6696 -3.7920
v  -0.4350 -1.7761 -3.8912
v  -0.4299 -1.7893 -3.8925
v  -0.4093 -1.8205 -3.8647
v  -0.4161 -1.8022 -3.7871
v  -0.3818 -1.7964 -3.7797
v  -0.4262 -1.7881 -3.8035
v  -0.3695 -1.7805 -3.7958
v  -0.3882 -1.7723 -3.8190
v  -0.4113 -1.7735 -3.8185
v  -0.4586 -1.8636 -3.8209
v  -0.4597 -1.8008 -3.8763
v  -0.3985 -1.8868 -3.8030
v  -0.3358 -1.8578 -3.8315
v  -0.3400 -1.8055 -3.8781
v  -0.3954 -1.7792 -3.8984
v  -0.4724 -1.8319 -3.8483
v  -0.4334 -1.8818 -3.8058
v  -0.3609 -1.8795 -3.8112
v  -0.3275 -1.8317 -3.8553
v  -0.3629 -1.7864 -3.8938
v  -0.4330 -1.7828 -3.8934
v  -0.6780 -1.9919 -3.4973
v  -0.6762 -2.0698 -3.4313
v  -0.6682 -2.1591 -3.5436
v  -0.6691 -2.0934 -3.6013
v  -0.6608 -2.1038 -3.6049
v  -0.6596 -2.1617 -3.5535
v  -0.6232 -2.1409 -3.5726
v  -0.6239 -2.1244 -3.5873
v  -0.6029 -2.1014 -3.4082
v  -0.6035 -2.1841 -3.5242
v  -0.6057 -2.1825 -3.5376
v  -0.6053 -2.1476 -3.5675
v  -0.5172 -2.0616 -3.4480
v  -0.5378 -2.1529 -3.5544
v  -0.5479 -2.1562 -3.5638
v  -0.5883 -2.1381 -3.5768
v  -0.5231 -1.9996 -3.5017
v  -0.5425 -2.0983 -3.6035
v  -0.5514 -2.1080 -3.6065
v  -0.5910 -2.1241 -3.5891
v  -0.5936 -1.9631 -3.5272
v  -0.6017 -2.0702 -3.6246
v  -0.6013 -2.0843 -3.6251
v  -0.6034 -2.1175 -3.5944
v  -0.6324 -2.0920 -3.5199
v  -0.6067 -2.1012 -3.5136
v  -0.5763 -2.0856 -3.5115
v  -0.6255 -2.0767 -3.5408
v  -0.5851 -2.0746 -3.5408
v  -0.6065 -2.0700 -3.5483
v  -0.6930 -2.0302 -3.4640
v  -0.6824 -2.1259 -3.5722
v  -0.6724 -2.1324 -3.5789
v  -0.6270 -2.1326 -3.5799
v  -0.6455 -2.0940 -3.4123
v  -0.6410 -2.1788 -3.5274
v  -0.6370 -2.1780 -3.5401
v  -0.6156 -2.1463 -3.5682
v  -0.5515 -2.0917 -3.4197
v  -0.5640 -2.1760 -3.5329
v  -0.5711 -2.1759 -3.5451
v  -0.5949 -2.1449 -3.5704
v  -0.5081 -2.0310 -3.4754
v  -0.5293 -2.1257 -3.5794
v  -0.5401 -2.1322 -3.5855
v  -0.5870 -2.1311 -3.5831
v  -0.5523 -1.9736 -3.5216
v  -0.5671 -2.0779 -3.6199
v  -0.5720 -2.0908 -3.6207
v  -0.5962 -2.1194 -3.5930
v  -0.6429 -1.9677 -3.5201
v  -0.6411 -2.0742 -3.6193
v  -0.6361 -2.0874 -3.6206
v  -0.6154 -2.1186 -3.5929
v  -0.6222 -2.1003 -3.5152
v  -0.5879 -2.0944 -3.5079
v  -0.6323 -2.0861 -3.5317
v  -0.5756 -2.0785 -3.5239
v  -0.5943 -2.0703 -3.5471
v  -0.6175 -2.0715 -3.5466
v  -0.6647 -2.1616 -3.5490
v  -0.6658 -2.0989 -3.6044
v  -0.6046 -2.1849 -3.5311
v  -0.5420 -2.1558 -3.5597
v  -0.5461 -2.1035 -3.6063
v  -0.6015 -2.0773 -3.6265
v  -0.6785 -2.1299 -3.5764
v  -0.6395 -2.1799 -3.5340
v  -0.5670 -2.1775 -3.5393
v  -0.5336 -2.1298 -3.5834
v  -0.5690 -2.0845 -3.6219
v  -0.6391 -2.0809 -3.6216
v  -0.9769 -1.6037 -3.8262
v  -0.9751 -1.6816 -3.7603
v  -0.9670 -1.7709 -3.8725
v  -0.9680 -1.7052 -3.9302
v  -0.9597 -1.7156 -3.9338
v  -0.9585 -1.7735 -3.8824
v  -0.9221 -1.7527 -3.9015
v  -0.9228 -1.7362 -3.9162
v  -0.9018 -1.7132 -3.7371
v  -0.9024 -1.7959 -3.8531
v  -0.9046 -1.7943 -3.8665
v  -0.9042 -1.7594 -3.8964
v  -0.8161 -1.6734 -3.7769
v  -0.8367 -1.7647 -3.8833
v  -0.8468 -1.7680 -3.8927
v  -0.8872 -1.7499 -3.9057
v  -0.8220 -1.6114 -3.8306
v  -0.8414 -1.7101 -3.9324
v  -0.8503 -1.7198 -3.9354
v  -0.8899 -1.7359 -3.9181
v  -0.8925 -1.5749 -3.8562
v  -0.9006 -1.6820 -3.9535
v  -0.9002 -1.6961 -3.9540
v  -0.9023 -1.7293 -3.9233
v  -0.9313 -1.7038 -3.8488
v  -0.9056 -1.7130 -3.8425
v  -0.8752 -1.6974 -3.8404
v  -0.9244 -1.6885 -3.8697
v  -0.8840 -1.6864 -3.8697
v  -0.9054 -1.6818 -3.8772
v  -0.9919 -1.6420 -3.7929
v  -0.9812 -1.7377 -3.9011
v  -0.9713 -1.7442 -3.9078
v  -0.9259 -1.7444 -3.9088
v  -0.9444 -1.7058 -3.7412
v  -0.9399 -1.7906 -3.8563
v  -0.9359 -1.7898 -3.8690
v  -0.9145 -1.7581 -3.8971
v  -0.8504 -1.7035 -3.7487
v  -0.8629 -1.7878 -3.8618
v  -0.8700 -1.7877 -3.8740
v  -0.8938 -1.7567 -3.8994
v  -0.8070 -1.6427 -3.8043
v  -0.8281 -1.7375 -3.9083
v  -0.8390 -1.7440 -3.9144
v  -0.8859 -1.7429 -3.9120
v  -0.8512 -1.5854 -3.8505
v  -0.8660 -1.6897 -3.9488
v  -0.8709 -1.7026 -3.9496
v  -0.8951 -1.7312 -3.9220
v  -0.9418 -1.5794 -3.8490
v  -0.9400 -1.6860 -3.9482
v  -0.9349 -1.6992 -3.9495
v  -0.9143 -1.7304 -3.9218
v  -0.9211 -1.7120 -3.8441
v  -0.8868 -1.7062 -3.8368
v  -0.9312 -1.6979 -3.8606
v  -0.8745 -1.6903 -3.8528
v  -0.8932 -1.6821 -3.8761
v  -0.9163 -1.6833 -3.8755
v  -0.9636 -1.7734 -3.8779
v  -0.9647 -1.7107 -3.9333
v  -0.9035 -1.7967 -3.8600
v  -0.8409 -1.7676 -3.8886
v  -0.8450 -1.7153 -3.9352
v  -0.9004 -1.6890 -3.9554
v  -0.9774 -1.7417 -3.9053
v  -0.9384 -1.7917 -3.8629
v  -0.8659 -1.7893 -3.8682
v  -0.8325 -1.7416 -3.9123
v  -0.8679 -1.6963 -3.9508
v  -0.9380 -1.6927 -3.9505
v  -1.1433 -1.9963 -3.4643
v  -1.0909 -2.0640 -3.4088
v  -1.0921 -2.1518 -3.5224
v  -1.1365 -2.0946 -3.5715
v  -1.1269 -2.1016 -3.5784
v  -1.0873 -2.1519 -3.5348
v  -1.0699 -2.1209 -3.5642
v  -1.0815 -2.1067 -3.5764
v  -1.0081 -2.0661 -3.4152
v  -1.0204 -2.1510 -3.5289
v  -1.0277 -2.1512 -3.5405
v  -1.0502 -2.1205 -3.5662
v  -0.9620 -2.0012 -3.4799
v  -0.9852 -2.1006 -3.5781
v  -0.9961 -2.1079 -3.5835
v  -1.0421 -2.1062 -3.5802
v  -1.0080 -1.9490 -3.5237
v  -1.0259 -2.0546 -3.6185
v  -1.0313 -2.0670 -3.6188
v  -1.0538 -2.0949 -3.5898
v  -1.0910 -1.9416 -3.5201
v  -1.0946 -2.0507 -3.6154
v  -1.0895 -2.0638 -3.6170
v  -1.0687 -2.0935 -3.5898
v  -1.0764 -2.0750 -3.5084
v  -1.0487 -2.0741 -3.5122
v  -1.0272 -2.0487 -3.5199
v  -1.0833 -2.0597 -3.5293
v  -1.0490 -2.0435 -3.5434
v  -1.0719 -2.0472 -3.5425
v  -1.1310 -2.0352 -3.4305
v  -1.1262 -2.1278 -3.5418
v  -1.1177 -2.1307 -3.5520
v  -1.0787 -2.1149 -3.5690
v  -1.0490 -2.0745 -3.4035
v  -1.0559 -2.1596 -3.5182
v  -1.0572 -2.1582 -3.5314
v  -1.0598 -2.1229 -3.5631
v  -0.9711 -2.0395 -3.4435
v  -0.9922 -2.1301 -3.5503
v  -1.0026 -2.1333 -3.5593
v  -1.0431 -2.1145 -3.5724
v  -0.9746 -1.9712 -3.5066
v  -0.9963 -2.0739 -3.6026
v  -1.0055 -2.0842 -3.6049
v  -1.0457 -2.0996 -3.5860
v  -1.0495 -1.9364 -3.5301
v  -1.0602 -2.0453 -3.6238
v  -1.0603 -2.0592 -3.6237
v  -1.0613 -2.0926 -3.5913
v  -1.1296 -1.9627 -3.4963
v  -1.1255 -2.0680 -3.5968
v  -1.1169 -2.0787 -3.6007
v  -1.0781 -2.0986 -3.5843
v  -1.0630 -2.0788 -3.5081
v  -1.0328 -2.0608 -3.5130
v  -1.0826 -2.0703 -3.5190
v  -1.0335 -2.0426 -3.5313
v  -1.0608 -2.0431 -3.5458
v  -1.0802 -2.0524 -3.5372
v  -1.0902 -2.1533 -3.5288
v  -1.1329 -2.0988 -3.5759
v  -1.0236 -2.1526 -3.5350
v  -0.9897 -2.1052 -3.5818
v  -1.0282 -2.0609 -3.6202
v  -1.0926 -2.0574 -3.6177
v  -1.1230 -2.1304 -3.5474
v  -1.0565 -2.1605 -3.5250
v  -0.9965 -2.1330 -3.5554
v  -1.0000 -2.0795 -3.6051
v  -1.0603 -2.0523 -3.6254
v  -1.1222 -2.0737 -3.6001
v  -1.6327 -2.0946 -3.3329
v  -1.5803 -2.1623 -3.2774
v  -1.5815 -2.2501 -3.3911
v  -1.6259 -2.1929 -3.4401
v  -1.6163 -2.1999 -3.4470
v  -1.5767 -2.2501 -3.4035
v  -1.5593 -2.2192 -3.4328
v  -1.5709 -2.2050 -3.4451
v  -1.4974 -2.1643 -3.2839
v  -1.5098 -2.2493 -3.3975
v  -1.5170 -2.2495 -3.4091
v  -1.5396 -2.2188 -3.4348
v  -1.4514 -2.0995 -3.3485
v  -1.4746 -2.1989 -3.4467
v  -1.4855 -2.2062 -3.4522
v  -1.5315 -2.2045 -3.4488
v  -1.4974 -2.0473 -3.3923
v  -1.5153 -2.1529 -3.4872
v  -1.5207 -2.1653 -3.4875
v  -1.5432 -2.1932 -3.4584
v  -1.5804 -2.0399 -3.3887
v  -1.5840 -2.1490 -3.4840
v  -1.5789 -2.1621 -3.4856
v  -1.5581 -2.1918 -3.4585
v  -1.5658 -2.1733 -3.3770
v  -1.5381 -2.1724 -3.3809
v  -1.5166 -2.1470 -3.3885
v  -1.5726 -2.1580 -3.3979
v  -1.5384 -2.1418 -3.4120
v  -1.5613 -2.1455 -3.4111
v  -1.6204 -2.1334 -3.2992
v  -1.6156 -2.2261 -3.4104
v  -1.6071 -2.2290 -3.4207
v  -1.5681 -2.2132 -3.4376
v  -1.5384 -2.1728 -3.2721
v  -1.5453 -2.2579 -3.3868
v  -1.5466 -2.2565 -3.4000
v  -1.5492 -2.2212 -3.4317
v  -1.4605 -2.1378 -3.3121
v  -1.4816 -2.2284 -3.4190
v  -1.4920 -2.2316 -3.4279
v  -1.5325 -2.2128 -3.4410
v  -1.4640 -2.0695 -3.3752
v  -1.4857 -2.1722 -3.4713
v  -1.4949 -2.1825 -3.4735
v  -1.5351 -2.1979 -3.4547
v  -1.5389 -2.0347 -3.3987
v  -1.5496 -2.1436 -3.4924
v  -1.5497 -2.1575 -3.4923
v  -1.5507 -2.1909 -3.4599
v  -1.6190 -2.0610 -3.3650
v  -1.6148 -2.1663 -3.4655
v  -1.6063 -2.1769 -3.4694
v  -1.5675 -2.1969 -3.4529
v  -1.5524 -2.1771 -3.3767
v  -1.5222 -2.1591 -3.3816
v  -1.5720 -2.1686 -3.3876
v  -1.5229 -2.1409 -3.3999
v  -1.5501 -2.1414 -3.4144
v  -1.5696 -2.1507 -3.4058
v  -1.5795 -2.2516 -3.3975
v  -1.6223 -2.1971 -3.4445
v  -1.5130 -2.2509 -3.4036
v  -1.4790 -2.2035 -3.4504
v  -1.5176 -2.1592 -3.4888
v  -1.5820 -2.1556 -3.4864
v  -1.6123 -2.2287 -3.4160
v  -1.5459 -2.2588 -3.3936
v  -1.4859 -2.2313 -3.4240
v  -1.4894 -2.1778 -3.4737
v  -1.5497 -2.1506 -3.4940
v  -1.6116 -2.1720 -3.4687
v  -1.5101 -2.4960 -2.9633
v  -1.4211 -2.5370 -2.9346
v  -1.4314 -2.6268 -3.0462
v  -1.5074 -2.5924 -3.0724
v  -1.4991 -2.5960 -3.0827
v  -1.4316 -2.6259 -3.0595
v  -1.4378 -2.5928 -3.0909
v  -1.4572 -2.5845 -3.0973
v  -1.3510 -2.5100 -2.9701
v  -1.3719 -2.6011 -3.0775
v  -1.3821 -2.6046 -3.0858
v  -1.4216 -2.5856 -3.0997
v  -1.3569 -2.4374 -3.0422
v  -1.3766 -2.5449 -3.1324
v  -1.3854 -2.5559 -3.1341
v  -1.4246 -2.5704 -3.1146
v  -1.4306 -2.4079 -3.0632
v  -1.4424 -2.5190 -3.1526
v  -1.4428 -2.5325 -3.1519
v  -1.4421 -2.5645 -3.1187
v  -1.5039 -2.4301 -3.0301
v  -1.5022 -2.5394 -3.1252
v  -1.4936 -2.5499 -3.1293
v  -1.4556 -2.5685 -3.1134
v  -1.4399 -2.5487 -3.0334
v  -1.4176 -2.5383 -3.0467
v  -1.4106 -2.5074 -3.0597
v  -1.4587 -2.5381 -3.0494
v  -1.4398 -2.5118 -3.0736
v  -1.4579 -2.5233 -3.0649
v  -1.4737 -2.5256 -2.9388
v  -1.4763 -2.6177 -3.0506
v  -1.4715 -2.6181 -3.0634
v  -1.4492 -2.5907 -3.0919
v  -1.3793 -2.5315 -2.9452
v  -1.3958 -2.6209 -3.0556
v  -1.4020 -2.6210 -3.0674
v  -1.4279 -2.5911 -3.0936
v  -1.3383 -2.4740 -3.0077
v  -1.3624 -2.5730 -3.1061
v  -1.3734 -2.5803 -3.1109
v  -1.4198 -2.5779 -3.1076
v  -1.3878 -2.4156 -3.0606
v  -1.4043 -2.5254 -3.1496
v  -1.4094 -2.5385 -3.1492
v  -1.4321 -2.5658 -3.1184
v  -1.4733 -2.4112 -3.0537
v  -1.4772 -2.5228 -3.1448
v  -1.4723 -2.5358 -3.1456
v  -1.4500 -2.5652 -3.1173
v  -1.5214 -2.4619 -2.9957
v  -1.5162 -2.5653 -3.0981
v  -1.5064 -2.5724 -3.1055
v  -1.4599 -2.5763 -3.1052
v  -1.4269 -2.5474 -3.0382
v  -1.4088 -2.5202 -3.0522
v  -1.4507 -2.5471 -3.0408
v  -1.4223 -2.5048 -3.0677
v  -1.4509 -2.5158 -3.0717
v  -1.4614 -2.5308 -3.0574
v  -1.4314 -2.6279 -3.0530
v  -1.5043 -2.5953 -3.0781
v  -1.3762 -2.6041 -3.0822
v  -1.3801 -2.5509 -3.1346
v  -1.4427 -2.5258 -3.1538
v  -1.4989 -2.5451 -3.1285
v  -1.4745 -2.6194 -3.0571
v  -1.3984 -2.6224 -3.0617
v  -1.3669 -2.5776 -3.1095
v  -1.4064 -2.5322 -3.1509
v  -1.4754 -2.5295 -3.1467
v  -1.5125 -2.5696 -3.1027
v  -1.8527 -2.7522 -2.6745
v  -1.7637 -2.7932 -2.6458
v  -1.7740 -2.8830 -2.7575
v  -1.8500 -2.8486 -2.7836
v  -1.8417 -2.8522 -2.7940
v  -1.7742 -2.8821 -2.7707
v  -1.7804 -2.8490 -2.8021
v  -1.7999 -2.8407 -2.8085
v  -1.6936 -2.7662 -2.6813
v  -1.7145 -2.8573 -2.7887
v  -1.7247 -2.8608 -2.7970
v  -1.7642 -2.8418 -2.8109
v  -1.6995 -2.6936 -2.7534
v  -1.7192 -2.8011 -2.8437
v  -1.7280 -2.8121 -2.8454
v  -1.7672 -2.8266 -2.8259
v  -1.7732 -2.6641 -2.7745
v  -1.7850 -2.7752 -2.8639
v  -1.7854 -2.7887 -2.8631
v  -1.7847 -2.8207 -2.8299
v  -1.8465 -2.6863 -2.7413
v  -1.8448 -2.7956 -2.8364
v  -1.8362 -2.8061 -2.8406
v  -1.7982 -2.8247 -2.8246
v  -1.7825 -2.8049 -2.7446
v  -1.7602 -2.7945 -2.7580
v  -1.7533 -2.7636 -2.7710
v  -1.8013 -2.7943 -2.7607
v  -1.7824 -2.7680 -2.7849
v  -1.8005 -2.7795 -2.7761
v  -1.8163 -2.7818 -2.6500
v  -1.8189 -2.8739 -2.7618
v  -1.8141 -2.8743 -2.7746
v  -1.7919 -2.8469 -2.8031
v  -1.7219 -2.7877 -2.6564
v  -1.7384 -2.8771 -2.7668
v  -1.7446 -2.8772 -2.7786
v  -1.7705 -2.8473 -2.8048
v  -1.6809 -2.7302 -2.7189
v  -1.7050 -2.8292 -2.8173
v  -1.7160 -2.8365 -2.8222
v  -1.7624 -2.8341 -2.8188
v  -1.7304 -2.6718 -2.7719
v  -1.7469 -2.7816 -2.8608
v  -1.7520 -2.7947 -2.8604
v  -1.7747 -2.8221 -2.8296
v  -1.8159 -2.6674 -2.7650
v  -1.8199 -2.7790 -2.8560
v  -1.8150 -2.7920 -2.8568
v  -1.7926 -2.8214 -2.8285
v  -1.8640 -2.7181 -2.7070
v  -1.8588 -2.8215 -2.8094
v  -1.8490 -2.8286 -2.8168
v  -1.8025 -2.8325 -2.8164
v  -1.7695 -2.8036 -2.7494
v  -1.7515 -2.7764 -2.7634
v  -1.7933 -2.8033 -2.7520
v  -1.7649 -2.7610 -2.7789
v  -1.7935 -2.7720 -2.7829
v  -1.8040 -2.7870 -2.7686
v  -1.7740 -2.8841 -2.7642
v  -1.8469 -2.8515 -2.7893
v  -1.7188 -2.8603 -2.7934
v  -1.7227 -2.8072 -2.8458
v  -1.7853 -2.7820 -2.8651
v  -1.8415 -2.8013 -2.8397
v  -1.8171 -2.8756 -2.7684
v  -1.7410 -2.8786 -2.7730
v  -1.7095 -2.8338 -2.8207
v  -1.7490 -2.7884 -2.8622
v  -1.8180 -2.7857 -2.8579
v  -1.8551 -2.8258 -2.8139
v  -1.5779 -3.4003 -2.0273
v  -1.4762 -3.4051 -2.0348
v  -1.4929 -3.4999 -2.1415
v  -1.5802 -3.4964 -2.1367
v  -1.5753 -3.4975 -2.1495
v  -1.4981 -3.5001 -2.1537
v  -1.5263 -3.4734 -2.1786
v  -1.5483 -3.4729 -2.1771
v  -1.4376 -3.3575 -2.0908
v  -1.4615 -3.4570 -2.1899
v  -1.4721 -3.4644 -2.1943
v  -1.5179 -3.4616 -2.1920
v  -1.4939 -3.2966 -2.1511
v  -1.5049 -3.4098 -2.2357
v  -1.5092 -3.4233 -2.2349
v  -1.5312 -3.4494 -2.2038
v  -1.5756 -3.2965 -2.1427
v  -1.5782 -3.4102 -2.2295
v  -1.5735 -3.4229 -2.2295
v  -1.5498 -3.4504 -2.2011
v  -1.6195 -3.3410 -2.0874
v  -1.6130 -3.4487 -2.1842
v  -1.6034 -3.4557 -2.1918
v  -1.5582 -3.4586 -2.1916
v  -1.5234 -3.4292 -2.1211
v  -1.5124 -3.4125 -2.1408
v  -1.5219 -3.3821 -2.1533
v  -1.5490 -3.4271 -2.1288
v  -1.5505 -3.3974 -2.1562
v  -1.5591 -3.4140 -2.1425
v  -1.5273 -3.4135 -2.0194
v  -1.5365 -3.5076 -2.1291
v  -1.5367 -3.5071 -2.1427
v  -1.5373 -3.4756 -2.1753
v  -1.4457 -3.3860 -2.0591
v  -1.4675 -3.4825 -2.1624
v  -1.4770 -3.4855 -2.1712
v  -1.5193 -3.4685 -2.1844
v  -1.4526 -3.3219 -2.1280
v  -1.4733 -3.4292 -2.2180
v  -1.4821 -3.4403 -2.2192
v  -1.5219 -3.4543 -2.1995
v  -1.5349 -3.2885 -2.1559
v  -1.5418 -3.4026 -2.2406
v  -1.5415 -3.4165 -2.2392
v  -1.5406 -3.4481 -2.2044
v  -1.6080 -3.3141 -2.1189
v  -1.6042 -3.4257 -2.2101
v  -1.5957 -3.4360 -2.2135
v  -1.5559 -3.4537 -2.1970
v  -1.6112 -3.3746 -2.0513
v  -1.6064 -3.4759 -2.1557
v  -1.5981 -3.4797 -2.1666
v  -1.5564 -3.4668 -2.1830
v  -1.5142 -3.4238 -2.1301
v  -1.5132 -3.3929 -2.1477
v  -1.5359 -3.4321 -2.1241
v  -1.5358 -3.3843 -2.1564
v  -1.5580 -3.4049 -2.1507
v  -1.5568 -3.4217 -2.1347
v  -1.4949 -3.5014 -2.1478
v  -1.5785 -3.4984 -2.1433
v  -1.4658 -3.4616 -2.1930
v  -1.5066 -3.4168 -2.2369
v  -1.5765 -3.4168 -2.2310
v  -1.6094 -3.4530 -2.1888
v  -1.5367 -3.5090 -2.1359
v  -1.4714 -3.4852 -2.1673
v  -1.4768 -3.4353 -2.2199
v  -1.5418 -3.4097 -2.2415
v  -1.6010 -3.4313 -2.2130
v  -1.6033 -3.4790 -2.1616
v  -0.8820 -3.8652 -1.5649
v  -0.7949 -3.8343 -1.6081
v  -0.8136 -3.9356 -1.7082
v  -0.8887 -3.9629 -1.6726
v  -0.8886 -3.9631 -1.6864
v  -0.8224 -3.9384 -1.7178
v  -0.8650 -3.9251 -1.7292
v  -0.8837 -3.9324 -1.7200
v  -0.7981 -3.7798 -1.6708
v  -0.8187 -3.8876 -1.7616
v  -0.8268 -3.8986 -1.7623
v  -0.8667 -3.9120 -1.7439
v  -0.8897 -3.7469 -1.7030
v  -0.8891 -3.8620 -1.7857
v  -0.8878 -3.8760 -1.7844
v  -0.8867 -3.9061 -1.7494
v  -0.9575 -3.7752 -1.6662
v  -0.9503 -3.8879 -1.7540
v  -0.9418 -3.8981 -1.7566
v  -0.9015 -3.9135 -1.7403
v  -0.9602 -3.8285 -1.6021
v  -0.9508 -3.9331 -1.7021
v  -0.9427 -3.9367 -1.7131
v  -0.9025 -3.9234 -1.7291
v  -0.8577 -3.8791 -1.6736
v  -0.8611 -3.8609 -1.6947
v  -0.8845 -3.8367 -1.7009
v  -0.8834 -3.8867 -1.6715
v  -0.9049 -3.8613 -1.6946
v  -0.9016 -3.8789 -1.6799
v  -0.8307 -3.8591 -1.5762
v  -0.8442 -3.9574 -1.6817
v  -0.8494 -3.9579 -1.6943
v  -0.8726 -3.9308 -1.7224
v  -0.7838 -3.8072 -1.6402
v  -0.8051 -3.9117 -1.7355
v  -0.8154 -3.9185 -1.7405
v  -0.8627 -3.9185 -1.7368
v  -0.8368 -3.7544 -1.6976
v  -0.8487 -3.8678 -1.7817
v  -0.8527 -3.8813 -1.7804
v  -0.8753 -3.9071 -1.7489
v  -0.9298 -3.7541 -1.6924
v  -0.9254 -3.8686 -1.7767
v  -0.9197 -3.8814 -1.7765
v  -0.8955 -3.9083 -1.7465
v  -0.9710 -3.8015 -1.6338
v  -0.9605 -3.9102 -1.7278
v  -0.9507 -3.9171 -1.7347
v  -0.9041 -3.9184 -1.7346
v  -0.9284 -3.8547 -1.5737
v  -0.9254 -3.9543 -1.6797
v  -0.9207 -3.9555 -1.6931
v  -0.8949 -3.9299 -1.7222
v  -0.8549 -3.8714 -1.6848
v  -0.8711 -3.8434 -1.6995
v  -0.8686 -3.8864 -1.6721
v  -0.8968 -3.8439 -1.6991
v  -0.9068 -3.8706 -1.6873
v  -0.8942 -3.8848 -1.6740
v  -0.8170 -3.9382 -1.7135
v  -0.8888 -3.9646 -1.6795
v  -0.8219 -3.8937 -1.7632
v  -0.8885 -3.8692 -1.7867
v  -0.9470 -3.8935 -1.7565
v  -0.9478 -3.9362 -1.7080
v  -0.8463 -3.9592 -1.6881
v  -0.8093 -3.9160 -1.7389
v  -0.8502 -3.8748 -1.7826
v  -0.9232 -3.8753 -1.7781
v  -0.9567 -3.9145 -1.7321
v  -0.9237 -3.9565 -1.6865
v  -1.0445 -3.5345 -1.9263
v  -0.9574 -3.5036 -1.9696
v  -0.9760 -3.6049 -2.0696
v  -1.0511 -3.6322 -2.0341
v  -1.0511 -3.6324 -2.0479
v  -0.9848 -3.6077 -2.0793
v  -1.0274 -3.5944 -2.0906
v  -1.0462 -3.6017 -2.0815
v  -0.9605 -3.4491 -2.0322
v  -0.9812 -3.5569 -2.1230
v  -0.9893 -3.5679 -2.1238
v  -1.0291 -3.5813 -2.1053
v  -1.0521 -3.4162 -2.0644
v  -1.0516 -3.5313 -2.1472
v  -1.0503 -3.5453 -2.1458
v  -1.0491 -3.5754 -2.1108
v  -1.1200 -3.4445 -2.0277
v  -1.1127 -3.5572 -2.1155
v  -1.1042 -3.5674 -2.1181
v  -1.0639 -3.5828 -2.1017
v  -1.1227 -3.4978 -1.9636
v  -1.1133 -3.6024 -2.0636
v  -1.1052 -3.6060 -2.0745
v  -1.0649 -3.5927 -2.0905
v  -1.0202 -3.5484 -2.0351
v  -1.0236 -3.5302 -2.0561
v  -1.0469 -3.5060 -2.0624
v  -1.0459 -3.5560 -2.0330
v  -1.0673 -3.5306 -2.0561
v  -1.0640 -3.5482 -2.0413
v  -0.9932 -3.5284 -1.9377
v  -1.0067 -3.6267 -2.0432
v  -1.0119 -3.6272 -2.0558
v  -1.0350 -3.6001 -2.0838
v  -0.9462 -3.4765 -2.0017
v  -0.9676 -3.5810 -2.0970
v  -0.9779 -3.5878 -2.1020
v  -1.0252 -3.5878 -2.0983
v  -0.9993 -3.4237 -2.0591
v  -1.0111 -3.5371 -2.1432
v  -1.0152 -3.5506 -2.1419
v  -1.0378 -3.5764 -2.1104
v  -1.0922 -3.4234 -2.0538
v  -1.0879 -3.5379 -2.1382
v  -1.0822 -3.5507 -2.1380
v  -1.0579 -3.5776 -2.1080
v  -1.1334 -3.4708 -1.9953
v  -1.1230 -3.5795 -2.0893
v  -1.1131 -3.5864 -2.0962
v  -1.0665 -3.5877 -2.0960
v  -1.0909 -3.5240 -1.9352
v  -1.0879 -3.6236 -2.0412
v  -1.0831 -3.6248 -2.0546
v  -1.0574 -3.5992 -2.0837
v  -1.0174 -3.5407 -2.0463
v  -1.0336 -3.5127 -2.0610
v  -1.0311 -3.5557 -2.0336
v  -1.0593 -3.5132 -2.0605
v  -1.0692 -3.5399 -2.0488
v  -1.0566 -3.5541 -2.0355
v  -0.9795 -3.6075 -2.0750
v  -1.0513 -3.6339 -2.0410
v  -0.9843 -3.5630 -2.1247
v  -1.0510 -3.5385 -2.1482
v  -1.1094 -3.5628 -2.1179
v  -1.1102 -3.6055 -2.0695
v  -1.0088 -3.6285 -2.0496
v  -0.9717 -3.5853 -2.1004
v  -1.0127 -3.5441 -2.1441
v  -1.0856 -3.5446 -2.1396
v  -1.1192 -3.5838 -2.0935
v  -1.0862 -3.6258 -2.0480
v  -0.3369 -3.7951 -1.6682
v  -0.2877 -3.7383 -1.7373
v  -0.3035 -3.8460 -1.8309
v  -0.3463 -3.8957 -1.7731
v  -0.3511 -3.8967 -1.7860
v  -0.3135 -3.8523 -1.8370
v  -0.3591 -3.8558 -1.8317
v  -0.3695 -3.8686 -1.8170
v  -0.3318 -3.6927 -1.7909
v  -0.3437 -3.8065 -1.8757
v  -0.3472 -3.8197 -1.8743
v  -0.3704 -3.8451 -1.8439
v  -0.4342 -3.6965 -1.7863
v  -0.4223 -3.8091 -1.8715
v  -0.4158 -3.8217 -1.8717
v  -0.3917 -3.8470 -1.8416
v  -0.4699 -3.7445 -1.7300
v  -0.4549 -3.8528 -1.8222
v  -0.4449 -3.8595 -1.8283
v  -0.3987 -3.8585 -1.8283
v  -0.4308 -3.7910 -1.6729
v  -0.4210 -3.8918 -1.7766
v  -0.4166 -3.8930 -1.7900
v  -0.3922 -3.8674 -1.8182
v  -0.3494 -3.8066 -1.7793
v  -0.3662 -3.7922 -1.7964
v  -0.3972 -3.7783 -1.7924
v  -0.3682 -3.8226 -1.7688
v  -0.4040 -3.8081 -1.7810
v  -0.3897 -3.8224 -1.7696
v  -0.2986 -3.7720 -1.6965
v  -0.3130 -3.8754 -1.7969
v  -0.3217 -3.8786 -1.8069
v  -0.3613 -3.8633 -1.8230
v  -0.2990 -3.7112 -1.7693
v  -0.3142 -3.8225 -1.8578
v  -0.3225 -3.8328 -1.8593
v  -0.3622 -3.8493 -1.8391
v  -0.3839 -3.6844 -1.8006
v  -0.3838 -3.7999 -1.8825
v  -0.3821 -3.8139 -1.8808
v  -0.3814 -3.8439 -1.8452
v  -0.4626 -3.7167 -1.7628
v  -0.4482 -3.8275 -1.8508
v  -0.4387 -3.8375 -1.8535
v  -0.3976 -3.8520 -1.8359
v  -0.4608 -3.7717 -1.6968
v  -0.4467 -3.8756 -1.7956
v  -0.4381 -3.8790 -1.8060
v  -0.3973 -3.8637 -1.8224
v  -0.3839 -3.8022 -1.6594
v  -0.3836 -3.9012 -1.7662
v  -0.3838 -3.9015 -1.7804
v  -0.3809 -3.8703 -1.8149
v  -0.3537 -3.7991 -1.7902
v  -0.3828 -3.7797 -1.7963
v  -0.3558 -3.8172 -1.7745
v  -0.4048 -3.7892 -1.7868
v  -0.3998 -3.8170 -1.7741
v  -0.3791 -3.8248 -1.7671
v  -0.3074 -3.8499 -1.8349
v  -0.3483 -3.8978 -1.7796
v  -0.3449 -3.8134 -1.8765
v  -0.4196 -3.8157 -1.8732
v  -0.4509 -3.8571 -1.8260
v  -0.4194 -3.8940 -1.7834
v  -0.3164 -3.8783 -1.8023
v  -0.3175 -3.8282 -1.8598
v  -0.3830 -3.8071 -1.8833
v  -0.4444 -3.8331 -1.8534
v  -0.4433 -3.8785 -1.8012
v  -0.3838 -3.9030 -1.7733
v  0.4593 -3.7710 -1.6952
v  0.4574 -3.7050 -1.7731
v  0.4487 -3.8173 -1.8623
v  0.4496 -3.8750 -1.7966
v  0.4413 -3.8785 -1.8070
v  0.4400 -3.8271 -1.8649
v  0.4037 -3.8461 -1.8440
v  0.4044 -3.8608 -1.8275
v  0.3841 -3.6817 -1.8045
v  0.3840 -3.7977 -1.8871
v  0.3862 -3.8110 -1.8855
v  0.3858 -3.8410 -1.8507
v  0.2984 -3.7211 -1.7643
v  0.3183 -3.8276 -1.8557
v  0.3283 -3.8370 -1.8590
v  0.3688 -3.8502 -1.8411
v  0.3043 -3.7748 -1.7024
v  0.3230 -3.8767 -1.8011
v  0.3319 -3.8797 -1.8108
v  0.3715 -3.8625 -1.8271
v  0.3749 -3.8006 -1.6661
v  0.3822 -3.8980 -1.7732
v  0.3818 -3.8985 -1.7873
v  0.3839 -3.8678 -1.8206
v  0.4132 -3.7934 -1.7952
v  0.3875 -3.7871 -1.8043
v  0.3572 -3.7848 -1.7886
v  0.4063 -3.8143 -1.7798
v  0.3659 -3.8142 -1.7776
v  0.3873 -3.8217 -1.7730
v  0.4742 -3.7377 -1.7336
v  0.4629 -3.8459 -1.8292
v  0.4529 -3.8526 -1.8356
v  0.4075 -3.8534 -1.8357
v  0.4267 -3.6859 -1.7972
v  0.4215 -3.8009 -1.8820
v  0.4174 -3.8136 -1.8812
v  0.3960 -3.8417 -1.8494
v  0.3327 -3.6930 -1.7945
v  0.3445 -3.8062 -1.8789
v  0.3515 -3.8184 -1.8789
v  0.3753 -3.8438 -1.8479
v  0.2893 -3.7485 -1.7337
v  0.3097 -3.8526 -1.8284
v  0.3205 -3.8587 -1.8350
v  0.3675 -3.8565 -1.8341
v  0.3336 -3.7948 -1.6765
v  0.3476 -3.8932 -1.7808
v  0.3525 -3.8940 -1.7937
v  0.3767 -3.8665 -1.8224
v  0.4242 -3.7937 -1.6708
v  0.4216 -3.8929 -1.7773
v  0.4165 -3.8942 -1.7905
v  0.3958 -3.8663 -1.8217
v  0.4030 -3.7887 -1.8034
v  0.3688 -3.7812 -1.7974
v  0.4131 -3.8052 -1.7892
v  0.3565 -3.7973 -1.7815
v  0.3751 -3.8205 -1.7733
v  0.3982 -3.8201 -1.7746
v  0.4452 -3.8226 -1.8649
v  0.4463 -3.8781 -1.8021
v  0.3851 -3.8045 -1.8879
v  0.3224 -3.8329 -1.8586
v  0.3266 -3.8795 -1.8064
v  0.3820 -3.8999 -1.7803
v  0.4590 -3.8501 -1.8332
v  0.4200 -3.8075 -1.8830
v  0.3475 -3.8126 -1.8804
v  0.3141 -3.8566 -1.8326
v  0.3495 -3.8952 -1.7874
v  0.4196 -3.8951 -1.7840
v  1.1307 -3.4685 -2.0001
v  1.0782 -3.4128 -2.0676
v  1.0787 -3.5265 -2.1554
v  1.1232 -3.5757 -2.0984
v  1.1135 -3.5826 -2.1053
v  1.0739 -3.5389 -2.1554
v  1.0565 -3.5681 -2.1244
v  1.0681 -3.5805 -2.1102
v  0.9954 -3.4190 -2.0693
v  1.0070 -3.5327 -2.1543
v  1.0142 -3.5443 -2.1545
v  1.0368 -3.5701 -2.1239
v  0.9493 -3.4835 -2.0043
v  0.9718 -3.5818 -2.1038
v  0.9827 -3.5872 -2.1112
v  1.0287 -3.5840 -2.1096
v  0.9953 -3.5274 -1.9523
v  1.0126 -3.6223 -2.0579
v  1.0179 -3.6227 -2.0703
v  1.0404 -3.5937 -2.0983
v  1.0784 -3.5242 -1.9451
v  1.0813 -3.6195 -2.0543
v  1.0761 -3.6210 -2.0673
v  1.0553 -3.5938 -2.0970
v  1.0634 -3.5123 -2.0786
v  1.0356 -3.5161 -2.0776
v  1.0142 -3.5237 -2.0521
v  1.0702 -3.5333 -2.0632
v  1.0360 -3.5473 -2.0469
v  1.0588 -3.5464 -2.0507
v  1.1183 -3.4347 -2.0389
v  1.1129 -3.5460 -2.1315
v  1.1043 -3.5562 -2.1344
v  1.0653 -3.5730 -2.1185
v  1.0363 -3.4074 -2.0779
v  1.0425 -3.5221 -2.1630
v  1.0437 -3.5354 -2.1617
v  1.0463 -3.5670 -2.1264
v  0.9584 -3.4471 -2.0427
v  0.9788 -3.5540 -2.1333
v  0.9892 -3.5630 -2.1366
v  1.0297 -3.5763 -2.1179
v  0.9619 -3.5102 -1.9743
v  0.9829 -3.6063 -2.0771
v  0.9921 -3.6086 -2.0875
v  1.0323 -3.5899 -2.1030
v  1.0369 -3.5340 -1.9398
v  1.0469 -3.6277 -2.0488
v  1.0469 -3.6276 -2.0627
v  1.0479 -3.5952 -2.0961
v  1.1170 -3.5005 -1.9665
v  1.1121 -3.6010 -2.0717
v  1.1035 -3.6049 -2.0823
v  1.0647 -3.5883 -2.1022
v  1.0500 -3.5121 -2.0823
v  1.0198 -3.5169 -2.0641
v  1.0696 -3.5230 -2.0738
v  1.0205 -3.5351 -2.0460
v  1.0477 -3.5497 -2.0466
v  1.0671 -3.5412 -2.0559
v  1.0767 -3.5329 -2.1569
v  1.1195 -3.5801 -2.1025
v  1.0101 -3.5388 -2.1560
v  0.9762 -3.5855 -2.1084
v  1.0148 -3.6240 -2.0643
v  1.0793 -3.6218 -2.0609
v  1.1096 -3.5515 -2.1341
v  1.0431 -3.5289 -2.1639
v  0.9831 -3.5591 -2.1362
v  0.9866 -3.6088 -2.0828
v  1.0469 -3.6293 -2.0558
v  1.1088 -3.6042 -2.0774
v  1.4975 -2.9689 -2.5011
v  1.4084 -2.9399 -2.5418
v  1.4180 -3.0515 -2.6316
v  1.4940 -3.0779 -2.5975
v  1.4856 -3.0883 -2.6010
v  1.4181 -3.0648 -2.6307
v  1.4244 -3.0962 -2.5976
v  1.4438 -3.1027 -2.5894
v  1.3383 -2.9751 -2.5145
v  1.3585 -3.0826 -2.6057
v  1.3687 -3.0909 -2.6092
v  1.4082 -3.1050 -2.5904
v  1.3442 -3.0472 -2.4420
v  1.3632 -3.1375 -2.5495
v  1.3719 -3.1393 -2.5606
v  1.4112 -3.1199 -2.5752
v  1.4180 -3.0685 -2.4127
v  1.4290 -3.1580 -2.5238
v  1.4294 -3.1572 -2.5373
v  1.4287 -3.1241 -2.5694
v  1.4912 -3.0356 -2.4352
v  1.4888 -3.1307 -2.5445
v  1.4802 -3.1349 -2.5549
v  1.4421 -3.1188 -2.5734
v  1.4269 -3.0387 -2.5535
v  1.4045 -3.0520 -2.5431
v  1.3976 -3.0650 -2.5122
v  1.4456 -3.0548 -2.5431
v  1.4267 -3.0790 -2.5167
v  1.4448 -3.0703 -2.5282
v  1.4611 -2.9442 -2.5306
v  1.4629 -3.0560 -2.6227
v  1.4580 -3.0688 -2.6231
v  1.4358 -3.0972 -2.5956
v  1.3666 -2.9503 -2.5362
v  1.3824 -3.0608 -2.6256
v  1.3886 -3.0726 -2.6257
v  1.4145 -3.0989 -2.5959
v  1.3256 -3.0126 -2.4785
v  1.3490 -3.1111 -2.5775
v  1.3600 -3.1160 -2.5849
v  1.4064 -3.1128 -2.5827
v  1.3751 -3.0658 -2.4203
v  1.3909 -3.1548 -2.5302
v  1.3960 -3.1544 -2.5432
v  1.4187 -3.1237 -2.5707
v  1.4607 -3.0592 -2.4162
v  1.4639 -3.1503 -2.5278
v  1.4589 -3.1511 -2.5407
v  1.4365 -3.1226 -2.5701
v  1.5088 -3.0013 -2.4671
v  1.5028 -3.1037 -2.5704
v  1.4930 -3.1111 -2.5775
v  1.4465 -3.1106 -2.5812
v  1.4138 -3.0434 -2.5522
v  1.3958 -3.0574 -2.5250
v  1.4376 -3.0461 -2.5520
v  1.4093 -3.0730 -2.5095
v  1.4378 -3.0770 -2.5207
v  1.4483 -3.0628 -2.5357
v  1.4180 -3.0583 -2.6327
v  1.4909 -3.0836 -2.6003
v  1.3627 -3.0873 -2.6087
v  1.3667 -3.1397 -2.5556
v  1.4293 -3.1592 -2.5307
v  1.4855 -3.1340 -2.5502
v  1.4611 -3.0626 -2.6244
v  1.3850 -3.0669 -2.6271
v  1.3534 -3.1145 -2.5821
v  1.3930 -3.1561 -2.5369
v  1.4620 -3.1522 -2.5344
v  1.4991 -3.1083 -2.5747
v  1.2514 -2.7132 -2.7828
v  1.1624 -2.6842 -2.8235
v  1.1720 -2.7959 -2.9133
v  1.2480 -2.8223 -2.8792
v  1.2396 -2.8326 -2.8827
v  1.1721 -2.8092 -2.9125
v  1.1784 -2.8406 -2.8793
v  1.1978 -2.8470 -2.8711
v  1.0922 -2.7194 -2.7962
v  1.1124 -2.8270 -2.8874
v  1.1227 -2.8353 -2.8909
v  1.1621 -2.8493 -2.8721
v  1.0981 -2.7916 -2.7237
v  1.1172 -2.8819 -2.8312
v  1.1259 -2.8836 -2.8423
v  1.1652 -2.8643 -2.8569
v  1.1719 -2.8129 -2.6944
v  1.1830 -2.9023 -2.8055
v  1.1834 -2.9016 -2.8190
v  1.1827 -2.8684 -2.8511
v  1.2452 -2.7800 -2.7169
v  1.2428 -2.8751 -2.8262
v  1.2342 -2.8792 -2.8366
v  1.1961 -2.8631 -2.8551
v  1.1808 -2.7831 -2.8352
v  1.1585 -2.7963 -2.8248
v  1.1516 -2.8093 -2.7939
v  1.1996 -2.7992 -2.8248
v  1.1807 -2.8233 -2.7984
v  1.1988 -2.8147 -2.8099
v  1.2151 -2.6886 -2.8123
v  1.2169 -2.8004 -2.9044
v  1.2120 -2.8132 -2.9048
v  1.1898 -2.8416 -2.8773
v  1.1206 -2.6946 -2.8179
v  1.1364 -2.8051 -2.9073
v  1.1426 -2.8169 -2.9074
v  1.1685 -2.8432 -2.8776
v  1.0796 -2.7570 -2.7602
v  1.1029 -2.8555 -2.8593
v  1.1140 -2.8604 -2.8666
v  1.1604 -2.8572 -2.8644
v  1.1291 -2.8101 -2.7020
v  1.1449 -2.8992 -2.8119
v  1.1500 -2.8987 -2.8249
v  1.1727 -2.8681 -2.8524
v  1.2146 -2.8035 -2.6979
v  1.2179 -2.8946 -2.8095
v  1.2129 -2.8954 -2.8224
v  1.1905 -2.8670 -2.8518
v  1.2627 -2.7457 -2.7488
v  1.2568 -2.8481 -2.8521
v  1.2470 -2.8555 -2.8592
v  1.2005 -2.8550 -2.8629
v  1.1678 -2.7878 -2.8340
v  1.1498 -2.8018 -2.8067
v  1.1916 -2.7905 -2.8337
v  1.1632 -2.8173 -2.7913
v  1.1918 -2.8214 -2.8024
v  1.2023 -2.8072 -2.8174
v  1.1720 -2.8026 -2.9145
v  1.2449 -2.8280 -2.8821
v  1.1167 -2.8317 -2.8904
v  1.1206 -2.8841 -2.8373
v  1.1833 -2.9035 -2.8124
v  1.2395 -2.8784 -2.8319
v  1.2150 -2.8070 -2.9061
v  1.1390 -2.8113 -2.9088
v  1.1074 -2.8589 -2.8639
v  1.1470 -2.9005 -2.8186
v  1.2160 -2.8965 -2.8161
v  1.2531 -2.8527 -2.8564
v  1.4613 -2.4058 -3.0640
v  1.3595 -2.4130 -3.0685
v  1.3755 -2.5197 -3.1634
v  1.4628 -2.5152 -3.1602
v  1.4579 -2.5280 -3.1613
v  1.3806 -2.5319 -3.1635
v  1.4088 -2.5569 -3.1370
v  1.4309 -2.5555 -3.1366
v  1.3209 -2.4688 -3.0207
v  1.3441 -2.5680 -3.1203
v  1.3546 -2.5724 -3.1278
v  1.4005 -2.5703 -3.1251
v  1.3771 -2.5293 -2.9600
v  1.3875 -2.6139 -3.0733
v  1.3917 -2.6132 -3.0868
v  1.4137 -2.5821 -3.1130
v  1.4589 -2.5211 -2.9603
v  1.4608 -2.6080 -3.0740
v  1.4561 -2.6080 -3.0866
v  1.4324 -2.5794 -3.1140
v  1.5028 -2.4660 -3.0049
v  1.4956 -2.5628 -3.1125
v  1.4860 -2.5704 -3.1195
v  1.4408 -2.5700 -3.1222
v  1.4063 -2.4994 -3.0928
v  1.3953 -2.5190 -3.0760
v  1.4049 -2.5315 -3.0457
v  1.4319 -2.5071 -3.0907
v  1.4334 -2.5346 -3.0611
v  1.4419 -2.5209 -3.0777
v  1.4106 -2.3977 -3.0770
v  1.4191 -2.5074 -3.1712
v  1.4193 -2.5210 -3.1707
v  1.4198 -2.5536 -3.1392
v  1.3290 -2.4371 -3.0493
v  1.3500 -2.5405 -3.1458
v  1.3596 -2.5493 -3.1489
v  1.4018 -2.5627 -3.1320
v  1.3359 -2.5060 -2.9852
v  1.3559 -2.5961 -3.0926
v  1.3646 -2.5973 -3.1037
v  1.4044 -2.5778 -3.1178
v  1.4182 -2.5342 -2.9520
v  1.4244 -2.6189 -3.0662
v  1.4240 -2.6176 -3.0801
v  1.4232 -2.5827 -3.1117
v  1.4914 -2.4975 -2.9780
v  1.4868 -2.5887 -3.0895
v  1.4783 -2.5921 -3.0998
v  1.4384 -2.5754 -3.1174
v  1.4946 -2.4299 -3.0385
v  1.4891 -2.5343 -3.1398
v  1.4806 -2.5452 -3.1435
v  1.4389 -2.5614 -3.1304
v  1.3971 -2.5084 -3.0873
v  1.3961 -2.5260 -3.0564
v  1.4188 -2.5024 -3.0957
v  1.4187 -2.5347 -3.0479
v  1.4409 -2.5291 -3.0686
v  1.4397 -2.5132 -3.0854
v  1.3775 -2.5260 -3.1649
v  1.4611 -2.5218 -3.1622
v  1.3484 -2.5711 -3.1249
v  1.3891 -2.6151 -3.0803
v  1.4590 -2.6094 -3.0805
v  1.4920 -2.5674 -3.1169
v  1.4193 -2.5143 -3.1726
v  1.3539 -2.5454 -3.1486
v  1.3594 -2.5980 -3.0987
v  1.4243 -2.6199 -3.0733
v  1.4836 -2.5916 -3.0951
v  1.4859 -2.5402 -3.1428
v  1.0319 -1.9303 -3.5381
v  0.9447 -1.9733 -3.5068
v  0.9627 -2.0734 -3.6082
v  1.0378 -2.0381 -3.6357
v  1.0377 -2.0519 -3.6359
v  0.9714 -2.0831 -3.6110
v  1.0140 -2.0946 -3.5979
v  1.0327 -2.0854 -3.6052
v  0.9478 -2.0359 -3.4523
v  0.9678 -2.1268 -3.5602
v  0.9758 -2.1276 -3.5712
v  1.0157 -2.1093 -3.5847
v  1.0394 -2.0684 -3.4197
v  1.0382 -2.1512 -3.5348
v  1.0368 -2.1499 -3.5489
v  1.0357 -2.1148 -3.5789
v  1.1073 -2.0319 -3.4483
v  1.0993 -2.1197 -3.5610
v  1.0908 -2.1223 -3.5711
v  1.0505 -2.1058 -3.5864
v  1.1101 -1.9679 -3.5016
v  1.0999 -2.0678 -3.6061
v  1.0917 -2.0787 -3.6098
v  1.0515 -2.0946 -3.5963
v  1.0071 -2.0390 -3.5518
v  1.0105 -2.0600 -3.5337
v  1.0339 -2.0664 -3.5096
v  1.0328 -2.0370 -3.5595
v  1.0542 -2.0602 -3.5342
v  1.0509 -2.0454 -3.5518
v  0.9805 -1.9415 -3.5317
v  0.9933 -2.0470 -3.6301
v  0.9985 -2.0597 -3.6306
v  1.0216 -2.0878 -3.6036
v  0.9336 -2.0053 -3.4797
v  0.9542 -2.1007 -3.5843
v  0.9644 -2.1058 -3.5911
v  1.0118 -2.1022 -3.5912
v  0.9866 -2.0629 -3.4270
v  0.9977 -2.1470 -3.5405
v  1.0017 -2.1458 -3.5540
v  1.0244 -2.1144 -3.5799
v  1.0795 -2.0580 -3.4271
v  1.0745 -2.1423 -3.5416
v  1.0687 -2.1421 -3.5544
v  1.0445 -2.1120 -3.5811
v  1.1208 -1.9996 -3.4747
v  1.1096 -2.0936 -3.5833
v  1.0997 -2.1004 -3.5902
v  1.0531 -2.1001 -3.5913
v  1.0783 -1.9393 -3.5276
v  1.0745 -2.0454 -3.6273
v  1.0697 -2.0587 -3.6285
v  1.0440 -2.0877 -3.6027
v  1.0043 -2.0502 -3.5441
v  1.0206 -2.0650 -3.5161
v  1.0180 -2.0376 -3.5592
v  1.0463 -2.0646 -3.5167
v  1.0562 -2.0529 -3.5435
v  1.0435 -2.0395 -3.5577
v  0.9661 -2.0787 -3.6107
v  1.0379 -2.0450 -3.6374
v  0.9709 -2.1284 -3.5662
v  1.0375 -2.1522 -3.5420
v  1.0960 -2.1222 -3.5666
v  1.0968 -2.0737 -3.6092
v  0.9954 -2.0535 -3.6319
v  0.9583 -2.1041 -3.5885
v  0.9992 -2.1480 -3.5475
v  1.0722 -2.1437 -3.5483
v  1.1058 -2.0978 -3.5876
v  1.0728 -2.0522 -3.6294
v  0.3243 -1.6697 -3.7962
v  0.2750 -1.7386 -3.7391
v  0.2901 -1.8323 -3.8469
v  0.3329 -1.7746 -3.8967
v  0.3377 -1.7875 -3.8978
v  0.3001 -1.8384 -3.8532
v  0.3457 -1.8332 -3.8569
v  0.3561 -1.8186 -3.8697
v  0.3191 -1.7924 -3.6937
v  0.3303 -1.8772 -3.8076
v  0.3337 -1.8758 -3.8207
v  0.3570 -1.8455 -3.8462
v  0.4215 -1.7882 -3.6978
v  0.4089 -1.8733 -3.8104
v  0.4023 -1.8735 -3.8230
v  0.3783 -1.8432 -3.8482
v  0.4573 -1.7319 -3.7459
v  0.4415 -1.8241 -3.8543
v  0.4314 -1.8302 -3.8609
v  0.3853 -1.8300 -3.8598
v  0.4181 -1.6747 -3.7924
v  0.4077 -1.7784 -3.8931
v  0.4032 -1.7917 -3.8943
v  0.3787 -1.8199 -3.8686
v  0.3364 -1.7808 -3.8077
v  0.3532 -1.7980 -3.7934
v  0.3842 -1.7940 -3.7796
v  0.3552 -1.7703 -3.8237
v  0.3909 -1.7827 -3.8093
v  0.3766 -1.7713 -3.8236
v  0.2860 -1.6979 -3.7729
v  0.2996 -1.7983 -3.8764
v  0.3083 -1.8083 -3.8795
v  0.3478 -1.8246 -3.8644
v  0.2863 -1.7707 -3.7120
v  0.3008 -1.8592 -3.8234
v  0.3091 -1.8607 -3.8338
v  0.3488 -1.8407 -3.8504
v  0.3712 -1.8022 -3.6856
v  0.3704 -1.8842 -3.8011
v  0.3687 -1.8825 -3.8150
v  0.3680 -1.8468 -3.8451
v  0.4499 -1.7647 -3.7182
v  0.4348 -1.8527 -3.8290
v  0.4253 -1.8554 -3.8389
v  0.3842 -1.8376 -3.8532
v  0.4482 -1.6987 -3.7731
v  0.4333 -1.7975 -3.8770
v  0.4247 -1.8079 -3.8803
v  0.3838 -1.8241 -3.8649
v  0.3713 -1.6610 -3.8034
v  0.3703 -1.7678 -3.9023
v  0.3704 -1.7820 -3.9027
v  0.3675 -1.8166 -3.8715
v  0.3406 -1.7917 -3.8002
v  0.3698 -1.7979 -3.7809
v  0.3427 -1.7761 -3.8182
v  0.3917 -1.7885 -3.7905
v  0.3867 -1.7758 -3.8182
v  0.3660 -1.7688 -3.8260
v  0.2940 -1.8363 -3.8508
v  0.3349 -1.7811 -3.8988
v  0.3315 -1.8780 -3.8144
v  0.4062 -1.8750 -3.8170
v  0.4375 -1.8279 -3.8585
v  0.4060 -1.7852 -3.8953
v  0.3030 -1.8037 -3.8792
v  0.3041 -1.8612 -3.8291
v  0.3696 -1.8850 -3.8083
v  0.4310 -1.8552 -3.8345
v  0.4299 -1.8031 -3.8799
v  0.3704 -1.7749 -3.9042
v  0.5798 -1.9593 -3.5344
v  0.4926 -2.0022 -3.5032
v  0.5106 -2.1023 -3.6046
v  0.5857 -2.0671 -3.6321
v  0.5856 -2.0808 -3.6323
v  0.5193 -2.1120 -3.6073
v  0.5619 -2.1235 -3.5943
v  0.5807 -2.1144 -3.6016
v  0.4957 -2.0649 -3.4487
v  0.5157 -2.1557 -3.5566
v  0.5237 -2.1566 -3.5676
v  0.5636 -2.1382 -3.5811
v  0.5873 -2.0974 -3.4161
v  0.5861 -2.1801 -3.5312
v  0.5847 -2.1788 -3.5452
v  0.5836 -2.1438 -3.5753
v  0.6552 -2.0609 -3.4446
v  0.6472 -2.1487 -3.5573
v  0.6387 -2.1512 -3.5675
v  0.5984 -2.1348 -3.5827
v  0.6580 -1.9968 -3.4980
v  0.6478 -2.0967 -3.6025
v  0.6396 -2.1077 -3.6061
v  0.5994 -2.1236 -3.5927
v  0.5550 -2.0679 -3.5482
v  0.5584 -2.0890 -3.5300
v  0.5818 -2.0953 -3.5059
v  0.5807 -2.0659 -3.5559
v  0.6022 -2.0891 -3.5306
v  0.5989 -2.0744 -3.5482
v  0.5284 -1.9704 -3.5281
v  0.5412 -2.0760 -3.6265
v  0.5464 -2.0886 -3.6270
v  0.5695 -2.1167 -3.6000
v  0.4815 -2.0343 -3.4760
v  0.5021 -2.1296 -3.5806
v  0.5123 -2.1347 -3.5875
v  0.5597 -2.1311 -3.5876
v  0.5345 -2.0919 -3.4234
v  0.5456 -2.1760 -3.5368
v  0.5496 -2.1747 -3.5503
v  0.5723 -2.1433 -3.5762
v  0.6274 -2.0869 -3.4235
v  0.6224 -2.1713 -3.5379
v  0.6166 -2.1711 -3.5508
v  0.5924 -2.1409 -3.5775
v  0.6687 -2.0285 -3.4710
v  0.6575 -2.1225 -3.5797
v  0.6476 -2.1294 -3.5865
v  0.6010 -2.1291 -3.5877
v  0.6262 -1.9683 -3.5240
v  0.6224 -2.0743 -3.6237
v  0.6177 -2.0876 -3.6249
v  0.5919 -2.1167 -3.5991
v  0.5522 -2.0792 -3.5405
v  0.5685 -2.0939 -3.5125
v  0.5659 -2.0665 -3.5555
v  0.5942 -2.0935 -3.5131
v  0.6041 -2.0818 -3.5399
v  0.5914 -2.0684 -3.5540
v  0.5140 -2.1077 -3.6071
v  0.5858 -2.0740 -3.6338
v  0.5188 -2.1574 -3.5626
v  0.5854 -2.1811 -3.5384
v  0.6439 -2.1511 -3.5629
v  0.6447 -2.1026 -3.6056
v  0.5433 -2.0824 -3.6283
v  0.5062 -2.1330 -3.5849
v  0.5471 -2.1769 -3.5439
v  0.6201 -2.1727 -3.5446
v  0.6537 -2.1267 -3.5840
v  0.6207 -2.0811 -3.6258
v  1.0582 -2.2729 -3.2225
v  0.9565 -2.2800 -3.2270
v  0.9725 -2.3867 -3.3218
v  1.0597 -2.3822 -3.3186
v  1.0548 -2.3950 -3.3197
v  0.9776 -2.3990 -3.3220
v  1.0058 -2.4239 -3.2954
v  1.0278 -2.4225 -3.2950
v  0.9178 -2.3359 -3.1792
v  0.9410 -2.4350 -3.2788
v  0.9516 -2.4394 -3.2862
v  0.9974 -2.4373 -3.2836
v  0.9741 -2.3963 -3.1185
v  0.9844 -2.4809 -3.2317
v  0.9887 -2.4802 -3.2452
v  1.0107 -2.4492 -3.2714
v  1.0559 -2.3882 -3.1187
v  1.0577 -2.4750 -3.2324
v  1.0530 -2.4751 -3.2451
v  1.0293 -2.4465 -3.2725
v  1.0998 -2.3331 -3.1633
v  1.0926 -2.4298 -3.2710
v  1.0829 -2.4374 -3.2780
v  1.0377 -2.4371 -3.2807
v  1.0032 -2.3665 -3.2513
v  0.9923 -2.3861 -3.2345
v  1.0018 -2.3986 -3.2041
v  1.0288 -2.3742 -3.2492
v  1.0303 -2.4017 -3.2195
v  1.0389 -2.3879 -3.2361
v  1.0076 -2.2647 -3.2355
v  1.0161 -2.3744 -3.3297
v  1.0163 -2.3881 -3.3292
v  1.0168 -2.4206 -3.2976
v  0.9259 -2.3042 -3.2077
v  0.9470 -2.4075 -3.3043
v  0.9565 -2.4164 -3.3074
v  0.9988 -2.4298 -3.2905
v  0.9328 -2.3730 -3.1437
v  0.9529 -2.4632 -3.2511
v  0.9615 -2.4643 -3.2622
v  1.0014 -2.4448 -3.2762
v  1.0151 -2.4013 -3.1105
v  1.0214 -2.4860 -3.2247
v  1.0210 -2.4846 -3.2386
v  1.0201 -2.4498 -3.2701
v  1.0883 -2.3646 -3.1365
v  1.0838 -2.4558 -3.2479
v  1.0752 -2.4591 -3.2583
v  1.0354 -2.4424 -3.2758
v  1.0916 -2.2969 -3.1970
v  1.0860 -2.4014 -3.2982
v  1.0776 -2.4122 -3.3019
v  1.0359 -2.4284 -3.2889
v  0.9941 -2.3754 -3.2458
v  0.9931 -2.3930 -3.2149
v  1.0157 -2.3695 -3.2541
v  1.0157 -2.4018 -3.2063
v  1.0378 -2.3962 -3.2271
v  1.0366 -2.3802 -3.2438
v  0.9744 -2.3931 -3.3234
v  1.0580 -2.3888 -3.3206
v  0.9453 -2.4381 -3.2834
v  0.9861 -2.4821 -3.2388
v  1.0560 -2.4765 -3.2390
v  1.0889 -2.4344 -3.2753
v  1.0162 -2.3813 -3.3310
v  0.9509 -2.4125 -3.3070
v  0.9563 -2.4651 -3.2572
v  1.0213 -2.4869 -3.2318
v  1.0805 -2.4586 -3.2536
v  1.0829 -2.4072 -3.3013
v  -0.0557 -1.8564 -3.6350
v  -0.1050 -1.9253 -3.5780
v  -0.0899 -2.0190 -3.6858
v  -0.0471 -1.9613 -3.7356
v  -0.0424 -1.9742 -3.7366
v  -0.0800 -2.0251 -3.6921
v  -0.0343 -2.0199 -3.6957
v  -0.0239 -2.0053 -3.7085
v  -0.0609 -1.9791 -3.5325
v  -0.0497 -2.0639 -3.6464
v  -0.0463 -2.0625 -3.6596
v  -0.0230 -2.0322 -3.6851
v  0.0415 -1.9749 -3.5367
v  0.0289 -2.0600 -3.6493
v  0.0223 -2.0602 -3.6618
v  -0.0017 -2.0300 -3.6871
v  0.0772 -1.9186 -3.5848
v  0.0615 -2.0108 -3.6931
v  0.0514 -2.0169 -3.6997
v  0.0053 -2.0168 -3.6986
v  0.0381 -1.8614 -3.6312
v  0.0277 -1.9651 -3.7319
v  0.0232 -1.9784 -3.7332
v  -0.0013 -2.0066 -3.7075
v  -0.0436 -1.9675 -3.6465
v  -0.0268 -1.9847 -3.6322
v  0.0042 -1.9808 -3.6184
v  -0.0248 -1.9571 -3.6626
v  0.0109 -1.9694 -3.6482
v  -0.0034 -1.9580 -3.6624
v  -0.0940 -1.8846 -3.6117
v  -0.0804 -1.9850 -3.7152
v  -0.0717 -1.9950 -3.7184
v  -0.0322 -2.0113 -3.7033
v  -0.0937 -1.9574 -3.5509
v  -0.0792 -2.0459 -3.6623
v  -0.0709 -2.0475 -3.6726
v  -0.0312 -2.0274 -3.6892
v  -0.0088 -1.9889 -3.5245
v  -0.0096 -2.0709 -3.6400
v  -0.0113 -2.0692 -3.6539
v  -0.0120 -2.0336 -3.6839
v  0.0699 -1.9514 -3.5570
v  0.0548 -2.0394 -3.6678
v  0.0453 -2.0421 -3.6777
v  0.0042 -2.0243 -3.6920
v  0.0681 -1.8854 -3.6120
v  0.0533 -1.9842 -3.7158
v  0.0447 -1.9946 -3.7192
v  0.0038 -2.0108 -3.7038
v  -0.0087 -1.8477 -3.6423
v  -0.0097 -1.9545 -3.7412
v  -0.0096 -1.9688 -3.7415
v  -0.0125 -2.0033 -3.7103
v  -0.0394 -1.9784 -3.6391
v  -0.0102 -1.9846 -3.6197
v  -0.0373 -1.9628 -3.6571
v  0.0117 -1.9752 -3.6293
v  0.0067 -1.9626 -3.6571
v  -0.0140 -1.9555 -3.6649
v  -0.0860 -2.0230 -3.6897
v  -0.0451 -1.9678 -3.7377
v  -0.0485 -2.0647 -3.6533
v  0.0262 -2.0617 -3.6558
v  0.0575 -2.0146 -3.6974
v  0.0260 -1.9719 -3.7341
v  -0.0770 -1.9904 -3.7181
v  -0.0759 -2.0479 -3.6680
v  -0.0104 -2.0717 -3.6471
v  0.0510 -2.0420 -3.6733
v  0.0499 -1.9898 -3.7188
v  -0.0096 -1.9616 -3.7430
v  -1.1203 -2.3295 -3.1582
v  -1.0679 -2.3972 -3.1026
v  -1.0691 -2.4850 -3.2163
v  -1.1136 -2.4278 -3.2653
v  -1.1040 -2.4348 -3.2723
v  -1.0643 -2.4850 -3.2287
v  -1.0469 -2.4540 -3.2580
v  -1.0585 -2.4398 -3.2703
v  -0.9851 -2.3992 -3.1091
v  -0.9975 -2.4842 -3.2227
v  -1.0047 -2.4843 -3.2343
v  -1.0272 -2.4536 -3.2600
v  -0.9390 -2.3343 -3.1737
v  -0.9623 -2.4338 -3.2720
v  -0.9731 -2.4411 -3.2774
v  -1.0192 -2.4394 -3.2740
v  -0.9850 -2.2821 -3.2175
v  -1.0029 -2.3877 -3.3124
v  -1.0083 -2.4001 -3.3127
v  -1.0308 -2.4280 -3.2836
v  -1.0680 -2.2747 -3.2140
v  -1.0716 -2.3838 -3.3093
v  -1.0665 -2.3969 -3.3108
v  -1.0457 -2.4266 -3.2837
v  -1.0534 -2.4082 -3.2022
v  -1.0257 -2.4073 -3.2061
v  -1.0042 -2.3818 -3.2137
v  -1.0603 -2.3928 -3.2231
v  -1.0260 -2.3766 -3.2373
v  -1.0489 -2.3803 -3.2363
v  -1.1080 -2.3683 -3.1244
v  -1.1032 -2.4609 -3.2356
v  -1.0947 -2.4639 -3.2459
v  -1.0557 -2.4481 -3.2628
v  -1.0260 -2.4076 -3.0973
v  -1.0329 -2.4927 -3.2120
v  -1.0342 -2.4914 -3.2253
v  -1.0368 -2.4561 -3.2569
v  -0.9481 -2.3727 -3.1373
v  -0.9692 -2.4632 -3.2442
v  -0.9796 -2.4665 -3.2531
v  -1.0201 -2.4476 -3.2662
v  -0.9516 -2.3043 -3.2005
v  -0.9733 -2.4070 -3.2965
v  -0.9825 -2.4173 -3.2988
v  -1.0227 -2.4328 -3.2799
v  -1.0265 -2.2695 -3.2240
v  -1.0373 -2.3785 -3.3177
v  -1.0373 -2.3923 -3.3175
v  -1.0383 -2.4258 -3.2851
v  -1.1066 -2.2959 -3.1902
v  -1.1025 -2.4011 -3.2907
v  -1.0939 -2.4118 -3.2946
v  -1.0552 -2.4318 -3.2781
v  -1.0401 -2.4119 -3.2020
v  -1.0098 -2.3939 -3.2069
v  -1.0596 -2.4034 -3.2128
v  -1.0105 -2.3758 -3.2251
v  -1.0378 -2.3762 -3.2396
v  -1.0572 -2.3855 -3.2310
v  -1.0672 -2.4865 -3.2227
v  -1.1099 -2.4320 -3.2697
v  -1.0006 -2.4858 -3.2288
v  -0.9667 -2.4383 -3.2756
v  -1.0052 -2.3941 -3.3141
v  -1.0697 -2.3905 -3.3116
v  -1.1000 -2.4636 -3.2412
v  -1.0336 -2.4936 -3.2188
v  -0.9735 -2.4661 -3.2492
v  -0.9771 -2.4127 -3.2989
v  -1.0373 -2.3855 -3.3192
v  -1.0992 -2.4068 -3.2939
v  -1.2642 -2.7786 -2.7085
v  -1.1752 -2.8195 -2.6798
v  -1.1855 -2.9094 -2.7915
v  -1.2615 -2.8749 -2.8176
v  -1.2531 -2.8785 -2.8280
v  -1.1856 -2.9085 -2.8047
v  -1.1919 -2.8754 -2.8361
v  -1.2113 -2.8670 -2.8425
v  -1.1050 -2.7925 -2.7153
v  -1.1259 -2.8837 -2.8227
v  -1.1362 -2.8872 -2.8310
v  -1.1757 -2.8682 -2.8449
v  -1.1109 -2.7200 -2.7874
v  -1.1307 -2.8275 -2.8777
v  -1.1394 -2.8385 -2.8794
v  -1.1787 -2.8529 -2.8598
v  -1.1847 -2.6904 -2.8085
v  -1.1965 -2.8016 -2.8979
v  -1.1969 -2.8150 -2.8971
v  -1.1962 -2.8471 -2.8639
v  -1.2580 -2.7126 -2.7753
v  -1.2562 -2.8220 -2.8704
v  -1.2477 -2.8325 -2.8746
v  -1.2096 -2.8511 -2.8586
v  -1.1940 -2.8313 -2.7786
v  -1.1717 -2.8209 -2.7920
v  -1.1647 -2.7900 -2.8050
v  -1.2127 -2.8207 -2.7947
v  -1.1938 -2.7944 -2.8189
v  -1.2120 -2.8059 -2.8101
v  -1.2278 -2.8082 -2.6840
v  -1.2303 -2.9003 -2.7958
v  -1.2255 -2.9007 -2.8086
v  -1.2033 -2.8733 -2.8371
v  -1.1333 -2.8141 -2.6904
v  -1.1499 -2.9035 -2.8008
v  -1.1561 -2.9036 -2.8126
v  -1.1820 -2.8736 -2.8388
v  -1.0924 -2.7566 -2.7529
v  -1.1164 -2.8555 -2.8513
v  -1.1275 -2.8629 -2.8562
v  -1.1739 -2.8604 -2.8528
v  -1.1419 -2.6982 -2.8059
v  -1.1584 -2.8080 -2.8948
v  -1.1635 -2.8211 -2.8944
v  -1.1862 -2.8484 -2.8636
v  -1.2274 -2.6938 -2.7989
v  -1.2313 -2.8054 -2.8900
v  -1.2264 -2.8183 -2.8908
v  -1.2040 -2.8478 -2.8625
v  -1.2755 -2.7445 -2.7410
v  -1.2702 -2.8478 -2.8434
v  -1.2605 -2.8550 -2.8508
v  -1.2140 -2.8588 -2.8504
v  -1.1810 -2.8300 -2.7834
v  -1.1629 -2.8028 -2.7974
v  -1.2048 -2.8297 -2.7860
v  -1.1764 -2.7873 -2.8129
v  -1.2049 -2.7984 -2.8169
v  -1.2155 -2.8133 -2.8026
v  -1.1855 -2.9105 -2.7982
v  -1.2584 -2.8778 -2.8233
v  -1.1302 -2.8867 -2.8274
v  -1.1342 -2.8335 -2.8798
v  -1.1968 -2.8084 -2.8991
v  -1.2530 -2.8277 -2.8737
v  -1.2285 -2.9020 -2.8024
v  -1.1525 -2.9050 -2.8070
v  -1.1210 -2.8601 -2.8547
v  -1.1605 -2.8148 -2.8962
v  -1.2295 -2.8120 -2.8919
v  -1.2665 -2.8522 -2.8479
v  -1.4739 -3.0590 -2.4003
v  -1.3722 -3.0639 -2.4078
v  -1.3889 -3.1587 -2.5145
v  -1.4761 -3.1552 -2.5097
v  -1.4713 -3.1563 -2.5225
v  -1.3941 -3.1588 -2.5267
v  -1.4223 -3.1322 -2.5516
v  -1.4443 -3.1317 -2.5501
v  -1.3336 -3.0162 -2.4638
v  -1.3575 -3.1157 -2.5629
v  -1.3681 -3.1231 -2.5673
v  -1.4139 -3.1203 -2.5650
v  -1.3898 -2.9553 -2.5241
v  -1.4009 -3.0685 -2.6087
v  -1.4052 -3.0820 -2.6079
v  -1.4272 -3.1081 -2.5768
v  -1.4716 -2.9552 -2.5157
v  -1.4742 -3.0690 -2.6025
v  -1.4695 -3.0816 -2.6025
v  -1.4458 -3.1091 -2.5741
v  -1.5155 -2.9997 -2.4604
v  -1.5090 -3.1074 -2.5572
v  -1.4994 -3.1144 -2.5648
v  -1.4542 -3.1173 -2.5646
v  -1.4193 -3.0880 -2.4941
v  -1.4084 -3.0712 -2.5138
v  -1.4179 -3.0409 -2.5263
v  -1.4450 -3.0858 -2.5018
v  -1.4464 -3.0562 -2.5292
v  -1.4550 -3.0727 -2.5155
v  -1.4233 -3.0722 -2.3924
v  -1.4325 -3.1663 -2.5021
v  -1.4327 -3.1659 -2.5157
v  -1.4333 -3.1343 -2.5483
v  -1.3417 -3.0447 -2.4321
v  -1.3634 -3.1412 -2.5354
v  -1.3730 -3.1443 -2.5442
v  -1.4153 -3.1272 -2.5574
v  -1.3486 -2.9806 -2.5010
v  -1.3693 -3.0880 -2.5910
v  -1.3780 -3.0990 -2.5922
v  -1.4179 -3.1130 -2.5725
v  -1.4309 -2.9472 -2.5289
v  -1.4378 -3.0613 -2.6136
v  -1.4375 -3.0753 -2.6122
v  -1.4366 -3.1068 -2.5774
v  -1.5040 -2.9729 -2.4919
v  -1.5002 -3.0844 -2.5831
v  -1.4917 -3.0947 -2.5865
v  -1.4519 -3.1124 -2.5700
v  -1.5072 -3.0334 -2.4243
v  -1.5024 -3.1347 -2.5287
v  -1.4940 -3.1384 -2.5396
v  -1.4523 -3.1255 -2.5560
v  -1.4102 -3.0825 -2.5031
v  -1.4091 -3.0517 -2.5207
v  -1.4319 -3.0908 -2.4971
v  -1.4317 -3.0430 -2.5294
v  -1.4540 -3.0637 -2.5237
v  -1.4528 -3.0804 -2.5077
v  -1.3909 -3.1602 -2.5208
v  -1.4744 -3.1571 -2.5163
v  -1.3618 -3.1203 -2.5660
v  -1.4025 -3.0756 -2.6099
v  -1.4725 -3.0755 -2.6040
v  -1.5054 -3.1117 -2.5618
v  -1.4327 -3.1677 -2.5089
v  -1.3674 -3.1439 -2.5403
v  -1.3728 -3.0941 -2.5929
v  -1.4377 -3.0685 -2.6145
v  -1.4970 -3.0900 -2.5860
v  -1.4993 -3.1377 -2.5346
v  -1.0710 -3.2189 -2.2688
v  -0.9693 -3.2238 -2.2763
v  -0.9859 -3.3186 -2.3829
v  -1.0732 -3.3150 -2.3781
v  -1.0683 -3.3161 -2.3910
v  -0.9911 -3.3187 -2.3952
v  -1.0193 -3.2920 -2.4200
v  -1.0414 -3.2916 -2.4185
v  -0.9306 -3.1761 -2.3323
v  -0.9545 -3.2756 -2.4314
v  -0.9651 -3.2830 -2.4357
v  -1.0109 -3.2802 -2.4335
v  -0.9869 -3.1152 -2.3926
v  -0.9979 -3.2284 -2.4771
v  -1.0022 -3.2419 -2.4764
v  -1.0242 -3.2680 -2.4453
v  -1.0686 -3.1151 -2.3841
v  -1.0712 -3.2289 -2.4710
v  -1.0665 -3.2415 -2.4710
v  -1.0429 -3.2690 -2.4425
v  -1.1125 -3.1596 -2.3288
v  -1.1060 -3.2673 -2.4256
v  -1.0964 -3.2743 -2.4332
v  -1.0512 -3.2772 -2.4331
v  -1.0164 -3.2479 -2.3626
v  -1.0055 -3.2311 -2.3822
v  -1.0149 -3.2008 -2.3947
v  -1.0420 -3.2457 -2.3702
v  -1.0435 -3.2161 -2.3977
v  -1.0521 -3.2326 -2.3839
v  -1.0203 -3.2321 -2.2608
v  -1.0295 -3.3262 -2.3705
v  -1.0298 -3.3258 -2.3842
v  -1.0303 -3.2942 -2.4167
v  -0.9387 -3.2046 -2.3006
v  -0.9605 -3.3011 -2.4039
v  -0.9701 -3.3042 -2.4126
v  -1.0123 -3.2871 -2.4259
v  -0.9456 -3.1405 -2.3694
v  -0.9664 -3.2479 -2.4595
v  -0.9751 -3.2589 -2.4606
v  -1.0149 -3.2729 -2.4409
v  -1.0279 -3.1071 -2.3974
v  -1.0349 -3.2212 -2.4820
v  -1.0345 -3.2352 -2.4807
v  -1.0336 -3.2667 -2.4459
v  -1.1011 -3.1328 -2.3604
v  -1.0973 -3.2443 -2.4516
v  -1.0887 -3.2546 -2.4550
v  -1.0489 -3.2723 -2.4385
v  -1.1043 -3.1933 -2.2928
v  -1.0995 -3.2946 -2.3972
v  -1.0911 -3.2983 -2.4081
v  -1.0494 -3.2854 -2.4244
v  -1.0072 -3.2424 -2.3716
v  -1.0062 -3.2115 -2.3892
v  -1.0289 -3.2507 -2.3656
v  -1.0288 -3.2029 -2.3979
v  -1.0510 -3.2236 -2.3922
v  -1.0498 -3.2403 -2.3762
v  -0.9879 -3.3201 -2.3893
v  -1.0715 -3.3170 -2.3847
v  -0.9588 -3.2802 -2.4344
v  -0.9996 -3.2355 -2.4783
v  -1.0695 -3.2354 -2.4724
v  -1.1024 -3.2716 -2.4303
v  -1.0297 -3.3276 -2.3774
v  -0.9644 -3.3038 -2.4088
v  -0.9698 -3.2540 -2.4614
v  -1.0348 -3.2283 -2.4830
v  -1.0940 -3.2499 -2.4545
v  -1.0963 -3.2976 -2.4031
v  -0.5925 -3.5325 -1.9569
v  -0.5054 -3.5016 -2.0001
v  -0.5241 -3.6029 -2.1002
v  -0.5991 -3.6302 -2.0647
v  -0.5991 -3.6303 -2.0784
v  -0.5328 -3.6057 -2.1098
v  -0.5754 -3.5924 -2.1212
v  -0.5942 -3.5997 -2.1120
v  -0.5085 -3.4471 -2.0628
v  -0.5292 -3.5549 -2.1536
v  -0.5373 -3.5659 -2.1544
v  -0.5771 -3.5793 -2.1359
v  -0.6001 -3.4142 -2.0950
v  -0.5996 -3.5293 -2.1777
v  -0.5983 -3.5433 -2.1764
v  -0.5971 -3.5734 -2.1414
v  -0.6680 -3.4425 -2.0582
v  -0.6607 -3.5552 -2.1461
v  -0.6522 -3.5653 -2.1486
v  -0.6119 -3.5808 -2.1323
v  -0.6707 -3.4958 -1.9942
v  -0.6613 -3.6004 -2.0941
v  -0.6532 -3.6040 -2.1051
v  -0.6130 -3.5907 -2.1211
v  -0.5682 -3.5464 -2.0657
v  -0.5716 -3.5282 -2.0867
v  -0.5949 -3.5040 -2.0929
v  -0.5939 -3.5539 -2.0636
v  -0.6153 -3.5286 -2.0866
v  -0.6120 -3.5462 -2.0719
v  -0.5412 -3.5264 -1.9682
v  -0.5547 -3.6247 -2.0737
v  -0.5599 -3.6252 -2.0864
v  -0.5830 -3.5981 -2.1144
v  -0.4943 -3.4745 -2.0323
v  -0.5156 -3.5790 -2.1275
v  -0.5259 -3.5858 -2.1326
v  -0.5732 -3.5857 -2.1288
v  -0.5473 -3.4217 -2.0897
v  -0.5592 -3.5351 -2.1737
v  -0.5632 -3.5485 -2.1725
v  -0.5858 -3.5743 -2.1410
v  -0.6402 -3.4214 -2.0844
v  -0.6359 -3.5359 -2.1687
v  -0.6302 -3.5487 -2.1686
v  -0.6059 -3.5755 -2.1385
v  -0.6814 -3.4688 -2.0258
v  -0.6710 -3.5775 -2.1199
v  -0.6611 -3.5844 -2.1267
v  -0.6146 -3.5857 -2.1266
v  -0.6389 -3.5219 -1.9657
v  -0.6359 -3.6216 -2.0718
v  -0.6312 -3.6228 -2.0851
v  -0.6054 -3.5971 -2.1142
v  -0.5654 -3.5387 -2.0769
v  -0.5816 -3.5106 -2.0916
v  -0.5791 -3.5537 -2.0642
v  -0.6073 -3.5111 -2.0911
v  -0.6173 -3.5379 -2.0794
v  -0.6046 -3.5521 -2.0660
v  -0.5275 -3.6054 -2.1055
v  -0.5993 -3.6319 -2.0715
v  -0.5324 -3.5609 -2.1552
v  -0.5990 -3.5365 -2.1787
v  -0.6574 -3.5608 -2.1485
v  -0.6582 -3.6034 -2.1000
v  -0.5568 -3.6265 -2.0802
v  -0.5197 -3.5833 -2.1309
v  -0.5607 -3.5421 -2.1747
v  -0.6336 -3.5426 -2.1702
v  -0.6672 -3.5818 -2.1241
v  -0.6342 -3.6238 -2.0786
v  0.0430 -3.6354 -1.8563
v  0.0922 -3.5785 -1.9253
v  0.0765 -3.6862 -2.0190
v  0.0336 -3.7359 -1.9612
v  0.0288 -3.7369 -1.9741
v  0.0664 -3.6925 -2.0251
v  0.0208 -3.6960 -2.0197
v  0.0104 -3.7088 -2.0050
v  0.0481 -3.5329 -1.9790
v  0.0362 -3.6468 -2.0637
v  0.0328 -3.6599 -2.0624
v  0.0095 -3.6853 -2.0320
v  -0.0543 -3.5367 -1.9744
v  -0.0424 -3.6493 -2.0596
v  -0.0359 -3.6619 -2.0598
v  -0.0118 -3.6872 -2.0296
v  -0.0900 -3.5847 -1.9181
v  -0.0750 -3.6931 -2.0103
v  -0.0650 -3.6997 -2.0164
v  -0.0188 -3.6988 -2.0164
v  -0.0509 -3.6312 -1.8610
v  -0.0411 -3.7320 -1.9647
v  -0.0367 -3.7333 -1.9780
v  -0.0122 -3.7076 -2.0063
v  0.0305 -3.6468 -1.9673
v  0.0137 -3.6325 -1.9845
v  -0.0173 -3.6186 -1.9804
v  0.0117 -3.6628 -1.9568
v  -0.0240 -3.6483 -1.9690
v  -0.0098 -3.6626 -1.9577
v  0.0813 -3.6122 -1.8846
v  0.0670 -3.7157 -1.9850
v  0.0582 -3.7188 -1.9950
v  0.0186 -3.7035 -2.0111
v  0.0809 -3.5514 -1.9574
v  0.0657 -3.6627 -2.0459
v  0.0574 -3.6730 -2.0474
v  0.0177 -3.6895 -2.0272
v  -0.0040 -3.5246 -1.9886
v  -0.0039 -3.6402 -2.0706
v  -0.0022 -3.6541 -2.0689
v  -0.0015 -3.6841 -2.0333
v  -0.0827 -3.5569 -1.9508
v  -0.0683 -3.6678 -2.0389
v  -0.0588 -3.6777 -2.0416
v  -0.0177 -3.6922 -2.0240
v  -0.0809 -3.6119 -1.8849
v  -0.0667 -3.7158 -1.9837
v  -0.0582 -3.7192 -1.9941
v  -0.0173 -3.7039 -2.0105
v  -0.0040 -3.6425 -1.8474
v  -0.0037 -3.7414 -1.9543
v  -0.0039 -3.7417 -1.9685
v  -0.0010 -3.7105 -2.0030
v  0.0262 -3.6394 -1.9783
v  -0.0029 -3.6199 -1.9843
v  0.0241 -3.6574 -1.9626
v  -0.0248 -3.6295 -1.9749
v  -0.0199 -3.6572 -1.9622
v  0.0008 -3.6651 -1.9552
v  0.0725 -3.6902 -2.0230
v  0.0317 -3.7380 -1.9677
v  0.0350 -3.6536 -2.0646
v  -0.0397 -3.6559 -2.0613
v  -0.0710 -3.6973 -2.0141
v  -0.0395 -3.7342 -1.9715
v  0.0635 -3.7185 -1.9904
v  0.0624 -3.6684 -2.0479
v  -0.0031 -3.6473 -2.0714
v  -0.0645 -3.6733 -2.0415
v  -0.0634 -3.7188 -1.9893
v  -0.0039 -3.7432 -1.9614
v  0.6653 -3.4999 -1.9940
v  0.6634 -3.4339 -2.0720
v  0.6547 -3.5462 -2.1611
v  0.6556 -3.6039 -2.0954
v  0.6473 -3.6074 -2.1058
v  0.6461 -3.5560 -2.1637
v  0.6097 -3.5750 -2.1428
v  0.6104 -3.5897 -2.1263
v  0.5901 -3.4105 -2.1033
v  0.5900 -3.5265 -2.1859
v  0.5922 -3.5399 -2.1844
v  0.5918 -3.5698 -2.1495
v  0.5044 -3.4500 -2.0631
v  0.5243 -3.5565 -2.1545
v  0.5344 -3.5659 -2.1579
v  0.5748 -3.5791 -2.1399
v  0.5103 -3.5037 -2.0012
v  0.5290 -3.6056 -2.0999
v  0.5379 -3.6086 -2.1096
v  0.5775 -3.5914 -2.1259
v  0.5809 -3.5295 -1.9649
v  0.5882 -3.6269 -2.0720
v  0.5878 -3.6274 -2.0861
v  0.5899 -3.5967 -2.1194
v  0.6192 -3.5223 -2.0940
v  0.5935 -3.5160 -2.1031
v  0.5632 -3.5137 -2.0874
v  0.6123 -3.5432 -2.0786
v  0.5719 -3.5431 -2.0764
v  0.5934 -3.5506 -2.0718
v  0.6802 -3.4666 -2.0324
v  0.6689 -3.5748 -2.1280
v  0.6589 -3.5815 -2.1345
v  0.6135 -3.5823 -2.1345
v  0.6327 -3.4147 -2.0960
v  0.6275 -3.5298 -2.1808
v  0.6235 -3.5425 -2.1800
v  0.6020 -3.5705 -2.1482
v  0.5387 -3.4219 -2.0933
v  0.5505 -3.5350 -2.1777
v  0.5575 -3.5473 -2.1777
v  0.5813 -3.5727 -2.1467
v  0.4953 -3.4774 -2.0325
v  0.5158 -3.5815 -2.1273
v  0.5265 -3.5876 -2.1338
v  0.5735 -3.5854 -2.1329
v  0.5396 -3.5237 -1.9753
v  0.5536 -3.6221 -2.0796
v  0.5585 -3.6229 -2.0925
v  0.5827 -3.5953 -2.1213
v  0.6302 -3.5225 -1.9696
v  0.6276 -3.6217 -2.0761
v  0.6225 -3.6231 -2.0894
v  0.6019 -3.5952 -2.1205
v  0.6090 -3.5176 -2.1022
v  0.5748 -3.5101 -2.0962
v  0.6191 -3.5341 -2.0881
v  0.5625 -3.5261 -2.0803
v  0.5811 -3.5494 -2.0721
v  0.6043 -3.5490 -2.0734
v  0.6512 -3.5515 -2.1637
v  0.6523 -3.6070 -2.1009
v  0.5911 -3.5334 -2.1867
v  0.5284 -3.5618 -2.1575
v  0.5326 -3.6084 -2.1052
v  0.5880 -3.6288 -2.0791
v  0.6650 -3.5790 -2.1320
v  0.6260 -3.5364 -2.1818
v  0.5535 -3.5415 -2.1792
v  0.5201 -3.5855 -2.1314
v  0.5555 -3.6241 -2.0862
v  0.6256 -3.6240 -2.0828
v  1.1076 -3.1623 -2.3332
v  1.0551 -3.1066 -2.4007
v  1.0557 -3.2203 -2.4885
v  1.1001 -3.2695 -2.4314
v  1.0904 -3.2764 -2.4384
v  1.0508 -3.2327 -2.4885
v  1.0334 -3.2619 -2.4575
v  1.0450 -3.2743 -2.4433
v  0.9723 -3.1128 -2.4024
v  0.9840 -3.2265 -2.4874
v  0.9911 -3.2381 -2.4876
v  1.0137 -3.2639 -2.4570
v  0.9262 -3.1772 -2.3374
v  0.9488 -3.2756 -2.4369
v  0.9596 -3.2810 -2.4443
v  1.0056 -3.2778 -2.4427
v  0.9723 -3.2212 -2.2853
v  0.9895 -3.3161 -2.3910
v  0.9948 -3.3165 -2.4034
v  1.0173 -3.2875 -2.4314
v  1.0553 -3.2179 -2.2782
v  1.0582 -3.3133 -2.3874
v  1.0530 -3.3148 -2.4004
v  1.0322 -3.2876 -2.4301
v  1.0403 -3.2061 -2.4117
v  1.0125 -3.2099 -2.4106
v  0.9911 -3.2175 -2.3851
v  1.0471 -3.2271 -2.3963
v  1.0129 -3.2411 -2.3800
v  1.0357 -3.2402 -2.3838
v  1.0952 -3.1285 -2.3720
v  1.0898 -3.2398 -2.4646
v  1.0812 -3.2500 -2.4675
v  1.0422 -3.2668 -2.4515
v  1.0132 -3.1012 -2.4110
v  1.0194 -3.2159 -2.4961
v  1.0207 -3.2291 -2.4948
v  1.0233 -3.2608 -2.4595
v  0.9353 -3.1409 -2.3758
v  0.9557 -3.2478 -2.4664
v  0.9661 -3.2568 -2.4697
v  1.0066 -3.2701 -2.4509
v  0.9388 -3.2040 -2.3074
v  0.9598 -3.3001 -2.4102
v  0.9690 -3.3024 -2.4206
v  1.0092 -3.2837 -2.4361
v  1.0138 -3.2278 -2.2729
v  1.0238 -3.3215 -2.3819
v  1.0238 -3.3214 -2.3957
v  1.0248 -3.2890 -2.4292
v  1.0939 -3.1943 -2.2995
v  1.0890 -3.2948 -2.4048
v  1.0804 -3.2987 -2.4154
v  1.0416 -3.2821 -2.4352
v  1.0269 -3.2059 -2.4154
v  0.9967 -3.2107 -2.3972
v  1.0465 -3.2168 -2.4069
v  0.9974 -3.2289 -2.3791
v  1.0246 -3.2435 -2.3797
v  1.0440 -3.2350 -2.3890
v  1.0537 -3.2267 -2.4900
v  1.0964 -3.2739 -2.4356
v  0.9870 -3.2326 -2.4890
v  0.9531 -3.2793 -2.4415
v  0.9917 -3.3178 -2.3974
v  1.0562 -3.3156 -2.3940
v  1.0865 -3.2453 -2.4672
v  1.0200 -3.2227 -2.4970
v  0.9600 -3.2529 -2.4693
v  0.9635 -3.3026 -2.4159
v  1.0238 -3.3231 -2.3889
v  1.0857 -3.2980 -2.4105
v  -0.2174 -2.6175 -3.0485
v  -0.1701 -2.5966 -3.0688
v  0.3680 -2.7996 -2.8705
v  0.3701 -2.8318 -2.8380
v  -0.1287 -3.0651 -2.5932
v  -0.1127 -2.5800 -3.0876
v  -0.0384 -2.5693 -3.1004
v  0.0385 -2.5695 -3.1009
v  0.1079 -2.5790 -3.0897
v  0.1767 -2.5995 -3.0701
v  0.2394 -2.6299 -3.0403
v  0.2941 -2.6704 -3.0002
v  0.3493 -2.9144 -2.7540
v  0.3184 -2.9601 -2.7071
v  0.2801 -2.9969 -2.6692
v  0.2197 -3.0358 -2.6286
v  0.1584 -3.0607 -2.6023
v  0.0834 -3.0782 -2.5834
v  -0.2909 -2.6677 -2.9930
v  -0.3270 -2.7091 -2.9505
v  -0.3531 -2.7591 -2.8994
v  -0.3644 -2.8103 -2.8473
v  -0.3588 -2.8704 -2.7864
v  -0.3380 -2.9180 -2.7387
v  -0.3060 -2.9625 -2.6941
v  -0.2634 -3.0009 -2.6559
v  0.0055 -3.0836 -2.5766
v  -0.2529 -2.6383 -3.0255
v  0.3591 -2.7651 -2.9054
v  0.3666 -2.8650 -2.8042
v  0.3354 -2.7184 -2.9523
v  -0.2107 -3.0335 -2.6238
v  -0.0756 -3.0768 -2.5821
v  -0.1706 -3.0513 -2.6064
v  -0.2297 -2.6019 -3.0569
v  -0.1800 -2.5802 -3.0797
v  0.3901 -2.7958 -2.8708
v  0.3924 -2.8299 -2.8363
v  -0.1367 -3.0775 -2.5764
v  -0.1191 -2.5624 -3.0987
v  -0.0407 -2.5510 -3.1116
v  0.0397 -2.5512 -3.1128
v  0.1142 -2.5620 -3.1031
v  0.1863 -2.5849 -3.0814
v  0.2532 -2.6162 -3.0506
v  0.3107 -2.6595 -3.0079
v  0.3704 -2.9175 -2.7471
v  0.3377 -2.9660 -2.6975
v  0.2970 -3.0051 -2.6571
v  0.2321 -3.0457 -2.6152
v  0.1673 -3.0721 -2.5873
v  0.0883 -3.0913 -2.5661
v  -0.3085 -2.6560 -3.0006
v  -0.3470 -2.7004 -2.9551
v  -0.3746 -2.7528 -2.9015
v  -0.3865 -2.8071 -2.8461
v  -0.3805 -2.8707 -2.7815
v  -0.3587 -2.9214 -2.7310
v  -0.3249 -2.9685 -2.6836
v  -0.2797 -3.0093 -2.6431
v  0.0056 -3.0971 -2.5589
v  -0.2677 -2.6242 -3.0336
v  0.3806 -2.7591 -2.9078
v  0.3874 -2.8653 -2.8007
v  0.3554 -2.7096 -2.9575
v  -0.2240 -3.0439 -2.6090
v  -0.0803 -3.0900 -2.5647
v  -0.1813 -3.0629 -2.5904
v  -0.2387 -2.5879 -3.0531
v  -0.1911 -2.5658 -3.0751
v  0.4007 -2.7839 -2.8653
v  0.4035 -2.8226 -2.8267
v  -0.1342 -3.0770 -2.5582
v  -0.1231 -2.5461 -3.0975
v  -0.0449 -2.5344 -3.1106
v  0.0381 -2.5340 -3.1119
v  0.1185 -2.5458 -3.1017
v  0.1935 -2.5663 -3.0787
v  0.2587 -2.5998 -3.0494
v  0.3224 -2.6471 -3.0025
v  0.3802 -2.9122 -2.7349
v  0.3454 -2.9632 -2.6827
v  0.3100 -2.9972 -2.6464
v  0.2422 -3.0414 -2.6001
v  0.1684 -3.0719 -2.5696
v  0.0910 -3.0895 -2.5504
v  -0.3172 -2.6426 -2.9963
v  -0.3574 -2.6883 -2.9490
v  -0.3859 -2.7439 -2.8926
v  -0.3972 -2.8013 -2.8342
v  -0.3916 -2.8588 -2.7760
v  -0.3704 -2.9127 -2.7218
v  -0.3367 -2.9604 -2.6740
v  -0.2909 -3.0025 -2.6313
v  0.0101 -3.0956 -2.5429
v  -0.2798 -2.6126 -3.0273
v  0.3898 -2.7432 -2.9052
v  0.3998 -2.8561 -2.7921
v  0.3678 -2.7004 -2.9483
v  -0.2343 -3.0384 -2.5956
v  -0.0796 -3.0884 -2.5475
v  -0.1875 -3.0601 -2.5755
v  -0.2350 -2.5951 -3.0575
v  -0.1859 -2.5730 -3.0802
v  0.3970 -2.7913 -2.8694
v  0.3991 -2.8279 -2.8331
v  -0.1367 -3.0797 -2.5676
v  -0.1216 -2.5545 -3.1006
v  -0.0426 -2.5429 -3.1120
v  0.0391 -2.5425 -3.1150
v  0.1167 -2.5542 -3.1050
v  0.1909 -2.5761 -3.0838
v  0.2573 -2.6087 -3.0523
v  0.3180 -2.6537 -3.0077
v  0.3768 -2.9165 -2.7421
v  0.3431 -2.9664 -2.6911
v  0.3045 -3.0038 -2.6521
v  0.2383 -3.0464 -2.6076
v  0.1684 -3.0747 -2.5776
v  0.0899 -3.0927 -2.5585
v  -0.3142 -2.6500 -3.0005
v  -0.3537 -2.6956 -2.9539
v  -0.3818 -2.7492 -2.8989
v  -0.3935 -2.8052 -2.8418
v  -0.3875 -2.8665 -2.7794
v  -0.3661 -2.9191 -2.7271
v  -0.3319 -2.9666 -2.6792
v  -0.2863 -3.0083 -2.6375
v  0.0075 -3.0988 -2.5510
v  -0.2738 -2.6184 -3.0316
v  0.3870 -2.7526 -2.9079
v  0.3956 -2.8625 -2.7974
v  0.3629 -2.7057 -2.9553
v  -0.2299 -3.0437 -2.6025
v  -0.0805 -3.0917 -2.5563
v  -0.1851 -3.0639 -2.5832
v  -0.1594 -2.6725 -2.9930
v  -0.1245 -2.6571 -3.0080
v  0.2717 -2.8066 -2.8620
v  0.2732 -2.8303 -2.8380
v  -0.0940 -3.0021 -2.6577
v  -0.0823 -2.6448 -3.0219
v  -0.0276 -2.6370 -3.0312
v  0.0285 -2.6370 -3.0317
v  0.0801 -2.6441 -3.0234
v  0.1308 -2.6592 -3.0089
v  0.1770 -2.6816 -2.9870
v  0.2173 -2.7114 -2.9575
v  0.2579 -2.8911 -2.7761
v  0.2351 -2.9247 -2.7416
v  0.2070 -2.9518 -2.7137
v  0.1625 -2.9805 -2.6838
v  0.1173 -2.9989 -2.6645
v  0.0621 -3.0117 -2.6505
v  -0.2135 -2.7094 -2.9522
v  -0.2401 -2.7399 -2.9209
v  -0.2593 -2.7767 -2.8833
v  -0.2676 -2.8145 -2.8448
v  -0.2635 -2.8587 -2.8000
v  -0.2482 -2.8938 -2.7649
v  -0.2247 -2.9265 -2.7320
v  -0.1932 -2.9548 -2.7039
v  0.0048 -3.0157 -2.6456
v  -0.1856 -2.6878 -2.9761
v  0.2651 -2.7812 -2.8876
v  0.2707 -2.8548 -2.8131
v  0.2477 -2.7468 -2.9222
v  -0.1545 -2.9788 -2.6803
v  -0.0549 -3.0107 -2.6496
v  -0.1249 -2.9919 -2.6674
v  0.0026 -2.8452 -2.8572
v  -0.5356 -2.9185 -2.7619
v  -0.5471 -2.8423 -2.8381
v  -0.5022 -2.9935 -2.6878
v  -0.4530 -3.0557 -2.6249
v  -0.3772 -3.1186 -2.5622
v  -0.2982 -3.1624 -2.5186
v  -0.1998 -3.1978 -2.4836
v  -0.0929 -3.2184 -2.4631
v  0.0322 -3.2232 -2.4582
v  0.1354 -3.2104 -2.4717
v  0.2319 -3.1850 -2.4974
v  0.3201 -3.1470 -2.5355
v  0.5340 -2.8802 -2.8025
v  -0.5371 -2.7659 -2.9143
v  -0.5050 -2.6911 -2.9891
v  -0.4572 -2.6280 -3.0522
v  -0.3826 -2.5646 -3.1158
v  -0.2905 -2.5137 -3.1669
v  0.2250 -2.4937 -3.1883
v  0.3140 -2.5310 -3.1512
v  0.3896 -2.5798 -3.1028
v  0.4627 -2.6476 -3.0345
v  0.5056 -2.7149 -2.9676
v  0.5332 -2.7960 -2.8867
v  -0.4669 -2.9144 -2.7778
v  -0.4770 -2.8479 -2.8444
v  -0.4376 -2.9795 -2.7128
v  -0.3948 -3.0343 -2.6581
v  -0.3285 -3.0892 -2.6034
v  -0.2595 -3.1274 -2.5653
v  -0.1735 -3.1582 -2.5346
v  -0.0802 -3.1762 -2.5168
v  0.0291 -3.1805 -2.5126
v  0.1192 -3.1691 -2.5242
v  0.2034 -3.1469 -2.5466
v  0.2805 -3.1137 -2.5800
v  0.4671 -2.8808 -2.8132
v  -0.4682 -2.7812 -2.9110
v  -0.4402 -2.7159 -2.9764
v  -0.3985 -2.6608 -3.0315
v  -0.3333 -2.6054 -3.0871
v  -0.2535 -2.5665 -3.1268
v  0.1974 -2.5434 -3.1501
v  0.2751 -2.5759 -3.1176
v  0.3412 -2.6185 -3.0754
v  0.4051 -2.6779 -3.0160
v  0.4425 -2.7366 -2.9574
v  0.4664 -2.8073 -2.8867
v  -0.3902 -2.9072 -2.7929
v  -0.3986 -2.8517 -2.8490
v  -0.3662 -2.9604 -2.7398
v  -0.3688 -3.0269 -2.6692
v  -0.2741 -3.0537 -2.6467
v  -0.2157 -3.0848 -2.6158
v  -0.1433 -3.1100 -2.5908
v  -0.0663 -3.1246 -2.5763
v  0.0248 -3.1272 -2.5739
v  0.0996 -3.1176 -2.5837
v  0.1701 -3.0986 -2.6028
v  0.2321 -3.0709 -2.6307
v  0.3843 -2.8784 -2.8236
v  -0.3913 -2.7955 -2.9046
v  -0.3677 -2.7411 -2.9597
v  -0.3328 -2.6946 -3.0056
v  -0.2761 -2.6495 -3.0510
v  -0.2119 -2.6117 -3.0888
v  0.1651 -2.6006 -3.1009
v  0.2268 -2.6278 -3.0738
v  0.2819 -2.6621 -3.0397
v  0.3332 -2.7120 -2.9898
v  0.3645 -2.7604 -2.9415
v  0.3831 -2.8187 -2.8834
v  -0.3519 -3.0305 -2.6667
v  -0.3612 -3.0310 -2.6654
v  -0.3186 -3.0179 -2.6823
v  -0.4044 -2.9839 -2.7121
v  -0.4055 -2.9775 -2.7188
v  -0.3999 -2.9726 -2.7245
v  -0.3624 -3.0206 -2.6687
v  -0.3963 -2.9797 -2.7095
v  -0.3980 -2.9756 -2.7143
v  -0.3937 -2.9727 -2.7178
v  -0.3629 -2.9603 -2.7323
v  -0.3594 -3.0229 -2.6662
v  -0.3545 -3.0231 -2.6659
v  -0.3620 -3.0015 -2.6514
v  -0.3974 -2.9598 -2.6921
v  -0.3980 -2.9565 -2.6953
v  -0.3952 -2.9540 -2.6980
v  -0.3590 -3.0034 -2.6486
v  -0.3541 -3.0034 -2.6479
v  -0.3210 -3.0106 -2.6814
v  -0.3159 -2.9957 -2.6718
v  -0.3561 -2.9471 -2.7218
v  -0.3908 -2.9532 -2.6908
v  -0.3543 -2.9454 -2.7135
v  -0.3563 -2.9946 -2.6487
v  -0.3195 -2.9872 -2.6716
v  -0.3132 -2.9810 -2.6726
v  -0.3467 -2.9405 -2.7131
v  -0.3377 -2.9671 -2.6918
v  -0.3865 -3.0055 -2.6907
v  -0.3809 -2.9993 -2.6893
v  -0.3801 -2.9807 -2.6713
v  -0.3735 -2.9743 -2.6703
v  -0.3178 -3.0069 -2.6806
v  -0.3304 -2.9616 -2.6912
v  -0.3587 -2.9557 -2.7308
v  -0.3594 -2.9576 -2.7403
v  -0.3787 -2.9004 -2.7883
v  -0.3883 -2.8453 -2.8426
v  -0.3795 -2.7908 -2.8982
v  -0.3563 -2.7380 -2.9505
v  -0.3231 -2.6949 -2.9943
v  -0.2698 -2.6500 -3.0399
v  -0.2050 -2.6146 -3.0754
v  0.1605 -2.6019 -3.0890
v  0.2208 -2.6274 -3.0630
v  0.2734 -2.6599 -3.0293
v  0.3249 -2.7091 -2.9807
v  0.3545 -2.7565 -2.9325
v  0.3727 -2.8137 -2.8761
v  -0.3569 -2.9519 -2.7374
v  -0.3826 -2.9041 -2.7931
v  -0.3919 -2.8501 -2.8474
v  -0.3842 -2.7953 -2.9030
v  -0.3608 -2.7418 -2.9566
v  -0.3268 -2.6971 -3.0016
v  -0.2730 -2.6516 -3.0475
v  -0.2078 -2.6159 -3.0835
v  -0.2667 -3.0418 -2.6471
v  -0.2096 -3.0731 -2.6170
v  -0.1400 -3.0967 -2.5918
v  -0.0642 -3.1107 -2.5776
v  0.0246 -3.1137 -2.5756
v  0.0967 -3.1047 -2.5846
v  0.1654 -3.0853 -2.6027
v  0.2269 -3.0594 -2.6308
v  0.3734 -2.8718 -2.8187
v  0.1625 -2.6035 -3.0956
v  0.2232 -2.6296 -3.0689
v  0.2767 -2.6633 -3.0352
v  0.3281 -2.7125 -2.9861
v  0.3587 -2.7601 -2.9382
v  0.3766 -2.8180 -2.8813
v  0.3776 -2.8767 -2.8230
v  -0.3130 -3.0136 -2.6841
v  -0.2693 -3.0490 -2.6495
v  -0.2119 -3.0798 -2.6186
v  -0.1410 -3.1041 -2.5938
v  -0.0650 -3.1183 -2.5798
v  0.0246 -3.1210 -2.5774
v  0.0979 -3.1116 -2.5866
v  0.1671 -3.0926 -2.6056
v  0.2288 -3.0657 -2.6328
v  -0.3099 -3.0078 -2.6817
v  0.1281 -2.4690 -3.2127
v  0.0536 -2.4606 -3.2215
v  0.0452 -2.5156 -3.1780
v  0.1128 -2.5218 -3.1715
v  -0.0476 -2.4592 -3.2226
v  -0.0431 -2.5144 -3.1789
v  -0.1846 -2.4793 -3.2021
v  -0.1616 -2.5313 -3.1616
v  0.0377 -2.5458 -3.1527
v  0.0377 -2.5748 -3.1267
v  0.0948 -2.5814 -3.1199
v  -0.0534 -2.5395 -3.1577
v  -0.0448 -2.5368 -3.1601
v  -0.1358 -2.5868 -3.1138
v  -0.0562 -2.5751 -3.1259
v  -0.0568 -2.5461 -3.1519
v  0.0255 -2.5367 -3.1607
v  0.0340 -2.5394 -3.1584
v  -0.0096 -2.5370 -3.1605
v  -0.0446 -2.5379 -3.1515
v  -0.0483 -2.5398 -3.1505
v  -0.0507 -2.5424 -3.1479
v  -0.0491 -2.5716 -3.1222
v  -0.0437 -2.5199 -3.1327
v  -0.0095 -2.5198 -3.1329
v  -0.0095 -2.5375 -3.1518
v  0.0256 -2.5373 -3.1521
v  0.0247 -2.5197 -3.1331
v  0.0291 -2.5211 -3.1315
v  0.0298 -2.5387 -3.1511
v  0.0307 -2.5238 -3.1289
v  0.0316 -2.5420 -3.1484
v  -0.0497 -2.5242 -3.1284
v  0.0310 -2.5633 -3.1056
v  -0.0483 -2.5643 -3.1053
v  -0.0436 -2.5213 -3.1234
v  -0.0431 -2.5590 -3.1011
v  -0.0096 -2.5580 -3.1022
v  -0.0094 -2.5214 -3.1239
v  -0.0095 -2.5185 -3.1280
v  -0.0436 -2.5184 -3.1277
v  0.0247 -2.5209 -3.1238
v  0.0250 -2.5586 -3.1016
v  -0.0549 -2.5770 -3.1129
v  -0.0553 -2.5785 -3.1197
v  -0.0105 -2.5593 -3.0934
v  -0.0424 -2.5611 -3.0926
v  0.0370 -2.5764 -3.1137
v  0.0315 -2.5719 -3.1169
v  0.0243 -2.5181 -3.1279
v  -0.0480 -2.5211 -3.1314
v  0.0316 -2.5709 -3.1224
v  -0.0489 -2.5723 -3.1166
v  0.0243 -2.5606 -3.0931
v  0.0368 -2.5780 -3.1203
v  0.0897 -2.5830 -3.1064
v  0.0918 -2.5850 -3.1140
v  -0.1307 -2.5897 -3.1000
v  -0.1329 -2.5911 -3.1081
v  0.3948 -3.0979 -2.5851
v  0.4286 -3.0684 -2.6149
v  0.3725 -3.0440 -2.6503
v  0.3457 -3.0707 -2.6232
v  0.4810 -3.0071 -2.6762
v  0.4182 -2.9906 -2.7039
v  0.5082 -2.9617 -2.7215
v  0.4446 -2.9518 -2.7422
v  0.3425 -3.0278 -2.6713
v  0.3087 -3.0154 -2.6865
v  0.2860 -3.0355 -2.6664
v  0.3950 -2.9746 -2.7237
v  0.3938 -2.9810 -2.7171
v  0.3655 -2.9373 -2.7647
v  0.3551 -2.9578 -2.7442
v  0.3893 -2.9698 -2.7293
v  0.3590 -3.0241 -2.6738
v  0.3517 -3.0282 -2.6700
v  0.3764 -3.0026 -2.6956
v  0.3882 -2.9746 -2.7152
v  0.3888 -2.9716 -2.7187
v  0.3859 -2.9693 -2.7216
v  0.3520 -2.9574 -2.7364
v  0.3870 -2.9566 -2.6967
v  0.3700 -2.9776 -2.6756
v  0.3708 -2.9962 -2.6936
v  0.3534 -3.0179 -2.6719
v  0.3531 -2.9986 -2.6545
v  0.3494 -3.0006 -2.6525
v  0.3497 -3.0200 -2.6702
v  0.3448 -3.0001 -2.6531
v  0.3451 -3.0199 -2.6710
v  0.3869 -2.9527 -2.7004
v  0.3823 -2.9503 -2.7039
v  0.3062 -2.9927 -2.6767
v  0.3460 -2.9433 -2.7261
v  0.3803 -2.9501 -2.6953
v  0.3436 -2.9429 -2.7179
v  0.3281 -2.9639 -2.6969
v  0.3634 -2.9713 -2.6746
v  0.3847 -2.9525 -2.6942
v  0.3465 -2.9920 -2.6534
v  0.3509 -2.9940 -2.6523
v  0.3099 -2.9848 -2.6760
v  0.3458 -2.9490 -2.7414
v  0.3491 -2.9543 -2.7446
v  0.3222 -2.9571 -2.6960
v  0.3368 -2.9374 -2.7166
v  0.3003 -3.0056 -2.6847
v  0.3075 -3.0029 -2.6850
v  0.3115 -3.0076 -2.6862
v  0.3483 -2.9537 -2.7354
v  0.3039 -2.9784 -2.6755
v  0.3035 -3.0108 -2.6878
v  0.2795 -3.0237 -2.6667
v  0.2819 -3.0304 -2.6688
v  0.3557 -2.9301 -2.7601
v  0.3596 -2.9351 -2.7641
v  -0.3776 -2.8904 -2.7789
v  -0.3847 -2.8360 -2.8335
v  -0.3771 -2.7813 -2.8881
v  -0.3541 -2.7292 -2.9404
v  -0.3211 -2.6860 -2.9835
v  -0.2681 -2.6412 -3.0284
v  -0.2038 -2.6060 -3.0636
v  0.1596 -2.5933 -3.0770
v  0.2195 -2.6188 -3.0516
v  0.2717 -2.6516 -3.0188
v  0.3229 -2.7003 -2.9701
v  0.3523 -2.7479 -2.9228
v  0.3704 -2.8043 -2.8664
v  -0.3533 -2.9417 -2.7282
v  -0.2649 -3.0310 -2.6386
v  -0.2080 -3.0615 -2.6082
v  -0.1391 -3.0858 -2.5840
v  -0.0638 -3.0998 -2.5700
v  0.0244 -3.1023 -2.5676
v  0.0960 -3.0934 -2.5765
v  0.1643 -3.0749 -2.5951
v  0.2252 -3.0480 -2.6220
v  0.3710 -2.8616 -2.8091
v  -0.3081 -2.9967 -2.6731
v  -0.0544 -2.5689 -3.1013
v  0.0347 -2.5671 -3.1007
v  0.0894 -2.5752 -3.0953
v  -0.1301 -2.5814 -3.0884
v  0.3435 -2.9386 -2.7320
v  0.2985 -2.9945 -2.6760
v  0.2775 -3.0127 -2.6578
v  0.3535 -2.9198 -2.7511
v  -0.3135 -2.9689 -2.6650
v  -0.3468 -2.9281 -2.7057
v  -0.3291 -2.9518 -2.6820
v  -0.3542 -2.9159 -2.7179
v  -0.0091 -2.5519 -3.0825
v  -0.0428 -2.5532 -3.0812
v  0.0504 -2.5549 -3.0797
v  0.0246 -2.5527 -3.0817
v  0.3199 -2.9481 -2.6869
v  0.3348 -2.9273 -2.7077
v  0.2863 -2.9828 -2.6521
v  -0.3730 -2.8728 -2.7609
v  -0.3802 -2.8185 -2.8154
v  -0.3728 -2.7643 -2.8697
v  -0.3515 -2.7150 -2.9189
v  -0.3155 -2.6680 -2.9660
v  -0.2659 -2.6263 -3.0078
v  -0.2024 -2.5917 -3.0433
v  0.1551 -2.5774 -3.0572
v  0.2186 -2.6045 -3.0305
v  0.2687 -2.6369 -3.0001
v  0.3182 -2.6844 -2.9512
v  0.3484 -2.7313 -2.9044
v  0.3665 -2.7873 -2.8490
v  -0.2616 -3.0103 -2.6237
v  -0.2057 -3.0412 -2.5932
v  -0.1363 -3.0658 -2.5691
v  -0.0632 -3.0794 -2.5556
v  0.0241 -3.0818 -2.5533
v  0.0951 -3.0733 -2.5624
v  0.1625 -3.0547 -2.5805
v  0.2217 -3.0276 -2.6074
v  0.3669 -2.8438 -2.7922
v  -0.3013 -2.9795 -2.6545
v  -0.0599 -2.5547 -3.0797
v  0.0854 -2.5598 -3.0748
v  -0.1294 -2.5668 -3.0675
v  0.3431 -2.9131 -2.7219
v  0.2738 -2.9933 -2.6416
v  0.3494 -2.9008 -2.7343
v  0.3035 -2.9664 -2.6686
v  -0.3134 -2.8993 -2.5954
v  -0.3466 -2.8585 -2.6362
v  -0.3290 -2.8822 -2.6125
v  -0.3541 -2.8463 -2.6483
v  -0.0090 -2.4821 -3.0131
v  -0.0427 -2.4833 -3.0118
v  0.0506 -2.4852 -3.0100
v  0.0247 -2.4831 -3.0122
v  0.2864 -2.9132 -2.5824
v  -0.3729 -2.8032 -2.6914
v  -0.3814 -2.7489 -2.7457
v  -0.3739 -2.6944 -2.8002
v  -0.3525 -2.6450 -2.8496
v  -0.3164 -2.5978 -2.8969
v  -0.2665 -2.5561 -2.9387
v  -0.2027 -2.5212 -2.9737
v  0.1550 -2.5081 -2.9874
v  0.2181 -2.5353 -2.9603
v  0.2678 -2.5669 -2.9288
v  0.3183 -2.6145 -2.8813
v  0.3485 -2.6613 -2.8345
v  0.3667 -2.7171 -2.7787
v  -0.2622 -2.9413 -2.5535
v  -0.2059 -2.9718 -2.5231
v  -0.1362 -2.9960 -2.4990
v  -0.0631 -3.0097 -2.4854
v  0.0243 -3.0122 -2.4830
v  0.0949 -3.0025 -2.4929
v  0.1623 -2.9844 -2.5111
v  0.2218 -2.9579 -2.5376
v  -0.3019 -2.9103 -2.5844
v  -0.0599 -2.4848 -3.0103
v  0.0855 -2.4903 -3.0051
v  -0.1295 -2.4967 -2.9983
v  0.2739 -2.9237 -2.5719
v  -0.3732 -3.0293 -2.6661
v  -0.3915 -3.0072 -2.6884
v  -0.4100 -2.9852 -2.7107
v  -0.4116 -2.9761 -2.7197
v  -0.4038 -2.9693 -2.7274
v  -0.3688 -2.9567 -2.7435
v  -0.3619 -2.9537 -2.7443
v  -0.3589 -2.9481 -2.7417
v  -0.3555 -2.9364 -2.7314
v  -0.3462 -2.9349 -2.7100
v  -0.3294 -2.9568 -2.6871
v  -0.3114 -2.9769 -2.6679
v  -0.3038 -2.9990 -2.6689
v  -0.3063 -3.0113 -2.6781
v  -0.3093 -3.0172 -2.6809
v  -0.3153 -3.0216 -2.6793
v  -0.3500 -3.0346 -2.6629
v  -0.3628 -3.0351 -2.6608
v  0.0437 -2.5448 -3.1534
v  0.0437 -2.5751 -3.1264
v  0.0428 -2.5784 -3.1199
v  0.0429 -2.5771 -3.1133
v  0.0440 -2.5683 -3.1002
v  0.0254 -2.5573 -3.0881
v  -0.0104 -2.5559 -3.0885
v  -0.0436 -2.5577 -3.0875
v  -0.0604 -2.5687 -3.0996
v  -0.0610 -2.5776 -3.1123
v  -0.0613 -2.5791 -3.1193
v  -0.0621 -2.5753 -3.1256
v  -0.0627 -2.5451 -3.1525
v  -0.0580 -2.5361 -3.1605
v  -0.0460 -2.5323 -3.1640
v  -0.0097 -2.5323 -3.1643
v  0.0267 -2.5320 -3.1645
v  0.0386 -2.5357 -3.1612
v  0.3406 -3.0317 -2.6670
v  0.3053 -3.0189 -2.6830
v  0.2999 -3.0145 -2.6846
v  0.2967 -3.0092 -2.6815
v  0.2946 -2.9968 -2.6719
v  0.3023 -2.9745 -2.6710
v  0.3213 -2.9526 -2.6921
v  0.3364 -2.9321 -2.7136
v  0.3455 -2.9337 -2.7351
v  0.3480 -2.9451 -2.7454
v  0.3514 -2.9505 -2.7486
v  0.3578 -2.9541 -2.7480
v  0.3932 -2.9664 -2.7324
v  0.4012 -2.9731 -2.7246
v  0.3996 -2.9819 -2.7153
v  0.3816 -3.0043 -2.6931
v  0.3636 -3.0266 -2.6706
v  0.3534 -3.0323 -2.6653
v  -0.5406 -2.9179 -2.7598
v  -0.5522 -2.8410 -2.8368
v  -0.5411 -2.7634 -2.9130
v  -0.5087 -2.6880 -2.9883
v  -0.4605 -2.6245 -3.0518
v  -0.3854 -2.5606 -3.1158
v  -0.2926 -2.5093 -3.1671
v  -0.1860 -2.4744 -3.2033
v  -0.0480 -2.4542 -3.2240
v  0.0541 -2.4555 -3.2230
v  0.1291 -2.4639 -3.2135
v  0.2269 -2.4887 -3.1889
v  0.3164 -2.5263 -3.1512
v  0.3930 -2.5757 -3.1030
v  0.4663 -2.6438 -3.0337
v  0.5097 -2.7118 -2.9665
v  0.5378 -2.7933 -2.8848
v  0.5387 -2.8783 -2.7999
v  0.5131 -2.9609 -2.7185
v  0.4859 -3.0073 -2.6729
v  0.4331 -3.0690 -2.6111
v  0.3986 -3.0988 -2.5811
v  0.3231 -3.1478 -2.5308
v  0.2340 -3.1862 -2.4924
v  0.1367 -3.2118 -2.4666
v  0.0325 -3.2240 -2.4529
v  -0.0936 -3.2198 -2.4581
v  -0.2014 -3.1989 -2.4788
v  -0.3006 -3.1632 -2.5142
v  -0.3802 -3.1190 -2.5581
v  -0.4571 -3.0563 -2.6215
v  -0.5066 -2.9931 -2.6847
v  -0.5549 -2.7523 -2.7483
v  -0.5432 -2.8294 -2.6708
v  -0.5091 -2.9046 -2.5950
v  -0.4594 -2.9679 -2.5312
v  -0.3826 -3.0312 -2.4673
v  -0.3024 -3.0752 -2.4228
v  -0.2026 -3.1106 -2.3868
v  -0.0942 -3.1312 -2.3657
v  0.0325 -3.1358 -2.3606
v  0.1372 -3.1223 -2.3737
v  0.2349 -3.0962 -2.3995
v  0.3244 -3.0575 -2.4381
v  0.4000 -3.0075 -2.4880
v  0.4345 -2.9774 -2.5182
v  0.4873 -2.9155 -2.5801
v  0.5150 -2.8694 -2.6263
v  0.5409 -2.7872 -2.7088
v  0.5401 -2.7021 -2.7943
v  0.5125 -2.6203 -2.8766
v  0.4689 -2.5525 -2.9450
v  0.3949 -2.4839 -3.0142
v  0.3175 -2.4365 -3.0639
v  0.2280 -2.3975 -3.1017
v  0.1298 -2.3728 -3.1269
v  0.0542 -2.3642 -3.1358
v  -0.0484 -2.3632 -3.1373
v  -0.1871 -2.3839 -3.1170
v  -0.2946 -2.4193 -3.0819
v  -0.3881 -2.4711 -3.0302
v  -0.4637 -2.5354 -2.9659
v  -0.5121 -2.5994 -2.9018
v  -0.5447 -2.6751 -2.8258
v  -0.0941 -3.2169 -2.4512
v  0.0326 -3.2209 -2.4468
v  0.1374 -3.2088 -2.4596
v  0.2353 -3.1830 -2.4855
v  0.3248 -3.1443 -2.5242
v  0.4013 -3.0952 -2.5739
v  0.4352 -3.0644 -2.6044
v  0.4892 -3.0031 -2.6662
v  0.5160 -2.9564 -2.7127
v  0.5409 -2.8736 -2.7949
v  0.5399 -2.7883 -2.8802
v  0.5120 -2.7065 -2.9623
v  0.4678 -2.6386 -3.0298
v  0.3950 -2.5695 -3.0995
v  0.3175 -2.5207 -3.1478
v  0.2278 -2.4827 -3.1858
v  0.1297 -2.4579 -3.2106
v  0.0543 -2.4485 -3.2205
v  -0.0483 -2.4473 -3.2215
v  -0.1870 -2.4678 -3.2006
v  -0.2937 -2.5038 -3.1643
v  -0.3871 -2.5551 -3.1128
v  -0.4625 -2.6193 -3.0486
v  -0.5110 -2.6831 -2.9847
v  -0.5437 -2.7587 -2.9090
v  -0.5555 -2.8362 -2.8320
v  -0.5437 -2.9136 -2.7545
v  -0.5095 -2.9891 -2.6790
v  -0.4597 -3.0527 -2.6154
v  -0.3828 -3.1163 -2.5518
v  -0.3022 -3.1603 -2.5078
v  -0.2025 -3.1962 -2.4721
v  -0.0942 -3.2053 -2.4396
v  0.0325 -3.2093 -2.4352
v  0.1374 -3.1970 -2.4478
v  0.2352 -3.1711 -2.4737
v  0.3248 -3.1325 -2.5123
v  0.4005 -3.0827 -2.5624
v  0.4352 -3.0526 -2.5925
v  0.4874 -2.9904 -2.6548
v  0.5160 -2.9444 -2.7007
v  0.5395 -2.8616 -2.7832
v  0.5386 -2.7766 -2.8683
v  0.5120 -2.6948 -2.9506
v  0.4678 -2.6270 -3.0183
v  0.3949 -2.5579 -3.0879
v  0.3175 -2.5092 -3.1364
v  0.2276 -2.4716 -3.1742
v  0.1296 -2.4466 -3.1993
v  0.0543 -2.4372 -3.2091
v  -0.0483 -2.4361 -3.2102
v  -0.1870 -2.4567 -3.1895
v  -0.2937 -2.4928 -3.1533
v  -0.3871 -2.5442 -3.1019
v  -0.4626 -2.6084 -3.0377
v  -0.5109 -2.6722 -2.9738
v  -0.5436 -2.7478 -2.8981
v  -0.5555 -2.8250 -2.8208
v  -0.5436 -2.9023 -2.7434
v  -0.5095 -2.9778 -2.6678
v  -0.4597 -3.0413 -2.6041
v  -0.3822 -3.1044 -2.5408
v  -0.3023 -3.1489 -2.4964
v  -0.2026 -3.1847 -2.4606
v  -0.5234 -2.9180 -2.7649
v  -0.5347 -2.8435 -2.8394
v  -0.4905 -2.9909 -2.6922
v  -0.4426 -3.0521 -2.6310
v  -0.3685 -3.1136 -2.5698
v  -0.2913 -3.1563 -2.5272
v  -0.1951 -3.1909 -2.4929
v  -0.0906 -3.2110 -2.4729
v  0.0316 -3.2159 -2.4682
v  0.1325 -3.2032 -2.4813
v  0.2268 -3.1783 -2.5064
v  0.3130 -3.1412 -2.5437
v  0.5219 -2.8805 -2.8047
v  -0.5249 -2.7689 -2.9140
v  -0.4935 -2.6958 -2.9872
v  -0.4468 -2.6342 -3.0489
v  -0.3739 -2.5722 -3.1110
v  -0.2839 -2.5234 -3.1601
v  0.2201 -2.5029 -3.1817
v  0.3070 -2.5393 -3.1454
v  0.3809 -2.5870 -3.0981
v  0.4524 -2.6534 -3.0316
v  0.4943 -2.7191 -2.9661
v  0.5210 -2.7983 -2.8869
v  0.0521 -2.4706 -3.2139
v  0.1253 -2.4787 -3.2056
v  -0.0468 -2.4693 -3.2149
v  -0.1805 -2.4888 -3.1951
v  0.4185 -3.0641 -2.6214
v  0.3860 -3.0932 -2.5921
v  0.4696 -3.0040 -2.6810
v  0.4967 -2.9600 -2.7254
v  -0.4063 -2.8512 -2.8484
v  -0.2199 -3.0890 -2.6111
v  -0.1462 -3.1147 -2.5856
v  -0.0676 -3.1296 -2.5708
v  0.0252 -3.1323 -2.5683
v  0.1014 -3.1225 -2.5783
v  0.1732 -3.1033 -2.5977
v  0.2366 -3.0749 -2.6262
v  0.3918 -2.8786 -2.8227
v  -0.3988 -2.7944 -2.9055
v  -0.3749 -2.7386 -2.9613
v  -0.3392 -2.6916 -3.0084
v  -0.2827 -2.6444 -3.0554
v  -0.2164 -2.6069 -3.0930
v  0.1681 -2.5954 -3.1056
v  0.2312 -2.6233 -3.0779
v  0.2874 -2.6582 -3.0431
v  0.3397 -2.7091 -2.9924
v  0.3716 -2.7583 -2.9430
v  0.3905 -2.8178 -2.8838
v  -0.3251 -3.0203 -2.6793
v  -0.3728 -2.9629 -2.7368
v  -0.3695 -2.9627 -2.7292
v  -0.3220 -2.9970 -2.6680
v  -0.3275 -3.0130 -2.6783
v  -0.3629 -2.9484 -2.7175
v  -0.3606 -2.9467 -2.7096
v  -0.3258 -2.9885 -2.6678
v  -0.3439 -2.9683 -2.6880
v  0.0377 -2.5691 -3.1318
v  -0.0563 -2.5693 -3.1310
v  -0.0503 -2.5656 -3.1270
v  0.0310 -2.5567 -3.1095
v  -0.0495 -2.5570 -3.1090
v  -0.0432 -2.5524 -3.1051
v  -0.0096 -2.5514 -3.1061
v  0.0250 -2.5520 -3.1055
v  0.0316 -2.5652 -3.1276
v  0.3152 -3.0178 -2.6836
v  0.3617 -2.9602 -2.7413
v  0.3585 -2.9597 -2.7336
v  0.3125 -2.9939 -2.6728
v  0.3524 -2.9445 -2.7222
v  0.3499 -2.9441 -2.7140
v  0.3343 -2.9652 -2.6930
v  0.3162 -2.9860 -2.6721
v  0.3180 -3.0099 -2.6833
v  -0.2795 -3.0573 -2.6426
v  -0.3976 -2.9081 -2.7916
v  -0.3754 -2.9592 -2.7405
v  -0.3219 -3.0241 -2.6762
v  -0.1384 -2.5814 -3.1187
v  0.0965 -2.5759 -3.1249
v  0.0437 -2.5693 -3.1315
v  -0.0622 -2.5696 -3.1308
v  0.3726 -2.9386 -2.7627
v  0.2915 -3.0387 -2.6624
v  0.3118 -3.0213 -2.6800
v  0.3644 -2.9564 -2.7451
v  0.3200 -2.8779 -2.6167
v  0.3349 -2.8571 -2.6375
v  0.3670 -2.7737 -2.7221
v  0.3432 -2.8429 -2.6518
v  0.3495 -2.8306 -2.6641
v  0.3036 -2.8965 -2.5987
v  0.3676 -2.9735 -2.6734
v  -0.0012 -1.7723 -1.7719
v  0.0076 -2.2070 -1.3371
v  0.0111 -1.3785 -0.5090
v  0.0114 -1.2947 -0.4225
v  0.0115 -1.2907 -0.4158
v  0.0115 -1.2891 -0.4084
v  0.0116 -1.2906 -0.4011
v  0.0117 -1.2951 -0.3944
v  0.0128 -1.3595 -0.3300
v  0.0129 -1.3729 -0.3212
v  0.0130 -1.3875 -0.3183
v  0.0131 -1.4024 -0.3211
v  0.0131 -1.4155 -0.3295
v  0.0113 -1.8716 -0.7696
v  0.0110 -1.9706 -0.8588
v  0.0109 -2.0519 -0.9177
v  0.0109 -2.1400 -0.9650
v  0.0111 -2.2341 -0.9991
v  0.0115 -2.3325 -1.0188
v  0.0121 -2.4328 -1.0232
v  0.0128 -2.5323 -1.0118
v  0.0136 -2.6287 -0.9849
v  0.0145 -2.7206 -0.9453
v  0.0156 -2.8072 -0.8955
v  0.0172 -2.9283 -0.8074
v  0.0194 -3.0786 -0.6760
v  0.0214 -3.2102 -0.5478
v  0.0299 -3.7401 -0.0178
v  0.0301 -3.7540 -0.0120
v  0.0301 -3.7681 -0.0175
v  0.0296 -3.9051 -0.1497
v  -0.0029 -2.0280 -2.0276
v  0.0678 -2.2045 -1.3398
v  0.0713 -1.3760 -0.5117
v  0.0719 -1.2922 -0.4253
v  0.0721 -1.2882 -0.4185
v  0.0726 -1.2866 -0.4111
v  0.0733 -1.2881 -0.4039
v  0.0741 -1.2925 -0.3972
v  0.0841 -1.3565 -0.3332
v  0.0858 -1.3699 -0.3245
v  0.0871 -1.3844 -0.3216
v  0.0880 -1.3993 -0.3245
v  0.0883 -1.4124 -0.3329
v  0.0876 -1.8684 -0.7731
v  0.0880 -1.9675 -0.8623
v  0.0894 -2.0486 -0.9212
v  0.0923 -2.1367 -0.9686
v  0.0967 -2.2306 -1.0029
v  0.1025 -2.3288 -1.0229
v  0.1097 -2.4288 -1.0276
v  0.1181 -2.5280 -1.0165
v  0.1274 -2.6240 -0.9901
v  0.1375 -2.7156 -0.9508
v  0.1480 -2.8018 -0.9015
v  0.1641 -2.9223 -0.8140
v  0.1858 -3.0718 -0.6835
v  0.2058 -3.2027 -0.5562
v  0.2877 -3.7295 -0.0294
v  0.2893 -3.7435 -0.0237
v  0.2899 -3.7575 -0.0292
v  0.2897 -3.8945 -0.1614
v  0.1274 -2.1978 -1.3467
v  0.1309 -1.3693 -0.5186
v  0.1316 -1.2855 -0.4322
v  0.1321 -1.2815 -0.4255
v  0.1329 -1.2799 -0.4181
v  0.1342 -1.2813 -0.4109
v  0.1359 -1.2856 -0.4044
v  0.1546 -1.3487 -0.3414
v  0.1579 -1.3618 -0.3328
v  0.1604 -1.3763 -0.3301
v  0.1621 -1.3910 -0.3330
v  0.1628 -1.4042 -0.3415
v  0.1632 -1.8600 -0.7818
v  0.1642 -1.9590 -0.8711
v  0.1672 -2.0400 -0.9302
v  0.1728 -2.1277 -0.9779
v  0.1813 -2.2212 -1.0127
v  0.1925 -2.3188 -1.0333
v  0.2063 -2.4181 -1.0388
v  0.2222 -2.5164 -1.0286
v  0.2401 -2.6115 -1.0031
v  0.2591 -2.7021 -0.9649
v  0.2789 -2.7872 -0.9166
v  0.3094 -2.9062 -0.8308
v  0.3504 -3.0535 -0.7025
v  0.3883 -3.1824 -0.5772
v  0.5428 -3.7012 -0.0588
v  0.5457 -3.7150 -0.0532
v  0.5469 -3.7290 -0.0589
v  0.5470 -3.8659 -0.1911
v  0.1857 -2.1871 -1.3577
v  0.1892 -1.3586 -0.5296
v  0.1902 -1.2748 -0.4432
v  0.1908 -1.2707 -0.4365
v  0.1920 -1.2690 -0.4293
v  0.1939 -1.2703 -0.4222
v  0.1963 -1.2745 -0.4158
v  0.2237 -1.3360 -0.3544
v  0.2285 -1.3488 -0.3461
v  0.2322 -1.3631 -0.3436
v  0.2347 -1.3777 -0.3467
v  0.2357 -1.3907 -0.3552
v  0.2371 -1.8464 -0.7957
v  0.2388 -1.9453 -0.8852
v  0.2433 -2.0260 -0.9445
v  0.2517 -2.1132 -0.9928
v  0.2642 -2.2059 -1.0283
v  0.2807 -2.3026 -1.0499
v  0.3009 -2.4007 -1.0566
v  0.3243 -2.4976 -1.0478
v  0.3504 -2.5912 -1.0238
v  0.3783 -2.6802 -0.9873
v  0.4072 -2.7636 -0.9408
v  0.4517 -2.8800 -0.8576
v  0.5116 -3.0239 -0.7328
v  0.5669 -3.1496 -0.6108
v  0.7926 -3.6553 -0.1058
v  0.7968 -3.6689 -0.1004
v  0.7986 -3.6827 -0.1062
v  0.7990 -3.8196 -0.2385
v  0.2423 -2.1724 -1.3727
v  0.2458 -1.3439 -0.5446
v  0.2469 -1.2600 -0.4582
v  0.2477 -1.2559 -0.4516
v  0.2494 -1.2541 -0.4444
v  0.2518 -1.2552 -0.4375
v  0.2549 -1.2592 -0.4313
v  0.2907 -1.3185 -0.3721
v  0.2969 -1.3310 -0.3642
v  0.3017 -1.3449 -0.3620
v  0.3051 -1.3594 -0.3653
v  0.3063 -1.3723 -0.3739
v  0.3088 -1.8277 -0.8147
v  0.3111 -1.9264 -0.9043
v  0.3170 -2.0068 -0.9641
v  0.3281 -2.0933 -1.0130
v  0.3445 -2.1850 -1.0496
v  0.3661 -2.2803 -1.0725
v  0.3926 -2.3768 -1.0809
v  0.4232 -2.4719 -1.0739
v  0.4573 -2.5634 -1.0521
v  0.4938 -2.6501 -1.0178
v  0.5316 -2.7313 -0.9737
v  0.5897 -2.8441 -0.8940
v  0.6679 -2.9832 -0.7741
v  0.7401 -3.1046 -0.6566
v  1.0348 -3.5924 -0.1698
v  1.0403 -3.6056 -0.1648
v  1.0426 -3.6193 -0.1707
v  1.0433 -3.7561 -0.3031
v  0.2966 -2.1538 -1.3915
v  0.3001 -1.3253 -0.5634
v  0.3014 -1.2413 -0.4771
v  0.3023 -1.2372 -0.4706
v  0.3043 -1.2352 -0.4635
v  0.3073 -1.2362 -0.4568
v  0.3111 -1.2400 -0.4508
v  0.3550 -1.2965 -0.3944
v  0.3625 -1.3085 -0.3870
v  0.3684 -1.3221 -0.3852
v  0.3725 -1.3363 -0.3887
v  0.3741 -1.3491 -0.3974
v  0.3775 -1.8042 -0.8386
v  0.3805 -1.9027 -0.9284
v  0.3878 -1.9825 -0.9886
v  0.4014 -2.0682 -1.0384
v  0.4215 -2.1586 -1.0763
v  0.4481 -2.2523 -1.1009
v  0.4805 -2.3467 -1.1113
v  0.5180 -2.4394 -1.1068
v  0.5598 -2.5283 -1.0877
v  0.6045 -2.6122 -1.0562
v  0.6508 -2.6904 -1.0150
v  0.7220 -2.7988 -0.9399
v  0.8178 -2.9319 -0.8261
v  0.9062 -3.0477 -0.7142
v  1.2670 -3.5129 -0.2503
v  1.2737 -3.5257 -0.2457
v  1.2766 -3.5392 -0.2518
v  1.2776 -3.6759 -0.3843
v  0.3479 -2.1315 -1.4140
v  0.3514 -1.3030 -0.5859
v  0.3529 -1.2190 -0.4997
v  0.3540 -1.2148 -0.4932
v  0.3564 -1.2127 -0.4863
v  0.3599 -1.2134 -0.4798
v  0.3643 -1.2169 -0.4741
v  0.4158 -1.2702 -0.4210
v  0.4247 -1.2816 -0.4142
v  0.4316 -1.2947 -0.4128
v  0.4364 -1.3086 -0.4167
v  0.4383 -1.3213 -0.4255
v  0.4426 -1.7760 -0.8671
v  0.4462 -1.8742 -0.9571
v  0.4548 -1.9535 -1.0179
v  0.4708 -2.0382 -1.0688
v  0.4945 -2.1270 -1.1082
v  0.5257 -2.2187 -1.1349
v  0.5638 -2.3107 -1.1478
v  0.6079 -2.4005 -1.1461
v  0.6569 -2.4862 -1.1302
v  0.7094 -2.5668 -1.1021
v  0.7638 -2.6415 -1.0644
v  0.8473 -2.7446 -0.9947
v  0.9598 -2.8704 -0.8882
v  1.0636 -2.9796 -0.7830
v  1.4870 -3.4177 -0.3464
v  1.4949 -3.4300 -0.3424
v  1.4982 -3.4433 -0.3487
v  1.4995 -3.5798 -0.4813
v  0.3960 -2.1058 -1.4400
v  0.3995 -1.2773 -0.6119
v  0.4011 -1.1932 -0.5257
v  0.4024 -1.1889 -0.5193
v  0.4050 -1.1866 -0.5126
v  0.4090 -1.1871 -0.5063
v  0.4141 -1.1903 -0.5010
v  0.4727 -1.2397 -0.4517
v  0.4828 -1.2505 -0.4456
v  0.4907 -1.2631 -0.4447
v  0.4962 -1.2766 -0.4490
v  0.4983 -1.2892 -0.4579
v  0.5035 -1.7434 -0.8999
v  0.5076 -1.8413 -0.9903
v  0.5175 -1.9200 -1.0518
v  0.5358 -2.0034 -1.1039
v  0.5627 -2.0905 -1.1450
v  0.5983 -2.1798 -1.1740
v  0.6416 -2.2690 -1.1898
v  0.6919 -2.3556 -1.1915
v  0.7477 -2.4376 -1.1792
v  0.8075 -2.5143 -1.1550
v  0.8694 -2.5850 -1.1214
v  0.9645 -2.6819 -1.0579
v  1.0925 -2.7994 -0.9598
v  1.2107 -2.9009 -0.8623
v  1.6927 -3.3077 -0.4574
v  1.7016 -3.3194 -0.4539
v  1.7055 -3.3324 -0.4605
v  1.7070 -3.4689 -0.5932
v  0.4402 -2.0769 -1.4691
v  0.4437 -1.2484 -0.6410
v  0.4455 -1.1642 -0.5549
v  0.4469 -1.1598 -0.5486
v  0.4498 -1.1573 -0.5421
v  0.4543 -1.1575 -0.5361
v  0.4599 -1.1603 -0.5311
v  0.5251 -1.2055 -0.4862
v  0.5363 -1.2155 -0.4808
v  0.5451 -1.2275 -0.4806
v  0.5512 -1.2406 -0.4852
v  0.5535 -1.2531 -0.4943
v  0.5596 -1.7068 -0.9368
v  0.5641 -1.8044 -1.0275
v  0.5751 -1.8822 -1.0897
v  0.5955 -1.9643 -1.1432
v  0.6256 -2.0494 -1.1864
v  0.6651 -2.1361 -1.2180
v  0.7133 -2.2221 -1.2370
v  0.7692 -2.3050 -1.2424
v  0.8314 -2.3830 -1.2342
v  0.8978 -2.4553 -1.2145
v  0.9666 -2.5215 -1.1854
v  1.0724 -2.6114 -1.1290
v  1.2147 -2.7195 -1.0403
v  1.3461 -2.8124 -0.9515
v  1.8821 -3.1839 -0.5820
v  1.8920 -3.1949 -0.5792
v  1.8963 -3.2077 -0.5861
v  1.8981 -3.3440 -0.7190
v  0.4802 -2.0450 -1.5011
v  0.4837 -1.2165 -0.6731
v  0.4856 -1.1322 -0.5871
v  0.4871 -1.1277 -0.5809
v  0.4903 -1.1250 -0.5746
v  0.4952 -1.1249 -0.5689
v  0.5014 -1.1273 -0.5644
v  0.5724 -1.1677 -0.5242
v  0.5847 -1.1770 -0.5196
v  0.5943 -1.1883 -0.5200
v  0.6009 -1.2010 -0.5251
v  0.6035 -1.2133 -0.5344
v  0.6102 -1.6664 -0.9775
v  0.6153 -1.7636 -1.0685
v  0.6273 -1.8407 -1.1315
v  0.6496 -1.9213 -1.1865
v  0.6824 -2.0042 -1.2319
v  0.7255 -2.0880 -1.2664
v  0.7782 -2.1705 -1.2890
v  0.8391 -2.2493 -1.2984
v  0.9069 -2.3228 -1.2948
v  0.9794 -2.3902 -1.2799
v  1.0545 -2.4514 -1.2558
v  1.1699 -2.5337 -1.2071
v  1.3253 -2.6315 -1.1288
v  1.4686 -2.7149 -1.0496
v  2.0533 -3.0476 -0.7191
v  2.0642 -3.0579 -0.7171
v  2.0688 -3.0704 -0.7242
v  2.0709 -3.2065 -0.8573
v  0.5156 -2.0105 -1.5358
v  0.5191 -1.1820 -0.7077
v  0.5210 -1.0976 -0.6219
v  0.5227 -1.0930 -0.6158
v  0.5262 -1.0901 -0.6097
v  0.5314 -1.0896 -0.6044
v  0.5380 -1.0915 -0.6003
v  0.6143 -1.1269 -0.5652
v  0.6274 -1.1352 -0.5615
v  0.6378 -1.1459 -0.5626
v  0.6449 -1.1581 -0.5682
v  0.6477 -1.1702 -0.5776
v  0.6551 -1.6227 -1.0214
v  0.6605 -1.7195 -1.1128
v  0.6734 -1.7957 -1.1767
v  0.6974 -1.8747 -1.2334
v  0.7326 -1.9552 -1.2811
v  0.7790 -2.0359 -1.3188
v  0.8355 -2.1146 -1.3451
v  0.9010 -2.1890 -1.3590
v  0.9738 -2.2576 -1.3603
v  1.0516 -2.3198 -1.3506
v  1.1323 -2.3756 -1.3320
v  1.2562 -2.4496 -1.2916
v  1.4230 -2.5363 -1.2245
v  1.5769 -2.6093 -1.1556
v  2.2048 -2.9000 -0.8674
v  2.2165 -2.9095 -0.8662
v  2.2215 -2.9217 -0.8736
v  2.2237 -3.0576 -1.0069
v  0.5460 -1.9737 -1.5727
v  0.5495 -1.1452 -0.7447
v  0.5515 -1.0607 -0.6589
v  0.5533 -1.0560 -0.6529
v  0.5570 -1.0528 -0.6471
v  0.5625 -1.0519 -0.6422
v  0.5695 -1.0534 -0.6385
v  0.6503 -1.0833 -0.6090
v  0.6642 -1.0907 -0.6062
v  0.6752 -1.1007 -0.6080
v  0.6827 -1.1123 -0.6141
v  0.6857 -1.1242 -0.6238
v  0.6936 -1.5761 -1.0682
v  0.6994 -1.6725 -1.1600
v  0.7131 -1.7477 -1.2249
v  0.7384 -1.8250 -1.2833
v  0.7758 -1.9030 -1.3336
v  0.8249 -1.9803 -1.3746
v  0.8848 -2.0550 -1.4050
v  0.9542 -2.1247 -1.4236
v  1.0313 -2.1881 -1.4301
v  1.1137 -2.2448 -1.4260
v  1.1992 -2.2948 -1.4132
v  1.3304 -2.3599 -1.3817
v  1.5071 -2.4347 -1.3265
v  1.6700 -2.4967 -1.2687
v  2.3350 -2.7426 -1.0255
v  2.3474 -2.7513 -1.0250
v  2.3527 -2.7631 -1.0329
v  2.3551 -2.8988 -1.1664
v  0.5711 -1.9350 -1.6116
v  0.5746 -1.1065 -0.7835
v  0.5768 -1.0218 -0.6979
v  0.5786 -1.0170 -0.6920
v  0.5824 -1.0136 -0.6865
v  0.5882 -1.0123 -0.6819
v  0.5955 -1.0133 -0.6788
v  0.6801 -1.0375 -0.6550
v  0.6946 -1.0439 -0.6532
v  0.7061 -1.0530 -0.6558
v  0.7140 -1.0642 -0.6624
v  0.7171 -1.0758 -0.6723
v  0.7255 -1.5270 -1.1174
v  0.7315 -1.6230 -1.2097
v  0.7459 -1.6972 -1.2756
v  0.7724 -1.7726 -1.3358
v  0.8115 -1.8480 -1.3888
v  0.8629 -1.9218 -1.4333
v  0.9256 -1.9922 -1.4679
v  0.9981 -2.0570 -1.4915
v  1.0789 -2.1149 -1.5035
v  1.1651 -2.1657 -1.5053
v  1.2545 -2.2097 -1.4985
v  1.3918 -2.2655 -1.4764
v  1.5766 -2.3277 -1.4338
v  1.7471 -2.3782 -1.3876
v  2.4428 -2.5769 -1.1917
v  2.4557 -2.5847 -1.1922
v  2.4612 -2.5961 -1.2004
v  2.4638 -2.7316 -1.3341
v  0.5908 -1.8947 -1.6520
v  0.5942 -1.0662 -0.8239
v  0.5965 -0.9814 -0.7384
v  0.5984 -0.9764 -0.7327
v  0.6023 -0.9728 -0.7274
v  0.6083 -0.9711 -0.7233
v  0.6159 -0.9716 -0.7206
v  0.7034 -0.9897 -0.7028
v  0.7184 -0.9952 -0.7020
v  0.7303 -1.0035 -0.7055
v  0.7384 -1.0140 -0.7127
v  0.7416 -1.0255 -0.7228
v  0.7504 -1.4759 -1.1686
v  0.7566 -1.5715 -1.2613
v  0.7715 -1.6447 -1.3283
v  0.7990 -1.7182 -1.3903
v  0.8394 -1.7908 -1.4461
v  0.8926 -1.8610 -1.4943
v  0.9574 -1.9269 -1.5334
v  1.0325 -1.9866 -1.5621
v  1.1160 -2.0387 -1.5798
v  1.2052 -2.0835 -1.5878
v  1.2977 -2.1211 -1.5873
v  1.4398 -2.1672 -1.5749
v  1.6309 -2.2164 -1.5454
v  1.8073 -2.2549 -1.5112
v  2.5270 -2.4044 -1.3646
v  2.5404 -2.4113 -1.3660
v  2.5461 -2.4223 -1.3746
v  2.5487 -2.5576 -1.5085
v  0.6047 -1.8532 -1.6936
v  0.6082 -1.0247 -0.8655
v  0.6105 -0.9398 -0.7801
v  0.6124 -0.9347 -0.7745
v  0.6165 -0.9307 -0.7695
v  0.6226 -0.9287 -0.7658
v  0.6303 -0.9286 -0.7637
v  0.7199 -0.9406 -0.7520
v  0.7353 -0.9450 -0.7523
v  0.7474 -0.9525 -0.7566
v  0.7558 -0.9625 -0.7643
v  0.7591 -0.9737 -0.7747
v  0.7681 -1.4234 -1.2212
v  0.7745 -1.5184 -1.3145
v  0.7897 -1.5906 -1.3825
v  0.8179 -1.6622 -1.4465
v  0.8592 -1.7319 -1.5051
v  0.9137 -1.7983 -1.5571
v  0.9801 -1.8597 -1.6008
v  1.0570 -1.9141 -1.6347
v  1.1424 -1.9604 -1.6584
v  1.2338 -1.9988 -1.6726
v  1.3284 -2.0300 -1.6787
v  1.4738 -2.0661 -1.6762
v  1.6696 -2.1018 -1.6602
v  1.8501 -2.1279 -1.6384
v  2.5868 -2.2269 -1.5425
v  2.6006 -2.2329 -1.5448
v  2.6064 -2.2435 -1.5538
v  2.6091 -2.3785 -1.6879
v  0.6128 -1.8109 -1.7359
v  0.6163 -0.9824 -0.9078
v  0.6186 -0.8974 -0.8226
v  0.6206 -0.8922 -0.8171
v  0.6247 -0.8879 -0.8124
v  0.6309 -0.8854 -0.8091
v  0.6388 -0.8848 -0.8075
v  0.7295 -0.8906 -0.8021
v  0.7451 -0.8939 -0.8035
v  0.7575 -0.9005 -0.8086
v  0.7659 -0.9099 -0.8170
v  0.7692 -0.9209 -0.8275
v  0.7784 -1.3698 -1.2749
v  0.7849 -1.4644 -1.3686
v  0.8004 -1.5355 -1.4376
v  0.8289 -1.6051 -1.5036
v  0.8708 -1.6719 -1.5652
v  0.9260 -1.7345 -1.6210
v  0.9933 -1.7912 -1.6693
v  1.0712 -1.8402 -1.7087
v  1.1578 -1.8805 -1.7383
v  1.2504 -1.9126 -1.7589
v  1.3464 -1.9371 -1.7716
v  1.4937 -1.9630 -1.7794
v  1.6921 -1.9851 -1.7771
v  1.8751 -1.9986 -1.7679
v  2.6218 -2.0461 -1.7235
v  2.6357 -2.0511 -1.7268
v  2.6417 -2.0613 -1.7362
v  2.6444 -2.1961 -1.8706
v  0.6151 -1.7683 -1.7785
v  0.6186 -0.9398 -0.9505
v  0.6209 -0.8546 -0.8654
v  0.6228 -0.8493 -0.8600
v  0.6270 -0.8447 -0.8556
v  0.6332 -0.8418 -0.8527
v  0.6411 -0.8406 -0.8517
v  0.7322 -0.8401 -0.8526
v  0.7479 -0.8423 -0.8551
v  0.7602 -0.8481 -0.8611
v  0.7687 -0.8569 -0.8700
v  0.7720 -0.8677 -0.8808
v  0.7812 -1.3158 -1.3289
v  0.7878 -1.4099 -1.4231
v  0.8033 -1.4799 -1.4933
v  0.8319 -1.5475 -1.5613
v  0.8740 -1.6113 -1.6258
v  0.9294 -1.6701 -1.6854
v  0.9969 -1.7221 -1.7385
v  1.0751 -1.7657 -1.7833
v  1.1621 -1.8000 -1.8189
v  1.2550 -1.8256 -1.8460
v  1.3513 -1.8434 -1.8654
v  1.4993 -1.8591 -1.8834
v  1.6984 -1.8674 -1.8949
v  1.8821 -1.8681 -1.8985
v  2.6315 -1.8637 -1.9061
v  2.6455 -1.8677 -1.9103
v  2.6515 -1.8774 -1.9202
v  2.6542 -2.0120 -2.0548
v  0.6114 -1.7257 -1.8211
v  0.6149 -0.8972 -0.9931
v  0.6172 -0.8119 -0.9081
v  0.6191 -0.8064 -0.9029
v  0.6233 -0.8016 -0.8987
v  0.6295 -0.7982 -0.8963
v  0.6373 -0.7965 -0.8958
v  0.7278 -0.7897 -0.9031
v  0.7434 -0.7908 -0.9066
v  0.7557 -0.7957 -0.9135
v  0.7642 -0.8039 -0.9230
v  0.7675 -0.8145 -0.9340
v  0.7766 -1.2618 -1.3829
v  0.7831 -1.3555 -1.4776
v  0.7985 -1.4243 -1.5488
v  0.8269 -1.4899 -1.6188
v  0.8688 -1.5509 -1.6863
v  0.9239 -1.6058 -1.7498
v  0.9910 -1.6531 -1.8075
v  1.0687 -1.6912 -1.8578
v  1.1552 -1.7195 -1.8994
v  1.2476 -1.7386 -1.9330
v  1.3433 -1.7498 -1.9590
v  1.4903 -1.7552 -1.9873
v  1.6882 -1.7497 -2.0126
v  1.8709 -1.7377 -2.0289
v  2.6159 -1.6814 -2.0884
v  2.6298 -1.6844 -2.0936
v  2.6357 -1.6938 -2.1039
v  2.6384 -1.8281 -2.2387
v  0.6018 -1.6836 -1.8633
v  0.6053 -0.8551 -1.0352
v  0.6076 -0.7696 -0.9504
v  0.6095 -0.7640 -0.9453
v  0.6136 -0.7589 -0.9414
v  0.6197 -0.7551 -0.9394
v  0.6274 -0.7529 -0.9395
v  0.7165 -0.7398 -0.9530
v  0.7318 -0.7398 -0.9576
v  0.7439 -0.7439 -0.9653
v  0.7523 -0.7515 -0.9754
v  0.7555 -0.7618 -0.9867
v  0.7644 -1.2084 -1.4363
v  0.7708 -1.3016 -1.5314
v  0.7860 -1.3694 -1.6038
v  0.8140 -1.4330 -1.6758
v  0.8552 -1.4910 -1.7461
v  0.9094 -1.5421 -1.8134
v  0.9755 -1.5848 -1.8758
v  1.0520 -1.6175 -1.9314
v  1.1371 -1.6398 -1.9790
v  1.2281 -1.6526 -2.0190
v  1.3223 -1.6572 -2.0516
v  1.4671 -1.6524 -2.0900
v  1.6619 -1.6333 -2.1289
v  1.8417 -1.6087 -2.1579
v  2.5751 -1.5010 -2.2687
v  2.5887 -1.5031 -2.2749
v  2.5946 -1.5120 -2.2856
v  2.5972 -1.6461 -2.4206
v  0.5865 -1.6423 -1.9045
v  0.5899 -0.8138 -1.0764
v  0.5922 -0.7282 -0.9917
v  0.5940 -0.7224 -0.9868
v  0.5980 -0.7171 -0.9832
v  0.6039 -0.7129 -0.9816
v  0.6114 -0.7101 -0.9822
v  0.6983 -0.6909 -1.0018
v  0.7133 -0.6899 -1.0075
v  0.7250 -0.6931 -1.0160
v  0.7332 -0.7002 -1.0267
v  0.7363 -0.7103 -1.0382
v  0.7450 -1.1561 -1.4885
v  0.7512 -1.2488 -1.5841
v  0.7660 -1.3155 -1.6575
v  0.7933 -1.3772 -1.7315
v  0.8334 -1.4324 -1.8047
v  0.8862 -1.4797 -1.8757
v  0.9506 -1.5179 -1.9426
v  1.0252 -1.5454 -2.0035
v  1.1081 -1.5618 -2.0570
v  1.1967 -1.5683 -2.1031
v  1.2886 -1.5664 -2.1423
v  1.4296 -1.5517 -2.1906
v  1.6195 -1.5192 -2.2429
v  1.7947 -1.4823 -2.2842
v  2.5094 -1.3242 -2.4453
v  2.5227 -1.3254 -2.4524
v  2.5284 -1.3339 -2.4635
v  2.5310 -1.4678 -2.5987
v  0.5654 -1.6022 -1.9445
v  0.5689 -0.7737 -1.1164
v  0.5711 -0.6880 -1.0318
v  0.5729 -0.6822 -1.0270
v  0.5767 -0.6765 -1.0237
v  0.5824 -0.6719 -1.0225
v  0.5897 -0.6686 -1.0236
v  0.6734 -0.6435 -1.0491
v  0.6878 -0.6414 -1.0558
v  0.6992 -0.6439 -1.0651
v  0.7070 -0.6504 -1.0764
v  0.7101 -0.6602 -1.0881
v  0.7184 -1.1054 -1.5392
v  0.7244 -1.1976 -1.6352
v  0.7386 -1.2633 -1.7097
v  0.7649 -1.3231 -1.7855
v  0.8036 -1.3755 -1.8614
v  0.8545 -1.4192 -1.9361
v  0.9166 -1.4530 -2.0074
v  0.9885 -1.4754 -2.0734
v  1.0684 -1.4861 -2.1325
v  1.1539 -1.4866 -2.1847
v  1.2424 -1.4784 -2.2301
v  1.3785 -1.4541 -2.2881
v  1.5615 -1.4086 -2.3533
v  1.7305 -1.3597 -2.4065
v  2.4196 -1.1528 -2.6164
v  2.4324 -1.1531 -2.6244
v  2.4379 -1.1612 -2.6359
v  2.4404 -1.2949 -2.7714
v  0.5390 -1.5638 -1.9828
v  0.5425 -0.7353 -1.1547
v  0.5445 -0.6495 -1.0703
v  0.5463 -0.6435 -1.0656
v  0.5499 -0.6376 -1.0625
v  0.5554 -0.6326 -1.0617
v  0.5623 -0.6288 -1.0633
v  0.6421 -0.5980 -1.0945
v  0.6558 -0.5950 -1.1022
v  0.6667 -0.5967 -1.1123
v  0.6741 -0.6026 -1.1240
v  0.6770 -0.6123 -1.1360
v  0.6848 -1.0567 -1.5877
v  0.6905 -1.1485 -1.6842
v  0.7041 -1.2132 -1.7596
v  0.7292 -1.2712 -1.8373
v  0.7660 -1.3210 -1.9158
v  0.8146 -1.3612 -1.9939
v  0.8737 -1.3907 -2.0695
v  0.9423 -1.4082 -2.1404
v  1.0185 -1.4135 -2.2050
v  1.0999 -1.4082 -2.2629
v  1.1843 -1.3940 -2.3144
v  1.3140 -1.3604 -2.3815
v  1.4885 -1.3025 -2.4592
v  1.6495 -1.2421 -2.5238
v  2.3065 -0.9885 -2.7804
v  2.3187 -0.9878 -2.7893
v  2.3240 -0.9956 -2.8011
v  2.3263 -1.1291 -2.9368
v  0.5073 -1.5274 -2.0191
v  0.5108 -0.6989 -1.1910
v  0.5128 -0.6130 -1.1067
v  0.5144 -0.6069 -1.1021
v  0.5178 -0.6007 -1.0992
v  0.5230 -0.5954 -1.0988
v  0.5295 -0.5911 -1.1009
v  0.6047 -0.5549 -1.1375
v  0.6176 -0.5510 -1.1460
v  0.6278 -0.5519 -1.1569
v  0.6348 -0.5573 -1.1691
v  0.6375 -0.5668 -1.1813
v  0.6448 -1.0106 -1.6337
v  0.6501 -1.1020 -1.7306
v  0.6628 -1.1658 -1.8070
v  0.6864 -1.2220 -1.8863
v  0.7211 -1.2693 -1.9674
v  0.7668 -1.3063 -2.0487
v  0.8225 -1.3317 -2.1283
v  0.8870 -1.3446 -2.2038
v  0.9587 -1.3447 -2.2735
v  1.0354 -1.3339 -2.3370
v  1.1148 -1.3140 -2.3941
v  1.2369 -1.2717 -2.4700
v  1.4012 -1.2019 -2.5594
v  1.5527 -1.1307 -2.6349
v  2.1712 -0.8326 -2.9357
v  2.1827 -0.8312 -2.9454
v  2.1876 -0.8386 -2.9576
v  2.1898 -0.9719 -3.0935
v  0.4708 -1.4934 -2.0530
v  0.4743 -0.6649 -1.2249
v  0.4761 -0.5789 -1.1407
v  0.4777 -0.5726 -1.1362
v  0.4808 -0.5663 -1.1336
v  0.4856 -0.5605 -1.1335
v  0.4916 -0.5559 -1.1360
v  0.5614 -0.5146 -1.1776
v  0.5734 -0.5098 -1.1871
v  0.5828 -0.5100 -1.1986
v  0.5894 -0.5150 -1.2113
v  0.5919 -0.5243 -1.2236
v  0.5985 -0.9675 -1.6767
v  0.6034 -1.0585 -1.7739
v  0.6152 -1.1214 -1.8512
v  0.6371 -1.1760 -1.9321
v  0.6692 -1.2210 -2.0155
v  0.7116 -1.2548 -2.1000
v  0.7633 -1.2765 -2.1833
v  0.8231 -1.2851 -2.2631
v  0.8897 -1.2804 -2.3376
v  0.9608 -1.2644 -2.4062
v  1.0346 -1.2392 -2.4686
v  1.1478 -1.1886 -2.5527
v  1.3003 -1.1079 -2.6531
v  1.4410 -1.0264 -2.7387
v  2.0149 -0.6869 -3.0809
v  2.0256 -0.6847 -3.0913
v  2.0302 -0.6918 -3.1039
v  2.0322 -0.8249 -3.2399
v  0.4297 -1.4621 -2.0842
v  0.4332 -0.6336 -1.2561
v  0.4349 -0.5474 -1.1720
v  0.4363 -0.5411 -1.1676
v  0.4392 -0.5345 -1.1652
v  0.4436 -0.5285 -1.1654
v  0.4491 -0.5234 -1.1683
v  0.5128 -0.4775 -1.2145
v  0.5237 -0.4719 -1.2248
v  0.5324 -0.4715 -1.2369
v  0.5383 -0.4760 -1.2501
v  0.5406 -0.4851 -1.2626
v  0.5465 -0.9278 -1.7162
v  0.5509 -1.0184 -1.8138
v  0.5617 -1.0805 -1.8919
v  0.5816 -1.1337 -1.9742
v  0.6109 -1.1764 -2.0598
v  0.6496 -1.2075 -2.1471
v  0.6967 -1.2257 -2.2338
v  0.7514 -1.2302 -2.3176
v  0.8121 -1.2211 -2.3966
v  0.8770 -1.2004 -2.4699
v  0.9444 -1.1702 -2.5372
v  1.0477 -1.1122 -2.6288
v  1.1869 -1.0213 -2.7393
v  1.3154 -0.9304 -2.8343
v  1.8393 -0.5527 -3.2144
v  1.8490 -0.5497 -3.2256
v  1.8532 -0.5565 -3.2385
v  1.8550 -0.6894 -3.3747
v  0.3845 -1.4337 -2.1123
v  0.3880 -0.6052 -1.2843
v  0.3896 -0.5190 -1.2002
v  0.3908 -0.5125 -1.1960
v  0.3934 -0.5058 -1.1937
v  0.3973 -0.4994 -1.1943
v  0.4023 -0.4940 -1.1975
v  0.4593 -0.4439 -1.2479
v  0.4691 -0.4376 -1.2589
v  0.4768 -0.4366 -1.2716
v  0.4821 -0.4407 -1.2852
v  0.4842 -0.4497 -1.2978
v  0.4892 -0.8918 -1.7519
v  0.4931 -0.9821 -1.8499
v  0.5027 -1.0435 -1.9286
v  0.5205 -1.0954 -2.0123
v  0.5468 -1.1361 -2.0998
v  0.5813 -1.1646 -2.1897
v  0.6235 -1.1797 -2.2795
v  0.6724 -1.1806 -2.3669
v  0.7267 -1.1675 -2.4499
v  0.7848 -1.1425 -2.5275
v  0.8450 -1.1079 -2.5992
v  0.9376 -1.0430 -2.6976
v  1.0621 -0.9429 -2.8172
v  1.1770 -0.8436 -2.9206
v  1.6459 -0.4312 -3.3352
v  1.6547 -0.4276 -3.3470
v  1.6584 -0.4341 -3.3601
v  1.6599 -0.5669 -3.4965
v  0.3356 -1.4086 -2.1373
v  0.3391 -0.5801 -1.3092
v  0.3405 -0.4938 -1.2252
v  0.3416 -0.4873 -1.2210
v  0.3439 -0.4803 -1.2190
v  0.3473 -0.4738 -1.2198
v  0.3516 -0.4680 -1.2233
v  0.4014 -0.4142 -1.2774
v  0.4099 -0.4072 -1.2890
v  0.4166 -0.4057 -1.3022
v  0.4213 -0.4095 -1.3162
v  0.4231 -0.4183 -1.3289
v  0.4272 -0.8600 -1.7835
v  0.4306 -0.9500 -1.8817
v  0.4390 -1.0107 -1.9611
v  0.4545 -1.0614 -2.0460
v  0.4773 -1.1005 -2.1352
v  0.5075 -1.1267 -2.2273
v  0.5443 -1.1390 -2.3199
v  0.5869 -1.1367 -2.4105
v  0.6343 -1.1200 -2.4970
v  0.6850 -1.0912 -2.5783
v  0.7376 -1.0527 -2.6540
v  0.8183 -0.9817 -2.7584
v  0.9271 -0.8735 -2.8860
v  1.0274 -0.7667 -2.9969
v  1.4367 -0.3237 -3.4418
v  1.4443 -0.3195 -3.4542
v  1.4476 -0.3258 -3.4676
v  1.4488 -0.4584 -3.6041
v  0.2835 -1.3870 -2.1587
v  0.2870 -0.5585 -1.3306
v  0.2882 -0.4721 -1.2467
v  0.2892 -0.4655 -1.2426
v  0.2911 -0.4585 -1.2406
v  0.2940 -0.4517 -1.2417
v  0.2976 -0.4456 -1.2455
v  0.3396 -0.3886 -1.3028
v  0.3468 -0.3811 -1.3149
v  0.3525 -0.3792 -1.3285
v  0.3564 -0.3826 -1.3428
v  0.3580 -0.3913 -1.3557
v  0.3612 -0.8326 -1.8106
v  0.3640 -0.9224 -1.9091
v  0.3710 -0.9826 -1.9890
v  0.3840 -1.0322 -2.0749
v  0.4033 -1.0698 -2.1656
v  0.4287 -1.0940 -2.2596
v  0.4598 -1.1040 -2.3546
v  0.4958 -1.0990 -2.4479
v  0.5358 -1.0792 -2.5374
v  0.5786 -1.0471 -2.6220
v  0.6230 -1.0052 -2.7010
v  0.6912 -0.9290 -2.8106
v  0.7831 -0.8138 -2.9452
v  0.8679 -0.7005 -3.0624
v  1.2137 -0.2311 -3.5335
v  1.2201 -0.2265 -3.5464
v  1.2228 -0.2325 -3.5599
v  1.2238 -0.3651 -3.6966
v  0.2286 -1.3691 -2.1763
v  0.2321 -0.5406 -1.3482
v  0.2332 -0.4542 -1.2644
v  0.2340 -0.4475 -1.2603
v  0.2355 -0.4403 -1.2585
v  0.2378 -0.4333 -1.2597
v  0.2408 -0.4271 -1.2638
v  0.2747 -0.3674 -1.3237
v  0.2805 -0.3594 -1.3363
v  0.2851 -0.3571 -1.3503
v  0.2882 -0.3604 -1.3647
v  0.2894 -0.3690 -1.3777
v  0.2917 -0.8099 -1.8330
v  0.2939 -0.8995 -1.9317
v  0.2994 -0.9592 -2.0121
v  0.3099 -1.0081 -2.0988
v  0.3254 -1.0444 -2.1907
v  0.3459 -1.0670 -2.2863
v  0.3709 -1.0750 -2.3833
v  0.3999 -1.0677 -2.4788
v  0.4322 -1.0454 -2.5708
v  0.4667 -1.0105 -2.6581
v  0.5025 -0.9658 -2.7399
v  0.5575 -0.8853 -2.8537
v  0.6316 -0.7643 -2.9940
v  0.7000 -0.6457 -3.1166
v  0.9789 -0.1545 -3.6092
v  0.9841 -0.1494 -3.6225
v  0.9863 -0.1553 -3.6362
v  0.9870 -0.2877 -3.7730
v  0.1716 -1.3551 -2.1901
v  0.1751 -0.5266 -1.3620
v  0.1760 -0.4401 -1.2782
v  0.1765 -0.4334 -1.2742
v  0.1777 -0.4261 -1.2725
v  0.1794 -0.4190 -1.2738
v  0.1816 -0.4126 -1.2781
v  0.2071 -0.3508 -1.3400
v  0.2115 -0.3425 -1.3529
v  0.2149 -0.3399 -1.3672
v  0.2173 -0.3430 -1.3819
v  0.2182 -0.3515 -1.3950
v  0.2194 -0.7922 -1.8504
v  0.2209 -0.8816 -1.9493
v  0.2250 -0.9410 -2.0300
v  0.2328 -0.9891 -2.1174
v  0.2444 -1.0245 -2.2103
v  0.2597 -1.0458 -2.3072
v  0.2784 -1.0523 -2.4056
v  0.3001 -1.0432 -2.5029
v  0.3243 -1.0189 -2.5969
v  0.3502 -0.9819 -2.6863
v  0.3771 -0.9350 -2.7702
v  0.4184 -0.8511 -2.8873
v  0.4740 -0.7255 -3.0321
v  0.5253 -0.6027 -3.1588
v  0.7347 -0.0944 -3.6683
v  0.7386 -0.0890 -3.6818
v  0.7403 -0.0948 -3.6957
v  0.7406 -0.2271 -3.8325
v  0.1128 -1.3451 -2.1998
v  0.1163 -0.5166 -1.3718
v  0.1171 -0.4301 -1.2880
v  0.1174 -0.4234 -1.2840
v  0.1182 -0.4160 -1.2824
v  0.1194 -0.4088 -1.2838
v  0.1208 -0.4022 -1.2882
v  0.1376 -0.3390 -1.3515
v  0.1405 -0.3304 -1.3647
v  0.1427 -0.3276 -1.3792
v  0.1442 -0.3305 -1.3940
v  0.1448 -0.3390 -1.4071
v  0.1450 -0.7795 -1.8628
v  0.1459 -0.8688 -1.9618
v  0.1485 -0.9279 -2.0428
v  0.1535 -0.9756 -2.1306
v  0.1610 -1.0103 -2.2241
v  0.1710 -1.0307 -2.3219
v  0.1833 -1.0361 -2.4214
v  0.1975 -1.0257 -2.5200
v  0.2134 -1.0000 -2.6153
v  0.2304 -0.9615 -2.7062
v  0.2480 -0.9130 -2.7917
v  0.2752 -0.8267 -2.9111
v  0.3118 -0.6979 -3.0591
v  0.3456 -0.5721 -3.1887
v  0.4835 -0.0516 -3.7101
v  0.4860 -0.0460 -3.7239
v  0.4871 -0.0516 -3.7379
v  0.4872 -0.1839 -3.8747
v  0.0530 -1.3392 -2.2055
v  0.0565 -0.5107 -1.3774
v  0.0571 -0.4242 -1.2937
v  0.0573 -0.4175 -1.2897
v  0.0576 -0.4101 -1.2881
v  0.0582 -0.4028 -1.2896
v  0.0589 -0.3961 -1.2940
v  0.0668 -0.3320 -1.3582
v  0.0681 -0.3233 -1.3716
v  0.0692 -0.3204 -1.3861
v  0.0699 -0.3232 -1.4010
v  0.0701 -0.3316 -1.4142
v  0.0692 -0.7721 -1.8699
v  0.0694 -0.8613 -1.9690
v  0.0705 -0.9202 -2.0501
v  0.0727 -0.9677 -2.1382
v  0.0761 -1.0019 -2.2322
v  0.0807 -1.0218 -2.3304
v  0.0863 -1.0265 -2.4306
v  0.0930 -1.0154 -2.5298
v  0.1004 -0.9888 -2.6260
v  0.1083 -0.9495 -2.7177
v  0.1166 -0.9000 -2.8041
v  0.1294 -0.8124 -2.9249
v  0.1466 -0.6816 -3.0747
v  0.1626 -0.5540 -3.2060
v  0.2276 -0.0263 -3.7343
v  0.2288 -0.0206 -3.7482
v  0.2293 -0.0261 -3.7622
v  0.2290 -0.1584 -3.8991
v  -0.0073 -1.3375 -2.2069
v  -0.0038 -0.5090 -1.3788
v  -0.0034 -0.4225 -1.2951
v  -0.0034 -0.4158 -1.2911
v  -0.0035 -0.4083 -1.2895
v  -0.0035 -0.4010 -1.2910
v  -0.0036 -0.3944 -1.2955
v  -0.0046 -0.3300 -1.3599
v  -0.0048 -0.3212 -1.3733
v  -0.0050 -0.3183 -1.3879
v  -0.0051 -0.3211 -1.4028
v  -0.0052 -0.3295 -1.4160
v  -0.0072 -0.7699 -1.8718
v  -0.0077 -0.8591 -1.9708
v  -0.0082 -0.9180 -2.0520
v  -0.0088 -0.9653 -2.1402
v  -0.0095 -0.9995 -2.2342
v  -0.0104 -1.0192 -2.3326
v  -0.0114 -1.0237 -2.4329
v  -0.0125 -1.0124 -2.5324
v  -0.0136 -0.9856 -2.6288
v  -0.0148 -0.9460 -2.7207
v  -0.0159 -0.8962 -2.8073
v  -0.0177 -0.8081 -2.9285
v  -0.0200 -0.6768 -3.0788
v  -0.0221 -0.5487 -3.2105
v  -0.0305 -0.0189 -3.7406
v  -0.0307 -0.0131 -3.7546
v  -0.0308 -0.0187 -3.7686
v  -0.0314 -0.1509 -3.9055
v  -0.0675 -1.3400 -2.2042
v  -0.0640 -0.5115 -1.3761
v  -0.0639 -0.4250 -1.2924
v  -0.0640 -0.4182 -1.2884
v  -0.0645 -0.4108 -1.2868
v  -0.0651 -0.4036 -1.2882
v  -0.0660 -0.3969 -1.2927
v  -0.0760 -0.3329 -1.3567
v  -0.0777 -0.3242 -1.3700
v  -0.0791 -0.3213 -1.3846
v  -0.0800 -0.3242 -1.3994
v  -0.0804 -0.3326 -1.4126
v  -0.0835 -0.7730 -1.8683
v  -0.0847 -0.8623 -1.9673
v  -0.0867 -0.9212 -2.0485
v  -0.0902 -0.9687 -2.1365
v  -0.0951 -1.0030 -2.2304
v  -0.1014 -1.0230 -2.3285
v  -0.1090 -1.0277 -2.4285
v  -0.1178 -1.0167 -2.5276
v  -0.1274 -0.9902 -2.6236
v  -0.1377 -0.9510 -2.7152
v  -0.1483 -0.9017 -2.8013
v  -0.1646 -0.8141 -2.9219
v  -0.1864 -0.6836 -3.0713
v  -0.2065 -0.5563 -3.2022
v  -0.2884 -0.0294 -3.7290
v  -0.2899 -0.0237 -3.7429
v  -0.2906 -0.0293 -3.7569
v  -0.2915 -0.1615 -3.8938
v  -0.1271 -1.3466 -2.1973
v  -0.1236 -0.5181 -1.3692
v  -0.1236 -0.4316 -1.2854
v  -0.1240 -0.4249 -1.2814
v  -0.1248 -0.4176 -1.2798
v  -0.1261 -0.4104 -1.2812
v  -0.1277 -0.4038 -1.2855
v  -0.1465 -0.3408 -1.3485
v  -0.1498 -0.3322 -1.3617
v  -0.1523 -0.3295 -1.3761
v  -0.1541 -0.3324 -1.3909
v  -0.1549 -0.3409 -1.4040
v  -0.1590 -0.7814 -1.8596
v  -0.1609 -0.8708 -1.9585
v  -0.1644 -0.9299 -2.0395
v  -0.1707 -0.9776 -2.1272
v  -0.1797 -1.0124 -2.2206
v  -0.1914 -1.0330 -2.3181
v  -0.2056 -1.0385 -2.4174
v  -0.2219 -1.0283 -2.5156
v  -0.2401 -1.0028 -2.6106
v  -0.2593 -0.9645 -2.7011
v  -0.2793 -0.9162 -2.7862
v  -0.3099 -0.8303 -2.9051
v  -0.3510 -0.7019 -3.0523
v  -0.3889 -0.5765 -3.1812
v  -0.5434 -0.0577 -3.6996
v  -0.5463 -0.0522 -3.7133
v  -0.5476 -0.0578 -3.7273
v  -0.5488 -0.1901 -3.8641
v  -0.1854 -1.3574 -2.1863
v  -0.1820 -0.5289 -1.3582
v  -0.1822 -0.4424 -1.2744
v  -0.1827 -0.4357 -1.2704
v  -0.1840 -0.4285 -1.2687
v  -0.1858 -0.4214 -1.2699
v  -0.1882 -0.4149 -1.2741
v  -0.2156 -0.3535 -1.3355
v  -0.2204 -0.3452 -1.3484
v  -0.2241 -0.3427 -1.3626
v  -0.2267 -0.3458 -1.3772
v  -0.2278 -0.3543 -1.3903
v  -0.2330 -0.7950 -1.8457
v  -0.2355 -0.8845 -1.9445
v  -0.2405 -0.9439 -2.0251
v  -0.2495 -0.9921 -2.1123
v  -0.2626 -1.0277 -2.2050
v  -0.2796 -1.0492 -2.3015
v  -0.3002 -1.0559 -2.3996
v  -0.3240 -1.0470 -2.4964
v  -0.3504 -1.0230 -2.5899
v  -0.3785 -0.9864 -2.6787
v  -0.4076 -0.9398 -2.7621
v  -0.4522 -0.8565 -2.8783
v  -0.5122 -0.7315 -3.0220
v  -0.5675 -0.6093 -3.1476
v  -0.7932 -0.1036 -3.6526
v  -0.7974 -0.0983 -3.6661
v  -0.7993 -0.1040 -3.6800
v  -0.8009 -0.2364 -3.8168
v  -0.2420 -1.3721 -2.1713
v  -0.2385 -0.5436 -1.3432
v  -0.2389 -0.4572 -1.2594
v  -0.2397 -0.4506 -1.2553
v  -0.2413 -0.4434 -1.2535
v  -0.2437 -0.4364 -1.2546
v  -0.2468 -0.4302 -1.2586
v  -0.2826 -0.3709 -1.3178
v  -0.2888 -0.3630 -1.3303
v  -0.2937 -0.3608 -1.3442
v  -0.2971 -0.3641 -1.3586
v  -0.2984 -0.3727 -1.3715
v  -0.3047 -0.8137 -1.8267
v  -0.3078 -0.9033 -1.9253
v  -0.3143 -0.9631 -2.0056
v  -0.3260 -1.0120 -2.0921
v  -0.3429 -1.0486 -2.1837
v  -0.3650 -1.0714 -2.2789
v  -0.3919 -1.0797 -2.3753
v  -0.4229 -1.0728 -2.4702
v  -0.4573 -1.0508 -2.5616
v  -0.4940 -1.0164 -2.6482
v  -0.5319 -0.9721 -2.7292
v  -0.5902 -0.8923 -2.8419
v  -0.6685 -0.7722 -2.9807
v  -0.7407 -0.6544 -3.1018
v  -1.0354 -0.1666 -3.5886
v  -1.0409 -0.1616 -3.6018
v  -1.0433 -0.1675 -3.6155
v  -1.0452 -0.2999 -3.7522
v  -0.2963 -1.3907 -2.1525
v  -0.2928 -0.5622 -1.3244
v  -0.2934 -0.4758 -1.2405
v  -0.2943 -0.4693 -1.2364
v  -0.2962 -0.4622 -1.2344
v  -0.2992 -0.4554 -1.2354
v  -0.3030 -0.4495 -1.2391
v  -0.3468 -0.3929 -1.2955
v  -0.3544 -0.3855 -1.3075
v  -0.3604 -0.3837 -1.3210
v  -0.3645 -0.3872 -1.3352
v  -0.3662 -0.3959 -1.3480
v  -0.3734 -0.8372 -1.8029
v  -0.3772 -0.9271 -1.9013
v  -0.3851 -0.9873 -1.9811
v  -0.3993 -1.0372 -2.0667
v  -0.4199 -1.0750 -2.1570
v  -0.4470 -1.0995 -2.2505
v  -0.4798 -1.1099 -2.3448
v  -0.5177 -1.1052 -2.4373
v  -0.5598 -1.0860 -2.5260
v  -0.6047 -1.0544 -2.6098
v  -0.6512 -1.0130 -2.6879
v  -0.7225 -0.9376 -2.7960
v  -0.8184 -0.8235 -2.9287
v  -0.9068 -0.7112 -3.0442
v  -1.2676 -0.2461 -3.5081
v  -1.2743 -0.2415 -3.5208
v  -1.2773 -0.2475 -3.5344
v  -1.2794 -0.3801 -3.6710
v  -0.3477 -1.4130 -2.1300
v  -0.3442 -0.5845 -1.3019
v  -0.3449 -0.4982 -1.2179
v  -0.3460 -0.4917 -1.2137
v  -0.3483 -0.4848 -1.2116
v  -0.3518 -0.4782 -1.2123
v  -0.3562 -0.4725 -1.2158
v  -0.4077 -0.4193 -1.2689
v  -0.4166 -0.4124 -1.2803
v  -0.4236 -0.4110 -1.2934
v  -0.4285 -0.4149 -1.3072
v  -0.4304 -0.4237 -1.3199
v  -0.4385 -0.8654 -1.7744
v  -0.4429 -0.9555 -1.8725
v  -0.4521 -1.0164 -1.9517
v  -0.4687 -1.0672 -2.0363
v  -0.4929 -1.1066 -2.1251
v  -0.5246 -1.1331 -2.2165
v  -0.5631 -1.1459 -2.3084
v  -0.6076 -1.1441 -2.3980
v  -0.6569 -1.1280 -2.4836
v  -0.7096 -1.0998 -2.5639
v  -0.7641 -1.0619 -2.6384
v  -0.8478 -0.9919 -2.7412
v  -0.9604 -0.8849 -2.8666
v  -1.0642 -0.7793 -2.9754
v  -1.4876 -0.3413 -3.4119
v  -1.4955 -0.3372 -3.4241
v  -1.4990 -0.3435 -3.4375
v  -1.5014 -0.4761 -3.5739
v  -0.3957 -1.4387 -2.1041
v  -0.3922 -0.6102 -1.2760
v  -0.3931 -0.5240 -1.1919
v  -0.3943 -0.5176 -1.1876
v  -0.3969 -0.5108 -1.1853
v  -0.4009 -0.5045 -1.1858
v  -0.4060 -0.4992 -1.1889
v  -0.4646 -0.4497 -1.2382
v  -0.4747 -0.4435 -1.2489
v  -0.4827 -0.4427 -1.2615
v  -0.4882 -0.4469 -1.2749
v  -0.4904 -0.4558 -1.2876
v  -0.4994 -0.8980 -1.7415
v  -0.5043 -0.9884 -1.8394
v  -0.5147 -1.0499 -1.9179
v  -0.5336 -1.1020 -2.0013
v  -0.5611 -1.1431 -2.0882
v  -0.5972 -1.1720 -2.1774
v  -0.6410 -1.1876 -2.2663
v  -0.6916 -1.1891 -2.3527
v  -0.7477 -1.1766 -2.4346
v  -0.8077 -1.1523 -2.5110
v  -0.8698 -1.1184 -2.5815
v  -0.9650 -1.0546 -2.6779
v  -1.0931 -0.9560 -2.7950
v  -1.2113 -0.8580 -2.8960
v  -1.6933 -0.4513 -3.3010
v  -1.7023 -0.4478 -3.3126
v  -1.7062 -0.4543 -3.3257
v  -1.7089 -0.5871 -3.4620
v  -0.4399 -1.4676 -2.0749
v  -0.4364 -0.6391 -1.2468
v  -0.4375 -0.5530 -1.1627
v  -0.4388 -0.5467 -1.1583
v  -0.4417 -0.5401 -1.1558
v  -0.4462 -0.5342 -1.1560
v  -0.4518 -0.5292 -1.1588
v  -0.5170 -0.4840 -1.2037
v  -0.5282 -0.4785 -1.2137
v  -0.5371 -0.4782 -1.2257
v  -0.5432 -0.4829 -1.2387
v  -0.5457 -0.4920 -1.2512
v  -0.5555 -0.9347 -1.7046
v  -0.5608 -1.0254 -1.8021
v  -0.5724 -1.0876 -1.8799
v  -0.5934 -1.1411 -1.9619
v  -0.6239 -1.1842 -2.0469
v  -0.6640 -1.2157 -2.1334
v  -0.7127 -1.2345 -2.2191
v  -0.7689 -1.2397 -2.3018
v  -0.8313 -1.2313 -2.3795
v  -0.8980 -1.2113 -2.4515
v  -0.9670 -1.1819 -2.5175
v  -1.0729 -1.1251 -2.6069
v  -1.2153 -1.0359 -2.7145
v  -1.3467 -0.9466 -2.8069
v  -1.8827 -0.5750 -3.1764
v  -1.8927 -0.5722 -3.1873
v  -1.8970 -0.5790 -3.2001
v  -1.9000 -0.7120 -3.3363
v  -0.4799 -1.4995 -2.0429
v  -0.4764 -0.6710 -1.2148
v  -0.4776 -0.5850 -1.1305
v  -0.4791 -0.5788 -1.1260
v  -0.4823 -0.5724 -1.1234
v  -0.4871 -0.5668 -1.1232
v  -0.4932 -0.5622 -1.1256
v  -0.5643 -0.5217 -1.1657
v  -0.5766 -0.5171 -1.1749
v  -0.5862 -0.5174 -1.1862
v  -0.5930 -0.5225 -1.1989
v  -0.5956 -0.5318 -1.2111
v  -0.6061 -0.9751 -1.6640
v  -0.6120 -1.0661 -1.7612
v  -0.6246 -1.1292 -1.8381
v  -0.6474 -1.1841 -1.9186
v  -0.6807 -1.2294 -2.0014
v  -0.7244 -1.2638 -2.0849
v  -0.7775 -1.2861 -2.1672
v  -0.8388 -1.2954 -2.2458
v  -0.9069 -1.2915 -2.3190
v  -0.9796 -1.2763 -2.3861
v  -1.0549 -1.2520 -2.4470
v  -1.1704 -1.2028 -2.5288
v  -1.3258 -1.1239 -2.6260
v  -1.4692 -1.0441 -2.7088
v  -2.0539 -0.7114 -3.0392
v  -2.0648 -0.7093 -3.0495
v  -2.0696 -0.7164 -3.0619
v  -2.0727 -0.8495 -3.1980
v  -0.5153 -1.5340 -2.0082
v  -0.5118 -0.7055 -1.1801
v  -0.5130 -0.6196 -1.0958
v  -0.5147 -0.6135 -1.0912
v  -0.5181 -0.6074 -1.0882
v  -0.5233 -0.6021 -1.0877
v  -0.5299 -0.5979 -1.0896
v  -0.6062 -0.5626 -1.1247
v  -0.6193 -0.5588 -1.1330
v  -0.6297 -0.5598 -1.1436
v  -0.6369 -0.5654 -1.1557
v  -0.6398 -0.5749 -1.1678
v  -0.6510 -1.0188 -1.6201
v  -0.6572 -1.1102 -1.7168
v  -0.6707 -1.1742 -1.7929
v  -0.6952 -1.2307 -1.8718
v  -0.7310 -1.2784 -1.9521
v  -0.7778 -1.3159 -2.0326
v  -0.8348 -1.3420 -2.1110
v  -0.9007 -1.3556 -2.1852
v  -0.9738 -1.3566 -2.2535
v  -1.0519 -1.3467 -2.3154
v  -1.1327 -1.3278 -2.3709
v  -1.2567 -1.2869 -2.4443
v  -1.4236 -1.2191 -2.5303
v  -1.5775 -1.1496 -2.6027
v  -2.2054 -0.8590 -2.8909
v  -2.2171 -0.8576 -2.9004
v  -2.2222 -0.8651 -2.9125
v  -2.2255 -0.9984 -3.0483
v  -0.5457 -1.5708 -1.9713
v  -0.5422 -0.7423 -1.1432
v  -0.5435 -0.6565 -1.0587
v  -0.5452 -0.6505 -1.0540
v  -0.5489 -0.6446 -1.0508
v  -0.5544 -0.6397 -1.0499
v  -0.5614 -0.6360 -1.0514
v  -0.6422 -0.6061 -1.0809
v  -0.6561 -0.6033 -1.0883
v  -0.6671 -0.6051 -1.0982
v  -0.6748 -0.6111 -1.1098
v  -0.6778 -0.6208 -1.1217
v  -0.6895 -1.0654 -1.5733
v  -0.6961 -1.1573 -1.6696
v  -0.7104 -1.2221 -1.7448
v  -0.7363 -1.2804 -1.8219
v  -0.7742 -1.3306 -1.8997
v  -0.8238 -1.3714 -1.9768
v  -0.8841 -1.4016 -2.0512
v  -0.9539 -1.4200 -2.1206
v  -1.0313 -1.4262 -2.1837
v  -1.1140 -1.4218 -2.2400
v  -1.1995 -1.4086 -2.2897
v  -1.3309 -1.3766 -2.3542
v  -1.5076 -1.3207 -2.4283
v  -1.6707 -1.2622 -2.4897
v  -2.3356 -1.0164 -2.7329
v  -2.3480 -1.0159 -2.7415
v  -2.3534 -1.0237 -2.7533
v  -2.3569 -1.1572 -2.8889
v  -0.5708 -1.6095 -1.9324
v  -0.5673 -0.7810 -1.1043
v  -0.5688 -0.6953 -1.0197
v  -0.5705 -0.6895 -1.0149
v  -0.5744 -0.6839 -1.0115
v  -0.5801 -0.6793 -1.0102
v  -0.5874 -0.6761 -1.0111
v  -0.6720 -0.6520 -1.0349
v  -0.6865 -0.6501 -1.0413
v  -0.6981 -0.6527 -1.0504
v  -0.7060 -0.6593 -1.0615
v  -0.7092 -0.6692 -1.0732
v  -0.7214 -1.1145 -1.5240
v  -0.7282 -1.2068 -1.6200
v  -0.7432 -1.2726 -1.6941
v  -0.7703 -1.3327 -1.7694
v  -0.8099 -1.3856 -1.8445
v  -0.8618 -1.4299 -1.9181
v  -0.9249 -1.4644 -1.9882
v  -0.9978 -1.4876 -2.0527
v  -1.0788 -1.4993 -2.1102
v  -1.1653 -1.5008 -2.1607
v  -1.2549 -1.4937 -2.2043
v  -1.3923 -1.4710 -2.2595
v  -1.5772 -1.4277 -2.3210
v  -1.7477 -1.3808 -2.3708
v  -2.4434 -1.1821 -2.5666
v  -2.4563 -1.1825 -2.5744
v  -2.4620 -1.1907 -2.5857
v  -2.4656 -1.3244 -2.7212
v  -0.5905 -1.6498 -1.8920
v  -0.5870 -0.8213 -1.0639
v  -0.5885 -0.7358 -0.9792
v  -0.5903 -0.7300 -0.9742
v  -0.5943 -0.7247 -0.9705
v  -0.6002 -0.7206 -0.9688
v  -0.6078 -0.7179 -0.9693
v  -0.6952 -0.6997 -0.9871
v  -0.7103 -0.6989 -0.9925
v  -0.7222 -0.7023 -1.0007
v  -0.7305 -0.7094 -1.0113
v  -0.7337 -0.7195 -1.0227
v  -0.7463 -1.1655 -1.4728
v  -0.7533 -1.2583 -1.5683
v  -0.7688 -1.3252 -1.6414
v  -0.7968 -1.3872 -1.7148
v  -0.8378 -1.4428 -1.7872
v  -0.8915 -1.4908 -1.8571
v  -0.9568 -1.5297 -1.9227
v  -1.0322 -1.5581 -1.9821
v  -1.1160 -1.5755 -2.0339
v  -1.2055 -1.5831 -2.0782
v  -1.2981 -1.5823 -2.1155
v  -1.4403 -1.5693 -2.1610
v  -1.6315 -1.5390 -2.2094
v  -1.8079 -1.5041 -2.2471
v  -2.5276 -1.3545 -2.3938
v  -2.5410 -1.3558 -2.4006
v  -2.5468 -1.3644 -2.4116
v  -2.5506 -1.4984 -2.5468
v  -0.6044 -1.6913 -1.8504
v  -0.6009 -0.8628 -1.0224
v  -0.6025 -0.7774 -0.9375
v  -0.6044 -0.7718 -0.9324
v  -0.6084 -0.7667 -0.9284
v  -0.6145 -0.7630 -0.9263
v  -0.6222 -0.7609 -0.9262
v  -0.7118 -0.7488 -0.9379
v  -0.7272 -0.7490 -0.9422
v  -0.7394 -0.7533 -0.9496
v  -0.7478 -0.7610 -0.9596
v  -0.7512 -0.7713 -0.9708
v  -0.7640 -1.2181 -1.4202
v  -0.7712 -1.3113 -1.5152
v  -0.7870 -1.3793 -1.5872
v  -0.8157 -1.4432 -1.6587
v  -0.8576 -1.5017 -1.7282
v  -0.9126 -1.5535 -1.7943
v  -0.9794 -1.5969 -1.8554
v  -1.0567 -1.6306 -1.9094
v  -1.1424 -1.6539 -1.9554
v  -1.2340 -1.6677 -1.9934
v  -1.3288 -1.6734 -2.0242
v  -1.4744 -1.6704 -2.0597
v  -1.6701 -1.6535 -2.0946
v  -1.8507 -1.6311 -2.1199
v  -2.5875 -1.5320 -2.2159
v  -2.6012 -1.5343 -2.2218
v  -2.6072 -1.5433 -2.2324
v  -2.6110 -1.6775 -2.3673
v  -0.6125 -1.7336 -1.8081
v  -0.6091 -0.9051 -0.9800
v  -0.6106 -0.8198 -0.8951
v  -0.6126 -0.8143 -0.8898
v  -0.6166 -0.8095 -0.8856
v  -0.6228 -0.8062 -0.8830
v  -0.6307 -0.8046 -0.8824
v  -0.7214 -0.7989 -0.8878
v  -0.7370 -0.8002 -0.8910
v  -0.7494 -0.8052 -0.8976
v  -0.7580 -0.8135 -0.9069
v  -0.7614 -0.8241 -0.9179
v  -0.7743 -1.2716 -1.3666
v  -0.7816 -1.3653 -1.4611
v  -0.7976 -1.4344 -1.5320
v  -0.8267 -1.5003 -1.6015
v  -0.8692 -1.5617 -1.6681
v  -0.9249 -1.6173 -1.7304
v  -0.9926 -1.6654 -1.7868
v  -1.0709 -1.7045 -1.8355
v  -1.1578 -1.7337 -1.8754
v  -1.2506 -1.7540 -1.9071
v  -1.3467 -1.7663 -1.9312
v  -1.4943 -1.7734 -1.9565
v  -1.6927 -1.7703 -1.9777
v  -1.8757 -1.7604 -1.9904
v  -2.6224 -1.7129 -2.0348
v  -2.6364 -1.7161 -2.0397
v  -2.6424 -1.7255 -2.0499
v  -2.6463 -1.8599 -2.1847
v  -0.6148 -1.7762 -1.7655
v  -0.6113 -0.9477 -0.9374
v  -0.6129 -0.8625 -0.8523
v  -0.6148 -0.8572 -0.8469
v  -0.6189 -0.8527 -0.8423
v  -0.6251 -0.8498 -0.8394
v  -0.6330 -0.8488 -0.8382
v  -0.7241 -0.8493 -0.8373
v  -0.7398 -0.8517 -0.8394
v  -0.7522 -0.8577 -0.8451
v  -0.7608 -0.8666 -0.8539
v  -0.7642 -0.8774 -0.8647
v  -0.7771 -1.3256 -1.3125
v  -0.7845 -1.4198 -1.4066
v  -0.8006 -1.4900 -1.4764
v  -0.8297 -1.5579 -1.5438
v  -0.8724 -1.6223 -1.6075
v  -0.9283 -1.6817 -1.6660
v  -0.9963 -1.7345 -1.7177
v  -1.0748 -1.7790 -1.7609
v  -1.1621 -1.8143 -1.7948
v  -1.2552 -1.8410 -1.8200
v  -1.3517 -1.8600 -1.8374
v  -1.4998 -1.8774 -1.8525
v  -1.6989 -1.8880 -1.8599
v  -1.8827 -1.8909 -1.8598
v  -2.6321 -1.8953 -1.8523
v  -2.6461 -1.8995 -1.8562
v  -2.6522 -1.9093 -1.8659
v  -2.6561 -2.0440 -2.0005
v  -0.6111 -1.8188 -1.7229
v  -0.6076 -0.9903 -0.8948
v  -0.6092 -0.9053 -0.8095
v  -0.6111 -0.9001 -0.8040
v  -0.6152 -0.8959 -0.7992
v  -0.6213 -0.8934 -0.7958
v  -0.6292 -0.8929 -0.7941
v  -0.7197 -0.8998 -0.7868
v  -0.7353 -0.9032 -0.7879
v  -0.7476 -0.9100 -0.7927
v  -0.7562 -0.9195 -0.8009
v  -0.7596 -0.9306 -0.8114
v  -0.7725 -1.3796 -1.2585
v  -0.7798 -1.4743 -1.3521
v  -0.7958 -1.5455 -1.4209
v  -0.8248 -1.6155 -1.4863
v  -0.8672 -1.6827 -1.5470
v  -0.9227 -1.7460 -1.6016
v  -0.9903 -1.8035 -1.6486
v  -1.0684 -1.8534 -1.6864
v  -1.1552 -1.8948 -1.7143
v  -1.2478 -1.9279 -1.7330
v  -1.3437 -1.9536 -1.7438
v  -1.4908 -1.9813 -1.7486
v  -1.6888 -2.0057 -1.7422
v  -1.8715 -2.0213 -1.7294
v  -2.6165 -2.0776 -1.6699
v  -2.6304 -2.0827 -1.6729
v  -2.6364 -2.0930 -1.6822
v  -2.6403 -2.2279 -1.8165
v  -0.6015 -1.8609 -1.6807
v  -0.5980 -1.0324 -0.8527
v  -0.5996 -0.9475 -0.7673
v  -0.6015 -0.9425 -0.7616
v  -0.6055 -0.9386 -0.7565
v  -0.6115 -0.9365 -0.7527
v  -0.6192 -0.9366 -0.7504
v  -0.7084 -0.9497 -0.7370
v  -0.7237 -0.9542 -0.7369
v  -0.7359 -0.9619 -0.7409
v  -0.7443 -0.9719 -0.7485
v  -0.7476 -0.9832 -0.7588
v  -0.7603 -1.4330 -1.2052
v  -0.7675 -1.5282 -1.2982
v  -0.7833 -1.6005 -1.3659
v  -0.8119 -1.6724 -1.4294
v  -0.8536 -1.7426 -1.4872
v  -0.9083 -1.8097 -1.5380
v  -0.9748 -1.8718 -1.5804
v  -1.0517 -1.9271 -1.6128
v  -1.1371 -1.9744 -1.6347
v  -1.2283 -2.0140 -1.6471
v  -1.3227 -2.0462 -1.6512
v  -1.4676 -2.0840 -1.6459
v  -1.6625 -2.1221 -1.6259
v  -1.8423 -2.1503 -1.6005
v  -2.5757 -2.2580 -1.4896
v  -2.5893 -2.2641 -1.4917
v  -2.5953 -2.2747 -1.5006
v  -2.5991 -2.4098 -1.6346
v  -0.5862 -1.9022 -1.6395
v  -0.5827 -1.0737 -0.8114
v  -0.5842 -0.9890 -0.7259
v  -0.5860 -0.9840 -0.7201
v  -0.5899 -0.9804 -0.7147
v  -0.5958 -0.9788 -0.7105
v  -0.6033 -0.9793 -0.7077
v  -0.6902 -0.9986 -0.6881
v  -0.7052 -1.0042 -0.6870
v  -0.7170 -1.0126 -0.6902
v  -0.7252 -1.0233 -0.6972
v  -0.7284 -1.0348 -0.7073
v  -0.7409 -1.4853 -1.1529
v  -0.7479 -1.5809 -1.2455
v  -0.7633 -1.6543 -1.3121
v  -0.7911 -1.7282 -1.3736
v  -0.8318 -1.8012 -1.4286
v  -0.8851 -1.8720 -1.4757
v  -0.9499 -1.9387 -1.5135
v  -1.0249 -1.9993 -1.5407
v  -1.1081 -2.0525 -1.5567
v  -1.1969 -2.0982 -1.5629
v  -1.2889 -2.1370 -1.5606
v  -1.4301 -2.1847 -1.5453
v  -1.6201 -2.2362 -1.5119
v  -1.7953 -2.2767 -1.4742
v  -2.5100 -2.4347 -1.3131
v  -2.5234 -2.4418 -1.3142
v  -2.5291 -2.4528 -1.3227
v  -2.5329 -2.5882 -1.4565
v  -0.5651 -1.9422 -1.5995
v  -0.5616 -1.1137 -0.7714
v  -0.5631 -1.0291 -0.6858
v  -0.5648 -1.0243 -0.6799
v  -0.5686 -1.0209 -0.6742
v  -0.5743 -1.0198 -0.6696
v  -0.5815 -1.0208 -0.6663
v  -0.6653 -1.0460 -0.6408
v  -0.6797 -1.0526 -0.6387
v  -0.6912 -1.0619 -0.6411
v  -0.6991 -1.0731 -0.6475
v  -0.7022 -1.0848 -0.6574
v  -0.7143 -1.5361 -1.1023
v  -0.7210 -1.6321 -1.1944
v  -0.7359 -1.7065 -1.2600
v  -0.7627 -1.7823 -1.3196
v  -0.8020 -1.8581 -1.3719
v  -0.8534 -1.9325 -1.4153
v  -0.9159 -2.0036 -1.4487
v  -0.9882 -2.0693 -1.4708
v  -1.0684 -2.1281 -1.4812
v  -1.1541 -2.1800 -1.4813
v  -1.2428 -2.2250 -1.4727
v  -1.3790 -2.2824 -1.4478
v  -1.5621 -2.3468 -1.4015
v  -1.7311 -2.3993 -1.3518
v  -2.4202 -2.6061 -1.1420
v  -2.4331 -2.6141 -1.1422
v  -2.4387 -2.6255 -1.1503
v  -2.4423 -2.7611 -1.2839
v  -0.5387 -1.9806 -1.5612
v  -0.5352 -1.1521 -0.7331
v  -0.5365 -1.0677 -0.6474
v  -0.5382 -1.0630 -0.6413
v  -0.5418 -1.0598 -0.6354
v  -0.5473 -1.0590 -0.6304
v  -0.5541 -1.0606 -0.6266
v  -0.6340 -1.0914 -0.5954
v  -0.6477 -1.0990 -0.5923
v  -0.6586 -1.1091 -0.5940
v  -0.6662 -1.1208 -0.5999
v  -0.6692 -1.1328 -0.6095
v  -0.6807 -1.5847 -1.0537
v  -0.6872 -1.6812 -1.1454
v  -0.7014 -1.7566 -1.2100
v  -0.7270 -1.8342 -1.2679
v  -0.7644 -1.9126 -1.3174
v  -0.8134 -1.9905 -1.3574
v  -0.8731 -2.0659 -1.3866
v  -0.9420 -2.1364 -1.4038
v  -1.0185 -2.2007 -1.4088
v  -1.1001 -2.2584 -1.4031
v  -1.1847 -2.3094 -1.3885
v  -1.3145 -2.3760 -1.3544
v  -1.4891 -2.4529 -1.2956
v  -1.6501 -2.5168 -1.2345
v  -2.3071 -2.7705 -0.9780
v  -2.3194 -2.7793 -0.9773
v  -2.3247 -2.7912 -0.9850
v  -2.3282 -2.9269 -1.1184
v  -0.5070 -2.0170 -1.5249
v  -0.5035 -1.1885 -0.6969
v  -0.5048 -1.1042 -0.6110
v  -0.5064 -1.0996 -0.6048
v  -0.5098 -1.0967 -0.5987
v  -0.5149 -1.0963 -0.5933
v  -0.5214 -1.0983 -0.5890
v  -0.5965 -1.1345 -0.5525
v  -0.6095 -1.1431 -0.5485
v  -0.6197 -1.1539 -0.5493
v  -0.6268 -1.1661 -0.5548
v  -0.6296 -1.1782 -0.5642
v  -0.6407 -1.6308 -1.0077
v  -0.6468 -1.7278 -1.0991
v  -0.6601 -1.8041 -1.1627
v  -0.6843 -1.8833 -1.2189
v  -0.7195 -1.9643 -1.2659
v  -0.7657 -2.0455 -1.3026
v  -0.8218 -2.1249 -1.3278
v  -0.8867 -2.2001 -1.3404
v  -0.9587 -2.2695 -1.3402
v  -1.0356 -2.3327 -1.3290
v  -1.1152 -2.3894 -1.3087
v  -1.2374 -2.4648 -1.2659
v  -1.4017 -2.5534 -1.1954
v  -1.5533 -2.6283 -1.1234
v  -2.1718 -2.9263 -0.8227
v  -2.1833 -2.9360 -0.8211
v  -2.1883 -2.9482 -0.8285
v  -2.1917 -3.0841 -0.9617
v  -0.4705 -2.0511 -1.4910
v  -0.4670 -1.2226 -0.6630
v  -0.4681 -1.1383 -0.5770
v  -0.4696 -1.1338 -0.5707
v  -0.4727 -1.1312 -0.5643
v  -0.4775 -1.1311 -0.5586
v  -0.4835 -1.1336 -0.5539
v  -0.5533 -1.1748 -0.5123
v  -0.5653 -1.1842 -0.5075
v  -0.5748 -1.1957 -0.5077
v  -0.5814 -1.2084 -0.5126
v  -0.5840 -1.2208 -0.5219
v  -0.5944 -1.6740 -0.9648
v  -0.6001 -1.7713 -1.0557
v  -0.6125 -1.8485 -1.1185
v  -0.6349 -1.9293 -1.1730
v  -0.6676 -2.0126 -1.2178
v  -0.7105 -2.0969 -1.2514
v  -0.7626 -2.1800 -1.2729
v  -0.8228 -2.2596 -1.2811
v  -0.8897 -2.3338 -1.2761
v  -0.9610 -2.4022 -1.2598
v  -1.0349 -2.4642 -1.2342
v  -1.1483 -2.5478 -1.1832
v  -1.3009 -2.6475 -1.1017
v  -1.4416 -2.7325 -1.0196
v  -2.0156 -3.0720 -0.6775
v  -2.0263 -3.0825 -0.6752
v  -2.0309 -3.0950 -0.6823
v  -2.0340 -3.2311 -0.8153
v  -0.4294 -2.0824 -1.4598
v  -0.4259 -1.2539 -0.6318
v  -0.4269 -1.1698 -0.5457
v  -0.4283 -1.1654 -0.5393
v  -0.4311 -1.1630 -0.5327
v  -0.4355 -1.1632 -0.5267
v  -0.4410 -1.1660 -0.5216
v  -0.5047 -1.2120 -0.4754
v  -0.5156 -1.2222 -0.4697
v  -0.5243 -1.2343 -0.4693
v  -0.5303 -1.2474 -0.4738
v  -0.5327 -1.2599 -0.4829
v  -0.5423 -1.7137 -0.9252
v  -0.5476 -1.8114 -1.0158
v  -0.5589 -1.8894 -1.0778
v  -0.5794 -1.9717 -1.1309
v  -0.6093 -2.0572 -1.1735
v  -0.6485 -2.1443 -1.2043
v  -0.6961 -2.2309 -1.2223
v  -0.7511 -2.3144 -1.2266
v  -0.8121 -2.3931 -1.2171
v  -0.8773 -2.4662 -1.1961
v  -0.9447 -2.5332 -1.1656
v  -1.0483 -2.6243 -1.1071
v  -1.1875 -2.7341 -1.0155
v  -1.3160 -2.8285 -0.9241
v  -1.8399 -3.2063 -0.5439
v  -1.8497 -3.2174 -0.5409
v  -1.8539 -3.2303 -0.5477
v  -1.8568 -3.3666 -0.6806
v  -0.3842 -2.1108 -1.4317
v  -0.3807 -1.2823 -0.6036
v  -0.3816 -1.1982 -0.5174
v  -0.3828 -1.1939 -0.5110
v  -0.3854 -1.1917 -0.5042
v  -0.3892 -1.1922 -0.4978
v  -0.3941 -1.1954 -0.4924
v  -0.4511 -1.2456 -0.4420
v  -0.4610 -1.2565 -0.4356
v  -0.4687 -1.2692 -0.4346
v  -0.4741 -1.2827 -0.4387
v  -0.4763 -1.2954 -0.4477
v  -0.4851 -1.7496 -0.8895
v  -0.4898 -1.8476 -0.9798
v  -0.5000 -1.9264 -1.0411
v  -0.5184 -2.0100 -1.0928
v  -0.5452 -2.0975 -1.1334
v  -0.5802 -2.1872 -1.1617
v  -0.6228 -2.2768 -1.1766
v  -0.6721 -2.3640 -1.1773
v  -0.7267 -2.4467 -1.1639
v  -0.7850 -2.5241 -1.1385
v  -0.8454 -2.5955 -1.1036
v  -0.9381 -2.6935 -1.0383
v  -1.0627 -2.8125 -0.9376
v  -1.1776 -2.9154 -0.8378
v  -1.6465 -3.3278 -0.4232
v  -1.6553 -3.3395 -0.4196
v  -1.6591 -3.3527 -0.4261
v  -1.6618 -3.4891 -0.5588
v  -0.3353 -2.1359 -1.4067
v  -0.3318 -1.3074 -0.5787
v  -0.3325 -1.2234 -0.4924
v  -0.3336 -1.2192 -0.4859
v  -0.3358 -1.2171 -0.4789
v  -0.3392 -1.2179 -0.4724
v  -0.3435 -1.2214 -0.4666
v  -0.3932 -1.2753 -0.4125
v  -0.4018 -1.2869 -0.4055
v  -0.4086 -1.3000 -0.4040
v  -0.4133 -1.3139 -0.4078
v  -0.4152 -1.3267 -0.4165
v  -0.4231 -1.7815 -0.8580
v  -0.4273 -1.8797 -0.9479
v  -0.4362 -1.9591 -1.0086
v  -0.4523 -2.0440 -1.0591
v  -0.4757 -2.1331 -1.0981
v  -0.5064 -2.2251 -1.1241
v  -0.5436 -2.3175 -1.1362
v  -0.5866 -2.4079 -1.1337
v  -0.6343 -2.4942 -1.1168
v  -0.6852 -2.5753 -1.0877
v  -0.7380 -2.6507 -1.0489
v  -0.8189 -2.7548 -0.9775
v  -0.9277 -2.8819 -0.8688
v  -1.0280 -2.9923 -0.7615
v  -1.4373 -3.4353 -0.3165
v  -1.4450 -3.4476 -0.3123
v  -1.4483 -3.4610 -0.3186
v  -1.4507 -3.5976 -0.4511
v  -0.2832 -2.1575 -1.3854
v  -0.2797 -1.3290 -0.5573
v  -0.2802 -1.2451 -0.4709
v  -0.2811 -1.2409 -0.4644
v  -0.2830 -1.2390 -0.4573
v  -0.2859 -1.2400 -0.4505
v  -0.2895 -1.2438 -0.4444
v  -0.3315 -1.3009 -0.3872
v  -0.3388 -1.3130 -0.3796
v  -0.3445 -1.3266 -0.3777
v  -0.3485 -1.3408 -0.3811
v  -0.3501 -1.3537 -0.3898
v  -0.3571 -1.8088 -0.8308
v  -0.3607 -1.9073 -0.9206
v  -0.3683 -1.9873 -0.9807
v  -0.3819 -2.0732 -1.0302
v  -0.4017 -2.1638 -1.0677
v  -0.4276 -2.2577 -1.0917
v  -0.4591 -2.3526 -1.1015
v  -0.4955 -2.4457 -1.0963
v  -0.5358 -2.5350 -1.0763
v  -0.5789 -2.6195 -1.0440
v  -0.6234 -2.6983 -1.0018
v  -0.6918 -2.8075 -0.9253
v  -0.7837 -2.9416 -0.8096
v  -0.8685 -3.0585 -0.6959
v  -1.2143 -3.5278 -0.2249
v  -1.2207 -3.5407 -0.2202
v  -1.2236 -3.5542 -0.2262
v  -1.2257 -3.6909 -0.3587
v  -0.2283 -2.1754 -1.3677
v  -0.2248 -1.3469 -0.5396
v  -0.2252 -1.2630 -0.4532
v  -0.2259 -1.2589 -0.4466
v  -0.2274 -1.2571 -0.4394
v  -0.2297 -1.2583 -0.4324
v  -0.2326 -1.2623 -0.4261
v  -0.2666 -1.3221 -0.3662
v  -0.2724 -1.3346 -0.3582
v  -0.2770 -1.3486 -0.3559
v  -0.2802 -1.3631 -0.3592
v  -0.2816 -1.3761 -0.3677
v  -0.2876 -1.8315 -0.8084
v  -0.2905 -1.9302 -0.8980
v  -0.2967 -2.0106 -0.9576
v  -0.3078 -2.0973 -1.0063
v  -0.3238 -2.1892 -1.0426
v  -0.3448 -2.2848 -1.0650
v  -0.3702 -2.3816 -1.0729
v  -0.3996 -2.4770 -1.0654
v  -0.4321 -2.5689 -1.0429
v  -0.4669 -2.6560 -1.0079
v  -0.5028 -2.7376 -0.9629
v  -0.5580 -2.8511 -0.8822
v  -0.6322 -2.9911 -0.7608
v  -0.7006 -3.1133 -0.6418
v  -0.9795 -3.6045 -0.1492
v  -0.9847 -3.6177 -0.1441
v  -0.9870 -3.6315 -0.1499
v  -0.9888 -3.7683 -0.2823
v  -0.1713 -2.1894 -1.3539
v  -0.1678 -1.3609 -0.5258
v  -0.1680 -1.2771 -0.4394
v  -0.1685 -1.2730 -0.4327
v  -0.1696 -1.2713 -0.4254
v  -0.1713 -1.2726 -0.4183
v  -0.1735 -1.2769 -0.4118
v  -0.1990 -1.3387 -0.3499
v  -0.2034 -1.3516 -0.3416
v  -0.2069 -1.3658 -0.3390
v  -0.2093 -1.3805 -0.3420
v  -0.2103 -1.3936 -0.3505
v  -0.2153 -1.8493 -0.7910
v  -0.2176 -1.9481 -0.8804
v  -0.2223 -2.0289 -0.9396
v  -0.2307 -2.1163 -0.9877
v  -0.2428 -2.2091 -1.0230
v  -0.2586 -2.3059 -1.0442
v  -0.2777 -2.4043 -1.0506
v  -0.2998 -2.5015 -1.0413
v  -0.3243 -2.5954 -1.0168
v  -0.3504 -2.6846 -0.9797
v  -0.3774 -2.7684 -0.9326
v  -0.4189 -2.8853 -0.8486
v  -0.4746 -3.0298 -0.7227
v  -0.5259 -3.1562 -0.5996
v  -0.7354 -3.6645 -0.0901
v  -0.7393 -3.6781 -0.0847
v  -0.7410 -3.6920 -0.0904
v  -0.7425 -3.8289 -0.2227
v  -0.1125 -2.1994 -1.3442
v  -0.1091 -1.3709 -0.5161
v  -0.1091 -1.2871 -0.4296
v  -0.1094 -1.2831 -0.4229
v  -0.1101 -1.2814 -0.4155
v  -0.1113 -1.2829 -0.4083
v  -0.1127 -1.2872 -0.4017
v  -0.1295 -1.3505 -0.3384
v  -0.1324 -1.3637 -0.3298
v  -0.1347 -1.3781 -0.3270
v  -0.1363 -1.3929 -0.3299
v  -0.1369 -1.4060 -0.3383
v  -0.1409 -1.8619 -0.7786
v  -0.1425 -1.9609 -0.8679
v  -0.1457 -2.0419 -0.9269
v  -0.1513 -2.1298 -0.9745
v  -0.1594 -2.2233 -1.0091
v  -0.1699 -2.3211 -1.0295
v  -0.1826 -2.4205 -1.0347
v  -0.1972 -2.5190 -1.0242
v  -0.2134 -2.6143 -0.9984
v  -0.2306 -2.7051 -0.9598
v  -0.2484 -2.7904 -0.9112
v  -0.2757 -2.9097 -0.8247
v  -0.3124 -3.0575 -0.6957
v  -0.3462 -3.1869 -0.5697
v  -0.4841 -3.7074 -0.0483
v  -0.4867 -3.7212 -0.0427
v  -0.4878 -3.7352 -0.0483
v  -0.4890 -3.8721 -0.1805
v  -0.0527 -2.2053 -1.3385
v  -0.0493 -1.3768 -0.5105
v  -0.0491 -1.2930 -0.4240
v  -0.0492 -1.2890 -0.4173
v  -0.0496 -1.2874 -0.4098
v  -0.0501 -1.2889 -0.4026
v  -0.0508 -1.2933 -0.3959
v  -0.0587 -1.3575 -0.3317
v  -0.0600 -1.3708 -0.3229
v  -0.0611 -1.3854 -0.3201
v  -0.0619 -1.4002 -0.3229
v  -0.0622 -1.4134 -0.3313
v  -0.0651 -1.8694 -0.7715
v  -0.0661 -1.9684 -0.8607
v  -0.0678 -2.0496 -0.9196
v  -0.0706 -2.1377 -0.9669
v  -0.0745 -2.2317 -1.0011
v  -0.0796 -2.3299 -1.0210
v  -0.0857 -2.4301 -1.0256
v  -0.0927 -2.5293 -1.0143
v  -0.1004 -2.6254 -0.9877
v  -0.1085 -2.7171 -0.9483
v  -0.1170 -2.8034 -0.8988
v  -0.1299 -2.9241 -0.8110
v  -0.1472 -3.0738 -0.6801
v  -0.1632 -3.2049 -0.5524
v  -0.2282 -3.7326 -0.0241
v  -0.2294 -3.7466 -0.0183
v  -0.2300 -3.7606 -0.0239
v  -0.2308 -3.8976 -0.1561
v  0.0297 -3.7227 -0.0352
v  0.2851 -3.7123 -0.0467
v  0.5377 -3.6842 -0.0758
v  0.7852 -3.6388 -0.1223
v  1.0251 -3.5764 -0.1857
v  1.2552 -3.4976 -0.2655
v  1.4731 -3.4033 -0.3608
v  1.6769 -3.2943 -0.4707
v  1.8645 -3.1717 -0.5941
v  2.0341 -3.0367 -0.7300
v  2.1842 -2.8905 -0.8769
v  2.3132 -2.7345 -1.0335
v  2.4199 -2.5704 -1.1982
v  2.5034 -2.3995 -1.3694
v  2.5627 -2.2237 -1.5456
v  2.5973 -2.0445 -1.7250
v  2.6069 -1.8638 -1.9059
v  2.5914 -1.6832 -2.0865
v  2.5510 -1.5045 -2.2651
v  2.4860 -1.3294 -2.4400
v  2.3970 -1.1596 -2.6095
v  2.2850 -0.9968 -2.7720
v  2.1509 -0.8424 -2.9258
v  1.9961 -0.6980 -3.0696
v  1.8221 -0.5651 -3.2020
v  1.6306 -0.4447 -3.3216
v  1.4233 -0.3382 -3.4272
v  1.2023 -0.2465 -3.5180
v  0.9698 -0.1706 -3.5930
v  0.7279 -0.1111 -3.6515
v  0.4790 -0.0686 -3.6930
v  0.2254 -0.0436 -3.7169
v  -0.0303 -0.0363 -3.7232
v  -0.2857 -0.0467 -3.7117
v  -0.5383 -0.0748 -3.6826
v  -0.7858 -0.1202 -3.6361
v  -1.0257 -0.1826 -3.5726
v  -1.2558 -0.2613 -3.4929
v  -1.4737 -0.3556 -3.3976
v  -1.6775 -0.4646 -3.2877
v  -1.8651 -0.5872 -3.1642
v  -2.0347 -0.7223 -3.0284
v  -2.1848 -0.8685 -2.8815
v  -2.3138 -1.0244 -2.7249
v  -2.4205 -1.1886 -2.5602
v  -2.5040 -1.3594 -2.3889
v  -2.5633 -1.5353 -2.2128
v  -2.5979 -1.7144 -2.0334
v  -2.6075 -1.8952 -1.8525
v  -2.5921 -2.0757 -1.6719
v  -2.5516 -2.2544 -1.4933
v  -2.4866 -2.4295 -1.3184
v  -2.3976 -2.5993 -1.1489
v  -2.2856 -2.7622 -0.9864
v  -2.1515 -2.9165 -0.8325
v  -1.9967 -3.0609 -0.6887
v  -1.8227 -3.1939 -0.5564
v  -1.6312 -3.3142 -0.4368
v  -1.4239 -3.4208 -0.3311
v  -1.2029 -3.5124 -0.2403
v  -0.9704 -3.5884 -0.1653
v  -0.7285 -3.6479 -0.1068
v  -0.4796 -3.6903 -0.0654
v  -0.2260 -3.7153 -0.0414
v  -0.0075 -3.1578 -2.3692
v  -0.0078 -3.2197 -2.4321
v  -0.0078 -3.2365 -2.4322
v  -0.0047 -3.6555 -1.9745
v  -0.0130 -2.3688 -3.1583
v  -0.0133 -2.4317 -3.2201
v  0.0414 -2.4335 -3.2185
v  0.0417 -2.3706 -3.1567
v  0.0414 -2.4361 -3.2223
v  0.0417 -2.4371 -3.2270
v  0.0420 -2.4362 -3.2317
v  0.0425 -2.4337 -3.2353
v  -0.0134 -2.4276 -3.2408
v  0.0430 -2.4295 -3.2392
v  0.1003 -1.9780 -3.6526
v  0.1546 -1.5377 -4.0324
v  0.0955 -2.4391 -3.2131
v  0.0959 -2.3762 -3.1513
v  0.0956 -2.4417 -3.2169
v  0.0961 -2.4427 -3.2216
v  0.0969 -2.4418 -3.2262
v  0.0977 -2.4394 -3.2298
v  0.0988 -2.4353 -3.2336
v  0.2158 -1.9899 -3.6411
v  0.3267 -1.5555 -4.0153
v  0.1782 -1.3416 -4.1935
v  0.3749 -1.3619 -4.1727
v  0.2053 -1.1131 -4.3733
v  0.4303 -1.1362 -4.3509
v  0.2077 -1.0959 -4.3803
v  0.4342 -1.1195 -4.3579
v  0.1486 -2.4484 -3.2040
v  0.1491 -2.3855 -3.1422
v  0.1488 -2.4511 -3.2078
v  0.1496 -2.4521 -3.2124
v  0.1507 -2.4513 -3.2170
v  0.1520 -2.4489 -3.2205
v  0.1536 -2.4449 -3.2242
v  0.3291 -2.0098 -3.6217
v  0.4955 -1.5851 -3.9864
v  0.5678 -1.3958 -4.1396
v  0.6510 -1.1750 -4.3132
v  0.6564 -1.1586 -4.3198
v  0.2002 -2.4613 -3.1913
v  0.2007 -2.3985 -3.1294
v  0.2005 -2.4640 -3.1951
v  0.2015 -2.4651 -3.1996
v  0.2030 -2.4644 -3.2041
v  0.2046 -2.4621 -3.2075
v  0.2068 -2.4583 -3.2111
v  0.4391 -2.0374 -3.5945
v  0.6595 -1.6263 -3.9458
v  0.7552 -1.4428 -4.0933
v  0.8653 -1.2288 -4.2602
v  0.8716 -1.2126 -4.2666
v  0.2497 -2.4778 -3.1750
v  0.2503 -2.4150 -3.1131
v  0.2501 -2.4805 -3.1788
v  0.2513 -2.4817 -3.1832
v  0.2532 -2.4811 -3.1876
v  0.2552 -2.4789 -3.1909
v  0.2579 -2.4752 -3.1943
v  0.5449 -2.0725 -3.5598
v  0.8170 -1.6786 -3.8941
v  0.9351 -1.5026 -4.0342
v  1.0711 -1.2972 -4.1927
v  1.0794 -1.2815 -4.1984
v  0.2968 -2.4976 -3.1554
v  0.2974 -2.4348 -3.0935
v  0.2972 -2.5003 -3.1591
v  0.2987 -2.5016 -3.1635
v  0.3009 -2.5011 -3.1677
v  0.3033 -2.4992 -3.1709
v  0.3064 -2.4957 -3.1740
v  0.6452 -2.1148 -3.5179
v  0.9665 -1.7416 -3.8317
v  1.1060 -1.5745 -3.9629
v  1.2666 -1.3795 -4.1111
v  1.2758 -1.3643 -4.1166
v  0.3409 -2.5206 -3.1326
v  0.3416 -2.4578 -3.0707
v  0.3414 -2.5233 -3.1363
v  0.3430 -2.5247 -3.1406
v  0.3455 -2.5244 -3.1446
v  0.3483 -2.5226 -3.1476
v  0.3519 -2.5193 -3.1505
v  0.7393 -2.1638 -3.4693
v  1.1067 -1.8146 -3.7593
v  1.2662 -1.6580 -3.8801
v  1.4497 -1.4748 -4.0163
v  1.4603 -1.4603 -4.0212
v  0.3816 -2.5465 -3.1069
v  0.3823 -2.4837 -3.0449
v  0.3821 -2.5493 -3.1105
v  0.3840 -2.5508 -3.1147
v  0.3868 -2.5507 -3.1185
v  0.3898 -2.5491 -3.1213
v  0.3938 -2.5461 -3.1240
v  0.8261 -2.2191 -3.4143
v  1.2360 -1.8969 -3.6774
v  1.4140 -1.7521 -3.7866
v  1.6188 -1.5825 -3.9094
v  1.6305 -1.5686 -3.9136
v  0.4185 -2.5751 -3.0784
v  0.4193 -2.5124 -3.0164
v  0.4191 -2.5779 -3.0820
v  0.4211 -2.5796 -3.0860
v  0.4242 -2.5796 -3.0897
v  0.4275 -2.5783 -3.0922
v  0.4319 -2.5756 -3.0946
v  0.9049 -2.2801 -3.3536
v  1.3534 -1.9878 -3.5870
v  1.5481 -1.8559 -3.6832
v  1.7722 -1.7013 -3.7912
v  1.7852 -1.6883 -3.7945
v  0.4513 -2.6061 -3.0475
v  0.4521 -2.5434 -2.9855
v  0.4519 -2.6090 -3.0511
v  0.4541 -2.6108 -3.0550
v  0.4574 -2.6111 -3.0584
v  0.4610 -2.6099 -3.0607
v  0.4657 -2.6075 -3.0628
v  0.9749 -2.3463 -3.2877
v  1.4577 -2.0864 -3.4888
v  1.6672 -1.9686 -3.5711
v  1.9085 -1.8302 -3.6629
v  1.9237 -1.8193 -3.6640
v  0.4796 -2.6392 -3.0145
v  0.4805 -2.5766 -2.9524
v  0.4803 -2.6421 -3.0180
v  0.4826 -2.6441 -3.0217
v  0.4861 -2.6446 -3.0249
v  0.4900 -2.6438 -3.0270
v  0.4950 -2.6417 -3.0287
v  1.0354 -2.4169 -3.2173
v  1.5478 -2.1917 -3.3839
v  1.7702 -2.0889 -3.4511
v  2.0262 -1.9677 -3.5257
v  2.0414 -1.9572 -3.5265
v  0.5032 -2.6741 -2.9797
v  0.5042 -2.6116 -2.9175
v  0.5040 -2.6771 -2.9831
v  0.5064 -2.6792 -2.9867
v  0.5101 -2.6800 -2.9896
v  0.5141 -2.6794 -2.9914
v  0.5193 -2.6777 -2.9928
v  1.0858 -2.4914 -3.1430
v  1.6228 -2.3027 -3.2731
v  1.8560 -2.2158 -3.3246
v  2.1244 -2.1129 -3.3811
v  2.1405 -2.1035 -3.3805
v  0.5219 -2.7105 -2.9434
v  0.5229 -2.6480 -2.8812
v  0.5227 -2.7135 -2.9468
v  0.5252 -2.7158 -2.9502
v  0.5290 -2.7169 -2.9529
v  0.5332 -2.7166 -2.9543
v  0.5386 -2.7152 -2.9554
v  1.1256 -2.5691 -3.0655
v  1.6822 -2.4184 -3.1577
v  1.9238 -2.3479 -3.1927
v  2.2019 -2.2640 -3.2302
v  2.2185 -2.2556 -3.2287
v  0.5354 -2.7480 -2.9059
v  0.5364 -2.6855 -2.8437
v  0.5362 -2.7511 -2.9093
v  0.5388 -2.7536 -2.9125
v  0.5427 -2.7549 -2.9149
v  0.5470 -2.7549 -2.9161
v  0.5525 -2.7539 -2.9168
v  1.1545 -2.6491 -2.9856
v  1.7253 -2.5375 -3.0387
v  1.9730 -2.4841 -3.0567
v  2.2582 -2.4198 -3.0747
v  2.2786 -2.4121 -3.0732
v  0.5437 -2.7862 -2.8677
v  0.5447 -2.7238 -2.8054
v  0.5445 -2.7894 -2.8710
v  0.5471 -2.7920 -2.8741
v  0.5511 -2.7936 -2.8762
v  0.5554 -2.7939 -2.8771
v  0.5611 -2.7933 -2.8774
v  1.1722 -2.7306 -2.9041
v  1.7516 -2.6591 -2.9173
v  2.0031 -2.6230 -2.9179
v  2.2927 -2.5786 -2.9160
v  2.3136 -2.5740 -2.9113
v  0.5467 -2.8248 -2.8291
v  0.5477 -2.7625 -2.7668
v  0.5475 -2.8280 -2.8324
v  0.5501 -2.8309 -2.8352
v  0.5541 -2.8327 -2.8371
v  0.5585 -2.8333 -2.8377
v  0.5641 -2.8331 -2.8375
v  1.1785 -2.8130 -2.8217
v  1.7610 -2.7818 -2.7945
v  2.0139 -2.7632 -2.7777
v  2.3049 -2.7390 -2.7555
v  2.3225 -2.7345 -2.7502
v  0.5443 -2.8635 -2.7905
v  0.5453 -2.8012 -2.7281
v  0.5451 -2.8667 -2.7937
v  0.5477 -2.8697 -2.7963
v  0.5517 -2.8719 -2.7979
v  0.5560 -2.8728 -2.7982
v  0.5616 -2.8730 -2.7977
v  1.1733 -2.8955 -2.7393
v  1.7533 -2.9046 -2.6717
v  2.0051 -2.9035 -2.6374
v  2.2949 -2.8996 -2.5950
v  2.3124 -2.8956 -2.5890
v  0.5365 -2.9017 -2.7522
v  0.5375 -2.8395 -2.6898
v  0.5373 -2.9050 -2.7553
v  0.5399 -2.9082 -2.7578
v  0.5438 -2.9107 -2.7591
v  0.5481 -2.9118 -2.7591
v  0.5536 -2.9124 -2.7582
v  1.1568 -2.9771 -2.6576
v  1.7287 -3.0262 -2.5500
v  1.9769 -3.0425 -2.4983
v  2.2627 -3.0585 -2.4359
v  2.2800 -3.0559 -2.4287
v  0.5235 -2.9392 -2.7146
v  0.5245 -2.8770 -2.6521
v  0.5243 -2.9426 -2.7177
v  0.5268 -2.9460 -2.7200
v  0.5306 -2.9487 -2.7210
v  0.5348 -2.9502 -2.7207
v  0.5402 -2.9511 -2.7194
v  1.1290 -3.0572 -2.5774
v  1.6872 -3.1455 -2.4305
v  1.9296 -3.1788 -2.3617
v  2.2085 -3.2144 -2.2798
v  2.2253 -3.2132 -2.2714
v  0.5053 -2.9757 -2.6781
v  0.5063 -2.9135 -2.6156
v  0.5061 -2.9791 -2.6811
v  0.5085 -2.9827 -2.6833
v  0.5122 -2.9856 -2.6840
v  0.5162 -2.9874 -2.6835
v  0.5215 -2.9887 -2.6818
v  1.0902 -3.1349 -2.4995
v  1.6295 -3.2613 -2.3145
v  1.8636 -3.3112 -2.2291
v  2.1330 -3.3658 -2.1281
v  2.1485 -3.3669 -2.1171
v  0.4822 -3.0107 -2.6430
v  0.4831 -2.9486 -2.5804
v  0.4829 -3.0141 -2.6460
v  0.4852 -3.0179 -2.6480
v  0.4887 -3.0211 -2.6485
v  0.4926 -3.0231 -2.6476
v  0.4976 -3.0248 -2.6456
v  1.0408 -3.2096 -2.4246
v  1.5559 -3.3726 -2.2029
v  1.7795 -3.4383 -2.1017
v  2.0369 -3.5111 -1.9823
v  2.0532 -3.5111 -1.9726
v  0.4543 -3.0439 -2.6097
v  0.4552 -2.9818 -2.5471
v  0.4550 -3.0474 -2.6126
v  0.4572 -3.0513 -2.6144
v  0.4605 -3.0547 -2.6147
v  0.4641 -3.0570 -2.6136
v  0.4688 -3.0590 -2.6112
v  0.9814 -3.2804 -2.3535
v  1.4673 -3.4781 -2.0970
v  1.6782 -3.5589 -1.9806
v  1.9211 -3.6492 -1.8439
v  1.9352 -3.6518 -1.8316
v  0.4219 -3.0750 -2.5785
v  0.4228 -3.0130 -2.5158
v  0.4226 -3.0786 -2.5813
v  0.4246 -3.0826 -2.5830
v  0.4277 -3.0862 -2.5831
v  0.4311 -3.0888 -2.5817
v  0.4355 -3.0911 -2.5790
v  0.9123 -3.3468 -2.2869
v  1.3644 -3.5770 -1.9977
v  1.5607 -3.6719 -1.8672
v  1.7866 -3.7784 -1.7142
v  1.8003 -3.7814 -1.7011
v  0.3854 -3.1037 -2.5496
v  0.3862 -3.0417 -2.4869
v  0.3860 -3.1073 -2.5525
v  0.3878 -3.1115 -2.5540
v  0.3907 -3.1153 -2.5538
v  0.3938 -3.1181 -2.5523
v  0.3978 -3.1207 -2.5493
v  0.8344 -3.4080 -2.2253
v  1.2483 -3.6683 -1.9060
v  1.4280 -3.7762 -1.7624
v  1.6349 -3.8977 -1.5943
v  1.6489 -3.9006 -1.5815
v  0.3451 -3.1297 -2.5234
v  0.3458 -3.0678 -2.4607
v  0.3456 -3.1334 -2.5262
v  0.3473 -3.1376 -2.5276
v  0.3498 -3.1417 -2.5273
v  0.3526 -3.1447 -2.5255
v  0.3562 -3.1476 -2.5223
v  0.7483 -3.4636 -2.1694
v  1.1201 -3.7510 -1.8228
v  1.2815 -3.8707 -1.6673
v  1.4673 -4.0057 -1.4854
v  1.4791 -4.0099 -1.4707
v  0.3013 -3.1528 -2.5002
v  0.3020 -3.0909 -2.4374
v  0.3018 -3.1565 -2.5029
v  0.3032 -3.1609 -2.5042
v  0.3055 -3.1651 -2.5037
v  0.3079 -3.1682 -2.5018
v  0.3110 -3.1714 -2.4983
v  0.6549 -3.5129 -2.1198
v  0.9810 -3.8244 -1.7488
v  1.1225 -3.9546 -1.5827
v  1.2854 -4.1018 -1.3888
v  1.2962 -4.1068 -1.3740
v  0.2546 -3.1728 -2.4800
v  0.2552 -3.1109 -2.4172
v  0.2549 -3.1765 -2.4828
v  0.2562 -3.1810 -2.4840
v  0.2581 -3.1853 -2.4833
v  0.2601 -3.1886 -2.4812
v  0.2628 -3.1920 -2.4775
v  0.5551 -3.5554 -2.0768
v  0.8323 -3.8879 -1.6848
v  0.9526 -4.0271 -1.5096
v  1.0911 -4.1847 -1.3052
v  1.0993 -4.1908 -1.2893
v  0.2052 -3.1894 -2.4632
v  0.2058 -3.1275 -2.4004
v  0.2056 -3.1931 -2.4659
v  0.2066 -3.1977 -2.4670
v  0.2081 -3.2021 -2.4663
v  0.2098 -3.2056 -2.4640
v  0.2119 -3.2091 -2.4602
v  0.4499 -3.5909 -2.0410
v  0.6755 -3.9406 -1.6314
v  0.7735 -4.0874 -1.4485
v  0.8862 -4.2537 -1.2354
v  0.8943 -4.2597 -1.2191
v  0.1538 -3.2025 -2.4499
v  0.1543 -3.1406 -2.3871
v  0.1541 -3.2062 -2.4526
v  0.1548 -3.2108 -2.4537
v  0.1560 -3.2154 -2.4528
v  0.1573 -3.2189 -2.4505
v  0.1589 -3.2226 -2.4465
v  0.3402 -3.6188 -2.0126
v  0.5121 -3.9823 -1.5891
v  0.5868 -4.1350 -1.4002
v  0.6727 -4.3081 -1.1801
v  0.6771 -4.3150 -1.1627
v  0.1009 -3.2119 -2.4403
v  0.1013 -3.1501 -2.3774
v  0.1010 -3.2157 -2.4429
v  0.1015 -3.2204 -2.4439
v  0.1023 -3.2250 -2.4430
v  0.1032 -3.2286 -2.4406
v  0.1043 -3.2324 -2.4365
v  0.2272 -3.6390 -1.9919
v  0.3437 -4.0124 -1.5583
v  0.3943 -4.1695 -1.3650
v  0.4526 -4.3474 -1.1398
v  0.4559 -4.3547 -1.1226
v  0.0468 -3.2177 -2.4343
v  0.0471 -3.1559 -2.3714
v  0.0469 -3.2215 -2.4369
v  0.0471 -3.2262 -2.4379
v  0.0475 -3.2309 -2.4370
v  0.0480 -3.2345 -2.4345
v  0.0486 -3.2383 -2.4303
v  0.1119 -3.6513 -1.9792
v  0.1719 -4.0307 -1.5393
v  0.1980 -4.1904 -1.3434
v  0.2280 -4.3714 -1.1151
v  0.2304 -4.3790 -1.0978
v  -0.0078 -3.2235 -2.4347
v  -0.0078 -3.2282 -2.4357
v  -0.0017 -4.0370 -1.5323
v  -0.0004 -4.1975 -1.3354
v  0.0011 -4.3796 -1.1060
v  0.2091 -0.8666 -4.1703
v  0.4369 -0.8908 -4.1470
v  0.6604 -0.9300 -4.1087
v  0.8775 -0.9845 -4.0551
v  1.0860 -1.0538 -3.9866
v  1.2839 -1.1371 -3.9040
v  1.4694 -1.2338 -3.8081
v  1.6407 -1.3428 -3.6997
v  1.7961 -1.4631 -3.5800
v  1.9341 -1.5936 -3.4500
v  2.0533 -1.7330 -3.3111
v  2.1528 -1.8800 -3.1645
v  2.2313 -2.0331 -3.0117
v  2.2884 -2.1908 -2.8542
v  2.3232 -2.3517 -2.6934
v  2.3357 -2.5142 -2.5309
v  2.3252 -2.6784 -2.3700
v  2.2876 -2.8356 -2.2094
v  2.2380 -2.9957 -2.0490
v  2.1611 -3.1490 -1.8956
v  2.0642 -3.2963 -1.7478
v  1.9468 -3.4360 -1.6076
v  1.8107 -3.5669 -1.4761
v  1.6569 -3.6877 -1.3547
v  1.4872 -3.7973 -1.2445
v  1.3030 -3.8945 -1.1466
v  1.1062 -3.9784 -1.0618
v  0.8987 -4.0483 -0.9911
v  0.6824 -4.1034 -0.9351
v  0.4594 -4.1433 -0.8944
v  0.2320 -4.1675 -0.8693
v  0.0022 -4.1759 -0.8600
v  0.1973 -1.1791 -4.3273
v  0.4151 -1.2016 -4.3054
v  0.6281 -1.2391 -4.2691
v  0.8350 -1.2911 -4.2179
v  1.0338 -1.3571 -4.1527
v  1.2225 -1.4366 -4.0740
v  1.3993 -1.5286 -3.9824
v  1.5626 -1.6326 -3.8792
v  1.7107 -1.7473 -3.7651
v  1.8422 -1.8717 -3.6412
v  1.9559 -2.0044 -3.5086
v  2.0507 -2.1446 -3.3691
v  2.1256 -2.2906 -3.2234
v  2.1799 -2.4409 -3.0733
v  2.2132 -2.5943 -2.9200
v  2.2250 -2.7491 -2.7651
v  2.2153 -2.9042 -2.6102
v  2.1842 -3.0576 -2.4566
v  2.1319 -3.2082 -2.3058
v  2.0590 -3.3543 -2.1594
v  1.9662 -3.4945 -2.0185
v  1.8544 -3.6279 -1.8850
v  1.7246 -3.7527 -1.7597
v  1.5780 -3.8678 -1.6440
v  1.4162 -3.9721 -1.5388
v  1.2407 -4.0649 -1.4456
v  1.0531 -4.1449 -1.3648
v  0.8553 -4.2116 -1.2974
v  0.6491 -4.2641 -1.2441
v  0.4366 -4.3020 -1.2051
v  0.2197 -4.3252 -1.1813
v  0.0007 -4.3332 -1.1725
v  0.0822 -1.1760 -4.3305
v  0.0875 -1.2897 -4.2380
v  0.0757 -1.2862 -4.2408
v  0.0692 -1.1755 -4.3309
v  -0.0202 -1.3354 -4.2009
v  0.0180 -1.3354 -4.2010
v  0.0183 -1.3439 -4.1940
v  0.0674 -1.1053 -4.3803
v  0.0878 -1.1060 -4.3798
v  0.0892 -1.0849 -4.3962
v  0.0706 -1.3251 -4.2093
v  0.0620 -1.3186 -4.2147
v  0.0526 -1.1846 -4.3431
v  0.0540 -1.1752 -4.3309
v  0.0569 -1.2907 -4.2475
v  0.0487 -1.3026 -4.2626
v  0.0551 -1.1163 -4.3934
v  0.0565 -1.1049 -4.3806
v  0.0427 -1.3160 -4.2436
v  0.0499 -1.3126 -4.2269
v  0.0184 -1.3252 -4.2302
v  0.0184 -1.3263 -4.2138
v  -0.0204 -1.3255 -4.2311
v  -0.0203 -1.3262 -4.2141
v  0.0552 -1.1212 -4.4298
v  0.0554 -1.1097 -4.4057
v  0.0482 -1.3170 -4.3292
v  0.0525 -1.2026 -4.3891
v  0.0479 -1.3295 -4.3777
v  0.0523 -1.2132 -4.4240
v  0.0548 -1.1389 -4.4491
v  0.0549 -1.1294 -4.4201
v  0.0484 -1.3225 -4.4302
v  0.0528 -1.2096 -4.4599
v  0.0549 -1.1403 -4.4763
v  0.0493 -1.3024 -4.4827
v  0.0526 -1.2023 -4.4955
v  0.0549 -1.1375 -4.5029
v  0.0522 -1.2438 -4.6305
v  0.0540 -1.1671 -4.5821
v  0.0554 -1.1292 -4.5088
v  0.0562 -1.1107 -4.5477
v  0.0562 -1.1430 -4.8799
v  0.0590 -1.0528 -4.8432
v  0.0608 -0.9894 -4.7963
v  0.0557 -1.1205 -4.5522
v  0.0498 -1.1317 -4.9107
v  0.0534 -1.0384 -4.8709
v  0.0555 -0.9719 -4.8239
v  0.0316 -1.1227 -4.9357
v  0.0024 -1.1165 -4.9526
v  0.0107 -1.0148 -4.9099
v  0.0373 -1.0251 -4.8935
v  0.0120 -0.9450 -4.8631
v  0.0389 -0.9562 -4.8466
v  0.0553 -0.9562 -4.8138
v  0.0382 -0.9401 -4.8360
v  0.0499 -1.0989 -4.4145
v  0.0553 -1.0992 -4.4143
v  0.0545 -1.1098 -4.4353
v  0.0486 -1.1091 -4.4355
v  0.0453 -1.0989 -4.4145
v  0.0465 -1.0879 -4.4008
v  0.0505 -1.0879 -4.4008
v  0.0476 -1.1157 -4.4623
v  0.0422 -1.1157 -4.4623
v  0.0437 -1.1091 -4.4355
v  0.0467 -1.1175 -4.4857
v  0.0407 -1.1175 -4.4856
v  0.0458 -1.1149 -4.5090
v  0.0394 -1.1149 -4.5090
v  0.0460 -1.1022 -4.5434
v  0.0384 -1.1023 -4.5434
v  0.0429 -0.9594 -4.7770
v  0.0348 -0.9594 -4.7770
v  0.0374 -0.9443 -4.7996
v  0.0299 -0.9443 -4.7996
v  0.0244 -0.9335 -4.8157
v  0.0185 -0.9334 -4.8159
v  0.0046 -0.9254 -4.8277
v  0.0016 -0.9277 -4.8243
v  0.0565 -1.0879 -4.4007
v  0.0543 -1.1172 -4.4623
v  0.0552 -1.1307 -4.4576
v  0.0538 -1.1193 -4.4862
v  0.0553 -1.1309 -4.4840
v  0.0534 -1.1169 -4.5096
v  0.0537 -1.1047 -4.5448
v  0.0555 -0.9637 -4.7797
v  0.0613 -0.9744 -4.7865
v  0.0501 -0.9469 -4.8059
v  0.0340 -0.9328 -4.8262
v  0.0095 -0.9229 -4.8408
v  0.0115 -0.9291 -4.8518
v  -0.0243 -0.9186 -4.8471
v  -0.0244 -0.9244 -4.8583
v  0.0190 -1.3459 -4.3221
v  -0.0209 -1.3463 -4.3233
v  0.0181 -1.3563 -4.3719
v  0.0175 -1.3514 -4.4385
v  -0.0215 -1.3513 -4.4389
v  0.0192 -1.3333 -4.4867
v  0.0215 -1.2721 -4.6410
v  0.0265 -1.1710 -4.8919
v  0.0398 -1.3368 -4.3235
v  0.0386 -1.3482 -4.3733
v  0.0396 -1.3434 -4.4340
v  0.0409 -1.3238 -4.4850
v  0.0432 -1.2634 -4.6386
v  0.0478 -1.1626 -4.8882
v  0.0210 -1.1624 -4.9130
v  0.0412 -1.1512 -4.9167
v  0.0105 -1.1567 -4.9269
v  0.0270 -1.1432 -4.9360
v  -0.0046 -1.1526 -4.9365
v  0.0006 -1.1366 -4.9519
v  0.0583 -1.0980 -4.3927
v  0.0865 -0.8622 -4.1743
v  -0.0208 -0.8612 -4.1749
v  -0.0220 -1.1155 -4.4620
v  -0.0221 -1.1177 -4.4853
v  -0.0222 -1.1148 -4.5086
v  -0.0240 -0.9444 -4.7993
v  -0.0242 -0.9334 -4.8157
v  -0.0242 -0.9255 -4.8274
v  0.0676 -1.0882 -4.4004
v  0.0668 -1.0963 -4.3941
v  0.0476 -0.8611 -4.1752
v  0.0647 -0.8614 -4.1750
v  -0.0677 -2.3708 -3.1561
v  -0.0679 -2.4337 -3.2179
v  -0.0679 -2.4363 -3.2217
v  -0.0133 -2.4343 -3.2239
v  -0.0682 -2.4373 -3.2264
v  -0.0133 -2.4353 -3.2286
v  -0.0687 -2.4363 -3.2311
v  -0.0133 -2.4343 -3.2333
v  -0.0691 -2.4339 -3.2347
v  -0.0133 -2.4318 -3.2370
v  -0.0697 -2.4297 -3.2385
v  -0.1328 -1.9783 -3.6513
v  -0.0163 -1.9741 -3.6560
v  -0.1926 -1.5383 -4.0305
v  -0.0190 -1.5320 -4.0375
v  -0.1218 -2.3765 -3.1501
v  -0.1219 -2.4394 -3.2120
v  -0.1221 -2.4421 -3.2158
v  -0.1226 -2.4431 -3.2204
v  -0.1234 -2.4422 -3.2250
v  -0.1243 -2.4397 -3.2286
v  -0.1255 -2.4356 -3.2324
v  -0.2481 -1.9906 -3.6386
v  -0.3644 -1.5566 -4.0116
v  -0.4149 -1.3631 -4.1684
v  -0.2185 -1.3422 -4.1913
v  -0.2483 -1.1138 -4.3709
v  -0.4730 -1.1375 -4.3461
v  -0.4764 -1.1203 -4.3526
v  -0.2511 -1.0969 -4.3780
v  -0.1749 -2.3860 -3.1404
v  -0.1749 -2.4489 -3.2023
v  -0.1751 -2.4515 -3.2061
v  -0.1759 -2.4526 -3.2107
v  -0.1771 -2.4518 -3.2152
v  -0.1784 -2.4494 -3.2187
v  -0.1801 -2.4454 -3.2224
v  -0.3612 -2.0108 -3.6179
v  -0.5329 -1.5867 -3.9808
v  -0.6074 -1.3975 -4.1332
v  -0.6931 -1.1770 -4.3060
v  -0.6981 -1.1606 -4.3126
v  -0.2263 -2.3991 -3.1271
v  -0.2263 -2.4620 -3.1890
v  -0.2266 -2.4647 -3.1927
v  -0.2276 -2.4658 -3.1973
v  -0.2292 -2.4650 -3.2017
v  -0.2309 -2.4628 -3.2052
v  -0.2331 -2.4589 -3.2087
v  -0.4709 -2.0388 -3.5896
v  -0.6962 -1.6283 -3.9385
v  -0.7941 -1.4451 -4.0849
v  -0.9067 -1.2314 -4.2507
v  -0.9133 -1.2154 -4.2570
v  -0.2757 -2.4158 -3.1103
v  -0.2756 -2.4786 -3.1722
v  -0.2760 -2.4813 -3.1759
v  -0.2773 -2.4825 -3.1804
v  -0.2792 -2.4819 -3.1847
v  -0.2813 -2.4797 -3.1880
v  -0.2840 -2.4760 -3.1913
v  -0.5761 -2.0742 -3.5537
v  -0.8530 -1.6811 -3.8851
v  -0.9732 -1.5055 -4.0239
v  -1.1116 -1.3004 -4.1809
v  -1.1198 -1.2842 -4.1861
v  -0.3225 -2.4357 -3.0901
v  -0.3224 -2.4985 -3.1520
v  -0.3228 -2.5013 -3.1558
v  -0.3243 -2.5026 -3.1601
v  -0.3266 -2.5021 -3.1643
v  -0.3290 -2.5001 -3.1674
v  -0.3322 -2.4966 -3.1706
v  -0.6759 -2.1168 -3.5107
v  -1.0017 -1.7445 -3.8211
v  -1.1431 -1.5779 -3.9507
v  -1.3059 -1.3833 -4.0972
v  -1.3155 -1.3684 -4.1024
v  -0.3664 -2.4589 -3.0668
v  -0.3661 -2.5216 -3.1288
v  -0.3666 -2.5244 -3.1324
v  -0.3683 -2.5258 -3.1367
v  -0.3709 -2.5255 -3.1407
v  -0.3737 -2.5237 -3.1437
v  -0.3773 -2.5204 -3.1466
v  -0.7693 -2.1661 -3.4611
v  -1.1408 -1.8180 -3.7471
v  -1.3021 -1.6618 -3.8662
v  -1.4877 -1.4792 -4.0005
v  -1.4987 -1.4650 -4.0050
v  -0.4067 -2.4849 -3.0406
v  -0.4065 -2.5477 -3.1026
v  -0.4070 -2.5505 -3.1062
v  -0.4089 -2.5520 -3.1104
v  -0.4118 -2.5519 -3.1142
v  -0.4149 -2.5503 -3.1169
v  -0.4189 -2.5473 -3.1196
v  -0.8553 -2.2216 -3.4052
v  -1.2690 -1.9007 -3.6638
v  -1.4486 -1.7564 -3.7711
v  -1.6553 -1.5874 -3.8917
v  -1.6676 -1.5740 -3.8955
v  -0.4433 -2.5137 -3.0117
v  -0.4430 -2.5764 -3.0737
v  -0.4436 -2.5792 -3.0773
v  -0.4457 -2.5809 -3.0813
v  -0.4488 -2.5810 -3.0850
v  -0.4522 -2.5796 -3.0875
v  -0.4566 -2.5769 -3.0898
v  -0.9333 -2.2829 -3.3437
v  -1.3851 -1.9920 -3.5721
v  -1.5813 -1.8607 -3.6663
v  -1.8071 -1.7067 -3.7719
v  -1.8205 -1.6942 -3.7747
v  -0.4757 -2.5448 -2.9804
v  -0.4753 -2.6075 -3.0425
v  -0.4760 -2.6104 -3.0461
v  -0.4782 -2.6122 -3.0499
v  -0.4816 -2.6125 -3.0533
v  -0.4852 -2.6114 -3.0556
v  -0.4900 -2.6090 -3.0576
v  -1.0023 -2.3492 -3.2770
v  -1.4880 -2.0908 -3.4728
v  -1.6988 -1.9737 -3.5528
v  -1.9415 -1.8359 -3.6421
v  -1.9562 -1.8244 -3.6431
v  -0.5036 -2.5781 -2.9471
v  -0.5032 -2.6407 -3.0092
v  -0.5040 -2.6436 -3.0127
v  -0.5063 -2.6456 -3.0164
v  -0.5099 -2.6461 -3.0195
v  -0.5137 -2.6453 -3.0215
v  -0.5187 -2.6432 -3.0232
v  -1.0618 -2.4201 -3.2059
v  -1.5767 -2.1964 -3.3669
v  -1.8001 -2.0943 -3.4318
v  -2.0573 -1.9738 -3.5036
v  -2.0726 -1.9635 -3.5040
v  -0.5268 -2.6131 -2.9120
v  -0.5264 -2.6757 -2.9741
v  -0.5271 -2.6787 -2.9776
v  -0.5296 -2.6808 -2.9811
v  -0.5333 -2.6816 -2.9840
v  -0.5373 -2.6810 -2.9857
v  -0.5426 -2.6793 -2.9871
v  -1.1112 -2.4948 -3.1311
v  -1.6502 -2.3076 -3.2554
v  -1.8842 -2.2214 -3.3043
v  -2.1534 -2.1193 -3.3579
v  -2.1699 -2.1106 -3.3565
v  -0.5450 -2.6496 -2.8754
v  -0.5445 -2.7121 -2.9376
v  -0.5453 -2.7151 -2.9410
v  -0.5479 -2.7175 -2.9443
v  -0.5517 -2.7185 -2.9470
v  -0.5559 -2.7182 -2.9484
v  -0.5613 -2.7169 -2.9494
v  -1.1499 -2.5725 -3.0532
v  -1.7080 -2.4235 -3.1393
v  -1.9502 -2.3537 -3.1717
v  -2.2289 -2.2707 -3.2062
v  -2.2460 -2.2633 -3.2033
v  -0.5581 -2.6872 -2.8378
v  -0.5576 -2.7496 -2.9000
v  -0.5584 -2.7527 -2.9034
v  -0.5610 -2.7552 -2.9065
v  -0.5649 -2.7565 -2.9089
v  -0.5692 -2.7565 -2.9101
v  -0.5747 -2.7556 -2.9106
v  -1.1777 -2.6526 -2.9730
v  -1.7494 -2.5428 -3.0199
v  -1.9975 -2.4901 -3.0352
v  -2.2830 -2.4266 -3.0501
v  -2.3002 -2.4193 -3.0473
v  -0.5658 -2.7255 -2.7994
v  -0.5653 -2.7879 -2.8617
v  -0.5661 -2.7910 -2.8650
v  -0.5688 -2.7937 -2.8680
v  -0.5728 -2.7953 -2.8701
v  -0.5771 -2.7956 -2.8710
v  -0.5827 -2.7950 -2.8711
v  -1.1943 -2.7342 -2.8913
v  -1.7740 -2.6644 -2.8981
v  -2.0257 -2.6290 -2.8961
v  -2.3153 -2.5856 -2.8910
v  -2.3327 -2.5803 -2.8864
v  -0.5682 -2.7642 -2.7607
v  -0.5677 -2.8265 -2.8231
v  -0.5686 -2.8297 -2.8263
v  -0.5712 -2.8326 -2.8291
v  -0.5752 -2.8344 -2.8310
v  -0.5796 -2.8350 -2.8315
v  -0.5852 -2.8349 -2.8313
v  -1.1995 -2.8166 -2.8088
v  -1.7817 -2.7872 -2.7753
v  -2.0344 -2.7693 -2.7558
v  -2.3253 -2.7461 -2.7305
v  -2.3430 -2.7411 -2.7245
v  -0.5653 -2.8028 -2.7221
v  -0.5648 -2.8651 -2.7845
v  -0.5656 -2.8684 -2.7877
v  -0.5682 -2.8714 -2.7903
v  -0.5722 -2.8736 -2.7918
v  -0.5766 -2.8745 -2.7921
v  -0.5822 -2.8747 -2.7915
v  -1.1932 -2.8990 -2.7264
v  -1.7723 -2.9099 -2.6526
v  -2.0237 -2.9096 -2.6155
v  -2.3131 -2.9065 -2.5701
v  -2.3303 -2.9037 -2.5626
v  -0.5570 -2.8411 -2.6838
v  -0.5565 -2.9034 -2.7463
v  -0.5573 -2.9067 -2.7494
v  -0.5599 -2.9099 -2.7518
v  -0.5638 -2.9123 -2.7531
v  -0.5681 -2.9135 -2.7531
v  -0.5736 -2.9141 -2.7521
v  -1.1755 -2.9806 -2.6449
v  -1.7460 -3.0315 -2.5311
v  -1.9936 -3.0485 -2.4767
v  -2.2786 -3.0653 -2.4113
v  -2.2955 -3.0632 -2.4032
v  -0.5434 -2.8786 -2.6463
v  -0.5429 -2.9409 -2.7088
v  -0.5437 -2.9442 -2.7119
v  -0.5463 -2.9476 -2.7142
v  -0.5501 -2.9503 -2.7152
v  -0.5543 -2.9518 -2.7148
v  -0.5597 -2.9528 -2.7135
v  -1.1466 -3.0606 -2.5650
v  -1.7029 -3.1506 -2.4121
v  -1.9444 -3.1847 -2.3407
v  -2.2223 -3.2211 -2.2558
v  -2.2391 -3.2194 -2.2472
v  -0.5247 -2.9151 -2.6100
v  -0.5243 -2.9772 -2.6725
v  -0.5250 -2.9807 -2.6755
v  -0.5275 -2.9842 -2.6776
v  -0.5312 -2.9872 -2.6784
v  -0.5352 -2.9890 -2.6778
v  -0.5404 -2.9903 -2.6760
v  -1.1067 -3.1382 -2.4876
v  -1.6436 -3.2663 -2.2967
v  -1.8766 -3.3168 -2.2088
v  -2.1448 -3.3723 -2.1049
v  -2.1611 -3.3714 -2.0953
v  -0.5011 -2.9500 -2.5751
v  -0.5006 -3.0121 -2.6377
v  -0.5014 -3.0156 -2.6407
v  -0.5037 -3.0193 -2.6426
v  -0.5072 -3.0226 -2.6431
v  -0.5111 -3.0246 -2.6422
v  -0.5160 -3.0263 -2.6401
v  -1.0563 -3.2127 -2.4133
v  -1.5685 -3.3773 -2.1860
v  -1.7908 -3.4437 -2.0823
v  -2.0466 -3.5173 -1.9602
v  -2.0609 -3.5195 -1.9481
v  -0.4727 -2.9832 -2.5420
v  -0.4723 -3.0453 -2.6047
v  -0.4730 -3.0488 -2.6076
v  -0.4752 -3.0527 -2.6094
v  -0.4785 -3.0561 -2.6096
v  -0.4821 -3.0584 -2.6085
v  -0.4868 -3.0605 -2.6061
v  -0.9958 -3.2834 -2.3428
v  -1.4784 -3.4826 -2.0810
v  -1.6878 -3.5640 -1.9624
v  -1.9288 -3.6550 -1.8231
v  -1.9419 -3.6584 -1.8098
v  -0.4399 -3.0143 -2.5111
v  -0.4395 -3.0763 -2.5738
v  -0.4402 -3.0799 -2.5767
v  -0.4422 -3.0839 -2.5783
v  -0.4453 -3.0875 -2.5783
v  -0.4486 -3.0901 -2.5770
v  -0.4530 -3.0925 -2.5742
v  -0.9259 -3.3496 -2.2769
v  -1.3741 -3.5811 -1.9829
v  -1.5687 -3.6766 -1.8502
v  -1.7926 -3.7838 -1.6948
v  -1.8054 -3.7875 -1.6812
v  -0.4029 -3.0429 -2.4826
v  -0.4026 -3.1049 -2.5454
v  -0.4032 -3.1085 -2.5482
v  -0.4051 -3.1126 -2.5497
v  -0.4079 -3.1165 -2.5495
v  -0.4109 -3.1193 -2.5479
v  -0.4149 -3.1220 -2.5449
v  -0.8471 -3.4106 -2.2162
v  -1.2568 -3.6720 -1.8924
v  -1.4346 -3.7805 -1.7469
v  -1.6392 -3.9026 -1.5766
v  -1.6498 -3.9080 -1.5614
v  -0.3621 -3.0688 -2.4568
v  -0.3619 -3.1308 -2.5196
v  -0.3624 -3.1344 -2.5224
v  -0.3641 -3.1387 -2.5238
v  -0.3666 -3.1428 -2.5234
v  -0.3694 -3.1457 -2.5216
v  -0.3729 -3.1487 -2.5183
v  -0.7603 -3.4658 -2.1613
v  -1.1274 -3.7544 -1.8106
v  -1.2867 -3.8746 -1.6533
v  -1.4701 -4.0101 -1.4695
v  -1.4788 -4.0164 -1.4532
v  -0.3180 -3.0918 -2.4340
v  -0.3178 -3.1537 -2.4968
v  -0.3183 -3.1574 -2.4996
v  -0.3198 -3.1618 -2.5008
v  -0.3220 -3.1660 -2.5003
v  -0.3243 -3.1692 -2.4983
v  -0.3275 -3.1724 -2.4948
v  -0.6662 -3.5149 -2.1126
v  -0.9873 -3.8274 -1.7381
v  -1.1266 -3.9580 -1.5705
v  -1.2870 -4.1057 -1.3749
v  -1.2957 -4.1117 -1.3590
v  -0.2709 -3.1117 -2.4144
v  -0.2708 -3.1735 -2.4772
v  -0.2712 -3.1773 -2.4799
v  -0.2724 -3.1818 -2.4811
v  -0.2743 -3.1861 -2.4804
v  -0.2763 -3.1894 -2.4783
v  -0.2790 -3.1928 -2.4746
v  -0.5658 -3.5571 -2.0707
v  -0.8377 -3.8904 -1.6757
v  -0.9557 -4.0300 -1.4992
v  -1.0915 -4.1880 -1.2933
v  -1.0991 -4.1943 -1.2770
v  -0.2213 -3.1281 -2.3981
v  -0.2212 -3.1900 -2.4609
v  -0.2216 -3.1938 -2.4636
v  -0.2226 -3.1983 -2.4647
v  -0.2241 -3.2028 -2.4640
v  -0.2257 -3.2062 -2.4617
v  -0.2279 -3.2098 -2.4578
v  -0.4601 -3.5922 -2.0360
v  -0.6802 -3.9427 -1.6240
v  -0.7757 -4.0898 -1.4401
v  -0.8857 -4.2563 -1.2258
v  -0.8957 -4.2613 -1.2093
v  -0.1696 -3.1411 -2.3853
v  -0.1697 -3.2030 -2.4482
v  -0.1699 -3.2067 -2.4508
v  -0.1707 -3.2113 -2.4519
v  -0.1718 -3.2159 -2.4510
v  -0.1730 -3.2194 -2.4487
v  -0.1747 -3.2231 -2.4446
v  -0.3500 -3.6199 -2.0088
v  -0.5163 -3.9838 -1.5835
v  -0.5884 -4.1368 -1.3938
v  -0.6714 -4.3101 -1.1728
v  -0.6755 -4.3178 -1.1562
v  -0.1165 -3.1504 -2.3762
v  -0.1166 -3.2123 -2.4391
v  -0.1167 -3.2161 -2.4417
v  -0.1172 -3.2207 -2.4427
v  -0.1180 -3.2254 -2.4418
v  -0.1188 -3.2290 -2.4394
v  -0.1199 -3.2327 -2.4353
v  -0.2367 -3.6397 -1.9894
v  -0.3474 -4.0135 -1.5545
v  -0.3955 -4.1706 -1.3608
v  -0.4507 -4.3487 -1.1349
v  -0.4541 -4.3561 -1.1176
v  -0.0622 -3.1560 -2.3708
v  -0.0624 -3.2179 -2.4337
v  -0.0625 -3.2217 -2.4363
v  -0.0628 -3.2263 -2.4373
v  -0.0631 -3.2310 -2.4364
v  -0.0635 -3.2347 -2.4339
v  -0.0641 -3.2385 -2.4297
v  -0.1212 -3.6517 -1.9779
v  -0.1754 -4.0312 -1.5374
v  -0.1988 -4.1910 -1.3412
v  -0.2258 -4.3721 -1.1126
v  -0.2275 -4.3797 -1.0952
v  -0.0078 -3.2329 -2.4347
v  -0.0077 -3.2403 -2.4281
v  0.0016 -4.3871 -1.0881
v  -0.4781 -0.8922 -4.1421
v  -0.2506 -0.8673 -4.1679
v  -0.7010 -0.9321 -4.1013
v  -0.9173 -0.9872 -4.0453
v  -1.1249 -1.0571 -3.9746
v  -1.3217 -1.1411 -3.8899
v  -1.5058 -1.2383 -3.7920
v  -1.6756 -1.3478 -3.6818
v  -1.8293 -1.4686 -3.5603
v  -1.9655 -1.5995 -3.4289
v  -2.0828 -1.7393 -3.2887
v  -2.1802 -1.8865 -3.1410
v  -2.2566 -2.0398 -2.9874
v  -2.3115 -2.1977 -2.8293
v  -2.3441 -2.3588 -2.6681
v  -2.3543 -2.5213 -2.5055
v  -2.3419 -2.6838 -2.3430
v  -2.3042 -2.8435 -2.1835
v  -2.2500 -3.0025 -2.0247
v  -2.1714 -3.1556 -1.8719
v  -2.0720 -3.3025 -1.7253
v  -1.9527 -3.4419 -1.5864
v  -1.8147 -3.5724 -1.4565
v  -1.6593 -3.6927 -1.3367
v  -1.4881 -3.8017 -1.2284
v  -1.3026 -3.8984 -1.1324
v  -1.1046 -3.9817 -1.0498
v  -0.8961 -4.0510 -0.9814
v  -0.6790 -4.1055 -0.9277
v  -0.4555 -4.1447 -0.8894
v  -0.2277 -4.1682 -0.8668
v  -0.4570 -1.2030 -4.3007
v  -0.2395 -1.1798 -4.3250
v  -0.6696 -1.2411 -4.2620
v  -0.8757 -1.2937 -4.2086
v  -1.0736 -1.3603 -4.1413
v  -1.2612 -1.4403 -4.0605
v  -1.4367 -1.5329 -3.9670
v  -1.5985 -1.6374 -3.8621
v  -1.7450 -1.7525 -3.7464
v  -1.8748 -1.8773 -3.6211
v  -1.9867 -2.0106 -3.4875
v  -2.0795 -2.1509 -3.3467
v  -2.1524 -2.2970 -3.2003
v  -2.2046 -2.4475 -3.0495
v  -2.2358 -2.6010 -2.8959
v  -2.2455 -2.7560 -2.7410
v  -2.2336 -2.9109 -2.5861
v  -2.2004 -3.0642 -2.4328
v  -2.1460 -3.2146 -2.2826
v  -2.0711 -3.3606 -2.1370
v  -1.9764 -3.5005 -1.9972
v  -1.8627 -3.6335 -1.8649
v  -1.7312 -3.7579 -1.7410
v  -1.5830 -3.8726 -1.6269
v  -1.4198 -3.9764 -1.5235
v  -1.2430 -4.0686 -1.4321
v  -1.0543 -4.1481 -1.3534
v  -0.8555 -4.2141 -1.2882
v  -0.6486 -4.2661 -1.2370
v  -0.4355 -4.3019 -1.1992
v  -0.2184 -4.3259 -1.1789
v  -0.1245 -1.1758 -4.3288
v  -0.1114 -1.1753 -4.3294
v  -0.1167 -1.2865 -4.2398
v  -0.1285 -1.2900 -4.2368
v  -0.0202 -1.3445 -4.1933
v  -0.0587 -1.3440 -4.1935
v  -0.0585 -1.3355 -4.2006
v  -0.1308 -1.1063 -4.3786
v  -0.1105 -1.1056 -4.3793
v  -0.1111 -1.3254 -4.2084
v  -0.1026 -1.3189 -4.2138
v  -0.0953 -1.1849 -4.3423
v  -0.0896 -1.3027 -4.2618
v  -0.0977 -1.2908 -4.2465
v  -0.0989 -1.1771 -4.3321
v  -0.0996 -1.1051 -4.3797
v  -0.0981 -1.1165 -4.3925
v  -0.0837 -1.3162 -4.2429
v  -0.0907 -1.3128 -4.2261
v  -0.0592 -1.3253 -4.2298
v  -0.0590 -1.3264 -4.2134
v  -0.0986 -1.1209 -4.4292
v  -0.0987 -1.1096 -4.4052
v  -0.0901 -1.3172 -4.3285
v  -0.0951 -1.2029 -4.3883
v  -0.0952 -1.2134 -4.4232
v  -0.0903 -1.3297 -4.3770
v  -0.0981 -1.1297 -4.4193
v  -0.0982 -1.1391 -4.4482
v  -0.0959 -1.2099 -4.4591
v  -0.0914 -1.3227 -4.4294
v  -0.0985 -1.1405 -4.4755
v  -0.0967 -1.2025 -4.4947
v  -0.0929 -1.3026 -4.4819
v  -0.0992 -1.1377 -4.5020
v  -0.0993 -1.1673 -4.5813
v  -0.0973 -1.2440 -4.6297
v  -0.0995 -1.1289 -4.5080
v  -0.1009 -1.1149 -4.5492
v  -0.1073 -1.0531 -4.8423
v  -0.1046 -1.1433 -4.8791
v  -0.1004 -1.1207 -4.5514
v  -0.1087 -0.9897 -4.7954
v  -0.1020 -1.0386 -4.8700
v  -0.0985 -1.1319 -4.9099
v  -0.1038 -0.9721 -4.8230
v  -0.0806 -1.1229 -4.9351
v  -0.0862 -1.0253 -4.8929
v  -0.0598 -1.0149 -4.9095
v  -0.0517 -1.1165 -4.9523
v  -0.0874 -0.9564 -4.8460
v  -0.0608 -0.9451 -4.8627
v  -0.0246 -1.0095 -4.9158
v  -0.0246 -1.1149 -4.9569
v  -0.0244 -0.9401 -4.8696
v  -0.1037 -0.9563 -4.8130
v  -0.0868 -0.9402 -4.8354
v  -0.0874 -1.1093 -4.4348
v  -0.0982 -1.1100 -4.4345
v  -0.0983 -1.0992 -4.4137
v  -0.0899 -1.0880 -4.4000
v  -0.0888 -1.0991 -4.4138
v  -0.0861 -1.1166 -4.4614
v  -0.0849 -1.1186 -4.4850
v  -0.0924 -1.1161 -4.5085
v  -0.0838 -1.1161 -4.5085
v  -0.0919 -1.1024 -4.5427
v  -0.0832 -1.1024 -4.5427
v  -0.0910 -0.9585 -4.7756
v  -0.0826 -0.9585 -4.7756
v  -0.0855 -0.9445 -4.7989
v  -0.0780 -0.9444 -4.7990
v  -0.0727 -0.9336 -4.8152
v  -0.0668 -0.9335 -4.8154
v  -0.0530 -0.9255 -4.8274
v  -0.0501 -0.9277 -4.8240
v  -0.0976 -1.1180 -4.4614
v  -0.0987 -1.1301 -4.4572
v  -0.0973 -1.1202 -4.4854
v  -0.0990 -1.1308 -4.4833
v  -0.0971 -1.1178 -4.5089
v  -0.0985 -1.1050 -4.5439
v  -0.1042 -0.9633 -4.7785
v  -0.1095 -0.9746 -4.7856
v  -0.0990 -0.9463 -4.8049
v  -0.0824 -0.9330 -4.8256
v  -0.0581 -0.9230 -4.8404
v  -0.0602 -0.9292 -4.8514
v  -0.0243 -0.9215 -4.8335
v  -0.0607 -1.3461 -4.3217
v  -0.0603 -1.3564 -4.3714
v  -0.0211 -1.3565 -4.3725
v  -0.0604 -1.3514 -4.4380
v  -0.0627 -1.3334 -4.4863
v  -0.0218 -1.3331 -4.4872
v  -0.0669 -1.2723 -4.6406
v  -0.0227 -1.2720 -4.6414
v  -0.0749 -1.1712 -4.8914
v  -0.0242 -1.1711 -4.8918
v  -0.0815 -1.3370 -4.3228
v  -0.0809 -1.3484 -4.3727
v  -0.0826 -1.3436 -4.4333
v  -0.0845 -1.3240 -4.4843
v  -0.0886 -1.2636 -4.6378
v  -0.0962 -1.1629 -4.8874
v  -0.0900 -1.1514 -4.9159
v  -0.0697 -1.1625 -4.9125
v  -0.0760 -1.1434 -4.9354
v  -0.0593 -1.1568 -4.9265
v  -0.0498 -1.1367 -4.9516
v  -0.0443 -1.1527 -4.9363
v  -0.0246 -1.1349 -4.9560
v  -0.0245 -1.1514 -4.9395
v  -0.0243 -1.1640 -4.9091
v  -0.0244 -1.1566 -4.9270
v  -0.1107 -1.0974 -4.3925
v  -0.0994 -1.0986 -4.3921
v  -0.1328 -1.0854 -4.3949
v  -0.1280 -0.8625 -4.1731
v  -0.0892 -0.8613 -4.1745
v  -0.0217 -1.0986 -4.4143
v  -0.0218 -1.1083 -4.4355
v  -0.0217 -1.0870 -4.4016
v  -0.0224 -1.1026 -4.5432
v  -0.0239 -0.9595 -4.7766
v  -0.1001 -1.0898 -4.3987
v  -0.1107 -1.0884 -4.3994
v  -0.1063 -0.8617 -4.1740
v  -0.0065 -3.4064 -2.2466
v  -0.0145 -2.2462 -3.4069
v  0.0410 -2.2481 -3.4053
v  0.2926 -2.2778 -3.3757
v  0.3922 -2.3166 -3.3377
v  0.5767 -2.4219 -3.2335
v  0.6211 -2.4574 -3.1982
v  0.6644 -2.4965 -3.1593
v  0.7734 -2.6568 -2.9994
v  0.7933 -2.7120 -2.9443
v  0.8053 -2.7375 -2.9188
v  0.7970 -2.9038 -2.7525
v  0.7949 -2.9383 -2.7179
v  0.7757 -2.9935 -2.6626
v  0.6660 -3.1570 -2.4987
v  0.6262 -3.1934 -2.4622
v  0.5839 -3.2266 -2.4287
v  0.4099 -3.3245 -2.3302
v  0.3797 -3.3374 -2.3172
v  0.3071 -3.3618 -2.2925
v  0.0739 -3.4035 -2.2499
v  -0.0794 -2.2486 -3.4043
v  -0.3282 -2.2909 -3.3610
v  -0.4008 -2.3153 -3.3363
v  -0.4234 -2.3250 -3.3266
v  -0.6092 -2.4294 -3.2214
v  -0.6473 -2.4593 -3.1913
v  -0.6949 -2.5051 -3.1454
v  -0.7968 -2.6591 -2.9909
v  -0.8159 -2.7144 -2.9356
v  -0.8229 -2.7487 -2.9012
v  -0.8218 -2.9066 -2.7434
v  -0.8144 -2.9407 -2.7092
v  -0.7944 -2.9959 -2.6541
v  -0.6870 -3.1529 -2.4975
v  -0.6421 -3.1953 -2.4553
v  -0.6064 -3.2230 -2.4278
v  -0.4229 -3.3262 -2.3252
v  -0.3937 -3.3385 -2.3130
v  -0.3173 -3.3571 -2.2953
v  -0.0733 -3.4042 -2.2486
v  -0.0150 -2.1796 -3.4679
v  -0.1253 -2.1850 -3.4620
v  -0.1972 -2.1755 -3.4698
v  -0.2820 -2.2008 -3.4450
v  -0.3223 -2.2370 -3.4107
v  -0.4438 -2.2562 -3.3896
v  -0.5216 -2.2873 -3.3581
v  -0.6089 -2.3111 -3.3324
v  -0.6576 -2.3691 -3.2758
v  -0.7173 -2.4161 -3.2287
v  -0.7572 -2.4911 -3.1552
v  -0.8304 -2.5152 -3.1281
v  -0.8721 -2.5724 -3.0705
v  -0.8566 -2.6235 -3.0218
v  -0.9046 -2.6992 -2.9447
v  -0.9173 -2.7618 -2.8821
v  -0.9370 -2.8244 -2.8184
v  -0.9164 -2.8880 -2.7559
v  -0.9028 -2.9505 -2.6935
v  -0.8602 -3.0331 -2.6116
v  -0.8502 -3.0712 -2.5729
v  -0.8116 -3.1283 -2.5160
v  -0.7515 -3.1635 -2.4826
v  -0.7117 -3.2331 -2.4116
v  -0.6327 -3.2788 -2.3670
v  -0.6011 -3.3355 -2.3080
v  -0.5080 -3.3617 -2.2838
v  -0.4359 -3.3921 -2.2537
v  -0.3152 -3.4124 -2.2352
v  -0.2750 -3.4501 -2.1953
v  -0.1856 -3.4615 -2.1847
v  -0.1099 -3.4549 -2.1928
v  -0.0061 -3.4675 -2.1800
v  0.0870 -2.1951 -3.4537
v  0.1667 -2.1769 -3.4700
v  0.2523 -2.2003 -3.4477
v  0.2954 -2.2428 -3.4079
v  0.4361 -2.2923 -3.3570
v  0.5149 -2.2865 -3.3630
v  0.5638 -2.3249 -3.3249
v  0.6132 -2.3678 -3.2822
v  0.6906 -2.4139 -3.2363
v  0.7351 -2.4795 -3.1709
v  0.8119 -2.5099 -3.1393
v  0.8292 -2.5758 -3.0749
v  0.8449 -2.6065 -3.0444
v  0.8818 -2.6965 -2.9544
v  0.8954 -2.7590 -2.8920
v  0.9300 -2.8221 -2.8290
v  0.8962 -2.8853 -2.7657
v  0.8836 -2.9478 -2.7031
v  0.8350 -3.0222 -2.6285
v  0.8326 -3.0687 -2.5821
v  0.8183 -3.1330 -2.5177
v  0.7463 -3.1595 -2.4909
v  0.6963 -3.2310 -2.4192
v  0.6243 -3.2698 -2.3812
v  0.5835 -3.3307 -2.3178
v  0.4991 -3.3582 -2.2912
v  0.4227 -3.3908 -2.2583
v  0.2932 -3.4172 -2.2325
v  0.2464 -3.4517 -2.1958
v  0.1755 -3.4680 -2.1789
v  0.0939 -3.4538 -2.1949
v  -0.0069 -3.3516 -2.3065
v  0.0583 -2.3085 -3.3500
v  0.1234 -2.3419 -3.3191
v  0.1918 -2.3503 -3.3106
v  0.2605 -2.3221 -3.3355
v  0.3665 -2.3688 -3.2900
v  0.3813 -2.4115 -3.2500
v  0.4316 -2.4462 -3.2161
v  0.5097 -2.4584 -3.2018
v  0.5587 -2.4964 -3.1640
v  0.6078 -2.5393 -3.1213
v  0.6060 -2.5955 -3.0675
v  0.6362 -2.6393 -3.0238
v  0.6977 -2.6680 -2.9930
v  0.7139 -2.7258 -2.9352
v  0.7158 -2.7688 -2.8922
v  0.6851 -2.8278 -2.8331
v  0.7188 -2.8819 -2.7791
v  0.7153 -2.9298 -2.7312
v  0.6988 -2.9870 -2.6739
v  0.6386 -3.0183 -2.6424
v  0.6072 -3.0671 -2.5935
v  0.6062 -3.1184 -2.5422
v  0.5632 -3.1596 -2.5007
v  0.5148 -3.1977 -2.4625
v  0.4349 -3.2110 -2.4515
v  0.3832 -3.2714 -2.3882
v  0.3412 -3.2894 -2.3701
v  0.2657 -3.3235 -2.3349
v  0.1988 -3.3097 -2.3511
v  0.1292 -3.3146 -2.3465
v  0.0655 -3.3490 -2.3094
v  -0.0142 -2.3061 -3.3521
v  -0.0866 -2.3087 -3.3492
v  -0.1511 -2.3427 -3.3172
v  -0.2171 -2.3565 -3.3033
v  -0.2762 -2.3411 -3.3161
v  -0.3623 -2.3684 -3.2885
v  -0.4040 -2.4118 -3.2467
v  -0.4584 -2.4471 -3.2116
v  -0.5359 -2.4600 -3.1961
v  -0.5843 -2.4981 -3.1578
v  -0.6273 -2.5394 -3.1164
v  -0.6261 -2.5991 -3.0594
v  -0.6545 -2.6430 -3.0154
v  -0.7144 -2.6688 -2.9866
v  -0.7364 -2.7280 -2.9273
v  -0.7337 -2.7800 -2.8761
v  -0.7111 -2.8311 -2.8267
v  -0.7459 -2.8812 -2.7741
v  -0.7349 -2.9319 -2.7234
v  -0.7384 -2.9856 -2.6683
v  -0.6596 -3.0214 -2.6364
v  -0.6287 -3.0652 -2.5928
v  -0.6232 -3.1202 -2.5355
v  -0.5797 -3.1614 -2.4945
v  -0.5375 -3.1940 -2.4620
v  -0.4441 -3.2070 -2.4527
v  -0.3943 -3.2785 -2.3777
v  -0.3558 -3.2904 -2.3663
v  -0.2767 -3.3254 -2.3308
v  -0.2140 -3.3122 -2.3468
v  -0.1451 -3.3205 -2.3391
v  -0.0794 -3.3492 -2.3086
v  -0.0072 -3.3077 -2.3545
v  0.0523 -2.3563 -3.3062
v  0.1178 -2.3631 -3.2997
v  0.1820 -2.3743 -3.2887
v  0.2445 -2.3900 -3.2732
v  0.3044 -2.4099 -3.2535
v  0.3613 -2.4339 -3.2298
v  0.4147 -2.4617 -3.2022
v  0.4639 -2.4930 -3.1711
v  0.5086 -2.5276 -3.1366
v  0.5483 -2.5652 -3.0993
v  0.5826 -2.6053 -3.0593
v  0.6112 -2.6475 -3.0172
v  0.6338 -2.6915 -2.9732
v  0.6501 -2.7369 -2.9279
v  0.6602 -2.7832 -2.8817
v  0.6637 -2.8299 -2.8350
v  0.6608 -2.8766 -2.7882
v  0.6514 -2.9229 -2.7419
v  0.6357 -2.9683 -2.6964
v  0.6137 -3.0124 -2.6522
v  0.5857 -3.0548 -2.6098
v  0.5519 -3.0949 -2.5695
v  0.5128 -3.1326 -2.5317
v  0.4686 -3.1673 -2.4967
v  0.4198 -3.1988 -2.4651
v  0.3668 -3.2268 -2.4369
v  0.3102 -3.2509 -2.4125
v  0.2505 -3.2710 -2.3922
v  0.1883 -3.2868 -2.3761
v  0.1242 -3.2983 -2.3644
v  0.0588 -3.3053 -2.3572
v  -0.0138 -2.3541 -3.3081
v  -0.0799 -2.3565 -3.3055
v  -0.1453 -2.3635 -3.2983
v  -0.2095 -2.3749 -3.2865
v  -0.2716 -2.3908 -3.2704
v  -0.3313 -2.4109 -3.2501
v  -0.3879 -2.4350 -3.2257
v  -0.4409 -2.4630 -3.1976
v  -0.4897 -2.4945 -3.1659
v  -0.5339 -2.5292 -3.1310
v  -0.5730 -2.5669 -3.0932
v  -0.6068 -2.6070 -3.0529
v  -0.6348 -2.6494 -3.0104
v  -0.6568 -2.6935 -2.9662
v  -0.6725 -2.7389 -2.9207
v  -0.6819 -2.7852 -2.8744
v  -0.6848 -2.8319 -2.8277
v  -0.6813 -2.8786 -2.7809
v  -0.6712 -2.9249 -2.7347
v  -0.6548 -2.9703 -2.6894
v  -0.6322 -3.0143 -2.6455
v  -0.6036 -3.0565 -2.6033
v  -0.5693 -3.0966 -2.5634
v  -0.5297 -3.1341 -2.5260
v  -0.4850 -3.1688 -2.4916
v  -0.4357 -3.2001 -2.4604
v  -0.3824 -3.2279 -2.4328
v  -0.3255 -3.2519 -2.4091
v  -0.2655 -3.2718 -2.3894
v  -0.2031 -3.2874 -2.3740
v  -0.1388 -3.2987 -2.3630
v  -0.0733 -3.3055 -2.3565
v  -0.0103 -2.7633 -2.7638
v  0.2094 -1.0792 -4.3796
v  0.4370 -1.1034 -4.3574
v  0.6600 -1.1426 -4.3190
v  0.8757 -1.1968 -4.2657
v  1.0848 -1.2659 -4.1969
v  1.2819 -1.3490 -4.1150
v  1.4672 -1.4454 -4.0192
v  1.6381 -1.5540 -3.9113
v  1.7937 -1.6744 -3.7916
v  1.9339 -1.8071 -3.6591
v  2.0514 -1.9451 -3.5219
v  2.1512 -2.0923 -3.3748
v  2.2295 -2.2449 -3.2225
v  2.2922 -2.4014 -3.0667
v  2.3277 -2.5658 -2.9021
v  2.3341 -2.7264 -2.7414
v  2.3240 -2.8876 -2.5797
v  2.2913 -3.0488 -2.4188
v  2.2364 -3.2071 -2.2606
v  2.1585 -3.3627 -2.1042
v  2.0642 -3.5056 -1.9613
v  1.9444 -3.6486 -1.8180
v  1.8092 -3.7782 -1.6872
v  1.6585 -3.8970 -1.5681
v  1.4871 -4.0070 -1.4557
v  1.3035 -4.1048 -1.3592
v  1.1046 -4.1896 -1.2735
v  0.9000 -4.2582 -1.2032
v  0.6798 -4.3140 -1.1458
v  0.4581 -4.3543 -1.1061
v  0.2322 -4.3788 -1.0811
v  -0.0216 -1.0646 -4.3796
v  0.0890 -1.0854 -4.3970
v  0.0468 -1.0761 -4.3894
v  0.0681 -1.0853 -4.3979
v  -0.4786 -1.1036 -4.3515
v  -0.2531 -1.0805 -4.3775
v  -0.7014 -1.1446 -4.3119
v  -0.9176 -1.1997 -4.2560
v  -1.1251 -1.2680 -4.1839
v  -1.3218 -1.3534 -4.1007
v  -1.5059 -1.4505 -4.0029
v  -1.6756 -1.5600 -3.8928
v  -1.8293 -1.6808 -3.7715
v  -1.9659 -1.8117 -3.6383
v  -2.0828 -1.9516 -3.4991
v  -2.1808 -2.0999 -3.3501
v  -2.2574 -2.2536 -3.1956
v  -2.3114 -2.4092 -3.0401
v  -2.3443 -2.5719 -2.8780
v  -2.3544 -2.7324 -2.7149
v  -2.3416 -2.8968 -2.5520
v  -2.3065 -3.0565 -2.3924
v  -2.2501 -3.2128 -2.2363
v  -2.1719 -3.3654 -2.0838
v  -2.0700 -3.5161 -1.9346
v  -1.9501 -3.6559 -1.7954
v  -1.8136 -3.7850 -1.6668
v  -1.6561 -3.9067 -1.5458
v  -1.4836 -4.0155 -1.4366
v  -1.3011 -4.1106 -1.3431
v  -1.1039 -4.1932 -1.2608
v  -0.9031 -4.2584 -1.1932
v  -0.6780 -4.3180 -1.1401
v  -0.4562 -4.3556 -1.1008
v  -0.2286 -4.3796 -1.0785
v  0.0021 -4.3866 -1.0710
v  -0.1105 -1.0747 -4.3865
v  -0.0903 -1.0656 -4.3782
v  -0.1318 -1.0751 -4.3855
v  -0.0209 -0.0033 -3.7741
v  -0.0209 0.0045 -3.7734
v  -0.0210 0.0194 -3.7786
v  -0.0212 0.0400 -3.7992
v  -0.0214 0.0381 -3.8280
v  -0.0252 -0.8584 -4.6937
v  -0.0241 -0.9870 -4.6010
v  -0.0236 -0.9994 -4.5411
v  -0.0227 -1.0548 -4.4398
v  -0.0225 -1.0685 -4.4198
v  0.1779 -0.0139 -3.7758
v  0.1780 -0.0074 -3.7711
v  0.1783 0.0004 -3.7692
v  0.1788 0.0082 -3.7706
v  0.1793 0.0153 -3.7753
v  0.1813 0.0359 -3.7959
v  0.1822 0.0411 -3.8109
v  0.1825 0.0341 -3.8248
v  0.1772 -0.8624 -4.6907
v  0.1763 -0.8903 -4.7020
v  0.1744 -0.9182 -4.6907
v  0.1687 -0.9784 -4.6304
v  0.1676 -0.9879 -4.6156
v  0.1666 -0.9909 -4.5979
v  0.1633 -1.0033 -4.5380
v  0.1596 -1.0266 -4.4835
v  0.1559 -1.0585 -4.4369
v  0.1549 -1.0687 -4.4253
v  0.1544 -1.0721 -4.4169
v  0.1541 -1.0687 -4.4085
v  0.4378 -0.0357 -3.7551
v  0.4381 -0.0293 -3.7504
v  0.4388 -0.0217 -3.7485
v  0.4398 -0.0140 -3.7497
v  0.4412 -0.0069 -3.7543
v  0.4460 0.0134 -3.7747
v  0.4484 0.0187 -3.7895
v  0.4491 0.0118 -3.8036
v  0.4417 -0.8847 -4.6695
v  0.4395 -0.9126 -4.6800
v  0.4350 -0.9395 -4.6686
v  0.4210 -0.9998 -4.6101
v  0.4182 -1.0091 -4.5955
v  0.4158 -1.0120 -4.5779
v  0.4075 -1.0240 -4.5184
v  0.3985 -1.0469 -4.4643
v  0.3893 -1.0782 -4.4182
v  0.3868 -1.0883 -4.4066
v  0.3854 -1.0917 -4.3984
v  0.3849 -1.0882 -4.3900
v  0.6936 -0.0755 -3.7165
v  0.6939 -0.0692 -3.7118
v  0.6950 -0.0617 -3.7098
v  0.6967 -0.0541 -3.7109
v  0.6988 -0.0471 -3.7152
v  0.7064 -0.0272 -3.7352
v  0.7102 -0.0220 -3.7498
v  0.7115 -0.0290 -3.7639
v  0.7019 -0.9252 -4.6303
v  0.6986 -0.9530 -4.6409
v  0.6913 -0.9795 -4.6297
v  0.6692 -1.0375 -4.5716
v  0.6649 -1.0464 -4.5576
v  0.6611 -1.0490 -4.5405
v  0.6478 -1.0602 -4.4815
v  0.6334 -1.0835 -4.4287
v  0.6189 -1.1141 -4.3833
v  0.6149 -1.1239 -4.3720
v  0.6127 -1.1272 -4.3639
v  0.6118 -1.1237 -4.3555
v  0.9426 -0.1329 -3.6602
v  0.9431 -0.1266 -3.6555
v  0.9445 -0.1193 -3.6535
v  0.9468 -0.1118 -3.6543
v  0.9497 -0.1050 -3.6585
v  0.9600 -0.0857 -3.6778
v  0.9652 -0.0807 -3.6921
v  0.9670 -0.0878 -3.7062
v  0.9554 -0.9836 -4.5730
v  0.9508 -1.0112 -4.5839
v  0.9410 -1.0371 -4.5733
v  0.9109 -1.0933 -4.5170
v  0.9050 -1.1017 -4.5032
v  0.8999 -1.1040 -4.4864
v  0.8819 -1.1141 -4.4286
v  0.8622 -1.1363 -4.3769
v  0.8425 -1.1656 -4.3328
v  0.8371 -1.1752 -4.3218
v  0.8341 -1.1783 -4.3138
v  0.8329 -1.1747 -4.3055
v  1.1826 -0.2072 -3.5869
v  1.1832 -0.2010 -3.5822
v  1.1849 -0.1938 -3.5800
v  1.1877 -0.1866 -3.5807
v  1.1914 -0.1800 -3.5846
v  1.2044 -0.1615 -3.6031
v  1.2108 -0.1568 -3.6170
v  1.2131 -0.1641 -3.6310
v  1.1996 -1.0593 -4.4984
v  1.1939 -1.0866 -4.5097
v  1.1815 -1.1117 -4.4997
v  1.1438 -1.1655 -4.4458
v  1.1364 -1.1735 -4.4325
v  1.1300 -1.1754 -4.4161
v  1.1073 -1.1840 -4.3596
v  1.0828 -1.2035 -4.3088
v  1.0580 -1.2325 -4.2669
v  1.0511 -1.2416 -4.2563
v  1.0474 -1.2444 -4.2486
v  1.0458 -1.2407 -4.2404
v  1.4112 -0.2979 -3.4973
v  1.4118 -0.2917 -3.4925
v  1.4139 -0.2847 -3.4902
v  1.4173 -0.2776 -3.4907
v  1.4216 -0.2713 -3.4943
v  1.4371 -0.2538 -3.5118
v  1.4448 -0.2496 -3.5252
v  1.4476 -0.2571 -3.5390
v  1.4321 -1.1516 -4.4072
v  1.4253 -1.1784 -4.4189
v  1.4107 -1.2026 -4.4099
v  1.3656 -1.2535 -4.3587
v  1.3568 -1.2609 -4.3460
v  1.3492 -1.2623 -4.3301
v  1.3217 -1.2705 -4.2759
v  1.2926 -1.2880 -4.2272
v  1.2632 -1.3139 -4.1864
v  1.2550 -1.3224 -4.1763
v  1.2506 -1.3250 -4.1689
v  1.2487 -1.3212 -4.1608
v  1.6262 -0.4039 -3.3922
v  1.6269 -0.3978 -3.3874
v  1.6293 -0.3909 -3.3849
v  1.6332 -0.3841 -3.3852
v  1.6382 -0.3781 -3.3884
v  1.6560 -0.3618 -3.4048
v  1.6649 -0.3582 -3.4176
v  1.6681 -0.3658 -3.4312
v  1.6509 -1.2595 -4.3003
v  1.6431 -1.2858 -4.3124
v  1.6261 -1.3089 -4.3045
v  1.5742 -1.3573 -4.2575
v  1.5637 -1.3642 -4.2452
v  1.5548 -1.3652 -4.2297
v  1.5236 -1.3701 -4.1772
v  1.4900 -1.3854 -4.1306
v  1.4562 -1.4091 -4.0920
v  1.4467 -1.4170 -4.0826
v  1.4416 -1.4193 -4.0755
v  1.4395 -1.4153 -4.0675
v  1.8255 -0.5243 -3.2727
v  1.8263 -0.5182 -3.2679
v  1.8290 -0.5116 -3.2653
v  1.8333 -0.5050 -3.2652
v  1.8389 -0.4994 -3.2680
v  1.8589 -0.4844 -3.2831
v  1.8690 -0.4814 -3.2952
v  1.8726 -0.4893 -3.3086
v  1.8537 -1.3820 -4.1787
v  1.8449 -1.4078 -4.1914
v  1.8259 -1.4296 -4.1847
v  1.7677 -1.4733 -4.1407
v  1.7562 -1.4792 -4.1294
v  1.7464 -1.4794 -4.1147
v  1.7113 -1.4819 -4.0643
v  1.6734 -1.4948 -4.0200
v  1.6352 -1.5161 -3.9839
v  1.6247 -1.5233 -3.9752
v  1.6188 -1.5261 -3.9692
v  1.6164 -1.5222 -3.9615
v  2.0073 -0.6579 -3.1400
v  2.0082 -0.6519 -3.1351
v  2.0112 -0.6454 -3.1323
v  2.0158 -0.6392 -3.1318
v  2.0220 -0.6340 -3.1342
v  2.0439 -0.6205 -3.1478
v  2.0551 -0.6181 -3.1592
v  2.0591 -0.6263 -3.1724
v  2.0387 -1.5179 -4.0436
v  2.0290 -1.5431 -4.0570
v  2.0081 -1.5635 -4.0516
v  1.9440 -1.6029 -4.0119
v  1.9315 -1.6080 -4.0013
v  1.9206 -1.6074 -3.9874
v  1.8821 -1.6074 -3.9395
v  1.8404 -1.6175 -3.8980
v  1.7983 -1.6371 -3.8655
v  1.7866 -1.6436 -3.8575
v  1.7803 -1.6450 -3.8512
v  1.7776 -1.6407 -3.8436
v  2.1698 -0.8033 -2.9953
v  2.1708 -0.7974 -2.9904
v  2.1739 -0.7912 -2.9873
v  2.1789 -0.7854 -2.9865
v  2.1855 -0.7806 -2.9884
v  2.2093 -0.7686 -3.0004
v  2.2214 -0.7669 -3.0110
v  2.2258 -0.7754 -3.0239
v  2.2041 -1.6659 -3.8964
v  2.1935 -1.6905 -3.9104
v  2.1708 -1.7094 -3.9064
v  2.1016 -1.7442 -3.8713
v  2.0881 -1.7482 -3.8617
v  2.0764 -1.7468 -3.8485
v  2.0347 -1.7440 -3.8034
v  1.9892 -1.7524 -3.7658
v  1.9440 -1.7677 -3.7355
v  1.9314 -1.7734 -3.7284
v  1.9246 -1.7744 -3.7225
v  1.9217 -1.7699 -3.7151
v  2.3115 -0.9593 -2.8400
v  2.3125 -0.9535 -2.8351
v  2.3158 -0.9476 -2.8318
v  2.3210 -0.9421 -2.8305
v  2.3280 -0.9377 -2.8319
v  2.3533 -0.9275 -2.8422
v  2.3663 -0.9265 -2.8518
v  2.3711 -0.9354 -2.8646
v  2.3482 -1.8246 -3.7384
v  2.3369 -1.8485 -3.7531
v  2.3126 -1.8658 -3.7507
v  2.2389 -1.8956 -3.7205
v  2.2245 -1.8986 -3.7118
v  2.2121 -1.8963 -3.6994
v  2.1676 -1.8906 -3.6574
v  2.1192 -1.8957 -3.6231
v  2.0710 -1.9078 -3.5960
v  2.0576 -1.9125 -3.5898
v  2.0503 -1.9130 -3.5844
v  2.0473 -1.9083 -3.5772
v  2.4309 -1.1243 -2.6755
v  2.4320 -1.1187 -2.6706
v  2.4353 -1.1130 -2.6670
v  2.4407 -1.1079 -2.6654
v  2.4481 -1.1040 -2.6662
v  2.4747 -1.0955 -2.6747
v  2.4885 -1.0954 -2.6833
v  2.4936 -1.1046 -2.6958
v  2.4697 -1.9925 -3.5710
v  2.4577 -2.0157 -3.5866
v  2.4321 -2.0312 -3.5858
v  2.3546 -2.0557 -3.5608
v  2.3395 -2.0577 -3.5531
v  2.3265 -2.0545 -3.5416
v  2.2797 -2.0456 -3.5028
v  2.2287 -2.0473 -3.4719
v  2.1781 -2.0560 -3.4483
v  2.1639 -2.0597 -3.4430
v  2.1563 -2.0597 -3.4381
v  2.1531 -2.0548 -3.4312
v  2.5268 -1.2968 -2.5035
v  2.5279 -1.2912 -2.4985
v  2.5314 -1.2858 -2.4947
v  2.5370 -1.2811 -2.4927
v  2.5446 -1.2777 -2.4929
v  2.5722 -1.2711 -2.4995
v  2.5866 -1.2719 -2.5072
v  2.5920 -1.2815 -2.5193
v  2.5673 -2.1680 -3.3960
v  2.5548 -2.1904 -3.4124
v  2.5281 -2.2040 -3.4133
v  2.4476 -2.2231 -3.3939
v  2.4319 -2.2239 -3.3872
v  2.4184 -2.2198 -3.3766
v  2.3689 -2.2089 -3.3421
v  2.3167 -2.2057 -3.3139
v  2.2641 -2.2108 -3.2939
v  2.2494 -2.2135 -3.2896
v  2.2414 -2.2130 -3.2852
v  2.2381 -2.2078 -3.2785
v  2.5983 -1.4750 -2.3256
v  2.5994 -1.4696 -2.3205
v  2.6030 -1.4644 -2.3165
v  2.6087 -1.4601 -2.3140
v  2.6166 -1.4572 -2.3137
v  2.6450 -1.4525 -2.3184
v  2.6598 -1.4544 -2.3250
v  2.6653 -1.4643 -2.3368
v  2.6401 -2.3494 -3.2149
v  2.6272 -2.3709 -3.2322
v  2.5998 -2.3827 -3.2350
v  2.5170 -2.3960 -3.2212
v  2.5008 -2.3957 -3.2157
v  2.4869 -2.3907 -3.2061
v  2.4360 -2.3763 -3.1750
v  2.3823 -2.3694 -3.1505
v  2.3282 -2.3708 -3.1342
v  2.3131 -2.3725 -3.1309
v  2.3050 -2.3714 -3.1271
v  2.3015 -2.3660 -3.1206
v  2.6447 -1.6573 -2.1435
v  2.6458 -1.6519 -2.1383
v  2.6494 -1.6470 -2.1340
v  2.6553 -1.6431 -2.1312
v  2.6634 -1.6407 -2.1303
v  2.6923 -1.6381 -2.1330
v  2.7073 -1.6410 -2.1387
v  2.7129 -1.6514 -2.1500
v  2.6873 -2.5349 -3.0296
v  2.6742 -2.5555 -3.0478
v  2.6463 -2.5653 -3.0525
v  2.5620 -2.5729 -3.0446
v  2.5455 -2.5715 -3.0402
v  2.5314 -2.5654 -3.0315
v  2.4796 -2.5475 -3.0040
v  2.4250 -2.5368 -2.9833
v  2.3699 -2.5344 -2.9707
v  2.3545 -2.5350 -2.9686
v  2.3462 -2.5334 -2.9653
v  2.3427 -2.5277 -2.9591
v  2.6656 -1.8419 -1.9590
v  2.6667 -1.8365 -1.9537
v  2.6704 -1.8319 -1.9492
v  2.6764 -1.8284 -1.9459
v  2.6845 -1.8266 -1.9445
v  2.7136 -1.8260 -1.9452
v  2.7287 -1.8300 -1.9498
v  2.7343 -1.8407 -1.9608
v  2.7086 -2.7227 -2.8419
v  2.6954 -2.7424 -2.8610
v  2.6673 -2.7503 -2.8677
v  2.5824 -2.7519 -2.8656
v  2.5658 -2.7494 -2.8623
v  2.5515 -2.7424 -2.8547
v  2.4993 -2.7208 -2.8308
v  2.4442 -2.7063 -2.8139
v  2.3887 -2.7000 -2.8052
v  2.3732 -2.6996 -2.8041
v  2.3649 -2.6974 -2.8014
v  2.3613 -2.6915 -2.7954
v  2.6593 -2.0268 -1.7738
v  2.6611 -2.0214 -1.7683
v  2.6655 -2.0171 -1.7636
v  2.6717 -2.0143 -1.7602
v  2.6797 -2.0130 -1.7581
v  2.7088 -2.0144 -1.7567
v  2.7239 -2.0194 -1.7604
v  2.7295 -2.0305 -1.7709
v  2.7038 -2.9111 -2.6536
v  2.6906 -2.9298 -2.6736
v  2.6626 -2.9358 -2.6821
v  2.5778 -2.9315 -2.6860
v  2.5612 -2.9278 -2.6838
v  2.5470 -2.9198 -2.6772
v  2.4949 -2.8946 -2.6569
v  2.4399 -2.8763 -2.6439
v  2.3845 -2.8662 -2.6390
v  2.3690 -2.8647 -2.6390
v  2.3607 -2.8618 -2.6369
v  2.3572 -2.8557 -2.6312
v  2.6306 -2.2108 -1.5899
v  2.6317 -2.2056 -1.5845
v  2.6353 -2.2014 -1.5795
v  2.6412 -2.1987 -1.5754
v  2.6492 -2.1981 -1.5729
v  2.6780 -2.2015 -1.5695
v  2.6929 -2.2076 -1.5720
v  2.6985 -2.2191 -1.5822
v  2.6716 -3.0977 -2.4663
v  2.6599 -3.1160 -2.4873
v  2.6322 -3.1199 -2.4978
v  2.5482 -3.1108 -2.5085
v  2.5312 -3.1061 -2.5078
v  2.5168 -3.0970 -2.5021
v  2.4664 -3.0672 -2.4842
v  2.4120 -3.0451 -2.4750
v  2.3573 -3.0311 -2.4739
v  2.3419 -3.0286 -2.4750
v  2.3337 -3.0252 -2.4735
v  2.3302 -3.0188 -2.4680
v  2.5750 -2.3916 -1.4089
v  2.5760 -2.3865 -1.4034
v  2.5795 -2.3825 -1.3982
v  2.5853 -2.3802 -1.3937
v  2.5931 -2.3801 -1.3906
v  2.6213 -2.3855 -1.3852
v  2.6359 -2.3926 -1.3867
v  2.6414 -2.4045 -1.3966
v  2.6164 -3.2821 -2.2822
v  2.6036 -3.2991 -2.3040
v  2.5764 -3.3011 -2.3164
v  2.4943 -3.2852 -2.3318
v  2.4783 -3.2792 -2.3320
v  2.4646 -3.2693 -2.3272
v  2.4141 -3.2370 -2.3142
v  2.3609 -3.2111 -2.3087
v  2.3073 -3.1934 -2.3115
v  2.2923 -3.1898 -2.3136
v  2.2842 -3.1858 -2.3126
v  2.2808 -3.1792 -2.3074
v  2.4944 -2.5675 -1.2326
v  2.4954 -2.5625 -1.2270
v  2.4988 -2.5588 -1.2215
v  2.5044 -2.5569 -1.2166
v  2.5120 -2.5573 -1.2130
v  2.5393 -2.5646 -1.2057
v  2.5535 -2.5727 -1.2062
v  2.5587 -2.5850 -1.2157
v  2.5345 -3.4612 -2.1028
v  2.5220 -3.4772 -2.1254
v  2.4957 -3.4774 -2.1397
v  2.4162 -3.4559 -2.1607
v  2.4007 -3.4489 -2.1620
v  2.3863 -3.4389 -2.1597
v  2.3385 -3.4022 -2.1486
v  2.2870 -3.3727 -2.1468
v  2.2350 -3.3513 -2.1532
v  2.2205 -3.3467 -2.1563
v  2.2127 -3.3422 -2.1560
v  2.2094 -3.3353 -2.1509
v  2.3897 -2.7370 -1.0627
v  2.3907 -2.7319 -1.0570
v  2.3940 -2.7285 -1.0512
v  2.3994 -2.7270 -1.0459
v  2.4068 -2.7280 -1.0418
v  2.4329 -2.7372 -1.0327
v  2.4464 -2.7463 -1.0323
v  2.4514 -2.7589 -1.0414
v  2.4280 -3.6336 -1.9298
v  2.4161 -3.6488 -1.9533
v  2.3910 -3.6472 -1.9694
v  2.3148 -3.6204 -1.9958
v  2.2999 -3.6123 -1.9982
v  2.2872 -3.6005 -1.9953
v  2.2404 -3.5614 -1.9890
v  2.1910 -3.5284 -1.9907
v  2.1412 -3.5035 -2.0006
v  2.1273 -3.4979 -2.0048
v  2.1198 -3.4928 -2.0049
v  2.1167 -3.4857 -2.0001
v  2.2620 -2.8982 -0.9008
v  2.2630 -2.8932 -0.8950
v  2.2662 -2.8900 -0.8889
v  2.2714 -2.8889 -0.8833
v  2.2783 -2.8905 -0.8787
v  2.3031 -2.9014 -0.8678
v  2.3158 -2.9115 -0.8667
v  2.3203 -2.9244 -0.8754
v  2.2980 -3.7977 -1.7651
v  2.2868 -3.8121 -1.7893
v  2.2631 -3.8090 -1.8071
v  2.1911 -3.7770 -1.8387
v  2.1770 -3.7679 -1.8421
v  2.1649 -3.7553 -1.8402
v  2.1213 -3.7121 -1.8355
v  2.0738 -3.6766 -1.8420
v  2.0267 -3.6483 -1.8553
v  2.0136 -3.6418 -1.8604
v  2.0065 -3.6362 -1.8610
v  2.0035 -3.6289 -1.8564
v  2.1125 -3.0498 -0.7485
v  2.1134 -3.0449 -0.7426
v  2.1165 -3.0418 -0.7363
v  2.1214 -3.0411 -0.7302
v  2.1279 -3.0432 -0.7252
v  2.1511 -3.0559 -0.7127
v  2.1628 -3.0668 -0.7108
v  2.1670 -3.0799 -0.7193
v  2.1459 -3.9519 -1.6101
v  2.1355 -3.9656 -1.6349
v  2.1135 -3.9610 -1.6543
v  2.0462 -3.9242 -1.6908
v  2.0330 -3.9142 -1.6953
v  2.0216 -3.9008 -1.6942
v  1.9810 -3.8547 -1.6924
v  1.9371 -3.8150 -1.7007
v  1.8927 -3.7845 -1.7185
v  1.8804 -3.7771 -1.7245
v  1.8738 -3.7710 -1.7256
v  1.8710 -3.7635 -1.7212
v  1.9427 -3.1903 -0.6073
v  1.9436 -3.1854 -0.6013
v  1.9464 -3.1825 -0.5947
v  1.9510 -3.1822 -0.5883
v  1.9570 -3.1848 -0.5829
v  1.9783 -3.1990 -0.5688
v  1.9891 -3.2108 -0.5663
v  1.9928 -3.2240 -0.5745
v  1.9731 -4.0948 -1.4664
v  1.9636 -4.1078 -1.4918
v  1.9434 -4.1019 -1.5127
v  1.8815 -4.0606 -1.5537
v  1.8694 -4.0498 -1.5591
v  1.8589 -4.0356 -1.5588
v  1.8216 -3.9868 -1.5597
v  1.7812 -3.9442 -1.5709
v  1.7404 -3.9107 -1.5917
v  1.7291 -3.9024 -1.5984
v  1.7230 -3.8959 -1.6000
v  1.7204 -3.8883 -1.5958
v  1.7543 -3.3183 -0.4785
v  1.7551 -3.3134 -0.4724
v  1.7577 -3.3108 -0.4655
v  1.7618 -3.3107 -0.4588
v  1.7673 -3.3138 -0.4530
v  1.7865 -3.3294 -0.4375
v  1.7962 -3.3419 -0.4343
v  1.7995 -3.3553 -0.4423
v  1.7813 -4.2251 -1.3353
v  1.7728 -4.2374 -1.3613
v  1.7546 -4.2302 -1.3835
v  1.6987 -4.1849 -1.4286
v  1.6877 -4.1733 -1.4348
v  1.6783 -4.1584 -1.4352
v  1.6445 -4.1071 -1.4386
v  1.6081 -4.0619 -1.4525
v  1.5714 -4.0247 -1.4747
v  1.5613 -4.0158 -1.4822
v  1.5556 -4.0098 -1.4854
v  1.5533 -4.0020 -1.4814
v  1.5490 -3.4326 -0.3632
v  1.5497 -3.4278 -0.3571
v  1.5520 -3.4253 -0.3500
v  1.5557 -3.4256 -0.3431
v  1.5605 -3.4289 -0.3369
v  1.5775 -3.4458 -0.3201
v  1.5860 -3.4590 -0.3163
v  1.5889 -3.4726 -0.3241
v  1.5724 -4.3414 -1.2180
v  1.5649 -4.3532 -1.2445
v  1.5488 -4.3448 -1.2679
v  1.4995 -4.2958 -1.3167
v  1.4898 -4.2836 -1.3236
v  1.4814 -4.2681 -1.3247
v  1.4517 -4.2146 -1.3303
v  1.4195 -4.1669 -1.3466
v  1.3870 -4.1284 -1.3725
v  1.3779 -4.1187 -1.3807
v  1.3731 -4.1114 -1.3830
v  1.3711 -4.1035 -1.3791
v  1.3288 -3.5322 -0.2627
v  1.3294 -3.5273 -0.2565
v  1.3314 -3.5250 -0.2493
v  1.3345 -3.5255 -0.2421
v  1.3387 -3.5292 -0.2356
v  1.3533 -3.5472 -0.2177
v  1.3606 -3.5609 -0.2134
v  1.3631 -3.5747 -0.2210
v  1.3483 -4.4427 -1.1157
v  1.3419 -4.4540 -1.1427
v  1.3281 -4.4446 -1.1672
v  1.2857 -4.3925 -1.2191
v  1.2774 -4.3796 -1.2267
v  1.2703 -4.3635 -1.2283
v  1.2448 -4.3081 -1.2359
v  1.2169 -4.2592 -1.2556
v  1.1893 -4.2177 -1.2822
v  1.1815 -4.2075 -1.2910
v  1.1774 -4.1999 -1.2937
v  1.1756 -4.1918 -1.2899
v  1.0958 -3.6159 -0.1779
v  1.0963 -3.6111 -0.1717
v  1.0979 -3.6089 -0.1644
v  1.1006 -3.6096 -0.1569
v  1.1040 -3.6136 -0.1502
v  1.1160 -3.6325 -0.1314
v  1.1220 -3.6467 -0.1266
v  1.1241 -3.6607 -0.1341
v  1.1112 -4.5279 -1.0295
v  1.1059 -4.5388 -1.0568
v  1.0945 -4.5286 -1.0821
v  1.0596 -4.4737 -1.1368
v  1.0528 -4.4604 -1.1449
v  1.0469 -4.4439 -1.1470
v  1.0255 -4.3874 -1.1577
v  1.0029 -4.3362 -1.1777
v  0.9801 -4.2930 -1.2061
v  0.9737 -4.2822 -1.2154
v  0.9703 -4.2744 -1.2183
v  0.9688 -4.2662 -1.2146
v  0.8522 -3.6830 -0.1097
v  0.8526 -3.6782 -0.1034
v  0.8539 -3.6761 -0.0960
v  0.8560 -3.6770 -0.0884
v  0.8586 -3.6813 -0.0814
v  0.8680 -3.7009 -0.0618
v  0.8727 -3.7155 -0.0568
v  0.8742 -3.7295 -0.0641
v  0.8634 -4.5962 -0.9601
v  0.8592 -4.6068 -0.9877
v  0.8504 -4.5959 -1.0137
v  0.8232 -4.5400 -1.0718
v  0.8177 -4.5258 -1.0806
v  0.8130 -4.5086 -1.0831
v  0.7967 -4.4505 -1.0936
v  0.7791 -4.3979 -1.1150
v  0.7614 -4.3533 -1.1448
v  0.7564 -4.3422 -1.1545
v  0.7538 -4.3341 -1.1576
v  0.7527 -4.3258 -1.1541
v  0.6004 -3.7328 -0.0588
v  0.6007 -3.7281 -0.0524
v  0.6016 -3.7260 -0.0448
v  0.6031 -3.7271 -0.0370
v  0.6050 -3.7316 -0.0299
v  0.6116 -3.7518 -0.0098
v  0.6149 -3.7666 -0.0046
v  0.6159 -3.7807 -0.0119
v  0.6071 -4.6468 -0.9083
v  0.6042 -4.6573 -0.9360
v  0.5981 -4.6473 -0.9634
v  0.5788 -4.5885 -1.0222
v  0.5749 -4.5740 -1.0314
v  0.5717 -4.5565 -1.0341
v  0.5602 -4.4974 -1.0456
v  0.5478 -4.4438 -1.0681
v  0.5354 -4.3982 -1.0989
v  0.5319 -4.3867 -1.1089
v  0.5300 -4.3785 -1.1122
v  0.5292 -4.3702 -1.1087
v  0.3429 -3.7649 -0.0256
v  0.3430 -3.7601 -0.0191
v  0.3436 -3.7581 -0.0114
v  0.3445 -3.7594 -0.0034
v  0.3455 -3.7641 0.0037
v  0.3493 -3.7846 0.0242
v  0.3512 -3.7997 0.0294
v  0.3517 -3.8136 0.0221
v  0.3451 -4.6796 -0.8743
v  0.3435 -4.6910 -0.9022
v  0.3398 -4.6797 -0.9299
v  0.3288 -4.6198 -0.9898
v  0.3266 -4.6051 -0.9992
v  0.3248 -4.5875 -1.0021
v  0.3183 -4.5278 -1.0143
v  0.3112 -4.4735 -1.0374
v  0.3041 -4.4271 -1.0690
v  0.3021 -4.4155 -1.0791
v  0.3010 -4.4072 -1.0825
v  0.3006 -4.3988 -1.0791
v  0.1044 -3.7794 -0.0100
v  0.1045 -3.7746 -0.0034
v  0.1046 -3.7727 0.0044
v  0.1048 -3.7740 0.0124
v  0.1051 -3.7788 0.0196
v  0.1059 -3.7996 0.0402
v  0.1063 -3.8147 0.0453
v  0.1063 -3.8285 0.0381
v  0.1018 -4.6943 -0.8584
v  0.1014 -4.7046 -0.8862
v  0.1006 -4.6932 -0.9133
v  0.0982 -4.6332 -0.9733
v  0.0978 -4.6188 -0.9828
v  0.0974 -4.6014 -0.9860
v  0.0961 -4.5413 -0.9983
v  0.0946 -4.4864 -1.0217
v  0.0931 -4.4404 -1.0547
v  0.0927 -4.4287 -1.0650
v  0.0925 -4.4204 -1.0685
v  -0.0195 -0.3707 -3.7430
v  0.1584 -0.3744 -3.7401
v  0.3909 -0.3941 -3.7215
v  0.6197 -0.4298 -3.6868
v  0.8424 -0.4812 -3.6363
v  1.0570 -0.5478 -3.5707
v  1.2615 -0.6289 -3.4905
v  1.4537 -0.7237 -3.3965
v  1.6320 -0.8314 -3.2896
v  1.7945 -0.9509 -3.1708
v  1.9397 -1.0810 -3.0413
v  2.0663 -1.2206 -2.9023
v  2.1729 -1.3682 -2.7552
v  2.2585 -1.5224 -2.6014
v  2.3225 -1.6818 -2.4423
v  2.3640 -1.8448 -2.2794
v  2.3827 -2.0098 -2.1145
v  2.3785 -2.1753 -1.9490
v  2.3514 -2.3397 -1.7845
v  2.3016 -2.5013 -1.6227
v  2.2296 -2.6587 -1.4650
v  2.1361 -2.8102 -1.3130
v  2.0221 -2.9546 -1.1682
v  1.8885 -3.0902 -1.0320
v  1.7368 -3.2159 -0.9056
v  1.5683 -3.3305 -0.7903
v  1.3847 -3.4328 -0.6872
v  1.1878 -3.5218 -0.5973
v  0.9794 -3.5967 -0.5215
v  0.7615 -3.6568 -0.4604
v  0.5363 -3.7015 -0.4147
v  0.3059 -3.7304 -0.3849
v  0.0959 -3.7431 -0.3712
v  0.1473 -0.9845 -4.1635
v  0.3669 -1.0031 -4.1459
v  0.5829 -1.0368 -4.1131
v  0.7933 -1.0854 -4.0655
v  0.9960 -1.1482 -4.0035
v  1.1891 -1.2248 -3.9278
v  1.3707 -1.3144 -3.8390
v  1.5391 -1.4161 -3.7380
v  1.6926 -1.5290 -3.6258
v  1.8298 -1.6519 -3.5035
v  1.9493 -1.7837 -3.3722
v  2.0500 -1.9231 -3.2332
v  2.1309 -2.0688 -3.0879
v  2.1913 -2.2194 -2.9376
v  2.2305 -2.3733 -2.7839
v  2.2482 -2.5292 -2.6280
v  2.2442 -2.6855 -2.4717
v  2.2186 -2.8407 -2.3164
v  2.1716 -2.9934 -2.1635
v  2.1036 -3.1420 -2.0146
v  2.0153 -3.2852 -1.8710
v  1.9076 -3.4215 -1.7343
v  1.7815 -3.5496 -1.6056
v  1.6381 -3.6684 -1.4862
v  1.4790 -3.7766 -1.3773
v  1.3056 -3.8732 -1.2799
v  1.1195 -3.9573 -1.1950
v  0.9227 -4.0281 -1.1234
v  0.7169 -4.0848 -1.0657
v  0.5042 -4.1271 -1.0226
v  0.2866 -4.1543 -0.9943
v  0.0900 -4.1669 -0.9809
v  -0.0216 -0.1750 -3.9388
v  -0.0216 -0.1792 -3.9346
v  0.1770 -0.1791 -3.9356
v  0.1766 -0.1833 -3.9313
v  0.1770 -0.1747 -3.9314
v  0.4365 -0.2010 -3.9147
v  0.4355 -0.2052 -3.9105
v  0.4365 -0.1967 -3.9106
v  0.6918 -0.2409 -3.8760
v  0.6902 -0.2450 -3.8719
v  0.6918 -0.2366 -3.8718
v  0.9404 -0.2983 -3.8197
v  0.9383 -0.3022 -3.8158
v  0.9404 -0.2940 -3.8155
v  1.1799 -0.3725 -3.7465
v  1.1773 -0.3763 -3.7427
v  1.1800 -0.3682 -3.7423
v  1.4081 -0.4631 -3.6570
v  1.4049 -0.4667 -3.6534
v  1.4082 -0.4588 -3.6528
v  1.6227 -0.5689 -3.5521
v  1.6190 -0.5723 -3.5487
v  1.6228 -0.5646 -3.5479
v  1.8216 -0.6891 -3.4327
v  1.8175 -0.6922 -3.4296
v  1.8217 -0.6848 -3.4285
v  2.0030 -0.8225 -3.3002
v  1.9985 -0.8253 -3.2974
v  2.0031 -0.8182 -3.2960
v  2.1651 -0.9677 -3.1556
v  2.1602 -0.9702 -3.1531
v  2.1652 -0.9635 -3.1514
v  2.3063 -1.1235 -3.0005
v  2.3011 -1.1256 -2.9984
v  2.3064 -1.1192 -2.9963
v  2.4253 -1.2882 -2.8363
v  2.4199 -1.2900 -2.8345
v  2.4254 -1.2839 -2.8321
v  2.5209 -1.4604 -2.6646
v  2.5153 -1.4617 -2.6632
v  2.5211 -1.4561 -2.6603
v  2.5923 -1.6382 -2.4870
v  2.5864 -1.6392 -2.4860
v  2.5924 -1.6340 -2.4828
v  2.6386 -1.8202 -2.3053
v  2.6327 -1.8207 -2.3047
v  2.6387 -1.8159 -2.3010
v  2.6595 -2.0044 -2.1212
v  2.6535 -2.0045 -2.1210
v  2.6597 -2.0001 -2.1169
v  2.6548 -2.1891 -1.9364
v  2.6488 -2.1888 -1.9367
v  2.6550 -2.1848 -1.9322
v  2.6245 -2.3725 -1.7529
v  2.6186 -2.3718 -1.7536
v  2.6247 -2.3683 -1.7486
v  2.5690 -2.5529 -1.5722
v  2.5632 -2.5518 -1.5733
v  2.5691 -2.5487 -1.5680
v  2.4886 -2.7285 -1.3963
v  2.4830 -2.7270 -1.3978
v  2.4887 -2.7243 -1.3920
v  2.3843 -2.8977 -1.2267
v  2.3789 -2.8958 -1.2285
v  2.3844 -2.8935 -1.2224
v  2.2570 -3.0588 -1.0650
v  2.2519 -3.0565 -1.0673
v  2.2571 -3.0546 -1.0608
v  2.1080 -3.2102 -0.9130
v  2.1032 -3.2076 -0.9156
v  2.1081 -3.2060 -0.9087
v  1.9386 -3.3505 -0.7719
v  1.9342 -3.3476 -0.7748
v  1.9387 -3.3463 -0.7676
v  1.7506 -3.4783 -0.6433
v  1.7466 -3.4751 -0.6464
v  1.7507 -3.4741 -0.6390
v  1.5457 -3.5925 -0.5282
v  1.5422 -3.5890 -0.5316
v  1.5457 -3.5883 -0.5239
v  1.3258 -3.6919 -0.4279
v  1.3228 -3.6882 -0.4315
v  1.3259 -3.6877 -0.4236
v  1.0932 -3.7755 -0.3432
v  1.0908 -3.7716 -0.3471
v  1.0933 -3.7713 -0.3389
v  0.8501 -3.8426 -0.2751
v  0.8482 -3.8386 -0.2791
v  0.8501 -3.8384 -0.2708
v  0.5987 -3.8925 -0.2241
v  0.5974 -3.8883 -0.2282
v  0.5988 -3.8883 -0.2198
v  0.3416 -3.9247 -0.1907
v  0.3408 -3.9205 -0.1949
v  0.3416 -3.9205 -0.1864
v  0.1036 -3.9393 -0.1750
v  0.1034 -3.9346 -0.1798
v  0.1036 -3.9352 -0.1707
v  -0.0221 -0.8583 -4.2890
v  -0.0221 -0.8624 -4.2849
v  0.1589 -0.8621 -4.2860
v  0.1588 -0.8673 -4.2889
v  0.1585 -0.8661 -4.2819
v  0.3954 -0.8821 -4.2670
v  0.3951 -0.8873 -4.2699
v  0.3945 -0.8861 -4.2630
v  0.6281 -0.9184 -4.2317
v  0.6277 -0.9236 -4.2346
v  0.6266 -0.9224 -4.2277
v  0.8547 -0.9707 -4.1804
v  0.8541 -0.9759 -4.1834
v  0.8527 -0.9745 -4.1766
v  1.0731 -1.0384 -4.1137
v  1.0723 -1.0435 -4.1166
v  1.0705 -1.0421 -4.1100
v  1.2810 -1.1209 -4.0321
v  1.2801 -1.1260 -4.0351
v  1.2780 -1.1244 -4.0286
v  1.4766 -1.2174 -3.9365
v  1.4756 -1.2224 -3.9396
v  1.4731 -1.2206 -3.9332
v  1.6580 -1.3269 -3.8277
v  1.6568 -1.3319 -3.8309
v  1.6540 -1.3299 -3.8247
v  1.8233 -1.4485 -3.7069
v  1.8220 -1.4533 -3.7101
v  1.8189 -1.4512 -3.7042
v  1.9710 -1.5809 -3.5751
v  1.9696 -1.5856 -3.5785
v  1.9663 -1.5833 -3.5727
v  2.0998 -1.7229 -3.4337
v  2.0983 -1.7275 -3.4372
v  2.0947 -1.7249 -3.4317
v  2.2082 -1.8730 -3.2840
v  2.2066 -1.8776 -3.2876
v  2.2029 -1.8747 -3.2824
v  2.2954 -2.0299 -3.1275
v  2.2937 -2.0343 -3.1312
v  2.2899 -2.0312 -3.1262
v  2.3604 -2.1920 -2.9657
v  2.3587 -2.1964 -2.9695
v  2.3547 -2.1930 -2.9647
v  2.4026 -2.3579 -2.8001
v  2.4009 -2.3621 -2.8039
v  2.3969 -2.3584 -2.7995
v  2.4217 -2.5258 -2.6322
v  2.4200 -2.5298 -2.6363
v  2.4159 -2.5259 -2.6321
v  2.4174 -2.6941 -2.4639
v  2.4157 -2.6981 -2.4680
v  2.4116 -2.6938 -2.4641
v  2.3898 -2.8613 -2.2966
v  2.3881 -2.8652 -2.3008
v  2.3841 -2.8606 -2.2972
v  2.3392 -3.0257 -2.1319
v  2.3375 -3.0295 -2.1363
v  2.3336 -3.0247 -2.1330
v  2.2659 -3.1858 -1.9715
v  2.2643 -3.1894 -1.9760
v  2.2605 -3.1844 -1.9729
v  2.1709 -3.3400 -1.8169
v  2.1693 -3.3435 -1.8215
v  2.1657 -3.3382 -1.8187
v  2.0548 -3.4868 -1.6696
v  2.0534 -3.4902 -1.6743
v  2.0499 -3.4846 -1.6718
v  1.9190 -3.6248 -1.5310
v  1.9176 -3.6281 -1.5358
v  1.9144 -3.6223 -1.5335
v  1.7646 -3.7527 -1.4024
v  1.7634 -3.7559 -1.4073
v  1.7604 -3.7499 -1.4052
v  1.5932 -3.8692 -1.2852
v  1.5921 -3.8724 -1.2901
v  1.5894 -3.8661 -1.2882
v  1.4064 -3.9733 -1.1803
v  1.4054 -3.9764 -1.1853
v  1.4031 -3.9700 -1.1836
v  1.2061 -4.0639 -1.0888
v  1.2052 -4.0669 -1.0939
v  1.2032 -4.0603 -1.0924
v  0.9941 -4.1401 -1.0117
v  0.9934 -4.1431 -1.0168
v  0.9917 -4.1364 -1.0154
v  0.7725 -4.2012 -0.9496
v  0.7719 -4.2042 -0.9547
v  0.7706 -4.1974 -0.9534
v  0.5434 -4.2467 -0.9031
v  0.5430 -4.2496 -0.9083
v  0.5421 -4.2427 -0.9071
v  0.3090 -4.2761 -0.8727
v  0.3088 -4.2789 -0.8779
v  0.3082 -4.2720 -0.8767
v  0.0948 -4.2901 -0.8577
v  0.0947 -4.2929 -0.8630
v  0.0946 -4.2860 -0.8618
v  -0.0252 -0.8436 -4.6795
v  -0.0215 0.0234 -3.8423
v  0.1773 -0.8477 -4.6763
v  0.1824 0.0193 -3.8391
v  0.4418 -0.8699 -4.6552
v  0.4490 -0.0031 -3.8179
v  0.7021 -0.9103 -4.6159
v  0.7113 -0.0439 -3.7783
v  0.9556 -0.9687 -4.5587
v  0.9668 -0.1027 -3.7206
v  1.1998 -1.0444 -4.4841
v  1.2129 -0.1790 -3.6454
v  1.4322 -1.1369 -4.3926
v  1.4473 -0.2720 -3.5534
v  1.6512 -1.2446 -4.2858
v  1.6678 -0.3807 -3.4456
v  1.8540 -1.3671 -4.1642
v  1.8723 -0.5042 -3.3231
v  2.0391 -1.5030 -4.0291
v  2.0587 -0.6411 -3.1869
v  2.2045 -1.6510 -3.8819
v  2.2254 -0.7903 -3.0385
v  2.3487 -1.8097 -3.7238
v  2.3707 -0.9503 -2.8792
v  2.4702 -1.9777 -3.5564
v  2.4932 -1.1195 -2.7105
v  2.5678 -2.1532 -3.3813
v  2.5915 -1.2964 -2.5341
v  2.6406 -2.3346 -3.2002
v  2.6649 -1.4792 -2.3516
v  2.6878 -2.5201 -3.0149
v  2.7124 -1.6662 -2.1648
v  2.7091 -2.7080 -2.8272
v  2.7339 -1.8555 -1.9756
v  2.7043 -2.8963 -2.6388
v  2.7291 -2.0453 -1.7857
v  2.6720 -3.0832 -2.4517
v  2.6980 -2.2338 -1.5971
v  2.6169 -3.2674 -2.2673
v  2.6410 -2.4192 -1.4114
v  2.5349 -3.4465 -2.0879
v  2.5583 -2.5997 -1.2306
v  2.4284 -3.6189 -1.9150
v  2.4510 -2.7735 -1.0563
v  2.2984 -3.7831 -1.7502
v  2.3200 -2.9389 -0.8903
v  2.1463 -3.9374 -1.5953
v  2.1666 -3.0944 -0.7342
v  1.9734 -4.0804 -1.4515
v  1.9925 -3.2385 -0.5893
v  1.7817 -4.2106 -1.3204
v  1.7992 -3.3698 -0.4572
v  1.5727 -4.3270 -1.2031
v  1.5887 -3.4871 -0.3390
v  1.3486 -4.4283 -1.1009
v  1.3628 -3.5892 -0.2359
v  1.1115 -4.5136 -1.0146
v  1.1239 -3.6751 -0.1490
v  0.8636 -4.5819 -0.9452
v  0.8740 -3.7439 -0.0790
v  0.6073 -4.6324 -0.8935
v  0.6158 -3.7950 -0.0268
v  0.3452 -4.6653 -0.8595
v  0.3516 -3.8279 0.0073
v  0.1019 -4.6801 -0.8436
v  0.1063 -3.8428 0.0233
v  -0.0209 -0.0099 -3.7789
v  -0.0209 0.0119 -3.7749
v  -0.0213 0.0452 -3.8142
v  -0.0252 -0.8861 -4.7053
v  -0.0250 -0.9141 -4.6939
v  -0.0244 -0.9744 -4.6335
v  -0.0242 -0.9839 -4.6187
v  -0.0231 -1.0229 -4.4865
v  -0.0225 -1.0650 -4.4281
v  -0.0224 -1.0651 -4.4114
v  -0.2196 -0.0152 -3.7727
v  -0.2197 -0.0086 -3.7680
v  -0.2200 -0.0009 -3.7662
v  -0.2205 0.0069 -3.7676
v  -0.2212 0.0140 -3.7722
v  -0.2236 0.0346 -3.7928
v  -0.2248 0.0398 -3.8077
v  -0.2253 0.0328 -3.8217
v  -0.2275 -0.8637 -4.6876
v  -0.2267 -0.8916 -4.6990
v  -0.2244 -0.9194 -4.6876
v  -0.2174 -0.9796 -4.6274
v  -0.2159 -0.9891 -4.6127
v  -0.2147 -0.9921 -4.5950
v  -0.2104 -1.0045 -4.5352
v  -0.2058 -1.0278 -4.4807
v  -0.2012 -1.0596 -4.4342
v  -0.1999 -1.0698 -4.4225
v  -0.1992 -1.0733 -4.4142
v  -0.1989 -1.0698 -4.4058
v  -0.4791 -0.0386 -3.7481
v  -0.4792 -0.0322 -3.7434
v  -0.4800 -0.0246 -3.7415
v  -0.4811 -0.0169 -3.7427
v  -0.4826 -0.0098 -3.7472
v  -0.4878 0.0105 -3.7675
v  -0.4904 0.0158 -3.7823
v  -0.4914 0.0088 -3.7964
v  -0.4915 -0.8877 -4.6624
v  -0.4894 -0.9155 -4.6729
v  -0.4845 -0.9424 -4.6616
v  -0.4692 -1.0026 -4.6033
v  -0.4661 -1.0119 -4.5887
v  -0.4634 -1.0148 -4.5712
v  -0.4541 -1.0267 -4.5118
v  -0.4441 -1.0495 -4.4579
v  -0.4341 -1.0808 -4.4119
v  -0.4313 -1.0909 -4.4004
v  -0.4298 -1.0943 -4.3921
v  -0.4291 -1.0908 -4.3837
v  -0.7339 -0.0800 -3.7056
v  -0.7342 -0.0737 -3.7008
v  -0.7353 -0.0662 -3.6989
v  -0.7370 -0.0586 -3.6999
v  -0.7393 -0.0517 -3.7042
v  -0.7473 -0.0318 -3.7240
v  -0.7514 -0.0266 -3.7386
v  -0.7528 -0.0336 -3.7527
v  -0.7509 -0.9298 -4.6191
v  -0.7475 -0.9576 -4.6298
v  -0.7399 -0.9841 -4.6188
v  -0.7165 -1.0419 -4.5610
v  -0.7119 -1.0507 -4.5470
v  -0.7079 -1.0534 -4.5300
v  -0.6937 -1.0644 -4.4713
v  -0.6782 -1.0877 -4.4187
v  -0.6629 -1.1181 -4.3735
v  -0.6586 -1.1280 -4.3623
v  -0.6563 -1.1312 -4.3542
v  -0.6553 -1.1277 -4.3458
v  -0.9817 -0.1390 -3.6455
v  -0.9821 -0.1327 -3.6408
v  -0.9836 -0.1254 -3.6387
v  -0.9859 -0.1179 -3.6396
v  -0.9889 -0.1112 -3.6436
v  -0.9997 -0.0919 -3.6628
v  -1.0051 -0.0869 -3.6770
v  -1.0070 -0.0940 -3.6911
v  -1.0030 -0.9898 -4.5580
v  -0.9985 -1.0174 -4.5690
v  -0.9883 -1.0432 -4.5585
v  -0.9570 -1.0992 -4.5027
v  -0.9508 -1.1076 -4.4890
v  -0.9455 -1.1099 -4.4723
v  -0.9265 -1.1198 -4.4147
v  -0.9059 -1.1419 -4.3634
v  -0.8854 -1.1711 -4.3195
v  -0.8797 -1.1806 -4.3086
v  -0.8766 -1.1837 -4.3007
v  -0.8752 -1.1801 -4.2924
v  -1.2201 -0.2149 -3.5685
v  -1.2206 -0.2087 -3.5638
v  -1.2224 -0.2015 -3.5616
v  -1.2252 -0.1942 -3.5622
v  -1.2290 -0.1877 -3.5660
v  -1.2423 -0.1693 -3.5843
v  -1.2491 -0.1646 -3.5981
v  -1.2515 -0.1719 -3.6121
v  -1.2456 -1.0671 -4.4797
v  -1.2399 -1.0943 -4.4910
v  -1.2272 -1.1194 -4.4813
v  -1.1883 -1.1729 -4.4279
v  -1.1807 -1.1808 -4.4147
v  -1.1740 -1.1827 -4.3984
v  -1.1504 -1.1912 -4.3423
v  -1.1250 -1.2105 -4.2919
v  -1.0994 -1.2393 -4.2504
v  -1.0923 -1.2484 -4.2399
v  -1.0884 -1.2512 -4.2322
v  -1.0868 -1.2475 -4.2241
v  -1.4467 -0.3070 -3.4754
v  -1.4473 -0.3008 -3.4706
v  -1.4494 -0.2937 -3.4683
v  -1.4528 -0.2867 -3.4687
v  -1.4572 -0.2804 -3.4722
v  -1.4731 -0.2631 -3.4895
v  -1.4810 -0.2589 -3.5028
v  -1.4840 -0.2664 -3.5165
v  -1.4761 -1.1608 -4.3849
v  -1.4693 -1.1876 -4.3967
v  -1.4544 -1.2117 -4.3879
v  -1.4082 -1.2623 -4.3375
v  -1.3991 -1.2696 -4.3249
v  -1.3913 -1.2710 -4.3091
v  -1.3630 -1.2790 -4.2553
v  -1.3330 -1.2963 -4.2071
v  -1.3028 -1.3220 -4.1667
v  -1.2944 -1.3305 -4.1568
v  -1.2898 -1.3331 -4.1494
v  -1.2879 -1.3292 -4.1414
v  -1.6593 -0.4144 -3.3671
v  -1.6600 -0.4082 -3.3622
v  -1.6625 -0.4013 -3.3597
v  -1.6663 -0.3946 -3.3599
v  -1.6714 -0.3886 -3.3631
v  -1.6896 -0.3724 -3.3792
v  -1.6987 -0.3689 -3.3918
v  -1.7021 -0.3765 -3.4054
v  -1.6925 -1.2701 -4.2747
v  -1.6847 -1.2964 -4.2869
v  -1.6675 -1.3194 -4.2793
v  -1.6146 -1.3674 -4.2330
v  -1.6039 -1.3743 -4.2209
v  -1.5947 -1.3752 -4.2056
v  -1.5627 -1.3799 -4.1535
v  -1.5283 -1.3950 -4.1075
v  -1.4937 -1.4184 -4.0694
v  -1.4841 -1.4263 -4.0602
v  -1.4788 -1.4285 -4.0531
v  -1.4766 -1.4245 -4.0452
v  -1.8560 -0.5360 -3.2445
v  -1.8568 -0.5299 -3.2397
v  -1.8595 -0.5232 -3.2370
v  -1.8639 -0.5168 -3.2368
v  -1.8696 -0.5112 -3.2396
v  -1.8899 -0.4963 -3.2544
v  -1.9001 -0.4934 -3.2663
v  -1.9039 -0.5013 -3.2797
v  -1.8927 -1.3938 -4.1500
v  -1.8839 -1.4196 -4.1629
v  -1.8647 -1.4413 -4.1564
v  -1.8055 -1.4846 -4.1134
v  -1.7938 -1.4905 -4.1022
v  -1.7838 -1.4906 -4.0877
v  -1.7479 -1.4929 -4.0378
v  -1.7093 -1.5055 -3.9941
v  -1.6704 -1.5266 -3.9585
v  -1.6597 -1.5337 -3.9501
v  -1.6537 -1.5365 -3.9441
v  -1.6512 -1.5325 -3.9364
v  -2.0349 -0.6707 -3.1091
v  -2.0358 -0.6647 -3.1042
v  -2.0388 -0.6583 -3.1013
v  -2.0434 -0.6521 -3.1008
v  -2.0497 -0.6469 -3.1031
v  -2.0719 -0.6335 -3.1163
v  -2.0832 -0.6312 -3.1275
v  -2.0874 -0.6394 -3.1407
v  -2.0747 -1.5309 -4.0121
v  -2.0651 -1.5561 -4.0256
v  -2.0439 -1.5764 -4.0206
v  -1.9791 -1.6154 -3.9818
v  -1.9663 -1.6204 -3.9715
v  -1.9553 -1.6197 -3.9577
v  -1.9159 -1.6194 -3.9104
v  -1.8736 -1.6293 -3.8696
v  -1.8308 -1.6486 -3.8377
v  -1.8190 -1.6550 -3.8299
v  -1.8126 -1.6564 -3.8237
v  -1.8099 -1.6521 -3.8161
v  -2.1943 -0.8171 -2.9619
v  -2.1953 -0.8113 -2.9570
v  -2.1984 -0.8051 -2.9539
v  -2.2034 -0.7993 -2.9530
v  -2.2101 -0.7945 -2.9547
v  -2.2340 -0.7827 -2.9664
v  -2.2463 -0.7811 -2.9768
v  -2.2509 -0.7896 -2.9897
v  -2.2369 -1.6800 -3.8624
v  -2.2264 -1.7045 -3.8766
v  -2.2035 -1.7233 -3.8729
v  -2.1336 -1.7576 -3.8389
v  -2.1198 -1.7616 -3.8295
v  -2.1080 -1.7601 -3.8164
v  -2.0656 -1.7570 -3.7720
v  -2.0195 -1.7651 -3.7351
v  -1.9738 -1.7802 -3.7055
v  -1.9610 -1.7857 -3.6986
v  -1.9541 -1.7867 -3.6928
v  -1.9512 -1.7821 -3.6854
v  -2.3326 -0.9740 -2.8044
v  -2.3336 -0.9683 -2.7995
v  -2.3368 -0.9624 -2.7962
v  -2.3421 -0.9569 -2.7948
v  -2.3491 -0.9526 -2.7961
v  -2.3746 -0.9425 -2.8060
v  -2.3878 -0.9416 -2.8154
v  -2.3927 -0.9505 -2.8281
v  -2.3776 -1.8396 -3.7022
v  -2.3663 -1.8634 -3.7171
v  -2.3419 -1.8805 -3.7150
v  -2.2676 -1.9099 -3.6860
v  -2.2530 -1.9128 -3.6775
v  -2.2404 -1.9105 -3.6653
v  -2.1953 -1.9044 -3.6240
v  -2.1463 -1.9092 -3.5904
v  -2.0977 -1.9210 -3.5641
v  -2.0842 -1.9257 -3.5581
v  -2.0768 -1.9261 -3.5528
v  -2.0737 -1.9214 -3.5456
v  -2.4484 -1.1398 -2.6382
v  -2.4494 -1.1341 -2.6332
v  -2.4528 -1.1285 -2.6296
v  -2.4582 -1.1235 -2.6279
v  -2.4656 -1.1196 -2.6285
v  -2.4924 -1.1113 -2.6366
v  -2.5063 -1.1112 -2.6451
v  -2.5115 -1.1205 -2.6575
v  -2.4954 -2.0083 -3.5330
v  -2.4835 -2.0314 -3.5488
v  -2.4578 -2.0467 -3.5483
v  -2.3798 -2.0707 -3.5246
v  -2.3645 -2.0726 -3.5171
v  -2.3514 -2.0693 -3.5058
v  -2.3040 -2.0601 -3.4677
v  -2.2526 -2.0615 -3.4376
v  -2.2015 -2.0699 -3.4148
v  -2.1873 -2.0735 -3.4097
v  -2.1796 -2.0735 -3.4050
v  -2.1763 -2.0685 -3.3980
v  -2.5406 -1.3128 -2.4647
v  -2.5416 -1.3073 -2.4597
v  -2.5451 -1.3019 -2.4559
v  -2.5507 -1.2973 -2.4537
v  -2.5583 -1.2939 -2.4538
v  -2.5861 -1.2875 -2.4600
v  -2.6006 -1.2884 -2.4675
v  -2.6061 -1.2980 -2.4796
v  -2.5892 -2.1844 -3.3565
v  -2.5768 -2.2067 -3.3731
v  -2.5501 -2.2201 -3.3744
v  -2.4691 -2.2387 -3.3562
v  -2.4533 -2.2394 -3.3498
v  -2.4397 -2.2352 -3.3395
v  -2.3897 -2.2240 -3.3056
v  -2.3371 -2.2205 -3.2783
v  -2.2842 -2.2252 -3.2590
v  -2.2694 -2.2279 -3.2550
v  -2.2614 -2.2273 -3.2508
v  -2.2580 -2.2221 -3.2441
v  -2.6082 -1.4915 -2.2857
v  -2.6093 -1.4861 -2.2806
v  -2.6128 -1.4810 -2.2765
v  -2.6185 -1.4767 -2.2740
v  -2.6264 -1.4738 -2.2735
v  -2.6549 -1.4694 -2.2778
v  -2.6698 -1.4713 -2.2842
v  -2.6754 -1.4813 -2.2959
v  -2.6581 -2.3662 -3.1744
v  -2.6453 -2.3876 -3.1919
v  -2.6178 -2.3992 -3.1951
v  -2.5347 -2.4120 -3.1826
v  -2.5185 -2.4117 -3.1773
v  -2.5045 -2.4065 -3.1678
v  -2.4532 -2.3918 -3.1376
v  -2.3992 -2.3846 -3.1139
v  -2.3449 -2.3856 -3.0984
v  -2.3297 -2.3872 -3.0954
v  -2.3215 -2.3860 -3.0917
v  -2.3180 -2.3806 -3.0853
v  -2.6506 -1.6741 -2.1029
v  -2.6517 -1.6687 -2.0977
v  -2.6553 -1.6638 -2.0934
v  -2.6612 -1.6599 -2.0905
v  -2.6692 -1.6576 -2.0895
v  -2.6982 -1.6552 -2.0917
v  -2.7133 -1.6582 -2.0972
v  -2.7190 -1.6686 -2.1085
v  -2.7012 -2.5520 -2.9884
v  -2.6883 -2.5725 -3.0068
v  -2.6604 -2.5822 -3.0119
v  -2.5760 -2.5892 -3.0052
v  -2.5595 -2.5877 -3.0011
v  -2.5452 -2.5815 -2.9926
v  -2.4931 -2.5632 -2.9659
v  -2.4382 -2.5522 -2.9461
v  -2.3830 -2.5495 -2.9343
v  -2.3676 -2.5500 -2.9324
v  -2.3593 -2.5483 -2.9293
v  -2.3557 -2.5426 -2.9231
v  -2.6676 -1.8588 -1.9181
v  -2.6686 -1.8535 -1.9128
v  -2.6723 -1.8488 -1.9083
v  -2.6782 -1.8453 -1.9049
v  -2.6863 -1.8436 -1.9034
v  -2.7155 -1.8432 -1.9036
v  -2.7306 -1.8473 -1.9080
v  -2.7363 -1.8580 -1.9189
v  -2.7185 -2.7399 -2.8004
v  -2.7055 -2.7595 -2.8196
v  -2.6774 -2.7672 -2.8267
v  -2.5924 -2.7683 -2.8259
v  -2.5758 -2.7657 -2.8230
v  -2.5615 -2.7586 -2.8155
v  -2.5091 -2.7367 -2.7924
v  -2.4538 -2.7219 -2.7764
v  -2.3982 -2.7152 -2.7685
v  -2.3827 -2.7147 -2.7676
v  -2.3743 -2.7124 -2.7651
v  -2.3708 -2.7065 -2.7592
v  -2.6573 -2.0436 -1.7331
v  -2.6590 -2.0382 -1.7275
v  -2.6633 -2.0340 -1.7228
v  -2.6695 -2.0313 -1.7193
v  -2.6775 -2.0300 -1.7171
v  -2.7066 -2.0316 -1.7153
v  -2.7217 -2.0367 -1.7187
v  -2.7274 -2.0478 -1.7292
v  -2.7096 -2.9282 -2.6121
v  -2.6966 -2.9469 -2.6323
v  -2.6687 -2.9527 -2.6413
v  -2.5840 -2.9479 -2.6464
v  -2.5674 -2.9441 -2.6446
v  -2.5532 -2.9360 -2.6381
v  -2.5009 -2.9104 -2.6187
v  -2.4458 -2.8918 -2.6065
v  -2.3904 -2.8813 -2.6025
v  -2.3749 -2.8797 -2.6027
v  -2.3666 -2.8768 -2.6007
v  -2.3630 -2.8707 -2.5950
v  -2.6246 -2.2274 -1.5497
v  -2.6256 -2.2223 -1.5443
v  -2.6292 -2.2181 -1.5392
v  -2.6350 -2.2155 -1.5350
v  -2.6430 -2.2148 -1.5323
v  -2.6717 -2.2184 -1.5285
v  -2.6866 -2.2246 -1.5308
v  -2.6923 -2.2362 -1.5410
v  -2.6733 -3.1147 -2.4254
v  -2.6619 -3.1328 -2.4465
v  -2.6343 -3.1366 -2.4575
v  -2.5505 -3.1270 -2.4694
v  -2.5336 -3.1222 -2.4690
v  -2.5192 -3.1130 -2.4636
v  -2.4686 -3.0829 -2.4464
v  -2.4143 -3.0604 -2.4380
v  -2.3596 -3.0461 -2.4378
v  -2.3443 -3.0435 -2.4391
v  -2.3361 -3.0400 -2.4377
v  -2.3326 -3.0336 -2.4323
v  -2.5650 -2.4079 -1.3696
v  -2.5660 -2.4028 -1.3641
v  -2.5695 -2.3988 -1.3588
v  -2.5752 -2.3966 -1.3542
v  -2.5829 -2.3965 -1.3509
v  -2.6110 -2.4021 -1.3452
v  -2.6256 -2.4093 -1.3464
v  -2.6312 -2.4212 -1.3562
v  -2.6142 -3.2987 -2.2421
v  -2.6016 -3.3156 -2.2642
v  -2.5746 -3.3174 -2.2770
v  -2.4929 -3.3010 -2.2937
v  -2.4769 -3.2949 -2.2940
v  -2.4632 -3.2849 -2.2895
v  -2.4127 -3.2523 -2.2773
v  -2.3596 -3.2261 -2.2726
v  -2.3061 -3.2080 -2.2761
v  -2.2912 -3.2043 -2.2785
v  -2.2831 -3.2003 -2.2777
v  -2.2797 -3.1937 -2.2724
v  -2.4807 -2.5833 -1.1945
v  -2.4816 -2.5783 -1.1889
v  -2.4850 -2.5746 -1.1833
v  -2.4905 -2.5727 -1.1784
v  -2.4980 -2.5732 -1.1746
v  -2.5252 -2.5807 -1.1669
v  -2.5393 -2.5889 -1.1672
v  -2.5446 -2.6012 -1.1766
v  -2.5284 -3.4772 -2.0640
v  -2.5162 -3.4932 -2.0869
v  -2.4901 -3.4932 -2.1015
v  -2.4111 -3.4712 -2.1238
v  -2.3956 -3.4641 -2.1253
v  -2.3813 -3.4540 -2.1232
v  -2.3335 -3.4170 -2.1129
v  -2.2821 -3.3872 -2.1118
v  -2.2305 -3.3655 -2.1190
v  -2.2160 -3.3608 -2.1224
v  -2.2082 -3.3562 -2.1221
v  -2.2049 -3.3493 -2.1171
v  -2.3723 -2.7521 -1.0262
v  -2.3733 -2.7470 -1.0205
v  -2.3765 -2.7436 -1.0147
v  -2.3819 -2.7421 -1.0093
v  -2.3891 -2.7432 -1.0051
v  -2.4151 -2.7525 -0.9956
v  -2.4285 -2.7617 -0.9950
v  -2.4335 -2.7744 -1.0040
v  -2.4181 -3.6489 -1.8927
v  -2.4066 -3.6641 -1.9164
v  -2.3817 -3.6624 -1.9328
v  -2.3061 -3.6350 -1.9604
v  -2.2913 -3.6269 -1.9630
v  -2.2786 -3.6150 -1.9604
v  -2.2319 -3.5756 -1.9548
v  -2.1828 -3.5423 -1.9572
v  -2.1333 -3.5170 -1.9679
v  -2.1195 -3.5113 -1.9723
v  -2.1121 -3.5062 -1.9725
v  -2.1089 -3.4991 -1.9678
v  -2.2411 -2.9125 -0.8663
v  -2.2420 -2.9075 -0.8605
v  -2.2452 -2.9043 -0.8544
v  -2.2503 -2.9032 -0.8487
v  -2.2571 -2.9048 -0.8440
v  -2.2817 -2.9160 -0.8327
v  -2.2943 -2.9261 -0.8314
v  -2.2989 -2.9390 -0.8401
v  -2.2846 -3.8122 -1.7300
v  -2.2738 -3.8265 -1.7544
v  -2.2503 -3.8233 -1.7725
v  -2.1790 -3.7908 -1.8052
v  -2.1650 -3.7817 -1.8089
v  -2.1529 -3.7690 -1.8071
v  -2.1096 -3.7255 -1.8031
v  -2.0625 -3.6897 -1.8103
v  -2.0157 -3.6612 -1.8243
v  -2.0027 -3.6545 -1.8296
v  -1.9957 -3.6489 -1.8304
v  -1.9927 -3.6416 -1.8258
v  -2.0883 -3.0631 -0.7164
v  -2.0892 -3.0582 -0.7105
v  -2.0922 -3.0552 -0.7041
v  -2.0970 -3.0545 -0.6979
v  -2.1034 -3.0566 -0.6928
v  -2.1263 -3.0694 -0.6799
v  -2.1380 -3.0805 -0.6779
v  -2.1422 -3.0936 -0.6863
v  -2.1292 -3.9655 -1.5774
v  -2.1191 -3.9791 -1.6024
v  -2.0974 -3.9743 -1.6221
v  -2.0309 -3.9371 -1.6596
v  -2.0178 -3.9271 -1.6642
v  -2.0066 -3.9135 -1.6633
v  -1.9662 -3.8672 -1.6622
v  -1.9227 -3.8272 -1.6711
v  -1.8788 -3.7965 -1.6897
v  -1.8666 -3.7889 -1.6958
v  -1.8600 -3.7828 -1.6971
v  -1.8572 -3.7754 -1.6927
v  -1.9155 -3.2025 -0.5778
v  -1.9163 -3.1976 -0.5717
v  -1.9191 -3.1948 -0.5651
v  -1.9236 -3.1945 -0.5586
v  -1.9295 -3.1971 -0.5531
v  -1.9505 -3.2114 -0.5387
v  -1.9611 -3.2233 -0.5360
v  -1.9649 -3.2366 -0.5442
v  -1.9533 -4.1073 -1.4363
v  -1.9442 -4.1202 -1.4619
v  -1.9243 -4.1141 -1.4831
v  -1.8633 -4.0724 -1.5250
v  -1.8513 -4.0616 -1.5306
v  -1.8409 -4.0473 -1.5305
v  -1.8039 -3.9982 -1.5320
v  -1.7640 -3.9554 -1.5437
v  -1.7237 -3.9217 -1.5652
v  -1.7126 -3.9134 -1.5721
v  -1.7066 -3.9068 -1.5738
v  -1.7040 -3.8991 -1.5696
v  -1.7243 -3.3293 -0.4518
v  -1.7251 -3.3244 -0.4457
v  -1.7276 -3.3218 -0.4388
v  -1.7316 -3.3218 -0.4321
v  -1.7370 -3.3249 -0.4262
v  -1.7559 -3.3406 -0.4104
v  -1.7654 -3.3532 -0.4071
v  -1.7688 -3.3667 -0.4150
v  -1.7587 -4.2363 -1.3082
v  -1.7505 -4.2486 -1.3343
v  -1.7327 -4.2413 -1.3568
v  -1.6778 -4.1956 -1.4027
v  -1.6670 -4.1839 -1.4091
v  -1.6576 -4.1690 -1.4097
v  -1.6243 -4.1175 -1.4136
v  -1.5884 -4.0720 -1.4280
v  -1.5523 -4.0346 -1.4508
v  -1.5423 -4.0256 -1.4584
v  -1.5367 -4.0196 -1.4617
v  -1.5344 -4.0117 -1.4578
v  -1.5166 -3.4423 -0.3397
v  -1.5172 -3.4375 -0.3336
v  -1.5194 -3.4350 -0.3265
v  -1.5230 -3.4353 -0.3195
v  -1.5277 -3.4387 -0.3133
v  -1.5443 -3.4557 -0.2962
v  -1.5527 -3.4689 -0.2923
v  -1.5557 -3.4826 -0.3000
v  -1.5473 -4.3513 -1.1941
v  -1.5401 -4.3631 -1.2208
v  -1.5245 -4.3546 -1.2444
v  -1.4762 -4.3053 -1.2939
v  -1.4667 -4.2930 -1.3010
v  -1.4584 -4.2774 -1.3022
v  -1.4291 -4.2237 -1.3083
v  -1.3975 -4.1759 -1.3250
v  -1.3656 -4.1371 -1.3514
v  -1.3568 -4.1274 -1.3597
v  -1.3520 -4.1201 -1.3622
v  -1.3500 -4.1121 -1.3583
v  -1.2943 -3.5405 -0.2426
v  -1.2948 -3.5357 -0.2364
v  -1.2967 -3.5333 -0.2292
v  -1.2997 -3.5339 -0.2219
v  -1.3037 -3.5376 -0.2154
v  -1.3179 -3.5556 -0.1973
v  -1.3251 -3.5694 -0.1929
v  -1.3276 -3.5833 -0.2004
v  -1.3211 -4.4512 -1.0953
v  -1.3150 -4.4624 -1.1224
v  -1.3016 -4.4529 -1.1470
v  -1.2604 -4.4005 -1.1996
v  -1.2523 -4.3876 -1.2073
v  -1.2453 -4.3715 -1.2091
v  -1.2202 -4.3159 -1.2170
v  -1.1930 -4.2669 -1.2372
v  -1.1660 -4.2252 -1.2642
v  -1.1585 -4.2149 -1.2731
v  -1.1544 -4.2073 -1.2758
v  -1.1527 -4.1992 -1.2721
v  -1.0595 -3.6227 -0.1614
v  -1.0599 -3.6180 -0.1552
v  -1.0614 -3.6157 -0.1479
v  -1.0639 -3.6165 -0.1404
v  -1.0672 -3.6205 -0.1336
v  -1.0788 -3.6394 -0.1146
v  -1.0847 -3.6537 -0.1097
v  -1.0868 -3.6677 -0.1172
v  -1.0821 -4.5349 -1.0127
v  -1.0772 -4.5457 -1.0401
v  -1.0662 -4.5354 -1.0656
v  -1.0325 -4.4804 -1.1208
v  -1.0259 -4.4670 -1.1290
v  -1.0201 -4.4504 -1.1312
v  -0.9993 -4.3938 -1.1422
v  -0.9773 -4.3425 -1.1625
v  -0.9552 -4.2991 -1.1913
v  -0.9490 -4.2883 -1.2006
v  -0.9457 -4.2805 -1.2036
v  -0.9443 -4.2722 -1.2000
v  -0.8144 -3.6883 -0.0970
v  -0.8148 -3.6835 -0.0907
v  -0.8160 -3.6814 -0.0832
v  -0.8179 -3.6823 -0.0755
v  -0.8204 -3.6866 -0.0686
v  -0.8294 -3.7063 -0.0488
v  -0.8339 -3.7209 -0.0437
v  -0.8354 -3.7349 -0.0511
v  -0.8328 -4.6016 -0.9471
v  -0.8290 -4.6121 -0.9748
v  -0.8207 -4.6012 -1.0009
v  -0.7947 -4.5451 -1.0594
v  -0.7894 -4.5309 -1.0683
v  -0.7849 -4.5137 -1.0709
v  -0.7692 -4.4555 -1.0816
v  -0.7522 -4.4028 -1.1033
v  -0.7352 -4.3580 -1.1333
v  -0.7305 -4.3469 -1.1431
v  -0.7279 -4.3388 -1.1463
v  -0.7268 -4.3305 -1.1427
v  -0.5616 -3.7365 -0.0499
v  -0.5618 -3.7317 -0.0435
v  -0.5626 -3.7297 -0.0359
v  -0.5640 -3.7308 -0.0281
v  -0.5657 -3.7353 -0.0210
v  -0.5719 -3.7555 -0.0007
v  -0.5750 -3.7704 0.0045
v  -0.5761 -3.7844 -0.0028
v  -0.5755 -4.6505 -0.8992
v  -0.5729 -4.6610 -0.9270
v  -0.5673 -4.6510 -0.9545
v  -0.5493 -4.5921 -1.0136
v  -0.5457 -4.5775 -1.0228
v  -0.5425 -4.5601 -1.0256
v  -0.5316 -4.5009 -1.0373
v  -0.5200 -4.4472 -1.0599
v  -0.5082 -4.4015 -1.0910
v  -0.5050 -4.3900 -1.1010
v  -0.5032 -4.3818 -1.1043
v  -0.5024 -4.3734 -1.1008
v  -0.3033 -3.7669 -0.0206
v  -0.3035 -3.7621 -0.0142
v  -0.3039 -3.7602 -0.0064
v  -0.3046 -3.7615 0.0015
v  -0.3056 -3.7661 0.0087
v  -0.3089 -3.7867 0.0293
v  -0.3106 -3.8018 0.0344
v  -0.3112 -3.8157 0.0272
v  -0.3127 -4.6817 -0.8693
v  -0.3115 -4.6930 -0.8971
v  -0.3084 -4.6817 -0.9249
v  -0.2987 -4.6218 -0.9850
v  -0.2967 -4.6071 -0.9944
v  -0.2950 -4.5894 -0.9974
v  -0.2891 -4.5297 -1.0096
v  -0.2827 -4.4754 -1.0328
v  -0.2764 -4.4290 -1.0645
v  -0.2746 -4.4174 -1.0747
v  -0.2736 -4.4090 -1.0781
v  -0.2732 -4.4006 -1.0747
v  -0.1102 -3.7781 -0.0104
v  -0.1102 -3.7733 -0.0039
v  -0.1103 -3.7713 0.0039
v  -0.1106 -3.7727 0.0119
v  -0.1109 -3.7774 0.0191
v  -0.1119 -3.7981 0.0397
v  -0.1125 -3.8132 0.0449
v  -0.1127 -3.8271 0.0376
v  -0.1160 -4.6930 -0.8588
v  -0.1157 -4.7041 -0.8867
v  -0.1146 -4.6925 -0.9143
v  -0.1115 -4.6324 -0.9745
v  -0.1108 -4.6178 -0.9839
v  -0.1102 -4.6002 -0.9870
v  -0.1082 -4.5402 -0.9994
v  -0.1061 -4.4856 -1.0227
v  -0.1040 -4.4393 -1.0550
v  -0.1034 -4.4276 -1.0652
v  -0.1031 -4.4193 -1.0687
v  -0.1029 -4.4108 -1.0653
v  -0.1973 -0.3755 -3.7374
v  -0.4294 -0.3967 -3.7152
v  -0.6573 -0.4339 -3.6770
v  -0.8789 -0.4867 -3.6232
v  -1.0921 -0.5546 -3.5543
v  -1.2948 -0.6370 -3.4710
v  -1.4850 -0.7330 -3.3740
v  -1.6609 -0.8418 -3.2644
v  -1.8208 -0.9624 -3.1432
v  -1.9632 -1.0934 -3.0114
v  -2.0867 -1.2338 -2.8705
v  -2.1901 -1.3820 -2.7218
v  -2.2724 -1.5368 -2.5667
v  -2.3329 -1.6966 -2.4066
v  -2.3709 -1.8598 -2.2432
v  -2.3860 -2.0250 -2.0780
v  -2.3782 -2.1904 -1.9126
v  -2.3475 -2.3546 -1.7485
v  -2.2943 -2.5159 -1.5875
v  -2.2189 -2.6728 -1.4309
v  -2.1221 -2.8238 -1.2804
v  -2.0050 -2.9673 -1.1374
v  -1.8685 -3.1021 -1.0032
v  -1.7140 -3.2269 -0.8792
v  -1.5431 -3.3403 -0.7665
v  -1.3573 -3.4415 -0.6662
v  -1.1584 -3.5292 -0.5793
v  -0.9484 -3.6029 -0.5067
v  -0.7293 -3.6616 -0.4490
v  -0.5031 -3.7048 -0.4068
v  -0.2721 -3.7322 -0.3804
v  -0.1005 -3.7425 -0.3710
v  -0.0208 -0.9810 -4.1663
v  -0.1887 -0.9855 -4.1610
v  -0.4079 -1.0055 -4.1400
v  -0.6233 -1.0406 -4.1039
v  -0.8326 -1.0905 -4.0530
v  -1.0339 -1.1547 -3.9880
v  -1.2254 -1.2325 -3.9093
v  -1.4050 -1.3232 -3.8177
v  -1.5712 -1.4260 -3.7142
v  -1.7222 -1.5398 -3.5997
v  -1.8567 -1.6636 -3.4753
v  -1.9734 -1.7962 -3.3422
v  -2.0710 -1.9362 -3.2017
v  -2.1488 -2.0824 -3.0551
v  -2.2059 -2.2333 -2.9040
v  -2.2418 -2.3875 -2.7496
v  -2.2561 -2.5435 -2.5936
v  -2.2488 -2.6998 -2.4373
v  -2.2198 -2.8548 -2.2824
v  -2.1694 -3.0072 -2.1303
v  -2.0982 -3.1554 -1.9824
v  -2.0069 -3.2980 -1.8402
v  -1.8962 -3.4336 -1.7051
v  -1.7673 -3.5609 -1.5784
v  -1.6214 -3.6787 -1.4613
v  -1.4599 -3.7859 -1.3548
v  -1.2844 -3.8814 -1.2601
v  -1.0966 -3.9643 -1.1781
v  -0.8982 -4.0338 -1.1094
v  -0.6913 -4.0893 -1.0549
v  -0.4777 -4.1302 -1.0150
v  -0.2595 -4.1561 -0.9902
v  -0.0979 -4.1659 -0.9811
v  -0.0216 -0.1707 -3.9346
v  -0.2201 -0.1803 -3.9325
v  -0.2196 -0.1845 -3.9283
v  -0.2201 -0.1760 -3.9284
v  -0.4791 -0.2040 -3.9077
v  -0.4780 -0.2081 -3.9035
v  -0.4791 -0.1996 -3.9035
v  -0.7335 -0.2454 -3.8651
v  -0.7319 -0.2495 -3.8610
v  -0.7335 -0.2411 -3.8609
v  -0.9809 -0.3044 -3.8050
v  -0.9787 -0.3083 -3.8011
v  -0.9809 -0.3000 -3.8008
v  -1.2188 -0.3802 -3.7281
v  -1.2160 -0.3839 -3.7244
v  -1.2188 -0.3758 -3.7239
v  -1.4450 -0.4721 -3.6351
v  -1.4417 -0.4757 -3.6316
v  -1.4450 -0.4678 -3.6310
v  -1.6573 -0.5793 -3.5269
v  -1.6535 -0.5827 -3.5236
v  -1.6573 -0.5750 -3.5228
v  -1.8536 -0.7008 -3.4046
v  -1.8494 -0.7038 -3.4016
v  -1.8536 -0.6965 -3.4004
v  -2.0321 -0.8353 -3.2693
v  -2.0275 -0.8380 -3.2665
v  -2.0321 -0.8310 -3.2651
v  -2.1910 -0.9815 -3.1223
v  -2.1861 -0.9840 -3.1199
v  -2.1911 -0.9773 -3.1181
v  -2.3288 -1.1382 -2.9650
v  -2.3236 -1.1403 -2.9630
v  -2.3289 -1.1339 -2.9608
v  -2.4443 -1.3037 -2.7990
v  -2.4388 -1.3054 -2.7973
v  -2.4443 -1.2994 -2.7948
v  -2.5361 -1.4764 -2.6259
v  -2.5304 -1.4777 -2.6246
v  -2.5362 -1.4721 -2.6216
v  -2.6036 -1.6547 -2.4472
v  -2.5978 -1.6556 -2.4463
v  -2.6037 -1.6505 -2.4430
v  -2.6460 -1.8369 -2.2648
v  -2.6401 -1.8374 -2.2644
v  -2.6461 -1.8327 -2.2606
v  -2.6630 -2.0212 -2.0804
v  -2.6570 -2.0213 -2.0804
v  -2.6630 -2.0170 -2.0762
v  -2.6543 -2.2059 -1.8958
v  -2.6483 -2.2056 -1.8962
v  -2.6543 -2.2017 -1.8916
v  -2.6200 -2.3891 -1.7127
v  -2.6141 -2.3884 -1.7135
v  -2.6201 -2.3849 -1.7085
v  -2.5605 -2.5692 -1.5330
v  -2.5547 -2.5680 -1.5342
v  -2.5606 -2.5650 -1.5287
v  -2.4764 -2.7443 -1.3583
v  -2.4708 -2.7427 -1.3598
v  -2.4765 -2.7401 -1.3540
v  -2.3684 -2.9128 -1.1903
v  -2.3631 -2.9108 -1.1922
v  -2.3685 -2.9086 -1.1860
v  -2.2376 -3.0730 -1.0306
v  -2.2326 -3.0707 -1.0329
v  -2.2377 -3.0688 -1.0264
v  -2.0853 -3.2235 -0.8809
v  -2.0806 -3.2208 -0.8835
v  -2.0854 -3.2193 -0.8766
v  -1.9129 -3.3627 -0.7424
v  -1.9086 -3.3597 -0.7454
v  -1.9130 -3.3585 -0.7382
v  -1.7221 -3.4893 -0.6167
v  -1.7183 -3.4861 -0.6199
v  -1.7222 -3.4852 -0.6124
v  -1.5148 -3.6022 -0.5048
v  -1.5114 -3.5987 -0.5083
v  -1.5148 -3.5980 -0.5005
v  -1.2928 -3.7002 -0.4078
v  -1.2899 -3.6965 -0.4115
v  -1.2928 -3.6960 -0.4035
v  -1.0584 -3.7823 -0.3267
v  -1.0560 -3.7784 -0.3306
v  -1.0584 -3.7781 -0.3224
v  -0.8138 -3.8479 -0.2623
v  -0.8120 -3.8438 -0.2664
v  -0.8138 -3.8437 -0.2580
v  -0.5614 -3.8961 -0.2152
v  -0.5602 -3.8920 -0.2193
v  -0.5614 -3.8920 -0.2109
v  -0.3036 -3.9267 -0.1858
v  -0.3029 -3.9225 -0.1900
v  -0.3036 -3.9225 -0.1815
v  -0.1107 -3.9379 -0.1755
v  -0.1105 -3.9337 -0.1797
v  -0.1107 -3.9337 -0.1712
v  -0.0221 -0.8636 -4.2918
v  -0.2030 -0.8632 -4.2832
v  -0.2029 -0.8684 -4.2861
v  -0.2026 -0.8673 -4.2792
v  -0.4391 -0.8847 -4.2606
v  -0.4388 -0.8900 -4.2635
v  -0.4381 -0.8888 -4.2566
v  -0.6710 -0.9225 -4.2218
v  -0.6706 -0.9277 -4.2247
v  -0.6694 -0.9265 -4.2178
v  -0.8965 -0.9762 -4.1670
v  -0.8959 -0.9814 -4.1700
v  -0.8943 -0.9801 -4.1632
v  -1.1133 -1.0453 -4.0969
v  -1.1126 -1.0505 -4.0999
v  -1.1107 -1.0490 -4.0933
v  -1.3195 -1.1291 -4.0122
v  -1.3186 -1.1342 -4.0152
v  -1.3164 -1.1326 -4.0087
v  -1.5130 -1.2269 -3.9136
v  -1.5119 -1.2319 -3.9167
v  -1.5094 -1.2301 -3.9104
v  -1.6919 -1.3376 -3.8021
v  -1.6908 -1.3425 -3.8052
v  -1.6879 -1.3405 -3.7991
v  -1.8546 -1.4602 -3.6787
v  -1.8534 -1.4650 -3.6820
v  -1.8502 -1.4628 -3.6761
v  -1.9995 -1.5935 -3.5447
v  -1.9981 -1.5982 -3.5481
v  -1.9947 -1.5958 -3.5424
v  -2.1251 -1.7362 -3.4014
v  -2.1237 -1.7409 -3.4049
v  -2.1201 -1.7382 -3.3994
v  -2.2303 -1.8871 -3.2501
v  -2.2288 -1.8916 -3.2537
v  -2.2250 -1.8887 -3.2485
v  -2.3141 -2.0445 -3.0922
v  -2.3125 -2.0490 -3.0959
v  -2.3086 -2.0458 -3.0910
v  -2.3756 -2.2071 -2.9294
v  -2.3739 -2.2114 -2.9332
v  -2.3699 -2.2079 -2.9286
v  -2.4142 -2.3731 -2.7632
v  -2.4126 -2.3773 -2.7671
v  -2.4085 -2.3736 -2.7627
v  -2.4297 -2.5411 -2.5951
v  -2.4280 -2.5452 -2.5991
v  -2.4239 -2.5412 -2.5951
v  -2.4217 -2.7095 -2.4268
v  -2.4201 -2.7134 -2.4310
v  -2.4160 -2.7091 -2.4272
v  -2.3905 -2.8765 -2.2600
v  -2.3889 -2.8803 -2.2642
v  -2.3848 -2.8758 -2.2607
v  -2.3363 -3.0406 -2.0961
v  -2.3347 -3.0443 -2.1005
v  -2.3307 -3.0395 -2.0972
v  -2.2596 -3.2002 -1.9369
v  -2.2581 -3.2038 -1.9414
v  -2.2542 -3.1987 -1.9384
v  -2.1612 -3.3537 -1.7837
v  -2.1597 -3.3573 -1.7884
v  -2.1561 -3.3519 -1.7856
v  -2.0420 -3.4998 -1.6382
v  -2.0406 -3.5032 -1.6429
v  -2.0371 -3.4976 -1.6405
v  -1.9032 -3.6369 -1.5017
v  -1.9019 -3.6402 -1.5065
v  -1.8987 -3.6344 -1.5043
v  -1.7461 -3.7638 -1.3756
v  -1.7449 -3.7671 -1.3805
v  -1.7419 -3.7610 -1.3784
v  -1.5722 -3.8793 -1.2609
v  -1.5711 -3.8824 -1.2659
v  -1.5684 -3.8762 -1.2641
v  -1.3831 -3.9821 -1.1589
v  -1.3822 -3.9852 -1.1640
v  -1.3798 -3.9788 -1.1623
v  -1.1808 -4.0714 -1.0705
v  -1.1800 -4.0745 -1.0757
v  -1.1780 -4.0679 -1.0741
v  -0.9672 -4.1463 -0.9967
v  -0.9665 -4.1493 -1.0018
v  -0.9649 -4.1426 -1.0004
v  -0.7443 -4.2061 -0.9379
v  -0.7438 -4.2090 -0.9431
v  -0.7425 -4.2022 -0.9418
v  -0.5142 -4.2501 -0.8950
v  -0.5139 -4.2530 -0.9002
v  -0.5130 -4.2461 -0.8990
v  -0.2792 -4.2779 -0.8682
v  -0.2790 -4.2808 -0.8734
v  -0.2786 -4.2739 -0.8723
v  -0.1044 -4.2883 -0.8586
v  -0.1043 -4.2912 -0.8638
v  -0.1042 -4.2843 -0.8627
v  -0.2275 -0.8489 -4.6732
v  -0.2253 0.0180 -3.8360
v  -0.4915 -0.8728 -4.6481
v  -0.4914 -0.0061 -3.8107
v  -0.7509 -0.9149 -4.6048
v  -0.7528 -0.0485 -3.7671
v  -1.0031 -0.9749 -4.5437
v  -1.0070 -0.1089 -3.7055
v  -1.2457 -1.0522 -4.4653
v  -1.2514 -0.1868 -3.6265
v  -1.4761 -1.1461 -4.3703
v  -1.4838 -0.2813 -3.5310
v  -1.6927 -1.2552 -4.2602
v  -1.7019 -0.3914 -3.4198
v  -1.8929 -1.3790 -4.1356
v  -1.9037 -0.5161 -3.2942
v  -2.0750 -1.5160 -3.9977
v  -2.0872 -0.6543 -3.1552
v  -2.2371 -1.6651 -3.8479
v  -2.2506 -0.8045 -3.0042
v  -2.3779 -1.8247 -3.6876
v  -2.3925 -0.9654 -2.8427
v  -2.4957 -1.9934 -3.5184
v  -2.5112 -1.1354 -2.6722
v  -2.5896 -2.1695 -3.3418
v  -2.6058 -1.3129 -2.4943
v  -2.6584 -2.3514 -3.1597
v  -2.6751 -1.4961 -2.3107
v  -2.7016 -2.5372 -2.9736
v  -2.7187 -1.6834 -2.1232
v  -2.7188 -2.7252 -2.7856
v  -2.7360 -1.8728 -1.9337
v  -2.7100 -2.9135 -2.5973
v  -2.7271 -2.0626 -1.7440
v  -2.6736 -3.1002 -2.4108
v  -2.6920 -2.2509 -1.5558
v  -2.6146 -3.2840 -2.2273
v  -2.6309 -2.4360 -1.3711
v  -2.5287 -3.4625 -2.0491
v  -2.5443 -2.6159 -1.1915
v  -2.4185 -3.6343 -1.8778
v  -2.4332 -2.7890 -1.0189
v  -2.2849 -3.7976 -1.7151
v  -2.2987 -2.9536 -0.8550
v  -2.1294 -3.9510 -1.5625
v  -2.1420 -3.1081 -0.7012
v  -1.9535 -4.0928 -1.4215
v  -1.9647 -3.2511 -0.5590
v  -1.7589 -4.2219 -1.2933
v  -1.7686 -3.3811 -0.4298
v  -1.5475 -4.3369 -1.1792
v  -1.5555 -3.4970 -0.3149
v  -1.3212 -4.4368 -1.0804
v  -1.3275 -3.5977 -0.2153
v  -1.0822 -4.5205 -0.9978
v  -1.0867 -3.6821 -0.1320
v  -0.8329 -4.5873 -0.9322
v  -0.8354 -3.7493 -0.0659
v  -0.5755 -4.6362 -0.8844
v  -0.5761 -3.7988 -0.0176
v  -0.3127 -4.6673 -0.8545
v  -0.3112 -3.8300 0.0124
v  -0.1159 -4.6787 -0.8440
v  -0.1128 -3.8414 0.0228
v  0.0924 -4.4114 -1.0656
v  0.0960 -3.7442 -0.3701
v  0.1035 -3.9356 -0.1787
v  -0.0041 -2.5748 -2.5724
v  -0.0006 -2.0794 -2.0343
v  -0.4723 -0.0645 0.0608
v  -0.4317 -0.0589 0.0592
v  -0.3312 -0.8099 -0.7245
v  -0.3040 -0.7783 -0.6999
v  -0.2902 -0.8146 -0.6635
v  -0.3158 -0.8493 -0.6848
v  -0.3106 -0.7421 -0.6618
v  -0.2961 -0.7797 -0.6250
v  -0.3458 -0.7248 -0.6351
v  -0.3292 -0.7665 -0.5939
v  -0.3860 -0.7139 -0.6136
v  -0.3679 -0.7605 -0.5672
v  -0.4221 -0.6960 -0.5862
v  -0.4022 -0.7471 -0.5355
v  -0.4502 -0.6728 -0.5556
v  -0.4290 -0.7274 -0.5014
v  -0.4695 -0.6459 -0.5234
v  -0.4474 -0.7028 -0.4668
v  -0.4800 -0.6170 -0.4916
v  -0.4573 -0.6753 -0.4337
v  -0.4826 -0.5880 -0.4618
v  -0.4598 -0.6467 -0.4035
v  -0.4806 -0.1834 -0.0557
v  -0.4572 -0.2428 0.0032
v  -0.4495 -0.1235 0.1193
v  -0.4560 -0.0599 0.0614
v  -0.4341 -0.1166 0.1180
v  -0.4106 -0.1119 0.1121
v  -0.2676 -0.8490 -0.6292
v  -0.2910 -0.8863 -0.6475
v  -0.2727 -0.8151 -0.5904
v  -0.3027 -0.8056 -0.5554
v  -0.3386 -0.8043 -0.5239
v  -0.3701 -0.7951 -0.4881
v  -0.3948 -0.7788 -0.4508
v  -0.4118 -0.7565 -0.4139
v  -0.4209 -0.7302 -0.3795
v  -0.4231 -0.7020 -0.3490
v  -0.4198 -0.2986 0.0582
v  -0.4126 -0.1791 0.1741
v  -0.3987 -0.1700 0.1712
v  -0.3778 -0.1606 0.1608
v  -0.2369 -0.8804 -0.5979
v  -0.2575 -0.9202 -0.6135
v  -0.2410 -0.8474 -0.5591
v  -0.2672 -0.8410 -0.5206
v  -0.2990 -0.8440 -0.4848
v  -0.3268 -0.8386 -0.4454
v  -0.3485 -0.8252 -0.4052
v  -0.3635 -0.8051 -0.3663
v  -0.3716 -0.7799 -0.3307
v  -0.3735 -0.7521 -0.2999
v  -0.3690 -0.3489 0.1075
v  -0.3629 -0.2291 0.2230
v  -0.3509 -0.2184 0.2191
v  -0.3331 -0.2059 0.2064
v  -0.1989 -0.9077 -0.5710
v  -0.2162 -0.9496 -0.5843
v  -0.2020 -0.8752 -0.5321
v  -0.2237 -0.8715 -0.4907
v  -0.2503 -0.8782 -0.4514
v  -0.2735 -0.8762 -0.4088
v  -0.2917 -0.8655 -0.3662
v  -0.3042 -0.8471 -0.3255
v  -0.3109 -0.8230 -0.2889
v  -0.3124 -0.7955 -0.2577
v  -0.3070 -0.3924 0.1497
v  -0.3016 -0.2724 0.2650
v  -0.2917 -0.2600 0.2604
v  -0.2749 -0.2464 0.2467
v  -0.1549 -0.9302 -0.5491
v  -0.1685 -0.9738 -0.5604
v  -0.1569 -0.8981 -0.5103
v  -0.1735 -0.8964 -0.4665
v  -0.1940 -0.9061 -0.4246
v  -0.2120 -0.9069 -0.3795
v  -0.2260 -0.8983 -0.3347
v  -0.2357 -0.8816 -0.2927
v  -0.2408 -0.8583 -0.2551
v  -0.2419 -0.8310 -0.2236
v  -0.2354 -0.4275 0.1835
v  -0.2311 -0.3074 0.2987
v  -0.2235 -0.2935 0.2935
v  -0.2104 -0.2778 0.2780
v  -0.1060 -0.9471 -0.5330
v  -0.1155 -0.9920 -0.5426
v  -0.1070 -0.9151 -0.4942
v  -0.1181 -0.9147 -0.4486
v  -0.1319 -0.9266 -0.4052
v  -0.1440 -0.9294 -0.3582
v  -0.1538 -0.9226 -0.3125
v  -0.1654 -0.9064 -0.2720
v  -0.1908 -0.8495 -0.2061
v  -0.1855 -0.8743 -0.2310
v  -0.1889 -0.4484 0.1955
v  -0.1533 -0.3331 0.3228
v  -0.1475 -0.3182 0.3177
v  -0.1376 -0.3016 0.3018
v  -0.0541 -0.9578 -0.5232
v  -0.0592 -1.0034 -0.5317
v  -0.0565 -0.9253 -0.4847
v  -0.0625 -0.9257 -0.4381
v  -0.0699 -0.9387 -0.3945
v  -0.0767 -0.9428 -0.3470
v  -0.1031 -0.9343 -0.3051
v  -0.1299 -0.9170 -0.2721
v  -0.1554 -0.9024 -0.2573
v  -0.0917 -0.9027 -0.2581
v  -0.1005 -0.9278 -0.2832
v  -0.1589 -0.8740 -0.2288
v  -0.1615 -0.8485 -0.2032
v  -0.0901 -0.8499 -0.2054
v  -0.0916 -0.8739 -0.2294
v  -0.1613 -0.4483 0.1970
v  -0.0796 -0.4486 0.1957
v  -0.0768 -0.3485 0.3364
v  -0.0737 -0.3326 0.3316
v  -0.0691 -0.3144 0.3144
v  -0.0536 -0.9411 -0.2998
v  -0.4804 -0.1460 -0.0182
v  -0.4570 -0.2054 0.0408
v  -0.4195 -0.2612 0.0960
v  -0.3686 -0.3115 0.1453
v  -0.3065 -0.3550 0.1875
v  -0.2347 -0.3901 0.2211
v  -0.1703 -0.4426 0.2054
v  -0.0697 -0.4430 0.2419
v  -0.0791 -0.4422 0.2058
v  -0.1866 -0.8497 -0.2045
v  -0.1784 -0.4496 0.1958
v  -0.1324 -0.9193 -0.2769
v  -0.1022 -0.9306 -0.2885
v  -0.1814 -0.8738 -0.2286
v  -0.1581 -0.9045 -0.2619
v  -0.0525 -0.9381 -0.2940
v  -0.0719 -0.4389 0.2522
v  -0.1763 -0.4372 0.2135
v  -0.1562 -0.3612 0.2997
v  -0.0775 -0.3764 0.3134
v  -0.1876 -0.4390 0.2051
v  -0.2338 -0.3359 0.2759
v  -0.1784 -0.4448 0.2010
v  -0.0794 -0.4444 0.2001
v  -0.0723 -1.1055 -0.5335
v  -0.1408 -1.0919 -0.5468
v  -0.2051 -1.0701 -0.5682
v  -0.2631 -1.0408 -0.5972
v  -0.3131 -1.0051 -0.6327
v  -0.3537 -0.9640 -0.6738
v  -0.3836 -0.9189 -0.7191
v  -0.4022 -0.8709 -0.7672
v  -0.0832 -1.2100 -0.5566
v  -0.1617 -1.1941 -0.5718
v  -0.2350 -1.1691 -0.5962
v  -0.3011 -1.1356 -0.6292
v  -0.3580 -1.0947 -0.6695
v  -0.4042 -1.0477 -0.7163
v  -0.4383 -0.9960 -0.7679
v  -0.4594 -0.9412 -0.8227
v  -0.0910 -1.3055 -0.5991
v  -0.1759 -1.2882 -0.6154
v  -0.2551 -1.2609 -0.6417
v  -0.3264 -1.2245 -0.6772
v  -0.3878 -1.1802 -0.7206
v  -0.4376 -1.1293 -0.7710
v  -0.4744 -1.0732 -0.8267
v  -0.4971 -1.0141 -0.8856
v  -0.4801 -0.0916 0.0364
v  -0.4566 -0.1511 0.0955
v  -0.4190 -0.2071 0.1507
v  -0.3681 -0.2573 0.2000
v  -0.3056 -0.3009 0.2424
v  -0.2885 -0.7951 -0.6447
v  -0.3023 -0.7587 -0.6807
v  -0.2660 -0.8296 -0.6108
v  -0.2354 -0.8610 -0.5800
v  -0.1975 -0.8883 -0.5535
v  -0.1536 -0.9108 -0.5320
v  -0.1049 -0.9275 -0.5162
v  -0.0544 -0.9379 -0.5068
v  -0.3101 -0.7703 -0.6080
v  -0.3255 -0.7310 -0.6467
v  -0.2853 -0.8073 -0.5718
v  -0.2519 -0.8409 -0.5392
v  -0.2110 -0.8699 -0.5110
v  -0.1638 -0.8935 -0.4882
v  -0.1115 -0.9110 -0.4714
v  -0.0591 -0.9214 -0.4615
v  -0.4736 0.0557 -0.0594
v  -0.4804 -0.0044 0.0008
v  -0.3321 -0.7281 -0.8062
v  -0.3175 -0.6883 -0.8458
v  -0.3048 -0.7032 -0.7750
v  -0.2918 -0.6667 -0.8114
v  -0.2901 -0.6479 -0.7920
v  -0.3031 -0.6840 -0.7554
v  -0.3114 -0.6653 -0.7387
v  -0.2977 -0.6283 -0.7764
v  -0.3118 -0.6115 -0.7669
v  -0.3264 -0.6503 -0.7274
v  -0.3467 -0.6389 -0.7210
v  -0.3311 -0.5975 -0.7629
v  -0.3699 -0.5713 -0.7564
v  -0.3871 -0.6178 -0.7096
v  -0.4044 -0.5399 -0.7427
v  -0.4232 -0.5908 -0.6914
v  -0.4314 -0.5061 -0.7227
v  -0.4514 -0.5605 -0.6679
v  -0.4499 -0.4717 -0.6979
v  -0.4708 -0.5285 -0.6407
v  -0.4599 -0.4387 -0.6703
v  -0.4813 -0.4969 -0.6117
v  -0.4624 -0.4085 -0.6417
v  -0.4839 -0.4671 -0.5827
v  -0.4598 -0.0018 -0.2378
v  -0.4819 -0.0610 -0.1782
v  -0.4521 0.1144 -0.1186
v  -0.4366 0.1133 -0.1119
v  -0.4573 0.0564 -0.0549
v  -0.4130 0.1077 -0.1075
v  -0.4330 0.0545 -0.0543
v  -0.2935 -0.6507 -0.8831
v  -0.2699 -0.6321 -0.8460
v  -0.2683 -0.6137 -0.8267
v  -0.2751 -0.5934 -0.8121
v  -0.2878 -0.5750 -0.8042
v  -0.3054 -0.5587 -0.8023
v  -0.3416 -0.5276 -0.8006
v  -0.3734 -0.4921 -0.7911
v  -0.3983 -0.4551 -0.7744
v  -0.4154 -0.4184 -0.7520
v  -0.4246 -0.3841 -0.7256
v  -0.4269 -0.3536 -0.6974
v  -0.4236 0.0537 -0.2941
v  -0.4164 0.1696 -0.1746
v  -0.4023 0.1668 -0.1657
v  -0.3813 0.1566 -0.1565
v  -0.2607 -0.6164 -0.9173
v  -0.2399 -0.6006 -0.8777
v  -0.2384 -0.5827 -0.8584
v  -0.2441 -0.5618 -0.8447
v  -0.2552 -0.5420 -0.8381
v  -0.2706 -0.5236 -0.8381
v  -0.3029 -0.4881 -0.8407
v  -0.3310 -0.4490 -0.8350
v  -0.3531 -0.4091 -0.8214
v  -0.3682 -0.3703 -0.8011
v  -0.3764 -0.3348 -0.7759
v  -0.3783 -0.3040 -0.7480
v  -0.3739 0.1035 -0.3449
v  -0.3677 0.2190 -0.2251
v  -0.3556 0.2153 -0.2145
v  -0.3376 0.2027 -0.2023
v  -0.2202 -0.5867 -0.9472
v  -0.2025 -0.5732 -0.9055
v  -0.2011 -0.5557 -0.8862
v  -0.2057 -0.5344 -0.8730
v  -0.2148 -0.5134 -0.8675
v  -0.2278 -0.4932 -0.8690
v  -0.2549 -0.4542 -0.8755
v  -0.2786 -0.4119 -0.8732
v  -0.2971 -0.3694 -0.8622
v  -0.3098 -0.3288 -0.8438
v  -0.3166 -0.2923 -0.8196
v  -0.3182 -0.2611 -0.7920
v  -0.3128 0.1463 -0.3890
v  -0.3074 0.2618 -0.2691
v  -0.2973 0.2572 -0.2568
v  -0.2802 0.2437 -0.2434
v  -0.1730 -0.5623 -0.9719
v  -0.1590 -0.5509 -0.9285
v  -0.1577 -0.5338 -0.9091
v  -0.1611 -0.5120 -0.8963
v  -0.1681 -0.4901 -0.8917
v  -0.1782 -0.4684 -0.8944
v  -0.1992 -0.4268 -0.9040
v  -0.2177 -0.3819 -0.9045
v  -0.2321 -0.3373 -0.8958
v  -0.2420 -0.2953 -0.8790
v  -0.2473 -0.2578 -0.8556
v  -0.2484 -0.2263 -0.8283
v  -0.2420 0.1809 -0.4249
v  -0.2376 0.2960 -0.3049
v  -0.2298 0.2910 -0.2911
v  -0.2164 0.2757 -0.2755
v  -0.1203 -0.5440 -0.9907
v  -0.1105 -0.5342 -0.9459
v  -0.1094 -0.5175 -0.9263
v  -0.1115 -0.4955 -0.9139
v  -0.1163 -0.4727 -0.9097
v  -0.1232 -0.4500 -0.9134
v  -0.1375 -0.4067 -0.9252
v  -0.1502 -0.3599 -0.9278
v  -0.1604 -0.3143 -0.9208
v  -0.1723 -0.2738 -0.9046
v  -0.1925 -0.2331 -0.8723
v  -0.1970 -0.2076 -0.8473
v  -0.1951 0.1930 -0.4467
v  -0.1604 0.3212 -0.3315
v  -0.1543 0.3160 -0.3165
v  -0.1441 0.3003 -0.3001
v  -0.0643 -0.5324 -1.0027
v  -0.0588 -0.5238 -0.9571
v  -0.0591 -0.5075 -0.9373
v  -0.0612 -0.4854 -0.9246
v  -0.0640 -0.4623 -0.9207
v  -0.0678 -0.4388 -0.9250
v  -0.0758 -0.3953 -0.9379
v  -0.0831 -0.3480 -0.9419
v  -0.1099 -0.3063 -0.9331
v  -0.1373 -0.2743 -0.9161
v  -0.1078 -0.2851 -0.9273
v  -0.0987 -0.2592 -0.9016
v  -0.1629 -0.2597 -0.9012
v  -0.1658 -0.2306 -0.8723
v  -0.0986 -0.2305 -0.8729
v  -0.0971 -0.2065 -0.8489
v  -0.1683 -0.2060 -0.8478
v  -0.0866 0.1948 -0.4477
v  -0.1683 0.1952 -0.4465
v  -0.0842 0.3355 -0.3477
v  -0.0809 0.3307 -0.3318
v  -0.0759 0.3135 -0.3136
v  -0.0605 -0.3005 -0.9405
v  -0.4817 -0.0234 -0.1407
v  -0.4888 -0.0846 -0.0793
v  -0.4890 -0.1221 -0.1168
v  -0.4596 0.0359 -0.2004
v  -0.4233 0.0914 -0.2567
v  -0.3735 0.1412 -0.3075
v  -0.3123 0.1841 -0.3516
v  -0.2413 0.2185 -0.3876
v  -0.1779 0.2045 -0.4406
v  -0.0861 0.2049 -0.4413
v  -0.0774 0.2420 -0.4414
v  -0.1922 -0.2070 -0.8481
v  -0.1860 0.1932 -0.4483
v  -0.1394 -0.2784 -0.9179
v  -0.1091 -0.2897 -0.9295
v  -0.1890 -0.2311 -0.8723
v  -0.1651 -0.2636 -0.9029
v  -0.0596 -0.2954 -0.9381
v  -0.0794 0.2513 -0.4380
v  -0.0850 0.3125 -0.3755
v  -0.1634 0.2980 -0.3595
v  -0.1833 0.2115 -0.4353
v  -0.1946 0.2030 -0.4370
v  -0.1859 0.1998 -0.4420
v  -0.0864 0.1992 -0.4435
v  -0.1467 -0.5484 -1.0903
v  -0.0784 -0.5344 -1.1047
v  -0.2105 -0.5705 -1.0678
v  -0.2678 -0.6001 -1.0379
v  -0.3171 -0.6361 -1.0017
v  -0.3568 -0.6777 -0.9602
v  -0.3857 -0.7233 -0.9147
v  -0.4033 -0.7716 -0.8665
v  -0.3368 -0.7691 -0.7654
v  -0.4089 -0.8213 -0.8168
v  -0.1684 -0.5736 -1.1923
v  -0.0902 -0.5576 -1.2090
v  -0.2412 -0.5988 -1.1665
v  -0.3065 -0.6325 -1.1322
v  -0.3626 -0.6735 -1.0908
v  -0.4077 -0.7208 -1.0433
v  -0.4407 -0.7727 -0.9912
v  -0.4606 -0.8277 -0.9361
v  -0.4670 -0.8845 -0.8794
v  -0.1832 -0.6174 -1.2862
v  -0.0986 -0.6002 -1.3045
v  -0.2618 -0.6445 -1.2581
v  -0.3322 -0.6808 -1.2209
v  -0.3927 -0.7249 -1.1760
v  -0.4414 -0.7759 -1.1245
v  -0.4770 -0.8319 -1.0680
v  -0.4984 -0.8911 -1.0086
v  -0.5053 -0.9525 -0.9470
v  -0.4815 0.0312 -0.0863
v  -0.4593 0.0906 -0.1462
v  -0.4228 0.1462 -0.2025
v  -0.3730 0.1960 -0.2533
v  -0.3114 0.2390 -0.2976
v  -0.2404 0.2734 -0.3333
v  -0.4885 -0.0301 -0.0248
v  -0.3091 -0.7408 -0.7374
v  -0.3159 -0.7036 -0.7001
v  -0.3074 -0.7214 -0.7180
v  -0.3518 -0.6818 -0.6780
v  -0.3311 -0.6906 -0.6869
v  -0.3925 -0.6659 -0.6616
v  -0.4291 -0.6435 -0.6388
v  -0.4578 -0.6167 -0.6117
v  -0.4775 -0.5872 -0.5820
v  -0.4908 -0.5275 -0.5222
v  -0.4638 -0.0018 0.0033
v  -0.4395 -0.0023 0.0025
v  -0.4881 -0.5569 -0.5516
v  -0.0953 -1.3875 -0.6565
v  -0.1832 -1.3693 -0.6731
v  -0.2651 -1.3408 -0.7002
v  -0.3388 -1.3030 -0.7367
v  -0.4023 -1.2570 -0.7816
v  -0.4538 -1.2042 -0.8336
v  -0.4918 -1.1461 -0.8911
v  -0.5152 -1.0848 -0.9519
v  -0.1907 -0.6752 -1.3672
v  -0.1032 -0.6576 -1.3864
v  -0.2720 -0.7032 -1.3379
v  -0.3449 -0.7405 -1.2992
v  -0.4074 -0.7860 -1.2526
v  -0.4577 -0.8386 -1.1992
v  -0.4945 -0.8965 -1.1407
v  -0.5166 -0.9576 -1.0792
v  -0.5238 -1.0212 -1.0154
v  -0.0965 -1.4539 -0.7239
v  -0.1843 -1.4356 -0.7404
v  -0.2660 -1.4070 -0.7673
v  -0.3396 -1.3691 -0.8037
v  -0.4031 -1.3231 -0.8483
v  -0.4544 -1.2702 -0.9002
v  -0.4924 -1.2121 -0.9575
v  -0.5158 -1.1509 -1.0182
v  -0.1918 -0.7425 -1.4335
v  -0.1044 -0.7250 -1.4528
v  -0.2729 -0.7703 -1.4041
v  -0.3457 -0.8074 -1.3654
v  -0.4082 -0.8528 -1.3187
v  -0.4584 -0.9052 -1.2652
v  -0.4951 -0.9629 -1.2067
v  -0.5171 -1.0239 -1.1453
v  -0.5243 -1.0874 -1.0816
v  -0.0849 -1.5665 -0.9647
v  -0.1569 -1.5513 -0.9783
v  -0.2241 -1.5276 -1.0006
v  -0.2846 -1.4963 -1.0306
v  -0.3368 -1.4582 -1.0675
v  -0.3789 -1.4147 -1.1102
v  -0.4101 -1.3668 -1.1573
v  -0.4293 -1.3164 -1.2073
v  -0.1631 -0.9802 -1.5495
v  -0.0914 -0.9657 -1.5655
v  -0.2298 -1.0032 -1.5250
v  -0.2896 -1.0338 -1.4931
v  -0.3410 -1.0713 -1.4545
v  -0.3821 -1.1144 -1.4105
v  -0.4123 -1.1618 -1.3623
v  -0.4304 -1.2120 -1.3117
v  -0.4363 -1.2642 -1.2594
v  -0.0822 0.2819 -0.4068
v  -0.1734 0.2548 -0.3974
v  -0.0747 -0.4076 0.2828
v  -0.1663 -0.3992 0.2567
v  0.0103 -0.3552 0.3409
v  0.0102 -0.3387 0.3370
v  0.0073 -0.9419 -0.2985
v  0.0072 -0.9452 -0.3053
v  0.4867 -0.0615 0.0535
v  0.4461 -0.0562 0.0525
v  0.3383 -0.8078 -0.7296
v  0.3113 -0.7764 -0.7046
v  0.2983 -0.8128 -0.6680
v  0.3238 -0.8473 -0.6897
v  0.3182 -0.7401 -0.6667
v  0.3046 -0.7778 -0.6296
v  0.3537 -0.7226 -0.6405
v  0.3381 -0.7644 -0.5990
v  0.3942 -0.7114 -0.6196
v  0.3771 -0.7581 -0.5729
v  0.4306 -0.6933 -0.5928
v  0.4118 -0.7445 -0.5417
v  0.4590 -0.6700 -0.5626
v  0.4390 -0.7247 -0.5081
v  0.4787 -0.6428 -0.5307
v  0.4578 -0.7000 -0.4737
v  0.4894 -0.6139 -0.4991
v  0.4680 -0.6724 -0.4408
v  0.4923 -0.5849 -0.4693
v  0.4708 -0.6438 -0.4106
v  0.4940 -0.1803 -0.0632
v  0.4719 -0.2398 -0.0039
v  0.4652 -0.1206 0.1123
v  0.4704 -0.0569 0.0543
v  0.4497 -0.1138 0.1112
v  0.4261 -0.1093 0.1057
v  0.2764 -0.8473 -0.6333
v  0.2998 -0.8845 -0.6520
v  0.2819 -0.8134 -0.5946
v  0.3124 -0.8037 -0.5601
v  0.3488 -0.8021 -0.5291
v  0.3808 -0.7927 -0.4938
v  0.4059 -0.7762 -0.4569
v  0.4233 -0.7538 -0.4203
v  0.4328 -0.7275 -0.3860
v  0.4353 -0.6993 -0.3555
v  0.4356 -0.2959 0.0517
v  0.4295 -0.1764 0.1676
v  0.4155 -0.1675 0.1649
v  0.3944 -0.1582 0.1548
v  0.2464 -0.8788 -0.6016
v  0.2670 -0.9185 -0.6176
v  0.2509 -0.8458 -0.5629
v  0.2776 -0.8393 -0.5248
v  0.3100 -0.8421 -0.4895
v  0.3384 -0.8365 -0.4505
v  0.3606 -0.8230 -0.4106
v  0.3761 -0.8027 -0.3720
v  0.3845 -0.7775 -0.3365
v  0.3867 -0.7497 -0.3057
v  0.3860 -0.3465 0.1017
v  0.3808 -0.2267 0.2173
v  0.3688 -0.2161 0.2136
v  0.3507 -0.2037 0.2011
v  0.2090 -0.9064 -0.5741
v  0.2264 -0.9482 -0.5877
v  0.2125 -0.8739 -0.5353
v  0.2348 -0.8701 -0.4942
v  0.2620 -0.8766 -0.4553
v  0.2859 -0.8744 -0.4131
v  0.3047 -0.8636 -0.3707
v  0.3177 -0.8452 -0.3302
v  0.3248 -0.8210 -0.2937
v  0.3266 -0.7934 -0.2626
v  0.3249 -0.3903 0.1449
v  0.3205 -0.2704 0.2603
v  0.3104 -0.2581 0.2558
v  0.2933 -0.2446 0.2424
v  0.1655 -0.9292 -0.5516
v  0.1792 -0.9727 -0.5630
v  0.1679 -0.8970 -0.5128
v  0.1852 -0.8952 -0.4692
v  0.2064 -0.9049 -0.4277
v  0.2250 -0.9055 -0.3828
v  0.2397 -0.8969 -0.3383
v  0.2499 -0.8800 -0.2964
v  0.2555 -0.8567 -0.2589
v  0.2568 -0.8294 -0.2274
v  0.2540 -0.4259 0.1797
v  0.2507 -0.3059 0.2950
v  0.2429 -0.2920 0.2899
v  0.2295 -0.2764 0.2747
v  0.1169 -0.9464 -0.5347
v  0.1266 -0.9912 -0.5445
v  0.1183 -0.9144 -0.4960
v  0.1302 -0.9139 -0.4505
v  0.1447 -0.9258 -0.4073
v  0.1575 -0.9285 -0.3605
v  0.1680 -0.9215 -0.3150
v  0.1801 -0.9053 -0.2746
v  0.2061 -0.8482 -0.2091
v  0.2006 -0.8731 -0.2340
v  0.2071 -0.4481 0.1915
v  0.1735 -0.3321 0.3203
v  0.1675 -0.3172 0.3153
v  0.1572 -0.3007 0.2996
v  0.0652 -0.9574 -0.5241
v  0.0705 -1.0030 -0.5327
v  0.0680 -0.9249 -0.4857
v  0.0748 -0.9253 -0.4391
v  0.0829 -0.9382 -0.3957
v  0.0905 -0.9423 -0.3483
v  0.1174 -0.9336 -0.3068
v  0.1447 -0.9161 -0.2742
v  0.1703 -0.9014 -0.2598
v  0.1066 -0.9020 -0.2597
v  0.1152 -0.9271 -0.2849
v  0.1740 -0.8730 -0.2313
v  0.1769 -0.8474 -0.2058
v  0.1055 -0.8493 -0.2069
v  0.1068 -0.8733 -0.2309
v  0.1802 -0.4493 0.1923
v  0.0986 -0.4481 0.1944
v  0.0973 -0.3480 0.3351
v  0.0940 -0.3321 0.3303
v  0.0890 -0.3139 0.3132
v  0.0681 -0.9407 -0.3008
v  0.4941 -0.1429 -0.0256
v  0.4720 -0.2025 0.0337
v  0.4357 -0.2585 0.0894
v  0.3859 -0.3092 0.1395
v  0.3247 -0.3530 0.1826
v  0.2537 -0.3886 0.2174
v  0.1894 -0.4415 0.2027
v  0.0894 -0.4425 0.2407
v  0.0982 -0.4416 0.2044
v  0.2019 -0.8485 -0.2074
v  0.1974 -0.4494 0.1919
v  0.1471 -0.9184 -0.2791
v  0.1168 -0.9299 -0.2902
v  0.1966 -0.8726 -0.2315
v  0.1730 -0.9035 -0.2644
v  0.0670 -0.9377 -0.2950
v  0.0917 -0.4383 0.2509
v  0.1954 -0.4361 0.2107
v  0.1762 -0.3601 0.2972
v  0.0978 -0.3758 0.3120
v  0.2066 -0.4378 0.2021
v  0.2532 -0.3343 0.2722
v  0.1974 -0.4434 0.1980
v  0.0984 -0.4438 0.1987
v  0.1872 -0.4431 0.1986
v  0.0842 -1.1051 -0.5347
v  0.1525 -1.0909 -0.5490
v  0.2163 -1.0687 -0.5715
v  0.2736 -1.0391 -0.6013
v  0.3228 -1.0031 -0.6375
v  0.3626 -0.9618 -0.6793
v  0.3915 -0.9164 -0.7250
v  0.4090 -0.8683 -0.7734
v  0.0954 -1.2094 -0.5580
v  0.1736 -1.1931 -0.5743
v  0.2464 -1.1676 -0.5999
v  0.3117 -1.1336 -0.6338
v  0.3678 -1.0924 -0.6751
v  0.4129 -1.0452 -0.7226
v  0.4459 -0.9932 -0.7747
v  0.4658 -0.9382 -0.8298
v  0.1032 -1.3049 -0.6006
v  0.1878 -1.2870 -0.6182
v  0.2663 -1.2592 -0.6457
v  0.3368 -1.2224 -0.6822
v  0.3973 -1.1777 -0.7266
v  0.4460 -1.1265 -0.7778
v  0.4816 -1.0702 -0.8340
v  0.5030 -1.0109 -0.8933
v  0.4943 -0.0885 0.0289
v  0.4721 -0.1482 0.0884
v  0.4357 -0.2044 0.1442
v  0.3859 -0.2549 0.1942
v  0.3243 -0.2989 0.2375
v  0.0100 -0.4383 0.2616
v  0.0057 -1.0076 -0.5277
v  0.0056 -0.9619 -0.5197
v  0.0058 -0.9298 -0.4817
v  0.0062 -0.9299 -0.4348
v  0.0066 -0.9437 -0.3907
v  0.0069 -0.9485 -0.3438
v  0.0074 -0.9026 -0.2592
v  0.0076 -0.8730 -0.2296
v  0.0077 -0.8503 -0.2070
v  0.0095 -0.4491 0.1943
v  0.0100 -0.3198 0.3196
v  0.0095 -0.4420 0.2044
v  0.0099 -0.4427 0.2517
v  0.0095 -0.4446 0.1988
v  0.0102 -0.3824 0.3176
v  0.0060 -1.1106 -0.5288
v  0.0062 -1.2160 -0.5513
v  0.0062 -1.3123 -0.5934
v  0.0066 -0.0028 -0.0029
v  0.2968 -0.7933 -0.6492
v  0.3098 -0.7568 -0.6854
v  0.2750 -0.8279 -0.6149
v  0.2450 -0.8595 -0.5837
v  0.2077 -0.8871 -0.5566
v  0.1643 -0.9098 -0.5345
v  0.1160 -0.9268 -0.5179
v  0.0657 -0.9375 -0.5078
v  0.0057 -0.9423 -0.5037
v  0.3187 -0.7683 -0.6129
v  0.3333 -0.7289 -0.6518
v  0.2947 -0.8055 -0.5763
v  0.2621 -0.8393 -0.5431
v  0.2218 -0.8685 -0.5143
v  0.1750 -0.8924 -0.4908
v  0.1232 -0.9102 -0.4732
v  0.0710 -0.9210 -0.4625
v  0.0060 -0.9258 -0.4585
v  0.4854 0.0588 -0.0667
v  0.4935 -0.0013 -0.0066
v  0.3375 -0.7260 -0.8114
v  0.3220 -0.6863 -0.8507
v  0.3105 -0.7013 -0.7797
v  0.2967 -0.6649 -0.8159
v  0.2952 -0.6460 -0.7964
v  0.3090 -0.6821 -0.7601
v  0.3174 -0.6633 -0.7435
v  0.3029 -0.6264 -0.7810
v  0.3170 -0.6095 -0.7717
v  0.3325 -0.6482 -0.7325
v  0.3528 -0.6367 -0.7264
v  0.3363 -0.5954 -0.7680
v  0.3751 -0.5689 -0.7621
v  0.3932 -0.6153 -0.7156
v  0.4096 -0.5373 -0.7489
v  0.4294 -0.5881 -0.6979
v  0.4366 -0.5034 -0.7294
v  0.4578 -0.5576 -0.6749
v  0.4553 -0.4688 -0.7049
v  0.4774 -0.5255 -0.6480
v  0.4655 -0.4358 -0.6774
v  0.4881 -0.4938 -0.6192
v  0.4682 -0.4056 -0.6488
v  0.4910 -0.4640 -0.5902
v  0.4693 0.0011 -0.2449
v  0.4926 -0.0579 -0.1856
v  0.4626 0.1173 -0.1256
v  0.4472 0.1161 -0.1187
v  0.4691 0.0593 -0.0620
v  0.4237 0.1103 -0.1139
v  0.4448 0.0573 -0.0610
v  0.2972 -0.6488 -0.8877
v  0.2741 -0.6304 -0.8502
v  0.2726 -0.6120 -0.8308
v  0.2795 -0.5916 -0.8164
v  0.2922 -0.5732 -0.8087
v  0.3097 -0.5568 -0.8070
v  0.3458 -0.5254 -0.8059
v  0.3775 -0.4898 -0.7968
v  0.4024 -0.4526 -0.7806
v  0.4196 -0.4157 -0.7584
v  0.4290 -0.3814 -0.7321
v  0.4316 -0.3509 -0.7039
v  0.4318 0.0564 -0.3006
v  0.4257 0.1722 -0.1810
v  0.4118 0.1694 -0.1719
v  0.3909 0.1591 -0.1624
v  0.2637 -0.6147 -0.9213
v  0.2434 -0.5990 -0.8814
v  0.2420 -0.5811 -0.8621
v  0.2478 -0.5602 -0.8485
v  0.2589 -0.5403 -0.8421
v  0.2742 -0.5219 -0.8422
v  0.3062 -0.4862 -0.8454
v  0.3342 -0.4469 -0.8401
v  0.3561 -0.4068 -0.8268
v  0.3714 -0.3680 -0.8067
v  0.3797 -0.3324 -0.7816
v  0.3819 -0.3016 -0.7538
v  0.3811 0.1058 -0.3507
v  0.3760 0.2214 -0.2308
v  0.3641 0.2176 -0.2200
v  0.3463 0.2049 -0.2075
v  0.2225 -0.5853 -0.9506
v  0.2054 -0.5720 -0.9086
v  0.2041 -0.5544 -0.8893
v  0.2088 -0.5331 -0.8762
v  0.2179 -0.5120 -0.8708
v  0.2307 -0.4918 -0.8726
v  0.2575 -0.4526 -0.8794
v  0.2809 -0.4101 -0.8775
v  0.2993 -0.3675 -0.8668
v  0.3120 -0.3269 -0.8486
v  0.3190 -0.2903 -0.8245
v  0.3208 -0.2591 -0.7969
v  0.3190 0.1483 -0.3938
v  0.3147 0.2637 -0.2738
v  0.3048 0.2591 -0.2614
v  0.2880 0.2455 -0.2478
v  0.1747 -0.5612 -0.9745
v  0.1614 -0.5499 -0.9309
v  0.1602 -0.5327 -0.9115
v  0.1637 -0.5110 -0.8988
v  0.1707 -0.4890 -0.8943
v  0.1805 -0.4673 -0.8972
v  0.2012 -0.4255 -0.9070
v  0.2194 -0.3805 -0.9079
v  0.2336 -0.3358 -0.8994
v  0.2435 -0.2938 -0.8827
v  0.2490 -0.2562 -0.8594
v  0.2503 -0.2247 -0.8321
v  0.2474 0.1807 -0.4303
v  0.2441 0.2976 -0.3086
v  0.2366 0.2925 -0.2947
v  0.2235 0.2771 -0.2789
v  0.1217 -0.5432 -0.9925
v  0.1125 -0.5335 -0.9476
v  0.1116 -0.5168 -0.9280
v  0.1138 -0.4947 -0.9156
v  0.1185 -0.4720 -0.9115
v  0.1251 -0.4492 -0.9153
v  0.1390 -0.4058 -0.9273
v  0.1513 -0.3589 -0.9301
v  0.1614 -0.3133 -0.9233
v  0.1733 -0.2727 -0.9072
v  0.1937 -0.2319 -0.8752
v  0.1992 -0.2070 -0.8504
v  0.2001 0.1939 -0.4501
v  0.1664 0.3223 -0.3340
v  0.1606 0.3170 -0.3189
v  0.1507 0.3012 -0.3023
v  0.0654 -0.5320 -1.0037
v  0.0605 -0.5234 -0.9580
v  0.0611 -0.5071 -0.9382
v  0.0633 -0.4850 -0.9256
v  0.0660 -0.4619 -0.9217
v  0.0695 -0.4384 -0.9260
v  0.0770 -0.3949 -0.9391
v  0.0840 -0.3474 -0.9432
v  0.1106 -0.3056 -0.9348
v  0.1381 -0.2734 -0.9182
v  0.1085 -0.2844 -0.9289
v  0.0996 -0.2586 -0.9031
v  0.1638 -0.2586 -0.9037
v  0.1670 -0.2295 -0.8748
v  0.0998 -0.2298 -0.8744
v  0.0985 -0.2059 -0.8504
v  0.1699 -0.2040 -0.8493
v  0.0916 0.1954 -0.4491
v  0.0898 0.3361 -0.3490
v  0.0869 0.3313 -0.3331
v  0.0822 0.3141 -0.3148
v  0.0005 -0.5277 -1.0076
v  0.0008 -0.5197 -0.9619
v  0.0009 -0.5037 -0.9423
v  0.0010 -0.4818 -0.9298
v  0.0009 -0.4585 -0.9258
v  0.0008 -0.4348 -0.9300
v  0.0006 -0.3907 -0.9437
v  0.0004 -0.3438 -0.9485
v  0.0612 -0.3001 -0.9414
v  0.0005 -0.2592 -0.9027
v  0.0006 -0.2296 -0.8731
v  0.0007 -0.2069 -0.8504
v  0.0025 0.1944 -0.4491
v  0.0028 0.3409 -0.3553
v  0.0029 0.3371 -0.3388
v  0.0031 0.3196 -0.3199
v  0.4928 -0.0203 -0.1482
v  0.5012 -0.0815 -0.0869
v  0.5010 -0.1190 -0.1244
v  0.4694 0.0388 -0.2076
v  0.4319 0.0941 -0.2632
v  0.3810 0.1436 -0.3133
v  0.3189 0.1861 -0.3565
v  0.2471 0.2201 -0.3913
v  0.1830 0.2057 -0.4434
v  0.0912 0.2054 -0.4427
v  0.0822 0.2425 -0.4426
v  0.0025 0.2044 -0.4421
v  0.0024 0.2527 -0.4420
v  0.1934 -0.2058 -0.8510
v  0.1910 0.1947 -0.4509
v  0.1402 -0.2775 -0.9201
v  0.1099 -0.2890 -0.9311
v  0.1890 -0.2299 -0.8752
v  0.1661 -0.2626 -0.9054
v  0.0602 -0.2950 -0.9390
v  0.0842 0.2519 -0.4393
v  0.0904 0.3130 -0.3768
v  0.1691 0.2990 -0.3620
v  0.1884 0.2127 -0.4381
v  0.1997 0.2043 -0.4400
v  0.0003 -0.2992 -0.9426
v  0.1910 0.2010 -0.4449
v  0.1733 0.1947 -0.4506
v  0.0915 0.1997 -0.4448
v  0.0025 0.1988 -0.4447
v  0.0003 -0.3053 -0.9453
v  0.1466 -0.5475 -1.0925
v  0.0780 -0.5339 -1.1059
v  0.2109 -0.5692 -1.0710
v  0.2689 -0.5984 -1.0420
v  0.3188 -0.6341 -1.0065
v  0.3595 -0.6754 -0.9656
v  0.3894 -0.7208 -0.9206
v  0.4080 -0.7690 -0.8727
v  0.3430 -0.7669 -0.7706
v  0.4146 -0.8187 -0.8231
v  0.1669 -0.5726 -1.1949
v  0.0884 -0.5570 -1.2104
v  0.2402 -0.5973 -1.1702
v  0.3063 -0.6306 -1.1369
v  0.3632 -0.6712 -1.0963
v  0.4094 -0.7182 -1.0496
v  0.4435 -0.7699 -0.9979
v  0.4646 -0.8248 -0.9432
v  0.4722 -0.8815 -0.8866
v  0.1805 -0.6162 -1.2890
v  0.0955 -0.5996 -1.3060
v  0.2597 -0.6429 -1.2620
v  0.3310 -0.6787 -1.2259
v  0.3924 -0.7224 -1.1820
v  0.4422 -0.7731 -1.1313
v  0.4790 -0.8289 -1.0753
v  0.5017 -0.8879 -1.0163
v  0.5099 -0.9493 -0.9548
v  0.4930 0.0343 -0.0938
v  0.4695 0.0935 -0.1533
v  0.4318 0.1489 -0.2091
v  0.3809 0.1984 -0.2591
v  0.3184 0.2410 -0.3024
v  0.2466 0.2749 -0.3371
v  0.0026 0.3176 -0.3825
v  0.5014 -0.0270 -0.0324
v  -0.0003 -0.5288 -1.1106
v  -0.0010 -0.5513 -1.2160
v  -0.0016 -0.5935 -1.3123
v  0.3156 -0.7388 -0.7422
v  0.3227 -0.7016 -0.7050
v  0.3140 -0.7194 -0.7227
v  0.3588 -0.6796 -0.6834
v  0.3381 -0.6884 -0.6920
v  0.3996 -0.6634 -0.6677
v  0.4365 -0.6407 -0.6454
v  0.4654 -0.6138 -0.6188
v  0.4854 -0.5841 -0.5894
v  0.4992 -0.5244 -0.5297
v  0.4769 0.0012 -0.0039
v  0.4526 0.0006 -0.0043
v  0.0024 0.2616 -0.4384
v  0.4963 -0.5538 -0.5591
v  0.1071 -1.3869 -0.6580
v  0.1947 -1.3681 -0.6760
v  0.2759 -1.3391 -0.7043
v  0.3488 -1.3008 -0.7420
v  0.4114 -1.2544 -0.7878
v  0.4617 -1.2013 -0.8406
v  0.4985 -1.1429 -0.8986
v  0.5206 -1.0815 -0.9599
v  0.0060 -1.3948 -0.6508
v  0.1872 -0.6740 -1.3701
v  0.0992 -0.6570 -1.3879
v  0.2690 -0.7014 -1.3420
v  0.3428 -0.7383 -1.3045
v  0.4063 -0.7835 -1.2588
v  0.4577 -0.8357 -1.2062
v  0.4958 -0.8933 -1.1483
v  0.5192 -0.9543 -1.0871
v  0.5277 -1.0178 -1.0235
v  -0.0021 -0.6508 -1.3948
v  0.1077 -1.4532 -0.7254
v  0.1952 -1.4344 -0.7433
v  0.2763 -1.4053 -0.7714
v  0.3491 -1.3669 -0.8089
v  0.4116 -1.3205 -0.8546
v  0.4617 -1.2673 -0.9072
v  0.4985 -1.2090 -0.9651
v  0.5205 -1.1476 -1.0262
v  0.0057 -1.4614 -0.7183
v  0.1876 -0.7413 -1.4364
v  0.0998 -0.7244 -1.4543
v  0.2694 -0.7685 -1.4082
v  0.3430 -0.8053 -1.3706
v  0.4065 -0.8502 -1.3249
v  0.4578 -0.9023 -1.2722
v  0.4958 -0.9598 -1.2143
v  0.5192 -1.0206 -1.1532
v  0.5277 -1.0840 -1.0897
v  -0.0023 -0.7184 -1.4614
v  0.0932 -1.5660 -0.9660
v  0.1649 -1.5503 -0.9808
v  0.2316 -1.5261 -1.0041
v  0.2914 -1.4944 -1.0350
v  0.3428 -1.4561 -1.0727
v  0.3839 -1.4122 -1.1160
v  0.4141 -1.3642 -1.1636
v  0.4322 -1.3137 -1.2139
v  0.0042 -1.5730 -0.9600
v  0.1587 -0.9791 -1.5520
v  0.0867 -0.9651 -1.5669
v  0.2259 -1.0017 -1.5285
v  0.2864 -1.0320 -1.4975
v  0.3386 -1.0691 -1.4597
v  0.3807 -1.1119 -1.4163
v  0.4119 -1.1592 -1.3686
v  0.4311 -1.2093 -1.3183
v  0.4381 -1.2614 -1.2661
v  -0.0024 -0.9601 -1.5730
v  0.0873 0.2825 -0.4081
v  0.1788 0.2559 -0.4001
v  0.0025 0.2896 -0.4104
v  0.0947 -0.4071 0.2815
v  0.1859 -0.3981 0.2540
v  0.0101 -0.4103 0.2896
v  -0.1059 -0.2819 -0.9241
v  -0.1346 -0.2714 -0.9133
v  -0.1592 -0.2573 -0.8990
v  -0.1843 -0.2299 -0.8711
v  -0.1877 -0.2061 -0.8480
v  -0.1811 0.1931 -0.4484
v  -0.1811 0.1979 -0.4437
v  -0.1757 0.2003 -0.4418
v  -0.0762 0.2373 -0.4414
v  0.0024 0.2478 -0.4420
v  0.0810 0.2378 -0.4426
v  0.1808 0.2013 -0.4440
v  0.1861 0.1984 -0.4457
v  0.1861 0.1946 -0.4509
v  0.1885 -0.2055 -0.8508
v  0.1844 -0.2287 -0.8739
v  0.1602 -0.2563 -0.9014
v  0.1354 -0.2705 -0.9153
v  0.1067 -0.2812 -0.9257
v  0.0593 -0.2916 -0.9357
v  0.0003 -0.2957 -0.9392
v  -0.0587 -0.2920 -0.9348
v  -0.1517 -0.9001 -0.2550
v  -0.1272 -0.9141 -0.2693
v  -0.0987 -0.9246 -0.2801
v  -0.0515 -0.9347 -0.2907
v  0.0073 -0.9385 -0.2950
v  0.0661 -0.9343 -0.2916
v  0.1133 -0.9239 -0.2817
v  0.1420 -0.9133 -0.2713
v  0.1667 -0.8991 -0.2575
v  0.1920 -0.8714 -0.2302
v  0.1971 -0.8483 -0.2071
v  0.1926 -0.4495 0.1920
v  0.1925 -0.4452 0.1962
v  0.0882 -0.4425 0.2360
v  0.0099 -0.4427 0.2468
v  -0.0686 -0.4430 0.2372
v  -0.1682 -0.4441 0.2013
v  -0.1735 -0.4464 0.1990
v  -0.1736 -0.4496 0.1957
v  -0.1817 -0.8495 -0.2042
v  -0.1768 -0.8726 -0.2274
v  -0.4883 -0.0156 -0.0104
v  -0.4884 -0.0213 -0.0160
v  -0.4799 -0.0770 0.0510
v  -0.4800 -0.0826 0.0453
v  -0.4565 -0.1364 0.1103
v  -0.4565 -0.1421 0.1046
v  -0.4187 -0.1921 0.1658
v  -0.4188 -0.1977 0.1601
v  -0.3679 -0.2420 0.2155
v  -0.3680 -0.2476 0.2098
v  -0.3052 -0.2852 0.2584
v  -0.3054 -0.2908 0.2527
v  -0.2333 -0.3194 0.2923
v  -0.2335 -0.3251 0.2866
v  -0.1550 -0.3441 0.3166
v  -0.1554 -0.3498 0.3110
v  -0.0776 -0.3583 0.3305
v  -0.0776 -0.3641 0.3250
v  0.0103 -0.3635 0.3353
v  0.0103 -0.3693 0.3298
v  -0.4813 0.0458 -0.0718
v  -0.4814 0.0401 -0.0774
v  -0.4591 0.1053 -0.1315
v  -0.4592 0.0997 -0.1371
v  -0.4225 0.1613 -0.1876
v  -0.4226 0.1556 -0.1932
v  -0.3729 0.2114 -0.2380
v  -0.3729 0.2058 -0.2436
v  -0.3111 0.2550 -0.2819
v  -0.3112 0.2493 -0.2875
v  -0.2399 0.2897 -0.3168
v  -0.2400 0.2841 -0.3225
v  -0.1621 0.3149 -0.3424
v  -0.1625 0.3093 -0.3481
v  -0.0850 0.3296 -0.3574
v  -0.0850 0.3241 -0.3632
v  0.0027 0.3354 -0.3636
v  0.0027 0.3299 -0.3694
v  0.4942 -0.0739 0.0435
v  0.4943 -0.0796 0.0378
v  0.5013 -0.0125 -0.0179
v  0.5013 -0.0182 -0.0236
v  0.4721 -0.1335 0.1032
v  0.4721 -0.1391 0.0975
v  0.4355 -0.1894 0.1593
v  0.4356 -0.1950 0.1536
v  0.3859 -0.2396 0.2097
v  0.3859 -0.2452 0.2040
v  0.3241 -0.2832 0.2536
v  0.3241 -0.2888 0.2479
v  0.2529 -0.3178 0.2886
v  0.2530 -0.3235 0.2829
v  0.1751 -0.3430 0.3141
v  0.1755 -0.3487 0.3085
v  0.0980 -0.3577 0.3291
v  0.0980 -0.3635 0.3236
v  0.4930 0.0488 -0.0792
v  0.4930 0.0432 -0.0849
v  0.4695 0.1083 -0.1386
v  0.4695 0.1026 -0.1442
v  0.4317 0.1640 -0.1941
v  0.4318 0.1583 -0.1997
v  0.3809 0.2138 -0.2438
v  0.3809 0.2082 -0.2494
v  0.3182 0.2570 -0.2867
v  0.3183 0.2513 -0.2923
v  0.2463 0.2912 -0.3206
v  0.2464 0.2856 -0.3262
v  0.1680 0.3159 -0.3449
v  0.1684 0.3103 -0.3506
v  0.0906 0.3301 -0.3587
v  0.0905 0.3246 -0.3646
v  -0.4512 -0.0594 0.0606
v  -0.4295 -0.1156 0.1167
v  -0.3945 -0.1684 0.1693
v  -0.3472 -0.2162 0.2169
v  -0.2886 -0.2574 0.2578
v  -0.2211 -0.2905 0.2905
v  -0.1458 -0.3149 0.3145
v  -0.0729 -0.3291 0.3283
v  0.0102 -0.3352 0.3337
v  0.0931 -0.3286 0.3270
v  0.1657 -0.3139 0.3121
v  0.2405 -0.2890 0.2870
v  0.3072 -0.2555 0.2532
v  0.3650 -0.2139 0.2114
v  0.4112 -0.1658 0.1632
v  0.4451 -0.1128 0.1100
v  0.4656 -0.0565 0.0536
v  0.4720 0.0011 -0.0040
v  0.4644 0.0586 -0.0615
v  0.4426 0.1148 -0.1176
v  0.4076 0.1676 -0.1703
v  0.3604 0.2153 -0.2179
v  0.3017 0.2565 -0.2588
v  0.2342 0.2896 -0.2916
v  0.1589 0.3139 -0.3156
v  0.0860 0.3280 -0.3296
v  0.0029 0.3338 -0.3353
v  -0.0800 0.3275 -0.3283
v  -0.1526 0.3129 -0.3133
v  -0.2273 0.2881 -0.2881
v  -0.2941 0.2546 -0.2542
v  -0.3519 0.2131 -0.2124
v  -0.3981 0.1650 -0.1641
v  -0.4320 0.1120 -0.1109
v  -0.4525 0.0557 -0.0545
v  -0.4589 -0.0019 0.0031
v  -0.4152 -0.1130 0.1134
v  -0.4365 -0.0595 0.0599
v  -0.4443 -0.0022 0.0026
v  -0.4377 0.0552 -0.0547
v  -0.4176 0.1089 -0.1085
v  -0.3855 0.1584 -0.1581
v  -0.3413 0.2049 -0.2044
v  -0.2833 0.2463 -0.2460
v  -0.2188 0.2786 -0.2785
v  -0.1458 0.3034 -0.3034
v  -0.0768 0.3168 -0.3171
v  0.0031 0.3229 -0.3235
v  0.0830 0.3173 -0.3183
v  0.1523 0.3044 -0.3057
v  0.2259 0.2800 -0.2819
v  0.2911 0.2482 -0.2504
v  0.3500 0.2071 -0.2097
v  0.3951 0.1609 -0.1641
v  0.4283 0.1116 -0.1150
v  0.4496 0.0580 -0.0615
v  0.4575 0.0007 -0.0043
v  0.4509 -0.0566 0.0532
v  0.4307 -0.1103 0.1070
v  0.3986 -0.1598 0.1566
v  0.3544 -0.2059 0.2033
v  0.2964 -0.2473 0.2450
v  0.2320 -0.2794 0.2776
v  0.1589 -0.3040 0.3027
v  0.0899 -0.3173 0.3164
v  0.0101 -0.3234 0.3229
v  -0.0699 -0.3178 0.3176
v  -0.1392 -0.3049 0.3050
v  -0.2128 -0.2808 0.2810
v  -0.2779 -0.2491 0.2494
v  -0.3369 -0.2081 0.2086
v  -0.3820 -0.1622 0.1626
v  -0.4776 -0.0701 0.0569
v  -0.4858 -0.0092 -0.0039
v  -0.4544 -0.1295 0.1160
v  -0.4426 -0.1193 0.1198
v  -0.4650 -0.0613 0.0622
v  -0.4168 -0.1853 0.1712
v  -0.4064 -0.1739 0.1739
v  -0.3664 -0.2354 0.2205
v  -0.3576 -0.2232 0.2224
v  -0.3042 -0.2788 0.2630
v  -0.2972 -0.2657 0.2642
v  -0.2327 -0.3135 0.2967
v  -0.2278 -0.3001 0.2977
v  -0.1545 -0.3388 0.3208
v  -0.1507 -0.3254 0.3219
v  -0.0774 -0.3536 0.3344
v  -0.0754 -0.3404 0.3358
v  0.0103 -0.3596 0.3389
v  0.0103 -0.3468 0.3408
v  -0.4729 -0.0021 0.0030
v  -0.4789 0.0518 -0.0649
v  -0.4570 0.1111 -0.1246
v  -0.4663 0.0571 -0.0563
v  -0.4451 0.1150 -0.1145
v  -0.4206 0.1667 -0.1808
v  -0.4101 0.1695 -0.1695
v  -0.3713 0.2165 -0.2315
v  -0.3623 0.2185 -0.2193
v  -0.3100 0.2597 -0.2755
v  -0.3029 0.2609 -0.2625
v  -0.2393 0.2941 -0.3110
v  -0.2342 0.2951 -0.2976
v  -0.1616 0.3192 -0.3371
v  -0.1577 0.3203 -0.3237
v  -0.0848 0.3335 -0.3527
v  -0.0827 0.3349 -0.3395
v  0.0027 0.3389 -0.3597
v  0.0028 0.3408 -0.3469
v  0.4989 -0.0060 -0.0114
v  0.4919 -0.0670 0.0495
v  0.4700 -0.1266 0.1089
v  0.4794 -0.0583 0.0549
v  0.4582 -0.1164 0.1129
v  0.4337 -0.1826 0.1647
v  0.4232 -0.1713 0.1675
v  0.3844 -0.2331 0.2148
v  0.3755 -0.2208 0.2168
v  0.3231 -0.2768 0.2582
v  0.3160 -0.2638 0.2595
v  0.2523 -0.3120 0.2930
v  0.2473 -0.2986 0.2940
v  0.1747 -0.3378 0.3183
v  0.1708 -0.3244 0.3195
v  0.0978 -0.3530 0.3331
v  0.0958 -0.3398 0.3345
v  0.4860 0.0009 -0.0043
v  0.4907 0.0549 -0.0723
v  0.4674 0.1140 -0.1316
v  0.4557 0.1179 -0.1214
v  0.4781 0.0601 -0.0635
v  0.4299 0.1694 -0.1873
v  0.4195 0.1721 -0.1758
v  0.3795 0.2189 -0.2372
v  0.3707 0.2208 -0.2249
v  0.3173 0.2617 -0.2803
v  0.3103 0.2629 -0.2672
v  0.2457 0.2956 -0.3147
v  0.2409 0.2966 -0.3012
v  0.1676 0.3202 -0.3396
v  0.1638 0.3213 -0.3262
v  0.0904 0.3341 -0.3541
v  0.0885 0.3354 -0.3408
# 14661 vertices

o 22170
g 22170
s 1
f 2 1 4 6 
f 3 5 2 6 
s 2
f 6 9 7 3 
f 4 8 9 6 
s 1
f 9 12 10 7 
f 8 11 12 9 
f 12 15 13 10 
f 11 14 15 12 
f 2 17 16 1 
f 5 18 17 2 
f 15 24 22 13 
f 14 23 24 15 
f 22 24 21 19 
f 24 23 20 21 
f 21 39 37 19 
f 20 38 39 21 
s 2
f 17 29 28 16 
f 18 30 29 17 
s 1
f 29 32 31 28 
f 30 33 32 29 
f 32 35 34 31 
f 33 36 35 32 
f 37 39 27 25 
f 39 38 26 27 
s 4
f 34 26 38 31 
f 4 1 16 28 
f 4 28 8 
f 20 28 31 38 
f 23 28 20 
f 14 28 23 
f 11 28 14 
f 8 28 11 
f 25 36 33 37 
f 30 19 37 33 
f 5 3 30 18 
f 30 3 7 
f 30 7 10 
f 30 10 13 
f 30 13 22 
f 30 22 19 
s 1
f 41 40 43 45 
f 42 44 41 45 
s 2
f 45 48 46 42 
f 43 47 48 45 
s 1
f 48 51 49 46 
f 47 50 51 48 
f 51 54 52 49 
f 50 53 54 51 
f 41 56 55 40 
f 44 57 56 41 
f 54 63 61 52 
f 53 62 63 54 
f 61 63 60 58 
f 63 62 59 60 
f 60 78 76 58 
f 59 77 78 60 
s 2
f 56 68 67 55 
f 57 69 68 56 
s 1
f 68 71 70 67 
f 69 72 71 68 
f 71 74 73 70 
f 72 75 74 71 
f 76 78 66 64 
f 78 77 65 66 
s 4
f 73 65 77 70 
f 43 40 55 67 
f 43 67 47 
f 59 67 70 77 
f 62 67 59 
f 53 67 62 
f 50 67 53 
f 47 67 50 
f 64 75 72 76 
f 69 58 76 72 
f 44 42 69 57 
f 69 42 46 
f 69 46 49 
f 69 49 52 
f 69 52 61 
f 69 61 58 
s 1
f 80 79 82 84 
f 81 83 80 84 
s 2
f 84 87 85 81 
f 82 86 87 84 
s 1
f 87 90 88 85 
f 86 89 90 87 
f 90 93 91 88 
f 89 92 93 90 
f 80 95 94 79 
f 83 96 95 80 
f 93 102 100 91 
f 92 101 102 93 
f 100 102 99 97 
f 102 101 98 99 
f 99 117 115 97 
f 98 116 117 99 
s 2
f 95 107 106 94 
f 96 108 107 95 
s 1
f 107 110 109 106 
f 108 111 110 107 
f 110 113 112 109 
f 111 114 113 110 
f 115 117 105 103 
f 117 116 104 105 
s 4
f 112 104 116 109 
f 82 79 94 106 
f 82 106 86 
f 98 106 109 116 
f 101 106 98 
f 92 106 101 
f 89 106 92 
f 86 106 89 
f 103 114 111 115 
f 108 97 115 111 
f 83 81 108 96 
f 108 81 85 
f 108 85 88 
f 108 88 91 
f 108 91 100 
f 108 100 97 
s 1
f 119 118 121 123 
f 120 122 119 123 
s 2
f 123 126 124 120 
f 121 125 126 123 
s 1
f 126 129 127 124 
f 125 128 129 126 
f 129 132 130 127 
f 128 131 132 129 
f 119 134 133 118 
f 122 135 134 119 
f 132 141 139 130 
f 131 140 141 132 
f 139 141 138 136 
f 141 140 137 138 
f 138 156 154 136 
f 137 155 156 138 
s 2
f 134 146 145 133 
f 135 147 146 134 
s 1
f 146 149 148 145 
f 147 150 149 146 
f 149 152 151 148 
f 150 153 152 149 
f 154 156 144 142 
f 156 155 143 144 
s 4
f 151 143 155 148 
f 121 118 133 145 
f 121 145 125 
f 137 145 148 155 
f 140 145 137 
f 131 145 140 
f 128 145 131 
f 125 145 128 
f 142 153 150 154 
f 147 136 154 150 
f 122 120 147 135 
f 147 120 124 
f 147 124 127 
f 147 127 130 
f 147 130 139 
f 147 139 136 
s 1
f 158 157 160 162 
f 159 161 158 162 
s 2
f 162 165 163 159 
f 160 164 165 162 
s 1
f 165 168 166 163 
f 164 167 168 165 
f 168 171 169 166 
f 167 170 171 168 
f 158 173 172 157 
f 161 174 173 158 
f 171 180 178 169 
f 170 179 180 171 
f 178 180 177 175 
f 180 179 176 177 
f 177 195 193 175 
f 176 194 195 177 
s 2
f 173 185 184 172 
f 174 186 185 173 
s 4
f 185 188 187 184 
f 186 189 188 185 
f 188 191 190 187 
f 189 192 191 188 
s 1
f 193 195 183 181 
f 195 194 182 183 
s 8
f 190 182 194 187 
f 160 157 172 184 
f 160 184 164 
f 176 184 187 194 
f 179 184 176 
f 170 184 179 
f 167 184 170 
f 164 184 167 
f 181 192 189 193 
f 186 175 193 189 
s 1
f 161 159 186 174 
s 8
f 186 159 163 
f 186 163 166 
f 186 166 169 
f 186 169 178 
f 186 178 175 
s 1
f 197 196 199 201 
f 198 200 197 201 
s 2
f 201 204 202 198 
f 199 203 204 201 
s 1
f 204 207 205 202 
f 203 206 207 204 
f 207 210 208 205 
f 206 209 210 207 
f 197 212 211 196 
f 200 213 212 197 
f 210 219 217 208 
f 209 218 219 210 
f 217 219 216 214 
f 219 218 215 216 
f 216 234 232 214 
f 215 233 234 216 
s 2
f 212 224 223 211 
f 213 225 224 212 
s 1
f 224 227 226 223 
f 225 228 227 224 
f 227 230 229 226 
f 228 231 230 227 
f 232 234 222 220 
f 234 233 221 222 
s 4
f 229 221 233 226 
f 199 196 211 223 
f 199 223 203 
f 215 223 226 233 
f 218 223 215 
f 209 223 218 
f 206 223 209 
f 203 223 206 
f 220 231 228 232 
f 225 214 232 228 
f 200 198 225 213 
f 225 198 202 
f 225 202 205 
f 225 205 208 
f 225 208 217 
f 225 217 214 
s 1
f 236 235 238 240 
f 237 239 236 240 
s 2
f 240 243 241 237 
f 238 242 243 240 
s 1
f 243 246 244 241 
f 242 245 246 243 
f 246 249 247 244 
f 245 248 249 246 
f 236 251 250 235 
f 239 252 251 236 
f 249 258 256 247 
f 248 257 258 249 
f 256 258 255 253 
f 258 257 254 255 
f 255 273 271 253 
f 254 272 273 255 
s 2
f 251 263 262 250 
f 252 264 263 251 
s 1
f 263 266 265 262 
f 264 267 266 263 
f 266 269 268 265 
f 267 270 269 266 
f 271 273 261 259 
f 273 272 260 261 
s 4
f 268 260 272 265 
f 238 235 250 262 
f 238 262 242 
f 254 262 265 272 
f 257 262 254 
f 248 262 257 
f 245 262 248 
f 242 262 245 
f 259 270 267 271 
f 264 253 271 267 
f 239 237 264 252 
f 264 237 241 
f 264 241 244 
f 264 244 247 
f 264 247 256 
f 264 256 253 
s 1
f 275 274 277 279 
f 276 278 275 279 
s 2
f 279 282 280 276 
f 277 281 282 279 
s 1
f 282 285 283 280 
f 281 284 285 282 
f 285 288 286 283 
f 284 287 288 285 
f 275 290 289 274 
f 278 291 290 275 
f 288 297 295 286 
f 287 296 297 288 
f 295 297 294 292 
f 297 296 293 294 
f 294 312 310 292 
f 293 311 312 294 
s 2
f 290 302 301 289 
f 291 303 302 290 
s 4
f 302 305 304 301 
f 303 306 305 302 
f 305 308 307 304 
f 306 309 308 305 
s 1
f 310 312 300 298 
f 312 311 299 300 
s 8
f 307 299 311 304 
s 1
f 277 274 289 301 
s 8
f 277 301 281 
f 293 301 304 311 
f 296 301 293 
f 287 301 296 
f 284 301 287 
f 281 301 284 
f 298 309 306 310 
f 303 292 310 306 
f 278 276 303 291 
f 303 276 280 
f 303 280 283 
f 303 283 286 
f 303 286 295 
f 303 295 292 
s 1
f 314 313 316 318 
f 315 317 314 318 
s 2
f 318 321 319 315 
f 316 320 321 318 
s 1
f 321 324 322 319 
f 320 323 324 321 
f 324 327 325 322 
f 323 326 327 324 
f 314 329 328 313 
f 317 330 329 314 
f 327 336 334 325 
f 326 335 336 327 
f 334 336 333 331 
f 336 335 332 333 
f 333 351 349 331 
f 332 350 351 333 
s 2
f 329 341 340 328 
f 330 342 341 329 
s 1
f 341 344 343 340 
f 342 345 344 341 
f 344 347 346 343 
f 345 348 347 344 
f 349 351 339 337 
f 351 350 338 339 
s 4
f 346 338 350 343 
f 316 313 328 340 
f 316 340 320 
f 332 340 343 350 
f 335 340 332 
f 326 340 335 
f 323 340 326 
f 320 340 323 
f 337 348 345 349 
f 342 331 349 345 
f 317 315 342 330 
f 342 315 319 
f 342 319 322 
f 342 322 325 
f 342 325 334 
f 342 334 331 
s 1
f 353 352 355 357 
f 354 356 353 357 
s 2
f 357 360 358 354 
f 355 359 360 357 
s 1
f 360 363 361 358 
f 359 362 363 360 
f 363 366 364 361 
f 362 365 366 363 
f 353 368 367 352 
f 356 369 368 353 
f 366 375 373 364 
f 365 374 375 366 
f 373 375 372 370 
f 375 374 371 372 
f 372 390 388 370 
f 371 389 390 372 
s 2
f 368 380 379 367 
f 369 381 380 368 
s 1
f 380 383 382 379 
f 381 384 383 380 
f 383 386 385 382 
f 384 387 386 383 
f 388 390 378 376 
f 390 389 377 378 
s 4
f 385 377 389 382 
f 355 352 367 379 
f 355 379 359 
f 371 379 382 389 
f 374 379 371 
f 365 379 374 
f 362 379 365 
f 359 379 362 
f 376 387 384 388 
f 381 370 388 384 
f 356 354 381 369 
f 381 354 358 
f 381 358 361 
f 381 361 364 
f 381 364 373 
f 381 373 370 
s 1
f 392 391 394 396 
f 393 395 392 396 
s 2
f 396 399 397 393 
f 394 398 399 396 
s 1
f 399 402 400 397 
f 398 401 402 399 
f 402 405 403 400 
f 401 404 405 402 
f 392 407 406 391 
f 395 408 407 392 
f 405 414 412 403 
f 404 413 414 405 
f 412 414 411 409 
f 414 413 410 411 
f 411 429 427 409 
f 410 428 429 411 
s 2
f 407 419 418 406 
f 408 420 419 407 
s 1
f 419 422 421 418 
f 420 423 422 419 
f 422 425 424 421 
f 423 426 425 422 
f 427 429 417 415 
f 429 428 416 417 
s 4
f 424 416 428 421 
f 394 391 406 418 
f 394 418 398 
f 410 418 421 428 
f 413 418 410 
f 404 418 413 
f 401 418 404 
f 398 418 401 
f 415 426 423 427 
f 420 409 427 423 
f 395 393 420 408 
f 420 393 397 
f 420 397 400 
f 420 400 403 
f 420 403 412 
f 420 412 409 
s 1
f 431 430 433 435 
f 432 434 431 435 
s 2
f 435 438 436 432 
f 433 437 438 435 
s 1
f 438 441 439 436 
f 437 440 441 438 
f 441 444 442 439 
f 440 443 444 441 
f 431 446 445 430 
f 434 447 446 431 
f 444 453 451 442 
f 443 452 453 444 
f 451 453 450 448 
f 453 452 449 450 
f 450 468 466 448 
f 449 467 468 450 
s 2
f 446 458 457 445 
f 447 459 458 446 
s 1
f 458 461 460 457 
f 459 462 461 458 
f 461 464 463 460 
f 462 465 464 461 
f 466 468 456 454 
f 468 467 455 456 
s 4
f 463 455 467 460 
f 433 430 445 457 
f 433 457 437 
f 449 457 460 467 
f 452 457 449 
f 443 457 452 
f 440 457 443 
f 437 457 440 
f 454 465 462 466 
f 459 448 466 462 
f 434 432 459 447 
f 459 432 436 
f 459 436 439 
f 459 439 442 
f 459 442 451 
f 459 451 448 
s 1
f 469 470 488 487 
f 470 471 489 488 
f 471 472 490 489 
f 472 473 491 490 
f 473 474 492 491 
f 474 475 493 492 
f 475 476 494 493 
f 476 477 495 494 
f 477 478 496 495 
f 478 479 497 496 
f 479 480 498 497 
f 480 481 499 498 
f 481 482 500 499 
f 482 483 501 500 
f 483 484 502 501 
f 484 485 503 502 
f 485 486 504 503 
f 486 469 487 504 
f 487 488 686 685 
f 488 489 687 686 
f 489 490 688 687 
f 490 491 689 688 
f 491 492 690 689 
f 492 493 691 690 
f 493 494 692 691 
f 494 495 693 692 
f 495 496 694 693 
f 496 497 695 694 
f 497 498 696 695 
f 498 499 697 696 
f 499 500 698 697 
f 500 501 699 698 
f 501 502 700 699 
f 502 503 701 700 
f 503 504 702 701 
f 504 487 685 702 
f 505 506 668 667 
f 506 507 669 668 
f 507 508 670 669 
f 508 509 671 670 
f 509 510 672 671 
f 510 511 673 672 
f 511 512 674 673 
f 512 513 675 674 
f 513 514 676 675 
f 514 515 677 676 
f 515 516 678 677 
f 516 517 679 678 
f 517 518 680 679 
f 518 519 681 680 
f 519 520 682 681 
f 520 521 683 682 
f 521 522 684 683 
f 522 505 667 684 
f 523 524 650 649 
f 524 525 651 650 
f 525 526 652 651 
f 526 527 653 652 
f 527 528 654 653 
f 528 529 655 654 
f 529 530 656 655 
f 530 531 657 656 
f 531 532 658 657 
f 532 533 659 658 
f 533 534 660 659 
f 534 535 661 660 
f 535 536 662 661 
f 536 537 663 662 
f 537 538 664 663 
f 538 539 665 664 
f 539 540 666 665 
f 540 523 649 666 
f 541 542 632 631 
f 542 543 633 632 
f 543 544 634 633 
f 544 545 635 634 
f 545 546 636 635 
f 546 547 637 636 
f 547 548 638 637 
f 548 549 639 638 
f 549 550 640 639 
f 550 551 641 640 
f 551 552 642 641 
f 552 553 643 642 
f 553 554 644 643 
f 554 555 645 644 
f 555 556 646 645 
f 556 557 647 646 
f 557 558 648 647 
f 558 541 631 648 
f 559 560 578 577 
f 560 561 579 578 
f 561 562 580 579 
f 562 563 581 580 
f 563 564 582 581 
f 564 565 583 582 
f 565 566 584 583 
f 566 567 585 584 
f 567 568 586 585 
f 568 569 587 586 
f 569 570 588 587 
f 570 571 589 588 
f 571 572 590 589 
f 572 573 591 590 
f 573 574 592 591 
f 574 575 593 592 
f 575 576 594 593 
f 576 559 577 594 
f 595 596 614 613 
f 596 597 615 614 
f 597 598 616 615 
f 598 599 617 616 
f 599 600 618 617 
f 600 601 619 618 
f 601 602 620 619 
f 602 603 621 620 
f 603 604 622 621 
f 604 605 623 622 
f 605 606 624 623 
f 606 607 625 624 
f 607 608 626 625 
f 608 609 627 626 
f 609 610 628 627 
f 610 611 629 628 
f 611 612 630 629 
f 612 595 613 630 
f 613 614 560 559 
f 614 615 561 560 
f 615 616 562 561 
f 616 617 563 562 
f 617 618 564 563 
f 618 619 565 564 
f 619 620 566 565 
f 620 621 567 566 
f 621 622 568 567 
f 622 623 569 568 
f 623 624 570 569 
f 624 625 571 570 
f 625 626 572 571 
f 626 627 573 572 
f 627 628 574 573 
f 628 629 575 574 
f 629 630 576 575 
f 630 613 559 576 
f 631 632 596 595 
f 632 633 597 596 
f 633 634 598 597 
f 634 635 599 598 
f 635 636 600 599 
f 636 637 601 600 
f 637 638 602 601 
f 638 639 603 602 
f 639 640 604 603 
f 640 641 605 604 
f 641 642 606 605 
f 642 643 607 606 
f 643 644 608 607 
f 644 645 609 608 
f 645 646 610 609 
f 646 647 611 610 
f 647 648 612 611 
f 648 631 595 612 
f 649 650 542 541 
f 650 651 543 542 
f 651 652 544 543 
f 652 653 545 544 
f 653 654 546 545 
f 654 655 547 546 
f 655 656 548 547 
f 656 657 549 548 
f 657 658 550 549 
f 658 659 551 550 
f 659 660 552 551 
f 660 661 553 552 
f 661 662 554 553 
f 662 663 555 554 
f 663 664 556 555 
f 664 665 557 556 
f 665 666 558 557 
f 666 649 541 558 
f 667 668 524 523 
f 668 669 525 524 
f 669 670 526 525 
f 670 671 527 526 
f 671 672 528 527 
f 672 673 529 528 
f 673 674 530 529 
f 674 675 531 530 
f 675 676 532 531 
f 676 677 533 532 
f 677 678 534 533 
f 678 679 535 534 
f 679 680 536 535 
f 680 681 537 536 
f 681 682 538 537 
f 682 683 539 538 
f 683 684 540 539 
f 684 667 523 540 
f 685 686 506 505 
f 686 687 507 506 
f 687 688 508 507 
f 688 689 509 508 
f 689 690 510 509 
f 690 691 511 510 
f 691 692 512 511 
f 692 693 513 512 
f 693 694 514 513 
f 694 695 515 514 
f 695 696 516 515 
f 696 697 517 516 
f 697 698 518 517 
f 698 699 519 518 
f 699 700 520 519 
f 700 701 521 520 
f 701 702 522 521 
f 702 685 505 522 
f 469 703 470 
f 470 703 471 
f 471 703 472 
f 472 703 473 
f 473 703 474 
f 474 703 475 
f 475 703 476 
f 476 703 477 
f 477 703 478 
f 478 703 479 
f 479 703 480 
f 480 703 481 
f 481 703 482 
f 482 703 483 
f 483 703 484 
f 484 703 485 
f 485 703 486 
f 486 703 469 
f 704 705 723 722 
f 705 706 724 723 
f 706 707 725 724 
f 707 708 726 725 
f 708 709 727 726 
f 709 710 728 727 
f 710 711 729 728 
f 711 712 730 729 
f 712 713 731 730 
f 713 714 732 731 
f 714 715 733 732 
f 715 716 734 733 
f 716 717 735 734 
f 717 718 736 735 
f 718 719 737 736 
f 719 720 738 737 
f 720 721 739 738 
f 721 704 722 739 
f 722 723 921 920 
f 723 724 922 921 
f 724 725 923 922 
f 725 726 924 923 
f 726 727 925 924 
f 727 728 926 925 
f 728 729 927 926 
f 729 730 928 927 
f 730 731 929 928 
f 731 732 930 929 
f 732 733 931 930 
f 733 734 932 931 
f 734 735 933 932 
f 735 736 934 933 
f 736 737 935 934 
f 737 738 936 935 
f 738 739 937 936 
f 739 722 920 937 
f 740 741 903 902 
f 741 742 904 903 
f 742 743 905 904 
f 743 744 906 905 
f 744 745 907 906 
f 745 746 908 907 
f 746 747 909 908 
f 747 748 910 909 
f 748 749 911 910 
f 749 750 912 911 
f 750 751 913 912 
f 751 752 914 913 
f 752 753 915 914 
f 753 754 916 915 
f 754 755 917 916 
f 755 756 918 917 
f 756 757 919 918 
f 757 740 902 919 
f 758 759 885 884 
f 759 760 886 885 
f 760 761 887 886 
f 761 762 888 887 
f 762 763 889 888 
f 763 764 890 889 
f 764 765 891 890 
f 765 766 892 891 
f 766 767 893 892 
f 767 768 894 893 
f 768 769 895 894 
f 769 770 896 895 
f 770 771 897 896 
f 771 772 898 897 
f 772 773 899 898 
f 773 774 900 899 
f 774 775 901 900 
f 775 758 884 901 
f 776 777 867 866 
f 777 778 868 867 
f 778 779 869 868 
f 779 780 870 869 
f 780 781 871 870 
f 781 782 872 871 
f 782 783 873 872 
f 783 784 874 873 
f 784 785 875 874 
f 785 786 876 875 
f 786 787 877 876 
f 787 788 878 877 
f 788 789 879 878 
f 789 790 880 879 
f 790 791 881 880 
f 791 792 882 881 
f 792 793 883 882 
f 793 776 866 883 
f 794 795 813 812 
f 795 796 814 813 
f 796 797 815 814 
f 797 798 816 815 
f 798 799 817 816 
f 799 800 818 817 
f 800 801 819 818 
f 801 802 820 819 
f 802 803 821 820 
f 803 804 822 821 
f 804 805 823 822 
f 805 806 824 823 
f 806 807 825 824 
f 807 808 826 825 
f 808 809 827 826 
f 809 810 828 827 
f 810 811 829 828 
f 811 794 812 829 
f 830 831 849 848 
f 831 832 850 849 
f 832 833 851 850 
f 833 834 852 851 
f 834 835 853 852 
f 835 836 854 853 
f 836 837 855 854 
f 837 838 856 855 
f 838 839 857 856 
f 839 840 858 857 
f 840 841 859 858 
f 841 842 860 859 
f 842 843 861 860 
f 843 844 862 861 
f 844 845 863 862 
f 845 846 864 863 
f 846 847 865 864 
f 847 830 848 865 
f 848 849 795 794 
f 849 850 796 795 
f 850 851 797 796 
f 851 852 798 797 
f 852 853 799 798 
f 853 854 800 799 
f 854 855 801 800 
f 855 856 802 801 
f 856 857 803 802 
f 857 858 804 803 
f 858 859 805 804 
f 859 860 806 805 
f 860 861 807 806 
f 861 862 808 807 
f 862 863 809 808 
f 863 864 810 809 
f 864 865 811 810 
f 865 848 794 811 
f 866 867 831 830 
f 867 868 832 831 
f 868 869 833 832 
f 869 870 834 833 
f 870 871 835 834 
f 871 872 836 835 
f 872 873 837 836 
f 873 874 838 837 
f 874 875 839 838 
f 875 876 840 839 
f 876 877 841 840 
f 877 878 842 841 
f 878 879 843 842 
f 879 880 844 843 
f 880 881 845 844 
f 881 882 846 845 
f 882 883 847 846 
f 883 866 830 847 
f 884 885 777 776 
f 885 886 778 777 
f 886 887 779 778 
f 887 888 780 779 
f 888 889 781 780 
f 889 890 782 781 
f 890 891 783 782 
f 891 892 784 783 
f 892 893 785 784 
f 893 894 786 785 
f 894 895 787 786 
f 895 896 788 787 
f 896 897 789 788 
f 897 898 790 789 
f 898 899 791 790 
f 899 900 792 791 
f 900 901 793 792 
f 901 884 776 793 
f 902 903 759 758 
f 903 904 760 759 
f 904 905 761 760 
f 905 906 762 761 
f 906 907 763 762 
f 907 908 764 763 
f 908 909 765 764 
f 909 910 766 765 
f 910 911 767 766 
f 911 912 768 767 
f 912 913 769 768 
f 913 914 770 769 
f 914 915 771 770 
f 915 916 772 771 
f 916 917 773 772 
f 917 918 774 773 
f 918 919 775 774 
f 919 902 758 775 
f 920 921 741 740 
f 921 922 742 741 
f 922 923 743 742 
f 923 924 744 743 
f 924 925 745 744 
f 925 926 746 745 
f 926 927 747 746 
f 927 928 748 747 
f 928 929 749 748 
f 929 930 750 749 
f 930 931 751 750 
f 931 932 752 751 
f 932 933 753 752 
f 933 934 754 753 
f 934 935 755 754 
f 935 936 756 755 
f 936 937 757 756 
f 937 920 740 757 
f 704 938 705 
f 705 938 706 
f 706 938 707 
f 707 938 708 
f 708 938 709 
f 709 938 710 
f 710 938 711 
f 711 938 712 
f 712 938 713 
f 713 938 714 
f 714 938 715 
f 715 938 716 
f 716 938 717 
f 717 938 718 
f 718 938 719 
f 719 938 720 
f 720 938 721 
f 721 938 704 
f 939 940 958 957 
f 940 941 959 958 
f 941 942 960 959 
f 942 943 961 960 
f 943 944 962 961 
f 944 945 963 962 
f 945 946 964 963 
f 946 947 965 964 
f 947 948 966 965 
f 948 949 967 966 
f 949 950 968 967 
f 950 951 969 968 
f 951 952 970 969 
f 952 953 971 970 
f 953 954 972 971 
f 954 955 973 972 
f 955 956 974 973 
f 956 939 957 974 
f 957 958 1156 1155 
f 958 959 1157 1156 
f 959 960 1158 1157 
f 960 961 1159 1158 
f 961 962 1160 1159 
f 962 963 1161 1160 
f 963 964 1162 1161 
f 964 965 1163 1162 
f 965 966 1164 1163 
f 966 967 1165 1164 
f 967 968 1166 1165 
f 968 969 1167 1166 
f 969 970 1168 1167 
f 970 971 1169 1168 
f 971 972 1170 1169 
f 972 973 1171 1170 
f 973 974 1172 1171 
f 974 957 1155 1172 
f 975 976 1138 1137 
f 976 977 1139 1138 
f 977 978 1140 1139 
f 978 979 1141 1140 
f 979 980 1142 1141 
f 980 981 1143 1142 
f 981 982 1144 1143 
f 982 983 1145 1144 
f 983 984 1146 1145 
f 984 985 1147 1146 
f 985 986 1148 1147 
f 986 987 1149 1148 
f 987 988 1150 1149 
f 988 989 1151 1150 
f 989 990 1152 1151 
f 990 991 1153 1152 
f 991 992 1154 1153 
f 992 975 1137 1154 
f 993 994 1120 1119 
f 994 995 1121 1120 
f 995 996 1122 1121 
f 996 997 1123 1122 
f 997 998 1124 1123 
f 998 999 1125 1124 
f 999 1000 1126 1125 
f 1000 1001 1127 1126 
f 1001 1002 1128 1127 
f 1002 1003 1129 1128 
f 1003 1004 1130 1129 
f 1004 1005 1131 1130 
f 1005 1006 1132 1131 
f 1006 1007 1133 1132 
f 1007 1008 1134 1133 
f 1008 1009 1135 1134 
f 1009 1010 1136 1135 
f 1010 993 1119 1136 
f 1011 1012 1102 1101 
f 1012 1013 1103 1102 
f 1013 1014 1104 1103 
f 1014 1015 1105 1104 
f 1015 1016 1106 1105 
f 1016 1017 1107 1106 
f 1017 1018 1108 1107 
f 1018 1019 1109 1108 
f 1019 1020 1110 1109 
f 1020 1021 1111 1110 
f 1021 1022 1112 1111 
f 1022 1023 1113 1112 
f 1023 1024 1114 1113 
f 1024 1025 1115 1114 
f 1025 1026 1116 1115 
f 1026 1027 1117 1116 
f 1027 1028 1118 1117 
f 1028 1011 1101 1118 
f 1029 1030 1048 1047 
f 1030 1031 1049 1048 
f 1031 1032 1050 1049 
f 1032 1033 1051 1050 
f 1033 1034 1052 1051 
f 1034 1035 1053 1052 
f 1035 1036 1054 1053 
f 1036 1037 1055 1054 
f 1037 1038 1056 1055 
f 1038 1039 1057 1056 
f 1039 1040 1058 1057 
f 1040 1041 1059 1058 
f 1041 1042 1060 1059 
f 1042 1043 1061 1060 
f 1043 1044 1062 1061 
f 1044 1045 1063 1062 
f 1045 1046 1064 1063 
f 1046 1029 1047 1064 
f 1065 1066 1084 1083 
f 1066 1067 1085 1084 
f 1067 1068 1086 1085 
f 1068 1069 1087 1086 
f 1069 1070 1088 1087 
f 1070 1071 1089 1088 
f 1071 1072 1090 1089 
f 1072 1073 1091 1090 
f 1073 1074 1092 1091 
f 1074 1075 1093 1092 
f 1075 1076 1094 1093 
f 1076 1077 1095 1094 
f 1077 1078 1096 1095 
f 1078 1079 1097 1096 
f 1079 1080 1098 1097 
f 1080 1081 1099 1098 
f 1081 1082 1100 1099 
f 1082 1065 1083 1100 
f 1083 1084 1030 1029 
f 1084 1085 1031 1030 
f 1085 1086 1032 1031 
f 1086 1087 1033 1032 
f 1087 1088 1034 1033 
f 1088 1089 1035 1034 
f 1089 1090 1036 1035 
f 1090 1091 1037 1036 
f 1091 1092 1038 1037 
f 1092 1093 1039 1038 
f 1093 1094 1040 1039 
f 1094 1095 1041 1040 
f 1095 1096 1042 1041 
f 1096 1097 1043 1042 
f 1097 1098 1044 1043 
f 1098 1099 1045 1044 
f 1099 1100 1046 1045 
f 1100 1083 1029 1046 
f 1101 1102 1066 1065 
f 1102 1103 1067 1066 
f 1103 1104 1068 1067 
f 1104 1105 1069 1068 
f 1105 1106 1070 1069 
f 1106 1107 1071 1070 
f 1107 1108 1072 1071 
f 1108 1109 1073 1072 
f 1109 1110 1074 1073 
f 1110 1111 1075 1074 
f 1111 1112 1076 1075 
f 1112 1113 1077 1076 
f 1113 1114 1078 1077 
f 1114 1115 1079 1078 
f 1115 1116 1080 1079 
f 1116 1117 1081 1080 
f 1117 1118 1082 1081 
f 1118 1101 1065 1082 
f 1119 1120 1012 1011 
f 1120 1121 1013 1012 
f 1121 1122 1014 1013 
f 1122 1123 1015 1014 
f 1123 1124 1016 1015 
f 1124 1125 1017 1016 
f 1125 1126 1018 1017 
f 1126 1127 1019 1018 
f 1127 1128 1020 1019 
f 1128 1129 1021 1020 
f 1129 1130 1022 1021 
f 1130 1131 1023 1022 
f 1131 1132 1024 1023 
f 1132 1133 1025 1024 
f 1133 1134 1026 1025 
f 1134 1135 1027 1026 
f 1135 1136 1028 1027 
f 1136 1119 1011 1028 
f 1137 1138 994 993 
f 1138 1139 995 994 
f 1139 1140 996 995 
f 1140 1141 997 996 
f 1141 1142 998 997 
f 1142 1143 999 998 
f 1143 1144 1000 999 
f 1144 1145 1001 1000 
f 1145 1146 1002 1001 
f 1146 1147 1003 1002 
f 1147 1148 1004 1003 
f 1148 1149 1005 1004 
f 1149 1150 1006 1005 
f 1150 1151 1007 1006 
f 1151 1152 1008 1007 
f 1152 1153 1009 1008 
f 1153 1154 1010 1009 
f 1154 1137 993 1010 
f 1155 1156 976 975 
f 1156 1157 977 976 
f 1157 1158 978 977 
f 1158 1159 979 978 
f 1159 1160 980 979 
f 1160 1161 981 980 
f 1161 1162 982 981 
f 1162 1163 983 982 
f 1163 1164 984 983 
f 1164 1165 985 984 
f 1165 1166 986 985 
f 1166 1167 987 986 
f 1167 1168 988 987 
f 1168 1169 989 988 
f 1169 1170 990 989 
f 1170 1171 991 990 
f 1171 1172 992 991 
f 1172 1155 975 992 
f 939 1173 940 
f 940 1173 941 
f 941 1173 942 
f 942 1173 943 
f 943 1173 944 
f 944 1173 945 
f 945 1173 946 
f 946 1173 947 
f 947 1173 948 
f 948 1173 949 
f 949 1173 950 
f 950 1173 951 
f 951 1173 952 
f 952 1173 953 
f 953 1173 954 
f 954 1173 955 
f 955 1173 956 
f 956 1173 939 
f 1174 1175 1193 1192 
f 1175 1176 1194 1193 
f 1176 1177 1195 1194 
f 1177 1178 1196 1195 
f 1178 1179 1197 1196 
f 1179 1180 1198 1197 
f 1180 1181 1199 1198 
f 1181 1182 1200 1199 
f 1182 1183 1201 1200 
f 1183 1184 1202 1201 
f 1184 1185 1203 1202 
f 1185 1186 1204 1203 
f 1186 1187 1205 1204 
f 1187 1188 1206 1205 
f 1188 1189 1207 1206 
f 1189 1190 1208 1207 
f 1190 1191 1209 1208 
f 1191 1174 1192 1209 
f 1192 1193 1391 1390 
f 1193 1194 1392 1391 
f 1194 1195 1393 1392 
f 1195 1196 1394 1393 
f 1196 1197 1395 1394 
f 1197 1198 1396 1395 
f 1198 1199 1397 1396 
f 1199 1200 1398 1397 
f 1200 1201 1399 1398 
f 1201 1202 1400 1399 
f 1202 1203 1401 1400 
f 1203 1204 1402 1401 
f 1204 1205 1403 1402 
f 1205 1206 1404 1403 
f 1206 1207 1405 1404 
f 1207 1208 1406 1405 
f 1208 1209 1407 1406 
f 1209 1192 1390 1407 
f 1210 1211 1373 1372 
f 1211 1212 1374 1373 
f 1212 1213 1375 1374 
f 1213 1214 1376 1375 
f 1214 1215 1377 1376 
f 1215 1216 1378 1377 
f 1216 1217 1379 1378 
f 1217 1218 1380 1379 
f 1218 1219 1381 1380 
f 1219 1220 1382 1381 
f 1220 1221 1383 1382 
f 1221 1222 1384 1383 
f 1222 1223 1385 1384 
f 1223 1224 1386 1385 
f 1224 1225 1387 1386 
f 1225 1226 1388 1387 
f 1226 1227 1389 1388 
f 1227 1210 1372 1389 
f 1228 1229 1355 1354 
f 1229 1230 1356 1355 
f 1230 1231 1357 1356 
f 1231 1232 1358 1357 
f 1232 1233 1359 1358 
f 1233 1234 1360 1359 
f 1234 1235 1361 1360 
f 1235 1236 1362 1361 
f 1236 1237 1363 1362 
f 1237 1238 1364 1363 
f 1238 1239 1365 1364 
f 1239 1240 1366 1365 
f 1240 1241 1367 1366 
f 1241 1242 1368 1367 
f 1242 1243 1369 1368 
f 1243 1244 1370 1369 
f 1244 1245 1371 1370 
f 1245 1228 1354 1371 
f 1246 1247 1337 1336 
f 1247 1248 1338 1337 
f 1248 1249 1339 1338 
f 1249 1250 1340 1339 
f 1250 1251 1341 1340 
f 1251 1252 1342 1341 
f 1252 1253 1343 1342 
f 1253 1254 1344 1343 
f 1254 1255 1345 1344 
f 1255 1256 1346 1345 
f 1256 1257 1347 1346 
f 1257 1258 1348 1347 
f 1258 1259 1349 1348 
f 1259 1260 1350 1349 
f 1260 1261 1351 1350 
f 1261 1262 1352 1351 
f 1262 1263 1353 1352 
f 1263 1246 1336 1353 
f 1264 1265 1283 1282 
f 1265 1266 1284 1283 
f 1266 1267 1285 1284 
f 1267 1268 1286 1285 
f 1268 1269 1287 1286 
f 1269 1270 1288 1287 
f 1270 1271 1289 1288 
f 1271 1272 1290 1289 
f 1272 1273 1291 1290 
f 1273 1274 1292 1291 
f 1274 1275 1293 1292 
f 1275 1276 1294 1293 
f 1276 1277 1295 1294 
f 1277 1278 1296 1295 
f 1278 1279 1297 1296 
f 1279 1280 1298 1297 
f 1280 1281 1299 1298 
f 1281 1264 1282 1299 
f 1300 1301 1319 1318 
f 1301 1302 1320 1319 
f 1302 1303 1321 1320 
f 1303 1304 1322 1321 
f 1304 1305 1323 1322 
f 1305 1306 1324 1323 
f 1306 1307 1325 1324 
f 1307 1308 1326 1325 
f 1308 1309 1327 1326 
f 1309 1310 1328 1327 
f 1310 1311 1329 1328 
f 1311 1312 1330 1329 
f 1312 1313 1331 1330 
f 1313 1314 1332 1331 
f 1314 1315 1333 1332 
f 1315 1316 1334 1333 
f 1316 1317 1335 1334 
f 1317 1300 1318 1335 
f 1318 1319 1265 1264 
f 1319 1320 1266 1265 
f 1320 1321 1267 1266 
f 1321 1322 1268 1267 
f 1322 1323 1269 1268 
f 1323 1324 1270 1269 
f 1324 1325 1271 1270 
f 1325 1326 1272 1271 
f 1326 1327 1273 1272 
f 1327 1328 1274 1273 
f 1328 1329 1275 1274 
f 1329 1330 1276 1275 
f 1330 1331 1277 1276 
f 1331 1332 1278 1277 
f 1332 1333 1279 1278 
f 1333 1334 1280 1279 
f 1334 1335 1281 1280 
f 1335 1318 1264 1281 
f 1336 1337 1301 1300 
f 1337 1338 1302 1301 
f 1338 1339 1303 1302 
f 1339 1340 1304 1303 
f 1340 1341 1305 1304 
f 1341 1342 1306 1305 
f 1342 1343 1307 1306 
f 1343 1344 1308 1307 
f 1344 1345 1309 1308 
f 1345 1346 1310 1309 
f 1346 1347 1311 1310 
f 1347 1348 1312 1311 
f 1348 1349 1313 1312 
f 1349 1350 1314 1313 
f 1350 1351 1315 1314 
f 1351 1352 1316 1315 
f 1352 1353 1317 1316 
f 1353 1336 1300 1317 
f 1354 1355 1247 1246 
f 1355 1356 1248 1247 
f 1356 1357 1249 1248 
f 1357 1358 1250 1249 
f 1358 1359 1251 1250 
f 1359 1360 1252 1251 
f 1360 1361 1253 1252 
f 1361 1362 1254 1253 
f 1362 1363 1255 1254 
f 1363 1364 1256 1255 
f 1364 1365 1257 1256 
f 1365 1366 1258 1257 
f 1366 1367 1259 1258 
f 1367 1368 1260 1259 
f 1368 1369 1261 1260 
f 1369 1370 1262 1261 
f 1370 1371 1263 1262 
f 1371 1354 1246 1263 
f 1372 1373 1229 1228 
f 1373 1374 1230 1229 
f 1374 1375 1231 1230 
f 1375 1376 1232 1231 
f 1376 1377 1233 1232 
f 1377 1378 1234 1233 
f 1378 1379 1235 1234 
f 1379 1380 1236 1235 
f 1380 1381 1237 1236 
f 1381 1382 1238 1237 
f 1382 1383 1239 1238 
f 1383 1384 1240 1239 
f 1384 1385 1241 1240 
f 1385 1386 1242 1241 
f 1386 1387 1243 1242 
f 1387 1388 1244 1243 
f 1388 1389 1245 1244 
f 1389 1372 1228 1245 
f 1390 1391 1211 1210 
f 1391 1392 1212 1211 
f 1392 1393 1213 1212 
f 1393 1394 1214 1213 
f 1394 1395 1215 1214 
f 1395 1396 1216 1215 
f 1396 1397 1217 1216 
f 1397 1398 1218 1217 
f 1398 1399 1219 1218 
f 1399 1400 1220 1219 
f 1400 1401 1221 1220 
f 1401 1402 1222 1221 
f 1402 1403 1223 1222 
f 1403 1404 1224 1223 
f 1404 1405 1225 1224 
f 1405 1406 1226 1225 
f 1406 1407 1227 1226 
f 1407 1390 1210 1227 
f 1174 1408 1175 
f 1175 1408 1176 
f 1176 1408 1177 
f 1177 1408 1178 
f 1178 1408 1179 
f 1179 1408 1180 
f 1180 1408 1181 
f 1181 1408 1182 
f 1182 1408 1183 
f 1183 1408 1184 
f 1184 1408 1185 
f 1185 1408 1186 
f 1186 1408 1187 
f 1187 1408 1188 
f 1188 1408 1189 
f 1189 1408 1190 
f 1190 1408 1191 
f 1191 1408 1174 
f 1409 1410 1428 1427 
f 1410 1411 1429 1428 
f 1411 1412 1430 1429 
f 1412 1413 1431 1430 
f 1413 1414 1432 1431 
f 1414 1415 1433 1432 
f 1415 1416 1434 1433 
f 1416 1417 1435 1434 
f 1417 1418 1436 1435 
f 1418 1419 1437 1436 
f 1419 1420 1438 1437 
f 1420 1421 1439 1438 
f 1421 1422 1440 1439 
f 1422 1423 1441 1440 
f 1423 1424 1442 1441 
f 1424 1425 1443 1442 
f 1425 1426 1444 1443 
f 1426 1409 1427 1444 
f 1427 1428 1626 1625 
f 1428 1429 1627 1626 
f 1429 1430 1628 1627 
f 1430 1431 1629 1628 
f 1431 1432 1630 1629 
f 1432 1433 1631 1630 
f 1433 1434 1632 1631 
f 1434 1435 1633 1632 
f 1435 1436 1634 1633 
f 1436 1437 1635 1634 
f 1437 1438 1636 1635 
f 1438 1439 1637 1636 
f 1439 1440 1638 1637 
f 1440 1441 1639 1638 
f 1441 1442 1640 1639 
f 1442 1443 1641 1640 
f 1443 1444 1642 1641 
f 1444 1427 1625 1642 
f 1445 1446 1608 1607 
f 1446 1447 1609 1608 
f 1447 1448 1610 1609 
f 1448 1449 1611 1610 
f 1449 1450 1612 1611 
f 1450 1451 1613 1612 
f 1451 1452 1614 1613 
f 1452 1453 1615 1614 
f 1453 1454 1616 1615 
f 1454 1455 1617 1616 
f 1455 1456 1618 1617 
f 1456 1457 1619 1618 
f 1457 1458 1620 1619 
f 1458 1459 1621 1620 
f 1459 1460 1622 1621 
f 1460 1461 1623 1622 
f 1461 1462 1624 1623 
f 1462 1445 1607 1624 
f 1463 1464 1590 1589 
f 1464 1465 1591 1590 
f 1465 1466 1592 1591 
f 1466 1467 1593 1592 
f 1467 1468 1594 1593 
f 1468 1469 1595 1594 
f 1469 1470 1596 1595 
f 1470 1471 1597 1596 
f 1471 1472 1598 1597 
f 1472 1473 1599 1598 
f 1473 1474 1600 1599 
f 1474 1475 1601 1600 
f 1475 1476 1602 1601 
f 1476 1477 1603 1602 
f 1477 1478 1604 1603 
f 1478 1479 1605 1604 
f 1479 1480 1606 1605 
f 1480 1463 1589 1606 
f 1481 1482 1572 1571 
f 1482 1483 1573 1572 
f 1483 1484 1574 1573 
f 1484 1485 1575 1574 
f 1485 1486 1576 1575 
f 1486 1487 1577 1576 
f 1487 1488 1578 1577 
f 1488 1489 1579 1578 
f 1489 1490 1580 1579 
f 1490 1491 1581 1580 
f 1491 1492 1582 1581 
f 1492 1493 1583 1582 
f 1493 1494 1584 1583 
f 1494 1495 1585 1584 
f 1495 1496 1586 1585 
f 1496 1497 1587 1586 
f 1497 1498 1588 1587 
f 1498 1481 1571 1588 
f 1499 1500 1518 1517 
f 1500 1501 1519 1518 
f 1501 1502 1520 1519 
f 1502 1503 1521 1520 
f 1503 1504 1522 1521 
f 1504 1505 1523 1522 
f 1505 1506 1524 1523 
f 1506 1507 1525 1524 
f 1507 1508 1526 1525 
f 1508 1509 1527 1526 
f 1509 1510 1528 1527 
f 1510 1511 1529 1528 
f 1511 1512 1530 1529 
f 1512 1513 1531 1530 
f 1513 1514 1532 1531 
f 1514 1515 1533 1532 
f 1515 1516 1534 1533 
f 1516 1499 1517 1534 
f 1535 1536 1554 1553 
f 1536 1537 1555 1554 
f 1537 1538 1556 1555 
f 1538 1539 1557 1556 
f 1539 1540 1558 1557 
f 1540 1541 1559 1558 
f 1541 1542 1560 1559 
f 1542 1543 1561 1560 
f 1543 1544 1562 1561 
f 1544 1545 1563 1562 
f 1545 1546 1564 1563 
f 1546 1547 1565 1564 
f 1547 1548 1566 1565 
f 1548 1549 1567 1566 
f 1549 1550 1568 1567 
f 1550 1551 1569 1568 
f 1551 1552 1570 1569 
f 1552 1535 1553 1570 
f 1553 1554 1500 1499 
f 1554 1555 1501 1500 
f 1555 1556 1502 1501 
f 1556 1557 1503 1502 
f 1557 1558 1504 1503 
f 1558 1559 1505 1504 
f 1559 1560 1506 1505 
f 1560 1561 1507 1506 
f 1561 1562 1508 1507 
f 1562 1563 1509 1508 
f 1563 1564 1510 1509 
f 1564 1565 1511 1510 
f 1565 1566 1512 1511 
f 1566 1567 1513 1512 
f 1567 1568 1514 1513 
f 1568 1569 1515 1514 
f 1569 1570 1516 1515 
f 1570 1553 1499 1516 
f 1571 1572 1536 1535 
f 1572 1573 1537 1536 
f 1573 1574 1538 1537 
f 1574 1575 1539 1538 
f 1575 1576 1540 1539 
f 1576 1577 1541 1540 
f 1577 1578 1542 1541 
f 1578 1579 1543 1542 
f 1579 1580 1544 1543 
f 1580 1581 1545 1544 
f 1581 1582 1546 1545 
f 1582 1583 1547 1546 
f 1583 1584 1548 1547 
f 1584 1585 1549 1548 
f 1585 1586 1550 1549 
f 1586 1587 1551 1550 
f 1587 1588 1552 1551 
f 1588 1571 1535 1552 
f 1589 1590 1482 1481 
f 1590 1591 1483 1482 
f 1591 1592 1484 1483 
f 1592 1593 1485 1484 
f 1593 1594 1486 1485 
f 1594 1595 1487 1486 
f 1595 1596 1488 1487 
f 1596 1597 1489 1488 
f 1597 1598 1490 1489 
f 1598 1599 1491 1490 
f 1599 1600 1492 1491 
f 1600 1601 1493 1492 
f 1601 1602 1494 1493 
f 1602 1603 1495 1494 
f 1603 1604 1496 1495 
f 1604 1605 1497 1496 
f 1605 1606 1498 1497 
f 1606 1589 1481 1498 
f 1607 1608 1464 1463 
f 1608 1609 1465 1464 
f 1609 1610 1466 1465 
f 1610 1611 1467 1466 
f 1611 1612 1468 1467 
f 1612 1613 1469 1468 
f 1613 1614 1470 1469 
f 1614 1615 1471 1470 
f 1615 1616 1472 1471 
f 1616 1617 1473 1472 
f 1617 1618 1474 1473 
f 1618 1619 1475 1474 
f 1619 1620 1476 1475 
f 1620 1621 1477 1476 
f 1621 1622 1478 1477 
f 1622 1623 1479 1478 
f 1623 1624 1480 1479 
f 1624 1607 1463 1480 
f 1625 1626 1446 1445 
f 1626 1627 1447 1446 
f 1627 1628 1448 1447 
f 1628 1629 1449 1448 
f 1629 1630 1450 1449 
f 1630 1631 1451 1450 
f 1631 1632 1452 1451 
f 1632 1633 1453 1452 
f 1633 1634 1454 1453 
f 1634 1635 1455 1454 
f 1635 1636 1456 1455 
f 1636 1637 1457 1456 
f 1637 1638 1458 1457 
f 1638 1639 1459 1458 
f 1639 1640 1460 1459 
f 1640 1641 1461 1460 
f 1641 1642 1462 1461 
f 1642 1625 1445 1462 
f 1409 1643 1410 
f 1410 1643 1411 
f 1411 1643 1412 
f 1412 1643 1413 
f 1413 1643 1414 
f 1414 1643 1415 
f 1415 1643 1416 
f 1416 1643 1417 
f 1417 1643 1418 
f 1418 1643 1419 
f 1419 1643 1420 
f 1420 1643 1421 
f 1421 1643 1422 
f 1422 1643 1423 
f 1423 1643 1424 
f 1424 1643 1425 
f 1425 1643 1426 
f 1426 1643 1409 
f 1644 1645 1663 1662 
f 1645 1646 1664 1663 
f 1646 1647 1665 1664 
f 1647 1648 1666 1665 
f 1648 1649 1667 1666 
f 1649 1650 1668 1667 
f 1650 1651 1669 1668 
f 1651 1652 1670 1669 
f 1652 1653 1671 1670 
f 1653 1654 1672 1671 
f 1654 1655 1673 1672 
f 1655 1656 1674 1673 
f 1656 1657 1675 1674 
f 1657 1658 1676 1675 
f 1658 1659 1677 1676 
f 1659 1660 1678 1677 
f 1660 1661 1679 1678 
f 1661 1644 1662 1679 
f 1662 1663 1861 1860 
f 1663 1664 1862 1861 
f 1664 1665 1863 1862 
f 1665 1666 1864 1863 
f 1666 1667 1865 1864 
f 1667 1668 1866 1865 
f 1668 1669 1867 1866 
f 1669 1670 1868 1867 
f 1670 1671 1869 1868 
f 1671 1672 1870 1869 
f 1672 1673 1871 1870 
f 1673 1674 1872 1871 
f 1674 1675 1873 1872 
f 1675 1676 1874 1873 
f 1676 1677 1875 1874 
f 1677 1678 1876 1875 
f 1678 1679 1877 1876 
f 1679 1662 1860 1877 
f 1680 1681 1843 1842 
f 1681 1682 1844 1843 
f 1682 1683 1845 1844 
f 1683 1684 1846 1845 
f 1684 1685 1847 1846 
f 1685 1686 1848 1847 
f 1686 1687 1849 1848 
f 1687 1688 1850 1849 
f 1688 1689 1851 1850 
f 1689 1690 1852 1851 
f 1690 1691 1853 1852 
f 1691 1692 1854 1853 
f 1692 1693 1855 1854 
f 1693 1694 1856 1855 
f 1694 1695 1857 1856 
f 1695 1696 1858 1857 
f 1696 1697 1859 1858 
f 1697 1680 1842 1859 
f 1698 1699 1825 1824 
f 1699 1700 1826 1825 
f 1700 1701 1827 1826 
f 1701 1702 1828 1827 
f 1702 1703 1829 1828 
f 1703 1704 1830 1829 
f 1704 1705 1831 1830 
f 1705 1706 1832 1831 
f 1706 1707 1833 1832 
f 1707 1708 1834 1833 
f 1708 1709 1835 1834 
f 1709 1710 1836 1835 
f 1710 1711 1837 1836 
f 1711 1712 1838 1837 
f 1712 1713 1839 1838 
f 1713 1714 1840 1839 
f 1714 1715 1841 1840 
f 1715 1698 1824 1841 
f 1716 1717 1807 1806 
f 1717 1718 1808 1807 
f 1718 1719 1809 1808 
f 1719 1720 1810 1809 
f 1720 1721 1811 1810 
f 1721 1722 1812 1811 
f 1722 1723 1813 1812 
f 1723 1724 1814 1813 
f 1724 1725 1815 1814 
f 1725 1726 1816 1815 
f 1726 1727 1817 1816 
f 1727 1728 1818 1817 
f 1728 1729 1819 1818 
f 1729 1730 1820 1819 
f 1730 1731 1821 1820 
f 1731 1732 1822 1821 
f 1732 1733 1823 1822 
f 1733 1716 1806 1823 
f 1734 1735 1753 1752 
f 1735 1736 1754 1753 
f 1736 1737 1755 1754 
f 1737 1738 1756 1755 
f 1738 1739 1757 1756 
f 1739 1740 1758 1757 
f 1740 1741 1759 1758 
f 1741 1742 1760 1759 
f 1742 1743 1761 1760 
f 1743 1744 1762 1761 
f 1744 1745 1763 1762 
f 1745 1746 1764 1763 
f 1746 1747 1765 1764 
f 1747 1748 1766 1765 
f 1748 1749 1767 1766 
f 1749 1750 1768 1767 
f 1750 1751 1769 1768 
f 1751 1734 1752 1769 
f 1770 1771 1789 1788 
f 1771 1772 1790 1789 
f 1772 1773 1791 1790 
f 1773 1774 1792 1791 
f 1774 1775 1793 1792 
f 1775 1776 1794 1793 
f 1776 1777 1795 1794 
f 1777 1778 1796 1795 
f 1778 1779 1797 1796 
f 1779 1780 1798 1797 
f 1780 1781 1799 1798 
f 1781 1782 1800 1799 
f 1782 1783 1801 1800 
f 1783 1784 1802 1801 
f 1784 1785 1803 1802 
f 1785 1786 1804 1803 
f 1786 1787 1805 1804 
f 1787 1770 1788 1805 
f 1788 1789 1735 1734 
f 1789 1790 1736 1735 
f 1790 1791 1737 1736 
f 1791 1792 1738 1737 
f 1792 1793 1739 1738 
f 1793 1794 1740 1739 
f 1794 1795 1741 1740 
f 1795 1796 1742 1741 
f 1796 1797 1743 1742 
f 1797 1798 1744 1743 
f 1798 1799 1745 1744 
f 1799 1800 1746 1745 
f 1800 1801 1747 1746 
f 1801 1802 1748 1747 
f 1802 1803 1749 1748 
f 1803 1804 1750 1749 
f 1804 1805 1751 1750 
f 1805 1788 1734 1751 
f 1806 1807 1771 1770 
f 1807 1808 1772 1771 
f 1808 1809 1773 1772 
f 1809 1810 1774 1773 
f 1810 1811 1775 1774 
f 1811 1812 1776 1775 
f 1812 1813 1777 1776 
f 1813 1814 1778 1777 
f 1814 1815 1779 1778 
f 1815 1816 1780 1779 
f 1816 1817 1781 1780 
f 1817 1818 1782 1781 
f 1818 1819 1783 1782 
f 1819 1820 1784 1783 
f 1820 1821 1785 1784 
f 1821 1822 1786 1785 
f 1822 1823 1787 1786 
f 1823 1806 1770 1787 
f 1824 1825 1717 1716 
f 1825 1826 1718 1717 
f 1826 1827 1719 1718 
f 1827 1828 1720 1719 
f 1828 1829 1721 1720 
f 1829 1830 1722 1721 
f 1830 1831 1723 1722 
f 1831 1832 1724 1723 
f 1832 1833 1725 1724 
f 1833 1834 1726 1725 
f 1834 1835 1727 1726 
f 1835 1836 1728 1727 
f 1836 1837 1729 1728 
f 1837 1838 1730 1729 
f 1838 1839 1731 1730 
f 1839 1840 1732 1731 
f 1840 1841 1733 1732 
f 1841 1824 1716 1733 
f 1842 1843 1699 1698 
f 1843 1844 1700 1699 
f 1844 1845 1701 1700 
f 1845 1846 1702 1701 
f 1846 1847 1703 1702 
f 1847 1848 1704 1703 
f 1848 1849 1705 1704 
f 1849 1850 1706 1705 
f 1850 1851 1707 1706 
f 1851 1852 1708 1707 
f 1852 1853 1709 1708 
f 1853 1854 1710 1709 
f 1854 1855 1711 1710 
f 1855 1856 1712 1711 
f 1856 1857 1713 1712 
f 1857 1858 1714 1713 
f 1858 1859 1715 1714 
f 1859 1842 1698 1715 
f 1860 1861 1681 1680 
f 1861 1862 1682 1681 
f 1862 1863 1683 1682 
f 1863 1864 1684 1683 
f 1864 1865 1685 1684 
f 1865 1866 1686 1685 
f 1866 1867 1687 1686 
f 1867 1868 1688 1687 
f 1868 1869 1689 1688 
f 1869 1870 1690 1689 
f 1870 1871 1691 1690 
f 1871 1872 1692 1691 
f 1872 1873 1693 1692 
f 1873 1874 1694 1693 
f 1874 1875 1695 1694 
f 1875 1876 1696 1695 
f 1876 1877 1697 1696 
f 1877 1860 1680 1697 
f 1644 1878 1645 
f 1645 1878 1646 
f 1646 1878 1647 
f 1647 1878 1648 
f 1648 1878 1649 
f 1649 1878 1650 
f 1650 1878 1651 
f 1651 1878 1652 
f 1652 1878 1653 
f 1653 1878 1654 
f 1654 1878 1655 
f 1655 1878 1656 
f 1656 1878 1657 
f 1657 1878 1658 
f 1658 1878 1659 
f 1659 1878 1660 
f 1660 1878 1661 
f 1661 1878 1644 
f 1879 1880 1898 1897 
f 1880 1881 1899 1898 
f 1881 1882 1900 1899 
f 1882 1883 1901 1900 
f 1883 1884 1902 1901 
f 1884 1885 1903 1902 
f 1885 1886 1904 1903 
f 1886 1887 1905 1904 
f 1887 1888 1906 1905 
f 1888 1889 1907 1906 
f 1889 1890 1908 1907 
f 1890 1891 1909 1908 
f 1891 1892 1910 1909 
f 1892 1893 1911 1910 
f 1893 1894 1912 1911 
f 1894 1895 1913 1912 
f 1895 1896 1914 1913 
f 1896 1879 1897 1914 
f 1897 1898 2096 2095 
f 1898 1899 2097 2096 
f 1899 1900 2098 2097 
f 1900 1901 2099 2098 
f 1901 1902 2100 2099 
f 1902 1903 2101 2100 
f 1903 1904 2102 2101 
f 1904 1905 2103 2102 
f 1905 1906 2104 2103 
f 1906 1907 2105 2104 
f 1907 1908 2106 2105 
f 1908 1909 2107 2106 
f 1909 1910 2108 2107 
f 1910 1911 2109 2108 
f 1911 1912 2110 2109 
f 1912 1913 2111 2110 
f 1913 1914 2112 2111 
f 1914 1897 2095 2112 
f 1915 1916 2078 2077 
f 1916 1917 2079 2078 
f 1917 1918 2080 2079 
f 1918 1919 2081 2080 
f 1919 1920 2082 2081 
f 1920 1921 2083 2082 
f 1921 1922 2084 2083 
f 1922 1923 2085 2084 
f 1923 1924 2086 2085 
f 1924 1925 2087 2086 
f 1925 1926 2088 2087 
f 1926 1927 2089 2088 
f 1927 1928 2090 2089 
f 1928 1929 2091 2090 
f 1929 1930 2092 2091 
f 1930 1931 2093 2092 
f 1931 1932 2094 2093 
f 1932 1915 2077 2094 
f 1933 1934 2060 2059 
f 1934 1935 2061 2060 
f 1935 1936 2062 2061 
f 1936 1937 2063 2062 
f 1937 1938 2064 2063 
f 1938 1939 2065 2064 
f 1939 1940 2066 2065 
f 1940 1941 2067 2066 
f 1941 1942 2068 2067 
f 1942 1943 2069 2068 
f 1943 1944 2070 2069 
f 1944 1945 2071 2070 
f 1945 1946 2072 2071 
f 1946 1947 2073 2072 
f 1947 1948 2074 2073 
f 1948 1949 2075 2074 
f 1949 1950 2076 2075 
f 1950 1933 2059 2076 
f 1951 1952 2042 2041 
f 1952 1953 2043 2042 
f 1953 1954 2044 2043 
f 1954 1955 2045 2044 
f 1955 1956 2046 2045 
f 1956 1957 2047 2046 
f 1957 1958 2048 2047 
f 1958 1959 2049 2048 
f 1959 1960 2050 2049 
f 1960 1961 2051 2050 
f 1961 1962 2052 2051 
f 1962 1963 2053 2052 
f 1963 1964 2054 2053 
f 1964 1965 2055 2054 
f 1965 1966 2056 2055 
f 1966 1967 2057 2056 
f 1967 1968 2058 2057 
f 1968 1951 2041 2058 
f 1969 1970 1988 1987 
f 1970 1971 1989 1988 
f 1971 1972 1990 1989 
f 1972 1973 1991 1990 
f 1973 1974 1992 1991 
f 1974 1975 1993 1992 
f 1975 1976 1994 1993 
f 1976 1977 1995 1994 
f 1977 1978 1996 1995 
f 1978 1979 1997 1996 
f 1979 1980 1998 1997 
f 1980 1981 1999 1998 
f 1981 1982 2000 1999 
f 1982 1983 2001 2000 
f 1983 1984 2002 2001 
f 1984 1985 2003 2002 
f 1985 1986 2004 2003 
f 1986 1969 1987 2004 
f 2005 2006 2024 2023 
f 2006 2007 2025 2024 
f 2007 2008 2026 2025 
f 2008 2009 2027 2026 
f 2009 2010 2028 2027 
f 2010 2011 2029 2028 
f 2011 2012 2030 2029 
f 2012 2013 2031 2030 
f 2013 2014 2032 2031 
f 2014 2015 2033 2032 
f 2015 2016 2034 2033 
f 2016 2017 2035 2034 
f 2017 2018 2036 2035 
f 2018 2019 2037 2036 
f 2019 2020 2038 2037 
f 2020 2021 2039 2038 
f 2021 2022 2040 2039 
f 2022 2005 2023 2040 
f 2023 2024 1970 1969 
f 2024 2025 1971 1970 
f 2025 2026 1972 1971 
f 2026 2027 1973 1972 
f 2027 2028 1974 1973 
f 2028 2029 1975 1974 
f 2029 2030 1976 1975 
f 2030 2031 1977 1976 
f 2031 2032 1978 1977 
f 2032 2033 1979 1978 
f 2033 2034 1980 1979 
f 2034 2035 1981 1980 
f 2035 2036 1982 1981 
f 2036 2037 1983 1982 
f 2037 2038 1984 1983 
f 2038 2039 1985 1984 
f 2039 2040 1986 1985 
f 2040 2023 1969 1986 
f 2041 2042 2006 2005 
f 2042 2043 2007 2006 
f 2043 2044 2008 2007 
f 2044 2045 2009 2008 
f 2045 2046 2010 2009 
f 2046 2047 2011 2010 
f 2047 2048 2012 2011 
f 2048 2049 2013 2012 
f 2049 2050 2014 2013 
f 2050 2051 2015 2014 
f 2051 2052 2016 2015 
f 2052 2053 2017 2016 
f 2053 2054 2018 2017 
f 2054 2055 2019 2018 
f 2055 2056 2020 2019 
f 2056 2057 2021 2020 
f 2057 2058 2022 2021 
f 2058 2041 2005 2022 
f 2059 2060 1952 1951 
f 2060 2061 1953 1952 
f 2061 2062 1954 1953 
f 2062 2063 1955 1954 
f 2063 2064 1956 1955 
f 2064 2065 1957 1956 
f 2065 2066 1958 1957 
f 2066 2067 1959 1958 
f 2067 2068 1960 1959 
f 2068 2069 1961 1960 
f 2069 2070 1962 1961 
f 2070 2071 1963 1962 
f 2071 2072 1964 1963 
f 2072 2073 1965 1964 
f 2073 2074 1966 1965 
f 2074 2075 1967 1966 
f 2075 2076 1968 1967 
f 2076 2059 1951 1968 
f 2077 2078 1934 1933 
f 2078 2079 1935 1934 
f 2079 2080 1936 1935 
f 2080 2081 1937 1936 
f 2081 2082 1938 1937 
f 2082 2083 1939 1938 
f 2083 2084 1940 1939 
f 2084 2085 1941 1940 
f 2085 2086 1942 1941 
f 2086 2087 1943 1942 
f 2087 2088 1944 1943 
f 2088 2089 1945 1944 
f 2089 2090 1946 1945 
f 2090 2091 1947 1946 
f 2091 2092 1948 1947 
f 2092 2093 1949 1948 
f 2093 2094 1950 1949 
f 2094 2077 1933 1950 
f 2095 2096 1916 1915 
f 2096 2097 1917 1916 
f 2097 2098 1918 1917 
f 2098 2099 1919 1918 
f 2099 2100 1920 1919 
f 2100 2101 1921 1920 
f 2101 2102 1922 1921 
f 2102 2103 1923 1922 
f 2103 2104 1924 1923 
f 2104 2105 1925 1924 
f 2105 2106 1926 1925 
f 2106 2107 1927 1926 
f 2107 2108 1928 1927 
f 2108 2109 1929 1928 
f 2109 2110 1930 1929 
f 2110 2111 1931 1930 
f 2111 2112 1932 1931 
f 2112 2095 1915 1932 
f 1879 2113 1880 
f 1880 2113 1881 
f 1881 2113 1882 
f 1882 2113 1883 
f 1883 2113 1884 
f 1884 2113 1885 
f 1885 2113 1886 
f 1886 2113 1887 
f 1887 2113 1888 
f 1888 2113 1889 
f 1889 2113 1890 
f 1890 2113 1891 
f 1891 2113 1892 
f 1892 2113 1893 
f 1893 2113 1894 
f 1894 2113 1895 
f 1895 2113 1896 
f 1896 2113 1879 
f 2114 2115 2133 2132 
f 2115 2116 2134 2133 
f 2116 2117 2135 2134 
f 2117 2118 2136 2135 
f 2118 2119 2137 2136 
f 2119 2120 2138 2137 
f 2120 2121 2139 2138 
f 2121 2122 2140 2139 
f 2122 2123 2141 2140 
f 2123 2124 2142 2141 
f 2124 2125 2143 2142 
f 2125 2126 2144 2143 
f 2126 2127 2145 2144 
f 2127 2128 2146 2145 
f 2128 2129 2147 2146 
f 2129 2130 2148 2147 
f 2130 2131 2149 2148 
f 2131 2114 2132 2149 
f 2132 2133 2331 2330 
f 2133 2134 2332 2331 
f 2134 2135 2333 2332 
f 2135 2136 2334 2333 
f 2136 2137 2335 2334 
f 2137 2138 2336 2335 
f 2138 2139 2337 2336 
f 2139 2140 2338 2337 
f 2140 2141 2339 2338 
f 2141 2142 2340 2339 
f 2142 2143 2341 2340 
f 2143 2144 2342 2341 
f 2144 2145 2343 2342 
f 2145 2146 2344 2343 
f 2146 2147 2345 2344 
f 2147 2148 2346 2345 
f 2148 2149 2347 2346 
f 2149 2132 2330 2347 
f 2150 2151 2313 2312 
f 2151 2152 2314 2313 
f 2152 2153 2315 2314 
f 2153 2154 2316 2315 
f 2154 2155 2317 2316 
f 2155 2156 2318 2317 
f 2156 2157 2319 2318 
f 2157 2158 2320 2319 
f 2158 2159 2321 2320 
f 2159 2160 2322 2321 
f 2160 2161 2323 2322 
f 2161 2162 2324 2323 
f 2162 2163 2325 2324 
f 2163 2164 2326 2325 
f 2164 2165 2327 2326 
f 2165 2166 2328 2327 
f 2166 2167 2329 2328 
f 2167 2150 2312 2329 
f 2168 2169 2295 2294 
f 2169 2170 2296 2295 
f 2170 2171 2297 2296 
f 2171 2172 2298 2297 
f 2172 2173 2299 2298 
f 2173 2174 2300 2299 
f 2174 2175 2301 2300 
f 2175 2176 2302 2301 
f 2176 2177 2303 2302 
f 2177 2178 2304 2303 
f 2178 2179 2305 2304 
f 2179 2180 2306 2305 
f 2180 2181 2307 2306 
f 2181 2182 2308 2307 
f 2182 2183 2309 2308 
f 2183 2184 2310 2309 
f 2184 2185 2311 2310 
f 2185 2168 2294 2311 
f 2186 2187 2277 2276 
f 2187 2188 2278 2277 
f 2188 2189 2279 2278 
f 2189 2190 2280 2279 
f 2190 2191 2281 2280 
f 2191 2192 2282 2281 
f 2192 2193 2283 2282 
f 2193 2194 2284 2283 
f 2194 2195 2285 2284 
f 2195 2196 2286 2285 
f 2196 2197 2287 2286 
f 2197 2198 2288 2287 
f 2198 2199 2289 2288 
f 2199 2200 2290 2289 
f 2200 2201 2291 2290 
f 2201 2202 2292 2291 
f 2202 2203 2293 2292 
f 2203 2186 2276 2293 
f 2204 2205 2223 2222 
f 2205 2206 2224 2223 
f 2206 2207 2225 2224 
f 2207 2208 2226 2225 
f 2208 2209 2227 2226 
f 2209 2210 2228 2227 
f 2210 2211 2229 2228 
f 2211 2212 2230 2229 
f 2212 2213 2231 2230 
f 2213 2214 2232 2231 
f 2214 2215 2233 2232 
f 2215 2216 2234 2233 
f 2216 2217 2235 2234 
f 2217 2218 2236 2235 
f 2218 2219 2237 2236 
f 2219 2220 2238 2237 
f 2220 2221 2239 2238 
f 2221 2204 2222 2239 
f 2240 2241 2259 2258 
f 2241 2242 2260 2259 
f 2242 2243 2261 2260 
f 2243 2244 2262 2261 
f 2244 2245 2263 2262 
f 2245 2246 2264 2263 
f 2246 2247 2265 2264 
f 2247 2248 2266 2265 
f 2248 2249 2267 2266 
f 2249 2250 2268 2267 
f 2250 2251 2269 2268 
f 2251 2252 2270 2269 
f 2252 2253 2271 2270 
f 2253 2254 2272 2271 
f 2254 2255 2273 2272 
f 2255 2256 2274 2273 
f 2256 2257 2275 2274 
f 2257 2240 2258 2275 
f 2258 2259 2205 2204 
f 2259 2260 2206 2205 
f 2260 2261 2207 2206 
f 2261 2262 2208 2207 
f 2262 2263 2209 2208 
f 2263 2264 2210 2209 
f 2264 2265 2211 2210 
f 2265 2266 2212 2211 
f 2266 2267 2213 2212 
f 2267 2268 2214 2213 
f 2268 2269 2215 2214 
f 2269 2270 2216 2215 
f 2270 2271 2217 2216 
f 2271 2272 2218 2217 
f 2272 2273 2219 2218 
f 2273 2274 2220 2219 
f 2274 2275 2221 2220 
f 2275 2258 2204 2221 
f 2276 2277 2241 2240 
f 2277 2278 2242 2241 
f 2278 2279 2243 2242 
f 2279 2280 2244 2243 
f 2280 2281 2245 2244 
f 2281 2282 2246 2245 
f 2282 2283 2247 2246 
f 2283 2284 2248 2247 
f 2284 2285 2249 2248 
f 2285 2286 2250 2249 
f 2286 2287 2251 2250 
f 2287 2288 2252 2251 
f 2288 2289 2253 2252 
f 2289 2290 2254 2253 
f 2290 2291 2255 2254 
f 2291 2292 2256 2255 
f 2292 2293 2257 2256 
f 2293 2276 2240 2257 
f 2294 2295 2187 2186 
f 2295 2296 2188 2187 
f 2296 2297 2189 2188 
f 2297 2298 2190 2189 
f 2298 2299 2191 2190 
f 2299 2300 2192 2191 
f 2300 2301 2193 2192 
f 2301 2302 2194 2193 
f 2302 2303 2195 2194 
f 2303 2304 2196 2195 
f 2304 2305 2197 2196 
f 2305 2306 2198 2197 
f 2306 2307 2199 2198 
f 2307 2308 2200 2199 
f 2308 2309 2201 2200 
f 2309 2310 2202 2201 
f 2310 2311 2203 2202 
f 2311 2294 2186 2203 
f 2312 2313 2169 2168 
f 2313 2314 2170 2169 
f 2314 2315 2171 2170 
f 2315 2316 2172 2171 
f 2316 2317 2173 2172 
f 2317 2318 2174 2173 
f 2318 2319 2175 2174 
f 2319 2320 2176 2175 
f 2320 2321 2177 2176 
f 2321 2322 2178 2177 
f 2322 2323 2179 2178 
f 2323 2324 2180 2179 
f 2324 2325 2181 2180 
f 2325 2326 2182 2181 
f 2326 2327 2183 2182 
f 2327 2328 2184 2183 
f 2328 2329 2185 2184 
f 2329 2312 2168 2185 
f 2330 2331 2151 2150 
f 2331 2332 2152 2151 
f 2332 2333 2153 2152 
f 2333 2334 2154 2153 
f 2334 2335 2155 2154 
f 2335 2336 2156 2155 
f 2336 2337 2157 2156 
f 2337 2338 2158 2157 
f 2338 2339 2159 2158 
f 2339 2340 2160 2159 
f 2340 2341 2161 2160 
f 2341 2342 2162 2161 
f 2342 2343 2163 2162 
f 2343 2344 2164 2163 
f 2344 2345 2165 2164 
f 2345 2346 2166 2165 
f 2346 2347 2167 2166 
f 2347 2330 2150 2167 
f 2114 2348 2115 
f 2115 2348 2116 
f 2116 2348 2117 
f 2117 2348 2118 
f 2118 2348 2119 
f 2119 2348 2120 
f 2120 2348 2121 
f 2121 2348 2122 
f 2122 2348 2123 
f 2123 2348 2124 
f 2124 2348 2125 
f 2125 2348 2126 
f 2126 2348 2127 
f 2127 2348 2128 
f 2128 2348 2129 
f 2129 2348 2130 
f 2130 2348 2131 
f 2131 2348 2114 
f 2349 2350 2368 2367 
f 2350 2351 2369 2368 
f 2351 2352 2370 2369 
f 2352 2353 2371 2370 
f 2353 2354 2372 2371 
f 2354 2355 2373 2372 
f 2355 2356 2374 2373 
f 2356 2357 2375 2374 
f 2357 2358 2376 2375 
f 2358 2359 2377 2376 
f 2359 2360 2378 2377 
f 2360 2361 2379 2378 
f 2361 2362 2380 2379 
f 2362 2363 2381 2380 
f 2363 2364 2382 2381 
f 2364 2365 2383 2382 
f 2365 2366 2384 2383 
f 2366 2349 2367 2384 
f 2367 2368 2566 2565 
f 2368 2369 2567 2566 
f 2369 2370 2568 2567 
f 2370 2371 2569 2568 
f 2371 2372 2570 2569 
f 2372 2373 2571 2570 
f 2373 2374 2572 2571 
f 2374 2375 2573 2572 
f 2375 2376 2574 2573 
f 2376 2377 2575 2574 
f 2377 2378 2576 2575 
f 2378 2379 2577 2576 
f 2379 2380 2578 2577 
f 2380 2381 2579 2578 
f 2381 2382 2580 2579 
f 2382 2383 2581 2580 
f 2383 2384 2582 2581 
f 2384 2367 2565 2582 
f 2385 2386 2548 2547 
f 2386 2387 2549 2548 
f 2387 2388 2550 2549 
f 2388 2389 2551 2550 
f 2389 2390 2552 2551 
f 2390 2391 2553 2552 
f 2391 2392 2554 2553 
f 2392 2393 2555 2554 
f 2393 2394 2556 2555 
f 2394 2395 2557 2556 
f 2395 2396 2558 2557 
f 2396 2397 2559 2558 
f 2397 2398 2560 2559 
f 2398 2399 2561 2560 
f 2399 2400 2562 2561 
f 2400 2401 2563 2562 
f 2401 2402 2564 2563 
f 2402 2385 2547 2564 
f 2403 2404 2530 2529 
f 2404 2405 2531 2530 
f 2405 2406 2532 2531 
f 2406 2407 2533 2532 
f 2407 2408 2534 2533 
f 2408 2409 2535 2534 
f 2409 2410 2536 2535 
f 2410 2411 2537 2536 
f 2411 2412 2538 2537 
f 2412 2413 2539 2538 
f 2413 2414 2540 2539 
f 2414 2415 2541 2540 
f 2415 2416 2542 2541 
f 2416 2417 2543 2542 
f 2417 2418 2544 2543 
f 2418 2419 2545 2544 
f 2419 2420 2546 2545 
f 2420 2403 2529 2546 
f 2421 2422 2512 2511 
f 2422 2423 2513 2512 
f 2423 2424 2514 2513 
f 2424 2425 2515 2514 
f 2425 2426 2516 2515 
f 2426 2427 2517 2516 
f 2427 2428 2518 2517 
f 2428 2429 2519 2518 
f 2429 2430 2520 2519 
f 2430 2431 2521 2520 
f 2431 2432 2522 2521 
f 2432 2433 2523 2522 
f 2433 2434 2524 2523 
f 2434 2435 2525 2524 
f 2435 2436 2526 2525 
f 2436 2437 2527 2526 
f 2437 2438 2528 2527 
f 2438 2421 2511 2528 
f 2439 2440 2458 2457 
f 2440 2441 2459 2458 
f 2441 2442 2460 2459 
f 2442 2443 2461 2460 
f 2443 2444 2462 2461 
f 2444 2445 2463 2462 
f 2445 2446 2464 2463 
f 2446 2447 2465 2464 
f 2447 2448 2466 2465 
f 2448 2449 2467 2466 
f 2449 2450 2468 2467 
f 2450 2451 2469 2468 
f 2451 2452 2470 2469 
f 2452 2453 2471 2470 
f 2453 2454 2472 2471 
f 2454 2455 2473 2472 
f 2455 2456 2474 2473 
f 2456 2439 2457 2474 
f 2475 2476 2494 2493 
f 2476 2477 2495 2494 
f 2477 2478 2496 2495 
f 2478 2479 2497 2496 
f 2479 2480 2498 2497 
f 2480 2481 2499 2498 
f 2481 2482 2500 2499 
f 2482 2483 2501 2500 
f 2483 2484 2502 2501 
f 2484 2485 2503 2502 
f 2485 2486 2504 2503 
f 2486 2487 2505 2504 
f 2487 2488 2506 2505 
f 2488 2489 2507 2506 
f 2489 2490 2508 2507 
f 2490 2491 2509 2508 
f 2491 2492 2510 2509 
f 2492 2475 2493 2510 
f 2493 2494 2440 2439 
f 2494 2495 2441 2440 
f 2495 2496 2442 2441 
f 2496 2497 2443 2442 
f 2497 2498 2444 2443 
f 2498 2499 2445 2444 
f 2499 2500 2446 2445 
f 2500 2501 2447 2446 
f 2501 2502 2448 2447 
f 2502 2503 2449 2448 
f 2503 2504 2450 2449 
f 2504 2505 2451 2450 
f 2505 2506 2452 2451 
f 2506 2507 2453 2452 
f 2507 2508 2454 2453 
f 2508 2509 2455 2454 
f 2509 2510 2456 2455 
f 2510 2493 2439 2456 
f 2511 2512 2476 2475 
f 2512 2513 2477 2476 
f 2513 2514 2478 2477 
f 2514 2515 2479 2478 
f 2515 2516 2480 2479 
f 2516 2517 2481 2480 
f 2517 2518 2482 2481 
f 2518 2519 2483 2482 
f 2519 2520 2484 2483 
f 2520 2521 2485 2484 
f 2521 2522 2486 2485 
f 2522 2523 2487 2486 
f 2523 2524 2488 2487 
f 2524 2525 2489 2488 
f 2525 2526 2490 2489 
f 2526 2527 2491 2490 
f 2527 2528 2492 2491 
f 2528 2511 2475 2492 
f 2529 2530 2422 2421 
f 2530 2531 2423 2422 
f 2531 2532 2424 2423 
f 2532 2533 2425 2424 
f 2533 2534 2426 2425 
f 2534 2535 2427 2426 
f 2535 2536 2428 2427 
f 2536 2537 2429 2428 
f 2537 2538 2430 2429 
f 2538 2539 2431 2430 
f 2539 2540 2432 2431 
f 2540 2541 2433 2432 
f 2541 2542 2434 2433 
f 2542 2543 2435 2434 
f 2543 2544 2436 2435 
f 2544 2545 2437 2436 
f 2545 2546 2438 2437 
f 2546 2529 2421 2438 
f 2547 2548 2404 2403 
f 2548 2549 2405 2404 
f 2549 2550 2406 2405 
f 2550 2551 2407 2406 
f 2551 2552 2408 2407 
f 2552 2553 2409 2408 
f 2553 2554 2410 2409 
f 2554 2555 2411 2410 
f 2555 2556 2412 2411 
f 2556 2557 2413 2412 
f 2557 2558 2414 2413 
f 2558 2559 2415 2414 
f 2559 2560 2416 2415 
f 2560 2561 2417 2416 
f 2561 2562 2418 2417 
f 2562 2563 2419 2418 
f 2563 2564 2420 2419 
f 2564 2547 2403 2420 
f 2565 2566 2386 2385 
f 2566 2567 2387 2386 
f 2567 2568 2388 2387 
f 2568 2569 2389 2388 
f 2569 2570 2390 2389 
f 2570 2571 2391 2390 
f 2571 2572 2392 2391 
f 2572 2573 2393 2392 
f 2573 2574 2394 2393 
f 2574 2575 2395 2394 
f 2575 2576 2396 2395 
f 2576 2577 2397 2396 
f 2577 2578 2398 2397 
f 2578 2579 2399 2398 
f 2579 2580 2400 2399 
f 2580 2581 2401 2400 
f 2581 2582 2402 2401 
f 2582 2565 2385 2402 
f 2349 2583 2350 
f 2350 2583 2351 
f 2351 2583 2352 
f 2352 2583 2353 
f 2353 2583 2354 
f 2354 2583 2355 
f 2355 2583 2356 
f 2356 2583 2357 
f 2357 2583 2358 
f 2358 2583 2359 
f 2359 2583 2360 
f 2360 2583 2361 
f 2361 2583 2362 
f 2362 2583 2363 
f 2363 2583 2364 
f 2364 2583 2365 
f 2365 2583 2366 
f 2366 2583 2349 
f 2584 2585 2603 2602 
f 2585 2586 2604 2603 
f 2586 2587 2605 2604 
f 2587 2588 2606 2605 
f 2588 2589 2607 2606 
f 2589 2590 2608 2607 
f 2590 2591 2609 2608 
f 2591 2592 2610 2609 
f 2592 2593 2611 2610 
f 2593 2594 2612 2611 
f 2594 2595 2613 2612 
f 2595 2596 2614 2613 
f 2596 2597 2615 2614 
f 2597 2598 2616 2615 
f 2598 2599 2617 2616 
f 2599 2600 2618 2617 
f 2600 2601 2619 2618 
f 2601 2584 2602 2619 
f 2602 2603 2801 2800 
f 2603 2604 2802 2801 
f 2604 2605 2803 2802 
f 2605 2606 2804 2803 
f 2606 2607 2805 2804 
f 2607 2608 2806 2805 
f 2608 2609 2807 2806 
f 2609 2610 2808 2807 
f 2610 2611 2809 2808 
f 2611 2612 2810 2809 
f 2612 2613 2811 2810 
f 2613 2614 2812 2811 
f 2614 2615 2813 2812 
f 2615 2616 2814 2813 
f 2616 2617 2815 2814 
f 2617 2618 2816 2815 
f 2618 2619 2817 2816 
f 2619 2602 2800 2817 
f 2620 2621 2783 2782 
f 2621 2622 2784 2783 
f 2622 2623 2785 2784 
f 2623 2624 2786 2785 
f 2624 2625 2787 2786 
f 2625 2626 2788 2787 
f 2626 2627 2789 2788 
f 2627 2628 2790 2789 
f 2628 2629 2791 2790 
f 2629 2630 2792 2791 
f 2630 2631 2793 2792 
f 2631 2632 2794 2793 
f 2632 2633 2795 2794 
f 2633 2634 2796 2795 
f 2634 2635 2797 2796 
f 2635 2636 2798 2797 
f 2636 2637 2799 2798 
f 2637 2620 2782 2799 
f 2638 2639 2765 2764 
f 2639 2640 2766 2765 
f 2640 2641 2767 2766 
f 2641 2642 2768 2767 
f 2642 2643 2769 2768 
f 2643 2644 2770 2769 
f 2644 2645 2771 2770 
f 2645 2646 2772 2771 
f 2646 2647 2773 2772 
f 2647 2648 2774 2773 
f 2648 2649 2775 2774 
f 2649 2650 2776 2775 
f 2650 2651 2777 2776 
f 2651 2652 2778 2777 
f 2652 2653 2779 2778 
f 2653 2654 2780 2779 
f 2654 2655 2781 2780 
f 2655 2638 2764 2781 
f 2656 2657 2747 2746 
f 2657 2658 2748 2747 
f 2658 2659 2749 2748 
f 2659 2660 2750 2749 
f 2660 2661 2751 2750 
f 2661 2662 2752 2751 
f 2662 2663 2753 2752 
f 2663 2664 2754 2753 
f 2664 2665 2755 2754 
f 2665 2666 2756 2755 
f 2666 2667 2757 2756 
f 2667 2668 2758 2757 
f 2668 2669 2759 2758 
f 2669 2670 2760 2759 
f 2670 2671 2761 2760 
f 2671 2672 2762 2761 
f 2672 2673 2763 2762 
f 2673 2656 2746 2763 
f 2674 2675 2693 2692 
f 2675 2676 2694 2693 
f 2676 2677 2695 2694 
f 2677 2678 2696 2695 
f 2678 2679 2697 2696 
f 2679 2680 2698 2697 
f 2680 2681 2699 2698 
f 2681 2682 2700 2699 
f 2682 2683 2701 2700 
f 2683 2684 2702 2701 
f 2684 2685 2703 2702 
f 2685 2686 2704 2703 
f 2686 2687 2705 2704 
f 2687 2688 2706 2705 
f 2688 2689 2707 2706 
f 2689 2690 2708 2707 
f 2690 2691 2709 2708 
f 2691 2674 2692 2709 
f 2710 2711 2729 2728 
f 2711 2712 2730 2729 
f 2712 2713 2731 2730 
f 2713 2714 2732 2731 
f 2714 2715 2733 2732 
f 2715 2716 2734 2733 
f 2716 2717 2735 2734 
f 2717 2718 2736 2735 
f 2718 2719 2737 2736 
f 2719 2720 2738 2737 
f 2720 2721 2739 2738 
f 2721 2722 2740 2739 
f 2722 2723 2741 2740 
f 2723 2724 2742 2741 
f 2724 2725 2743 2742 
f 2725 2726 2744 2743 
f 2726 2727 2745 2744 
f 2727 2710 2728 2745 
f 2728 2729 2675 2674 
f 2729 2730 2676 2675 
f 2730 2731 2677 2676 
f 2731 2732 2678 2677 
f 2732 2733 2679 2678 
f 2733 2734 2680 2679 
f 2734 2735 2681 2680 
f 2735 2736 2682 2681 
f 2736 2737 2683 2682 
f 2737 2738 2684 2683 
f 2738 2739 2685 2684 
f 2739 2740 2686 2685 
f 2740 2741 2687 2686 
f 2741 2742 2688 2687 
f 2742 2743 2689 2688 
f 2743 2744 2690 2689 
f 2744 2745 2691 2690 
f 2745 2728 2674 2691 
f 2746 2747 2711 2710 
f 2747 2748 2712 2711 
f 2748 2749 2713 2712 
f 2749 2750 2714 2713 
f 2750 2751 2715 2714 
f 2751 2752 2716 2715 
f 2752 2753 2717 2716 
f 2753 2754 2718 2717 
f 2754 2755 2719 2718 
f 2755 2756 2720 2719 
f 2756 2757 2721 2720 
f 2757 2758 2722 2721 
f 2758 2759 2723 2722 
f 2759 2760 2724 2723 
f 2760 2761 2725 2724 
f 2761 2762 2726 2725 
f 2762 2763 2727 2726 
f 2763 2746 2710 2727 
f 2764 2765 2657 2656 
f 2765 2766 2658 2657 
f 2766 2767 2659 2658 
f 2767 2768 2660 2659 
f 2768 2769 2661 2660 
f 2769 2770 2662 2661 
f 2770 2771 2663 2662 
f 2771 2772 2664 2663 
f 2772 2773 2665 2664 
f 2773 2774 2666 2665 
f 2774 2775 2667 2666 
f 2775 2776 2668 2667 
f 2776 2777 2669 2668 
f 2777 2778 2670 2669 
f 2778 2779 2671 2670 
f 2779 2780 2672 2671 
f 2780 2781 2673 2672 
f 2781 2764 2656 2673 
f 2782 2783 2639 2638 
f 2783 2784 2640 2639 
f 2784 2785 2641 2640 
f 2785 2786 2642 2641 
f 2786 2787 2643 2642 
f 2787 2788 2644 2643 
f 2788 2789 2645 2644 
f 2789 2790 2646 2645 
f 2790 2791 2647 2646 
f 2791 2792 2648 2647 
f 2792 2793 2649 2648 
f 2793 2794 2650 2649 
f 2794 2795 2651 2650 
f 2795 2796 2652 2651 
f 2796 2797 2653 2652 
f 2797 2798 2654 2653 
f 2798 2799 2655 2654 
f 2799 2782 2638 2655 
f 2800 2801 2621 2620 
f 2801 2802 2622 2621 
f 2802 2803 2623 2622 
f 2803 2804 2624 2623 
f 2804 2805 2625 2624 
f 2805 2806 2626 2625 
f 2806 2807 2627 2626 
f 2807 2808 2628 2627 
f 2808 2809 2629 2628 
f 2809 2810 2630 2629 
f 2810 2811 2631 2630 
f 2811 2812 2632 2631 
f 2812 2813 2633 2632 
f 2813 2814 2634 2633 
f 2814 2815 2635 2634 
f 2815 2816 2636 2635 
f 2816 2817 2637 2636 
f 2817 2800 2620 2637 
f 2584 2818 2585 
f 2585 2818 2586 
f 2586 2818 2587 
f 2587 2818 2588 
f 2588 2818 2589 
f 2589 2818 2590 
f 2590 2818 2591 
f 2591 2818 2592 
f 2592 2818 2593 
f 2593 2818 2594 
f 2594 2818 2595 
f 2595 2818 2596 
f 2596 2818 2597 
f 2597 2818 2598 
f 2598 2818 2599 
f 2599 2818 2600 
f 2600 2818 2601 
f 2601 2818 2584 
f 2819 2820 2838 2837 
f 2820 2821 2839 2838 
f 2821 2822 2840 2839 
f 2822 2823 2841 2840 
f 2823 2824 2842 2841 
f 2824 2825 2843 2842 
f 2825 2826 2844 2843 
f 2826 2827 2845 2844 
f 2827 2828 2846 2845 
f 2828 2829 2847 2846 
f 2829 2830 2848 2847 
f 2830 2831 2849 2848 
f 2831 2832 2850 2849 
f 2832 2833 2851 2850 
f 2833 2834 2852 2851 
f 2834 2835 2853 2852 
f 2835 2836 2854 2853 
f 2836 2819 2837 2854 
f 2837 2838 3036 3035 
f 2838 2839 3037 3036 
f 2839 2840 3038 3037 
f 2840 2841 3039 3038 
f 2841 2842 3040 3039 
f 2842 2843 3041 3040 
f 2843 2844 3042 3041 
f 2844 2845 3043 3042 
f 2845 2846 3044 3043 
f 2846 2847 3045 3044 
f 2847 2848 3046 3045 
f 2848 2849 3047 3046 
f 2849 2850 3048 3047 
f 2850 2851 3049 3048 
f 2851 2852 3050 3049 
f 2852 2853 3051 3050 
f 2853 2854 3052 3051 
f 2854 2837 3035 3052 
f 2855 2856 3018 3017 
f 2856 2857 3019 3018 
f 2857 2858 3020 3019 
f 2858 2859 3021 3020 
f 2859 2860 3022 3021 
f 2860 2861 3023 3022 
f 2861 2862 3024 3023 
f 2862 2863 3025 3024 
f 2863 2864 3026 3025 
f 2864 2865 3027 3026 
f 2865 2866 3028 3027 
f 2866 2867 3029 3028 
f 2867 2868 3030 3029 
f 2868 2869 3031 3030 
f 2869 2870 3032 3031 
f 2870 2871 3033 3032 
f 2871 2872 3034 3033 
f 2872 2855 3017 3034 
f 2873 2874 3000 2999 
f 2874 2875 3001 3000 
f 2875 2876 3002 3001 
f 2876 2877 3003 3002 
f 2877 2878 3004 3003 
f 2878 2879 3005 3004 
f 2879 2880 3006 3005 
f 2880 2881 3007 3006 
f 2881 2882 3008 3007 
f 2882 2883 3009 3008 
f 2883 2884 3010 3009 
f 2884 2885 3011 3010 
f 2885 2886 3012 3011 
f 2886 2887 3013 3012 
f 2887 2888 3014 3013 
f 2888 2889 3015 3014 
f 2889 2890 3016 3015 
f 2890 2873 2999 3016 
f 2891 2892 2982 2981 
f 2892 2893 2983 2982 
f 2893 2894 2984 2983 
f 2894 2895 2985 2984 
f 2895 2896 2986 2985 
f 2896 2897 2987 2986 
f 2897 2898 2988 2987 
f 2898 2899 2989 2988 
f 2899 2900 2990 2989 
f 2900 2901 2991 2990 
f 2901 2902 2992 2991 
f 2902 2903 2993 2992 
f 2903 2904 2994 2993 
f 2904 2905 2995 2994 
f 2905 2906 2996 2995 
f 2906 2907 2997 2996 
f 2907 2908 2998 2997 
f 2908 2891 2981 2998 
f 2909 2910 2928 2927 
f 2910 2911 2929 2928 
f 2911 2912 2930 2929 
f 2912 2913 2931 2930 
f 2913 2914 2932 2931 
f 2914 2915 2933 2932 
f 2915 2916 2934 2933 
f 2916 2917 2935 2934 
f 2917 2918 2936 2935 
f 2918 2919 2937 2936 
f 2919 2920 2938 2937 
f 2920 2921 2939 2938 
f 2921 2922 2940 2939 
f 2922 2923 2941 2940 
f 2923 2924 2942 2941 
f 2924 2925 2943 2942 
f 2925 2926 2944 2943 
f 2926 2909 2927 2944 
f 2945 2946 2964 2963 
f 2946 2947 2965 2964 
f 2947 2948 2966 2965 
f 2948 2949 2967 2966 
f 2949 2950 2968 2967 
f 2950 2951 2969 2968 
f 2951 2952 2970 2969 
f 2952 2953 2971 2970 
f 2953 2954 2972 2971 
f 2954 2955 2973 2972 
f 2955 2956 2974 2973 
f 2956 2957 2975 2974 
f 2957 2958 2976 2975 
f 2958 2959 2977 2976 
f 2959 2960 2978 2977 
f 2960 2961 2979 2978 
f 2961 2962 2980 2979 
f 2962 2945 2963 2980 
f 2963 2964 2910 2909 
f 2964 2965 2911 2910 
f 2965 2966 2912 2911 
f 2966 2967 2913 2912 
f 2967 2968 2914 2913 
f 2968 2969 2915 2914 
f 2969 2970 2916 2915 
f 2970 2971 2917 2916 
f 2971 2972 2918 2917 
f 2972 2973 2919 2918 
f 2973 2974 2920 2919 
f 2974 2975 2921 2920 
f 2975 2976 2922 2921 
f 2976 2977 2923 2922 
f 2977 2978 2924 2923 
f 2978 2979 2925 2924 
f 2979 2980 2926 2925 
f 2980 2963 2909 2926 
f 2981 2982 2946 2945 
f 2982 2983 2947 2946 
f 2983 2984 2948 2947 
f 2984 2985 2949 2948 
f 2985 2986 2950 2949 
f 2986 2987 2951 2950 
f 2987 2988 2952 2951 
f 2988 2989 2953 2952 
f 2989 2990 2954 2953 
f 2990 2991 2955 2954 
f 2991 2992 2956 2955 
f 2992 2993 2957 2956 
f 2993 2994 2958 2957 
f 2994 2995 2959 2958 
f 2995 2996 2960 2959 
f 2996 2997 2961 2960 
f 2997 2998 2962 2961 
f 2998 2981 2945 2962 
f 2999 3000 2892 2891 
f 3000 3001 2893 2892 
f 3001 3002 2894 2893 
f 3002 3003 2895 2894 
f 3003 3004 2896 2895 
f 3004 3005 2897 2896 
f 3005 3006 2898 2897 
f 3006 3007 2899 2898 
f 3007 3008 2900 2899 
f 3008 3009 2901 2900 
f 3009 3010 2902 2901 
f 3010 3011 2903 2902 
f 3011 3012 2904 2903 
f 3012 3013 2905 2904 
f 3013 3014 2906 2905 
f 3014 3015 2907 2906 
f 3015 3016 2908 2907 
f 3016 2999 2891 2908 
f 3017 3018 2874 2873 
f 3018 3019 2875 2874 
f 3019 3020 2876 2875 
f 3020 3021 2877 2876 
f 3021 3022 2878 2877 
f 3022 3023 2879 2878 
f 3023 3024 2880 2879 
f 3024 3025 2881 2880 
f 3025 3026 2882 2881 
f 3026 3027 2883 2882 
f 3027 3028 2884 2883 
f 3028 3029 2885 2884 
f 3029 3030 2886 2885 
f 3030 3031 2887 2886 
f 3031 3032 2888 2887 
f 3032 3033 2889 2888 
f 3033 3034 2890 2889 
f 3034 3017 2873 2890 
f 3035 3036 2856 2855 
f 3036 3037 2857 2856 
f 3037 3038 2858 2857 
f 3038 3039 2859 2858 
f 3039 3040 2860 2859 
f 3040 3041 2861 2860 
f 3041 3042 2862 2861 
f 3042 3043 2863 2862 
f 3043 3044 2864 2863 
f 3044 3045 2865 2864 
f 3045 3046 2866 2865 
f 3046 3047 2867 2866 
f 3047 3048 2868 2867 
f 3048 3049 2869 2868 
f 3049 3050 2870 2869 
f 3050 3051 2871 2870 
f 3051 3052 2872 2871 
f 3052 3035 2855 2872 
f 2819 3053 2820 
f 2820 3053 2821 
f 2821 3053 2822 
f 2822 3053 2823 
f 2823 3053 2824 
f 2824 3053 2825 
f 2825 3053 2826 
f 2826 3053 2827 
f 2827 3053 2828 
f 2828 3053 2829 
f 2829 3053 2830 
f 2830 3053 2831 
f 2831 3053 2832 
f 2832 3053 2833 
f 2833 3053 2834 
f 2834 3053 2835 
f 2835 3053 2836 
f 2836 3053 2819 
f 3054 3055 3073 3072 
f 3055 3056 3074 3073 
f 3056 3057 3075 3074 
f 3057 3058 3076 3075 
f 3058 3059 3077 3076 
f 3059 3060 3078 3077 
f 3060 3061 3079 3078 
f 3061 3062 3080 3079 
f 3062 3063 3081 3080 
f 3063 3064 3082 3081 
f 3064 3065 3083 3082 
f 3065 3066 3084 3083 
f 3066 3067 3085 3084 
f 3067 3068 3086 3085 
f 3068 3069 3087 3086 
f 3069 3070 3088 3087 
f 3070 3071 3089 3088 
f 3071 3054 3072 3089 
f 3072 3073 3271 3270 
f 3073 3074 3272 3271 
f 3074 3075 3273 3272 
f 3075 3076 3274 3273 
f 3076 3077 3275 3274 
f 3077 3078 3276 3275 
f 3078 3079 3277 3276 
f 3079 3080 3278 3277 
f 3080 3081 3279 3278 
f 3081 3082 3280 3279 
f 3082 3083 3281 3280 
f 3083 3084 3282 3281 
f 3084 3085 3283 3282 
f 3085 3086 3284 3283 
f 3086 3087 3285 3284 
f 3087 3088 3286 3285 
f 3088 3089 3287 3286 
f 3089 3072 3270 3287 
f 3090 3091 3253 3252 
f 3091 3092 3254 3253 
f 3092 3093 3255 3254 
f 3093 3094 3256 3255 
f 3094 3095 3257 3256 
f 3095 3096 3258 3257 
f 3096 3097 3259 3258 
f 3097 3098 3260 3259 
f 3098 3099 3261 3260 
f 3099 3100 3262 3261 
f 3100 3101 3263 3262 
f 3101 3102 3264 3263 
f 3102 3103 3265 3264 
f 3103 3104 3266 3265 
f 3104 3105 3267 3266 
f 3105 3106 3268 3267 
f 3106 3107 3269 3268 
f 3107 3090 3252 3269 
f 3108 3109 3235 3234 
f 3109 3110 3236 3235 
f 3110 3111 3237 3236 
f 3111 3112 3238 3237 
f 3112 3113 3239 3238 
f 3113 3114 3240 3239 
f 3114 3115 3241 3240 
f 3115 3116 3242 3241 
f 3116 3117 3243 3242 
f 3117 3118 3244 3243 
f 3118 3119 3245 3244 
f 3119 3120 3246 3245 
f 3120 3121 3247 3246 
f 3121 3122 3248 3247 
f 3122 3123 3249 3248 
f 3123 3124 3250 3249 
f 3124 3125 3251 3250 
f 3125 3108 3234 3251 
f 3126 3127 3217 3216 
f 3127 3128 3218 3217 
f 3128 3129 3219 3218 
f 3129 3130 3220 3219 
f 3130 3131 3221 3220 
f 3131 3132 3222 3221 
f 3132 3133 3223 3222 
f 3133 3134 3224 3223 
f 3134 3135 3225 3224 
f 3135 3136 3226 3225 
f 3136 3137 3227 3226 
f 3137 3138 3228 3227 
f 3138 3139 3229 3228 
f 3139 3140 3230 3229 
f 3140 3141 3231 3230 
f 3141 3142 3232 3231 
f 3142 3143 3233 3232 
f 3143 3126 3216 3233 
f 3144 3145 3163 3162 
f 3145 3146 3164 3163 
f 3146 3147 3165 3164 
f 3147 3148 3166 3165 
f 3148 3149 3167 3166 
f 3149 3150 3168 3167 
f 3150 3151 3169 3168 
f 3151 3152 3170 3169 
f 3152 3153 3171 3170 
f 3153 3154 3172 3171 
f 3154 3155 3173 3172 
f 3155 3156 3174 3173 
f 3156 3157 3175 3174 
f 3157 3158 3176 3175 
f 3158 3159 3177 3176 
f 3159 3160 3178 3177 
f 3160 3161 3179 3178 
f 3161 3144 3162 3179 
f 3180 3181 3199 3198 
f 3181 3182 3200 3199 
f 3182 3183 3201 3200 
f 3183 3184 3202 3201 
f 3184 3185 3203 3202 
f 3185 3186 3204 3203 
f 3186 3187 3205 3204 
f 3187 3188 3206 3205 
f 3188 3189 3207 3206 
f 3189 3190 3208 3207 
f 3190 3191 3209 3208 
f 3191 3192 3210 3209 
f 3192 3193 3211 3210 
f 3193 3194 3212 3211 
f 3194 3195 3213 3212 
f 3195 3196 3214 3213 
f 3196 3197 3215 3214 
f 3197 3180 3198 3215 
f 3198 3199 3145 3144 
f 3199 3200 3146 3145 
f 3200 3201 3147 3146 
f 3201 3202 3148 3147 
f 3202 3203 3149 3148 
f 3203 3204 3150 3149 
f 3204 3205 3151 3150 
f 3205 3206 3152 3151 
f 3206 3207 3153 3152 
f 3207 3208 3154 3153 
f 3208 3209 3155 3154 
f 3209 3210 3156 3155 
f 3210 3211 3157 3156 
f 3211 3212 3158 3157 
f 3212 3213 3159 3158 
f 3213 3214 3160 3159 
f 3214 3215 3161 3160 
f 3215 3198 3144 3161 
f 3216 3217 3181 3180 
f 3217 3218 3182 3181 
f 3218 3219 3183 3182 
f 3219 3220 3184 3183 
f 3220 3221 3185 3184 
f 3221 3222 3186 3185 
f 3222 3223 3187 3186 
f 3223 3224 3188 3187 
f 3224 3225 3189 3188 
f 3225 3226 3190 3189 
f 3226 3227 3191 3190 
f 3227 3228 3192 3191 
f 3228 3229 3193 3192 
f 3229 3230 3194 3193 
f 3230 3231 3195 3194 
f 3231 3232 3196 3195 
f 3232 3233 3197 3196 
f 3233 3216 3180 3197 
f 3234 3235 3127 3126 
f 3235 3236 3128 3127 
f 3236 3237 3129 3128 
f 3237 3238 3130 3129 
f 3238 3239 3131 3130 
f 3239 3240 3132 3131 
f 3240 3241 3133 3132 
f 3241 3242 3134 3133 
f 3242 3243 3135 3134 
f 3243 3244 3136 3135 
f 3244 3245 3137 3136 
f 3245 3246 3138 3137 
f 3246 3247 3139 3138 
f 3247 3248 3140 3139 
f 3248 3249 3141 3140 
f 3249 3250 3142 3141 
f 3250 3251 3143 3142 
f 3251 3234 3126 3143 
f 3252 3253 3109 3108 
f 3253 3254 3110 3109 
f 3254 3255 3111 3110 
f 3255 3256 3112 3111 
f 3256 3257 3113 3112 
f 3257 3258 3114 3113 
f 3258 3259 3115 3114 
f 3259 3260 3116 3115 
f 3260 3261 3117 3116 
f 3261 3262 3118 3117 
f 3262 3263 3119 3118 
f 3263 3264 3120 3119 
f 3264 3265 3121 3120 
f 3265 3266 3122 3121 
f 3266 3267 3123 3122 
f 3267 3268 3124 3123 
f 3268 3269 3125 3124 
f 3269 3252 3108 3125 
f 3270 3271 3091 3090 
f 3271 3272 3092 3091 
f 3272 3273 3093 3092 
f 3273 3274 3094 3093 
f 3274 3275 3095 3094 
f 3275 3276 3096 3095 
f 3276 3277 3097 3096 
f 3277 3278 3098 3097 
f 3278 3279 3099 3098 
f 3279 3280 3100 3099 
f 3280 3281 3101 3100 
f 3281 3282 3102 3101 
f 3282 3283 3103 3102 
f 3283 3284 3104 3103 
f 3284 3285 3105 3104 
f 3285 3286 3106 3105 
f 3286 3287 3107 3106 
f 3287 3270 3090 3107 
f 3054 3288 3055 
f 3055 3288 3056 
f 3056 3288 3057 
f 3057 3288 3058 
f 3058 3288 3059 
f 3059 3288 3060 
f 3060 3288 3061 
f 3061 3288 3062 
f 3062 3288 3063 
f 3063 3288 3064 
f 3064 3288 3065 
f 3065 3288 3066 
f 3066 3288 3067 
f 3067 3288 3068 
f 3068 3288 3069 
f 3069 3288 3070 
f 3070 3288 3071 
f 3071 3288 3054 
f 3289 3290 3308 3307 
f 3290 3291 3309 3308 
f 3291 3292 3310 3309 
f 3292 3293 3311 3310 
f 3293 3294 3312 3311 
f 3294 3295 3313 3312 
f 3295 3296 3314 3313 
f 3296 3297 3315 3314 
f 3297 3298 3316 3315 
f 3298 3299 3317 3316 
f 3299 3300 3318 3317 
f 3300 3301 3319 3318 
f 3301 3302 3320 3319 
f 3302 3303 3321 3320 
f 3303 3304 3322 3321 
f 3304 3305 3323 3322 
f 3305 3306 3324 3323 
f 3306 3289 3307 3324 
f 3307 3308 3506 3505 
f 3308 3309 3507 3506 
f 3309 3310 3508 3507 
f 3310 3311 3509 3508 
f 3311 3312 3510 3509 
f 3312 3313 3511 3510 
f 3313 3314 3512 3511 
f 3314 3315 3513 3512 
f 3315 3316 3514 3513 
f 3316 3317 3515 3514 
f 3317 3318 3516 3515 
f 3318 3319 3517 3516 
f 3319 3320 3518 3517 
f 3320 3321 3519 3518 
f 3321 3322 3520 3519 
f 3322 3323 3521 3520 
f 3323 3324 3522 3521 
f 3324 3307 3505 3522 
f 3325 3326 3488 3487 
f 3326 3327 3489 3488 
f 3327 3328 3490 3489 
f 3328 3329 3491 3490 
f 3329 3330 3492 3491 
f 3330 3331 3493 3492 
f 3331 3332 3494 3493 
f 3332 3333 3495 3494 
f 3333 3334 3496 3495 
f 3334 3335 3497 3496 
f 3335 3336 3498 3497 
f 3336 3337 3499 3498 
f 3337 3338 3500 3499 
f 3338 3339 3501 3500 
f 3339 3340 3502 3501 
f 3340 3341 3503 3502 
f 3341 3342 3504 3503 
f 3342 3325 3487 3504 
f 3343 3344 3470 3469 
f 3344 3345 3471 3470 
f 3345 3346 3472 3471 
f 3346 3347 3473 3472 
f 3347 3348 3474 3473 
f 3348 3349 3475 3474 
f 3349 3350 3476 3475 
f 3350 3351 3477 3476 
f 3351 3352 3478 3477 
f 3352 3353 3479 3478 
f 3353 3354 3480 3479 
f 3354 3355 3481 3480 
f 3355 3356 3482 3481 
f 3356 3357 3483 3482 
f 3357 3358 3484 3483 
f 3358 3359 3485 3484 
f 3359 3360 3486 3485 
f 3360 3343 3469 3486 
f 3361 3362 3452 3451 
f 3362 3363 3453 3452 
f 3363 3364 3454 3453 
f 3364 3365 3455 3454 
f 3365 3366 3456 3455 
f 3366 3367 3457 3456 
f 3367 3368 3458 3457 
f 3368 3369 3459 3458 
f 3369 3370 3460 3459 
f 3370 3371 3461 3460 
f 3371 3372 3462 3461 
f 3372 3373 3463 3462 
f 3373 3374 3464 3463 
f 3374 3375 3465 3464 
f 3375 3376 3466 3465 
f 3376 3377 3467 3466 
f 3377 3378 3468 3467 
f 3378 3361 3451 3468 
f 3379 3380 3398 3397 
f 3380 3381 3399 3398 
f 3381 3382 3400 3399 
f 3382 3383 3401 3400 
f 3383 3384 3402 3401 
f 3384 3385 3403 3402 
f 3385 3386 3404 3403 
f 3386 3387 3405 3404 
f 3387 3388 3406 3405 
f 3388 3389 3407 3406 
f 3389 3390 3408 3407 
f 3390 3391 3409 3408 
f 3391 3392 3410 3409 
f 3392 3393 3411 3410 
f 3393 3394 3412 3411 
f 3394 3395 3413 3412 
f 3395 3396 3414 3413 
f 3396 3379 3397 3414 
f 3415 3416 3434 3433 
f 3416 3417 3435 3434 
f 3417 3418 3436 3435 
f 3418 3419 3437 3436 
f 3419 3420 3438 3437 
f 3420 3421 3439 3438 
f 3421 3422 3440 3439 
f 3422 3423 3441 3440 
f 3423 3424 3442 3441 
f 3424 3425 3443 3442 
f 3425 3426 3444 3443 
f 3426 3427 3445 3444 
f 3427 3428 3446 3445 
f 3428 3429 3447 3446 
f 3429 3430 3448 3447 
f 3430 3431 3449 3448 
f 3431 3432 3450 3449 
f 3432 3415 3433 3450 
f 3433 3434 3380 3379 
f 3434 3435 3381 3380 
f 3435 3436 3382 3381 
f 3436 3437 3383 3382 
f 3437 3438 3384 3383 
f 3438 3439 3385 3384 
f 3439 3440 3386 3385 
f 3440 3441 3387 3386 
f 3441 3442 3388 3387 
f 3442 3443 3389 3388 
f 3443 3444 3390 3389 
f 3444 3445 3391 3390 
f 3445 3446 3392 3391 
f 3446 3447 3393 3392 
f 3447 3448 3394 3393 
f 3448 3449 3395 3394 
f 3449 3450 3396 3395 
f 3450 3433 3379 3396 
f 3451 3452 3416 3415 
f 3452 3453 3417 3416 
f 3453 3454 3418 3417 
f 3454 3455 3419 3418 
f 3455 3456 3420 3419 
f 3456 3457 3421 3420 
f 3457 3458 3422 3421 
f 3458 3459 3423 3422 
f 3459 3460 3424 3423 
f 3460 3461 3425 3424 
f 3461 3462 3426 3425 
f 3462 3463 3427 3426 
f 3463 3464 3428 3427 
f 3464 3465 3429 3428 
f 3465 3466 3430 3429 
f 3466 3467 3431 3430 
f 3467 3468 3432 3431 
f 3468 3451 3415 3432 
f 3469 3470 3362 3361 
f 3470 3471 3363 3362 
f 3471 3472 3364 3363 
f 3472 3473 3365 3364 
f 3473 3474 3366 3365 
f 3474 3475 3367 3366 
f 3475 3476 3368 3367 
f 3476 3477 3369 3368 
f 3477 3478 3370 3369 
f 3478 3479 3371 3370 
f 3479 3480 3372 3371 
f 3480 3481 3373 3372 
f 3481 3482 3374 3373 
f 3482 3483 3375 3374 
f 3483 3484 3376 3375 
f 3484 3485 3377 3376 
f 3485 3486 3378 3377 
f 3486 3469 3361 3378 
f 3487 3488 3344 3343 
f 3488 3489 3345 3344 
f 3489 3490 3346 3345 
f 3490 3491 3347 3346 
f 3491 3492 3348 3347 
f 3492 3493 3349 3348 
f 3493 3494 3350 3349 
f 3494 3495 3351 3350 
f 3495 3496 3352 3351 
f 3496 3497 3353 3352 
f 3497 3498 3354 3353 
f 3498 3499 3355 3354 
f 3499 3500 3356 3355 
f 3500 3501 3357 3356 
f 3501 3502 3358 3357 
f 3502 3503 3359 3358 
f 3503 3504 3360 3359 
f 3504 3487 3343 3360 
f 3505 3506 3326 3325 
f 3506 3507 3327 3326 
f 3507 3508 3328 3327 
f 3508 3509 3329 3328 
f 3509 3510 3330 3329 
f 3510 3511 3331 3330 
f 3511 3512 3332 3331 
f 3512 3513 3333 3332 
f 3513 3514 3334 3333 
f 3514 3515 3335 3334 
f 3515 3516 3336 3335 
f 3516 3517 3337 3336 
f 3517 3518 3338 3337 
f 3518 3519 3339 3338 
f 3519 3520 3340 3339 
f 3520 3521 3341 3340 
f 3521 3522 3342 3341 
f 3522 3505 3325 3342 
f 3289 3523 3290 
f 3290 3523 3291 
f 3291 3523 3292 
f 3292 3523 3293 
f 3293 3523 3294 
f 3294 3523 3295 
f 3295 3523 3296 
f 3296 3523 3297 
f 3297 3523 3298 
f 3298 3523 3299 
f 3299 3523 3300 
f 3300 3523 3301 
f 3301 3523 3302 
f 3302 3523 3303 
f 3303 3523 3304 
f 3304 3523 3305 
f 3305 3523 3306 
f 3306 3523 3289 
f 3524 3525 3543 3542 
f 3525 3526 3544 3543 
f 3526 3527 3545 3544 
f 3527 3528 3546 3545 
f 3528 3529 3547 3546 
f 3529 3530 3548 3547 
f 3530 3531 3549 3548 
f 3531 3532 3550 3549 
f 3532 3533 3551 3550 
f 3533 3534 3552 3551 
f 3534 3535 3553 3552 
f 3535 3536 3554 3553 
f 3536 3537 3555 3554 
f 3537 3538 3556 3555 
f 3538 3539 3557 3556 
f 3539 3540 3558 3557 
f 3540 3541 3559 3558 
f 3541 3524 3542 3559 
f 3542 3543 3741 3740 
f 3543 3544 3742 3741 
f 3544 3545 3743 3742 
f 3545 3546 3744 3743 
f 3546 3547 3745 3744 
f 3547 3548 3746 3745 
f 3548 3549 3747 3746 
f 3549 3550 3748 3747 
f 3550 3551 3749 3748 
f 3551 3552 3750 3749 
f 3552 3553 3751 3750 
f 3553 3554 3752 3751 
f 3554 3555 3753 3752 
f 3555 3556 3754 3753 
f 3556 3557 3755 3754 
f 3557 3558 3756 3755 
f 3558 3559 3757 3756 
f 3559 3542 3740 3757 
f 3560 3561 3723 3722 
f 3561 3562 3724 3723 
f 3562 3563 3725 3724 
f 3563 3564 3726 3725 
f 3564 3565 3727 3726 
f 3565 3566 3728 3727 
f 3566 3567 3729 3728 
f 3567 3568 3730 3729 
f 3568 3569 3731 3730 
f 3569 3570 3732 3731 
f 3570 3571 3733 3732 
f 3571 3572 3734 3733 
f 3572 3573 3735 3734 
f 3573 3574 3736 3735 
f 3574 3575 3737 3736 
f 3575 3576 3738 3737 
f 3576 3577 3739 3738 
f 3577 3560 3722 3739 
f 3578 3579 3705 3704 
f 3579 3580 3706 3705 
f 3580 3581 3707 3706 
f 3581 3582 3708 3707 
f 3582 3583 3709 3708 
f 3583 3584 3710 3709 
f 3584 3585 3711 3710 
f 3585 3586 3712 3711 
f 3586 3587 3713 3712 
f 3587 3588 3714 3713 
f 3588 3589 3715 3714 
f 3589 3590 3716 3715 
f 3590 3591 3717 3716 
f 3591 3592 3718 3717 
f 3592 3593 3719 3718 
f 3593 3594 3720 3719 
f 3594 3595 3721 3720 
f 3595 3578 3704 3721 
f 3596 3597 3687 3686 
f 3597 3598 3688 3687 
f 3598 3599 3689 3688 
f 3599 3600 3690 3689 
f 3600 3601 3691 3690 
f 3601 3602 3692 3691 
f 3602 3603 3693 3692 
f 3603 3604 3694 3693 
f 3604 3605 3695 3694 
f 3605 3606 3696 3695 
f 3606 3607 3697 3696 
f 3607 3608 3698 3697 
f 3608 3609 3699 3698 
f 3609 3610 3700 3699 
f 3610 3611 3701 3700 
f 3611 3612 3702 3701 
f 3612 3613 3703 3702 
f 3613 3596 3686 3703 
f 3614 3615 3633 3632 
f 3615 3616 3634 3633 
f 3616 3617 3635 3634 
f 3617 3618 3636 3635 
f 3618 3619 3637 3636 
f 3619 3620 3638 3637 
f 3620 3621 3639 3638 
f 3621 3622 3640 3639 
f 3622 3623 3641 3640 
f 3623 3624 3642 3641 
f 3624 3625 3643 3642 
f 3625 3626 3644 3643 
f 3626 3627 3645 3644 
f 3627 3628 3646 3645 
f 3628 3629 3647 3646 
f 3629 3630 3648 3647 
f 3630 3631 3649 3648 
f 3631 3614 3632 3649 
f 3650 3651 3669 3668 
f 3651 3652 3670 3669 
f 3652 3653 3671 3670 
f 3653 3654 3672 3671 
f 3654 3655 3673 3672 
f 3655 3656 3674 3673 
f 3656 3657 3675 3674 
f 3657 3658 3676 3675 
f 3658 3659 3677 3676 
f 3659 3660 3678 3677 
f 3660 3661 3679 3678 
f 3661 3662 3680 3679 
f 3662 3663 3681 3680 
f 3663 3664 3682 3681 
f 3664 3665 3683 3682 
f 3665 3666 3684 3683 
f 3666 3667 3685 3684 
f 3667 3650 3668 3685 
f 3668 3669 3615 3614 
f 3669 3670 3616 3615 
f 3670 3671 3617 3616 
f 3671 3672 3618 3617 
f 3672 3673 3619 3618 
f 3673 3674 3620 3619 
f 3674 3675 3621 3620 
f 3675 3676 3622 3621 
f 3676 3677 3623 3622 
f 3677 3678 3624 3623 
f 3678 3679 3625 3624 
f 3679 3680 3626 3625 
f 3680 3681 3627 3626 
f 3681 3682 3628 3627 
f 3682 3683 3629 3628 
f 3683 3684 3630 3629 
f 3684 3685 3631 3630 
f 3685 3668 3614 3631 
f 3686 3687 3651 3650 
f 3687 3688 3652 3651 
f 3688 3689 3653 3652 
f 3689 3690 3654 3653 
f 3690 3691 3655 3654 
f 3691 3692 3656 3655 
f 3692 3693 3657 3656 
f 3693 3694 3658 3657 
f 3694 3695 3659 3658 
f 3695 3696 3660 3659 
f 3696 3697 3661 3660 
f 3697 3698 3662 3661 
f 3698 3699 3663 3662 
f 3699 3700 3664 3663 
f 3700 3701 3665 3664 
f 3701 3702 3666 3665 
f 3702 3703 3667 3666 
f 3703 3686 3650 3667 
f 3704 3705 3597 3596 
f 3705 3706 3598 3597 
f 3706 3707 3599 3598 
f 3707 3708 3600 3599 
f 3708 3709 3601 3600 
f 3709 3710 3602 3601 
f 3710 3711 3603 3602 
f 3711 3712 3604 3603 
f 3712 3713 3605 3604 
f 3713 3714 3606 3605 
f 3714 3715 3607 3606 
f 3715 3716 3608 3607 
f 3716 3717 3609 3608 
f 3717 3718 3610 3609 
f 3718 3719 3611 3610 
f 3719 3720 3612 3611 
f 3720 3721 3613 3612 
f 3721 3704 3596 3613 
f 3722 3723 3579 3578 
f 3723 3724 3580 3579 
f 3724 3725 3581 3580 
f 3725 3726 3582 3581 
f 3726 3727 3583 3582 
f 3727 3728 3584 3583 
f 3728 3729 3585 3584 
f 3729 3730 3586 3585 
f 3730 3731 3587 3586 
f 3731 3732 3588 3587 
f 3732 3733 3589 3588 
f 3733 3734 3590 3589 
f 3734 3735 3591 3590 
f 3735 3736 3592 3591 
f 3736 3737 3593 3592 
f 3737 3738 3594 3593 
f 3738 3739 3595 3594 
f 3739 3722 3578 3595 
f 3740 3741 3561 3560 
f 3741 3742 3562 3561 
f 3742 3743 3563 3562 
f 3743 3744 3564 3563 
f 3744 3745 3565 3564 
f 3745 3746 3566 3565 
f 3746 3747 3567 3566 
f 3747 3748 3568 3567 
f 3748 3749 3569 3568 
f 3749 3750 3570 3569 
f 3750 3751 3571 3570 
f 3751 3752 3572 3571 
f 3752 3753 3573 3572 
f 3753 3754 3574 3573 
f 3754 3755 3575 3574 
f 3755 3756 3576 3575 
f 3756 3757 3577 3576 
f 3757 3740 3560 3577 
f 3524 3758 3525 
f 3525 3758 3526 
f 3526 3758 3527 
f 3527 3758 3528 
f 3528 3758 3529 
f 3529 3758 3530 
f 3530 3758 3531 
f 3531 3758 3532 
f 3532 3758 3533 
f 3533 3758 3534 
f 3534 3758 3535 
f 3535 3758 3536 
f 3536 3758 3537 
f 3537 3758 3538 
f 3538 3758 3539 
f 3539 3758 3540 
f 3540 3758 3541 
f 3541 3758 3524 
f 3759 3762 3790 3789 
f 3763 3766 3792 3791 
f 3760 3761 3794 3793 
f 3764 3765 3796 3795 
f 3767 3768 3798 3797 
f 3769 3770 3800 3799 
f 3771 3772 3802 3801 
f 3773 3774 3804 3803 
f 3775 3776 3806 3805 
f 3777 3778 3808 3807 
f 3779 3780 3810 3809 
f 3781 3782 3812 3811 
s 2
f 3766 3786 3815 3792 
f 3765 3783 3813 3796 
f 3770 3784 3814 3800 
f 3774 3785 3816 3804 
f 3778 3787 3817 3808 
f 3782 3788 3818 3812 
s 1
f 3761 3790 3825 3819 
f 3768 3794 3826 3821 
f 3772 3798 3827 3822 
f 3776 3802 3828 3823 
f 3780 3806 3829 3824 
f 3762 3810 3830 3820 
f 3790 3761 3760 3789 
f 3792 3765 3764 3791 
f 3794 3768 3767 3793 
f 3796 3770 3769 3795 
f 3798 3772 3771 3797 
f 3800 3774 3773 3799 
f 3802 3776 3775 3801 
f 3804 3778 3777 3803 
f 3806 3780 3779 3805 
f 3808 3782 3781 3807 
f 3810 3762 3759 3809 
f 3812 3766 3763 3811 
s 2
f 3815 3783 3765 3792 
f 3813 3784 3770 3796 
f 3814 3785 3774 3800 
f 3816 3787 3778 3804 
f 3817 3788 3782 3808 
f 3818 3786 3766 3812 
s 1
f 3790 3762 3820 3825 
f 3794 3761 3819 3826 
f 3798 3768 3821 3827 
f 3802 3772 3822 3828 
f 3806 3776 3823 3829 
f 3810 3780 3824 3830 
f 3825 3791 3764 3819 
f 3826 3795 3769 3821 
f 3827 3799 3773 3822 
f 3828 3803 3777 3823 
f 3829 3807 3781 3824 
f 3830 3811 3763 3820 
f 3820 3763 3791 3825 
f 3819 3764 3795 3826 
f 3821 3769 3799 3827 
f 3822 3773 3803 3828 
f 3823 3777 3807 3829 
f 3824 3781 3811 3830 
f 3831 3834 3862 3861 
f 3835 3838 3864 3863 
f 3832 3833 3866 3865 
f 3836 3837 3868 3867 
f 3839 3840 3870 3869 
f 3841 3842 3872 3871 
f 3843 3844 3874 3873 
f 3845 3846 3876 3875 
f 3847 3848 3878 3877 
f 3849 3850 3880 3879 
f 3851 3852 3882 3881 
f 3853 3854 3884 3883 
s 2
f 3838 3858 3887 3864 
f 3837 3855 3885 3868 
f 3842 3856 3886 3872 
f 3846 3857 3888 3876 
f 3850 3859 3889 3880 
f 3854 3860 3890 3884 
s 1
f 3833 3862 3897 3891 
f 3840 3866 3898 3893 
f 3844 3870 3899 3894 
f 3848 3874 3900 3895 
f 3852 3878 3901 3896 
f 3834 3882 3902 3892 
f 3862 3833 3832 3861 
f 3864 3837 3836 3863 
f 3866 3840 3839 3865 
f 3868 3842 3841 3867 
f 3870 3844 3843 3869 
f 3872 3846 3845 3871 
f 3874 3848 3847 3873 
f 3876 3850 3849 3875 
f 3878 3852 3851 3877 
f 3880 3854 3853 3879 
f 3882 3834 3831 3881 
f 3884 3838 3835 3883 
s 2
f 3887 3855 3837 3864 
f 3885 3856 3842 3868 
f 3886 3857 3846 3872 
f 3888 3859 3850 3876 
f 3889 3860 3854 3880 
f 3890 3858 3838 3884 
s 1
f 3862 3834 3892 3897 
f 3866 3833 3891 3898 
f 3870 3840 3893 3899 
f 3874 3844 3894 3900 
f 3878 3848 3895 3901 
f 3882 3852 3896 3902 
f 3897 3863 3836 3891 
f 3898 3867 3841 3893 
f 3899 3871 3845 3894 
f 3900 3875 3849 3895 
f 3901 3879 3853 3896 
f 3902 3883 3835 3892 
f 3892 3835 3863 3897 
f 3891 3836 3867 3898 
f 3893 3841 3871 3899 
f 3894 3845 3875 3900 
f 3895 3849 3879 3901 
f 3896 3853 3883 3902 
f 3903 3906 3934 3933 
f 3907 3910 3936 3935 
f 3904 3905 3938 3937 
f 3908 3909 3940 3939 
f 3911 3912 3942 3941 
f 3913 3914 3944 3943 
f 3915 3916 3946 3945 
f 3917 3918 3948 3947 
f 3919 3920 3950 3949 
f 3921 3922 3952 3951 
f 3923 3924 3954 3953 
f 3925 3926 3956 3955 
s 2
f 3910 3930 3959 3936 
f 3909 3927 3957 3940 
f 3914 3928 3958 3944 
f 3918 3929 3960 3948 
f 3922 3931 3961 3952 
f 3926 3932 3962 3956 
s 1
f 3905 3934 3969 3963 
f 3912 3938 3970 3965 
f 3916 3942 3971 3966 
f 3920 3946 3972 3967 
f 3924 3950 3973 3968 
f 3906 3954 3974 3964 
f 3934 3905 3904 3933 
f 3936 3909 3908 3935 
f 3938 3912 3911 3937 
f 3940 3914 3913 3939 
f 3942 3916 3915 3941 
f 3944 3918 3917 3943 
f 3946 3920 3919 3945 
f 3948 3922 3921 3947 
f 3950 3924 3923 3949 
f 3952 3926 3925 3951 
f 3954 3906 3903 3953 
f 3956 3910 3907 3955 
s 2
f 3959 3927 3909 3936 
f 3957 3928 3914 3940 
f 3958 3929 3918 3944 
f 3960 3931 3922 3948 
f 3961 3932 3926 3952 
f 3962 3930 3910 3956 
s 1
f 3934 3906 3964 3969 
f 3938 3905 3963 3970 
f 3942 3912 3965 3971 
f 3946 3916 3966 3972 
f 3950 3920 3967 3973 
f 3954 3924 3968 3974 
f 3969 3935 3908 3963 
f 3970 3939 3913 3965 
f 3971 3943 3917 3966 
f 3972 3947 3921 3967 
f 3973 3951 3925 3968 
f 3974 3955 3907 3964 
f 3964 3907 3935 3969 
f 3963 3908 3939 3970 
f 3965 3913 3943 3971 
f 3966 3917 3947 3972 
f 3967 3921 3951 3973 
f 3968 3925 3955 3974 
f 3975 3978 4006 4005 
f 3979 3982 4008 4007 
f 3976 3977 4010 4009 
f 3980 3981 4012 4011 
f 3983 3984 4014 4013 
f 3985 3986 4016 4015 
f 3987 3988 4018 4017 
f 3989 3990 4020 4019 
f 3991 3992 4022 4021 
f 3993 3994 4024 4023 
f 3995 3996 4026 4025 
f 3997 3998 4028 4027 
s 2
f 3982 4002 4031 4008 
f 3981 3999 4029 4012 
f 3986 4000 4030 4016 
f 3990 4001 4032 4020 
f 3994 4003 4033 4024 
f 3998 4004 4034 4028 
s 1
f 3977 4006 4041 4035 
f 3984 4010 4042 4037 
f 3988 4014 4043 4038 
f 3992 4018 4044 4039 
f 3996 4022 4045 4040 
f 3978 4026 4046 4036 
f 4006 3977 3976 4005 
f 4008 3981 3980 4007 
f 4010 3984 3983 4009 
f 4012 3986 3985 4011 
f 4014 3988 3987 4013 
f 4016 3990 3989 4015 
f 4018 3992 3991 4017 
f 4020 3994 3993 4019 
f 4022 3996 3995 4021 
f 4024 3998 3997 4023 
f 4026 3978 3975 4025 
f 4028 3982 3979 4027 
s 2
f 4031 3999 3981 4008 
f 4029 4000 3986 4012 
f 4030 4001 3990 4016 
f 4032 4003 3994 4020 
f 4033 4004 3998 4024 
f 4034 4002 3982 4028 
s 1
f 4006 3978 4036 4041 
f 4010 3977 4035 4042 
f 4014 3984 4037 4043 
f 4018 3988 4038 4044 
f 4022 3992 4039 4045 
f 4026 3996 4040 4046 
f 4041 4007 3980 4035 
f 4042 4011 3985 4037 
f 4043 4015 3989 4038 
f 4044 4019 3993 4039 
f 4045 4023 3997 4040 
f 4046 4027 3979 4036 
f 4036 3979 4007 4041 
f 4035 3980 4011 4042 
f 4037 3985 4015 4043 
f 4038 3989 4019 4044 
f 4039 3993 4023 4045 
f 4040 3997 4027 4046 
f 4047 4050 4078 4077 
f 4051 4054 4080 4079 
f 4048 4049 4082 4081 
f 4052 4053 4084 4083 
f 4055 4056 4086 4085 
f 4057 4058 4088 4087 
f 4059 4060 4090 4089 
f 4061 4062 4092 4091 
f 4063 4064 4094 4093 
f 4065 4066 4096 4095 
f 4067 4068 4098 4097 
f 4069 4070 4100 4099 
s 2
f 4054 4074 4103 4080 
f 4053 4071 4101 4084 
f 4058 4072 4102 4088 
f 4062 4073 4104 4092 
f 4066 4075 4105 4096 
f 4070 4076 4106 4100 
s 1
f 4049 4078 4113 4107 
f 4056 4082 4114 4109 
f 4060 4086 4115 4110 
f 4064 4090 4116 4111 
f 4068 4094 4117 4112 
f 4050 4098 4118 4108 
f 4078 4049 4048 4077 
f 4080 4053 4052 4079 
f 4082 4056 4055 4081 
f 4084 4058 4057 4083 
f 4086 4060 4059 4085 
f 4088 4062 4061 4087 
f 4090 4064 4063 4089 
f 4092 4066 4065 4091 
f 4094 4068 4067 4093 
f 4096 4070 4069 4095 
f 4098 4050 4047 4097 
f 4100 4054 4051 4099 
s 2
f 4103 4071 4053 4080 
f 4101 4072 4058 4084 
f 4102 4073 4062 4088 
f 4104 4075 4066 4092 
f 4105 4076 4070 4096 
f 4106 4074 4054 4100 
s 1
f 4078 4050 4108 4113 
f 4082 4049 4107 4114 
f 4086 4056 4109 4115 
f 4090 4060 4110 4116 
f 4094 4064 4111 4117 
f 4098 4068 4112 4118 
f 4113 4079 4052 4107 
f 4114 4083 4057 4109 
f 4115 4087 4061 4110 
f 4116 4091 4065 4111 
f 4117 4095 4069 4112 
f 4118 4099 4051 4108 
f 4108 4051 4079 4113 
f 4107 4052 4083 4114 
f 4109 4057 4087 4115 
f 4110 4061 4091 4116 
f 4111 4065 4095 4117 
f 4112 4069 4099 4118 
f 4119 4122 4150 4149 
f 4123 4126 4152 4151 
f 4120 4121 4154 4153 
f 4124 4125 4156 4155 
f 4127 4128 4158 4157 
f 4129 4130 4160 4159 
f 4131 4132 4162 4161 
f 4133 4134 4164 4163 
f 4135 4136 4166 4165 
f 4137 4138 4168 4167 
f 4139 4140 4170 4169 
f 4141 4142 4172 4171 
s 2
f 4126 4146 4175 4152 
f 4125 4143 4173 4156 
f 4130 4144 4174 4160 
f 4134 4145 4176 4164 
f 4138 4147 4177 4168 
f 4142 4148 4178 4172 
s 1
f 4121 4150 4185 4179 
f 4128 4154 4186 4181 
f 4132 4158 4187 4182 
f 4136 4162 4188 4183 
f 4140 4166 4189 4184 
f 4122 4170 4190 4180 
f 4150 4121 4120 4149 
f 4152 4125 4124 4151 
f 4154 4128 4127 4153 
f 4156 4130 4129 4155 
f 4158 4132 4131 4157 
f 4160 4134 4133 4159 
f 4162 4136 4135 4161 
f 4164 4138 4137 4163 
f 4166 4140 4139 4165 
f 4168 4142 4141 4167 
f 4170 4122 4119 4169 
f 4172 4126 4123 4171 
s 2
f 4175 4143 4125 4152 
f 4173 4144 4130 4156 
f 4174 4145 4134 4160 
f 4176 4147 4138 4164 
f 4177 4148 4142 4168 
f 4178 4146 4126 4172 
s 1
f 4150 4122 4180 4185 
f 4154 4121 4179 4186 
f 4158 4128 4181 4187 
f 4162 4132 4182 4188 
f 4166 4136 4183 4189 
f 4170 4140 4184 4190 
f 4185 4151 4124 4179 
f 4186 4155 4129 4181 
f 4187 4159 4133 4182 
f 4188 4163 4137 4183 
f 4189 4167 4141 4184 
f 4190 4171 4123 4180 
f 4180 4123 4151 4185 
f 4179 4124 4155 4186 
f 4181 4129 4159 4187 
f 4182 4133 4163 4188 
f 4183 4137 4167 4189 
f 4184 4141 4171 4190 
f 4191 4194 4222 4221 
f 4195 4198 4224 4223 
f 4192 4193 4226 4225 
f 4196 4197 4228 4227 
f 4199 4200 4230 4229 
f 4201 4202 4232 4231 
f 4203 4204 4234 4233 
f 4205 4206 4236 4235 
f 4207 4208 4238 4237 
f 4209 4210 4240 4239 
f 4211 4212 4242 4241 
f 4213 4214 4244 4243 
s 2
f 4198 4218 4247 4224 
f 4197 4215 4245 4228 
f 4202 4216 4246 4232 
f 4206 4217 4248 4236 
f 4210 4219 4249 4240 
f 4214 4220 4250 4244 
s 1
f 4193 4222 4257 4251 
f 4200 4226 4258 4253 
f 4204 4230 4259 4254 
f 4208 4234 4260 4255 
f 4212 4238 4261 4256 
f 4194 4242 4262 4252 
f 4222 4193 4192 4221 
f 4224 4197 4196 4223 
f 4226 4200 4199 4225 
f 4228 4202 4201 4227 
f 4230 4204 4203 4229 
f 4232 4206 4205 4231 
f 4234 4208 4207 4233 
f 4236 4210 4209 4235 
f 4238 4212 4211 4237 
f 4240 4214 4213 4239 
f 4242 4194 4191 4241 
f 4244 4198 4195 4243 
s 2
f 4247 4215 4197 4224 
f 4245 4216 4202 4228 
f 4246 4217 4206 4232 
f 4248 4219 4210 4236 
f 4249 4220 4214 4240 
f 4250 4218 4198 4244 
s 1
f 4222 4194 4252 4257 
f 4226 4193 4251 4258 
f 4230 4200 4253 4259 
f 4234 4204 4254 4260 
f 4238 4208 4255 4261 
f 4242 4212 4256 4262 
f 4257 4223 4196 4251 
f 4258 4227 4201 4253 
f 4259 4231 4205 4254 
f 4260 4235 4209 4255 
f 4261 4239 4213 4256 
f 4262 4243 4195 4252 
f 4252 4195 4223 4257 
f 4251 4196 4227 4258 
f 4253 4201 4231 4259 
f 4254 4205 4235 4260 
f 4255 4209 4239 4261 
f 4256 4213 4243 4262 
f 4263 4266 4294 4293 
f 4267 4270 4296 4295 
f 4264 4265 4298 4297 
f 4268 4269 4300 4299 
f 4271 4272 4302 4301 
f 4273 4274 4304 4303 
f 4275 4276 4306 4305 
f 4277 4278 4308 4307 
f 4279 4280 4310 4309 
f 4281 4282 4312 4311 
f 4283 4284 4314 4313 
f 4285 4286 4316 4315 
s 2
f 4270 4290 4319 4296 
f 4269 4287 4317 4300 
f 4274 4288 4318 4304 
f 4278 4289 4320 4308 
f 4282 4291 4321 4312 
f 4286 4292 4322 4316 
s 1
f 4265 4294 4329 4323 
f 4272 4298 4330 4325 
f 4276 4302 4331 4326 
f 4280 4306 4332 4327 
f 4284 4310 4333 4328 
f 4266 4314 4334 4324 
f 4294 4265 4264 4293 
f 4296 4269 4268 4295 
f 4298 4272 4271 4297 
f 4300 4274 4273 4299 
f 4302 4276 4275 4301 
f 4304 4278 4277 4303 
f 4306 4280 4279 4305 
f 4308 4282 4281 4307 
f 4310 4284 4283 4309 
f 4312 4286 4285 4311 
f 4314 4266 4263 4313 
f 4316 4270 4267 4315 
s 2
f 4319 4287 4269 4296 
f 4317 4288 4274 4300 
f 4318 4289 4278 4304 
f 4320 4291 4282 4308 
f 4321 4292 4286 4312 
f 4322 4290 4270 4316 
s 1
f 4294 4266 4324 4329 
f 4298 4265 4323 4330 
f 4302 4272 4325 4331 
f 4306 4276 4326 4332 
f 4310 4280 4327 4333 
f 4314 4284 4328 4334 
f 4329 4295 4268 4323 
f 4330 4299 4273 4325 
f 4331 4303 4277 4326 
f 4332 4307 4281 4327 
f 4333 4311 4285 4328 
f 4334 4315 4267 4324 
f 4324 4267 4295 4329 
f 4323 4268 4299 4330 
f 4325 4273 4303 4331 
f 4326 4277 4307 4332 
f 4327 4281 4311 4333 
f 4328 4285 4315 4334 
f 4335 4338 4366 4365 
f 4339 4342 4368 4367 
f 4336 4337 4370 4369 
f 4340 4341 4372 4371 
f 4343 4344 4374 4373 
f 4345 4346 4376 4375 
f 4347 4348 4378 4377 
f 4349 4350 4380 4379 
f 4351 4352 4382 4381 
f 4353 4354 4384 4383 
f 4355 4356 4386 4385 
f 4357 4358 4388 4387 
s 2
f 4342 4362 4391 4368 
f 4341 4359 4389 4372 
f 4346 4360 4390 4376 
f 4350 4361 4392 4380 
f 4354 4363 4393 4384 
f 4358 4364 4394 4388 
s 1
f 4337 4366 4401 4395 
f 4344 4370 4402 4397 
f 4348 4374 4403 4398 
f 4352 4378 4404 4399 
f 4356 4382 4405 4400 
f 4338 4386 4406 4396 
f 4366 4337 4336 4365 
f 4368 4341 4340 4367 
f 4370 4344 4343 4369 
f 4372 4346 4345 4371 
f 4374 4348 4347 4373 
f 4376 4350 4349 4375 
f 4378 4352 4351 4377 
f 4380 4354 4353 4379 
f 4382 4356 4355 4381 
f 4384 4358 4357 4383 
f 4386 4338 4335 4385 
f 4388 4342 4339 4387 
s 2
f 4391 4359 4341 4368 
f 4389 4360 4346 4372 
f 4390 4361 4350 4376 
f 4392 4363 4354 4380 
f 4393 4364 4358 4384 
f 4394 4362 4342 4388 
s 1
f 4366 4338 4396 4401 
f 4370 4337 4395 4402 
f 4374 4344 4397 4403 
f 4378 4348 4398 4404 
f 4382 4352 4399 4405 
f 4386 4356 4400 4406 
f 4401 4367 4340 4395 
f 4402 4371 4345 4397 
f 4403 4375 4349 4398 
f 4404 4379 4353 4399 
f 4405 4383 4357 4400 
f 4406 4387 4339 4396 
f 4396 4339 4367 4401 
f 4395 4340 4371 4402 
f 4397 4345 4375 4403 
f 4398 4349 4379 4404 
f 4399 4353 4383 4405 
f 4400 4357 4387 4406 
f 4407 4410 4438 4437 
f 4411 4414 4440 4439 
f 4408 4409 4442 4441 
f 4412 4413 4444 4443 
f 4415 4416 4446 4445 
f 4417 4418 4448 4447 
f 4419 4420 4450 4449 
f 4421 4422 4452 4451 
f 4423 4424 4454 4453 
f 4425 4426 4456 4455 
f 4427 4428 4458 4457 
f 4429 4430 4460 4459 
s 2
f 4414 4434 4463 4440 
f 4413 4431 4461 4444 
f 4418 4432 4462 4448 
f 4422 4433 4464 4452 
f 4426 4435 4465 4456 
f 4430 4436 4466 4460 
s 1
f 4409 4438 4473 4467 
f 4416 4442 4474 4469 
f 4420 4446 4475 4470 
f 4424 4450 4476 4471 
f 4428 4454 4477 4472 
f 4410 4458 4478 4468 
f 4438 4409 4408 4437 
f 4440 4413 4412 4439 
f 4442 4416 4415 4441 
f 4444 4418 4417 4443 
f 4446 4420 4419 4445 
f 4448 4422 4421 4447 
f 4450 4424 4423 4449 
f 4452 4426 4425 4451 
f 4454 4428 4427 4453 
f 4456 4430 4429 4455 
f 4458 4410 4407 4457 
f 4460 4414 4411 4459 
s 2
f 4463 4431 4413 4440 
f 4461 4432 4418 4444 
f 4462 4433 4422 4448 
f 4464 4435 4426 4452 
f 4465 4436 4430 4456 
f 4466 4434 4414 4460 
s 1
f 4438 4410 4468 4473 
f 4442 4409 4467 4474 
f 4446 4416 4469 4475 
f 4450 4420 4470 4476 
f 4454 4424 4471 4477 
f 4458 4428 4472 4478 
f 4473 4439 4412 4467 
f 4474 4443 4417 4469 
f 4475 4447 4421 4470 
f 4476 4451 4425 4471 
f 4477 4455 4429 4472 
f 4478 4459 4411 4468 
f 4468 4411 4439 4473 
f 4467 4412 4443 4474 
f 4469 4417 4447 4475 
f 4470 4421 4451 4476 
f 4471 4425 4455 4477 
f 4472 4429 4459 4478 
f 4479 4482 4510 4509 
f 4483 4486 4512 4511 
f 4480 4481 4514 4513 
f 4484 4485 4516 4515 
f 4487 4488 4518 4517 
f 4489 4490 4520 4519 
f 4491 4492 4522 4521 
f 4493 4494 4524 4523 
f 4495 4496 4526 4525 
f 4497 4498 4528 4527 
f 4499 4500 4530 4529 
f 4501 4502 4532 4531 
s 2
f 4486 4506 4535 4512 
f 4485 4503 4533 4516 
f 4490 4504 4534 4520 
f 4494 4505 4536 4524 
f 4498 4507 4537 4528 
f 4502 4508 4538 4532 
s 1
f 4481 4510 4545 4539 
f 4488 4514 4546 4541 
f 4492 4518 4547 4542 
f 4496 4522 4548 4543 
f 4500 4526 4549 4544 
f 4482 4530 4550 4540 
f 4510 4481 4480 4509 
f 4512 4485 4484 4511 
f 4514 4488 4487 4513 
f 4516 4490 4489 4515 
f 4518 4492 4491 4517 
f 4520 4494 4493 4519 
f 4522 4496 4495 4521 
f 4524 4498 4497 4523 
f 4526 4500 4499 4525 
f 4528 4502 4501 4527 
f 4530 4482 4479 4529 
f 4532 4486 4483 4531 
s 2
f 4535 4503 4485 4512 
f 4533 4504 4490 4516 
f 4534 4505 4494 4520 
f 4536 4507 4498 4524 
f 4537 4508 4502 4528 
f 4538 4506 4486 4532 
s 1
f 4510 4482 4540 4545 
f 4514 4481 4539 4546 
f 4518 4488 4541 4547 
f 4522 4492 4542 4548 
f 4526 4496 4543 4549 
f 4530 4500 4544 4550 
f 4545 4511 4484 4539 
f 4546 4515 4489 4541 
f 4547 4519 4493 4542 
f 4548 4523 4497 4543 
f 4549 4527 4501 4544 
f 4550 4531 4483 4540 
f 4540 4483 4511 4545 
f 4539 4484 4515 4546 
f 4541 4489 4519 4547 
f 4542 4493 4523 4548 
f 4543 4497 4527 4549 
f 4544 4501 4531 4550 
f 4551 4554 4582 4581 
f 4555 4558 4584 4583 
f 4552 4553 4586 4585 
f 4556 4557 4588 4587 
f 4559 4560 4590 4589 
f 4561 4562 4592 4591 
f 4563 4564 4594 4593 
f 4565 4566 4596 4595 
f 4567 4568 4598 4597 
f 4569 4570 4600 4599 
f 4571 4572 4602 4601 
f 4573 4574 4604 4603 
s 2
f 4558 4578 4607 4584 
f 4557 4575 4605 4588 
f 4562 4576 4606 4592 
f 4566 4577 4608 4596 
f 4570 4579 4609 4600 
f 4574 4580 4610 4604 
s 1
f 4553 4582 4617 4611 
f 4560 4586 4618 4613 
f 4564 4590 4619 4614 
f 4568 4594 4620 4615 
f 4572 4598 4621 4616 
f 4554 4602 4622 4612 
f 4582 4553 4552 4581 
f 4584 4557 4556 4583 
f 4586 4560 4559 4585 
f 4588 4562 4561 4587 
f 4590 4564 4563 4589 
f 4592 4566 4565 4591 
f 4594 4568 4567 4593 
f 4596 4570 4569 4595 
f 4598 4572 4571 4597 
f 4600 4574 4573 4599 
f 4602 4554 4551 4601 
f 4604 4558 4555 4603 
s 2
f 4607 4575 4557 4584 
f 4605 4576 4562 4588 
f 4606 4577 4566 4592 
f 4608 4579 4570 4596 
f 4609 4580 4574 4600 
f 4610 4578 4558 4604 
s 1
f 4582 4554 4612 4617 
f 4586 4553 4611 4618 
f 4590 4560 4613 4619 
f 4594 4564 4614 4620 
f 4598 4568 4615 4621 
f 4602 4572 4616 4622 
f 4617 4583 4556 4611 
f 4618 4587 4561 4613 
f 4619 4591 4565 4614 
f 4620 4595 4569 4615 
f 4621 4599 4573 4616 
f 4622 4603 4555 4612 
f 4612 4555 4583 4617 
f 4611 4556 4587 4618 
f 4613 4561 4591 4619 
f 4614 4565 4595 4620 
f 4615 4569 4599 4621 
f 4616 4573 4603 4622 
f 4623 4626 4654 4653 
f 4627 4630 4656 4655 
f 4624 4625 4658 4657 
f 4628 4629 4660 4659 
f 4631 4632 4662 4661 
f 4633 4634 4664 4663 
f 4635 4636 4666 4665 
f 4637 4638 4668 4667 
f 4639 4640 4670 4669 
f 4641 4642 4672 4671 
f 4643 4644 4674 4673 
f 4645 4646 4676 4675 
s 2
f 4630 4650 4679 4656 
f 4629 4647 4677 4660 
f 4634 4648 4678 4664 
f 4638 4649 4680 4668 
f 4642 4651 4681 4672 
f 4646 4652 4682 4676 
s 1
f 4625 4654 4689 4683 
f 4632 4658 4690 4685 
f 4636 4662 4691 4686 
f 4640 4666 4692 4687 
f 4644 4670 4693 4688 
f 4626 4674 4694 4684 
f 4654 4625 4624 4653 
f 4656 4629 4628 4655 
f 4658 4632 4631 4657 
f 4660 4634 4633 4659 
f 4662 4636 4635 4661 
f 4664 4638 4637 4663 
f 4666 4640 4639 4665 
f 4668 4642 4641 4667 
f 4670 4644 4643 4669 
f 4672 4646 4645 4671 
f 4674 4626 4623 4673 
f 4676 4630 4627 4675 
s 2
f 4679 4647 4629 4656 
f 4677 4648 4634 4660 
f 4678 4649 4638 4664 
f 4680 4651 4642 4668 
f 4681 4652 4646 4672 
f 4682 4650 4630 4676 
s 1
f 4654 4626 4684 4689 
f 4658 4625 4683 4690 
f 4662 4632 4685 4691 
f 4666 4636 4686 4692 
f 4670 4640 4687 4693 
f 4674 4644 4688 4694 
f 4689 4655 4628 4683 
f 4690 4659 4633 4685 
f 4691 4663 4637 4686 
f 4692 4667 4641 4687 
f 4693 4671 4645 4688 
f 4694 4675 4627 4684 
f 4684 4627 4655 4689 
f 4683 4628 4659 4690 
f 4685 4633 4663 4691 
f 4686 4637 4667 4692 
f 4687 4641 4671 4693 
f 4688 4645 4675 4694 
f 4695 4698 4726 4725 
f 4699 4702 4728 4727 
f 4696 4697 4730 4729 
f 4700 4701 4732 4731 
f 4703 4704 4734 4733 
f 4705 4706 4736 4735 
f 4707 4708 4738 4737 
f 4709 4710 4740 4739 
f 4711 4712 4742 4741 
f 4713 4714 4744 4743 
f 4715 4716 4746 4745 
f 4717 4718 4748 4747 
s 2
f 4702 4722 4751 4728 
f 4701 4719 4749 4732 
f 4706 4720 4750 4736 
f 4710 4721 4752 4740 
f 4714 4723 4753 4744 
f 4718 4724 4754 4748 
s 1
f 4697 4726 4761 4755 
f 4704 4730 4762 4757 
f 4708 4734 4763 4758 
f 4712 4738 4764 4759 
f 4716 4742 4765 4760 
f 4698 4746 4766 4756 
f 4726 4697 4696 4725 
f 4728 4701 4700 4727 
f 4730 4704 4703 4729 
f 4732 4706 4705 4731 
f 4734 4708 4707 4733 
f 4736 4710 4709 4735 
f 4738 4712 4711 4737 
f 4740 4714 4713 4739 
f 4742 4716 4715 4741 
f 4744 4718 4717 4743 
f 4746 4698 4695 4745 
f 4748 4702 4699 4747 
s 2
f 4751 4719 4701 4728 
f 4749 4720 4706 4732 
f 4750 4721 4710 4736 
f 4752 4723 4714 4740 
f 4753 4724 4718 4744 
f 4754 4722 4702 4748 
s 1
f 4726 4698 4756 4761 
f 4730 4697 4755 4762 
f 4734 4704 4757 4763 
f 4738 4708 4758 4764 
f 4742 4712 4759 4765 
f 4746 4716 4760 4766 
f 4761 4727 4700 4755 
f 4762 4731 4705 4757 
f 4763 4735 4709 4758 
f 4764 4739 4713 4759 
f 4765 4743 4717 4760 
f 4766 4747 4699 4756 
f 4756 4699 4727 4761 
f 4755 4700 4731 4762 
f 4757 4705 4735 4763 
f 4758 4709 4739 4764 
f 4759 4713 4743 4765 
f 4760 4717 4747 4766 
f 4767 4770 4798 4797 
f 4771 4774 4800 4799 
f 4768 4769 4802 4801 
f 4772 4773 4804 4803 
f 4775 4776 4806 4805 
f 4777 4778 4808 4807 
f 4779 4780 4810 4809 
f 4781 4782 4812 4811 
f 4783 4784 4814 4813 
f 4785 4786 4816 4815 
f 4787 4788 4818 4817 
f 4789 4790 4820 4819 
s 2
f 4774 4794 4823 4800 
f 4773 4791 4821 4804 
f 4778 4792 4822 4808 
f 4782 4793 4824 4812 
f 4786 4795 4825 4816 
f 4790 4796 4826 4820 
s 1
f 4769 4798 4833 4827 
f 4776 4802 4834 4829 
f 4780 4806 4835 4830 
f 4784 4810 4836 4831 
f 4788 4814 4837 4832 
f 4770 4818 4838 4828 
f 4798 4769 4768 4797 
f 4800 4773 4772 4799 
f 4802 4776 4775 4801 
f 4804 4778 4777 4803 
f 4806 4780 4779 4805 
f 4808 4782 4781 4807 
f 4810 4784 4783 4809 
f 4812 4786 4785 4811 
f 4814 4788 4787 4813 
f 4816 4790 4789 4815 
f 4818 4770 4767 4817 
f 4820 4774 4771 4819 
s 2
f 4823 4791 4773 4800 
f 4821 4792 4778 4804 
f 4822 4793 4782 4808 
f 4824 4795 4786 4812 
f 4825 4796 4790 4816 
f 4826 4794 4774 4820 
s 1
f 4798 4770 4828 4833 
f 4802 4769 4827 4834 
f 4806 4776 4829 4835 
f 4810 4780 4830 4836 
f 4814 4784 4831 4837 
f 4818 4788 4832 4838 
f 4833 4799 4772 4827 
f 4834 4803 4777 4829 
f 4835 4807 4781 4830 
f 4836 4811 4785 4831 
f 4837 4815 4789 4832 
f 4838 4819 4771 4828 
f 4828 4771 4799 4833 
f 4827 4772 4803 4834 
f 4829 4777 4807 4835 
f 4830 4781 4811 4836 
f 4831 4785 4815 4837 
f 4832 4789 4819 4838 
f 4839 4842 4870 4869 
f 4843 4846 4872 4871 
f 4840 4841 4874 4873 
f 4844 4845 4876 4875 
f 4847 4848 4878 4877 
f 4849 4850 4880 4879 
f 4851 4852 4882 4881 
f 4853 4854 4884 4883 
f 4855 4856 4886 4885 
f 4857 4858 4888 4887 
f 4859 4860 4890 4889 
f 4861 4862 4892 4891 
s 2
f 4846 4866 4895 4872 
f 4845 4863 4893 4876 
f 4850 4864 4894 4880 
f 4854 4865 4896 4884 
f 4858 4867 4897 4888 
f 4862 4868 4898 4892 
s 1
f 4841 4870 4905 4899 
f 4848 4874 4906 4901 
f 4852 4878 4907 4902 
f 4856 4882 4908 4903 
f 4860 4886 4909 4904 
f 4842 4890 4910 4900 
f 4870 4841 4840 4869 
f 4872 4845 4844 4871 
f 4874 4848 4847 4873 
f 4876 4850 4849 4875 
f 4878 4852 4851 4877 
f 4880 4854 4853 4879 
f 4882 4856 4855 4881 
f 4884 4858 4857 4883 
f 4886 4860 4859 4885 
f 4888 4862 4861 4887 
f 4890 4842 4839 4889 
f 4892 4846 4843 4891 
s 2
f 4895 4863 4845 4872 
f 4893 4864 4850 4876 
f 4894 4865 4854 4880 
f 4896 4867 4858 4884 
f 4897 4868 4862 4888 
f 4898 4866 4846 4892 
s 1
f 4870 4842 4900 4905 
f 4874 4841 4899 4906 
f 4878 4848 4901 4907 
f 4882 4852 4902 4908 
f 4886 4856 4903 4909 
f 4890 4860 4904 4910 
f 4905 4871 4844 4899 
f 4906 4875 4849 4901 
f 4907 4879 4853 4902 
f 4908 4883 4857 4903 
f 4909 4887 4861 4904 
f 4910 4891 4843 4900 
f 4900 4843 4871 4905 
f 4899 4844 4875 4906 
f 4901 4849 4879 4907 
f 4902 4853 4883 4908 
f 4903 4857 4887 4909 
f 4904 4861 4891 4910 
f 4911 4914 4942 4941 
f 4915 4918 4944 4943 
f 4912 4913 4946 4945 
f 4916 4917 4948 4947 
f 4919 4920 4950 4949 
f 4921 4922 4952 4951 
f 4923 4924 4954 4953 
f 4925 4926 4956 4955 
f 4927 4928 4958 4957 
f 4929 4930 4960 4959 
f 4931 4932 4962 4961 
f 4933 4934 4964 4963 
s 2
f 4918 4938 4967 4944 
f 4917 4935 4965 4948 
f 4922 4936 4966 4952 
f 4926 4937 4968 4956 
f 4930 4939 4969 4960 
f 4934 4940 4970 4964 
s 1
f 4913 4942 4977 4971 
f 4920 4946 4978 4973 
f 4924 4950 4979 4974 
f 4928 4954 4980 4975 
f 4932 4958 4981 4976 
f 4914 4962 4982 4972 
f 4942 4913 4912 4941 
f 4944 4917 4916 4943 
f 4946 4920 4919 4945 
f 4948 4922 4921 4947 
f 4950 4924 4923 4949 
f 4952 4926 4925 4951 
f 4954 4928 4927 4953 
f 4956 4930 4929 4955 
f 4958 4932 4931 4957 
f 4960 4934 4933 4959 
f 4962 4914 4911 4961 
f 4964 4918 4915 4963 
s 2
f 4967 4935 4917 4944 
f 4965 4936 4922 4948 
f 4966 4937 4926 4952 
f 4968 4939 4930 4956 
f 4969 4940 4934 4960 
f 4970 4938 4918 4964 
s 1
f 4942 4914 4972 4977 
f 4946 4913 4971 4978 
f 4950 4920 4973 4979 
f 4954 4924 4974 4980 
f 4958 4928 4975 4981 
f 4962 4932 4976 4982 
f 4977 4943 4916 4971 
f 4978 4947 4921 4973 
f 4979 4951 4925 4974 
f 4980 4955 4929 4975 
f 4981 4959 4933 4976 
f 4982 4963 4915 4972 
f 4972 4915 4943 4977 
f 4971 4916 4947 4978 
f 4973 4921 4951 4979 
f 4974 4925 4955 4980 
f 4975 4929 4959 4981 
f 4976 4933 4963 4982 
f 4983 4986 5014 5013 
f 4987 4990 5016 5015 
f 4984 4985 5018 5017 
f 4988 4989 5020 5019 
f 4991 4992 5022 5021 
f 4993 4994 5024 5023 
f 4995 4996 5026 5025 
f 4997 4998 5028 5027 
f 4999 5000 5030 5029 
f 5001 5002 5032 5031 
f 5003 5004 5034 5033 
f 5005 5006 5036 5035 
s 2
f 4990 5010 5039 5016 
f 4989 5007 5037 5020 
f 4994 5008 5038 5024 
f 4998 5009 5040 5028 
f 5002 5011 5041 5032 
f 5006 5012 5042 5036 
s 1
f 4985 5014 5049 5043 
f 4992 5018 5050 5045 
f 4996 5022 5051 5046 
f 5000 5026 5052 5047 
f 5004 5030 5053 5048 
f 4986 5034 5054 5044 
f 5014 4985 4984 5013 
f 5016 4989 4988 5015 
f 5018 4992 4991 5017 
f 5020 4994 4993 5019 
f 5022 4996 4995 5021 
f 5024 4998 4997 5023 
f 5026 5000 4999 5025 
f 5028 5002 5001 5027 
f 5030 5004 5003 5029 
f 5032 5006 5005 5031 
f 5034 4986 4983 5033 
f 5036 4990 4987 5035 
s 2
f 5039 5007 4989 5016 
f 5037 5008 4994 5020 
f 5038 5009 4998 5024 
f 5040 5011 5002 5028 
f 5041 5012 5006 5032 
f 5042 5010 4990 5036 
s 1
f 5014 4986 5044 5049 
f 5018 4985 5043 5050 
f 5022 4992 5045 5051 
f 5026 4996 5046 5052 
f 5030 5000 5047 5053 
f 5034 5004 5048 5054 
f 5049 5015 4988 5043 
f 5050 5019 4993 5045 
f 5051 5023 4997 5046 
f 5052 5027 5001 5047 
f 5053 5031 5005 5048 
f 5054 5035 4987 5044 
f 5044 4987 5015 5049 
f 5043 4988 5019 5050 
f 5045 4993 5023 5051 
f 5046 4997 5027 5052 
f 5047 5001 5031 5053 
f 5048 5005 5035 5054 
f 5055 5058 5086 5085 
f 5059 5062 5088 5087 
f 5056 5057 5090 5089 
f 5060 5061 5092 5091 
f 5063 5064 5094 5093 
f 5065 5066 5096 5095 
f 5067 5068 5098 5097 
f 5069 5070 5100 5099 
f 5071 5072 5102 5101 
f 5073 5074 5104 5103 
f 5075 5076 5106 5105 
f 5077 5078 5108 5107 
s 2
f 5062 5082 5111 5088 
f 5061 5079 5109 5092 
f 5066 5080 5110 5096 
f 5070 5081 5112 5100 
f 5074 5083 5113 5104 
f 5078 5084 5114 5108 
s 1
f 5057 5086 5121 5115 
f 5064 5090 5122 5117 
f 5068 5094 5123 5118 
f 5072 5098 5124 5119 
f 5076 5102 5125 5120 
f 5058 5106 5126 5116 
f 5086 5057 5056 5085 
f 5088 5061 5060 5087 
f 5090 5064 5063 5089 
f 5092 5066 5065 5091 
f 5094 5068 5067 5093 
f 5096 5070 5069 5095 
f 5098 5072 5071 5097 
f 5100 5074 5073 5099 
f 5102 5076 5075 5101 
f 5104 5078 5077 5103 
f 5106 5058 5055 5105 
f 5108 5062 5059 5107 
s 2
f 5111 5079 5061 5088 
f 5109 5080 5066 5092 
f 5110 5081 5070 5096 
f 5112 5083 5074 5100 
f 5113 5084 5078 5104 
f 5114 5082 5062 5108 
s 1
f 5086 5058 5116 5121 
f 5090 5057 5115 5122 
f 5094 5064 5117 5123 
f 5098 5068 5118 5124 
f 5102 5072 5119 5125 
f 5106 5076 5120 5126 
f 5121 5087 5060 5115 
f 5122 5091 5065 5117 
f 5123 5095 5069 5118 
f 5124 5099 5073 5119 
f 5125 5103 5077 5120 
f 5126 5107 5059 5116 
f 5116 5059 5087 5121 
f 5115 5060 5091 5122 
f 5117 5065 5095 5123 
f 5118 5069 5099 5124 
f 5119 5073 5103 5125 
f 5120 5077 5107 5126 
f 5127 5130 5158 5157 
f 5131 5134 5160 5159 
f 5128 5129 5162 5161 
f 5132 5133 5164 5163 
f 5135 5136 5166 5165 
f 5137 5138 5168 5167 
f 5139 5140 5170 5169 
f 5141 5142 5172 5171 
f 5143 5144 5174 5173 
f 5145 5146 5176 5175 
f 5147 5148 5178 5177 
f 5149 5150 5180 5179 
s 2
f 5134 5154 5183 5160 
f 5133 5151 5181 5164 
f 5138 5152 5182 5168 
f 5142 5153 5184 5172 
f 5146 5155 5185 5176 
f 5150 5156 5186 5180 
s 1
f 5129 5158 5193 5187 
f 5136 5162 5194 5189 
f 5140 5166 5195 5190 
f 5144 5170 5196 5191 
f 5148 5174 5197 5192 
f 5130 5178 5198 5188 
f 5158 5129 5128 5157 
f 5160 5133 5132 5159 
f 5162 5136 5135 5161 
f 5164 5138 5137 5163 
f 5166 5140 5139 5165 
f 5168 5142 5141 5167 
f 5170 5144 5143 5169 
f 5172 5146 5145 5171 
f 5174 5148 5147 5173 
f 5176 5150 5149 5175 
f 5178 5130 5127 5177 
f 5180 5134 5131 5179 
s 2
f 5183 5151 5133 5160 
f 5181 5152 5138 5164 
f 5182 5153 5142 5168 
f 5184 5155 5146 5172 
f 5185 5156 5150 5176 
f 5186 5154 5134 5180 
s 1
f 5158 5130 5188 5193 
f 5162 5129 5187 5194 
f 5166 5136 5189 5195 
f 5170 5140 5190 5196 
f 5174 5144 5191 5197 
f 5178 5148 5192 5198 
f 5193 5159 5132 5187 
f 5194 5163 5137 5189 
f 5195 5167 5141 5190 
f 5196 5171 5145 5191 
f 5197 5175 5149 5192 
f 5198 5179 5131 5188 
f 5188 5131 5159 5193 
f 5187 5132 5163 5194 
f 5189 5137 5167 5195 
f 5190 5141 5171 5196 
f 5191 5145 5175 5197 
f 5192 5149 5179 5198 
f 5199 5202 5230 5229 
f 5203 5206 5232 5231 
f 5200 5201 5234 5233 
f 5204 5205 5236 5235 
f 5207 5208 5238 5237 
f 5209 5210 5240 5239 
f 5211 5212 5242 5241 
f 5213 5214 5244 5243 
f 5215 5216 5246 5245 
f 5217 5218 5248 5247 
f 5219 5220 5250 5249 
f 5221 5222 5252 5251 
s 2
f 5206 5226 5255 5232 
f 5205 5223 5253 5236 
f 5210 5224 5254 5240 
f 5214 5225 5256 5244 
f 5218 5227 5257 5248 
f 5222 5228 5258 5252 
s 1
f 5201 5230 5265 5259 
f 5208 5234 5266 5261 
f 5212 5238 5267 5262 
f 5216 5242 5268 5263 
f 5220 5246 5269 5264 
f 5202 5250 5270 5260 
f 5230 5201 5200 5229 
f 5232 5205 5204 5231 
f 5234 5208 5207 5233 
f 5236 5210 5209 5235 
f 5238 5212 5211 5237 
f 5240 5214 5213 5239 
f 5242 5216 5215 5241 
f 5244 5218 5217 5243 
f 5246 5220 5219 5245 
f 5248 5222 5221 5247 
f 5250 5202 5199 5249 
f 5252 5206 5203 5251 
s 2
f 5255 5223 5205 5232 
f 5253 5224 5210 5236 
f 5254 5225 5214 5240 
f 5256 5227 5218 5244 
f 5257 5228 5222 5248 
f 5258 5226 5206 5252 
s 1
f 5230 5202 5260 5265 
f 5234 5201 5259 5266 
f 5238 5208 5261 5267 
f 5242 5212 5262 5268 
f 5246 5216 5263 5269 
f 5250 5220 5264 5270 
f 5265 5231 5204 5259 
f 5266 5235 5209 5261 
f 5267 5239 5213 5262 
f 5268 5243 5217 5263 
f 5269 5247 5221 5264 
f 5270 5251 5203 5260 
f 5260 5203 5231 5265 
f 5259 5204 5235 5266 
f 5261 5209 5239 5267 
f 5262 5213 5243 5268 
f 5263 5217 5247 5269 
f 5264 5221 5251 5270 
f 5271 5274 5302 5301 
f 5275 5278 5304 5303 
f 5272 5273 5306 5305 
f 5276 5277 5308 5307 
f 5279 5280 5310 5309 
f 5281 5282 5312 5311 
f 5283 5284 5314 5313 
f 5285 5286 5316 5315 
f 5287 5288 5318 5317 
f 5289 5290 5320 5319 
f 5291 5292 5322 5321 
f 5293 5294 5324 5323 
s 2
f 5278 5298 5327 5304 
f 5277 5295 5325 5308 
f 5282 5296 5326 5312 
f 5286 5297 5328 5316 
f 5290 5299 5329 5320 
f 5294 5300 5330 5324 
s 1
f 5273 5302 5337 5331 
f 5280 5306 5338 5333 
f 5284 5310 5339 5334 
f 5288 5314 5340 5335 
f 5292 5318 5341 5336 
f 5274 5322 5342 5332 
f 5302 5273 5272 5301 
f 5304 5277 5276 5303 
f 5306 5280 5279 5305 
f 5308 5282 5281 5307 
f 5310 5284 5283 5309 
f 5312 5286 5285 5311 
f 5314 5288 5287 5313 
f 5316 5290 5289 5315 
f 5318 5292 5291 5317 
f 5320 5294 5293 5319 
f 5322 5274 5271 5321 
f 5324 5278 5275 5323 
s 2
f 5327 5295 5277 5304 
f 5325 5296 5282 5308 
f 5326 5297 5286 5312 
f 5328 5299 5290 5316 
f 5329 5300 5294 5320 
f 5330 5298 5278 5324 
s 1
f 5302 5274 5332 5337 
f 5306 5273 5331 5338 
f 5310 5280 5333 5339 
f 5314 5284 5334 5340 
f 5318 5288 5335 5341 
f 5322 5292 5336 5342 
f 5337 5303 5276 5331 
f 5338 5307 5281 5333 
f 5339 5311 5285 5334 
f 5340 5315 5289 5335 
f 5341 5319 5293 5336 
f 5342 5323 5275 5332 
f 5332 5275 5303 5337 
f 5331 5276 5307 5338 
f 5333 5281 5311 5339 
f 5334 5285 5315 5340 
f 5335 5289 5319 5341 
f 5336 5293 5323 5342 
f 5343 5346 5374 5373 
f 5347 5350 5376 5375 
f 5344 5345 5378 5377 
f 5348 5349 5380 5379 
f 5351 5352 5382 5381 
f 5353 5354 5384 5383 
f 5355 5356 5386 5385 
f 5357 5358 5388 5387 
f 5359 5360 5390 5389 
f 5361 5362 5392 5391 
f 5363 5364 5394 5393 
f 5365 5366 5396 5395 
s 2
f 5350 5370 5399 5376 
f 5349 5367 5397 5380 
f 5354 5368 5398 5384 
f 5358 5369 5400 5388 
f 5362 5371 5401 5392 
f 5366 5372 5402 5396 
s 1
f 5345 5374 5409 5403 
f 5352 5378 5410 5405 
f 5356 5382 5411 5406 
f 5360 5386 5412 5407 
f 5364 5390 5413 5408 
f 5346 5394 5414 5404 
f 5374 5345 5344 5373 
f 5376 5349 5348 5375 
f 5378 5352 5351 5377 
f 5380 5354 5353 5379 
f 5382 5356 5355 5381 
f 5384 5358 5357 5383 
f 5386 5360 5359 5385 
f 5388 5362 5361 5387 
f 5390 5364 5363 5389 
f 5392 5366 5365 5391 
f 5394 5346 5343 5393 
f 5396 5350 5347 5395 
s 2
f 5399 5367 5349 5376 
f 5397 5368 5354 5380 
f 5398 5369 5358 5384 
f 5400 5371 5362 5388 
f 5401 5372 5366 5392 
f 5402 5370 5350 5396 
s 1
f 5374 5346 5404 5409 
f 5378 5345 5403 5410 
f 5382 5352 5405 5411 
f 5386 5356 5406 5412 
f 5390 5360 5407 5413 
f 5394 5364 5408 5414 
f 5409 5375 5348 5403 
f 5410 5379 5353 5405 
f 5411 5383 5357 5406 
f 5412 5387 5361 5407 
f 5413 5391 5365 5408 
f 5414 5395 5347 5404 
f 5404 5347 5375 5409 
f 5403 5348 5379 5410 
f 5405 5353 5383 5411 
f 5406 5357 5387 5412 
f 5407 5361 5391 5413 
f 5408 5365 5395 5414 
f 5415 5418 5446 5445 
f 5419 5422 5448 5447 
f 5416 5417 5450 5449 
f 5420 5421 5452 5451 
f 5423 5424 5454 5453 
f 5425 5426 5456 5455 
f 5427 5428 5458 5457 
f 5429 5430 5460 5459 
f 5431 5432 5462 5461 
f 5433 5434 5464 5463 
f 5435 5436 5466 5465 
f 5437 5438 5468 5467 
s 2
f 5422 5442 5471 5448 
f 5421 5439 5469 5452 
f 5426 5440 5470 5456 
f 5430 5441 5472 5460 
f 5434 5443 5473 5464 
f 5438 5444 5474 5468 
s 1
f 5417 5446 5481 5475 
f 5424 5450 5482 5477 
f 5428 5454 5483 5478 
f 5432 5458 5484 5479 
f 5436 5462 5485 5480 
f 5418 5466 5486 5476 
f 5446 5417 5416 5445 
f 5448 5421 5420 5447 
f 5450 5424 5423 5449 
f 5452 5426 5425 5451 
f 5454 5428 5427 5453 
f 5456 5430 5429 5455 
f 5458 5432 5431 5457 
f 5460 5434 5433 5459 
f 5462 5436 5435 5461 
f 5464 5438 5437 5463 
f 5466 5418 5415 5465 
f 5468 5422 5419 5467 
s 2
f 5471 5439 5421 5448 
f 5469 5440 5426 5452 
f 5470 5441 5430 5456 
f 5472 5443 5434 5460 
f 5473 5444 5438 5464 
f 5474 5442 5422 5468 
s 1
f 5446 5418 5476 5481 
f 5450 5417 5475 5482 
f 5454 5424 5477 5483 
f 5458 5428 5478 5484 
f 5462 5432 5479 5485 
f 5466 5436 5480 5486 
f 5481 5447 5420 5475 
f 5482 5451 5425 5477 
f 5483 5455 5429 5478 
f 5484 5459 5433 5479 
f 5485 5463 5437 5480 
f 5486 5467 5419 5476 
f 5476 5419 5447 5481 
f 5475 5420 5451 5482 
f 5477 5425 5455 5483 
f 5478 5429 5459 5484 
f 5479 5433 5463 5485 
f 5480 5437 5467 5486 
f 5487 5490 5518 5517 
f 5491 5494 5520 5519 
f 5488 5489 5522 5521 
f 5492 5493 5524 5523 
f 5495 5496 5526 5525 
f 5497 5498 5528 5527 
f 5499 5500 5530 5529 
f 5501 5502 5532 5531 
f 5503 5504 5534 5533 
f 5505 5506 5536 5535 
f 5507 5508 5538 5537 
f 5509 5510 5540 5539 
s 2
f 5494 5514 5543 5520 
f 5493 5511 5541 5524 
f 5498 5512 5542 5528 
f 5502 5513 5544 5532 
f 5506 5515 5545 5536 
f 5510 5516 5546 5540 
s 1
f 5489 5518 5553 5547 
f 5496 5522 5554 5549 
f 5500 5526 5555 5550 
f 5504 5530 5556 5551 
f 5508 5534 5557 5552 
f 5490 5538 5558 5548 
f 5518 5489 5488 5517 
f 5520 5493 5492 5519 
f 5522 5496 5495 5521 
f 5524 5498 5497 5523 
f 5526 5500 5499 5525 
f 5528 5502 5501 5527 
f 5530 5504 5503 5529 
f 5532 5506 5505 5531 
f 5534 5508 5507 5533 
f 5536 5510 5509 5535 
f 5538 5490 5487 5537 
f 5540 5494 5491 5539 
s 2
f 5543 5511 5493 5520 
f 5541 5512 5498 5524 
f 5542 5513 5502 5528 
f 5544 5515 5506 5532 
f 5545 5516 5510 5536 
f 5546 5514 5494 5540 
s 1
f 5518 5490 5548 5553 
f 5522 5489 5547 5554 
f 5526 5496 5549 5555 
f 5530 5500 5550 5556 
f 5534 5504 5551 5557 
f 5538 5508 5552 5558 
f 5553 5519 5492 5547 
f 5554 5523 5497 5549 
f 5555 5527 5501 5550 
f 5556 5531 5505 5551 
f 5557 5535 5509 5552 
f 5558 5539 5491 5548 
f 5548 5491 5519 5553 
f 5547 5492 5523 5554 
f 5549 5497 5527 5555 
f 5550 5501 5531 5556 
f 5551 5505 5535 5557 
f 5552 5509 5539 5558 
f 5559 5562 5590 5589 
f 5563 5566 5592 5591 
f 5560 5561 5594 5593 
f 5564 5565 5596 5595 
f 5567 5568 5598 5597 
f 5569 5570 5600 5599 
f 5571 5572 5602 5601 
f 5573 5574 5604 5603 
f 5575 5576 5606 5605 
f 5577 5578 5608 5607 
f 5579 5580 5610 5609 
f 5581 5582 5612 5611 
s 2
f 5566 5586 5615 5592 
f 5565 5583 5613 5596 
f 5570 5584 5614 5600 
f 5574 5585 5616 5604 
f 5578 5587 5617 5608 
f 5582 5588 5618 5612 
s 1
f 5561 5590 5625 5619 
f 5568 5594 5626 5621 
f 5572 5598 5627 5622 
f 5576 5602 5628 5623 
f 5580 5606 5629 5624 
f 5562 5610 5630 5620 
f 5590 5561 5560 5589 
f 5592 5565 5564 5591 
f 5594 5568 5567 5593 
f 5596 5570 5569 5595 
f 5598 5572 5571 5597 
f 5600 5574 5573 5599 
f 5602 5576 5575 5601 
f 5604 5578 5577 5603 
f 5606 5580 5579 5605 
f 5608 5582 5581 5607 
f 5610 5562 5559 5609 
f 5612 5566 5563 5611 
s 2
f 5615 5583 5565 5592 
f 5613 5584 5570 5596 
f 5614 5585 5574 5600 
f 5616 5587 5578 5604 
f 5617 5588 5582 5608 
f 5618 5586 5566 5612 
s 1
f 5590 5562 5620 5625 
f 5594 5561 5619 5626 
f 5598 5568 5621 5627 
f 5602 5572 5622 5628 
f 5606 5576 5623 5629 
f 5610 5580 5624 5630 
f 5625 5591 5564 5619 
f 5626 5595 5569 5621 
f 5627 5599 5573 5622 
f 5628 5603 5577 5623 
f 5629 5607 5581 5624 
f 5630 5611 5563 5620 
f 5620 5563 5591 5625 
f 5619 5564 5595 5626 
f 5621 5569 5599 5627 
f 5622 5573 5603 5628 
f 5623 5577 5607 5629 
f 5624 5581 5611 5630 
f 5631 5634 5662 5661 
f 5635 5638 5664 5663 
f 5632 5633 5666 5665 
f 5636 5637 5668 5667 
f 5639 5640 5670 5669 
f 5641 5642 5672 5671 
f 5643 5644 5674 5673 
f 5645 5646 5676 5675 
f 5647 5648 5678 5677 
f 5649 5650 5680 5679 
f 5651 5652 5682 5681 
f 5653 5654 5684 5683 
s 2
f 5638 5658 5687 5664 
f 5637 5655 5685 5668 
f 5642 5656 5686 5672 
f 5646 5657 5688 5676 
f 5650 5659 5689 5680 
f 5654 5660 5690 5684 
s 1
f 5633 5662 5697 5691 
f 5640 5666 5698 5693 
f 5644 5670 5699 5694 
f 5648 5674 5700 5695 
f 5652 5678 5701 5696 
f 5634 5682 5702 5692 
f 5662 5633 5632 5661 
f 5664 5637 5636 5663 
f 5666 5640 5639 5665 
f 5668 5642 5641 5667 
f 5670 5644 5643 5669 
f 5672 5646 5645 5671 
f 5674 5648 5647 5673 
f 5676 5650 5649 5675 
f 5678 5652 5651 5677 
f 5680 5654 5653 5679 
f 5682 5634 5631 5681 
f 5684 5638 5635 5683 
s 2
f 5687 5655 5637 5664 
f 5685 5656 5642 5668 
f 5686 5657 5646 5672 
f 5688 5659 5650 5676 
f 5689 5660 5654 5680 
f 5690 5658 5638 5684 
s 1
f 5662 5634 5692 5697 
f 5666 5633 5691 5698 
f 5670 5640 5693 5699 
f 5674 5644 5694 5700 
f 5678 5648 5695 5701 
f 5682 5652 5696 5702 
f 5697 5663 5636 5691 
f 5698 5667 5641 5693 
f 5699 5671 5645 5694 
f 5700 5675 5649 5695 
f 5701 5679 5653 5696 
f 5702 5683 5635 5692 
f 5692 5635 5663 5697 
f 5691 5636 5667 5698 
f 5693 5641 5671 5699 
f 5694 5645 5675 5700 
f 5695 5649 5679 5701 
f 5696 5653 5683 5702 
f 5703 5706 5734 5733 
f 5707 5710 5736 5735 
f 5704 5705 5738 5737 
f 5708 5709 5740 5739 
f 5711 5712 5742 5741 
f 5713 5714 5744 5743 
f 5715 5716 5746 5745 
f 5717 5718 5748 5747 
f 5719 5720 5750 5749 
f 5721 5722 5752 5751 
f 5723 5724 5754 5753 
f 5725 5726 5756 5755 
s 2
f 5710 5730 5759 5736 
f 5709 5727 5757 5740 
f 5714 5728 5758 5744 
f 5718 5729 5760 5748 
f 5722 5731 5761 5752 
f 5726 5732 5762 5756 
s 1
f 5705 5734 5769 5763 
f 5712 5738 5770 5765 
f 5716 5742 5771 5766 
f 5720 5746 5772 5767 
f 5724 5750 5773 5768 
f 5706 5754 5774 5764 
f 5734 5705 5704 5733 
f 5736 5709 5708 5735 
f 5738 5712 5711 5737 
f 5740 5714 5713 5739 
f 5742 5716 5715 5741 
f 5744 5718 5717 5743 
f 5746 5720 5719 5745 
f 5748 5722 5721 5747 
f 5750 5724 5723 5749 
f 5752 5726 5725 5751 
f 5754 5706 5703 5753 
f 5756 5710 5707 5755 
s 2
f 5759 5727 5709 5736 
f 5757 5728 5714 5740 
f 5758 5729 5718 5744 
f 5760 5731 5722 5748 
f 5761 5732 5726 5752 
f 5762 5730 5710 5756 
s 1
f 5734 5706 5764 5769 
f 5738 5705 5763 5770 
f 5742 5712 5765 5771 
f 5746 5716 5766 5772 
f 5750 5720 5767 5773 
f 5754 5724 5768 5774 
f 5769 5735 5708 5763 
f 5770 5739 5713 5765 
f 5771 5743 5717 5766 
f 5772 5747 5721 5767 
f 5773 5751 5725 5768 
f 5774 5755 5707 5764 
f 5764 5707 5735 5769 
f 5763 5708 5739 5770 
f 5765 5713 5743 5771 
f 5766 5717 5747 5772 
f 5767 5721 5751 5773 
f 5768 5725 5755 5774 
f 5775 5778 5806 5805 
f 5779 5782 5808 5807 
f 5776 5777 5810 5809 
f 5780 5781 5812 5811 
f 5783 5784 5814 5813 
f 5785 5786 5816 5815 
f 5787 5788 5818 5817 
f 5789 5790 5820 5819 
f 5791 5792 5822 5821 
f 5793 5794 5824 5823 
f 5795 5796 5826 5825 
f 5797 5798 5828 5827 
s 2
f 5782 5802 5831 5808 
f 5781 5799 5829 5812 
f 5786 5800 5830 5816 
f 5790 5801 5832 5820 
f 5794 5803 5833 5824 
f 5798 5804 5834 5828 
s 1
f 5777 5806 5841 5835 
f 5784 5810 5842 5837 
f 5788 5814 5843 5838 
f 5792 5818 5844 5839 
f 5796 5822 5845 5840 
f 5778 5826 5846 5836 
f 5806 5777 5776 5805 
f 5808 5781 5780 5807 
f 5810 5784 5783 5809 
f 5812 5786 5785 5811 
f 5814 5788 5787 5813 
f 5816 5790 5789 5815 
f 5818 5792 5791 5817 
f 5820 5794 5793 5819 
f 5822 5796 5795 5821 
f 5824 5798 5797 5823 
f 5826 5778 5775 5825 
f 5828 5782 5779 5827 
s 2
f 5831 5799 5781 5808 
f 5829 5800 5786 5812 
f 5830 5801 5790 5816 
f 5832 5803 5794 5820 
f 5833 5804 5798 5824 
f 5834 5802 5782 5828 
s 1
f 5806 5778 5836 5841 
f 5810 5777 5835 5842 
f 5814 5784 5837 5843 
f 5818 5788 5838 5844 
f 5822 5792 5839 5845 
f 5826 5796 5840 5846 
f 5841 5807 5780 5835 
f 5842 5811 5785 5837 
f 5843 5815 5789 5838 
f 5844 5819 5793 5839 
f 5845 5823 5797 5840 
f 5846 5827 5779 5836 
f 5836 5779 5807 5841 
f 5835 5780 5811 5842 
f 5837 5785 5815 5843 
f 5838 5789 5819 5844 
f 5839 5793 5823 5845 
f 5840 5797 5827 5846 
f 5847 5850 5878 5877 
f 5851 5854 5880 5879 
f 5848 5849 5882 5881 
f 5852 5853 5884 5883 
f 5855 5856 5886 5885 
f 5857 5858 5888 5887 
f 5859 5860 5890 5889 
f 5861 5862 5892 5891 
f 5863 5864 5894 5893 
f 5865 5866 5896 5895 
f 5867 5868 5898 5897 
f 5869 5870 5900 5899 
s 2
f 5854 5874 5903 5880 
f 5853 5871 5901 5884 
f 5858 5872 5902 5888 
f 5862 5873 5904 5892 
f 5866 5875 5905 5896 
f 5870 5876 5906 5900 
s 1
f 5849 5878 5913 5907 
f 5856 5882 5914 5909 
f 5860 5886 5915 5910 
f 5864 5890 5916 5911 
f 5868 5894 5917 5912 
f 5850 5898 5918 5908 
f 5878 5849 5848 5877 
f 5880 5853 5852 5879 
f 5882 5856 5855 5881 
f 5884 5858 5857 5883 
f 5886 5860 5859 5885 
f 5888 5862 5861 5887 
f 5890 5864 5863 5889 
f 5892 5866 5865 5891 
f 5894 5868 5867 5893 
f 5896 5870 5869 5895 
f 5898 5850 5847 5897 
f 5900 5854 5851 5899 
s 2
f 5903 5871 5853 5880 
f 5901 5872 5858 5884 
f 5902 5873 5862 5888 
f 5904 5875 5866 5892 
f 5905 5876 5870 5896 
f 5906 5874 5854 5900 
s 1
f 5878 5850 5908 5913 
f 5882 5849 5907 5914 
f 5886 5856 5909 5915 
f 5890 5860 5910 5916 
f 5894 5864 5911 5917 
f 5898 5868 5912 5918 
f 5913 5879 5852 5907 
f 5914 5883 5857 5909 
f 5915 5887 5861 5910 
f 5916 5891 5865 5911 
f 5917 5895 5869 5912 
f 5918 5899 5851 5908 
f 5908 5851 5879 5913 
f 5907 5852 5883 5914 
f 5909 5857 5887 5915 
f 5910 5861 5891 5916 
f 5911 5865 5895 5917 
f 5912 5869 5899 5918 
f 5919 5922 5950 5949 
f 5923 5926 5952 5951 
f 5920 5921 5954 5953 
f 5924 5925 5956 5955 
f 5927 5928 5958 5957 
f 5929 5930 5960 5959 
f 5931 5932 5962 5961 
f 5933 5934 5964 5963 
f 5935 5936 5966 5965 
f 5937 5938 5968 5967 
f 5939 5940 5970 5969 
f 5941 5942 5972 5971 
s 2
f 5926 5946 5975 5952 
f 5925 5943 5973 5956 
f 5930 5944 5974 5960 
f 5934 5945 5976 5964 
f 5938 5947 5977 5968 
f 5942 5948 5978 5972 
s 1
f 5921 5950 5985 5979 
f 5928 5954 5986 5981 
f 5932 5958 5987 5982 
f 5936 5962 5988 5983 
f 5940 5966 5989 5984 
f 5922 5970 5990 5980 
f 5950 5921 5920 5949 
f 5952 5925 5924 5951 
f 5954 5928 5927 5953 
f 5956 5930 5929 5955 
f 5958 5932 5931 5957 
f 5960 5934 5933 5959 
f 5962 5936 5935 5961 
f 5964 5938 5937 5963 
f 5966 5940 5939 5965 
f 5968 5942 5941 5967 
f 5970 5922 5919 5969 
f 5972 5926 5923 5971 
s 2
f 5975 5943 5925 5952 
f 5973 5944 5930 5956 
f 5974 5945 5934 5960 
f 5976 5947 5938 5964 
f 5977 5948 5942 5968 
f 5978 5946 5926 5972 
s 1
f 5950 5922 5980 5985 
f 5954 5921 5979 5986 
f 5958 5928 5981 5987 
f 5962 5932 5982 5988 
f 5966 5936 5983 5989 
f 5970 5940 5984 5990 
f 5985 5951 5924 5979 
f 5986 5955 5929 5981 
f 5987 5959 5933 5982 
f 5988 5963 5937 5983 
f 5989 5967 5941 5984 
f 5990 5971 5923 5980 
f 5980 5923 5951 5985 
f 5979 5924 5955 5986 
f 5981 5929 5959 5987 
f 5982 5933 5963 5988 
f 5983 5937 5967 5989 
f 5984 5941 5971 5990 
f 5991 5994 6022 6021 
f 5995 5998 6024 6023 
f 5992 5993 6026 6025 
f 5996 5997 6028 6027 
f 5999 6000 6030 6029 
f 6001 6002 6032 6031 
f 6003 6004 6034 6033 
f 6005 6006 6036 6035 
f 6007 6008 6038 6037 
f 6009 6010 6040 6039 
f 6011 6012 6042 6041 
f 6013 6014 6044 6043 
s 2
f 5998 6018 6047 6024 
f 5997 6015 6045 6028 
f 6002 6016 6046 6032 
f 6006 6017 6048 6036 
f 6010 6019 6049 6040 
f 6014 6020 6050 6044 
s 1
f 5993 6022 6057 6051 
f 6000 6026 6058 6053 
f 6004 6030 6059 6054 
f 6008 6034 6060 6055 
f 6012 6038 6061 6056 
f 5994 6042 6062 6052 
f 6022 5993 5992 6021 
f 6024 5997 5996 6023 
f 6026 6000 5999 6025 
f 6028 6002 6001 6027 
f 6030 6004 6003 6029 
f 6032 6006 6005 6031 
f 6034 6008 6007 6033 
f 6036 6010 6009 6035 
f 6038 6012 6011 6037 
f 6040 6014 6013 6039 
f 6042 5994 5991 6041 
f 6044 5998 5995 6043 
s 2
f 6047 6015 5997 6024 
f 6045 6016 6002 6028 
f 6046 6017 6006 6032 
f 6048 6019 6010 6036 
f 6049 6020 6014 6040 
f 6050 6018 5998 6044 
s 1
f 6022 5994 6052 6057 
f 6026 5993 6051 6058 
f 6030 6000 6053 6059 
f 6034 6004 6054 6060 
f 6038 6008 6055 6061 
f 6042 6012 6056 6062 
f 6057 6023 5996 6051 
f 6058 6027 6001 6053 
f 6059 6031 6005 6054 
f 6060 6035 6009 6055 
f 6061 6039 6013 6056 
f 6062 6043 5995 6052 
f 6052 5995 6023 6057 
f 6051 5996 6027 6058 
f 6053 6001 6031 6059 
f 6054 6005 6035 6060 
f 6055 6009 6039 6061 
f 6056 6013 6043 6062 
f 6063 6066 6094 6093 
f 6067 6070 6096 6095 
f 6064 6065 6098 6097 
f 6068 6069 6100 6099 
f 6071 6072 6102 6101 
f 6073 6074 6104 6103 
f 6075 6076 6106 6105 
f 6077 6078 6108 6107 
f 6079 6080 6110 6109 
f 6081 6082 6112 6111 
f 6083 6084 6114 6113 
f 6085 6086 6116 6115 
s 2
f 6070 6090 6119 6096 
f 6069 6087 6117 6100 
f 6074 6088 6118 6104 
f 6078 6089 6120 6108 
f 6082 6091 6121 6112 
f 6086 6092 6122 6116 
s 1
f 6065 6094 6129 6123 
f 6072 6098 6130 6125 
f 6076 6102 6131 6126 
f 6080 6106 6132 6127 
f 6084 6110 6133 6128 
f 6066 6114 6134 6124 
f 6094 6065 6064 6093 
f 6096 6069 6068 6095 
f 6098 6072 6071 6097 
f 6100 6074 6073 6099 
f 6102 6076 6075 6101 
f 6104 6078 6077 6103 
f 6106 6080 6079 6105 
f 6108 6082 6081 6107 
f 6110 6084 6083 6109 
f 6112 6086 6085 6111 
f 6114 6066 6063 6113 
f 6116 6070 6067 6115 
s 2
f 6119 6087 6069 6096 
f 6117 6088 6074 6100 
f 6118 6089 6078 6104 
f 6120 6091 6082 6108 
f 6121 6092 6086 6112 
f 6122 6090 6070 6116 
s 1
f 6094 6066 6124 6129 
f 6098 6065 6123 6130 
f 6102 6072 6125 6131 
f 6106 6076 6126 6132 
f 6110 6080 6127 6133 
f 6114 6084 6128 6134 
f 6129 6095 6068 6123 
f 6130 6099 6073 6125 
f 6131 6103 6077 6126 
f 6132 6107 6081 6127 
f 6133 6111 6085 6128 
f 6134 6115 6067 6124 
f 6124 6067 6095 6129 
f 6123 6068 6099 6130 
f 6125 6073 6103 6131 
f 6126 6077 6107 6132 
f 6127 6081 6111 6133 
f 6128 6085 6115 6134 
f 6135 6138 6166 6165 
f 6139 6142 6168 6167 
f 6136 6137 6170 6169 
f 6140 6141 6172 6171 
f 6143 6144 6174 6173 
f 6145 6146 6176 6175 
f 6147 6148 6178 6177 
f 6149 6150 6180 6179 
f 6151 6152 6182 6181 
f 6153 6154 6184 6183 
f 6155 6156 6186 6185 
f 6157 6158 6188 6187 
s 2
f 6142 6162 6191 6168 
f 6141 6159 6189 6172 
f 6146 6160 6190 6176 
f 6150 6161 6192 6180 
f 6154 6163 6193 6184 
f 6158 6164 6194 6188 
s 1
f 6137 6166 6201 6195 
f 6144 6170 6202 6197 
f 6148 6174 6203 6198 
f 6152 6178 6204 6199 
f 6156 6182 6205 6200 
f 6138 6186 6206 6196 
f 6166 6137 6136 6165 
f 6168 6141 6140 6167 
f 6170 6144 6143 6169 
f 6172 6146 6145 6171 
f 6174 6148 6147 6173 
f 6176 6150 6149 6175 
f 6178 6152 6151 6177 
f 6180 6154 6153 6179 
f 6182 6156 6155 6181 
f 6184 6158 6157 6183 
f 6186 6138 6135 6185 
f 6188 6142 6139 6187 
s 2
f 6191 6159 6141 6168 
f 6189 6160 6146 6172 
f 6190 6161 6150 6176 
f 6192 6163 6154 6180 
f 6193 6164 6158 6184 
f 6194 6162 6142 6188 
s 1
f 6166 6138 6196 6201 
f 6170 6137 6195 6202 
f 6174 6144 6197 6203 
f 6178 6148 6198 6204 
f 6182 6152 6199 6205 
f 6186 6156 6200 6206 
f 6201 6167 6140 6195 
f 6202 6171 6145 6197 
f 6203 6175 6149 6198 
f 6204 6179 6153 6199 
f 6205 6183 6157 6200 
f 6206 6187 6139 6196 
f 6196 6139 6167 6201 
f 6195 6140 6171 6202 
f 6197 6145 6175 6203 
f 6198 6149 6179 6204 
f 6199 6153 6183 6205 
f 6200 6157 6187 6206 
f 6207 6210 6238 6237 
f 6211 6214 6240 6239 
f 6208 6209 6242 6241 
f 6212 6213 6244 6243 
f 6215 6216 6246 6245 
f 6217 6218 6248 6247 
f 6219 6220 6250 6249 
f 6221 6222 6252 6251 
f 6223 6224 6254 6253 
f 6225 6226 6256 6255 
f 6227 6228 6258 6257 
f 6229 6230 6260 6259 
s 2
f 6214 6234 6263 6240 
f 6213 6231 6261 6244 
f 6218 6232 6262 6248 
f 6222 6233 6264 6252 
f 6226 6235 6265 6256 
f 6230 6236 6266 6260 
s 1
f 6209 6238 6273 6267 
f 6216 6242 6274 6269 
f 6220 6246 6275 6270 
f 6224 6250 6276 6271 
f 6228 6254 6277 6272 
f 6210 6258 6278 6268 
f 6238 6209 6208 6237 
f 6240 6213 6212 6239 
f 6242 6216 6215 6241 
f 6244 6218 6217 6243 
f 6246 6220 6219 6245 
f 6248 6222 6221 6247 
f 6250 6224 6223 6249 
f 6252 6226 6225 6251 
f 6254 6228 6227 6253 
f 6256 6230 6229 6255 
f 6258 6210 6207 6257 
f 6260 6214 6211 6259 
s 2
f 6263 6231 6213 6240 
f 6261 6232 6218 6244 
f 6262 6233 6222 6248 
f 6264 6235 6226 6252 
f 6265 6236 6230 6256 
f 6266 6234 6214 6260 
s 1
f 6238 6210 6268 6273 
f 6242 6209 6267 6274 
f 6246 6216 6269 6275 
f 6250 6220 6270 6276 
f 6254 6224 6271 6277 
f 6258 6228 6272 6278 
f 6273 6239 6212 6267 
f 6274 6243 6217 6269 
f 6275 6247 6221 6270 
f 6276 6251 6225 6271 
f 6277 6255 6229 6272 
f 6278 6259 6211 6268 
f 6268 6211 6239 6273 
f 6267 6212 6243 6274 
f 6269 6217 6247 6275 
f 6270 6221 6251 6276 
f 6271 6225 6255 6277 
f 6272 6229 6259 6278 
f 6279 6282 6310 6309 
f 6283 6286 6312 6311 
f 6280 6281 6314 6313 
f 6284 6285 6316 6315 
f 6287 6288 6318 6317 
f 6289 6290 6320 6319 
f 6291 6292 6322 6321 
f 6293 6294 6324 6323 
f 6295 6296 6326 6325 
f 6297 6298 6328 6327 
f 6299 6300 6330 6329 
f 6301 6302 6332 6331 
s 2
f 6286 6306 6335 6312 
f 6285 6303 6333 6316 
f 6290 6304 6334 6320 
f 6294 6305 6336 6324 
f 6298 6307 6337 6328 
f 6302 6308 6338 6332 
s 1
f 6281 6310 6345 6339 
f 6288 6314 6346 6341 
f 6292 6318 6347 6342 
f 6296 6322 6348 6343 
f 6300 6326 6349 6344 
f 6282 6330 6350 6340 
f 6310 6281 6280 6309 
f 6312 6285 6284 6311 
f 6314 6288 6287 6313 
f 6316 6290 6289 6315 
f 6318 6292 6291 6317 
f 6320 6294 6293 6319 
f 6322 6296 6295 6321 
f 6324 6298 6297 6323 
f 6326 6300 6299 6325 
f 6328 6302 6301 6327 
f 6330 6282 6279 6329 
f 6332 6286 6283 6331 
s 2
f 6335 6303 6285 6312 
f 6333 6304 6290 6316 
f 6334 6305 6294 6320 
f 6336 6307 6298 6324 
f 6337 6308 6302 6328 
f 6338 6306 6286 6332 
s 1
f 6310 6282 6340 6345 
f 6314 6281 6339 6346 
f 6318 6288 6341 6347 
f 6322 6292 6342 6348 
f 6326 6296 6343 6349 
f 6330 6300 6344 6350 
f 6345 6311 6284 6339 
f 6346 6315 6289 6341 
f 6347 6319 6293 6342 
f 6348 6323 6297 6343 
f 6349 6327 6301 6344 
f 6350 6331 6283 6340 
f 6340 6283 6311 6345 
f 6339 6284 6315 6346 
f 6341 6289 6319 6347 
f 6342 6293 6323 6348 
f 6343 6297 6327 6349 
f 6344 6301 6331 6350 
f 6351 6354 6382 6381 
f 6355 6358 6384 6383 
f 6352 6353 6386 6385 
f 6356 6357 6388 6387 
f 6359 6360 6390 6389 
f 6361 6362 6392 6391 
f 6363 6364 6394 6393 
f 6365 6366 6396 6395 
f 6367 6368 6398 6397 
f 6369 6370 6400 6399 
f 6371 6372 6402 6401 
f 6373 6374 6404 6403 
s 2
f 6358 6378 6407 6384 
f 6357 6375 6405 6388 
f 6362 6376 6406 6392 
f 6366 6377 6408 6396 
f 6370 6379 6409 6400 
f 6374 6380 6410 6404 
s 1
f 6353 6382 6417 6411 
f 6360 6386 6418 6413 
f 6364 6390 6419 6414 
f 6368 6394 6420 6415 
f 6372 6398 6421 6416 
f 6354 6402 6422 6412 
f 6382 6353 6352 6381 
f 6384 6357 6356 6383 
f 6386 6360 6359 6385 
f 6388 6362 6361 6387 
f 6390 6364 6363 6389 
f 6392 6366 6365 6391 
f 6394 6368 6367 6393 
f 6396 6370 6369 6395 
f 6398 6372 6371 6397 
f 6400 6374 6373 6399 
f 6402 6354 6351 6401 
f 6404 6358 6355 6403 
s 2
f 6407 6375 6357 6384 
f 6405 6376 6362 6388 
f 6406 6377 6366 6392 
f 6408 6379 6370 6396 
f 6409 6380 6374 6400 
f 6410 6378 6358 6404 
s 1
f 6382 6354 6412 6417 
f 6386 6353 6411 6418 
f 6390 6360 6413 6419 
f 6394 6364 6414 6420 
f 6398 6368 6415 6421 
f 6402 6372 6416 6422 
f 6417 6383 6356 6411 
f 6418 6387 6361 6413 
f 6419 6391 6365 6414 
f 6420 6395 6369 6415 
f 6421 6399 6373 6416 
f 6422 6403 6355 6412 
f 6412 6355 6383 6417 
f 6411 6356 6387 6418 
f 6413 6361 6391 6419 
f 6414 6365 6395 6420 
f 6415 6369 6399 6421 
f 6416 6373 6403 6422 
f 6423 6426 6454 6453 
f 6427 6430 6456 6455 
f 6424 6425 6458 6457 
f 6428 6429 6460 6459 
f 6431 6432 6462 6461 
f 6433 6434 6464 6463 
f 6435 6436 6466 6465 
f 6437 6438 6468 6467 
f 6439 6440 6470 6469 
f 6441 6442 6472 6471 
f 6443 6444 6474 6473 
f 6445 6446 6476 6475 
s 2
f 6430 6450 6479 6456 
f 6429 6447 6477 6460 
f 6434 6448 6478 6464 
f 6438 6449 6480 6468 
f 6442 6451 6481 6472 
f 6446 6452 6482 6476 
s 1
f 6425 6454 6489 6483 
f 6432 6458 6490 6485 
f 6436 6462 6491 6486 
f 6440 6466 6492 6487 
f 6444 6470 6493 6488 
f 6426 6474 6494 6484 
f 6454 6425 6424 6453 
f 6456 6429 6428 6455 
f 6458 6432 6431 6457 
f 6460 6434 6433 6459 
f 6462 6436 6435 6461 
f 6464 6438 6437 6463 
f 6466 6440 6439 6465 
f 6468 6442 6441 6467 
f 6470 6444 6443 6469 
f 6472 6446 6445 6471 
f 6474 6426 6423 6473 
f 6476 6430 6427 6475 
s 2
f 6479 6447 6429 6456 
f 6477 6448 6434 6460 
f 6478 6449 6438 6464 
f 6480 6451 6442 6468 
f 6481 6452 6446 6472 
f 6482 6450 6430 6476 
s 1
f 6454 6426 6484 6489 
f 6458 6425 6483 6490 
f 6462 6432 6485 6491 
f 6466 6436 6486 6492 
f 6470 6440 6487 6493 
f 6474 6444 6488 6494 
f 6489 6455 6428 6483 
f 6490 6459 6433 6485 
f 6491 6463 6437 6486 
f 6492 6467 6441 6487 
f 6493 6471 6445 6488 
f 6494 6475 6427 6484 
f 6484 6427 6455 6489 
f 6483 6428 6459 6490 
f 6485 6433 6463 6491 
f 6486 6437 6467 6492 
f 6487 6441 6471 6493 
f 6488 6445 6475 6494 
f 6495 6498 6526 6525 
f 6499 6502 6528 6527 
f 6496 6497 6530 6529 
f 6500 6501 6532 6531 
f 6503 6504 6534 6533 
f 6505 6506 6536 6535 
f 6507 6508 6538 6537 
f 6509 6510 6540 6539 
f 6511 6512 6542 6541 
f 6513 6514 6544 6543 
f 6515 6516 6546 6545 
f 6517 6518 6548 6547 
s 2
f 6502 6522 6551 6528 
f 6501 6519 6549 6532 
f 6506 6520 6550 6536 
f 6510 6521 6552 6540 
f 6514 6523 6553 6544 
f 6518 6524 6554 6548 
s 1
f 6497 6526 6561 6555 
f 6504 6530 6562 6557 
f 6508 6534 6563 6558 
f 6512 6538 6564 6559 
f 6516 6542 6565 6560 
f 6498 6546 6566 6556 
f 6526 6497 6496 6525 
f 6528 6501 6500 6527 
f 6530 6504 6503 6529 
f 6532 6506 6505 6531 
f 6534 6508 6507 6533 
f 6536 6510 6509 6535 
f 6538 6512 6511 6537 
f 6540 6514 6513 6539 
f 6542 6516 6515 6541 
f 6544 6518 6517 6543 
f 6546 6498 6495 6545 
f 6548 6502 6499 6547 
s 2
f 6551 6519 6501 6528 
f 6549 6520 6506 6532 
f 6550 6521 6510 6536 
f 6552 6523 6514 6540 
f 6553 6524 6518 6544 
f 6554 6522 6502 6548 
s 1
f 6526 6498 6556 6561 
f 6530 6497 6555 6562 
f 6534 6504 6557 6563 
f 6538 6508 6558 6564 
f 6542 6512 6559 6565 
f 6546 6516 6560 6566 
f 6561 6527 6500 6555 
f 6562 6531 6505 6557 
f 6563 6535 6509 6558 
f 6564 6539 6513 6559 
f 6565 6543 6517 6560 
f 6566 6547 6499 6556 
f 6556 6499 6527 6561 
f 6555 6500 6531 6562 
f 6557 6505 6535 6563 
f 6558 6509 6539 6564 
f 6559 6513 6543 6565 
f 6560 6517 6547 6566 
f 6567 6570 6598 6597 
f 6571 6574 6600 6599 
f 6568 6569 6602 6601 
f 6572 6573 6604 6603 
f 6575 6576 6606 6605 
f 6577 6578 6608 6607 
f 6579 6580 6610 6609 
f 6581 6582 6612 6611 
f 6583 6584 6614 6613 
f 6585 6586 6616 6615 
f 6587 6588 6618 6617 
f 6589 6590 6620 6619 
s 2
f 6574 6594 6623 6600 
f 6573 6591 6621 6604 
f 6578 6592 6622 6608 
f 6582 6593 6624 6612 
f 6586 6595 6625 6616 
f 6590 6596 6626 6620 
s 1
f 6569 6598 6633 6627 
f 6576 6602 6634 6629 
f 6580 6606 6635 6630 
f 6584 6610 6636 6631 
f 6588 6614 6637 6632 
f 6570 6618 6638 6628 
f 6598 6569 6568 6597 
f 6600 6573 6572 6599 
f 6602 6576 6575 6601 
f 6604 6578 6577 6603 
f 6606 6580 6579 6605 
f 6608 6582 6581 6607 
f 6610 6584 6583 6609 
f 6612 6586 6585 6611 
f 6614 6588 6587 6613 
f 6616 6590 6589 6615 
f 6618 6570 6567 6617 
f 6620 6574 6571 6619 
s 2
f 6623 6591 6573 6600 
f 6621 6592 6578 6604 
f 6622 6593 6582 6608 
f 6624 6595 6586 6612 
f 6625 6596 6590 6616 
f 6626 6594 6574 6620 
s 1
f 6598 6570 6628 6633 
f 6602 6569 6627 6634 
f 6606 6576 6629 6635 
f 6610 6580 6630 6636 
f 6614 6584 6631 6637 
f 6618 6588 6632 6638 
f 6633 6599 6572 6627 
f 6634 6603 6577 6629 
f 6635 6607 6581 6630 
f 6636 6611 6585 6631 
f 6637 6615 6589 6632 
f 6638 6619 6571 6628 
f 6628 6571 6599 6633 
f 6627 6572 6603 6634 
f 6629 6577 6607 6635 
f 6630 6581 6611 6636 
f 6631 6585 6615 6637 
f 6632 6589 6619 6638 
f 6639 6642 6670 6669 
f 6643 6646 6672 6671 
f 6640 6641 6674 6673 
f 6644 6645 6676 6675 
f 6647 6648 6678 6677 
f 6649 6650 6680 6679 
f 6651 6652 6682 6681 
f 6653 6654 6684 6683 
f 6655 6656 6686 6685 
f 6657 6658 6688 6687 
f 6659 6660 6690 6689 
f 6661 6662 6692 6691 
s 2
f 6646 6666 6695 6672 
f 6645 6663 6693 6676 
f 6650 6664 6694 6680 
f 6654 6665 6696 6684 
f 6658 6667 6697 6688 
f 6662 6668 6698 6692 
s 1
f 6641 6670 6705 6699 
f 6648 6674 6706 6701 
f 6652 6678 6707 6702 
f 6656 6682 6708 6703 
f 6660 6686 6709 6704 
f 6642 6690 6710 6700 
f 6670 6641 6640 6669 
f 6672 6645 6644 6671 
f 6674 6648 6647 6673 
f 6676 6650 6649 6675 
f 6678 6652 6651 6677 
f 6680 6654 6653 6679 
f 6682 6656 6655 6681 
f 6684 6658 6657 6683 
f 6686 6660 6659 6685 
f 6688 6662 6661 6687 
f 6690 6642 6639 6689 
f 6692 6646 6643 6691 
s 2
f 6695 6663 6645 6672 
f 6693 6664 6650 6676 
f 6694 6665 6654 6680 
f 6696 6667 6658 6684 
f 6697 6668 6662 6688 
f 6698 6666 6646 6692 
s 1
f 6670 6642 6700 6705 
f 6674 6641 6699 6706 
f 6678 6648 6701 6707 
f 6682 6652 6702 6708 
f 6686 6656 6703 6709 
f 6690 6660 6704 6710 
f 6705 6671 6644 6699 
f 6706 6675 6649 6701 
f 6707 6679 6653 6702 
f 6708 6683 6657 6703 
f 6709 6687 6661 6704 
f 6710 6691 6643 6700 
f 6700 6643 6671 6705 
f 6699 6644 6675 6706 
f 6701 6649 6679 6707 
f 6702 6653 6683 6708 
f 6703 6657 6687 6709 
f 6704 6661 6691 6710 
f 6711 6714 6742 6741 
f 6715 6718 6744 6743 
f 6712 6713 6746 6745 
f 6716 6717 6748 6747 
f 6719 6720 6750 6749 
f 6721 6722 6752 6751 
f 6723 6724 6754 6753 
f 6725 6726 6756 6755 
f 6727 6728 6758 6757 
f 6729 6730 6760 6759 
f 6731 6732 6762 6761 
f 6733 6734 6764 6763 
s 2
f 6718 6738 6767 6744 
f 6717 6735 6765 6748 
f 6722 6736 6766 6752 
f 6726 6737 6768 6756 
f 6730 6739 6769 6760 
f 6734 6740 6770 6764 
s 1
f 6713 6742 6777 6771 
f 6720 6746 6778 6773 
f 6724 6750 6779 6774 
f 6728 6754 6780 6775 
f 6732 6758 6781 6776 
f 6714 6762 6782 6772 
f 6742 6713 6712 6741 
f 6744 6717 6716 6743 
f 6746 6720 6719 6745 
f 6748 6722 6721 6747 
f 6750 6724 6723 6749 
f 6752 6726 6725 6751 
f 6754 6728 6727 6753 
f 6756 6730 6729 6755 
f 6758 6732 6731 6757 
f 6760 6734 6733 6759 
f 6762 6714 6711 6761 
f 6764 6718 6715 6763 
s 2
f 6767 6735 6717 6744 
f 6765 6736 6722 6748 
f 6766 6737 6726 6752 
f 6768 6739 6730 6756 
f 6769 6740 6734 6760 
f 6770 6738 6718 6764 
s 1
f 6742 6714 6772 6777 
f 6746 6713 6771 6778 
f 6750 6720 6773 6779 
f 6754 6724 6774 6780 
f 6758 6728 6775 6781 
f 6762 6732 6776 6782 
f 6777 6743 6716 6771 
f 6778 6747 6721 6773 
f 6779 6751 6725 6774 
f 6780 6755 6729 6775 
f 6781 6759 6733 6776 
f 6782 6763 6715 6772 
f 6772 6715 6743 6777 
f 6771 6716 6747 6778 
f 6773 6721 6751 6779 
f 6774 6725 6755 6780 
f 6775 6729 6759 6781 
f 6776 6733 6763 6782 
f 6783 6786 6814 6813 
f 6787 6790 6816 6815 
f 6784 6785 6818 6817 
f 6788 6789 6820 6819 
f 6791 6792 6822 6821 
f 6793 6794 6824 6823 
f 6795 6796 6826 6825 
f 6797 6798 6828 6827 
f 6799 6800 6830 6829 
f 6801 6802 6832 6831 
f 6803 6804 6834 6833 
f 6805 6806 6836 6835 
s 2
f 6790 6810 6839 6816 
f 6789 6807 6837 6820 
f 6794 6808 6838 6824 
f 6798 6809 6840 6828 
f 6802 6811 6841 6832 
f 6806 6812 6842 6836 
s 1
f 6785 6814 6849 6843 
f 6792 6818 6850 6845 
f 6796 6822 6851 6846 
f 6800 6826 6852 6847 
f 6804 6830 6853 6848 
f 6786 6834 6854 6844 
f 6814 6785 6784 6813 
f 6816 6789 6788 6815 
f 6818 6792 6791 6817 
f 6820 6794 6793 6819 
f 6822 6796 6795 6821 
f 6824 6798 6797 6823 
f 6826 6800 6799 6825 
f 6828 6802 6801 6827 
f 6830 6804 6803 6829 
f 6832 6806 6805 6831 
f 6834 6786 6783 6833 
f 6836 6790 6787 6835 
s 2
f 6839 6807 6789 6816 
f 6837 6808 6794 6820 
f 6838 6809 6798 6824 
f 6840 6811 6802 6828 
f 6841 6812 6806 6832 
f 6842 6810 6790 6836 
s 1
f 6814 6786 6844 6849 
f 6818 6785 6843 6850 
f 6822 6792 6845 6851 
f 6826 6796 6846 6852 
f 6830 6800 6847 6853 
f 6834 6804 6848 6854 
f 6849 6815 6788 6843 
f 6850 6819 6793 6845 
f 6851 6823 6797 6846 
f 6852 6827 6801 6847 
f 6853 6831 6805 6848 
f 6854 6835 6787 6844 
f 6844 6787 6815 6849 
f 6843 6788 6819 6850 
f 6845 6793 6823 6851 
f 6846 6797 6827 6852 
f 6847 6801 6831 6853 
f 6848 6805 6835 6854 
f 6855 6858 6886 6885 
f 6859 6862 6888 6887 
f 6856 6857 6890 6889 
f 6860 6861 6892 6891 
f 6863 6864 6894 6893 
f 6865 6866 6896 6895 
f 6867 6868 6898 6897 
f 6869 6870 6900 6899 
f 6871 6872 6902 6901 
f 6873 6874 6904 6903 
f 6875 6876 6906 6905 
f 6877 6878 6908 6907 
s 2
f 6862 6882 6911 6888 
f 6861 6879 6909 6892 
f 6866 6880 6910 6896 
f 6870 6881 6912 6900 
f 6874 6883 6913 6904 
f 6878 6884 6914 6908 
s 1
f 6857 6886 6921 6915 
f 6864 6890 6922 6917 
f 6868 6894 6923 6918 
f 6872 6898 6924 6919 
f 6876 6902 6925 6920 
f 6858 6906 6926 6916 
f 6886 6857 6856 6885 
f 6888 6861 6860 6887 
f 6890 6864 6863 6889 
f 6892 6866 6865 6891 
f 6894 6868 6867 6893 
f 6896 6870 6869 6895 
f 6898 6872 6871 6897 
f 6900 6874 6873 6899 
f 6902 6876 6875 6901 
f 6904 6878 6877 6903 
f 6906 6858 6855 6905 
f 6908 6862 6859 6907 
s 2
f 6911 6879 6861 6888 
f 6909 6880 6866 6892 
f 6910 6881 6870 6896 
f 6912 6883 6874 6900 
f 6913 6884 6878 6904 
f 6914 6882 6862 6908 
s 1
f 6886 6858 6916 6921 
f 6890 6857 6915 6922 
f 6894 6864 6917 6923 
f 6898 6868 6918 6924 
f 6902 6872 6919 6925 
f 6906 6876 6920 6926 
f 6921 6887 6860 6915 
f 6922 6891 6865 6917 
f 6923 6895 6869 6918 
f 6924 6899 6873 6919 
f 6925 6903 6877 6920 
f 6926 6907 6859 6916 
f 6916 6859 6887 6921 
f 6915 6860 6891 6922 
f 6917 6865 6895 6923 
f 6918 6869 6899 6924 
f 6919 6873 6903 6925 
f 6920 6877 6907 6926 
f 6927 6930 6958 6957 
f 6931 6934 6960 6959 
f 6928 6929 6962 6961 
f 6932 6933 6964 6963 
f 6935 6936 6966 6965 
f 6937 6938 6968 6967 
f 6939 6940 6970 6969 
f 6941 6942 6972 6971 
f 6943 6944 6974 6973 
f 6945 6946 6976 6975 
f 6947 6948 6978 6977 
f 6949 6950 6980 6979 
s 2
f 6934 6954 6983 6960 
f 6933 6951 6981 6964 
f 6938 6952 6982 6968 
f 6942 6953 6984 6972 
f 6946 6955 6985 6976 
f 6950 6956 6986 6980 
s 1
f 6929 6958 6993 6987 
f 6936 6962 6994 6989 
f 6940 6966 6995 6990 
f 6944 6970 6996 6991 
f 6948 6974 6997 6992 
f 6930 6978 6998 6988 
f 6958 6929 6928 6957 
f 6960 6933 6932 6959 
f 6962 6936 6935 6961 
f 6964 6938 6937 6963 
f 6966 6940 6939 6965 
f 6968 6942 6941 6967 
f 6970 6944 6943 6969 
f 6972 6946 6945 6971 
f 6974 6948 6947 6973 
f 6976 6950 6949 6975 
f 6978 6930 6927 6977 
f 6980 6934 6931 6979 
s 2
f 6983 6951 6933 6960 
f 6981 6952 6938 6964 
f 6982 6953 6942 6968 
f 6984 6955 6946 6972 
f 6985 6956 6950 6976 
f 6986 6954 6934 6980 
s 1
f 6958 6930 6988 6993 
f 6962 6929 6987 6994 
f 6966 6936 6989 6995 
f 6970 6940 6990 6996 
f 6974 6944 6991 6997 
f 6978 6948 6992 6998 
f 6993 6959 6932 6987 
f 6994 6963 6937 6989 
f 6995 6967 6941 6990 
f 6996 6971 6945 6991 
f 6997 6975 6949 6992 
f 6998 6979 6931 6988 
f 6988 6931 6959 6993 
f 6987 6932 6963 6994 
f 6989 6937 6967 6995 
f 6990 6941 6971 6996 
f 6991 6945 6975 6997 
f 6992 6949 6979 6998 
f 6999 7002 7030 7029 
f 7003 7006 7032 7031 
f 7000 7001 7034 7033 
f 7004 7005 7036 7035 
f 7007 7008 7038 7037 
f 7009 7010 7040 7039 
f 7011 7012 7042 7041 
f 7013 7014 7044 7043 
f 7015 7016 7046 7045 
f 7017 7018 7048 7047 
f 7019 7020 7050 7049 
f 7021 7022 7052 7051 
s 2
f 7006 7026 7055 7032 
f 7005 7023 7053 7036 
f 7010 7024 7054 7040 
f 7014 7025 7056 7044 
f 7018 7027 7057 7048 
f 7022 7028 7058 7052 
s 1
f 7001 7030 7065 7059 
f 7008 7034 7066 7061 
f 7012 7038 7067 7062 
f 7016 7042 7068 7063 
f 7020 7046 7069 7064 
f 7002 7050 7070 7060 
f 7030 7001 7000 7029 
f 7032 7005 7004 7031 
f 7034 7008 7007 7033 
f 7036 7010 7009 7035 
f 7038 7012 7011 7037 
f 7040 7014 7013 7039 
f 7042 7016 7015 7041 
f 7044 7018 7017 7043 
f 7046 7020 7019 7045 
f 7048 7022 7021 7047 
f 7050 7002 6999 7049 
f 7052 7006 7003 7051 
s 2
f 7055 7023 7005 7032 
f 7053 7024 7010 7036 
f 7054 7025 7014 7040 
f 7056 7027 7018 7044 
f 7057 7028 7022 7048 
f 7058 7026 7006 7052 
s 1
f 7030 7002 7060 7065 
f 7034 7001 7059 7066 
f 7038 7008 7061 7067 
f 7042 7012 7062 7068 
f 7046 7016 7063 7069 
f 7050 7020 7064 7070 
f 7065 7031 7004 7059 
f 7066 7035 7009 7061 
f 7067 7039 7013 7062 
f 7068 7043 7017 7063 
f 7069 7047 7021 7064 
f 7070 7051 7003 7060 
f 7060 7003 7031 7065 
f 7059 7004 7035 7066 
f 7061 7009 7039 7067 
f 7062 7013 7043 7068 
f 7063 7017 7047 7069 
f 7064 7021 7051 7070 
f 7071 7074 7102 7101 
f 7075 7078 7104 7103 
f 7072 7073 7106 7105 
f 7076 7077 7108 7107 
f 7079 7080 7110 7109 
f 7081 7082 7112 7111 
f 7083 7084 7114 7113 
f 7085 7086 7116 7115 
f 7087 7088 7118 7117 
f 7089 7090 7120 7119 
f 7091 7092 7122 7121 
f 7093 7094 7124 7123 
s 2
f 7078 7098 7127 7104 
f 7077 7095 7125 7108 
f 7082 7096 7126 7112 
f 7086 7097 7128 7116 
f 7090 7099 7129 7120 
f 7094 7100 7130 7124 
s 1
f 7073 7102 7137 7131 
f 7080 7106 7138 7133 
f 7084 7110 7139 7134 
f 7088 7114 7140 7135 
f 7092 7118 7141 7136 
f 7074 7122 7142 7132 
f 7102 7073 7072 7101 
f 7104 7077 7076 7103 
f 7106 7080 7079 7105 
f 7108 7082 7081 7107 
f 7110 7084 7083 7109 
f 7112 7086 7085 7111 
f 7114 7088 7087 7113 
f 7116 7090 7089 7115 
f 7118 7092 7091 7117 
f 7120 7094 7093 7119 
f 7122 7074 7071 7121 
f 7124 7078 7075 7123 
s 2
f 7127 7095 7077 7104 
f 7125 7096 7082 7108 
f 7126 7097 7086 7112 
f 7128 7099 7090 7116 
f 7129 7100 7094 7120 
f 7130 7098 7078 7124 
s 1
f 7102 7074 7132 7137 
f 7106 7073 7131 7138 
f 7110 7080 7133 7139 
f 7114 7084 7134 7140 
f 7118 7088 7135 7141 
f 7122 7092 7136 7142 
f 7137 7103 7076 7131 
f 7138 7107 7081 7133 
f 7139 7111 7085 7134 
f 7140 7115 7089 7135 
f 7141 7119 7093 7136 
f 7142 7123 7075 7132 
f 7132 7075 7103 7137 
f 7131 7076 7107 7138 
f 7133 7081 7111 7139 
f 7134 7085 7115 7140 
f 7135 7089 7119 7141 
f 7136 7093 7123 7142 
f 7143 7146 7174 7173 
f 7147 7150 7176 7175 
f 7144 7145 7178 7177 
f 7148 7149 7180 7179 
f 7151 7152 7182 7181 
f 7153 7154 7184 7183 
f 7155 7156 7186 7185 
f 7157 7158 7188 7187 
f 7159 7160 7190 7189 
f 7161 7162 7192 7191 
f 7163 7164 7194 7193 
f 7165 7166 7196 7195 
s 2
f 7150 7170 7199 7176 
f 7149 7167 7197 7180 
f 7154 7168 7198 7184 
f 7158 7169 7200 7188 
f 7162 7171 7201 7192 
f 7166 7172 7202 7196 
s 1
f 7145 7174 7209 7203 
f 7152 7178 7210 7205 
f 7156 7182 7211 7206 
f 7160 7186 7212 7207 
f 7164 7190 7213 7208 
f 7146 7194 7214 7204 
f 7174 7145 7144 7173 
f 7176 7149 7148 7175 
f 7178 7152 7151 7177 
f 7180 7154 7153 7179 
f 7182 7156 7155 7181 
f 7184 7158 7157 7183 
f 7186 7160 7159 7185 
f 7188 7162 7161 7187 
f 7190 7164 7163 7189 
f 7192 7166 7165 7191 
f 7194 7146 7143 7193 
f 7196 7150 7147 7195 
s 2
f 7199 7167 7149 7176 
f 7197 7168 7154 7180 
f 7198 7169 7158 7184 
f 7200 7171 7162 7188 
f 7201 7172 7166 7192 
f 7202 7170 7150 7196 
s 1
f 7174 7146 7204 7209 
f 7178 7145 7203 7210 
f 7182 7152 7205 7211 
f 7186 7156 7206 7212 
f 7190 7160 7207 7213 
f 7194 7164 7208 7214 
f 7209 7175 7148 7203 
f 7210 7179 7153 7205 
f 7211 7183 7157 7206 
f 7212 7187 7161 7207 
f 7213 7191 7165 7208 
f 7214 7195 7147 7204 
f 7204 7147 7175 7209 
f 7203 7148 7179 7210 
f 7205 7153 7183 7211 
f 7206 7157 7187 7212 
f 7207 7161 7191 7213 
f 7208 7165 7195 7214 
f 7215 7249 7250 7216 
f 7242 7276 7249 7215 
f 7243 7277 7251 7217 
f 7217 7251 7252 7218 
f 7247 7281 7253 7219 
f 7219 7253 7282 7248 
f 7220 7254 7255 7221 
f 7221 7255 7256 7222 
f 7222 7256 7257 7223 
f 7223 7257 7258 7224 
f 7224 7258 7259 7225 
f 7225 7259 7260 7226 
f 7226 7260 7279 7245 
f 7244 7278 7261 7227 
f 7227 7261 7262 7228 
f 7228 7262 7263 7229 
f 7229 7263 7264 7230 
f 7230 7264 7265 7231 
f 7231 7265 7266 7232 
f 7232 7266 7275 7241 
f 7216 7250 7254 7220 
f 7233 7267 7276 7242 
f 7234 7268 7267 7233 
f 7235 7269 7268 7234 
f 7236 7270 7269 7235 
f 7237 7271 7270 7236 
f 7238 7272 7271 7237 
f 7239 7273 7272 7238 
f 7240 7274 7273 7239 
f 7246 7280 7274 7240 
f 7241 7275 7281 7247 
f 7218 7252 7278 7244 
f 7245 7279 7277 7243 
f 7248 7282 7280 7246 
f 7249 7317 7318 7250 
f 7276 7344 7317 7249 
f 7277 7345 7319 7251 
f 7251 7319 7320 7252 
f 7281 7349 7321 7253 
f 7253 7321 7350 7282 
f 7254 7322 7323 7255 
f 7255 7323 7324 7256 
f 7256 7324 7325 7257 
f 7257 7325 7326 7258 
f 7258 7326 7327 7259 
f 7259 7327 7328 7260 
f 7260 7328 7347 7279 
f 7278 7346 7329 7261 
f 7261 7329 7330 7262 
f 7262 7330 7331 7263 
f 7263 7331 7332 7264 
f 7264 7332 7333 7265 
f 7265 7333 7334 7266 
f 7266 7334 7343 7275 
f 7250 7318 7322 7254 
f 7267 7335 7344 7276 
f 7268 7336 7335 7267 
f 7269 7337 7336 7268 
f 7270 7338 7337 7269 
f 7271 7339 7338 7270 
f 7272 7340 7339 7271 
f 7273 7341 7340 7272 
f 7274 7342 7341 7273 
f 7280 7348 7342 7274 
f 7275 7343 7349 7281 
f 7252 7320 7346 7278 
f 7279 7347 7345 7277 
f 7282 7350 7348 7280 
f 7318 7317 7283 7284 
f 7317 7344 7310 7283 
f 7319 7345 7311 7285 
f 7320 7319 7285 7286 
f 7321 7349 7315 7287 
f 7350 7321 7287 7316 
f 7323 7322 7288 7289 
f 7324 7323 7289 7290 
f 7325 7324 7290 7291 
f 7326 7325 7291 7292 
f 7327 7326 7292 7293 
f 7328 7327 7293 7294 
f 7347 7328 7294 7313 
f 7329 7346 7312 7295 
f 7330 7329 7295 7296 
f 7331 7330 7296 7297 
f 7332 7331 7297 7298 
f 7333 7332 7298 7299 
f 7334 7333 7299 7300 
f 7343 7334 7300 7309 
f 7322 7318 7284 7288 
f 7344 7335 7301 7310 
f 7335 7336 7302 7301 
f 7336 7337 7303 7302 
f 7337 7338 7304 7303 
f 7338 7339 7305 7304 
f 7339 7340 7306 7305 
f 7340 7341 7307 7306 
f 7341 7342 7308 7307 
f 7342 7348 7314 7308 
f 7349 7343 7309 7315 
f 7346 7320 7286 7312 
f 7345 7347 7313 7311 
f 7348 7350 7316 7314 
f 7216 7352 7351 7215 
f 7215 7351 7378 7242 
f 7217 7353 7379 7243 
f 7218 7354 7353 7217 
f 7219 7355 7383 7247 
f 7248 7384 7355 7219 
f 7221 7357 7356 7220 
f 7222 7358 7357 7221 
f 7223 7359 7358 7222 
f 7224 7360 7359 7223 
f 7225 7361 7360 7224 
f 7226 7362 7361 7225 
f 7245 7381 7362 7226 
f 7227 7363 7380 7244 
f 7228 7364 7363 7227 
f 7229 7365 7364 7228 
f 7230 7366 7365 7229 
f 7231 7367 7366 7230 
f 7232 7368 7367 7231 
f 7241 7377 7368 7232 
f 7220 7356 7352 7216 
f 7242 7378 7369 7233 
f 7233 7369 7370 7234 
f 7234 7370 7371 7235 
f 7235 7371 7372 7236 
f 7236 7372 7373 7237 
f 7237 7373 7374 7238 
f 7238 7374 7375 7239 
f 7239 7375 7376 7240 
f 7240 7376 7382 7246 
f 7247 7383 7377 7241 
f 7244 7380 7354 7218 
f 7243 7379 7381 7245 
f 7246 7382 7384 7248 
f 7352 7385 7351 
f 7351 7385 7378 
f 7353 7385 7379 
f 7354 7385 7353 
f 7355 7385 7383 
f 7384 7385 7355 
f 7357 7385 7356 
f 7358 7385 7357 
f 7359 7385 7358 
f 7360 7385 7359 
f 7361 7385 7360 
f 7362 7385 7361 
f 7381 7385 7362 
f 7363 7385 7380 
f 7364 7385 7363 
f 7365 7385 7364 
f 7366 7385 7365 
f 7367 7385 7366 
f 7368 7385 7367 
f 7377 7385 7368 
f 7356 7385 7352 
f 7378 7385 7369 
f 7369 7385 7370 
f 7370 7385 7371 
f 7371 7385 7372 
f 7372 7385 7373 
f 7373 7385 7374 
f 7374 7385 7375 
f 7375 7385 7376 
f 7376 7385 7382 
f 7383 7385 7377 
f 7380 7385 7354 
f 7379 7385 7381 
f 7382 7385 7384 
f 7387 7950 7949 7386 
f 7386 7949 7951 7388 
f 7388 7951 7952 7389 
f 7389 7952 7953 7390 
f 7390 7953 7954 7391 
f 7391 7954 7955 7392 
f 7392 7955 7956 7393 
f 7393 7956 7957 7394 
f 7394 7957 7958 7395 
f 7395 7958 7959 7396 
f 7396 7959 7960 7397 
f 7397 7960 7978 7601 
f 7607 7980 7961 7398 
f 7398 7961 7972 7409 
f 7399 7962 7950 7387 
f 7400 7963 7962 7399 
f 7401 7964 7963 7400 
f 7402 7965 7964 7401 
f 7403 7966 7965 7402 
f 7548 7976 7966 7403 
f 7404 7967 7974 7542 
f 7405 7968 7967 7404 
f 7406 7969 7968 7405 
f 7407 7970 7969 7406 
f 7408 7971 7970 7407 
f 7409 7972 7971 7408 
f 7411 7981 8029 7410 
f 7410 8029 8030 7771 
f 7413 7767 7784 7414 
f 7414 8028 7982 7415 
f 7415 7982 7983 7416 
f 7416 7983 7984 7417 
f 7417 7984 7985 7418 
f 7418 7985 7986 7419 
f 7419 7986 7987 7420 
f 7420 7987 7988 7421 
f 7421 7988 8037 7604 
f 7608 8036 7989 7422 
f 7422 7989 8000 7433 
f 7423 7990 7981 7411 
f 7424 7991 7990 7423 
f 7425 7992 7991 7424 
f 7426 7993 7992 7425 
f 7427 7994 7993 7426 
f 7549 8032 7994 7427 
f 7428 7995 8033 7545 
f 7429 7996 7995 7428 
f 7430 7997 7996 7429 
f 7431 7998 7997 7430 
f 7432 7999 7998 7431 
f 7433 8000 7999 7432 
f 7414 7784 7783 
f 7412 7770 7769 
f 7412 7769 7768 7413 
f 7412 7771 7770 
f 7410 7771 7412 
f 7461 7465 7488 7487 
f 7462 7466 7465 7461 
f 7463 7467 7466 7462 
f 7436 7468 8003 8002 
f 7464 7469 7459 7437 
f 7469 7470 7458 7459 
f 7470 8005 8001 7458 
f 7471 7464 7488 7489 
f 7465 7466 7473 7472 
f 7466 7467 7474 7473 
f 7471 7475 7469 7464 
f 7475 7476 7470 7469 
f 7479 7481 8007 8006 
f 7476 7482 8008 8004 
f 7482 7490 8009 8008 
f 7482 7471 7489 7490 
f 7483 7484 7682 7478 
f 7479 7672 7485 7481 
f 7487 7488 7464 7437 
f 7489 7488 7465 7472 
f 7490 7489 7472 7480 
f 7486 8009 8007 7481 
f 7541 7491 7478 7682 
f 7541 7532 7491 
f 7492 7484 7483 7486 
f 7486 7481 7485 7492 
f 7508 7672 7479 7493 
f 7508 7493 7494 
f 7480 7473 7474 
f 7472 7473 7480 
f 7482 7476 7475 
f 7494 7493 7468 7436 
f 7470 7476 8004 8005 
f 7467 8003 8006 7474 
f 7495 7774 7773 7509 
f 7496 7495 7509 7510 
f 7497 7496 7510 7511 
f 7498 7497 7511 7512 
f 7499 7498 7512 7513 
f 7500 7499 7513 7514 
f 7501 7500 7514 7515 
f 7599 7501 7515 7600 
f 7597 7598 7525 7502 
f 7503 7502 7525 7526 
f 7504 7503 7526 7527 
f 7505 7504 7527 7528 
f 7506 7505 7528 7529 
f 7507 7506 7529 7530 
f 7524 7507 7530 7531 
f 7510 7509 7434 7435 
f 7511 7510 7435 7447 
f 7512 7511 7447 7448 
f 7513 7512 7448 7449 
f 7514 7513 7449 7450 
f 7515 7514 7450 7451 
f 7600 7515 7451 7555 
f 7509 7773 7772 7434 
f 7516 7533 7781 7780 
f 7516 7517 7534 7533 
f 7517 7518 7535 7534 
f 7518 7519 7536 7535 
f 7519 7520 7537 7536 
f 7520 7521 7538 7537 
f 7521 7522 7539 7538 
f 7522 7523 7540 7539 
f 7523 7655 7656 7540 
f 7524 7531 7658 7657 
f 7525 7598 7552 7452 
f 7526 7525 7452 7453 
f 7527 7526 7453 7454 
f 7528 7527 7454 7455 
f 7529 7528 7455 7456 
f 7530 7529 7456 7457 
f 7531 7530 7457 7446 
f 7658 7531 7446 7614 
f 7491 7532 7460 7477 
f 7781 7533 7438 7782 
f 7533 7534 7439 7438 
f 7534 7535 7440 7439 
f 7535 7536 7441 7440 
f 7536 7537 7442 7441 
f 7537 7538 7443 7442 
f 7538 7539 7444 7443 
f 7539 7540 7445 7444 
f 7540 7656 7611 7445 
f 7542 7974 7973 7543 
f 7543 7973 7975 7546 
f 7546 7975 7976 7548 
f 7545 8033 8034 7785 
f 7547 7799 7798 7549 
f 7549 7798 7797 
f 7544 7802 7801 
f 7544 7801 7800 7547 
f 7544 7785 7802 
f 7545 7785 7544 
f 7558 7568 7567 7560 
f 7559 7571 7568 7558 
f 7550 7573 7571 7559 
f 7551 7593 8018 8010 
f 7561 7562 7553 7554 
f 7562 7563 7557 7553 
f 7563 8012 8011 7557 
f 7565 7561 7567 7566 
f 7568 7571 7570 7569 
f 7571 7573 7572 7570 
f 7565 7592 7562 7561 
f 7592 7574 7563 7562 
f 7575 7584 8017 8013 
f 7574 7577 8015 8014 
f 7577 7580 8016 8015 
f 7577 7582 7581 7580 
f 7578 7588 7683 7576 
f 7575 7684 7595 7584 
f 7560 7567 7561 7554 
f 7566 7567 7568 7569 
f 7580 7581 7591 7583 
f 7579 8016 8017 7584 
f 7585 7594 7576 7683 
f 7585 7586 7594 
f 7587 7588 7578 7579 
f 7579 7584 7595 7587 
f 7581 7582 7565 7566 
f 7591 7581 7566 7569 
f 7589 7684 7575 7590 
f 7589 7590 7596 
f 7583 7591 7570 7572 
f 7577 7574 7592 7582 
f 7592 7565 7582 
f 7596 7590 7593 7551 
f 7563 7574 8014 8012 
f 7573 8018 8013 7572 
f 7597 7788 7787 7598 
f 7598 7787 7786 7552 
f 7599 7600 7795 7794 
f 7594 7586 7556 7564 
f 7795 7600 7555 7796 
f 7601 7978 7977 7602 
f 7602 7977 7979 7605 
f 7605 7979 7980 7607 
f 7604 8037 8038 7803 
f 7606 7817 7816 7608 
f 7608 7816 7815 
f 7603 7820 7819 
f 7603 7819 7818 7606 
f 7603 7803 7820 
f 7604 7803 7603 
f 7617 7627 7626 7619 
f 7618 7630 7627 7617 
f 7609 7632 7630 7618 
f 7610 7651 8027 8019 
f 7620 7621 7612 7613 
f 7621 7622 7616 7612 
f 7622 8021 8020 7616 
f 7624 7620 7626 7625 
f 7627 7630 7629 7628 
f 7630 7632 7631 7629 
f 7624 7633 7621 7620 
f 7633 7634 7622 7621 
f 7635 7644 8026 8022 
f 7634 7637 8024 8023 
f 7637 7640 8025 8024 
f 7637 7641 8046 7640 
f 7638 7648 7687 7636 
f 7635 7688 7653 7644 
f 7619 7626 7620 7613 
f 7625 7626 7627 7628 
f 7640 8046 7643 7642 
f 7639 8025 8026 7644 
f 7645 7652 7636 7687 
f 7645 7646 7652 
f 7647 7648 7638 7639 
f 7639 7644 7653 7647 
f 7649 7688 7635 7650 
f 7649 7650 7654 
f 7643 7629 7631 7642 
f 7628 7629 7643 
f 7637 7634 7633 7641 
f 7633 7624 7641 
f 7654 7650 7651 7610 
f 7622 7634 8023 8021 
f 7632 8027 8022 7631 
f 7650 7635 7651 
f 7623 7636 7652 
f 7655 7806 7805 7656 
f 7656 7805 7804 7611 
f 7657 7658 7813 7812 
f 7652 7646 7615 7623 
f 7813 7658 7614 7814 
f 7496 7660 7659 7495 
f 7497 7661 7660 7496 
f 7498 7662 7661 7497 
f 7499 7663 7662 7498 
f 7500 7664 7663 7499 
f 7501 7665 7664 7500 
f 7599 7686 7665 7501 
f 7502 7666 7685 7597 
f 7503 7667 7666 7502 
f 7504 7668 7667 7503 
f 7505 7669 7668 7504 
f 7506 7670 7669 7505 
f 7507 7671 7670 7506 
f 7524 7681 7671 7507 
f 7495 7659 7775 7774 
f 7780 7779 7673 7516 
f 7516 7673 7674 7517 
f 7517 7674 7675 7518 
f 7518 7675 7676 7519 
f 7519 7676 7677 7520 
f 7520 7677 7678 7521 
f 7521 7678 7679 7522 
f 7522 7679 7680 7523 
f 7523 7680 7689 7655 
f 7657 7690 7681 7524 
f 7597 7685 7789 7788 
f 7794 7793 7686 7599 
f 7655 7689 7807 7806 
f 7812 7811 7690 7657 
f 7778 7691 7724 7779 
f 7777 7693 7691 7778 
f 7776 7692 7693 7777 
f 7775 7694 7692 7776 
f 7791 7695 7696 7792 
f 7792 7696 7725 7793 
f 7789 7697 7698 7790 
f 7790 7698 7695 7791 
f 7809 7699 7700 7810 
f 7810 7700 7728 7811 
f 7807 7701 7808 
f 7808 7701 7731 
f 7660 7703 7702 7659 
f 7661 7704 7703 7660 
f 7662 7705 7704 7661 
f 7663 7706 7705 7662 
f 7664 7707 7706 7663 
f 7665 7708 7707 7664 
f 7686 7727 7708 7665 
f 7666 7709 7726 7685 
f 7667 7710 7709 7666 
f 7668 7711 7710 7667 
f 7669 7712 7711 7668 
f 7670 7713 7712 7669 
f 7671 7714 7713 7670 
f 7681 7723 7714 7671 
f 7659 7702 7694 7775 
f 7779 7724 7715 7673 
f 7673 7715 7716 7674 
f 7674 7716 7717 7675 
f 7675 7717 7718 7676 
f 7676 7718 7719 7677 
f 7677 7719 7720 7678 
f 7678 7720 7721 7679 
f 7679 7721 7722 7680 
f 7680 7722 7729 7689 
f 7690 7730 7723 7681 
f 7685 7726 7697 7789 
f 7793 7725 7727 7686 
f 7689 7729 7701 7807 
f 7811 7728 7730 7690 
f 7808 7731 7699 7809 
f 7694 7735 7733 7692 
f 7691 7732 7762 7724 
f 7693 7734 7732 7691 
f 7692 7733 7734 7693 
f 7695 7736 7737 7696 
f 7696 7737 7763 7725 
f 7698 7739 7736 7695 
f 7697 7738 7739 7698 
f 7703 7742 7741 7702 
f 7704 7743 7742 7703 
f 7705 7744 7743 7704 
f 7706 7745 7744 7705 
f 7707 7746 7745 7706 
f 7708 7747 7746 7707 
f 7727 7765 7747 7708 
f 7709 7748 7764 7726 
f 7710 7749 7748 7709 
f 7711 7750 7749 7710 
f 7712 7751 7750 7711 
f 7713 7752 7751 7712 
f 7714 7753 7752 7713 
f 7723 8042 7753 7714 
f 7702 7741 7735 7694 
f 7724 7762 7754 7715 
f 7715 7754 7755 7716 
f 7716 7755 7756 7717 
f 7717 7756 7757 7718 
f 7718 7757 7758 7719 
f 7719 7758 7759 7720 
f 7720 7759 7760 7721 
f 7721 7760 7761 7722 
f 7722 7761 7766 7729 
f 7726 7764 7738 7697 
f 7725 7763 7765 7727 
f 7729 7766 7740 7701 
f 7701 7740 8045 7731 
f 7413 7768 7767 
f 7547 7800 7799 
f 7606 7818 7817 
f 7608 7815 8039 8036 
f 7414 7783 8031 8028 
f 7549 7797 8035 8032 
f 7437 7767 7768 7487 
f 7487 7768 7769 7461 
f 7461 7769 7770 7462 
f 7462 7770 7771 7463 
f 7463 7771 8030 8002 
f 7436 7772 7773 7494 
f 7494 7773 7774 7508 
f 7508 7774 7775 7672 
f 7672 7775 7776 7485 
f 7485 7776 7777 7492 
f 7492 7777 7778 7484 
f 7484 7778 7779 7682 
f 7682 7779 7780 7541 
f 7541 7780 7781 7532 
f 7532 7781 7782 7460 
f 7460 7782 8031 8001 
f 7458 7783 7784 7459 
f 7459 7784 7767 7437 
f 7550 7785 8034 8010 
f 7551 7786 7787 7596 
f 7596 7787 7788 7589 
f 7589 7788 7789 7684 
f 7684 7789 7790 7595 
f 7595 7790 7791 7587 
f 7587 7791 7792 7588 
f 7588 7792 7793 7683 
f 7683 7793 7794 7585 
f 7585 7794 7795 7586 
f 7586 7795 7796 7556 
f 7556 7796 8035 8011 
f 7557 7797 7798 7553 
f 7553 7798 7799 7554 
f 7554 7799 7800 7560 
f 7560 7800 7801 7558 
f 7558 7801 7802 7559 
f 7559 7802 7785 7550 
f 7609 7803 8038 8019 
f 7610 7804 7805 7654 
f 7654 7805 7806 7649 
f 7649 7806 7807 7688 
f 7688 7807 7808 7653 
f 7653 7808 7809 7647 
f 7647 7809 7810 7648 
f 7648 7810 7811 7687 
f 7687 7811 7812 7645 
f 7645 7812 7813 7646 
f 7646 7813 7814 7615 
f 7615 7814 8039 8020 
f 7616 7815 7816 7612 
f 7612 7816 7817 7613 
f 7613 7817 7818 7619 
f 7619 7818 7819 7617 
f 7617 7819 7820 7618 
f 7618 7820 7803 7609 
f 7821 7911 7910 7822 
f 7852 7912 7911 7821 
f 7851 7913 7912 7852 
f 7850 7914 7913 7851 
f 7849 7915 7914 7850 
f 7848 7916 7915 7849 
f 7847 7885 7916 7848 
f 7846 7886 7885 7847 
f 7845 7887 7886 7846 
f 7844 7888 7887 7845 
f 7843 7889 7888 7844 
f 7842 7890 7889 7843 
f 7838 7894 7893 7839 
f 7837 7895 7894 7838 
f 7822 7910 7909 7823 
f 7823 7909 7908 7824 
f 7824 7908 7907 7825 
f 7825 7907 7906 7826 
f 7826 7906 7905 7827 
f 7827 7905 7904 7828 
f 7831 7901 7900 7832 
f 7832 7900 7899 7833 
f 7833 7899 7898 7834 
f 7834 7898 7897 7835 
f 7835 7897 7896 7836 
f 7836 7896 7895 7837 
f 7830 7902 7901 7831 
f 7829 7903 7902 7830 
f 7828 7904 7903 7829 
f 7841 7891 7890 7842 
f 7840 7892 7891 7841 
f 7839 7893 7892 7840 
f 7386 7821 7822 7387 
f 7387 7822 7823 7399 
f 7399 7823 7824 7400 
f 7400 7824 7825 7401 
f 7401 7825 7826 7402 
f 7402 7826 7827 7403 
f 7403 7827 7828 7548 
f 7548 7828 7829 7546 
f 7546 7829 7830 7543 
f 7543 7830 7831 7542 
f 7542 7831 7832 7404 
f 7404 7832 7833 7405 
f 7405 7833 7834 7406 
f 7406 7834 7835 7407 
f 7407 7835 7836 7408 
f 7408 7836 7837 7409 
f 7409 7837 7838 7398 
f 7398 7838 7839 7607 
f 7607 7839 7840 7605 
f 7605 7840 7841 7602 
f 7602 7841 7842 7601 
f 7601 7842 7843 7397 
f 7397 7843 7844 7396 
f 7396 7844 7845 7395 
f 7395 7845 7846 7394 
f 7394 7846 7847 7393 
f 7393 7847 7848 7392 
f 7392 7848 7849 7391 
f 7391 7849 7850 7390 
f 7390 7850 7851 7389 
f 7389 7851 7852 7388 
f 7388 7852 7821 7386 
f 7910 7911 7943 7942 
f 7911 7912 7944 7943 
f 7912 7913 7945 7944 
f 7913 7914 7946 7945 
f 7914 7915 7947 7946 
f 7915 7916 7948 7947 
f 7916 7885 7917 7948 
f 7885 7886 7918 7917 
f 7886 7887 7919 7918 
f 7887 7888 7920 7919 
f 7888 7889 7921 7920 
f 7889 7890 7922 7921 
f 7893 7894 7926 7925 
f 7894 7895 7927 7926 
f 7909 7910 7942 7941 
f 7908 7909 7941 7940 
f 7907 7908 7940 7939 
f 7906 7907 7939 7938 
f 7905 7906 7938 7937 
f 7904 7905 7937 7936 
f 7900 7901 7933 7932 
f 7899 7900 7932 7931 
f 7898 7899 7931 7930 
f 7897 7898 7930 7929 
f 7896 7897 7929 7928 
f 7895 7896 7928 7927 
f 7901 7902 7934 7933 
f 7902 7903 7935 7934 
f 7903 7904 7936 7935 
f 7890 7891 7923 7922 
f 7891 7892 7924 7923 
f 7892 7893 7925 7924 
f 7942 7943 7854 7853 
f 7943 7944 7855 7854 
f 7944 7945 7856 7855 
f 7945 7946 7857 7856 
f 7946 7947 7858 7857 
f 7947 7948 7859 7858 
f 7948 7917 7860 7859 
f 7917 7918 7861 7860 
f 7918 7919 7862 7861 
f 7919 7920 7863 7862 
f 7920 7921 7864 7863 
f 7921 7922 7865 7864 
f 7925 7926 7869 7868 
f 7926 7927 7870 7869 
f 7941 7942 7853 7884 
f 7940 7941 7884 7883 
f 7939 7940 7883 7882 
f 7938 7939 7882 7881 
f 7937 7938 7881 7880 
f 7936 7937 7880 7879 
f 7932 7933 7876 7875 
f 7931 7932 7875 7874 
f 7930 7931 7874 7873 
f 7929 7930 7873 7872 
f 7928 7929 7872 7871 
f 7927 7928 7871 7870 
f 7933 7934 7877 7876 
f 7934 7935 7878 7877 
f 7935 7936 7879 7878 
f 7922 7923 7866 7865 
f 7923 7924 7867 7866 
f 7924 7925 7868 7867 
f 7949 7950 7411 7410 
f 7951 7949 7410 7412 
f 7952 7951 7412 7413 
f 7953 7952 7413 7414 
f 7954 7953 7414 7415 
f 7955 7954 7415 7416 
f 7956 7955 7416 7417 
f 7957 7956 7417 7418 
f 7958 7957 7418 7419 
f 7959 7958 7419 7420 
f 7960 7959 7420 7421 
f 7978 7960 7421 7604 
f 7961 7980 7608 7422 
f 7972 7961 7422 7433 
f 7950 7962 7423 7411 
f 7962 7963 7424 7423 
f 7963 7964 7425 7424 
f 7964 7965 7426 7425 
f 7965 7966 7427 7426 
f 7966 7976 7549 7427 
f 7974 7967 7428 7545 
f 7967 7968 7429 7428 
f 7968 7969 7430 7429 
f 7969 7970 7431 7430 
f 7970 7971 7432 7431 
f 7971 7972 7433 7432 
f 7973 7974 7545 7544 
f 7975 7973 7544 7547 
f 7976 7975 7547 7549 
f 7977 7978 7604 7603 
f 7979 7977 7603 7606 
f 7980 7979 7606 7608 
f 8029 7981 7435 7434 
f 8030 8029 7434 7772 
f 7982 8028 7438 7439 
f 7983 7982 7439 7440 
f 7984 7983 7440 7441 
f 7985 7984 7441 7442 
f 7986 7985 7442 7443 
f 7987 7986 7443 7444 
f 7988 7987 7444 7445 
f 8037 7988 7445 7611 
f 7989 8036 7614 7446 
f 8000 7989 7446 7457 
f 7981 7990 7447 7435 
f 7990 7991 7448 7447 
f 7991 7992 7449 7448 
f 7992 7993 7450 7449 
f 7993 7994 7451 7450 
f 7994 8032 7555 7451 
f 8033 7995 7452 7552 
f 7995 7996 7453 7452 
f 7996 7997 7454 7453 
f 7997 7998 7455 7454 
f 7998 7999 7456 7455 
f 7999 8000 7457 7456 
f 8002 8003 7467 7463 
f 8001 8005 7477 7460 
f 8006 8007 7480 7474 
f 8004 8008 7483 7478 
f 8008 8009 7486 7483 
f 8007 8009 7490 7480 
f 8005 8004 7477 
f 8006 7468 7493 
f 8034 8033 7552 7786 
f 8010 8018 7573 7550 
f 8011 8012 7564 7556 
f 8013 8017 7583 7572 
f 8014 8015 7578 7576 
f 8015 8016 7579 7578 
f 8017 8016 7580 7583 
f 8012 8014 7564 
f 8013 7593 7590 
f 8038 8037 7611 7804 
f 8019 8027 7632 7609 
f 8020 8021 7623 7615 
f 8022 8026 7642 7631 
f 8023 8024 7638 7636 
f 8024 8025 7639 7638 
f 8026 8025 7640 7642 
f 8021 8023 7636 7623 
f 8022 8027 7651 7635 
f 8036 8039 7814 7614 
f 8028 8031 7782 7438 
f 8032 8035 7796 7555 
f 8002 8030 7772 7436 
f 8001 8031 7783 7458 
f 8010 8034 7786 7551 
f 8011 8035 7797 7557 
f 8019 8038 7804 7610 
f 8020 8039 7815 7616 
f 7594 8014 7576 
f 7564 8014 7594 
f 8013 7590 7575 
f 7593 8013 8018 
f 7570 7591 7569 
f 7730 8044 8042 7723 
f 7728 8043 8044 7730 
f 7700 8041 8043 7728 
f 7699 8040 8041 7700 
f 7731 8045 8040 7699 
f 8046 7641 7624 7625 
f 7643 8046 7625 7628 
f 8006 7493 7479 
f 7468 8006 8003 
f 7491 8004 7478 
f 7477 8004 7491 
f 7482 7475 7471 
f 8047 8048 8079 
s 2
f 8048 8049 8080 8079 
f 8049 8050 8081 8080 
f 8050 8051 8082 8081 
f 8051 8052 8083 8082 
f 8052 8053 8084 8083 
f 8053 8054 8085 8084 
f 8054 8055 8086 8085 
f 8055 8056 8087 8086 
f 8056 8057 8088 8087 
f 8057 8058 8089 8088 
f 8058 8059 8090 8089 
f 8059 8060 8091 8090 
f 8060 8061 8092 8091 
f 8061 8062 8093 8092 
f 8062 8063 8094 8093 
f 8066 8067 8098 8097 
f 8067 8068 8099 8098 
f 8068 8069 8100 8099 
f 8069 8070 8101 8100 
f 8070 8071 8102 8101 
f 8071 8072 8103 8102 
f 8072 8073 8104 8103 
f 9969 9970 8104 8073 
f 8074 8075 8106 8105 
f 8075 8076 8107 8106 
f 8076 8077 8108 8107 
s 1
f 8077 8078 8108 
f 8047 8079 8109 
s 2
f 8079 8080 8110 8109 
f 8080 8081 8111 8110 
f 8081 8082 8112 8111 
f 8082 8083 8113 8112 
f 8083 8084 8114 8113 
f 8084 8085 8115 8114 
f 8085 8086 8116 8115 
f 8086 8087 8117 8116 
f 8087 8088 8118 8117 
f 8088 8089 8119 8118 
f 8089 8090 8120 8119 
f 8090 8091 8121 8120 
f 8091 8092 8122 8121 
f 8092 8093 8123 8122 
f 8093 8094 8124 8123 
f 8097 8098 8128 8127 
f 8098 8099 8129 8128 
f 8099 8100 8130 8129 
f 8100 8101 8131 8130 
f 8101 8102 8132 8131 
f 8102 8103 8133 8132 
f 8103 8104 8134 8133 
f 9970 9971 8134 8104 
f 8105 8106 8136 8135 
f 8106 8107 8137 8136 
f 8107 8108 8138 8137 
s 1
f 8108 8078 8138 
f 8047 8109 8139 
s 2
f 8109 8110 8140 8139 
f 8110 8111 8141 8140 
f 8111 8112 8142 8141 
f 8112 8113 8143 8142 
f 8113 8114 8144 8143 
f 8114 8115 8145 8144 
f 8115 8116 8146 8145 
f 8116 8117 8147 8146 
f 8117 8118 8148 8147 
f 8118 8119 8149 8148 
f 8119 8120 8150 8149 
f 8120 8121 8151 8150 
f 8121 8122 8152 8151 
f 8122 8123 8153 8152 
f 8123 8124 8154 8153 
f 8127 8128 8158 8157 
f 8128 8129 8159 8158 
f 8129 8130 8160 8159 
f 8130 8131 8161 8160 
f 8131 8132 8162 8161 
f 8132 8133 8163 8162 
f 8133 8134 8164 8163 
f 9971 9972 8164 8134 
f 8135 8136 8166 8165 
f 8136 8137 8167 8166 
f 8137 8138 8168 8167 
s 1
f 8138 8078 8168 
f 8047 8139 8169 
s 2
f 8139 8140 8170 8169 
f 8140 8141 8171 8170 
f 8141 8142 8172 8171 
f 8142 8143 8173 8172 
f 8143 8144 8174 8173 
f 8144 8145 8175 8174 
f 8145 8146 8176 8175 
f 8146 8147 8177 8176 
f 8147 8148 8178 8177 
f 8148 8149 8179 8178 
f 8149 8150 8180 8179 
f 8150 8151 8181 8180 
f 8151 8152 8182 8181 
f 8152 8153 8183 8182 
f 8153 8154 8184 8183 
f 8157 8158 8188 8187 
f 8158 8159 8189 8188 
f 8159 8160 8190 8189 
f 8160 8161 8191 8190 
f 8161 8162 8192 8191 
f 8162 8163 8193 8192 
f 8163 8164 8194 8193 
f 9972 9973 8194 8164 
f 8165 8166 8196 8195 
f 8166 8167 8197 8196 
f 8167 8168 8198 8197 
s 1
f 8168 8078 8198 
f 8047 8169 8199 
s 2
f 8169 8170 8200 8199 
f 8170 8171 8201 8200 
f 8171 8172 8202 8201 
f 8172 8173 8203 8202 
f 8173 8174 8204 8203 
f 8174 8175 8205 8204 
f 8175 8176 8206 8205 
f 8176 8177 8207 8206 
f 8177 8178 8208 8207 
f 8178 8179 8209 8208 
f 8179 8180 8210 8209 
f 8180 8181 8211 8210 
f 8181 8182 8212 8211 
f 8182 8183 8213 8212 
f 8183 8184 8214 8213 
f 8187 8188 8218 8217 
f 8188 8189 8219 8218 
f 8189 8190 8220 8219 
f 8190 8191 8221 8220 
f 8191 8192 8222 8221 
f 8192 8193 8223 8222 
f 8193 8194 8224 8223 
f 9973 9974 8224 8194 
f 8195 8196 8226 8225 
f 8196 8197 8227 8226 
f 8197 8198 8228 8227 
s 1
f 8198 8078 8228 
f 8047 8199 8229 
s 2
f 8199 8200 8230 8229 
f 8200 8201 8231 8230 
f 8201 8202 8232 8231 
f 8202 8203 8233 8232 
f 8203 8204 8234 8233 
f 8204 8205 8235 8234 
f 8205 8206 8236 8235 
f 8206 8207 8237 8236 
f 8207 8208 8238 8237 
f 8208 8209 8239 8238 
f 8209 8210 8240 8239 
f 8210 8211 8241 8240 
f 8211 8212 8242 8241 
f 8212 8213 8243 8242 
f 8213 8214 8244 8243 
f 8217 8218 8248 8247 
f 8218 8219 8249 8248 
f 8219 8220 8250 8249 
f 8220 8221 8251 8250 
f 8221 8222 8252 8251 
f 8222 8223 8253 8252 
f 8223 8224 8254 8253 
f 9974 9975 8254 8224 
f 8225 8226 8256 8255 
f 8226 8227 8257 8256 
f 8227 8228 8258 8257 
s 1
f 8228 8078 8258 
f 8047 8229 8259 
s 2
f 8229 8230 8260 8259 
f 8230 8231 8261 8260 
f 8231 8232 8262 8261 
f 8232 8233 8263 8262 
f 8233 8234 8264 8263 
f 8234 8235 8265 8264 
f 8235 8236 8266 8265 
f 8236 8237 8267 8266 
f 8237 8238 8268 8267 
f 8238 8239 8269 8268 
f 8239 8240 8270 8269 
f 8240 8241 8271 8270 
f 8241 8242 8272 8271 
f 8242 8243 8273 8272 
f 8243 8244 8274 8273 
f 8247 8248 8278 8277 
f 8248 8249 8279 8278 
f 8249 8250 8280 8279 
f 8250 8251 8281 8280 
f 8251 8252 8282 8281 
f 8252 8253 8283 8282 
f 8253 8254 8284 8283 
f 9975 9976 8284 8254 
f 8255 8256 8286 8285 
f 8256 8257 8287 8286 
f 8257 8258 8288 8287 
s 1
f 8258 8078 8288 
f 8047 8259 8289 
s 2
f 8259 8260 8290 8289 
f 8260 8261 8291 8290 
f 8261 8262 8292 8291 
f 8262 8263 8293 8292 
f 8263 8264 8294 8293 
f 8264 8265 8295 8294 
f 8265 8266 8296 8295 
f 8266 8267 8297 8296 
f 8267 8268 8298 8297 
f 8268 8269 8299 8298 
f 8269 8270 8300 8299 
f 8270 8271 8301 8300 
f 8271 8272 8302 8301 
f 8272 8273 8303 8302 
f 8273 8274 8304 8303 
f 8277 8278 8308 8307 
f 8278 8279 8309 8308 
f 8279 8280 8310 8309 
f 8280 8281 8311 8310 
f 8281 8282 8312 8311 
f 8282 8283 8313 8312 
f 8283 8284 8314 8313 
f 9976 9977 8314 8284 
f 8285 8286 8316 8315 
f 8286 8287 8317 8316 
f 8287 8288 8318 8317 
s 1
f 8288 8078 8318 
f 8047 8289 8319 
s 2
f 8289 8290 8320 8319 
f 8290 8291 8321 8320 
f 8291 8292 8322 8321 
f 8292 8293 8323 8322 
f 8293 8294 8324 8323 
f 8294 8295 8325 8324 
f 8295 8296 8326 8325 
f 8296 8297 8327 8326 
f 8297 8298 8328 8327 
f 8298 8299 8329 8328 
f 8299 8300 8330 8329 
f 8300 8301 8331 8330 
f 8301 8302 8332 8331 
f 8302 8303 8333 8332 
f 8303 8304 8334 8333 
f 8307 8308 8338 8337 
f 8308 8309 8339 8338 
f 8309 8310 8340 8339 
f 8310 8311 8341 8340 
f 8311 8312 8342 8341 
f 8312 8313 8343 8342 
f 8313 8314 8344 8343 
f 9977 9978 8344 8314 
f 8315 8316 8346 8345 
f 8316 8317 8347 8346 
f 8317 8318 8348 8347 
s 1
f 8318 8078 8348 
f 8047 8319 8349 
s 2
f 8319 8320 8350 8349 
f 8320 8321 8351 8350 
f 8321 8322 8352 8351 
f 8322 8323 8353 8352 
f 8323 8324 8354 8353 
f 8324 8325 8355 8354 
f 8325 8326 8356 8355 
f 8326 8327 8357 8356 
f 8327 8328 8358 8357 
f 8328 8329 8359 8358 
f 8329 8330 8360 8359 
f 8330 8331 8361 8360 
f 8331 8332 8362 8361 
f 8332 8333 8363 8362 
f 8333 8334 8364 8363 
f 8337 8338 8368 8367 
f 8338 8339 8369 8368 
f 8339 8340 8370 8369 
f 8340 8341 8371 8370 
f 8341 8342 8372 8371 
f 8342 8343 8373 8372 
f 8343 8344 8374 8373 
f 9978 9979 8374 8344 
f 8345 8346 8376 8375 
f 8346 8347 8377 8376 
f 8347 8348 8378 8377 
s 1
f 8348 8078 8378 
f 8047 8349 8379 
s 2
f 8349 8350 8380 8379 
f 8350 8351 8381 8380 
f 8351 8352 8382 8381 
f 8352 8353 8383 8382 
f 8353 8354 8384 8383 
f 8354 8355 8385 8384 
f 8355 8356 8386 8385 
f 8356 8357 8387 8386 
f 8357 8358 8388 8387 
f 8358 8359 8389 8388 
f 8359 8360 8390 8389 
f 8360 8361 8391 8390 
f 8361 8362 8392 8391 
f 8362 8363 8393 8392 
f 8363 8364 8394 8393 
f 8367 8368 8398 8397 
f 8368 8369 8399 8398 
f 8369 8370 8400 8399 
f 8370 8371 8401 8400 
f 8371 8372 8402 8401 
f 8372 8373 8403 8402 
f 8373 8374 8404 8403 
f 9979 9980 8404 8374 
f 8375 8376 8406 8405 
f 8376 8377 8407 8406 
f 8377 8378 8408 8407 
s 1
f 8378 8078 8408 
f 8047 8379 8409 
s 2
f 8379 8380 8410 8409 
f 8380 8381 8411 8410 
f 8381 8382 8412 8411 
f 8382 8383 8413 8412 
f 8383 8384 8414 8413 
f 8384 8385 8415 8414 
f 8385 8386 8416 8415 
f 8386 8387 8417 8416 
f 8387 8388 8418 8417 
f 8388 8389 8419 8418 
f 8389 8390 8420 8419 
f 8390 8391 8421 8420 
f 8391 8392 8422 8421 
f 8392 8393 8423 8422 
f 8393 8394 8424 8423 
f 8397 8398 8428 8427 
f 8398 8399 8429 8428 
f 8399 8400 8430 8429 
f 8400 8401 8431 8430 
f 8401 8402 8432 8431 
f 8402 8403 8433 8432 
f 8403 8404 8434 8433 
f 9980 9981 8434 8404 
f 8405 8406 8436 8435 
f 8406 8407 8437 8436 
f 8407 8408 8438 8437 
s 1
f 8408 8078 8438 
f 8047 8409 8439 
s 2
f 8409 8410 8440 8439 
f 8410 8411 8441 8440 
f 8411 8412 8442 8441 
f 8412 8413 8443 8442 
f 8413 8414 8444 8443 
f 8414 8415 8445 8444 
f 8415 8416 8446 8445 
f 8416 8417 8447 8446 
f 8417 8418 8448 8447 
f 8418 8419 8449 8448 
f 8419 8420 8450 8449 
f 8420 8421 8451 8450 
f 8421 8422 8452 8451 
f 8422 8423 8453 8452 
f 8423 8424 8454 8453 
f 8427 8428 8458 8457 
f 8428 8429 8459 8458 
f 8429 8430 8460 8459 
f 8430 8431 8461 8460 
f 8431 8432 8462 8461 
f 8432 8433 8463 8462 
f 8433 8434 8464 8463 
f 9981 9982 8464 8434 
f 8435 8436 8466 8465 
f 8436 8437 8467 8466 
f 8437 8438 8468 8467 
s 1
f 8438 8078 8468 
f 8047 8439 8469 
s 2
f 8439 8440 8470 8469 
f 8440 8441 8471 8470 
f 8441 8442 8472 8471 
f 8442 8443 8473 8472 
f 8443 8444 8474 8473 
f 8444 8445 8475 8474 
f 8445 8446 8476 8475 
f 8446 8447 8477 8476 
f 8447 8448 8478 8477 
f 8448 8449 8479 8478 
f 8449 8450 8480 8479 
f 8450 8451 8481 8480 
f 8451 8452 8482 8481 
f 8452 8453 8483 8482 
f 8453 8454 8484 8483 
f 8457 8458 8488 8487 
f 8458 8459 8489 8488 
f 8459 8460 8490 8489 
f 8460 8461 8491 8490 
f 8461 8462 8492 8491 
f 8462 8463 8493 8492 
f 8463 8464 8494 8493 
f 9982 9983 8494 8464 
f 8465 8466 8496 8495 
f 8466 8467 8497 8496 
f 8467 8468 8498 8497 
s 1
f 8468 8078 8498 
f 8047 8469 8499 
s 2
f 8469 8470 8500 8499 
f 8470 8471 8501 8500 
f 8471 8472 8502 8501 
f 8472 8473 8503 8502 
f 8473 8474 8504 8503 
f 8474 8475 8505 8504 
f 8475 8476 8506 8505 
f 8476 8477 8507 8506 
f 8477 8478 8508 8507 
f 8478 8479 8509 8508 
f 8479 8480 8510 8509 
f 8480 8481 8511 8510 
f 8481 8482 8512 8511 
f 8482 8483 8513 8512 
f 8483 8484 8514 8513 
f 8487 8488 8518 8517 
f 8488 8489 8519 8518 
f 8489 8490 8520 8519 
f 8490 8491 8521 8520 
f 8491 8492 8522 8521 
f 8492 8493 8523 8522 
f 8493 8494 8524 8523 
f 9983 9984 8524 8494 
f 8495 8496 8526 8525 
f 8496 8497 8527 8526 
f 8497 8498 8528 8527 
s 1
f 8498 8078 8528 
f 8047 8499 8529 
s 2
f 8499 8500 8530 8529 
f 8500 8501 8531 8530 
f 8501 8502 8532 8531 
f 8502 8503 8533 8532 
f 8503 8504 8534 8533 
f 8504 8505 8535 8534 
f 8505 8506 8536 8535 
f 8506 8507 8537 8536 
f 8507 8508 8538 8537 
f 8508 8509 8539 8538 
f 8509 8510 8540 8539 
f 8510 8511 8541 8540 
f 8511 8512 8542 8541 
f 8512 8513 8543 8542 
f 8513 8514 8544 8543 
f 8517 8518 8548 8547 
f 8518 8519 8549 8548 
f 8519 8520 8550 8549 
f 8520 8521 8551 8550 
f 8521 8522 8552 8551 
f 8522 8523 8553 8552 
f 8523 8524 8554 8553 
f 9984 9985 8554 8524 
f 8525 8526 8556 8555 
f 8526 8527 8557 8556 
f 8527 8528 8558 8557 
s 1
f 8528 8078 8558 
f 8047 8529 8559 
s 2
f 8529 8530 8560 8559 
f 8530 8531 8561 8560 
f 8531 8532 8562 8561 
f 8532 8533 8563 8562 
f 8533 8534 8564 8563 
f 8534 8535 8565 8564 
f 8535 8536 8566 8565 
f 8536 8537 8567 8566 
f 8537 8538 8568 8567 
f 8538 8539 8569 8568 
f 8539 8540 8570 8569 
f 8540 8541 8571 8570 
f 8541 8542 8572 8571 
f 8542 8543 8573 8572 
f 8543 8544 8574 8573 
f 8547 8548 8578 8577 
f 8548 8549 8579 8578 
f 8549 8550 8580 8579 
f 8550 8551 8581 8580 
f 8551 8552 8582 8581 
f 8552 8553 8583 8582 
f 8553 8554 8584 8583 
f 9985 9986 8584 8554 
f 8555 8556 8586 8585 
f 8556 8557 8587 8586 
f 8557 8558 8588 8587 
s 1
f 8558 8078 8588 
f 8047 8559 8589 
s 2
f 8559 8560 8590 8589 
f 8560 8561 8591 8590 
f 8561 8562 8592 8591 
f 8562 8563 8593 8592 
f 8563 8564 8594 8593 
f 8564 8565 8595 8594 
f 8565 8566 8596 8595 
f 8566 8567 8597 8596 
f 8567 8568 8598 8597 
f 8568 8569 8599 8598 
f 8569 8570 8600 8599 
f 8570 8571 8601 8600 
f 8571 8572 8602 8601 
f 8572 8573 8603 8602 
f 8573 8574 8604 8603 
f 8577 8578 8608 8607 
f 8578 8579 8609 8608 
f 8579 8580 8610 8609 
f 8580 8581 8611 8610 
f 8581 8582 8612 8611 
f 8582 8583 8613 8612 
f 8583 8584 8614 8613 
f 9986 9987 8614 8584 
f 8585 8586 8616 8615 
f 8586 8587 8617 8616 
f 8587 8588 8618 8617 
s 1
f 8588 8078 8618 
f 8047 8589 8619 
s 2
f 8589 8590 8620 8619 
f 8590 8591 8621 8620 
f 8591 8592 8622 8621 
f 8592 8593 8623 8622 
f 8593 8594 8624 8623 
f 8594 8595 8625 8624 
f 8595 8596 8626 8625 
f 8596 8597 8627 8626 
f 8597 8598 8628 8627 
f 8598 8599 8629 8628 
f 8599 8600 8630 8629 
f 8600 8601 8631 8630 
f 8601 8602 8632 8631 
f 8602 8603 8633 8632 
f 8603 8604 8634 8633 
f 8607 8608 8638 8637 
f 8608 8609 8639 8638 
f 8609 8610 8640 8639 
f 8610 8611 8641 8640 
f 8611 8612 8642 8641 
f 8612 8613 8643 8642 
f 8613 8614 8644 8643 
f 9987 9988 8644 8614 
f 8615 8616 8646 8645 
f 8616 8617 8647 8646 
f 8617 8618 8648 8647 
s 1
f 8618 8078 8648 
f 8047 8619 8649 
s 2
f 8619 8620 8650 8649 
f 8620 8621 8651 8650 
f 8621 8622 8652 8651 
f 8622 8623 8653 8652 
f 8623 8624 8654 8653 
f 8624 8625 8655 8654 
f 8625 8626 8656 8655 
f 8626 8627 8657 8656 
f 8627 8628 8658 8657 
f 8628 8629 8659 8658 
f 8629 8630 8660 8659 
f 8630 8631 8661 8660 
f 8631 8632 8662 8661 
f 8632 8633 8663 8662 
f 8633 8634 8664 8663 
f 8637 8638 8668 8667 
f 8638 8639 8669 8668 
f 8639 8640 8670 8669 
f 8640 8641 8671 8670 
f 8641 8642 8672 8671 
f 8642 8643 8673 8672 
f 8643 8644 8674 8673 
f 9988 9989 8674 8644 
f 8645 8646 8676 8675 
f 8646 8647 8677 8676 
f 8647 8648 8678 8677 
s 1
f 8648 8078 8678 
f 8047 8649 8679 
s 2
f 8649 8650 8680 8679 
f 8650 8651 8681 8680 
f 8651 8652 8682 8681 
f 8652 8653 8683 8682 
f 8653 8654 8684 8683 
f 8654 8655 8685 8684 
f 8655 8656 8686 8685 
f 8656 8657 8687 8686 
f 8657 8658 8688 8687 
f 8658 8659 8689 8688 
f 8659 8660 8690 8689 
f 8660 8661 8691 8690 
f 8661 8662 8692 8691 
f 8662 8663 8693 8692 
f 8663 8664 8694 8693 
f 8667 8668 8698 8697 
f 8668 8669 8699 8698 
f 8669 8670 8700 8699 
f 8670 8671 8701 8700 
f 8671 8672 8702 8701 
f 8672 8673 8703 8702 
f 8673 8674 8704 8703 
f 9989 9990 8704 8674 
f 8675 8676 8706 8705 
f 8676 8677 8707 8706 
f 8677 8678 8708 8707 
s 1
f 8678 8078 8708 
f 8047 8679 8709 
s 2
f 8679 8680 8710 8709 
f 8680 8681 8711 8710 
f 8681 8682 8712 8711 
f 8682 8683 8713 8712 
f 8683 8684 8714 8713 
f 8684 8685 8715 8714 
f 8685 8686 8716 8715 
f 8686 8687 8717 8716 
f 8687 8688 8718 8717 
f 8688 8689 8719 8718 
f 8689 8690 8720 8719 
f 8690 8691 8721 8720 
f 8691 8692 8722 8721 
f 8692 8693 8723 8722 
f 8693 8694 8724 8723 
f 8697 8698 8728 8727 
f 8698 8699 8729 8728 
f 8699 8700 8730 8729 
f 8700 8701 8731 8730 
f 8701 8702 8732 8731 
f 8702 8703 8733 8732 
f 8703 8704 8734 8733 
f 9990 9991 8734 8704 
f 8705 8706 8736 8735 
f 8706 8707 8737 8736 
f 8707 8708 8738 8737 
s 1
f 8708 8078 8738 
f 8047 8709 8739 
s 2
f 8709 8710 8740 8739 
f 8710 8711 8741 8740 
f 8711 8712 8742 8741 
f 8712 8713 8743 8742 
f 8713 8714 8744 8743 
f 8714 8715 8745 8744 
f 8715 8716 8746 8745 
f 8716 8717 8747 8746 
f 8717 8718 8748 8747 
f 8718 8719 8749 8748 
f 8719 8720 8750 8749 
f 8720 8721 8751 8750 
f 8721 8722 8752 8751 
f 8722 8723 8753 8752 
f 8723 8724 8754 8753 
f 8727 8728 8758 8757 
f 8728 8729 8759 8758 
f 8729 8730 8760 8759 
f 8730 8731 8761 8760 
f 8731 8732 8762 8761 
f 8732 8733 8763 8762 
f 8733 8734 8764 8763 
f 9991 9992 8764 8734 
f 8735 8736 8766 8765 
f 8736 8737 8767 8766 
f 8737 8738 8768 8767 
s 1
f 8738 8078 8768 
f 8047 8739 8769 
s 2
f 8739 8740 8770 8769 
f 8740 8741 8771 8770 
f 8741 8742 8772 8771 
f 8742 8743 8773 8772 
f 8743 8744 8774 8773 
f 8744 8745 8775 8774 
f 8745 8746 8776 8775 
f 8746 8747 8777 8776 
f 8747 8748 8778 8777 
f 8748 8749 8779 8778 
f 8749 8750 8780 8779 
f 8750 8751 8781 8780 
f 8751 8752 8782 8781 
f 8752 8753 8783 8782 
f 8753 8754 8784 8783 
f 8757 8758 8788 8787 
f 8758 8759 8789 8788 
f 8759 8760 8790 8789 
f 8760 8761 8791 8790 
f 8761 8762 8792 8791 
f 8762 8763 8793 8792 
f 8763 8764 8794 8793 
f 9992 9993 8794 8764 
f 8765 8766 8796 8795 
f 8766 8767 8797 8796 
f 8767 8768 8798 8797 
s 1
f 8768 8078 8798 
f 8047 8769 8799 
s 2
f 8769 8770 8800 8799 
f 8770 8771 8801 8800 
f 8771 8772 8802 8801 
f 8772 8773 8803 8802 
f 8773 8774 8804 8803 
f 8774 8775 8805 8804 
f 8775 8776 8806 8805 
f 8776 8777 8807 8806 
f 8777 8778 8808 8807 
f 8778 8779 8809 8808 
f 8779 8780 8810 8809 
f 8780 8781 8811 8810 
f 8781 8782 8812 8811 
f 8782 8783 8813 8812 
f 8783 8784 8814 8813 
f 8787 8788 8818 8817 
f 8788 8789 8819 8818 
f 8789 8790 8820 8819 
f 8790 8791 8821 8820 
f 8791 8792 8822 8821 
f 8792 8793 8823 8822 
f 8793 8794 8824 8823 
f 9993 9994 8824 8794 
f 8795 8796 8826 8825 
f 8796 8797 8827 8826 
f 8797 8798 8828 8827 
s 1
f 8798 8078 8828 
f 8047 8799 8829 
s 2
f 8799 8800 8830 8829 
f 8800 8801 8831 8830 
f 8801 8802 8832 8831 
f 8802 8803 8833 8832 
f 8803 8804 8834 8833 
f 8804 8805 8835 8834 
f 8805 8806 8836 8835 
f 8806 8807 8837 8836 
f 8807 8808 8838 8837 
f 8808 8809 8839 8838 
f 8809 8810 8840 8839 
f 8810 8811 8841 8840 
f 8811 8812 8842 8841 
f 8812 8813 8843 8842 
f 8813 8814 8844 8843 
f 8817 8818 8848 8847 
f 8818 8819 8849 8848 
f 8819 8820 8850 8849 
f 8820 8821 8851 8850 
f 8821 8822 8852 8851 
f 8822 8823 8853 8852 
f 8823 8824 8854 8853 
f 9994 9995 8854 8824 
f 8825 8826 8856 8855 
f 8826 8827 8857 8856 
f 8827 8828 8858 8857 
s 1
f 8828 8078 8858 
f 8047 8829 8859 
s 2
f 8829 8830 8860 8859 
f 8830 8831 8861 8860 
f 8831 8832 8862 8861 
f 8832 8833 8863 8862 
f 8833 8834 8864 8863 
f 8834 8835 8865 8864 
f 8835 8836 8866 8865 
f 8836 8837 8867 8866 
f 8837 8838 8868 8867 
f 8838 8839 8869 8868 
f 8839 8840 8870 8869 
f 8840 8841 8871 8870 
f 8841 8842 8872 8871 
f 8842 8843 8873 8872 
f 8843 8844 8874 8873 
f 8847 8848 8878 8877 
f 8848 8849 8879 8878 
f 8849 8850 8880 8879 
f 8850 8851 8881 8880 
f 8851 8852 8882 8881 
f 8852 8853 8883 8882 
f 8853 8854 8884 8883 
f 9995 9996 8884 8854 
f 8855 8856 8886 8885 
f 8856 8857 8887 8886 
f 8857 8858 8888 8887 
s 1
f 8858 8078 8888 
f 8047 8859 8889 
s 2
f 8859 8860 8890 8889 
f 8860 8861 8891 8890 
f 8861 8862 8892 8891 
f 8862 8863 8893 8892 
f 8863 8864 8894 8893 
f 8864 8865 8895 8894 
f 8865 8866 8896 8895 
f 8866 8867 8897 8896 
f 8867 8868 8898 8897 
f 8868 8869 8899 8898 
f 8869 8870 8900 8899 
f 8870 8871 8901 8900 
f 8871 8872 8902 8901 
f 8872 8873 8903 8902 
f 8873 8874 8904 8903 
f 8877 8878 8908 8907 
f 8878 8879 8909 8908 
f 8879 8880 8910 8909 
f 8880 8881 8911 8910 
f 8881 8882 8912 8911 
f 8882 8883 8913 8912 
f 8883 8884 8914 8913 
f 9996 9997 8914 8884 
f 8885 8886 8916 8915 
f 8886 8887 8917 8916 
f 8887 8888 8918 8917 
s 1
f 8888 8078 8918 
f 8047 8889 8919 
s 2
f 8889 8890 8920 8919 
f 8890 8891 8921 8920 
f 8891 8892 8922 8921 
f 8892 8893 8923 8922 
f 8893 8894 8924 8923 
f 8894 8895 8925 8924 
f 8895 8896 8926 8925 
f 8896 8897 8927 8926 
f 8897 8898 8928 8927 
f 8898 8899 8929 8928 
f 8899 8900 8930 8929 
f 8900 8901 8931 8930 
f 8901 8902 8932 8931 
f 8902 8903 8933 8932 
f 8903 8904 8934 8933 
f 8907 8908 8938 8937 
f 8908 8909 8939 8938 
f 8909 8910 8940 8939 
f 8910 8911 8941 8940 
f 8911 8912 8942 8941 
f 8912 8913 8943 8942 
f 8913 8914 8944 8943 
f 9997 9998 8944 8914 
f 8915 8916 8946 8945 
f 8916 8917 8947 8946 
f 8917 8918 8948 8947 
s 1
f 8918 8078 8948 
f 8047 8919 8949 
s 2
f 8919 8920 8950 8949 
f 8920 8921 8951 8950 
f 8921 8922 8952 8951 
f 8922 8923 8953 8952 
f 8923 8924 8954 8953 
f 8924 8925 8955 8954 
f 8925 8926 8956 8955 
f 8926 8927 8957 8956 
f 8927 8928 8958 8957 
f 8928 8929 8959 8958 
f 8929 8930 8960 8959 
f 8930 8931 8961 8960 
f 8931 8932 8962 8961 
f 8932 8933 8963 8962 
f 8933 8934 8964 8963 
f 8937 8938 8968 8967 
f 8938 8939 8969 8968 
f 8939 8940 8970 8969 
f 8940 8941 8971 8970 
f 8941 8942 8972 8971 
f 8942 8943 8973 8972 
f 8943 8944 8974 8973 
f 9998 9999 8974 8944 
f 8945 8946 8976 8975 
f 8946 8947 8977 8976 
f 8947 8948 8978 8977 
s 1
f 8948 8078 8978 
f 8047 8949 8979 
s 2
f 8949 8950 8980 8979 
f 8950 8951 8981 8980 
f 8951 8952 8982 8981 
f 8952 8953 8983 8982 
f 8953 8954 8984 8983 
f 8954 8955 8985 8984 
f 8955 8956 8986 8985 
f 8956 8957 8987 8986 
f 8957 8958 8988 8987 
f 8958 8959 8989 8988 
f 8959 8960 8990 8989 
f 8960 8961 8991 8990 
f 8961 8962 8992 8991 
f 8962 8963 8993 8992 
f 8963 8964 8994 8993 
f 8967 8968 8998 8997 
f 8968 8969 8999 8998 
f 8969 8970 9000 8999 
f 8970 8971 9001 9000 
f 8971 8972 9002 9001 
f 8972 8973 9003 9002 
f 8973 8974 9004 9003 
f 9999 10000 9004 8974 
f 8975 8976 9006 9005 
f 8976 8977 9007 9006 
f 8977 8978 9008 9007 
s 1
f 8978 8078 9008 
f 8047 8979 9009 
s 2
f 8979 8980 9010 9009 
f 8980 8981 9011 9010 
f 8981 8982 9012 9011 
f 8982 8983 9013 9012 
f 8983 8984 9014 9013 
f 8984 8985 9015 9014 
f 8985 8986 9016 9015 
f 8986 8987 9017 9016 
f 8987 8988 9018 9017 
f 8988 8989 9019 9018 
f 8989 8990 9020 9019 
f 8990 8991 9021 9020 
f 8991 8992 9022 9021 
f 8992 8993 9023 9022 
f 8993 8994 9024 9023 
f 8997 8998 9028 9027 
f 8998 8999 9029 9028 
f 8999 9000 9030 9029 
f 9000 9001 9031 9030 
f 9001 9002 9032 9031 
f 9002 9003 9033 9032 
f 9003 9004 9034 9033 
f 10000 10001 9034 9004 
f 9005 9006 9036 9035 
f 9006 9007 9037 9036 
f 9007 9008 9038 9037 
s 1
f 9008 8078 9038 
f 8047 9009 9039 
s 2
f 9009 9010 9040 9039 
f 9010 9011 9041 9040 
f 9011 9012 9042 9041 
f 9012 9013 9043 9042 
f 9013 9014 9044 9043 
f 9014 9015 9045 9044 
f 9015 9016 9046 9045 
f 9016 9017 9047 9046 
f 9017 9018 9048 9047 
f 9018 9019 9049 9048 
f 9019 9020 9050 9049 
f 9020 9021 9051 9050 
f 9021 9022 9052 9051 
f 9022 9023 9053 9052 
f 9023 9024 9054 9053 
f 9027 9028 9058 9057 
f 9028 9029 9059 9058 
f 9029 9030 9060 9059 
f 9030 9031 9061 9060 
f 9031 9032 9062 9061 
f 9032 9033 9063 9062 
f 9033 9034 9064 9063 
f 10001 10002 9064 9034 
f 9035 9036 9066 9065 
f 9036 9037 9067 9066 
f 9037 9038 9068 9067 
s 1
f 9038 8078 9068 
f 8047 9039 9069 
s 2
f 9039 9040 9070 9069 
f 9040 9041 9071 9070 
f 9041 9042 9072 9071 
f 9042 9043 9073 9072 
f 9043 9044 9074 9073 
f 9044 9045 9075 9074 
f 9045 9046 9076 9075 
f 9046 9047 9077 9076 
f 9047 9048 9078 9077 
f 9048 9049 9079 9078 
f 9049 9050 9080 9079 
f 9050 9051 9081 9080 
f 9051 9052 9082 9081 
f 9052 9053 9083 9082 
f 9053 9054 9084 9083 
f 9057 9058 9088 9087 
f 9058 9059 9089 9088 
f 9059 9060 9090 9089 
f 9060 9061 9091 9090 
f 9061 9062 9092 9091 
f 9062 9063 9093 9092 
f 9063 9064 9094 9093 
f 10002 10003 9094 9064 
f 9065 9066 9096 9095 
f 9066 9067 9097 9096 
f 9067 9068 9098 9097 
s 1
f 9068 8078 9098 
f 8047 9069 9099 
s 2
f 9069 9070 9100 9099 
f 9070 9071 9101 9100 
f 9071 9072 9102 9101 
f 9072 9073 9103 9102 
f 9073 9074 9104 9103 
f 9074 9075 9105 9104 
f 9075 9076 9106 9105 
f 9076 9077 9107 9106 
f 9077 9078 9108 9107 
f 9078 9079 9109 9108 
f 9079 9080 9110 9109 
f 9080 9081 9111 9110 
f 9081 9082 9112 9111 
f 9082 9083 9113 9112 
f 9083 9084 9114 9113 
f 9087 9088 9118 9117 
f 9088 9089 9119 9118 
f 9089 9090 9120 9119 
f 9090 9091 9121 9120 
f 9091 9092 9122 9121 
f 9092 9093 9123 9122 
f 9093 9094 9124 9123 
f 10003 10004 9124 9094 
f 9095 9096 9126 9125 
f 9096 9097 9127 9126 
f 9097 9098 9128 9127 
s 1
f 9098 8078 9128 
f 8047 9099 9129 
s 2
f 9099 9100 9130 9129 
f 9100 9101 9131 9130 
f 9101 9102 9132 9131 
f 9102 9103 9133 9132 
f 9103 9104 9134 9133 
f 9104 9105 9135 9134 
f 9105 9106 9136 9135 
f 9106 9107 9137 9136 
f 9107 9108 9138 9137 
f 9108 9109 9139 9138 
f 9109 9110 9140 9139 
f 9110 9111 9141 9140 
f 9111 9112 9142 9141 
f 9112 9113 9143 9142 
f 9113 9114 9144 9143 
f 9117 9118 9148 9147 
f 9118 9119 9149 9148 
f 9119 9120 9150 9149 
f 9120 9121 9151 9150 
f 9121 9122 9152 9151 
f 9122 9123 9153 9152 
f 9123 9124 9154 9153 
f 10004 10005 9154 9124 
f 9125 9126 9156 9155 
f 9126 9127 9157 9156 
f 9127 9128 9158 9157 
s 1
f 9128 8078 9158 
f 8047 9129 9159 
s 2
f 9129 9130 9160 9159 
f 9130 9131 9161 9160 
f 9131 9132 9162 9161 
f 9132 9133 9163 9162 
f 9133 9134 9164 9163 
f 9134 9135 9165 9164 
f 9135 9136 9166 9165 
f 9136 9137 9167 9166 
f 9137 9138 9168 9167 
f 9138 9139 9169 9168 
f 9139 9140 9170 9169 
f 9140 9141 9171 9170 
f 9141 9142 9172 9171 
f 9142 9143 9173 9172 
f 9143 9144 9174 9173 
f 9147 9148 9178 9177 
f 9148 9149 9179 9178 
f 9149 9150 9180 9179 
f 9150 9151 9181 9180 
f 9151 9152 9182 9181 
f 9152 9153 9183 9182 
f 9153 9154 9184 9183 
f 10005 10006 9184 9154 
f 9155 9156 9186 9185 
f 9156 9157 9187 9186 
f 9157 9158 9188 9187 
s 1
f 9158 8078 9188 
f 8047 9159 9189 
s 2
f 9159 9160 9190 9189 
f 9160 9161 9191 9190 
f 9161 9162 9192 9191 
f 9162 9163 9193 9192 
f 9163 9164 9194 9193 
f 9164 9165 9195 9194 
f 9165 9166 9196 9195 
f 9166 9167 9197 9196 
f 9167 9168 9198 9197 
f 9168 9169 9199 9198 
f 9169 9170 9200 9199 
f 9170 9171 9201 9200 
f 9171 9172 9202 9201 
f 9172 9173 9203 9202 
f 9173 9174 9204 9203 
f 9177 9178 9208 9207 
f 9178 9179 9209 9208 
f 9179 9180 9210 9209 
f 9180 9181 9211 9210 
f 9181 9182 9212 9211 
f 9182 9183 9213 9212 
f 9183 9184 9214 9213 
f 10006 10007 9214 9184 
f 9185 9186 9216 9215 
f 9186 9187 9217 9216 
f 9187 9188 9218 9217 
s 1
f 9188 8078 9218 
f 8047 9189 9219 
s 2
f 9189 9190 9220 9219 
f 9190 9191 9221 9220 
f 9191 9192 9222 9221 
f 9192 9193 9223 9222 
f 9193 9194 9224 9223 
f 9194 9195 9225 9224 
f 9195 9196 9226 9225 
f 9196 9197 9227 9226 
f 9197 9198 9228 9227 
f 9198 9199 9229 9228 
f 9199 9200 9230 9229 
f 9200 9201 9231 9230 
f 9201 9202 9232 9231 
f 9202 9203 9233 9232 
f 9203 9204 9234 9233 
f 9207 9208 9238 9237 
f 9208 9209 9239 9238 
f 9209 9210 9240 9239 
f 9210 9211 9241 9240 
f 9211 9212 9242 9241 
f 9212 9213 9243 9242 
f 9213 9214 9244 9243 
f 10007 10008 9244 9214 
f 9215 9216 9246 9245 
f 9216 9217 9247 9246 
f 9217 9218 9248 9247 
s 1
f 9218 8078 9248 
f 8047 9219 9249 
s 2
f 9219 9220 9250 9249 
f 9220 9221 9251 9250 
f 9221 9222 9252 9251 
f 9222 9223 9253 9252 
f 9223 9224 9254 9253 
f 9224 9225 9255 9254 
f 9225 9226 9256 9255 
f 9226 9227 9257 9256 
f 9227 9228 9258 9257 
f 9228 9229 9259 9258 
f 9229 9230 9260 9259 
f 9230 9231 9261 9260 
f 9231 9232 9262 9261 
f 9232 9233 9263 9262 
f 9233 9234 9264 9263 
f 9237 9238 9268 9267 
f 9238 9239 9269 9268 
f 9239 9240 9270 9269 
f 9240 9241 9271 9270 
f 9241 9242 9272 9271 
f 9242 9243 9273 9272 
f 9243 9244 9274 9273 
f 10008 10009 9274 9244 
f 9245 9246 9276 9275 
f 9246 9247 9277 9276 
f 9247 9248 9278 9277 
s 1
f 9248 8078 9278 
f 8047 9249 9279 
s 2
f 9249 9250 9280 9279 
f 9250 9251 9281 9280 
f 9251 9252 9282 9281 
f 9252 9253 9283 9282 
f 9253 9254 9284 9283 
f 9254 9255 9285 9284 
f 9255 9256 9286 9285 
f 9256 9257 9287 9286 
f 9257 9258 9288 9287 
f 9258 9259 9289 9288 
f 9259 9260 9290 9289 
f 9260 9261 9291 9290 
f 9261 9262 9292 9291 
f 9262 9263 9293 9292 
f 9263 9264 9294 9293 
f 9267 9268 9298 9297 
f 9268 9269 9299 9298 
f 9269 9270 9300 9299 
f 9270 9271 9301 9300 
f 9271 9272 9302 9301 
f 9272 9273 9303 9302 
f 9273 9274 9304 9303 
f 10009 10010 9304 9274 
f 9275 9276 9306 9305 
f 9276 9277 9307 9306 
f 9277 9278 9308 9307 
s 1
f 9278 8078 9308 
f 8047 9279 9309 
s 2
f 9279 9280 9310 9309 
f 9280 9281 9311 9310 
f 9281 9282 9312 9311 
f 9282 9283 9313 9312 
f 9283 9284 9314 9313 
f 9284 9285 9315 9314 
f 9285 9286 9316 9315 
f 9286 9287 9317 9316 
f 9287 9288 9318 9317 
f 9288 9289 9319 9318 
f 9289 9290 9320 9319 
f 9290 9291 9321 9320 
f 9291 9292 9322 9321 
f 9292 9293 9323 9322 
f 9293 9294 9324 9323 
f 9297 9298 9328 9327 
f 9298 9299 9329 9328 
f 9299 9300 9330 9329 
f 9300 9301 9331 9330 
f 9301 9302 9332 9331 
f 9302 9303 9333 9332 
f 9303 9304 9334 9333 
f 10010 10011 9334 9304 
f 9305 9306 9336 9335 
f 9306 9307 9337 9336 
f 9307 9308 9338 9337 
s 1
f 9308 8078 9338 
f 8047 9309 9339 
s 2
f 9309 9310 9340 9339 
f 9310 9311 9341 9340 
f 9311 9312 9342 9341 
f 9312 9313 9343 9342 
f 9313 9314 9344 9343 
f 9314 9315 9345 9344 
f 9315 9316 9346 9345 
f 9316 9317 9347 9346 
f 9317 9318 9348 9347 
f 9318 9319 9349 9348 
f 9319 9320 9350 9349 
f 9320 9321 9351 9350 
f 9321 9322 9352 9351 
f 9322 9323 9353 9352 
f 9323 9324 9354 9353 
f 9327 9328 9358 9357 
f 9328 9329 9359 9358 
f 9329 9330 9360 9359 
f 9330 9331 9361 9360 
f 9331 9332 9362 9361 
f 9332 9333 9363 9362 
f 9333 9334 9364 9363 
f 10011 10012 9364 9334 
f 9335 9336 9366 9365 
f 9336 9337 9367 9366 
f 9337 9338 9368 9367 
s 1
f 9338 8078 9368 
f 8047 9339 9369 
s 2
f 9339 9340 9370 9369 
f 9340 9341 9371 9370 
f 9341 9342 9372 9371 
f 9342 9343 9373 9372 
f 9343 9344 9374 9373 
f 9344 9345 9375 9374 
f 9345 9346 9376 9375 
f 9346 9347 9377 9376 
f 9347 9348 9378 9377 
f 9348 9349 9379 9378 
f 9349 9350 9380 9379 
f 9350 9351 9381 9380 
f 9351 9352 9382 9381 
f 9352 9353 9383 9382 
f 9353 9354 9384 9383 
f 9357 9358 9388 9387 
f 9358 9359 9389 9388 
f 9359 9360 9390 9389 
f 9360 9361 9391 9390 
f 9361 9362 9392 9391 
f 9362 9363 9393 9392 
f 9363 9364 9394 9393 
f 10012 10013 9394 9364 
f 9365 9366 9396 9395 
f 9366 9367 9397 9396 
f 9367 9368 9398 9397 
s 1
f 9368 8078 9398 
f 8047 9369 9399 
s 2
f 9369 9370 9400 9399 
f 9370 9371 9401 9400 
f 9371 9372 9402 9401 
f 9372 9373 9403 9402 
f 9373 9374 9404 9403 
f 9374 9375 9405 9404 
f 9375 9376 9406 9405 
f 9376 9377 9407 9406 
f 9377 9378 9408 9407 
f 9378 9379 9409 9408 
f 9379 9380 9410 9409 
f 9380 9381 9411 9410 
f 9381 9382 9412 9411 
f 9382 9383 9413 9412 
f 9383 9384 9414 9413 
f 9387 9388 9418 9417 
f 9388 9389 9419 9418 
f 9389 9390 9420 9419 
f 9390 9391 9421 9420 
f 9391 9392 9422 9421 
f 9392 9393 9423 9422 
f 9393 9394 9424 9423 
f 10013 10014 9424 9394 
f 9395 9396 9426 9425 
f 9396 9397 9427 9426 
f 9397 9398 9428 9427 
s 1
f 9398 8078 9428 
f 8047 9399 9429 
s 2
f 9399 9400 9430 9429 
f 9400 9401 9431 9430 
f 9401 9402 9432 9431 
f 9402 9403 9433 9432 
f 9403 9404 9434 9433 
f 9404 9405 9435 9434 
f 9405 9406 9436 9435 
f 9406 9407 9437 9436 
f 9407 9408 9438 9437 
f 9408 9409 9439 9438 
f 9409 9410 9440 9439 
f 9410 9411 9441 9440 
f 9411 9412 9442 9441 
f 9412 9413 9443 9442 
f 9413 9414 9444 9443 
f 9417 9418 9448 9447 
f 9418 9419 9449 9448 
f 9419 9420 9450 9449 
f 9420 9421 9451 9450 
f 9421 9422 9452 9451 
f 9422 9423 9453 9452 
f 9423 9424 9454 9453 
f 10014 10015 9454 9424 
f 9425 9426 9456 9455 
f 9426 9427 9457 9456 
f 9427 9428 9458 9457 
s 1
f 9428 8078 9458 
f 8047 9429 9459 
s 2
f 9429 9430 9460 9459 
f 9430 9431 9461 9460 
f 9431 9432 9462 9461 
f 9432 9433 9463 9462 
f 9433 9434 9464 9463 
f 9434 9435 9465 9464 
f 9435 9436 9466 9465 
f 9436 9437 9467 9466 
f 9437 9438 9468 9467 
f 9438 9439 9469 9468 
f 9439 9440 9470 9469 
f 9440 9441 9471 9470 
f 9441 9442 9472 9471 
f 9442 9443 9473 9472 
f 9443 9444 9474 9473 
f 9447 9448 9478 9477 
f 9448 9449 9479 9478 
f 9449 9450 9480 9479 
f 9450 9451 9481 9480 
f 9451 9452 9482 9481 
f 9452 9453 9483 9482 
f 9453 9454 9484 9483 
f 10015 10016 9484 9454 
f 9455 9456 9486 9485 
f 9456 9457 9487 9486 
f 9457 9458 9488 9487 
s 1
f 9458 8078 9488 
f 8047 9459 9489 
s 2
f 9459 9460 9490 9489 
f 9460 9461 9491 9490 
f 9461 9462 9492 9491 
f 9462 9463 9493 9492 
f 9463 9464 9494 9493 
f 9464 9465 9495 9494 
f 9465 9466 9496 9495 
f 9466 9467 9497 9496 
f 9467 9468 9498 9497 
f 9468 9469 9499 9498 
f 9469 9470 9500 9499 
f 9470 9471 9501 9500 
f 9471 9472 9502 9501 
f 9472 9473 9503 9502 
f 9473 9474 9504 9503 
f 9477 9478 9508 9507 
f 9478 9479 9509 9508 
f 9479 9480 9510 9509 
f 9480 9481 9511 9510 
f 9481 9482 9512 9511 
f 9482 9483 9513 9512 
f 9483 9484 9514 9513 
f 10016 10017 9514 9484 
f 9485 9486 9516 9515 
f 9486 9487 9517 9516 
f 9487 9488 9518 9517 
s 1
f 9488 8078 9518 
f 8047 9489 9519 
s 2
f 9489 9490 9520 9519 
f 9490 9491 9521 9520 
f 9491 9492 9522 9521 
f 9492 9493 9523 9522 
f 9493 9494 9524 9523 
f 9494 9495 9525 9524 
f 9495 9496 9526 9525 
f 9496 9497 9527 9526 
f 9497 9498 9528 9527 
f 9498 9499 9529 9528 
f 9499 9500 9530 9529 
f 9500 9501 9531 9530 
f 9501 9502 9532 9531 
f 9502 9503 9533 9532 
f 9503 9504 9534 9533 
f 9507 9508 9538 9537 
f 9508 9509 9539 9538 
f 9509 9510 9540 9539 
f 9510 9511 9541 9540 
f 9511 9512 9542 9541 
f 9512 9513 9543 9542 
f 9513 9514 9544 9543 
f 10017 10018 9544 9514 
f 9515 9516 9546 9545 
f 9516 9517 9547 9546 
f 9517 9518 9548 9547 
s 1
f 9518 8078 9548 
f 8047 9519 9549 
s 2
f 9519 9520 9550 9549 
f 9520 9521 9551 9550 
f 9521 9522 9552 9551 
f 9522 9523 9553 9552 
f 9523 9524 9554 9553 
f 9524 9525 9555 9554 
f 9525 9526 9556 9555 
f 9526 9527 9557 9556 
f 9527 9528 9558 9557 
f 9528 9529 9559 9558 
f 9529 9530 9560 9559 
f 9530 9531 9561 9560 
f 9531 9532 9562 9561 
f 9532 9533 9563 9562 
f 9533 9534 9564 9563 
f 9537 9538 9568 9567 
f 9538 9539 9569 9568 
f 9539 9540 9570 9569 
f 9540 9541 9571 9570 
f 9541 9542 9572 9571 
f 9542 9543 9573 9572 
f 9543 9544 9574 9573 
f 10018 10019 9574 9544 
f 9545 9546 9576 9575 
f 9546 9547 9577 9576 
f 9547 9548 9578 9577 
s 1
f 9548 8078 9578 
f 8047 9549 9579 
s 2
f 9549 9550 9580 9579 
f 9550 9551 9581 9580 
f 9551 9552 9582 9581 
f 9552 9553 9583 9582 
f 9553 9554 9584 9583 
f 9554 9555 9585 9584 
f 9555 9556 9586 9585 
f 9556 9557 9587 9586 
f 9557 9558 9588 9587 
f 9558 9559 9589 9588 
f 9559 9560 9590 9589 
f 9560 9561 9591 9590 
f 9561 9562 9592 9591 
f 9562 9563 9593 9592 
f 9563 9564 9594 9593 
f 9567 9568 9598 9597 
f 9568 9569 9599 9598 
f 9569 9570 9600 9599 
f 9570 9571 9601 9600 
f 9571 9572 9602 9601 
f 9572 9573 9603 9602 
f 9573 9574 9604 9603 
f 10019 10020 9604 9574 
f 9575 9576 9606 9605 
f 9576 9577 9607 9606 
f 9577 9578 9608 9607 
s 1
f 9578 8078 9608 
f 8047 9579 9609 
s 2
f 9579 9580 9610 9609 
f 9580 9581 9611 9610 
f 9581 9582 9612 9611 
f 9582 9583 9613 9612 
f 9583 9584 9614 9613 
f 9584 9585 9615 9614 
f 9585 9586 9616 9615 
f 9586 9587 9617 9616 
f 9587 9588 9618 9617 
f 9588 9589 9619 9618 
f 9589 9590 9620 9619 
f 9590 9591 9621 9620 
f 9591 9592 9622 9621 
f 9592 9593 9623 9622 
f 9593 9594 9624 9623 
f 9597 9598 9628 9627 
f 9598 9599 9629 9628 
f 9599 9600 9630 9629 
f 9600 9601 9631 9630 
f 9601 9602 9632 9631 
f 9602 9603 9633 9632 
f 9603 9604 9634 9633 
f 10020 10021 9634 9604 
f 9605 9606 9636 9635 
f 9606 9607 9637 9636 
f 9607 9608 9638 9637 
s 1
f 9608 8078 9638 
f 8047 9609 9639 
s 2
f 9609 9610 9640 9639 
f 9610 9611 9641 9640 
f 9611 9612 9642 9641 
f 9612 9613 9643 9642 
f 9613 9614 9644 9643 
f 9614 9615 9645 9644 
f 9615 9616 9646 9645 
f 9616 9617 9647 9646 
f 9617 9618 9648 9647 
f 9618 9619 9649 9648 
f 9619 9620 9650 9649 
f 9620 9621 9651 9650 
f 9621 9622 9652 9651 
f 9622 9623 9653 9652 
f 9623 9624 9654 9653 
f 9627 9628 9658 9657 
f 9628 9629 9659 9658 
f 9629 9630 9660 9659 
f 9630 9631 9661 9660 
f 9631 9632 9662 9661 
f 9632 9633 9663 9662 
f 9633 9634 9664 9663 
f 10021 10022 9664 9634 
f 9635 9636 9666 9665 
f 9636 9637 9667 9666 
f 9637 9638 9668 9667 
s 1
f 9638 8078 9668 
f 8047 9639 9669 
s 2
f 9639 9640 9670 9669 
f 9640 9641 9671 9670 
f 9641 9642 9672 9671 
f 9642 9643 9673 9672 
f 9643 9644 9674 9673 
f 9644 9645 9675 9674 
f 9645 9646 9676 9675 
f 9646 9647 9677 9676 
f 9647 9648 9678 9677 
f 9648 9649 9679 9678 
f 9649 9650 9680 9679 
f 9650 9651 9681 9680 
f 9651 9652 9682 9681 
f 9652 9653 9683 9682 
f 9653 9654 9684 9683 
f 9657 9658 9688 9687 
f 9658 9659 9689 9688 
f 9659 9660 9690 9689 
f 9660 9661 9691 9690 
f 9661 9662 9692 9691 
f 9662 9663 9693 9692 
f 9663 9664 9694 9693 
f 10022 10023 9694 9664 
f 9665 9666 9696 9695 
f 9666 9667 9697 9696 
f 9667 9668 9698 9697 
s 1
f 9668 8078 9698 
f 8047 9669 9699 
s 2
f 9669 9670 9700 9699 
f 9670 9671 9701 9700 
f 9671 9672 9702 9701 
f 9672 9673 9703 9702 
f 9673 9674 9704 9703 
f 9674 9675 9705 9704 
f 9675 9676 9706 9705 
f 9676 9677 9707 9706 
f 9677 9678 9708 9707 
f 9678 9679 9709 9708 
f 9679 9680 9710 9709 
f 9680 9681 9711 9710 
f 9681 9682 9712 9711 
f 9682 9683 9713 9712 
f 9683 9684 9714 9713 
f 9687 9688 9718 9717 
f 9688 9689 9719 9718 
f 9689 9690 9720 9719 
f 9690 9691 9721 9720 
f 9691 9692 9722 9721 
f 9692 9693 9723 9722 
f 9693 9694 9724 9723 
f 10023 10024 9724 9694 
f 9695 9696 9726 9725 
f 9696 9697 9727 9726 
f 9697 9698 9728 9727 
s 1
f 9698 8078 9728 
f 8047 9699 9729 
s 2
f 9699 9700 9730 9729 
f 9700 9701 9731 9730 
f 9701 9702 9732 9731 
f 9702 9703 9733 9732 
f 9703 9704 9734 9733 
f 9704 9705 9735 9734 
f 9705 9706 9736 9735 
f 9706 9707 9737 9736 
f 9707 9708 9738 9737 
f 9708 9709 9739 9738 
f 9709 9710 9740 9739 
f 9710 9711 9741 9740 
f 9711 9712 9742 9741 
f 9712 9713 9743 9742 
f 9713 9714 9744 9743 
f 9717 9718 9748 9747 
f 9718 9719 9749 9748 
f 9719 9720 9750 9749 
f 9720 9721 9751 9750 
f 9721 9722 9752 9751 
f 9722 9723 9753 9752 
f 9723 9724 9754 9753 
f 10024 10025 9754 9724 
f 9725 9726 9756 9755 
f 9726 9727 9757 9756 
f 9727 9728 9758 9757 
s 1
f 9728 8078 9758 
f 8047 9729 9759 
s 2
f 9729 9730 9760 9759 
f 9730 9731 9761 9760 
f 9731 9732 9762 9761 
f 9732 9733 9763 9762 
f 9733 9734 9764 9763 
f 9734 9735 9765 9764 
f 9735 9736 9766 9765 
f 9736 9737 9767 9766 
f 9737 9738 9768 9767 
f 9738 9739 9769 9768 
f 9739 9740 9770 9769 
f 9740 9741 9771 9770 
f 9741 9742 9772 9771 
f 9742 9743 9773 9772 
f 9743 9744 9774 9773 
f 9747 9748 9778 9777 
f 9748 9749 9779 9778 
f 9749 9750 9780 9779 
f 9750 9751 9781 9780 
f 9751 9752 9782 9781 
f 9752 9753 9783 9782 
f 9753 9754 9784 9783 
f 10025 10026 9784 9754 
f 9755 9756 9786 9785 
f 9756 9757 9787 9786 
f 9757 9758 9788 9787 
s 1
f 9758 8078 9788 
f 8047 9759 9789 
s 2
f 9759 9760 9790 9789 
f 9760 9761 9791 9790 
f 9761 9762 9792 9791 
f 9762 9763 9793 9792 
f 9763 9764 9794 9793 
f 9764 9765 9795 9794 
f 9765 9766 9796 9795 
f 9766 9767 9797 9796 
f 9767 9768 9798 9797 
f 9768 9769 9799 9798 
f 9769 9770 9800 9799 
f 9770 9771 9801 9800 
f 9771 9772 9802 9801 
f 9772 9773 9803 9802 
f 9773 9774 9804 9803 
f 9777 9778 9808 9807 
f 9778 9779 9809 9808 
f 9779 9780 9810 9809 
f 9780 9781 9811 9810 
f 9781 9782 9812 9811 
f 9782 9783 9813 9812 
f 9783 9784 9814 9813 
f 10026 10027 9814 9784 
f 9785 9786 9816 9815 
f 9786 9787 9817 9816 
f 9787 9788 9818 9817 
s 1
f 9788 8078 9818 
f 8047 9789 9819 
s 2
f 9789 9790 9820 9819 
f 9790 9791 9821 9820 
f 9791 9792 9822 9821 
f 9792 9793 9823 9822 
f 9793 9794 9824 9823 
f 9794 9795 9825 9824 
f 9795 9796 9826 9825 
f 9796 9797 9827 9826 
f 9797 9798 9828 9827 
f 9798 9799 9829 9828 
f 9799 9800 9830 9829 
f 9800 9801 9831 9830 
f 9801 9802 9832 9831 
f 9802 9803 9833 9832 
f 9803 9804 9834 9833 
f 9807 9808 9838 9837 
f 9808 9809 9839 9838 
f 9809 9810 9840 9839 
f 9810 9811 9841 9840 
f 9811 9812 9842 9841 
f 9812 9813 9843 9842 
f 9813 9814 9844 9843 
f 10027 10028 9844 9814 
f 9815 9816 9846 9845 
f 9816 9817 9847 9846 
f 9817 9818 9848 9847 
s 1
f 9818 8078 9848 
f 8047 9819 9849 
s 2
f 9819 9820 9850 9849 
f 9820 9821 9851 9850 
f 9821 9822 9852 9851 
f 9822 9823 9853 9852 
f 9823 9824 9854 9853 
f 9824 9825 9855 9854 
f 9825 9826 9856 9855 
f 9826 9827 9857 9856 
f 9827 9828 9858 9857 
f 9828 9829 9859 9858 
f 9829 9830 9860 9859 
f 9830 9831 9861 9860 
f 9831 9832 9862 9861 
f 9832 9833 9863 9862 
f 9833 9834 9864 9863 
f 9837 9838 9868 9867 
f 9838 9839 9869 9868 
f 9839 9840 9870 9869 
f 9840 9841 9871 9870 
f 9841 9842 9872 9871 
f 9842 9843 9873 9872 
f 9843 9844 9874 9873 
f 10028 10029 9874 9844 
f 9845 9846 9876 9875 
f 9846 9847 9877 9876 
f 9847 9848 9878 9877 
s 1
f 9848 8078 9878 
f 8047 9849 9879 
s 2
f 9849 9850 9880 9879 
f 9850 9851 9881 9880 
f 9851 9852 9882 9881 
f 9852 9853 9883 9882 
f 9853 9854 9884 9883 
f 9854 9855 9885 9884 
f 9855 9856 9886 9885 
f 9856 9857 9887 9886 
f 9857 9858 9888 9887 
f 9858 9859 9889 9888 
f 9859 9860 9890 9889 
f 9860 9861 9891 9890 
f 9861 9862 9892 9891 
f 9862 9863 9893 9892 
f 9863 9864 9894 9893 
f 9867 9868 9898 9897 
f 9868 9869 9899 9898 
f 9869 9870 9900 9899 
f 9870 9871 9901 9900 
f 9871 9872 9902 9901 
f 9872 9873 9903 9902 
f 9873 9874 9904 9903 
f 10029 10030 9904 9874 
f 9875 9876 9906 9905 
f 9876 9877 9907 9906 
f 9877 9878 9908 9907 
s 1
f 9878 8078 9908 
f 8047 9879 9909 
s 2
f 9879 9880 9910 9909 
f 9880 9881 9911 9910 
f 9881 9882 9912 9911 
f 9882 9883 9913 9912 
f 9883 9884 9914 9913 
f 9884 9885 9915 9914 
f 9885 9886 9916 9915 
f 9886 9887 9917 9916 
f 9887 9888 9918 9917 
f 9888 9889 9919 9918 
f 9889 9890 9920 9919 
f 9890 9891 9921 9920 
f 9891 9892 9922 9921 
f 9892 9893 9923 9922 
f 9893 9894 9924 9923 
f 9897 9898 9928 9927 
f 9898 9899 9929 9928 
f 9899 9900 9930 9929 
f 9900 9901 9931 9930 
f 9901 9902 9932 9931 
f 9902 9903 9933 9932 
f 9903 9904 9934 9933 
f 10030 10031 9934 9904 
f 9905 9906 9936 9935 
f 9906 9907 9937 9936 
f 9907 9908 9938 9937 
s 1
f 9908 8078 9938 
f 8047 9909 9939 
s 2
f 9909 9910 9940 9939 
f 9910 9911 9941 9940 
f 9911 9912 9942 9941 
f 9912 9913 9943 9942 
f 9913 9914 9944 9943 
f 9914 9915 9945 9944 
f 9915 9916 9946 9945 
f 9916 9917 9947 9946 
f 9917 9918 9948 9947 
f 9918 9919 9949 9948 
f 9919 9920 9950 9949 
f 9920 9921 9951 9950 
f 9921 9922 9952 9951 
f 9922 9923 9953 9952 
f 9923 9924 9954 9953 
f 9927 9928 9958 9957 
f 9928 9929 9959 9958 
f 9929 9930 9960 9959 
f 9930 9931 9961 9960 
f 9931 9932 9962 9961 
f 9932 9933 9963 9962 
f 9933 9934 9964 9963 
f 10031 10032 9964 9934 
f 9935 9936 9966 9965 
f 9936 9937 9967 9966 
f 9937 9938 9968 9967 
s 1
f 9938 8078 9968 
f 8047 9939 8048 
s 2
f 9939 9940 8049 8048 
f 9940 9941 8050 8049 
f 9941 9942 8051 8050 
f 9942 9943 8052 8051 
f 9943 9944 8053 8052 
f 9944 9945 8054 8053 
f 9945 9946 8055 8054 
f 9946 9947 8056 8055 
f 9947 9948 8057 8056 
f 9948 9949 8058 8057 
f 9949 9950 8059 8058 
f 9950 9951 8060 8059 
f 9951 9952 8061 8060 
f 9952 9953 8062 8061 
f 9953 9954 8063 8062 
f 9957 9958 8067 8066 
f 9958 9959 8068 8067 
f 9959 9960 8069 8068 
f 9960 9961 8070 8069 
f 9961 9962 8071 8070 
f 9962 9963 8072 8071 
f 9963 9964 8073 8072 
f 10032 9969 8073 9964 
f 9965 9966 8075 8074 
f 9966 9967 8076 8075 
f 9967 9968 8077 8076 
s 1
f 9968 8078 8077 
s 2
f 9969 8074 8105 9970 
f 9970 8105 8135 9971 
f 9971 8135 8165 9972 
f 9972 8165 8195 9973 
f 9973 8195 8225 9974 
f 9974 8225 8255 9975 
f 9975 8255 8285 9976 
f 9976 8285 8315 9977 
f 9977 8315 8345 9978 
f 9978 8345 8375 9979 
f 9979 8375 8405 9980 
f 9980 8405 8435 9981 
f 9981 8435 8465 9982 
f 9982 8465 8495 9983 
f 9983 8495 8525 9984 
f 9984 8525 8555 9985 
f 9985 8555 8585 9986 
f 9986 8585 8615 9987 
f 9987 8615 8645 9988 
f 9988 8645 8675 9989 
f 9989 8675 8705 9990 
f 9990 8705 8735 9991 
f 9991 8735 8765 9992 
f 9992 8765 8795 9993 
f 9993 8795 8825 9994 
f 9994 8825 8855 9995 
f 9995 8855 8885 9996 
f 9996 8885 8915 9997 
f 9997 8915 8945 9998 
f 9998 8945 8975 9999 
f 9999 8975 9005 10000 
f 10000 9005 9035 10001 
f 10001 9035 9065 10002 
f 10002 9065 9095 10003 
f 10003 9095 9125 10004 
f 10004 9125 9155 10005 
f 10005 9155 9185 10006 
f 10006 9185 9215 10007 
f 10007 9215 9245 10008 
f 10008 9245 9275 10009 
f 10009 9275 9305 10010 
f 10010 9305 9335 10011 
f 10011 9335 9365 10012 
f 10012 9365 9395 10013 
f 10013 9395 9425 10014 
f 10014 9425 9455 10015 
f 10015 9455 9485 10016 
f 10016 9485 9515 10017 
f 10017 9515 9545 10018 
f 10018 9545 9575 10019 
f 10019 9575 9605 10020 
f 10020 9605 9635 10021 
f 10021 9635 9665 10022 
f 10022 9665 9695 10023 
f 10023 9695 9725 10024 
f 10024 9725 9755 10025 
f 10025 9755 9785 10026 
f 10026 9785 9815 10027 
f 10027 9815 9845 10028 
f 10028 9845 9875 10029 
f 10029 9875 9905 10030 
f 10030 9905 9935 10031 
f 10031 9935 9965 10032 
f 10032 9965 8074 9969 
f 9864 9834 9835 9865 
f 9834 9804 9805 9835 
f 9804 9774 9775 9805 
f 9774 9744 9745 9775 
f 9744 9714 9715 9745 
f 9714 9684 9685 9715 
f 9684 9654 9655 9685 
f 9654 9624 9625 9655 
f 9624 9594 9595 9625 
f 9594 9564 9565 9595 
f 9564 9534 9535 9565 
f 9534 9504 9505 9535 
f 9504 9474 9475 9505 
f 9474 9444 9445 9475 
f 9444 9414 9415 9445 
f 9414 9384 9385 9415 
f 9384 9354 9355 9385 
f 9354 9324 9325 9355 
f 9324 9294 9295 9325 
f 9294 9264 9265 9295 
f 9264 9234 9235 9265 
f 9234 9204 9205 9235 
f 9204 9174 9175 9205 
f 9174 9144 9145 9175 
f 9144 9114 9115 9145 
f 9114 9084 9085 9115 
f 9084 9054 9055 9085 
f 9054 9024 9025 9055 
f 9024 8994 8995 9025 
f 8994 8964 8965 8995 
f 8964 8934 8935 8965 
f 8934 8904 8905 8935 
f 8904 8874 8875 8905 
f 8874 8844 8845 8875 
f 8844 8814 8815 8845 
f 8814 8784 8785 8815 
f 8784 8754 8755 8785 
f 8754 8724 8725 8755 
f 8724 8694 8695 8725 
f 8694 8664 8665 8695 
f 8664 8634 8635 8665 
f 8634 8604 8605 8635 
f 8604 8574 8575 8605 
f 8574 8544 8545 8575 
f 8544 8514 8515 8545 
f 8514 8484 8485 8515 
f 8484 8454 8455 8485 
f 8454 8424 8425 8455 
f 8424 8394 8395 8425 
f 8394 8364 8365 8395 
f 8364 8334 8335 8365 
f 8334 8304 8305 8335 
f 8304 8274 8275 8305 
f 8274 8244 8245 8275 
f 8244 8214 8215 8245 
f 8214 8184 8185 8215 
f 8184 8154 8155 8185 
f 8154 8124 8125 8155 
f 8124 8094 8095 8125 
f 8094 8063 8064 8095 
f 8063 9954 9955 8064 
f 9954 9924 9925 9955 
f 9924 9894 9895 9925 
f 9894 9864 9865 9895 
f 9955 9925 9926 9956 
f 9925 9895 9896 9926 
f 9895 9865 9866 9896 
f 9865 9835 9836 9866 
f 9835 9805 9806 9836 
f 9805 9775 9776 9806 
f 9775 9745 9746 9776 
f 9745 9715 9716 9746 
f 9715 9685 9686 9716 
f 9685 9655 9656 9686 
f 9655 9625 9626 9656 
f 9625 9595 9596 9626 
f 9595 9565 9566 9596 
f 9565 9535 9536 9566 
f 9535 9505 9506 9536 
f 9505 9475 9476 9506 
f 9475 9445 9446 9476 
f 9445 9415 9416 9446 
f 9415 9385 9386 9416 
f 9385 9355 9356 9386 
f 9355 9325 9326 9356 
f 9325 9295 9296 9326 
f 9295 9265 9266 9296 
f 9265 9235 9236 9266 
f 9235 9205 9206 9236 
f 9205 9175 9176 9206 
f 9175 9145 9146 9176 
f 9145 9115 9116 9146 
f 9115 9085 9086 9116 
f 9085 9055 9056 9086 
f 9055 9025 9026 9056 
f 9025 8995 8996 9026 
f 8995 8965 8966 8996 
f 8965 8935 8936 8966 
f 8935 8905 8906 8936 
f 8905 8875 8876 8906 
f 8875 8845 8846 8876 
f 8845 8815 8816 8846 
f 8815 8785 8786 8816 
f 8785 8755 8756 8786 
f 8755 8725 8726 8756 
f 8725 8695 8696 8726 
f 8695 8665 8666 8696 
f 8665 8635 8636 8666 
f 8635 8605 8606 8636 
f 8605 8575 8576 8606 
f 8575 8545 8546 8576 
f 8545 8515 8516 8546 
f 8515 8485 8486 8516 
f 8485 8455 8456 8486 
f 8455 8425 8426 8456 
f 8425 8395 8396 8426 
f 8395 8365 8366 8396 
f 8365 8335 8336 8366 
f 8335 8305 8306 8336 
f 8305 8275 8276 8306 
f 8275 8245 8246 8276 
f 8245 8215 8216 8246 
f 8215 8185 8186 8216 
f 8185 8155 8156 8186 
f 8155 8125 8126 8156 
f 8125 8095 8096 8126 
f 8095 8064 8065 8096 
f 8064 9955 9956 8065 
f 9416 9386 9387 9417 
f 9386 9356 9357 9387 
f 9356 9326 9327 9357 
f 9326 9296 9297 9327 
f 9296 9266 9267 9297 
f 9266 9236 9237 9267 
f 9236 9206 9207 9237 
f 9206 9176 9177 9207 
f 9176 9146 9147 9177 
f 9146 9116 9117 9147 
f 9116 9086 9087 9117 
f 9086 9056 9057 9087 
f 9056 9026 9027 9057 
f 9026 8996 8997 9027 
f 8996 8966 8967 8997 
f 8966 8936 8937 8967 
f 8936 8906 8907 8937 
f 8906 8876 8877 8907 
f 8876 8846 8847 8877 
f 8846 8816 8817 8847 
f 8816 8786 8787 8817 
f 8786 8756 8757 8787 
f 8756 8726 8727 8757 
f 8726 8696 8697 8727 
f 8696 8666 8667 8697 
f 8666 8636 8637 8667 
f 8636 8606 8607 8637 
f 8606 8576 8577 8607 
f 8576 8546 8547 8577 
f 8546 8516 8517 8547 
f 8516 8486 8487 8517 
f 8486 8456 8457 8487 
f 8456 8426 8427 8457 
f 8426 8396 8397 8427 
f 8396 8366 8367 8397 
f 8366 8336 8337 8367 
f 8336 8306 8307 8337 
f 8306 8276 8277 8307 
f 8276 8246 8247 8277 
f 8246 8216 8217 8247 
f 8216 8186 8187 8217 
f 8186 8156 8157 8187 
f 8156 8126 8127 8157 
f 8126 8096 8097 8127 
f 8096 8065 8066 8097 
f 8065 9956 9957 8066 
f 9956 9926 9927 9957 
f 9926 9896 9897 9927 
f 9896 9866 9867 9897 
f 9866 9836 9837 9867 
f 9836 9806 9807 9837 
f 9806 9776 9777 9807 
f 9776 9746 9747 9777 
f 9746 9716 9717 9747 
f 9716 9686 9687 9717 
f 9686 9656 9657 9687 
f 9656 9626 9627 9657 
f 9626 9596 9597 9627 
f 9596 9566 9567 9597 
f 9566 9536 9537 9567 
f 9536 9506 9507 9537 
f 9506 9476 9477 9507 
f 9476 9446 9447 9477 
f 9446 9416 9417 9447 
s 1
f 10037 10038 10039 10040 
f 10038 10613 10041 10039 
f 10613 10615 10042 10041 
f 10615 10617 10043 10042 
f 10617 10619 10044 10043 
f 10619 10045 10046 10044 
f 10045 11382 11351 10046 
f 10622 10624 10048 10047 
f 10040 10039 10049 10050 
f 10039 10041 10051 10049 
f 10041 10042 10052 10051 
f 10042 10043 10053 10052 
f 10043 10044 10054 10053 
f 10044 10046 10055 10054 
f 10046 11351 11352 10055 
f 10047 10048 10057 10056 
f 10048 10058 10059 10057 
f 10060 10062 10063 10061 
f 10062 11415 11416 10063 
f 10050 10049 10064 10065 
f 10049 10051 10066 10064 
f 10051 10052 10067 10066 
f 10052 10053 10068 10067 
f 10053 10054 10069 10068 
f 10054 10055 10070 10069 
f 10055 11352 11353 10070 
f 10056 10057 10072 10071 
f 10057 10059 10073 10072 
f 10061 10063 10075 10074 
f 10063 11416 11417 10075 
f 10065 10064 10076 10077 
f 10064 10066 10078 10076 
f 10066 10067 10079 10078 
f 10067 10068 10080 10079 
f 10068 10069 10081 10080 
f 10069 10070 10082 10081 
f 10070 11353 11354 10082 
f 10071 10072 10084 10083 
f 10072 10073 10085 10084 
f 10074 10075 10087 10086 
f 10075 11417 11418 10087 
f 10077 10076 10088 10089 
f 10076 10078 10090 10088 
f 10078 10079 10091 10090 
f 10079 10080 10092 10091 
f 10080 10081 10093 10092 
f 10081 10082 10094 10093 
f 10082 11354 11355 10094 
f 10083 10084 10096 10095 
f 10084 10085 10097 10096 
f 10086 10087 10099 10098 
f 10087 11418 11419 10099 
f 10089 10088 10100 10101 
f 10088 10090 10102 10100 
f 10090 10091 10103 10102 
f 10091 10092 10104 10103 
f 10092 10093 10105 10104 
f 10093 10094 10106 10105 
f 10094 11355 11356 10106 
f 10095 10096 10108 10107 
f 10096 10097 10109 10108 
f 10098 10099 10111 10110 
f 10099 11419 11420 10111 
f 10101 10100 10112 10113 
f 10100 10102 10114 10112 
f 10102 10103 10115 10114 
f 10103 10104 10116 10115 
f 10104 10105 10117 10116 
f 10105 10106 10118 10117 
f 10106 11356 11357 10118 
f 10107 10108 10120 10119 
f 10108 10109 10121 10120 
f 10110 10111 10123 10122 
f 10111 11420 11421 10123 
f 10113 10112 10124 10125 
f 10112 10114 10126 10124 
f 10114 10115 10127 10126 
f 10115 10116 10128 10127 
f 10116 10117 10129 10128 
f 10117 10118 10130 10129 
f 10118 11357 11358 10130 
f 10119 10120 10132 10131 
f 10120 10121 10133 10132 
f 10122 10123 10135 10134 
f 10123 11421 11422 10135 
f 10125 10124 10136 10137 
f 10124 10126 10138 10136 
f 10126 10127 10139 10138 
f 10127 10128 10140 10139 
f 10128 10129 10141 10140 
f 10129 10130 10142 10141 
f 10130 11358 11359 10142 
f 10131 10132 10144 10143 
f 10132 10133 10145 10144 
f 10134 10135 10147 10146 
f 10135 11422 11423 10147 
f 10137 10136 10148 10149 
f 10136 10138 10150 10148 
f 10138 10139 10151 10150 
f 10139 10140 10152 10151 
f 10140 10141 10153 10152 
f 10141 10142 10154 10153 
f 10142 11359 11360 10154 
f 10143 10144 10156 10155 
f 10144 10145 10157 10156 
f 10146 10147 10159 10158 
f 10147 11423 11424 10159 
f 10149 10148 10160 10161 
f 10148 10150 10162 10160 
f 10150 10151 10163 10162 
f 10151 10152 10164 10163 
f 10152 10153 10165 10164 
f 10153 10154 10166 10165 
f 10154 11360 11361 10166 
f 10155 10156 10168 10167 
f 10156 10157 10169 10168 
f 10158 10159 10171 10170 
f 10159 11424 11425 10171 
f 10161 10160 10172 10173 
f 10160 10162 10174 10172 
f 10162 10163 10175 10174 
f 10163 10164 10176 10175 
f 10164 10165 10177 10176 
f 10165 10166 10178 10177 
f 10166 11361 11362 10178 
f 10167 10168 10180 10179 
f 10168 10169 10181 10180 
f 10170 10171 10183 10182 
f 10171 11425 11426 10183 
f 10173 10172 10184 10185 
f 10172 10174 10186 10184 
f 10174 10175 10187 10186 
f 10175 10176 10188 10187 
f 10176 10177 10189 10188 
f 10177 10178 10190 10189 
f 10178 11362 11363 10190 
f 10179 10180 10192 10191 
f 10180 10181 10193 10192 
f 10182 10183 10195 10194 
f 10183 11426 11427 10195 
f 10185 10184 10196 10197 
f 10184 10186 10198 10196 
f 10186 10187 10199 10198 
f 10187 10188 10200 10199 
f 10188 10189 10201 10200 
f 10189 10190 10202 10201 
f 10190 11363 11364 10202 
f 10191 10192 10204 10203 
f 10192 10193 10205 10204 
f 10194 10195 10207 10206 
f 10195 11427 11428 10207 
f 10197 10196 10208 10209 
f 10196 10198 10210 10208 
f 10198 10199 10211 10210 
f 10199 10200 10212 10211 
f 10200 10201 10213 10212 
f 10201 10202 10214 10213 
f 10202 11364 11365 10214 
f 10203 10204 10216 10215 
f 10204 10205 10217 10216 
f 10206 10207 10219 10218 
f 10207 11428 11429 10219 
f 10209 10208 10220 10221 
f 10208 10210 10222 10220 
f 10210 10211 10223 10222 
f 10211 10212 10224 10223 
f 10212 10213 10225 10224 
f 10213 10214 10226 10225 
f 10214 11365 11366 10226 
f 10215 10216 10228 10227 
f 10216 10217 10229 10228 
f 10218 10219 10231 10230 
f 10219 11429 11430 10231 
f 10221 10220 10232 10233 
f 10220 10222 10234 10232 
f 10222 10223 10235 10234 
f 10223 10224 10236 10235 
f 10224 10225 10237 10236 
f 10225 10226 10238 10237 
f 10226 11366 11367 10238 
f 10227 10228 10240 10239 
f 10228 10229 10241 10240 
f 10230 10231 10243 10242 
f 10231 11430 11431 10243 
f 10233 10232 10244 10245 
f 10232 10234 10246 10244 
f 10234 10235 10247 10246 
f 10235 10236 10248 10247 
f 10236 10237 10249 10248 
f 10237 10238 10250 10249 
f 10238 11367 11368 10250 
f 10239 10240 10252 10251 
f 10240 10241 10253 10252 
f 10242 10243 10255 10254 
f 10243 11431 11432 10255 
f 10245 10244 10256 10257 
f 10244 10246 10258 10256 
f 10246 10247 10259 10258 
f 10247 10248 10260 10259 
f 10248 10249 10261 10260 
f 10249 10250 10262 10261 
f 10250 11368 11369 10262 
f 10251 10252 10264 10263 
f 10252 10253 10265 10264 
f 10254 10255 10267 10266 
f 10255 11432 11433 10267 
f 10257 10256 10268 10269 
f 10256 10258 10270 10268 
f 10258 10259 10271 10270 
f 10259 10260 10272 10271 
f 10260 10261 10273 10272 
f 10261 10262 10274 10273 
f 10262 11369 11370 10274 
f 10263 10264 10276 10275 
f 10264 10265 10277 10276 
f 10266 10267 10279 10278 
f 10267 11433 11434 10279 
f 10269 10268 10280 10281 
f 10268 10270 10282 10280 
f 10270 10271 10283 10282 
f 10271 10272 10284 10283 
f 10272 10273 10285 10284 
f 10273 10274 10286 10285 
f 10274 11370 11371 10286 
f 10275 10276 10288 10287 
f 10276 10277 10289 10288 
f 10278 10279 10291 10290 
f 10279 11434 11435 10291 
f 10281 10280 10292 10293 
f 10280 10282 10294 10292 
f 10282 10283 10295 10294 
f 10283 10284 10296 10295 
f 10284 10285 10297 10296 
f 10285 10286 10298 10297 
f 10286 11371 11372 10298 
f 10287 10288 10300 10299 
f 10288 10289 10301 10300 
f 10290 10291 10303 10302 
f 10291 11435 11436 10303 
f 10293 10292 10304 10305 
f 10292 10294 10306 10304 
f 10294 10295 10307 10306 
f 10295 10296 10308 10307 
f 10296 10297 10309 10308 
f 10297 10298 10310 10309 
f 10298 11372 11373 10310 
f 10299 10300 10312 10311 
f 10300 10301 10313 10312 
f 10302 10303 10315 10314 
f 10303 11436 11437 10315 
f 10305 10304 10316 10317 
f 10304 10306 10318 10316 
f 10306 10307 10319 10318 
f 10307 10308 10320 10319 
f 10308 10309 10321 10320 
f 10309 10310 10322 10321 
f 10310 11373 11374 10322 
f 10311 10312 10324 10323 
f 10312 10313 10325 10324 
f 10314 10315 10327 10326 
f 10315 11437 11438 10327 
f 10317 10316 10328 10329 
f 10316 10318 10330 10328 
f 10318 10319 10331 10330 
f 10319 10320 10332 10331 
f 10320 10321 10333 10332 
f 10321 10322 10334 10333 
f 10322 11374 11375 10334 
f 10323 10324 10336 10335 
f 10324 10325 10337 10336 
f 10326 10327 10339 10338 
f 10327 11438 11439 10339 
f 10329 10328 10340 10341 
f 10328 10330 10342 10340 
f 10330 10331 10343 10342 
f 10331 10332 10344 10343 
f 10332 10333 10345 10344 
f 10333 10334 10346 10345 
f 10334 11375 11376 10346 
f 10335 10336 10348 10347 
f 10336 10337 10349 10348 
f 10338 10339 10351 10350 
f 10339 11439 11440 10351 
f 10341 10340 10352 10353 
f 10340 10342 10354 10352 
f 10342 10343 10355 10354 
f 10343 10344 10356 10355 
f 10344 10345 10357 10356 
f 10345 10346 10358 10357 
f 10346 11376 11377 10358 
f 10347 10348 10360 10359 
f 10348 10349 10361 10360 
f 10350 10351 10363 10362 
f 10351 11440 11441 10363 
f 10353 10352 10364 10365 
f 10352 10354 10366 10364 
f 10354 10355 10367 10366 
f 10355 10356 10368 10367 
f 10356 10357 10369 10368 
f 10357 10358 10370 10369 
f 10358 11377 11378 10370 
f 10359 10360 10372 10371 
f 10360 10361 10373 10372 
f 10362 10363 10375 10374 
f 10363 11441 11442 10375 
f 10365 10364 10376 10377 
f 10364 10366 10378 10376 
f 10366 10367 10379 10378 
f 10367 10368 10380 10379 
f 10368 10369 10381 10380 
f 10369 10370 10382 10381 
f 10370 11378 11379 10382 
f 10371 10372 10384 10383 
f 10372 10373 10385 10384 
f 10374 10375 10387 10386 
f 10375 11442 11443 10387 
f 10377 10376 10388 10389 
f 10376 10378 10390 10388 
f 10378 10379 10391 10390 
f 10379 10380 10392 10391 
f 10380 10381 10393 10392 
f 10381 10382 10394 10393 
f 10382 11379 11380 10394 
f 10383 10384 10396 10395 
f 10384 10385 10397 10396 
f 10386 10387 10399 10398 
f 10387 11443 11444 10399 
f 10389 10388 10400 10401 
f 10388 10390 10402 10400 
f 10390 10391 10403 10402 
f 10391 10392 10404 10403 
f 10392 10393 10405 10404 
f 10393 10394 10406 10405 
f 10394 11380 11381 10406 
f 10395 10396 10408 10407 
f 10396 10397 10409 10408 
f 10398 10399 10411 10410 
f 10399 11444 11445 10411 
f 10401 10400 10034 10033 
f 10400 10402 10412 10034 
f 10402 10403 10413 10412 
f 10403 10404 10988 10413 
f 10404 10405 10035 10988 
f 10405 10406 10989 10035 
f 10406 11381 11350 10989 
f 10407 10408 10414 10036 
f 10408 10409 10415 10414 
f 10410 10411 10990 10416 
f 10411 11445 11481 10990 
f 10417 10418 11416 11415 
f 10418 10419 11417 11416 
f 10419 10420 11418 11417 
f 10420 10421 11419 11418 
f 10421 10422 11420 11419 
f 10422 10423 11421 11420 
f 10423 10424 11422 11421 
f 10424 10425 11423 11422 
f 10425 10426 11424 11423 
f 10426 10427 11425 11424 
f 10427 10428 11426 11425 
f 10428 10429 11427 11426 
f 10429 10430 11428 11427 
f 10430 10431 11429 11428 
f 10431 10432 11430 11429 
f 10432 10433 11431 11430 
f 10433 10434 11432 11431 
f 10434 10435 11433 11432 
f 10435 10436 11434 11433 
f 10436 10437 11435 11434 
f 10437 10438 11436 11435 
f 10438 10439 11437 11436 
f 10439 10440 11438 11437 
f 10440 10441 11439 11438 
f 10441 10442 11440 11439 
f 10442 10443 11441 11440 
f 10443 10444 11442 11441 
f 10444 10445 11443 11442 
f 10445 10446 11444 11443 
f 10446 10447 11445 11444 
f 10447 10448 11481 11445 
f 10058 10449 10450 10059 
f 10059 10450 10451 10073 
f 10073 10451 10452 10085 
f 10085 10452 10453 10097 
f 10097 10453 10454 10109 
f 10109 10454 10455 10121 
f 10121 10455 10456 10133 
f 10133 10456 10457 10145 
f 10145 10457 10458 10157 
f 10157 10458 10459 10169 
f 10169 10459 10460 10181 
f 10181 10460 10461 10193 
f 10193 10461 10462 10205 
f 10205 10462 10463 10217 
f 10217 10463 10464 10229 
f 10229 10464 10465 10241 
f 10241 10465 10466 10253 
f 10253 10466 10467 10265 
f 10265 10467 10468 10277 
f 10277 10468 10469 10289 
f 10289 10469 10470 10301 
f 10301 10470 10471 10313 
f 10313 10471 10472 10325 
f 10325 10472 10473 10337 
f 10337 10473 10474 10349 
f 10349 10474 10475 10361 
f 10361 10475 10476 10373 
f 10373 10476 10477 10385 
f 10385 10477 10478 10397 
f 10397 10478 10479 10409 
f 10409 10479 10480 10415 
f 10449 10060 10061 10450 
f 10450 10061 10074 10451 
f 10451 10074 10086 10452 
f 10452 10086 10098 10453 
f 10453 10098 10110 10454 
f 10454 10110 10122 10455 
f 10455 10122 10134 10456 
f 10456 10134 10146 10457 
f 10457 10146 10158 10458 
f 10458 10158 10170 10459 
f 10459 10170 10182 10460 
f 10460 10182 10194 10461 
f 10461 10194 10206 10462 
f 10462 10206 10218 10463 
f 10463 10218 10230 10464 
f 10464 10230 10242 10465 
f 10465 10242 10254 10466 
f 10466 10254 10266 10467 
f 10467 10266 10278 10468 
f 10468 10278 10290 10469 
f 10469 10290 10302 10470 
f 10470 10302 10314 10471 
f 10471 10314 10326 10472 
f 10472 10326 10338 10473 
f 10473 10338 10350 10474 
f 10474 10350 10362 10475 
f 10475 10362 10374 10476 
f 10476 10374 10386 10477 
f 10477 10386 10398 10478 
f 10478 10398 10410 10479 
f 10479 10410 10416 10480 
f 10481 10482 10483 10484 
f 10485 10486 10487 11057 
f 10484 10488 10489 10481 
f 11447 11449 10609 10598 
f 10491 10487 10486 10492 
f 10483 10482 10491 10492 
f 10493 10494 10495 10496 
f 10493 10497 10498 10494 
f 10499 10496 10495 10500 
f 10501 10499 10500 10502 
f 10503 10501 10502 10504 
f 10505 10506 10497 10512 
f 10507 10508 10493 10496 
f 10507 10509 10510 10508 
f 10508 10510 10511 10512 
f 10509 10513 10514 10510 
f 10510 10514 10515 10511 
f 10513 10516 10517 10514 
f 10514 10517 10518 10515 
f 10517 10516 10519 10520 
f 10521 10518 10526 10522 
f 10519 10523 10524 10520 
f 10520 10524 10525 10526 
f 10523 10527 10528 10524 
f 10524 10528 10529 10525 
f 10530 10531 10532 10533 
f 10533 10532 10534 10535 
f 10531 11106 11105 10532 
f 10532 11105 11107 10534 
f 10528 10527 10530 10533 
f 10536 10529 10535 10537 
f 10538 10539 10540 10541 
f 10538 10542 10543 10544 
f 10495 10494 10484 10483 
f 10500 10495 10483 10492 
f 10502 10500 10492 10486 
f 10504 10502 10486 10485 
f 10545 10546 10547 10541 
f 10548 10549 10546 10545 
f 10550 10551 10549 10548 
f 10552 10553 10551 10550 
f 10554 10555 10553 10552 
f 10556 10557 10555 10554 
f 10558 10559 10557 10556 
f 10560 10561 10559 10558 
f 10540 10539 10506 10505 
f 10563 10540 10505 10564 
f 10565 10563 10564 10566 
f 10567 10565 10566 10521 
f 10568 10567 10521 10522 
f 10569 10568 10522 10570 
f 10571 10569 10570 10536 
f 10572 10571 10536 10537 
f 10573 10572 10537 10574 
f 10575 10573 10574 10576 
f 10560 10573 10575 11141 
f 10577 10501 10503 10578 
f 10579 10577 10578 11144 
f 10580 10579 11144 10581 
f 10582 10580 10581 11147 
f 10583 10582 11147 11149 
f 10584 10583 11149 11151 
f 10577 10585 10499 10501 
f 10579 10586 10585 10577 
f 10580 10587 10586 10579 
f 10582 10588 10587 10580 
f 10583 10589 10588 10582 
f 10584 10590 10589 10583 
f 10584 10591 10592 10590 
f 10591 10593 10594 10592 
f 10593 10595 10596 10594 
f 10595 11165 11164 10596 
f 11166 10591 10584 11151 
f 11166 11167 10593 10591 
f 11167 11165 10595 10593 
f 10499 10585 10507 10496 
f 10585 10586 10509 10507 
f 10586 10587 10513 10509 
f 10587 10588 10516 10513 
f 10588 10589 10519 10516 
f 10589 10590 10523 10519 
f 10590 10592 10527 10523 
f 10592 10594 10530 10527 
f 10594 10596 10531 10530 
f 10596 11164 11106 10531 
f 11057 10487 10624 
f 10487 10491 10048 10624 
f 10491 10058 10048 
f 10491 10482 10058 
f 10482 10481 10449 10058 
f 10481 10489 10060 10449 
f 10490 11447 11415 10062 
f 10598 10417 11415 11447 
f 10599 10608 11448 11446 
f 10608 10609 11449 11448 
f 10542 10547 11174 11173 
f 10543 10542 11173 11175 
f 10547 10546 10600 11174 
f 10546 10549 10601 10600 
f 10549 10551 10602 10601 
f 10551 10553 11176 10602 
f 10553 10555 11177 11176 
f 10555 10557 10603 11177 
f 10557 10559 10604 10603 
f 10604 10561 10605 
f 10561 10604 10559 
f 10556 10554 10569 10571 
f 10558 10556 10571 10572 
f 10560 10558 10572 10573 
f 10560 11141 10605 10561 
f 10554 10552 10568 10569 
f 10552 10550 10567 10568 
f 10550 10548 10565 10567 
f 10548 10545 10563 10565 
f 10545 10541 10540 10563 
f 10538 10541 10547 10542 
f 10544 10543 11448 
f 10538 10544 10562 10539 
f 10607 10597 10562 10606 
f 10597 10506 10539 10562 
f 10490 10607 10606 
f 10484 10494 10498 10488 
f 10488 10607 10490 10489 
f 10497 10506 10597 10498 
f 10511 10564 10505 10512 
f 10515 10566 10564 10511 
f 10518 10521 10566 10515 
f 10525 10570 10522 10526 
f 10529 10536 10570 10525 
f 10534 10574 10537 10535 
f 11107 10576 10574 10534 
f 10489 10490 10062 10060 
f 10497 10493 10508 10512 
f 10518 10517 10520 10526 
f 10529 10528 10533 10535 
f 10498 10597 10607 10488 
f 10544 11448 11449 10562 
f 10562 11449 10606 
f 10037 10610 10611 10038 
f 10038 10611 10612 10613 
f 10613 10612 10614 10615 
f 10615 10614 10616 10617 
f 10617 10616 10618 10619 
f 10619 10618 10620 10045 
f 10045 10620 11383 11382 
f 10622 10621 10623 10624 
f 10610 10625 10626 10611 
f 10611 10626 10627 10612 
f 10612 10627 10628 10614 
f 10614 10628 10629 10616 
f 10616 10629 10630 10618 
f 10618 10630 10631 10620 
f 10620 10631 11384 11383 
f 10621 10632 10633 10623 
f 10623 10633 10634 10635 
f 10636 10637 10638 10639 
f 10639 10638 11450 11451 
f 10625 10640 10641 10626 
f 10626 10641 10642 10627 
f 10627 10642 10643 10628 
f 10628 10643 10644 10629 
f 10629 10644 10645 10630 
f 10630 10645 10646 10631 
f 10631 10646 11385 11384 
f 10632 10647 10648 10633 
f 10633 10648 10649 10634 
f 10637 10650 10651 10638 
f 10638 10651 11452 11450 
f 10640 10652 10653 10641 
f 10641 10653 10654 10642 
f 10642 10654 10655 10643 
f 10643 10655 10656 10644 
f 10644 10656 10657 10645 
f 10645 10657 10658 10646 
f 10646 10658 11386 11385 
f 10647 10659 10660 10648 
f 10648 10660 10661 10649 
f 10650 10662 10663 10651 
f 10651 10663 11453 11452 
f 10652 10664 10665 10653 
f 10653 10665 10666 10654 
f 10654 10666 10667 10655 
f 10655 10667 10668 10656 
f 10656 10668 10669 10657 
f 10657 10669 10670 10658 
f 10658 10670 11387 11386 
f 10659 10671 10672 10660 
f 10660 10672 10673 10661 
f 10662 10674 10675 10663 
f 10663 10675 11454 11453 
f 10664 10676 10677 10665 
f 10665 10677 10678 10666 
f 10666 10678 10679 10667 
f 10667 10679 10680 10668 
f 10668 10680 10681 10669 
f 10669 10681 10682 10670 
f 10670 10682 11388 11387 
f 10671 10683 10684 10672 
f 10672 10684 10685 10673 
f 10674 10686 10687 10675 
f 10675 10687 11455 11454 
f 10676 10688 10689 10677 
f 10677 10689 10690 10678 
f 10678 10690 10691 10679 
f 10679 10691 10692 10680 
f 10680 10692 10693 10681 
f 10681 10693 10694 10682 
f 10682 10694 11389 11388 
f 10683 10695 10696 10684 
f 10684 10696 10697 10685 
f 10686 10698 10699 10687 
f 10687 10699 11456 11455 
f 10688 10700 10701 10689 
f 10689 10701 10702 10690 
f 10690 10702 10703 10691 
f 10691 10703 10704 10692 
f 10692 10704 10705 10693 
f 10693 10705 10706 10694 
f 10694 10706 11390 11389 
f 10695 10707 10708 10696 
f 10696 10708 10709 10697 
f 10698 10710 10711 10699 
f 10699 10711 11457 11456 
f 10700 10712 10713 10701 
f 10701 10713 10714 10702 
f 10702 10714 10715 10703 
f 10703 10715 10716 10704 
f 10704 10716 10717 10705 
f 10705 10717 10718 10706 
f 10706 10718 11391 11390 
f 10707 10719 10720 10708 
f 10708 10720 10721 10709 
f 10710 10722 10723 10711 
f 10711 10723 11458 11457 
f 10712 10724 10725 10713 
f 10713 10725 10726 10714 
f 10714 10726 10727 10715 
f 10715 10727 10728 10716 
f 10716 10728 10729 10717 
f 10717 10729 10730 10718 
f 10718 10730 11392 11391 
f 10719 10731 10732 10720 
f 10720 10732 10733 10721 
f 10722 10734 10735 10723 
f 10723 10735 11459 11458 
f 10724 10736 10737 10725 
f 10725 10737 10738 10726 
f 10726 10738 10739 10727 
f 10727 10739 10740 10728 
f 10728 10740 10741 10729 
f 10729 10741 10742 10730 
f 10730 10742 11393 11392 
f 10731 10743 10744 10732 
f 10732 10744 10745 10733 
f 10734 10746 10747 10735 
f 10735 10747 11460 11459 
f 10736 10748 10749 10737 
f 10737 10749 10750 10738 
f 10738 10750 10751 10739 
f 10739 10751 10752 10740 
f 10740 10752 10753 10741 
f 10741 10753 10754 10742 
f 10742 10754 11394 11393 
f 10743 10755 10756 10744 
f 10744 10756 10757 10745 
f 10746 10758 10759 10747 
f 10747 10759 11461 11460 
f 10748 10760 10761 10749 
f 10749 10761 10762 10750 
f 10750 10762 10763 10751 
f 10751 10763 10764 10752 
f 10752 10764 10765 10753 
f 10753 10765 10766 10754 
f 10754 10766 11395 11394 
f 10755 10767 10768 10756 
f 10756 10768 10769 10757 
f 10758 10770 10771 10759 
f 10759 10771 11462 11461 
f 10760 10772 10773 10761 
f 10761 10773 10774 10762 
f 10762 10774 10775 10763 
f 10763 10775 10776 10764 
f 10764 10776 10777 10765 
f 10765 10777 10778 10766 
f 10766 10778 11396 11395 
f 10767 10779 10780 10768 
f 10768 10780 10781 10769 
f 10770 10782 10783 10771 
f 10771 10783 11463 11462 
f 10772 10784 10785 10773 
f 10773 10785 10786 10774 
f 10774 10786 10787 10775 
f 10775 10787 10788 10776 
f 10776 10788 10789 10777 
f 10777 10789 10790 10778 
f 10778 10790 11397 11396 
f 10779 10791 10792 10780 
f 10780 10792 10793 10781 
f 10782 10794 10795 10783 
f 10783 10795 11464 11463 
f 10784 10796 10797 10785 
f 10785 10797 10798 10786 
f 10786 10798 10799 10787 
f 10787 10799 10800 10788 
f 10788 10800 10801 10789 
f 10789 10801 10802 10790 
f 10790 10802 11398 11397 
f 10791 10803 10804 10792 
f 10792 10804 10805 10793 
f 10794 10806 10807 10795 
f 10795 10807 11465 11464 
f 10796 10808 10809 10797 
f 10797 10809 10810 10798 
f 10798 10810 10811 10799 
f 10799 10811 10812 10800 
f 10800 10812 10813 10801 
f 10801 10813 10814 10802 
f 10802 10814 11399 11398 
f 10803 10815 10816 10804 
f 10804 10816 10817 10805 
f 10806 10818 10819 10807 
f 10807 10819 11466 11465 
f 10808 10820 10821 10809 
f 10809 10821 10822 10810 
f 10810 10822 10823 10811 
f 10811 10823 10824 10812 
f 10812 10824 10825 10813 
f 10813 10825 10826 10814 
f 10814 10826 11400 11399 
f 10815 10827 10828 10816 
f 10816 10828 10829 10817 
f 10818 10830 10831 10819 
f 10819 10831 11467 11466 
f 10820 10832 10833 10821 
f 10821 10833 10834 10822 
f 10822 10834 10835 10823 
f 10823 10835 10836 10824 
f 10824 10836 10837 10825 
f 10825 10837 10838 10826 
f 10826 10838 11401 11400 
f 10827 10839 10840 10828 
f 10828 10840 10841 10829 
f 10830 10842 10843 10831 
f 10831 10843 11468 11467 
f 10832 10844 10845 10833 
f 10833 10845 10846 10834 
f 10834 10846 10847 10835 
f 10835 10847 10848 10836 
f 10836 10848 10849 10837 
f 10837 10849 10850 10838 
f 10838 10850 11402 11401 
f 10839 10851 10852 10840 
f 10840 10852 10853 10841 
f 10842 10854 10855 10843 
f 10843 10855 11469 11468 
f 10844 10856 10857 10845 
f 10845 10857 10858 10846 
f 10846 10858 10859 10847 
f 10847 10859 10860 10848 
f 10848 10860 10861 10849 
f 10849 10861 10862 10850 
f 10850 10862 11403 11402 
f 10851 10863 10864 10852 
f 10852 10864 10865 10853 
f 10854 10866 10867 10855 
f 10855 10867 11470 11469 
f 10856 10868 10869 10857 
f 10857 10869 10870 10858 
f 10858 10870 10871 10859 
f 10859 10871 10872 10860 
f 10860 10872 10873 10861 
f 10861 10873 10874 10862 
f 10862 10874 11404 11403 
f 10863 10875 10876 10864 
f 10864 10876 10877 10865 
f 10866 10878 10879 10867 
f 10867 10879 11471 11470 
f 10868 10880 10881 10869 
f 10869 10881 10882 10870 
f 10870 10882 10883 10871 
f 10871 10883 10884 10872 
f 10872 10884 10885 10873 
f 10873 10885 10886 10874 
f 10874 10886 11405 11404 
f 10875 10887 10888 10876 
f 10876 10888 10889 10877 
f 10878 10890 10891 10879 
f 10879 10891 11472 11471 
f 10880 10892 10893 10881 
f 10881 10893 10894 10882 
f 10882 10894 10895 10883 
f 10883 10895 10896 10884 
f 10884 10896 10897 10885 
f 10885 10897 10898 10886 
f 10886 10898 11406 11405 
f 10887 10899 10900 10888 
f 10888 10900 10901 10889 
f 10890 10902 10903 10891 
f 10891 10903 11473 11472 
f 10892 10904 10905 10893 
f 10893 10905 10906 10894 
f 10894 10906 10907 10895 
f 10895 10907 10908 10896 
f 10896 10908 10909 10897 
f 10897 10909 10910 10898 
f 10898 10910 11407 11406 
f 10899 10911 10912 10900 
f 10900 10912 10913 10901 
f 10902 10914 10915 10903 
f 10903 10915 11474 11473 
f 10904 10916 10917 10905 
f 10905 10917 10918 10906 
f 10906 10918 10919 10907 
f 10907 10919 10920 10908 
f 10908 10920 10921 10909 
f 10909 10921 10922 10910 
f 10910 10922 11408 11407 
f 10911 10923 10924 10912 
f 10912 10924 10925 10913 
f 10914 10926 10927 10915 
f 10915 10927 11475 11474 
f 10916 10928 10929 10917 
f 10917 10929 10930 10918 
f 10918 10930 10931 10919 
f 10919 10931 10932 10920 
f 10920 10932 10933 10921 
f 10921 10933 10934 10922 
f 10922 10934 11409 11408 
f 10923 10935 10936 10924 
f 10924 10936 10937 10925 
f 10926 10938 10939 10927 
f 10927 10939 11476 11475 
f 10928 10940 10941 10929 
f 10929 10941 10942 10930 
f 10930 10942 10943 10931 
f 10931 10943 10944 10932 
f 10932 10944 10945 10933 
f 10933 10945 10946 10934 
f 10934 10946 11410 11409 
f 10935 10947 10948 10936 
f 10936 10948 10949 10937 
f 10938 10950 10951 10939 
f 10939 10951 11477 11476 
f 10940 10952 10953 10941 
f 10941 10953 10954 10942 
f 10942 10954 10955 10943 
f 10943 10955 10956 10944 
f 10944 10956 10957 10945 
f 10945 10957 10958 10946 
f 10946 10958 11411 11410 
f 10947 10959 10960 10948 
f 10948 10960 10961 10949 
f 10950 10962 10963 10951 
f 10951 10963 11478 11477 
f 10952 10964 10965 10953 
f 10953 10965 10966 10954 
f 10954 10966 10967 10955 
f 10955 10967 10968 10956 
f 10956 10968 10969 10957 
f 10957 10969 10970 10958 
f 10958 10970 11412 11411 
f 10959 10971 10972 10960 
f 10960 10972 10973 10961 
f 10962 10974 10975 10963 
f 10963 10975 11479 11478 
f 10964 10976 10977 10965 
f 10965 10977 10978 10966 
f 10966 10978 10979 10967 
f 10967 10979 10980 10968 
f 10968 10980 10981 10969 
f 10969 10981 10982 10970 
f 10970 10982 11413 11412 
f 10971 10983 10984 10972 
f 10972 10984 10985 10973 
f 10974 10986 10987 10975 
f 10975 10987 11480 11479 
f 10976 10033 10034 10977 
f 10977 10034 10412 10978 
f 10978 10412 10413 10979 
f 10979 10413 10988 10980 
f 10980 10988 10035 10981 
f 10981 10035 10989 10982 
f 10982 10989 11350 11413 
f 10983 10036 10414 10984 
f 10984 10414 10415 10985 
f 10986 10416 10990 10987 
f 10987 10990 11481 11480 
f 11451 11450 10991 10992 
f 11450 11452 10993 10991 
f 11452 11453 10994 10993 
f 11453 11454 10995 10994 
f 11454 11455 10996 10995 
f 11455 11456 10997 10996 
f 11456 11457 10998 10997 
f 11457 11458 10999 10998 
f 11458 11459 11000 10999 
f 11459 11460 11001 11000 
f 11460 11461 11002 11001 
f 11461 11462 11003 11002 
f 11462 11463 11004 11003 
f 11463 11464 11005 11004 
f 11464 11465 11006 11005 
f 11465 11466 11007 11006 
f 11466 11467 11008 11007 
f 11467 11468 11009 11008 
f 11468 11469 11010 11009 
f 11469 11470 11011 11010 
f 11470 11471 11012 11011 
f 11471 11472 11013 11012 
f 11472 11473 11014 11013 
f 11473 11474 11015 11014 
f 11474 11475 11016 11015 
f 11475 11476 11017 11016 
f 11476 11477 11018 11017 
f 11477 11478 11019 11018 
f 11478 11479 11020 11019 
f 11479 11480 11021 11020 
f 11480 11481 10448 11021 
f 10635 10634 11022 11023 
f 10634 10649 11024 11022 
f 10649 10661 11025 11024 
f 10661 10673 11026 11025 
f 10673 10685 11027 11026 
f 10685 10697 11028 11027 
f 10697 10709 11029 11028 
f 10709 10721 11030 11029 
f 10721 10733 11031 11030 
f 10733 10745 11032 11031 
f 10745 10757 11033 11032 
f 10757 10769 11034 11033 
f 10769 10781 11035 11034 
f 10781 10793 11036 11035 
f 10793 10805 11037 11036 
f 10805 10817 11038 11037 
f 10817 10829 11039 11038 
f 10829 10841 11040 11039 
f 10841 10853 11041 11040 
f 10853 10865 11042 11041 
f 10865 10877 11043 11042 
f 10877 10889 11044 11043 
f 10889 10901 11045 11044 
f 10901 10913 11046 11045 
f 10913 10925 11047 11046 
f 10925 10937 11048 11047 
f 10937 10949 11049 11048 
f 10949 10961 11050 11049 
f 10961 10973 11051 11050 
f 10973 10985 11052 11051 
f 10985 10415 10480 11052 
f 11023 11022 10637 10636 
f 11022 11024 10650 10637 
f 11024 11025 10662 10650 
f 11025 11026 10674 10662 
f 11026 11027 10686 10674 
f 11027 11028 10698 10686 
f 11028 11029 10710 10698 
f 11029 11030 10722 10710 
f 11030 11031 10734 10722 
f 11031 11032 10746 10734 
f 11032 11033 10758 10746 
f 11033 11034 10770 10758 
f 11034 11035 10782 10770 
f 11035 11036 10794 10782 
f 11036 11037 10806 10794 
f 11037 11038 10818 10806 
f 11038 11039 10830 10818 
f 11039 11040 10842 10830 
f 11040 11041 10854 10842 
f 11041 11042 10866 10854 
f 11042 11043 10878 10866 
f 11043 11044 10890 10878 
f 11044 11045 10902 10890 
f 11045 11046 10914 10902 
f 11046 11047 10926 10914 
f 11047 11048 10938 10926 
f 11048 11049 10950 10938 
f 11049 11050 10962 10950 
f 11050 11051 10974 10962 
f 11051 11052 10986 10974 
f 11052 10480 10416 10986 
f 11053 11054 11055 11056 
f 10485 11057 11058 11059 
f 11054 11053 11060 11061 
f 11170 11484 11482 11179 
f 11062 11063 11059 11058 
f 11055 11063 11062 11056 
f 11064 11065 11066 11067 
f 11064 11067 11068 11069 
f 11070 11071 11066 11065 
f 11072 11073 11071 11070 
f 10503 10504 11073 11072 
f 11074 11080 11069 11075 
f 11076 11065 11064 11077 
f 11076 11077 11078 11079 
f 11077 11080 11081 11078 
f 11079 11078 11082 11083 
f 11078 11081 11084 11082 
f 11083 11082 11085 11086 
f 11082 11084 11087 11085 
f 11085 11088 11089 11086 
f 11090 11091 11094 11087 
f 11089 11088 11092 11093 
f 11088 11094 11095 11092 
f 11093 11092 11096 11097 
f 11092 11095 11098 11096 
f 11099 11100 11101 11102 
f 11100 11103 11104 11101 
f 11102 11101 11105 11106 
f 11101 11104 11107 11105 
f 11096 11100 11099 11097 
f 11108 11109 11103 11098 
f 11114 11110 11111 11112 
f 11066 11055 11054 11067 
f 11071 11063 11055 11066 
f 11073 11059 11063 11071 
f 10504 10485 11059 11073 
f 11117 11116 11118 
f 11119 11117 11118 11120 
f 11121 11119 11120 11122 
f 11123 11121 11122 11124 
f 11125 11123 11124 11126 
f 11127 11125 11126 11128 
f 11111 11074 11075 11112 
f 11129 11130 11074 11111 
f 11131 11132 11130 11129 
f 11133 11090 11132 11131 
f 11134 11091 11090 11133 
f 11135 11136 11091 11134 
f 11137 11108 11136 11135 
f 11138 11109 11108 11137 
f 11139 11140 11109 11138 
f 10575 10576 11140 11139 
f 11127 11141 10575 11139 
f 11142 10578 10503 11072 
f 11143 11144 10578 11142 
f 11145 10581 11144 11143 
f 11146 11147 10581 11145 
f 11148 11149 11147 11146 
f 11150 11151 11149 11148 
f 11142 11072 11070 11152 
f 11143 11142 11152 11153 
f 11145 11143 11153 11154 
f 11146 11145 11154 11155 
f 11148 11146 11155 11156 
f 11150 11148 11156 11157 
f 11150 11157 11158 11159 
f 11159 11158 11160 11161 
f 11161 11160 11162 11163 
f 11163 11162 11164 11165 
f 11166 11151 11150 11159 
f 11166 11159 11161 11167 
f 11167 11161 11163 11165 
f 11070 11065 11076 11152 
f 11152 11076 11079 11153 
f 11153 11079 11083 11154 
f 11154 11083 11086 11155 
f 11155 11086 11089 11156 
f 11156 11089 11093 11157 
f 11157 11093 11097 11158 
f 11158 11097 11099 11160 
f 11160 11099 11102 11162 
f 11162 11102 11106 11164 
f 11057 10624 11058 
f 11058 10624 10623 11062 
f 11062 10623 10635 
f 11062 10635 11056 
f 11056 10635 11023 11053 
f 11053 11023 10636 11060 
f 11484 11451 10992 11171 
f 11446 11483 11172 10599 
f 11483 11482 11180 11172 
f 11114 11173 11174 11110 
f 11113 11175 11173 11114 
f 11110 11174 10600 11115 
f 11115 10600 10601 11116 
f 11116 10601 10602 11118 
f 11118 10602 11176 11120 
f 11120 11176 11177 11122 
f 11122 11177 10603 11124 
f 11124 10603 10604 11126 
f 10604 10605 11128 
f 11128 11126 10604 
f 11123 11137 11135 11121 
f 11125 11138 11137 11123 
f 11127 11139 11138 11125 
f 11127 11128 10605 11141 
f 11121 11135 11134 11119 
f 11119 11134 11133 11117 
f 11117 11133 11131 11116 
f 11116 11131 11129 11115 
f 11115 11129 11111 11110 
f 11114 11112 11178 11113 
f 11168 11179 11178 11169 
f 11169 11178 11112 11075 
f 11170 11179 11168 
f 11054 11061 11068 11067 
f 11061 11060 11170 11168 
f 11069 11068 11169 11075 
f 11081 11080 11074 11130 
f 11084 11081 11130 11132 
f 11087 11084 11132 11090 
f 11095 11094 11091 11136 
f 11098 11095 11136 11108 
f 11104 11103 11109 11140 
f 11107 11104 11140 10576 
f 11060 10636 10639 11170 
f 11069 11080 11077 11064 
f 11087 11094 11088 11085 
f 11098 11103 11100 11096 
f 11068 11061 11168 11169 
f 11482 11484 11171 11180 
f 11178 11179 11482 
f 11183 11182 11222 11255 
f 11185 11184 11258 11259 
f 11187 11186 11262 11263 
f 11188 11187 11263 11264 
f 11190 11189 11267 11268 
f 11191 11190 11268 11269 
f 11193 11192 11271 11272 
f 11194 11193 11272 11273 
f 11196 11195 11276 11277 
f 11197 11196 11277 11278 
f 11199 11198 11280 11281 
f 11200 11199 11281 11282 
f 11181 11201 11285 11254 
f 11182 11202 11223 11222 
f 11203 11204 11227 11226 
f 11204 11205 11228 11227 
f 11206 11207 11231 11230 
f 11207 11208 11232 11231 
f 11209 11210 11236 11235 
f 11210 11211 11237 11236 
f 11212 11213 11240 11239 
f 11213 11214 11241 11240 
f 11215 11216 11245 11244 
f 11216 11217 11246 11245 
f 11218 11219 11249 11248 
f 11219 11220 11250 11249 
f 11221 11181 11254 11253 
f 11255 11222 10622 10047 
f 11256 11255 10047 10056 
f 11257 11256 10056 10071 
f 11258 11257 10071 10083 
f 11259 11258 10083 10095 
f 11260 11259 10095 10107 
f 11261 11260 10107 10119 
f 11262 11261 10119 10131 
f 11263 11262 10131 10143 
f 11264 11263 10143 10155 
f 11265 11264 10155 10167 
f 11266 11265 10167 10179 
f 11267 11266 10179 10191 
f 11268 11267 10191 10203 
f 11269 11268 10203 10215 
f 11270 11269 10215 10227 
f 11271 11270 10227 10239 
f 11272 11271 10239 10251 
f 11273 11272 10251 10263 
f 11274 11273 10263 10275 
f 11275 11274 10275 10287 
f 11276 11275 10287 10299 
f 11277 11276 10299 10311 
f 11278 11277 10311 10323 
f 11279 11278 10323 10335 
f 11280 11279 10335 10347 
f 11281 11280 10347 10359 
f 11282 11281 10359 10371 
f 11283 11282 10371 10383 
f 11284 11283 10383 10395 
f 11285 11284 10395 10407 
f 11254 11285 10407 10036 
f 11222 11223 10621 10622 
f 11223 11224 10632 10621 
f 11224 11225 10647 10632 
f 11225 11226 10659 10647 
f 11226 11227 10671 10659 
f 11227 11228 10683 10671 
f 11228 11229 10695 10683 
f 11229 11230 10707 10695 
f 11230 11231 10719 10707 
f 11231 11232 10731 10719 
f 11232 11233 10743 10731 
f 11233 11234 10755 10743 
f 11234 11235 10767 10755 
f 11235 11236 10779 10767 
f 11236 11237 10791 10779 
f 11237 11238 10803 10791 
f 11238 11239 10815 10803 
f 11239 11240 10827 10815 
f 11240 11241 10839 10827 
f 11241 11242 10851 10839 
f 11242 11243 10863 10851 
f 11243 11244 10875 10863 
f 11244 11245 10887 10875 
f 11245 11246 10899 10887 
f 11246 11247 10911 10899 
f 11247 11248 10923 10911 
f 11248 11249 10935 10923 
f 11249 11250 10947 10935 
f 11250 11251 10959 10947 
f 11251 11252 10971 10959 
f 11252 11253 10983 10971 
f 11253 11254 10036 10983 
f 11287 11318 11182 11183 
f 11291 11290 11184 11185 
f 11295 11294 11186 11187 
f 11296 11295 11187 11188 
f 11300 11299 11189 11190 
f 11301 11300 11190 11191 
f 11304 11303 11192 11193 
f 11305 11304 11193 11194 
f 11309 11308 11195 11196 
f 11310 11309 11196 11197 
f 11313 11312 11198 11199 
f 11314 11313 11199 11200 
f 11286 11317 11201 11181 
f 11318 11319 11202 11182 
f 11322 11323 11204 11203 
f 11323 11324 11205 11204 
f 11326 11327 11207 11206 
f 11327 11328 11208 11207 
f 11331 11332 11210 11209 
f 11332 11333 11211 11210 
f 11335 11336 11213 11212 
f 11336 11337 11214 11213 
f 11340 11341 11216 11215 
f 11341 11342 11217 11216 
f 11344 11345 11219 11218 
f 11345 11346 11220 11219 
f 11349 11286 11181 11221 
f 11351 11382 11318 11287 
f 11352 11351 11287 11288 
f 11353 11352 11288 11289 
f 11354 11353 11289 11290 
f 11355 11354 11290 11291 
f 11356 11355 11291 11292 
f 11357 11356 11292 11293 
f 11358 11357 11293 11294 
f 11359 11358 11294 11295 
f 11360 11359 11295 11296 
f 11361 11360 11296 11297 
f 11362 11361 11297 11298 
f 11363 11362 11298 11299 
f 11364 11363 11299 11300 
f 11365 11364 11300 11301 
f 11366 11365 11301 11302 
f 11367 11366 11302 11303 
f 11368 11367 11303 11304 
f 11369 11368 11304 11305 
f 11370 11369 11305 11306 
f 11371 11370 11306 11307 
f 11372 11371 11307 11308 
f 11373 11372 11308 11309 
f 11374 11373 11309 11310 
f 11375 11374 11310 11311 
f 11376 11375 11311 11312 
f 11377 11376 11312 11313 
f 11378 11377 11313 11314 
f 11379 11378 11314 11315 
f 11380 11379 11315 11316 
f 11381 11380 11316 11317 
f 11350 11381 11317 11286 
f 11382 11383 11319 11318 
f 11383 11384 11320 11319 
f 11384 11385 11321 11320 
f 11385 11386 11322 11321 
f 11386 11387 11323 11322 
f 11387 11388 11324 11323 
f 11388 11389 11325 11324 
f 11389 11390 11326 11325 
f 11390 11391 11327 11326 
f 11391 11392 11328 11327 
f 11392 11393 11329 11328 
f 11393 11394 11330 11329 
f 11394 11395 11331 11330 
f 11395 11396 11332 11331 
f 11396 11397 11333 11332 
f 11397 11398 11334 11333 
f 11398 11399 11335 11334 
f 11399 11400 11336 11335 
f 11400 11401 11337 11336 
f 11401 11402 11338 11337 
f 11402 11403 11339 11338 
f 11403 11404 11340 11339 
f 11404 11405 11341 11340 
f 11405 11406 11342 11341 
f 11406 11407 11343 11342 
f 11407 11408 11344 11343 
f 11408 11409 11345 11344 
f 11409 11410 11346 11345 
f 11410 11411 11347 11346 
f 11411 11412 11348 11347 
f 11412 11413 11349 11348 
f 11413 11350 11286 11349 
s 2
f 10040 11414 10037 
f 10050 11414 10040 
f 10065 11414 10050 
f 10077 11414 10065 
f 10089 11414 10077 
f 10101 11414 10089 
f 10113 11414 10101 
f 10125 11414 10113 
f 10137 11414 10125 
f 10149 11414 10137 
f 10161 11414 10149 
f 10173 11414 10161 
f 10185 11414 10173 
f 10197 11414 10185 
f 10209 11414 10197 
f 10221 11414 10209 
f 10233 11414 10221 
f 10245 11414 10233 
f 10257 11414 10245 
f 10269 11414 10257 
f 10281 11414 10269 
f 10293 11414 10281 
f 10305 11414 10293 
f 10317 11414 10305 
f 10329 11414 10317 
f 10341 11414 10329 
f 10353 11414 10341 
f 10365 11414 10353 
f 10377 11414 10365 
f 10389 11414 10377 
f 10401 11414 10389 
f 10033 11414 10401 
f 10037 11414 10610 
f 10610 11414 10625 
f 10625 11414 10640 
f 10640 11414 10652 
f 10652 11414 10664 
f 10664 11414 10676 
f 10676 11414 10688 
f 10688 11414 10700 
f 10700 11414 10712 
f 10712 11414 10724 
f 10724 11414 10736 
f 10736 11414 10748 
f 10748 11414 10760 
f 10760 11414 10772 
f 10772 11414 10784 
f 10784 11414 10796 
f 10796 11414 10808 
f 10808 11414 10820 
f 10820 11414 10832 
f 10832 11414 10844 
f 10844 11414 10856 
f 10856 11414 10868 
f 10868 11414 10880 
f 10880 11414 10892 
f 10892 11414 10904 
f 10904 11414 10916 
f 10916 11414 10928 
f 10928 11414 10940 
f 10940 11414 10952 
f 10952 11414 10964 
f 10964 11414 10976 
f 10976 11414 10033 
s 1
f 11449 11447 10490 10606 
f 11446 11448 10543 11175 
f 11451 11484 11170 10639 
f 11482 11483 11113 11178 
f 11483 11446 11175 11113 
f 12461 11495 11496 11485 
f 11485 11496 11497 11486 
f 11486 11497 11498 12462 
f 12462 11498 11499 11487 
f 11487 11499 11500 11488 
f 11488 11500 11501 12463 
s 2
f 12463 11501 11502 11489 
f 12396 12398 12397 12395 
f 11490 11503 11504 12464 
f 12464 11504 11505 12465 
f 12465 11505 11506 12466 
f 12466 11506 11507 12467 
f 12467 11507 11508 11491 
f 11491 11508 11509 11492 
f 11492 11509 11510 12468 
f 12468 11510 11511 11493 
f 11493 11511 11512 12469 
f 12469 11512 11513 11494 
f 11494 11513 11514 12470 
f 12470 11514 12300 13273 
s 1
f 13176 12203 11495 12461 
f 11495 11515 11516 11496 
f 11496 11516 11517 11497 
f 11497 11517 11518 11498 
f 11498 11518 11519 11499 
f 11499 11519 11520 11500 
f 11500 11520 11521 11501 
s 2
f 11501 11521 11522 11502 
f 12398 12400 12399 12397 
f 11503 11523 11524 11504 
f 11504 11524 11525 11505 
f 11505 11525 11526 11506 
f 11506 11526 11527 11507 
f 11507 11527 11528 11508 
f 11508 11528 11529 11509 
f 11509 11529 11530 11510 
f 11510 11530 11531 11511 
f 11511 11531 11532 11512 
f 11512 11532 11533 11513 
f 11513 11533 11534 11514 
f 11514 11534 12303 12300 
s 1
f 12203 12206 11515 11495 
f 11515 11535 11536 11516 
f 11516 11536 11537 11517 
f 11517 11537 11538 11518 
f 11518 11538 11539 11519 
f 11519 11539 11540 11520 
f 11520 11540 11541 11521 
s 2
f 11521 11541 11542 11522 
f 12400 12402 12401 12399 
f 11523 11543 11544 11524 
f 11524 11544 11545 11525 
f 11525 11545 11546 11526 
f 11526 11546 11547 11527 
f 11527 11547 11548 11528 
f 11528 11548 11549 11529 
f 11529 11549 11550 11530 
f 11530 11550 11551 11531 
f 11531 11551 11552 11532 
f 11532 11552 11553 11533 
f 11533 11553 11554 11534 
f 11534 11554 12306 12303 
s 1
f 12206 12209 11535 11515 
f 11535 11555 11556 11536 
f 11536 11556 11557 11537 
f 11537 11557 11558 11538 
f 11538 11558 11559 11539 
f 11539 11559 11560 11540 
f 11540 11560 11561 11541 
s 2
f 11541 11561 11562 11542 
f 12402 12404 12403 12401 
f 11543 11563 11564 11544 
f 11544 11564 11565 11545 
f 11545 11565 11566 11546 
f 11546 11566 11567 11547 
f 11547 11567 11568 11548 
f 11548 11568 11569 11549 
f 11549 11569 11570 11550 
f 11550 11570 11571 11551 
f 11551 11571 11572 11552 
f 11552 11572 11573 11553 
f 11553 11573 11574 11554 
f 11554 11574 12309 12306 
s 1
f 12209 12212 11555 11535 
f 11555 11575 11576 11556 
f 11556 11576 11577 11557 
f 11557 11577 11578 11558 
f 11558 11578 11579 11559 
f 11559 11579 11580 11560 
f 11560 11580 11581 11561 
s 2
f 11561 11581 11582 11562 
f 12404 12406 12405 12403 
f 11563 11583 11584 11564 
f 11564 11584 11585 11565 
f 11565 11585 11586 11566 
f 11566 11586 11587 11567 
f 11567 11587 11588 11568 
f 11568 11588 11589 11569 
f 11569 11589 11590 11570 
f 11570 11590 11591 11571 
f 11571 11591 11592 11572 
f 11572 11592 11593 11573 
f 11573 11593 11594 11574 
f 11574 11594 12312 12309 
s 1
f 12212 12215 11575 11555 
f 11575 11595 11596 11576 
f 11576 11596 11597 11577 
f 11577 11597 11598 11578 
f 11578 11598 11599 11579 
f 11579 11599 11600 11580 
f 11580 11600 11601 11581 
s 2
f 11581 11601 11602 11582 
f 12406 12408 12407 12405 
f 11583 11603 11604 11584 
f 11584 11604 11605 11585 
f 11585 11605 11606 11586 
f 11586 11606 11607 11587 
f 11587 11607 11608 11588 
f 11588 11608 11609 11589 
f 11589 11609 11610 11590 
f 11590 11610 11611 11591 
f 11591 11611 11612 11592 
f 11592 11612 11613 11593 
f 11593 11613 11614 11594 
f 11594 11614 12315 12312 
s 1
f 12215 12218 11595 11575 
f 11595 11615 11616 11596 
f 11596 11616 11617 11597 
f 11597 11617 11618 11598 
f 11598 11618 11619 11599 
f 11599 11619 11620 11600 
f 11600 11620 11621 11601 
s 2
f 11601 11621 11622 11602 
f 12408 12410 12409 12407 
f 11603 11623 11624 11604 
f 11604 11624 11625 11605 
f 11605 11625 11626 11606 
f 11606 11626 11627 11607 
f 11607 11627 11628 11608 
f 11608 11628 11629 11609 
f 11609 11629 11630 11610 
f 11610 11630 11631 11611 
f 11611 11631 11632 11612 
f 11612 11632 11633 11613 
f 11613 11633 11634 11614 
f 11614 11634 12318 12315 
s 1
f 12218 12221 11615 11595 
f 11615 11635 11636 11616 
f 11616 11636 11637 11617 
f 11617 11637 11638 11618 
f 11618 11638 11639 11619 
f 11619 11639 11640 11620 
f 11620 11640 11641 11621 
s 2
f 11621 11641 11642 11622 
f 12410 12412 12411 12409 
f 11623 11643 11644 11624 
f 11624 11644 11645 11625 
f 11625 11645 11646 11626 
f 11626 11646 11647 11627 
f 11627 11647 11648 11628 
f 11628 11648 11649 11629 
f 11629 11649 11650 11630 
f 11630 11650 11651 11631 
f 11631 11651 11652 11632 
f 11632 11652 11653 11633 
f 11633 11653 11654 11634 
f 11634 11654 12321 12318 
s 1
f 12221 12224 11635 11615 
f 11635 11655 11656 11636 
f 11636 11656 11657 11637 
f 11637 11657 11658 11638 
f 11638 11658 11659 11639 
f 11639 11659 11660 11640 
f 11640 11660 11661 11641 
s 2
f 11641 11661 11662 11642 
f 12412 12414 12413 12411 
f 11643 11663 11664 11644 
f 11644 11664 11665 11645 
f 11645 11665 11666 11646 
f 11646 11666 11667 11647 
f 11647 11667 11668 11648 
f 11648 11668 11669 11649 
f 11649 11669 11670 11650 
f 11650 11670 11671 11651 
f 11651 11671 11672 11652 
f 11652 11672 11673 11653 
f 11653 11673 11674 11654 
f 11654 11674 12324 12321 
s 1
f 12224 12227 11655 11635 
f 11655 11675 11676 11656 
f 11656 11676 11677 11657 
f 11657 11677 11678 11658 
f 11658 11678 11679 11659 
f 11659 11679 11680 11660 
f 11660 11680 11681 11661 
s 2
f 11661 11681 11682 11662 
f 12414 12416 12415 12413 
f 11663 11683 11684 11664 
f 11664 11684 11685 11665 
f 11665 11685 11686 11666 
f 11666 11686 11687 11667 
f 11667 11687 11688 11668 
f 11668 11688 11689 11669 
f 11669 11689 11690 11670 
f 11670 11690 11691 11671 
f 11671 11691 11692 11672 
f 11672 11692 11693 11673 
f 11673 11693 11694 11674 
f 11674 11694 12327 12324 
s 1
f 12227 12230 11675 11655 
f 11675 11695 11696 11676 
f 11676 11696 11697 11677 
f 11677 11697 11698 11678 
f 11678 11698 11699 11679 
f 11679 11699 11700 11680 
f 11680 11700 11701 11681 
s 2
f 11681 11701 11702 11682 
f 12416 12418 12417 12415 
f 11683 11703 11704 11684 
f 11684 11704 11705 11685 
f 11685 11705 11706 11686 
f 11686 11706 11707 11687 
f 11687 11707 11708 11688 
f 11688 11708 11709 11689 
f 11689 11709 11710 11690 
f 11690 11710 11711 11691 
f 11691 11711 11712 11692 
f 11692 11712 11713 11693 
f 11693 11713 11714 11694 
f 11694 11714 12330 12327 
s 1
f 12230 12233 11695 11675 
f 11695 11715 11716 11696 
f 11696 11716 11717 11697 
f 11697 11717 11718 11698 
f 11698 11718 11719 11699 
f 11699 11719 11720 11700 
f 11700 11720 11721 11701 
s 2
f 11701 11721 11722 11702 
f 12418 12420 12419 12417 
f 11703 11723 11724 11704 
f 11704 11724 11725 11705 
f 11705 11725 11726 11706 
f 11706 11726 11727 11707 
f 11707 11727 11728 11708 
f 11708 11728 11729 11709 
f 11709 11729 11730 11710 
f 11710 11730 11731 11711 
f 11711 11731 11732 11712 
f 11712 11732 11733 11713 
f 11713 11733 11734 11714 
f 11714 11734 12333 12330 
s 1
f 12233 12236 11715 11695 
f 11715 11735 11736 11716 
f 11716 11736 11737 11717 
f 11717 11737 11738 11718 
f 11718 11738 11739 11719 
f 11719 11739 11740 11720 
f 11720 11740 11741 11721 
s 2
f 11721 11741 11742 11722 
f 12420 12422 12421 12419 
f 11723 11743 11744 11724 
f 11724 11744 11745 11725 
f 11725 11745 11746 11726 
f 11726 11746 11747 11727 
f 11727 11747 11748 11728 
f 11728 11748 11749 11729 
f 11729 11749 11750 11730 
f 11730 11750 11751 11731 
f 11731 11751 11752 11732 
f 11732 11752 11753 11733 
f 11733 11753 11754 11734 
f 11734 11754 12336 12333 
s 1
f 12236 12239 11735 11715 
f 11735 11755 11756 11736 
f 11736 11756 11757 11737 
f 11737 11757 11758 11738 
f 11738 11758 11759 11739 
f 11739 11759 11760 11740 
f 11740 11760 11761 11741 
s 2
f 11741 11761 11762 11742 
f 12422 12424 12423 12421 
f 11743 11763 11764 11744 
f 11744 11764 11765 11745 
f 11745 11765 11766 11746 
f 11746 11766 11767 11747 
f 11747 11767 11768 11748 
f 11748 11768 11769 11749 
f 11749 11769 11770 11750 
f 11750 11770 11771 11751 
f 11751 11771 11772 11752 
f 11752 11772 11773 11753 
f 11753 11773 11774 11754 
f 11754 11774 12339 12336 
s 1
f 12239 12242 11755 11735 
f 11755 11775 11776 11756 
f 11756 11776 11777 11757 
f 11757 11777 11778 11758 
f 11758 11778 11779 11759 
f 11759 11779 11780 11760 
f 11760 11780 11781 11761 
s 2
f 11761 11781 11782 11762 
f 12424 12426 12425 12423 
f 11763 11783 11784 11764 
f 11764 11784 11785 11765 
f 11765 11785 11786 11766 
f 11766 11786 11787 11767 
f 11767 11787 11788 11768 
f 11768 11788 11789 11769 
f 11769 11789 11790 11770 
f 11770 11790 11791 11771 
f 11771 11791 11792 11772 
f 11772 11792 11793 11773 
f 11773 11793 11794 11774 
f 11774 11794 12342 12339 
s 1
f 12242 12245 11775 11755 
f 11775 11795 11796 11776 
f 11776 11796 11797 11777 
f 11777 11797 11798 11778 
f 11778 11798 11799 11779 
f 11779 11799 11800 11780 
f 11780 11800 11801 11781 
s 2
f 11781 11801 11802 11782 
f 12426 12428 12427 12425 
f 11783 11803 11804 11784 
f 11784 11804 11805 11785 
f 11785 11805 11806 11786 
f 11786 11806 11807 11787 
f 11787 11807 11808 11788 
f 11788 11808 11809 11789 
f 11789 11809 11810 11790 
f 11790 11810 11811 11791 
f 11791 11811 11812 11792 
f 11792 11812 11813 11793 
f 11793 11813 11814 11794 
f 11794 11814 12345 12342 
s 1
f 12245 12248 11795 11775 
f 11795 11815 11816 11796 
f 11796 11816 11817 11797 
f 11797 11817 11818 11798 
f 11798 11818 11819 11799 
f 11799 11819 11820 11800 
f 11800 11820 11821 11801 
s 2
f 11801 11821 11822 11802 
f 12428 12430 12429 12427 
f 11803 11823 11824 11804 
f 11804 11824 11825 11805 
f 11805 11825 11826 11806 
f 11806 11826 11827 11807 
f 11807 11827 11828 11808 
f 11808 11828 11829 11809 
f 11809 11829 11830 11810 
f 11810 11830 11831 11811 
f 11811 11831 11832 11812 
f 11812 11832 11833 11813 
f 11813 11833 11834 11814 
f 11814 11834 12348 12345 
s 1
f 12248 12251 11815 11795 
f 11815 11835 11836 11816 
f 11816 11836 11837 11817 
f 11817 11837 11838 11818 
f 11818 11838 11839 11819 
f 11819 11839 11840 11820 
f 11820 11840 11841 11821 
s 2
f 11821 11841 11842 11822 
f 12430 12432 12431 12429 
f 11823 11843 11844 11824 
f 11824 11844 11845 11825 
f 11825 11845 11846 11826 
f 11826 11846 11847 11827 
f 11827 11847 11848 11828 
f 11828 11848 11849 11829 
f 11829 11849 11850 11830 
f 11830 11850 11851 11831 
f 11831 11851 11852 11832 
f 11832 11852 11853 11833 
f 11833 11853 11854 11834 
f 11834 11854 12351 12348 
s 1
f 12251 12254 11835 11815 
f 11835 11855 11856 11836 
f 11836 11856 11857 11837 
f 11837 11857 11858 11838 
f 11838 11858 11859 11839 
f 11839 11859 11860 11840 
f 11840 11860 11861 11841 
s 2
f 11841 11861 11862 11842 
f 12432 12434 12433 12431 
f 11843 11863 11864 11844 
f 11844 11864 11865 11845 
f 11845 11865 11866 11846 
f 11846 11866 11867 11847 
f 11847 11867 11868 11848 
f 11848 11868 11869 11849 
f 11849 11869 11870 11850 
f 11850 11870 11871 11851 
f 11851 11871 11872 11852 
f 11852 11872 11873 11853 
f 11853 11873 11874 11854 
f 11854 11874 12354 12351 
s 1
f 12254 12257 11855 11835 
f 11855 11875 11876 11856 
f 11856 11876 11877 11857 
f 11857 11877 11878 11858 
f 11858 11878 11879 11859 
f 11859 11879 11880 11860 
f 11860 11880 11881 11861 
s 2
f 11861 11881 11882 11862 
f 12434 12436 12435 12433 
f 11863 11883 11884 11864 
f 11864 11884 11885 11865 
f 11865 11885 11886 11866 
f 11866 11886 11887 11867 
f 11867 11887 11888 11868 
f 11868 11888 11889 11869 
f 11869 11889 11890 11870 
f 11870 11890 11891 11871 
f 11871 11891 11892 11872 
f 11872 11892 11893 11873 
f 11873 11893 11894 11874 
f 11874 11894 12357 12354 
s 1
f 12257 12260 11875 11855 
f 11875 11895 11896 11876 
f 11876 11896 11897 11877 
f 11877 11897 11898 11878 
f 11878 11898 11899 11879 
f 11879 11899 11900 11880 
f 11880 11900 11901 11881 
s 2
f 11881 11901 11902 11882 
f 12436 12438 12437 12435 
f 11883 11903 11904 11884 
f 11884 11904 11905 11885 
f 11885 11905 11906 11886 
f 11886 11906 11907 11887 
f 11887 11907 11908 11888 
f 11888 11908 11909 11889 
f 11889 11909 11910 11890 
f 11890 11910 11911 11891 
f 11891 11911 11912 11892 
f 11892 11912 11913 11893 
f 11893 11913 11914 11894 
f 11894 11914 12360 12357 
s 1
f 12260 12263 11895 11875 
f 11895 11915 11916 11896 
f 11896 11916 11917 11897 
f 11897 11917 11918 11898 
f 11898 11918 11919 11899 
f 11899 11919 11920 11900 
f 11900 11920 11921 11901 
s 2
f 11901 11921 11922 11902 
f 12438 12440 12439 12437 
f 11903 11923 11924 11904 
f 11904 11924 11925 11905 
f 11905 11925 11926 11906 
f 11906 11926 11927 11907 
f 11907 11927 11928 11908 
f 11908 11928 11929 11909 
f 11909 11929 11930 11910 
f 11910 11930 11931 11911 
f 11911 11931 11932 11912 
f 11912 11932 11933 11913 
f 11913 11933 11934 11914 
f 11914 11934 12363 12360 
s 1
f 12263 12266 11915 11895 
f 11915 11935 11936 11916 
f 11916 11936 11937 11917 
f 11917 11937 11938 11918 
f 11918 11938 11939 11919 
f 11919 11939 11940 11920 
f 11920 11940 11941 11921 
s 2
f 11921 11941 11942 11922 
f 12440 12442 12441 12439 
f 11923 11943 11944 11924 
f 11924 11944 11945 11925 
f 11925 11945 11946 11926 
f 11926 11946 11947 11927 
f 11927 11947 11948 11928 
f 11928 11948 11949 11929 
f 11929 11949 11950 11930 
f 11930 11950 11951 11931 
f 11931 11951 11952 11932 
f 11932 11952 11953 11933 
f 11933 11953 11954 11934 
f 11934 11954 12366 12363 
s 1
f 12266 12269 11935 11915 
f 11935 11955 11956 11936 
f 11936 11956 11957 11937 
f 11937 11957 11958 11938 
f 11938 11958 11959 11939 
f 11939 11959 11960 11940 
f 11940 11960 11961 11941 
s 2
f 11941 11961 11962 11942 
f 12442 12444 12443 12441 
f 11943 11963 11964 11944 
f 11944 11964 11965 11945 
f 11945 11965 11966 11946 
f 11946 11966 11967 11947 
f 11947 11967 11968 11948 
f 11948 11968 11969 11949 
f 11949 11969 11970 11950 
f 11950 11970 11971 11951 
f 11951 11971 11972 11952 
f 11952 11972 11973 11953 
f 11953 11973 11974 11954 
f 11954 11974 12369 12366 
s 1
f 12269 12272 11955 11935 
f 11955 11975 11976 11956 
f 11956 11976 11977 11957 
f 11957 11977 11978 11958 
f 11958 11978 11979 11959 
f 11959 11979 11980 11960 
f 11960 11980 11981 11961 
s 2
f 11961 11981 11982 11962 
f 12444 12446 12445 12443 
f 11963 11983 11984 11964 
f 11964 11984 11985 11965 
f 11965 11985 11986 11966 
f 11966 11986 11987 11967 
f 11967 11987 11988 11968 
f 11968 11988 11989 11969 
f 11969 11989 11990 11970 
f 11970 11990 11991 11971 
f 11971 11991 11992 11972 
f 11972 11992 11993 11973 
f 11973 11993 11994 11974 
f 11974 11994 12372 12369 
s 1
f 12272 12275 11975 11955 
f 11975 11995 11996 11976 
f 11976 11996 11997 11977 
f 11977 11997 11998 11978 
f 11978 11998 11999 11979 
f 11979 11999 12000 11980 
f 11980 12000 12001 11981 
s 2
f 11981 12001 12002 11982 
f 12446 12448 12447 12445 
f 11983 12003 12004 11984 
f 11984 12004 12005 11985 
f 11985 12005 12006 11986 
f 11986 12006 12007 11987 
f 11987 12007 12008 11988 
f 11988 12008 12009 11989 
f 11989 12009 12010 11990 
f 11990 12010 12011 11991 
f 11991 12011 12012 11992 
f 11992 12012 12013 11993 
f 11993 12013 12014 11994 
f 11994 12014 12375 12372 
s 1
f 12275 12278 11995 11975 
f 11995 12015 12016 11996 
f 11996 12016 12017 11997 
f 11997 12017 12018 11998 
f 11998 12018 12019 11999 
f 11999 12019 12020 12000 
f 12000 12020 12021 12001 
s 2
f 12001 12021 12022 12002 
f 12448 12450 12449 12447 
f 12003 12023 12024 12004 
f 12004 12024 12025 12005 
f 12005 12025 12026 12006 
f 12006 12026 12027 12007 
f 12007 12027 12028 12008 
f 12008 12028 12029 12009 
f 12009 12029 12030 12010 
f 12010 12030 12031 12011 
f 12011 12031 12032 12012 
f 12012 12032 12033 12013 
f 12013 12033 12034 12014 
f 12014 12034 12378 12375 
s 1
f 12278 12281 12015 11995 
f 12015 12035 12036 12016 
f 12016 12036 12037 12017 
f 12017 12037 12038 12018 
f 12018 12038 12039 12019 
f 12019 12039 12040 12020 
f 12020 12040 12041 12021 
s 2
f 12021 12041 12042 12022 
f 12450 12452 12451 12449 
f 12023 12043 12044 12024 
f 12024 12044 12045 12025 
f 12025 12045 12046 12026 
f 12026 12046 12047 12027 
f 12027 12047 12048 12028 
f 12028 12048 12049 12029 
f 12029 12049 12050 12030 
f 12030 12050 12051 12031 
f 12031 12051 12052 12032 
f 12032 12052 12053 12033 
f 12033 12053 12054 12034 
f 12034 12054 12381 12378 
s 1
f 12281 12284 12035 12015 
f 12035 12055 12056 12036 
f 12036 12056 12057 12037 
f 12037 12057 12058 12038 
f 12038 12058 12059 12039 
f 12039 12059 12060 12040 
f 12040 12060 12061 12041 
s 2
f 12041 12061 12062 12042 
f 12452 12454 12453 12451 
f 12043 12063 12064 12044 
f 12044 12064 12065 12045 
f 12045 12065 12066 12046 
f 12046 12066 12067 12047 
f 12047 12067 12068 12048 
f 12048 12068 12069 12049 
f 12049 12069 12070 12050 
f 12050 12070 12071 12051 
f 12051 12071 12072 12052 
f 12052 12072 12073 12053 
f 12053 12073 12074 12054 
f 12054 12074 12384 12381 
s 1
f 12284 12287 12055 12035 
f 12055 12075 12076 12056 
f 12056 12076 12077 12057 
f 12057 12077 12078 12058 
f 12058 12078 12079 12059 
f 12059 12079 12080 12060 
f 12060 12080 12081 12061 
s 2
f 12061 12081 12082 12062 
f 12454 12456 12455 12453 
f 12063 12083 12084 12064 
f 12064 12084 12085 12065 
f 12065 12085 12086 12066 
f 12066 12086 12087 12067 
f 12067 12087 12088 12068 
f 12068 12088 12089 12069 
f 12069 12089 12090 12070 
f 12070 12090 12091 12071 
f 12071 12091 12092 12072 
f 12072 12092 12093 12073 
f 12073 12093 12094 12074 
f 12074 12094 12387 12384 
s 1
f 12287 12290 12075 12055 
f 12075 12095 12096 12076 
f 12076 12096 12097 12077 
f 12077 12097 12098 12078 
f 12078 12098 12099 12079 
f 12079 12099 12100 12080 
f 12080 12100 12101 12081 
s 2
f 12081 12101 12102 12082 
f 12456 12458 12457 12455 
f 12083 12103 12104 12084 
f 12084 12104 12105 12085 
f 12085 12105 12106 12086 
f 12086 12106 12107 12087 
f 12087 12107 12108 12088 
f 12088 12108 12109 12089 
f 12089 12109 12110 12090 
f 12090 12110 12111 12091 
f 12091 12111 12112 12092 
f 12092 12112 12113 12093 
f 12093 12113 12114 12094 
f 12094 12114 12390 12387 
s 1
f 12290 12293 12095 12075 
f 12095 12115 12116 12096 
f 12096 12116 12117 12097 
f 12097 12117 12118 12098 
f 12098 12118 12119 12099 
f 12099 12119 12120 12100 
f 12100 12120 12121 12101 
s 2
f 12101 12121 12122 12102 
f 12458 12460 12459 12457 
f 12103 12123 12124 12104 
f 12104 12124 12125 12105 
f 12105 12125 12126 12106 
f 12106 12126 12127 12107 
f 12107 12127 12128 12108 
f 12108 12128 12129 12109 
f 12109 12129 12130 12110 
f 12110 12130 12131 12111 
f 12111 12131 12132 12112 
f 12112 12132 12133 12113 
f 12113 12133 13434 12114 
f 12114 13434 12393 12390 
s 1
f 12293 12296 12115 12095 
s 2
f 12200 12134 12135 12202 
f 12202 12135 12136 12205 
f 12205 12136 12137 12208 
f 12208 12137 12138 12211 
f 12211 12138 12139 12214 
f 12214 12139 12140 12217 
f 12217 12140 12141 12220 
f 12220 12141 12142 12223 
f 12223 12142 12143 12226 
f 12226 12143 12144 12229 
f 12229 12144 12145 12232 
f 12232 12145 12146 12235 
f 12235 12146 12147 12238 
f 12238 12147 12148 12241 
f 12241 12148 12149 12244 
f 12244 12149 12150 12247 
f 12247 12150 12151 12250 
f 12250 12151 12152 12253 
f 12253 12152 12153 12256 
f 12256 12153 12154 12259 
f 12259 12154 12155 12262 
f 12262 12155 12156 12265 
f 12265 12156 12157 12268 
f 12268 12157 12158 12271 
f 12271 12158 12159 12274 
f 12274 12159 12160 12277 
f 12277 12160 12161 12280 
f 12280 12161 12162 12283 
f 12283 12162 12163 12286 
f 12286 12163 12164 12289 
f 12289 12164 12165 12292 
f 12292 12165 12166 12295 
s 1
f 12301 12167 13143 12298 
f 12304 12168 12167 12301 
f 12307 12169 12168 12304 
f 12310 12170 12169 12307 
f 12313 12171 12170 12310 
f 12316 12172 12171 12313 
f 12319 12173 12172 12316 
f 12322 12174 12173 12319 
f 12325 12175 12174 12322 
f 12328 12176 12175 12325 
f 12331 12177 12176 12328 
f 12334 12178 12177 12331 
f 12337 12179 12178 12334 
f 12340 12180 12179 12337 
f 12343 12181 12180 12340 
f 12346 12182 12181 12343 
f 12349 12183 12182 12346 
f 12352 12184 12183 12349 
f 12355 12185 12184 12352 
f 12358 12186 12185 12355 
f 12361 12187 12186 12358 
f 12364 12188 12187 12361 
f 12367 12189 12188 12364 
f 12370 12190 12189 12367 
f 12373 12191 12190 12370 
f 12376 12192 12191 12373 
f 12379 12193 12192 12376 
f 12382 12194 12193 12379 
f 12385 12195 12194 12382 
f 12388 12196 12195 12385 
f 12391 12197 12196 12388 
f 12394 12198 12197 12391 
s 2
f 12300 12299 12297 13273 
s 1
f 13176 12199 12201 12203 
s 2
f 12303 12302 12299 12300 
s 1
f 12203 12201 12204 12206 
s 2
f 12306 12305 12302 12303 
s 1
f 12206 12204 12207 12209 
s 2
f 12309 12308 12305 12306 
s 1
f 12209 12207 12210 12212 
s 2
f 12312 12311 12308 12309 
s 1
f 12212 12210 12213 12215 
s 2
f 12315 12314 12311 12312 
s 1
f 12215 12213 12216 12218 
s 2
f 12318 12317 12314 12315 
s 1
f 12218 12216 12219 12221 
s 2
f 12321 12320 12317 12318 
s 1
f 12221 12219 12222 12224 
s 2
f 12324 12323 12320 12321 
s 1
f 12224 12222 12225 12227 
s 2
f 12327 12326 12323 12324 
s 1
f 12227 12225 12228 12230 
s 2
f 12330 12329 12326 12327 
s 1
f 12230 12228 12231 12233 
s 2
f 12333 12332 12329 12330 
s 1
f 12233 12231 12234 12236 
s 2
f 12336 12335 12332 12333 
s 1
f 12236 12234 12237 12239 
s 2
f 12339 12338 12335 12336 
s 1
f 12239 12237 12240 12242 
s 2
f 12342 12341 12338 12339 
s 1
f 12242 12240 12243 12245 
s 2
f 12345 12344 12341 12342 
s 1
f 12245 12243 12246 12248 
s 2
f 12348 12347 12344 12345 
s 1
f 12248 12246 12249 12251 
s 2
f 12351 12350 12347 12348 
s 1
f 12251 12249 12252 12254 
s 2
f 12354 12353 12350 12351 
s 1
f 12254 12252 12255 12257 
s 2
f 12357 12356 12353 12354 
s 1
f 12257 12255 12258 12260 
s 2
f 12360 12359 12356 12357 
s 1
f 12260 12258 12261 12263 
s 2
f 12363 12362 12359 12360 
s 1
f 12263 12261 12264 12266 
s 2
f 12366 12365 12362 12363 
s 1
f 12266 12264 12267 12269 
s 2
f 12369 12368 12365 12366 
s 1
f 12269 12267 12270 12272 
s 2
f 12372 12371 12368 12369 
s 1
f 12272 12270 12273 12275 
s 2
f 12375 12374 12371 12372 
s 1
f 12275 12273 12276 12278 
s 2
f 12378 12377 12374 12375 
s 1
f 12278 12276 12279 12281 
s 2
f 12381 12380 12377 12378 
s 1
f 12281 12279 12282 12284 
s 2
f 12384 12383 12380 12381 
s 1
f 12284 12282 12285 12287 
s 2
f 12387 12386 12383 12384 
s 1
f 12287 12285 12288 12290 
s 2
f 12390 12389 12386 12387 
s 1
f 12290 12288 12291 12293 
s 2
f 12393 12392 12389 12390 
s 1
f 12293 12291 12294 12296 
s 2
f 12202 12201 12199 12200 
f 12205 12204 12201 12202 
f 12208 12207 12204 12205 
f 12211 12210 12207 12208 
f 12214 12213 12210 12211 
f 12217 12216 12213 12214 
f 12220 12219 12216 12217 
f 12223 12222 12219 12220 
f 12226 12225 12222 12223 
f 12229 12228 12225 12226 
f 12232 12231 12228 12229 
f 12235 12234 12231 12232 
f 12238 12237 12234 12235 
f 12241 12240 12237 12238 
f 12244 12243 12240 12241 
f 12247 12246 12243 12244 
f 12250 12249 12246 12247 
f 12253 12252 12249 12250 
f 12256 12255 12252 12253 
f 12259 12258 12255 12256 
f 12262 12261 12258 12259 
f 12265 12264 12261 12262 
f 12268 12267 12264 12265 
f 12271 12270 12267 12268 
f 12274 12273 12270 12271 
f 12277 12276 12273 12274 
f 12280 12279 12276 12277 
f 12283 12282 12279 12280 
f 12286 12285 12282 12283 
f 12289 12288 12285 12286 
f 12292 12291 12288 12289 
f 12295 12294 12291 12292 
s 1
f 12298 12297 12299 12301 
f 12301 12299 12302 12304 
f 12304 12302 12305 12307 
f 12307 12305 12308 12310 
f 12310 12308 12311 12313 
f 12313 12311 12314 12316 
f 12316 12314 12317 12319 
f 12319 12317 12320 12322 
f 12322 12320 12323 12325 
f 12325 12323 12326 12328 
f 12328 12326 12329 12331 
f 12331 12329 12332 12334 
f 12334 12332 12335 12337 
f 12337 12335 12338 12340 
f 12340 12338 12341 12343 
f 12343 12341 12344 12346 
f 12346 12344 12347 12349 
f 12349 12347 12350 12352 
f 12352 12350 12353 12355 
f 12355 12353 12356 12358 
f 12358 12356 12359 12361 
f 12361 12359 12362 12364 
f 12364 12362 12365 12367 
f 12367 12365 12368 12370 
f 12370 12368 12371 12373 
f 12373 12371 12374 12376 
f 12376 12374 12377 12379 
f 12379 12377 12380 12382 
f 12382 12380 12383 12385 
f 12385 12383 12386 12388 
f 12388 12386 12389 12391 
f 12391 12389 12392 12394 
s 2
f 12395 12397 11503 11490 
f 12398 12396 11489 11502 
f 12397 12399 11523 11503 
f 12400 12398 11502 11522 
f 12399 12401 11543 11523 
f 12402 12400 11522 11542 
f 12401 12403 11563 11543 
f 12404 12402 11542 11562 
f 12403 12405 11583 11563 
f 12406 12404 11562 11582 
f 12405 12407 11603 11583 
f 12408 12406 11582 11602 
f 12407 12409 11623 11603 
f 12410 12408 11602 11622 
f 12409 12411 11643 11623 
f 12412 12410 11622 11642 
f 12411 12413 11663 11643 
f 12414 12412 11642 11662 
f 12413 12415 11683 11663 
f 12416 12414 11662 11682 
f 12415 12417 11703 11683 
f 12418 12416 11682 11702 
f 12417 12419 11723 11703 
f 12420 12418 11702 11722 
f 12419 12421 11743 11723 
f 12422 12420 11722 11742 
f 12421 12423 11763 11743 
f 12424 12422 11742 11762 
f 12423 12425 11783 11763 
f 12426 12424 11762 11782 
f 12425 12427 11803 11783 
f 12428 12426 11782 11802 
f 12427 12429 11823 11803 
f 12430 12428 11802 11822 
f 12429 12431 11843 11823 
f 12432 12430 11822 11842 
f 12431 12433 11863 11843 
f 12434 12432 11842 11862 
f 12433 12435 11883 11863 
f 12436 12434 11862 11882 
f 12435 12437 11903 11883 
f 12438 12436 11882 11902 
f 12437 12439 11923 11903 
f 12440 12438 11902 11922 
f 12439 12441 11943 11923 
f 12442 12440 11922 11942 
f 12441 12443 11963 11943 
f 12444 12442 11942 11962 
f 12443 12445 11983 11963 
f 12446 12444 11962 11982 
f 12445 12447 12003 11983 
f 12448 12446 11982 12002 
f 12447 12449 12023 12003 
f 12450 12448 12002 12022 
f 12449 12451 12043 12023 
f 12452 12450 12022 12042 
f 12451 12453 12063 12043 
f 12454 12452 12042 12062 
f 12453 12455 12083 12063 
f 12456 12454 12062 12082 
f 12455 12457 12103 12083 
f 12458 12456 12082 12102 
f 12457 12459 12123 12103 
f 12460 12458 12102 12122 
s 1
f 12461 11485 12472 12471 
f 11485 11486 12473 12472 
f 11486 12462 12474 12473 
f 12462 11487 12475 12474 
f 11487 11488 12476 12475 
f 11488 12463 12477 12476 
s 2
f 12463 11489 12478 12477 
f 12396 12395 13370 13371 
f 11490 12464 12480 12479 
f 12464 12465 12481 12480 
f 12465 12466 12482 12481 
f 12466 12467 12483 12482 
f 12467 11491 12484 12483 
f 11491 11492 12485 12484 
f 11492 12468 12486 12485 
f 12468 11493 12487 12486 
f 11493 12469 12488 12487 
f 12469 11494 12489 12488 
f 11494 12470 12490 12489 
f 12470 13273 13275 12490 
s 1
f 13176 12461 12471 13179 
f 12471 12472 12492 12491 
f 12472 12473 12493 12492 
f 12473 12474 12494 12493 
f 12474 12475 12495 12494 
f 12475 12476 12496 12495 
f 12476 12477 12497 12496 
s 2
f 12477 12478 12498 12497 
f 13371 13370 13372 13373 
f 12479 12480 12500 12499 
f 12480 12481 12501 12500 
f 12481 12482 12502 12501 
f 12482 12483 12503 12502 
f 12483 12484 12504 12503 
f 12484 12485 12505 12504 
f 12485 12486 12506 12505 
f 12486 12487 12507 12506 
f 12487 12488 12508 12507 
f 12488 12489 12509 12508 
f 12489 12490 12510 12509 
f 12490 13275 13278 12510 
s 1
f 13179 12471 12491 13182 
f 12491 12492 12512 12511 
f 12492 12493 12513 12512 
f 12493 12494 12514 12513 
f 12494 12495 12515 12514 
f 12495 12496 12516 12515 
f 12496 12497 12517 12516 
s 2
f 12497 12498 12518 12517 
f 13373 13372 13374 13375 
f 12499 12500 12520 12519 
f 12500 12501 12521 12520 
f 12501 12502 12522 12521 
f 12502 12503 12523 12522 
f 12503 12504 12524 12523 
f 12504 12505 12525 12524 
f 12505 12506 12526 12525 
f 12506 12507 12527 12526 
f 12507 12508 12528 12527 
f 12508 12509 12529 12528 
f 12509 12510 12530 12529 
f 12510 13278 13281 12530 
s 1
f 13182 12491 12511 13185 
f 12511 12512 12532 12531 
f 12512 12513 12533 12532 
f 12513 12514 12534 12533 
f 12514 12515 12535 12534 
f 12515 12516 12536 12535 
f 12516 12517 12537 12536 
s 2
f 12517 12518 12538 12537 
f 13375 13374 13376 13377 
f 12519 12520 12540 12539 
f 12520 12521 12541 12540 
f 12521 12522 12542 12541 
f 12522 12523 12543 12542 
f 12523 12524 12544 12543 
f 12524 12525 12545 12544 
f 12525 12526 12546 12545 
f 12526 12527 12547 12546 
f 12527 12528 12548 12547 
f 12528 12529 12549 12548 
f 12529 12530 12550 12549 
f 12530 13281 13284 12550 
s 1
f 13185 12511 12531 13188 
f 12531 12532 12552 12551 
f 12532 12533 12553 12552 
f 12533 12534 12554 12553 
f 12534 12535 12555 12554 
f 12535 12536 12556 12555 
f 12536 12537 12557 12556 
s 2
f 12537 12538 12558 12557 
f 13377 13376 13378 13379 
f 12539 12540 12560 12559 
f 12540 12541 12561 12560 
f 12541 12542 12562 12561 
f 12542 12543 12563 12562 
f 12543 12544 12564 12563 
f 12544 12545 12565 12564 
f 12545 12546 12566 12565 
f 12546 12547 12567 12566 
f 12547 12548 12568 12567 
f 12548 12549 12569 12568 
f 12549 12550 12570 12569 
f 12550 13284 13287 12570 
s 1
f 13188 12531 12551 13191 
f 12551 12552 12572 12571 
f 12552 12553 12573 12572 
f 12553 12554 12574 12573 
f 12554 12555 12575 12574 
f 12555 12556 12576 12575 
f 12556 12557 12577 12576 
s 2
f 12557 12558 12578 12577 
f 13379 13378 13380 13381 
f 12559 12560 12580 12579 
f 12560 12561 12581 12580 
f 12561 12562 12582 12581 
f 12562 12563 12583 12582 
f 12563 12564 12584 12583 
f 12564 12565 12585 12584 
f 12565 12566 12586 12585 
f 12566 12567 12587 12586 
f 12567 12568 12588 12587 
f 12568 12569 12589 12588 
f 12569 12570 12590 12589 
f 12570 13287 13290 12590 
s 1
f 13191 12551 12571 13194 
f 12571 12572 12592 12591 
f 12572 12573 12593 12592 
f 12573 12574 12594 12593 
f 12574 12575 12595 12594 
f 12575 12576 12596 12595 
f 12576 12577 12597 12596 
s 2
f 12577 12578 12598 12597 
f 13381 13380 13382 13383 
f 12579 12580 12600 12599 
f 12580 12581 12601 12600 
f 12581 12582 12602 12601 
f 12582 12583 12603 12602 
f 12583 12584 12604 12603 
f 12584 12585 12605 12604 
f 12585 12586 12606 12605 
f 12586 12587 12607 12606 
f 12587 12588 12608 12607 
f 12588 12589 12609 12608 
f 12589 12590 12610 12609 
f 12590 13290 13293 12610 
s 1
f 13194 12571 12591 13197 
f 12591 12592 12612 12611 
f 12592 12593 12613 12612 
f 12593 12594 12614 12613 
f 12594 12595 12615 12614 
f 12595 12596 12616 12615 
f 12596 12597 12617 12616 
s 2
f 12597 12598 12618 12617 
f 13383 13382 13384 13385 
f 12599 12600 12620 12619 
f 12600 12601 12621 12620 
f 12601 12602 12622 12621 
f 12602 12603 12623 12622 
f 12603 12604 12624 12623 
f 12604 12605 12625 12624 
f 12605 12606 12626 12625 
f 12606 12607 12627 12626 
f 12607 12608 12628 12627 
f 12608 12609 12629 12628 
f 12609 12610 12630 12629 
f 12610 13293 13296 12630 
s 1
f 13197 12591 12611 13200 
f 12611 12612 12632 12631 
f 12612 12613 12633 12632 
f 12613 12614 12634 12633 
f 12614 12615 12635 12634 
f 12615 12616 12636 12635 
f 12616 12617 12637 12636 
s 2
f 12617 12618 12638 12637 
f 13385 13384 13386 13387 
f 12619 12620 12640 12639 
f 12620 12621 12641 12640 
f 12621 12622 12642 12641 
f 12622 12623 12643 12642 
f 12623 12624 12644 12643 
f 12624 12625 12645 12644 
f 12625 12626 12646 12645 
f 12626 12627 12647 12646 
f 12627 12628 12648 12647 
f 12628 12629 12649 12648 
f 12629 12630 12650 12649 
f 12630 13296 13299 12650 
s 1
f 13200 12611 12631 13203 
f 12631 12632 12652 12651 
f 12632 12633 12653 12652 
f 12633 12634 12654 12653 
f 12634 12635 12655 12654 
f 12635 12636 12656 12655 
f 12636 12637 12657 12656 
s 2
f 12637 12638 12658 12657 
f 13387 13386 13388 13389 
f 12639 12640 12660 12659 
f 12640 12641 12661 12660 
f 12641 12642 12662 12661 
f 12642 12643 12663 12662 
f 12643 12644 12664 12663 
f 12644 12645 12665 12664 
f 12645 12646 12666 12665 
f 12646 12647 12667 12666 
f 12647 12648 12668 12667 
f 12648 12649 12669 12668 
f 12649 12650 12670 12669 
f 12650 13299 13302 12670 
s 1
f 13203 12631 12651 13206 
f 12651 12652 12672 12671 
f 12652 12653 12673 12672 
f 12653 12654 12674 12673 
f 12654 12655 12675 12674 
f 12655 12656 12676 12675 
f 12656 12657 12677 12676 
s 2
f 12657 12658 12678 12677 
f 13389 13388 13390 13391 
f 12659 12660 12680 12679 
f 12660 12661 12681 12680 
f 12661 12662 12682 12681 
f 12662 12663 12683 12682 
f 12663 12664 12684 12683 
f 12664 12665 12685 12684 
f 12665 12666 12686 12685 
f 12666 12667 12687 12686 
f 12667 12668 12688 12687 
f 12668 12669 12689 12688 
f 12669 12670 12690 12689 
f 12670 13302 13305 12690 
s 1
f 13206 12651 12671 13209 
f 12671 12672 12692 12691 
f 12672 12673 12693 12692 
f 12673 12674 12694 12693 
f 12674 12675 12695 12694 
f 12675 12676 12696 12695 
f 12676 12677 12697 12696 
s 2
f 12677 12678 12698 12697 
f 13391 13390 13392 13393 
f 12679 12680 12700 12699 
f 12680 12681 12701 12700 
f 12681 12682 12702 12701 
f 12682 12683 12703 12702 
f 12683 12684 12704 12703 
f 12684 12685 12705 12704 
f 12685 12686 12706 12705 
f 12686 12687 12707 12706 
f 12687 12688 12708 12707 
f 12688 12689 12709 12708 
f 12689 12690 12710 12709 
f 12690 13305 13308 12710 
s 1
f 13209 12671 12691 13212 
f 12691 12692 12712 12711 
f 12692 12693 12713 12712 
f 12693 12694 12714 12713 
f 12694 12695 12715 12714 
f 12695 12696 12716 12715 
f 12696 12697 12717 12716 
s 2
f 12697 12698 12718 12717 
f 13393 13392 13394 13395 
f 12699 12700 12720 12719 
f 12700 12701 12721 12720 
f 12701 12702 12722 12721 
f 12702 12703 12723 12722 
f 12703 12704 12724 12723 
f 12704 12705 12725 12724 
f 12705 12706 12726 12725 
f 12706 12707 12727 12726 
f 12707 12708 12728 12727 
f 12708 12709 12729 12728 
f 12709 12710 12730 12729 
f 12710 13308 13311 12730 
s 1
f 13212 12691 12711 13215 
f 12711 12712 12732 12731 
f 12712 12713 12733 12732 
f 12713 12714 12734 12733 
f 12714 12715 12735 12734 
f 12715 12716 12736 12735 
f 12716 12717 12737 12736 
s 2
f 12717 12718 12738 12737 
f 13395 13394 13396 13397 
f 12719 12720 12740 12739 
f 12720 12721 12741 12740 
f 12721 12722 12742 12741 
f 12722 12723 12743 12742 
f 12723 12724 12744 12743 
f 12724 12725 12745 12744 
f 12725 12726 12746 12745 
f 12726 12727 12747 12746 
f 12727 12728 12748 12747 
f 12728 12729 12749 12748 
f 12729 12730 12750 12749 
f 12730 13311 13314 12750 
s 1
f 13215 12711 12731 13218 
f 12731 12732 12752 12751 
f 12732 12733 12753 12752 
f 12733 12734 12754 12753 
f 12734 12735 12755 12754 
f 12735 12736 12756 12755 
f 12736 12737 12757 12756 
s 2
f 12737 12738 12758 12757 
f 13397 13396 13398 13399 
f 12739 12740 12760 12759 
f 12740 12741 12761 12760 
f 12741 12742 12762 12761 
f 12742 12743 12763 12762 
f 12743 12744 12764 12763 
f 12744 12745 12765 12764 
f 12745 12746 12766 12765 
f 12746 12747 12767 12766 
f 12747 12748 12768 12767 
f 12748 12749 12769 12768 
f 12749 12750 12770 12769 
f 12750 13314 13317 12770 
s 1
f 13218 12731 12751 13221 
f 12751 12752 12772 12771 
f 12752 12753 12773 12772 
f 12753 12754 12774 12773 
f 12754 12755 12775 12774 
f 12755 12756 12776 12775 
f 12756 12757 12777 12776 
s 2
f 12757 12758 12778 12777 
f 13399 13398 13400 13401 
f 12759 12760 12780 12779 
f 12760 12761 12781 12780 
f 12761 12762 12782 12781 
f 12762 12763 12783 12782 
f 12763 12764 12784 12783 
f 12764 12765 12785 12784 
f 12765 12766 12786 12785 
f 12766 12767 12787 12786 
f 12767 12768 12788 12787 
f 12768 12769 12789 12788 
f 12769 12770 12790 12789 
f 12770 13317 13320 12790 
s 1
f 13221 12751 12771 13224 
f 12771 12772 12792 12791 
f 12772 12773 12793 12792 
f 12773 12774 12794 12793 
f 12774 12775 12795 12794 
f 12775 12776 12796 12795 
f 12776 12777 12797 12796 
s 2
f 12777 12778 12798 12797 
f 13401 13400 13402 13403 
f 12779 12780 12800 12799 
f 12780 12781 12801 12800 
f 12781 12782 12802 12801 
f 12782 12783 12803 12802 
f 12783 12784 12804 12803 
f 12784 12785 12805 12804 
f 12785 12786 12806 12805 
f 12786 12787 12807 12806 
f 12787 12788 12808 12807 
f 12788 12789 12809 12808 
f 12789 12790 12810 12809 
f 12790 13320 13323 12810 
s 1
f 13224 12771 12791 13227 
f 12791 12792 12812 12811 
f 12792 12793 12813 12812 
f 12793 12794 12814 12813 
f 12794 12795 12815 12814 
f 12795 12796 12816 12815 
f 12796 12797 12817 12816 
s 2
f 12797 12798 12818 12817 
f 13403 13402 13404 13405 
f 12799 12800 12820 12819 
f 12800 12801 12821 12820 
f 12801 12802 12822 12821 
f 12802 12803 12823 12822 
f 12803 12804 12824 12823 
f 12804 12805 12825 12824 
f 12805 12806 12826 12825 
f 12806 12807 12827 12826 
f 12807 12808 12828 12827 
f 12808 12809 12829 12828 
f 12809 12810 12830 12829 
f 12810 13323 13326 12830 
s 1
f 13227 12791 12811 13230 
f 12811 12812 12832 12831 
f 12812 12813 12833 12832 
f 12813 12814 12834 12833 
f 12814 12815 12835 12834 
f 12815 12816 12836 12835 
f 12816 12817 12837 12836 
s 2
f 12817 12818 12838 12837 
f 13405 13404 13406 13407 
f 12819 12820 12840 12839 
f 12820 12821 12841 12840 
f 12821 12822 12842 12841 
f 12822 12823 12843 12842 
f 12823 12824 12844 12843 
f 12824 12825 12845 12844 
f 12825 12826 12846 12845 
f 12826 12827 12847 12846 
f 12827 12828 12848 12847 
f 12828 12829 12849 12848 
f 12829 12830 12850 12849 
f 12830 13326 13329 12850 
s 1
f 13230 12811 12831 13233 
f 12831 12832 12852 12851 
f 12832 12833 12853 12852 
f 12833 12834 12854 12853 
f 12834 12835 12855 12854 
f 12835 12836 12856 12855 
f 12836 12837 12857 12856 
s 2
f 12837 12838 12858 12857 
f 13407 13406 13408 13409 
f 12839 12840 12860 12859 
f 12840 12841 12861 12860 
f 12841 12842 12862 12861 
f 12842 12843 12863 12862 
f 12843 12844 12864 12863 
f 12844 12845 12865 12864 
f 12845 12846 12866 12865 
f 12846 12847 12867 12866 
f 12847 12848 12868 12867 
f 12848 12849 12869 12868 
f 12849 12850 12870 12869 
f 12850 13329 13332 12870 
s 1
f 13233 12831 12851 13236 
f 12851 12852 12872 12871 
f 12852 12853 12873 12872 
f 12853 12854 12874 12873 
f 12854 12855 12875 12874 
f 12855 12856 12876 12875 
f 12856 12857 12877 12876 
s 2
f 12857 12858 12878 12877 
f 13409 13408 13410 13411 
f 12859 12860 12880 12879 
f 12860 12861 12881 12880 
f 12861 12862 12882 12881 
f 12862 12863 12883 12882 
f 12863 12864 12884 12883 
f 12864 12865 12885 12884 
f 12865 12866 12886 12885 
f 12866 12867 12887 12886 
f 12867 12868 12888 12887 
f 12868 12869 12889 12888 
f 12869 12870 12890 12889 
f 12870 13332 13335 12890 
s 1
f 13236 12851 12871 13239 
f 12871 12872 12892 12891 
f 12872 12873 12893 12892 
f 12873 12874 12894 12893 
f 12874 12875 12895 12894 
f 12875 12876 12896 12895 
f 12876 12877 12897 12896 
s 2
f 12877 12878 12898 12897 
f 13411 13410 13412 13413 
f 12879 12880 12900 12899 
f 12880 12881 12901 12900 
f 12881 12882 12902 12901 
f 12882 12883 12903 12902 
f 12883 12884 12904 12903 
f 12884 12885 12905 12904 
f 12885 12886 12906 12905 
f 12886 12887 12907 12906 
f 12887 12888 12908 12907 
f 12888 12889 12909 12908 
f 12889 12890 12910 12909 
f 12890 13335 13338 12910 
s 1
f 13239 12871 12891 13242 
f 12891 12892 12912 12911 
f 12892 12893 12913 12912 
f 12893 12894 12914 12913 
f 12894 12895 12915 12914 
f 12895 12896 12916 12915 
f 12896 12897 12917 12916 
s 2
f 12897 12898 12918 12917 
f 13413 13412 13414 13415 
f 12899 12900 12920 12919 
f 12900 12901 12921 12920 
f 12901 12902 12922 12921 
f 12902 12903 12923 12922 
f 12903 12904 12924 12923 
f 12904 12905 12925 12924 
f 12905 12906 12926 12925 
f 12906 12907 12927 12926 
f 12907 12908 12928 12927 
f 12908 12909 12929 12928 
f 12909 12910 12930 12929 
f 12910 13338 13341 12930 
s 1
f 13242 12891 12911 13245 
f 12911 12912 12932 12931 
f 12912 12913 12933 12932 
f 12913 12914 12934 12933 
f 12914 12915 12935 12934 
f 12915 12916 12936 12935 
f 12916 12917 12937 12936 
s 2
f 12917 12918 12938 12937 
f 13415 13414 13416 13417 
f 12919 12920 12940 12939 
f 12920 12921 12941 12940 
f 12921 12922 12942 12941 
f 12922 12923 12943 12942 
f 12923 12924 12944 12943 
f 12924 12925 12945 12944 
f 12925 12926 12946 12945 
f 12926 12927 12947 12946 
f 12927 12928 12948 12947 
f 12928 12929 12949 12948 
f 12929 12930 12950 12949 
f 12930 13341 13344 12950 
s 1
f 13245 12911 12931 13248 
f 12931 12932 12952 12951 
f 12932 12933 12953 12952 
f 12933 12934 12954 12953 
f 12934 12935 12955 12954 
f 12935 12936 12956 12955 
f 12936 12937 12957 12956 
s 2
f 12937 12938 12958 12957 
f 13417 13416 13418 13419 
f 12939 12940 12960 12959 
f 12940 12941 12961 12960 
f 12941 12942 12962 12961 
f 12942 12943 12963 12962 
f 12943 12944 12964 12963 
f 12944 12945 12965 12964 
f 12945 12946 12966 12965 
f 12946 12947 12967 12966 
f 12947 12948 12968 12967 
f 12948 12949 12969 12968 
f 12949 12950 12970 12969 
f 12950 13344 13347 12970 
s 1
f 13248 12931 12951 13251 
f 12951 12952 12972 12971 
f 12952 12953 12973 12972 
f 12953 12954 12974 12973 
f 12954 12955 12975 12974 
f 12955 12956 12976 12975 
f 12956 12957 12977 12976 
s 2
f 12957 12958 12978 12977 
f 13419 13418 13420 13421 
f 12959 12960 12980 12979 
f 12960 12961 12981 12980 
f 12961 12962 12982 12981 
f 12962 12963 12983 12982 
f 12963 12964 12984 12983 
f 12964 12965 12985 12984 
f 12965 12966 12986 12985 
f 12966 12967 12987 12986 
f 12967 12968 12988 12987 
f 12968 12969 12989 12988 
f 12969 12970 12990 12989 
f 12970 13347 13350 12990 
s 1
f 13251 12951 12971 13254 
f 12971 12972 12992 12991 
f 12972 12973 12993 12992 
f 12973 12974 12994 12993 
f 12974 12975 12995 12994 
f 12975 12976 12996 12995 
f 12976 12977 12997 12996 
s 2
f 12977 12978 12998 12997 
f 13421 13420 13422 13423 
f 12979 12980 13000 12999 
f 12980 12981 13001 13000 
f 12981 12982 13002 13001 
f 12982 12983 13003 13002 
f 12983 12984 13004 13003 
f 12984 12985 13005 13004 
f 12985 12986 13006 13005 
f 12986 12987 13007 13006 
f 12987 12988 13008 13007 
f 12988 12989 13009 13008 
f 12989 12990 13010 13009 
f 12990 13350 13353 13010 
s 1
f 13254 12971 12991 13257 
f 12991 12992 13012 13011 
f 12992 12993 13013 13012 
f 12993 12994 13014 13013 
f 12994 12995 13015 13014 
f 12995 12996 13016 13015 
f 12996 12997 13017 13016 
s 2
f 12997 12998 13018 13017 
f 13423 13422 13424 13425 
f 12999 13000 13020 13019 
f 13000 13001 13021 13020 
f 13001 13002 13022 13021 
f 13002 13003 13023 13022 
f 13003 13004 13024 13023 
f 13004 13005 13025 13024 
f 13005 13006 13026 13025 
f 13006 13007 13027 13026 
f 13007 13008 13028 13027 
f 13008 13009 13029 13028 
f 13009 13010 13030 13029 
f 13010 13353 13356 13030 
s 1
f 13257 12991 13011 13260 
f 13011 13012 13032 13031 
f 13012 13013 13033 13032 
f 13013 13014 13034 13033 
f 13014 13015 13035 13034 
f 13015 13016 13036 13035 
f 13016 13017 13037 13036 
s 2
f 13017 13018 13038 13037 
f 13425 13424 13426 13427 
f 13019 13020 13040 13039 
f 13020 13021 13041 13040 
f 13021 13022 13042 13041 
f 13022 13023 13043 13042 
f 13023 13024 13044 13043 
f 13024 13025 13045 13044 
f 13025 13026 13046 13045 
f 13026 13027 13047 13046 
f 13027 13028 13048 13047 
f 13028 13029 13049 13048 
f 13029 13030 13050 13049 
f 13030 13356 13359 13050 
s 1
f 13260 13011 13031 13263 
f 13031 13032 13052 13051 
f 13032 13033 13053 13052 
f 13033 13034 13054 13053 
f 13034 13035 13055 13054 
f 13035 13036 13056 13055 
f 13036 13037 13057 13056 
s 2
f 13037 13038 13058 13057 
f 13427 13426 13428 13429 
f 13039 13040 13060 13059 
f 13040 13041 13061 13060 
f 13041 13042 13062 13061 
f 13042 13043 13063 13062 
f 13043 13044 13064 13063 
f 13044 13045 13065 13064 
f 13045 13046 13066 13065 
f 13046 13047 13067 13066 
f 13047 13048 13068 13067 
f 13048 13049 13069 13068 
f 13049 13050 13070 13069 
f 13050 13359 13362 13070 
s 1
f 13263 13031 13051 13266 
f 13051 13052 13072 13071 
f 13052 13053 13073 13072 
f 13053 13054 13074 13073 
f 13054 13055 13075 13074 
f 13055 13056 13076 13075 
f 13056 13057 13077 13076 
s 2
f 13057 13058 13078 13077 
f 13429 13428 13430 13431 
f 13059 13060 13080 13079 
f 13060 13061 13081 13080 
f 13061 13062 13082 13081 
f 13062 13063 13083 13082 
f 13063 13064 13084 13083 
f 13064 13065 13085 13084 
f 13065 13066 13086 13085 
f 13066 13067 13087 13086 
f 13067 13068 13088 13087 
f 13068 13069 13089 13088 
f 13069 13070 13090 13089 
f 13070 13362 13365 13090 
s 1
f 13266 13051 13071 13269 
f 13071 13072 13092 13091 
f 13072 13073 13093 13092 
f 13073 13074 13094 13093 
f 13074 13075 13095 13094 
f 13075 13076 13096 13095 
f 13076 13077 13097 13096 
s 2
f 13077 13078 13098 13097 
f 13431 13430 13432 13433 
f 13079 13080 13100 13099 
f 13080 13081 13101 13100 
f 13081 13082 13102 13101 
f 13082 13083 13103 13102 
f 13083 13084 13104 13103 
f 13084 13085 13105 13104 
f 13085 13086 13106 13105 
f 13086 13087 13107 13106 
f 13087 13088 13108 13107 
f 13088 13089 13109 13108 
f 13089 13090 13110 13109 
f 13090 13365 13368 13110 
s 1
f 13269 13071 13091 13272 
s 2
f 12200 13178 13111 12134 
f 13178 13181 13112 13111 
f 13181 13184 13113 13112 
f 13184 13187 13114 13113 
f 13187 13190 13115 13114 
f 13190 13193 13116 13115 
f 13193 13196 13117 13116 
f 13196 13199 13118 13117 
f 13199 13202 13119 13118 
f 13202 13205 13120 13119 
f 13205 13208 13121 13120 
f 13208 13211 13122 13121 
f 13211 13214 13123 13122 
f 13214 13217 13124 13123 
f 13217 13220 13125 13124 
f 13220 13223 13126 13125 
f 13223 13226 13127 13126 
f 13226 13229 13128 13127 
f 13229 13232 13129 13128 
f 13232 13235 13130 13129 
f 13235 13238 13131 13130 
f 13238 13241 13132 13131 
f 13241 13244 13133 13132 
f 13244 13247 13134 13133 
f 13247 13250 13135 13134 
f 13250 13253 13136 13135 
f 13253 13256 13137 13136 
f 13256 13259 13138 13137 
f 13259 13262 13139 13138 
f 13262 13265 13140 13139 
f 13265 13268 13141 13140 
f 13268 13271 13142 13141 
s 1
f 13276 12298 13143 13144 
f 13279 13276 13144 13145 
f 13282 13279 13145 13146 
f 13285 13282 13146 13147 
f 13288 13285 13147 13148 
f 13291 13288 13148 13149 
f 13294 13291 13149 13150 
f 13297 13294 13150 13151 
f 13300 13297 13151 13152 
f 13303 13300 13152 13153 
f 13306 13303 13153 13154 
f 13309 13306 13154 13155 
f 13312 13309 13155 13156 
f 13315 13312 13156 13157 
f 13318 13315 13157 13158 
f 13321 13318 13158 13159 
f 13324 13321 13159 13160 
f 13327 13324 13160 13161 
f 13330 13327 13161 13162 
f 13333 13330 13162 13163 
f 13336 13333 13163 13164 
f 13339 13336 13164 13165 
f 13342 13339 13165 13166 
f 13345 13342 13166 13167 
f 13348 13345 13167 13168 
f 13351 13348 13168 13169 
f 13354 13351 13169 13170 
f 13357 13354 13170 13171 
f 13360 13357 13171 13172 
f 13363 13360 13172 13173 
f 13366 13363 13173 13174 
f 13369 13366 13174 13175 
s 2
f 13275 13273 12297 13274 
s 1
f 13176 13179 13177 12199 
s 2
f 13278 13275 13274 13277 
s 1
f 13179 13182 13180 13177 
s 2
f 13281 13278 13277 13280 
s 1
f 13182 13185 13183 13180 
s 2
f 13284 13281 13280 13283 
s 1
f 13185 13188 13186 13183 
s 2
f 13287 13284 13283 13286 
s 1
f 13188 13191 13189 13186 
s 2
f 13290 13287 13286 13289 
s 1
f 13191 13194 13192 13189 
s 2
f 13293 13290 13289 13292 
s 1
f 13194 13197 13195 13192 
s 2
f 13296 13293 13292 13295 
s 1
f 13197 13200 13198 13195 
s 2
f 13299 13296 13295 13298 
s 1
f 13200 13203 13201 13198 
s 2
f 13302 13299 13298 13301 
s 1
f 13203 13206 13204 13201 
s 2
f 13305 13302 13301 13304 
s 1
f 13206 13209 13207 13204 
s 2
f 13308 13305 13304 13307 
s 1
f 13209 13212 13210 13207 
s 2
f 13311 13308 13307 13310 
s 1
f 13212 13215 13213 13210 
s 2
f 13314 13311 13310 13313 
s 1
f 13215 13218 13216 13213 
s 2
f 13317 13314 13313 13316 
s 1
f 13218 13221 13219 13216 
s 2
f 13320 13317 13316 13319 
s 1
f 13221 13224 13222 13219 
s 2
f 13323 13320 13319 13322 
s 1
f 13224 13227 13225 13222 
s 2
f 13326 13323 13322 13325 
s 1
f 13227 13230 13228 13225 
s 2
f 13329 13326 13325 13328 
s 1
f 13230 13233 13231 13228 
s 2
f 13332 13329 13328 13331 
s 1
f 13233 13236 13234 13231 
s 2
f 13335 13332 13331 13334 
s 1
f 13236 13239 13237 13234 
s 2
f 13338 13335 13334 13337 
s 1
f 13239 13242 13240 13237 
s 2
f 13341 13338 13337 13340 
s 1
f 13242 13245 13243 13240 
s 2
f 13344 13341 13340 13343 
s 1
f 13245 13248 13246 13243 
s 2
f 13347 13344 13343 13346 
s 1
f 13248 13251 13249 13246 
s 2
f 13350 13347 13346 13349 
s 1
f 13251 13254 13252 13249 
s 2
f 13353 13350 13349 13352 
s 1
f 13254 13257 13255 13252 
s 2
f 13356 13353 13352 13355 
s 1
f 13257 13260 13258 13255 
s 2
f 13359 13356 13355 13358 
s 1
f 13260 13263 13261 13258 
s 2
f 13362 13359 13358 13361 
s 1
f 13263 13266 13264 13261 
s 2
f 13365 13362 13361 13364 
s 1
f 13266 13269 13267 13264 
s 2
f 13368 13365 13364 13367 
s 1
f 13269 13272 13270 13267 
s 2
f 13178 12200 12199 13177 
f 13181 13178 13177 13180 
f 13184 13181 13180 13183 
f 13187 13184 13183 13186 
f 13190 13187 13186 13189 
f 13193 13190 13189 13192 
f 13196 13193 13192 13195 
f 13199 13196 13195 13198 
f 13202 13199 13198 13201 
f 13205 13202 13201 13204 
f 13208 13205 13204 13207 
f 13211 13208 13207 13210 
f 13214 13211 13210 13213 
f 13217 13214 13213 13216 
f 13220 13217 13216 13219 
f 13223 13220 13219 13222 
f 13226 13223 13222 13225 
f 13229 13226 13225 13228 
f 13232 13229 13228 13231 
f 13235 13232 13231 13234 
f 13238 13235 13234 13237 
f 13241 13238 13237 13240 
f 13244 13241 13240 13243 
f 13247 13244 13243 13246 
f 13250 13247 13246 13249 
f 13253 13250 13249 13252 
f 13256 13253 13252 13255 
f 13259 13256 13255 13258 
f 13262 13259 13258 13261 
f 13265 13262 13261 13264 
f 13268 13265 13264 13267 
f 13271 13268 13267 13270 
s 1
f 12298 13276 13274 12297 
f 13276 13279 13277 13274 
f 13279 13282 13280 13277 
f 13282 13285 13283 13280 
f 13285 13288 13286 13283 
f 13288 13291 13289 13286 
f 13291 13294 13292 13289 
f 13294 13297 13295 13292 
f 13297 13300 13298 13295 
f 13300 13303 13301 13298 
f 13303 13306 13304 13301 
f 13306 13309 13307 13304 
f 13309 13312 13310 13307 
f 13312 13315 13313 13310 
f 13315 13318 13316 13313 
f 13318 13321 13319 13316 
f 13321 13324 13322 13319 
f 13324 13327 13325 13322 
f 13327 13330 13328 13325 
f 13330 13333 13331 13328 
f 13333 13336 13334 13331 
f 13336 13339 13337 13334 
f 13339 13342 13340 13337 
f 13342 13345 13343 13340 
f 13345 13348 13346 13343 
f 13348 13351 13349 13346 
f 13351 13354 13352 13349 
f 13354 13357 13355 13352 
f 13357 13360 13358 13355 
f 13360 13363 13361 13358 
f 13363 13366 13364 13361 
f 13366 13369 13367 13364 
s 2
f 12395 11490 12479 13370 
f 13371 12478 11489 12396 
f 13370 12479 12499 13372 
f 13373 12498 12478 13371 
f 13372 12499 12519 13374 
f 13375 12518 12498 13373 
f 13374 12519 12539 13376 
f 13377 12538 12518 13375 
f 13376 12539 12559 13378 
f 13379 12558 12538 13377 
f 13378 12559 12579 13380 
f 13381 12578 12558 13379 
f 13380 12579 12599 13382 
f 13383 12598 12578 13381 
f 13382 12599 12619 13384 
f 13385 12618 12598 13383 
f 13384 12619 12639 13386 
f 13387 12638 12618 13385 
f 13386 12639 12659 13388 
f 13389 12658 12638 13387 
f 13388 12659 12679 13390 
f 13391 12678 12658 13389 
f 13390 12679 12699 13392 
f 13393 12698 12678 13391 
f 13392 12699 12719 13394 
f 13395 12718 12698 13393 
f 13394 12719 12739 13396 
f 13397 12738 12718 13395 
f 13396 12739 12759 13398 
f 13399 12758 12738 13397 
f 13398 12759 12779 13400 
f 13401 12778 12758 13399 
f 13400 12779 12799 13402 
f 13403 12798 12778 13401 
f 13402 12799 12819 13404 
f 13405 12818 12798 13403 
f 13404 12819 12839 13406 
f 13407 12838 12818 13405 
f 13406 12839 12859 13408 
f 13409 12858 12838 13407 
f 13408 12859 12879 13410 
f 13411 12878 12858 13409 
f 13410 12879 12899 13412 
f 13413 12898 12878 13411 
f 13412 12899 12919 13414 
f 13415 12918 12898 13413 
f 13414 12919 12939 13416 
f 13417 12938 12918 13415 
f 13416 12939 12959 13418 
f 13419 12958 12938 13417 
f 13418 12959 12979 13420 
f 13421 12978 12958 13419 
f 13420 12979 12999 13422 
f 13423 12998 12978 13421 
f 13422 12999 13019 13424 
f 13425 13018 12998 13423 
f 13424 13019 13039 13426 
f 13427 13038 13018 13425 
f 13426 13039 13059 13428 
f 13429 13058 13038 13427 
f 13428 13059 13079 13430 
f 13431 13078 13058 13429 
f 13430 13079 13099 13432 
f 13433 13098 13078 13431 
s 1
f 13091 13092 12116 12115 
f 13092 13093 12117 12116 
f 13093 13094 12118 12117 
f 13094 13095 12119 12118 
f 13095 13096 12120 12119 
f 13096 13097 12121 12120 
s 2
f 13097 13098 12122 12121 
f 13432 13099 12123 12459 
f 13099 13100 12124 12123 
f 13100 13101 12125 12124 
f 13101 13102 12126 12125 
f 13102 13103 12127 12126 
f 13103 13104 12128 12127 
f 13104 13105 12129 12128 
f 13105 13106 12130 12129 
f 13106 13107 12131 12130 
f 13107 13108 12132 12131 
f 13108 13109 12133 12132 
f 13109 13110 13434 12133 
f 13110 13368 12393 13434 
s 1
f 13272 13091 12115 12296 
s 2
f 13142 13271 13436 13435 
s 1
f 13369 13175 12198 12394 
s 2
f 13368 13367 12392 12393 
s 1
f 13270 13272 12296 12294 
s 2
f 13271 13270 12294 13436 
s 1
f 13367 13369 12394 12392 
s 2
f 13433 13432 12459 12460 
f 13098 13433 12460 12122 
s off
f 12167 13437 13143 
f 12168 13437 12167 
f 12169 13437 12168 
f 12170 13437 12169 
f 12171 13437 12170 
f 12172 13437 12171 
f 12173 13437 12172 
f 12174 13437 12173 
f 12175 13437 12174 
f 12176 13437 12175 
f 12177 13437 12176 
f 12178 13437 12177 
f 12179 13437 12178 
f 12180 13437 12179 
f 12181 13437 12180 
f 12182 13437 12181 
f 12183 13437 12182 
f 12184 13437 12183 
f 12185 13437 12184 
f 12186 13437 12185 
f 12187 13437 12186 
f 12188 13437 12187 
f 12189 13437 12188 
f 12190 13437 12189 
f 12191 13437 12190 
f 12192 13437 12191 
f 12193 13437 12192 
f 12194 13437 12193 
f 12195 13437 12194 
f 12196 13437 12195 
f 12197 13437 12196 
f 12198 13437 12197 
f 13143 13437 13144 
f 13144 13437 13145 
f 13145 13437 13146 
f 13146 13437 13147 
f 13147 13437 13148 
f 13148 13437 13149 
f 13149 13437 13150 
f 13150 13437 13151 
f 13151 13437 13152 
f 13152 13437 13153 
f 13153 13437 13154 
f 13154 13437 13155 
f 13155 13437 13156 
f 13156 13437 13157 
f 13157 13437 13158 
f 13158 13437 13159 
f 13159 13437 13160 
f 13160 13437 13161 
f 13161 13437 13162 
f 13162 13437 13163 
f 13163 13437 13164 
f 13164 13437 13165 
f 13165 13437 13166 
f 13166 13437 13167 
f 13167 13437 13168 
f 13168 13437 13169 
f 13169 13437 13170 
f 13170 13437 13171 
f 13171 13437 13172 
f 13172 13437 13173 
f 13173 13437 13174 
f 13174 13437 13175 
f 13175 13437 12198 
f 12134 13438 12135 
f 12135 13438 12136 
f 12136 13438 12137 
f 12137 13438 12138 
f 12138 13438 12139 
f 12139 13438 12140 
f 12140 13438 12141 
f 12141 13438 12142 
f 12142 13438 12143 
f 12143 13438 12144 
f 12144 13438 12145 
f 12145 13438 12146 
f 12146 13438 12147 
f 12147 13438 12148 
f 12148 13438 12149 
f 12149 13438 12150 
f 12150 13438 12151 
f 12151 13438 12152 
f 12152 13438 12153 
f 12153 13438 12154 
f 12154 13438 12155 
f 12155 13438 12156 
f 12156 13438 12157 
f 12157 13438 12158 
f 12158 13438 12159 
f 12159 13438 12160 
f 12160 13438 12161 
f 12161 13438 12162 
f 12162 13438 12163 
f 12163 13438 12164 
f 12164 13438 12165 
f 12165 13438 12166 
f 13111 13438 12134 
f 13112 13438 13111 
f 13113 13438 13112 
f 13114 13438 13113 
f 13115 13438 13114 
f 13116 13438 13115 
f 13117 13438 13116 
f 13118 13438 13117 
f 13119 13438 13118 
f 13120 13438 13119 
f 13121 13438 13120 
f 13122 13438 13121 
f 13123 13438 13122 
f 13124 13438 13123 
f 13125 13438 13124 
f 13126 13438 13125 
f 13127 13438 13126 
f 13128 13438 13127 
f 13129 13438 13128 
f 13130 13438 13129 
f 13131 13438 13130 
f 13132 13438 13131 
f 13133 13438 13132 
f 13134 13438 13133 
f 13135 13438 13134 
f 13136 13438 13135 
f 13137 13438 13136 
f 13138 13438 13137 
f 13139 13438 13138 
f 13140 13438 13139 
f 13141 13438 13140 
f 13142 13438 13141 
f 13435 13438 13142 
s 1
f 14446 14448 14590 14591 
f 13441 13444 13443 13442 
f 13442 13443 13611 13612 
f 13445 13446 13619 13620 
f 13447 13448 13450 13449 
f 13449 13450 13452 13451 
f 13451 13452 13454 13453 
f 13453 13454 13456 13455 
f 13455 13456 13458 13457 
f 13457 13458 13460 13459 
f 13459 13460 13462 13461 
f 14448 14450 14592 14590 
f 13439 13463 14593 14594 
f 14518 14519 14554 14555 
f 13444 13468 13467 13443 
f 13443 13467 13613 13611 
f 13446 13469 13621 13619 
f 13448 13470 13471 13450 
f 13450 13471 13472 13452 
f 13452 13472 13473 13454 
f 13454 13473 13474 13456 
f 13456 13474 13475 13458 
f 13458 13475 13476 13460 
f 13460 13476 13477 13462 
f 14450 14452 14595 14592 
f 13463 13478 14596 14593 
f 14519 14520 14589 14554 
f 13468 13482 13481 13467 
f 13467 13481 13614 13613 
f 13469 13483 13622 13621 
f 13470 13484 13485 13471 
f 13471 13485 13486 13472 
f 13472 13486 13487 13473 
f 13473 13487 13488 13474 
f 13474 13488 13489 13475 
f 13475 13489 13490 13476 
f 13476 13490 13491 13477 
f 14452 14454 14597 14595 
f 13478 13492 14598 14596 
f 14520 14521 14588 14589 
f 13482 13496 13495 13481 
f 13481 13495 13615 13614 
f 13483 13497 13623 13622 
f 13484 13498 13499 13485 
f 13485 13499 13500 13486 
f 13486 13500 13501 13487 
f 13487 13501 13502 13488 
f 13488 13502 13503 13489 
f 13489 13503 13504 13490 
f 13490 13504 13505 13491 
f 14454 14456 14599 14597 
f 13492 13506 14600 14598 
f 14521 14522 14587 14588 
f 13496 13510 13509 13495 
f 13495 13509 13616 13615 
f 13497 13511 13624 13623 
f 13498 13512 13513 13499 
f 13499 13513 13514 13500 
f 13500 13514 13515 13501 
f 13501 13515 13516 13502 
f 13502 13516 13517 13503 
f 13503 13517 13518 13504 
f 13504 13518 13519 13505 
f 14456 14458 14601 14599 
f 13506 13520 14602 14600 
f 14522 14523 14586 14587 
f 13510 13524 13523 13509 
f 13509 13523 13617 13616 
f 13511 13525 13625 13624 
f 13512 13526 13527 13513 
f 13513 13527 13528 13514 
f 13514 13528 13529 13515 
f 13515 13529 13530 13516 
f 13517 13532 13531 13518 
f 13518 13531 13533 13519 
f 14458 14460 14603 14601 
f 13520 13534 14604 14602 
f 14523 14524 14585 14586 
f 13524 13538 13537 13523 
f 13523 13537 13618 13617 
f 13525 13539 13626 13625 
f 13526 13540 13541 13527 
f 13527 13541 13542 13528 
f 13528 13542 13543 13529 
f 14426 14427 13546 14425 
f 13548 13551 13550 13549 
f 13549 13550 13553 13552 
f 14460 14462 14605 14603 
f 13534 13554 14606 14604 
f 14524 14525 14584 14585 
f 13538 14069 14070 13537 
f 13537 14070 14096 13618 
f 13539 14071 14105 13626 
f 13540 14072 14073 13541 
f 13541 14073 14074 13542 
f 13542 13557 13543 
f 13546 14075 14076 13551 
f 13551 14076 14077 13550 
f 13550 14077 14078 13553 
f 14462 14464 14607 14605 
f 13554 13891 14608 14606 
f 14525 14526 14583 14584 
f 13461 13558 13764 13765 
f 13462 13559 13558 13461 
f 13477 13560 13559 13462 
f 13491 13561 13560 13477 
f 13505 13562 13561 13491 
f 13519 13563 13562 13505 
f 14441 13566 14440 
f 14080 14439 14440 13566 
f 14444 13549 13552 14443 
f 13569 13529 13543 13570 
f 14445 14425 13548 
f 14445 13548 13549 14444 
f 13530 13572 13517 13516 
f 13546 14427 14428 14075 
f 13543 13557 13570 
f 13574 13889 13890 13575 
f 13578 13575 13890 13563 
f 13893 13573 13557 13894 
f 13574 13575 13564 13565 
f 13575 13578 13580 13564 
f 13578 13533 13568 13580 
f 13567 13568 13533 13531 
f 13531 13532 13571 13567 
f 13532 13572 13545 13571 
f 13544 13545 13572 13569 
f 13547 13544 13569 13570 
f 13573 13547 13570 13557 
f 14441 13581 13566 
f 13566 13581 14082 14080 
f 13581 14441 13552 13553 
f 13581 13553 14078 14082 
f 13569 13572 13530 
f 13542 14074 13894 13557 
f 14425 13546 13551 13548 
f 13538 13524 13583 13582 
f 13524 13510 13584 13583 
f 13510 13496 13585 13584 
f 13496 13482 13586 13585 
f 13482 13468 13587 13586 
f 13468 13444 13588 13587 
f 13444 13441 13589 13588 
f 13441 13796 13797 13589 
f 13582 13583 13591 13590 
f 13583 13584 13592 13591 
f 13584 13585 13593 13592 
f 13585 13586 13594 13593 
f 13586 13587 13595 13594 
f 13587 13588 13596 13595 
f 13588 13589 13597 13596 
f 13589 13797 13806 13597 
f 13590 13591 13599 13598 
f 13591 13592 13600 13599 
f 13592 13593 13601 13600 
f 13593 13594 13602 13601 
f 13594 13595 13603 13602 
f 13595 13596 13604 13603 
f 13596 13597 13605 13604 
f 13597 13806 13815 13605 
f 13606 13607 14451 14449 
f 13607 13608 14453 14451 
f 13608 13609 14455 14453 
f 13609 13610 14457 14455 
f 13610 13579 14459 14457 
f 13577 14083 14465 14463 
f 13576 13577 14463 14461 
f 13579 13576 14461 14459 
f 13569 13530 13529 
f 13552 14441 14442 14443 
f 14081 14068 13574 13565 
f 13558 13606 13822 13764 
f 13559 13607 13606 13558 
f 13560 13608 13607 13559 
f 13561 13609 13608 13560 
f 13562 13610 13609 13561 
f 13563 13579 13610 13562 
f 13563 13519 13533 13578 
f 13572 13532 13517 
f 14075 14428 14429 
f 14069 13538 13582 14084 
f 14084 13582 13590 14085 
f 14085 13590 13598 14086 
f 13823 13796 13441 13442 
f 13824 13825 13612 13445 
f 13826 13827 13620 13447 
f 13828 13826 13447 13449 
f 13829 13828 13449 13451 
f 13830 13829 13451 13453 
f 13831 13830 13453 13455 
f 13765 13832 13459 13461 
f 13833 14609 14594 13464 
f 14556 14553 14518 14555 
f 14447 13822 13606 14449 
f 14083 13577 13889 14402 
f 13831 13455 13457 13835 
f 13835 13457 13459 13832 
f 13834 13440 14087 
f 13440 13466 14087 
f 13466 13480 14087 
f 13480 13494 14087 
f 13494 13508 14087 
f 13508 13522 14087 
f 13522 13536 14087 
f 13536 13556 14087 
f 13556 14079 14087 
f 13611 13446 13445 13612 
f 13613 13469 13446 13611 
f 13614 13483 13469 13613 
f 13615 13497 13483 13614 
f 13616 13511 13497 13615 
f 13617 13525 13511 13616 
f 13618 13539 13525 13617 
f 14096 14071 13539 13618 
f 13825 13823 13442 13612 
f 13619 13448 13447 13620 
f 13621 13470 13448 13619 
f 13622 13484 13470 13621 
f 13623 13498 13484 13622 
f 13624 13512 13498 13623 
f 13625 13526 13512 13624 
f 13626 13540 13526 13625 
f 14105 14072 13540 13626 
f 13827 13824 13445 13620 
f 13628 13627 14610 14591 
f 13629 13631 13632 13630 
f 13631 13634 13633 13632 
f 13635 13638 13637 13636 
f 13639 13642 13641 13640 
f 13642 13644 13643 13641 
f 13644 13646 13645 13643 
f 13646 13648 13647 13645 
f 13648 13650 13649 13647 
f 13650 13652 13651 13649 
f 13652 13654 13653 13651 
f 13627 13655 14611 14610 
f 13627 14612 14613 13655 
f 14552 14557 14558 14551 
f 13630 13632 13661 13660 
f 13632 13633 13662 13661 
f 13636 13637 13664 13663 
f 13640 13641 13666 13665 
f 13641 13643 13667 13666 
f 13643 13645 13668 13667 
f 13645 13647 13669 13668 
f 13647 13649 13670 13669 
f 13649 13651 13671 13670 
f 13651 13653 13672 13671 
f 13655 13673 14614 14611 
f 13655 14613 14615 13673 
f 14551 14558 14559 14550 
f 13660 13661 13677 13676 
f 13661 13662 13678 13677 
f 13663 13664 13680 13679 
f 13665 13666 13682 13681 
f 13666 13667 13683 13682 
f 13667 13668 13684 13683 
f 13668 13669 13685 13684 
f 13669 13670 13686 13685 
f 13670 13671 13687 13686 
f 13671 13672 13688 13687 
f 13673 13689 14616 14614 
f 13673 14615 14617 13689 
f 14550 14559 14560 14549 
f 13676 13677 13693 13692 
f 13677 13678 13694 13693 
f 13679 13680 13696 13695 
f 13681 13682 13698 13697 
f 13682 13683 13699 13698 
f 13683 13684 13700 13699 
f 13684 13685 13701 13700 
f 13685 13686 13702 13701 
f 13686 13687 13703 13702 
f 13687 13688 13704 13703 
f 13689 13705 14618 14616 
f 13689 14617 14619 13705 
f 14549 14560 14561 14548 
f 13692 13693 13709 13708 
f 13693 13694 13710 13709 
f 13695 13696 13712 13711 
f 13697 13698 13714 13713 
f 13698 13699 13715 13714 
f 13699 13700 13716 13715 
f 13700 13701 13717 13716 
f 13701 13702 13718 13717 
f 13702 13703 13719 13718 
f 13703 13704 13720 13719 
f 13705 13721 14620 14618 
f 13705 14619 14621 13721 
f 14548 14561 14562 14547 
f 13708 13709 13725 13724 
f 13709 13710 13726 13725 
f 13711 13712 13728 13727 
f 13713 13714 13730 13729 
f 13714 13715 13731 13730 
f 13715 13716 13732 13731 
f 13716 13717 13733 13732 
f 13718 13719 13735 13734 
f 13719 13720 13736 13735 
f 13721 13737 14622 14620 
f 13721 14621 14623 13737 
f 14547 14562 14563 14546 
f 13724 13725 13741 13740 
f 13725 13726 13742 13741 
f 13727 13728 13744 13743 
f 13729 13730 13746 13745 
f 13730 13731 13747 13746 
f 13731 13732 13748 13747 
f 14404 14405 13751 14403 
f 13753 13756 13755 13754 
f 13756 13758 13757 13755 
f 13737 13759 14624 14622 
f 13737 14623 14625 13759 
f 14546 14563 14564 14545 
f 13740 13741 14241 14240 
f 13741 13742 14242 14241 
f 13743 13744 14244 14243 
f 13745 13746 14246 14245 
f 13746 13747 14247 14246 
f 13747 13748 13762 
f 13751 13754 14250 14249 
f 13754 13755 14251 14250 
f 13755 13757 14252 14251 
f 13759 14253 14626 14624 
f 13759 14625 14627 14253 
f 14545 14564 14565 14544 
f 13654 13765 13764 13763 
f 13653 13654 13763 13766 
f 13672 13653 13766 13767 
f 13688 13672 13767 13768 
f 13704 13688 13768 13769 
f 13720 13704 13769 13770 
f 14410 14411 13772 
f 14267 13772 14411 14412 
f 14407 14408 13758 13756 
f 13776 13777 13748 13732 
f 14406 13753 14405 
f 14406 14407 13756 13753 
f 13733 13717 13718 13779 
f 13751 14249 14424 14403 
f 13748 13777 13762 
f 13781 13784 13888 13887 
f 13785 13770 13888 13784 
f 14286 13762 13780 14281 
f 13773 13771 13784 13781 
f 13771 13786 13785 13784 
f 13786 13775 13736 13785 
f 13735 13736 13775 13774 
f 13774 13778 13734 13735 
f 13778 13752 13779 13734 
f 13776 13779 13752 13749 
f 13777 13776 13749 13750 
f 13762 13777 13750 13780 
f 14410 13772 13787 13758 
f 13772 14267 14285 13787 
f 13787 13757 13758 
f 13787 14285 14252 13757 
f 13776 13733 13779 
f 13747 13762 14286 14247 
f 14405 13753 13754 13751 
f 13740 13789 13788 13724 
f 13724 13788 13790 13708 
f 13708 13790 13791 13692 
f 13692 13791 13792 13676 
f 13676 13792 13793 13660 
f 13660 13793 13794 13630 
f 13630 13794 13795 13629 
f 13629 13795 13797 13796 
f 13789 13799 13798 13788 
f 13788 13798 13800 13790 
f 13790 13800 13801 13791 
f 13791 13801 13802 13792 
f 13792 13802 13803 13793 
f 13793 13803 13804 13794 
f 13794 13804 13805 13795 
f 13795 13805 13806 13797 
f 13799 13808 13807 13798 
f 13798 13807 13809 13800 
f 13800 13809 13810 13801 
f 13801 13810 13811 13802 
f 13802 13811 13812 13803 
f 13803 13812 13813 13804 
f 13804 13813 13814 13805 
f 13805 13814 13815 13806 
f 13816 14467 14469 13817 
f 13817 14469 14471 13818 
f 13818 14471 14473 13819 
f 13819 14473 14475 13820 
f 13820 14475 14477 13821 
f 13782 14481 14483 14321 
f 13783 14479 14481 13782 
f 13821 14477 14479 13783 
f 13776 13732 13733 
f 13758 14408 14409 
f 13758 14409 14410 
f 14268 13773 13781 14338 
f 13763 13764 13822 13816 
f 13766 13763 13816 13817 
f 13767 13766 13817 13818 
f 13768 13767 13818 13819 
f 13769 13768 13819 13820 
f 13770 13769 13820 13821 
f 13770 13785 13736 13720 
f 13779 13718 13734 
f 14249 14423 14424 
f 14240 14323 13789 13740 
f 14323 14324 13799 13789 
f 14324 14325 13808 13799 
f 13823 13631 13629 13796 
f 13824 13635 13634 13825 
f 13826 13639 13638 13827 
f 13828 13642 13639 13826 
f 13829 13644 13642 13828 
f 13830 13646 13644 13829 
f 13831 13648 13646 13830 
f 13765 13654 13652 13832 
f 13833 13657 14612 14609 
f 14556 14557 14552 14553 
f 14447 14467 13816 13822 
f 14321 14399 13887 13782 
f 13831 13835 13650 13648 
f 13835 13832 13652 13650 
f 13834 14087 13659 
f 13659 14087 13658 
f 13658 14087 13675 
f 13675 14087 13691 
f 13691 14087 13707 
f 13707 14087 13723 
f 13723 14087 13739 
f 13739 14087 13761 
f 13761 14087 14255 
f 13633 13634 13635 13636 
f 13662 13633 13636 13663 
f 13678 13662 13663 13679 
f 13694 13678 13679 13695 
f 13710 13694 13695 13711 
f 13726 13710 13711 13727 
f 13742 13726 13727 13743 
f 14242 13742 13743 14243 
f 13825 13634 13631 13823 
f 13637 13638 13639 13640 
f 13664 13637 13640 13665 
f 13680 13664 13665 13681 
f 13696 13680 13681 13697 
f 13712 13696 13697 13713 
f 13728 13712 13713 13729 
f 13744 13728 13729 13745 
f 14244 13744 13745 14245 
f 13827 13638 13635 13824 
f 13598 13599 13837 13836 
f 13599 13600 13838 13837 
f 13600 13601 13839 13838 
f 13601 13602 13840 13839 
f 13602 13603 13841 13840 
f 13603 13604 13842 13841 
f 13604 13605 13843 13842 
f 13605 13815 13852 13843 
f 14086 13598 13836 14348 
f 13807 13808 13845 13844 
f 13809 13807 13844 13846 
f 13810 13809 13846 13847 
f 13811 13810 13847 13848 
f 13812 13811 13848 13849 
f 13813 13812 13849 13850 
f 13814 13813 13850 13851 
f 13815 13814 13851 13852 
f 13808 14325 14358 13845 
f 13836 13837 13854 13853 
f 13837 13838 13855 13854 
f 13838 13839 13856 13855 
f 13839 13840 13857 13856 
f 13840 13841 13858 13857 
f 13841 13842 13859 13858 
f 13842 13843 13860 13859 
f 13843 13852 13869 13860 
f 14348 13836 13853 14367 
f 13844 13845 13862 13861 
f 13846 13844 13861 13863 
f 13847 13846 13863 13864 
f 13848 13847 13864 13865 
f 13849 13848 13865 13866 
f 13850 13849 13866 13867 
f 13851 13850 13867 13868 
f 13852 13851 13868 13869 
f 13845 14358 14377 13862 
f 13853 13854 13871 13870 
f 13854 13855 13872 13871 
f 13855 13856 13873 13872 
f 13856 13857 13874 13873 
f 13857 13858 13875 13874 
f 13858 13859 13876 13875 
f 13859 13860 13877 13876 
f 13860 13869 13886 13877 
f 14367 13853 13870 14386 
f 13861 13862 13879 13878 
f 13863 13861 13878 13880 
f 13864 13863 13880 13881 
f 13865 13864 13881 13882 
f 13866 13865 13882 13883 
f 13867 13866 13883 13884 
f 13868 13867 13884 13885 
f 13869 13868 13885 13886 
f 13862 14377 14396 13879 
f 13888 13783 13782 13887 
f 14399 14338 13781 13887 
f 13770 13821 13783 13888 
f 13889 13577 13576 13890 
f 13889 13574 14068 14402 
f 13890 13576 13579 13563 
f 14107 13895 14629 14628 
f 13897 13898 13899 13900 
f 13898 14089 14088 13899 
f 13901 14098 14097 13902 
f 13903 13905 13906 13904 
f 13905 13907 13908 13906 
f 13907 13909 13910 13908 
f 13909 13911 13912 13910 
f 13911 13913 13914 13912 
f 13913 13915 13916 13914 
f 13915 13917 13918 13916 
f 13895 13919 14630 14629 
f 13895 14631 14632 13919 
f 14534 14575 14576 14533 
f 13900 13899 13923 13924 
f 13899 14088 14090 13923 
f 13902 14097 14099 13925 
f 13904 13906 13927 13926 
f 13906 13908 13928 13927 
f 13908 13910 13929 13928 
f 13910 13912 13930 13929 
f 13912 13914 13931 13930 
f 13914 13916 13932 13931 
f 13916 13918 13933 13932 
f 13919 13934 14633 14630 
f 13919 14632 14634 13934 
f 14533 14576 14577 14532 
f 13924 13923 13937 13938 
f 13923 14090 14091 13937 
f 13925 14099 14100 13939 
f 13926 13927 13941 13940 
f 13927 13928 13942 13941 
f 13928 13929 13943 13942 
f 13929 13930 13944 13943 
f 13930 13931 13945 13944 
f 13931 13932 13946 13945 
f 13932 13933 13947 13946 
f 13934 13948 14635 14633 
f 13934 14634 14636 13948 
f 14532 14577 14578 14531 
f 13938 13937 13951 13952 
f 13937 14091 14092 13951 
f 13939 14100 14101 13953 
f 13940 13941 13955 13954 
f 13941 13942 13956 13955 
f 13942 13943 13957 13956 
f 13943 13944 13958 13957 
f 13944 13945 13959 13958 
f 13945 13946 13960 13959 
f 13946 13947 13961 13960 
f 13948 13962 14637 14635 
f 13948 14636 14638 13962 
f 14531 14578 14579 14530 
f 13952 13951 13965 13966 
f 13951 14092 14093 13965 
f 13953 14101 14102 13967 
f 13954 13955 13969 13968 
f 13955 13956 13970 13969 
f 13956 13957 13971 13970 
f 13957 13958 13972 13971 
f 13958 13959 13973 13972 
f 13959 13960 13974 13973 
f 13960 13961 13975 13974 
f 13962 13976 14639 14637 
f 13962 14638 14640 13976 
f 14530 14579 14580 14529 
f 13966 13965 13979 13980 
f 13965 14093 14094 13979 
f 13967 14102 14103 13981 
f 13968 13969 13983 13982 
f 13969 13970 13984 13983 
f 13970 13971 13985 13984 
f 13971 13972 13986 13985 
f 13973 13974 13987 13988 
f 13974 13975 13989 13987 
f 13976 13990 14641 14639 
f 13976 14640 14642 13990 
f 14529 14580 14581 14528 
f 13980 13979 13993 13994 
f 13979 14094 14095 13993 
f 13981 14103 14104 13995 
f 13982 13983 13997 13996 
f 13983 13984 13998 13997 
f 13984 13985 13999 13998 
f 14432 14433 14002 14431 
f 14004 14005 14006 14007 
f 14005 14008 14009 14006 
f 13990 14010 14643 14641 
f 13990 14642 14644 14010 
f 14528 14581 14582 14527 
f 13994 13993 14070 14069 
f 13993 14095 14096 14070 
f 13995 14104 14105 14071 
f 13996 13997 14073 14072 
f 13997 13998 14074 14073 
f 13998 13999 14013 
f 14002 14007 14076 14075 
f 14007 14006 14077 14076 
f 14006 14009 14078 14077 
f 14010 13891 14607 14643 
f 14010 14644 14608 13891 
f 14527 14582 14583 14526 
f 13917 14258 14257 14014 
f 13918 13917 14014 14015 
f 13933 13918 14015 14016 
f 13947 13933 14016 14017 
f 13961 13947 14017 14018 
f 13975 13961 14018 14019 
f 14038 14438 14022 
f 14080 14022 14438 14439 
f 14435 14436 14008 14005 
f 14025 14026 13999 13985 
f 14434 14004 14433 
f 14434 14435 14005 14004 
f 13986 13972 13973 14028 
f 14002 14075 14430 14431 
f 13999 14026 14013 
f 14030 14031 14401 14400 
f 14034 14019 14401 14031 
f 13894 14013 14029 13893 
f 14021 14020 14031 14030 
f 14020 14036 14034 14031 
f 14036 14024 13989 14034 
f 13987 13989 14024 14023 
f 14023 14027 13988 13987 
f 14027 14001 14028 13988 
f 14025 14028 14001 14000 
f 14026 14025 14000 14003 
f 14013 14026 14003 14029 
f 14022 14037 14038 
f 14022 14080 14082 14037 
f 14037 14009 14008 14038 
f 14037 14082 14078 14009 
f 14025 13986 14028 
f 13998 14013 13894 14074 
f 14433 14004 14007 14002 
f 13994 14039 14040 13980 
f 13980 14040 14041 13966 
f 13966 14041 14042 13952 
f 13952 14042 14043 13938 
f 13938 14043 14044 13924 
f 13924 14044 14045 13900 
f 13900 14045 14046 13897 
f 13897 14046 14296 14295 
f 14039 14047 14048 14040 
f 14040 14048 14049 14041 
f 14041 14049 14050 14042 
f 14042 14050 14051 14043 
f 14043 14051 14052 14044 
f 14044 14052 14053 14045 
f 14045 14053 14054 14046 
f 14046 14054 14305 14296 
f 14047 14055 14056 14048 
f 14048 14056 14057 14049 
f 14049 14057 14058 14050 
f 14050 14058 14059 14051 
f 14051 14059 14060 14052 
f 14052 14060 14061 14053 
f 14053 14061 14062 14054 
f 14054 14062 14314 14305 
f 14063 14485 14489 14064 
f 14064 14489 14491 14065 
f 14065 14491 14493 14066 
f 14066 14493 14495 14067 
f 14067 14495 14497 14035 
f 14033 14501 14465 14083 
f 14032 14499 14501 14033 
f 14035 14497 14499 14032 
f 14025 13985 13986 
f 14008 14436 14437 14038 
f 14081 14021 14030 14068 
f 14014 14257 14322 14063 
f 14015 14014 14063 14064 
f 14016 14015 14064 14065 
f 14017 14016 14065 14066 
f 14018 14017 14066 14067 
f 14019 14018 14067 14035 
f 14019 14034 13989 13975 
f 14028 13973 13988 
f 14075 14429 14430 
f 14069 14084 14039 13994 
f 14084 14085 14047 14039 
f 14085 14086 14055 14047 
f 14326 13898 13897 14295 
f 14327 13901 14089 14328 
f 14329 13903 14098 14330 
f 14331 13905 13903 14329 
f 14332 13907 13905 14331 
f 14333 13909 13907 14332 
f 14334 13911 13909 14333 
f 14258 13917 13915 14335 
f 14336 13920 14631 14645 
f 14574 14575 14534 14535 
f 14487 14485 14063 14322 
f 14083 14402 14400 14033 
f 14334 14339 13913 13911 
f 14339 14335 13915 13913 
f 14337 14087 13896 
f 13896 14087 13922 
f 13922 14087 13936 
f 13936 14087 13950 
f 13950 14087 13964 
f 13964 14087 13978 
f 13978 14087 13992 
f 13992 14087 14012 
f 14012 14087 14079 
f 14088 14089 13901 13902 
f 14090 14088 13902 13925 
f 14091 14090 13925 13939 
f 14092 14091 13939 13953 
f 14093 14092 13953 13967 
f 14094 14093 13967 13981 
f 14095 14094 13981 13995 
f 14096 14095 13995 14071 
f 14328 14089 13898 14326 
f 14097 14098 13903 13904 
f 14099 14097 13904 13926 
f 14100 14099 13926 13940 
f 14101 14100 13940 13954 
f 14102 14101 13954 13968 
f 14103 14102 13968 13982 
f 14104 14103 13982 13996 
f 14105 14104 13996 14072 
f 14330 14098 13901 14327 
f 14486 14502 14646 14628 
f 14108 14109 14111 14110 
f 14110 14111 14112 14113 
f 14114 14115 14116 14117 
f 14118 14119 14120 14121 
f 14121 14120 14122 14123 
f 14123 14122 14124 14125 
f 14125 14124 14126 14127 
f 14127 14126 14128 14129 
f 14129 14128 14130 14131 
f 14131 14130 14132 14133 
f 14502 14504 14647 14646 
f 14106 14134 14648 14649 
f 14536 14537 14572 14573 
f 14109 14139 14140 14111 
f 14111 14140 14141 14112 
f 14115 14142 14143 14116 
f 14119 14144 14145 14120 
f 14120 14145 14146 14122 
f 14122 14146 14147 14124 
f 14124 14147 14148 14126 
f 14126 14148 14149 14128 
f 14128 14149 14150 14130 
f 14130 14150 14151 14132 
f 14504 14506 14650 14647 
f 14134 14152 14651 14648 
f 14537 14538 14571 14572 
f 14139 14155 14156 14140 
f 14140 14156 14157 14141 
f 14142 14158 14159 14143 
f 14144 14160 14161 14145 
f 14145 14161 14162 14146 
f 14146 14162 14163 14147 
f 14147 14163 14164 14148 
f 14148 14164 14165 14149 
f 14149 14165 14166 14150 
f 14150 14166 14167 14151 
f 14506 14508 14652 14650 
f 14152 14168 14653 14651 
f 14538 14539 14570 14571 
f 14155 14171 14172 14156 
f 14156 14172 14173 14157 
f 14158 14174 14175 14159 
f 14160 14176 14177 14161 
f 14161 14177 14178 14162 
f 14162 14178 14179 14163 
f 14163 14179 14180 14164 
f 14164 14180 14181 14165 
f 14165 14181 14182 14166 
f 14166 14182 14183 14167 
f 14508 14510 14654 14652 
f 14168 14184 14655 14653 
f 14539 14540 14569 14570 
f 14171 14187 14188 14172 
f 14172 14188 14189 14173 
f 14174 14190 14191 14175 
f 14176 14192 14193 14177 
f 14177 14193 14194 14178 
f 14178 14194 14195 14179 
f 14179 14195 14196 14180 
f 14180 14196 14197 14181 
f 14181 14197 14198 14182 
f 14182 14198 14199 14183 
f 14510 14512 14656 14654 
f 14184 14200 14657 14655 
f 14540 14541 14568 14569 
f 14187 14203 14204 14188 
f 14188 14204 14205 14189 
f 14190 14206 14207 14191 
f 14192 14208 14209 14193 
f 14193 14209 14210 14194 
f 14194 14210 14211 14195 
f 14195 14211 14212 14196 
f 14197 14213 14214 14198 
f 14198 14214 14215 14199 
f 14512 14514 14658 14656 
f 14200 14216 14659 14657 
f 14541 14542 14567 14568 
f 14203 14219 14220 14204 
f 14204 14220 14221 14205 
f 14206 14222 14223 14207 
f 14208 14224 14225 14209 
f 14209 14225 14226 14210 
f 14210 14226 14227 14211 
f 14420 14421 14230 14419 
f 14232 14233 14234 14235 
f 14235 14234 14236 14283 
f 14514 14516 14660 14658 
f 14216 14237 14661 14659 
f 14542 14543 14566 14567 
f 14219 14240 14241 14220 
f 14220 14241 14242 14221 
f 14222 14243 14244 14223 
f 14224 14245 14246 14225 
f 14225 14246 14247 14226 
f 14226 14248 14227 
f 14230 14249 14250 14233 
f 14233 14250 14251 14234 
f 14234 14251 14252 14236 
f 14516 14482 14626 14660 
f 14237 14253 14627 14661 
f 14543 14544 14565 14566 
f 14133 14256 14257 14258 
f 14132 14259 14256 14133 
f 14151 14260 14259 14132 
f 14167 14261 14260 14151 
f 14183 14262 14261 14167 
f 14199 14263 14262 14183 
f 14414 14265 14413 
f 14267 14412 14413 14265 
f 14417 14235 14283 14416 
f 14271 14211 14227 14272 
f 14418 14419 14232 
f 14418 14232 14235 14417 
f 14212 14274 14197 14196 
f 14230 14421 14422 14249 
f 14227 14248 14272 
f 14276 14397 14398 14279 
f 14280 14279 14398 14263 
f 14281 14275 14248 14286 
f 14276 14279 14264 14266 
f 14279 14280 14282 14264 
f 14280 14215 14270 14282 
f 14269 14270 14215 14214 
f 14214 14213 14273 14269 
f 14213 14274 14231 14273 
f 14228 14231 14274 14271 
f 14229 14228 14271 14272 
f 14275 14229 14272 14248 
f 14414 14283 14284 14265 
f 14265 14284 14285 14267 
f 14284 14283 14236 
f 14284 14236 14252 14285 
f 14271 14274 14212 
f 14226 14247 14286 14248 
f 14419 14230 14233 14232 
f 14219 14203 14287 14288 
f 14203 14187 14289 14287 
f 14187 14171 14290 14289 
f 14171 14155 14291 14290 
f 14155 14139 14292 14291 
f 14139 14109 14293 14292 
f 14109 14108 14294 14293 
f 14108 14295 14296 14294 
f 14288 14287 14297 14298 
f 14287 14289 14299 14297 
f 14289 14290 14300 14299 
f 14290 14291 14301 14300 
f 14291 14292 14302 14301 
f 14292 14293 14303 14302 
f 14293 14294 14304 14303 
f 14294 14296 14305 14304 
f 14298 14297 14306 14307 
f 14297 14299 14308 14306 
f 14299 14300 14309 14308 
f 14300 14301 14310 14309 
f 14301 14302 14311 14310 
f 14302 14303 14312 14311 
f 14303 14304 14313 14312 
f 14304 14305 14314 14313 
f 14315 14316 14505 14503 
f 14316 14317 14507 14505 
f 14317 14318 14509 14507 
f 14318 14319 14511 14509 
f 14319 14320 14513 14511 
f 14277 14321 14483 14517 
f 14278 14277 14517 14515 
f 14320 14278 14515 14513 
f 14271 14212 14211 
f 14283 14415 14416 
f 14283 14414 14415 
f 14268 14338 14276 14266 
f 14256 14315 14322 14257 
f 14259 14316 14315 14256 
f 14260 14317 14316 14259 
f 14261 14318 14317 14260 
f 14262 14319 14318 14261 
f 14263 14320 14319 14262 
f 14263 14199 14215 14280 
f 14274 14213 14197 
f 14249 14422 14423 
f 14240 14219 14288 14323 
f 14323 14288 14298 14324 
f 14324 14298 14307 14325 
f 14326 14295 14108 14110 
f 14327 14328 14113 14114 
f 14329 14330 14117 14118 
f 14331 14329 14118 14121 
f 14332 14331 14121 14123 
f 14333 14332 14123 14125 
f 14334 14333 14125 14127 
f 14258 14335 14131 14133 
f 14336 14645 14649 14136 
f 14574 14535 14536 14573 
f 14487 14322 14315 14503 
f 14321 14277 14397 14399 
f 14334 14127 14129 14339 
f 14339 14129 14131 14335 
f 14337 14138 14087 
f 14138 14137 14087 
f 14137 14154 14087 
f 14154 14170 14087 
f 14170 14186 14087 
f 14186 14202 14087 
f 14202 14218 14087 
f 14218 14239 14087 
f 14239 14255 14087 
f 14112 14115 14114 14113 
f 14141 14142 14115 14112 
f 14157 14158 14142 14141 
f 14173 14174 14158 14157 
f 14189 14190 14174 14173 
f 14205 14206 14190 14189 
f 14221 14222 14206 14205 
f 14242 14243 14222 14221 
f 14328 14326 14110 14113 
f 14116 14119 14118 14117 
f 14143 14144 14119 14116 
f 14159 14160 14144 14143 
f 14175 14176 14160 14159 
f 14191 14192 14176 14175 
f 14207 14208 14192 14191 
f 14223 14224 14208 14207 
f 14244 14245 14224 14223 
f 14330 14327 14114 14117 
f 14055 14340 14341 14056 
f 14056 14341 14342 14057 
f 14057 14342 14343 14058 
f 14058 14343 14344 14059 
f 14059 14344 14345 14060 
f 14060 14345 14346 14061 
f 14061 14346 14347 14062 
f 14062 14347 14357 14314 
f 14086 14348 14340 14055 
f 14306 14349 14350 14307 
f 14308 14351 14349 14306 
f 14309 14352 14351 14308 
f 14310 14353 14352 14309 
f 14311 14354 14353 14310 
f 14312 14355 14354 14311 
f 14313 14356 14355 14312 
f 14314 14357 14356 14313 
f 14307 14350 14358 14325 
f 14340 14359 14360 14341 
f 14341 14360 14361 14342 
f 14342 14361 14362 14343 
f 14343 14362 14363 14344 
f 14344 14363 14364 14345 
f 14345 14364 14365 14346 
f 14346 14365 14366 14347 
f 14347 14366 14376 14357 
f 14348 14367 14359 14340 
f 14349 14368 14369 14350 
f 14351 14370 14368 14349 
f 14352 14371 14370 14351 
f 14353 14372 14371 14352 
f 14354 14373 14372 14353 
f 14355 14374 14373 14354 
f 14356 14375 14374 14355 
f 14357 14376 14375 14356 
f 14350 14369 14377 14358 
f 14359 14378 14379 14360 
f 14360 14379 14380 14361 
f 14361 14380 14381 14362 
f 14362 14381 14382 14363 
f 14363 14382 14383 14364 
f 14364 14383 14384 14365 
f 14365 14384 14385 14366 
f 14366 14385 14395 14376 
f 14367 14386 14378 14359 
f 14368 14387 14388 14369 
f 14370 14389 14387 14368 
f 14371 14390 14389 14370 
f 14372 14391 14390 14371 
f 14373 14392 14391 14372 
f 14374 14393 14392 14373 
f 14375 14394 14393 14374 
f 14376 14395 14394 14375 
f 14369 14388 14396 14377 
f 14398 14397 14277 14278 
f 14399 14397 14276 14338 
f 14263 14398 14278 14320 
f 14400 14401 14032 14033 
f 14400 14402 14068 14030 
f 14401 14019 14035 14032 
f 13750 13749 14404 14403 
f 13749 13752 14405 14404 
f 13752 13778 14406 14405 
f 13778 13774 14407 14406 
f 13774 13775 14408 14407 
f 13775 13786 14409 14408 
f 13786 13771 14410 14409 
f 13771 13773 14411 14410 
f 13773 14268 14412 14411 
f 14268 14266 14413 14412 
f 14266 14264 14414 14413 
f 14264 14282 14415 14414 
f 14282 14270 14416 14415 
f 14270 14269 14417 14416 
f 14269 14273 14418 14417 
f 14273 14231 14419 14418 
f 14231 14228 14420 14419 
f 14228 14229 14421 14420 
f 14229 14275 14422 14421 
f 14275 14281 14423 14422 
f 14281 13780 14424 14423 
f 13780 13750 14403 14424 
f 13545 13544 14426 14425 
f 13544 13547 14427 14426 
f 13547 13573 14428 14427 
f 13573 13893 14429 14428 
f 13893 14029 14430 14429 
f 14029 14003 14431 14430 
f 14003 14000 14432 14431 
f 14000 14001 14433 14432 
f 14001 14027 14434 14433 
f 14027 14023 14435 14434 
f 14023 14024 14436 14435 
f 14024 14036 14437 14436 
f 14036 14020 14038 14437 
f 14020 14021 14438 14038 
f 14021 14081 14439 14438 
f 14081 13565 14440 14439 
f 13565 13564 14441 14440 
f 13564 13580 14442 14441 
f 13580 13568 14443 14442 
f 13568 13567 14444 14443 
f 13567 13571 14445 14444 
f 13571 13545 14425 14445 
f 14449 14451 14450 14448 
f 14451 14453 14452 14450 
f 14453 14455 14454 14452 
f 14455 14457 14456 14454 
f 14457 14459 14458 14456 
f 14463 14465 14464 14462 
f 14461 14463 14462 14460 
f 14459 14461 14460 14458 
f 14447 14449 14448 14446 
f 14469 14467 14466 14468 
f 14471 14469 14468 14470 
f 14473 14471 14470 14472 
f 14475 14473 14472 14474 
f 14477 14475 14474 14476 
f 14483 14481 14480 14482 
f 14481 14479 14478 14480 
f 14479 14477 14476 14478 
f 14467 14447 14446 14466 
f 14489 14485 14484 14488 
f 14491 14489 14488 14490 
f 14493 14491 14490 14492 
f 14495 14493 14492 14494 
f 14497 14495 14494 14496 
f 14465 14501 14500 14464 
f 14501 14499 14498 14500 
f 14499 14497 14496 14498 
f 14485 14487 14486 14484 
f 14503 14505 14504 14502 
f 14505 14507 14506 14504 
f 14507 14509 14508 14506 
f 14509 14511 14510 14508 
f 14511 14513 14512 14510 
f 14517 14483 14482 14516 
f 14515 14517 14516 14514 
f 14513 14515 14514 14512 
f 14487 14503 14502 14486 
f 13464 13465 14519 14518 
f 13465 13479 14520 14519 
f 13479 13493 14521 14520 
f 13493 13507 14522 14521 
f 13507 13521 14523 14522 
f 13521 13535 14524 14523 
f 13535 13555 14525 14524 
f 13555 13892 14526 14525 
f 13892 14011 14527 14526 
f 14011 13991 14528 14527 
f 13991 13977 14529 14528 
f 13977 13963 14530 14529 
f 13963 13949 14531 14530 
f 13949 13935 14532 14531 
f 13935 13921 14533 14532 
f 13921 13920 14534 14533 
f 13920 14336 14535 14534 
f 14336 14136 14536 14535 
f 14136 14135 14537 14536 
f 14135 14153 14538 14537 
f 14153 14169 14539 14538 
f 14169 14185 14540 14539 
f 14185 14201 14541 14540 
f 14201 14217 14542 14541 
f 14217 14238 14543 14542 
f 14238 14254 14544 14543 
f 14254 13760 14545 14544 
f 13760 13738 14546 14545 
f 13738 13722 14547 14546 
f 13722 13706 14548 14547 
f 13706 13690 14549 14548 
f 13690 13674 14550 14549 
f 13674 13656 14551 14550 
f 13656 13657 14552 14551 
f 13657 13833 14553 14552 
f 13833 13464 14518 14553 
f 13466 13440 14555 14554 
f 13440 13834 14556 14555 
f 13834 13659 14557 14556 
f 13659 13658 14558 14557 
f 13658 13675 14559 14558 
f 13675 13691 14560 14559 
f 13691 13707 14561 14560 
f 13707 13723 14562 14561 
f 13723 13739 14563 14562 
f 13739 13761 14564 14563 
f 13761 14255 14565 14564 
f 14255 14239 14566 14565 
f 14239 14218 14567 14566 
f 14218 14202 14568 14567 
f 14202 14186 14569 14568 
f 14186 14170 14570 14569 
f 14170 14154 14571 14570 
f 14154 14137 14572 14571 
f 14137 14138 14573 14572 
f 14138 14337 14574 14573 
f 14337 13896 14575 14574 
f 13896 13922 14576 14575 
f 13922 13936 14577 14576 
f 13936 13950 14578 14577 
f 13950 13964 14579 14578 
f 13964 13978 14580 14579 
f 13978 13992 14581 14580 
f 13992 14012 14582 14581 
f 14012 14079 14583 14582 
f 14079 13556 14584 14583 
f 13556 13536 14585 14584 
f 13536 13522 14586 14585 
f 13522 13508 14587 14586 
f 13508 13494 14588 14587 
f 13494 13480 14589 14588 
f 13480 13466 14554 14589 
f 14590 13439 13628 14591 
f 14592 13463 13439 14590 
f 14593 13465 13464 14594 
f 14595 13478 13463 14592 
f 14596 13479 13465 14593 
f 14597 13492 13478 14595 
f 14598 13493 13479 14596 
f 14599 13506 13492 14597 
f 14600 13507 13493 14598 
f 14601 13520 13506 14599 
f 14602 13521 13507 14600 
f 14603 13534 13520 14601 
f 14604 13535 13521 14602 
f 14605 13554 13534 14603 
f 14606 13555 13535 14604 
f 14607 13891 13554 14605 
f 14608 13892 13555 14606 
f 14609 13628 13439 14594 
f 14610 14466 14446 14591 
f 14611 14468 14466 14610 
f 14612 13657 13656 14613 
f 14614 14470 14468 14611 
f 14613 13656 13674 14615 
f 14616 14472 14470 14614 
f 14615 13674 13690 14617 
f 14618 14474 14472 14616 
f 14617 13690 13706 14619 
f 14620 14476 14474 14618 
f 14619 13706 13722 14621 
f 14622 14478 14476 14620 
f 14621 13722 13738 14623 
f 14624 14480 14478 14622 
f 14623 13738 13760 14625 
f 14626 14482 14480 14624 
f 14625 13760 14254 14627 
f 14612 13627 13628 14609 
f 14629 14484 14486 14628 
f 14630 14488 14484 14629 
f 14631 13920 13921 14632 
f 14633 14490 14488 14630 
f 14632 13921 13935 14634 
f 14635 14492 14490 14633 
f 14634 13935 13949 14636 
f 14637 14494 14492 14635 
f 14636 13949 13963 14638 
f 14639 14496 14494 14637 
f 14638 13963 13977 14640 
f 14641 14498 14496 14639 
f 14640 13977 13991 14642 
f 14643 14500 14498 14641 
f 14642 13991 14011 14644 
f 14607 14464 14500 14643 
f 14644 14011 13892 14608 
f 14631 13895 14107 14645 
f 14646 14106 14107 14628 
f 14647 14134 14106 14646 
f 14648 14135 14136 14649 
f 14650 14152 14134 14647 
f 14651 14153 14135 14648 
f 14652 14168 14152 14650 
f 14653 14169 14153 14651 
f 14654 14184 14168 14652 
f 14655 14185 14169 14653 
f 14656 14200 14184 14654 
f 14657 14201 14185 14655 
f 14658 14216 14200 14656 
f 14659 14217 14201 14657 
f 14660 14237 14216 14658 
f 14661 14238 14217 14659 
f 14626 14253 14237 14660 
f 14627 14254 14238 14661 
f 14645 14107 14106 14649 
# 13298 polygons - 865 triangles

