# 3ds Max Wavefront OBJ Exporter v0.97b - (c)2007 guruware
# File Created: 01.02.2022 17:55:55

#
# object 45210
#

v  0.1187 -2.4755 -16.3443
v  0.4993 -2.4755 -15.4255
v  0.4732 -2.6589 -15.4255
v  0.4952 -2.5660 -15.4255
v  0.1158 -2.5660 -16.3414
v  0.1003 -2.6589 -16.3258
v  0.0709 -2.7499 -16.2965
v  0.0281 -2.8327 -16.2537
v  -0.0260 -2.9018 -16.1996
v  -0.0880 -2.9530 -16.1376
v  -0.1536 -2.9847 -16.0720
v  -0.2186 -2.9969 -16.0070
v  -0.2825 -2.9928 -15.9431
v  -0.3483 -2.9713 -15.8773
v  -0.4126 -2.9298 -15.8130
v  -0.4712 -2.8693 -15.7544
v  -0.5201 -2.7927 -15.7056
v  -0.5563 -2.7050 -15.6693
v  -0.5786 -2.6124 -15.6470
v  -0.5877 -2.5204 -15.6380
v  -0.5847 -2.4299 -15.6409
v  -0.5692 -2.3369 -15.6564
v  -0.5399 -2.2460 -15.6858
v  -0.4971 -2.1631 -15.7286
v  -0.4429 -2.0941 -15.7827
v  -0.3809 -2.0429 -15.8447
v  -0.3154 -2.0112 -15.9102
v  -0.2504 -1.9985 -15.9752
v  -0.1864 -2.0026 -16.0392
v  -0.1206 -2.0246 -16.1050
v  -0.0563 -2.0661 -16.1693
v  0.0023 -2.1266 -16.2279
v  0.0511 -2.2032 -16.2767
v  0.0873 -2.2908 -16.3129
v  0.1093 -2.3837 -16.3349
v  0.4866 -2.3835 -15.4255
v  0.4549 -2.2908 -15.4255
v  0.4037 -2.2032 -15.4255
v  0.3346 -2.1266 -15.4255
v  0.2518 -2.0661 -15.4255
v  0.1609 -2.0246 -15.4255
v  0.0679 -2.0026 -15.4254
v  -0.0226 -1.9985 -15.4254
v  -0.1146 -2.0112 -15.4254
v  -0.2073 -2.0429 -15.4254
v  -0.2945 -2.0946 -15.4254
v  -0.3710 -2.1636 -15.4254
v  -0.4320 -2.2460 -15.4254
v  -0.4735 -2.3369 -15.4254
v  -0.4955 -2.4299 -15.4254
v  -0.4996 -2.5204 -15.4254
v  -0.4869 -2.6124 -15.4254
v  -0.4552 -2.7050 -15.4254
v  -0.4040 -2.7927 -15.4254
v  -0.3350 -2.8693 -15.4254
v  -0.2521 -2.9298 -15.4254
v  -0.1612 -2.9713 -15.4254
v  -0.0682 -2.9933 -15.4254
v  0.0223 -2.9969 -15.4254
v  0.1141 -2.9841 -15.4254
v  0.2070 -2.9530 -15.4255
v  0.2946 -2.9018 -15.4255
v  0.3712 -2.8327 -15.4255
v  0.4317 -2.7499 -15.4255
v  0.3567 -2.8333 -15.6058
v  0.3205 -2.1260 -15.6002
v  0.2320 -2.5662 -16.2081
v  0.2144 -2.6594 -16.1947
v  0.1811 -2.7505 -16.1695
v  0.1327 -2.8334 -16.1328
v  0.0714 -2.9024 -16.0864
v  0.0015 -2.9535 -16.0333
v  -0.0724 -2.9849 -15.9773
v  -0.1456 -2.9975 -15.9218
v  -0.2176 -2.9931 -15.8672
v  -0.2916 -2.9710 -15.8111
v  -0.3639 -2.9295 -15.7563
v  -0.4297 -2.8690 -15.7063
v  -0.4846 -2.7925 -15.6647
v  -0.5254 -2.7049 -15.6338
v  -0.5506 -2.6123 -15.6147
v  -0.5607 -2.5204 -15.6070
v  -0.5574 -2.4300 -15.6095
v  -0.5399 -2.3371 -15.6228
v  -0.5069 -2.2462 -15.6478
v  -0.4588 -2.1634 -15.6843
v  -0.3979 -2.0944 -15.7305
v  -0.3282 -2.0431 -15.7833
v  -0.2545 -2.0114 -15.8392
v  -0.1814 -1.9985 -15.8947
v  -0.1094 -2.0025 -15.9493
v  -0.0353 -2.0242 -16.0055
v  0.0373 -2.0655 -16.0605
v  0.1034 -2.1259 -16.1106
v  0.1587 -2.2025 -16.1525
v  0.1997 -2.2903 -16.1836
v  0.2251 -2.3832 -16.2028
v  0.2353 -2.4754 -16.2106
v  0.3321 -2.4754 -16.0629
v  0.4288 -2.4754 -15.8477
v  0.4838 -2.4754 -15.6256
v  0.2385 -2.0656 -15.5873
v  0.1485 -2.0243 -15.5733
v  0.0567 -2.0025 -15.5590
v  -0.0327 -1.9987 -15.5451
v  -0.1234 -2.0115 -15.5310
v  -0.2150 -2.0428 -15.5167
v  -0.3012 -2.0944 -15.5032
v  -0.3766 -2.1636 -15.4915
v  -0.4365 -2.2461 -15.4821
v  -0.4775 -2.3370 -15.4757
v  -0.4991 -2.4300 -15.4724
v  -0.5032 -2.5204 -15.4717
v  -0.4906 -2.6123 -15.4736
v  -0.4594 -2.7049 -15.4786
v  -0.4089 -2.7925 -15.4864
v  -0.3408 -2.8691 -15.4971
v  -0.2590 -2.9296 -15.5098
v  -0.1693 -2.9711 -15.5238
v  -0.0776 -2.9932 -15.5381
v  0.0117 -2.9968 -15.5520
v  0.1023 -2.9840 -15.5661
v  0.1938 -2.9527 -15.5804
v  0.2802 -2.9015 -15.5939
v  0.4797 -2.5661 -15.6250
v  0.4579 -2.6593 -15.6216
v  0.4249 -2.5660 -15.8463
v  0.3285 -2.5661 -16.0609
v  0.4041 -2.6590 -15.8392
v  0.3093 -2.6593 -16.0501
v  0.4167 -2.7504 -15.6151
v  0.3648 -2.7500 -15.8257
v  0.2729 -2.7504 -16.0297
v  0.3075 -2.8329 -15.8060
v  0.2201 -2.8333 -15.9999
v  0.2350 -2.9019 -15.7811
v  0.1521 -2.9531 -15.7526
v  0.0644 -2.9847 -15.7225
v  -0.0225 -2.9974 -15.6926
v  0.1531 -2.9022 -15.9622
v  0.0767 -2.9533 -15.9192
v  -0.0041 -2.9848 -15.8737
v  -0.0842 -2.9975 -15.8286
v  -0.1081 -2.9933 -15.6632
v  -0.1960 -2.9713 -15.6330
v  -0.2820 -2.9298 -15.6034
v  -0.3603 -2.8693 -15.5765
v  -0.1629 -2.9932 -15.7842
v  -0.2438 -2.9711 -15.7387
v  -0.3230 -2.9296 -15.6942
v  -0.3950 -2.8691 -15.6536
v  -0.4256 -2.7927 -15.5541
v  -0.4741 -2.7051 -15.5375
v  -0.5040 -2.6124 -15.5272
v  -0.5160 -2.5204 -15.5230
v  -0.4551 -2.7925 -15.6197
v  -0.4997 -2.7049 -15.5946
v  -0.5272 -2.6123 -15.5791
v  -0.5383 -2.5204 -15.5729
v  -0.5121 -2.4299 -15.5243
v  -0.4913 -2.3369 -15.5315
v  -0.4521 -2.2460 -15.5450
v  -0.3949 -2.1631 -15.5646
v  -0.5348 -2.4299 -15.5749
v  -0.5156 -2.3370 -15.5857
v  -0.4795 -2.2461 -15.6060
v  -0.4268 -2.1633 -15.6357
v  -0.3224 -2.0942 -15.5896
v  -0.2395 -2.0431 -15.6181
v  -0.1518 -2.0117 -15.6482
v  -0.0650 -1.9989 -15.6780
v  -0.3602 -2.0943 -15.6732
v  -0.2840 -2.0430 -15.7161
v  -0.2033 -2.0113 -15.7615
v  -0.1233 -1.9991 -15.8066
v  0.0205 -2.0028 -15.7074
v  0.1085 -2.0245 -15.7376
v  0.1945 -2.0660 -15.7671
v  0.2729 -2.1264 -15.7941
v  -0.0445 -2.0025 -15.8509
v  0.0365 -2.0243 -15.8965
v  0.1158 -2.0657 -15.9412
v  0.1881 -2.1261 -15.9818
v  0.3889 -2.2026 -15.6108
v  0.4397 -2.2904 -15.6188
v  0.3383 -2.2030 -15.8165
v  0.2485 -2.2027 -16.0159
v  0.3868 -2.2907 -15.8331
v  0.2932 -2.2904 -16.0411
v  0.4711 -2.3832 -15.6236
v  0.4167 -2.3835 -15.8435
v  0.3209 -2.3833 -16.0567
v  -0.0086 -2.4755 -16.4715
v  -0.0116 -2.5660 -16.4686
v  -0.0271 -2.6589 -16.4531
v  -0.0564 -2.7498 -16.4237
v  -0.0992 -2.8327 -16.3809
v  -0.1534 -2.9017 -16.3268
v  -0.2153 -2.9529 -16.2648
v  -0.2809 -2.9846 -16.1993
v  -0.3458 -2.9973 -16.1343
v  -0.4098 -2.9932 -16.0703
v  -0.4756 -2.9712 -16.0046
v  -0.5399 -2.9297 -15.9403
v  -0.5984 -2.8692 -15.8817
v  -0.6473 -2.7926 -15.8329
v  -0.6835 -2.7050 -15.7967
v  -0.7058 -2.6123 -15.7743
v  -0.7149 -2.5204 -15.7653
v  -0.7119 -2.4299 -15.7682
v  -0.6964 -2.3370 -15.7838
v  -0.6671 -2.2461 -15.8131
v  -0.6243 -2.1632 -15.8559
v  -0.5701 -2.0942 -15.9100
v  -0.5082 -2.0430 -15.9720
v  -0.4426 -2.0113 -16.0375
v  -0.3776 -1.9985 -16.1025
v  -0.3137 -2.0027 -16.1665
v  -0.2479 -2.0247 -16.2322
v  -0.1836 -2.0662 -16.2965
v  -0.1251 -2.1267 -16.3551
v  -0.0762 -2.2032 -16.4039
v  -0.0400 -2.2909 -16.4401
v  -0.0177 -2.3836 -16.4625
v  0.4993 -2.4755 -15.2454
v  0.4732 -2.6589 -15.2454
v  0.4952 -2.5660 -15.2454
v  0.4866 -2.3835 -15.2454
v  0.4549 -2.2908 -15.2454
v  0.4037 -2.2032 -15.2454
v  0.3346 -2.1266 -15.2454
v  0.2518 -2.0661 -15.2454
v  0.1609 -2.0246 -15.2454
v  0.0679 -2.0026 -15.2454
v  -0.0226 -1.9984 -15.2454
v  -0.1146 -2.0112 -15.2454
v  -0.2073 -2.0429 -15.2454
v  -0.2949 -2.0941 -15.2454
v  -0.3715 -2.1632 -15.2454
v  -0.4320 -2.2460 -15.2454
v  -0.4735 -2.3369 -15.2454
v  -0.4955 -2.4299 -15.2454
v  -0.4996 -2.5204 -15.2454
v  -0.4869 -2.6124 -15.2454
v  -0.4552 -2.7050 -15.2454
v  -0.4040 -2.7927 -15.2454
v  -0.3350 -2.8693 -15.2454
v  -0.2521 -2.9298 -15.2454
v  -0.1612 -2.9713 -15.2454
v  -0.0682 -2.9933 -15.2454
v  0.0223 -2.9974 -15.2454
v  0.1143 -2.9847 -15.2454
v  0.2070 -2.9530 -15.2454
v  0.2946 -2.9018 -15.2454
v  0.3712 -2.8327 -15.2454
v  0.4317 -2.7499 -15.2454
v  -0.0510 -2.4779 -16.4716
v  -0.0524 -2.5624 -16.4700
v  -0.0673 -2.6501 -16.4552
v  -0.0952 -2.7359 -16.4273
v  -0.1358 -2.8138 -16.3867
v  -0.1871 -2.8785 -16.3355
v  -0.2456 -2.9263 -16.2769
v  -0.3074 -2.9554 -16.2152
v  -0.3685 -2.9668 -16.1541
v  -0.4287 -2.9631 -16.0939
v  -0.4897 -2.9429 -16.0328
v  -0.5517 -2.9024 -15.9709
v  -0.6061 -2.8463 -15.9164
v  -0.6514 -2.7750 -15.8711
v  -0.6852 -2.6932 -15.8373
v  -0.7064 -2.6060 -15.8162
v  -0.7153 -2.5199 -15.8073
v  -0.7120 -2.4337 -15.8106
v  -0.6976 -2.3462 -15.8250
v  -0.6704 -2.2619 -15.8522
v  -0.6296 -2.1829 -15.8930
v  -0.5789 -2.1193 -15.9437
v  -0.5209 -2.0706 -16.0016
v  -0.4594 -2.0402 -16.0631
v  -0.3983 -2.0277 -16.1242
v  -0.3380 -2.0312 -16.1845
v  -0.2760 -2.0516 -16.2465
v  -0.2152 -2.0904 -16.3073
v  -0.1597 -2.1474 -16.3628
v  -0.1134 -2.2196 -16.4090
v  -0.0792 -2.3024 -16.4433
v  -0.0594 -2.3903 -16.4632
v  -0.1093 -2.4814 -16.4133
v  -0.1105 -2.5510 -16.4121
v  -0.1227 -2.6234 -16.3999
v  -0.1457 -2.6941 -16.3769
v  -0.1792 -2.7583 -16.3434
v  -0.2215 -2.8117 -16.3011
v  -0.2697 -2.8511 -16.2528
v  -0.3207 -2.8751 -16.2019
v  -0.3710 -2.8845 -16.1516
v  -0.4207 -2.8814 -16.1019
v  -0.4710 -2.8648 -16.0516
v  -0.5221 -2.8314 -16.0005
v  -0.5670 -2.7851 -15.9556
v  -0.6043 -2.7263 -15.9183
v  -0.6322 -2.6589 -15.8904
v  -0.6496 -2.5870 -15.8730
v  -0.6570 -2.5160 -15.8656
v  -0.6543 -2.4450 -15.8683
v  -0.6424 -2.3728 -15.8802
v  -0.6199 -2.3033 -15.9027
v  -0.5863 -2.2382 -15.9363
v  -0.5445 -2.1857 -15.9781
v  -0.4967 -2.1456 -16.0259
v  -0.4460 -2.1206 -16.0766
v  -0.3956 -2.1102 -16.1269
v  -0.3460 -2.1131 -16.1766
v  -0.2948 -2.1299 -16.2278
v  -0.2446 -2.1619 -16.2779
v  -0.1989 -2.2089 -16.3237
v  -0.1608 -2.2684 -16.3618
v  -0.1325 -2.3367 -16.3901
v  -0.1162 -2.4092 -16.4064
v  -0.4668 -2.1517 -16.0982
v  -0.5371 -2.2018 -16.5717
v  -0.5673 -2.2638 -16.5422
v  -0.5783 -2.1707 -16.5306
v  -0.6018 -2.2381 -16.5077
v  -0.6265 -2.1501 -16.4829
v  -0.6384 -2.2226 -16.4711
v  -0.6764 -2.1436 -16.4331
v  -0.6764 -2.2177 -16.4331
v  -0.7295 -2.1515 -16.3799
v  -0.7135 -2.2227 -16.3959
v  -0.7764 -2.1724 -16.3330
v  -0.7508 -2.2381 -16.3586
v  -0.8194 -2.2062 -16.2899
v  -0.7852 -2.2638 -16.3243
v  -0.8538 -2.2467 -16.2552
v  -0.8165 -2.2998 -16.2929
v  -0.8823 -2.2949 -16.2261
v  -0.8419 -2.3435 -16.2676
v  -0.9070 -2.3579 -16.2023
v  -0.8601 -2.3923 -16.2494
v  -0.9222 -2.4265 -16.1873
v  -0.8711 -2.4441 -16.2384
v  -0.9271 -2.4979 -16.1824
v  -0.8748 -2.4973 -16.2347
v  -0.9212 -2.5754 -16.1883
v  -0.8713 -2.5507 -16.2382
v  -0.9062 -2.6405 -16.2031
v  -0.8602 -2.6033 -16.2492
v  -0.8836 -2.6984 -16.2252
v  -0.8418 -2.6529 -16.2677
v  -0.8544 -2.7484 -16.2543
v  -0.8164 -2.6966 -16.2931
v  -0.8199 -2.7894 -16.2887
v  -0.7855 -2.7321 -16.3240
v  -0.7767 -2.8235 -16.3323
v  -0.7510 -2.7578 -16.3585
v  -0.7277 -2.8454 -16.3817
v  -0.7144 -2.7733 -16.3950
v  -0.6755 -2.8528 -16.4340
v  -0.6769 -2.7785 -16.4326
v  -0.6225 -2.8443 -16.4870
v  -0.6391 -2.7735 -16.4704
v  -0.5768 -2.8244 -16.5321
v  -0.6013 -2.7579 -16.5082
v  -0.5349 -2.7923 -16.5736
v  -0.5666 -2.7318 -16.5429
v  -0.4991 -2.7509 -16.6094
v  -0.5359 -2.6961 -16.5736
v  -0.4687 -2.7001 -16.6395
v  -0.5110 -2.6529 -16.5985
v  -0.4449 -2.6386 -16.6635
v  -0.4927 -2.6044 -16.6168
v  -0.4301 -2.5704 -16.6788
v  -0.4816 -2.5526 -16.6279
v  -0.4248 -2.4964 -16.6841
v  -0.4778 -2.4989 -16.6317
v  -0.4308 -2.4229 -16.6784
v  -0.4814 -2.4447 -16.6281
v  -0.4476 -2.3526 -16.6619
v  -0.4926 -2.3925 -16.6169
v  -0.4715 -2.2927 -16.6378
v  -0.5111 -2.3430 -16.5984
v  -0.5017 -2.2423 -16.6072
v  -0.5364 -2.2993 -16.5730
v  -0.4723 -2.1616 -16.5595
v  -0.5301 -2.1179 -16.5023
v  -0.5821 -2.0959 -16.4498
v  -0.6420 -2.0884 -16.3896
v  -0.7038 -2.0991 -16.3279
v  -0.7517 -2.1215 -16.2800
v  -0.8014 -2.1603 -16.2302
v  -0.8414 -2.2066 -16.1909
v  -0.8728 -2.2589 -16.1590
v  -0.9029 -2.3334 -16.1296
v  -0.9274 -2.4976 -16.1470
v  -0.9208 -2.5813 -16.1510
v  -0.9036 -2.6547 -16.1661
v  -0.8795 -2.7156 -16.1886
v  -0.8507 -2.7658 -16.2159
v  -0.8103 -2.8153 -16.2540
v  -0.7591 -2.8558 -16.3035
v  -0.7049 -2.8804 -16.3552
v  -0.6479 -2.8892 -16.4101
v  -0.5866 -2.8810 -16.4687
v  -0.5319 -2.8566 -16.5214
v  -0.4818 -2.8174 -16.5696
v  -0.4436 -2.7730 -16.6058
v  -0.4107 -2.7185 -16.6370
v  -0.3838 -2.6527 -16.6620
v  -0.3650 -2.5774 -16.6784
v  -0.3573 -2.4954 -16.6841
v  -0.3617 -2.4162 -16.6782
v  -0.3769 -2.3398 -16.6613
v  -0.4009 -2.2704 -16.6349
v  -0.4311 -2.2131 -16.6023
v  -0.9052 -2.3472 -16.1707
v  -0.9220 -2.4228 -16.1532
v  -0.9274 -2.4979 -16.1046
v  -0.9218 -2.4182 -16.1105
v  -0.9117 -2.4979 -16.1511
v  -0.9037 -2.5775 -16.1562
v  -0.8847 -2.6492 -16.1716
v  -0.8601 -2.7075 -16.1936
v  -0.8321 -2.7520 -16.2184
v  -0.7913 -2.7985 -16.2559
v  -0.7423 -2.8353 -16.3019
v  -0.6944 -2.8565 -16.3475
v  -0.6377 -2.8639 -16.4010
v  -0.5856 -2.8561 -16.4499
v  -0.5333 -2.8329 -16.4989
v  -0.4854 -2.7955 -16.5434
v  -0.4480 -2.7514 -16.5781
v  -0.4171 -2.6991 -16.6059
v  -0.3927 -2.6378 -16.6270
v  -0.3763 -2.5690 -16.6403
v  -0.3697 -2.4943 -16.6437
v  -0.3735 -2.4236 -16.6369
v  -0.3870 -2.3557 -16.6201
v  -0.4102 -2.2917 -16.5935
v  -0.4370 -2.2436 -16.5636
v  -0.4753 -2.1954 -16.5228
v  -0.5206 -2.1601 -16.4737
v  -0.5692 -2.1386 -16.4222
v  -0.6196 -2.1324 -16.3684
v  -0.6747 -2.1428 -16.3098
v  -0.7164 -2.1628 -16.2656
v  -0.7589 -2.1981 -16.2197
v  -0.8602 -2.2592 -16.1461
v  -0.8885 -2.3328 -16.1149
v  -0.9056 -2.4169 -16.0944
v  -0.9092 -2.4977 -16.0865
v  -0.9238 -2.4979 -16.1010
v  -0.7876 -2.2321 -16.1888
v  -0.8175 -2.2833 -16.1558
v  -0.8433 -2.3532 -16.1261
v  -0.8591 -2.4285 -16.1075
v  -0.8614 -2.5039 -16.1015
v  -0.8282 -2.2043 -16.1809
v  -0.7913 -2.1602 -16.2200
v  -0.7426 -2.1211 -16.2723
v  -0.6974 -2.0994 -16.3204
v  -0.6365 -2.0883 -16.3849
v  -0.5778 -2.0960 -16.4461
v  -0.9094 -2.4989 -16.1465
v  -0.9011 -2.5772 -16.1524
v  -0.8822 -2.6494 -16.1680
v  -0.8572 -2.7071 -16.1905
v  -0.8294 -2.7525 -16.2160
v  -0.7885 -2.7998 -16.2528
v  -0.5828 -2.8549 -16.4465
v  -0.5299 -2.8323 -16.4955
v  -0.4817 -2.7956 -16.5399
v  -0.4446 -2.7508 -16.5746
v  -0.4140 -2.6987 -16.6024
v  -0.3898 -2.6374 -16.6237
v  -0.3736 -2.5690 -16.6368
v  -0.3672 -2.4947 -16.6401
v  -0.3706 -2.4239 -16.6332
v  -0.3840 -2.3560 -16.6168
v  -0.4073 -2.2922 -16.5905
v  -0.4342 -2.2433 -16.5608
v  -0.4723 -2.1962 -16.5196
v  -0.5174 -2.1604 -16.4711
v  -0.5658 -2.1391 -16.4193
v  -0.6159 -2.1325 -16.3658
v  -0.6713 -2.1421 -16.3063
v  -0.7126 -2.1635 -16.2633
v  -0.7551 -2.1980 -16.2175
v  -0.7839 -2.2317 -16.1856
v  -0.8141 -2.2827 -16.1524
v  -0.8404 -2.3527 -16.1232
v  -0.8552 -2.4292 -16.1048
v  -0.8582 -2.5047 -16.0984
v  -0.9148 -2.5877 -16.1065
v  -0.8914 -2.6756 -16.1262
v  -0.8666 -2.7323 -16.1482
v  -0.8355 -2.7835 -16.1770
v  -0.7911 -2.8343 -16.2185
v  -0.8504 -2.5811 -16.0410
v  -0.8273 -2.6741 -16.0609
v  -0.8021 -2.7315 -16.0833
v  -0.7709 -2.7834 -16.1122
v  -0.7270 -2.8343 -16.1531
v  -0.8143 -2.5875 -16.0058
v  -0.7909 -2.6751 -16.0252
v  -0.7660 -2.7319 -16.0472
v  -0.7350 -2.7832 -16.0760
v  -0.6909 -2.8345 -16.1173
v  -0.7517 -2.6758 -15.9865
v  -0.7284 -2.7318 -16.0096
v  -0.6987 -2.7826 -16.0390
v  -0.6556 -2.8345 -16.0822
v  -0.9003 -2.5866 -16.0916
v  -0.8769 -2.6752 -16.1115
v  -0.8519 -2.7320 -16.1338
v  -0.8210 -2.7836 -16.1623
v  -0.7769 -2.8347 -16.2037
v  -0.7223 -2.8756 -16.2547
v  -0.8646 -2.5873 -16.0560
v  -0.8416 -2.6744 -16.0756
v  -0.8167 -2.7318 -16.0978
v  -0.7854 -2.7834 -16.1268
v  -0.7413 -2.8341 -16.1680
v  -0.8001 -2.5787 -16.0528
v  -0.7794 -2.6557 -16.0700
v  -0.7573 -2.7067 -16.0892
v  -0.7293 -2.7523 -16.1149
v  -0.6896 -2.7976 -16.1518
v  -0.6376 -2.8364 -16.2000
v  -0.8294 -2.6560 -16.1202
v  -0.8074 -2.7071 -16.1393
v  -0.7793 -2.7524 -16.1652
v  -0.7398 -2.7977 -16.2021
v  -0.6876 -2.8363 -16.2506
v  -0.8506 -2.5762 -16.1031
v  -0.7822 -2.6553 -16.0730
v  -0.7605 -2.7059 -16.0925
v  -0.7315 -2.7521 -16.1182
v  -0.6933 -2.7970 -16.1539
v  -0.6407 -2.8365 -16.2031
v  -0.8031 -2.5786 -16.0559
v  -0.8329 -2.6547 -16.1231
v  -0.8108 -2.7068 -16.1429
v  -0.7833 -2.7513 -16.1676
v  -0.7426 -2.7980 -16.2049
v  -0.8543 -2.5762 -16.1056
v  -0.7394 -2.8357 -16.2991
v  -0.6905 -2.8559 -16.3450
v  -0.6781 -2.9001 -16.3246
v  -0.7365 -2.8757 -16.2691
v  -0.6343 -2.8632 -16.3977
v  -0.6208 -2.9076 -16.3786
v  -0.5624 -2.8996 -16.4333
v  -0.5024 -2.8736 -16.4898
v  -0.6634 -2.9002 -16.3105
v  -0.6075 -2.9076 -16.3635
v  -0.5479 -2.8994 -16.4196
v  -0.4882 -2.8735 -16.4762
v  -0.6721 -2.8757 -16.2046
v  -0.6145 -2.8999 -16.2590
v  -0.5913 -2.8563 -16.2492
v  -0.5602 -2.9075 -16.3102
v  -0.5451 -2.8631 -16.2926
v  -0.4980 -2.8995 -16.3692
v  -0.4862 -2.8557 -16.3482
v  -0.4386 -2.8737 -16.4257
v  -0.4333 -2.8324 -16.3976
v  -0.6361 -2.8756 -16.1682
v  -0.5782 -2.8999 -16.2232
v  -0.5460 -2.9002 -16.1930
v  -0.6035 -2.8751 -16.1343
v  -0.5286 -2.9074 -16.2706
v  -0.5001 -2.9073 -16.2380
v  -0.4621 -2.8996 -16.3330
v  -0.4338 -2.8995 -16.3044
v  -0.4011 -2.8731 -16.3901
v  -0.3749 -2.8734 -16.3632
v  -0.3212 -2.8302 -16.4167
v  -0.6426 -2.8565 -16.2985
v  -0.6931 -2.8360 -16.2515
v  -0.5912 -2.8630 -16.3466
v  -0.5368 -2.8558 -16.3980
v  -0.4839 -2.8330 -16.4478
v  -0.4355 -2.7955 -16.4929
v  -0.6294 -2.8997 -16.2731
v  -0.6865 -2.8753 -16.2194
v  -0.5743 -2.9075 -16.3247
v  -0.5124 -2.8995 -16.3836
v  -0.4521 -2.8734 -16.4402
v  -0.5885 -2.8567 -16.2459
v  -0.5421 -2.8634 -16.2894
v  -0.4828 -2.8556 -16.3453
v  -0.4299 -2.8323 -16.3948
v  -0.3814 -2.7945 -16.4399
v  -0.6392 -2.8561 -16.2961
v  -0.5886 -2.8631 -16.3434
v  -0.5332 -2.8559 -16.3952
v  -0.4801 -2.8332 -16.4447
v  -0.3983 -2.7518 -16.5270
v  -0.3672 -2.6998 -16.5552
v  -0.3428 -2.6388 -16.5767
v  -0.3266 -2.5703 -16.5894
v  -0.3198 -2.4963 -16.5928
v  -0.3234 -2.4256 -16.5862
v  -0.3365 -2.3577 -16.5698
v  -0.3591 -2.2939 -16.5441
v  -0.4317 -2.7956 -16.4897
v  -0.3950 -2.7515 -16.5238
v  -0.3640 -2.6996 -16.5519
v  -0.3395 -2.6386 -16.5733
v  -0.3232 -2.5702 -16.5865
v  -0.3162 -2.4962 -16.5901
v  -0.3198 -2.4259 -16.5835
v  -0.3333 -2.3583 -16.5673
v  -0.3560 -2.2941 -16.5414
v  -0.3848 -2.7945 -16.4426
v  -0.3481 -2.7516 -16.4767
v  -0.3170 -2.6995 -16.5049
v  -0.2926 -2.6385 -16.5262
v  -0.2763 -2.5703 -16.5392
v  -0.2696 -2.4967 -16.5423
v  -0.2731 -2.4264 -16.5361
v  -0.2859 -2.3588 -16.5203
v  -0.3084 -2.2951 -16.4946
v  -0.3440 -2.7515 -16.4740
v  -0.3132 -2.6994 -16.5019
v  -0.2891 -2.6386 -16.5233
v  -0.2729 -2.5705 -16.5363
v  -0.2662 -2.4966 -16.5398
v  -0.2696 -2.4261 -16.5332
v  -0.2830 -2.3583 -16.5170
v  -0.3457 -2.8296 -16.4423
v  -0.3018 -2.7764 -16.4834
v  -0.2680 -2.7173 -16.5138
v  -0.2421 -2.6496 -16.5369
v  -0.2252 -2.5751 -16.5508
v  -0.2186 -2.4967 -16.5547
v  -0.2224 -2.4188 -16.5476
v  -0.2369 -2.3437 -16.5302
v  -0.2598 -2.2778 -16.5049
v  -0.3839 -2.8315 -16.4767
v  -0.3399 -2.7791 -16.5169
v  -0.3046 -2.7180 -16.5491
v  -0.2786 -2.6507 -16.5728
v  -0.2611 -2.5739 -16.5869
v  -0.2546 -2.4937 -16.5900
v  -0.2585 -2.4181 -16.5835
v  -0.2725 -2.3452 -16.5668
v  -0.2958 -2.2768 -16.5403
v  -0.3541 -2.7792 -16.5319
v  -0.3188 -2.7178 -16.5642
v  -0.2928 -2.6501 -16.5872
v  -0.2752 -2.5724 -16.6015
v  -0.2688 -2.4916 -16.6046
v  -0.2729 -2.4161 -16.5972
v  -0.2871 -2.3433 -16.5802
v  -0.3971 -2.8306 -16.4917
v  -0.4478 -2.8312 -16.5412
v  -0.4068 -2.7827 -16.5798
v  -0.3708 -2.7217 -16.6127
v  -0.3438 -2.6529 -16.6367
v  -0.3260 -2.5769 -16.6511
v  -0.3191 -2.4943 -16.6551
v  -0.3231 -2.4176 -16.6479
v  -0.3374 -2.3436 -16.6307
v  -0.4337 -2.8310 -16.5276
v  -0.3918 -2.7820 -16.5657
v  -0.3562 -2.7212 -16.5986
v  -0.3294 -2.6527 -16.6225
v  -0.3119 -2.5773 -16.6368
v  -0.3049 -2.4945 -16.6408
v  -0.3088 -2.4184 -16.6333
v  -0.3230 -2.3449 -16.6157
v  -0.2790 -2.7776 -16.4587
v  -0.2461 -2.7175 -16.4916
v  -0.2215 -2.6497 -16.5160
v  -0.2061 -2.5752 -16.5315
v  -0.2009 -2.4971 -16.5369
v  -0.2065 -2.4187 -16.5315
v  -0.2226 -2.3430 -16.5155
v  -0.2467 -2.2770 -16.4912
v  -0.3864 -2.2432 -16.5147
v  -0.4233 -2.1974 -16.4743
v  -0.4689 -2.1612 -16.4251
v  -0.5188 -2.1389 -16.3721
v  -0.5711 -2.1322 -16.3167
v  -0.6291 -2.1439 -16.2551
v  -0.3843 -2.2443 -16.5111
v  -0.4208 -2.1981 -16.4712
v  -0.4661 -2.1614 -16.4222
v  -0.5161 -2.1397 -16.3692
v  -0.5682 -2.1334 -16.3139
v  -0.6260 -2.1448 -16.2517
v  -0.3347 -2.2462 -16.4656
v  -0.3718 -2.1987 -16.4256
v  -0.4195 -2.1605 -16.3742
v  -0.4709 -2.1383 -16.3195
v  -0.5248 -2.1325 -16.2621
v  -0.5777 -2.1441 -16.2054
v  -0.3053 -2.2952 -16.4916
v  -0.3309 -2.2468 -16.4631
v  -0.3687 -2.1991 -16.4223
v  -0.4164 -2.1606 -16.3712
v  -0.4672 -2.1378 -16.3164
v  -0.5216 -2.1329 -16.2592
v  -0.5744 -2.1435 -16.2024
v  -0.2919 -2.2167 -16.4696
v  -0.3322 -2.1652 -16.4265
v  -0.3835 -2.1225 -16.3718
v  -0.4411 -2.0961 -16.3105
v  -0.5047 -2.0885 -16.2433
v  -0.2800 -2.2169 -16.4580
v  -0.3213 -2.1656 -16.4166
v  -0.3743 -2.1228 -16.3636
v  -0.4340 -2.0962 -16.3038
v  -0.4998 -2.0885 -16.2381
v  -0.5632 -2.1014 -16.1747
v  -0.3103 -2.2765 -16.5543
v  -0.3431 -2.2146 -16.5181
v  -0.3291 -2.2150 -16.5045
v  -0.3836 -2.1634 -16.4745
v  -0.3690 -2.1639 -16.4607
v  -0.4332 -2.1225 -16.4215
v  -0.4183 -2.1231 -16.4086
v  -0.4897 -2.0965 -16.3620
v  -0.4759 -2.0964 -16.3477
v  -0.5477 -2.0883 -16.3009
v  -0.5314 -2.0886 -16.2883
v  -0.6020 -2.1012 -16.2140
v  -0.3454 -2.2784 -16.5911
v  -0.3606 -2.2764 -16.6045
v  -0.3948 -2.2125 -16.5669
v  -0.3808 -2.2123 -16.5527
v  -0.4352 -2.1623 -16.5237
v  -0.4210 -2.1629 -16.5107
v  -0.4894 -2.1189 -16.4659
v  -0.4745 -2.1193 -16.4523
v  -0.5411 -2.0961 -16.4110
v  -0.5263 -2.0964 -16.3977
v  -0.5948 -2.0883 -16.3543
v  -0.5811 -2.0883 -16.3393
v  -0.6631 -2.1001 -16.2818
v  -0.6496 -2.1004 -16.2668
v  -0.6643 -2.1621 -16.2171
v  -0.7056 -2.1951 -16.1728
v  -0.7351 -2.2290 -16.1411
v  -0.7673 -2.2853 -16.1048
v  -0.7936 -2.3516 -16.0760
v  -0.8092 -2.4301 -16.0570
v  -0.8109 -2.5051 -16.0512
v  -0.6609 -2.1620 -16.2141
v  -0.7020 -2.1949 -16.1701
v  -0.7316 -2.2293 -16.1380
v  -0.7649 -2.2853 -16.1015
v  -0.7899 -2.3515 -16.0731
v  -0.8053 -2.4303 -16.0544
v  -0.8081 -2.5052 -16.0479
v  -0.6157 -2.1010 -16.2293
v  -0.6561 -2.1209 -16.1863
v  -0.7012 -2.1563 -16.1382
v  -0.7368 -2.1974 -16.1005
v  -0.7734 -2.2583 -16.0606
v  -0.8024 -2.3342 -16.0283
v  -0.8197 -2.4219 -16.0074
v  -0.8231 -2.5033 -16.0008
v  -0.7053 -2.1207 -16.2382
v  -0.6904 -2.1206 -16.2233
v  -0.7539 -2.1590 -16.1865
v  -0.7383 -2.1588 -16.1720
v  -0.7898 -2.2016 -16.1466
v  -0.7752 -2.2008 -16.1332
v  -0.8233 -2.2579 -16.1105
v  -0.8082 -2.2561 -16.0973
v  -0.8506 -2.3283 -16.0801
v  -0.8365 -2.3282 -16.0659
v  -0.8684 -2.4143 -16.0580
v  -0.8547 -2.4158 -16.0438
v  -0.8729 -2.5034 -16.0503
v  -0.8586 -2.5033 -16.0363
v  -0.7735 -2.5841 -15.9641
v  -0.6045 -2.1212 -16.1340
v  -0.6479 -2.1539 -16.0902
v  -0.6875 -2.1974 -16.0507
v  -0.7250 -2.2580 -16.0125
v  -0.7561 -2.3342 -15.9819
v  -0.7756 -2.4238 -15.9625
v  -0.7803 -2.5027 -15.9577
v  -0.6438 -2.1210 -16.1737
v  -0.5661 -2.1012 -16.1782
v  -0.7002 -2.5724 -15.9625
v  -0.6829 -2.6513 -15.9820
v  -0.6631 -2.7002 -16.0019
v  -0.6373 -2.7451 -16.0276
v  -0.5992 -2.7916 -16.0659
v  -0.5512 -2.8270 -16.1107
v  -0.5014 -2.8505 -16.1644
v  -0.4619 -2.8562 -16.2035
v  -0.4025 -2.8488 -16.2629
v  -0.3508 -2.8250 -16.3145
v  -0.3038 -2.7861 -16.3613
v  -0.2672 -2.7395 -16.3974
v  -0.2389 -2.6864 -16.4253
v  -0.2178 -2.6271 -16.4459
v  -0.2047 -2.5620 -16.4587
v  -0.2009 -2.4971 -16.4636
v  -0.2055 -2.4267 -16.4575
v  -0.2203 -2.3598 -16.4431
v  -0.2409 -2.3049 -16.4233
v  -0.2705 -2.2515 -16.3940
v  -0.3065 -2.2073 -16.3574
v  -0.3533 -2.1699 -16.3105
v  -0.4038 -2.1475 -16.2604
v  -0.4620 -2.1401 -16.2029
v  -0.5165 -2.1515 -16.1478
v  -0.5523 -2.1686 -16.1120
v  -0.5902 -2.1968 -16.0741
v  -0.6242 -2.2335 -16.0402
v  -0.6573 -2.2865 -16.0063
v  -0.6845 -2.3515 -15.9798
v  -0.7017 -2.4297 -15.9622
v  -0.7067 -2.4980 -15.9575
v  -0.6502 -2.5800 -15.9148
v  -0.6341 -2.6464 -15.9309
v  -0.6084 -2.7086 -15.9566
v  -0.5739 -2.7628 -15.9911
v  -0.5326 -2.8058 -16.0324
v  -0.4853 -2.8365 -16.0797
v  -0.4390 -2.8520 -16.1260
v  -0.3932 -2.8551 -16.1719
v  -0.3466 -2.8460 -16.2184
v  -0.2997 -2.8235 -16.2653
v  -0.2554 -2.7869 -16.3096
v  -0.2166 -2.7375 -16.3484
v  -0.1859 -2.6783 -16.3791
v  -0.1649 -2.6132 -16.4001
v  -0.1538 -2.5470 -16.4112
v  -0.1516 -2.4830 -16.4134
v  -0.1582 -2.4158 -16.4069
v  -0.1742 -2.3496 -16.3908
v  -0.2000 -2.2871 -16.3650
v  -0.2350 -2.2323 -16.3300
v  -0.2770 -2.1890 -16.2880
v  -0.3230 -2.1594 -16.2420
v  -0.3701 -2.1437 -16.1949
v  -0.4157 -2.1408 -16.1493
v  -0.5090 -2.1727 -16.0560
v  -0.5535 -2.2094 -16.0116
v  -0.5918 -2.2584 -15.9732
v  -0.6228 -2.3185 -15.9422
v  -0.6434 -2.3825 -15.9216
v  -0.6546 -2.4492 -15.9104
v  -0.6567 -2.5146 -15.9083
v  0.4693 -2.4768 -15.2154
v  0.4448 -2.6492 -15.2154
v  0.4654 -2.5618 -15.2154
v  0.4574 -2.3905 -15.2154
v  0.4276 -2.3033 -15.2154
v  0.3795 -2.2209 -15.2154
v  0.3145 -2.1489 -15.2154
v  0.2366 -2.0920 -15.2154
v  0.1511 -2.0530 -15.2154
v  0.0637 -2.0323 -15.2154
v  -0.0213 -2.0285 -15.2154
v  -0.1076 -2.0404 -15.2154
v  -0.1948 -2.0702 -15.2154
v  -0.2772 -2.1183 -15.2154
v  -0.3492 -2.1833 -15.2154
v  -0.4054 -2.2601 -15.2154
v  -0.4464 -2.3457 -15.2155
v  -0.4663 -2.4338 -15.2155
v  -0.4696 -2.5190 -15.2154
v  -0.4577 -2.6054 -15.2154
v  -0.4279 -2.6926 -15.2154
v  -0.3798 -2.7750 -15.2154
v  -0.3148 -2.8470 -15.2154
v  -0.2369 -2.9039 -15.2154
v  -0.1514 -2.9429 -15.2154
v  -0.0640 -2.9635 -15.2154
v  0.0210 -2.9674 -15.2154
v  0.1073 -2.9554 -15.2154
v  0.1945 -2.9257 -15.2154
v  0.2769 -2.8775 -15.2154
v  0.3489 -2.8126 -15.2154
v  0.4058 -2.7347 -15.2154
v  0.3256 -2.4829 -15.2154
v  0.3079 -2.6041 -15.2154
v  0.3226 -2.5442 -15.2154
v  0.3163 -2.4224 -15.2154
v  0.2955 -2.3622 -15.2154
v  0.2614 -2.3045 -15.2154
v  0.2163 -2.2549 -15.2154
v  0.1640 -2.2173 -15.2154
v  0.1016 -2.1888 -15.2154
v  0.0430 -2.1758 -15.2154
v  -0.0164 -2.1729 -15.2154
v  -0.0767 -2.1816 -15.2154
v  -0.1361 -2.2021 -15.2154
v  -0.1943 -2.2369 -15.2154
v  -0.2415 -2.2800 -15.2154
v  -0.2800 -2.3321 -15.2154
v  -0.3076 -2.3915 -15.2154
v  -0.3227 -2.4530 -15.2154
v  -0.3252 -2.5116 -15.2154
v  -0.3164 -2.5740 -15.2154
v  -0.2952 -2.6352 -15.2154
v  -0.2613 -2.6921 -15.2154
v  -0.2182 -2.7394 -15.2154
v  -0.1634 -2.7796 -15.2154
v  -0.1035 -2.8064 -15.2154
v  -0.0407 -2.8206 -15.2154
v  0.0148 -2.8230 -15.2154
v  0.0743 -2.8144 -15.2154
v  0.1335 -2.7945 -15.2154
v  0.1906 -2.7614 -15.2154
v  0.2405 -2.7171 -15.2154
v  0.2799 -2.6633 -15.2154
v  0.4905 -2.4759 -15.2243
v  0.4649 -2.6561 -15.2243
v  0.4864 -2.5647 -15.2243
v  0.4780 -2.3856 -15.2243
v  0.4469 -2.2945 -15.2243
v  0.3966 -2.2084 -15.2243
v  0.3287 -2.1332 -15.2243
v  0.2473 -2.0737 -15.2243
v  0.1580 -2.0329 -15.2243
v  0.0666 -2.0113 -15.2243
v  -0.0222 -2.0073 -15.2243
v  -0.1125 -2.0198 -15.2243
v  -0.2036 -2.0509 -15.2243
v  -0.2897 -2.1012 -15.2243
v  -0.3649 -2.1691 -15.2243
v  -0.4241 -2.2499 -15.2243
v  -0.4655 -2.3394 -15.2247
v  -0.4869 -2.4310 -15.2245
v  -0.4908 -2.5200 -15.2243
v  -0.4783 -2.6103 -15.2243
v  -0.4472 -2.7014 -15.2243
v  -0.3969 -2.7875 -15.2243
v  -0.3290 -2.8627 -15.2243
v  -0.2476 -2.9222 -15.2243
v  -0.1583 -2.9629 -15.2243
v  -0.0669 -2.9845 -15.2243
v  0.0219 -2.9886 -15.2243
v  0.1122 -2.9761 -15.2243
v  0.2033 -2.9450 -15.2243
v  0.2894 -2.8947 -15.2243
v  0.3646 -2.8268 -15.2243
v  0.4241 -2.7454 -15.2243
v  -0.0298 -2.4764 -16.4803
v  -0.0320 -2.5649 -16.4764
v  -0.0473 -2.6557 -16.4591
v  -0.0763 -2.7458 -16.4332
v  -0.1185 -2.8272 -16.3911
v  -0.1719 -2.8950 -16.3379
v  -0.2330 -2.9452 -16.2770
v  -0.2976 -2.9761 -16.2126
v  -0.3615 -2.9884 -16.1489
v  -0.4243 -2.9843 -16.0859
v  -0.4885 -2.9629 -16.0217
v  -0.5525 -2.9215 -15.9578
v  -0.6096 -2.8623 -15.9005
v  -0.6572 -2.7875 -15.8529
v  -0.6927 -2.7017 -15.8174
v  -0.7147 -2.6106 -15.7954
v  -0.7236 -2.5204 -15.7863
v  -0.7208 -2.4310 -15.7894
v  -0.7054 -2.3396 -15.8046
v  -0.6768 -2.2508 -15.8332
v  -0.6345 -2.1689 -15.8756
v  -0.5817 -2.1016 -15.9287
v  -0.5208 -2.0511 -15.9894
v  -0.4563 -2.0198 -16.0536
v  -0.3924 -2.0071 -16.1174
v  -0.3294 -2.0110 -16.1802
v  -0.2647 -2.0325 -16.2448
v  -0.2014 -2.0732 -16.3081
v  -0.1437 -2.1327 -16.3657
v  -0.0955 -2.2080 -16.4137
v  -0.0599 -2.2943 -16.4494
v  -0.0386 -2.3855 -16.4714
v  -0.1305 -2.4818 -16.4045
v  -0.1320 -2.5473 -16.4025
v  -0.1433 -2.6154 -16.3911
v  -0.1650 -2.6825 -16.3696
v  -0.1966 -2.7435 -16.3380
v  -0.2366 -2.7942 -16.2981
v  -0.2821 -2.8315 -16.2528
v  -0.3300 -2.8544 -16.2051
v  -0.3772 -2.8635 -16.1582
v  -0.4244 -2.8606 -16.1109
v  -0.4715 -2.8451 -16.0636
v  -0.5200 -2.8139 -16.0152
v  -0.5624 -2.7701 -15.9727
v  -0.5981 -2.7142 -15.9369
v  -0.6248 -2.6498 -15.9102
v  -0.6411 -2.5825 -15.8938
v  -0.6478 -2.5159 -15.8870
v  -0.6458 -2.4490 -15.8893
v  -0.6346 -2.3812 -15.9005
v  -0.6137 -2.3157 -15.9214
v  -0.5822 -2.2538 -15.9530
v  -0.5428 -2.2032 -15.9925
v  -0.4970 -2.1650 -16.0381
v  -0.4509 -2.1422 -16.0839
v  -0.4011 -2.1319 -16.1336
v  -0.3549 -2.1347 -16.1798
v  -0.3068 -2.1504 -16.2279
v  -0.2596 -2.1804 -16.2750
v  -0.2162 -2.2246 -16.3183
v  -0.1800 -2.2808 -16.3544
v  -0.1531 -2.3453 -16.3813
v  -0.1371 -2.4133 -16.3978
v  0.3242 -2.4830 -15.3754
v  0.3071 -2.6038 -15.3754
v  0.3215 -2.5441 -15.3754
v  0.3159 -2.4225 -15.3754
v  0.2931 -2.3580 -15.3740
v  0.2611 -2.3047 -15.3752
v  0.2160 -2.2553 -15.3754
v  0.1639 -2.2174 -15.3754
v  0.1014 -2.1893 -15.3754
v  0.0475 -2.1765 -15.3750
v  -0.0164 -2.1737 -15.3754
v  -0.0765 -2.1821 -15.3754
v  -0.1358 -2.2027 -15.3754
v  -0.1940 -2.2372 -15.3754
v  -0.2414 -2.2801 -15.3754
v  -0.2777 -2.3290 -15.3745
v  -0.3049 -2.3853 -15.3740
v  -0.3216 -2.4503 -15.3745
v  -0.3247 -2.5082 -15.3735
v  -0.3172 -2.5693 -15.3750
v  -0.2979 -2.6279 -15.3754
v  -0.2609 -2.6918 -15.3754
v  -0.2180 -2.7391 -15.3754
v  -0.1688 -2.7756 -15.3742
v  -0.1049 -2.8056 -15.3747
v  -0.0479 -2.8193 -15.3747
v  0.0147 -2.8218 -15.3754
v  0.0738 -2.8144 -15.3752
v  0.1332 -2.7940 -15.3754
v  0.1902 -2.7613 -15.3752
v  0.2401 -2.7167 -15.3754
v  0.2797 -2.6631 -15.3754
v  -0.2393 -2.4980 -15.9959
v  -0.0545 -2.4782 -16.4680
v  -0.0560 -2.5617 -16.4665
v  -0.0706 -2.6485 -16.4518
v  -0.0982 -2.7333 -16.4242
v  -0.1384 -2.8104 -16.3841
v  -0.1891 -2.8745 -16.3334
v  -0.2471 -2.9217 -16.2755
v  -0.3082 -2.9505 -16.2144
v  -0.3686 -2.9618 -16.1539
v  -0.4282 -2.9581 -16.0944
v  -0.4886 -2.9382 -16.0340
v  -0.5499 -2.8981 -15.9727
v  -0.6037 -2.8425 -15.9188
v  -0.6486 -2.7720 -15.8740
v  -0.6820 -2.6911 -15.8406
v  -0.7029 -2.6048 -15.8197
v  -0.7117 -2.5197 -15.8108
v  -0.7085 -2.4345 -15.8141
v  -0.6942 -2.3478 -15.8284
v  -0.6673 -2.2644 -15.8553
v  -0.6269 -2.1863 -15.8956
v  -0.5768 -2.1233 -15.9458
v  -0.5194 -2.0751 -16.0031
v  -0.4586 -2.0451 -16.0640
v  -0.3981 -2.0327 -16.1244
v  -0.3385 -2.0362 -16.1840
v  -0.2771 -2.0563 -16.2454
v  -0.2170 -2.0948 -16.3055
v  -0.1621 -2.1511 -16.3604
v  -0.1163 -2.2226 -16.4062
v  -0.0824 -2.3045 -16.4400
v  -0.0629 -2.3914 -16.4597
v  -0.1070 -2.5517 -16.4156
v  -0.1057 -2.4811 -16.4169
v  -0.1127 -2.4080 -16.4099
v  -0.1293 -2.3347 -16.3933
v  -0.1579 -2.2655 -16.3647
v  -0.1966 -2.2051 -16.3260
v  -0.2429 -2.1576 -16.2797
v  -0.2936 -2.1251 -16.2289
v  -0.3455 -2.1081 -16.1771
v  -0.3958 -2.1052 -16.1268
v  -0.4469 -2.1157 -16.0757
v  -0.4982 -2.1410 -16.0244
v  -0.5466 -2.1817 -15.9760
v  -0.5889 -2.2348 -15.9337
v  -0.6230 -2.3007 -15.8996
v  -0.6457 -2.3712 -15.8769
v  -0.6578 -2.4443 -15.8648
v  -0.6605 -2.5162 -15.8621
v  -0.6531 -2.5882 -15.8695
v  -0.6354 -2.6610 -15.8872
v  -0.6072 -2.7293 -15.9154
v  -0.5693 -2.7888 -15.9532
v  -0.5239 -2.8358 -15.9987
v  -0.4721 -2.8696 -16.0504
v  -0.4212 -2.8864 -16.1014
v  -0.3709 -2.8895 -16.1517
v  -0.3199 -2.8800 -16.2027
v  -0.2683 -2.8557 -16.2543
v  -0.2194 -2.8158 -16.3032
v  -0.1766 -2.7617 -16.3460
v  -0.1427 -2.6966 -16.3799
v  -0.1194 -2.6250 -16.4032
v  -0.4703 -2.1517 -16.1017
v  -0.4193 -2.1408 -16.1528
v  -0.3736 -2.1437 -16.1984
v  -0.3266 -2.1594 -16.2455
v  -0.2805 -2.1890 -16.2916
v  -0.2385 -2.2323 -16.3335
v  -0.2035 -2.2871 -16.3685
v  -0.1777 -2.3496 -16.3944
v  -0.1617 -2.4158 -16.4104
v  -0.1551 -2.4830 -16.4169
v  -0.1573 -2.5470 -16.4148
v  -0.1684 -2.6132 -16.4037
v  -0.1894 -2.6783 -16.3827
v  -0.2201 -2.7376 -16.3520
v  -0.2589 -2.7869 -16.3132
v  -0.3033 -2.8235 -16.2688
v  -0.3502 -2.8461 -16.2219
v  -0.3967 -2.8551 -16.1754
v  -0.4426 -2.8521 -16.1295
v  -0.4889 -2.8365 -16.0832
v  -0.5362 -2.8058 -16.0359
v  -0.5775 -2.7628 -15.9946
v  -0.6120 -2.7087 -15.9601
v  -0.6377 -2.6464 -15.9344
v  -0.6537 -2.5800 -15.9183
v  -0.6602 -2.5146 -15.9119
v  -0.6581 -2.4492 -15.9140
v  -0.6469 -2.3825 -15.9251
v  -0.6263 -2.3185 -15.9458
v  -0.5954 -2.2584 -15.9767
v  -0.5570 -2.2094 -16.0151
v  -0.5126 -2.1726 -16.0595
v  -0.6966 -2.5724 -15.9589
v  -0.6793 -2.6514 -15.9785
v  -0.6595 -2.7001 -15.9984
v  -0.6337 -2.7451 -16.0241
v  -0.5957 -2.7915 -16.0623
v  -0.5476 -2.8270 -16.1072
v  -0.4978 -2.8505 -16.1609
v  -0.4583 -2.8561 -16.2000
v  -0.3990 -2.8488 -16.2594
v  -0.3473 -2.8250 -16.3109
v  -0.3003 -2.7861 -16.3577
v  -0.2637 -2.7395 -16.3938
v  -0.2354 -2.6864 -16.4217
v  -0.2143 -2.6271 -16.4423
v  -0.2012 -2.5620 -16.4552
v  -0.1974 -2.4971 -16.4600
v  -0.2020 -2.4267 -16.4539
v  -0.2167 -2.3598 -16.4395
v  -0.2374 -2.3049 -16.4198
v  -0.2670 -2.2516 -16.3904
v  -0.3030 -2.2073 -16.3539
v  -0.3497 -2.1699 -16.3069
v  -0.4003 -2.1474 -16.2568
v  -0.4584 -2.1401 -16.1993
v  -0.5130 -2.1515 -16.1443
v  -0.5487 -2.1686 -16.1085
v  -0.5866 -2.1968 -16.0706
v  -0.6206 -2.2335 -16.0367
v  -0.6537 -2.2865 -16.0028
v  -0.6810 -2.3515 -15.9762
v  -0.6982 -2.4297 -15.9586
v  -0.7032 -2.4979 -15.9540
v  -0.4316 -2.2162 -16.5983
v  -0.4723 -2.1652 -16.5560
v  -0.5294 -2.1219 -16.4994
v  -0.5766 -2.1003 -16.4439
v  -0.6347 -2.0927 -16.3833
v  -0.6950 -2.1037 -16.3194
v  -0.7396 -2.1251 -16.2719
v  -0.7879 -2.1639 -16.2201
v  -0.8243 -2.2074 -16.1815
v  -0.8560 -2.2617 -16.1470
v  -0.8839 -2.3346 -16.1161
v  -0.9008 -2.4177 -16.0958
v  -0.9044 -2.4976 -16.0880
v  -0.8956 -2.5856 -16.0930
v  -0.8725 -2.6733 -16.1127
v  -0.8477 -2.7294 -16.1347
v  -0.8172 -2.7804 -16.1629
v  -0.7735 -2.8310 -16.2038
v  -0.7194 -2.8715 -16.2542
v  -0.6612 -2.8958 -16.3094
v  -0.6059 -2.9032 -16.3618
v  -0.5469 -2.8951 -16.4172
v  -0.4879 -2.8694 -16.4733
v  -0.4339 -2.8274 -16.5240
v  -0.3925 -2.7789 -16.5618
v  -0.3572 -2.7188 -16.5943
v  -0.3307 -2.6511 -16.6179
v  -0.3133 -2.5765 -16.6321
v  -0.3063 -2.4946 -16.6360
v  -0.3102 -2.4194 -16.6286
v  -0.3242 -2.3466 -16.6112
v  -0.3464 -2.2809 -16.5868
v  -0.3813 -2.2154 -16.5488
v  -0.4210 -2.1665 -16.5073
v  -0.4740 -2.1234 -16.4495
v  -0.5253 -2.1007 -16.3955
v  -0.5793 -2.0927 -16.3377
v  -0.6472 -2.1048 -16.2659
v  -0.6875 -2.1246 -16.2229
v  -0.7349 -2.1624 -16.1721
v  -0.7714 -2.2040 -16.1337
v  -0.8040 -2.2587 -16.0982
v  -0.8319 -2.3300 -16.0672
v  -0.8500 -2.4166 -16.0453
v  -0.8538 -2.5032 -16.0378
v  -0.8457 -2.5801 -16.0424
v  -0.8228 -2.6722 -16.0621
v  -0.7979 -2.7289 -16.0842
v  -0.7670 -2.7803 -16.1127
v  -0.7236 -2.8306 -16.1532
v  -0.6693 -2.8716 -16.2042
v  -0.6123 -2.8955 -16.2579
v  -0.5586 -2.9031 -16.3085
v  -0.4970 -2.8952 -16.3669
v  -0.4382 -2.8697 -16.4227
v  -0.3841 -2.8279 -16.4732
v  -0.3406 -2.7761 -16.5129
v  -0.3057 -2.7156 -16.5448
v  -0.2799 -2.6491 -16.5682
v  -0.2625 -2.5731 -16.5821
v  -0.2561 -2.4938 -16.5852
v  -0.2600 -2.4190 -16.5787
v  -0.2738 -2.3469 -16.5622
v  -0.2968 -2.2793 -16.5360
v  -0.3297 -2.2181 -16.5006
v  -0.3691 -2.1676 -16.4572
v  -0.4179 -2.1271 -16.4057
v  -0.4748 -2.1008 -16.3454
v  -0.5296 -2.0930 -16.2867
v  -0.5961 -2.1049 -16.2167
v  -0.5767 -2.1391 -16.2099
v  -0.5267 -2.1281 -16.2636
v  -0.4720 -2.1340 -16.3217
v  -0.4200 -2.1563 -16.3770
v  -0.3717 -2.1951 -16.4290
v  -0.3342 -2.2431 -16.4694
v  -0.3075 -2.2926 -16.4989
v  -0.2847 -2.3570 -16.5248
v  -0.2717 -2.4255 -16.5408
v  -0.2681 -2.4966 -16.5471
v  -0.2748 -2.5711 -16.5440
v  -0.2913 -2.6401 -16.5308
v  -0.3160 -2.7019 -16.5092
v  -0.3474 -2.7546 -16.4806
v  -0.3846 -2.7981 -16.4461
v  -0.4336 -2.8365 -16.4006
v  -0.4872 -2.8600 -16.3505
v  -0.5467 -2.8675 -16.2942
v  -0.5935 -2.8607 -16.2503
v  -0.6435 -2.8406 -16.2036
v  -0.6967 -2.8007 -16.1538
v  -0.7354 -2.7553 -16.1176
v  -0.7647 -2.7085 -16.0916
v  -0.7867 -2.6572 -16.0718
v  -0.8078 -2.5797 -16.0545
v  -0.8157 -2.5053 -16.0498
v  -0.8140 -2.4293 -16.0556
v  -0.7982 -2.3499 -16.0748
v  -0.7715 -2.2828 -16.1039
v  -0.7390 -2.2259 -16.1406
v  -0.7090 -2.1914 -16.1727
v  -0.6673 -2.1581 -16.2174
v  -0.6315 -2.1396 -16.2560
v  -0.5728 -2.1277 -16.3182
v  -0.5199 -2.1345 -16.3743
v  -0.4694 -2.1571 -16.4280
v  -0.4233 -2.1937 -16.4777
v  -0.3859 -2.2401 -16.5186
v  -0.3581 -2.2914 -16.5483
v  -0.3352 -2.3559 -16.5743
v  -0.3220 -2.4247 -16.5909
v  -0.3184 -2.4962 -16.5976
v  -0.3251 -2.5711 -16.5942
v  -0.3415 -2.6404 -16.5812
v  -0.3662 -2.7022 -16.5595
v  -0.3977 -2.7548 -16.5309
v  -0.4353 -2.7991 -16.4964
v  -0.4843 -2.8371 -16.4507
v  -0.5378 -2.8601 -16.4003
v  -0.5928 -2.8675 -16.3483
v  -0.6448 -2.8608 -16.2997
v  -0.6960 -2.8401 -16.2520
v  -0.7460 -2.8017 -16.2048
v  -0.7871 -2.7545 -16.1671
v  -0.8150 -2.7093 -16.1420
v  -0.8374 -2.6566 -16.1219
v  -0.8590 -2.5773 -16.1042
v  -0.8662 -2.5041 -16.1000
v  -0.8638 -2.4277 -16.1061
v  -0.8479 -2.3515 -16.1249
v  -0.8218 -2.2808 -16.1549
v  -0.7915 -2.2289 -16.1883
v  -0.7624 -2.1945 -16.2196
v  -0.7194 -2.1588 -16.2659
v  -0.6771 -2.1385 -16.3107
v  -0.6214 -2.1279 -16.3700
v  -0.5704 -2.1343 -16.4245
v  -0.5213 -2.1560 -16.4766
v  -0.4753 -2.1917 -16.5262
v  -0.4365 -2.2404 -16.5675
v  -0.4094 -2.2892 -16.5978
v  -0.3859 -2.3539 -16.6247
v  -0.3722 -2.4226 -16.6417
v  -0.3683 -2.4942 -16.6485
v  -0.3749 -2.5698 -16.6450
v  -0.3915 -2.6395 -16.6316
v  -0.4161 -2.7014 -16.6103
v  -0.4473 -2.7544 -16.5820
v  -0.4853 -2.7990 -16.5469
v  -0.5337 -2.8369 -16.5018
v  -0.5866 -2.8604 -16.4523
v  -0.6394 -2.8684 -16.4027
v  -0.6967 -2.8608 -16.3486
v  -0.7452 -2.8393 -16.3025
v  -0.7947 -2.8022 -16.2559
v  -0.8359 -2.7551 -16.2180
v  -0.8643 -2.7101 -16.1928
v  -0.8892 -2.6510 -16.1704
v  -0.9085 -2.5785 -16.1548
v  -0.9160 -2.5028 -16.1500
v  -0.9222 -2.5027 -16.1487
v  -0.9161 -2.5804 -16.1524
v  -0.8991 -2.6530 -16.1674
v  -0.8752 -2.7132 -16.1895
v  -0.8468 -2.7628 -16.2164
v  -0.8068 -2.8117 -16.2541
v  -0.7561 -2.8518 -16.3030
v  -0.7025 -2.8761 -16.3541
v  -0.6463 -2.8848 -16.4084
v  -0.5856 -2.8767 -16.4664
v  -0.5315 -2.8525 -16.5185
v  -0.4819 -2.8138 -16.5661
v  -0.4442 -2.7699 -16.6019
v  -0.4116 -2.7161 -16.6327
v  -0.3850 -2.6509 -16.6574
v  -0.3664 -2.5765 -16.6737
v  -0.3587 -2.4954 -16.6793
v  -0.3631 -2.4171 -16.6734
v  -0.3780 -2.3415 -16.6567
v  -0.4018 -2.2728 -16.6306
v  -0.9134 -2.5867 -16.1112
v  -0.9218 -2.5030 -16.1061
v  -0.9104 -2.5038 -16.1421
v  -0.9025 -2.5781 -16.1477
v  -0.8834 -2.6512 -16.1634
v  -0.8581 -2.7096 -16.1863
v  -0.8300 -2.7556 -16.2121
v  -0.7887 -2.8034 -16.2494
v  -0.7390 -2.8397 -16.2962
v  -0.6895 -2.8603 -16.3427
v  -0.6326 -2.8677 -16.3960
v  -0.5805 -2.8592 -16.4454
v  -0.5271 -2.8364 -16.4950
v  -0.4782 -2.7992 -16.5400
v  -0.4407 -2.7539 -16.5752
v  -0.4097 -2.7012 -16.6034
v  -0.3852 -2.6392 -16.6249
v  -0.3689 -2.5699 -16.6382
v  -0.3624 -2.4947 -16.6415
v  -0.3659 -2.4231 -16.6347
v  -0.3794 -2.3543 -16.6180
v  -0.4030 -2.2898 -16.5915
v  -0.4303 -2.2402 -16.5614
v  -0.4688 -2.1926 -16.5197
v  -0.5145 -2.1563 -16.4707
v  -0.5635 -2.1348 -16.4183
v  -0.6142 -2.1281 -16.3642
v  -0.6703 -2.1377 -16.3039
v  -0.7122 -2.1594 -16.2604
v  -0.7551 -2.1943 -16.2141
v  -0.7843 -2.2284 -16.1818
v  -0.8150 -2.2801 -16.1482
v  -0.8415 -2.3509 -16.1187
v  -0.8566 -2.4283 -16.1001
v  -0.8596 -2.5047 -16.0936
v  -0.8520 -2.5771 -16.0984
v  -0.8307 -2.6577 -16.1157
v  -0.8084 -2.7095 -16.1350
v  -0.7799 -2.7555 -16.1613
v  -0.7399 -2.8014 -16.1987
v  -0.6872 -2.8404 -16.2477
v  -0.6382 -2.8604 -16.2938
v  -0.5870 -2.8676 -16.3417
v  -0.5309 -2.8603 -16.3941
v  -0.4772 -2.8373 -16.4442
v  -0.4283 -2.7992 -16.4898
v  -0.3911 -2.7547 -16.5244
v  -0.3598 -2.7021 -16.5529
v  -0.3350 -2.6404 -16.5745
v  -0.3185 -2.5712 -16.5879
v  -0.3114 -2.4963 -16.5916
v  -0.3151 -2.4251 -16.5849
v  -0.3288 -2.3567 -16.5685
v  -0.3517 -2.2917 -16.5424
v  -0.3804 -2.2412 -16.5116
v  -0.4173 -2.1945 -16.4713
v  -0.4631 -2.1573 -16.4218
v  -0.5138 -2.1354 -16.3681
v  -0.5666 -2.1289 -16.3122
v  -0.6250 -2.1404 -16.2494
v  -0.6605 -2.1579 -16.2113
v  -0.7021 -2.1912 -16.1668
v  -0.7321 -2.2260 -16.1342
v  -0.7658 -2.2827 -16.0973
v  -0.7911 -2.3497 -16.0686
v  -0.8067 -2.4293 -16.0496
v  -0.8096 -2.5052 -16.0431
v  -0.8015 -2.5797 -16.0481
v  -0.7806 -2.6575 -16.0654
v  -0.7582 -2.7092 -16.0849
v  -0.7298 -2.7554 -16.1110
v  -0.6897 -2.8012 -16.1483
v  -0.6372 -2.8405 -16.1971
v  -0.5875 -2.8610 -16.2436
v  -0.5405 -2.8679 -16.2877
v  -0.4805 -2.8600 -16.3442
v  -0.4270 -2.8364 -16.3944
v  -0.3780 -2.7982 -16.4400
v  -0.3402 -2.7547 -16.4745
v  -0.3089 -2.7019 -16.5028
v  -0.2845 -2.6403 -16.5245
v  -0.2682 -2.5714 -16.5377
v  -0.2614 -2.4967 -16.5413
v  -0.2649 -2.4253 -16.5347
v  -0.2784 -2.3566 -16.5183
v  -0.3010 -2.2928 -16.4926
v  -0.3270 -2.2438 -16.4638
v  -0.3652 -2.1954 -16.4225
v  -0.4135 -2.1566 -16.3708
v  -0.4649 -2.1334 -16.3153
v  -0.5200 -2.1285 -16.2575
v  -0.5702 -2.1386 -16.2036
v  -0.5635 -2.1048 -16.1843
v  -0.5063 -2.0929 -16.2451
v  -0.4434 -2.1004 -16.3115
v  -0.3864 -2.1265 -16.3721
v  -0.3357 -2.1688 -16.4262
v  -0.2958 -2.2197 -16.4689
v  -0.2641 -2.2801 -16.5039
v  -0.2414 -2.3453 -16.5290
v  -0.2272 -2.4196 -16.5462
v  -0.2234 -2.4967 -16.5532
v  -0.2300 -2.5742 -16.5495
v  -0.2467 -2.6479 -16.5357
v  -0.2723 -2.7149 -16.5129
v  -0.3058 -2.7733 -16.4828
v  -0.3492 -2.8260 -16.4422
v  -0.4040 -2.8690 -16.3906
v  -0.4643 -2.8952 -16.3342
v  -0.5302 -2.9029 -16.2723
v  -0.5792 -2.8956 -16.2256
v  -0.6365 -2.8715 -16.1711
v  -0.6907 -2.8309 -16.1208
v  -0.7344 -2.7801 -16.0799
v  -0.7651 -2.7294 -16.0515
v  -0.7897 -2.6734 -16.0297
v  -0.8129 -2.5866 -16.0105
v  -0.8216 -2.5033 -16.0056
v  -0.8182 -2.4228 -16.0121
v  -0.8012 -2.3360 -16.0328
v  -0.7725 -2.2609 -16.0648
v  -0.7363 -2.2006 -16.1043
v  -0.7011 -2.1600 -16.1415
v  -0.6566 -2.1250 -16.1891
v  -0.6167 -2.1053 -16.2316
v  -0.5494 -2.0927 -16.3026
v  -0.4920 -2.1008 -16.3630
v  -0.4362 -2.1266 -16.4219
v  -0.3871 -2.1670 -16.4744
v  -0.3471 -2.2176 -16.5175
v  -0.3147 -2.2789 -16.5533
v  -0.2917 -2.3449 -16.5790
v  -0.2776 -2.4169 -16.5958
v  -0.2736 -2.4916 -16.6031
v  -0.2799 -2.5715 -16.6001
v  -0.2973 -2.6484 -16.5860
v  -0.3231 -2.7154 -16.5632
v  -0.3580 -2.7761 -16.5313
v  -0.4006 -2.8270 -16.4916
v  -0.4550 -2.8693 -16.4407
v  -0.5147 -2.8952 -16.3847
v  -0.5759 -2.9031 -16.3264
v  -0.6303 -2.8954 -16.2755
v  -0.6869 -2.8713 -16.2223
v  -0.7411 -2.8304 -16.1714
v  -0.7848 -2.7803 -16.1307
v  -0.8157 -2.7293 -16.1020
v  -0.8404 -2.6726 -16.0802
v  -0.8632 -2.5864 -16.0608
v  -0.8714 -2.5034 -16.0551
v  -0.8671 -2.4153 -16.0628
v  -0.8495 -2.3301 -16.0846
v  -0.8224 -2.2606 -16.1147
v  -0.7894 -2.2049 -16.1504
v  -0.7539 -2.1627 -16.1898
v  -0.7057 -2.1248 -16.2411
v  -0.6641 -2.1044 -16.2841
v  -0.5965 -2.0927 -16.3559
v  -0.5434 -2.1005 -16.4120
v  -0.4923 -2.1230 -16.4663
v  -0.4387 -2.1659 -16.5236
v  -0.3988 -2.2155 -16.5663
v  -0.3649 -2.2788 -16.6035
v  -0.3420 -2.3452 -16.6295
v  -0.3279 -2.4184 -16.6465
v  -0.3239 -2.4943 -16.6536
v  -0.3307 -2.5760 -16.6497
v  -0.3483 -2.6512 -16.6355
v  -0.3751 -2.7192 -16.6118
v  -0.4107 -2.7796 -16.5793
v  -0.4512 -2.8275 -16.5411
v  -0.5053 -2.8696 -16.4903
v  -0.5647 -2.8952 -16.4344
v  -0.6224 -2.9032 -16.3803
v  -0.6791 -2.8958 -16.3269
v  -0.7369 -2.8716 -16.2720
v  -0.7910 -2.8307 -16.2220
v  -0.8349 -2.7804 -16.1809
v  -0.8656 -2.7298 -16.1524
v  -0.8902 -2.6738 -16.1307
v  -0.7686 -2.5833 -15.9640
v  -0.7469 -2.6743 -15.9863
v  -0.7239 -2.7298 -16.0091
v  -0.6944 -2.7801 -16.0383
v  -0.6516 -2.8316 -16.0811
v  -0.6000 -2.8719 -16.1327
v  -0.5430 -2.8967 -16.1910
v  -0.4975 -2.9038 -16.2355
v  -0.4318 -2.8961 -16.3014
v  -0.3734 -2.8701 -16.3597
v  -0.3201 -2.8273 -16.4127
v  -0.2783 -2.7752 -16.4544
v  -0.2457 -2.7156 -16.4870
v  -0.2213 -2.6484 -16.5112
v  -0.2060 -2.5745 -16.5265
v  -0.2009 -2.4971 -16.5319
v  -0.2065 -2.4193 -16.5266
v  -0.2224 -2.3443 -16.5107
v  -0.2463 -2.2789 -16.4866
v  -0.2793 -2.2193 -16.4536
v  -0.3202 -2.1684 -16.4126
v  -0.3728 -2.1261 -16.3601
v  -0.4319 -2.0997 -16.3008
v  -0.4972 -2.0920 -16.2357
v  -0.5601 -2.1049 -16.1727
v  -0.6010 -2.1244 -16.1325
v  -0.6440 -2.1568 -16.0890
v  -0.6833 -2.1999 -16.0499
v  -0.7205 -2.2600 -16.0120
v  -0.7513 -2.3356 -15.9816
v  -0.7707 -2.4245 -15.9624
v  -0.7753 -2.5027 -15.9577
v  -0.6877 -2.6527 -15.9823
v  -0.7051 -2.5731 -15.9626
v  -0.7117 -2.4980 -15.9576
v  -0.7066 -2.4290 -15.9622
v  -0.6893 -2.3500 -15.9800
v  -0.6618 -2.2844 -16.0068
v  -0.6284 -2.2309 -16.0410
v  -0.5940 -2.1938 -16.0753
v  -0.5558 -2.1653 -16.1136
v  -0.5196 -2.1481 -16.1497
v  -0.4646 -2.1366 -16.2053
v  -0.4058 -2.1440 -16.2634
v  -0.3548 -2.1667 -16.3140
v  -0.3076 -2.2044 -16.3614
v  -0.2713 -2.2491 -16.3983
v  -0.2413 -2.3031 -16.4279
v  -0.2205 -2.3585 -16.4479
v  -0.2056 -2.4259 -16.4624
v  -0.2009 -2.4971 -16.4686
v  -0.2048 -2.5627 -16.4637
v  -0.2180 -2.6283 -16.4507
v  -0.2393 -2.6882 -16.4299
v  -0.2679 -2.7418 -16.4018
v  -0.3048 -2.7890 -16.3653
v  -0.3523 -2.8283 -16.3180
v  -0.4046 -2.8522 -16.2660
v  -0.4644 -2.8597 -16.2060
v  -0.5045 -2.8539 -16.1664
v  -0.5547 -2.8302 -16.1122
v  -0.6031 -2.7945 -16.0670
v  -0.6416 -2.7476 -16.0284
v  -0.6677 -2.7022 -16.0023
v  0.2799 -2.6632 -15.2204
v  0.3079 -2.6040 -15.2204
v  0.3225 -2.5442 -15.2204
v  0.3256 -2.4829 -15.2204
v  0.3163 -2.4224 -15.2204
v  0.2955 -2.3622 -15.2204
v  0.2614 -2.3045 -15.2204
v  0.2163 -2.2549 -15.2204
v  0.1640 -2.2173 -15.2204
v  0.1016 -2.1888 -15.2204
v  0.0430 -2.1758 -15.2204
v  -0.0164 -2.1729 -15.2204
v  -0.0766 -2.1817 -15.2204
v  -0.1361 -2.2022 -15.2204
v  -0.1942 -2.2369 -15.2204
v  -0.2415 -2.2800 -15.2204
v  -0.2800 -2.3321 -15.2204
v  -0.3076 -2.3915 -15.2204
v  -0.3226 -2.4530 -15.2204
v  -0.3252 -2.5116 -15.2204
v  -0.3164 -2.5740 -15.2204
v  -0.2952 -2.6352 -15.2204
v  -0.2613 -2.6921 -15.2204
v  -0.2182 -2.7394 -15.2204
v  -0.1634 -2.7796 -15.2204
v  -0.1035 -2.8063 -15.2204
v  -0.0407 -2.8206 -15.2204
v  0.0148 -2.8230 -15.2204
v  0.0743 -2.8144 -15.2204
v  0.1335 -2.7945 -15.2204
v  0.1906 -2.7614 -15.2204
v  0.2405 -2.7171 -15.2204
v  0.3071 -2.6038 -15.3704
v  0.2797 -2.6631 -15.3704
v  0.2401 -2.7167 -15.3704
v  0.1902 -2.7613 -15.3702
v  0.1332 -2.7940 -15.3704
v  0.0738 -2.8144 -15.3702
v  0.0148 -2.8219 -15.3704
v  -0.0479 -2.8194 -15.3697
v  -0.1049 -2.8056 -15.3697
v  -0.1689 -2.7756 -15.3692
v  -0.2180 -2.7391 -15.3704
v  -0.2609 -2.6918 -15.3704
v  -0.2979 -2.6279 -15.3704
v  -0.3172 -2.5693 -15.3700
v  -0.3247 -2.5082 -15.3685
v  -0.3216 -2.4503 -15.3695
v  -0.3049 -2.3853 -15.3690
v  -0.2777 -2.3290 -15.3695
v  -0.2414 -2.2801 -15.3704
v  -0.1940 -2.2372 -15.3704
v  -0.1359 -2.2026 -15.3704
v  -0.0765 -2.1821 -15.3704
v  -0.0164 -2.1736 -15.3704
v  0.0475 -2.1765 -15.3700
v  0.1015 -2.1893 -15.3704
v  0.1639 -2.2174 -15.3704
v  0.2160 -2.2553 -15.3704
v  0.2611 -2.3047 -15.3702
v  0.2931 -2.3580 -15.3690
v  0.3160 -2.4226 -15.3704
v  0.3242 -2.4830 -15.3704
v  0.3216 -2.5441 -15.3704
v  -0.1303 -2.2641 -16.1048
v  -0.1648 -2.2386 -16.0704
v  -0.2013 -2.2232 -16.0339
v  -0.2393 -2.2179 -15.9959
v  -0.2764 -2.2230 -15.9588
v  -0.3136 -2.2385 -15.9216
v  -0.3480 -2.2639 -15.8872
v  -0.3793 -2.2999 -15.8559
v  -0.4045 -2.3437 -15.8307
v  -0.4226 -2.3925 -15.8125
v  -0.4335 -2.4442 -15.8017
v  -0.4372 -2.4973 -15.7979
v  -0.4337 -2.5506 -15.8015
v  -0.4227 -2.6031 -15.8125
v  -0.4043 -2.6526 -15.8309
v  -0.3790 -2.6963 -15.8562
v  -0.3482 -2.7317 -15.8870
v  -0.3137 -2.7573 -15.9214
v  -0.2772 -2.7726 -15.9580
v  -0.2397 -2.7779 -15.9955
v  -0.2020 -2.7729 -16.0332
v  -0.1644 -2.7571 -16.0708
v  -0.1298 -2.7312 -16.1054
v  -0.0991 -2.6957 -16.1361
v  -0.0742 -2.6525 -16.1610
v  -0.0561 -2.6043 -16.1790
v  -0.0460 -2.5584 -16.1892
v  -0.0413 -2.4979 -16.1938
v  -0.0455 -2.4403 -16.1896
v  -0.0553 -2.3944 -16.1799
v  -0.0742 -2.3433 -16.1609
v  -0.0995 -2.2996 -16.1357
v  -0.5983 -2.2381 -16.5041
v  -0.5638 -2.2638 -16.5386
v  -0.5329 -2.2993 -16.5695
v  -0.5075 -2.3430 -16.5949
v  -0.4890 -2.3925 -16.6134
v  -0.4778 -2.4447 -16.6246
v  -0.4742 -2.4989 -16.6282
v  -0.4781 -2.5526 -16.6243
v  -0.4892 -2.6044 -16.6132
v  -0.5074 -2.6529 -16.5950
v  -0.5324 -2.6961 -16.5700
v  -0.5631 -2.7318 -16.5393
v  -0.5978 -2.7579 -16.5046
v  -0.6355 -2.7735 -16.4669
v  -0.6733 -2.7785 -16.4291
v  -0.7109 -2.7733 -16.3915
v  -0.7475 -2.7578 -16.3549
v  -0.7820 -2.7321 -16.3205
v  -0.8128 -2.6966 -16.2896
v  -0.8382 -2.6529 -16.2642
v  -0.8567 -2.6033 -16.2457
v  -0.8677 -2.5507 -16.2347
v  -0.8713 -2.4973 -16.2311
v  -0.8675 -2.4441 -16.2349
v  -0.8566 -2.3923 -16.2458
v  -0.8383 -2.3435 -16.2641
v  -0.8130 -2.2998 -16.2894
v  -0.7816 -2.2638 -16.3208
v  -0.7473 -2.2381 -16.3551
v  -0.7100 -2.2227 -16.3924
v  -0.6729 -2.2177 -16.4295
v  -0.6348 -2.2226 -16.4676
v  -0.1339 -2.2641 -16.1084
v  -0.1683 -2.2385 -16.0739
v  -0.2048 -2.2232 -16.0374
v  -0.2428 -2.2179 -15.9995
v  -0.2799 -2.2230 -15.9623
v  -0.3171 -2.2385 -15.9251
v  -0.3515 -2.2639 -15.8907
v  -0.3828 -2.2999 -15.8595
v  -0.4080 -2.3437 -15.8342
v  -0.4262 -2.3925 -15.8161
v  -0.4370 -2.4442 -15.8052
v  -0.4408 -2.4973 -15.8015
v  -0.4372 -2.5506 -15.8050
v  -0.4262 -2.6031 -15.8160
v  -0.4078 -2.6526 -15.8344
v  -0.3825 -2.6963 -15.8597
v  -0.3517 -2.7318 -15.8905
v  -0.3173 -2.7573 -15.9250
v  -0.2807 -2.7726 -15.9615
v  -0.2432 -2.7779 -15.9990
v  -0.2055 -2.7729 -16.0367
v  -0.1679 -2.7571 -16.0743
v  -0.1333 -2.7312 -16.1089
v  -0.1026 -2.6957 -16.1396
v  -0.0777 -2.6525 -16.1645
v  -0.0597 -2.6043 -16.1826
v  -0.0495 -2.5584 -16.1927
v  -0.0449 -2.4979 -16.1974
v  -0.0491 -2.4403 -16.1932
v  -0.0588 -2.3944 -16.1834
v  -0.0778 -2.3433 -16.1645
v  -0.1031 -2.2996 -16.1392
v  -0.1661 -2.2432 -16.0690
v  -0.1323 -2.2683 -16.1029
v  -0.1020 -2.3031 -16.1331
v  -0.0772 -2.3460 -16.1580
v  -0.0586 -2.3963 -16.1766
v  -0.0490 -2.4413 -16.1862
v  -0.0449 -2.4979 -16.1903
v  -0.0495 -2.5574 -16.1857
v  -0.0594 -2.6024 -16.1757
v  -0.0772 -2.6498 -16.1580
v  -0.1016 -2.6921 -16.1336
v  -0.1317 -2.7270 -16.1034
v  -0.1657 -2.7524 -16.0694
v  -0.2027 -2.7679 -16.0325
v  -0.2397 -2.7729 -15.9955
v  -0.2765 -2.7677 -15.9587
v  -0.3124 -2.7527 -15.9228
v  -0.3462 -2.7276 -15.8890
v  -0.3765 -2.6927 -15.8587
v  -0.4013 -2.6498 -15.8339
v  -0.4194 -2.6012 -15.8158
v  -0.4302 -2.5496 -15.8050
v  -0.4337 -2.4973 -15.8015
v  -0.4300 -2.4452 -15.8052
v  -0.4193 -2.3944 -15.8158
v  -0.4015 -2.3465 -15.8337
v  -0.3767 -2.3035 -15.8584
v  -0.3460 -2.2681 -15.8892
v  -0.3123 -2.2431 -15.9229
v  -0.2757 -2.2279 -15.9595
v  -0.2393 -2.2230 -15.9959
v  -0.2020 -2.2282 -16.0332
v  -0.5391 -2.2060 -16.5698
v  -0.5042 -2.2459 -16.6048
v  -0.4745 -2.2955 -16.6349
v  -0.4508 -2.3546 -16.6587
v  -0.4343 -2.4240 -16.6749
v  -0.4284 -2.4964 -16.6805
v  -0.4336 -2.5694 -16.6753
v  -0.4482 -2.6366 -16.6603
v  -0.4717 -2.6972 -16.6366
v  -0.5017 -2.7473 -16.6069
v  -0.5369 -2.7881 -16.5717
v  -0.5782 -2.8197 -16.5307
v  -0.6232 -2.8394 -16.4863
v  -0.6755 -2.8478 -16.4340
v  -0.7270 -2.8405 -16.3824
v  -0.7753 -2.8189 -16.3337
v  -0.8179 -2.7853 -16.2907
v  -0.8519 -2.7449 -16.2569
v  -0.8806 -2.6956 -16.2282
v  -0.9030 -2.6385 -16.2063
v  -0.9177 -2.5744 -16.1918
v  -0.9235 -2.4978 -16.1859
v  -0.9187 -2.4275 -16.1908
v  -0.9037 -2.3599 -16.2056
v  -0.8794 -2.2978 -16.2290
v  -0.8514 -2.2503 -16.2578
v  -0.8174 -2.2103 -16.2919
v  -0.7750 -2.1770 -16.3344
v  -0.7288 -2.1564 -16.3807
v  -0.6764 -2.1486 -16.4331
v  -0.6272 -2.1550 -16.4822
v  -0.5796 -2.1753 -16.5293
v  -0.5653 -2.2596 -16.5441
v  -0.6005 -2.2334 -16.5090
v  -0.6377 -2.2177 -16.4718
v  -0.6764 -2.2127 -16.4331
v  -0.7142 -2.2178 -16.3953
v  -0.7522 -2.2335 -16.3573
v  -0.7871 -2.2596 -16.3223
v  -0.8190 -2.2962 -16.2904
v  -0.8448 -2.3407 -16.2646
v  -0.8634 -2.3904 -16.2461
v  -0.8746 -2.4431 -16.2349
v  -0.8784 -2.4972 -16.2311
v  -0.8747 -2.5517 -16.2347
v  -0.8635 -2.6052 -16.2459
v  -0.8447 -2.6557 -16.2648
v  -0.8189 -2.7002 -16.2906
v  -0.7874 -2.7363 -16.3220
v  -0.7523 -2.7624 -16.3571
v  -0.7151 -2.7782 -16.3943
v  -0.6769 -2.7835 -16.4326
v  -0.6384 -2.7784 -16.4711
v  -0.6000 -2.7626 -16.5095
v  -0.5646 -2.7360 -16.5448
v  -0.5334 -2.6996 -16.5760
v  -0.5080 -2.6557 -16.6014
v  -0.4894 -2.6063 -16.6200
v  -0.4781 -2.5536 -16.6313
v  -0.4742 -2.4989 -16.6352
v  -0.4779 -2.4437 -16.6316
v  -0.4893 -2.3906 -16.6202
v  -0.5081 -2.3402 -16.6014
v  -0.5339 -2.2957 -16.5755
v  -0.4975 -2.2397 -16.6064
v  -0.5332 -2.1989 -16.5706
v  -0.5748 -2.1674 -16.5290
v  -0.6235 -2.1466 -16.4809
v  -0.6739 -2.1400 -16.4305
v  -0.7275 -2.1480 -16.3769
v  -0.7749 -2.1692 -16.3295
v  -0.8182 -2.2033 -16.2860
v  -0.8531 -2.2442 -16.2510
v  -0.8819 -2.2929 -16.2215
v  -0.9068 -2.3566 -16.1975
v  -0.9221 -2.4258 -16.1823
v  -0.9271 -2.4979 -16.1774
v  -0.9211 -2.5762 -16.1834
v  -0.9060 -2.6419 -16.1983
v  -0.8831 -2.7003 -16.2207
v  -0.8537 -2.7509 -16.2500
v  -0.8188 -2.7923 -16.2847
v  -0.7751 -2.8267 -16.3288
v  -0.7257 -2.8489 -16.3787
v  -0.6729 -2.8564 -16.4315
v  -0.6195 -2.8478 -16.4850
v  -0.5733 -2.8276 -16.5305
v  -0.5310 -2.7952 -16.5725
v  -0.4949 -2.7534 -16.6086
v  -0.4641 -2.7021 -16.6390
v  -0.4401 -2.6400 -16.6633
v  -0.4252 -2.5711 -16.6787
v  -0.4198 -2.4964 -16.6841
v  -0.4258 -2.4221 -16.6783
v  -0.4428 -2.3512 -16.6617
v  -0.4670 -2.2906 -16.6373
v  -0.4763 -2.1645 -16.5606
v  -0.4354 -2.2155 -16.6029
v  -0.4056 -2.2722 -16.6353
v  -0.3817 -2.3411 -16.6615
v  -0.3667 -2.4169 -16.6782
v  -0.3623 -2.4953 -16.6841
v  -0.3700 -2.5765 -16.6785
v  -0.3886 -2.6512 -16.6622
v  -0.4152 -2.7165 -16.6375
v  -0.4479 -2.7705 -16.6066
v  -0.4857 -2.8144 -16.5707
v  -0.5354 -2.8533 -16.5230
v  -0.5895 -2.8775 -16.4708
v  -0.6504 -2.8857 -16.4127
v  -0.7068 -2.8770 -16.3583
v  -0.7605 -2.8526 -16.3071
v  -0.8114 -2.8125 -16.2580
v  -0.8514 -2.7634 -16.2203
v  -0.8799 -2.7137 -16.1932
v  -0.9038 -2.6534 -16.1710
v  -0.9209 -2.5807 -16.1560
v  -0.9271 -2.4926 -16.1518
v  -0.9268 -2.4902 -16.1119
v  -0.9219 -2.4189 -16.1155
v  -0.9032 -2.3348 -16.1345
v  -0.8732 -2.2609 -16.1635
v  -0.8421 -2.2092 -16.1952
v  -0.8025 -2.1632 -16.2341
v  -0.7532 -2.1248 -16.2835
v  -0.7057 -2.1026 -16.3310
v  -0.6445 -2.0919 -16.3922
v  -0.5851 -2.0994 -16.4518
v  -0.5336 -2.1211 -16.5038
v  0.4898 -4.3529 -13.5071
v  0.4898 -4.3829 -13.5047
v  0.4808 -4.3529 -13.5944
v  0.4809 -4.3829 -13.5934
v  0.4536 -4.3529 -13.6853
v  0.4540 -4.3829 -13.6842
v  0.4073 -4.3529 -13.7726
v  0.4080 -4.3829 -13.7715
v  0.3429 -4.3529 -13.8503
v  0.3438 -4.3829 -13.8493
v  0.2639 -4.3529 -13.9132
v  0.2650 -4.3829 -13.9124
v  0.1757 -4.3529 -13.9578
v  0.1767 -4.3829 -13.9573
v  0.0843 -4.3529 -13.9831
v  0.0851 -4.3829 -13.9829
v  -0.0050 -4.3529 -13.9904
v  -0.0044 -4.3829 -13.9904
v  -0.0941 -4.3529 -13.9814
v  -0.0932 -4.3829 -13.9814
v  -0.1850 -4.3529 -13.9542
v  -0.1840 -4.3829 -13.9546
v  -0.2723 -4.3529 -13.9079
v  -0.2712 -4.3829 -13.9085
v  -0.3500 -4.3529 -13.8435
v  -0.3491 -4.3829 -13.8443
v  -0.4129 -4.3529 -13.7645
v  -0.4122 -4.3829 -13.7655
v  -0.4575 -4.3530 -13.6763
v  -0.4570 -4.3830 -13.6773
v  -0.4828 -4.3529 -13.5849
v  -0.4826 -4.3829 -13.5856
v  -0.4901 -4.3529 -13.4956
v  -0.4901 -4.3829 -13.4938
v  -0.4811 -4.3529 -13.4065
v  -0.4811 -4.3829 -13.4070
v  -0.4539 -4.3529 -13.3156
v  -0.4541 -4.3829 -13.3161
v  -0.4076 -4.3529 -13.2283
v  -0.4078 -4.3829 -13.2288
v  -0.3432 -4.3529 -13.1506
v  -0.3435 -4.3829 -13.1510
v  -0.2642 -4.3529 -13.0877
v  -0.2646 -4.3829 -13.0881
v  -0.1760 -4.3530 -13.0431
v  -0.1765 -4.3830 -13.0434
v  -0.0846 -4.3529 -13.0178
v  -0.0851 -4.3829 -13.0179
v  0.0047 -4.3529 -13.0105
v  0.0041 -4.3829 -13.0105
v  0.0938 -4.3529 -13.0195
v  0.0932 -4.3829 -13.0195
v  0.1847 -4.3529 -13.0467
v  0.1841 -4.3829 -13.0465
v  0.2720 -4.3529 -13.0930
v  0.2715 -4.3829 -13.0927
v  0.3497 -4.3529 -13.1574
v  0.3492 -4.3829 -13.1570
v  0.4126 -4.3529 -13.2364
v  0.4122 -4.3829 -13.2359
v  0.4572 -4.3529 -13.3246
v  0.4569 -4.3829 -13.3240
v  0.4825 -4.3529 -13.4160
v  0.4823 -4.3829 -13.4154
v  0.4599 -4.4129 -13.5044
v  0.4516 -4.4129 -13.5878
v  0.4263 -4.4129 -13.6730
v  0.3831 -4.4129 -13.7550
v  0.3228 -4.4129 -13.8280
v  0.2488 -4.4129 -13.8873
v  0.1659 -4.4129 -13.9295
v  0.0798 -4.4129 -13.9535
v  -0.0042 -4.4129 -13.9605
v  -0.0876 -4.4129 -13.9521
v  -0.1728 -4.4129 -13.9269
v  -0.2548 -4.4129 -13.8836
v  -0.3279 -4.4129 -13.8234
v  -0.3871 -4.4129 -13.7493
v  -0.4292 -4.4129 -13.6665
v  -0.4533 -4.4129 -13.5804
v  -0.4602 -4.4129 -13.4942
v  -0.4518 -4.4129 -13.4127
v  -0.4265 -4.4129 -13.3273
v  -0.3831 -4.4129 -13.2453
v  -0.3227 -4.4129 -13.1723
v  -0.2486 -4.4129 -13.1131
v  -0.1658 -4.4129 -13.0711
v  -0.0800 -4.4125 -13.0473
v  0.0038 -4.4129 -13.0403
v  0.0874 -4.4129 -13.0487
v  0.1729 -4.4129 -13.0741
v  0.2549 -4.4129 -13.1175
v  0.3279 -4.4129 -13.1779
v  0.3871 -4.4129 -13.2520
v  0.4291 -4.4129 -13.3348
v  0.4530 -4.4129 -13.4206
v  -0.0001 -4.4129 -13.5004
v  0.4807 -4.4044 -13.5046
v  0.4723 -4.4041 -13.5917
v  0.4460 -4.4042 -13.6808
v  0.4008 -4.4042 -13.7665
v  0.3378 -4.4041 -13.8430
v  0.2604 -4.4041 -13.9050
v  0.1737 -4.4041 -13.9491
v  0.0837 -4.4041 -13.9743
v  -0.0043 -4.4041 -13.9816
v  -0.0915 -4.4041 -13.9729
v  -0.1806 -4.4041 -13.9465
v  -0.2663 -4.4041 -13.9013
v  -0.3428 -4.4041 -13.8383
v  -0.4048 -4.4041 -13.7609
v  -0.4489 -4.4041 -13.6742
v  -0.4740 -4.4041 -13.5842
v  -0.4813 -4.4041 -13.4937
v  -0.4726 -4.4041 -13.4088
v  -0.4460 -4.4041 -13.3194
v  -0.4006 -4.4041 -13.2336
v  -0.3375 -4.4041 -13.1572
v  -0.2600 -4.4041 -13.0954
v  -0.1734 -4.4041 -13.0515
v  -0.0837 -4.4041 -13.0265
v  0.0039 -4.4041 -13.0192
v  0.0914 -4.4041 -13.0280
v  0.1808 -4.4041 -13.0545
v  0.2666 -4.4042 -13.0999
v  0.3430 -4.4042 -13.1631
v  0.4048 -4.4042 -13.2405
v  0.4487 -4.4041 -13.3271
v  0.4737 -4.4042 -13.4169
v  0.4708 -4.3330 -13.5068
v  0.4622 -4.3330 -13.5907
v  0.4361 -4.3330 -13.6782
v  0.3916 -4.3330 -13.7621
v  0.3296 -4.3330 -13.8368
v  0.2537 -4.3330 -13.8972
v  0.1689 -4.3330 -13.9401
v  0.0810 -4.3330 -13.9645
v  -0.0048 -4.3330 -13.9715
v  -0.0904 -4.3330 -13.9628
v  -0.1779 -4.3330 -13.9367
v  -0.2618 -4.3330 -13.8922
v  -0.3365 -4.3330 -13.8302
v  -0.3970 -4.3330 -13.7543
v  -0.4398 -4.3330 -13.6695
v  -0.4642 -4.3330 -13.5816
v  -0.4712 -4.3330 -13.4958
v  -0.4625 -4.3330 -13.4102
v  -0.4364 -4.3330 -13.3227
v  -0.3919 -4.3330 -13.2388
v  -0.3299 -4.3330 -13.1641
v  -0.2540 -4.3330 -13.1037
v  -0.1692 -4.3330 -13.0608
v  -0.0813 -4.3330 -13.0364
v  0.0045 -4.3330 -13.0294
v  0.0901 -4.3330 -13.0381
v  0.1776 -4.3330 -13.0642
v  0.2615 -4.3330 -13.1087
v  0.3362 -4.3330 -13.1707
v  0.3966 -4.3330 -13.2466
v  0.4395 -4.3330 -13.3314
v  0.4639 -4.3330 -13.4193
v  0.4847 -4.3397 -13.5072
v  0.4758 -4.3397 -13.5935
v  0.4489 -4.3397 -13.6835
v  0.4031 -4.3397 -13.7699
v  0.3393 -4.3397 -13.8468
v  0.2611 -4.3397 -13.9090
v  0.1738 -4.3397 -13.9531
v  0.0833 -4.3397 -13.9782
v  -0.0050 -4.3397 -13.9854
v  -0.0932 -4.3397 -13.9764
v  -0.1832 -4.3397 -13.9495
v  -0.2696 -4.3397 -13.9037
v  -0.3465 -4.3397 -13.8399
v  -0.4087 -4.3397 -13.7617
v  -0.4528 -4.3397 -13.6744
v  -0.4779 -4.3397 -13.5839
v  -0.4851 -4.3397 -13.4958
v  -0.4761 -4.3397 -13.4075
v  -0.4493 -4.3397 -13.3175
v  -0.4034 -4.3397 -13.2310
v  -0.3396 -4.3397 -13.1541
v  -0.2615 -4.3397 -13.0919
v  -0.1742 -4.3397 -13.0478
v  -0.0836 -4.3397 -13.0227
v  0.0047 -4.3397 -13.0155
v  0.0928 -4.3397 -13.0245
v  0.1828 -4.3397 -13.0513
v  0.2693 -4.3397 -13.0972
v  0.3462 -4.3397 -13.1610
v  0.4084 -4.3397 -13.2391
v  0.4525 -4.3397 -13.3264
v  0.4776 -4.3397 -13.4170
v  -0.0002 -4.3330 -13.5005
v  -0.1869 -3.5174 -13.0476
v  -0.4901 -3.5174 -13.5008
v  -0.4807 -3.5174 -13.4050
v  -0.4527 -3.5174 -13.3129
v  -0.4073 -3.5174 -13.2281
v  -0.3463 -3.5174 -13.1537
v  -0.2718 -3.5174 -13.0928
v  -0.0948 -3.5174 -13.0198
v  -0.0002 -3.5174 -13.0104
v  -0.0002 -3.5174 -13.9904
v  -0.0947 -3.5174 -13.9811
v  -0.1866 -3.5174 -13.9534
v  -0.2715 -3.5174 -13.9084
v  -0.3459 -3.5174 -13.8476
v  -0.4070 -3.5174 -13.7733
v  -0.4524 -3.5174 -13.6886
v  -0.4805 -3.5174 -13.5966
v  -0.0634 -4.1038 -12.1603
v  -0.1098 -4.0700 -12.1604
v  -0.1392 -4.0240 -12.1604
v  -0.1501 -3.9653 -12.1603
v  -0.1370 -3.9069 -12.1603
v  -0.1006 -3.8568 -12.1603
v  -0.0457 -3.8252 -12.1602
v  -0.0381 -4.0489 -12.1004
v  -0.0652 -4.0300 -12.1004
v  -0.0830 -4.0030 -12.1005
v  -0.0892 -3.9681 -12.1004
v  -0.0609 -3.9030 -12.1004
v  -0.0278 -3.8839 -12.1004
v  -0.0524 -4.0797 -12.1106
v  -0.0905 -4.0527 -12.1111
v  -0.1147 -4.0148 -12.1110
v  -0.1233 -3.9665 -12.1105
v  -0.0833 -3.8771 -12.1104
v  -0.0378 -3.8512 -12.1102
v  -0.0615 -4.0996 -12.1374
v  -0.1066 -4.0671 -12.1378
v  -0.1349 -4.0224 -12.1377
v  -0.1454 -3.9655 -12.1374
v  -0.0977 -3.8603 -12.1374
v  -0.0444 -3.8298 -12.1371
v  -0.1329 -3.9088 -12.1373
v  -0.1128 -3.9185 -12.1104
v  -0.0818 -3.9333 -12.1004
v  0.0004 -3.7558 -13.0105
v  -0.0666 -3.7724 -13.0150
v  -0.4807 -4.1833 -13.4050
v  -0.4901 -4.1833 -13.5008
v  -0.4527 -4.1833 -13.3129
v  -0.4073 -4.1833 -13.2281
v  -0.3463 -4.1833 -13.1537
v  -0.2718 -4.1833 -13.0928
v  -0.0947 -4.1833 -13.9811
v  -0.0002 -4.1833 -13.9904
v  -0.1866 -4.1833 -13.9534
v  -0.2715 -4.1833 -13.9084
v  -0.3459 -4.1833 -13.8476
v  -0.4070 -4.1833 -13.7733
v  -0.4524 -4.1833 -13.6886
v  -0.4805 -4.1833 -13.5966
v  0.0009 -4.1773 -13.0104
v  -0.0725 -4.1617 -13.0159
v  -0.1869 -4.1833 -13.0476
v  0.4804 -3.5174 -13.4050
v  0.4898 -3.5174 -13.5008
v  0.4524 -3.5174 -13.3129
v  0.4070 -3.5174 -13.2281
v  0.3460 -3.5174 -13.1537
v  0.2715 -3.5174 -13.0928
v  0.1866 -3.5174 -13.0476
v  0.0873 -3.7814 -13.0184
v  0.0951 -3.5174 -13.0195
v  0.0944 -3.5174 -13.9811
v  0.1863 -3.5174 -13.9534
v  0.2712 -3.5174 -13.9084
v  0.3456 -3.5174 -13.8476
v  0.4067 -3.5174 -13.7733
v  0.4521 -3.5174 -13.6886
v  0.4802 -3.5174 -13.5966
v  -0.0139 -4.1173 -12.1603
v  0.0370 -4.1131 -12.1604
v  0.0860 -4.0905 -12.1604
v  0.1237 -4.0523 -12.1605
v  0.1462 -4.0003 -12.1605
v  0.1472 -3.9400 -12.1604
v  0.1233 -3.8830 -12.1603
v  0.0775 -3.8398 -12.1603
v  0.0174 -3.8191 -12.1602
v  -0.0135 -4.1126 -12.1376
v  0.0358 -4.1088 -12.1377
v  0.0833 -4.0869 -12.1377
v  0.1200 -4.0498 -12.1378
v  0.1418 -3.9995 -12.1377
v  0.1427 -3.9410 -12.1378
v  0.0752 -3.8438 -12.1374
v  0.0169 -3.8238 -12.1372
v  -0.0089 -4.0572 -12.1004
v  0.0213 -4.0552 -12.1004
v  0.0507 -4.0421 -12.1004
v  0.0735 -4.0196 -12.1004
v  0.0871 -3.9893 -12.1004
v  0.0882 -3.9531 -12.1004
v  0.0743 -3.9186 -12.1004
v  0.0468 -3.8922 -12.1004
v  0.0103 -3.8798 -12.1004
v  -0.0042 -3.9738 -12.1004
v  -0.0118 -4.0909 -12.1108
v  0.0301 -4.0880 -12.1110
v  0.0706 -4.0695 -12.1110
v  0.1019 -4.0380 -12.1110
v  0.1205 -3.9956 -12.1109
v  0.1214 -3.9457 -12.1109
v  0.0641 -3.8628 -12.1106
v  0.0143 -3.8459 -12.1103
v  0.1019 -3.8986 -12.1108
v  0.1196 -3.8857 -12.1376
v  0.4804 -4.1833 -13.4050
v  0.4898 -4.1833 -13.5008
v  0.4524 -4.1833 -13.3129
v  0.4070 -4.1833 -13.2281
v  0.3460 -4.1833 -13.1537
v  0.2715 -4.1833 -13.0928
v  0.1706 -4.1754 -13.0412
v  0.0589 -4.1666 -13.0141
v  0.0944 -4.1833 -13.9811
v  0.1863 -4.1833 -13.9534
v  0.2712 -4.1833 -13.9084
v  0.3456 -4.1833 -13.8476
v  0.4067 -4.1833 -13.7733
v  0.4521 -4.1833 -13.6886
v  0.4802 -4.1833 -13.5966
v  -0.0002 -4.3329 -13.5005
v  -0.0575 -4.1065 -12.9572
v  -0.1054 -4.0747 -12.9713
v  -0.1344 -4.0345 -12.9839
v  -0.1500 -3.9711 -12.9913
v  -0.1374 -3.9077 -12.9848
v  -0.1012 -3.8573 -12.9697
v  -0.0512 -3.8270 -12.9576
v  -0.0067 -4.1177 -12.9517
v  0.0450 -4.1110 -12.9542
v  0.0902 -4.0875 -12.9656
v  0.1250 -4.0506 -12.9790
v  0.1461 -4.0008 -12.9890
v  0.1475 -3.9423 -12.9902
v  0.1214 -3.8804 -12.9775
v  0.0687 -3.8348 -12.9602
v  0.0080 -3.8182 -12.9529
v  -0.1340 -4.1129 -13.0291
v  -0.1686 -4.0601 -13.0403
v  -0.1738 -3.8871 -13.0422
v  -0.1299 -3.8162 -13.0280
v  0.1215 -4.1295 -13.0258
v  0.1609 -4.0776 -13.0377
v  0.1841 -4.0090 -13.0464
v  0.1543 -3.8526 -13.0354
v  -0.1870 -3.9737 -13.0475
v  0.1846 -3.9333 -13.0466
v  -0.0593 -4.1230 -12.9967
v  -0.1126 -4.0864 -13.0085
v  -0.1461 -4.0398 -13.0214
v  -0.1616 -3.9670 -13.0273
v  -0.1495 -3.9047 -13.0223
v  -0.1106 -3.8460 -13.0089
v  -0.0561 -3.8105 -12.9974
v  -0.0025 -4.1355 -12.9930
v  0.0469 -4.1271 -12.9948
v  0.0975 -4.1007 -13.0050
v  0.1377 -4.0557 -13.0184
v  0.1581 -3.9990 -13.0255
v  0.1599 -3.9443 -13.0271
v  0.1332 -3.8747 -13.0159
v  0.0747 -3.8190 -13.0008
v  0.0038 -3.7992 -12.9941
v  -0.0573 -4.1116 -12.9791
v  -0.1072 -4.0783 -12.9916
v  -0.1379 -4.0352 -13.0043
v  -0.1531 -3.9684 -13.0107
v  -0.1411 -3.9079 -13.0051
v  -0.1041 -3.8544 -12.9912
v  -0.0528 -3.8220 -12.9798
v  -0.0049 -4.1229 -12.9748
v  0.0450 -4.1156 -12.9767
v  0.0917 -4.0915 -12.9872
v  0.1290 -4.0509 -13.0005
v  0.1495 -3.9989 -13.0086
v  0.1510 -3.9445 -13.0101
v  0.1253 -3.8797 -12.9983
v  0.0706 -3.8302 -12.9828
v  0.0062 -3.8125 -12.9761
v  -0.0643 -4.1397 -13.0096
v  -0.1218 -4.0979 -13.0215
v  -0.1577 -4.0473 -13.0338
v  -0.1739 -3.9674 -13.0399
v  -0.1616 -3.8987 -13.0351
v  -0.1203 -3.8337 -13.0217
v  -0.0613 -3.7938 -13.0098
v  -0.0004 -4.1540 -13.0054
v  0.0514 -4.1440 -13.0079
v  0.1073 -4.1137 -13.0184
v  0.1497 -4.0637 -13.0314
v  0.1704 -4.0012 -13.0385
v  0.1724 -3.9418 -13.0396
v  0.1442 -3.8664 -13.0287
v  0.0813 -3.8027 -13.0133
v  0.0018 -3.7800 -13.0063
v  -0.0002 -3.0479 -12.5005
v  0.0940 -3.0398 -12.5004
v  0.1967 -3.0115 -12.5004
v  0.2958 -2.9615 -12.5004
v  0.3845 -2.8911 -12.5004
v  0.4569 -2.8039 -12.5004
v  0.5090 -2.7060 -12.5004
v  0.5395 -2.6039 -12.5004
v  0.5498 -2.5039 -12.5004
v  0.5417 -2.4038 -12.5004
v  0.5134 -2.3011 -12.5004
v  0.4635 -2.2020 -12.5004
v  0.3930 -2.1133 -12.5004
v  0.3058 -2.0409 -12.5004
v  0.2079 -1.9888 -12.5004
v  0.1058 -1.9582 -12.5004
v  0.1002 -3.0387 -14.5004
v  -0.0002 -2.8854 -14.5004
v  0.2029 -3.0091 -14.5004
v  0.0776 -2.8776 -14.5004
v  0.3016 -2.9578 -14.5004
v  0.1494 -2.8554 -14.5004
v  0.3896 -2.8860 -14.5004
v  0.2181 -2.8181 -14.5004
v  0.4610 -2.7976 -14.5004
v  0.2789 -2.7668 -14.5004
v  0.5119 -2.6987 -14.5004
v  0.3279 -2.7042 -14.5004
v  0.5410 -2.5961 -14.5004
v  0.3625 -2.6346 -14.5004
v  0.5498 -2.4958 -14.5004
v  0.3819 -2.5626 -14.5004
v  0.5402 -2.3954 -14.5004
v  0.3873 -2.4926 -14.5004
v  0.5101 -2.2927 -14.5004
v  0.3798 -2.4221 -14.5004
v  0.4583 -2.1942 -14.5004
v  0.3565 -2.3508 -14.4938
v  0.3861 -2.1064 -14.5004
v  0.3212 -2.2814 -14.5004
v  0.2975 -2.0354 -14.5004
v  0.2702 -2.2203 -14.5004
v  0.1984 -1.9850 -14.5004
v  0.2078 -2.1710 -14.5004
v  0.0958 -1.9564 -14.5004
v  0.1383 -2.1360 -14.5004
v  -0.0002 -1.9480 -14.5004
v  0.0664 -2.1162 -14.5004
v  -0.0002 -2.1105 -14.5004
v  -0.0002 -3.0479 -14.5004
v  0.5589 -2.7153 -12.5517
v  0.0968 -0.8123 -13.0236
v  0.1856 -0.8123 -13.0490
v  0.2698 -0.8123 -13.0936
v  0.3437 -0.8123 -13.1535
v  0.4044 -0.8123 -13.2271
v  0.4483 -0.8123 -13.3083
v  0.4781 -0.8123 -13.4023
v  0.4883 -0.8123 -13.4974
v  0.4784 -0.8123 -13.5973
v  0.4521 -0.8123 -13.6848
v  0.4072 -0.8123 -13.7698
v  0.3467 -0.8123 -13.8444
v  0.2724 -0.8123 -13.9054
v  0.1877 -0.8123 -13.9509
v  0.0968 -0.8123 -13.9786
v  0.1042 -1.8178 -13.0232
v  0.1890 -1.8452 -13.0502
v  0.2733 -1.8881 -13.0958
v  0.3465 -1.9422 -13.1565
v  0.4090 -2.0065 -13.2337
v  0.4490 -2.0540 -13.3087
v  0.4784 -2.1042 -13.4022
v  0.4883 -2.1220 -13.5003
v  0.4786 -2.1063 -13.5978
v  0.4462 -2.0545 -13.6987
v  0.3991 -1.9953 -13.7815
v  0.3407 -1.9378 -13.8503
v  0.2701 -1.8869 -13.9073
v  0.1884 -1.8450 -13.9509
v  0.1004 -1.8192 -13.9785
v  0.5893 -2.3862 -14.4501
v  0.5565 -2.2742 -14.4501
v  0.5000 -2.1667 -14.4501
v  0.3246 -1.9935 -14.4502
v  0.2165 -1.9385 -14.4503
v  0.1045 -1.9072 -14.4503
v  -0.0002 -1.8979 -14.4502
v  0.2998 -1.9784 -13.9648
v  0.4720 -2.1278 -13.2998
v  0.4942 -2.1579 -13.3930
v  0.5029 -2.1709 -13.5018
v  0.4953 -2.1595 -13.5978
v  0.4712 -2.1267 -13.7042
v  0.3689 -2.0249 -13.8939
v  0.2108 -1.9364 -14.0256
v  0.1118 -1.9085 -14.0648
v  -0.0002 -1.8979 -14.0786
v  0.0933 -3.1795 -13.0196
v  0.1897 -3.1512 -13.0489
v  0.2743 -3.1082 -13.0947
v  0.3478 -3.0540 -13.1556
v  0.4104 -2.9897 -13.2330
v  0.4500 -2.9363 -13.3072
v  0.4794 -2.8906 -13.4002
v  0.4899 -2.8706 -13.5002
v  0.4800 -2.8899 -13.5978
v  0.4476 -2.9416 -13.6992
v  0.4018 -2.9981 -13.7804
v  0.3427 -3.0568 -13.8504
v  0.2696 -3.1113 -13.9094
v  0.1872 -3.1515 -13.9530
v  0.0961 -3.1798 -13.9807
v  0.5902 -2.6049 -14.4501
v  0.5997 -2.4956 -14.4500
v  0.5584 -2.7169 -14.4501
v  0.5030 -2.8247 -14.4502
v  0.4251 -2.9211 -14.4502
v  0.3291 -2.9995 -14.4503
v  0.2214 -3.0555 -14.4504
v  0.1094 -3.0879 -14.4505
v  0.3036 -3.0153 -13.9626
v  0.2188 -3.0565 -14.0226
v  0.1040 -3.0888 -14.0665
v  -0.0002 -3.0979 -14.0790
v  0.4775 -2.8610 -13.3124
v  0.4959 -2.8355 -13.3944
v  0.5040 -2.8232 -13.5009
v  0.4959 -2.8355 -13.5978
v  0.4712 -2.8692 -13.7042
v  0.4273 -2.9190 -13.8057
v  0.3704 -2.9698 -13.8935
v  0.1026 -3.0891 -12.5514
v  0.2146 -3.0582 -12.5517
v  0.3227 -3.0037 -12.5517
v  0.4195 -2.9268 -12.5517
v  0.5886 -2.6135 -12.5517
v  0.5998 -2.5045 -12.5517
v  0.5910 -2.3952 -12.5517
v  0.5601 -2.2832 -12.5517
v  0.4287 -2.0783 -12.5517
v  0.3336 -1.9994 -12.5517
v  0.2268 -1.9425 -12.5517
v  0.5886 -2.6130 -13.6485
v  0.5998 -2.5041 -13.3748
v  0.5884 -2.6142 -13.8053
v  0.5998 -2.4992 -13.8055
v  0.5890 -2.3850 -13.8053
v  0.5554 -2.7245 -13.6492
v  0.5554 -2.7243 -13.8051
v  0.5588 -2.2797 -13.6492
v  0.5568 -2.2749 -13.8046
v  0.3750 -2.9661 -13.1126
v  0.3736 -2.0287 -13.1137
v  0.4289 -2.0786 -13.8039
v  0.5030 -2.8246 -13.8052
v  0.5038 -2.1725 -13.8032
v  0.1154 -1.9092 -12.5517
v  0.4213 -2.0710 -14.4502
v  0.4984 -2.8317 -12.5517
v  0.4357 -2.9103 -13.2089
v  0.5056 -2.1751 -12.5517
v  0.4355 -2.0854 -13.2107
v  0.1023 -3.0890 -12.9320
v  0.2115 -3.0593 -12.9732
v  0.2883 -3.0240 -13.0255
v  0.2951 -1.9757 -13.0302
v  0.2236 -1.9413 -12.9811
v  0.1058 -1.9074 -12.9371
v  0.5558 -2.7235 -13.3768
v  0.5885 -2.6138 -13.3755
v  0.5909 -2.3951 -13.3753
v  0.5622 -2.2891 -13.3764
v  0.5566 -2.7216 -13.1988
v  0.5883 -2.6148 -13.1964
v  0.5998 -2.5045 -13.1958
v  0.5909 -2.3949 -13.1970
v  0.5622 -2.2890 -13.1999
v  0.5998 -2.5013 -13.6483
v  0.5899 -2.3895 -13.6485
v  -0.0002 -3.0979 -14.4505
v  -0.0002 -3.1891 -13.9904
v  -0.0002 -0.8136 -13.0123
v  -0.0002 -3.1858 -13.0103
v  -0.0002 -3.0977 -12.5517
v  0.0949 -3.1161 -12.9939
v  0.1958 -3.0888 -13.0275
v  0.2753 -3.0527 -13.0738
v  0.3557 -2.9990 -13.1455
v  0.4144 -2.9476 -13.2250
v  0.4578 -2.8969 -13.3104
v  0.4833 -2.8615 -13.3957
v  0.4841 -2.8616 -13.5977
v  0.4530 -2.9045 -13.7008
v  0.4062 -2.9560 -13.7895
v  0.3510 -3.0026 -13.8610
v  0.2810 -3.0497 -13.9224
v  0.1984 -3.0881 -13.9719
v  0.0971 -3.1166 -14.0056
v  -0.0002 -3.1251 -14.0159
v  0.4937 -2.8456 -13.5026
v  -0.0002 -3.1236 -12.9834
v  0.1018 -1.8802 -12.9979
v  0.2017 -1.9094 -13.0318
v  0.2779 -1.9456 -13.0768
v  0.3545 -1.9961 -13.1461
v  0.4138 -2.0482 -13.2260
v  0.4536 -2.0930 -13.3046
v  0.4819 -2.1325 -13.3962
v  0.4922 -2.1478 -13.5029
v  0.4831 -2.1340 -13.5977
v  0.4522 -2.0916 -13.7004
v  0.4051 -2.0396 -13.7892
v  0.3493 -1.9922 -13.8610
v  0.2794 -1.9461 -13.9225
v  0.1948 -1.9067 -13.9723
v  0.1034 -1.8818 -14.0037
v  -0.0002 -1.8713 -14.0151
v  -0.0002 -1.8724 -12.9846
v  -0.0002 -3.0835 -12.5156
v  0.0995 -3.0750 -12.5154
v  0.2089 -3.0450 -12.5154
v  0.3149 -2.9917 -12.5155
v  0.4095 -2.9166 -12.5155
v  0.4867 -2.8237 -12.5155
v  0.5426 -2.7168 -12.5150
v  0.5744 -2.6114 -12.5154
v  0.5854 -2.5028 -12.5154
v  0.5770 -2.3983 -12.5154
v  0.5465 -2.2890 -12.5150
v  0.4945 -2.1842 -12.5156
v  0.4195 -2.0894 -12.5155
v  0.3267 -2.0119 -12.5155
v  0.2220 -1.9560 -12.5155
v  0.1135 -1.9234 -12.5155
v  0.1065 -3.0734 -14.4858
v  0.2157 -3.0420 -14.4857
v  0.3211 -2.9873 -14.4857
v  0.4140 -2.9109 -14.4862
v  0.4906 -2.8170 -14.4857
v  0.5448 -2.7117 -14.4857
v  0.5759 -2.6024 -14.4857
v  0.5852 -2.4958 -14.4856
v  0.5750 -2.3890 -14.4857
v  0.5431 -2.2797 -14.4857
v  0.4879 -2.1747 -14.4857
v  0.4106 -2.0815 -14.4862
v  0.3170 -2.0059 -14.4857
v  0.2114 -1.9521 -14.4858
v  0.1019 -1.9215 -14.4858
v  -0.0002 -1.9126 -14.4856
v  -0.0002 -3.0832 -14.4857
v  -0.0943 -3.0398 -12.5005
v  -0.1970 -3.0115 -12.5005
v  -0.2961 -2.9615 -12.5005
v  -0.3848 -2.8911 -12.5005
v  -0.4572 -2.8039 -12.5005
v  -0.5093 -2.7060 -12.5005
v  -0.5398 -2.6039 -12.5005
v  -0.5501 -2.5039 -12.5005
v  -0.5420 -2.4038 -12.5005
v  -0.5137 -2.3011 -12.5005
v  -0.4638 -2.2020 -12.5005
v  -0.3933 -2.1133 -12.5005
v  -0.3061 -2.0409 -12.5005
v  -0.2082 -1.9888 -12.5005
v  -0.1061 -1.9582 -12.5005
v  -0.0002 -1.9480 -12.5005
v  -0.0779 -2.8776 -14.5004
v  -0.1005 -3.0387 -14.5004
v  -0.1497 -2.8554 -14.5004
v  -0.2032 -3.0091 -14.5004
v  -0.2184 -2.8181 -14.5004
v  -0.3019 -2.9578 -14.5004
v  -0.2792 -2.7668 -14.5004
v  -0.3899 -2.8860 -14.5004
v  -0.3282 -2.7042 -14.5004
v  -0.4613 -2.7976 -14.5004
v  -0.3628 -2.6346 -14.5004
v  -0.5122 -2.6987 -14.5004
v  -0.3822 -2.5626 -14.5004
v  -0.5413 -2.5961 -14.5004
v  -0.3876 -2.4926 -14.5004
v  -0.5501 -2.4958 -14.5004
v  -0.3802 -2.4221 -14.5004
v  -0.5405 -2.3954 -14.5004
v  -0.3584 -2.3502 -14.5004
v  -0.5104 -2.2927 -14.5004
v  -0.3215 -2.2814 -14.5004
v  -0.4586 -2.1942 -14.5004
v  -0.2705 -2.2203 -14.5004
v  -0.3864 -2.1064 -14.5004
v  -0.2081 -2.1710 -14.5004
v  -0.2978 -2.0354 -14.5004
v  -0.1386 -2.1360 -14.5004
v  -0.1987 -1.9850 -14.5004
v  -0.0667 -2.1162 -14.5004
v  -0.0961 -1.9564 -14.5004
v  -0.0971 -0.8123 -13.0236
v  -0.1859 -0.8123 -13.0490
v  -0.2701 -0.8123 -13.0936
v  -0.3440 -0.8123 -13.1535
v  -0.4047 -0.8123 -13.2271
v  -0.4486 -0.8123 -13.3083
v  -0.4784 -0.8123 -13.4023
v  -0.4886 -0.8123 -13.4974
v  -0.4787 -0.8123 -13.5973
v  -0.4524 -0.8123 -13.6848
v  -0.4076 -0.8123 -13.7698
v  -0.3470 -0.8123 -13.8444
v  -0.2727 -0.8123 -13.9054
v  -0.1880 -0.8123 -13.9509
v  -0.0971 -0.8123 -13.9786
v  -0.0002 -0.8123 -13.9888
v  -0.1045 -1.8178 -13.0232
v  -0.1893 -1.8452 -13.0502
v  -0.2736 -1.8881 -13.0958
v  -0.3468 -1.9422 -13.1565
v  -0.4089 -2.0065 -13.2339
v  -0.4494 -2.0540 -13.3087
v  -0.4787 -2.1042 -13.4022
v  -0.4887 -2.1220 -13.5003
v  -0.4789 -2.1063 -13.5978
v  -0.4465 -2.0545 -13.6987
v  -0.3992 -1.9953 -13.7813
v  -0.3410 -1.9378 -13.8503
v  -0.2704 -1.8869 -13.9073
v  -0.1887 -1.8450 -13.9509
v  -0.1007 -1.8192 -13.9785
v  -0.0002 -1.8075 -13.9889
v  -0.6001 -2.4956 -14.4500
v  -0.5896 -2.3862 -14.4501
v  -0.5894 -2.3850 -13.8053
v  -0.6000 -2.4992 -13.8055
v  -0.5568 -2.2742 -14.4501
v  -0.5571 -2.2749 -13.8046
v  -0.5003 -2.1667 -14.4501
v  -0.5041 -2.1725 -13.8032
v  -0.3249 -1.9935 -14.4502
v  -0.2168 -1.9385 -14.4503
v  -0.2111 -1.9364 -14.0256
v  -0.3001 -1.9784 -13.9648
v  -0.1048 -1.9072 -14.4503
v  -0.1121 -1.9085 -14.0648
v  -0.1900 -3.1512 -13.0489
v  -0.0936 -3.1795 -13.0196
v  -0.2746 -3.1082 -13.0947
v  -0.3481 -3.0540 -13.1556
v  -0.4107 -2.9897 -13.2330
v  -0.4503 -2.9363 -13.3072
v  -0.4798 -2.8906 -13.4002
v  -0.4902 -2.8706 -13.5002
v  -0.4803 -2.8899 -13.5978
v  -0.4479 -2.9416 -13.6992
v  -0.4022 -2.9981 -13.7804
v  -0.3430 -3.0568 -13.8504
v  -0.2699 -3.1113 -13.9094
v  -0.1875 -3.1515 -13.9530
v  -0.0964 -3.1798 -13.9807
v  -0.5887 -2.6142 -13.8053
v  -0.5905 -2.6049 -14.4501
v  -0.5557 -2.7243 -13.8051
v  -0.5588 -2.7169 -14.4501
v  -0.5033 -2.8246 -13.8052
v  -0.5033 -2.8248 -14.4502
v  -0.3039 -3.0153 -13.9626
v  -0.2191 -3.0565 -14.0226
v  -0.2217 -3.0555 -14.4504
v  -0.3294 -2.9995 -14.4503
v  -0.1043 -3.0888 -14.0665
v  -0.1097 -3.0879 -14.4505
v  -0.5043 -2.8232 -13.5009
v  -0.4962 -2.8355 -13.3944
v  -0.4962 -2.8355 -13.5978
v  -0.5999 -2.5013 -13.6483
v  -0.5887 -2.6138 -13.3755
v  -0.5889 -2.6130 -13.6485
v  -0.2148 -3.0580 -12.5517
v  -0.1028 -3.0889 -12.5515
v  -0.1026 -3.0890 -12.9320
v  -0.2118 -3.0593 -12.9732
v  -0.3229 -3.0035 -12.5517
v  -0.2886 -3.0240 -13.0255
v  -0.4196 -2.9267 -12.5517
v  -0.3753 -2.9661 -13.1126
v  -0.5887 -2.6135 -12.5517
v  -0.5593 -2.7154 -12.5517
v  -0.5568 -2.7216 -13.1988
v  -0.5885 -2.6148 -13.1964
v  -0.5997 -2.5045 -12.5517
v  -0.5998 -2.5045 -13.1958
v  -0.5911 -2.3953 -12.5517
v  -0.5911 -2.3949 -13.1970
v  -0.5602 -2.2833 -12.5517
v  -0.5625 -2.2890 -13.1999
v  -0.2270 -1.9427 -12.5517
v  -0.3338 -1.9995 -12.5517
v  -0.2954 -1.9757 -13.0302
v  -0.2239 -1.9413 -12.9811
v  -0.1157 -1.9093 -12.5517
v  -0.1061 -1.9074 -12.9371
v  -0.4956 -2.1595 -13.5978
v  -0.5032 -2.1709 -13.5018
v  -0.5625 -2.2891 -13.3764
v  -0.5902 -2.3895 -13.6485
v  -0.5912 -2.3951 -13.3753
v  -0.5560 -2.7234 -13.3768
v  -0.4945 -2.1579 -13.3930
v  -0.4715 -2.1267 -13.7042
v  -0.5590 -2.2798 -13.6492
v  -0.5556 -2.7244 -13.6492
v  -0.4715 -2.8692 -13.7042
v  -0.4360 -2.9103 -13.2089
v  -0.4289 -2.0785 -12.5517
v  -0.3739 -2.0287 -13.1137
v  -0.5057 -2.1752 -12.5517
v  -0.4358 -2.0854 -13.2107
v  -0.3707 -2.9698 -13.8935
v  -0.4254 -2.9212 -14.4502
v  -0.4216 -2.0709 -14.4502
v  -0.3692 -2.0249 -13.8939
v  -0.4276 -2.9190 -13.8057
v  -0.4292 -2.0786 -13.8039
v  -0.4986 -2.8316 -12.5517
v  -0.4778 -2.8610 -13.3124
v  -0.5998 -2.5041 -13.3748
v  -0.4723 -2.1278 -13.2998
v  -0.0002 -1.8107 -13.0118
v  -0.0002 -1.8979 -12.9213
v  -0.0002 -1.8979 -12.5517
v  -0.0002 -3.0979 -12.9201
v  -0.1961 -3.0888 -13.0274
v  -0.0952 -3.1161 -12.9939
v  -0.2756 -3.0527 -13.0738
v  -0.3560 -2.9990 -13.1455
v  -0.4148 -2.9477 -13.2249
v  -0.4581 -2.8969 -13.3104
v  -0.4836 -2.8615 -13.3957
v  -0.4940 -2.8456 -13.5026
v  -0.4844 -2.8616 -13.5977
v  -0.4533 -2.9045 -13.7008
v  -0.4065 -2.9559 -13.7895
v  -0.3513 -3.0026 -13.8610
v  -0.2812 -3.0497 -13.9223
v  -0.1987 -3.0881 -13.9718
v  -0.0974 -3.1165 -14.0056
v  -0.1021 -1.8802 -12.9980
v  -0.2020 -1.9094 -13.0318
v  -0.2782 -1.9456 -13.0768
v  -0.3547 -1.9961 -13.1462
v  -0.4140 -2.0482 -13.2260
v  -0.4539 -2.0930 -13.3046
v  -0.4822 -2.1325 -13.3962
v  -0.4925 -2.1478 -13.5029
v  -0.4835 -2.1340 -13.5977
v  -0.4525 -2.0916 -13.7004
v  -0.4054 -2.0396 -13.7893
v  -0.3496 -1.9922 -13.8610
v  -0.2797 -1.9461 -13.9225
v  -0.1951 -1.9067 -13.9723
v  -0.1037 -1.8818 -14.0037
v  -0.0998 -3.0749 -12.5155
v  -0.2092 -3.0449 -12.5155
v  -0.3151 -2.9916 -12.5156
v  -0.4097 -2.9165 -12.5156
v  -0.4869 -2.8236 -12.5156
v  -0.5429 -2.7168 -12.5151
v  -0.5746 -2.6113 -12.5155
v  -0.5855 -2.5028 -12.5156
v  -0.5772 -2.3983 -12.5155
v  -0.5467 -2.2890 -12.5150
v  -0.4947 -2.1842 -12.5156
v  -0.4198 -2.0894 -12.5156
v  -0.3269 -2.0120 -12.5156
v  -0.2223 -1.9561 -12.5155
v  -0.1138 -1.9235 -12.5155
v  -0.0002 -1.9124 -12.5156
v  -0.1068 -3.0734 -14.4858
v  -0.2160 -3.0420 -14.4857
v  -0.3214 -2.9872 -14.4857
v  -0.4143 -2.9109 -14.4862
v  -0.4909 -2.8170 -14.4857
v  -0.5451 -2.7117 -14.4857
v  -0.5761 -2.6024 -14.4857
v  -0.5855 -2.4958 -14.4856
v  -0.5753 -2.3890 -14.4856
v  -0.5433 -2.2797 -14.4856
v  -0.4882 -2.1747 -14.4856
v  -0.4109 -2.0816 -14.4861
v  -0.3173 -2.0060 -14.4857
v  -0.2117 -1.9522 -14.4857
v  -0.1022 -1.9216 -14.4857
v  0.5589 -2.7153 -12.5567
v  0.4984 -2.8317 -12.5567
v  0.4195 -2.9268 -12.5567
v  0.3227 -3.0037 -12.5567
v  0.2146 -3.0582 -12.5567
v  0.1026 -3.0891 -12.5564
v  -0.0002 -3.0977 -12.5567
v  -0.1028 -3.0889 -12.5564
v  -0.2149 -3.0582 -12.5567
v  -0.3229 -3.0035 -12.5567
v  -0.4196 -2.9267 -12.5567
v  -0.4986 -2.8316 -12.5567
v  -0.5593 -2.7154 -12.5567
v  -0.5887 -2.6135 -12.5567
v  -0.5997 -2.5045 -12.5567
v  -0.5911 -2.3953 -12.5567
v  -0.5602 -2.2833 -12.5567
v  -0.5057 -2.1752 -12.5567
v  -0.4289 -2.0785 -12.5567
v  -0.3338 -1.9995 -12.5567
v  -0.2270 -1.9427 -12.5567
v  -0.1157 -1.9093 -12.5567
v  -0.0002 -1.8979 -12.5567
v  0.1154 -1.9092 -12.5567
v  0.2268 -1.9425 -12.5567
v  0.3336 -1.9994 -12.5567
v  0.4287 -2.0783 -12.5567
v  0.5056 -2.1751 -12.5567
v  0.5601 -2.2832 -12.5567
v  0.5910 -2.3952 -12.5567
v  0.5998 -2.5045 -12.5567
v  0.5886 -2.6135 -12.5567
v  0.5997 -2.4956 -14.4450
v  0.5893 -2.3862 -14.4451
v  0.5565 -2.2742 -14.4451
v  0.5000 -2.1667 -14.4451
v  0.4212 -2.0710 -14.4452
v  0.3246 -1.9935 -14.4452
v  0.2165 -1.9385 -14.4453
v  0.1045 -1.9072 -14.4453
v  -0.0002 -1.8979 -14.4452
v  -0.1048 -1.9072 -14.4453
v  -0.2168 -1.9385 -14.4453
v  -0.3249 -1.9935 -14.4452
v  -0.4216 -2.0709 -14.4452
v  -0.5003 -2.1667 -14.4451
v  -0.5568 -2.2742 -14.4451
v  -0.5896 -2.3862 -14.4451
v  -0.6001 -2.4956 -14.4450
v  -0.5905 -2.6049 -14.4451
v  -0.5587 -2.7169 -14.4451
v  -0.5033 -2.8248 -14.4452
v  -0.4254 -2.9212 -14.4452
v  -0.3294 -2.9995 -14.4453
v  -0.2217 -3.0555 -14.4454
v  -0.1097 -3.0879 -14.4455
v  -0.0002 -3.0979 -14.4455
v  0.1094 -3.0879 -14.4455
v  0.2214 -3.0555 -14.4454
v  0.3291 -2.9995 -14.4453
v  0.4251 -2.9212 -14.4452
v  0.5030 -2.8247 -14.4452
v  0.5584 -2.7169 -14.4451
v  0.5902 -2.6049 -14.4451
v  0.2977 -1.9772 -13.0262
v  0.2256 -1.9421 -12.9766
v  0.1070 -1.9076 -12.9322
v  -0.0002 -1.8979 -12.9162
v  -0.1073 -1.9076 -12.9322
v  -0.2259 -1.9421 -12.9766
v  -0.2980 -1.9772 -13.0262
v  -0.3767 -2.0309 -13.1101
v  -0.4386 -2.0884 -13.2077
v  -0.4751 -2.1313 -13.2975
v  -0.4972 -2.1619 -13.3917
v  -0.5059 -2.1752 -13.5018
v  -0.4984 -2.1636 -13.5991
v  -0.4743 -2.1303 -13.7065
v  -0.4320 -2.0814 -13.8069
v  -0.3720 -2.0271 -13.8974
v  -0.3026 -1.9799 -13.9688
v  -0.2132 -1.9372 -14.0301
v  -0.1133 -1.9088 -14.0696
v  -0.0002 -1.8980 -14.0836
v  0.1130 -1.9088 -14.0696
v  0.2129 -1.9372 -14.0301
v  0.3023 -1.9799 -13.9688
v  0.3717 -2.0271 -13.8974
v  0.4317 -2.0814 -13.8069
v  0.4740 -2.1302 -13.7065
v  0.4981 -2.1636 -13.5991
v  0.5056 -2.1752 -13.5018
v  0.4969 -2.1619 -13.3917
v  0.4748 -2.1313 -13.2975
v  0.4383 -2.0884 -13.2077
v  0.3764 -2.0309 -13.1101
v  0.3061 -3.0138 -13.9667
v  0.2209 -3.0557 -14.0271
v  0.1051 -3.0886 -14.0714
v  -0.0002 -3.0979 -14.0840
v  -0.1054 -3.0886 -14.0714
v  -0.2212 -3.0557 -14.0271
v  -0.3064 -3.0138 -13.9667
v  -0.3735 -2.9676 -13.8971
v  -0.4304 -2.9161 -13.8088
v  -0.4742 -2.8656 -13.7065
v  -0.4989 -2.8314 -13.5991
v  -0.5070 -2.8189 -13.5010
v  -0.4989 -2.8315 -13.3932
v  -0.4805 -2.8574 -13.3102
v  -0.4388 -2.9073 -13.2059
v  -0.3781 -2.9638 -13.1090
v  -0.2912 -3.0226 -13.0214
v  -0.2138 -3.0585 -12.9686
v  -0.1038 -3.0888 -12.9271
v  -0.0002 -3.0979 -12.9150
v  0.1035 -3.0888 -12.9271
v  0.2135 -3.0585 -12.9686
v  0.2909 -3.0226 -13.0214
v  0.3777 -2.9638 -13.1090
v  0.4385 -2.9073 -13.2059
v  0.4802 -2.8574 -13.3102
v  0.4986 -2.8314 -13.3932
v  0.5067 -2.8189 -13.5010
v  0.4986 -2.8314 -13.5991
v  0.4739 -2.8656 -13.7065
v  0.4301 -2.9161 -13.8088
v  0.3732 -2.9676 -13.8971
v  -0.0002 -2.9929 -13.0154
v  0.0899 -2.9844 -13.0154
v  0.1820 -2.9579 -13.0154
v  0.2706 -2.9121 -13.0154
v  0.3498 -2.8479 -13.0154
v  0.4148 -2.7676 -13.0154
v  0.4608 -2.6778 -13.0154
v  0.4863 -2.5880 -13.0155
v  0.4940 -2.5168 -13.0154
v  0.4863 -2.4079 -13.0154
v  0.4588 -2.3129 -13.0154
v  0.4141 -2.2271 -13.0154
v  0.3498 -2.1480 -13.0154
v  0.2706 -2.0837 -13.0154
v  0.1819 -2.0380 -13.0154
v  0.0899 -2.0115 -13.0154
v  -0.0902 -2.9844 -13.0154
v  -0.1823 -2.9579 -13.0154
v  -0.2710 -2.9121 -13.0154
v  -0.3501 -2.8479 -13.0154
v  -0.4151 -2.7676 -13.0154
v  -0.4610 -2.6777 -13.0154
v  -0.4866 -2.5880 -13.0155
v  -0.4944 -2.5168 -13.0154
v  -0.4866 -2.4079 -13.0154
v  -0.4589 -2.3130 -13.0154
v  -0.4144 -2.2271 -13.0154
v  -0.3501 -2.1480 -13.0154
v  -0.2710 -2.0837 -13.0154
v  -0.1823 -2.0380 -13.0154
v  -0.0902 -2.0115 -13.0154
v  -0.0002 -2.0032 -13.0154
v  -0.0002 -2.8554 -14.6204
v  0.0716 -2.8479 -14.6204
v  0.1377 -2.8275 -14.6204
v  0.2010 -2.7931 -14.6204
v  0.2571 -2.7458 -14.6204
v  0.3023 -2.6880 -14.6204
v  0.3342 -2.6238 -14.6204
v  0.3521 -2.5575 -14.6204
v  0.3571 -2.4930 -14.6204
v  0.3502 -2.4281 -14.6204
v  0.3302 -2.3618 -14.6204
v  0.2962 -2.2983 -14.6204
v  0.2491 -2.2419 -14.6204
v  0.1916 -2.1964 -14.6204
v  0.1275 -2.1642 -14.6204
v  0.0611 -2.1459 -14.6204
v  -0.0002 -2.1404 -14.6204
v  -0.0719 -2.8479 -14.6204
v  -0.1380 -2.8275 -14.6204
v  -0.2013 -2.7931 -14.6204
v  -0.2574 -2.7458 -14.6204
v  -0.3026 -2.6880 -14.6204
v  -0.3345 -2.6238 -14.6204
v  -0.3524 -2.5575 -14.6204
v  -0.3574 -2.4930 -14.6204
v  -0.3506 -2.4281 -14.6204
v  -0.3305 -2.3618 -14.6204
v  -0.2965 -2.2983 -14.6204
v  -0.2494 -2.2419 -14.6204
v  -0.1919 -2.1964 -14.6204
v  -0.1278 -2.1642 -14.6204
v  -0.0614 -2.1459 -14.6204
v  -0.0002 -2.9076 -14.6728
v  0.0819 -2.8990 -14.6728
v  0.1576 -2.8757 -14.6728
v  0.2301 -2.8364 -14.6727
v  0.2944 -2.7822 -14.6727
v  0.3462 -2.7161 -14.6726
v  0.3828 -2.6426 -14.6726
v  0.4034 -2.5667 -14.6725
v  0.4091 -2.4928 -14.6725
v  0.4013 -2.4184 -14.6724
v  0.3784 -2.3424 -14.6724
v  0.3394 -2.2697 -14.6723
v  0.2855 -2.2050 -14.6723
v  0.2196 -2.1529 -14.6723
v  0.1461 -2.1159 -14.6723
v  0.0700 -2.0949 -14.6722
v  -0.0002 -2.0886 -14.6722
v  -0.0822 -2.8990 -14.6728
v  -0.1579 -2.8757 -14.6728
v  -0.2304 -2.8364 -14.6727
v  -0.2948 -2.7822 -14.6727
v  -0.3465 -2.7161 -14.6726
v  -0.3831 -2.6426 -14.6726
v  -0.4037 -2.5667 -14.6725
v  -0.4095 -2.4928 -14.6725
v  -0.4016 -2.4184 -14.6724
v  -0.3787 -2.3424 -14.6724
v  -0.3397 -2.2697 -14.6723
v  -0.2858 -2.2050 -14.6723
v  -0.2199 -2.1529 -14.6723
v  -0.1465 -2.1159 -14.6723
v  -0.0704 -2.0949 -14.6722
v  -0.0002 -2.8554 -14.5305
v  0.0722 -2.8478 -14.5304
v  0.1383 -2.8272 -14.5304
v  0.2016 -2.7927 -14.5304
v  0.2575 -2.7452 -14.5304
v  0.3026 -2.6875 -14.5304
v  0.3343 -2.6233 -14.5304
v  0.3522 -2.5571 -14.5304
v  0.3571 -2.4926 -14.5305
v  0.3501 -2.4276 -14.5304
v  0.3300 -2.3614 -14.5304
v  0.2959 -2.2980 -14.5304
v  0.2488 -2.2418 -14.5304
v  0.1914 -2.1964 -14.5304
v  0.1273 -2.1642 -14.5304
v  0.0611 -2.1459 -14.5305
v  -0.0002 -2.1404 -14.5305
v  -0.0725 -2.8478 -14.5304
v  -0.1386 -2.8272 -14.5304
v  -0.2019 -2.7927 -14.5304
v  -0.2579 -2.7453 -14.5304
v  -0.3029 -2.6875 -14.5304
v  -0.3347 -2.6234 -14.5304
v  -0.3525 -2.5571 -14.5305
v  -0.3574 -2.4926 -14.5305
v  -0.3505 -2.4276 -14.5305
v  -0.3303 -2.3614 -14.5305
v  -0.2963 -2.2980 -14.5305
v  -0.2492 -2.2417 -14.5305
v  -0.1917 -2.1963 -14.5305
v  -0.1277 -2.1641 -14.5305
v  -0.0614 -2.1459 -14.5305
v  -0.0002 -2.8554 -14.6154
v  0.0716 -2.8479 -14.6154
v  0.1377 -2.8275 -14.6154
v  0.2010 -2.7931 -14.6154
v  0.2571 -2.7458 -14.6154
v  0.3023 -2.6880 -14.6154
v  0.3342 -2.6238 -14.6154
v  0.3521 -2.5575 -14.6154
v  0.3571 -2.4930 -14.6154
v  0.3502 -2.4281 -14.6154
v  0.3302 -2.3618 -14.6154
v  0.2962 -2.2983 -14.6154
v  0.2491 -2.2419 -14.6154
v  0.1916 -2.1964 -14.6154
v  0.1275 -2.1642 -14.6154
v  0.0611 -2.1459 -14.6154
v  -0.0002 -2.1404 -14.6154
v  -0.0614 -2.1459 -14.6154
v  -0.1278 -2.1642 -14.6154
v  -0.1919 -2.1964 -14.6154
v  -0.2494 -2.2419 -14.6154
v  -0.2965 -2.2983 -14.6154
v  -0.3305 -2.3618 -14.6154
v  -0.3506 -2.4281 -14.6154
v  -0.3574 -2.4930 -14.6154
v  -0.3524 -2.5575 -14.6154
v  -0.3345 -2.6238 -14.6154
v  -0.3026 -2.6880 -14.6154
v  -0.2574 -2.7458 -14.6154
v  -0.2013 -2.7931 -14.6154
v  -0.1380 -2.8275 -14.6154
v  -0.0719 -2.8479 -14.6154
v  0.0723 -2.8514 -14.6240
v  -0.0002 -2.8590 -14.6240
v  -0.0726 -2.8514 -14.6240
v  -0.1393 -2.8308 -14.6240
v  -0.2033 -2.7960 -14.6240
v  -0.2600 -2.7482 -14.6240
v  -0.3056 -2.6899 -14.6240
v  -0.3378 -2.6251 -14.6240
v  -0.3559 -2.5581 -14.6240
v  -0.3610 -2.4930 -14.6240
v  -0.3540 -2.4274 -14.6240
v  -0.3337 -2.3605 -14.6240
v  -0.2994 -2.2963 -14.6240
v  -0.2518 -2.2394 -14.6240
v  -0.1938 -2.1935 -14.6240
v  -0.1291 -2.1609 -14.6240
v  -0.0620 -2.1424 -14.6240
v  -0.0002 -2.1369 -14.6240
v  0.0617 -2.1424 -14.6240
v  0.1287 -2.1609 -14.6240
v  0.1935 -2.1935 -14.6240
v  0.2515 -2.2394 -14.6240
v  0.2991 -2.2963 -14.6240
v  0.3334 -2.3605 -14.6240
v  0.3537 -2.4274 -14.6240
v  0.3607 -2.4930 -14.6240
v  0.3556 -2.5581 -14.6240
v  0.3375 -2.6251 -14.6240
v  0.3053 -2.6899 -14.6240
v  0.2597 -2.7482 -14.6240
v  0.2030 -2.7960 -14.6240
v  0.1390 -2.8308 -14.6240
v  -0.0002 -2.9041 -14.6693
v  0.0812 -2.8956 -14.6693
v  0.1562 -2.8725 -14.6692
v  0.2282 -2.8335 -14.6692
v  0.2919 -2.7798 -14.6691
v  0.3432 -2.7143 -14.6691
v  0.3795 -2.6414 -14.6690
v  0.3999 -2.5661 -14.6690
v  0.4056 -2.4929 -14.6689
v  0.3979 -2.4191 -14.6689
v  0.3751 -2.3438 -14.6688
v  0.3365 -2.2717 -14.6688
v  0.2830 -2.2076 -14.6687
v  0.2177 -2.1558 -14.6687
v  0.1449 -2.1192 -14.6687
v  0.0694 -2.0984 -14.6687
v  -0.0002 -2.0922 -14.6687
v  -0.0697 -2.0984 -14.6687
v  -0.1452 -2.1192 -14.6687
v  -0.2180 -2.1558 -14.6687
v  -0.2833 -2.2076 -14.6687
v  -0.3368 -2.2717 -14.6688
v  -0.3754 -2.3438 -14.6688
v  -0.3982 -2.4191 -14.6689
v  -0.4059 -2.4929 -14.6689
v  -0.4002 -2.5661 -14.6690
v  -0.3798 -2.6414 -14.6690
v  -0.3436 -2.7143 -14.6691
v  -0.2922 -2.7798 -14.6691
v  -0.2285 -2.8335 -14.6692
v  -0.1565 -2.8725 -14.6692
v  -0.0815 -2.8956 -14.6693
v  -0.4831 -2.8539 -13.2035
v  -0.4788 -2.1362 -13.2054
v  0.4782 -2.1359 -13.2054
v  0.4815 -2.8557 -13.2036
v  -0.0002 -2.8641 -14.5091
v  0.0739 -2.8566 -14.5093
v  0.1417 -2.8356 -14.5093
v  0.2066 -2.8002 -14.5093
v  0.2640 -2.7516 -14.5093
v  0.3102 -2.6924 -14.5093
v  0.3427 -2.6266 -14.5093
v  0.3610 -2.5587 -14.5093
v  0.3660 -2.4926 -14.5092
v  0.3589 -2.4259 -14.5093
v  0.3383 -2.3580 -14.5093
v  0.3034 -2.2931 -14.5093
v  0.2551 -2.2354 -14.5093
v  0.1962 -2.1888 -14.5092
v  0.1306 -2.1559 -14.5092
v  0.0626 -2.1372 -14.5092
v  -0.0002 -2.1318 -14.5091
v  -0.0742 -2.8564 -14.5091
v  -0.1420 -2.8354 -14.5091
v  -0.2068 -2.8001 -14.5091
v  -0.2642 -2.7515 -14.5091
v  -0.3103 -2.6923 -14.5091
v  -0.3429 -2.6265 -14.5091
v  -0.3612 -2.5586 -14.5091
v  -0.3662 -2.4926 -14.5091
v  -0.3591 -2.4260 -14.5091
v  -0.3384 -2.3581 -14.5091
v  -0.3036 -2.2932 -14.5091
v  -0.2553 -2.2355 -14.5091
v  -0.1964 -2.1890 -14.5091
v  -0.1308 -2.1560 -14.5091
v  -0.0629 -2.1373 -14.5091
v  -0.2202 -0.4055 -12.4974
v  -0.1857 -0.4053 -12.4974
v  -0.2165 -0.4055 -12.5375
v  -0.2047 -0.4055 -12.5784
v  -0.1843 -0.4056 -12.6178
v  -0.1553 -0.4053 -12.5989
v  -0.1557 -0.4055 -12.6530
v  -0.1205 -0.4055 -12.6816
v  -0.1016 -0.4053 -12.6526
v  -0.0811 -0.4055 -12.7020
v  -0.0684 -0.4053 -12.6698
v  -0.0402 -0.4056 -12.7138
v  -0.0339 -0.4053 -12.6797
v  -0.0002 -0.4056 -12.7174
v  0.0399 -0.4055 -12.7138
v  0.0336 -0.4053 -12.6797
v  0.0808 -0.4055 -12.7020
v  0.1202 -0.4055 -12.6816
v  0.1013 -0.4053 -12.6526
v  0.1554 -0.4055 -12.6530
v  0.1309 -0.4053 -12.6285
v  0.1840 -0.4056 -12.6178
v  0.1550 -0.4053 -12.5989
v  0.2044 -0.4055 -12.5784
v  0.2162 -0.4055 -12.5375
v  0.2198 -0.4055 -12.4974
v  0.1852 -0.4053 -12.4974
v  0.2162 -0.4055 -12.4574
v  0.1821 -0.4053 -12.4637
v  0.2044 -0.4055 -12.4165
v  0.1722 -0.4053 -12.4292
v  0.1840 -0.4055 -12.3771
v  0.1550 -0.4053 -12.3960
v  0.1554 -0.4055 -12.3419
v  0.1202 -0.4055 -12.3133
v  0.1013 -0.4053 -12.3423
v  0.0808 -0.4055 -12.2929
v  0.0681 -0.4053 -12.3251
v  0.0399 -0.4055 -12.2811
v  -0.0002 -0.4055 -12.2774
v  -0.0402 -0.4055 -12.2811
v  -0.0811 -0.4055 -12.2929
v  -0.0684 -0.4053 -12.3251
v  -0.1205 -0.4055 -12.3133
v  -0.1557 -0.4055 -12.3419
v  -0.1312 -0.4053 -12.3664
v  -0.1843 -0.4055 -12.3771
v  -0.2047 -0.4055 -12.4165
v  -0.2165 -0.4055 -12.4574
v  0.1839 -0.2956 -12.4974
v  0.1808 -0.2956 -12.5309
v  0.1821 -0.4053 -12.5312
v  0.1710 -0.2956 -12.5652
v  0.1722 -0.4053 -12.5657
v  0.1539 -0.2956 -12.5981
v  0.1300 -0.2956 -12.6276
v  0.1006 -0.2956 -12.6515
v  0.0676 -0.2956 -12.6686
v  0.0681 -0.4053 -12.6698
v  0.0333 -0.2956 -12.6784
v  -0.0002 -0.2956 -12.6815
v  -0.0002 -0.4053 -12.6828
v  -0.0336 -0.2956 -12.6784
v  -0.0679 -0.2956 -12.6686
v  -0.1009 -0.2956 -12.6515
v  -0.1303 -0.2956 -12.6276
v  -0.1312 -0.4053 -12.6285
v  -0.1542 -0.2956 -12.5982
v  -0.1713 -0.2956 -12.5652
v  -0.1725 -0.4053 -12.5657
v  -0.1811 -0.2956 -12.5309
v  -0.1824 -0.4053 -12.5312
v  -0.1842 -0.2956 -12.4974
v  -0.1811 -0.2956 -12.4640
v  -0.1824 -0.4053 -12.4637
v  -0.1713 -0.2956 -12.4297
v  -0.1725 -0.4053 -12.4292
v  -0.1542 -0.2956 -12.3967
v  -0.1553 -0.4053 -12.3960
v  -0.1303 -0.2956 -12.3673
v  -0.1009 -0.2956 -12.3434
v  -0.1016 -0.4053 -12.3423
v  -0.0679 -0.2956 -12.3263
v  -0.0336 -0.2956 -12.3165
v  -0.0339 -0.4053 -12.3152
v  -0.0002 -0.2956 -12.3134
v  -0.0002 -0.4053 -12.3121
v  0.0333 -0.2956 -12.3165
v  0.0336 -0.4053 -12.3152
v  0.0676 -0.2956 -12.3263
v  0.1006 -0.2956 -12.3434
v  0.1300 -0.2956 -12.3673
v  0.1309 -0.4053 -12.3664
v  0.1539 -0.2956 -12.3967
v  0.1710 -0.2956 -12.4297
v  0.1808 -0.2956 -12.4640
v  -0.1923 -0.4550 -12.4974
v  -0.1891 -0.4550 -12.5324
v  -0.1788 -0.4550 -12.5682
v  -0.1610 -0.4550 -12.6026
v  -0.1360 -0.4550 -12.6333
v  -0.1053 -0.4550 -12.6582
v  -0.0709 -0.4550 -12.6761
v  -0.0351 -0.4550 -12.6864
v  -0.0002 -0.4550 -12.6895
v  0.0348 -0.4550 -12.6863
v  0.0706 -0.4550 -12.6761
v  0.1050 -0.4550 -12.6583
v  0.1357 -0.4550 -12.6333
v  0.1607 -0.4550 -12.6026
v  0.1785 -0.4550 -12.5682
v  0.1888 -0.4550 -12.5324
v  0.1920 -0.4550 -12.4974
v  0.1888 -0.4550 -12.4625
v  0.1785 -0.4550 -12.4267
v  0.1607 -0.4550 -12.3923
v  0.1357 -0.4550 -12.3615
v  0.1050 -0.4550 -12.3366
v  0.0706 -0.4550 -12.3187
v  0.0348 -0.4550 -12.3085
v  -0.0002 -0.4550 -12.3053
v  -0.0351 -0.4550 -12.3085
v  -0.0709 -0.4550 -12.3187
v  -0.1053 -0.4550 -12.3366
v  -0.1360 -0.4550 -12.3615
v  -0.1610 -0.4550 -12.3923
v  -0.1788 -0.4550 -12.4267
v  -0.1891 -0.4550 -12.4625
v  -0.2202 -0.4169 -12.4974
v  -0.2165 -0.4169 -12.5375
v  -0.2047 -0.4169 -12.5784
v  -0.1843 -0.4169 -12.6178
v  -0.1557 -0.4169 -12.6530
v  -0.1205 -0.4169 -12.6816
v  -0.0811 -0.4169 -12.7020
v  -0.0402 -0.4169 -12.7138
v  -0.0002 -0.4169 -12.7174
v  0.0399 -0.4169 -12.7138
v  0.0808 -0.4169 -12.7020
v  0.1202 -0.4169 -12.6816
v  0.1554 -0.4169 -12.6530
v  0.1840 -0.4169 -12.6178
v  0.2044 -0.4169 -12.5784
v  0.2162 -0.4169 -12.5375
v  0.2198 -0.4169 -12.4974
v  0.2162 -0.4169 -12.4574
v  0.2044 -0.4169 -12.4165
v  0.1840 -0.4169 -12.3771
v  0.1554 -0.4169 -12.3419
v  0.1202 -0.4169 -12.3133
v  0.0808 -0.4169 -12.2929
v  0.0399 -0.4169 -12.2811
v  -0.0002 -0.4169 -12.2774
v  -0.0402 -0.4169 -12.2811
v  -0.0811 -0.4169 -12.2929
v  -0.1205 -0.4169 -12.3133
v  -0.1557 -0.4169 -12.3419
v  -0.1843 -0.4169 -12.3771
v  -0.2047 -0.4169 -12.4165
v  -0.2165 -0.4169 -12.4574
v  -0.2129 -0.4398 -12.4974
v  -0.2093 -0.4398 -12.5361
v  -0.1979 -0.4398 -12.5757
v  -0.1782 -0.4399 -12.6138
v  -0.1505 -0.4399 -12.6478
v  -0.1165 -0.4399 -12.6755
v  -0.0784 -0.4398 -12.6952
v  -0.0388 -0.4398 -12.7066
v  -0.0002 -0.4399 -12.7101
v  0.0385 -0.4399 -12.7066
v  0.0781 -0.4398 -12.6952
v  0.1162 -0.4398 -12.6755
v  0.1502 -0.4398 -12.6478
v  0.1779 -0.4398 -12.6138
v  0.1976 -0.4398 -12.5757
v  0.2090 -0.4398 -12.5361
v  0.2126 -0.4398 -12.4974
v  0.2090 -0.4398 -12.4587
v  0.1976 -0.4398 -12.4191
v  0.1779 -0.4398 -12.3810
v  0.1503 -0.4398 -12.3470
v  0.1162 -0.4398 -12.3194
v  0.0781 -0.4398 -12.2997
v  0.0385 -0.4398 -12.2883
v  -0.0002 -0.4398 -12.2847
v  -0.0389 -0.4398 -12.2883
v  -0.0784 -0.4398 -12.2997
v  -0.1165 -0.4398 -12.3194
v  -0.1506 -0.4398 -12.3470
v  -0.1782 -0.4398 -12.3810
v  -0.1979 -0.4398 -12.4192
v  -0.2093 -0.4398 -12.4587
v  -0.1340 -0.4707 -12.4974
v  -0.1318 -0.4707 -12.5218
v  -0.1246 -0.4707 -12.5467
v  -0.1122 -0.4707 -12.5707
v  -0.0948 -0.4707 -12.5921
v  -0.0734 -0.4707 -12.6094
v  -0.0494 -0.4707 -12.6219
v  -0.0245 -0.4707 -12.6290
v  -0.0002 -0.4707 -12.6312
v  0.0242 -0.4707 -12.6290
v  0.0491 -0.4707 -12.6219
v  0.0731 -0.4707 -12.6095
v  0.0945 -0.4707 -12.5921
v  0.1119 -0.4707 -12.5707
v  0.1243 -0.4707 -12.5467
v  0.1315 -0.4707 -12.5218
v  0.1337 -0.4707 -12.4974
v  0.1315 -0.4707 -12.4731
v  0.1243 -0.4707 -12.4482
v  0.1119 -0.4707 -12.4242
v  0.0945 -0.4707 -12.4028
v  0.0731 -0.4707 -12.3854
v  0.0491 -0.4707 -12.3730
v  0.0242 -0.4707 -12.3658
v  -0.0002 -0.4707 -12.3636
v  -0.0245 -0.4707 -12.3658
v  -0.0494 -0.4707 -12.3730
v  -0.0734 -0.4707 -12.3854
v  -0.0948 -0.4707 -12.4028
v  -0.1122 -0.4707 -12.4242
v  -0.1246 -0.4707 -12.4482
v  -0.1318 -0.4707 -12.4731
v  -0.0001 -0.4853 -12.4974
v  -0.1820 -0.4006 -12.4638
v  -0.1721 -0.4006 -12.4294
v  -0.1550 -0.4006 -12.3962
v  -0.1309 -0.4006 -12.3667
v  -0.1014 -0.4006 -12.3426
v  -0.0682 -0.4006 -12.3255
v  -0.0338 -0.4006 -12.3156
v  -0.0002 -0.4006 -12.3125
v  0.0335 -0.4006 -12.3156
v  0.0679 -0.4006 -12.3255
v  0.1011 -0.4006 -12.3426
v  0.1306 -0.4006 -12.3667
v  0.1547 -0.4006 -12.3962
v  0.1718 -0.4006 -12.4294
v  0.1817 -0.4006 -12.4638
v  0.1848 -0.4006 -12.4974
v  0.1817 -0.4006 -12.5311
v  0.1718 -0.4006 -12.5655
v  0.1547 -0.4006 -12.5987
v  0.1306 -0.4006 -12.6282
v  0.1011 -0.4006 -12.6523
v  0.0679 -0.4006 -12.6694
v  0.0335 -0.4006 -12.6793
v  -0.0002 -0.4006 -12.6824
v  -0.0338 -0.4006 -12.6793
v  -0.0682 -0.4006 -12.6694
v  -0.1014 -0.4006 -12.6523
v  -0.1309 -0.4006 -12.6282
v  -0.1550 -0.4006 -12.5987
v  -0.1721 -0.4006 -12.5655
v  -0.1820 -0.4006 -12.5311
v  -0.1851 -0.4006 -12.4974
v  0.1839 -0.3006 -12.4974
v  0.1809 -0.3006 -12.4639
v  0.1710 -0.3006 -12.4297
v  0.1539 -0.3006 -12.3967
v  0.1300 -0.3006 -12.3673
v  0.1006 -0.3006 -12.3434
v  0.0676 -0.3006 -12.3263
v  0.0333 -0.3006 -12.3164
v  -0.0002 -0.3006 -12.3134
v  -0.0336 -0.3006 -12.3164
v  -0.0679 -0.3006 -12.3263
v  -0.1009 -0.3006 -12.3434
v  -0.1303 -0.3006 -12.3673
v  -0.1542 -0.3006 -12.3967
v  -0.1713 -0.3006 -12.4297
v  -0.1812 -0.3006 -12.4639
v  -0.1842 -0.3006 -12.4974
v  -0.1812 -0.3006 -12.5309
v  -0.1713 -0.3006 -12.5652
v  -0.1542 -0.3006 -12.5982
v  -0.1303 -0.3006 -12.6276
v  -0.1009 -0.3006 -12.6515
v  -0.0679 -0.3006 -12.6686
v  -0.0336 -0.3006 -12.6785
v  -0.0002 -0.3006 -12.6815
v  0.0333 -0.3006 -12.6785
v  0.0676 -0.3006 -12.6686
v  0.1006 -0.3006 -12.6515
v  0.1300 -0.3006 -12.6276
v  0.1539 -0.3006 -12.5982
v  0.1710 -0.3006 -12.5652
v  0.1809 -0.3006 -12.5309
v  -0.1870 -0.4053 -12.4629
v  -0.1901 -0.4053 -12.4974
v  -0.1870 -0.4053 -12.5320
v  -0.1769 -0.4053 -12.5674
v  -0.1592 -0.4053 -12.6014
v  -0.1345 -0.4053 -12.6318
v  -0.1042 -0.4053 -12.6565
v  -0.0701 -0.4053 -12.6742
v  -0.0347 -0.4053 -12.6843
v  -0.0002 -0.4053 -12.6875
v  0.0344 -0.4053 -12.6843
v  0.0698 -0.4053 -12.6742
v  0.1038 -0.4053 -12.6565
v  0.1342 -0.4053 -12.6318
v  0.1589 -0.4053 -12.6014
v  0.1766 -0.4053 -12.5674
v  0.1867 -0.4053 -12.5320
v  0.1899 -0.4053 -12.4974
v  0.1867 -0.4053 -12.4629
v  0.1766 -0.4053 -12.4275
v  0.1589 -0.4053 -12.3934
v  0.1342 -0.4053 -12.3631
v  0.1038 -0.4053 -12.3384
v  0.0698 -0.4053 -12.3207
v  0.0344 -0.4053 -12.3106
v  -0.0002 -0.4053 -12.3074
v  -0.0347 -0.4053 -12.3106
v  -0.0701 -0.4053 -12.3207
v  -0.1042 -0.4053 -12.3384
v  -0.1345 -0.4053 -12.3631
v  -0.1592 -0.4053 -12.3934
v  -0.1769 -0.4053 -12.4275
v  -0.2151 -0.4053 -12.4974
v  -0.2116 -0.4053 -12.4583
v  -0.2001 -0.4053 -12.4183
v  -0.1801 -0.4053 -12.3798
v  -0.1522 -0.4053 -12.3454
v  -0.1178 -0.4053 -12.3175
v  -0.0793 -0.4053 -12.2975
v  -0.0393 -0.4053 -12.2860
v  -0.0002 -0.4053 -12.2824
v  0.0390 -0.4053 -12.2860
v  0.0790 -0.4053 -12.2975
v  0.1175 -0.4053 -12.3175
v  0.1519 -0.4053 -12.3454
v  0.1798 -0.4053 -12.3798
v  0.1997 -0.4053 -12.4183
v  0.2113 -0.4053 -12.4583
v  0.2148 -0.4053 -12.4974
v  0.2113 -0.4053 -12.5366
v  0.1997 -0.4053 -12.5766
v  0.1798 -0.4053 -12.6151
v  0.1519 -0.4053 -12.6495
v  0.1175 -0.4053 -12.6774
v  0.0790 -0.4053 -12.6973
v  0.0390 -0.4053 -12.7088
v  -0.0002 -0.4053 -12.7124
v  -0.0393 -0.4053 -12.7088
v  -0.0793 -0.4053 -12.6973
v  -0.1178 -0.4053 -12.6774
v  -0.1522 -0.4053 -12.6495
v  -0.1801 -0.4053 -12.6151
v  -0.2001 -0.4053 -12.5766
v  -0.2116 -0.4053 -12.5366
v  0.6224 -0.3208 14.8591
v  0.0716 -0.3207 14.9933
v  0.3459 -0.3208 14.9544
v  -0.1987 -0.3208 14.9818
v  -0.4765 -0.3208 14.9171
v  -0.7485 -0.3209 14.7941
v  -0.9965 -0.3209 14.6143
v  -1.2036 -0.3210 14.3864
v  -1.3555 -0.3206 14.1241
v  -1.4521 -0.3208 13.8483
v  -1.4926 -0.3211 13.5741
v  -1.4813 -0.3211 13.3035
v  -1.4167 -0.3212 13.0253
v  -1.2937 -0.3212 12.7529
v  -1.1137 -0.3212 12.5045
v  -0.8855 -0.3212 12.2971
v  -0.6238 -0.3212 12.1430
v  -0.3469 -0.3212 12.0474
v  -0.0752 -0.3211 12.0085
v  0.1988 -0.3212 12.0198
v  0.4769 -0.3210 12.0848
v  0.7503 -0.3213 12.2086
v  0.9977 -0.3213 12.3885
v  1.2047 -0.3213 12.6171
v  1.3585 -0.3212 12.8788
v  1.4537 -0.3212 13.1557
v  1.4925 -0.3210 13.4310
v  1.4807 -0.3211 13.7009
v  1.4156 -0.3211 13.9789
v  1.2922 -0.3210 14.2509
v  1.1120 -0.3210 14.4987
v  0.8838 -0.3209 14.7055
v  0.6125 -0.3840 14.8375
v  0.0705 -0.3837 14.9697
v  0.3404 -0.3838 14.9313
v  -0.1955 -0.3838 14.9583
v  -0.4689 -0.3839 14.8945
v  -0.7365 -0.3841 14.7734
v  -0.9804 -0.3843 14.5964
v  -1.1841 -0.3845 14.3720
v  -1.3356 -0.3846 14.1149
v  -1.4296 -0.3846 13.8429
v  -1.4681 -0.3846 13.5729
v  -1.4569 -0.3848 13.3068
v  -1.3932 -0.3850 13.0332
v  -1.2722 -0.3852 12.7654
v  -1.0951 -0.3853 12.5212
v  -0.8706 -0.3853 12.3173
v  -0.6134 -0.3853 12.1657
v  -0.3411 -0.3852 12.0716
v  -0.0740 -0.3851 12.0333
v  0.1954 -0.3852 12.0446
v  0.4690 -0.3852 12.1085
v  0.7373 -0.3855 12.2303
v  0.9808 -0.3855 12.4073
v  1.1846 -0.3852 12.6319
v  1.3359 -0.3851 12.8892
v  1.4296 -0.3849 13.1615
v  1.4679 -0.3847 13.4316
v  1.4563 -0.3846 13.6977
v  1.3924 -0.3846 13.9710
v  1.2711 -0.3845 14.2386
v  1.0940 -0.3843 14.4825
v  0.8696 -0.3841 14.6862
v  0.5855 -0.4186 14.7787
v  0.0673 -0.4185 14.9053
v  0.3254 -0.4185 14.8685
v  -0.1869 -0.4185 14.8943
v  -0.4482 -0.4185 14.8333
v  -0.7040 -0.4186 14.7174
v  -0.9372 -0.4186 14.5481
v  -1.1319 -0.4186 14.3336
v  -1.2766 -0.4186 14.0879
v  -1.3664 -0.4186 13.8278
v  -1.4032 -0.4187 13.5697
v  -1.3924 -0.4189 13.3155
v  -1.3312 -0.4187 13.0542
v  -1.2154 -0.4188 12.7984
v  -1.0461 -0.4188 12.5652
v  -0.8316 -0.4188 12.3705
v  -0.5858 -0.4188 12.2257
v  -0.3257 -0.4188 12.1359
v  -0.0706 -0.4188 12.0991
v  0.1866 -0.4188 12.1101
v  0.4479 -0.4189 12.1712
v  0.7037 -0.4189 12.2870
v  0.9369 -0.4188 12.4564
v  1.1316 -0.4188 12.6708
v  1.2763 -0.4188 12.9166
v  1.3661 -0.4189 13.1767
v  1.4029 -0.4187 13.4348
v  1.3919 -0.4187 13.6889
v  1.3308 -0.4186 13.9503
v  1.2150 -0.4186 14.2061
v  1.0457 -0.4186 14.4393
v  0.8312 -0.4186 14.6340
v  0.2679 -0.4839 14.0866
v  0.0307 -0.4838 14.1446
v  0.1488 -0.4839 14.1277
v  -0.0857 -0.4838 14.1395
v  -0.2053 -0.4839 14.1116
v  -0.3224 -0.4839 14.0585
v  -0.4292 -0.4839 13.9809
v  -0.5183 -0.4839 13.8828
v  -0.5845 -0.4839 13.7703
v  -0.6256 -0.4839 13.6513
v  -0.6425 -0.4839 13.5331
v  -0.6375 -0.4839 13.4168
v  -0.6095 -0.4840 13.2971
v  -0.5565 -0.4840 13.1800
v  -0.4790 -0.4840 13.0733
v  -0.3808 -0.4840 12.9842
v  -0.2976 -0.4840 12.9314
v  -0.1792 -0.4840 12.8840
v  -0.0600 -0.4840 12.8613
v  0.0557 -0.4840 12.8610
v  0.2049 -0.4840 12.8929
v  0.3503 -0.4840 12.9624
v  0.4287 -0.4840 13.0235
v  0.5178 -0.4840 13.1216
v  0.5841 -0.4840 13.2341
v  0.6252 -0.4840 13.3532
v  0.6421 -0.4839 13.4713
v  0.6370 -0.4839 13.5877
v  0.6091 -0.4839 13.7074
v  0.5561 -0.4839 13.8244
v  0.4786 -0.4839 13.9312
v  0.3804 -0.4839 14.0203
v  0.2644 -0.4819 14.0790
v  0.0303 -0.4820 14.1361
v  0.1468 -0.4817 14.1192
v  -0.0846 -0.4822 14.1315
v  -0.2028 -0.4822 14.1039
v  -0.3184 -0.4821 14.0516
v  -0.4239 -0.4820 13.9751
v  -0.5119 -0.4819 13.8782
v  -0.5774 -0.4818 13.7671
v  -0.6181 -0.4817 13.6495
v  -0.6349 -0.4816 13.5327
v  -0.6300 -0.4814 13.4178
v  -0.6025 -0.4812 13.2994
v  -0.5502 -0.4811 13.1837
v  -0.4737 -0.4809 13.0780
v  -0.3766 -0.4808 12.9899
v  -0.2942 -0.4812 12.9379
v  -0.1772 -0.4812 12.8909
v  -0.0593 -0.4811 12.8686
v  0.0550 -0.4811 12.8682
v  0.2027 -0.4807 12.8995
v  0.3463 -0.4812 12.9686
v  0.4240 -0.4808 13.0287
v  0.5121 -0.4810 13.1259
v  0.5775 -0.4811 13.2372
v  0.6180 -0.4813 13.3549
v  0.6345 -0.4815 13.4717
v  0.6295 -0.4816 13.5867
v  0.6018 -0.4817 13.7048
v  0.5493 -0.4818 13.8205
v  0.4727 -0.4819 13.9259
v  0.3756 -0.4820 14.0139
v  0.2634 -0.4095 14.0768
v  0.0302 -0.4095 14.1338
v  0.1463 -0.4095 14.1172
v  -0.0841 -0.4112 14.1272
v  -0.2014 -0.4111 14.0998
v  -0.3163 -0.4109 14.0480
v  -0.4212 -0.4107 13.9721
v  -0.5088 -0.4104 13.8759
v  -0.5739 -0.4104 13.7654
v  -0.6142 -0.4104 13.6486
v  -0.6308 -0.4104 13.5326
v  -0.6261 -0.4102 13.4183
v  -0.6014 -0.4072 13.2999
v  -0.5500 -0.4062 13.1838
v  -0.4747 -0.4045 13.0772
v  -0.3790 -0.4019 12.9868
v  -0.2940 -0.4064 12.9382
v  -0.1760 -0.4102 12.8950
v  -0.0593 -0.4058 12.8684
v  0.0550 -0.4059 12.8682
v  0.2030 -0.4053 12.8992
v  0.3457 -0.4071 12.9694
v  0.4211 -0.4102 13.0320
v  0.5130 -0.4047 13.1251
v  0.5753 -0.4084 13.2382
v  0.6181 -0.4061 13.3549
v  0.6312 -0.4097 13.4719
v  0.6260 -0.4099 13.5863
v  0.5984 -0.4101 13.7037
v  0.5461 -0.4103 13.8187
v  0.4698 -0.4105 13.9233
v  0.3733 -0.4108 14.0106
v  0.2627 -0.4740 14.0755
v  0.0301 -0.4752 14.1321
v  0.1460 -0.4742 14.1156
v  -0.0841 -0.4753 14.1273
v  -0.2014 -0.4753 14.0999
v  -0.3164 -0.4752 14.0481
v  -0.4212 -0.4752 13.9722
v  -0.5089 -0.4751 13.8759
v  -0.5741 -0.4751 13.7655
v  -0.6146 -0.4750 13.6486
v  -0.6314 -0.4750 13.5326
v  -0.6268 -0.4749 13.4182
v  -0.5996 -0.4748 13.3004
v  -0.5477 -0.4747 13.1851
v  -0.4716 -0.4747 13.0799
v  -0.3751 -0.4746 12.9920
v  -0.2928 -0.4748 12.9406
v  -0.1764 -0.4747 12.8939
v  -0.0590 -0.4747 12.8715
v  0.0548 -0.4747 12.8712
v  0.2019 -0.4745 12.9020
v  0.3446 -0.4747 12.9711
v  0.4223 -0.4745 13.0308
v  0.5098 -0.4747 13.1275
v  0.5748 -0.4747 13.2384
v  0.6149 -0.4748 13.3557
v  0.6312 -0.4748 13.4719
v  0.6260 -0.4749 13.5863
v  0.5984 -0.4750 13.7037
v  0.5461 -0.4751 13.8187
v  0.4698 -0.4751 13.9234
v  0.3733 -0.4752 14.0107
v  -0.1883 -0.4569 12.5020
v  -0.1831 -0.4525 12.4500
v  -0.1696 -0.4487 12.4046
v  -0.1338 -0.4436 12.3436
v  -0.0799 -0.4394 12.2933
v  -0.0359 -0.4373 12.2683
v  0.0333 -0.4358 12.2503
v  0.1100 -0.4360 12.2532
v  0.1563 -0.4372 12.2667
v  0.2200 -0.4403 12.3038
v  0.2709 -0.4450 12.3598
v  0.2944 -0.4486 12.4034
v  0.3087 -0.4527 12.4523
v  0.3136 -0.4568 12.5012
v  0.3071 -0.4610 12.5514
v  0.2928 -0.4649 12.5978
v  0.2709 -0.4683 12.6383
v  0.2404 -0.4714 12.6753
v  0.2030 -0.4740 12.7068
v  0.1559 -0.4761 12.7318
v  0.1102 -0.4773 12.7453
v  0.0588 -0.4776 12.7498
v  -0.0335 -0.4761 12.7308
v  0.0104 -0.4772 12.7443
v  -0.0836 -0.4737 12.7029
v  -0.1141 -0.4715 12.6762
v  -0.1435 -0.4686 12.6416
v  -0.1687 -0.4647 12.5956
v  -0.1830 -0.4608 12.5494
v  0.4269 -0.4565 14.4330
v  0.0490 -0.4564 14.5254
v  0.2372 -0.4564 14.4985
v  -0.1363 -0.4564 14.5174
v  -0.3269 -0.4565 14.4728
v  -0.5135 -0.4565 14.3884
v  -0.6835 -0.4572 14.2650
v  -0.8255 -0.4572 14.1085
v  -0.9310 -0.4572 13.9293
v  -0.9965 -0.4572 13.7397
v  -1.0234 -0.4572 13.5515
v  -1.0154 -0.4572 13.3662
v  -0.9709 -0.4572 13.1755
v  -0.8863 -0.4572 12.9888
v  -0.7629 -0.4572 12.8189
v  -0.6065 -0.4572 12.6769
v  -0.4316 -0.4558 12.5544
v  0.3605 -0.4599 12.5799
v  0.3164 -0.4691 12.6963
v  0.4015 -0.4446 12.4218
v  0.5190 -0.4558 12.5995
v  0.6832 -0.4573 12.7395
v  0.8251 -0.4573 12.8960
v  0.9306 -0.4573 13.0752
v  0.9961 -0.4572 13.2648
v  1.0230 -0.4572 13.4530
v  1.0150 -0.4570 13.6384
v  0.9704 -0.4569 13.8290
v  0.8860 -0.4572 14.0155
v  0.7625 -0.4566 14.1855
v  0.6060 -0.4565 14.3275
v  -0.3077 -0.4502 12.4411
v  -0.2734 -0.4610 12.5603
v  -0.2388 -0.4705 12.6794
v  0.5834 -0.4191 14.7741
v  0.3242 -0.4191 14.8636
v  0.0671 -0.4191 14.9003
v  -0.1862 -0.4191 14.8894
v  -0.4466 -0.4191 14.8285
v  -0.7015 -0.4191 14.7131
v  -0.9338 -0.4192 14.5444
v  -1.1278 -0.4192 14.3306
v  -1.2720 -0.4192 14.0858
v  -1.3615 -0.4192 13.8266
v  -1.3982 -0.4192 13.5695
v  -1.3874 -0.4195 13.3162
v  -1.3265 -0.4193 13.0558
v  -1.2110 -0.4194 12.8009
v  -1.0423 -0.4196 12.5685
v  -0.8286 -0.4194 12.3745
v  -0.5837 -0.4194 12.2303
v  -0.3246 -0.4194 12.1408
v  -0.0704 -0.4194 12.1042
v  0.1860 -0.4194 12.1151
v  0.4463 -0.4194 12.1760
v  0.7012 -0.4194 12.2914
v  0.9335 -0.4194 12.4601
v  1.1275 -0.4194 12.6739
v  1.2717 -0.4194 12.9187
v  1.3612 -0.4195 13.1779
v  1.3979 -0.4192 13.4350
v  1.3870 -0.4192 13.6883
v  1.3261 -0.4192 13.9487
v  1.2107 -0.4192 14.2036
v  1.0420 -0.4192 14.4359
v  0.8282 -0.4192 14.6299
v  0.0309 -0.4836 14.1495
v  0.1500 -0.4836 14.1325
v  0.2700 -0.4836 14.0911
v  0.3833 -0.4836 14.0243
v  0.4823 -0.4836 13.9345
v  0.5604 -0.4836 13.8269
v  0.6138 -0.4836 13.7090
v  0.6420 -0.4836 13.5884
v  0.6471 -0.4837 13.4711
v  0.6301 -0.4837 13.3521
v  0.5886 -0.4837 13.2321
v  0.5219 -0.4837 13.1187
v  0.4321 -0.4837 13.0197
v  0.3531 -0.4837 12.9582
v  0.2065 -0.4837 12.8882
v  0.0561 -0.4837 12.8560
v  -0.0604 -0.4837 12.8564
v  -0.1806 -0.4837 12.8791
v  -0.2999 -0.4837 12.9269
v  -0.3837 -0.4837 12.9801
v  -0.4827 -0.4837 13.0699
v  -0.5608 -0.4837 13.1775
v  -0.6143 -0.4837 13.2955
v  -0.6424 -0.4837 13.4161
v  -0.6475 -0.4836 13.5334
v  -0.6305 -0.4836 13.6524
v  -0.5891 -0.4836 13.7724
v  -0.5223 -0.4836 13.8857
v  -0.4325 -0.4836 13.9847
v  -0.3249 -0.4836 14.0628
v  -0.2069 -0.4836 14.1163
v  -0.0864 -0.4836 14.1444
v  -0.1997 -0.4519 12.4475
v  -0.2044 -0.4556 12.4934
v  -0.1980 -0.4609 12.5555
v  -0.1761 -0.4665 12.6235
v  -0.1542 -0.4691 12.6534
v  -0.1297 -0.4716 12.6822
v  -0.0855 -0.4748 12.7209
v  -0.0340 -0.4770 12.7479
v  0.0085 -0.4780 12.7586
v  0.0585 -0.4784 12.7634
v  0.1116 -0.4780 12.7583
v  0.1550 -0.4769 12.7451
v  0.2031 -0.4749 12.7203
v  0.2514 -0.4715 12.6796
v  0.2794 -0.4686 12.6457
v  0.3005 -0.4655 12.6091
v  0.3185 -0.4609 12.5548
v  0.3248 -0.4562 12.4976
v  0.3214 -0.4524 12.4522
v  0.3098 -0.4485 12.4066
v  0.2817 -0.4438 12.3511
v  0.2236 -0.4388 12.2899
v  0.1630 -0.4358 12.2550
v  0.1191 -0.4346 12.2403
v  0.0303 -0.4342 12.2362
v  -0.0378 -0.4358 12.2547
v  -0.0788 -0.4375 12.2755
v  -0.1431 -0.4423 12.3332
v  -0.1883 -0.4486 12.4088
v  0.0609 -0.4059 12.5191
v  0.0601 -0.4069 12.7307
v  0.1004 -0.4065 12.2772
v  0.1430 -0.4065 12.2893
v  0.2024 -0.4065 12.3252
v  0.2506 -0.4065 12.3764
v  0.2719 -0.4065 12.4173
v  0.2843 -0.4065 12.4599
v  0.2883 -0.4065 12.5015
v  0.2846 -0.4065 12.5431
v  0.2725 -0.4065 12.5858
v  0.2513 -0.4065 12.6269
v  0.2217 -0.4065 12.6635
v  0.1853 -0.4065 12.6934
v  0.1443 -0.4065 12.7147
v  0.1018 -0.4065 12.7271
v  0.0379 -0.4065 12.2753
v  -0.0255 -0.4065 12.2898
v  -0.0664 -0.4065 12.3111
v  -0.1177 -0.4065 12.3592
v  -0.1524 -0.4080 12.4192
v  -0.1640 -0.4085 12.4616
v  -0.1674 -0.4087 12.5029
v  -0.1633 -0.4089 12.5442
v  -0.1509 -0.4090 12.5863
v  -0.1299 -0.4089 12.6268
v  -0.1004 -0.4087 12.6631
v  -0.0642 -0.4084 12.6926
v  -0.0237 -0.4079 12.7140
v  0.0186 -0.4074 12.7265
v  -0.1632 -0.4416 12.5445
v  -0.1674 -0.4379 12.5020
v  -0.1506 -0.4454 12.5870
v  0.0371 -0.4154 12.2723
v  0.1014 -0.4157 12.2743
v  0.2925 -0.4360 12.5017
v  0.2880 -0.4398 12.5460
v  0.2751 -0.4438 12.5887
v  0.1054 -0.4577 12.7267
v  0.0603 -0.4578 12.7307
v  0.0162 -0.4579 12.7259
v  0.1449 -0.4167 12.2863
v  0.2065 -0.4195 12.3216
v  0.2540 -0.4241 12.3734
v  0.2751 -0.4277 12.4130
v  0.2883 -0.4317 12.4571
v  -0.0681 -0.4198 12.3116
v  -0.0265 -0.4174 12.2888
v  -0.1183 -0.4240 12.3589
v  -0.1635 -0.4336 12.4592
v  -0.1518 -0.4298 12.4178
v  0.2542 -0.4475 12.6279
v  0.2257 -0.4507 12.6628
v  0.1881 -0.4540 12.6933
v  0.1460 -0.4558 12.7149
v  -0.0240 -0.4562 12.7138
v  -0.0666 -0.4552 12.6909
v  -0.0997 -0.4527 12.6637
v  -0.1281 -0.4494 12.6294
v  -0.1754 -0.4529 12.5018
v  0.1048 -0.4303 12.2688
v  0.2922 -0.4535 12.5477
v  0.2791 -0.4578 12.5913
v  0.0594 -0.4723 12.7371
v  0.0136 -0.4723 12.7324
v  0.1485 -0.4310 12.2815
v  0.2090 -0.4332 12.3176
v  0.2573 -0.4381 12.3697
v  0.2790 -0.4416 12.4099
v  0.2928 -0.4457 12.4556
v  -0.0303 -0.4327 12.2830
v  -0.1704 -0.4483 12.4554
v  -0.1575 -0.4444 12.4122
v  0.2583 -0.4616 12.6306
v  0.2298 -0.4647 12.6657
v  0.1929 -0.4677 12.6965
v  0.1495 -0.4700 12.7196
v  -0.0279 -0.4715 12.7199
v  -0.0743 -0.4696 12.6949
v  -0.1052 -0.4671 12.6686
v  -0.1342 -0.4644 12.6345
v  -0.1710 -0.4567 12.5464
v  -0.1578 -0.4605 12.5902
v  0.0357 -0.4304 12.2664
v  0.2969 -0.4495 12.5018
v  0.1071 -0.4718 12.7326
v  -0.0723 -0.4349 12.3059
v  -0.1229 -0.4388 12.3538
v  0.2328 -0.4104 14.0102
v  0.0266 -0.4104 14.0606
v  0.1293 -0.4104 14.0459
v  -0.0746 -0.4104 14.0562
v  -0.1785 -0.4104 14.0319
v  -0.2803 -0.4104 13.9858
v  -0.3731 -0.4104 13.9184
v  -0.4505 -0.4104 13.8330
v  -0.5081 -0.4104 13.7353
v  -0.5438 -0.4104 13.6318
v  -0.5585 -0.4104 13.5291
v  -0.5541 -0.4104 13.4279
v  -0.5298 -0.4104 13.3240
v  -0.4837 -0.4104 13.2222
v  -0.4164 -0.4104 13.1294
v  -0.3310 -0.4104 13.0519
v  -0.2587 -0.4104 13.0060
v  -0.1558 -0.4104 12.9648
v  -0.0522 -0.4104 12.9451
v  0.0483 -0.4104 12.9448
v  0.1781 -0.4104 12.9726
v  0.3045 -0.4104 13.0330
v  0.3727 -0.4104 13.0860
v  0.4501 -0.4104 13.1714
v  0.5077 -0.4104 13.2692
v  0.5435 -0.4104 13.3727
v  0.5582 -0.4104 13.4754
v  0.5538 -0.4104 13.5766
v  0.5295 -0.4104 13.6806
v  0.4834 -0.4104 13.7823
v  0.4160 -0.4104 13.8751
v  0.3306 -0.4104 13.9526
v  -0.1540 -0.4083 12.4601
v  -0.0929 -0.4063 12.3998
v  -0.1218 -0.4082 12.3800
v  -0.0393 -0.4061 12.3460
v  -0.0593 -0.4084 12.3172
v  0.0228 -0.4083 12.2841
v  0.0965 -0.4063 12.3188
v  0.1028 -0.4080 12.2845
v  0.1827 -0.4080 12.3166
v  0.2175 -0.4067 12.4000
v  0.2466 -0.4081 12.3806
v  0.2785 -0.4080 12.4610
v  0.2439 -0.4076 12.5353
v  0.2783 -0.4080 12.5419
v  0.2166 -0.4077 12.6024
v  0.2459 -0.4080 12.6216
v  0.1823 -0.4080 12.6846
v  0.0962 -0.4080 12.6825
v  0.1026 -0.4080 12.7168
v  0.0287 -0.4080 12.6825
v  0.0223 -0.4080 12.7168
v  -0.0580 -0.4080 12.6848
v  -0.0921 -0.4073 12.6026
v  -0.1217 -0.4081 12.6213
v  -0.1539 -0.4080 12.5411
v  0.2433 -0.3004 12.4678
v  0.2442 -0.4072 12.4676
v  0.2167 -0.3004 12.4005
v  0.1636 -0.3004 12.3470
v  0.1641 -0.4064 12.3462
v  0.0963 -0.3004 12.3197
v  0.0285 -0.3004 12.3196
v  0.0284 -0.4062 12.3187
v  -0.0388 -0.3004 12.3467
v  -0.0921 -0.3004 12.4003
v  -0.1189 -0.3004 12.4677
v  -0.1198 -0.4067 12.4675
v  -0.1185 -0.3004 12.5352
v  -0.1187 -0.4078 12.5353
v  -0.0913 -0.3003 12.6021
v  -0.0380 -0.3003 12.6550
v  -0.0385 -0.4076 12.6557
v  0.0289 -0.3003 12.6816
v  0.0960 -0.3003 12.6815
v  0.1628 -0.3003 12.6547
v  0.1633 -0.4079 12.6555
v  0.2159 -0.3003 12.6019
v  0.2430 -0.3003 12.5351
v  -0.1259 -0.4580 12.4664
v  -0.0977 -0.4581 12.3966
v  -0.0424 -0.4582 12.3413
v  0.0276 -0.4581 12.3129
v  0.0976 -0.4581 12.3131
v  0.1673 -0.4581 12.3413
v  0.2226 -0.4580 12.3966
v  0.2508 -0.4578 12.4664
v  0.2507 -0.4577 12.5366
v  0.2226 -0.4577 12.6063
v  0.1672 -0.4577 12.6616
v  0.0975 -0.4576 12.6897
v  0.0274 -0.4576 12.6897
v  -0.0423 -0.4577 12.6616
v  -0.0977 -0.4578 12.6063
v  -0.1259 -0.4579 12.5366
v  -0.1542 -0.4194 12.4611
v  -0.1222 -0.4195 12.3806
v  -0.0585 -0.4196 12.3167
v  0.0220 -0.4195 12.2843
v  0.1029 -0.4195 12.2844
v  0.1833 -0.4195 12.3169
v  0.2467 -0.4195 12.3808
v  0.2786 -0.4194 12.4612
v  0.2783 -0.4194 12.5417
v  0.2459 -0.4193 12.6216
v  0.1825 -0.4193 12.6848
v  0.1026 -0.4193 12.7168
v  0.0223 -0.4193 12.7169
v  -0.0577 -0.4193 12.6850
v  -0.1214 -0.4194 12.6218
v  -0.1539 -0.4194 12.5418
v  -0.1467 -0.4429 12.4625
v  -0.1157 -0.4432 12.3849
v  -0.0542 -0.4433 12.3232
v  0.0236 -0.4432 12.2919
v  0.1015 -0.4432 12.2920
v  0.1790 -0.4431 12.3234
v  0.2404 -0.4430 12.3850
v  0.2713 -0.4427 12.4625
v  0.2711 -0.4425 12.5404
v  0.2398 -0.4425 12.6176
v  0.1785 -0.4424 12.6788
v  0.1013 -0.4423 12.7098
v  0.0236 -0.4423 12.7099
v  -0.0537 -0.4425 12.6789
v  -0.1152 -0.4427 12.6177
v  -0.1465 -0.4428 12.5404
v  -0.0561 -0.4762 12.4794
v  -0.0384 -0.4763 12.4355
v  -0.0035 -0.4761 12.4007
v  0.0405 -0.4761 12.3828
v  0.0846 -0.4761 12.3830
v  0.1284 -0.4761 12.4007
v  0.1633 -0.4760 12.4355
v  0.1810 -0.4761 12.4794
v  0.1810 -0.4761 12.5236
v  0.1633 -0.4760 12.5675
v  0.1284 -0.4760 12.6023
v  0.0846 -0.4760 12.6200
v  0.0404 -0.4760 12.6200
v  -0.0035 -0.4760 12.6023
v  -0.0384 -0.4761 12.5675
v  -0.0561 -0.4762 12.5236
v  0.0625 -0.4879 12.5015
v  -0.0965 -0.8123 13.9794
v  -0.1841 -0.8123 13.9530
v  -0.1842 -0.4941 13.9529
v  -0.0965 -0.4941 13.9793
v  -0.2677 -0.8123 13.9092
v  -0.2677 -0.4941 13.9093
v  -0.3415 -0.8123 13.8502
v  -0.3415 -0.4941 13.8502
v  -0.4023 -0.8123 13.7777
v  -0.4023 -0.4941 13.7777
v  -0.4471 -0.8123 13.6975
v  -0.4471 -0.4941 13.6975
v  -0.4775 -0.8123 13.6039
v  -0.4775 -0.4941 13.6039
v  -0.4883 -0.8123 13.5089
v  -0.4883 -0.4941 13.5089
v  -0.4799 -0.8123 13.4089
v  -0.4799 -0.4941 13.4089
v  -0.4543 -0.8123 13.3208
v  -0.4544 -0.4941 13.3208
v  -0.4101 -0.8123 13.2349
v  -0.4101 -0.4941 13.2349
v  -0.3497 -0.8123 13.1594
v  -0.3470 -0.4941 13.1620
v  -0.2753 -0.8123 13.0971
v  -0.2753 -0.4941 13.0971
v  -0.1900 -0.8124 13.0506
v  -0.1901 -0.4941 13.0506
v  -0.0983 -0.8124 13.0221
v  -0.0976 -0.4941 13.0220
v  -0.1035 -1.8182 13.9785
v  -0.1874 -1.8456 13.9521
v  -0.2713 -1.8883 13.9073
v  -0.3464 -1.9460 13.8456
v  -0.4071 -2.0066 13.7713
v  -0.4475 -2.0541 13.6970
v  -0.4777 -2.1042 13.6039
v  -0.4885 -2.1220 13.5061
v  -0.4797 -2.1062 13.4084
v  -0.4483 -2.0544 13.3069
v  -0.4019 -1.9951 13.2233
v  -0.3435 -1.9376 13.1537
v  -0.2727 -1.8866 13.0959
v  -0.1906 -1.8445 13.0514
v  -0.1017 -1.8188 13.0233
v  -0.5451 -2.2471 13.2022
v  -0.5884 -2.6152 13.4726
v  -0.5557 -2.7243 13.4715
v  -0.5399 -2.2364 13.5827
v  -0.5862 -2.3700 13.2848
v  -0.5860 -2.3692 13.6626
v  -0.5426 -2.2418 13.3599
v  -0.6000 -2.5027 13.4732
v  -0.5390 -2.2346 13.7516
v  -0.1012 -1.8825 14.0061
v  -0.2005 -1.9111 13.9728
v  -0.2766 -1.9468 13.9284
v  -0.3525 -1.9963 13.8606
v  -0.4128 -2.0487 13.7799
v  -0.4530 -2.0934 13.7015
v  -0.4817 -2.1327 13.6101
v  -0.4925 -2.1478 13.5035
v  -0.4839 -2.1338 13.4087
v  -0.4535 -2.0913 13.3057
v  -0.4069 -2.0389 13.2165
v  -0.3513 -1.9912 13.1445
v  -0.2815 -1.9447 13.0825
v  -0.1965 -1.9050 13.0324
v  -0.1047 -1.8795 13.0003
v  -0.0002 -3.0979 14.1006
v  -0.1124 -3.0873 14.1005
v  -0.2205 -3.0560 14.1005
v  -0.3226 -3.0038 14.1005
v  -0.4163 -2.9299 14.1006
v  -0.4957 -2.8360 14.1006
v  -0.5554 -2.7251 14.1005
v  -0.5887 -2.6138 14.1005
v  -0.6000 -2.5047 14.1005
v  -0.5909 -2.3938 14.1006
v  -0.5615 -2.2864 14.1005
v  -0.4717 -2.1272 14.1005
v  -0.3961 -2.0474 14.1006
v  -0.3073 -1.9827 14.1005
v  -0.2261 -1.9422 14.1005
v  -0.1079 -1.9077 14.1005
v  -0.1129 -1.9087 12.9005
v  -0.2137 -1.9374 12.9005
v  -0.3081 -1.9832 12.9005
v  -0.4274 -2.0769 12.9006
v  -0.5025 -2.1699 12.9006
v  -0.5562 -2.2728 12.9007
v  -0.5889 -2.3827 12.9007
v  -0.6001 -2.4970 12.9006
v  -0.5893 -2.6110 12.9006
v  -0.5566 -2.7220 12.9006
v  -0.4987 -2.8315 12.9006
v  -0.4213 -2.9252 12.9005
v  -0.3279 -3.0005 12.9005
v  -0.2247 -3.0543 12.9005
v  -0.1146 -3.0868 12.9005
v  -0.0002 -3.0979 12.9005
v  -0.1066 -1.9075 14.0667
v  -0.2224 -1.9407 14.0201
v  -0.2935 -1.9746 13.9710
v  -0.3685 -2.0242 13.8897
v  -0.4333 -2.0828 13.7953
v  -0.4708 -2.1258 13.7057
v  -0.4949 -2.1584 13.6123
v  -0.5031 -2.1708 13.5048
v  -0.4967 -2.1611 13.4072
v  -0.4726 -2.1281 13.3000
v  -0.4320 -2.0814 13.1994
v  -0.3720 -2.0271 13.1089
v  -0.3026 -1.9799 13.0375
v  -0.2132 -1.9372 12.9763
v  -0.1133 -1.9088 12.9367
v  -0.4162 -2.9300 13.4696
v  -0.3227 -3.0037 13.4696
v  -0.2206 -3.0559 13.4701
v  -0.1125 -3.0873 13.4705
v  -0.0002 -3.0979 13.4708
v  -0.4950 -2.8368 13.4703
v  -0.0002 -3.0479 14.1505
v  -0.1030 -3.0383 14.1505
v  -0.2022 -3.0096 14.1505
v  -0.2908 -2.9671 14.1505
v  -0.3848 -2.8975 14.1503
v  -0.4510 -2.8184 14.1504
v  -0.5093 -2.7060 14.1511
v  -0.5420 -2.6040 14.1510
v  -0.5502 -2.5041 14.1510
v  -0.5413 -2.4033 14.1506
v  -0.5152 -2.3054 14.1505
v  -0.4318 -2.1565 14.1505
v  -0.3630 -2.0840 14.1505
v  -0.2824 -2.0250 14.1505
v  -0.2078 -1.9888 14.1505
v  -0.0986 -1.9567 14.1511
v  -0.0002 -3.0844 14.1351
v  -0.1099 -3.0741 14.1351
v  -0.2156 -3.0435 14.1350
v  -0.3132 -2.9945 14.1344
v  -0.4079 -2.9212 14.1336
v  -0.4829 -2.8324 14.1341
v  -0.5430 -2.7199 14.1350
v  -0.5761 -2.6110 14.1345
v  -0.5866 -2.5045 14.1351
v  -0.5773 -2.3963 14.1356
v  -0.5485 -2.2913 14.1356
v  -0.4617 -2.1359 14.1349
v  -0.3880 -2.0578 14.1349
v  -0.3013 -1.9944 14.1347
v  -0.2213 -1.9551 14.1348
v  -0.1056 -1.9210 14.1351
v  -0.0002 -3.0055 14.1505
v  -0.0946 -2.9970 14.1505
v  -0.1864 -2.9702 14.1505
v  -0.2664 -2.9299 14.1505
v  -0.3526 -2.8628 14.1505
v  -0.4144 -2.7909 14.1505
v  -0.4702 -2.6885 14.1505
v  -0.4987 -2.5951 14.1505
v  -0.5079 -2.5036 14.1505
v  -0.5002 -2.4108 14.1505
v  -0.4758 -2.3207 14.1505
v  -0.3971 -2.1819 14.1505
v  -0.3326 -2.1155 14.1505
v  -0.2578 -2.0611 14.1505
v  -0.1912 -2.0274 14.1505
v  -0.0901 -1.9983 14.1505
v  -0.0002 -3.0055 14.0805
v  -0.0946 -2.9970 14.0805
v  -0.1864 -2.9702 14.0805
v  -0.2664 -2.9299 14.0805
v  -0.3526 -2.8628 14.0805
v  -0.4144 -2.7909 14.0805
v  -0.4702 -2.6885 14.0805
v  -0.4987 -2.5951 14.0805
v  -0.5079 -2.5036 14.0805
v  -0.5002 -2.4108 14.0805
v  -0.4758 -2.3207 14.0805
v  -0.3971 -2.1819 14.0805
v  -0.3326 -2.1155 14.0805
v  -0.2578 -2.0611 14.0805
v  -0.1912 -2.0274 14.0805
v  -0.0901 -1.9983 14.0805
v  -0.5227 -2.2034 14.1005
v  -0.4800 -2.2273 14.1507
v  -0.5113 -2.2101 14.1349
v  -0.4428 -2.2477 14.1505
v  -0.4428 -2.2477 14.0805
v  -0.1051 -1.9567 12.8511
v  -0.1945 -1.9826 12.8506
v  -0.2817 -2.0255 12.8511
v  -0.3925 -2.1123 12.8511
v  -0.4609 -2.1971 12.8511
v  -0.5106 -2.2913 12.8511
v  -0.5410 -2.3921 12.8511
v  -0.5506 -2.4971 12.8511
v  -0.5407 -2.6017 12.8511
v  -0.5106 -2.7033 12.8511
v  -0.4573 -2.8038 12.8511
v  -0.3897 -2.8871 12.8511
v  -0.2993 -2.9605 12.8511
v  -0.2064 -3.0068 12.8511
v  -0.1035 -3.0386 12.8511
v  -0.0002 -3.0488 12.8511
v  -0.3707 -2.0263 12.8986
v  -0.3403 -2.0658 12.8511
v  -0.1109 -1.9218 12.8673
v  -0.2084 -1.9494 12.8669
v  -0.3010 -1.9948 12.8667
v  -0.4179 -2.0866 12.8668
v  -0.4911 -2.1773 12.8670
v  -0.5438 -2.2777 12.8673
v  -0.5760 -2.3852 12.8674
v  -0.5866 -2.4970 12.8671
v  -0.5761 -2.6084 12.8670
v  -0.5441 -2.7169 12.8670
v  -0.4876 -2.8239 12.8669
v  -0.4132 -2.9143 12.8671
v  -0.3199 -2.9897 12.8671
v  -0.2198 -3.0412 12.8667
v  -0.1114 -3.0737 12.8670
v  -0.0002 -3.0845 12.8672
v  -0.3612 -2.0383 12.8651
v  -0.0968 -1.9979 12.8505
v  -0.1790 -2.0218 12.8505
v  -0.2592 -2.0613 12.8505
v  -0.3611 -2.1410 12.8505
v  -0.4241 -2.2191 12.8505
v  -0.4699 -2.3057 12.8505
v  -0.4977 -2.3985 12.8505
v  -0.5067 -2.4951 12.8505
v  -0.4980 -2.5909 12.8510
v  -0.4708 -2.6851 12.8506
v  -0.4226 -2.7772 12.8505
v  -0.3664 -2.8497 12.8505
v  -0.2767 -2.9229 12.8511
v  -0.1906 -2.9677 12.8511
v  -0.1016 -2.9954 12.8511
v  -0.3131 -2.0983 12.8505
v  -0.0963 -2.0007 12.9203
v  -0.1781 -2.0239 12.9203
v  -0.2585 -2.0624 12.9203
v  -0.3603 -2.1419 12.9203
v  -0.4233 -2.2196 12.9203
v  -0.4692 -2.3060 12.9203
v  -0.4972 -2.3987 12.9203
v  -0.5065 -2.4951 12.9203
v  -0.4975 -2.5933 12.9203
v  -0.4719 -2.6821 12.9203
v  -0.4226 -2.7772 12.9203
v  -0.3653 -2.8487 12.9203
v  -0.2833 -2.9178 12.9203
v  -0.1904 -2.9672 12.9203
v  -0.1013 -2.9941 12.9203
v  -0.3123 -2.0993 12.9203
v  -0.0901 -1.9985 14.1455
v  -0.1912 -2.0274 14.1455
v  -0.2578 -2.0611 14.1455
v  -0.3326 -2.1155 14.1455
v  -0.3971 -2.1819 14.1455
v  -0.4428 -2.2477 14.1455
v  -0.4758 -2.3207 14.1455
v  -0.5002 -2.4108 14.1455
v  -0.5079 -2.5036 14.1455
v  -0.4987 -2.5951 14.1455
v  -0.4702 -2.6885 14.1455
v  -0.4144 -2.7909 14.1455
v  -0.3526 -2.8628 14.1455
v  -0.2664 -2.9299 14.1455
v  -0.1864 -2.9702 14.1455
v  -0.0946 -2.9970 14.1455
v  -0.0002 -3.0055 14.1455
v  -0.0002 -3.0055 14.0855
v  -0.0946 -2.9970 14.0855
v  -0.1864 -2.9702 14.0855
v  -0.2664 -2.9299 14.0855
v  -0.3526 -2.8628 14.0855
v  -0.4144 -2.7909 14.0855
v  -0.4702 -2.6885 14.0855
v  -0.4987 -2.5951 14.0855
v  -0.5079 -2.5036 14.0855
v  -0.5002 -2.4108 14.0855
v  -0.4758 -2.3207 14.0855
v  -0.4428 -2.2477 14.0855
v  -0.3971 -2.1819 14.0855
v  -0.3326 -2.1155 14.0855
v  -0.2578 -2.0611 14.0855
v  -0.1912 -2.0274 14.0855
v  -0.0901 -1.9983 14.0855
v  0.0961 -0.8123 13.9794
v  0.0961 -0.4941 13.9793
v  0.1839 -0.4941 13.9529
v  0.1838 -0.8123 13.9530
v  0.2674 -0.4941 13.9093
v  0.2674 -0.8123 13.9092
v  0.3412 -0.4941 13.8502
v  0.3412 -0.8123 13.8502
v  0.4020 -0.4941 13.7777
v  0.4020 -0.8123 13.7777
v  0.4468 -0.4941 13.6975
v  0.4468 -0.8123 13.6975
v  0.4772 -0.4941 13.6039
v  0.4772 -0.8123 13.6039
v  0.4880 -0.4941 13.5089
v  0.4881 -0.8123 13.5089
v  0.4796 -0.4941 13.4089
v  0.4796 -0.8123 13.4089
v  0.4541 -0.4941 13.3208
v  0.4540 -0.8123 13.3208
v  0.4098 -0.4941 13.2349
v  0.4097 -0.8123 13.2349
v  0.3467 -0.4941 13.1620
v  0.3493 -0.8123 13.1594
v  0.2750 -0.4941 13.0971
v  0.2750 -0.8123 13.0971
v  0.1897 -0.4941 13.0506
v  0.1897 -0.8124 13.0506
v  0.0973 -0.4941 13.0220
v  0.0980 -0.8124 13.0221
v  -0.0002 -0.4942 13.0120
v  -0.0002 -0.8124 13.0120
v  0.1871 -1.8456 13.9521
v  0.1032 -1.8182 13.9785
v  0.2710 -1.8883 13.9073
v  0.3461 -1.9460 13.8456
v  0.4068 -2.0066 13.7713
v  0.4472 -2.0541 13.6970
v  0.4774 -2.1042 13.6039
v  0.4882 -2.1220 13.5061
v  0.4794 -2.1062 13.4084
v  0.4480 -2.0544 13.3069
v  0.4016 -1.9951 13.2233
v  0.3432 -1.9376 13.1537
v  0.2724 -1.8866 13.0959
v  0.1903 -1.8445 13.0514
v  0.1014 -1.8188 13.0233
v  -0.0002 -1.8070 13.0126
v  0.5998 -2.4970 12.9006
v  0.5997 -2.5027 13.4732
v  0.5859 -2.3700 13.2848
v  0.5886 -2.3827 12.9007
v  0.5448 -2.2471 13.2022
v  0.5559 -2.2728 12.9007
v  0.5022 -2.1699 12.9006
v  0.3078 -1.9832 12.9005
v  0.3023 -1.9799 13.0375
v  0.2129 -1.9372 12.9763
v  0.2134 -1.9374 12.9005
v  0.1130 -1.9088 12.9367
v  0.1126 -1.9087 12.9005
v  -0.0002 -1.8979 12.9227
v  -0.0002 -1.8980 12.9006
v  0.5890 -2.6110 12.9006
v  0.5563 -2.7220 12.9006
v  0.4984 -2.8315 12.9006
v  0.4947 -2.8368 13.4703
v  0.3276 -3.0005 12.9005
v  0.2243 -3.0543 12.9005
v  0.2203 -3.0559 13.4701
v  0.3224 -3.0037 13.4696
v  0.1143 -3.0868 12.9005
v  0.1121 -3.0873 13.4705
v  0.2202 -3.0560 14.1005
v  0.1121 -3.0873 14.1005
v  0.3223 -3.0038 14.1005
v  0.4160 -2.9299 14.1006
v  0.5884 -2.6138 14.1005
v  0.5881 -2.6152 13.4726
v  0.5554 -2.7243 13.4715
v  0.5551 -2.7251 14.1005
v  0.5997 -2.5047 14.1005
v  0.5906 -2.3938 14.1006
v  0.5857 -2.3692 13.6626
v  0.5611 -2.2864 14.1005
v  0.5387 -2.2345 13.7516
v  0.2258 -1.9422 14.1005
v  0.2221 -1.9407 14.0201
v  0.2932 -1.9746 13.9710
v  0.3070 -1.9827 14.1005
v  0.1076 -1.9077 14.1005
v  0.1063 -1.9075 14.0667
v  0.4964 -2.1611 13.4072
v  0.5423 -2.2418 13.3599
v  0.5396 -2.2364 13.5827
v  0.5028 -2.1708 13.5048
v  0.4945 -2.1584 13.6123
v  0.4723 -2.1281 13.3000
v  0.4954 -2.8360 14.1006
v  0.3682 -2.0242 13.8897
v  0.3958 -2.0474 14.1006
v  0.4330 -2.0828 13.7953
v  0.4714 -2.1272 14.1005
v  0.4210 -2.9252 12.9005
v  0.4159 -2.9300 13.4696
v  0.4271 -2.0769 12.9006
v  0.4317 -2.0814 13.1994
v  0.3717 -2.0271 13.1089
v  0.3704 -2.0263 12.8986
v  0.5224 -2.2034 14.1005
v  0.4705 -2.1258 13.7057
v  -0.0002 -0.8136 13.9890
v  -0.0002 -0.4941 13.9890
v  -0.0002 -1.8113 13.9892
v  -0.0002 -1.8979 14.1005
v  -0.0002 -1.8979 14.0792
v  0.1009 -1.8825 14.0061
v  0.2002 -1.9111 13.9729
v  0.2763 -1.9468 13.9284
v  0.3522 -1.9963 13.8606
v  0.4126 -2.0487 13.7800
v  0.4528 -2.0933 13.7016
v  0.4814 -2.1326 13.6101
v  0.4922 -2.1478 13.5035
v  0.4835 -2.1338 13.4087
v  0.4532 -2.0913 13.3057
v  0.4066 -2.0389 13.2165
v  0.3509 -1.9912 13.1445
v  0.2811 -1.9447 13.0825
v  0.1962 -1.9050 13.0324
v  0.1043 -1.8795 13.0003
v  -0.0002 -1.8688 12.9887
v  -0.0002 -1.8747 14.0194
v  0.1096 -3.0740 14.1351
v  0.2153 -3.0435 14.1350
v  0.3129 -2.9945 14.1345
v  0.4076 -2.9212 14.1336
v  0.4826 -2.8324 14.1341
v  0.5427 -2.7200 14.1351
v  0.5759 -2.6111 14.1345
v  0.5863 -2.5045 14.1351
v  0.5770 -2.3963 14.1356
v  0.5482 -2.2913 14.1356
v  0.5110 -2.2101 14.1349
v  0.4614 -2.1359 14.1349
v  0.3877 -2.0578 14.1349
v  0.3011 -1.9944 14.1348
v  0.2212 -1.9548 14.1352
v  0.1053 -1.9210 14.1351
v  -0.0002 -1.9115 14.1351
v  0.1027 -3.0383 14.1505
v  0.2020 -3.0097 14.1511
v  0.2905 -2.9672 14.1510
v  0.3846 -2.8976 14.1508
v  0.4508 -2.8184 14.1509
v  0.5089 -2.7059 14.1505
v  0.5417 -2.6040 14.1510
v  0.5499 -2.5041 14.1511
v  0.5411 -2.4032 14.1511
v  0.5150 -2.3054 14.1511
v  0.4798 -2.2272 14.1510
v  0.4316 -2.1565 14.1511
v  0.3628 -2.0839 14.1510
v  0.2822 -2.0249 14.1510
v  0.2076 -1.9887 14.1511
v  0.0983 -1.9567 14.1511
v  -0.0002 -1.9479 14.1511
v  0.0943 -2.9970 14.1505
v  0.1861 -2.9702 14.1505
v  0.2661 -2.9299 14.1505
v  0.3523 -2.8628 14.1505
v  0.4141 -2.7909 14.1505
v  0.4699 -2.6885 14.1505
v  0.4984 -2.5951 14.1505
v  0.5076 -2.5036 14.1505
v  0.4999 -2.4108 14.1505
v  0.4755 -2.3207 14.1505
v  0.4425 -2.2477 14.1505
v  0.3968 -2.1819 14.1505
v  0.3323 -2.1155 14.1505
v  0.2574 -2.0611 14.1505
v  0.1909 -2.0274 14.1505
v  0.0898 -1.9983 14.1505
v  -0.0002 -1.9904 14.1511
v  0.0943 -2.9970 14.1455
v  0.0943 -2.9970 14.0855
v  0.1861 -2.9702 14.1455
v  0.1861 -2.9702 14.0855
v  0.2661 -2.9299 14.1455
v  0.2661 -2.9299 14.0855
v  0.3523 -2.8628 14.1455
v  0.3523 -2.8628 14.0855
v  0.4141 -2.7909 14.1455
v  0.4141 -2.7909 14.0855
v  0.4699 -2.6885 14.1455
v  0.4699 -2.6885 14.0855
v  0.4984 -2.5951 14.1455
v  0.4984 -2.5951 14.0855
v  0.5076 -2.5036 14.1455
v  0.5076 -2.5036 14.0855
v  0.4999 -2.4108 14.1455
v  0.4999 -2.4108 14.0855
v  0.4755 -2.3207 14.1455
v  0.4755 -2.3207 14.0855
v  0.3968 -2.1819 14.1455
v  0.4425 -2.2477 14.1455
v  0.4425 -2.2477 14.0855
v  0.3968 -2.1819 14.0855
v  0.3323 -2.1155 14.1455
v  0.3323 -2.1155 14.0855
v  0.2574 -2.0611 14.1455
v  0.2574 -2.0611 14.0855
v  0.1909 -2.0274 14.1455
v  0.1909 -2.0274 14.0855
v  0.0898 -1.9983 14.1455
v  0.0898 -1.9983 14.0855
v  -0.0002 -1.9914 14.1455
v  -0.0002 -1.9899 14.0855
v  0.0943 -2.9970 14.0805
v  -0.0002 -2.4967 14.0805
v  0.1861 -2.9702 14.0805
v  0.2661 -2.9299 14.0805
v  0.3523 -2.8628 14.0805
v  0.4141 -2.7909 14.0805
v  0.4699 -2.6885 14.0805
v  0.4984 -2.5951 14.0805
v  0.5076 -2.5036 14.0805
v  0.4999 -2.4108 14.0805
v  0.4755 -2.3207 14.0805
v  0.3968 -2.1819 14.0805
v  0.4425 -2.2477 14.0805
v  0.3323 -2.1155 14.0805
v  0.2574 -2.0611 14.0805
v  0.1909 -2.0274 14.0805
v  0.0898 -1.9983 14.0805
v  -0.0002 -1.9899 14.0805
v  -0.0002 -1.9116 12.8670
v  0.1106 -1.9218 12.8673
v  0.2080 -1.9496 12.8671
v  0.3007 -1.9949 12.8668
v  0.3609 -2.0383 12.8650
v  0.4175 -2.0866 12.8669
v  0.4908 -2.1773 12.8670
v  0.5436 -2.2777 12.8672
v  0.5757 -2.3852 12.8674
v  0.5863 -2.4970 12.8671
v  0.5758 -2.6084 12.8671
v  0.5438 -2.7169 12.8670
v  0.4872 -2.8239 12.8670
v  0.4129 -2.9143 12.8671
v  0.3196 -2.9896 12.8672
v  0.2196 -3.0413 12.8666
v  0.1111 -3.0737 12.8670
v  -0.0002 -1.9479 12.8511
v  0.1048 -1.9567 12.8511
v  0.1942 -1.9827 12.8511
v  0.2814 -2.0255 12.8511
v  0.3400 -2.0658 12.8511
v  0.3922 -2.1123 12.8511
v  0.4606 -2.1971 12.8511
v  0.5103 -2.2913 12.8511
v  0.5407 -2.3921 12.8511
v  0.5503 -2.4971 12.8511
v  0.5404 -2.6017 12.8511
v  0.5103 -2.7033 12.8511
v  0.4570 -2.8038 12.8511
v  0.3894 -2.8871 12.8511
v  0.2990 -2.9605 12.8511
v  0.2061 -3.0068 12.8511
v  0.1032 -3.0386 12.8511
v  -0.0002 -1.9893 12.8511
v  0.0966 -1.9974 12.8511
v  0.1788 -2.0213 12.8511
v  0.2591 -2.0608 12.8511
v  0.3131 -2.0979 12.8511
v  0.3612 -2.1407 12.8511
v  0.4242 -2.2188 12.8511
v  0.4701 -2.3055 12.8511
v  0.4980 -2.3984 12.8511
v  0.5064 -2.4951 12.8505
v  0.4977 -2.5909 12.8510
v  0.4709 -2.6852 12.8511
v  0.4228 -2.7775 12.8511
v  0.3664 -2.8501 12.8511
v  0.2763 -2.9229 12.8511
v  0.1903 -2.9677 12.8511
v  0.1013 -2.9954 12.8511
v  -0.0002 -3.0050 12.8511
v  -0.0002 -1.9897 12.9203
v  0.0959 -2.0007 12.9203
v  0.1778 -2.0239 12.9203
v  0.2582 -2.0624 12.9203
v  0.3120 -2.0993 12.9203
v  0.3600 -2.1419 12.9203
v  0.4230 -2.2196 12.9203
v  0.4685 -2.3062 12.9200
v  0.4969 -2.3987 12.9203
v  0.5062 -2.4951 12.9203
v  0.4984 -2.5870 12.9203
v  0.4710 -2.6837 12.9203
v  0.4223 -2.7772 12.9203
v  0.3650 -2.8487 12.9203
v  0.2761 -2.9225 12.9203
v  0.1901 -2.9672 12.9203
v  0.1010 -2.9941 12.9203
v  -0.0002 -3.0044 12.9203
v  -0.0870 -2.0461 12.9203
v  -0.1610 -2.0670 12.9203
v  -0.2337 -2.1018 12.9203
v  -0.3257 -2.1736 12.9203
v  -0.3826 -2.2439 12.9203
v  -0.4241 -2.3220 12.9203
v  -0.4495 -2.4057 12.9203
v  -0.4578 -2.4929 12.9203
v  -0.4497 -2.5816 12.9203
v  -0.4266 -2.6619 12.9203
v  -0.3820 -2.7479 12.9203
v  -0.3302 -2.8125 12.9203
v  -0.2561 -2.8749 12.9203
v  -0.1721 -2.9196 12.9203
v  -0.0916 -2.9439 12.9203
v  -0.2823 -2.1351 12.9203
v  -0.0002 -2.0361 12.9203
v  0.0867 -2.0461 12.9203
v  0.1607 -2.0670 12.9203
v  0.2333 -2.1018 12.9203
v  0.2820 -2.1351 12.9203
v  0.3253 -2.1736 12.9203
v  0.3823 -2.2439 12.9203
v  0.4237 -2.3220 12.9203
v  0.4491 -2.4057 12.9203
v  0.4575 -2.4929 12.9203
v  0.4504 -2.5759 12.9203
v  0.4257 -2.6633 12.9203
v  0.3817 -2.7479 12.9203
v  0.3299 -2.8125 12.9203
v  0.2495 -2.8791 12.9203
v  0.1718 -2.9196 12.9203
v  0.0913 -2.9439 12.9203
v  -0.0002 -2.9532 12.9203
v  -0.0003 -2.4721 12.9203
v  2.5027 -2.8770 1.2188
v  2.6224 -2.8768 1.2188
v  2.5704 -2.9180 1.2188
v  2.4808 -2.9669 1.2188
v  2.4442 -2.9088 1.2188
v  2.3820 -2.9975 1.2188
v  2.3642 -2.9374 1.2188
v  2.2734 -3.0067 1.2188
v  2.2741 -2.9508 1.2188
v  2.1729 -2.9447 1.2188
v  2.1637 -2.9917 1.2188
v  2.0336 -2.9574 1.2188
v  2.0475 -2.9019 1.2188
v  1.3857 -2.8528 1.2188
v  1.3864 -2.6450 1.2188
v  1.4238 -2.8529 1.2188
v  1.4261 -2.6450 1.2188
v  1.8723 -2.9202 1.2188
v  1.9427 -2.8277 1.2188
v  1.6947 -2.6460 1.2188
v  1.6968 -2.8921 1.2188
v  1.9089 -2.7921 1.2188
v  1.8813 -2.7566 1.2188
v  1.8575 -2.7177 1.2188
v  1.8387 -2.6807 1.2188
v  1.8023 -2.5480 1.2188
v  1.7995 -2.4979 1.2188
v  1.6947 -2.4979 1.2188
v  1.8239 -2.6427 1.2188
v  1.3864 -2.4979 1.2188
v  1.4261 -2.4979 1.2188
v  1.8110 -2.5974 1.2188
v  2.6355 -2.8719 1.2188
v  2.5732 -2.9220 1.2188
v  2.4827 -2.9713 1.2188
v  2.3829 -3.0022 1.2188
v  2.2733 -3.0116 1.2188
v  2.1626 -2.9964 1.2188
v  2.0324 -2.9621 1.2188
v  1.3856 -2.8726 1.2188
v  1.3637 -2.8725 1.2188
v  1.4235 -2.8730 1.2188
v  1.8714 -2.9249 1.2188
v  1.6961 -2.8969 1.2188
v  2.5347 -2.8923 2.1788
v  2.5737 -2.9343 2.1788
v  2.4837 -2.9826 2.1788
v  2.4596 -2.9348 2.1788
v  2.3850 -3.0125 2.1788
v  2.3726 -2.9675 2.1788
v  2.2745 -3.0221 2.1788
v  2.2765 -2.9820 2.1788
v  2.1632 -3.0081 2.1788
v  2.1712 -2.9756 2.1788
v  2.0334 -2.9735 2.1788
v  2.0414 -2.9329 2.1788
v  1.3864 -2.6582 2.1788
v  1.3865 -2.8833 2.1779
v  1.3688 -2.8833 2.1779
v  1.3688 -2.6582 2.1788
v  1.4261 -2.6583 2.1788
v  1.4263 -2.8841 2.1788
v  1.8692 -2.9357 2.1788
v  1.9309 -2.8587 2.1788
v  1.6947 -2.6592 2.1788
v  1.6954 -2.9072 2.1788
v  1.8942 -2.8225 2.1788
v  1.8640 -2.7857 2.1788
v  1.8164 -2.7063 2.1788
v  1.8383 -2.7471 2.1788
v  1.7730 -2.5550 2.1788
v  1.6947 -2.4979 2.1788
v  1.7701 -2.4979 2.1788
v  1.7981 -2.6629 2.1788
v  1.3864 -2.4979 2.1788
v  1.3688 -2.4979 2.1788
v  1.4261 -2.4979 2.1788
v  1.7827 -2.6114 2.1788
v  2.5347 -2.8620 2.1678
v  2.6471 -2.8630 2.1674
v  2.5334 -2.8525 2.1435
v  2.6420 -2.8523 2.1435
v  2.5333 -2.8871 2.1788
v  2.4574 -2.9302 2.1787
v  2.3713 -2.9625 2.1788
v  2.2763 -2.9768 2.1788
v  2.1721 -2.9705 2.1788
v  2.0437 -2.9282 2.1788
v  1.9343 -2.8548 2.1788
v  1.8980 -2.8190 2.1788
v  1.8682 -2.7826 2.1788
v  1.8427 -2.7444 2.1788
v  1.8210 -2.7040 2.1788
v  1.8030 -2.6612 2.1788
v  1.7878 -2.6102 2.1788
v  1.7781 -2.5545 2.1788
v  1.7753 -2.4979 2.1787
v  2.5123 -2.8584 2.1264
v  2.4473 -2.8969 2.1261
v  2.3687 -2.9262 2.1262
v  2.2814 -2.9405 2.1261
v  2.1851 -2.9360 2.1260
v  2.0650 -2.8991 2.1259
v  1.9622 -2.8320 2.1259
v  1.9389 -2.7886 1.6989
v  1.9279 -2.7988 2.1258
v  1.9116 -2.7560 1.6961
v  1.8998 -2.7649 2.1258
v  1.8755 -2.7294 2.1258
v  1.8667 -2.6860 1.7499
v  1.8550 -2.6917 2.1258
v  2.5129 -2.8588 2.1444
v  2.6419 -2.8873 2.1779
v  2.5765 -2.9386 2.1788
v  2.4857 -2.9874 2.1788
v  2.3860 -3.0176 2.1787
v  2.2744 -3.0273 2.1788
v  2.1621 -3.0131 2.1788
v  2.0321 -2.9785 2.1788
v  1.3864 -2.8883 2.1779
v  1.3638 -2.8883 2.1779
v  1.4261 -2.8893 2.1788
v  1.8682 -2.9408 2.1788
v  1.6947 -2.9123 2.1788
v  2.6651 -2.9136 2.1431
v  2.5864 -2.9737 2.1427
v  2.4949 -3.0209 2.1429
v  2.3951 -3.0507 2.1428
v  2.2848 -3.0622 2.1425
v  2.1725 -3.0512 2.1440
v  2.0425 -3.0170 2.1449
v  1.3639 -2.9233 2.1410
v  1.3864 -2.9233 2.1411
v  1.4261 -2.9241 2.1414
v  1.8787 -2.9791 2.1442
v  1.7055 -2.9494 2.1431
v  2.6573 -2.9049 2.1689
v  2.5860 -2.9622 2.1678
v  2.4934 -3.0111 2.1680
v  2.5197 -2.8659 2.1676
v  2.4501 -2.9075 2.1682
v  2.3685 -2.9378 2.1686
v  2.2790 -2.9518 2.1687
v  2.1801 -2.9466 2.1687
v  2.0566 -2.9072 2.1686
v  1.9524 -2.8377 2.1687
v  1.9179 -2.8039 2.1687
v  1.8891 -2.7688 2.1685
v  1.8653 -2.7344 2.1689
v  1.8445 -2.6962 2.1689
v  1.8268 -2.6544 2.1688
v  1.8122 -2.6053 2.1687
v  1.8030 -2.5520 2.1686
v  1.8000 -2.4979 2.1684
v  2.5027 -2.1189 1.2179
v  2.5704 -2.0779 1.2188
v  2.4822 -2.0296 1.2188
v  2.4494 -2.0894 1.2188
v  2.3813 -1.9985 1.2188
v  2.3663 -2.0588 1.2188
v  2.2744 -1.9892 1.2188
v  2.2720 -2.0449 1.2188
v  2.1696 -2.0518 1.2188
v  2.1592 -2.0048 1.2188
v  2.0354 -2.0386 1.2188
v  2.0573 -2.0891 1.2188
v  1.3864 -2.3509 1.2188
v  1.3857 -2.1435 1.2188
v  1.4238 -2.1435 1.2188
v  1.8754 -2.0744 1.2188
v  1.9421 -2.1680 1.2188
v  1.4261 -2.3509 1.2188
v  1.6947 -2.3499 1.2188
v  1.6968 -2.1038 1.2188
v  1.9047 -2.2084 1.2188
v  1.8780 -2.2442 1.2188
v  1.8569 -2.2791 1.2188
v  1.8380 -2.3170 1.2188
v  1.8030 -2.4448 1.2188
v  1.8222 -2.3583 1.2188
v  1.8108 -2.3986 1.2188
v  2.6524 -2.1059 1.2289
v  2.5802 -2.0502 1.2281
v  2.4891 -2.0023 1.2276
v  2.3822 -1.9938 1.2188
v  2.2742 -1.9844 1.2188
v  2.1582 -2.0001 1.2188
v  2.0342 -2.0339 1.2188
v  1.3856 -2.1232 1.2188
v  1.3637 -2.1234 1.2188
v  1.4235 -2.1229 1.2188
v  1.8745 -2.0697 1.2188
v  1.6961 -2.0990 1.2188
v  2.5347 -2.1035 2.1788
v  2.6285 -2.1035 2.1788
v  2.5736 -2.0616 2.1788
v  2.4835 -2.0131 2.1788
v  2.4611 -2.0600 2.1788
v  2.3727 -2.0282 2.1788
v  2.3838 -1.9832 2.1788
v  2.2749 -2.0138 2.1788
v  2.2767 -1.9739 2.1788
v  2.1676 -2.0210 2.1788
v  2.1596 -1.9887 2.1788
v  2.0344 -2.0221 2.1788
v  2.0516 -2.0580 2.1788
v  1.3864 -2.3377 2.1788
v  1.3688 -2.3377 2.1788
v  1.3688 -2.1126 2.1779
v  1.3865 -2.1126 2.1779
v  1.4263 -2.1118 2.1779
v  1.4261 -2.3376 2.1788
v  1.8740 -2.0589 2.1788
v  1.9292 -2.1380 2.1788
v  1.6947 -2.3366 2.1788
v  1.6954 -2.0887 2.1788
v  1.8887 -2.1791 2.1788
v  1.8610 -2.2144 2.1788
v  1.8366 -2.2517 2.1788
v  1.8153 -2.2920 2.1788
v  1.7736 -2.4375 2.1788
v  1.7972 -2.3361 2.1788
v  1.7831 -2.3843 2.1788
v  2.6421 -2.1086 2.1788
v  2.5333 -2.1087 2.1788
v  2.5334 -2.1434 2.1435
v  2.6420 -2.1436 2.1435
v  2.4587 -2.0646 2.1788
v  2.3714 -2.0332 2.1788
v  2.2747 -2.0190 2.1788
v  2.1685 -2.0261 2.1788
v  2.0538 -2.0627 2.1788
v  1.9326 -2.1419 2.1788
v  1.8926 -2.1825 2.1788
v  1.8652 -2.2174 2.1788
v  1.8410 -2.2543 2.1788
v  1.8200 -2.2942 2.1788
v  1.8021 -2.3378 2.1788
v  1.7881 -2.3855 2.1788
v  1.7788 -2.4381 2.1788
v  2.5123 -2.1375 2.1264
v  2.4489 -2.0997 2.1262
v  2.3690 -2.0697 2.1262
v  2.2800 -2.0553 2.1261
v  2.1817 -2.0605 2.1261
v  2.0745 -2.0922 2.1260
v  1.9610 -2.1650 2.1259
v  1.9232 -2.2025 2.1258
v  1.8968 -2.2347 2.1258
v  1.8738 -2.2691 2.1258
v  1.8538 -2.3063 2.1257
v  2.5129 -2.1371 2.1444
v  2.5765 -2.0573 2.1788
v  2.4855 -2.0083 2.1787
v  2.3848 -1.9781 2.1787
v  2.2766 -1.9687 2.1788
v  2.1585 -1.9836 2.1788
v  2.0331 -2.0171 2.1787
v  1.3864 -2.1076 2.1779
v  1.3638 -2.1076 2.1779
v  1.4261 -2.1068 2.1779
v  1.8730 -2.0538 2.1788
v  1.6947 -2.0836 2.1788
v  2.6651 -2.0823 2.1431
v  2.5864 -2.0222 2.1427
v  2.4947 -1.9749 2.1426
v  2.3941 -1.9449 2.1426
v  2.2865 -1.9337 2.1430
v  2.1689 -1.9459 2.1438
v  2.0432 -1.9786 2.1449
v  1.3638 -2.0726 2.1410
v  1.3864 -2.0726 2.1411
v  1.4261 -2.0718 2.1414
v  1.8825 -2.0166 2.1441
v  1.7056 -2.0468 2.1431
v  2.6577 -2.0907 2.1693
v  2.5862 -2.0335 2.1681
v  2.4932 -1.9846 2.1678
v  2.5197 -2.1300 2.1676
v  2.4509 -2.0883 2.1689
v  2.3686 -2.0581 2.1687
v  2.2771 -2.0439 2.1686
v  2.1765 -2.0500 2.1688
v  2.0667 -2.0840 2.1686
v  1.9504 -2.1593 2.1689
v  1.9128 -2.1976 2.1689
v  1.8864 -2.2301 2.1684
v  1.8629 -2.2649 2.1682
v  1.8431 -2.3029 2.1690
v  1.8263 -2.3430 2.1690
v  1.8127 -2.3898 2.1686
v  1.8034 -2.4410 2.1685
v  2.6595 -2.0986 1.2517
v  2.6364 -2.8369 1.2541
v  2.5010 -2.8369 1.2526
v  2.5010 -2.1591 1.2526
v  2.6365 -2.1591 1.2541
v  1.8444 -2.4452 1.2539
v  1.8411 -2.4979 1.2540
v  1.8441 -2.5476 1.2538
v  1.8528 -2.3990 1.2538
v  1.8653 -2.3574 1.2538
v  1.8812 -2.3194 1.2539
v  1.8999 -2.2847 1.2539
v  1.9214 -2.2528 1.2539
v  1.9457 -2.2229 1.2539
v  1.9810 -2.1882 1.2538
v  2.0870 -2.1205 1.2540
v  2.1867 -2.0903 1.2541
v  2.2782 -2.0856 1.2542
v  2.3612 -2.0989 1.2543
v  2.4357 -2.1269 1.2542
v  2.4824 -2.1535 1.2548
v  1.8529 -2.5964 1.2538
v  1.8664 -2.6411 1.2538
v  1.8824 -2.6784 1.2538
v  1.9016 -2.7135 1.2539
v  1.9241 -2.7465 1.2539
v  1.9503 -2.7780 1.2539
v  1.9820 -2.8091 1.2540
v  2.0779 -2.8717 1.2540
v  2.1898 -2.9061 1.2541
v  2.2793 -2.9103 1.2542
v  2.3600 -2.8973 1.2543
v  2.4307 -2.8710 1.2550
v  2.4824 -2.8424 1.2548
v  2.6681 -2.8593 1.2513
v  2.6744 -2.8741 2.1423
v  2.6355 -2.1240 1.2188
v  1.8078 -2.4454 1.2188
v  1.8043 -2.4979 1.2188
v  1.8303 -2.4980 1.2285
v  1.8329 -2.5489 1.2282
v  1.8155 -2.3996 1.2188
v  1.8268 -2.3598 1.2188
v  1.8424 -2.3189 1.2188
v  1.8611 -2.2814 1.2188
v  1.8820 -2.2469 1.2188
v  1.9085 -2.2115 1.2188
v  1.9454 -2.1716 1.2188
v  2.0594 -2.0935 1.2188
v  2.1705 -2.0566 1.2188
v  2.2717 -2.0497 1.2188
v  2.3651 -2.0634 1.2188
v  2.4473 -2.0939 1.2179
v  2.5014 -2.1239 1.2179
v  1.8412 -2.5940 1.2285
v  1.8547 -2.6400 1.2286
v  1.8701 -2.6782 1.2283
v  1.8871 -2.7096 1.2287
v  1.9106 -2.7458 1.2287
v  1.9368 -2.7785 1.2288
v  1.9686 -2.8108 1.2289
v  2.0662 -2.8777 1.2288
v  2.1831 -2.9156 1.2287
v  2.2765 -2.9208 1.2290
v  2.3595 -2.9079 1.2290
v  2.4327 -2.8812 1.2292
v  2.4869 -2.8510 1.2295
v  2.6518 -2.8883 1.2275
v  2.5802 -2.9457 1.2281
v  2.4887 -2.9939 1.2277
v  2.3925 -3.0354 1.2520
v  2.2860 -3.0464 1.2524
v  2.1749 -3.0356 1.2530
v  2.0452 -3.0012 1.2534
v  1.3642 -2.9077 1.2518
v  1.3863 -2.9077 1.2523
v  1.4267 -2.9084 1.2518
v  1.8811 -2.9632 1.2529
v  1.7088 -2.9339 1.2536
v  2.5774 -2.0352 1.2514
v  2.4885 -1.9891 1.2515
v  2.3898 -1.9599 1.2520
v  2.3880 -1.9716 1.2277
v  2.2804 -1.9607 1.2281
v  2.1629 -1.9740 1.2286
v  2.0380 -2.0071 1.2286
v  1.3859 -2.0991 1.2284
v  1.3642 -2.0995 1.2281
v  1.4250 -2.0986 1.2282
v  1.8765 -2.0444 1.2283
v  1.7039 -2.0731 1.2288
v  2.5015 -2.1490 1.2283
v  2.4861 -2.1459 1.2301
v  2.6349 -2.1501 1.2305
v  2.5017 -2.8476 1.2287
v  2.5015 -2.8722 1.2188
v  2.6355 -2.8465 1.2296
v  2.5347 -2.1339 2.1678
v  2.6682 -2.1366 1.2512
v  2.6749 -2.1202 2.1436
v  2.6285 -2.8923 2.1779
v  2.6224 -2.1191 1.2188
v  1.8469 -2.3528 1.7951
v  1.8390 -2.3742 1.8215
v  1.8364 -2.3481 2.1257
v  1.8138 -2.5520 2.1257
v  1.8206 -2.5329 1.8695
v  1.8251 -2.5669 1.8588
v  1.8232 -2.6034 2.1257
v  1.8314 -2.5958 1.8432
v  1.8474 -2.6441 1.7942
v  1.8545 -2.6600 1.7647
v  1.8323 -2.5291 1.5248
v  1.8401 -2.4980 1.2711
v  1.8432 -2.5481 1.2710
v  1.8358 -2.5618 1.5341
v  1.8439 -2.4446 1.2711
v  1.8327 -2.4630 1.5260
v  1.8363 -2.4305 1.5355
v  1.8523 -2.3987 1.2710
v  1.8416 -2.4008 1.5514
v  1.8544 -2.3524 1.6002
v  1.8807 -2.3192 1.2710
v  1.8645 -2.3580 1.2709
v  1.8480 -2.3743 1.5734
v  1.8655 -2.6403 1.2709
v  1.8477 -2.6206 1.5727
v  1.8410 -2.5918 1.5498
v  1.8523 -2.5966 1.2709
v  1.8247 -2.4313 1.8597
v  1.8141 -2.4409 2.1257
v  1.8233 -2.3922 2.1257
v  1.8313 -2.4002 1.8430
v  1.8207 -2.4630 1.8693
v  2.4832 -2.8426 1.2719
v  2.4309 -2.8716 1.2721
v  2.3602 -2.8979 1.2714
v  2.2794 -2.9109 1.2713
v  2.1897 -2.9067 1.2712
v  2.0776 -2.8722 1.2711
v  1.9816 -2.8095 1.2711
v  1.9499 -2.7784 1.2711
v  1.8884 -2.7216 1.6960
v  1.8702 -2.6843 1.6393
v  1.8682 -2.6853 1.6988
v  2.4831 -2.1533 1.2719
v  2.4359 -2.1263 1.2713
v  2.3613 -2.0983 1.2714
v  2.2783 -2.0850 1.2713
v  2.1866 -2.0898 1.2712
v  2.0868 -2.1199 1.2712
v  1.9806 -2.1878 1.2710
v  1.9453 -2.2225 1.2710
v  1.9341 -2.2124 1.6989
v  1.9089 -2.2436 1.6979
v  1.8690 -2.3136 1.6427
v  1.8673 -2.3128 1.6988
v  1.8102 -2.4979 2.1257
v  1.8190 -2.4977 1.8730
v  1.8391 -2.6220 1.8211
v  1.8373 -2.6506 2.1257
v  1.8621 -2.3269 1.6621
v  1.8625 -2.3231 1.6980
v  1.8625 -2.6728 1.6979
v  1.8621 -2.6690 1.6629
v  1.8313 -2.4982 1.5226
v  1.9011 -2.7138 1.2710
v  1.9236 -2.7469 1.2710
v  1.8818 -2.6786 1.2710
v  1.8540 -2.6427 1.5997
v  1.8592 -2.6590 1.6299
v  1.9209 -2.2524 1.2710
v  1.8994 -2.2845 1.2710
v  1.8595 -2.3359 1.6317
v  1.8868 -2.2768 1.6979
v  1.8656 -2.3120 1.7522
v  1.8595 -2.6691 1.7333
v  1.8595 -2.3267 1.7321
v  1.8544 -2.3362 1.7639
v  2.6595 -2.8973 1.2517
v  2.5771 -2.9615 1.2529
v  2.4901 -3.0060 1.2518
v  2.2860 -1.9493 1.2525
v  2.1705 -1.9613 1.2530
v  2.0469 -1.9942 1.2538
v  1.3643 -2.0882 1.2522
v  1.3863 -2.0882 1.2523
v  1.4267 -2.0874 1.2518
v  1.8849 -2.0319 1.2533
v  1.7088 -2.0620 1.2536
v  1.8324 -2.4640 1.5310
v  1.8311 -2.4982 1.5276
v  1.8321 -2.5281 1.5298
v  1.8353 -2.5599 1.5387
v  1.8402 -2.5891 1.5540
v  1.8465 -2.6172 1.5763
v  1.8525 -2.6389 1.6026
v  1.8573 -2.6548 1.6319
v  1.8601 -2.6645 1.6639
v  1.8604 -2.6682 1.6979
v  1.8575 -2.6646 1.7322
v  1.8528 -2.6557 1.7626
v  1.8460 -2.6402 1.7912
v  1.8377 -2.6191 1.8178
v  1.8303 -2.5934 1.8393
v  1.8243 -2.5653 1.8546
v  1.8200 -2.5320 1.8652
v  1.8183 -2.4977 1.8688
v  1.8197 -2.4637 1.8651
v  1.8235 -2.4327 1.8558
v  1.8300 -2.4024 1.8392
v  1.8375 -2.3771 1.8182
v  1.8451 -2.3563 1.7923
v  1.8526 -2.3404 1.7619
v  1.8576 -2.3312 1.7309
v  1.8604 -2.3277 1.6979
v  1.8601 -2.3314 1.6631
v  1.8576 -2.3401 1.6337
v  1.8527 -2.3562 1.6031
v  1.8467 -2.3776 1.5770
v  1.8407 -2.4034 1.5556
v  1.8358 -2.4323 1.5402
v  2.4477 -2.8975 2.1441
v  2.3689 -2.9268 2.1442
v  2.2815 -2.9411 2.1441
v  2.1850 -2.9366 2.1441
v  2.0648 -2.8997 2.1439
v  1.9618 -2.8324 2.1438
v  1.9274 -2.7992 2.1438
v  1.8993 -2.7653 2.1438
v  1.8750 -2.7298 2.1438
v  1.8544 -2.6919 2.1438
v  1.8371 -2.6519 2.1437
v  1.8226 -2.6038 2.1437
v  1.8130 -2.5513 2.1437
v  1.8096 -2.4979 2.1436
v  1.8134 -2.4413 2.1436
v  1.8227 -2.3918 2.1437
v  1.8361 -2.3470 2.1437
v  1.8532 -2.3061 2.1437
v  1.8733 -2.2687 2.1437
v  1.8963 -2.2343 2.1438
v  1.9227 -2.2021 2.1439
v  1.9606 -2.1645 2.1439
v  2.0742 -2.0916 2.1439
v  2.1816 -2.0599 2.1441
v  2.2800 -2.0547 2.1441
v  2.3691 -2.0691 2.1442
v  2.4491 -2.0991 2.1442
v  2.4421 -2.9044 1.2188
v  2.3631 -2.9327 1.2188
v  2.2738 -2.9459 1.2188
v  2.1738 -2.9400 1.2188
v  2.0497 -2.8976 1.2188
v  1.9460 -2.8242 1.2188
v  1.9126 -2.7889 1.2188
v  1.8853 -2.7539 1.2188
v  1.8617 -2.7154 1.2188
v  1.8432 -2.6788 1.2188
v  1.8285 -2.6411 1.2188
v  1.8157 -2.5963 1.2188
v  1.8071 -2.5474 1.2188
v  2.5732 -2.0739 1.2188
v  2.4841 -2.0251 1.2188
v  1.3640 -2.3509 1.2188
v  1.3640 -2.4979 1.2188
v  1.3640 -2.6450 1.2188
v  1.3637 -2.6582 2.1788
v  1.3637 -2.4979 2.1788
v  1.3637 -2.3377 2.1788
v  2.3923 -3.0416 2.1678
v  2.2794 -3.0525 2.1679
v  2.1658 -3.0392 2.1685
v  2.0356 -3.0048 2.1686
v  1.3637 -2.9140 2.1674
v  1.3864 -2.9140 2.1674
v  1.4260 -2.9147 2.1675
v  1.8705 -2.9665 2.1690
v  1.7012 -2.9387 2.1681
v  2.3911 -1.9540 2.1676
v  2.2818 -1.9438 2.1679
v  2.1624 -1.9574 2.1685
v  2.0362 -1.9911 2.1685
v  1.3864 -2.0823 2.1671
v  1.3638 -2.0822 2.1670
v  1.4260 -2.0816 2.1672
v  1.8759 -2.0284 2.1684
v  1.7013 -2.0577 2.1676
v  2.6633 -2.8810 2.1698
v  2.6472 -2.1333 2.1679
v  2.6637 -2.1150 2.1702
v  1.8334 -2.4438 1.2284
v  1.8412 -2.4017 1.2286
v  1.8533 -2.3599 1.2286
v  1.8692 -2.3195 1.2284
v  1.8860 -2.2879 1.2287
v  1.9075 -2.2543 1.2288
v  1.9322 -2.2222 1.2288
v  1.9675 -2.1856 1.2286
v  2.0761 -2.1136 1.2287
v  2.1801 -2.0808 1.2287
v  2.2747 -2.0749 1.2290
v  2.3613 -2.0883 1.2290
v  2.4379 -2.1172 1.2287
v  2.6533 -2.8635 1.2248
v  2.3891 -3.0241 1.2278
v  2.2790 -3.0353 1.2283
v  2.1673 -3.0228 1.2284
v  2.0370 -2.9886 1.2287
v  1.3859 -2.8968 1.2284
v  1.3642 -2.8964 1.2281
v  1.4250 -2.8973 1.2282
v  1.8730 -2.9502 1.2283
v  1.7039 -2.9229 1.2286
v  2.6545 -2.1324 1.2256
v  1.5031 -2.5025 1.2316
v  1.5052 -2.4827 1.2313
v  1.5129 -2.4690 1.2314
v  1.5261 -2.4577 1.2313
v  1.5441 -2.4523 1.2318
v  1.5615 -2.4536 1.2315
v  1.5787 -2.4628 1.2314
v  1.5889 -2.4759 1.2319
v  1.5945 -2.4923 1.2316
v  1.5926 -2.5127 1.2313
v  1.5861 -2.5254 1.2312
v  1.5713 -2.5382 1.2315
v  1.5520 -2.5439 1.2315
v  1.5347 -2.5417 1.2316
v  1.5195 -2.5330 1.2319
v  1.5083 -2.5191 1.2319
v  1.5266 -2.4997 1.2494
v  1.5275 -2.4911 1.2494
v  1.5316 -2.4835 1.2493
v  1.5383 -2.4781 1.2493
v  1.5465 -2.4756 1.2494
v  1.5551 -2.4764 1.2493
v  1.5627 -2.4804 1.2494
v  1.5682 -2.4871 1.2495
v  1.5709 -2.4955 1.2495
v  1.5701 -2.5041 1.2495
v  1.5661 -2.5118 1.2495
v  1.5595 -2.5175 1.2495
v  1.5509 -2.5200 1.2495
v  1.5421 -2.5191 1.2495
v  1.5345 -2.5149 1.2495
v  1.5291 -2.5081 1.2495
v  1.5487 -2.4977 1.2538
v  1.3298 -2.8888 2.1427
v  1.3290 -2.1229 1.2526
v  1.3289 -2.8727 1.2527
v  1.3298 -2.3563 1.2543
v  1.3298 -2.4991 1.2532
v  1.3289 -2.6421 1.2536
v  1.3298 -2.6614 2.1429
v  1.3288 -2.4964 2.1431
v  1.3298 -2.3405 2.1428
v  1.3298 -2.1078 2.1429
v  1.3395 -2.8733 1.2287
v  1.3391 -2.8893 2.1676
v  1.3393 -2.9132 2.1423
v  1.3395 -2.1234 1.2287
v  1.3394 -2.1078 2.1679
v  1.3395 -2.0824 2.1422
v  1.3392 -2.8975 1.2513
v  1.3395 -2.0981 1.2522
v  1.3391 -2.3536 1.2290
v  1.3394 -2.4985 1.2288
v  1.3393 -2.6435 1.2289
v  1.3391 -2.6598 2.1676
v  1.3387 -2.4972 2.1681
v  1.3387 -2.3391 2.1680
v  1.3392 -2.9064 2.1598
v  1.3394 -2.0895 2.1602
v  1.3397 -2.8896 1.2353
v  1.3393 -2.1066 1.2356
v  1.3298 -2.8608 2.1107
v  1.3294 -2.1437 1.2709
v  1.3294 -2.8481 1.2710
v  1.3298 -2.3621 1.2725
v  1.3298 -2.4990 1.2714
v  1.3294 -2.6362 1.2720
v  1.3298 -2.6497 2.1109
v  1.3298 -2.4965 2.1110
v  1.3298 -2.3518 2.1108
v  1.3298 -2.1358 2.1109
v  1.3298 -2.4987 1.6980
v  1.7787 -2.5438 1.7649
v  1.7948 -2.4980 1.7188
v  1.7299 -2.4756 1.7399
v  1.7787 -2.4517 1.7649
v  1.7296 -2.4759 1.6577
v  1.7213 -2.4977 1.6795
v  1.7785 -2.4519 1.6332
v  1.7947 -2.4976 1.6782
v  1.7296 -2.5195 1.6577
v  1.7296 -2.5393 1.6775
v  1.7788 -2.5643 1.6527
v  1.7948 -2.5181 1.6987
v  1.7300 -2.5197 1.7403
v  1.7788 -2.5642 1.7450
v  1.7299 -2.5389 1.7212
v  1.7213 -2.4977 1.7191
v  1.7949 -2.4781 1.6987
v  1.7296 -2.4561 1.6775
v  1.7213 -2.4779 1.6993
v  1.7301 -2.4568 1.7213
v  1.7213 -2.5175 1.6993
v  1.7176 -2.5076 1.7092
v  1.7176 -2.4977 1.6993
v  1.7176 -2.4878 1.7092
v  1.7176 -2.4878 1.6894
v  1.7176 -2.5076 1.6894
v  1.7213 -2.4877 1.7091
v  1.7213 -2.5075 1.7093
v  1.7297 -2.5294 1.6678
v  1.7299 -2.5292 1.7310
v  1.7213 -2.4876 1.6897
v  1.7296 -2.4661 1.6675
v  1.7301 -2.4662 1.7307
v  1.7213 -2.5083 1.6901
v  1.7392 -2.4918 1.8300
v  1.7042 -2.4918 1.8300
v  1.7392 -2.4678 1.8266
v  1.7042 -2.4678 1.8266
v  1.7392 -2.4435 1.8183
v  1.7043 -2.4435 1.8183
v  1.7392 -2.4206 1.8049
v  1.7042 -2.4206 1.8049
v  1.7392 -2.4006 1.7869
v  1.7042 -2.4006 1.7869
v  1.7392 -2.3847 1.7653
v  1.7041 -2.3847 1.7653
v  1.7041 -2.3737 1.7415
v  1.7392 -2.3737 1.7415
v  1.7392 -2.3679 1.7171
v  1.7040 -2.3679 1.7171
v  1.7393 -2.3667 1.6934
v  1.7039 -2.3667 1.6934
v  1.7393 -2.3699 1.6693
v  1.7038 -2.3700 1.6693
v  1.7393 -2.3782 1.6449
v  1.7038 -2.3784 1.6445
v  1.7038 -2.3921 1.6213
v  1.7393 -2.3915 1.6218
v  1.7393 -2.4096 1.6016
v  1.7037 -2.4097 1.6018
v  1.7393 -2.4314 1.5856
v  1.7037 -2.4315 1.5859
v  1.7037 -2.4554 1.5750
v  1.7393 -2.4553 1.5746
v  1.7037 -2.4798 1.5692
v  1.7393 -2.4798 1.5687
v  1.7393 -2.5036 1.5675
v  1.7037 -2.5036 1.5681
v  1.7393 -2.5279 1.5709
v  1.7037 -2.5270 1.5713
v  1.7393 -2.5523 1.5793
v  1.7037 -2.5521 1.5798
v  1.7037 -2.5751 1.5932
v  1.7393 -2.5755 1.5928
v  1.7393 -2.5956 1.6110
v  1.7038 -2.5933 1.6096
v  1.7393 -2.6115 1.6329
v  1.7038 -2.6098 1.6314
v  1.7393 -2.6224 1.6569
v  1.7038 -2.6218 1.6568
v  1.7393 -2.6281 1.6814
v  1.7038 -2.6277 1.6815
v  1.7393 -2.6292 1.7052
v  1.7038 -2.6288 1.7052
v  1.7393 -2.6257 1.7294
v  1.7038 -2.6254 1.7293
v  1.7392 -2.6174 1.7534
v  1.7038 -2.6174 1.7530
v  1.7393 -2.6037 1.7767
v  1.7038 -2.6036 1.7766
v  1.7393 -2.5855 1.7967
v  1.7039 -2.5855 1.7967
v  1.7392 -2.5637 1.8125
v  1.7040 -2.5637 1.8125
v  1.7392 -2.5399 1.8233
v  1.7041 -2.5399 1.8233
v  1.7392 -2.5155 1.8290
v  1.7042 -2.5155 1.8290
v  1.7506 -2.4920 1.8252
v  1.7506 -2.4689 1.8219
v  1.7506 -2.4455 1.8139
v  1.7505 -2.4234 1.8011
v  1.7505 -2.4041 1.7837
v  1.7506 -2.3889 1.7628
v  1.7506 -2.3784 1.7399
v  1.7507 -2.3728 1.7165
v  1.7507 -2.3717 1.6936
v  1.7508 -2.3749 1.6704
v  1.7508 -2.3828 1.6470
v  1.7509 -2.3957 1.6249
v  1.7509 -2.4131 1.6055
v  1.7509 -2.4340 1.5901
v  1.7510 -2.4570 1.5796
v  1.7511 -2.4805 1.5740
v  1.7511 -2.5034 1.5729
v  1.7512 -2.5267 1.5761
v  1.7511 -2.5501 1.5842
v  1.7511 -2.5723 1.5971
v  1.7511 -2.5916 1.6147
v  1.7511 -2.6069 1.6356
v  1.7510 -2.6174 1.6586
v  1.7510 -2.6229 1.6821
v  1.7509 -2.6239 1.7050
v  1.7508 -2.6207 1.7282
v  1.7508 -2.6126 1.7516
v  1.7508 -2.5996 1.7737
v  1.7507 -2.5822 1.7930
v  1.7507 -2.5612 1.8082
v  1.7506 -2.5383 1.8186
v  1.7506 -2.5148 1.8241
v  1.7786 -2.4718 1.7751
v  1.7793 -2.4415 1.7549
v  1.7788 -2.4318 1.7450
v  1.7787 -2.4238 1.7308
v  1.7787 -2.4176 1.7030
v  1.7789 -2.4218 1.6734
v  1.7790 -2.4318 1.6531
v  1.7790 -2.4407 1.6423
v  1.7788 -2.4662 1.6253
v  1.7790 -2.4940 1.6190
v  1.7790 -2.5236 1.6233
v  1.7781 -2.5437 1.6334
v  1.7791 -2.5547 1.6424
v  1.7789 -2.5741 1.6733
v  1.7789 -2.5779 1.6956
v  1.7788 -2.5736 1.7252
v  1.7793 -2.5542 1.7550
v  1.7785 -2.5292 1.7732
v  1.7785 -2.5014 1.7794
v  1.7655 -2.4930 1.8040
v  1.7656 -2.4737 1.8013
v  1.7656 -2.4543 1.7947
v  1.7655 -2.4360 1.7839
v  1.7655 -2.4199 1.7695
v  1.7656 -2.4072 1.7521
v  1.7657 -2.3984 1.7331
v  1.7658 -2.3937 1.7136
v  1.7657 -2.3929 1.6946
v  1.7657 -2.3956 1.6753
v  1.7658 -2.4022 1.6559
v  1.7659 -2.4129 1.6374
v  1.7660 -2.4273 1.6213
v  1.7660 -2.4447 1.6085
v  1.7661 -2.4639 1.5998
v  1.7661 -2.4834 1.5952
v  1.7661 -2.5024 1.5943
v  1.7661 -2.5218 1.5970
v  1.7661 -2.5413 1.6036
v  1.7662 -2.5597 1.6144
v  1.7662 -2.5758 1.6289
v  1.7661 -2.5870 1.6440
v  1.7659 -2.5972 1.6655
v  1.7659 -2.6017 1.6850
v  1.7660 -2.6026 1.7040
v  1.7660 -2.6000 1.7234
v  1.7657 -2.5931 1.7428
v  1.7657 -2.5824 1.7611
v  1.7656 -2.5679 1.7772
v  1.7657 -2.5505 1.7899
v  1.7656 -2.5314 1.7985
v  1.7656 -2.5120 1.8031
v  1.7894 -2.4819 1.6518
v  1.7893 -2.4958 1.6487
v  1.7894 -2.5106 1.6508
v  1.7893 -2.5464 1.6865
v  1.7893 -2.5483 1.6976
v  1.7893 -2.5462 1.7124
v  1.7895 -2.4510 1.7144
v  1.7894 -2.4479 1.7007
v  1.7894 -2.4501 1.6860
v  1.7892 -2.4848 1.7475
v  1.7892 -2.5134 1.7465
v  1.7891 -2.4995 1.7496
v  1.7898 -2.5209 1.6560
v  1.7894 -2.4748 1.6557
v  1.7898 -2.4551 1.7217
v  1.7897 -2.4746 1.7421
v  1.7894 -2.5411 1.7222
v  1.7897 -2.5212 1.7419
v  1.7897 -2.5411 1.6755
v  1.7894 -2.4540 1.6747
v  1.7454 -2.4919 1.8288
v  1.7454 -2.4681 1.8254
v  1.7454 -2.4440 1.8172
v  1.7454 -2.4213 1.8040
v  1.7454 -2.4015 1.7861
v  1.7455 -2.3858 1.7646
v  1.7455 -2.3749 1.7411
v  1.7455 -2.3691 1.7170
v  1.7456 -2.3680 1.6935
v  1.7456 -2.3712 1.6696
v  1.7456 -2.3794 1.6455
v  1.7457 -2.3926 1.6226
v  1.7457 -2.4105 1.6026
v  1.7457 -2.4321 1.5868
v  1.7458 -2.4557 1.5759
v  1.7458 -2.4800 1.5701
v  1.7458 -2.5036 1.5690
v  1.7458 -2.5276 1.5723
v  1.7458 -2.5517 1.5806
v  1.7458 -2.5746 1.5939
v  1.7458 -2.5946 1.6121
v  1.7458 -2.6103 1.6337
v  1.7458 -2.6211 1.6574
v  1.7457 -2.6268 1.6816
v  1.7457 -2.6278 1.7052
v  1.7456 -2.6244 1.7291
v  1.7456 -2.6160 1.7532
v  1.7456 -2.6026 1.7759
v  1.7455 -2.5846 1.7957
v  1.7455 -2.5631 1.8114
v  1.7455 -2.5394 1.8221
v  1.7455 -2.5153 1.8277
v  1.7037 -2.4945 1.7687
v  1.7037 -2.4818 1.7669
v  1.7037 -2.4689 1.7625
v  1.7036 -2.4567 1.7554
v  1.7036 -2.4460 1.7458
v  1.7036 -2.4375 1.7343
v  1.7036 -2.4318 1.7216
v  1.7036 -2.4287 1.7087
v  1.7036 -2.4281 1.6961
v  1.7036 -2.4300 1.6833
v  1.7037 -2.4345 1.6702
v  1.7037 -2.4417 1.6579
v  1.7036 -2.4511 1.6476
v  1.7036 -2.4626 1.6391
v  1.7036 -2.4752 1.6333
v  1.7036 -2.4882 1.6303
v  1.7037 -2.5008 1.6298
v  1.7037 -2.5132 1.6315
v  1.7037 -2.5264 1.6360
v  1.7037 -2.5386 1.6431
v  1.7037 -2.5483 1.6517
v  1.7037 -2.5571 1.6632
v  1.7037 -2.5634 1.6767
v  1.7037 -2.5665 1.6898
v  1.7037 -2.5671 1.7024
v  1.7037 -2.5653 1.7151
v  1.7037 -2.5611 1.7277
v  1.7037 -2.5538 1.7402
v  1.7037 -2.5442 1.7508
v  1.7037 -2.5327 1.7592
v  1.7037 -2.5200 1.7650
v  1.7037 -2.5071 1.7681
v  1.7035 -2.5719 1.6986
v  1.7035 -2.5667 1.7259
v  1.7035 -2.5503 1.7510
v  1.7035 -2.5252 1.7675
v  1.7035 -2.4979 1.7726
v  1.7035 -2.4707 1.7675
v  1.7035 -2.4456 1.7510
v  1.7035 -2.4291 1.7259
v  1.7035 -2.4239 1.6986
v  1.7035 -2.4291 1.6714
v  1.7035 -2.4456 1.6463
v  1.7035 -2.4707 1.6298
v  1.7035 -2.4979 1.6246
v  1.7035 -2.5252 1.6298
v  1.7035 -2.5503 1.6463
v  1.7035 -2.5667 1.6714
v  1.6735 -2.5719 1.6986
v  1.6735 -2.5667 1.7259
v  1.6735 -2.5503 1.7510
v  1.6735 -2.5252 1.7675
v  1.6735 -2.4979 1.7726
v  1.6735 -2.4707 1.7675
v  1.6735 -2.4456 1.7510
v  1.6735 -2.4291 1.7259
v  1.6735 -2.4239 1.6986
v  1.6735 -2.4291 1.6714
v  1.6735 -2.4456 1.6463
v  1.6735 -2.4707 1.6298
v  1.6735 -2.4979 1.6246
v  1.6735 -2.5252 1.6298
v  1.6735 -2.5503 1.6463
v  1.6735 -2.5667 1.6714
v  1.6738 -2.6112 1.8118
v  1.6735 -2.5568 1.8474
v  1.6735 -2.4979 1.8586
v  1.6735 -2.4390 1.8474
v  1.6735 -2.3848 1.8118
v  1.6738 -2.3491 1.7575
v  1.6735 -2.3379 1.6986
v  1.6738 -2.3491 1.6401
v  1.6738 -2.3850 1.5855
v  1.6735 -2.4390 1.5499
v  1.6738 -2.4979 1.5388
v  1.6738 -2.5566 1.5500
v  1.6738 -2.6109 1.5855
v  1.6738 -2.6468 1.6401
v  1.6738 -2.6579 1.6986
v  1.6738 -2.6468 1.7575
v  0.7334 -2.7429 1.2885
v  0.8666 -2.7428 0.4258
v  0.7929 -2.7428 0.6334
v  0.8312 -2.7429 0.6448
v  0.7402 -2.7428 0.8404
v  0.7795 -2.7429 0.8476
v  0.7060 -2.7428 1.0615
v  0.7458 -2.7429 1.0653
v  0.6933 -2.7429 1.2885
v  0.6932 -2.2530 1.2885
v  0.7327 -2.2529 1.2885
v  0.8312 -2.2529 0.6448
v  0.7929 -2.2530 0.6334
v  0.7795 -2.2529 0.8476
v  0.7402 -2.2531 0.8404
v  0.7458 -2.2529 1.0653
v  0.7060 -2.2529 1.0615
v  0.8688 -2.2534 0.4204
v  0.9054 -2.2533 0.4366
v  0.8930 -2.3388 0.3632
v  0.9305 -2.3377 0.3795
v  0.8919 -2.2964 0.3667
v  0.9285 -2.2964 0.3827
v  0.8858 -2.2739 0.3806
v  0.9224 -2.2739 0.3968
v  0.8770 -2.2586 0.4012
v  0.9135 -2.2584 0.4174
v  0.9295 -2.6572 0.3793
v  0.9254 -2.5979 0.3893
v  0.8894 -2.5978 0.3728
v  0.9234 -2.5480 0.3943
v  0.8873 -2.5479 0.3773
v  0.9227 -2.4979 0.3962
v  0.9234 -2.4479 0.3943
v  0.8862 -2.4979 0.3800
v  0.9255 -2.3931 0.3885
v  0.8873 -2.4480 0.3773
v  0.8898 -2.3931 0.3725
v  0.9031 -2.7429 0.4421
v  0.8935 -2.6573 0.3633
v  0.9295 -2.6931 0.3806
v  0.8927 -2.6929 0.3647
v  0.8860 -2.7216 0.3803
v  0.9225 -2.7217 0.3965
v  0.9107 -2.7401 0.4242
v  0.8740 -2.7397 0.4081
v  0.7539 -2.7229 1.2885
v  0.8513 -2.7218 0.6508
v  0.8005 -2.7233 0.8515
v  0.7669 -2.7229 1.0673
v  0.7539 -2.2732 1.2885
v  0.8513 -2.2726 0.6508
v  0.8006 -2.2729 0.8515
v  0.7668 -2.2724 1.0673
v  0.9225 -2.2730 0.4501
v  0.9413 -2.3339 0.4055
v  0.9416 -2.3126 0.4049
v  0.9378 -2.2921 0.4137
v  0.9314 -2.2782 0.4287
v  0.9413 -2.6613 0.4056
v  0.9368 -2.5982 0.4159
v  0.9351 -2.5504 0.4199
v  0.9340 -2.5000 0.4225
v  0.9347 -2.4497 0.4210
v  0.9370 -2.3962 0.4156
v  0.9226 -2.7232 0.4498
v  0.9409 -2.6875 0.4064
v  0.9369 -2.7066 0.4158
v  0.9291 -2.7205 0.4340
v  0.9209 -2.3322 0.4545
v  0.9210 -2.6545 0.4549
v  0.9210 -2.5023 0.4545
v  0.8513 -2.3342 0.6508
v  0.8513 -2.6614 0.6508
v  0.8513 -2.5081 0.6508
v  0.8006 -2.3362 0.8515
v  0.8006 -2.6608 0.8515
v  0.8006 -2.5068 0.8515
v  0.7669 -2.3378 1.0673
v  0.7669 -2.6583 1.0673
v  0.7669 -2.5068 1.0673
v  0.7539 -2.3393 1.2885
v  0.7539 -2.6575 1.2885
v  0.7539 -2.5067 1.2885
v  0.8489 -2.7229 0.4188
v  0.7747 -2.7228 0.6279
v  0.7219 -2.7229 0.8371
v  0.6872 -2.7226 1.0598
v  0.6739 -2.7228 1.2886
v  0.6740 -2.2727 1.2886
v  0.7753 -2.2725 0.6281
v  0.7224 -2.2723 0.8372
v  0.6877 -2.2734 1.0598
v  0.8510 -2.2738 0.4138
v  0.8682 -2.3337 0.3731
v  0.8679 -2.3104 0.3738
v  0.8634 -2.2893 0.3842
v  0.8574 -2.2781 0.3983
v  0.8630 -2.5919 0.3851
v  0.8611 -2.5445 0.3896
v  0.8605 -2.4968 0.3911
v  0.8617 -2.4438 0.3882
v  0.8639 -2.3913 0.3831
v  0.8678 -2.6619 0.3741
v  0.8678 -2.6868 0.3739
v  0.8628 -2.7076 0.3855
v  0.8557 -2.7193 0.4023
v  0.8544 -2.6842 0.4056
v  0.7747 -2.6819 0.6279
v  0.7218 -2.6812 0.8370
v  0.6872 -2.6775 1.0597
v  0.6739 -2.6703 1.2886
v  0.6739 -2.3255 1.2886
v  0.7752 -2.3136 0.6281
v  0.7223 -2.3143 0.8371
v  0.6876 -2.3185 1.0597
v  0.8523 -2.3156 0.4114
v  0.8542 -2.5898 0.4065
v  0.8537 -2.4970 0.4080
v  0.8540 -2.4051 0.4068
v  0.7220 -2.4978 0.8371
v  0.6874 -2.4980 1.0597
v  0.6739 -2.4979 1.2886
v  0.7750 -2.4978 0.6280
v  0.7320 -2.7626 1.3088
v  0.6931 -2.7621 1.3087
v  0.7328 -2.2334 1.3083
v  0.7538 -2.7284 1.3085
v  0.7538 -2.2670 1.3082
v  0.7538 -2.3393 1.3079
v  0.7538 -2.6567 1.3082
v  0.7538 -2.5057 1.3082
v  0.6535 -2.7226 1.3088
v  0.6536 -2.2730 1.3088
v  0.6537 -2.6704 1.3088
v  0.6537 -2.3219 1.3088
v  0.6533 -2.4982 1.3088
v  0.7329 -2.7974 1.3088
v  0.6930 -2.7972 1.3088
v  0.6931 -2.1982 1.3083
v  0.7326 -2.1989 1.3088
v  0.7529 -2.7979 1.3283
v  0.7538 -2.2329 1.3282
v  0.7530 -2.1979 1.3283
v  0.7482 -2.2330 1.3149
v  0.7481 -2.1979 1.3153
v  0.7469 -2.7630 1.3138
v  0.7474 -2.7979 1.3142
v  0.6330 -2.7979 1.3083
v  0.6338 -2.7226 1.3092
v  0.6338 -2.2730 1.3091
v  0.6338 -2.6704 1.3089
v  0.6338 -2.3219 1.3089
v  0.6338 -2.4991 1.3090
v  0.7479 -2.7373 1.2881
v  0.8457 -2.7374 0.6492
v  0.7942 -2.7379 0.8504
v  0.7606 -2.7376 1.0667
v  0.7476 -2.2584 1.2881
v  0.8453 -2.2581 0.6491
v  0.7938 -2.2587 0.8503
v  0.7605 -2.2580 1.0667
v  0.9175 -2.2591 0.4475
v  0.9410 -2.3374 0.3900
v  0.9397 -2.2998 0.3927
v  0.9348 -2.2795 0.4043
v  0.9274 -2.2650 0.4221
v  0.9412 -2.6583 0.3904
v  0.9368 -2.5982 0.3995
v  0.9351 -2.5486 0.4044
v  0.9338 -2.4990 0.4069
v  0.9352 -2.4495 0.4048
v  0.9369 -2.3956 0.3990
v  0.9167 -2.7375 0.4473
v  0.9404 -2.6921 0.3917
v  0.9349 -2.7161 0.4041
v  0.9243 -2.7337 0.4294
v  0.7462 -2.7414 1.3003
v  0.7530 -2.7626 1.3283
v  0.7538 -2.3395 1.3283
v  0.7538 -2.6561 1.3283
v  0.7538 -2.5057 1.3283
v  0.6934 -2.2503 1.2982
v  0.7327 -2.2506 1.2982
v  0.7470 -2.2551 1.3005
v  0.7328 -2.7454 1.2983
v  0.6932 -2.7454 1.2983
v  0.7538 -2.7414 1.3219
v  0.7538 -2.2559 1.3209
v  0.7538 -2.3395 1.3208
v  0.7538 -2.6559 1.3218
v  0.7538 -2.5056 1.3216
v  0.6933 -2.2434 1.3053
v  0.7329 -2.2438 1.3055
v  0.7471 -2.2454 1.3105
v  0.7459 -2.7506 1.3094
v  0.7324 -2.7522 1.3056
v  0.6931 -2.7522 1.3057
v  0.6650 -2.7223 1.3054
v  0.6650 -2.2732 1.3054
v  0.6651 -2.6703 1.3053
v  0.6651 -2.3232 1.3054
v  0.6649 -2.4980 1.3055
v  0.6715 -2.7225 1.2981
v  0.6715 -2.2730 1.2981
v  0.6716 -2.6702 1.2980
v  0.6715 -2.3246 1.2981
v  0.6715 -2.4979 1.2981
v  0.6920 -2.2330 1.3083
v  0.6664 -2.7531 1.3088
v  0.8536 -2.7359 0.4199
v  0.7801 -2.7363 0.6295
v  0.7273 -2.7363 0.8380
v  0.6927 -2.7363 1.0603
v  0.6790 -2.7372 1.2881
v  0.6793 -2.2594 1.2885
v  0.7804 -2.2594 0.6296
v  0.7276 -2.2595 0.8381
v  0.6928 -2.2597 1.0603
v  0.8553 -2.2597 0.4174
v  0.8777 -2.3374 0.3637
v  0.8771 -2.2989 0.3665
v  0.8715 -2.2783 0.3792
v  0.8629 -2.2638 0.3995
v  0.8728 -2.5924 0.3744
v  0.8712 -2.5450 0.3782
v  0.8710 -2.4974 0.3803
v  0.8712 -2.4482 0.3781
v  0.8741 -2.3926 0.3724
v  0.8777 -2.6593 0.3636
v  0.8774 -2.6914 0.3650
v  0.8706 -2.7194 0.3811
v  0.8626 -2.7336 0.4020
v  0.6779 -2.7385 1.2980
v  0.6736 -2.7437 1.3054
v  0.6775 -2.2580 1.2978
v  0.6720 -2.2540 1.3054
v  0.6629 -2.2465 1.3088
v  0.6338 -2.1986 1.3098
v  1.2889 -2.4979 1.6991
v  1.3088 -2.4979 1.6991
v  1.2446 -2.2129 1.6992
v  1.2446 -2.2887 1.8927
v  1.2446 -2.3034 1.9075
v  1.3686 -2.3036 1.9073
v  1.3683 -2.2907 1.8940
v  1.2446 -2.2561 1.8500
v  1.3686 -2.2596 1.8550
v  1.2446 -2.2311 1.7994
v  1.3687 -2.2331 1.8040
v  1.2446 -2.2163 1.7430
v  1.3687 -2.2178 1.7510
v  1.3688 -2.7062 1.8934
v  1.3686 -2.6923 1.9073
v  1.2446 -2.6925 1.4909
v  1.3688 -2.6925 1.4909
v  1.2446 -2.7088 1.5081
v  1.3688 -2.7062 1.5049
v  1.2446 -2.7398 1.5483
v  1.3688 -2.7365 1.5432
v  1.2446 -2.7647 1.5990
v  1.3688 -2.7629 1.5943
v  1.2446 -2.7795 1.6553
v  1.3688 -2.7782 1.6473
v  1.2446 -2.7829 1.6994
v  1.3688 -2.7829 1.6992
v  1.2446 -2.7795 1.7433
v  1.3687 -2.7781 1.7510
v  1.2446 -2.7649 1.7989
v  1.3687 -2.7628 1.8040
v  1.2446 -2.7407 1.8485
v  1.3688 -2.7365 1.8551
v  1.2446 -2.7100 1.8896
v  1.2446 -2.6925 1.9075
v  1.3685 -2.2895 1.9737
v  1.2446 -2.2893 1.9739
v  1.2446 -2.7066 1.9739
v  1.3685 -2.7063 1.9737
v  1.2446 -2.6848 1.9892
v  1.3685 -2.6866 1.9877
v  1.2446 -2.6571 2.0053
v  1.3685 -2.6562 2.0053
v  1.2446 -2.5951 2.0302
v  1.3685 -2.5928 2.0305
v  1.2446 -2.5266 2.0430
v  1.3685 -2.5289 2.0424
v  1.2446 -2.4645 2.0425
v  1.3685 -2.4670 2.0424
v  1.2446 -2.3887 2.0264
v  1.3688 -2.3819 2.0239
v  1.2446 -2.3087 1.9876
v  1.3685 -2.3093 1.9877
v  1.3688 -2.7066 1.4244
v  1.2446 -2.7066 1.4244
v  1.3688 -2.6850 1.4093
v  1.2446 -2.6885 1.4116
v  1.3688 -2.6494 1.3895
v  1.2446 -2.6480 1.3885
v  1.3688 -2.6109 1.3732
v  1.2446 -2.6185 1.3759
v  1.3688 -2.5556 1.3590
v  1.2446 -2.5540 1.3588
v  1.3688 -2.3034 1.4909
v  1.2446 -2.3034 1.4909
v  1.3688 -2.2901 1.5042
v  1.2446 -2.2864 1.5082
v  1.3688 -2.2582 1.5452
v  1.2446 -2.2552 1.5499
v  1.3688 -2.2311 1.5993
v  1.2446 -2.2309 1.5995
v  1.3688 -2.2177 1.6473
v  1.2446 -2.2164 1.6551
v  1.3688 -2.2130 1.6992
v  1.3688 -2.4979 1.3542
v  1.2446 -2.4979 1.3542
v  1.2446 -2.3166 1.4057
v  1.2446 -2.2893 1.4244
v  1.3688 -2.2893 1.4244
v  1.3688 -2.3091 1.4104
v  1.2446 -2.3800 1.3749
v  1.3688 -2.3709 1.3784
v  1.2446 -2.4492 1.3576
v  1.3688 -2.4352 1.3599
v  1.3688 -2.2868 1.9509
v  1.2448 -2.2868 1.9508
v  1.2446 -2.3047 1.9295
v  1.3688 -2.3049 1.9292
v  1.2448 -2.3084 1.9183
v  1.3688 -2.3084 1.9185
v  1.3688 -2.2831 1.9628
v  1.2446 -2.2831 1.9629
v  1.2445 -2.2947 1.4570
v  1.3688 -2.2949 1.4568
v  1.3688 -2.3081 1.4757
v  1.2448 -2.3084 1.4779
v  1.2443 -2.2831 1.4393
v  1.3687 -2.2832 1.4391
v  1.3688 -2.3084 1.4841
v  1.2440 -2.3052 1.4696
v  1.3687 -2.3045 1.4683
v  1.2447 -2.3076 1.4844
v  1.3686 -2.6905 1.4694
v  1.2446 -2.6908 1.4694
v  1.2446 -2.6875 1.4807
v  1.3688 -2.6875 1.4808
v  1.2446 -2.6891 1.4864
v  1.3688 -2.6880 1.4749
v  1.2446 -2.6880 1.4748
v  1.3688 -2.6892 1.4864
v  1.3686 -2.7090 1.4473
v  1.2446 -2.7092 1.4474
v  1.2446 -2.6917 1.9301
v  1.3688 -2.6917 1.9301
v  1.3688 -2.6875 1.9178
v  1.2446 -2.6874 1.9183
v  1.2446 -2.7095 1.9513
v  1.3688 -2.7095 1.9513
v  1.2446 -2.7128 1.9631
v  1.3688 -2.7116 1.9630
v  1.3688 -2.3489 1.8724
v  1.3688 -2.3266 1.8376
v  1.3688 -2.3075 1.7923
v  1.3688 -2.2965 1.7451
v  1.3688 -2.6488 1.8716
v  1.3688 -2.6307 1.9115
v  1.3688 -2.6488 1.5265
v  1.3688 -2.6707 1.5605
v  1.3688 -2.6898 1.6059
v  1.3688 -2.7008 1.6530
v  1.3688 -2.7042 1.6991
v  1.3688 -2.7008 1.7451
v  1.3688 -2.6898 1.7923
v  1.3688 -2.6707 1.8376
v  1.3688 -2.3624 1.9107
v  1.3688 -2.6129 1.9713
v  1.3688 -2.5671 1.9937
v  1.3688 -2.5210 2.0043
v  1.3688 -2.4763 2.0043
v  1.3688 -2.4150 1.9875
v  1.3688 -2.3625 1.9556
v  1.3688 -2.6336 1.4415
v  1.3688 -2.6079 1.4240
v  1.3688 -2.5801 1.4095
v  1.3688 -2.5403 1.3969
v  1.3688 -2.3639 1.4900
v  1.3688 -2.3488 1.5259
v  1.3688 -2.3257 1.5623
v  1.3688 -2.3062 1.6104
v  1.3688 -2.2965 1.6530
v  1.3688 -2.2931 1.6991
v  1.3688 -2.4987 1.3926
v  1.3688 -2.3625 1.4426
v  1.3688 -2.4071 1.4141
v  1.3688 -2.4534 1.3977
v  1.3688 -2.3864 1.7791
v  1.3688 -2.3698 1.7621
v  1.3688 -2.3555 1.7400
v  1.3688 -2.3473 1.7170
v  1.3688 -2.6105 1.7787
v  1.3688 -2.5969 1.7982
v  1.3688 -2.6105 1.6102
v  1.3688 -2.6268 1.6268
v  1.3688 -2.6411 1.6489
v  1.3688 -2.6493 1.6720
v  1.3688 -2.6518 1.6945
v  1.3688 -2.6493 1.7170
v  1.3688 -2.6411 1.7400
v  1.3688 -2.6268 1.7621
v  1.3688 -2.3965 1.7978
v  1.3688 -2.5837 1.8274
v  1.3688 -2.5494 1.8383
v  1.3688 -2.5150 1.8435
v  1.3688 -2.4816 1.8435
v  1.3688 -2.4358 1.8353
v  1.3688 -2.3966 1.8197
v  1.3688 -2.6044 1.5882
v  1.3688 -2.5990 1.5687
v  1.3688 -2.5799 1.5601
v  1.3688 -2.5591 1.5530
v  1.3688 -2.5293 1.5469
v  1.3688 -2.3976 1.5924
v  1.3688 -2.3863 1.6099
v  1.3688 -2.3691 1.6277
v  1.3688 -2.3545 1.6511
v  1.3688 -2.3473 1.6720
v  1.3688 -2.3447 1.6945
v  1.3688 -2.4983 1.5448
v  1.3688 -2.3966 1.5692
v  1.3688 -2.4299 1.5553
v  1.3688 -2.4645 1.5473
v  1.2446 -2.7121 1.4383
v  1.3688 -2.7128 1.4358
v  1.3688 -2.6407 1.4815
v  1.2446 -2.7000 1.4584
v  1.3687 -2.6997 1.4583
v  0.2475 -2.9224 2.2945
v  0.2479 -2.9221 2.1694
v  0.4910 -2.5199 2.2946
v  0.4781 -2.6115 2.2946
v  0.4780 -2.6115 2.1694
v  0.4465 -2.7028 2.1694
v  0.4466 -2.7028 2.2947
v  0.3962 -2.7883 2.1693
v  0.3963 -2.7884 2.2948
v  0.3289 -2.8628 2.1695
v  0.3290 -2.8629 2.2946
v  0.5487 -2.5226 2.1497
v  0.5343 -2.6249 2.1498
v  0.4991 -2.7270 2.1500
v  0.4430 -2.8225 2.1502
v  0.4426 -2.8223 2.3135
v  0.3672 -2.9052 2.3135
v  0.3677 -2.9058 2.1498
v  0.2761 -2.9715 2.3135
v  0.2766 -2.9724 2.1496
v  0.2574 -2.9396 2.1485
v  0.3389 -2.8803 2.1485
v  0.4138 -2.7981 2.1485
v  0.4671 -2.7062 2.1485
v  0.4979 -2.6142 2.1485
v  -0.2985 -2.9131 2.1485
v  -0.3241 -2.9415 2.1497
v  -0.4080 -2.8658 2.1499
v  -0.3787 -2.8411 2.1485
v  -0.4745 -2.7749 2.1497
v  -0.4457 -2.7480 2.1485
v  -0.4858 -2.6578 2.1485
v  -0.5065 -2.5686 2.1485
v  0.5107 -2.5229 2.1485
v  0.5065 -2.4301 2.1485
v  0.4821 -2.3288 2.1485
v  0.5195 -2.3197 2.1498
v  0.4396 -2.2367 2.1485
v  0.3815 -2.1570 2.1485
v  0.3077 -2.0890 2.1485
v  0.2147 -2.0340 2.1485
v  0.1124 -1.9989 2.1495
v  0.0218 -1.9867 2.1495
v  -0.0688 -1.9911 2.1485
v  -0.1650 -2.0138 2.1485
v  -0.1794 -1.9787 2.1502
v  -0.2627 -2.0592 2.1485
v  -0.3473 -2.1218 2.1485
v  -0.4435 -2.1737 2.1498
v  -0.4125 -2.1955 2.1485
v  -0.4621 -2.2795 2.1485
v  -0.4999 -2.2698 2.1497
v  -0.4972 -2.3794 2.1485
v  -0.5110 -2.4780 2.1485
v  -0.5444 -2.5727 2.1496
v  -0.2292 -2.9972 2.3134
v  -0.2187 -2.9600 2.3134
v  0.2576 -2.9400 2.3135
v  0.3392 -2.8806 2.3135
v  0.4141 -2.7984 2.3135
v  0.4986 -2.7267 2.3135
v  0.4675 -2.7063 2.3135
v  0.5335 -2.6247 2.3135
v  0.4983 -2.6143 2.3135
v  -0.2987 -2.9134 2.3135
v  -0.3241 -2.9415 2.3132
v  -0.3790 -2.8414 2.3134
v  -0.4461 -2.7482 2.3134
v  -0.4862 -2.6579 2.3135
v  -0.5069 -2.5686 2.3135
v  0.5111 -2.5229 2.3135
v  0.5478 -2.5226 2.3135
v  0.5069 -2.4301 2.3135
v  0.4825 -2.3287 2.3134
v  0.5187 -2.3199 2.3135
v  0.4730 -2.2204 2.3135
v  0.4399 -2.2365 2.3135
v  0.4072 -2.1304 2.3135
v  0.3817 -2.1568 2.3135
v  0.3080 -2.0887 2.3135
v  0.2288 -1.9992 2.3135
v  0.2149 -2.0336 2.3134
v  0.1125 -1.9987 2.3135
v  0.0252 -1.9500 2.3135
v  0.0218 -1.9865 2.3135
v  -0.0689 -1.9907 2.3135
v  -0.1652 -2.0134 2.3135
v  -0.1793 -1.9791 2.3135
v  -0.2777 -2.0246 2.3135
v  -0.2629 -2.0589 2.3135
v  -0.3476 -2.1216 2.3135
v  -0.4129 -2.1952 2.3135
v  -0.4625 -2.2794 2.3134
v  -0.4999 -2.2698 2.3133
v  -0.4976 -2.3793 2.3134
v  -0.5114 -2.4779 2.3135
v  0.4909 -2.5200 2.1695
v  -0.2060 -2.9447 2.2941
v  -0.2062 -2.9441 2.1699
v  -0.2898 -2.8954 2.2945
v  -0.2899 -2.8948 2.1695
v  -0.3650 -2.8276 2.2946
v  -0.3650 -2.8270 2.1694
v  -0.4245 -2.7463 2.2945
v  -0.4245 -2.7457 2.1695
v  -0.4655 -2.6567 2.2945
v  -0.4654 -2.6562 2.1696
v  -0.4875 -2.5653 2.2945
v  -0.4871 -2.5648 2.1696
v  -0.4916 -2.4757 2.2945
v  -0.4911 -2.4753 2.1695
v  -0.4789 -2.3853 2.2945
v  -0.4784 -2.3849 2.1695
v  -0.4477 -2.2941 2.2945
v  -0.4472 -2.2939 2.1695
v  -0.3973 -2.2080 2.2946
v  -0.3967 -2.2079 2.1695
v  -0.3299 -2.1333 2.2947
v  -0.3294 -2.1332 2.1693
v  -0.2493 -2.0739 2.2947
v  -0.2487 -2.0741 2.1694
v  -0.1611 -2.0331 2.2947
v  -0.1605 -2.0334 2.1693
v  -0.0693 -2.0109 2.2946
v  -0.0688 -2.0113 2.1694
v  0.0221 -2.0065 2.2945
v  0.0225 -2.0070 2.1695
v  0.1132 -2.0194 2.2946
v  0.1135 -2.0199 2.1695
v  0.2046 -2.0510 2.2947
v  0.2049 -2.0514 2.1693
v  0.2903 -2.1010 2.2948
v  0.2904 -2.1017 2.1692
v  0.3648 -2.1681 2.2946
v  0.3647 -2.1688 2.1694
v  0.4239 -2.2487 2.2946
v  0.4237 -2.2494 2.1694
v  0.4650 -2.3379 2.2946
v  0.4647 -2.3385 2.1694
v  0.4870 -2.4297 2.2945
v  0.4866 -2.4302 2.1695
v  0.5431 -2.4223 2.3135
v  0.5440 -2.4222 2.1497
v  0.4737 -2.2201 2.1499
v  0.4077 -2.1300 2.1501
v  0.3246 -2.0550 2.1504
v  0.3244 -2.0552 2.3135
v  0.2291 -1.9987 2.1501
v  0.1267 -1.9643 2.3135
v  0.1269 -1.9635 2.1498
v  0.0252 -1.9491 2.1498
v  -0.0769 -1.9539 2.1499
v  -0.0767 -1.9547 2.3135
v  -0.2780 -2.0241 2.1501
v  -0.3682 -2.0902 2.1502
v  -0.3679 -2.0905 2.3135
v  -0.4428 -2.1742 2.3135
v  -0.5348 -2.3716 2.1497
v  -0.5348 -2.3716 2.3132
v  -0.5490 -2.4726 2.3133
v  -0.5490 -2.4726 2.1496
v  -0.5444 -2.5727 2.3134
v  -0.5202 -2.6748 2.3134
v  -0.5202 -2.6748 2.1496
v  -0.4745 -2.7749 2.3132
v  -0.4080 -2.8658 2.3131
v  -0.1564 -2.9853 2.1488
v  -0.1597 -3.0235 2.1485
v  0.1597 -3.0242 2.1495
v  0.1596 -2.9842 2.1485
v  0.2051 -3.0080 2.1508
v  0.1981 -2.9681 2.1486
v  -0.2292 -2.9972 2.1499
v  0.1598 -3.0235 2.3135
v  -0.1601 -3.0235 2.3135
v  -0.1603 -2.9849 2.3135
v  0.1995 -2.9700 2.3135
v  0.2057 -3.0069 2.3135
v  -0.2155 -2.9605 2.1486
v  -0.1537 -2.9654 2.2946
v  -0.1536 -2.9654 2.1696
v  0.1877 -2.9523 2.1693
v  0.1867 -2.9530 2.2950
v  0.1599 -2.9844 2.3135
v  0.1543 -2.9651 2.1700
v  0.1532 -2.9656 2.2947
v  0.5487 -2.5226 2.2888
v  0.5343 -2.6249 2.2888
v  0.4991 -2.7270 2.2886
v  0.4430 -2.8225 2.2885
v  0.3677 -2.9058 2.2888
v  0.2766 -2.9724 2.2890
v  0.5440 -2.4222 2.2889
v  0.5195 -2.3197 2.2887
v  0.4737 -2.2201 2.2887
v  0.4077 -2.1300 2.2886
v  0.3246 -2.0550 2.2884
v  0.2291 -1.9987 2.2886
v  0.1269 -1.9635 2.2888
v  0.0252 -1.9491 2.2888
v  -0.0769 -1.9539 2.2887
v  -0.1794 -1.9787 2.2885
v  -0.2780 -2.0241 2.2886
v  -0.3682 -2.0902 2.2885
v  -0.4435 -2.1737 2.2888
v  -0.4999 -2.2698 2.2889
v  -0.5348 -2.3716 2.2889
v  -0.5490 -2.4726 2.2889
v  -0.5444 -2.5727 2.2890
v  -0.5202 -2.6748 2.2890
v  -0.4745 -2.7749 2.2889
v  -0.4080 -2.8658 2.2888
v  -0.3241 -2.9415 2.2889
v  -0.2293 -2.9972 2.2890
v  0.2059 -3.0077 2.2888
v  0.1401 -3.0298 2.2933
v  -0.1402 -3.0290 2.2944
v  0.5440 -2.4222 2.1713
v  0.5195 -2.3197 2.1714
v  0.4737 -2.2201 2.1714
v  0.4077 -2.1300 2.1715
v  0.3246 -2.0550 2.1718
v  0.2291 -1.9987 2.1716
v  0.1269 -1.9635 2.1713
v  0.0252 -1.9491 2.1713
v  -0.0769 -1.9539 2.1714
v  -0.1794 -1.9787 2.1717
v  -0.2780 -2.0241 2.1716
v  -0.3682 -2.0902 2.1716
v  -0.4435 -2.1737 2.1714
v  -0.4999 -2.2698 2.1713
v  -0.5348 -2.3716 2.1713
v  -0.5490 -2.4726 2.1712
v  -0.5445 -2.5724 2.1707
v  -0.5202 -2.6748 2.1712
v  -0.4745 -2.7749 2.1713
v  -0.4080 -2.8658 2.1714
v  -0.3241 -2.9415 2.1713
v  -0.2294 -2.9971 2.1712
v  -0.1404 -3.0298 2.1705
v  0.5487 -2.5226 2.1713
v  0.5343 -2.6249 2.1714
v  0.4991 -2.7270 2.1715
v  0.4430 -2.8225 2.1717
v  0.3677 -2.9058 2.1713
v  0.2766 -2.9724 2.1712
v  0.2057 -3.0078 2.1711
v  0.1398 -3.0290 2.1698
v  0.1400 -2.9841 2.2948
v  0.1399 -2.9840 2.1698
v  -0.1402 -2.9839 2.1693
v  -0.1403 -2.9841 2.2945
v  0.1440 -2.9722 2.1686
v  0.1438 -2.9728 2.2960
v  -0.1440 -2.9726 2.2959
v  -0.1440 -2.9726 2.1683
v  0.5487 -2.5225 2.3037
v  0.5343 -2.6251 2.3036
v  0.4990 -2.7272 2.3034
v  0.4429 -2.8226 2.3033
v  0.3679 -2.9056 2.3037
v  0.2766 -2.9724 2.3039
v  -0.2111 -2.9487 2.3079
v  -0.2918 -2.9014 2.3081
v  -0.3692 -2.8321 2.3081
v  -0.4324 -2.7449 2.3081
v  -0.4724 -2.6558 2.3081
v  -0.4933 -2.5665 2.3081
v  -0.4977 -2.4772 2.3081
v  -0.4846 -2.3831 2.3080
v  -0.4515 -2.2879 2.3081
v  -0.4020 -2.2039 2.3082
v  -0.3365 -2.1305 2.3084
v  -0.2544 -2.0698 2.3082
v  -0.1618 -2.0268 2.3082
v  -0.0684 -2.0046 2.3082
v  0.0216 -2.0004 2.3082
v  0.1116 -2.0126 2.3082
v  0.2083 -2.0457 2.3082
v  0.2972 -2.0982 2.3084
v  0.3704 -2.1652 2.3083
v  0.4284 -2.2444 2.3082
v  0.4700 -2.3343 2.3081
v  0.4932 -2.4306 2.3081
v  0.4973 -2.5214 2.3082
v  0.4846 -2.6119 2.3082
v  0.4538 -2.7027 2.3083
v  0.4024 -2.7911 2.3082
v  0.3315 -2.8692 2.3081
v  0.2507 -2.9280 2.3081
v  0.2056 -3.0078 2.3038
v  0.1451 -3.0268 2.3069
v  -0.1544 -2.9709 2.3082
v  0.1921 -2.9579 2.3084
v  0.1539 -2.9716 2.3076
v  0.5440 -2.4221 2.3038
v  0.5195 -2.3199 2.3036
v  0.4737 -2.2202 2.3036
v  0.4076 -2.1299 2.3035
v  0.3243 -2.0547 2.3032
v  0.2290 -1.9987 2.3034
v  0.1273 -1.9636 2.3037
v  0.0253 -1.9491 2.3037
v  -0.0770 -1.9539 2.3036
v  -0.1796 -1.9787 2.3033
v  -0.2778 -2.0240 2.3034
v  -0.3679 -2.0900 2.3034
v  -0.4435 -2.1737 2.3037
v  -0.5000 -2.2702 2.3038
v  -0.5348 -2.3716 2.3038
v  -0.5490 -2.4724 2.3038
v  -0.5445 -2.5726 2.3039
v  -0.5201 -2.6751 2.3039
v  -0.4742 -2.7754 2.3038
v  -0.4081 -2.8657 2.3036
v  -0.3242 -2.9414 2.3038
v  -0.2290 -2.9973 2.3039
v  -0.1462 -3.0268 2.3078
v  0.1459 -2.9829 2.3075
v  -0.1460 -2.9834 2.3075
v  -0.1484 -2.9760 2.3084
v  0.1496 -2.9770 2.3088
v  0.5440 -2.4221 2.1587
v  0.5195 -2.3198 2.1588
v  0.4737 -2.2202 2.1589
v  0.4076 -2.1299 2.1590
v  0.3243 -2.0548 2.1593
v  0.2290 -1.9987 2.1591
v  0.1272 -1.9636 2.1588
v  0.0253 -1.9491 2.1587
v  -0.0770 -1.9539 2.1589
v  -0.1795 -1.9787 2.1592
v  -0.2778 -2.0240 2.1591
v  -0.3679 -2.0900 2.1591
v  -0.4435 -2.1737 2.1588
v  -0.5000 -2.2701 2.1586
v  -0.5348 -2.3716 2.1587
v  -0.5490 -2.4724 2.1586
v  -0.5445 -2.5726 2.1585
v  -0.5201 -2.6751 2.1585
v  -0.4743 -2.7753 2.1587
v  -0.4081 -2.8658 2.1588
v  -0.3242 -2.9414 2.1587
v  -0.2292 -2.9972 2.1587
v  0.4836 -2.6117 2.1548
v  0.0219 -2.0010 2.1553
v  -0.2092 -2.9482 2.1553
v  -0.2913 -2.9004 2.1549
v  -0.3685 -2.8311 2.1549
v  -0.4316 -2.7441 2.1549
v  -0.4714 -2.6552 2.1549
v  -0.4923 -2.5661 2.1549
v  -0.4966 -2.4770 2.1549
v  -0.4834 -2.3831 2.1550
v  -0.4504 -2.2881 2.1549
v  -0.4009 -2.2043 2.1548
v  -0.3355 -2.1312 2.1546
v  -0.2537 -2.0706 2.1548
v  -0.1612 -2.0278 2.1547
v  -0.0680 -2.0056 2.1548
v  0.4962 -2.5214 2.1548
v  0.4921 -2.4310 2.1549
v  0.4691 -2.3349 2.1549
v  0.4276 -2.2452 2.1547
v  0.3698 -2.1661 2.1546
v  0.2967 -2.0993 2.1545
v  0.2080 -2.0468 2.1548
v  0.1117 -2.0133 2.1553
v  0.4528 -2.7023 2.1547
v  0.4015 -2.7904 2.1547
v  0.3307 -2.8684 2.1549
v  0.2503 -2.9270 2.1548
v  -0.1471 -3.0279 2.1570
v  -0.1527 -2.9708 2.1559
v  0.1544 -2.9701 2.1557
v  0.1918 -2.9562 2.1551
v  0.5487 -2.5225 2.1587
v  0.5343 -2.6250 2.1588
v  0.4990 -2.7272 2.1590
v  0.4429 -2.8226 2.1592
v  0.3679 -2.9057 2.1588
v  0.2766 -2.9724 2.1585
v  0.2051 -3.0080 2.1592
v  0.1467 -3.0279 2.1567
v  0.1447 -2.9831 2.1557
v  -0.1442 -2.9836 2.1566
v  0.1480 -2.9753 2.1553
v  -0.1469 -2.9762 2.1560
v  0.2475 -2.9224 0.8139
v  0.2481 -2.9225 0.6889
v  0.4909 -2.5199 0.8140
v  0.4780 -2.6115 0.8140
v  0.4783 -2.6116 0.6889
v  0.4469 -2.7030 0.6888
v  0.4465 -2.7028 0.8141
v  0.3967 -2.7886 0.6888
v  0.3963 -2.7883 0.8141
v  0.3292 -2.8632 0.6889
v  0.3290 -2.8628 0.8140
v  0.5487 -2.5226 0.6691
v  0.5343 -2.6249 0.6692
v  0.4991 -2.7270 0.6694
v  0.4430 -2.8225 0.6696
v  0.4430 -2.8225 0.8332
v  0.3676 -2.9057 0.8335
v  0.3677 -2.9058 0.6692
v  0.2764 -2.9720 0.8335
v  0.2766 -2.9724 0.6689
v  0.2575 -2.9398 0.6685
v  0.3390 -2.8804 0.6685
v  0.4139 -2.7982 0.6685
v  0.4672 -2.7062 0.6685
v  0.4981 -2.6143 0.6685
v  -0.2986 -2.9132 0.6685
v  -0.3241 -2.9415 0.6691
v  -0.4080 -2.8658 0.6692
v  -0.3788 -2.8412 0.6685
v  -0.4745 -2.7749 0.6690
v  -0.4458 -2.7481 0.6685
v  -0.4859 -2.6578 0.6685
v  -0.5067 -2.5686 0.6685
v  0.5108 -2.5229 0.6685
v  0.5066 -2.4301 0.6685
v  0.4822 -2.3288 0.6685
v  0.5195 -2.3197 0.6692
v  0.4397 -2.2366 0.6685
v  0.3815 -2.1569 0.6685
v  0.3078 -2.0889 0.6685
v  0.2147 -2.0339 0.6685
v  0.1124 -1.9990 0.6685
v  0.0218 -1.9868 0.6685
v  -0.0688 -1.9909 0.6685
v  -0.1651 -2.0137 0.6685
v  -0.1794 -1.9787 0.6696
v  -0.2628 -2.0591 0.6685
v  -0.3474 -2.1218 0.6685
v  -0.4435 -2.1737 0.6692
v  -0.4126 -2.1954 0.6685
v  -0.4622 -2.2795 0.6685
v  -0.4999 -2.2698 0.6690
v  -0.4973 -2.3794 0.6685
v  -0.5112 -2.4779 0.6685
v  -0.5444 -2.5727 0.6689
v  -0.2290 -2.9968 0.8335
v  -0.2186 -2.9599 0.8334
v  0.2575 -2.9399 0.8335
v  0.3391 -2.8806 0.8334
v  0.4141 -2.7983 0.8334
v  0.4991 -2.7270 0.8334
v  0.4674 -2.7063 0.8335
v  0.5342 -2.6249 0.8335
v  0.4982 -2.6143 0.8335
v  -0.2987 -2.9133 0.8335
v  -0.3239 -2.9413 0.8335
v  -0.3790 -2.8413 0.8334
v  -0.4460 -2.7482 0.8334
v  -0.4861 -2.6578 0.8335
v  -0.5068 -2.5686 0.8335
v  0.5110 -2.5229 0.8335
v  0.5485 -2.5226 0.8335
v  0.5068 -2.4301 0.8334
v  0.4824 -2.3287 0.8334
v  0.5193 -2.3197 0.8335
v  0.4736 -2.2201 0.8335
v  0.4398 -2.2365 0.8335
v  0.4077 -2.1300 0.8334
v  0.3817 -2.1568 0.8335
v  0.3079 -2.0888 0.8335
v  0.2291 -1.9987 0.8334
v  0.2148 -2.0337 0.8334
v  0.1125 -1.9988 0.8335
v  0.0252 -1.9493 0.8335
v  0.0218 -1.9866 0.8335
v  -0.0688 -1.9908 0.8335
v  -0.1651 -2.0135 0.8335
v  -0.1794 -1.9787 0.8332
v  -0.2780 -2.0241 0.8334
v  -0.2628 -2.0590 0.8334
v  -0.3475 -2.1216 0.8335
v  -0.4128 -2.1953 0.8335
v  -0.4624 -2.2794 0.8334
v  -0.4996 -2.2700 0.8335
v  -0.4975 -2.3794 0.8334
v  -0.5113 -2.4779 0.8335
v  0.4911 -2.5200 0.6889
v  -0.2058 -2.9443 0.8136
v  -0.2062 -2.9441 0.6893
v  -0.2896 -2.8951 0.8140
v  -0.2899 -2.8948 0.6888
v  -0.3648 -2.8274 0.8140
v  -0.3650 -2.8270 0.6888
v  -0.4243 -2.7461 0.8139
v  -0.4245 -2.7457 0.6889
v  -0.4653 -2.6566 0.8139
v  -0.4654 -2.6562 0.6889
v  -0.4870 -2.5653 0.8139
v  -0.4871 -2.5648 0.6889
v  -0.4912 -2.4757 0.8139
v  -0.4914 -2.4753 0.6889
v  -0.4786 -2.3853 0.8140
v  -0.4787 -2.3848 0.6889
v  -0.4474 -2.2943 0.8139
v  -0.4475 -2.2937 0.6889
v  -0.3971 -2.2082 0.8140
v  -0.3970 -2.2077 0.6889
v  -0.3297 -2.1334 0.8141
v  -0.3296 -2.1329 0.6888
v  -0.2491 -2.0742 0.8141
v  -0.2489 -2.0737 0.6888
v  -0.1610 -2.0335 0.8141
v  -0.1607 -2.0329 0.6888
v  -0.0692 -2.0113 0.8140
v  -0.0688 -2.0109 0.6889
v  0.0221 -2.0069 0.8140
v  0.0225 -2.0067 0.6889
v  0.1131 -2.0197 0.8140
v  0.1136 -2.0196 0.6889
v  0.2045 -2.0511 0.8141
v  0.2050 -2.0511 0.6888
v  0.2900 -2.1013 0.8142
v  0.2906 -2.1013 0.6887
v  0.3644 -2.1684 0.8141
v  0.3651 -2.1684 0.6888
v  0.4235 -2.2489 0.8140
v  0.4242 -2.2491 0.6889
v  0.4646 -2.3380 0.8140
v  0.4651 -2.3383 0.6889
v  0.4866 -2.4298 0.8139
v  0.4870 -2.4301 0.6889
v  0.5437 -2.4223 0.8335
v  0.5440 -2.4222 0.6690
v  0.4737 -2.2201 0.6693
v  0.4077 -2.1300 0.6694
v  0.3246 -2.0550 0.6697
v  0.3246 -2.0550 0.8331
v  0.2291 -1.9987 0.6695
v  0.1269 -1.9637 0.8335
v  0.1269 -1.9635 0.6691
v  0.0252 -1.9491 0.6691
v  -0.0769 -1.9539 0.6692
v  -0.0768 -1.9540 0.8335
v  -0.2780 -2.0241 0.6694
v  -0.3682 -2.0902 0.6695
v  -0.3682 -2.0902 0.8333
v  -0.4433 -2.1738 0.8335
v  -0.5348 -2.3716 0.6691
v  -0.5345 -2.3716 0.8335
v  -0.5486 -2.4726 0.8335
v  -0.5490 -2.4726 0.6690
v  -0.5440 -2.5726 0.8335
v  -0.5198 -2.6747 0.8335
v  -0.5202 -2.6748 0.6689
v  -0.4742 -2.7748 0.8335
v  -0.4080 -2.8657 0.8335
v  -0.1566 -2.9854 0.6688
v  -0.1598 -3.0229 0.6689
v  0.1597 -3.0242 0.6689
v  0.1598 -2.9843 0.6685
v  0.2051 -3.0080 0.6701
v  0.1981 -2.9682 0.6686
v  -0.2292 -2.9972 0.6692
v  0.1598 -3.0238 0.8335
v  -0.1601 -3.0241 0.8339
v  -0.1601 -2.9848 0.8335
v  0.1994 -2.9699 0.8335
v  0.2059 -3.0075 0.8335
v  -0.2156 -2.9606 0.6686
v  -0.1537 -2.9654 0.8140
v  -0.1536 -2.9654 0.6890
v  0.1878 -2.9525 0.6887
v  0.1866 -2.9529 0.8143
v  0.1597 -2.9843 0.8334
v  0.1543 -2.9651 0.6894
v  0.1532 -2.9655 0.8141
v  0.5487 -2.5226 0.8082
v  0.5343 -2.6249 0.8081
v  0.4991 -2.7270 0.8080
v  0.4430 -2.8225 0.8079
v  0.3677 -2.9058 0.8082
v  0.2766 -2.9724 0.8083
v  0.5440 -2.4222 0.8082
v  0.5195 -2.3197 0.8081
v  0.4737 -2.2201 0.8081
v  0.4077 -2.1300 0.8080
v  0.3246 -2.0550 0.8078
v  0.2291 -1.9987 0.8079
v  0.1269 -1.9635 0.8082
v  0.0252 -1.9491 0.8082
v  -0.0769 -1.9539 0.8081
v  -0.1794 -1.9787 0.8078
v  -0.2780 -2.0241 0.8079
v  -0.3682 -2.0902 0.8079
v  -0.4435 -2.1737 0.8082
v  -0.4999 -2.2698 0.8082
v  -0.5348 -2.3716 0.8082
v  -0.5490 -2.4726 0.8083
v  -0.5444 -2.5727 0.8083
v  -0.5202 -2.6748 0.8083
v  -0.4745 -2.7749 0.8082
v  -0.4080 -2.8658 0.8081
v  -0.3241 -2.9415 0.8082
v  -0.2293 -2.9972 0.8083
v  0.2059 -3.0077 0.8082
v  0.1401 -3.0298 0.8126
v  -0.1402 -3.0292 0.8138
v  0.5440 -2.4222 0.6906
v  0.5195 -2.3197 0.6908
v  0.4737 -2.2201 0.6908
v  0.4077 -2.1300 0.6909
v  0.3246 -2.0550 0.6911
v  0.2291 -1.9987 0.6910
v  0.1269 -1.9635 0.6907
v  0.0252 -1.9491 0.6907
v  -0.0769 -1.9539 0.6908
v  -0.1794 -1.9787 0.6911
v  -0.2780 -2.0241 0.6909
v  -0.3682 -2.0902 0.6910
v  -0.4435 -2.1737 0.6907
v  -0.4999 -2.2698 0.6906
v  -0.5348 -2.3716 0.6906
v  -0.5490 -2.4726 0.6906
v  -0.5445 -2.5724 0.6900
v  -0.5202 -2.6748 0.6905
v  -0.4745 -2.7749 0.6906
v  -0.4080 -2.8658 0.6908
v  -0.3241 -2.9415 0.6906
v  -0.2294 -2.9971 0.6905
v  -0.1404 -3.0298 0.6898
v  0.5487 -2.5226 0.6907
v  0.5343 -2.6249 0.6907
v  0.4991 -2.7270 0.6909
v  0.4430 -2.8225 0.6910
v  0.3677 -2.9058 0.6907
v  0.2766 -2.9724 0.6905
v  0.2057 -3.0078 0.6905
v  0.1398 -3.0290 0.6891
v  0.1399 -2.9841 0.8141
v  0.1399 -2.9840 0.6892
v  -0.1402 -2.9839 0.6887
v  -0.1402 -2.9841 0.8139
v  0.1440 -2.9722 0.6879
v  0.1437 -2.9728 0.8154
v  -0.1441 -2.9727 0.8152
v  -0.1441 -2.9726 0.6877
v  0.5487 -2.5225 0.8231
v  0.5343 -2.6251 0.8230
v  0.4990 -2.7272 0.8228
v  0.4429 -2.8226 0.8227
v  0.3679 -2.9056 0.8231
v  0.2766 -2.9724 0.8233
v  -0.2109 -2.9484 0.8276
v  -0.2916 -2.9012 0.8278
v  -0.3689 -2.8318 0.8278
v  -0.4321 -2.7447 0.8278
v  -0.4720 -2.6557 0.8278
v  -0.4930 -2.5665 0.8278
v  -0.4973 -2.4773 0.8278
v  -0.4842 -2.3832 0.8278
v  -0.4512 -2.2881 0.8278
v  -0.4017 -2.2041 0.8279
v  -0.3362 -2.1308 0.8281
v  -0.2543 -2.0701 0.8279
v  -0.1617 -2.0272 0.8280
v  -0.0683 -2.0049 0.8279
v  0.0216 -2.0007 0.8279
v  0.1115 -2.0130 0.8279
v  0.2081 -2.0460 0.8279
v  0.2970 -2.0985 0.8281
v  0.3702 -2.1654 0.8280
v  0.4281 -2.2446 0.8279
v  0.4697 -2.3344 0.8278
v  0.4928 -2.4307 0.8278
v  0.4970 -2.5213 0.8279
v  0.4843 -2.6119 0.8279
v  0.4535 -2.7026 0.8280
v  0.4021 -2.7909 0.8279
v  0.3312 -2.8690 0.8278
v  0.2505 -2.9277 0.8279
v  0.2056 -3.0078 0.8231
v  0.1449 -3.0274 0.8266
v  -0.1545 -2.9711 0.8273
v  0.1920 -2.9575 0.8281
v  0.1537 -2.9713 0.8273
v  0.5440 -2.4221 0.8232
v  0.5195 -2.3199 0.8230
v  0.4737 -2.2202 0.8229
v  0.4076 -2.1299 0.8228
v  0.3243 -2.0547 0.8225
v  0.2290 -1.9987 0.8227
v  0.1273 -1.9636 0.8231
v  0.0253 -1.9491 0.8231
v  -0.0770 -1.9539 0.8230
v  -0.1796 -1.9787 0.8226
v  -0.2778 -2.0240 0.8228
v  -0.3679 -2.0900 0.8227
v  -0.4435 -2.1737 0.8230
v  -0.5000 -2.2702 0.8232
v  -0.5348 -2.3716 0.8232
v  -0.5490 -2.4724 0.8232
v  -0.5445 -2.5726 0.8233
v  -0.5201 -2.6751 0.8233
v  -0.4742 -2.7754 0.8232
v  -0.4081 -2.8657 0.8230
v  -0.3242 -2.9414 0.8231
v  -0.2290 -2.9973 0.8233
v  -0.1458 -3.0279 0.8278
v  0.1455 -2.9829 0.8272
v  -0.1457 -2.9834 0.8272
v  -0.1486 -2.9762 0.8275
v  0.1493 -2.9768 0.8285
v  0.5440 -2.4221 0.6780
v  0.5195 -2.3198 0.6782
v  0.4737 -2.2202 0.6782
v  0.4076 -2.1299 0.6784
v  0.3243 -2.0548 0.6787
v  0.2290 -1.9987 0.6784
v  0.1272 -1.9635 0.6781
v  0.0253 -1.9491 0.6781
v  -0.0770 -1.9539 0.6782
v  -0.1795 -1.9787 0.6786
v  -0.2778 -2.0240 0.6784
v  -0.3679 -2.0900 0.6785
v  -0.4435 -2.1737 0.6781
v  -0.5000 -2.2701 0.6780
v  -0.5348 -2.3716 0.6780
v  -0.5490 -2.4724 0.6780
v  -0.5445 -2.5726 0.6779
v  -0.5201 -2.6751 0.6779
v  -0.4743 -2.7753 0.6780
v  -0.4081 -2.8657 0.6782
v  -0.3242 -2.9414 0.6780
v  -0.2292 -2.9972 0.6781
v  0.4838 -2.6118 0.6744
v  0.0219 -2.0012 0.6745
v  -0.2093 -2.9485 0.6750
v  -0.2915 -2.9006 0.6745
v  -0.3687 -2.8313 0.6746
v  -0.4318 -2.7443 0.6746
v  -0.4717 -2.6553 0.6745
v  -0.4926 -2.5662 0.6745
v  -0.4969 -2.4770 0.6746
v  -0.4837 -2.3831 0.6746
v  -0.4507 -2.2880 0.6746
v  -0.4012 -2.2042 0.6744
v  -0.3357 -2.1309 0.6742
v  -0.2538 -2.0704 0.6744
v  -0.1613 -2.0275 0.6744
v  -0.0680 -2.0054 0.6744
v  0.4965 -2.5214 0.6745
v  0.4924 -2.4309 0.6746
v  0.4694 -2.3348 0.6746
v  0.4279 -2.2450 0.6744
v  0.3700 -2.1659 0.6743
v  0.2969 -2.0990 0.6742
v  0.2081 -2.0465 0.6744
v  0.1116 -2.0135 0.6745
v  0.4531 -2.7024 0.6743
v  0.4017 -2.7906 0.6744
v  0.3309 -2.8686 0.6745
v  0.2505 -2.9272 0.6745
v  -0.1470 -3.0280 0.6764
v  -0.1529 -2.9711 0.6755
v  0.1550 -2.9711 0.6761
v  0.1919 -2.9565 0.6747
v  0.5487 -2.5225 0.6781
v  0.5343 -2.6250 0.6782
v  0.4990 -2.7272 0.6784
v  0.4429 -2.8226 0.6785
v  0.3679 -2.9057 0.6781
v  0.2766 -2.9724 0.6779
v  0.2051 -3.0080 0.6785
v  0.1467 -3.0279 0.6760
v  0.1449 -2.9831 0.6753
v  -0.1445 -2.9836 0.6762
v  0.1482 -2.9755 0.6750
v  -0.1472 -2.9764 0.6757
v  0.0000 0.0021 13.4986
v  0.0670 -0.3222 -14.9888
v  -0.2033 -0.3222 -14.9763
v  -0.4808 -0.3223 -14.9106
v  0.3418 -0.3226 -14.9521
v  0.6188 -0.3226 -14.8575
v  0.8808 -0.3226 -14.7045
v  1.1083 -0.3222 -14.4967
v  1.2904 -0.3226 -14.2503
v  1.4141 -0.3225 -13.9785
v  1.4787 -0.3222 -13.7005
v  1.4912 -0.3222 -13.4303
v  1.4529 -0.3222 -13.1559
v  1.3583 -0.3222 -12.8792
v  1.2053 -0.3222 -12.6176
v  0.9991 -0.3222 -12.3890
v  0.7519 -0.3222 -12.2084
v  0.4805 -0.3222 -12.0844
v  0.2029 -0.3222 -12.0186
v  -0.0642 -0.3223 -12.0060
v  -0.3417 -0.3222 -12.0444
v  -0.6192 -0.3219 -12.1394
v  -0.8800 -0.3222 -12.2920
v  -1.1086 -0.3222 -12.4982
v  -1.2892 -0.3222 -12.7454
v  -1.4132 -0.3222 -13.0168
v  -1.4790 -0.3222 -13.2943
v  -1.4915 -0.3222 -13.5651
v  -1.4532 -0.3222 -13.8390
v  -1.3586 -0.3222 -14.1156
v  -1.2056 -0.3222 -14.3772
v  -0.9994 -0.3222 -14.6058
v  -0.7522 -0.3222 -14.7865
v  -0.4729 -0.3850 -14.8875
v  0.0659 -0.3853 -14.9649
v  -0.2001 -0.3861 -14.9534
v  0.3359 -0.3853 -14.9272
v  0.6084 -0.3860 -14.8347
v  0.8654 -0.3851 -14.6833
v  1.0903 -0.3851 -14.4805
v  1.2680 -0.3850 -14.2373
v  1.3899 -0.3850 -13.9702
v  1.4550 -0.3853 -13.6973
v  1.4673 -0.3853 -13.4314
v  1.4296 -0.3853 -13.1614
v  1.3365 -0.3853 -12.8891
v  1.1857 -0.3851 -12.6319
v  0.9831 -0.3853 -12.4068
v  0.7398 -0.3853 -12.2290
v  0.4731 -0.3862 -12.1061
v  0.1997 -0.3853 -12.0423
v  -0.0630 -0.3854 -12.0299
v  -0.3362 -0.3854 -12.0677
v  -0.6090 -0.3853 -12.1609
v  -0.8657 -0.3851 -12.3116
v  -1.0916 -0.3863 -12.5135
v  -1.2691 -0.3859 -12.7572
v  -1.3906 -0.3854 -13.0245
v  -1.4553 -0.3854 -13.2976
v  -1.4676 -0.3854 -13.5635
v  -1.4294 -0.3850 -13.8334
v  -1.3365 -0.3850 -14.1056
v  -1.1863 -0.3854 -14.3631
v  -0.9832 -0.3851 -14.5879
v  -0.7399 -0.3851 -14.7656
v  -0.4521 -0.4175 -14.8263
v  0.0629 -0.4175 -14.8999
v  -0.1911 -0.4175 -14.8881
v  0.3210 -0.4175 -14.8639
v  0.5812 -0.4175 -14.7749
v  0.8272 -0.4175 -14.6311
v  1.0422 -0.4176 -14.4372
v  1.2121 -0.4175 -14.2046
v  1.3287 -0.4175 -13.9494
v  1.3906 -0.4175 -13.6884
v  1.4023 -0.4175 -13.4343
v  1.3663 -0.4175 -13.1763
v  1.2773 -0.4175 -12.9161
v  1.1335 -0.4175 -12.6701
v  0.9396 -0.4176 -12.4551
v  0.7070 -0.4175 -12.2851
v  0.4518 -0.4175 -12.1686
v  0.1907 -0.4175 -12.1067
v  -0.0603 -0.4175 -12.0950
v  -0.3213 -0.4175 -12.1310
v  -0.5815 -0.4175 -12.2200
v  -0.8275 -0.4175 -12.3638
v  -1.0425 -0.4175 -12.5577
v  -1.2124 -0.4175 -12.7902
v  -1.3298 -0.4201 -13.0452
v  -1.3908 -0.4175 -13.3065
v  -1.4026 -0.4175 -13.5605
v  -1.3666 -0.4175 -13.8186
v  -1.2776 -0.4175 -14.0788
v  -1.1338 -0.4175 -14.3248
v  -0.9399 -0.4176 -14.5398
v  -0.7073 -0.4175 -14.7097
v  -0.3241 -0.4827 -14.0529
v  -0.0876 -0.4827 -14.1346
v  -0.2072 -0.4827 -14.1063
v  0.0288 -0.4827 -14.1400
v  0.1471 -0.4827 -14.1236
v  0.2663 -0.4827 -14.0828
v  0.3790 -0.4827 -14.0169
v  0.4775 -0.4827 -13.9280
v  0.5554 -0.4827 -13.8215
v  0.6088 -0.4827 -13.7045
v  0.6371 -0.4827 -13.5849
v  0.6425 -0.4826 -13.4685
v  0.6260 -0.4827 -13.3503
v  0.5852 -0.4827 -13.2311
v  0.5193 -0.4827 -13.1183
v  0.4305 -0.4827 -13.0198
v  0.3239 -0.4827 -12.9420
v  0.2070 -0.4827 -12.8885
v  0.1170 -0.4826 -12.8643
v  0.0577 -0.4826 -12.8562
v  0.0027 -0.4826 -12.8535
v  -0.0580 -0.4826 -12.8561
v  -0.1172 -0.4826 -12.8642
v  -0.1773 -0.4826 -12.8783
v  -0.2959 -0.4826 -12.9253
v  -0.3793 -0.4827 -12.9779
v  -0.4777 -0.4827 -13.0668
v  -0.5556 -0.4827 -13.1734
v  -0.6090 -0.4827 -13.2904
v  -0.6373 -0.4827 -13.4100
v  -0.6427 -0.4827 -13.5264
v  -0.6262 -0.4827 -13.6446
v  -0.5854 -0.4827 -13.7638
v  -0.5195 -0.4827 -13.8765
v  -0.4307 -0.4827 -13.9750
v  -0.3209 -0.4812 -14.0474
v  -0.0867 -0.4812 -14.1282
v  -0.2052 -0.4813 -14.1004
v  0.0285 -0.4813 -14.1335
v  0.1456 -0.4812 -14.1172
v  0.2636 -0.4812 -14.0769
v  0.3752 -0.4812 -14.0116
v  0.4727 -0.4812 -13.9237
v  0.5498 -0.4812 -13.8182
v  0.6026 -0.4812 -13.7024
v  0.6307 -0.4812 -13.5840
v  0.6360 -0.4813 -13.4688
v  0.6197 -0.4812 -13.3518
v  0.5793 -0.4812 -13.2338
v  0.5141 -0.4812 -13.1222
v  0.4262 -0.4812 -13.0246
v  0.3207 -0.4812 -12.9476
v  0.2049 -0.4812 -12.8947
v  0.1158 -0.4815 -12.8709
v  0.0571 -0.4816 -12.8627
v  0.0027 -0.4815 -12.8601
v  -0.0574 -0.4815 -12.8628
v  -0.1160 -0.4815 -12.8709
v  -0.1754 -0.4815 -12.8849
v  -0.2927 -0.4815 -12.9314
v  -0.3754 -0.4812 -12.9832
v  -0.4729 -0.4812 -13.0712
v  -0.5500 -0.4812 -13.1766
v  -0.6029 -0.4812 -13.2924
v  -0.6309 -0.4812 -13.4108
v  -0.6362 -0.4812 -13.5261
v  -0.6199 -0.4812 -13.6431
v  -0.5796 -0.4812 -13.7611
v  -0.5143 -0.4812 -13.8727
v  -0.4264 -0.4812 -13.9703
v  -0.2038 -0.4761 -14.0963
v  0.0284 -0.4763 -14.1294
v  -0.0861 -0.4762 -14.1241
v  0.1446 -0.4762 -14.1132
v  0.2619 -0.4762 -14.0732
v  0.3728 -0.4762 -14.0083
v  0.4697 -0.4762 -13.9210
v  0.5462 -0.4762 -13.8162
v  0.5987 -0.4762 -13.7011
v  0.6265 -0.4762 -13.5835
v  0.6318 -0.4762 -13.4690
v  0.6156 -0.4762 -13.3527
v  0.5756 -0.4762 -13.2355
v  0.5108 -0.4762 -13.1246
v  0.4234 -0.4762 -13.0277
v  0.3186 -0.4762 -12.9511
v  0.2036 -0.4762 -12.8986
v  0.1150 -0.4764 -12.8754
v  0.0567 -0.4764 -12.8674
v  0.0026 -0.4764 -12.8648
v  -0.0569 -0.4764 -12.8674
v  -0.1152 -0.4763 -12.8754
v  -0.1741 -0.4762 -12.8893
v  -0.2906 -0.4763 -12.9355
v  -0.3730 -0.4761 -12.9865
v  -0.4699 -0.4761 -13.0739
v  -0.5465 -0.4762 -13.1787
v  -0.5990 -0.4762 -13.2937
v  -0.6268 -0.4762 -13.4114
v  -0.6320 -0.4761 -13.5259
v  -0.6159 -0.4762 -13.6422
v  -0.5759 -0.4762 -13.7595
v  -0.5111 -0.4762 -13.8704
v  -0.4237 -0.4762 -13.9673
v  -0.3188 -0.4762 -14.0438
v  0.2520 -0.4555 -12.4970
v  0.2456 -0.4511 -12.4449
v  0.2309 -0.4472 -12.3984
v  0.2094 -0.4437 -12.3569
v  0.1593 -0.4392 -12.3028
v  0.0964 -0.4359 -12.2633
v  0.0507 -0.4346 -12.2487
v  -0.0260 -0.4345 -12.2468
v  -0.0968 -0.4359 -12.2639
v  -0.1392 -0.4378 -12.2860
v  -0.1939 -0.4421 -12.3373
v  -0.2332 -0.4473 -12.4000
v  -0.2480 -0.4514 -12.4490
v  -0.2513 -0.4556 -12.4982
v  -0.2458 -0.4597 -12.5472
v  -0.2323 -0.4636 -12.5936
v  -0.2103 -0.4670 -12.6347
v  -0.1800 -0.4701 -12.6712
v  -0.1423 -0.4727 -12.7026
v  -0.0961 -0.4748 -12.7279
v  -0.0501 -0.4760 -12.7425
v  0.0015 -0.4764 -12.7474
v  0.0952 -0.4749 -12.7298
v  0.0503 -0.4760 -12.7425
v  0.1464 -0.4726 -12.7012
v  0.1762 -0.4703 -12.6744
v  0.2073 -0.4674 -12.6394
v  0.2327 -0.4634 -12.5920
v  0.2473 -0.4594 -12.5452
v  -0.1394 -0.4559 -14.5120
v  -0.3298 -0.4560 -14.4668
v  0.0459 -0.4559 -14.5206
v  0.2342 -0.4559 -14.4943
v  0.4239 -0.4560 -14.4294
v  0.6035 -0.4560 -14.3244
v  0.7603 -0.4560 -14.1830
v  0.8843 -0.4560 -14.0133
v  0.9693 -0.4559 -13.8271
v  1.0144 -0.4559 -13.6367
v  1.0230 -0.4559 -13.4514
v  0.9967 -0.4559 -13.2632
v  0.9318 -0.4560 -13.0733
v  0.8269 -0.4560 -12.8939
v  0.6854 -0.4560 -12.7371
v  0.4933 -0.4597 -12.6516
v  0.3552 -0.4490 -12.4531
v  -0.4286 -0.4545 -12.5485
v  -0.2360 -0.4691 -12.6741
v  -0.2703 -0.4596 -12.5548
v  -0.3043 -0.4488 -12.4357
v  -0.6037 -0.4560 -12.6705
v  -0.7605 -0.4560 -12.8119
v  -0.8845 -0.4560 -12.9815
v  -0.9695 -0.4560 -13.1678
v  -1.0147 -0.4559 -13.3582
v  -1.0232 -0.4559 -13.5435
v  -0.9969 -0.4560 -13.7317
v  -0.9321 -0.4560 -13.9215
v  -0.8271 -0.4560 -14.1010
v  -0.6857 -0.4560 -14.2578
v  -0.5160 -0.4560 -14.3818
v  0.3154 -0.4597 -12.5703
v  0.2755 -0.4692 -12.6875
v  0.0015 -0.4070 -12.5143
v  -0.0002 -0.4079 -12.7262
v  -0.0848 -0.4066 -12.2836
v  -0.1254 -0.4079 -12.3059
v  -0.1768 -0.4079 -12.3539
v  -0.2129 -0.4079 -12.4132
v  -0.2263 -0.4066 -12.4556
v  -0.2290 -0.4079 -12.4974
v  -0.2251 -0.4079 -12.5391
v  -0.2129 -0.4079 -12.5817
v  -0.1927 -0.4067 -12.6233
v  -0.1628 -0.4067 -12.6601
v  -0.1260 -0.4067 -12.6899
v  -0.0848 -0.4067 -12.7113
v  -0.0420 -0.4067 -12.7236
v  -0.0212 -0.4056 -12.2684
v  0.0417 -0.4066 -12.2713
v  0.0846 -0.4066 -12.2836
v  0.1449 -0.4053 -12.3189
v  0.1923 -0.4066 -12.3715
v  0.2137 -0.4066 -12.4127
v  0.2260 -0.4065 -12.4555
v  0.2298 -0.4065 -12.4975
v  0.2260 -0.4066 -12.5394
v  0.2137 -0.4067 -12.5821
v  0.1914 -0.4079 -12.6227
v  0.1616 -0.4079 -12.6592
v  0.1251 -0.4079 -12.6889
v  0.0841 -0.4079 -12.7102
v  0.0415 -0.4079 -12.7224
v  0.2259 -0.4314 -12.5395
v  0.2298 -0.4296 -12.4968
v  0.2134 -0.4329 -12.5825
v  0.0430 -0.4207 -12.2708
v  -0.0218 -0.4202 -12.2679
v  -0.2301 -0.4293 -12.4974
v  -0.2260 -0.4310 -12.5404
v  -0.2136 -0.4330 -12.5830
v  -0.0440 -0.4384 -12.7232
v  -0.0002 -0.4384 -12.7274
v  0.0432 -0.4384 -12.7233
v  -0.0858 -0.4210 -12.2834
v  -0.1261 -0.4220 -12.3050
v  -0.1788 -0.4235 -12.3522
v  -0.2132 -0.4261 -12.4109
v  -0.2260 -0.4279 -12.4541
v  0.0854 -0.4211 -12.2833
v  0.1916 -0.4245 -12.3706
v  0.1456 -0.4223 -12.3194
v  0.2256 -0.4275 -12.4538
v  0.2130 -0.4258 -12.4111
v  -0.1929 -0.4345 -12.6228
v  -0.1641 -0.4356 -12.6586
v  -0.1274 -0.4368 -12.6891
v  -0.0857 -0.4376 -12.7109
v  0.0849 -0.4381 -12.7111
v  0.1275 -0.4373 -12.6887
v  0.1638 -0.4354 -12.6620
v  0.1914 -0.4347 -12.6247
v  0.2380 -0.4515 -12.4966
v  -0.0233 -0.4305 -12.2609
v  -0.2331 -0.4552 -12.5437
v  -0.2201 -0.4592 -12.5874
v  0.0006 -0.4718 -12.7346
v  0.0468 -0.4715 -12.7300
v  -0.0898 -0.4323 -12.2769
v  -0.1309 -0.4343 -12.2982
v  -0.1823 -0.4400 -12.3483
v  -0.2199 -0.4436 -12.4057
v  -0.2337 -0.4476 -12.4514
v  0.0895 -0.4324 -12.2767
v  0.1508 -0.4350 -12.3141
v  0.2327 -0.4471 -12.4495
v  0.2192 -0.4433 -12.4057
v  -0.1993 -0.4627 -12.6269
v  -0.1708 -0.4655 -12.6622
v  -0.1338 -0.4682 -12.6932
v  -0.0901 -0.4701 -12.7167
v  0.0889 -0.4704 -12.7175
v  0.1358 -0.4685 -12.6923
v  0.1672 -0.4658 -12.6657
v  0.1965 -0.4631 -12.6311
v  0.2336 -0.4554 -12.5417
v  0.2203 -0.4591 -12.5863
v  0.0460 -0.4314 -12.2635
v  -0.2378 -0.4513 -12.4977
v  -0.0475 -0.4715 -12.7299
v  0.1976 -0.4399 -12.3650
v  -0.0000 0.0027 -13.4974
v  -0.0002 -0.4079 -12.7143
v  -0.0199 -0.4064 -12.2824
v  0.0393 -0.4066 -12.2842
v  0.0797 -0.4066 -12.2958
v  0.1359 -0.4066 -12.3300
v  0.1814 -0.4053 -12.3787
v  0.2015 -0.4053 -12.4176
v  0.2131 -0.4053 -12.4579
v  0.2167 -0.4053 -12.4974
v  0.2131 -0.4053 -12.5369
v  0.2015 -0.4066 -12.5773
v  0.1814 -0.4079 -12.6161
v  0.1532 -0.4079 -12.6508
v  0.1185 -0.4079 -12.6790
v  0.0797 -0.4079 -12.6991
v  0.0393 -0.4079 -12.7107
v  -0.0800 -0.4073 -12.2958
v  -0.1189 -0.4079 -12.3159
v  -0.1676 -0.4079 -12.3614
v  -0.2018 -0.4079 -12.4176
v  -0.2134 -0.4079 -12.4579
v  -0.2171 -0.4079 -12.4974
v  -0.2134 -0.4079 -12.5369
v  -0.2018 -0.4079 -12.5773
v  -0.1817 -0.4053 -12.6161
v  -0.1535 -0.4053 -12.6508
v  -0.1189 -0.4053 -12.6790
v  -0.0800 -0.4053 -12.6991
v  -0.0397 -0.4053 -12.7107
v  -0.0031 -0.4118 -13.4482
v  -0.6928 -0.4205 -14.6848
v  -0.4427 -0.4205 -14.7990
v  -0.1871 -0.4204 -14.8595
v  0.0616 -0.4204 -14.8711
v  0.3143 -0.4205 -14.8358
v  0.5692 -0.4205 -14.7487
v  0.8102 -0.4205 -14.6078
v  1.0208 -0.4205 -14.4178
v  1.1872 -0.4205 -14.1901
v  1.3014 -0.4205 -13.9400
v  1.3620 -0.4204 -13.6844
v  1.3735 -0.4204 -13.4357
v  1.3382 -0.4205 -13.1830
v  1.2511 -0.4205 -12.9281
v  1.1102 -0.4205 -12.6871
v  0.9202 -0.4205 -12.4765
v  0.6925 -0.4205 -12.3101
v  0.4425 -0.4206 -12.1959
v  0.1871 -0.4207 -12.1353
v  -0.0560 -0.4208 -12.1237
v  -0.3172 -0.4206 -12.1597
v  -0.5694 -0.4205 -12.2462
v  -0.8105 -0.4205 -12.3871
v  -1.0211 -0.4205 -12.5771
v  -1.1875 -0.4205 -12.8048
v  -1.3024 -0.4229 -13.0546
v  -1.3622 -0.4204 -13.3105
v  -1.3737 -0.4204 -13.5592
v  -1.3385 -0.4205 -13.8119
v  -1.2514 -0.4205 -14.0668
v  -1.1104 -0.4205 -14.3078
v  -0.9205 -0.4205 -14.5183
v  0.0295 -0.4816 -14.1551
v  -0.0897 -0.4816 -14.1495
v  -0.2120 -0.4816 -14.1205
v  -0.3317 -0.4816 -14.0659
v  -0.4407 -0.4816 -13.9862
v  -0.5317 -0.4816 -13.8854
v  -0.5991 -0.4816 -13.7701
v  -0.6408 -0.4816 -13.6481
v  -0.6577 -0.4816 -13.5270
v  -0.6522 -0.4816 -13.4079
v  -0.6232 -0.4816 -13.2855
v  -0.5685 -0.4816 -13.1658
v  -0.4889 -0.4816 -13.0568
v  -0.3884 -0.4816 -12.9659
v  -0.3027 -0.4816 -12.9119
v  -0.1818 -0.4816 -12.8640
v  -0.1200 -0.4817 -12.8495
v  -0.0593 -0.4817 -12.8411
v  0.0027 -0.4817 -12.8385
v  0.0590 -0.4817 -12.8413
v  0.1200 -0.4817 -12.8496
v  0.2121 -0.4817 -12.8744
v  0.3316 -0.4816 -12.9290
v  0.4406 -0.4816 -13.0087
v  0.5315 -0.4816 -13.1095
v  0.5989 -0.4816 -13.2248
v  0.6406 -0.4816 -13.3468
v  0.6575 -0.4816 -13.4678
v  0.6520 -0.4816 -13.5870
v  0.6230 -0.4816 -13.7094
v  0.5683 -0.4816 -13.8291
v  0.4887 -0.4816 -13.9381
v  0.3879 -0.4816 -14.0290
v  0.2725 -0.4816 -14.0965
v  0.1505 -0.4816 -14.1382
v  0.2603 -0.4505 -12.4417
v  0.2671 -0.4550 -12.4969
v  0.2621 -0.4592 -12.5482
v  0.2466 -0.4635 -12.5978
v  0.2197 -0.4677 -12.6480
v  0.1869 -0.4708 -12.6850
v  0.1552 -0.4732 -12.7134
v  0.1010 -0.4757 -12.7437
v  0.0531 -0.4769 -12.7573
v  0.0016 -0.4773 -12.7624
v  -0.0532 -0.4769 -12.7573
v  -0.1020 -0.4756 -12.7418
v  -0.1508 -0.4733 -12.7150
v  -0.1907 -0.4705 -12.6818
v  -0.2228 -0.4672 -12.6431
v  -0.2463 -0.4636 -12.5993
v  -0.2606 -0.4594 -12.5501
v  -0.2663 -0.4552 -12.4986
v  -0.2628 -0.4508 -12.4463
v  -0.2470 -0.4464 -12.3939
v  -0.2056 -0.4408 -12.3278
v  -0.1480 -0.4363 -12.2738
v  -0.1021 -0.4343 -12.2499
v  -0.0276 -0.4328 -12.2319
v  0.0532 -0.4329 -12.2338
v  0.1028 -0.4343 -12.2497
v  0.1690 -0.4378 -12.2912
v  0.2218 -0.4425 -12.3483
v  0.2449 -0.4463 -12.3927
v  0.0899 -2.9847 -12.5004
v  0.0899 -2.9847 -12.5104
v  0.0907 -2.9946 -12.5004
v  -0.0002 -2.9929 -12.5004
v  -0.0002 -3.0029 -12.5004
v  -0.0002 -2.9929 -12.5104
v  0.1821 -2.9582 -12.5004
v  0.1821 -2.9582 -12.5104
v  0.1847 -2.9678 -12.5004
v  0.2707 -2.9123 -12.5004
v  0.2707 -2.9123 -12.5104
v  0.2752 -2.9212 -12.5004
v  0.3499 -2.8480 -12.5004
v  0.3499 -2.8480 -12.5104
v  0.3561 -2.8558 -12.5004
v  0.4170 -2.7691 -12.5004
v  0.4170 -2.7691 -12.5104
v  0.4245 -2.7757 -12.5004
v  0.4640 -2.6790 -12.5004
v  0.4639 -2.6790 -12.5104
v  0.4726 -2.6841 -12.5004
v  0.4866 -2.5880 -12.5005
v  0.4866 -2.5880 -12.5105
v  0.4962 -2.5909 -12.5005
v  0.4948 -2.5169 -12.5004
v  0.4948 -2.5169 -12.5104
v  0.5045 -2.5146 -12.5004
v  0.4866 -2.4079 -12.5004
v  0.4866 -2.4079 -12.5104
v  0.4966 -2.4071 -12.5004
v  0.4608 -2.3121 -12.5004
v  0.4608 -2.3121 -12.5104
v  0.4706 -2.3100 -12.5004
v  0.4142 -2.2271 -12.5004
v  0.4142 -2.2271 -12.5104
v  0.4231 -2.2225 -12.5004
v  0.3499 -2.1479 -12.5004
v  0.3499 -2.1479 -12.5104
v  0.3577 -2.1417 -12.5004
v  0.2707 -2.0836 -12.5004
v  0.2707 -2.0836 -12.5104
v  0.2771 -2.0759 -12.5004
v  0.1821 -2.0377 -12.5004
v  0.1821 -2.0377 -12.5104
v  0.1867 -2.0289 -12.5004
v  0.0899 -2.0112 -12.5004
v  0.0899 -2.0112 -12.5104
v  0.0928 -2.0016 -12.5004
v  -0.0002 -2.0029 -12.5004
v  -0.0002 -2.0029 -12.5104
v  -0.0002 -1.9929 -12.5004
v  -0.0902 -2.9847 -12.5004
v  -0.0910 -2.9947 -12.5005
v  -0.0902 -2.9847 -12.5104
v  -0.1824 -2.9582 -12.5004
v  -0.1850 -2.9678 -12.5004
v  -0.1824 -2.9582 -12.5104
v  -0.2710 -2.9123 -12.5004
v  -0.2756 -2.9212 -12.5004
v  -0.2710 -2.9123 -12.5104
v  -0.3502 -2.8480 -12.5004
v  -0.3564 -2.8558 -12.5004
v  -0.3502 -2.8480 -12.5104
v  -0.4173 -2.7691 -12.5004
v  -0.4249 -2.7757 -12.5004
v  -0.4173 -2.7691 -12.5104
v  -0.4643 -2.6790 -12.5004
v  -0.4729 -2.6841 -12.5004
v  -0.4642 -2.6790 -12.5104
v  -0.4869 -2.5880 -12.5005
v  -0.4965 -2.5909 -12.5005
v  -0.4869 -2.5880 -12.5105
v  -0.4951 -2.5169 -12.5004
v  -0.5048 -2.5146 -12.5005
v  -0.4951 -2.5169 -12.5104
v  -0.4869 -2.4079 -12.5004
v  -0.4969 -2.4071 -12.5005
v  -0.4869 -2.4079 -12.5104
v  -0.4611 -2.3121 -12.5004
v  -0.4709 -2.3100 -12.5004
v  -0.4611 -2.3121 -12.5104
v  -0.4145 -2.2271 -12.5004
v  -0.4234 -2.2225 -12.5004
v  -0.4145 -2.2271 -12.5104
v  -0.3502 -2.1479 -12.5004
v  -0.3580 -2.1417 -12.5004
v  -0.3502 -2.1479 -12.5104
v  -0.2710 -2.0836 -12.5004
v  -0.2774 -2.0759 -12.5004
v  -0.2710 -2.0836 -12.5104
v  -0.1824 -2.0377 -12.5004
v  -0.1870 -2.0289 -12.5004
v  -0.1824 -2.0377 -12.5104
v  -0.0902 -2.0112 -12.5004
v  -0.0931 -2.0016 -12.5004
v  -0.0902 -2.0112 -12.5104
v  0.3465 0.0021 14.9601
v  0.3442 0.0021 14.9504
v  0.3465 -0.0079 14.9599
v  0.0714 0.0021 14.9990
v  0.0714 -0.0079 14.9988
v  0.0709 0.0021 14.9890
v  0.6241 0.0021 14.8646
v  0.6199 0.0021 14.8555
v  0.6240 -0.0079 14.8645
v  -0.1986 0.0021 14.9875
v  -0.1986 -0.0079 14.9873
v  -0.1973 0.0021 14.9776
v  -0.4775 0.0021 14.9227
v  -0.4775 -0.0079 14.9225
v  -0.4744 0.0021 14.9132
v  -0.7505 0.0021 14.7993
v  -0.7505 -0.0079 14.7991
v  -0.7455 0.0021 14.7906
v  -0.9993 0.0021 14.6186
v  -0.9992 -0.0079 14.6185
v  -0.9927 0.0021 14.6112
v  -1.2079 0.0021 14.3885
v  -1.2078 -0.0079 14.3884
v  -1.1999 0.0021 14.3826
v  -1.3621 0.0021 14.1263
v  -1.3619 -0.0079 14.1263
v  -1.3530 0.0021 14.1221
v  -1.4578 0.0021 13.8488
v  -1.4576 -0.0079 13.8488
v  -1.4481 0.0021 13.8464
v  -1.4969 0.0021 13.5735
v  -1.4968 -0.0079 13.5735
v  -1.4869 0.0021 13.5730
v  -1.4853 0.0021 13.3038
v  -1.4852 -0.0079 13.3037
v  -1.4754 0.0021 13.3051
v  -1.4203 0.0021 13.0249
v  -1.4201 -0.0079 13.0250
v  -1.4108 0.0021 13.0281
v  -1.3043 0.0021 12.7605
v  -1.3039 -0.0079 12.7603
v  -1.2956 0.0021 12.7654
v  -1.1129 0.0020 12.4952
v  -1.1129 -0.0079 12.4955
v  -1.1055 0.0020 12.5019
v  -0.8787 0.0020 12.2854
v  -0.8789 -0.0079 12.2857
v  -0.8728 0.0020 12.2935
v  -0.6229 0.0021 12.1363
v  -0.6229 -0.0079 12.1365
v  -0.6187 0.0021 12.1454
v  -0.3417 0.0020 12.0404
v  -0.3419 -0.0079 12.0406
v  -0.3395 0.0020 12.0501
v  -0.0717 0.0021 12.0027
v  -0.0719 -0.0079 12.0029
v  -0.0713 0.0021 12.0127
v  0.1960 0.0020 12.0141
v  0.1961 -0.0080 12.0143
v  0.1947 0.0020 12.0240
v  0.4745 0.0020 12.0783
v  0.4746 -0.0080 12.0785
v  0.4714 0.0020 12.0878
v  0.7505 0.0020 12.2024
v  0.7505 -0.0079 12.2026
v  0.7455 0.0020 12.2111
v  1.0017 0.0021 12.3847
v  1.0016 -0.0079 12.3848
v  0.9950 0.0021 12.3921
v  1.2100 0.0020 12.6148
v  1.2098 -0.0079 12.6149
v  1.2019 0.0020 12.6207
v  1.3640 0.0021 12.8773
v  1.3638 -0.0079 12.8774
v  1.3549 0.0021 12.8815
v  1.4575 0.0021 13.1557
v  1.4573 -0.0079 13.1557
v  1.4477 0.0021 13.1579
v  1.4966 0.0021 13.4301
v  1.4964 -0.0079 13.4302
v  1.4866 0.0021 13.4306
v  1.4850 0.0021 13.7007
v  1.4849 -0.0079 13.7007
v  1.4751 0.0021 13.6994
v  1.4200 0.0021 13.9796
v  1.4199 -0.0079 13.9796
v  1.4105 0.0021 13.9764
v  1.2967 0.0021 14.2526
v  1.2965 -0.0079 14.2525
v  1.2880 0.0021 14.2475
v  1.1163 0.0021 14.5015
v  1.1162 -0.0079 14.5014
v  1.1089 0.0021 14.4949
v  0.8864 0.0021 14.7103
v  0.8863 -0.0079 14.7102
v  0.8805 0.0021 14.7023
v  -0.7544 0.0021 -14.7918
v  -0.7493 0.0021 -14.7831
v  -0.7543 -0.0079 -14.7916
v  -0.4817 0.0015 -14.9155
v  -0.4816 -0.0085 -14.9153
v  -0.4784 0.0015 -14.9060
v  -0.2060 -0.0041 -14.9815
v  -0.2047 -0.0040 -14.9716
v  -0.2060 -0.0141 -14.9813
v  0.0668 0.0015 -14.9938
v  0.0668 -0.0085 -14.9937
v  0.0664 0.0015 -14.9838
v  0.3419 0.0021 -14.9561
v  0.3419 -0.0079 -14.9560
v  0.3396 0.0021 -14.9464
v  0.6197 0.0021 -14.8613
v  0.6196 -0.0079 -14.8612
v  0.6155 0.0021 -14.8522
v  0.8823 0.0021 -14.7079
v  0.8823 -0.0079 -14.7078
v  0.8764 0.0021 -14.6998
v  1.1124 0.0021 -14.5005
v  1.1123 -0.0079 -14.5003
v  1.1050 0.0021 -14.4938
v  1.2942 0.0021 -14.2516
v  1.2941 -0.0079 -14.2516
v  1.2855 0.0021 -14.2466
v  1.4185 0.0021 -13.9791
v  1.4183 -0.0079 -13.9791
v  1.4090 0.0021 -13.9759
v  1.4844 0.0021 -13.7005
v  1.4842 -0.0079 -13.7005
v  1.4745 0.0021 -13.6992
v  1.4968 0.0021 -13.4300
v  1.4967 -0.0079 -13.4301
v  1.4868 0.0021 -13.4305
v  1.4585 0.0021 -13.1554
v  1.4584 -0.0079 -13.1554
v  1.4488 0.0021 -13.1576
v  1.3637 0.0021 -12.8776
v  1.3635 -0.0079 -12.8777
v  1.3546 0.0021 -12.8817
v  1.2103 0.0021 -12.6149
v  1.2101 -0.0079 -12.6150
v  1.2022 0.0021 -12.6208
v  1.0023 0.0021 -12.3843
v  1.0022 -0.0079 -12.3845
v  0.9956 0.0021 -12.3918
v  0.7540 0.0021 -12.2031
v  0.7540 -0.0079 -12.2033
v  0.7490 0.0021 -12.2117
v  0.4815 0.0021 -12.0788
v  0.4815 -0.0079 -12.0790
v  0.4783 0.0021 -12.0883
v  0.2029 0.0021 -12.0129
v  0.2029 -0.0079 -12.0131
v  0.2016 0.0021 -12.0228
v  -0.0675 0.0021 -12.0005
v  -0.0674 -0.0079 -12.0006
v  -0.0671 0.0021 -12.0104
v  -0.3422 0.0021 -12.0388
v  -0.3422 -0.0079 -12.0389
v  -0.3400 0.0021 -12.0485
v  -0.6200 0.0021 -12.1336
v  -0.6200 -0.0079 -12.1338
v  -0.6158 0.0021 -12.1427
v  -0.8825 0.0021 -12.2869
v  -0.8824 -0.0079 -12.2870
v  -0.8766 0.0021 -12.2949
v  -1.1133 0.0021 -12.4950
v  -1.1131 -0.0079 -12.4951
v  -1.1058 0.0021 -12.5017
v  -1.2945 0.0021 -12.7432
v  -1.2943 -0.0079 -12.7433
v  -1.2858 0.0021 -12.7483
v  -1.4188 0.0021 -13.0157
v  -1.4186 -0.0079 -13.0158
v  -1.4093 0.0021 -13.0190
v  -1.4847 0.0021 -13.2943
v  -1.4845 -0.0079 -13.2943
v  -1.4748 0.0021 -13.2957
v  -1.4971 0.0021 -13.5641
v  -1.4970 -0.0079 -13.5641
v  -1.4871 0.0021 -13.5636
v  -1.4588 0.0021 -13.8395
v  -1.4587 -0.0079 -13.8395
v  -1.4491 0.0021 -13.8372
v  -1.3640 0.0021 -14.1173
v  -1.3638 -0.0079 -14.1172
v  -1.3549 0.0021 -14.1131
v  -1.2106 0.0021 -14.3799
v  -1.2105 -0.0079 -14.3799
v  -1.2025 0.0021 -14.3740
v  -1.0032 0.0021 -14.6100
v  -1.0031 -0.0079 -14.6099
v  -0.9965 0.0021 -14.6026
v  -0.4901 -4.3329 -13.5006
v  -0.4801 -4.3329 -13.5006
v  -0.4901 -4.3229 -13.5006
v  -0.4807 -4.3329 -13.4050
v  -0.4807 -4.3229 -13.4050
v  -0.4709 -4.3329 -13.4070
v  -0.4527 -4.3329 -13.3129
v  -0.4527 -4.3229 -13.3129
v  -0.4435 -4.3329 -13.3168
v  -0.4073 -4.3329 -13.2281
v  -0.4073 -4.3229 -13.2281
v  -0.3990 -4.3329 -13.2336
v  -0.3463 -4.3329 -13.1537
v  -0.3463 -4.3229 -13.1537
v  -0.3392 -4.3329 -13.1607
v  -0.2718 -4.3329 -13.0928
v  -0.2718 -4.3229 -13.0928
v  -0.2663 -4.3329 -13.1011
v  -0.1869 -4.3329 -13.0476
v  -0.1869 -4.3229 -13.0476
v  -0.1831 -4.3329 -13.0568
v  -0.0948 -4.3329 -13.0198
v  -0.0935 -4.3230 -13.0196
v  -0.0929 -4.3329 -13.0296
v  -0.0009 -4.3324 -13.0105
v  -0.0007 -4.3224 -13.0105
v  -0.0008 -4.3324 -13.0205
v  -0.0002 -4.3329 -13.9904
v  -0.0002 -4.3329 -13.9804
v  -0.0002 -4.3229 -13.9904
v  -0.0934 -4.3329 -13.9814
v  -0.0935 -4.3229 -13.9814
v  -0.0915 -4.3329 -13.9716
v  -0.1854 -4.3329 -13.9540
v  -0.1855 -4.3229 -13.9539
v  -0.1816 -4.3329 -13.9447
v  -0.2704 -4.3329 -13.9091
v  -0.2705 -4.3229 -13.9091
v  -0.2649 -4.3329 -13.9008
v  -0.3463 -4.3329 -13.8473
v  -0.3462 -4.3229 -13.8473
v  -0.3392 -4.3329 -13.8402
v  -0.4078 -4.3329 -13.7721
v  -0.4078 -4.3229 -13.7722
v  -0.3995 -4.3329 -13.7666
v  -0.4529 -4.3329 -13.6876
v  -0.4529 -4.3229 -13.6876
v  -0.4436 -4.3329 -13.6837
v  -0.4809 -4.3329 -13.5949
v  -0.4808 -4.3229 -13.5950
v  -0.4710 -4.3329 -13.5930
v  0.4804 -4.3329 -13.4050
v  0.4705 -4.3329 -13.4070
v  0.4804 -4.3229 -13.4050
v  0.4898 -4.3329 -13.5006
v  0.4898 -4.3229 -13.5006
v  0.4798 -4.3329 -13.5006
v  0.4524 -4.3329 -13.3129
v  0.4432 -4.3329 -13.3168
v  0.4524 -4.3229 -13.3129
v  0.4070 -4.3329 -13.2281
v  0.3987 -4.3329 -13.2336
v  0.4070 -4.3229 -13.2281
v  0.3460 -4.3329 -13.1537
v  0.3389 -4.3329 -13.1607
v  0.3460 -4.3229 -13.1537
v  0.2715 -4.3329 -13.0928
v  0.2660 -4.3329 -13.1011
v  0.2715 -4.3229 -13.0928
v  0.1868 -4.3329 -13.0469
v  0.1830 -4.3329 -13.0562
v  0.1858 -4.3230 -13.0466
v  0.0947 -4.3328 -13.0192
v  0.0928 -4.3328 -13.0290
v  0.0926 -4.3231 -13.0189
v  0.0931 -4.3329 -13.9814
v  0.0912 -4.3329 -13.9716
v  0.0932 -4.3229 -13.9814
v  0.1851 -4.3329 -13.9540
v  0.1813 -4.3329 -13.9447
v  0.1851 -4.3229 -13.9539
v  0.2700 -4.3329 -13.9091
v  0.2645 -4.3329 -13.9008
v  0.2701 -4.3229 -13.9091
v  0.3460 -4.3329 -13.8473
v  0.3389 -4.3329 -13.8402
v  0.3459 -4.3229 -13.8473
v  0.4085 -4.3329 -13.7707
v  0.4002 -4.3329 -13.7652
v  0.4084 -4.3229 -13.7709
v  0.4513 -4.3315 -13.6906
v  0.4421 -4.3315 -13.6867
v  0.4514 -4.3215 -13.6904
v  0.4804 -4.3328 -13.5956
v  0.4706 -4.3328 -13.5937
v  0.4804 -4.3228 -13.5957
v  2.6684 -2.1363 1.2696
v  2.6747 -2.1206 2.1251
v  2.6419 -2.1439 2.1252
v  2.6366 -2.1587 1.2725
v  2.5776 -2.0349 1.2698
v  2.5862 -2.0225 2.1243
v  2.6650 -2.0826 2.1247
v  2.6596 -2.0982 1.2701
v  2.4886 -1.9888 1.2699
v  2.4946 -1.9752 2.1242
v  2.3899 -1.9596 1.2704
v  2.3940 -1.9452 2.1242
v  2.2860 -1.9490 1.2709
v  2.2865 -1.9340 2.1247
v  2.1705 -1.9610 1.2714
v  2.1690 -1.9462 2.1254
v  2.0468 -1.9938 1.2721
v  2.0433 -1.9790 2.1265
v  1.8849 -2.0316 1.2717
v  1.8826 -2.0169 2.1257
v  1.3643 -2.0879 1.2705
v  1.3639 -2.0729 2.1227
v  1.3864 -2.0729 2.1228
v  1.3863 -2.0879 1.2706
v  1.4262 -2.0721 2.1230
v  1.4267 -2.0871 1.2701
v  1.7056 -2.0471 2.1247
v  1.7087 -2.0617 1.2719
v  2.5328 -2.1437 2.1251
v  2.5016 -2.1588 1.2710
v  1.3395 -2.0978 1.2705
v  1.3395 -2.0828 2.1239
v  1.3290 -2.1226 1.2709
v  1.3297 -2.1081 2.1245
v  1.3298 -2.1361 2.0938
v  2.6419 -2.8520 2.1252
v  2.6366 -2.8372 1.2725
v  2.5016 -2.8372 1.2710
v  2.5328 -2.8522 2.1251
v  2.5862 -2.9734 2.1243
v  2.5773 -2.9617 1.2712
v  2.6596 -2.8977 1.2701
v  2.6650 -2.9132 2.1247
v  2.4948 -3.0206 2.1245
v  2.4902 -3.0063 1.2701
v  2.3951 -3.0504 2.1244
v  2.3926 -3.0357 1.2704
v  2.2848 -3.0619 2.1242
v  2.2860 -3.0467 1.2707
v  2.1725 -3.0509 2.1256
v  2.1748 -3.0360 1.2714
v  2.0426 -3.0167 2.1265
v  2.0452 -3.0016 1.2718
v  1.8787 -2.9788 2.1258
v  1.8810 -2.9635 1.2713
v  1.3864 -2.9230 2.1228
v  1.3863 -2.9080 1.2706
v  1.4267 -2.9088 1.2701
v  1.4262 -2.9238 2.1230
v  1.7087 -2.9342 1.2719
v  1.7056 -2.9491 2.1248
v  2.6682 -2.8597 1.2697
v  2.6742 -2.8738 2.1239
v  1.3639 -2.9230 2.1226
v  1.3642 -2.9080 1.2701
v  1.3393 -2.9129 2.1240
v  1.3392 -2.8978 1.2697
v  1.3297 -2.8885 2.1243
v  1.3290 -2.8731 1.2710
v  1.6438 -2.4640 1.5310
v  1.6438 -2.4982 1.5276
v  1.6438 -2.5281 1.5298
v  1.6438 -2.5599 1.5387
v  1.6438 -2.5891 1.5540
v  1.6438 -2.6172 1.5763
v  1.6438 -2.6389 1.6026
v  1.6438 -2.6548 1.6319
v  1.6438 -2.6645 1.6639
v  1.6438 -2.6682 1.6979
v  1.6438 -2.6646 1.7322
v  1.6438 -2.6557 1.7626
v  1.6438 -2.6402 1.7912
v  1.6438 -2.6191 1.8178
v  1.6438 -2.5934 1.8393
v  1.6438 -2.5653 1.8546
v  1.6438 -2.5320 1.8652
v  1.6438 -2.4977 1.8688
v  1.6438 -2.4637 1.8651
v  1.6438 -2.4327 1.8558
v  1.6438 -2.4024 1.8392
v  1.6438 -2.3771 1.8182
v  1.6438 -2.3563 1.7923
v  1.6438 -2.3404 1.7619
v  1.6438 -2.3312 1.7309
v  1.6438 -2.3277 1.6979
v  1.6438 -2.3314 1.6631
v  1.6438 -2.3401 1.6337
v  1.6438 -2.3562 1.6031
v  1.6438 -2.3776 1.5770
v  1.6438 -2.4034 1.5556
v  1.6438 -2.4323 1.5402
v  1.6438 -2.4976 1.6975
v  1.8354 -2.3551 1.7905
v  1.8277 -2.3755 1.8166
v  1.8203 -2.4007 1.8381
v  1.8136 -2.4313 1.8551
v  1.8098 -2.4630 1.8649
v  1.8083 -2.4977 1.8687
v  1.8100 -2.5329 1.8650
v  1.8144 -2.5667 1.8540
v  1.8205 -2.5951 1.8382
v  1.8280 -2.6207 1.8162
v  1.8362 -2.6414 1.7894
v  1.8429 -2.6564 1.7610
v  1.8476 -2.6648 1.7311
v  1.8504 -2.6682 1.6975
v  1.8501 -2.6647 1.6644
v  1.8474 -2.6552 1.6330
v  1.8426 -2.6398 1.6039
v  1.8367 -2.6184 1.5775
v  1.8303 -2.5905 1.5548
v  1.8254 -2.5611 1.5392
v  1.8221 -2.5288 1.5299
v  1.8211 -2.4982 1.5276
v  1.8224 -2.4633 1.5311
v  1.8258 -2.4312 1.5407
v  1.8309 -2.4021 1.5565
v  1.8369 -2.3763 1.5782
v  1.8429 -2.3553 1.6044
v  1.8477 -2.3397 1.6347
v  1.8501 -2.3312 1.6635
v  1.8504 -2.3276 1.6975
v  1.8477 -2.3309 1.7298
v  1.8428 -2.3397 1.7602
v  1.6538 -2.3771 1.8182
v  1.6538 -2.3563 1.7923
v  1.6538 -2.3404 1.7619
v  1.6538 -2.3312 1.7309
v  1.6538 -2.3277 1.6979
v  1.6538 -2.3314 1.6631
v  1.6538 -2.3401 1.6337
v  1.6538 -2.3562 1.6031
v  1.6538 -2.3776 1.5770
v  1.6538 -2.4034 1.5556
v  1.6538 -2.4323 1.5402
v  1.6538 -2.4640 1.5310
v  1.6538 -2.4982 1.5276
v  1.6538 -2.5281 1.5298
v  1.6538 -2.5599 1.5387
v  1.6538 -2.5891 1.5540
v  1.6538 -2.6172 1.5763
v  1.6538 -2.6389 1.6026
v  1.6538 -2.6548 1.6319
v  1.6538 -2.6645 1.6639
v  1.6538 -2.6682 1.6979
v  1.6538 -2.6646 1.7322
v  1.6538 -2.6557 1.7626
v  1.6538 -2.6402 1.7912
v  1.6538 -2.6191 1.8178
v  1.6538 -2.5934 1.8393
v  1.6538 -2.5653 1.8546
v  1.6538 -2.5320 1.8652
v  1.6538 -2.4977 1.8688
v  1.6538 -2.4637 1.8651
v  1.6538 -2.4327 1.8558
v  1.6538 -2.4024 1.8392
v  -0.5963 -2.6083 2.3786
v  -0.5308 -2.6031 2.3786
v  -0.5638 -2.7211 2.3786
v  -0.5006 -2.7034 2.3786
v  -0.5076 -2.8297 2.3786
v  -0.4492 -2.7997 2.3786
v  -0.4289 -2.9266 2.3788
v  -0.3779 -2.8853 2.3786
v  -0.3319 -3.0054 2.3788
v  -0.2905 -2.9544 2.3786
v  -0.2233 -3.0617 2.3788
v  -0.1929 -3.0034 2.3786
v  -0.1105 -3.0941 2.3788
v  -0.0919 -3.0311 2.3786
v  -0.0002 -3.1042 2.3788
v  0.0067 -3.0389 2.3786
v  0.1102 -3.0941 2.3788
v  0.1050 -3.0286 2.3786
v  0.2230 -3.0617 2.3788
v  0.2053 -2.9984 2.3786
v  0.3316 -3.0054 2.3788
v  0.3016 -2.9470 2.3786
v  0.4285 -2.9266 2.3788
v  0.3872 -2.8756 2.3786
v  0.5073 -2.8297 2.3788
v  0.4563 -2.7883 2.3786
v  0.5636 -2.7211 2.3788
v  0.5053 -2.6907 2.3786
v  0.5960 -2.6083 2.3788
v  0.5330 -2.5897 2.3786
v  -0.6209 -2.6124 2.3680
v  -0.5872 -2.7299 2.3680
v  -0.5287 -2.8430 2.3680
v  -0.4468 -2.9440 2.3679
v  -0.3459 -3.0260 2.3679
v  -0.2329 -3.0846 2.3680
v  -0.1155 -3.1185 2.3680
v  -0.0007 -3.1291 2.3680
v  0.1142 -3.1187 2.3680
v  0.2321 -3.0848 2.3680
v  0.3447 -3.0265 2.3681
v  0.4457 -2.9446 2.3681
v  0.5277 -2.8437 2.3681
v  0.5863 -2.7307 2.3682
v  0.6202 -2.6133 2.3682
v  -0.6307 -2.6147 2.3426
v  -0.6329 -2.6152 2.2127
v  -0.5964 -2.7341 2.3425
v  -0.5985 -2.7349 2.2126
v  -0.5369 -2.8489 2.3424
v  -0.5386 -2.8501 2.2125
v  -0.4536 -2.9514 2.3424
v  -0.4551 -2.9529 2.2125
v  -0.3511 -3.0347 2.3424
v  -0.3522 -3.0364 2.2125
v  -0.2362 -3.0942 2.3424
v  -0.2370 -3.0962 2.2125
v  -0.1169 -3.1285 2.3425
v  -0.1173 -3.1307 2.2126
v  -0.0003 -3.1392 2.3425
v  -0.0003 -3.1414 2.2126
v  0.1164 -3.1285 2.3426
v  0.1168 -3.1308 2.2127
v  0.2357 -3.0943 2.3426
v  0.2231 -3.1015 2.2131
v  0.3506 -3.0348 2.3428
v  0.3518 -3.0367 2.2129
v  0.4531 -2.9515 2.3429
v  0.4547 -2.9530 2.2130
v  0.5365 -2.8490 2.3430
v  0.5383 -2.8502 2.2131
v  0.5960 -2.7341 2.3431
v  0.5980 -2.7350 2.2132
v  0.6304 -2.6148 2.3433
v  0.6322 -2.6151 2.2133
v  -0.5768 -2.5961 0.6189
v  -0.5341 -2.5856 0.6188
v  -0.5469 -2.7071 0.6189
v  -0.5071 -2.6875 0.6188
v  -0.4940 -2.8117 0.6189
v  -0.4580 -2.7856 0.6188
v  -0.4162 -2.9091 0.6189
v  -0.3884 -2.8756 0.6188
v  -0.3222 -2.9853 0.6189
v  -0.3029 -2.9460 0.6188
v  -0.2182 -3.0400 0.6189
v  -0.2064 -2.9978 0.6188
v  -0.1076 -3.0722 0.6189
v  -0.1047 -3.0291 0.6188
v  -0.0001 -3.0822 0.6188
v  -0.0052 -3.0395 0.6188
v  0.1075 -3.0724 0.6188
v  0.0938 -3.0310 0.6188
v  0.2121 -3.0429 0.6189
v  0.1949 -3.0030 0.6188
v  0.3225 -2.9848 0.6188
v  0.2926 -2.9527 0.6188
v  0.4154 -2.9092 0.6189
v  0.3803 -2.8831 0.6188
v  0.4904 -2.8142 0.6188
v  0.4523 -2.7949 0.6188
v  0.5453 -2.7065 0.6188
v  0.5026 -2.6978 0.6188
v  0.5757 -2.5976 0.6188
v  0.5318 -2.5963 0.6188
v  -0.5986 -2.6022 0.6281
v  -0.5671 -2.7153 0.6276
v  -0.5113 -2.8244 0.6274
v  -0.4337 -2.9249 0.6292
v  -0.3362 -3.0050 0.6291
v  -0.2274 -3.0622 0.6291
v  -0.1128 -3.0958 0.6290
v  -0.0011 -3.1064 0.6288
v  0.1110 -3.0964 0.6288
v  0.2225 -3.0645 0.6290
v  0.3353 -3.0054 0.6290
v  0.4324 -2.9257 0.6292
v  0.5111 -2.8271 0.6290
v  0.5682 -2.7158 0.6286
v  0.5997 -2.6019 0.6287
v  -0.6099 -2.6040 0.6531
v  -0.6193 -2.6056 1.1845
v  -0.5781 -2.7193 0.6531
v  -0.5870 -2.7228 1.1846
v  -0.5219 -2.8309 0.6531
v  -0.5299 -2.8361 1.1846
v  -0.4425 -2.9312 0.6530
v  -0.4492 -2.9377 1.1846
v  -0.3438 -3.0130 0.6530
v  -0.3489 -3.0207 1.1846
v  -0.2326 -3.0718 0.6530
v  -0.2361 -3.0804 1.1845
v  -0.1166 -3.1061 0.6530
v  -0.1184 -3.1152 1.1845
v  -0.0030 -3.1167 0.6531
v  -0.0030 -3.1264 1.1844
v  0.1108 -3.1067 0.6531
v  0.1125 -3.1162 1.1843
v  0.2274 -3.0736 0.6530
v  0.2187 -3.0871 1.1845
v  0.3395 -3.0156 0.6530
v  0.3446 -3.0233 1.1841
v  0.4394 -2.9340 0.6530
v  0.4459 -2.9406 1.1841
v  0.5201 -2.8336 0.6530
v  0.5279 -2.8387 1.1839
v  0.5774 -2.7214 0.6530
v  0.5859 -2.7247 1.1838
v  0.6097 -2.6050 0.6530
v  0.6188 -2.6067 1.1837
v  0.4700 -2.9871 2.1786
v  0.5674 -2.8717 2.1786
v  0.7071 -2.9336 2.1788
v  0.6288 -2.7542 2.1788
v  0.4580 -2.9631 2.1896
v  0.5469 -2.8568 2.1884
v  0.6079 -2.7400 2.1882
v  0.6444 -2.6145 2.1877
v  0.6662 -2.6235 2.1788
v  1.2538 -2.8887 2.1786
v  1.1055 -2.8911 2.1788
v  0.9092 -2.9058 2.1788
v  0.4768 -3.0119 2.1674
v  0.7078 -2.9599 2.1684
v  1.2533 -2.9130 2.1687
v  1.1011 -2.9162 2.1687
v  0.9013 -2.9314 2.1683
v  1.2528 -2.9236 2.1450
v  1.2534 -2.9086 1.2530
v  1.0962 -2.9265 2.1441
v  0.4715 -3.0074 1.2533
v  0.4783 -3.0211 2.1451
v  0.6790 -2.9601 1.2536
v  0.7048 -2.9705 2.1439
v  0.8648 -2.9308 1.2530
v  0.8926 -2.9425 2.1437
v  1.0801 -2.9124 1.2535
v  0.3502 -3.0557 2.1793
v  0.3491 -3.0487 2.1906
v  0.3497 -3.0407 2.2010
v  0.3508 -3.0582 2.1664
v  0.3482 -3.0433 1.2320
v  0.4629 -2.9743 1.2186
v  0.5483 -2.8726 1.2186
v  0.6126 -2.7536 1.2186
v  0.6713 -2.9263 1.2186
v  0.8117 -2.9023 1.2186
v  0.9072 -2.8906 1.2186
v  0.9052 -2.7589 1.2188
v  1.0207 -2.8807 1.2186
v  1.1256 -2.8753 1.2186
v  1.2539 -2.8738 1.2186
v  1.2538 -2.6672 1.2186
v  0.6517 -2.6242 1.2186
v  1.2536 -2.8985 1.2290
v  1.1313 -2.9000 1.2293
v  0.4697 -2.9986 1.2302
v  0.6766 -2.9505 1.2292
v  0.8137 -2.9267 1.2286
v  0.9114 -2.9146 1.2288
v  1.0240 -2.9050 1.2289
v  0.3471 -3.0329 1.2073
v  0.3485 -3.0402 1.2189
v  0.3451 -3.0260 1.1966
v  0.4498 -2.9504 1.2077
v  0.5358 -2.8490 1.2102
v  0.5929 -2.7366 1.2088
v  0.6282 -2.6155 1.2089
v  1.1513 -2.6679 1.2859
v  1.0063 -2.6679 1.2859
v  1.0114 -2.6946 1.2859
v  1.0276 -2.7192 1.2859
v  1.0522 -2.7353 1.2859
v  1.0788 -2.7404 1.2859
v  1.1055 -2.7353 1.2859
v  1.1301 -2.7192 1.2859
v  1.1463 -2.6946 1.2859
v  1.0114 -2.6413 1.2859
v  1.0276 -2.6167 1.2859
v  1.0522 -2.6005 1.2859
v  1.0788 -2.5954 1.2859
v  1.1055 -2.6005 1.2859
v  1.1301 -2.6167 1.2859
v  1.1463 -2.6413 1.2859
v  1.0063 -2.6679 1.3086
v  1.0114 -2.6946 1.3086
v  1.0276 -2.7192 1.3086
v  1.0522 -2.7353 1.3086
v  1.0788 -2.7404 1.3086
v  1.1055 -2.7353 1.3086
v  1.1301 -2.7192 1.3086
v  1.1463 -2.6946 1.3086
v  1.1513 -2.6679 1.3086
v  1.0114 -2.6413 1.3086
v  1.0276 -2.6167 1.3086
v  1.0522 -2.6005 1.3086
v  1.0788 -2.5954 1.3086
v  1.1055 -2.6005 1.3086
v  1.1301 -2.6167 1.3086
v  1.1463 -2.6413 1.3086
v  1.2888 -2.6672 1.2531
v  1.2888 -2.8745 1.2530
v  1.2777 -2.8904 2.1690
v  1.2774 -2.9065 2.1622
v  1.2776 -2.8992 1.2512
v  1.2776 -2.9141 2.1466
v  1.2788 -2.6674 1.2290
v  1.2782 -2.8762 1.2286
v  1.2774 -2.8921 1.2355
v  -0.5111 -2.5993 2.3304
v  -0.4820 -2.6960 2.3304
v  -0.4324 -2.7887 2.3304
v  -0.3636 -2.8712 2.3304
v  -0.2793 -2.9377 2.3304
v  -0.1853 -2.9848 2.3304
v  -0.0880 -3.0114 2.3304
v  0.0034 -3.0189 2.3300
v  0.1016 -3.0088 2.3304
v  0.1981 -2.9796 2.3304
v  0.2908 -2.9300 2.3304
v  0.3730 -2.8614 2.3304
v  0.4395 -2.7772 2.3304
v  0.4866 -2.6834 2.3304
v  0.5132 -2.5862 2.3304
v  -0.5112 -2.5998 2.3605
v  -0.4820 -2.6964 2.3605
v  -0.4323 -2.7891 2.3606
v  -0.3635 -2.8715 2.3606
v  -0.2792 -2.9380 2.3607
v  -0.1852 -2.9851 2.3607
v  -0.0878 -3.0116 2.3608
v  0.0072 -3.0190 2.3609
v  0.1019 -3.0090 2.3609
v  0.1984 -2.9798 2.3610
v  0.2911 -2.9301 2.3610
v  0.3734 -2.8613 2.3611
v  0.4400 -2.7771 2.3611
v  0.4870 -2.6831 2.3612
v  0.5136 -2.5858 2.3612
v  -0.5174 -2.6010 2.3733
v  -0.4879 -2.6988 2.3733
v  -0.4376 -2.7926 2.3733
v  -0.3680 -2.8760 2.3733
v  -0.2827 -2.9434 2.3733
v  -0.1875 -2.9911 2.3733
v  -0.0890 -3.0180 2.3734
v  0.0074 -3.0254 2.3734
v  0.1030 -3.0153 2.3734
v  0.2008 -2.9858 2.3734
v  0.2946 -2.9355 2.3734
v  0.3781 -2.8659 2.3735
v  0.4454 -2.7806 2.3735
v  0.4931 -2.6854 2.3735
v  0.5200 -2.5868 2.3735
v  0.2236 -3.1028 2.1268
v  0.1169 -3.1322 2.1268
v  -0.0005 -3.1428 2.1268
v  -0.1179 -3.1320 2.1268
v  -0.2379 -3.0973 2.1268
v  -0.3533 -3.0373 2.1268
v  -0.4565 -2.9536 2.1268
v  -0.5400 -2.8503 2.1268
v  -0.6000 -2.7349 2.1268
v  -0.6344 -2.6149 2.1268
v  1.0958 -2.9268 2.1257
v  1.2530 -2.9239 2.1257
v  0.4783 -3.0215 2.1257
v  0.7043 -2.9709 2.1257
v  0.8920 -2.9429 2.1257
v  0.3511 -3.0588 2.1260
v  1.2888 -2.8889 2.1444
v  1.2776 -2.9138 2.1257
v  -0.5506 -2.5885 0.6768
v  -0.5226 -2.6935 0.6767
v  -0.4726 -2.7945 0.6768
v  -0.4003 -2.8866 0.6767
v  -0.3126 -2.9599 0.6770
v  -0.2130 -3.0134 0.6770
v  -0.1082 -3.0451 0.6769
v  -0.0057 -3.0557 0.6768
v  0.0965 -3.0473 0.6769
v  0.2009 -3.0182 0.6769
v  0.3013 -2.9673 0.6770
v  0.3918 -2.8948 0.6769
v  0.4663 -2.8041 0.6769
v  0.5183 -2.7040 0.6769
v  0.5485 -2.5994 0.6769
v  -0.5142 -2.5820 0.6385
v  -0.4882 -2.6799 0.6386
v  -0.4414 -2.7747 0.6386
v  -0.3739 -2.8605 0.6385
v  -0.2923 -2.9289 0.6385
v  -0.1994 -2.9790 0.6386
v  -0.1015 -3.0087 0.6385
v  -0.0058 -3.0189 0.6385
v  0.0894 -3.0110 0.6386
v  0.1873 -2.9838 0.6386
v  0.2808 -2.9364 0.6387
v  0.3653 -2.8691 0.6385
v  0.4350 -2.7843 0.6386
v  0.4835 -2.6913 0.6387
v  0.5120 -2.5935 0.6387
v  -0.5189 -2.5827 0.6257
v  -0.4927 -2.6815 0.6257
v  -0.4454 -2.7772 0.6259
v  -0.3776 -2.8641 0.6257
v  -0.2951 -2.9331 0.6259
v  -0.2012 -2.9836 0.6259
v  -0.1024 -3.0137 0.6258
v  -0.0058 -3.0239 0.6257
v  0.0903 -3.0159 0.6259
v  0.1891 -2.9886 0.6259
v  0.2836 -2.9406 0.6260
v  0.3688 -2.8727 0.6258
v  0.4391 -2.7870 0.6258
v  0.4880 -2.6931 0.6259
v  0.5166 -2.5944 0.6259
v  -0.5141 -2.5823 0.6685
v  -0.4881 -2.6802 0.6685
v  -0.4415 -2.7746 0.6686
v  -0.3740 -2.8606 0.6685
v  -0.2924 -2.9291 0.6686
v  -0.1994 -2.9792 0.6686
v  -0.1015 -3.0087 0.6687
v  -0.0059 -3.0187 0.6686
v  0.0895 -3.0109 0.6687
v  0.1872 -2.9839 0.6687
v  0.2808 -2.9364 0.6687
v  0.3655 -2.8690 0.6685
v  0.4351 -2.7842 0.6686
v  0.4837 -2.6909 0.6687
v  0.5121 -2.5931 0.6687
v  0.9579 -2.6201 1.2188
v  0.9639 -2.6224 1.2264
v  0.9479 -2.6191 1.2188
v  0.9485 -2.6677 1.2188
v  0.9394 -2.6635 1.2188
v  0.9550 -2.6677 1.2264
v  1.0789 -2.5379 1.2186
v  1.0789 -2.5444 1.2262
v  1.0760 -2.5284 1.2186
v  1.0310 -2.5471 1.2186
v  1.0285 -2.5374 1.2186
v  1.0334 -2.5531 1.2262
v  1.1267 -2.5471 1.2186
v  1.1243 -2.5531 1.2262
v  1.1243 -2.5374 1.2186
v  0.9869 -2.5760 1.2186
v  0.9787 -2.5703 1.2186
v  0.9915 -2.5806 1.2262
v  1.1708 -2.5760 1.2186
v  1.1662 -2.5806 1.2262
v  1.1736 -2.5678 1.2186
v  0.9580 -2.7158 1.2186
v  0.9493 -2.7197 1.2186
v  0.9640 -2.7134 1.2262
v  1.1997 -2.6201 1.2186
v  1.1937 -2.6225 1.2262
v  1.2069 -2.6133 1.2186
v  0.9869 -2.7599 1.2186
v  0.9805 -2.7682 1.2186
v  0.9915 -2.7553 1.2262
v  1.0310 -2.7888 1.2186
v  1.0299 -2.7988 1.2186
v  1.0334 -2.7828 1.2262
v  1.0788 -2.7979 1.2186
v  1.0780 -2.8085 1.2186
v  1.0788 -2.7914 1.2262
v  1.1267 -2.7888 1.2186
v  1.1266 -2.7988 1.2186
v  1.1243 -2.7828 1.2262
v  1.1708 -2.7599 1.2186
v  1.1662 -2.7553 1.2262
v  1.1767 -2.7679 1.2186
v  1.1997 -2.7158 1.2186
v  1.2030 -2.7253 1.2186
v  1.1937 -2.7134 1.2262
v  1.2088 -2.6679 1.2186
v  1.2188 -2.6678 1.2186
v  1.2024 -2.6679 1.2262
v  0.8682 -2.6310 1.2188
v  0.8682 -2.6310 1.2288
v  0.8773 -2.6352 1.2188
v  0.8744 -2.6122 1.2188
v  0.8843 -2.6131 1.2188
v  0.8743 -2.6122 1.2288
v  0.6738 -2.6210 1.2189
v  0.6738 -2.6209 1.2289
v  0.6640 -2.6224 1.2188
v  0.6738 -2.7779 1.2188
v  0.6646 -2.7742 1.2187
v  0.6738 -2.7779 1.2288
v  0.6760 -2.7890 1.2188
v  0.6676 -2.7945 1.2188
v  0.6760 -2.7890 1.2288
v  0.6847 -2.8010 1.2186
v  0.6836 -2.8110 1.2186
v  0.6847 -2.8010 1.2286
v  0.6956 -2.8063 1.2186
v  0.6936 -2.8161 1.2186
v  0.6956 -2.8063 1.2286
v  0.7373 -2.8080 1.2188
v  0.7373 -2.8168 1.2188
v  0.7373 -2.8080 1.2288
v  0.7818 -2.8078 1.2188
v  0.7802 -2.8172 1.2188
v  0.7818 -2.8078 1.2288
v  0.7925 -2.8047 1.2188
v  0.7969 -2.8134 1.2188
v  0.7925 -2.8047 1.2288
v  0.8020 -2.7968 1.2188
v  0.8098 -2.8028 1.2187
v  0.8020 -2.7968 1.2288
v  0.8448 -2.6435 1.2188
v  0.8448 -2.6434 1.2288
v  0.8529 -2.6494 1.2188
v  0.8094 -2.6675 1.2188
v  0.8094 -2.6675 1.2288
v  0.8166 -2.6744 1.2188
v  0.8224 -2.6479 1.2188
v  0.8284 -2.6559 1.2188
v  0.8224 -2.6479 1.2288
v  0.8079 -2.7854 1.2188
v  0.8078 -2.7854 1.2288
v  0.8161 -2.7886 1.2188
v  0.8679 -2.6307 1.3086
v  0.8679 -2.6308 1.2986
v  0.8738 -2.6122 1.3086
v  0.8739 -2.6122 1.2986
v  0.8639 -2.6126 1.3085
v  0.6738 -2.6207 1.3078
v  0.6838 -2.6203 1.3079
v  0.6738 -2.6208 1.2978
v  0.6738 -2.7779 1.3086
v  0.6738 -2.7779 1.2986
v  0.6760 -2.7890 1.3086
v  0.6760 -2.7890 1.2986
v  0.6847 -2.8010 1.3086
v  0.6847 -2.8010 1.2986
v  0.6956 -2.8063 1.3086
v  0.6956 -2.8063 1.2986
v  0.7373 -2.8079 1.3086
v  0.7373 -2.8080 1.2986
v  0.7818 -2.8076 1.3086
v  0.7818 -2.8076 1.2986
v  0.7924 -2.8044 1.3086
v  0.7924 -2.8045 1.2986
v  0.8019 -2.7967 1.3086
v  0.8020 -2.7967 1.2986
v  0.8076 -2.7853 1.3086
v  0.8076 -2.7853 1.2986
v  0.8447 -2.6429 1.3086
v  0.8447 -2.6429 1.2986
v  0.8093 -2.6675 1.3086
v  0.8094 -2.6675 1.2986
v  0.8224 -2.6478 1.3086
v  0.8224 -2.6478 1.2986
v  0.8504 -2.6286 1.3085
v  0.8163 -2.6389 1.3085
v  0.7994 -2.6644 1.3085
v  0.7958 -2.7866 1.3085
v  0.7840 -2.7965 1.3085
v  0.7375 -2.7979 1.3085
v  0.6947 -2.7948 1.3085
v  0.6846 -2.7809 1.3086
v  0.7402 -2.7838 1.3086
v  1.0994 -2.6679 1.3014
v  1.0891 -2.6782 1.3081
v  1.0788 -2.6679 1.3081
v  1.0686 -2.6782 1.3081
v  1.0686 -2.6577 1.3081
v  1.0891 -2.6577 1.3081
v  1.0788 -2.6474 1.3014
v  1.1804 -2.7495 1.2246
v  1.1280 -2.5983 1.2246
v  1.0788 -2.6474 1.2246
v  1.0994 -2.6679 1.2246
v  1.2037 -2.7047 1.2246
v  1.2082 -2.6540 1.2246
v  1.1938 -2.6074 1.2246
v  1.1636 -2.5696 1.2246
v  1.1214 -2.5452 1.2246
v  1.0766 -2.5384 1.2246
v  1.0302 -2.5481 1.2246
v  0.9874 -2.5767 1.2246
v  0.9585 -2.6212 1.2246
v  0.9498 -2.6709 1.2246
v  0.9595 -2.7173 1.2246
v  0.9881 -2.7601 1.2246
v  1.0326 -2.7890 1.2246
v  1.0823 -2.7977 1.2246
v  1.1364 -2.7838 1.2246
v  1.1485 -2.6188 1.2246
v  1.0297 -2.5983 1.2246
v  1.1485 -2.7171 1.2246
v  1.0848 -2.6415 1.2975
v  1.1053 -2.6620 1.2975
v  1.0729 -2.6415 1.2975
v  1.0524 -2.6620 1.2975
v  1.0092 -2.6188 1.2246
v  1.0583 -2.6679 1.3014
v  1.0583 -2.6679 1.2246
v  1.0297 -2.7376 1.2246
v  1.0092 -2.7171 1.2246
v  1.0524 -2.6739 1.2975
v  1.0788 -2.6884 1.2246
v  1.1053 -2.6739 1.2975
v  1.1280 -2.7376 1.2246
v  1.0848 -2.6944 1.2975
v  1.0729 -2.6944 1.2975
v  1.0788 -2.6884 1.3014
v  1.0788 -2.6474 1.2296
v  1.1269 -2.6020 1.2287
v  1.1448 -2.6199 1.2287
v  1.0994 -2.6679 1.2296
v  1.1448 -2.7160 1.2287
v  1.1269 -2.7339 1.2287
v  1.0788 -2.6884 1.2296
v  1.0308 -2.7339 1.2287
v  1.0129 -2.7160 1.2287
v  1.0583 -2.6679 1.2296
v  1.0129 -2.6199 1.2287
v  1.0308 -2.6020 1.2287
v  1.0890 -2.6783 1.3014
v  1.0892 -2.6578 1.3014
v  1.0686 -2.6577 1.3014
v  1.0686 -2.6782 1.3014
v  1.0821 -2.7878 1.2246
v  1.0361 -2.7797 1.2246
v  0.9950 -2.7530 1.2246
v  0.9686 -2.7134 1.2246
v  0.9596 -2.6706 1.2246
v  0.9677 -2.6246 1.2246
v  0.9944 -2.5835 1.2246
v  1.0340 -2.5570 1.2246
v  1.0768 -2.5481 1.2246
v  1.1182 -2.5543 1.2246
v  1.1572 -2.5769 1.2246
v  1.1851 -2.6118 1.2246
v  1.1984 -2.6549 1.2246
v  1.1943 -2.7018 1.2246
v  1.1727 -2.7432 1.2246
v  1.1321 -2.7749 1.2247
v  1.1280 -2.5912 1.2246
v  1.0788 -2.6404 1.2246
v  1.0297 -2.5912 1.2246
v  1.0021 -2.6188 1.2246
v  1.0513 -2.6679 1.2246
v  1.0021 -2.7171 1.2246
v  1.0297 -2.7447 1.2246
v  1.0788 -2.6955 1.2246
v  1.1280 -2.7447 1.2246
v  1.1556 -2.7171 1.2246
v  1.1064 -2.6679 1.2246
v  1.1556 -2.6188 1.2246
v  -0.5963 -2.3876 2.3786
v  -0.5308 -2.3928 2.3786
v  -0.5411 -2.4979 2.3786
v  -0.6064 -2.4979 2.3786
v  -0.5638 -2.2747 2.3786
v  -0.5006 -2.2925 2.3786
v  -0.5076 -2.1662 2.3786
v  -0.4492 -2.1962 2.3786
v  -0.4289 -2.0692 2.3788
v  -0.3779 -2.1106 2.3786
v  -0.3319 -1.9904 2.3788
v  -0.2905 -2.0414 2.3786
v  -0.2233 -1.9342 2.3788
v  -0.1929 -1.9924 2.3786
v  -0.1105 -1.9017 2.3788
v  -0.0919 -1.9647 2.3786
v  -0.0002 -1.8916 2.3788
v  0.0067 -1.9569 2.3786
v  0.1102 -1.9017 2.3788
v  0.1050 -1.9672 2.3786
v  0.2230 -1.9342 2.3788
v  0.2053 -1.9974 2.3786
v  0.3316 -1.9905 2.3788
v  0.3016 -2.0488 2.3786
v  0.4285 -2.0692 2.3788
v  0.3872 -2.1202 2.3786
v  0.5073 -2.1661 2.3788
v  0.4563 -2.2076 2.3786
v  0.5636 -2.2747 2.3788
v  0.5053 -2.3051 2.3786
v  0.5960 -2.3876 2.3788
v  0.5330 -2.4062 2.3786
v  0.6061 -2.4979 2.3788
v  0.5408 -2.4979 2.3786
v  -0.6313 -2.4979 2.3680
v  -0.6209 -2.3834 2.3680
v  -0.5872 -2.2659 2.3680
v  -0.5287 -2.1529 2.3680
v  -0.4468 -2.0519 2.3679
v  -0.3459 -1.9698 2.3679
v  -0.2329 -1.9112 2.3680
v  -0.1155 -1.8773 2.3680
v  -0.0007 -1.8667 2.3680
v  0.1142 -1.8772 2.3680
v  0.2321 -1.9110 2.3680
v  0.3447 -1.9694 2.3681
v  0.4457 -2.0513 2.3681
v  0.5277 -2.1521 2.3681
v  0.5863 -2.2651 2.3682
v  0.6202 -2.3826 2.3682
v  0.6308 -2.4979 2.3683
v  -0.6414 -2.4979 2.3426
v  -0.6437 -2.4979 2.2127
v  -0.6329 -2.3807 2.2127
v  -0.6307 -2.3811 2.3426
v  -0.5985 -2.2609 2.2126
v  -0.5964 -2.2618 2.3425
v  -0.5386 -2.1458 2.2125
v  -0.5369 -2.1469 2.3424
v  -0.4551 -2.0429 2.2125
v  -0.4536 -2.0444 2.3424
v  -0.3522 -1.9594 2.2125
v  -0.3511 -1.9612 2.3424
v  -0.2370 -1.8996 2.2125
v  -0.2362 -1.9017 2.3424
v  -0.1173 -1.8651 2.2126
v  -0.1169 -1.8674 2.3425
v  -0.0003 -1.8544 2.2126
v  -0.0003 -1.8566 2.3425
v  0.1168 -1.8651 2.2127
v  0.1164 -1.8673 2.3426
v  0.2231 -1.8944 2.2131
v  0.2357 -1.9016 2.3426
v  0.3518 -1.9592 2.2129
v  0.3506 -1.9611 2.3428
v  0.4547 -2.0428 2.2130
v  0.4531 -2.0443 2.3429
v  0.5383 -2.1457 2.2131
v  0.5365 -2.1468 2.3430
v  0.5980 -2.2609 2.2132
v  0.5960 -2.2617 2.3431
v  0.6322 -2.3807 2.2133
v  0.6304 -2.3811 2.3433
v  0.6434 -2.4979 2.2135
v  0.6411 -2.4979 2.3434
v  -0.5852 -2.4979 0.6189
v  -0.5411 -2.4979 0.6188
v  -0.5341 -2.4102 0.6188
v  -0.5768 -2.3997 0.6189
v  -0.5071 -2.3084 0.6188
v  -0.5469 -2.2887 0.6189
v  -0.4580 -2.2102 0.6188
v  -0.4940 -2.1841 0.6189
v  -0.3884 -2.1203 0.6188
v  -0.4162 -2.0868 0.6189
v  -0.3029 -2.0498 0.6188
v  -0.3222 -2.0105 0.6189
v  -0.2064 -1.9980 0.6188
v  -0.2182 -1.9558 0.6189
v  -0.1047 -1.9668 0.6188
v  -0.1076 -1.9236 0.6189
v  -0.0052 -1.9563 0.6188
v  -0.0001 -1.9136 0.6188
v  0.0938 -1.9649 0.6188
v  0.1075 -1.9234 0.6188
v  0.1949 -1.9929 0.6188
v  0.2121 -1.9530 0.6189
v  0.2926 -2.0431 0.6188
v  0.3225 -2.0110 0.6188
v  0.3803 -2.1127 0.6188
v  0.4154 -2.0866 0.6189
v  0.4523 -2.2009 0.6188
v  0.4904 -2.1817 0.6188
v  0.5026 -2.2980 0.6188
v  0.5453 -2.2894 0.6188
v  0.5318 -2.3995 0.6188
v  0.5757 -2.3983 0.6188
v  0.5406 -2.4979 0.6188
v  0.5840 -2.4979 0.6188
v  -0.5986 -2.3936 0.6281
v  -0.6081 -2.4979 0.6284
v  -0.5671 -2.2805 0.6276
v  -0.5113 -2.1715 0.6274
v  -0.4337 -2.0709 0.6292
v  -0.3362 -1.9909 0.6291
v  -0.2274 -1.9337 0.6291
v  -0.1128 -1.9001 0.6290
v  -0.0011 -1.8894 0.6288
v  0.1110 -1.8995 0.6288
v  0.2225 -1.9313 0.6290
v  0.3353 -1.9904 0.6290
v  0.4324 -2.0701 0.6292
v  0.5111 -2.1687 0.6290
v  0.5682 -2.2800 0.6286
v  0.5997 -2.3940 0.6287
v  0.6083 -2.4979 0.6289
v  -0.6099 -2.3919 0.6531
v  -0.6193 -2.3902 1.1845
v  -0.6286 -2.4979 1.1845
v  -0.6189 -2.4979 0.6531
v  -0.5781 -2.2765 0.6531
v  -0.5870 -2.2731 1.1846
v  -0.5219 -2.1649 0.6531
v  -0.5299 -2.1598 1.1846
v  -0.4425 -2.0646 0.6530
v  -0.4492 -2.0581 1.1846
v  -0.3438 -1.9829 0.6530
v  -0.3489 -1.9751 1.1846
v  -0.2326 -1.9241 0.6530
v  -0.2361 -1.9154 1.1845
v  -0.1166 -1.8898 0.6530
v  -0.1184 -1.8806 1.1845
v  -0.0030 -1.8791 0.6531
v  -0.0030 -1.8695 1.1844
v  0.1108 -1.8891 0.6531
v  0.1125 -1.8796 1.1843
v  0.2274 -1.9222 0.6530
v  0.2187 -1.9087 1.1845
v  0.3395 -1.9802 0.6530
v  0.3446 -1.9725 1.1841
v  0.4394 -2.0618 0.6530
v  0.4459 -2.0553 1.1841
v  0.5201 -2.1622 0.6530
v  0.5279 -2.1572 1.1839
v  0.5774 -2.2744 0.6530
v  0.5859 -2.2711 1.1838
v  0.6097 -2.3908 0.6530
v  0.6188 -2.3892 1.1837
v  0.6191 -2.4979 0.6530
v  0.6284 -2.4979 1.1836
v  0.2236 -1.8930 2.1268
v  0.1169 -1.8637 2.1268
v  -0.0005 -1.8530 2.1268
v  -0.1179 -1.8638 2.1268
v  -0.2379 -1.8985 2.1268
v  -0.3533 -1.9586 2.1268
v  -0.4565 -2.0423 2.1268
v  -0.5400 -2.1455 2.1268
v  -0.6000 -2.2609 2.1268
v  -0.6344 -2.3810 2.1268
v  -0.6451 -2.4979 2.1268
v  0.7071 -2.0622 2.1788
v  0.5674 -2.1241 2.1786
v  0.4700 -2.0087 2.1786
v  0.6288 -2.2417 2.1788
v  0.6662 -2.3724 2.1788
v  0.5469 -2.1391 2.1884
v  0.4580 -2.0327 2.1896
v  0.6079 -2.2559 2.1882
v  0.6444 -2.3813 2.1877
v  0.6788 -2.4979 2.1788
v  0.6538 -2.4979 2.1886
v  1.1055 -2.4979 2.1788
v  1.1055 -2.1047 2.1788
v  1.2538 -2.1072 2.1786
v  1.2538 -2.4979 2.1786
v  0.9094 -2.4979 2.1786
v  0.9092 -2.0900 2.1788
v  0.7604 -2.4979 2.1786
v  0.4768 -1.9839 2.1674
v  0.7078 -2.0360 2.1684
v  1.1011 -2.0797 2.1687
v  1.2533 -2.0828 2.1687
v  0.9013 -2.0644 2.1683
v  1.2528 -2.0722 2.1450
v  1.0962 -2.0694 2.1441
v  1.0958 -2.0691 2.1257
v  1.2530 -2.0720 2.1257
v  0.4715 -1.9884 1.2533
v  0.6790 -2.0358 1.2536
v  0.7043 -2.0250 2.1257
v  0.4783 -1.9744 2.1257
v  0.8648 -2.0650 1.2530
v  0.8920 -2.0529 2.1257
v  1.0801 -2.0835 1.2535
v  0.3491 -1.9471 2.1906
v  0.3502 -1.9401 2.1793
v  0.4783 -1.9748 2.1451
v  0.3508 -1.9376 2.1664
v  0.3497 -1.9551 2.2010
v  0.3511 -1.9370 2.1260
v  0.5483 -2.1232 1.2186
v  0.6713 -2.0696 1.2186
v  0.4629 -2.0215 1.2186
v  0.6676 -2.2014 1.2188
v  0.6836 -2.1849 1.2186
v  0.8843 -2.3827 1.2188
v  0.9479 -2.3767 1.2188
v  0.9394 -2.3323 1.2188
v  0.8773 -2.3607 1.2188
v  0.6517 -2.3717 1.2186
v  0.6640 -2.3734 1.2188
v  0.6646 -2.2216 1.2187
v  0.6126 -2.2423 1.2186
v  0.6936 -2.1797 1.2186
v  0.7373 -2.1791 1.2188
v  0.7802 -2.1786 1.2188
v  0.8117 -2.0935 1.2186
v  0.7969 -2.1824 1.2188
v  1.0285 -2.4979 1.2186
v  1.0285 -2.4584 1.2186
v  0.9787 -2.4255 1.2186
v  0.8840 -2.4979 1.2188
v  1.0760 -2.4979 1.2186
v  1.0760 -2.4675 1.2186
v  1.1243 -2.4979 1.2186
v  1.1243 -2.4585 1.2186
v  0.8098 -2.1930 1.2187
v  0.9072 -2.1053 1.2186
v  1.1736 -2.4979 1.2186
v  1.1736 -2.4281 1.2186
v  0.9493 -2.2761 1.2186
v  0.8529 -2.3465 1.2188
v  1.2069 -2.4979 1.2186
v  1.2069 -2.3825 1.2186
v  0.9805 -2.2277 1.2186
v  0.9052 -2.2369 1.2188
v  1.0299 -2.1971 1.2186
v  1.0207 -2.1152 1.2186
v  1.0780 -2.1873 1.2186
v  1.1266 -2.1970 1.2186
v  1.1256 -2.1206 1.2186
v  1.1767 -2.2279 1.2186
v  1.2539 -2.1221 1.2186
v  1.2030 -2.2706 1.2186
v  1.2188 -2.3281 1.2186
v  1.2538 -2.3287 1.2186
v  0.6639 -2.4979 1.2186
v  0.8166 -2.3215 1.2188
v  0.8284 -2.3400 1.2188
v  1.2538 -2.4979 1.2186
v  1.2534 -2.0872 1.2530
v  1.1313 -2.0959 1.2293
v  1.2536 -2.0973 1.2290
v  0.4697 -1.9972 1.2302
v  0.6766 -2.0454 1.2292
v  0.8137 -2.0692 1.2286
v  0.9114 -2.0812 1.2288
v  1.0240 -2.0909 1.2289
v  0.3485 -1.9556 1.2189
v  0.3471 -1.9629 1.2073
v  0.3482 -1.9525 1.2320
v  0.3451 -1.9698 1.1966
v  0.4498 -2.0455 1.2077
v  0.5358 -2.1469 1.2102
v  0.5929 -2.2592 1.2088
v  0.6282 -2.3803 1.2089
v  0.6390 -2.4979 1.2088
v  0.7048 -2.0254 2.1439
v  0.8926 -2.0533 2.1437
v  0.8161 -2.2073 1.2188
v  0.8682 -2.3649 1.2288
v  0.8679 -2.3651 1.2986
v  0.8739 -2.3837 1.2986
v  0.8743 -2.3836 1.2288
v  0.6738 -2.3749 1.2289
v  0.6738 -2.3751 1.2978
v  0.6738 -2.2179 1.2986
v  0.6738 -2.2179 1.2288
v  0.6760 -2.2069 1.2986
v  0.6760 -2.2069 1.2288
v  0.6847 -2.1948 1.2986
v  0.6847 -2.1948 1.2286
v  0.6956 -2.1895 1.2986
v  0.6956 -2.1895 1.2286
v  0.7373 -2.1879 1.2986
v  0.7373 -2.1878 1.2288
v  0.7818 -2.1882 1.2986
v  0.7818 -2.1881 1.2288
v  0.7924 -2.1914 1.2986
v  0.7925 -2.1912 1.2288
v  0.8020 -2.1991 1.2986
v  0.8020 -2.1991 1.2288
v  0.8076 -2.2105 1.2986
v  0.8078 -2.2105 1.2288
v  0.8448 -2.3524 1.2288
v  0.8447 -2.3529 1.2986
v  0.6738 -2.4979 1.2289
v  0.6738 -2.4979 1.2980
v  0.8094 -2.3284 1.2986
v  0.8094 -2.3284 1.2288
v  0.8224 -2.3480 1.2986
v  0.8224 -2.3480 1.2288
v  0.8739 -2.4979 1.2986
v  0.8740 -2.4979 1.2288
v  1.2024 -2.3279 1.2262
v  1.1513 -2.3279 1.2859
v  1.1463 -2.3546 1.2859
v  1.1937 -2.3734 1.2262
v  0.9550 -2.3281 1.2264
v  1.0063 -2.3279 1.2859
v  1.0114 -2.3012 1.2859
v  0.9640 -2.2824 1.2262
v  1.0276 -2.2766 1.2859
v  0.9915 -2.2406 1.2262
v  1.0522 -2.2605 1.2859
v  1.0334 -2.2131 1.2262
v  1.0788 -2.2554 1.2859
v  1.0788 -2.2044 1.2262
v  1.1055 -2.2605 1.2859
v  1.1243 -2.2131 1.2262
v  1.1301 -2.2766 1.2859
v  1.1662 -2.2406 1.2262
v  1.1463 -2.3012 1.2859
v  1.1937 -2.2824 1.2262
v  0.9639 -2.3734 1.2264
v  1.0114 -2.3546 1.2859
v  0.9915 -2.4152 1.2262
v  1.0276 -2.3792 1.2859
v  1.0334 -2.4427 1.2262
v  1.0522 -2.3953 1.2859
v  1.0789 -2.4514 1.2262
v  1.0788 -2.4004 1.2859
v  1.1243 -2.4427 1.2262
v  1.1055 -2.3953 1.2859
v  1.1662 -2.4152 1.2262
v  1.1301 -2.3792 1.2859
v  1.0063 -2.3279 1.3086
v  1.0114 -2.3012 1.3086
v  1.0276 -2.2766 1.3086
v  1.0522 -2.2605 1.3086
v  1.0788 -2.2554 1.3086
v  1.1055 -2.2605 1.3086
v  1.1301 -2.2766 1.3086
v  1.1463 -2.3012 1.3086
v  1.1513 -2.3279 1.3086
v  1.0114 -2.3546 1.3086
v  1.0276 -2.3792 1.3086
v  1.0522 -2.3953 1.3086
v  1.0788 -2.4004 1.3086
v  1.1055 -2.3953 1.3086
v  1.1301 -2.3792 1.3086
v  1.1463 -2.3546 1.3086
v  1.2777 -2.1054 2.1690
v  1.2786 -2.4979 2.1683
v  1.2774 -2.0893 2.1622
v  1.2776 -2.0821 2.1257
v  1.2776 -2.0817 2.1466
v  1.2788 -2.3284 1.2290
v  1.2782 -2.1196 1.2286
v  1.2785 -2.4979 1.2287
v  1.2774 -2.1038 1.2355
v  1.2776 -2.0967 1.2512
v  1.2888 -2.4979 2.1433
v  1.2888 -2.1070 2.1444
v  1.2888 -2.4979 1.6495
v  1.2888 -2.1213 1.2530
v  1.2888 -2.3287 1.2531
v  1.2888 -2.4979 1.2531
v  -0.5174 -2.3948 2.3733
v  -0.5276 -2.4979 2.3733
v  -0.4879 -2.2970 2.3733
v  -0.4376 -2.2032 2.3733
v  -0.3680 -2.1198 2.3733
v  -0.2827 -2.0524 2.3733
v  -0.1875 -2.0048 2.3733
v  -0.0890 -1.9779 2.3734
v  0.0074 -1.9704 2.3734
v  0.1030 -1.9805 2.3734
v  0.2008 -2.0101 2.3734
v  0.2946 -2.0603 2.3734
v  0.3781 -2.1300 2.3735
v  0.4454 -2.2153 2.3735
v  0.4931 -2.3104 2.3735
v  0.5200 -2.4090 2.3735
v  0.5275 -2.4979 2.3735
v  -0.5112 -2.3961 2.3605
v  -0.5111 -2.3966 2.3304
v  -0.5211 -2.4979 2.3304
v  -0.5212 -2.4979 2.3606
v  -0.4820 -2.2994 2.3605
v  -0.4820 -2.2999 2.3304
v  -0.4323 -2.2067 2.3606
v  -0.4324 -2.2071 2.3304
v  -0.3635 -2.1243 2.3606
v  -0.3636 -2.1247 2.3304
v  -0.2792 -2.0578 2.3607
v  -0.2793 -2.0581 2.3304
v  -0.1852 -2.0107 2.3607
v  -0.1853 -2.0110 2.3304
v  -0.0878 -1.9842 2.3608
v  -0.0880 -1.9845 2.3304
v  0.0072 -1.9768 2.3609
v  0.0034 -1.9770 2.3300
v  0.1019 -1.9869 2.3609
v  0.1016 -1.9871 2.3304
v  0.1984 -2.0161 2.3610
v  0.1981 -2.0162 2.3304
v  0.2911 -2.0657 2.3610
v  0.2908 -2.0659 2.3304
v  0.3734 -2.1345 2.3611
v  0.3730 -2.1345 2.3304
v  0.4400 -2.2188 2.3611
v  0.4395 -2.2187 2.3304
v  0.4870 -2.3127 2.3612
v  0.4866 -2.3124 2.3304
v  0.5136 -2.4101 2.3612
v  0.5132 -2.4096 2.3304
v  0.5210 -2.4979 2.3613
v  0.5208 -2.4979 2.3304
v  -0.5259 -2.4979 0.6258
v  -0.5189 -2.4131 0.6257
v  -0.4927 -2.3143 0.6257
v  -0.4454 -2.2186 0.6259
v  -0.3776 -2.1317 0.6257
v  -0.2951 -2.0628 0.6259
v  -0.2012 -2.0122 0.6259
v  -0.1024 -1.9821 0.6258
v  -0.0058 -1.9720 0.6257
v  0.0903 -1.9799 0.6259
v  0.1891 -2.0073 0.6259
v  0.2836 -2.0553 0.6260
v  0.3688 -2.1232 0.6258
v  0.4391 -2.2089 0.6258
v  0.4880 -2.3028 0.6259
v  0.5166 -2.4015 0.6259
v  0.5255 -2.4979 0.6259
v  -0.5506 -2.4073 0.6768
v  -0.5582 -2.4979 0.6768
v  -0.5226 -2.3023 0.6767
v  -0.4726 -2.2014 0.6768
v  -0.4003 -2.1092 0.6767
v  -0.3126 -2.0360 0.6770
v  -0.2130 -1.9825 0.6770
v  -0.1082 -1.9508 0.6769
v  -0.0057 -1.9402 0.6768
v  0.0965 -1.9486 0.6769
v  0.2009 -1.9776 0.6769
v  0.3013 -2.0286 0.6770
v  0.3918 -2.1010 0.6769
v  0.4663 -2.1917 0.6769
v  0.5183 -2.2918 0.6769
v  0.5485 -2.3964 0.6769
v  0.5578 -2.4979 0.6770
v  -0.5212 -2.4979 0.6385
v  -0.5212 -2.4979 0.6685
v  -0.5141 -2.4136 0.6685
v  -0.5142 -2.4138 0.6385
v  -0.4881 -2.3157 0.6685
v  -0.4882 -2.3160 0.6386
v  -0.4415 -2.2212 0.6686
v  -0.4414 -2.2212 0.6386
v  -0.3740 -2.1353 0.6685
v  -0.3739 -2.1354 0.6385
v  -0.2924 -2.0668 0.6686
v  -0.2923 -2.0670 0.6385
v  -0.1994 -2.0166 0.6686
v  -0.1994 -2.0169 0.6386
v  -0.1015 -1.9872 0.6687
v  -0.1015 -1.9871 0.6385
v  -0.0059 -1.9772 0.6686
v  -0.0058 -1.9770 0.6385
v  0.0895 -1.9849 0.6687
v  0.0894 -1.9849 0.6386
v  0.1872 -2.0120 0.6687
v  0.1873 -2.0120 0.6386
v  0.2808 -2.0594 0.6687
v  0.2808 -2.0594 0.6387
v  0.3655 -2.1269 0.6685
v  0.3653 -2.1268 0.6385
v  0.4351 -2.2117 0.6686
v  0.4350 -2.2116 0.6386
v  0.4837 -2.3050 0.6687
v  0.4835 -2.3046 0.6387
v  0.5121 -2.4027 0.6687
v  0.5120 -2.4024 0.6387
v  0.5210 -2.4979 0.6686
v  0.5209 -2.4979 0.6387
v  0.9579 -2.3758 1.2188
v  0.9485 -2.3281 1.2188
v  1.0310 -2.4488 1.2186
v  0.9869 -2.4198 1.2186
v  1.0789 -2.4579 1.2186
v  1.1267 -2.4488 1.2186
v  1.1708 -2.4198 1.2186
v  0.9580 -2.2801 1.2186
v  1.1997 -2.3758 1.2186
v  0.9869 -2.2360 1.2186
v  1.0310 -2.2070 1.2186
v  1.0788 -2.1979 1.2186
v  1.1267 -2.2070 1.2186
v  1.1708 -2.2360 1.2186
v  1.1997 -2.2801 1.2186
v  1.2088 -2.3279 1.2186
v  0.8638 -2.4979 1.3085
v  0.8639 -2.3832 1.3085
v  0.6838 -2.3755 1.3079
v  0.6838 -2.4979 1.3080
v  0.8504 -2.3673 1.3085
v  0.8163 -2.3569 1.3085
v  0.6760 -2.2069 1.2188
v  0.6847 -2.1948 1.2186
v  0.8682 -2.3648 1.2188
v  0.8744 -2.3836 1.2188
v  0.6738 -2.3749 1.2189
v  0.6738 -2.2179 1.2188
v  0.6956 -2.1895 1.2186
v  0.7373 -2.1878 1.2188
v  0.7818 -2.1881 1.2188
v  0.7925 -2.1911 1.2188
v  0.8020 -2.1991 1.2188
v  0.8448 -2.3524 1.2188
v  0.6738 -2.4979 1.2189
v  0.8094 -2.3284 1.2188
v  0.8224 -2.3480 1.2188
v  0.8740 -2.4979 1.2188
v  0.8079 -2.2105 1.2188
v  0.8679 -2.3651 1.3086
v  0.8738 -2.3837 1.3086
v  0.6738 -2.3751 1.3078
v  0.6738 -2.2179 1.3086
v  0.6760 -2.2069 1.3086
v  0.6847 -2.1948 1.3086
v  0.6956 -2.1895 1.3086
v  0.7373 -2.1879 1.3086
v  0.7818 -2.1882 1.3086
v  0.7924 -2.1914 1.3086
v  0.8019 -2.1991 1.3086
v  0.8076 -2.2105 1.3086
v  0.8447 -2.3530 1.3086
v  0.6738 -2.4979 1.3080
v  0.8093 -2.3284 1.3086
v  0.8224 -2.3480 1.3086
v  0.8738 -2.4979 1.3086
v  0.7994 -2.3315 1.3085
v  0.7958 -2.2092 1.3085
v  0.7840 -2.1993 1.3085
v  0.7375 -2.1979 1.3085
v  0.6947 -2.2011 1.3085
v  0.6846 -2.2149 1.3086
v  0.7402 -2.2121 1.3086
v  1.0890 -2.3176 1.3014
v  1.0788 -2.3074 1.3014
v  1.0891 -2.3177 1.3081
v  1.0788 -2.3279 1.3081
v  1.0994 -2.3279 1.3014
v  1.0686 -2.3177 1.3081
v  1.0583 -2.3279 1.3014
v  1.0686 -2.3382 1.3081
v  1.0686 -2.3382 1.3014
v  1.0788 -2.3484 1.3014
v  1.0891 -2.3382 1.3081
v  1.0892 -2.3381 1.3014
v  1.0686 -2.3176 1.3014
v  1.1707 -2.2503 1.2246
v  1.1556 -2.2788 1.2246
v  1.1940 -2.2931 1.2246
v  1.0297 -2.4046 1.2246
v  1.0367 -2.4399 1.2246
v  1.0798 -2.4478 1.2246
v  1.0788 -2.3555 1.2246
v  1.1556 -2.3770 1.2246
v  1.1867 -2.3812 1.2246
v  1.1988 -2.3384 1.2246
v  1.1064 -2.3279 1.2246
v  1.1280 -2.2512 1.2246
v  1.1306 -2.2200 1.2246
v  1.0789 -2.2080 1.2246
v  1.0788 -2.3003 1.2246
v  1.0021 -2.2788 1.2246
v  0.9673 -2.2853 1.2246
v  0.9595 -2.3284 1.2246
v  1.0513 -2.3279 1.2246
v  1.1280 -2.4046 1.2246
v  1.1594 -2.4169 1.2246
v  1.0021 -2.3770 1.2246
v  0.9688 -2.3741 1.2246
v  0.9965 -2.4145 1.2246
v  0.9927 -2.2451 1.2246
v  1.0297 -2.2512 1.2246
v  1.0332 -2.2173 1.2246
v  1.0994 -2.3279 1.2296
v  1.1053 -2.3338 1.2975
v  1.1448 -2.3760 1.2287
v  1.0848 -2.3543 1.2975
v  1.1269 -2.3938 1.2287
v  1.0788 -2.3484 1.2296
v  1.0729 -2.3543 1.2975
v  1.0308 -2.3938 1.2287
v  1.0524 -2.3338 1.2975
v  1.0129 -2.3760 1.2287
v  1.0583 -2.3279 1.2296
v  1.0524 -2.3220 1.2975
v  1.0129 -2.2798 1.2287
v  1.0729 -2.3015 1.2975
v  1.0308 -2.2620 1.2287
v  1.0788 -2.3074 1.2296
v  1.0848 -2.3015 1.2975
v  1.1269 -2.2620 1.2287
v  1.1053 -2.3220 1.2975
v  1.1448 -2.2798 1.2287
v  1.1210 -2.4405 1.2246
v  1.0788 -2.3484 1.2246
v  1.1280 -2.3976 1.2246
v  1.1485 -2.3770 1.2246
v  1.0994 -2.3279 1.2246
v  1.1485 -2.2788 1.2246
v  1.1280 -2.2582 1.2246
v  1.0788 -2.3074 1.2246
v  1.0297 -2.2582 1.2246
v  1.0092 -2.2788 1.2246
v  1.0583 -2.3279 1.2246
v  1.0092 -2.3770 1.2246
v  1.0297 -2.3976 1.2246
v  1.1363 -2.2076 1.2246
v  1.0789 -2.1943 1.2246
v  1.0280 -2.2046 1.2246
v  0.9830 -2.2355 1.2246
v  0.9548 -2.2802 1.2246
v  0.9460 -2.3281 1.2246
v  0.9564 -2.3790 1.2246
v  0.9872 -2.4240 1.2246
v  1.0320 -2.4522 1.2246
v  1.0799 -2.4610 1.2246
v  1.1257 -2.4528 1.2246
v  1.1684 -2.4267 1.2246
v  1.1988 -2.3869 1.2246
v  1.2122 -2.3393 1.2246
v  1.2069 -2.2890 1.2246
v  1.1809 -2.2413 1.2246
v  -0.5727 -0.6315 13.5059
v  -0.6061 -0.5123 13.5051
v  -0.5960 -0.5123 13.3908
v  -0.5634 -0.5123 13.2778
v  -0.5070 -0.5124 13.1691
v  -0.4282 -0.5124 13.0723
v  -0.3314 -0.5126 12.9934
v  -0.2229 -0.5126 12.9372
v  -0.1102 -0.5127 12.9049
v  -0.0002 -0.5125 12.8952
v  0.1105 -0.5125 12.9054
v  0.2235 -0.5124 12.9380
v  0.3322 -0.5124 12.9945
v  0.4290 -0.5124 13.0734
v  0.5074 -0.5123 13.1701
v  0.5635 -0.5123 13.2789
v  0.5958 -0.5123 13.3915
v  0.6058 -0.5123 13.5014
v  0.5956 -0.5123 13.6117
v  0.5631 -0.5122 13.7244
v  0.5067 -0.5121 13.8328
v  0.4282 -0.5122 13.9298
v  0.3313 -0.5122 14.0084
v  0.2228 -0.5121 14.0646
v  0.1100 -0.5119 14.0966
v  -0.0002 -0.5119 14.1067
v  -0.1103 -0.5119 14.0966
v  -0.2230 -0.5119 14.0642
v  -0.3314 -0.5120 14.0081
v  -0.4283 -0.5120 13.9296
v  -0.5072 -0.5122 13.8329
v  -0.5635 -0.5122 13.7244
v  -0.5969 -0.5123 13.6054
v  -0.5631 -0.6329 13.6053
v  -0.5337 -0.6318 13.7087
v  -0.4796 -0.6329 13.8140
v  -0.4053 -0.6329 13.9055
v  -0.3136 -0.6329 13.9796
v  -0.2111 -0.6329 14.0327
v  -0.1045 -0.6329 14.0635
v  -0.0002 -0.6329 14.0730
v  0.1036 -0.6329 14.0636
v  0.2099 -0.6329 14.0336
v  0.3123 -0.6329 13.9807
v  0.4039 -0.6329 13.9066
v  0.4784 -0.6329 13.8152
v  0.5318 -0.6329 13.7126
v  0.5626 -0.6329 13.6059
v  0.5723 -0.6329 13.4991
v  0.5629 -0.6329 13.3976
v  0.5325 -0.6329 13.2912
v  0.4794 -0.6329 13.1884
v  0.4054 -0.6329 13.0970
v  0.3139 -0.6329 13.0224
v  0.2112 -0.6329 12.9690
v  0.1044 -0.6329 12.9382
v  -0.0002 -0.6329 12.9286
v  -0.1042 -0.6330 12.9376
v  -0.2107 -0.6330 12.9682
v  -0.3130 -0.6329 13.0216
v  -0.4046 -0.6329 13.0959
v  -0.4791 -0.6329 13.1874
v  -0.5324 -0.6329 13.2901
v  -0.5631 -0.6329 13.3969
v  -0.5588 -1.4236 13.5037
v  -0.5494 -1.4236 13.6028
v  -0.5196 -1.4236 13.7065
v  -0.4679 -1.4236 13.8064
v  -0.3955 -1.4237 13.8957
v  -0.3062 -1.4237 13.9683
v  -0.2062 -1.4237 14.0203
v  -0.1020 -1.4236 14.0503
v  -0.0002 -1.4236 14.0597
v  0.1011 -1.4236 14.0504
v  0.2048 -1.4237 14.0207
v  0.3047 -1.4237 13.9691
v  0.3941 -1.4237 13.8968
v  0.4668 -1.4236 13.8076
v  0.5189 -1.4236 13.7075
v  0.5490 -1.4236 13.6034
v  0.5585 -1.4236 13.4991
v  0.5492 -1.4236 13.4001
v  0.5195 -1.4236 13.2963
v  0.4678 -1.4236 13.1960
v  0.3955 -1.4236 13.1068
v  0.3063 -1.4236 13.0341
v  0.2061 -1.4236 12.9820
v  0.1018 -1.4236 12.9519
v  -0.0002 -1.4236 12.9425
v  -0.1016 -1.4236 12.9518
v  -0.2054 -1.4236 12.9816
v  -0.3054 -1.4236 13.0333
v  -0.3948 -1.4236 13.1057
v  -0.4675 -1.4236 13.1951
v  -0.5194 -1.4236 13.2953
v  -0.5494 -1.4236 13.3995
v  -0.6199 -0.4741 13.5052
v  -0.6096 -0.4741 13.3883
v  -0.5765 -0.4741 13.2726
v  -0.5189 -0.4741 13.1614
v  -0.4382 -0.4742 13.0622
v  -0.3390 -0.4742 12.9817
v  -0.2280 -0.4742 12.9242
v  -0.1128 -0.4742 12.8911
v  -0.0002 -0.4742 12.8808
v  0.1131 -0.4742 12.8912
v  0.2288 -0.4742 12.9247
v  0.3400 -0.4742 12.9825
v  0.4390 -0.4741 13.0635
v  0.5192 -0.4741 13.1624
v  0.5764 -0.4741 13.2738
v  0.6094 -0.4741 13.3890
v  0.6196 -0.4741 13.5014
v  0.6092 -0.4741 13.6142
v  0.5760 -0.4741 13.7295
v  0.5182 -0.4740 13.8403
v  0.4376 -0.4740 13.9392
v  0.3386 -0.4740 14.0195
v  0.2277 -0.4740 14.0769
v  0.1125 -0.4740 14.1100
v  -0.0002 -0.4740 14.1203
v  -0.1128 -0.4740 14.1100
v  -0.2280 -0.4740 14.0769
v  -0.3389 -0.4740 14.0195
v  -0.4379 -0.4740 13.9392
v  -0.5187 -0.4741 13.8405
v  -0.5763 -0.4741 13.7295
v  -0.6105 -0.4741 13.6078
v  -0.6132 -0.4999 13.5050
v  -0.6028 -0.4999 13.3891
v  -0.5699 -0.5000 13.2746
v  -0.5128 -0.5000 13.1647
v  -0.4330 -0.5001 13.0667
v  -0.3348 -0.5001 12.9871
v  -0.2250 -0.5002 12.9304
v  -0.1110 -0.5002 12.8978
v  0.0003 -0.5002 12.8877
v  0.1123 -0.5001 12.8983
v  0.2266 -0.5000 12.9317
v  0.3365 -0.5000 12.9889
v  0.4344 -0.5000 13.0688
v  0.5136 -0.4999 13.1667
v  0.5703 -0.4999 13.2768
v  0.6028 -0.4999 13.3907
v  0.6129 -0.4999 13.5019
v  0.6025 -0.4999 13.6134
v  0.5695 -0.4998 13.7275
v  0.5123 -0.4997 13.8370
v  0.4326 -0.4997 13.9348
v  0.3346 -0.4996 14.0142
v  0.2248 -0.4996 14.0709
v  0.1108 -0.4996 14.1036
v  -0.0006 -0.4996 14.1137
v  -0.1120 -0.4996 14.1034
v  -0.2260 -0.4996 14.0706
v  -0.3356 -0.4996 14.0138
v  -0.4336 -0.4997 13.9342
v  -0.5134 -0.4998 13.8364
v  -0.5702 -0.4998 13.7266
v  -0.6040 -0.4999 13.6064
v  -0.6183 -0.3855 13.5052
v  -0.6081 -0.3855 13.3886
v  -0.5750 -0.3855 13.2732
v  -0.5176 -0.3855 13.1622
v  -0.4371 -0.3855 13.0633
v  -0.3382 -0.3855 12.9830
v  -0.2275 -0.3855 12.9257
v  -0.1125 -0.3855 12.8926
v  -0.0002 -0.3855 12.8823
v  0.1128 -0.3855 12.8928
v  0.2283 -0.3855 12.9261
v  0.3392 -0.3855 12.9838
v  0.4380 -0.3855 13.0645
v  0.5179 -0.3855 13.1633
v  0.5751 -0.3855 13.2743
v  0.6079 -0.3855 13.3892
v  0.6180 -0.3855 13.5014
v  0.6076 -0.3855 13.6139
v  0.5745 -0.3855 13.7289
v  0.5169 -0.3855 13.8395
v  0.4365 -0.3855 13.9381
v  0.3377 -0.3855 14.0183
v  0.2271 -0.3855 14.0755
v  0.1122 -0.3855 14.1085
v  -0.0002 -0.3855 14.1188
v  -0.1125 -0.3855 14.1085
v  -0.2274 -0.3855 14.0755
v  -0.3380 -0.3855 14.0182
v  -0.4368 -0.3855 13.9381
v  -0.5174 -0.3855 13.8396
v  -0.5746 -0.3855 13.7289
v  -0.6089 -0.3855 13.6075
v  -0.5821 -0.5690 13.5063
v  -0.5725 -0.5695 13.6052
v  -0.5395 -0.5691 13.7196
v  -0.4846 -0.5693 13.8234
v  -0.4081 -0.5692 13.9156
v  -0.3145 -0.5692 13.9903
v  -0.2100 -0.5691 14.0434
v  -0.1015 -0.5691 14.0736
v  0.0043 -0.5691 14.0825
v  0.1099 -0.5691 14.0720
v  0.2180 -0.5693 14.0405
v  0.3218 -0.5693 13.9858
v  0.4142 -0.5693 13.9096
v  0.4891 -0.5693 13.8160
v  0.5424 -0.5693 13.7115
v  0.5727 -0.5693 13.6030
v  0.5817 -0.5693 13.4969
v  0.5713 -0.5694 13.3912
v  0.5394 -0.5694 13.2831
v  0.4845 -0.5694 13.1790
v  0.4084 -0.5694 13.0867
v  0.3147 -0.5694 13.0118
v  0.2101 -0.5694 12.9585
v  0.1014 -0.5694 12.9281
v  -0.0046 -0.5694 12.9192
v  -0.1105 -0.5696 12.9293
v  -0.2187 -0.5696 12.9613
v  -0.3224 -0.5694 13.0166
v  -0.4149 -0.5694 13.0929
v  -0.4897 -0.5694 13.1866
v  -0.5429 -0.5694 13.2913
v  -0.5732 -0.5694 13.3999
v  -0.5188 -1.4629 13.5037
v  -0.5102 -1.4629 13.5955
v  -0.4826 -1.4629 13.6918
v  -0.4346 -1.4629 13.7847
v  -0.3674 -1.4629 13.8677
v  -0.2845 -1.4629 13.9352
v  -0.1915 -1.4629 13.9835
v  -0.0948 -1.4629 14.0114
v  -0.0001 -1.4629 14.0201
v  0.0939 -1.4629 14.0115
v  0.1903 -1.4629 13.9838
v  0.2831 -1.4629 13.9359
v  0.3661 -1.4629 13.8686
v  0.4336 -1.4629 13.7858
v  0.4819 -1.4629 13.6928
v  0.5098 -1.4629 13.5960
v  0.5185 -1.4629 13.4992
v  0.5099 -1.4629 13.4074
v  0.4823 -1.4629 13.3110
v  0.4341 -1.4629 13.2179
v  0.3671 -1.4629 13.1352
v  0.2842 -1.4629 13.0677
v  0.1912 -1.4629 13.0194
v  0.0945 -1.4629 12.9915
v  -0.0002 -1.4629 12.9828
v  -0.0942 -1.4629 12.9914
v  -0.1906 -1.4629 13.0190
v  -0.2834 -1.4629 13.0670
v  -0.3664 -1.4629 13.1342
v  -0.4339 -1.4629 13.2171
v  -0.4822 -1.4629 13.3101
v  -0.5101 -1.4629 13.4068
v  -0.5082 -1.4630 13.5036
v  -0.4997 -1.4630 13.5936
v  -0.4726 -1.4630 13.6879
v  -0.4253 -1.4633 13.7786
v  -0.3597 -1.4631 13.8600
v  -0.2785 -1.4631 13.9261
v  -0.1875 -1.4631 13.9733
v  -0.0928 -1.4632 14.0006
v  -0.0001 -1.4632 14.0091
v  0.0919 -1.4632 14.0007
v  0.1862 -1.4631 13.9737
v  0.2771 -1.4631 13.9268
v  0.3584 -1.4631 13.8610
v  0.4246 -1.4631 13.7799
v  0.4719 -1.4630 13.6888
v  0.4993 -1.4630 13.5941
v  0.5079 -1.4630 13.4993
v  0.4995 -1.4629 13.4093
v  0.4725 -1.4629 13.3149
v  0.4254 -1.4628 13.2236
v  0.3597 -1.4626 13.1425
v  0.2785 -1.4626 13.0763
v  0.1874 -1.4625 13.0289
v  0.0926 -1.4625 13.0016
v  -0.0002 -1.4627 12.9930
v  -0.0924 -1.4627 13.0015
v  -0.1868 -1.4627 13.0286
v  -0.2778 -1.4627 13.0756
v  -0.3591 -1.4628 13.1415
v  -0.4252 -1.4628 13.2228
v  -0.4725 -1.4629 13.3139
v  -0.4997 -1.4629 13.4088
v  -0.5455 -1.4526 13.5037
v  -0.5364 -1.4526 13.6004
v  -0.5073 -1.4526 13.7017
v  -0.4568 -1.4524 13.7991
v  -0.3862 -1.4525 13.8864
v  -0.2990 -1.4525 13.9573
v  -0.2013 -1.4525 14.0081
v  -0.0996 -1.4525 14.0374
v  -0.0001 -1.4525 14.0466
v  0.0987 -1.4525 14.0375
v  0.2000 -1.4525 14.0085
v  0.2976 -1.4525 13.9581
v  0.3848 -1.4525 13.8874
v  0.4558 -1.4526 13.8003
v  0.5066 -1.4526 13.7026
v  0.5360 -1.4526 13.6009
v  0.5452 -1.4526 13.4992
v  0.5361 -1.4527 13.4025
v  0.5071 -1.4527 13.3012
v  0.4566 -1.4527 13.2033
v  0.3860 -1.4528 13.1163
v  0.2989 -1.4528 13.0453
v  0.2011 -1.4528 12.9945
v  0.0994 -1.4528 12.9651
v  -0.0002 -1.4528 12.9559
v  -0.0991 -1.4528 12.9650
v  -0.2004 -1.4528 12.9940
v  -0.2981 -1.4528 13.0445
v  -0.3853 -1.4527 13.1152
v  -0.4563 -1.4527 13.2024
v  -0.5071 -1.4527 13.3002
v  -0.5364 -1.4527 13.4019
v  -0.4985 -1.4529 13.5036
v  -0.4902 -1.4528 13.5918
v  -0.4636 -1.4529 13.6844
v  -0.4173 -1.4531 13.7733
v  -0.3529 -1.4529 13.8532
v  -0.2732 -1.4529 13.9180
v  -0.1839 -1.4530 13.9644
v  -0.0910 -1.4530 13.9911
v  -0.0001 -1.4530 13.9995
v  0.0902 -1.4530 13.9912
v  0.1827 -1.4530 13.9647
v  0.2719 -1.4530 13.9187
v  0.3516 -1.4529 13.8542
v  0.4165 -1.4529 13.7746
v  0.4630 -1.4529 13.6853
v  0.4898 -1.4528 13.5923
v  0.4982 -1.4529 13.4993
v  0.4900 -1.4528 13.4110
v  0.4636 -1.4527 13.3184
v  0.4173 -1.4527 13.2289
v  0.3529 -1.4524 13.1493
v  0.2732 -1.4524 13.0844
v  0.1838 -1.4524 13.0379
v  0.0908 -1.4524 13.0111
v  -0.0002 -1.4526 13.0027
v  -0.0906 -1.4526 13.0110
v  -0.1832 -1.4526 13.0375
v  -0.2725 -1.4526 13.0837
v  -0.3523 -1.4526 13.1484
v  -0.4171 -1.4527 13.2281
v  -0.4635 -1.4527 13.3175
v  -0.4902 -1.4528 13.4105
v  -0.5014 -1.4594 13.5036
v  -0.4930 -1.4593 13.5923
v  -0.4663 -1.4594 13.6854
v  -0.4197 -1.4596 13.7749
v  -0.3549 -1.4594 13.8552
v  -0.2748 -1.4594 13.9204
v  -0.1850 -1.4595 13.9670
v  -0.0915 -1.4595 13.9940
v  -0.0001 -1.4595 14.0024
v  0.0907 -1.4595 13.9941
v  0.1838 -1.4595 13.9674
v  0.2734 -1.4595 13.9211
v  0.3536 -1.4594 13.8562
v  0.4189 -1.4594 13.7761
v  0.4656 -1.4594 13.6863
v  0.4927 -1.4593 13.5929
v  0.5011 -1.4594 13.4993
v  0.4929 -1.4592 13.4105
v  0.4662 -1.4592 13.3174
v  0.4198 -1.4591 13.2273
v  0.3550 -1.4588 13.1473
v  0.2748 -1.4588 13.0820
v  0.1849 -1.4588 13.0352
v  0.0913 -1.4588 13.0082
v  -0.0002 -1.4590 12.9998
v  -0.0911 -1.4590 13.0081
v  -0.1843 -1.4590 13.0349
v  -0.2741 -1.4591 13.0813
v  -0.3543 -1.4591 13.1463
v  -0.4195 -1.4591 13.2265
v  -0.4662 -1.4592 13.3164
v  -0.4931 -1.4592 13.4100
v  -0.4985 -1.0222 13.5036
v  -0.4902 -1.0222 13.5918
v  -0.4636 -1.0222 13.6844
v  -0.4173 -1.0224 13.7733
v  -0.3529 -1.0223 13.8532
v  -0.2732 -1.0223 13.9180
v  -0.1839 -1.0223 13.9644
v  -0.0910 -1.0223 13.9911
v  -0.0001 -1.0223 13.9995
v  0.0902 -1.0223 13.9912
v  0.1827 -1.0223 13.9647
v  0.2719 -1.0223 13.9187
v  0.3516 -1.0222 13.8542
v  0.4165 -1.0222 13.7746
v  0.4630 -1.0222 13.6853
v  0.4898 -1.0222 13.5923
v  0.4982 -1.0222 13.4993
v  0.4900 -1.0221 13.4110
v  0.4636 -1.0220 13.3184
v  0.4173 -1.0220 13.2289
v  0.3529 -1.0217 13.1493
v  0.2732 -1.0217 13.0844
v  0.1838 -1.0217 13.0379
v  0.0908 -1.0217 13.0111
v  -0.0002 -1.0219 13.0027
v  -0.0906 -1.0219 13.0110
v  -0.1832 -1.0219 13.0375
v  -0.2725 -1.0219 13.0837
v  -0.3523 -1.0220 13.1484
v  -0.4171 -1.0220 13.2281
v  -0.4635 -1.0220 13.3175
v  -0.4902 -1.0221 13.4105
v  -0.4985 -1.4440 13.5036
v  -0.4902 -1.4440 13.5918
v  -0.4636 -1.4440 13.6844
v  -0.4173 -1.4442 13.7733
v  -0.3529 -1.4441 13.8532
v  -0.2732 -1.4441 13.9180
v  -0.1839 -1.4441 13.9644
v  -0.0910 -1.4441 13.9911
v  -0.0001 -1.4441 13.9995
v  0.0902 -1.4441 13.9912
v  0.1827 -1.4441 13.9647
v  0.2719 -1.4441 13.9187
v  0.3516 -1.4440 13.8542
v  0.4165 -1.4440 13.7746
v  0.4630 -1.4440 13.6853
v  0.4898 -1.4439 13.5923
v  0.4982 -1.4440 13.4993
v  0.4900 -1.4439 13.4110
v  0.4636 -1.4438 13.3184
v  0.4173 -1.4438 13.2289
v  0.3529 -1.4435 13.1493
v  0.2732 -1.4435 13.0844
v  0.1838 -1.4435 13.0379
v  0.0908 -1.4435 13.0111
v  -0.0002 -1.4437 13.0027
v  -0.0906 -1.4437 13.0110
v  -0.1832 -1.4437 13.0375
v  -0.2725 -1.4437 13.0837
v  -0.3523 -1.4438 13.1484
v  -0.4171 -1.4438 13.2281
v  -0.4635 -1.4438 13.3175
v  -0.4902 -1.4439 13.4105
v  -0.5724 -0.6479 13.5059
v  -0.5591 -1.4073 13.5038
v  -0.5497 -1.4073 13.6028
v  -0.5628 -0.6492 13.6052
v  -0.5199 -1.4073 13.7065
v  -0.5334 -0.6481 13.7086
v  -0.4681 -1.4073 13.8065
v  -0.4793 -0.6492 13.8138
v  -0.3957 -1.4073 13.8959
v  -0.4051 -0.6492 13.9053
v  -0.3064 -1.4074 13.9686
v  -0.3135 -0.6492 13.9793
v  -0.2063 -1.4073 14.0205
v  -0.2110 -0.6492 14.0325
v  -0.1021 -1.4073 14.0506
v  -0.1044 -0.6492 14.0632
v  -0.0002 -1.4073 14.0600
v  -0.0002 -0.6492 14.0728
v  0.1012 -1.4073 14.0507
v  0.1035 -0.6492 14.0633
v  0.2049 -1.4073 14.0210
v  0.2098 -0.6492 14.0334
v  0.3049 -1.4074 13.9693
v  0.3122 -0.6492 13.9805
v  0.3943 -1.4073 13.8970
v  0.4037 -0.6492 13.9064
v  0.4671 -1.4073 13.8077
v  0.4782 -0.6492 13.8151
v  0.5191 -1.4073 13.7076
v  0.5315 -0.6492 13.7125
v  0.5493 -1.4073 13.6034
v  0.5624 -0.6492 13.6059
v  0.5588 -1.4073 13.4991
v  0.5720 -0.6492 13.4991
v  0.5495 -1.4073 13.4000
v  0.5626 -0.6492 13.3976
v  0.5198 -1.4073 13.2962
v  0.5322 -0.6492 13.2913
v  0.4680 -1.4073 13.1958
v  0.4792 -0.6492 13.1885
v  0.3957 -1.4073 13.1066
v  0.4052 -0.6492 13.0972
v  0.3064 -1.4073 13.0338
v  0.3137 -0.6492 13.0227
v  0.2062 -1.4073 12.9817
v  0.2111 -0.6492 12.9693
v  0.1019 -1.4073 12.9516
v  0.1043 -0.6492 12.9385
v  -0.0002 -1.4073 12.9422
v  -0.0002 -0.6492 12.9289
v  -0.1016 -1.4073 12.9515
v  -0.1041 -0.6493 12.9379
v  -0.2055 -1.4073 12.9813
v  -0.2106 -0.6493 12.9685
v  -0.3055 -1.4073 13.0330
v  -0.3128 -0.6492 13.0219
v  -0.3950 -1.4073 13.1055
v  -0.4044 -0.6492 13.0961
v  -0.4677 -1.4073 13.1949
v  -0.4788 -0.6492 13.1876
v  -0.5197 -1.4073 13.2952
v  -0.5321 -0.6492 13.2902
v  -0.5497 -1.4073 13.3994
v  -0.5628 -0.6492 13.3970
v  1.3637 -2.8527 1.2188
v  1.3395 -2.8516 1.2288
v  1.3289 -2.8513 1.2528
v  1.3637 -2.1437 1.2188
v  1.3394 -2.1437 1.2288
v  1.3290 -2.1437 1.2527
v  -0.6102 -2.6040 0.6684
v  -0.5784 -2.7194 0.6684
v  -0.5221 -2.8311 0.6684
v  -0.4427 -2.9314 0.6683
v  -0.3439 -3.0132 0.6683
v  -0.2327 -3.0720 0.6683
v  -0.1167 -3.1063 0.6683
v  -0.0030 -3.1170 0.6683
v  0.1108 -3.1070 0.6683
v  0.2271 -3.0740 0.6683
v  0.3397 -3.0159 0.6683
v  0.4395 -2.9342 0.6683
v  0.5203 -2.8338 0.6683
v  0.5776 -2.7215 0.6683
v  0.6100 -2.6051 0.6683
v  -0.6102 -2.3918 0.6684
v  -0.6192 -2.4979 0.6684
v  -0.5784 -2.2764 0.6684
v  -0.5221 -2.1648 0.6684
v  -0.4427 -2.0644 0.6683
v  -0.3439 -1.9827 0.6683
v  -0.2327 -1.9238 0.6683
v  -0.1167 -1.8895 0.6683
v  -0.0030 -1.8788 0.6683
v  0.1108 -1.8888 0.6683
v  0.2271 -1.9218 0.6683
v  0.3397 -1.9800 0.6683
v  0.4395 -2.0616 0.6683
v  0.5203 -2.1621 0.6683
v  0.5776 -2.2743 0.6683
v  0.6100 -2.3908 0.6683
v  0.6194 -2.4979 0.6682
v  -0.6310 -2.6148 2.3217
v  -0.5967 -2.7342 2.3217
v  -0.5371 -2.8491 2.3216
v  -0.4538 -2.9517 2.3216
v  -0.3512 -3.0350 2.3216
v  -0.2364 -3.0945 2.3216
v  -0.1170 -3.1288 2.3217
v  -0.0003 -3.1396 2.3217
v  0.1164 -3.1289 2.3218
v  0.2337 -3.0954 2.3219
v  0.3508 -3.0351 2.3220
v  0.4534 -2.9518 2.3220
v  0.5368 -2.8492 2.3222
v  0.5963 -2.7343 2.3223
v  0.6307 -2.6148 2.3224
v  -0.6418 -2.4979 2.3218
v  -0.6310 -2.3810 2.3217
v  -0.5967 -2.2616 2.3217
v  -0.5371 -2.1468 2.3216
v  -0.4538 -2.0442 2.3216
v  -0.3512 -1.9609 2.3216
v  -0.2364 -1.9013 2.3216
v  -0.1170 -1.8670 2.3217
v  -0.0003 -1.8563 2.3217
v  0.1164 -1.8670 2.3218
v  0.2337 -1.9004 2.3219
v  0.3508 -1.9608 2.3220
v  0.4534 -2.0441 2.3220
v  0.5368 -2.1466 2.3222
v  0.5963 -2.2616 2.3223
v  0.6307 -2.3810 2.3224
v  0.6415 -2.4979 2.3226
v  -0.2035 -0.4113 -14.0955
v  -0.2005 -0.4114 -14.0860
v  -0.2035 -0.4213 -14.0956
v  -0.3186 -0.4110 -14.0434
v  -0.3186 -0.4210 -14.0434
v  -0.3139 -0.4110 -14.0345
v  0.0284 -0.4118 -14.1281
v  0.0279 -0.4118 -14.1182
v  0.0284 -0.4218 -14.1283
v  -0.0860 -0.4118 -14.1229
v  -0.0860 -0.4218 -14.1231
v  -0.0847 -0.4118 -14.1130
v  0.1443 -0.4118 -14.1120
v  0.1422 -0.4118 -14.1022
v  0.1444 -0.4218 -14.1122
v  0.2613 -0.4118 -14.0719
v  0.2574 -0.4118 -14.0627
v  0.2614 -0.4218 -14.0721
v  0.3720 -0.4118 -14.0072
v  0.3664 -0.4118 -13.9989
v  0.3721 -0.4218 -14.0074
v  0.4686 -0.4118 -13.9200
v  0.4616 -0.4118 -13.9130
v  0.4688 -0.4218 -13.9202
v  0.5451 -0.4118 -13.8155
v  0.5367 -0.4118 -13.8099
v  0.5452 -0.4218 -13.8156
v  0.5975 -0.4118 -13.7007
v  0.5883 -0.4118 -13.6968
v  0.5977 -0.4218 -13.7007
v  0.6253 -0.4118 -13.5833
v  0.6155 -0.4118 -13.5812
v  0.6255 -0.4218 -13.5833
v  0.6306 -0.4118 -13.4691
v  0.6206 -0.4118 -13.4687
v  0.6308 -0.4218 -13.4691
v  0.6144 -0.4118 -13.3530
v  0.6045 -0.4118 -13.3545
v  0.6146 -0.4218 -13.3530
v  0.5744 -0.4118 -13.2360
v  0.5650 -0.4118 -13.2395
v  0.5746 -0.4218 -13.2359
v  0.5097 -0.4118 -13.1254
v  0.5012 -0.4118 -13.1307
v  0.5099 -0.4218 -13.1253
v  0.4225 -0.4118 -13.0287
v  0.4154 -0.4118 -13.0357
v  0.4226 -0.4218 -13.0285
v  0.3179 -0.4118 -12.9523
v  0.3125 -0.4118 -12.9607
v  0.3180 -0.4218 -12.9521
v  0.2031 -0.4118 -12.8998
v  0.1996 -0.4118 -12.9092
v  0.2032 -0.4218 -12.8996
v  0.1149 -0.4118 -12.8760
v  0.1129 -0.4118 -12.8858
v  0.1149 -0.4218 -12.8759
v  0.0566 -0.4118 -12.8680
v  0.0556 -0.4118 -12.8779
v  0.0566 -0.4218 -12.8679
v  0.0026 -0.4118 -12.8655
v  0.0025 -0.4118 -12.8755
v  0.0026 -0.4218 -12.8654
v  -0.0569 -0.4118 -12.8680
v  -0.0560 -0.4118 -12.8780
v  -0.0569 -0.4218 -12.8679
v  -0.1151 -0.4118 -12.8760
v  -0.1132 -0.4118 -12.8858
v  -0.1151 -0.4218 -12.8759
v  -0.1740 -0.4118 -12.8898
v  -0.1711 -0.4118 -12.8994
v  -0.1740 -0.4218 -12.8897
v  -0.2904 -0.4118 -12.9360
v  -0.2855 -0.4118 -12.9447
v  -0.2904 -0.4218 -12.9359
v  -0.3722 -0.4118 -12.9876
v  -0.3659 -0.4118 -12.9954
v  -0.3723 -0.4218 -12.9874
v  -0.4689 -0.4118 -13.0748
v  -0.4611 -0.4118 -13.0810
v  -0.4691 -0.4218 -13.0747
v  -0.5453 -0.4118 -13.1793
v  -0.5363 -0.4118 -13.1838
v  -0.5455 -0.4218 -13.1792
v  -0.5978 -0.4118 -13.2942
v  -0.5881 -0.4118 -13.2967
v  -0.5980 -0.4218 -13.2941
v  -0.6256 -0.4118 -13.4116
v  -0.6156 -0.4118 -13.4122
v  -0.6258 -0.4218 -13.4115
v  -0.6309 -0.4118 -13.5258
v  -0.6210 -0.4118 -13.5246
v  -0.6311 -0.4218 -13.5258
v  -0.6147 -0.4118 -13.6419
v  -0.6051 -0.4118 -13.6389
v  -0.6149 -0.4218 -13.6419
v  -0.5747 -0.4118 -13.7589
v  -0.5659 -0.4118 -13.7541
v  -0.5748 -0.4218 -13.7590
v  -0.5100 -0.4118 -13.8696
v  -0.5023 -0.4118 -13.8632
v  -0.5101 -0.4218 -13.8697
v  -0.4228 -0.4118 -13.9663
v  -0.4165 -0.4118 -13.9585
v  -0.4229 -0.4218 -13.9664
v  -0.5631 -0.6329 -13.3962
v  -0.5725 -0.5695 -13.3963
v  -0.5821 -0.5690 -13.4952
v  -0.5727 -0.6315 -13.4955
v  -0.5960 -0.5123 -13.6106
v  -0.5634 -0.5123 -13.7237
v  -0.5429 -0.5694 -13.7102
v  -0.5732 -0.5693 -13.6016
v  -0.5070 -0.5124 -13.8323
v  -0.4897 -0.5694 -13.8149
v  -0.4281 -0.5124 -13.9292
v  -0.4149 -0.5694 -13.9086
v  -0.3314 -0.5126 -14.0081
v  -0.3224 -0.5694 -13.9849
v  -0.2229 -0.5126 -14.0642
v  -0.2187 -0.5695 -14.0402
v  -0.1102 -0.5126 -14.0966
v  -0.1105 -0.5696 -14.0722
v  -0.0001 -0.5124 -14.1062
v  -0.0046 -0.5694 -14.0823
v  0.1105 -0.5124 -14.0961
v  0.1014 -0.5694 -14.0733
v  0.2235 -0.5124 -14.0634
v  0.2101 -0.5694 -14.0430
v  0.3322 -0.5124 -14.0070
v  0.3147 -0.5694 -13.9897
v  0.4290 -0.5124 -13.9280
v  0.4084 -0.5694 -13.9148
v  0.5074 -0.5123 -13.8314
v  0.4845 -0.5693 -13.8225
v  0.5636 -0.5123 -13.7226
v  0.5394 -0.5694 -13.7184
v  0.5958 -0.5123 -13.6100
v  0.5713 -0.5693 -13.6103
v  0.6058 -0.5123 -13.5000
v  0.5817 -0.5693 -13.5045
v  0.5956 -0.5122 -13.3898
v  0.5728 -0.5693 -13.3985
v  0.5632 -0.5122 -13.2770
v  0.5424 -0.5693 -13.2900
v  0.5067 -0.5121 -13.1687
v  0.4891 -0.5693 -13.1854
v  0.4282 -0.5122 -13.0717
v  0.4143 -0.5693 -13.0919
v  0.3313 -0.5121 -12.9931
v  0.3218 -0.5693 -13.0157
v  0.2228 -0.5121 -12.9369
v  0.2180 -0.5693 -12.9609
v  0.1100 -0.5119 -12.9049
v  0.1099 -0.5691 -12.9295
v  -0.0001 -0.5119 -12.8948
v  0.0043 -0.5691 -12.9190
v  -0.1103 -0.5119 -12.9049
v  -0.1015 -0.5691 -12.9279
v  -0.2230 -0.5119 -12.9372
v  -0.2099 -0.5691 -12.9581
v  -0.3314 -0.5120 -12.9933
v  -0.3145 -0.5691 -13.0112
v  -0.4283 -0.5120 -13.0719
v  -0.4081 -0.5692 -13.0859
v  -0.5072 -0.5122 -13.1685
v  -0.4846 -0.5693 -13.1780
v  -0.5634 -0.5122 -13.2770
v  -0.5395 -0.5691 -13.2818
v  -0.5969 -0.5123 -13.3961
v  -0.5337 -0.6318 -13.2928
v  -0.4795 -0.6329 -13.1875
v  -0.4053 -0.6329 -13.0960
v  -0.3136 -0.6329 -13.0219
v  -0.2111 -0.6329 -12.9687
v  -0.1045 -0.6329 -12.9380
v  -0.0001 -0.6329 -12.9284
v  0.1036 -0.6329 -12.9379
v  0.2099 -0.6329 -12.9679
v  0.3124 -0.6329 -13.0207
v  0.4039 -0.6329 -13.0949
v  0.4785 -0.6329 -13.1863
v  0.5318 -0.6329 -13.2888
v  0.5627 -0.6329 -13.3956
v  0.5723 -0.6329 -13.5024
v  0.5629 -0.6329 -13.6039
v  0.5325 -0.6329 -13.7103
v  0.4794 -0.6329 -13.8131
v  0.4054 -0.6329 -13.9045
v  0.3139 -0.6329 -13.9791
v  0.2112 -0.6329 -14.0324
v  0.1044 -0.6329 -14.0633
v  -0.0001 -0.6329 -14.0729
v  -0.1042 -0.6329 -14.0639
v  -0.2107 -0.6329 -14.0333
v  -0.3130 -0.6329 -13.9799
v  -0.4046 -0.6329 -13.9056
v  -0.4791 -0.6329 -13.8140
v  -0.5323 -0.6329 -13.7113
v  -0.5631 -0.6329 -13.6045
v  -0.6061 -0.5123 -13.4964
v  -0.5724 -0.6479 -13.4956
v  -0.5591 -1.4073 -13.4977
v  -0.5497 -1.4073 -13.3987
v  -0.5628 -0.6492 -13.3962
v  -0.5199 -1.4073 -13.2949
v  -0.5334 -0.6481 -13.2929
v  -0.4681 -1.4073 -13.1949
v  -0.4793 -0.6492 -13.1876
v  -0.3957 -1.4073 -13.1056
v  -0.4051 -0.6492 -13.0962
v  -0.3064 -1.4073 -13.0329
v  -0.3135 -0.6492 -13.0221
v  -0.2062 -1.4073 -12.9809
v  -0.2110 -0.6492 -12.9690
v  -0.1021 -1.4073 -12.9509
v  -0.1044 -0.6492 -12.9383
v  -0.0001 -1.4073 -12.9415
v  -0.0001 -0.6492 -12.9287
v  0.1012 -1.4073 -12.9508
v  0.1035 -0.6492 -12.9382
v  0.2049 -1.4073 -12.9805
v  0.2098 -0.6492 -12.9681
v  0.3049 -1.4073 -13.0321
v  0.3122 -0.6492 -13.0210
v  0.3943 -1.4073 -13.1045
v  0.4037 -0.6492 -13.0951
v  0.4671 -1.4073 -13.1937
v  0.4782 -0.6492 -13.1864
v  0.5192 -1.4073 -13.2939
v  0.5315 -0.6492 -13.2889
v  0.5493 -1.4073 -13.3981
v  0.5624 -0.6492 -13.3956
v  0.5588 -1.4073 -13.5023
v  0.5720 -0.6492 -13.5024
v  0.5495 -1.4073 -13.6014
v  0.5626 -0.6492 -13.6039
v  0.5198 -1.4073 -13.7053
v  0.5322 -0.6492 -13.7102
v  0.4680 -1.4073 -13.8056
v  0.4792 -0.6492 -13.8129
v  0.3957 -1.4073 -13.8948
v  0.4052 -0.6492 -13.9043
v  0.3064 -1.4073 -13.9677
v  0.3137 -0.6492 -13.9788
v  0.2062 -1.4073 -14.0198
v  0.2111 -0.6492 -14.0322
v  0.1019 -1.4073 -14.0499
v  0.1043 -0.6492 -14.0630
v  -0.0001 -1.4073 -14.0593
v  -0.0001 -0.6492 -14.0726
v  -0.1016 -1.4073 -14.0500
v  -0.1041 -0.6493 -14.0636
v  -0.2055 -1.4073 -14.0202
v  -0.2105 -0.6493 -14.0330
v  -0.3055 -1.4073 -13.9684
v  -0.3128 -0.6492 -13.9796
v  -0.3950 -1.4073 -13.8959
v  -0.4044 -0.6492 -13.9054
v  -0.4677 -1.4073 -13.8066
v  -0.4788 -0.6492 -13.8139
v  -0.5197 -1.4073 -13.7063
v  -0.5321 -0.6492 -13.7112
v  -0.5497 -1.4073 -13.6020
v  -0.5628 -0.6492 -13.6045
v  -0.6040 -0.4999 -13.3951
v  -0.6132 -0.4999 -13.4964
v  -0.6028 -0.4999 -13.6124
v  -0.5699 -0.5000 -13.7268
v  -0.5128 -0.5000 -13.8368
v  -0.4330 -0.5001 -13.9348
v  -0.3348 -0.5001 -14.0143
v  -0.2250 -0.5001 -14.0710
v  -0.1110 -0.5002 -14.1037
v  0.0003 -0.5002 -14.1138
v  0.1123 -0.5001 -14.1032
v  0.2266 -0.5000 -14.0698
v  0.3365 -0.5000 -14.0126
v  0.4344 -0.5000 -13.9326
v  0.5136 -0.4999 -13.8348
v  0.5703 -0.4999 -13.7247
v  0.6028 -0.4999 -13.6108
v  0.6129 -0.4999 -13.4996
v  0.6025 -0.4998 -13.3880
v  0.5695 -0.4998 -13.2740
v  0.5123 -0.4997 -13.1644
v  0.4326 -0.4997 -13.0666
v  0.3346 -0.4996 -12.9872
v  0.2248 -0.4996 -12.9305
v  0.1108 -0.4996 -12.8979
v  -0.0006 -0.4996 -12.8877
v  -0.1120 -0.4996 -12.8980
v  -0.2260 -0.4996 -12.9309
v  -0.3356 -0.4996 -12.9877
v  -0.4336 -0.4997 -13.0673
v  -0.5133 -0.4998 -13.1651
v  -0.5702 -0.4998 -13.2749
v  -0.6105 -0.4741 -13.3937
v  -0.6199 -0.4741 -13.4963
v  -0.6096 -0.4741 -13.6132
v  -0.5765 -0.4741 -13.7289
v  -0.5188 -0.4741 -13.8401
v  -0.4382 -0.4741 -13.9393
v  -0.3390 -0.4742 -14.0198
v  -0.2280 -0.4742 -14.0773
v  -0.1128 -0.4742 -14.1104
v  -0.0001 -0.4742 -14.1207
v  0.1131 -0.4742 -14.1102
v  0.2289 -0.4742 -14.0768
v  0.3400 -0.4742 -14.0189
v  0.4390 -0.4741 -13.9380
v  0.5192 -0.4741 -13.8391
v  0.5764 -0.4741 -13.7277
v  0.6094 -0.4741 -13.6125
v  0.6196 -0.4741 -13.5000
v  0.6092 -0.4741 -13.3873
v  0.5760 -0.4741 -13.2720
v  0.5182 -0.4740 -13.1612
v  0.4376 -0.4740 -13.0623
v  0.3386 -0.4740 -12.9819
v  0.2277 -0.4740 -12.9246
v  0.1125 -0.4740 -12.8915
v  -0.0001 -0.4740 -12.8812
v  -0.1128 -0.4740 -12.8915
v  -0.2280 -0.4740 -12.9246
v  -0.3389 -0.4740 -12.9820
v  -0.4379 -0.4740 -13.0623
v  -0.5187 -0.4740 -13.1610
v  -0.5762 -0.4741 -13.2720
v  -0.6089 -0.3855 -13.3939
v  -0.6183 -0.3855 -13.4963
v  -0.6081 -0.3855 -13.6129
v  -0.5750 -0.3855 -13.7283
v  -0.5176 -0.3855 -13.8393
v  -0.4371 -0.3855 -13.9382
v  -0.3382 -0.3855 -14.0185
v  -0.2275 -0.3855 -14.0758
v  -0.1125 -0.3855 -14.1088
v  -0.0001 -0.3855 -14.1191
v  0.1128 -0.3855 -14.1087
v  0.2283 -0.3855 -14.0754
v  0.3392 -0.3855 -14.0176
v  0.4380 -0.3855 -13.9370
v  0.5179 -0.3855 -13.8382
v  0.5751 -0.3855 -13.7272
v  0.6079 -0.3855 -13.6122
v  0.6180 -0.3855 -13.5000
v  0.6076 -0.3855 -13.3876
v  0.5745 -0.3855 -13.2725
v  0.5169 -0.3855 -13.1620
v  0.4365 -0.3855 -13.0634
v  0.3377 -0.3855 -12.9832
v  0.2271 -0.3855 -12.9260
v  0.1122 -0.3855 -12.8930
v  -0.0001 -0.3855 -12.8827
v  -0.1125 -0.3855 -12.8930
v  -0.2274 -0.3855 -12.9260
v  -0.3380 -0.3855 -12.9832
v  -0.4368 -0.3855 -13.0634
v  -0.5174 -0.3855 -13.1619
v  -0.5746 -0.3855 -13.2726
v  -0.5494 -1.4236 -13.3987
v  -0.5588 -1.4236 -13.4977
v  -0.5455 -1.4526 -13.4978
v  -0.5364 -1.4526 -13.4011
v  -0.5196 -1.4236 -13.2950
v  -0.5073 -1.4526 -13.2998
v  -0.4679 -1.4236 -13.1951
v  -0.4568 -1.4524 -13.2024
v  -0.3955 -1.4236 -13.1058
v  -0.3862 -1.4525 -13.1151
v  -0.3062 -1.4236 -13.0332
v  -0.2990 -1.4525 -13.0441
v  -0.2061 -1.4236 -12.9812
v  -0.2013 -1.4525 -12.9934
v  -0.1020 -1.4236 -12.9512
v  -0.0996 -1.4525 -12.9641
v  -0.0001 -1.4236 -12.9418
v  -0.0001 -1.4525 -12.9549
v  0.1011 -1.4236 -12.9511
v  0.0987 -1.4525 -12.9640
v  0.2048 -1.4236 -12.9808
v  0.2000 -1.4525 -12.9930
v  0.3048 -1.4236 -13.0324
v  0.2976 -1.4525 -13.0434
v  0.3941 -1.4236 -13.1047
v  0.3848 -1.4525 -13.1140
v  0.4668 -1.4236 -13.1939
v  0.4558 -1.4525 -13.2011
v  0.5189 -1.4236 -13.2940
v  0.5066 -1.4526 -13.2988
v  0.5490 -1.4236 -13.3981
v  0.5360 -1.4526 -13.4005
v  0.5585 -1.4236 -13.5023
v  0.5452 -1.4526 -13.5023
v  0.5492 -1.4236 -13.6014
v  0.5362 -1.4527 -13.5990
v  0.5195 -1.4236 -13.7052
v  0.5071 -1.4527 -13.7003
v  0.4678 -1.4236 -13.8055
v  0.4566 -1.4527 -13.7982
v  0.3955 -1.4236 -13.8946
v  0.3860 -1.4528 -13.8852
v  0.3063 -1.4236 -13.9674
v  0.2989 -1.4528 -13.9562
v  0.2061 -1.4236 -14.0195
v  0.2011 -1.4528 -14.0070
v  0.1019 -1.4236 -14.0496
v  0.0994 -1.4528 -14.0364
v  -0.0001 -1.4236 -14.0590
v  -0.0002 -1.4528 -14.0456
v  -0.1016 -1.4236 -14.0497
v  -0.0991 -1.4528 -14.0365
v  -0.2054 -1.4236 -14.0199
v  -0.2004 -1.4528 -14.0074
v  -0.3054 -1.4236 -13.9682
v  -0.2981 -1.4527 -13.9570
v  -0.3948 -1.4236 -13.8957
v  -0.3853 -1.4527 -13.8863
v  -0.4674 -1.4236 -13.8064
v  -0.4563 -1.4527 -13.7991
v  -0.5194 -1.4236 -13.7062
v  -0.5070 -1.4527 -13.7013
v  -0.5494 -1.4236 -13.6020
v  -0.5364 -1.4527 -13.5995
v  -0.5102 -1.4629 -13.4060
v  -0.5188 -1.4629 -13.4978
v  -0.5082 -1.4630 -13.4978
v  -0.4997 -1.4630 -13.4079
v  -0.4826 -1.4629 -13.3096
v  -0.4726 -1.4630 -13.3136
v  -0.4346 -1.4629 -13.2168
v  -0.4253 -1.4632 -13.2229
v  -0.3674 -1.4629 -13.1338
v  -0.3597 -1.4631 -13.1415
v  -0.2845 -1.4629 -13.0663
v  -0.2785 -1.4631 -13.0754
v  -0.1915 -1.4629 -13.0180
v  -0.1875 -1.4631 -13.0281
v  -0.0948 -1.4629 -12.9901
v  -0.0928 -1.4631 -13.0009
v  -0.0001 -1.4629 -12.9814
v  -0.0001 -1.4632 -12.9923
v  0.0939 -1.4629 -12.9900
v  0.0919 -1.4631 -13.0008
v  0.1903 -1.4629 -13.0176
v  0.1862 -1.4631 -13.0278
v  0.2831 -1.4629 -13.0656
v  0.2771 -1.4631 -13.0747
v  0.3661 -1.4629 -13.1328
v  0.3584 -1.4631 -13.1405
v  0.4336 -1.4629 -13.2157
v  0.4246 -1.4630 -13.2216
v  0.4819 -1.4629 -13.3087
v  0.4719 -1.4630 -13.3126
v  0.5098 -1.4629 -13.4054
v  0.4993 -1.4630 -13.4074
v  0.5185 -1.4629 -13.5023
v  0.5079 -1.4630 -13.5022
v  0.5099 -1.4629 -13.5941
v  0.4995 -1.4629 -13.5922
v  0.4823 -1.4629 -13.6904
v  0.4725 -1.4628 -13.6866
v  0.4341 -1.4629 -13.7835
v  0.4254 -1.4628 -13.7778
v  0.3671 -1.4629 -13.8663
v  0.3598 -1.4625 -13.8589
v  0.2842 -1.4629 -13.9338
v  0.2785 -1.4625 -13.9252
v  0.1912 -1.4629 -13.9821
v  0.1874 -1.4625 -13.9725
v  0.0945 -1.4629 -14.0100
v  0.0926 -1.4625 -13.9999
v  -0.0002 -1.4629 -14.0187
v  -0.0002 -1.4627 -14.0084
v  -0.0942 -1.4629 -14.0101
v  -0.0923 -1.4627 -14.0000
v  -0.1906 -1.4629 -13.9824
v  -0.1868 -1.4627 -13.9729
v  -0.2834 -1.4629 -13.9345
v  -0.2778 -1.4627 -13.9259
v  -0.3664 -1.4629 -13.8673
v  -0.3591 -1.4628 -13.8599
v  -0.4339 -1.4629 -13.7844
v  -0.4252 -1.4628 -13.7787
v  -0.4822 -1.4629 -13.6914
v  -0.4725 -1.4629 -13.6875
v  -0.5101 -1.4629 -13.5946
v  -0.4997 -1.4629 -13.5927
v  -0.5014 -1.4594 -13.4979
v  -0.4930 -1.4593 -13.4091
v  -0.4663 -1.4594 -13.3161
v  -0.4197 -1.4596 -13.2266
v  -0.3549 -1.4594 -13.1463
v  -0.2748 -1.4594 -13.0811
v  -0.1850 -1.4595 -13.0344
v  -0.0915 -1.4595 -13.0075
v  -0.0001 -1.4595 -12.9991
v  0.0907 -1.4595 -13.0074
v  0.1838 -1.4595 -13.0341
v  0.2734 -1.4595 -13.0804
v  0.3536 -1.4594 -13.1453
v  0.4189 -1.4594 -13.2253
v  0.4656 -1.4593 -13.3151
v  0.4927 -1.4593 -13.4086
v  0.5011 -1.4594 -13.5022
v  0.4929 -1.4592 -13.5910
v  0.4662 -1.4592 -13.6841
v  0.4198 -1.4591 -13.7741
v  0.3550 -1.4588 -13.8542
v  0.2748 -1.4588 -13.9195
v  0.1849 -1.4588 -13.9662
v  0.0914 -1.4588 -13.9932
v  -0.0002 -1.4590 -14.0017
v  -0.0911 -1.4590 -13.9933
v  -0.1843 -1.4590 -13.9666
v  -0.2741 -1.4590 -13.9202
v  -0.3543 -1.4591 -13.8551
v  -0.4195 -1.4591 -13.7750
v  -0.4662 -1.4592 -13.6850
v  -0.4931 -1.4592 -13.5915
v  -0.4985 -1.4529 -13.4979
v  -0.4902 -1.4528 -13.4097
v  -0.4636 -1.4529 -13.3171
v  -0.4173 -1.4531 -13.2281
v  -0.3529 -1.4529 -13.1483
v  -0.2732 -1.4529 -13.0835
v  -0.1839 -1.4530 -13.0371
v  -0.0910 -1.4530 -13.0103
v  -0.0001 -1.4530 -13.0020
v  0.0902 -1.4530 -13.0102
v  0.1827 -1.4530 -13.0367
v  0.2719 -1.4530 -13.0828
v  0.3516 -1.4529 -13.1473
v  0.4165 -1.4529 -13.2269
v  0.4630 -1.4529 -13.3162
v  0.4898 -1.4528 -13.4091
v  0.4982 -1.4529 -13.5022
v  0.4901 -1.4527 -13.5904
v  0.4636 -1.4527 -13.6831
v  0.4174 -1.4527 -13.7726
v  0.3529 -1.4524 -13.8521
v  0.2732 -1.4524 -13.9171
v  0.1839 -1.4523 -13.9636
v  0.0908 -1.4524 -13.9904
v  -0.0002 -1.4526 -13.9988
v  -0.0906 -1.4526 -13.9905
v  -0.1832 -1.4526 -13.9639
v  -0.2725 -1.4526 -13.9178
v  -0.3522 -1.4526 -13.8531
v  -0.4171 -1.4526 -13.7734
v  -0.4635 -1.4527 -13.6840
v  -0.4902 -1.4527 -13.5910
v  -0.4985 -1.4440 -13.4979
v  -0.4985 -1.0222 -13.4979
v  -0.4902 -1.0222 -13.4097
v  -0.4902 -1.4439 -13.4097
v  -0.4636 -1.0222 -13.3171
v  -0.4636 -1.4440 -13.3171
v  -0.4173 -1.0224 -13.2281
v  -0.4173 -1.4442 -13.2281
v  -0.3529 -1.0223 -13.1483
v  -0.3529 -1.4440 -13.1483
v  -0.2732 -1.0223 -13.0835
v  -0.2732 -1.4441 -13.0835
v  -0.1839 -1.0223 -13.0371
v  -0.1839 -1.4441 -13.0371
v  -0.0910 -1.0223 -13.0103
v  -0.0910 -1.4441 -13.0103
v  -0.0001 -1.0223 -13.0020
v  -0.0001 -1.4441 -13.0020
v  0.0902 -1.0223 -13.0102
v  0.0902 -1.4441 -13.0102
v  0.1827 -1.0223 -13.0367
v  0.1827 -1.4441 -13.0367
v  0.2719 -1.0223 -13.0828
v  0.2719 -1.4441 -13.0828
v  0.3516 -1.0222 -13.1473
v  0.3516 -1.4440 -13.1473
v  0.4165 -1.0222 -13.2269
v  0.4165 -1.4440 -13.2269
v  0.4630 -1.0222 -13.3162
v  0.4630 -1.4440 -13.3162
v  0.4898 -1.0222 -13.4091
v  0.4898 -1.4439 -13.4091
v  0.4982 -1.0222 -13.5022
v  0.4982 -1.4440 -13.5022
v  0.4901 -1.0221 -13.5904
v  0.4901 -1.4439 -13.5904
v  0.4636 -1.0220 -13.6831
v  0.4636 -1.4438 -13.6831
v  0.4174 -1.0220 -13.7726
v  0.4174 -1.4438 -13.7726
v  0.3529 -1.0217 -13.8521
v  0.3529 -1.4435 -13.8521
v  0.2732 -1.0217 -13.9171
v  0.2732 -1.4435 -13.9171
v  0.1839 -1.0217 -13.9636
v  0.1839 -1.4435 -13.9636
v  0.0908 -1.0217 -13.9904
v  0.0908 -1.4435 -13.9904
v  -0.0002 -1.0219 -13.9988
v  -0.0002 -1.4437 -13.9988
v  -0.0906 -1.0219 -13.9905
v  -0.0906 -1.4437 -13.9905
v  -0.1832 -1.0219 -13.9639
v  -0.1832 -1.4437 -13.9639
v  -0.2725 -1.0219 -13.9178
v  -0.2725 -1.4437 -13.9178
v  -0.3522 -1.0220 -13.8531
v  -0.3522 -1.4437 -13.8531
v  -0.4171 -1.0220 -13.7734
v  -0.4171 -1.4438 -13.7734
v  -0.4635 -1.0220 -13.6840
v  -0.4635 -1.4438 -13.6840
v  -0.4902 -1.0221 -13.5910
v  -0.4902 -1.4439 -13.5910
v  1.5915 -2.5325 1.2188
v  1.5894 -2.5297 1.2237
v  1.5956 -2.5369 1.2188
v  1.6014 -2.5135 1.2188
v  1.6074 -2.5126 1.2188
v  1.5980 -2.5132 1.2237
v  1.6034 -2.4922 1.2188
v  1.6094 -2.4926 1.2188
v  1.6000 -2.4923 1.2237
v  1.5228 -2.4491 1.2188
v  1.5241 -2.4524 1.2236
v  1.5186 -2.4448 1.2188
v  1.5063 -2.4626 1.2188
v  1.5028 -2.4578 1.2188
v  1.5088 -2.4651 1.2236
v  1.5004 -2.5232 1.2188
v  1.4972 -2.5284 1.2188
v  1.5034 -2.5217 1.2237
v  1.4942 -2.5029 1.2188
v  1.4976 -2.5027 1.2237
v  1.4882 -2.5024 1.2188
v  1.5325 -2.5506 1.2188
v  1.5280 -2.5546 1.2188
v  1.5333 -2.5472 1.2237
v  1.5137 -2.5401 1.2188
v  1.5158 -2.5375 1.2237
v  1.5098 -2.5447 1.2188
v  1.5967 -2.4716 1.2188
v  1.6072 -2.4682 1.2188
v  1.5938 -2.4732 1.2238
v  1.5645 -2.4450 1.2188
v  1.5693 -2.4414 1.2188
v  1.5633 -2.4483 1.2237
v  1.5833 -2.4550 1.2188
v  1.5815 -2.4581 1.2237
v  1.5877 -2.4509 1.2188
v  1.4962 -2.4815 1.2188
v  1.4997 -2.4819 1.2237
v  1.4904 -2.4828 1.2188
v  1.5752 -2.5465 1.2188
v  1.5737 -2.5433 1.2236
v  1.5798 -2.5503 1.2188
v  1.5540 -2.5526 1.2188
v  1.5532 -2.5493 1.2237
v  1.5590 -2.5560 1.2188
v  1.5432 -2.4433 1.2188
v  1.5436 -2.4467 1.2237
v  1.5385 -2.4395 1.2188
v  1.2893 -2.1507 2.1481
v  1.2893 -2.1544 2.1434
v  1.2953 -2.1507 2.1481
v  1.2893 -2.8372 2.1488
v  1.2953 -2.8374 2.1488
v  1.2893 -2.8336 2.1440
v  1.3086 -2.8379 2.1488
v  1.3086 -2.8343 2.1440
v  1.3026 -2.8377 2.1488
v  1.3086 -2.1507 2.1481
v  1.3026 -2.1507 2.1481
v  1.3086 -2.1544 2.1434
v  1.2891 -2.1187 2.1163
v  1.2891 -2.1227 2.1119
v  1.2951 -2.1187 2.1163
v  1.2892 -2.1246 2.1309
v  1.2952 -2.1246 2.1309
v  1.2892 -2.1285 2.1263
v  1.3087 -2.1246 2.1309
v  1.3087 -2.1285 2.1263
v  1.3027 -2.1246 2.1309
v  1.3088 -2.1187 2.1163
v  1.3028 -2.1187 2.1163
v  1.3088 -2.1227 2.1119
v  1.2893 -2.1362 2.1423
v  1.2953 -2.1362 2.1423
v  1.2893 -2.1400 2.1377
v  1.3086 -2.1362 2.1423
v  1.3086 -2.1400 2.1377
v  1.3026 -2.1362 2.1423
v  1.2890 -2.1179 1.2891
v  1.2890 -2.1220 1.2935
v  1.2950 -2.1179 1.2891
v  1.3088 -2.1179 1.2891
v  1.3028 -2.1179 1.2891
v  1.3088 -2.1220 1.2935
v  1.2888 -2.1579 1.2489
v  1.2888 -2.1615 1.2537
v  1.2948 -2.1579 1.2489
v  1.2888 -2.1431 1.2517
v  1.2948 -2.1432 1.2517
v  1.2888 -2.1469 1.2564
v  1.3088 -2.1432 1.2519
v  1.3088 -2.1469 1.2566
v  1.3028 -2.1432 1.2518
v  1.3088 -2.1579 1.2491
v  1.3028 -2.1579 1.2490
v  1.3088 -2.1616 1.2538
v  1.2889 -2.1295 1.2607
v  1.2949 -2.1296 1.2607
v  1.2889 -2.1334 1.2653
v  1.3088 -2.1297 1.2608
v  1.3088 -2.1335 1.2654
v  1.3028 -2.1296 1.2607
v  1.2890 -2.1207 1.2743
v  1.2950 -2.1207 1.2743
v  1.2890 -2.1247 1.2788
v  1.3088 -2.1207 1.2743
v  1.3088 -2.1247 1.2788
v  1.3028 -2.1207 1.2743
v  1.2888 -2.8453 1.2495
v  1.2888 -2.8416 1.2543
v  1.2948 -2.8452 1.2496
v  1.3088 -2.8452 1.2497
v  1.3028 -2.8452 1.2497
v  1.3088 -2.8415 1.2545
v  1.2890 -2.8773 1.2818
v  1.2890 -2.8733 1.2862
v  1.2950 -2.8773 1.2818
v  1.2889 -2.8715 1.2671
v  1.2949 -2.8715 1.2671
v  1.2889 -2.8676 1.2716
v  1.3088 -2.8714 1.2672
v  1.3088 -2.8675 1.2717
v  1.3028 -2.8715 1.2672
v  1.3088 -2.8773 1.2818
v  1.3028 -2.8773 1.2818
v  1.3088 -2.8732 1.2862
v  1.2888 -2.8599 1.2554
v  1.2948 -2.8599 1.2555
v  1.2888 -2.8561 1.2601
v  1.3088 -2.8598 1.2556
v  1.3088 -2.8560 1.2602
v  1.3028 -2.8599 1.2555
v  1.2891 -2.8779 2.1091
v  1.2891 -2.8738 2.1047
v  1.2951 -2.8779 2.1091
v  1.3088 -2.8779 2.1091
v  1.3028 -2.8779 2.1091
v  1.3088 -2.8738 2.1047
v  1.2893 -2.8526 2.1460
v  1.2953 -2.8526 2.1460
v  1.2893 -2.8488 2.1413
v  1.3086 -2.8526 2.1460
v  1.3086 -2.8488 2.1413
v  1.3026 -2.8526 2.1460
v  1.2893 -2.8661 2.1372
v  1.2953 -2.8661 2.1372
v  1.2892 -2.8622 2.1326
v  1.3086 -2.8661 2.1372
v  1.3086 -2.8622 2.1326
v  1.3026 -2.8661 2.1372
v  1.2892 -2.8750 2.1237
v  1.2952 -2.8750 2.1237
v  1.2892 -2.8710 2.1193
v  1.3087 -2.8750 2.1237
v  1.3087 -2.8710 2.1193
v  1.3027 -2.8750 2.1237
v  1.7035 -2.6467 1.7575
v  1.6975 -2.6467 1.7575
v  1.7035 -2.6411 1.7553
v  1.7035 -2.6579 1.6986
v  1.7035 -2.6519 1.6986
v  1.6975 -2.6579 1.6986
v  1.7035 -2.6111 1.8118
v  1.6975 -2.6111 1.8118
v  1.7035 -2.6068 1.8075
v  1.7036 -2.5569 1.8475
v  1.6976 -2.5569 1.8475
v  1.7036 -2.5547 1.8420
v  1.7035 -2.4979 1.8586
v  1.6975 -2.4979 1.8586
v  1.7035 -2.4979 1.8526
v  1.7036 -2.4390 1.8475
v  1.6976 -2.4390 1.8475
v  1.7036 -2.4412 1.8420
v  1.7036 -2.3847 1.8119
v  1.6976 -2.3847 1.8118
v  1.7036 -2.3890 1.8076
v  1.7035 -2.3491 1.7576
v  1.6975 -2.3491 1.7575
v  1.7035 -2.3547 1.7554
v  1.7035 -2.3379 1.6986
v  1.6975 -2.3379 1.6986
v  1.7035 -2.3439 1.6986
v  1.7034 -2.3492 1.6398
v  1.6974 -2.3492 1.6398
v  1.7034 -2.3548 1.6420
v  1.7034 -2.3849 1.5856
v  1.6974 -2.3849 1.5856
v  1.7034 -2.3891 1.5898
v  1.7033 -2.4391 1.5500
v  1.6973 -2.4391 1.5500
v  1.7034 -2.4413 1.5556
v  1.7033 -2.4979 1.5388
v  1.6973 -2.4979 1.5388
v  1.7033 -2.4979 1.5448
v  1.7033 -2.5568 1.5500
v  1.6973 -2.5568 1.5500
v  1.7034 -2.5546 1.5556
v  1.7034 -2.6110 1.5856
v  1.6974 -2.6110 1.5856
v  1.7034 -2.6068 1.5898
v  1.7034 -2.6467 1.6398
v  1.6974 -2.6467 1.6398
v  1.7034 -2.6411 1.6420
v  -0.9221 -2.4977 -16.1484
v  -0.9228 -2.4979 -16.1151
v  -0.9274 -2.4978 -16.1114
v  -0.9212 -2.4981 -16.1093
v  -0.9270 -2.5031 -16.1473
v  -0.9265 -2.5001 -16.1521
v  -0.9112 -2.5028 -16.1514
v  -0.9089 -2.5033 -16.1468
v  -0.9264 -2.4906 -16.1047
v  -0.9221 -2.4905 -16.1004
v  0.4706 -2.4979 -14.5972
v  0.2861 -2.4979 -15.1489
v  -0.5001 -2.4979 -15.1734
v  -0.3252 -2.4979 -15.1498
v  -0.4289 -2.4979 -14.5972
v  -0.4169 -2.4979 -14.6021
v  0.4899 -2.3991 -14.6347
v  0.4899 -2.3991 -14.7922
v  0.4614 -2.3061 -14.6347
v  0.4615 -2.3062 -14.7922
v  0.4152 -2.2198 -14.6347
v  0.4153 -2.2199 -14.7922
v  0.3532 -2.1442 -14.6347
v  0.3532 -2.1442 -14.7922
v  0.2774 -2.0821 -14.6347
v  0.2774 -2.0821 -14.7922
v  0.2163 -2.0474 -14.7892
v  0.1910 -2.0361 -14.6347
v  0.0974 -2.0077 -14.6347
v  0.0977 -2.0077 -14.7508
v  -0.0001 -1.9979 -14.6347
v  -0.0025 -1.9980 -14.7410
v  -0.0975 -2.0076 -14.6347
v  -0.0988 -2.0078 -14.7508
v  -0.1911 -2.0360 -14.6347
v  -0.1934 -2.0373 -14.7790
v  -0.2776 -2.0820 -14.7922
v  -0.2775 -2.0821 -14.6347
v  -0.3534 -2.1441 -14.6347
v  -0.3534 -2.1442 -14.7921
v  -0.4155 -2.2197 -14.6347
v  -0.4155 -2.2198 -14.7921
v  -0.4617 -2.3060 -14.6347
v  -0.4618 -2.3061 -14.7921
v  -0.4901 -2.3991 -14.6347
v  -0.4902 -2.3991 -14.7922
v  0.4898 -2.3991 -15.1737
v  0.4615 -2.3062 -15.1734
v  0.4152 -2.2199 -15.1734
v  0.3531 -2.1443 -15.1734
v  0.2774 -2.0821 -15.1734
v  -0.3534 -2.1442 -15.1734
v  -0.2775 -2.0821 -15.1734
v  -0.4156 -2.2198 -15.1734
v  -0.4618 -2.3061 -15.1734
v  -0.4902 -2.3991 -15.1739
v  0.4898 -2.3991 -15.1777
v  0.4869 -2.3975 -15.1895
v  0.4997 -2.4979 -15.1774
v  0.4615 -2.3062 -15.1774
v  0.4589 -2.3055 -15.1884
v  0.4152 -2.2199 -15.1774
v  0.4128 -2.2201 -15.1885
v  0.3531 -2.1443 -15.1774
v  0.3509 -2.1452 -15.1886
v  0.2774 -2.0821 -15.1774
v  0.2763 -2.0838 -15.1884
v  -0.1296 -2.1932 -15.2074
v  -0.1784 -2.0675 -15.2074
v  -0.2577 -2.1110 -15.2074
v  -0.1882 -2.2255 -15.2074
v  -0.3534 -2.1442 -15.1774
v  -0.3512 -2.1450 -15.1883
v  -0.2762 -2.0838 -15.1885
v  -0.2775 -2.0821 -15.1774
v  -0.4156 -2.2198 -15.1774
v  -0.4132 -2.2196 -15.1880
v  -0.4618 -2.3061 -15.1774
v  -0.4594 -2.3053 -15.1878
v  -0.4902 -2.3991 -15.1779
v  -0.4873 -2.3976 -15.1894
v  -0.5002 -2.4979 -15.1774
v  -0.4981 -2.4979 -15.1881
v  -0.1500 -2.0430 -15.2060
v  -0.1871 -2.0434 -15.1984
v  -0.1802 -2.0628 -15.2074
v  -0.0077 -2.0482 -15.2074
v  -0.0879 -2.0484 -15.2074
v  -0.0680 -2.1739 -15.2074
v  0.0070 -2.1669 -15.2074
v  0.0893 -2.0479 -15.2074
v  0.0678 -2.1739 -15.2074
v  0.1888 -2.0433 -15.1974
v  0.1813 -2.0643 -15.2074
v  0.2612 -2.1071 -15.2074
v  0.2731 -2.0887 -15.1977
v  0.0903 -2.0377 -14.7869
v  0.0935 -2.0146 -14.7638
v  -0.0025 -2.0052 -14.7545
v  -0.0001 -2.0377 -14.7869
v  0.1799 -2.0392 -14.7885
v  -0.0904 -2.0377 -14.7869
v  -0.0946 -2.0146 -14.7639
v  -0.1777 -2.0383 -14.7875
v  0.1293 -2.1932 -15.2074
v  0.1795 -2.0690 -15.2074
v  -0.2080 -2.0432 -15.1735
v  -0.2163 -2.0473 -14.7894
v  0.2074 -2.0431 -15.1736
v  0.4498 -2.3971 -15.2074
v  0.3223 -2.4279 -15.2074
v  0.4269 -2.3125 -15.2074
v  0.3051 -2.3688 -15.2074
v  0.3833 -2.2342 -15.2074
v  0.2746 -2.3125 -15.2074
v  0.3258 -2.1656 -15.2074
v  0.2342 -2.2635 -15.2074
v  0.2584 -2.1113 -15.2074
v  0.1879 -2.2255 -15.2074
v  -0.2605 -2.1068 -15.2074
v  -0.2728 -2.0885 -15.1977
v  -0.3265 -2.1665 -15.2074
v  -0.2359 -2.2647 -15.2074
v  -0.3833 -2.2339 -15.2074
v  -0.2750 -2.3125 -15.2074
v  -0.4273 -2.3123 -15.2074
v  -0.3054 -2.3688 -15.2074
v  -0.4500 -2.3977 -15.2074
v  -0.3226 -2.4279 -15.2074
v  0.0899 -2.0429 -15.2074
v  0.1601 -2.0433 -15.2049
v  -0.0885 -2.0434 -15.2074
v  0.4917 -2.4979 -15.1978
v  0.4793 -2.3960 -15.1995
v  0.4547 -2.3961 -15.2074
v  0.4529 -2.3056 -15.1975
v  0.4316 -2.3107 -15.2074
v  0.4069 -2.2218 -15.1977
v  0.3874 -2.2313 -15.2074
v  0.3459 -2.1484 -15.1978
v  0.3293 -2.1620 -15.2074
v  -0.3462 -2.1483 -15.1978
v  -0.3300 -2.1629 -15.2074
v  -0.4070 -2.2213 -15.1978
v  -0.3874 -2.2311 -15.2074
v  -0.4530 -2.3054 -15.1976
v  -0.4320 -2.3105 -15.2074
v  -0.4795 -2.3963 -15.1997
v  -0.4549 -2.3967 -15.2074
v  0.2047 -2.0436 -15.1870
v  -0.2018 -2.0429 -15.1887
v  -0.0001 -2.0429 -14.8038
v  -0.0072 -2.0429 -15.1735
v  0.0899 -2.0429 -15.1736
v  0.0903 -2.0429 -14.8038
v  -0.0904 -2.0429 -14.8038
v  -0.0886 -2.0429 -15.1734
v  -0.1792 -2.0429 -14.8038
v  -0.1788 -2.0429 -15.1735
v  0.1882 -2.0429 -14.8038
v  0.1787 -2.0429 -15.1736
v  0.2024 -2.0429 -15.1732
v  0.2050 -2.0429 -14.8038
v  0.2022 -2.0429 -15.1772
v  0.1788 -2.0429 -15.1776
v  0.2002 -2.0429 -15.1848
v  0.0899 -2.0429 -15.1776
v  -0.0072 -2.0429 -15.1775
v  -0.0077 -2.0429 -15.2034
v  0.0898 -2.0429 -15.2034
v  -0.0886 -2.0429 -15.1774
v  -0.0884 -2.0429 -15.2034
v  -0.1788 -2.0429 -15.1775
v  -0.1493 -2.0429 -15.2020
v  0.1592 -2.0429 -15.2009
v  -0.1848 -2.0429 -15.1947
v  -0.2049 -2.0429 -14.8040
v  -0.2031 -2.0429 -15.1727
v  0.2072 -2.0430 -15.1776
v  -0.2076 -2.0430 -15.1775
v  -0.1977 -2.0429 -15.1862
v  -0.2026 -2.0429 -15.1767
v  0.1863 -2.0429 -15.1938
v  -0.0077 -2.0432 -15.2074
v  -0.1980 -2.0431 -14.7923
v  -0.1792 -2.0429 -14.7922
v  -0.0904 -2.0429 -14.7922
v  -0.0001 -2.0429 -14.7922
v  0.0903 -2.0429 -14.7922
v  0.1882 -2.0429 -14.7922
v  0.1985 -2.0431 -14.7922
v  0.0951 -2.0105 -14.7597
v  0.1877 -2.0379 -14.7872
v  -0.1873 -2.0376 -14.7869
v  -0.0962 -2.0105 -14.7598
v  -0.0025 -2.0010 -14.7503
v  -0.1276 -2.1978 -15.2074
v  -0.1854 -2.2296 -15.2074
v  -0.1845 -2.2304 -15.1498
v  -0.1273 -2.1989 -15.1498
v  0.0070 -2.1719 -15.2074
v  -0.0670 -2.1788 -15.2074
v  -0.0665 -2.1799 -15.1498
v  0.0065 -2.1731 -15.1498
v  0.0667 -2.1788 -15.2074
v  0.0665 -2.1799 -15.1498
v  0.1273 -2.1978 -15.2074
v  0.1269 -2.1989 -15.1498
v  0.3259 -2.4979 -15.2074
v  0.3174 -2.4289 -15.2074
v  0.3174 -2.4293 -15.1499
v  0.3005 -2.3707 -15.2074
v  0.2992 -2.3717 -15.1498
v  0.2705 -2.3153 -15.2074
v  0.2692 -2.3162 -15.1498
v  0.2307 -2.2671 -15.2074
v  0.2296 -2.2681 -15.1498
v  0.1851 -2.2296 -15.2074
v  0.1842 -2.2304 -15.1498
v  -0.2323 -2.2682 -15.2074
v  -0.2311 -2.2693 -15.1498
v  -0.2708 -2.3153 -15.2074
v  -0.2695 -2.3163 -15.1498
v  -0.3008 -2.3707 -15.2074
v  -0.2995 -2.3717 -15.1498
v  -0.3177 -2.4289 -15.2074
v  -0.3177 -2.4294 -15.1498
v  0.4898 -2.3991 -14.6272
v  0.4920 -2.4979 -14.6072
v  0.4823 -2.4006 -14.6072
v  0.4614 -2.3061 -14.6272
v  0.4543 -2.3091 -14.6072
v  0.4152 -2.2198 -14.6272
v  0.4089 -2.2241 -14.6072
v  0.3532 -2.1442 -14.6272
v  0.3476 -2.1497 -14.6072
v  0.2774 -2.0822 -14.6272
v  0.2731 -2.0886 -14.6072
v  0.1910 -2.0361 -14.6272
v  0.1880 -2.0432 -14.6072
v  0.0974 -2.0077 -14.6272
v  0.0958 -2.0153 -14.6072
v  -0.0001 -1.9979 -14.6272
v  -0.0001 -2.0057 -14.6072
v  -0.0975 -2.0076 -14.6272
v  -0.0960 -2.0151 -14.6072
v  -0.1912 -2.0360 -14.6272
v  -0.1882 -2.0431 -14.6072
v  -0.2775 -2.0821 -14.6272
v  -0.2733 -2.0884 -14.6071
v  -0.3534 -2.1441 -14.6272
v  -0.3479 -2.1496 -14.6072
v  -0.4155 -2.2197 -14.6272
v  -0.4090 -2.2241 -14.6072
v  -0.4617 -2.3060 -14.6272
v  -0.4546 -2.3090 -14.6072
v  -0.4901 -2.3991 -14.6272
v  -0.4826 -2.4006 -14.6072
v  0.4613 -2.4048 -14.5972
v  0.4202 -2.4131 -14.5972
v  0.4345 -2.3173 -14.5972
v  0.3958 -2.3334 -14.5972
v  0.3910 -2.2360 -14.5972
v  0.3562 -2.2594 -14.5972
v  0.3325 -2.1649 -14.5972
v  0.3028 -2.1946 -14.5972
v  0.2611 -2.1065 -14.5972
v  0.2379 -2.1414 -14.5972
v  0.1798 -2.0631 -14.5972
v  0.1638 -2.1018 -14.5972
v  0.0916 -2.0363 -14.5972
v  0.0835 -2.0775 -14.5972
v  -0.0001 -2.0272 -14.5972
v  -0.0001 -2.0692 -14.5972
v  -0.0918 -2.0362 -14.5972
v  -0.0836 -2.0773 -14.5972
v  -0.1800 -2.0629 -14.5972
v  -0.1640 -2.1017 -14.5972
v  -0.2614 -2.1063 -14.5972
v  -0.2381 -2.1412 -14.5972
v  -0.3327 -2.1648 -14.5972
v  -0.3030 -2.1945 -14.5972
v  -0.3912 -2.2360 -14.5972
v  -0.3563 -2.2593 -14.5972
v  -0.4347 -2.3173 -14.5972
v  -0.3960 -2.3334 -14.5972
v  -0.4615 -2.4048 -14.5972
v  -0.4204 -2.4131 -14.5972
v  -0.4709 -2.4979 -14.5972
v  -0.1625 -2.2623 -15.1498
v  -0.1121 -2.2346 -15.1498
v  -0.0586 -2.2178 -15.1498
v  0.0058 -2.2118 -15.1498
v  0.0586 -2.2179 -15.1498
v  0.1118 -2.2346 -15.1498
v  0.2796 -2.4375 -15.1498
v  0.2635 -2.3867 -15.1498
v  0.2371 -2.3379 -15.1498
v  0.2022 -2.2955 -15.1498
v  0.1622 -2.2623 -15.1498
v  -0.2035 -2.2966 -15.1498
v  -0.2374 -2.3380 -15.1498
v  -0.2638 -2.3868 -15.1498
v  -0.2798 -2.4375 -15.1498
v  0.1976 -2.0390 -14.7807
v  0.4084 -2.4155 -14.6021
v  0.4166 -2.4979 -14.6021
v  0.3609 -2.4251 -14.6495
v  0.3847 -2.3380 -14.6021
v  0.3399 -2.3566 -14.6495
v  0.3462 -2.2660 -14.6021
v  0.3059 -2.2930 -14.6495
v  0.2943 -2.2031 -14.6021
v  0.2602 -2.2373 -14.6496
v  0.2312 -2.1514 -14.6021
v  0.2043 -2.1916 -14.6496
v  0.1592 -2.1129 -14.6021
v  0.1407 -2.1577 -14.6496
v  0.0811 -2.0892 -14.6021
v  0.0717 -2.1367 -14.6496
v  -0.0001 -2.0812 -14.6021
v  -0.0001 -2.1296 -14.6496
v  -0.0813 -2.0891 -14.6021
v  -0.0718 -2.1367 -14.6495
v  -0.1594 -2.1128 -14.6021
v  -0.1409 -2.1576 -14.6495
v  -0.2314 -2.1512 -14.6021
v  -0.2045 -2.1915 -14.6495
v  -0.2946 -2.2030 -14.6021
v  -0.2604 -2.2372 -14.6496
v  -0.3463 -2.2660 -14.6021
v  -0.3061 -2.2930 -14.6496
v  -0.3849 -2.3380 -14.6021
v  -0.3402 -2.3566 -14.6496
v  -0.4086 -2.4155 -14.6021
v  -0.3612 -2.4251 -14.6496
v  0.4133 -2.4145 -14.5972
v  0.3893 -2.3361 -14.5972
v  0.3503 -2.2633 -14.5972
v  0.2979 -2.1995 -14.5972
v  0.2340 -2.1472 -14.5972
v  0.1611 -2.1083 -14.5972
v  0.0821 -2.0843 -14.5972
v  -0.0001 -2.0762 -14.5972
v  -0.0822 -2.0842 -14.5972
v  -0.1613 -2.1082 -14.5972
v  -0.2342 -2.1470 -14.5972
v  -0.2981 -2.1995 -14.5972
v  -0.3505 -2.2632 -14.5972
v  -0.3895 -2.3361 -14.5972
v  -0.4135 -2.4145 -14.5972
v  -0.4219 -2.4979 -14.5972
v  0.4998 -2.4979 -14.7922
v  0.4899 -2.5968 -14.7922
v  0.4899 -2.5968 -14.6347
v  0.4998 -2.4979 -14.6347
v  0.4615 -2.6897 -14.7922
v  0.4614 -2.6898 -14.6347
v  0.4153 -2.7760 -14.7922
v  0.4152 -2.7761 -14.6347
v  0.3532 -2.8516 -14.7922
v  0.3532 -2.8517 -14.6347
v  0.2774 -2.9138 -14.7922
v  0.2774 -2.9137 -14.6347
v  0.2163 -2.9485 -14.7892
v  0.1976 -2.9569 -14.7807
v  0.0977 -2.9882 -14.7508
v  0.0974 -2.9882 -14.6347
v  0.1910 -2.9598 -14.6347
v  -0.0025 -2.9979 -14.7410
v  -0.0001 -2.9979 -14.6347
v  -0.0988 -2.9881 -14.7508
v  -0.0975 -2.9883 -14.6347
v  -0.1934 -2.9586 -14.7790
v  -0.1911 -2.9599 -14.6347
v  -0.2776 -2.9138 -14.7922
v  -0.3534 -2.8517 -14.7921
v  -0.3534 -2.8518 -14.6347
v  -0.2775 -2.9138 -14.6347
v  -0.4155 -2.7761 -14.7921
v  -0.4155 -2.7761 -14.6347
v  -0.4618 -2.6898 -14.7921
v  -0.4617 -2.6898 -14.6347
v  -0.4902 -2.5968 -14.7922
v  -0.4901 -2.5968 -14.6347
v  -0.5002 -2.4979 -14.7922
v  -0.5002 -2.4979 -14.6347
v  0.4997 -2.4979 -15.1734
v  0.4898 -2.5968 -15.1737
v  0.4615 -2.6897 -15.1734
v  0.4152 -2.7759 -15.1734
v  0.3531 -2.8516 -15.1734
v  0.2774 -2.9138 -15.1734
v  -0.2775 -2.9138 -15.1734
v  -0.3534 -2.8517 -15.1734
v  -0.4156 -2.7761 -15.1734
v  -0.4618 -2.6898 -15.1734
v  -0.4902 -2.5968 -15.1739
v  0.4898 -2.5968 -15.1777
v  0.4976 -2.4979 -15.1886
v  0.4869 -2.5983 -15.1895
v  0.4615 -2.6897 -15.1774
v  0.4589 -2.6904 -15.1884
v  0.4152 -2.7759 -15.1774
v  0.4128 -2.7758 -15.1885
v  0.3531 -2.8516 -15.1774
v  0.3509 -2.8507 -15.1886
v  0.2774 -2.9138 -15.1774
v  0.2763 -2.9120 -15.1884
v  -0.1296 -2.8027 -15.2074
v  -0.1882 -2.7704 -15.2074
v  -0.2577 -2.8849 -15.2074
v  -0.1784 -2.9284 -15.2074
v  -0.3534 -2.8517 -15.1774
v  -0.2775 -2.9138 -15.1774
v  -0.2762 -2.9121 -15.1885
v  -0.3512 -2.8509 -15.1883
v  -0.4156 -2.7761 -15.1774
v  -0.4132 -2.7763 -15.1880
v  -0.4618 -2.6898 -15.1774
v  -0.4594 -2.6906 -15.1878
v  -0.4902 -2.5968 -15.1779
v  -0.4873 -2.5983 -15.1894
v  -0.1500 -2.9529 -15.2060
v  -0.1802 -2.9331 -15.2074
v  -0.1871 -2.9524 -15.1984
v  -0.0077 -2.9477 -15.2074
v  0.0070 -2.8290 -15.2074
v  -0.0680 -2.8220 -15.2074
v  -0.0879 -2.9475 -15.2074
v  0.0893 -2.9479 -15.2074
v  0.0678 -2.8220 -15.2074
v  0.1888 -2.9526 -15.1974
v  0.2731 -2.9072 -15.1977
v  0.2612 -2.8888 -15.2074
v  0.1813 -2.9316 -15.2074
v  0.0903 -2.9582 -14.7869
v  -0.0001 -2.9582 -14.7869
v  -0.0025 -2.9906 -14.7545
v  0.0935 -2.9813 -14.7638
v  0.1799 -2.9567 -14.7885
v  -0.0904 -2.9582 -14.7869
v  -0.1777 -2.9576 -14.7875
v  -0.0946 -2.9813 -14.7639
v  0.1293 -2.8027 -15.2074
v  0.1795 -2.9268 -15.2074
v  -0.2163 -2.9486 -14.7894
v  -0.2080 -2.9527 -15.1735
v  0.2074 -2.9528 -15.1736
v  0.4642 -2.4979 -15.2074
v  0.3309 -2.4979 -15.2074
v  0.3223 -2.5680 -15.2074
v  0.4498 -2.5988 -15.2074
v  0.3051 -2.6271 -15.2074
v  0.4269 -2.6833 -15.2074
v  0.2746 -2.6834 -15.2074
v  0.3833 -2.7617 -15.2074
v  0.2342 -2.7323 -15.2074
v  0.3258 -2.8303 -15.2074
v  0.1879 -2.7704 -15.2074
v  0.2584 -2.8846 -15.2074
v  -0.2605 -2.8891 -15.2074
v  -0.2728 -2.9074 -15.1977
v  -0.2359 -2.7312 -15.2074
v  -0.3265 -2.8294 -15.2074
v  -0.2750 -2.6834 -15.2074
v  -0.3833 -2.7619 -15.2074
v  -0.3054 -2.6271 -15.2074
v  -0.4273 -2.6835 -15.2074
v  -0.3226 -2.5680 -15.2074
v  -0.4500 -2.5982 -15.2074
v  -0.3312 -2.4979 -15.2074
v  -0.4639 -2.4979 -15.2074
v  0.0899 -2.9529 -15.2074
v  0.1601 -2.9525 -15.2049
v  -0.0885 -2.9525 -15.2074
v  0.4693 -2.4979 -15.2074
v  0.4547 -2.5998 -15.2074
v  0.4793 -2.5999 -15.1995
v  0.4316 -2.6852 -15.2074
v  0.4529 -2.6903 -15.1975
v  0.3874 -2.7645 -15.2074
v  0.4069 -2.7741 -15.1977
v  0.3293 -2.8339 -15.2074
v  0.3459 -2.8475 -15.1978
v  -0.3300 -2.8330 -15.2074
v  -0.3462 -2.8476 -15.1978
v  -0.3874 -2.7648 -15.2074
v  -0.4070 -2.7746 -15.1978
v  -0.4320 -2.6854 -15.2074
v  -0.4530 -2.6904 -15.1976
v  -0.4549 -2.5991 -15.2074
v  -0.4795 -2.5996 -15.1997
v  -0.4689 -2.4979 -15.2074
v  -0.4917 -2.4979 -15.1981
v  0.2047 -2.9523 -15.1870
v  -0.2018 -2.9529 -15.1887
v  -0.0001 -2.9529 -14.8038
v  0.0903 -2.9529 -14.8038
v  0.0899 -2.9529 -15.1736
v  -0.0072 -2.9529 -15.1735
v  -0.0904 -2.9529 -14.8038
v  -0.0886 -2.9529 -15.1734
v  -0.1792 -2.9529 -14.8038
v  -0.1788 -2.9529 -15.1735
v  0.1882 -2.9529 -14.8038
v  0.2050 -2.9529 -14.8038
v  0.2024 -2.9529 -15.1732
v  0.1787 -2.9529 -15.1736
v  0.2022 -2.9529 -15.1772
v  0.2002 -2.9529 -15.1848
v  0.1788 -2.9529 -15.1776
v  0.0899 -2.9529 -15.1776
v  0.0898 -2.9529 -15.2034
v  -0.0077 -2.9529 -15.2034
v  -0.0072 -2.9529 -15.1775
v  -0.0884 -2.9529 -15.2034
v  -0.0886 -2.9529 -15.1774
v  -0.1493 -2.9529 -15.2020
v  -0.1788 -2.9529 -15.1775
v  0.1592 -2.9529 -15.2009
v  -0.1848 -2.9529 -15.1947
v  -0.2031 -2.9529 -15.1727
v  -0.2049 -2.9529 -14.8040
v  0.2072 -2.9529 -15.1776
v  -0.2076 -2.9529 -15.1775
v  -0.1977 -2.9529 -15.1862
v  -0.2026 -2.9529 -15.1767
v  0.1863 -2.9529 -15.1938
v  -0.0077 -2.9527 -15.2074
v  -0.1980 -2.9528 -14.7923
v  -0.1792 -2.9530 -14.7922
v  -0.0904 -2.9530 -14.7922
v  -0.0001 -2.9530 -14.7922
v  0.0903 -2.9530 -14.7922
v  0.1882 -2.9530 -14.7922
v  0.1985 -2.9528 -14.7922
v  0.1877 -2.9580 -14.7872
v  0.0951 -2.9854 -14.7597
v  -0.1873 -2.9582 -14.7869
v  -0.0962 -2.9854 -14.7598
v  -0.0025 -2.9949 -14.7503
v  -0.1276 -2.7981 -15.2074
v  -0.1273 -2.7969 -15.1498
v  -0.1845 -2.7654 -15.1498
v  -0.1854 -2.7663 -15.2074
v  0.0070 -2.8240 -15.2074
v  0.0065 -2.8228 -15.1498
v  -0.0665 -2.8160 -15.1498
v  -0.0670 -2.8171 -15.2074
v  0.0667 -2.8171 -15.2074
v  0.0665 -2.8159 -15.1498
v  0.1273 -2.7981 -15.2074
v  0.1269 -2.7970 -15.1498
v  0.3248 -2.4979 -15.1487
v  0.3174 -2.5666 -15.1499
v  0.3174 -2.5669 -15.2074
v  0.2992 -2.6242 -15.1498
v  0.3005 -2.6251 -15.2074
v  0.2692 -2.6797 -15.1498
v  0.2705 -2.6806 -15.2074
v  0.2296 -2.7278 -15.1498
v  0.2307 -2.7288 -15.2074
v  0.1842 -2.7655 -15.1498
v  0.1851 -2.7663 -15.2074
v  -0.2311 -2.7265 -15.1498
v  -0.2323 -2.7276 -15.2074
v  -0.2695 -2.6796 -15.1498
v  -0.2708 -2.6806 -15.2074
v  -0.2995 -2.6242 -15.1498
v  -0.3008 -2.6251 -15.2074
v  -0.3177 -2.5665 -15.1498
v  -0.3177 -2.5669 -15.2074
v  -0.3262 -2.4979 -15.2074
v  0.4898 -2.5968 -14.6272
v  0.4823 -2.5953 -14.6072
v  0.4998 -2.4979 -14.6272
v  0.4614 -2.6898 -14.6272
v  0.4543 -2.6868 -14.6072
v  0.4152 -2.7761 -14.6272
v  0.4089 -2.7718 -14.6072
v  0.3532 -2.8517 -14.6272
v  0.3476 -2.8462 -14.6072
v  0.2774 -2.9137 -14.6272
v  0.2731 -2.9073 -14.6072
v  0.1910 -2.9598 -14.6272
v  0.1880 -2.9526 -14.6072
v  0.0974 -2.9882 -14.6272
v  0.0958 -2.9806 -14.6072
v  -0.0001 -2.9979 -14.6272
v  -0.0001 -2.9901 -14.6072
v  -0.0975 -2.9883 -14.6272
v  -0.0960 -2.9807 -14.6072
v  -0.1912 -2.9599 -14.6272
v  -0.1882 -2.9528 -14.6072
v  -0.2775 -2.9138 -14.6272
v  -0.2733 -2.9074 -14.6071
v  -0.3534 -2.8518 -14.6272
v  -0.3479 -2.8463 -14.6072
v  -0.4155 -2.7761 -14.6272
v  -0.4090 -2.7718 -14.6072
v  -0.4617 -2.6898 -14.6272
v  -0.4546 -2.6869 -14.6072
v  -0.4901 -2.5968 -14.6272
v  -0.4826 -2.5953 -14.6072
v  -0.5002 -2.4979 -14.6272
v  -0.4924 -2.4979 -14.6072
v  0.4613 -2.5910 -14.5972
v  0.4202 -2.5827 -14.5972
v  0.4286 -2.4979 -14.5972
v  0.4345 -2.6786 -14.5972
v  0.3958 -2.6625 -14.5972
v  0.3910 -2.7599 -14.5972
v  0.3562 -2.7365 -14.5972
v  0.3325 -2.8310 -14.5972
v  0.3028 -2.8013 -14.5972
v  0.2611 -2.8894 -14.5972
v  0.2379 -2.8545 -14.5972
v  0.1798 -2.9328 -14.5972
v  0.1638 -2.8940 -14.5972
v  0.0916 -2.9596 -14.5972
v  0.0835 -2.9184 -14.5972
v  -0.0001 -2.9687 -14.5972
v  -0.0001 -2.9267 -14.5972
v  -0.0918 -2.9597 -14.5972
v  -0.0836 -2.9185 -14.5972
v  -0.1800 -2.9330 -14.5972
v  -0.1640 -2.8942 -14.5972
v  -0.2614 -2.8896 -14.5972
v  -0.2381 -2.8547 -14.5972
v  -0.3327 -2.8311 -14.5972
v  -0.3030 -2.8014 -14.5972
v  -0.3912 -2.7599 -14.5972
v  -0.3563 -2.7365 -14.5972
v  -0.4347 -2.6786 -14.5972
v  -0.3960 -2.6625 -14.5972
v  -0.4615 -2.5911 -14.5972
v  -0.4204 -2.5828 -14.5972
v  -0.1121 -2.7613 -15.1498
v  -0.1625 -2.7335 -15.1498
v  0.0058 -2.7840 -15.1498
v  -0.0586 -2.7781 -15.1498
v  0.0586 -2.7780 -15.1498
v  0.1118 -2.7613 -15.1498
v  0.2796 -2.5584 -15.1498
v  0.2635 -2.6091 -15.1498
v  0.2371 -2.6580 -15.1498
v  0.2022 -2.7004 -15.1498
v  0.1622 -2.7336 -15.1498
v  -0.2035 -2.6993 -15.1498
v  -0.2374 -2.6579 -15.1498
v  -0.2638 -2.6091 -15.1498
v  -0.2798 -2.5583 -15.1498
v  -0.2863 -2.4979 -15.1498
v  0.4084 -2.5804 -14.6021
v  0.3609 -2.5708 -14.6495
v  0.3682 -2.4979 -14.6496
v  0.3847 -2.6579 -14.6021
v  0.3399 -2.6393 -14.6495
v  0.3462 -2.7298 -14.6021
v  0.3059 -2.7028 -14.6495
v  0.2943 -2.7928 -14.6021
v  0.2602 -2.7586 -14.6496
v  0.2312 -2.8445 -14.6021
v  0.2043 -2.8043 -14.6496
v  0.1592 -2.8830 -14.6021
v  0.1407 -2.8382 -14.6496
v  0.0811 -2.9066 -14.6021
v  0.0717 -2.8592 -14.6496
v  -0.0001 -2.9147 -14.6021
v  -0.0001 -2.8663 -14.6496
v  -0.0813 -2.9068 -14.6021
v  -0.0718 -2.8592 -14.6495
v  -0.1594 -2.8831 -14.6021
v  -0.1409 -2.8383 -14.6495
v  -0.2314 -2.8447 -14.6021
v  -0.2045 -2.8043 -14.6495
v  -0.2946 -2.7929 -14.6021
v  -0.2604 -2.7587 -14.6496
v  -0.3463 -2.7299 -14.6021
v  -0.3061 -2.7029 -14.6496
v  -0.3849 -2.6579 -14.6021
v  -0.3402 -2.6393 -14.6496
v  -0.4086 -2.5804 -14.6021
v  -0.3612 -2.5708 -14.6496
v  -0.3685 -2.4979 -14.6496
v  0.4133 -2.5814 -14.5972
v  0.4216 -2.4979 -14.5972
v  0.3893 -2.6598 -14.5972
v  0.3503 -2.7326 -14.5972
v  0.2979 -2.7964 -14.5972
v  0.2340 -2.8487 -14.5972
v  0.1611 -2.8876 -14.5972
v  0.0821 -2.9116 -14.5972
v  -0.0001 -2.9197 -14.5972
v  -0.0822 -2.9117 -14.5972
v  -0.1613 -2.8877 -14.5972
v  -0.2342 -2.8489 -14.5972
v  -0.2981 -2.7964 -14.5972
v  -0.3505 -2.7326 -14.5972
v  -0.3895 -2.6598 -14.5972
v  -0.4135 -2.5814 -14.5972
v  -0.2692 -2.9097 -12.9405
v  -0.1811 -2.9554 -12.9405
v  -0.0895 -2.9817 -12.9405
v  0.0000 -2.9899 -12.9405
v  0.0895 -2.9817 -12.9405
v  0.1811 -2.9554 -12.9405
v  0.2692 -2.9097 -12.9405
v  0.3479 -2.8458 -12.9405
v  0.4118 -2.7672 -12.9405
v  0.4575 -2.6790 -12.9405
v  0.4838 -2.5875 -12.9405
v  0.4920 -2.4979 -12.9405
v  0.4838 -2.4084 -12.9405
v  0.4575 -2.3168 -12.9405
v  0.4118 -2.2287 -12.9405
v  0.3479 -2.1500 -12.9405
v  0.2692 -2.0861 -12.9405
v  0.1811 -2.0405 -12.9405
v  0.0895 -2.0142 -12.9405
v  0.0000 -2.0059 -12.9405
v  -0.0895 -2.0142 -12.9405
v  -0.1811 -2.0405 -12.9405
v  -0.2692 -2.0861 -12.9405
v  -0.3479 -2.1500 -12.9405
v  -0.4118 -2.2287 -12.9405
v  -0.4575 -2.3168 -12.9405
v  -0.4838 -2.4084 -12.9405
v  -0.4920 -2.4979 -12.9405
v  -0.4838 -2.5875 -12.9405
v  -0.4575 -2.6790 -12.9405
v  -0.4118 -2.7672 -12.9405
v  -0.3479 -2.8458 -12.9405
v  -0.4118 -2.2287 14.2608
v  -0.3479 -2.1500 14.2608
v  -0.2691 -2.1350 14.7906
v  -0.1810 -2.0901 14.7989
v  -0.0895 -2.0642 14.8037
v  0.0000 -2.0559 14.8052
v  -0.2692 -2.0861 14.2608
v  0.4112 -4.4941 16.9834
v  0.3472 -4.4799 17.0605
v  -0.4112 -4.4941 16.9834
v  -0.3472 -4.4799 17.0605
v  0.0000 -2.2165 15.3619
v  -0.0894 -2.2241 15.3589
v  -0.0000 -2.4943 15.8976
v  -0.0894 -2.5011 15.8931
v  -0.0000 -2.8829 16.3758
v  -0.0894 -2.8887 16.3700
v  -0.0000 -3.3613 16.7642
v  -0.0893 -3.3658 16.7573
v  -0.0000 -3.8970 17.0416
v  -0.0893 -3.9001 17.0340
v  -0.0000 -4.4537 17.2016
v  -0.0893 -4.4552 17.1936
v  -0.0000 -4.9981 17.2515
v  -0.0893 -4.9981 17.2434
v  -0.1807 -4.9981 17.2171
v  -0.2686 -4.9980 17.1717
v  -0.3472 -4.9980 17.1080
v  -0.4569 -4.5101 16.8969
v  -0.4834 -4.5267 16.8070
v  -0.4919 -4.5430 16.7190
v  -0.4839 -4.5593 16.6310
v  -0.4578 -4.5760 16.5408
v  -0.4123 -4.5921 16.4540
v  -0.3485 -4.6064 16.3764
v  -0.2698 -4.6181 16.3133
v  -0.1815 -4.6265 16.2682
v  -0.0897 -4.6313 16.2422
v  -0.0000 -4.6328 16.2340
v  0.0898 -4.6313 16.2422
v  0.1815 -4.6265 16.2682
v  0.2698 -4.6181 16.3133
v  0.3485 -4.6064 16.3764
v  0.4123 -4.5921 16.4540
v  0.4578 -4.5760 16.5408
v  0.4839 -4.5593 16.6310
v  0.4919 -4.5430 16.7190
v  0.4834 -4.5267 16.8070
v  0.4569 -4.5101 16.8969
v  0.2686 -4.4683 17.1231
v  0.2686 -4.9981 17.1717
v  0.1807 -4.9981 17.2171
v  0.0893 -4.9981 17.2434
v  0.0893 -4.4552 17.1936
v  0.0893 -3.9001 17.0340
v  0.0893 -3.3658 16.7573
v  0.0894 -2.8887 16.3700
v  0.0894 -2.5011 15.8931
v  0.0894 -2.2241 15.3589
v  0.0895 -2.0640 14.8037
v  0.0000 -2.0059 14.2608
v  0.0895 -2.0142 14.2608
v  0.1811 -2.0405 14.2608
v  0.2692 -2.1348 14.7906
v  0.1811 -2.0899 14.7989
v  0.3479 -2.1976 14.7790
v  0.4118 -2.2749 14.7647
v  0.4838 -2.4516 14.7320
v  0.4575 -2.3616 14.7486
v  0.4920 -2.5397 14.7157
v  0.4838 -2.6277 14.6994
v  0.4575 -2.7178 14.6827
v  0.4119 -2.8045 14.6667
v  0.3481 -2.8819 14.6524
v  0.2694 -2.9448 14.6407
v  0.1812 -2.9898 14.6324
v  0.0896 -3.0157 14.6276
v  0.0000 -3.0238 14.6261
v  -0.0896 -3.0157 14.6276
v  -0.1812 -2.9898 14.6324
v  -0.2694 -2.9448 14.6407
v  -0.3481 -2.8819 14.6524
v  -0.4119 -2.8045 14.6667
v  -0.4575 -2.7178 14.6827
v  -0.4838 -2.6277 14.6994
v  -0.4920 -2.5397 14.7157
v  -0.4837 -2.4517 14.7320
v  -0.4573 -2.3616 14.7486
v  -0.4117 -2.2750 14.7647
v  0.1807 -4.4600 17.1678
v  0.4839 -4.1107 16.5020
v  0.4919 -4.0777 16.5853
v  0.1807 -3.9097 17.0096
v  0.2687 -3.9264 16.9673
v  0.3472 -3.9499 16.9081
v  0.1807 -3.3801 16.7354
v  0.2687 -3.4050 16.6973
v  0.3473 -3.4399 16.6440
v  0.4112 -3.9788 16.8352
v  0.4570 -4.0111 16.7535
v  0.4835 -4.0448 16.6684
v  0.4112 -3.4828 16.5783
v  0.4570 -3.5309 16.5047
v  0.4835 -3.5810 16.4282
v  0.4919 -3.6299 16.3533
v  0.4578 -4.1444 16.4168
v  0.4123 -4.1769 16.3346
v  0.3484 -4.2060 16.2613
v  0.2697 -3.8556 16.0080
v  0.3484 -3.8205 16.0617
v  0.4839 -3.6789 16.2783
v  0.4577 -3.7291 16.2016
v  0.4122 -3.7774 16.1277
v  0.2696 -3.5218 15.7369
v  0.3483 -3.4765 15.7823
v  0.1815 -4.2465 16.1590
v  0.2697 -4.2296 16.2016
v  0.0897 -4.2562 16.1344
v  -0.0000 -4.2593 16.1267
v  0.1815 -3.8807 15.9696
v  0.0897 -3.8952 15.9475
v  -0.0000 -3.8997 15.9405
v  -0.0897 -4.2562 16.1344
v  -0.1815 -4.2465 16.1590
v  -0.2700 -4.2253 16.1998
v  -0.3484 -4.2060 16.2613
v  -0.4123 -4.1769 16.3346
v  -0.0897 -3.8952 15.9475
v  -0.1815 -3.8807 15.9696
v  -0.2697 -3.8556 16.0080
v  -0.3484 -3.8205 16.0617
v  -0.4122 -3.7774 16.1277
v  -0.4578 -4.1444 16.4168
v  -0.4839 -4.1107 16.5020
v  -0.4919 -4.0777 16.5853
v  -0.4577 -3.7291 16.2016
v  -0.4839 -3.6789 16.2783
v  -0.4919 -3.6299 16.3533
v  -0.2686 -4.4683 17.1231
v  -0.1807 -4.4600 17.1678
v  -0.4835 -4.0448 16.6684
v  -0.4570 -4.0111 16.7535
v  -0.4112 -3.9788 16.8352
v  -0.3472 -3.9499 16.9081
v  -0.4835 -3.5810 16.4282
v  -0.4570 -3.5309 16.5047
v  -0.4112 -3.4828 16.5783
v  -0.3473 -3.4399 16.6440
v  -0.2687 -3.9264 16.9673
v  -0.1807 -3.9097 17.0096
v  -0.2687 -3.4050 16.6973
v  -0.1807 -3.3801 16.7354
v  0.1808 -2.9073 16.3514
v  0.2688 -2.9395 16.3193
v  0.3474 -2.9845 16.2742
v  0.1808 -2.5231 15.8788
v  0.2689 -2.5612 15.8539
v  0.3475 -2.6146 15.8190
v  0.4113 -3.0400 16.2187
v  0.4571 -3.1022 16.1565
v  0.4835 -3.1669 16.0918
v  0.4919 -3.2302 16.0285
v  0.4114 -2.6803 15.7760
v  0.4571 -2.7540 15.7278
v  0.4836 -2.8306 15.6778
v  0.4919 -2.9055 15.6288
v  0.1809 -2.2486 15.3492
v  0.2690 -2.2909 15.3325
v  0.3476 -2.3503 15.3090
v  0.4115 -2.4233 15.2801
v  0.4572 -2.5052 15.2476
v  0.4836 -2.5903 15.2140
v  0.4920 -2.6735 15.1810
v  0.4839 -3.2935 15.9652
v  0.4577 -3.3583 15.9004
v  0.4122 -3.4207 15.8380
v  0.2695 -3.2505 15.4032
v  0.3482 -3.1969 15.4383
v  0.4839 -2.9804 15.5798
v  0.4576 -3.0571 15.5297
v  0.4121 -3.1309 15.4814
v  0.2695 -3.0567 15.0293
v  0.3481 -2.9972 15.0529
v  0.1814 -3.5542 15.7045
v  0.0897 -3.5729 15.6858
v  0.0000 -3.5788 15.6800
v  0.1814 -3.2889 15.3781
v  0.0897 -3.3110 15.3637
v  0.0000 -3.3179 15.3591
v  0.4576 -2.8419 15.1143
v  0.4838 -2.7567 15.1481
v  0.4120 -2.9239 15.0819
v  0.1813 -3.0992 15.0125
v  0.0896 -3.1238 15.0027
v  0.0000 -3.1315 14.9997
v  -0.0897 -3.5729 15.6858
v  -0.1814 -3.5542 15.7045
v  -0.2696 -3.5218 15.7369
v  -0.3483 -3.4765 15.7823
v  -0.4122 -3.4207 15.8380
v  -0.0897 -3.3110 15.3637
v  -0.1814 -3.2889 15.3781
v  -0.2696 -3.2506 15.4032
v  -0.3482 -3.1969 15.4383
v  -0.4121 -3.1309 15.4814
v  -0.4577 -3.3583 15.9004
v  -0.4839 -3.2935 15.9652
v  -0.4919 -3.2302 16.0285
v  -0.4576 -3.0571 15.5297
v  -0.4839 -2.9804 15.5798
v  -0.4919 -2.9054 15.6288
v  -0.0896 -3.1238 15.0027
v  -0.1813 -3.0992 15.0125
v  -0.2695 -3.0567 15.0293
v  -0.3481 -2.9972 15.0529
v  -0.4120 -2.9239 15.0819
v  -0.4576 -2.8419 15.1143
v  -0.4838 -2.7567 15.1481
v  -0.4920 -2.6735 15.1810
v  -0.4836 -2.5903 15.2140
v  -0.4835 -3.1669 16.0918
v  -0.4571 -3.1022 16.1565
v  -0.4113 -3.0400 16.2187
v  -0.3474 -2.9845 16.2742
v  -0.4836 -2.8305 15.6778
v  -0.4571 -2.7540 15.7278
v  -0.4114 -2.6803 15.7760
v  -0.3475 -2.6146 15.8190
v  -0.2688 -2.9395 16.3193
v  -0.1808 -2.9073 16.3514
v  -0.2689 -2.5612 15.8539
v  -0.1808 -2.5231 15.8788
v  -0.4572 -2.5052 15.2476
v  -0.4115 -2.4233 15.2801
v  -0.3476 -2.3503 15.3090
v  -0.2690 -2.2909 15.3325
v  -0.1809 -2.2486 15.3492
v  -0.3477 -2.1977 14.7790
v  -0.1811 -2.0405 14.2608
v  -0.0895 -2.0142 14.2608
v  0.2692 -2.0861 14.2608
v  0.3479 -2.1500 14.2608
v  0.4118 -2.2287 14.2608
v  0.4838 -2.4084 14.2608
v  0.4575 -2.3168 14.2608
v  0.4920 -2.4979 14.2608
v  0.4838 -2.5875 14.2608
v  0.4575 -2.6790 14.2608
v  0.4118 -2.7672 14.2608
v  0.3479 -2.8459 14.2608
v  0.2693 -2.9098 14.2608
v  0.1811 -2.9555 14.2608
v  0.0895 -2.9818 14.2608
v  0.0000 -2.9901 14.2608
v  -0.0895 -2.9818 14.2608
v  -0.1811 -2.9555 14.2608
v  -0.2693 -2.9098 14.2608
v  -0.3479 -2.8459 14.2608
v  -0.4118 -2.7672 14.2608
v  -0.4575 -2.6791 14.2608
v  -0.4838 -2.5875 14.2608
v  -0.4920 -2.4979 14.2608
v  -0.4838 -2.4084 14.2608
v  -0.4574 -2.3169 14.2608
v  0.3472 -4.9980 17.1080
v  0.4111 -4.9980 17.0296
v  -0.4111 -4.9980 17.0296
v  -0.4569 -4.9980 16.9417
v  -0.4834 -4.9980 16.8502
v  -0.4919 -4.9980 16.7608
v  -0.4839 -4.9980 16.6712
v  -0.4578 -4.9980 16.5796
v  -0.4105 -4.9985 16.4887
v  -0.3484 -4.9981 16.4123
v  -0.2698 -4.9981 16.3482
v  -0.1638 -4.9984 16.2971
v  -0.0897 -4.9981 16.2758
v  -0.0000 -4.9981 16.2675
v  0.0897 -4.9981 16.2758
v  0.1815 -4.9981 16.3023
v  0.2698 -4.9981 16.3482
v  0.3484 -4.9981 16.4123
v  0.4123 -4.9980 16.4912
v  0.4578 -4.9980 16.5796
v  0.4839 -4.9980 16.6712
v  0.4919 -4.9980 16.7608
v  0.4834 -4.9980 16.8502
v  0.4569 -4.9980 16.9417
v  -0.3479 -2.1500 13.0458
v  -0.4118 -2.2287 13.0458
v  -0.1811 -2.0405 13.0458
v  -0.2692 -2.0861 13.0458
v  -0.0895 -2.0142 13.0458
v  0.0000 -2.0059 13.0458
v  0.0895 -2.0142 13.0458
v  0.1811 -2.0405 13.0458
v  0.2692 -2.0861 13.0458
v  0.3479 -2.1500 13.0458
v  0.4118 -2.2287 13.0458
v  0.4575 -2.3168 13.0458
v  0.4838 -2.4084 13.0458
v  0.4920 -2.4979 13.0458
v  0.4838 -2.5875 13.0458
v  0.4575 -2.6790 13.0458
v  0.4118 -2.7672 13.0458
v  0.3479 -2.8458 13.0458
v  0.2692 -2.9097 13.0458
v  0.1811 -2.9554 13.0458
v  0.0895 -2.9817 13.0458
v  0.0000 -2.9899 13.0458
v  -0.0895 -2.9817 13.0458
v  -0.1811 -2.9554 13.0458
v  -0.2692 -2.9097 13.0458
v  -0.3479 -2.8458 13.0458
v  -0.4118 -2.7672 13.0458
v  -0.4575 -2.6790 13.0458
v  -0.4838 -2.5875 13.0458
v  -0.4920 -2.4979 13.0458
v  -0.4838 -2.4084 13.0458
v  -0.4575 -2.3168 13.0458
v  -0.0630 -17.6410 16.4904
v  -0.1213 -17.6587 16.4904
v  -0.1786 -17.6916 16.4904
v  -0.2259 -17.7329 16.4904
v  -0.2604 -17.7686 16.4904
v  -0.2898 -17.8333 16.4904
v  -0.3039 -17.8887 16.4904
v  -0.3091 -17.9479 16.4904
v  -0.3015 -18.0112 16.4904
v  -0.2852 -18.0677 16.4904
v  -0.2555 -18.1186 16.4904
v  -0.2161 -18.1654 16.4904
v  -0.1703 -18.2024 16.4904
v  -0.1175 -18.2305 16.4904
v  -0.0613 -18.2479 16.4904
v  0.0003 -18.2542 16.4904
v  0.0585 -18.2484 16.4904
v  0.1151 -18.2316 16.4904
v  0.1626 -18.2072 16.4904
v  0.2143 -18.1678 16.4904
v  0.2532 -18.1228 16.4904
v  0.2809 -18.0744 16.4904
v  0.3034 -18.0099 16.4904
v  0.3102 -17.9479 16.4904
v  0.3046 -17.8854 16.4904
v  0.2869 -17.8260 16.4904
v  0.2527 -17.7651 16.4904
v  0.2158 -17.7220 16.4904
v  0.1712 -17.6861 16.4904
v  0.1175 -17.6576 16.4904
v  0.0586 -17.6402 16.4904
v  0.0002 -17.6343 16.4904
v  -0.0888 -17.4742 17.2426
v  0.0005 -17.4742 17.2508
v  -0.1803 -17.4742 17.2164
v  -0.2683 -17.4742 17.1708
v  -0.3469 -17.4742 17.1071
v  -0.4108 -17.4742 17.0286
v  -0.4566 -17.4742 16.9406
v  -0.4831 -17.4742 16.8491
v  -0.4914 -17.4742 16.7596
v  -0.4834 -17.4742 16.6701
v  -0.4060 -17.4742 16.4824
v  -0.4572 -17.4742 16.5784
v  -0.3474 -17.4742 16.4117
v  0.3484 -17.4742 16.4117
v  0.4123 -17.4742 16.4904
v  0.4580 -17.4742 16.5785
v  0.4843 -17.4742 16.6701
v  0.4925 -17.4742 16.7596
v  0.4843 -17.4742 16.8492
v  0.4577 -17.4742 16.9406
v  0.4119 -17.4742 17.0286
v  0.3480 -17.4742 17.1071
v  0.1814 -17.4742 17.2164
v  0.2694 -17.4742 17.1708
v  0.0899 -17.4742 17.2426
v  -0.0635 -17.4739 16.2720
v  -0.1794 -17.4739 16.3021
v  0.1717 -17.4739 16.2985
v  0.0612 -17.4739 16.2715
v  0.0019 -17.4739 16.2677
v  -0.2573 -17.4739 16.3406
v  0.2544 -17.4739 16.3383
v  0.0005 -17.9479 17.2508
v  -0.2683 -17.9479 17.1708
v  -0.3469 -17.9479 17.1071
v  -0.4108 -17.9479 17.0286
v  -0.4566 -17.9479 16.9406
v  -0.4831 -17.9479 16.8491
v  -0.4914 -17.9479 16.7596
v  -0.4834 -17.9479 16.6701
v  -0.4572 -17.9479 16.5784
v  0.3485 -17.9479 16.4117
v  0.4124 -17.9479 16.4904
v  0.4580 -17.9479 16.5785
v  0.4843 -17.9479 16.6701
v  0.4925 -17.9479 16.7596
v  0.4843 -17.9479 16.8492
v  0.4577 -17.9479 16.9406
v  0.4119 -17.9478 17.0286
v  0.3480 -17.9479 17.1071
v  0.2694 -17.9477 17.1708
v  0.0901 -17.9479 17.2434
v  -0.0888 -17.9479 17.2426
v  -0.1803 -17.9479 17.2164
v  -0.4059 -17.9479 16.4823
v  -0.3477 -17.9479 16.4113
v  0.1814 -17.9479 17.2164
v  0.0007 -18.4979 16.7594
v  0.0596 -18.2490 16.2713
v  0.0592 -18.2488 16.2813
v  0.0608 -18.2589 16.2715
v  0.1157 -18.2321 16.2815
v  0.1147 -18.2420 16.2813
v  0.1155 -18.2319 16.2915
v  -0.2843 -18.0674 16.3584
v  -0.2845 -18.0675 16.3684
v  -0.2858 -18.0772 16.3597
v  -0.2555 -18.1191 16.3395
v  -0.2559 -18.1291 16.3398
v  -0.2555 -18.1190 16.3495
v  -0.2173 -18.1656 16.3185
v  -0.2188 -18.1755 16.3194
v  -0.2170 -18.1656 16.3285
v  -0.1702 -18.2034 16.2984
v  -0.1702 -18.2031 16.3084
v  -0.1705 -18.2134 16.2985
v  -0.1174 -18.2316 16.2821
v  -0.1163 -18.2415 16.2818
v  -0.1174 -18.2312 16.2920
v  -0.0598 -18.2489 16.2714
v  -0.0603 -18.2486 16.2814
v  -0.0610 -18.2588 16.2716
v  0.0003 -18.2548 16.2676
v  0.0003 -18.2648 16.2676
v  0.0003 -18.2546 16.2776
v  0.1628 -18.2086 16.2957
v  0.1635 -18.2186 16.2959
v  0.1627 -18.2082 16.3057
v  0.2539 -18.1237 16.3380
v  0.2537 -18.1235 16.3480
v  0.2543 -18.1337 16.3383
v  0.2819 -18.0752 16.3562
v  0.2816 -18.0852 16.3560
v  0.2817 -18.0750 16.3662
v  0.3032 -18.0103 16.3717
v  0.3111 -18.0138 16.3786
v  0.3033 -18.0102 16.3817
v  0.2536 -17.7645 16.3379
v  0.2534 -17.7647 16.3479
v  0.2536 -17.7545 16.3379
v  0.2171 -17.7219 16.3180
v  0.2153 -17.7121 16.3172
v  0.2167 -17.7219 16.3280
v  0.1712 -17.6852 16.2984
v  0.1712 -17.6855 16.3084
v  0.1712 -17.6752 16.2984
v  0.1172 -17.6568 16.2818
v  0.1143 -17.6473 16.2813
v  0.1173 -17.6571 16.2918
v  0.0596 -17.6397 16.2713
v  0.0593 -17.6398 16.2813
v  0.0597 -17.6297 16.2713
v  0.0019 -17.6334 16.2676
v  0.0019 -17.6234 16.2676
v  0.0014 -17.6337 16.2776
v  -0.2895 -17.8334 16.3623
v  -0.2911 -17.8236 16.3636
v  -0.2896 -17.8333 16.3723
v  -0.2567 -17.7710 16.3403
v  -0.2576 -17.7704 16.3503
v  -0.2567 -17.7610 16.3403
v  -0.2244 -17.7308 16.3222
v  -0.2248 -17.7314 16.3321
v  -0.2256 -17.7209 16.3229
v  -0.1803 -17.6911 16.3023
v  -0.1798 -17.6913 16.3122
v  -0.1803 -17.6811 16.3022
v  -0.1219 -17.6589 16.2832
v  -0.1217 -17.6589 16.2932
v  -0.1189 -17.6494 16.2826
v  -0.0621 -17.6406 16.2717
v  -0.0624 -17.6407 16.2817
v  -0.0622 -17.6306 16.2717
v  0.2870 -17.8262 16.3606
v  0.2887 -17.8165 16.3621
v  0.2870 -17.8262 16.3706
v  0.3050 -17.8860 16.3731
v  0.3049 -17.8858 16.3831
v  0.3101 -17.8933 16.3776
v  0.3103 -17.9471 16.3773
v  0.3103 -17.9473 16.3873
v  0.3177 -17.9473 16.3840
v  -0.3100 -17.9479 16.3780
v  -0.3175 -17.9479 16.3846
v  -0.3098 -17.9479 16.3880
v  -0.3042 -17.8886 16.3733
v  -0.3041 -17.8886 16.3833
v  -0.3095 -17.8958 16.3779
v  0.2161 -18.1677 16.3176
v  0.2177 -18.1775 16.3185
v  0.2156 -18.1677 16.3275
v  -0.3025 -18.0114 16.3720
v  -0.3023 -18.0114 16.3820
v  -0.3077 -18.0042 16.3765
v  -0.0017 -17.9465 16.4904
v  -0.2687 -18.4979 16.3478
v  -0.2632 -18.4979 16.3561
v  -0.2678 -18.4832 16.3472
v  -0.3474 -18.4979 16.4117
v  -0.3467 -18.4832 16.4111
v  -0.3403 -18.4979 16.4188
v  -0.0890 -18.4979 16.2759
v  -0.0872 -18.4979 16.2857
v  -0.0889 -18.4832 16.2759
v  -0.1806 -18.4979 16.3021
v  -0.1802 -18.4832 16.3020
v  -0.1769 -18.4979 16.3114
v  0.0005 -18.4979 16.2676
v  0.0005 -18.4979 16.2776
v  0.0005 -18.4832 16.2676
v  0.1816 -18.4979 16.3022
v  0.1780 -18.4979 16.3115
v  0.1810 -18.4832 16.3020
v  0.0901 -18.4979 16.2759
v  0.0899 -18.4832 16.2759
v  0.0883 -18.4979 16.2857
v  0.3484 -18.4979 16.4117
v  0.3414 -18.4979 16.4188
v  0.3481 -18.4831 16.4114
v  0.2698 -18.4979 16.3478
v  0.2698 -18.4832 16.3478
v  0.2643 -18.4979 16.3562
v  -0.0890 -18.4979 17.2433
v  -0.0871 -18.4979 17.2335
v  -0.0890 -18.4831 17.2433
v  0.0005 -18.4979 17.2515
v  0.0005 -18.4831 17.2515
v  0.0005 -18.4979 17.2415
v  -0.1805 -18.4979 17.2170
v  -0.1768 -18.4979 17.2077
v  -0.1805 -18.4831 17.2170
v  -0.2686 -18.4979 17.1714
v  -0.2632 -18.4979 17.1630
v  -0.2686 -18.4831 17.1714
v  -0.3473 -18.4979 17.1075
v  -0.3402 -18.4979 17.1004
v  -0.3473 -18.4831 17.1075
v  -0.4112 -18.4979 17.0288
v  -0.4028 -18.4979 17.0234
v  -0.4112 -18.4831 17.0288
v  -0.4569 -18.4979 16.9407
v  -0.4476 -18.4979 16.9370
v  -0.4569 -18.4831 16.9407
v  -0.4832 -18.4979 16.8492
v  -0.4734 -18.4979 16.8473
v  -0.4832 -18.4831 16.8492
v  -0.4914 -18.4979 16.7596
v  -0.4814 -18.4979 16.7596
v  -0.4914 -18.4831 16.7596
v  -0.4833 -18.4979 16.6701
v  -0.4734 -18.4979 16.6719
v  -0.4833 -18.4832 16.6701
v  -0.4569 -18.4979 16.5785
v  -0.4476 -18.4979 16.5822
v  -0.4569 -18.4832 16.5785
v  -0.4050 -18.4979 16.4827
v  -0.3968 -18.4979 16.4883
v  -0.4051 -18.4827 16.4827
v  0.4123 -18.4979 16.4904
v  0.4040 -18.4979 16.4959
v  0.4123 -18.4831 16.4904
v  0.4580 -18.4979 16.5785
v  0.4487 -18.4979 16.5822
v  0.4580 -18.4831 16.5785
v  0.4843 -18.4979 16.6701
v  0.4745 -18.4979 16.6719
v  0.4843 -18.4831 16.6701
v  0.4925 -18.4979 16.7596
v  0.4825 -18.4979 16.7596
v  0.4925 -18.4831 16.7596
v  0.4843 -18.4979 16.8492
v  0.4745 -18.4979 16.8473
v  0.4843 -18.4831 16.8492
v  0.4580 -18.4979 16.9407
v  0.4487 -18.4979 16.9370
v  0.4580 -18.4831 16.9407
v  0.4123 -18.4979 17.0289
v  0.4040 -18.4979 17.0234
v  0.4123 -18.4830 17.0289
v  0.3484 -18.4979 17.1075
v  0.3414 -18.4979 17.1005
v  0.3484 -18.4831 17.1075
v  0.2698 -18.4979 17.1714
v  0.2643 -18.4979 17.1631
v  0.2698 -18.4830 17.1714
v  0.1816 -18.4979 17.2170
v  0.1779 -18.4979 17.2077
v  0.1816 -18.4831 17.2170
v  0.0901 -18.4979 17.2433
v  0.0882 -18.4979 17.2335
v  0.0901 -18.4831 17.2433
v  -0.4117 -2.2425 14.5137
v  -0.1811 -2.0553 14.5309
v  -0.2692 -2.1007 14.5267
v  -0.0895 -2.0291 14.5333
v  0.0000 -2.0208 14.5341
v  0.3472 -4.7379 17.0939
v  0.4111 -4.7451 17.0158
v  -0.4111 -4.7451 17.0158
v  -0.2686 -4.7321 17.1572
v  -0.3472 -4.7379 17.0939
v  -0.4569 -4.7531 16.9284
v  -0.4834 -4.7614 16.8374
v  -0.4919 -4.7696 16.7484
v  -0.4839 -4.7778 16.6593
v  -0.4578 -4.7862 16.5680
v  -0.4114 -4.7945 16.4789
v  -0.3485 -4.8015 16.4016
v  -0.2698 -4.8073 16.3379
v  -0.1723 -4.8117 16.2895
v  -0.0898 -4.8140 16.2658
v  -0.0000 -4.8147 16.2576
v  0.0898 -4.8140 16.2658
v  0.1815 -4.8115 16.2922
v  0.2698 -4.8073 16.3378
v  0.3485 -4.8015 16.4016
v  0.4123 -4.7943 16.4802
v  0.4578 -4.7861 16.5680
v  0.4839 -4.7778 16.6593
v  0.4919 -4.7696 16.7484
v  0.4834 -4.7614 16.8374
v  0.2686 -4.7321 17.1572
v  0.0893 -4.7256 17.2285
v  -0.0000 -4.7248 17.2367
v  0.0000 -4.1717 17.1346
v  -0.0000 -3.6228 16.9152
v  -0.0000 -3.1130 16.5812
v  -0.0000 -2.6774 16.1459
v  0.0000 -2.3431 15.6362
v  0.0000 -2.1231 15.0872
v  0.2692 -2.1006 14.5268
v  0.1811 -2.0551 14.5309
v  0.3479 -2.1642 14.5209
v  0.4118 -2.2425 14.5137
v  0.4838 -2.4213 14.4973
v  0.4575 -2.3302 14.5057
v  0.4920 -2.5104 14.4891
v  0.4838 -2.5994 14.4810
v  0.4575 -2.6906 14.4726
v  0.4119 -2.7783 14.4645
v  0.3480 -2.8566 14.4573
v  0.2693 -2.9203 14.4515
v  0.1812 -2.9657 14.4473
v  0.0896 -2.9919 14.4449
v  0.0000 -3.0001 14.4442
v  -0.0896 -2.9919 14.4449
v  -0.1812 -2.9657 14.4473
v  -0.2693 -2.9203 14.4515
v  -0.3480 -2.8566 14.4573
v  -0.4119 -2.7783 14.4645
v  -0.4575 -2.6906 14.4726
v  -0.4838 -2.5994 14.4810
v  -0.4920 -2.5104 14.4891
v  -0.4837 -2.4213 14.4973
v  0.1807 -4.1812 17.1016
v  0.0893 -4.1740 17.1268
v  0.2686 -4.1938 17.0579
v  0.3472 -4.2114 16.9967
v  0.4112 -4.2330 16.9213
v  0.4569 -4.2573 16.8369
v  0.4835 -4.2826 16.7490
v  0.4919 -4.3073 16.6630
v  0.1807 -3.6386 16.8847
v  0.0893 -3.6265 16.9079
v  0.2687 -3.6595 16.8443
v  0.3473 -3.6888 16.7878
v  0.1807 -3.1347 16.5545
v  0.0893 -3.1181 16.5749
v  0.2687 -3.1634 16.5192
v  0.3473 -3.2035 16.4698
v  0.4112 -3.7248 16.7182
v  0.4570 -3.7653 16.6401
v  0.4835 -3.8073 16.5590
v  0.4919 -3.8485 16.4796
v  0.4113 -3.2530 16.4089
v  0.4570 -3.3084 16.3407
v  0.4835 -3.3660 16.2697
v  0.4919 -3.4224 16.2003
v  0.4578 -4.3573 16.4889
v  0.4839 -4.3320 16.5770
v  0.4123 -4.3818 16.4040
v  0.3484 -4.4036 16.3282
v  0.2697 -4.4213 16.2666
v  0.1815 -4.4340 16.2225
v  0.0897 -4.4413 16.1971
v  0.0000 -4.4436 16.1891
v  0.4839 -3.8896 16.4001
v  0.4577 -3.9318 16.3187
v  0.4122 -3.9724 16.2404
v  0.3484 -4.0086 16.1704
v  0.4839 -3.4788 16.1308
v  0.4577 -3.5366 16.0597
v  0.4122 -3.5922 15.9912
v  0.3483 -3.6419 15.9301
v  0.1815 -4.0592 16.0727
v  0.2697 -4.0381 16.1134
v  0.0897 -4.0714 16.0492
v  -0.0000 -4.0752 16.0419
v  0.1814 -3.7112 15.8447
v  0.2697 -3.6823 15.8803
v  0.0897 -3.7279 15.8242
v  -0.0000 -3.7331 15.8178
v  -0.0897 -4.4413 16.1971
v  -0.1832 -4.4339 16.2230
v  -0.2699 -4.4191 16.2658
v  -0.3484 -4.4036 16.3282
v  -0.4124 -4.3817 16.4043
v  -0.4578 -4.3573 16.4889
v  -0.4839 -4.3320 16.5770
v  -0.4919 -4.3073 16.6630
v  -0.4835 -4.2826 16.7490
v  -0.0897 -4.0714 16.0492
v  -0.1812 -4.0593 16.0726
v  -0.2699 -4.0361 16.1124
v  -0.3484 -4.0086 16.1703
v  -0.4122 -3.9724 16.2403
v  -0.0897 -3.7279 15.8242
v  -0.1814 -3.7112 15.8447
v  -0.2696 -3.6824 15.8803
v  -0.3483 -3.6419 15.9301
v  -0.4122 -3.5922 15.9912
v  -0.4578 -3.9318 16.3187
v  -0.4839 -3.8896 16.4001
v  -0.4919 -3.8485 16.4796
v  -0.4577 -3.5366 16.0597
v  -0.4839 -3.4788 16.1308
v  -0.4919 -3.4224 16.2003
v  -0.4569 -4.2573 16.8369
v  -0.4112 -4.2330 16.9213
v  -0.3472 -4.2114 16.9967
v  -0.2686 -4.1938 17.0579
v  -0.4835 -3.8073 16.5590
v  -0.4570 -3.7653 16.6401
v  -0.4112 -3.7249 16.7182
v  -0.3473 -3.6888 16.7878
v  -0.4835 -3.3660 16.2697
v  -0.4570 -3.3084 16.3407
v  -0.4113 -3.2530 16.4089
v  -0.3473 -3.2035 16.4698
v  -0.2687 -3.6595 16.8443
v  -0.2687 -3.1634 16.5192
v  0.1808 -2.7041 16.1241
v  0.0894 -2.6837 16.1407
v  0.2688 -2.7394 16.0954
v  0.3474 -2.7889 16.0553
v  0.1809 -2.3737 15.6203
v  0.0894 -2.3504 15.6324
v  0.2689 -2.4141 15.5994
v  0.3475 -2.4707 15.5701
v  0.4114 -2.8498 16.0058
v  0.4571 -2.9180 15.9504
v  0.4836 -2.9890 15.8927
v  0.4919 -3.0584 15.8363
v  0.4115 -2.5404 15.5339
v  0.4572 -2.6185 15.4935
v  0.4836 -2.6997 15.4514
v  0.4919 -2.7792 15.4103
v  0.1810 -2.1563 15.0777
v  0.0895 -2.1310 15.0850
v  0.4920 -2.5957 14.9514
v  0.4838 -2.6817 14.9267
v  0.4839 -3.1279 15.7799
v  0.4577 -3.1990 15.7221
v  0.4121 -3.2674 15.6665
v  0.3483 -3.3286 15.6168
v  0.4838 -2.8586 15.3691
v  0.4576 -2.9399 15.3270
v  0.4120 -3.0182 15.2864
v  0.3482 -3.0882 15.2502
v  0.1814 -3.4139 15.5476
v  0.2696 -3.3783 15.5764
v  0.0897 -3.4344 15.5309
v  0.0000 -3.4408 15.5257
v  0.1813 -3.1857 15.1997
v  0.2695 -3.1450 15.2207
v  0.0896 -3.2091 15.1875
v  0.0000 -3.2164 15.1837
v  -0.0897 -3.4344 15.5309
v  -0.1814 -3.4139 15.5476
v  -0.2696 -3.3783 15.5764
v  -0.3483 -3.3286 15.6168
v  -0.4121 -3.2674 15.6665
v  -0.0896 -3.2091 15.1875
v  -0.1813 -3.1857 15.1997
v  -0.2695 -3.1450 15.2207
v  -0.3482 -3.0882 15.2502
v  -0.4120 -3.0182 15.2864
v  -0.4577 -3.1990 15.7221
v  -0.4839 -3.1279 15.7799
v  -0.4919 -3.0584 15.8363
v  -0.4576 -2.9399 15.3270
v  -0.4838 -2.8586 15.3691
v  -0.4919 -2.7792 15.4103
v  -0.4836 -2.9890 15.8927
v  -0.4571 -2.9180 15.9504
v  -0.4114 -2.8498 16.0058
v  -0.3474 -2.7889 16.0553
v  -0.4836 -2.6997 15.4514
v  -0.4572 -2.6185 15.4935
v  -0.4115 -2.5404 15.5340
v  -0.3476 -2.4707 15.5701
v  -0.2688 -2.7394 16.0954
v  -0.2689 -2.4141 15.5994
v  -0.3477 -2.2616 15.0475
v  -0.0893 -4.1740 17.1268
v  -0.1807 -4.1812 17.1016
v  -0.0894 -2.6837 16.1407
v  -0.0893 -3.1181 16.5749
v  -0.0893 -3.6265 16.9079
v  -0.1807 -3.6386 16.8847
v  -0.1807 -3.1347 16.5545
v  -0.1808 -2.7041 16.1241
v  -0.0895 -2.1311 15.0850
v  -0.0894 -2.3503 15.6324
v  0.2691 -2.2001 15.0651
v  0.3478 -2.2615 15.0475
v  0.4117 -2.3371 15.0258
v  0.4574 -2.4217 15.0014
v  0.4837 -2.5097 14.9761
v  0.4576 -2.7697 14.9014
v  0.4120 -2.8545 14.8770
v  0.3481 -2.9302 14.8553
v  0.2694 -2.9917 14.8376
v  0.1813 -3.0356 14.8249
v  0.0896 -3.0610 14.8176
v  0.0000 -3.0689 14.8154
v  -0.0896 -3.0610 14.8176
v  -0.1813 -3.0356 14.8249
v  -0.2694 -2.9917 14.8376
v  -0.3481 -2.9302 14.8553
v  -0.4120 -2.8545 14.8770
v  -0.4576 -2.7697 14.9014
v  -0.4838 -2.6817 14.9267
v  -0.4920 -2.5957 14.9514
v  -0.4837 -2.5097 14.9761
v  -0.1809 -2.3737 15.6203
v  -0.4573 -2.4217 15.0014
v  -0.4116 -2.3371 15.0258
v  -0.2690 -2.2003 15.0651
v  -0.1810 -2.1565 15.0777
v  -0.3478 -2.1643 14.5209
v  0.0895 -2.0289 14.5333
v  -0.4574 -2.3302 14.5057
v  -0.0893 -4.7256 17.2285
v  -0.1807 -4.7280 17.2024
v  0.4569 -4.7531 16.9284
v  0.1807 -4.7280 17.2024
v  -0.0004 -18.5629 16.2676
v  -0.0001 -18.5080 16.2679
v  0.0937 -18.5629 16.2766
v  0.0901 -18.5080 16.2763
v  0.1849 -18.5629 16.3038
v  0.1813 -18.5080 16.3027
v  0.2726 -18.5629 16.3502
v  0.2692 -18.5080 16.3483
v  0.3507 -18.5629 16.4147
v  0.3478 -18.5080 16.4122
v  0.4139 -18.5629 16.4939
v  0.4116 -18.5080 16.4907
v  0.4588 -18.5629 16.5823
v  0.4572 -18.5080 16.5788
v  0.4843 -18.5629 16.6741
v  0.4835 -18.5080 16.6704
v  0.4918 -18.5629 16.7637
v  0.4917 -18.5080 16.7599
v  0.4829 -18.5629 16.8531
v  0.4833 -18.5080 16.8498
v  0.4558 -18.5629 16.9445
v  0.4571 -18.5080 16.9409
v  0.4094 -18.5629 17.0323
v  0.4124 -18.5080 17.0275
v  0.3448 -18.5629 17.1104
v  0.3474 -18.5080 17.1079
v  0.2655 -18.5629 17.1737
v  0.2686 -18.5080 17.1715
v  0.1769 -18.5629 17.2186
v  0.1804 -18.5080 17.2171
v  0.0851 -18.5629 17.2441
v  0.0888 -18.5080 17.2433
v  -0.0046 -18.5629 17.2516
v  -0.0008 -18.5080 17.2515
v  -0.0941 -18.5629 17.2425
v  -0.0904 -18.5080 17.2432
v  -0.1855 -18.5629 17.2153
v  -0.1819 -18.5080 17.2168
v  -0.2733 -18.5629 17.1688
v  -0.2699 -18.5080 17.1710
v  -0.3513 -18.5629 17.1041
v  -0.3487 -18.5080 17.1069
v  -0.4145 -18.5629 17.0248
v  -0.4125 -18.5080 17.0280
v  -0.4593 -18.5629 16.9362
v  -0.4579 -18.5080 16.9398
v  -0.4848 -18.5629 16.8444
v  -0.4840 -18.5080 16.8481
v  -0.4921 -18.5629 16.7548
v  -0.4920 -18.5080 16.7585
v  -0.4828 -18.5629 16.6654
v  -0.4836 -18.5080 16.6691
v  -0.4558 -18.5629 16.5741
v  -0.4570 -18.5080 16.5776
v  -0.4093 -18.5629 16.4864
v  -0.4113 -18.5080 16.4898
v  -0.3447 -18.5629 16.4084
v  -0.3472 -18.5080 16.4112
v  -0.2655 -18.5629 16.3453
v  -0.2683 -18.5080 16.3474
v  -0.1770 -18.5629 16.3005
v  -0.1803 -18.5080 16.3020
v  -0.0852 -18.5629 16.2750
v  -0.0889 -18.5080 16.2758
v  0.0019 -18.5979 16.3019
v  0.0871 -18.5979 16.3103
v  0.1720 -18.5979 16.3355
v  0.2536 -18.5979 16.3787
v  0.3261 -18.5979 16.4388
v  0.3849 -18.5979 16.5124
v  0.4266 -18.5979 16.5947
v  0.4503 -18.5979 16.6801
v  0.4572 -18.5979 16.7633
v  0.4488 -18.5979 16.8465
v  0.4236 -18.5979 16.9314
v  0.3804 -18.5979 17.0129
v  0.3203 -18.5979 17.0855
v  0.2467 -18.5979 17.1443
v  0.1643 -18.5979 17.1860
v  0.0790 -18.5979 17.2097
v  -0.0043 -18.5979 17.2166
v  -0.0874 -18.5979 17.2082
v  -0.1723 -18.5979 17.1829
v  -0.2539 -18.5979 17.1398
v  -0.3265 -18.5979 17.0797
v  -0.3852 -18.5979 17.0060
v  -0.4269 -18.5979 16.9237
v  -0.4506 -18.5979 16.8384
v  -0.4575 -18.5979 16.7551
v  -0.4491 -18.5979 16.6720
v  -0.4239 -18.5979 16.5871
v  -0.3807 -18.5979 16.5055
v  -0.3206 -18.5979 16.4329
v  -0.2469 -18.5979 16.3742
v  -0.1646 -18.5979 16.3325
v  -0.0793 -18.5979 16.3088
v  -0.0002 -18.5979 16.7592
v  0.0007 -18.5876 16.2783
v  0.0919 -18.5876 16.2871
v  0.1812 -18.5876 16.3136
v  0.2672 -18.5876 16.3587
v  0.3436 -18.5876 16.4220
v  0.4054 -18.5876 16.4996
v  0.4493 -18.5876 16.5863
v  0.4743 -18.5876 16.6762
v  0.4815 -18.5876 16.7639
v  0.4727 -18.5876 16.8514
v  0.4461 -18.5876 16.9409
v  0.4005 -18.5876 17.0269
v  0.3373 -18.5876 17.1032
v  0.2597 -18.5876 17.1650
v  0.1729 -18.5876 17.2089
v  0.0830 -18.5876 17.2339
v  -0.0048 -18.5876 17.2411
v  -0.0924 -18.5876 17.2322
v  -0.1818 -18.5876 17.2055
v  -0.2677 -18.5876 17.1600
v  -0.3441 -18.5876 17.0966
v  -0.4060 -18.5876 17.0190
v  -0.4498 -18.5876 16.9322
v  -0.4747 -18.5876 16.8423
v  -0.4818 -18.5876 16.7546
v  -0.4728 -18.5876 16.6671
v  -0.4461 -18.5876 16.5777
v  -0.4007 -18.5876 16.4918
v  -0.3371 -18.5876 16.4157
v  -0.2595 -18.5876 16.3540
v  -0.1729 -18.5876 16.3102
v  -0.0832 -18.5876 16.2849
v  -0.0002 -18.5013 16.2716
v  0.0891 -18.5012 16.2808
v  0.1803 -18.5012 16.3069
v  0.2666 -18.5012 16.3521
v  0.3450 -18.5013 16.4149
v  0.4087 -18.5014 16.4925
v  0.4544 -18.5014 16.5799
v  0.4808 -18.5015 16.6708
v  0.4889 -18.5015 16.7598
v  0.4806 -18.5015 16.8493
v  0.4548 -18.5015 16.9399
v  0.4106 -18.5016 17.0262
v  0.3461 -18.5016 17.1064
v  0.2672 -18.5015 17.1691
v  0.1795 -18.5015 17.2145
v  0.0884 -18.5015 17.2406
v  -0.0007 -18.5015 17.2491
v  -0.0899 -18.5015 17.2409
v  -0.1809 -18.5016 17.2147
v  -0.2688 -18.5016 17.1694
v  -0.3472 -18.5016 17.1055
v  -0.4106 -18.5016 17.0269
v  -0.4556 -18.5015 16.9390
v  -0.4815 -18.5015 16.8478
v  -0.4892 -18.5015 16.7587
v  -0.4808 -18.5015 16.6697
v  -0.4543 -18.5014 16.5788
v  -0.4089 -18.5014 16.4915
v  -0.3451 -18.5014 16.4135
v  -0.2667 -18.5014 16.3501
v  -0.1792 -18.5014 16.3051
v  -0.0885 -18.5015 16.2786
v  -0.0007 -18.4979 16.7591
v  -0.1487 -17.9479 16.6596
v  -0.1382 -17.8933 16.6596
v  -0.1052 -17.8429 16.6596
v  -0.0548 -17.8099 16.6596
v  -0.0002 -17.7994 16.6596
v  0.0545 -17.8099 16.6596
v  0.1049 -17.8429 16.6596
v  0.1379 -17.8933 16.6596
v  0.1483 -17.9479 16.6596
v  0.1379 -18.0026 16.6596
v  0.1049 -18.0529 16.6596
v  0.0545 -18.0860 16.6596
v  -0.0002 -18.0964 16.6596
v  -0.0548 -18.0860 16.6596
v  -0.1052 -18.0529 16.6596
v  -0.1382 -18.0026 16.6596
v  0.2398 -17.9479 15.9689
v  0.2230 -18.0363 15.9689
v  0.1696 -18.1176 15.9689
v  0.0882 -18.1711 15.9689
v  -0.0002 -18.1879 15.9689
v  -0.0885 -18.1711 15.9689
v  -0.1699 -18.1176 15.9689
v  -0.2233 -18.0363 15.9689
v  -0.2402 -17.9479 15.9689
v  -0.2233 -17.8596 15.9689
v  -0.1699 -17.7782 15.9689
v  -0.0885 -17.7248 15.9689
v  -0.0002 -17.7079 15.9689
v  0.0882 -17.7248 15.9689
v  0.1696 -17.7782 15.9689
v  0.2230 -17.8596 15.9689
v  0.0018 -18.5979 16.3120
v  0.0852 -18.5979 16.3202
v  0.1682 -18.5979 16.3448
v  0.2480 -18.5979 16.3871
v  0.3190 -18.5979 16.4458
v  0.3764 -18.5979 16.5179
v  0.4172 -18.5979 16.5984
v  0.4404 -18.5979 16.6819
v  0.4471 -18.5979 16.7633
v  0.4390 -18.5979 16.8445
v  0.4143 -18.5979 16.9276
v  0.3720 -18.5979 17.0073
v  0.3133 -18.5979 17.0784
v  0.2412 -18.5979 17.1358
v  0.1607 -18.5979 17.1766
v  0.0772 -18.5979 17.1998
v  -0.0042 -18.5979 17.2065
v  -0.0855 -18.5979 17.1983
v  -0.1685 -18.5979 17.1736
v  -0.2483 -18.5979 17.1314
v  -0.3193 -18.5979 17.0727
v  -0.3768 -18.5979 17.0006
v  -0.4176 -18.5979 16.9201
v  -0.4407 -18.5979 16.8366
v  -0.4475 -18.5979 16.7552
v  -0.4393 -18.5979 16.6739
v  -0.4146 -18.5979 16.5909
v  -0.3723 -18.5979 16.5111
v  -0.3136 -18.5979 16.4401
v  -0.2415 -18.5979 16.3827
v  -0.1610 -18.5979 16.3419
v  -0.0775 -18.5979 16.3187
v  -0.1382 -18.0026 16.1111
v  -0.1447 -18.0052 16.1111
v  -0.1382 -18.0026 16.1181
v  -0.1487 -17.9479 16.1111
v  -0.1487 -17.9479 16.1181
v  -0.1557 -17.9479 16.1111
v  -0.1382 -17.8933 16.1111
v  -0.1382 -17.8933 16.1181
v  -0.1447 -17.8907 16.1111
v  -0.1052 -17.8429 16.1111
v  -0.1052 -17.8429 16.1181
v  -0.1101 -17.8380 16.1111
v  -0.0548 -17.8099 16.1111
v  -0.0548 -17.8099 16.1181
v  -0.0574 -17.8034 16.1111
v  -0.0002 -17.7994 16.1111
v  -0.0002 -17.7994 16.1181
v  -0.0002 -17.7924 16.1111
v  0.0545 -17.8099 16.1111
v  0.0545 -17.8099 16.1181
v  0.0571 -17.8034 16.1111
v  0.1049 -17.8429 16.1111
v  0.1049 -17.8429 16.1181
v  0.1098 -17.8380 16.1111
v  0.1379 -17.8933 16.1111
v  0.1379 -17.8933 16.1181
v  0.1444 -17.8907 16.1111
v  0.1483 -17.9479 16.1111
v  0.1483 -17.9479 16.1181
v  0.1553 -17.9479 16.1111
v  0.1379 -18.0026 16.1111
v  0.1379 -18.0026 16.1181
v  0.1444 -18.0052 16.1111
v  0.1049 -18.0529 16.1111
v  0.1049 -18.0529 16.1181
v  0.1098 -18.0579 16.1111
v  0.0545 -18.0860 16.1111
v  0.0545 -18.0860 16.1181
v  0.0571 -18.0925 16.1111
v  -0.0002 -18.0964 16.1111
v  -0.0002 -18.0964 16.1181
v  -0.0002 -18.1034 16.1111
v  -0.0548 -18.0860 16.1111
v  -0.0548 -18.0860 16.1181
v  -0.0574 -18.0925 16.1111
v  -0.1052 -18.0529 16.1111
v  -0.1052 -18.0529 16.1181
v  -0.1101 -18.0579 16.1111
v  0.2398 -17.9479 16.1111
v  0.2328 -17.9479 16.1111
v  0.2398 -17.9479 16.1041
v  0.2230 -17.8596 16.1111
v  0.2230 -17.8596 16.1041
v  0.2165 -17.8622 16.1111
v  0.2230 -18.0363 16.1111
v  0.2165 -18.0337 16.1111
v  0.2230 -18.0363 16.1041
v  0.1696 -18.1176 16.1111
v  0.1646 -18.1127 16.1111
v  0.1696 -18.1176 16.1041
v  0.0882 -18.1711 16.1111
v  0.0856 -18.1646 16.1111
v  0.0882 -18.1711 16.1041
v  -0.0002 -18.1879 16.1111
v  -0.0002 -18.1809 16.1111
v  -0.0002 -18.1879 16.1041
v  -0.0885 -18.1711 16.1111
v  -0.0859 -18.1646 16.1111
v  -0.0885 -18.1711 16.1041
v  -0.1699 -18.1176 16.1111
v  -0.1649 -18.1127 16.1111
v  -0.1699 -18.1176 16.1041
v  -0.2233 -18.0363 16.1111
v  -0.2168 -18.0337 16.1111
v  -0.2233 -18.0363 16.1041
v  -0.2402 -17.9479 16.1111
v  -0.2332 -17.9479 16.1111
v  -0.2402 -17.9479 16.1041
v  -0.2233 -17.8596 16.1111
v  -0.2168 -17.8622 16.1111
v  -0.2233 -17.8596 16.1041
v  -0.1699 -17.7782 16.1111
v  -0.1649 -17.7832 16.1111
v  -0.1699 -17.7782 16.1041
v  -0.0885 -17.7248 16.1111
v  -0.0859 -17.7313 16.1111
v  -0.0885 -17.7248 16.1041
v  -0.0002 -17.7079 16.1111
v  -0.0002 -17.7149 16.1111
v  -0.0002 -17.7079 16.1041
v  0.0882 -17.7248 16.1111
v  0.0856 -17.7313 16.1111
v  0.0882 -17.7248 16.1041
v  0.1696 -17.7782 16.1111
v  0.1646 -17.7832 16.1111
v  0.1696 -17.7782 16.1041
v  0.0005 -18.2998 15.7011
v  -0.0678 -18.2930 15.7010
v  -0.1335 -18.2731 15.7009
v  -0.1940 -18.2408 15.7008
v  -0.2470 -18.1973 15.7008
v  -0.2905 -18.1442 15.7008
v  -0.3228 -18.0837 15.7008
v  -0.3446 -18.0196 15.7013
v  -0.3517 -17.9480 15.7009
v  -0.3446 -17.8759 15.7014
v  -0.3275 -17.8186 15.7014
v  -0.2917 -17.7519 15.7009
v  -0.2465 -17.6977 15.7008
v  -0.1962 -17.6579 15.7008
v  -0.1332 -17.6229 15.7008
v  -0.0666 -17.6037 15.7008
v  0.0040 -17.5970 15.7008
v  0.0735 -17.6043 15.7008
v  0.1359 -17.6247 15.7008
v  0.1974 -17.6569 15.7011
v  0.2499 -17.7020 15.7008
v  0.2942 -17.7576 15.7008
v  0.3263 -17.8156 15.7015
v  0.3437 -17.8816 15.7008
v  0.3504 -17.9498 15.7008
v  0.3437 -18.0181 15.7008
v  0.3237 -18.0837 15.7008
v  0.2914 -18.1442 15.7008
v  0.2479 -18.1973 15.7009
v  0.1949 -18.2408 15.7011
v  0.1344 -18.2731 15.7012
v  0.0687 -18.2930 15.7012
v  -0.0004 -18.1890 15.7008
v  -0.0453 -18.1842 15.7008
v  -0.0938 -18.1698 15.7008
v  -0.1318 -18.1487 15.7008
v  -0.1689 -18.1196 15.7008
v  -0.2000 -18.0838 15.7008
v  -0.2215 -18.0428 15.7008
v  -0.2357 -17.9977 15.7008
v  -0.2407 -17.9486 15.7008
v  -0.2363 -17.9020 15.7008
v  -0.2228 -17.8573 15.7008
v  -0.2013 -17.8161 15.7008
v  -0.1717 -17.7790 15.7008
v  -0.1351 -17.7487 15.7008
v  -0.0923 -17.7257 15.7008
v  -0.0471 -17.7121 15.7008
v  0.0006 -17.7075 15.7008
v  0.0481 -17.7123 15.7008
v  0.0932 -17.7258 15.7008
v  0.1350 -17.7487 15.7008
v  0.1712 -17.7786 15.7008
v  0.2010 -17.8157 15.7008
v  0.2239 -17.8599 15.7008
v  0.2374 -17.9073 15.7008
v  0.2408 -17.9516 15.7008
v  0.2358 -17.9993 15.7008
v  0.2213 -18.0433 15.7008
v  0.2000 -18.0832 15.7008
v  0.1689 -18.1196 15.7008
v  0.1311 -18.1499 15.7008
v  0.0915 -18.1708 15.7008
v  0.0470 -18.1835 15.7008
v  -0.1486 -17.5681 15.7572
v  -0.0707 -17.5469 15.7566
v  -0.0006 -17.5421 15.7552
v  0.0819 -17.5520 15.7536
v  0.1536 -17.5751 15.7525
v  0.2250 -17.6151 15.7510
v  0.2832 -17.6652 15.7495
v  0.3336 -17.7283 15.7487
v  0.3671 -17.7938 15.7474
v  0.3890 -17.8691 15.7462
v  0.3954 -17.9496 15.7447
v  0.3878 -18.0194 15.7436
v  0.3628 -18.0989 15.7425
v  0.3276 -18.1628 15.7411
v  0.2761 -18.2235 15.7394
v  0.2170 -18.2709 15.7384
v  0.1500 -18.3054 15.7370
v  0.0772 -18.3263 15.7354
v  0.0004 -18.3325 15.7338
v  -0.0725 -18.3246 15.7329
v  -0.1452 -18.3013 15.7314
v  -0.2123 -18.2643 15.7303
v  -0.2664 -18.2185 15.7290
v  -0.3132 -18.1597 15.7274
v  -0.3468 -18.0961 15.7264
v  -0.3676 -18.0252 15.7249
v  -0.2232 -17.6064 15.7574
v  -0.2860 -17.6570 15.7580
v  -0.3375 -17.7189 15.7575
v  -0.3765 -17.7898 15.7575
v  -0.3974 -17.8562 15.7571
v  -0.3361 -17.8141 15.7111
v  -0.3598 -17.8709 15.7173
v  -0.4080 -17.9469 15.7581
v  -0.1264 -17.6189 15.7929
v  -0.0613 -17.6010 15.7913
v  -0.0063 -17.5956 15.7892
v  0.0690 -17.6027 15.7871
v  0.1307 -17.6209 15.7855
v  0.1914 -17.6528 15.7832
v  0.2468 -17.6958 15.7803
v  0.2897 -17.7486 15.7791
v  0.3193 -17.8009 15.7772
v  0.3433 -17.8727 15.7749
v  0.3515 -17.9524 15.7725
v  0.3448 -18.0163 15.7706
v  0.3250 -18.0817 15.7683
v  0.2954 -18.1385 15.7666
v  0.2492 -18.1959 15.7645
v  0.1966 -18.2390 15.7620
v  0.1367 -18.2713 15.7601
v  0.0716 -18.2917 15.7579
v  0.0027 -18.2994 15.7555
v  -0.0653 -18.2928 15.7538
v  -0.1326 -18.2728 15.7518
v  -0.1886 -18.2436 15.7498
v  -0.2431 -18.2007 15.7477
v  -0.2910 -18.1438 15.7452
v  -0.3250 -18.0797 15.7431
v  -0.3445 -18.0134 15.7410
v  -0.1836 -17.6463 15.7958
v  -0.2426 -17.6917 15.7979
v  -0.2897 -17.7468 15.7997
v  -0.3232 -17.8079 15.8018
v  -0.3428 -17.8641 15.8038
v  -0.3521 -17.9326 15.8056
v  -0.3512 -17.9479 15.7386
v  -0.4082 -17.9476 15.7715
v  -0.3969 -17.8570 15.7697
v  -0.3764 -17.7898 15.7676
v  -0.3374 -17.7188 15.7652
v  -0.2858 -17.6571 15.7631
v  -0.2228 -17.6068 15.7611
v  -0.2861 -17.6540 15.8288
v  -0.3382 -17.7147 15.8311
v  -0.3742 -17.7789 15.8327
v  -0.3976 -17.8472 15.8339
v  -0.4102 -17.9338 15.8375
v  -0.2857 -17.6554 15.8956
v  -0.3383 -17.7158 15.8979
v  -0.3751 -17.7791 15.8995
v  -0.3988 -17.8471 15.9011
v  -0.4123 -17.9338 15.9038
v  -0.2854 -17.6470 15.9631
v  -0.3390 -17.7090 15.9657
v  -0.3765 -17.7736 15.9674
v  -0.4008 -17.8421 15.9692
v  -0.4144 -17.9318 15.9713
v  -0.2866 -17.6454 16.0301
v  -0.3406 -17.7076 16.0323
v  -0.3783 -17.7724 16.0339
v  -0.4027 -17.8410 16.0357
v  -0.4165 -17.9314 16.0381
v  -0.2870 -17.6428 16.0970
v  -0.3408 -17.7043 16.0989
v  -0.3787 -17.7681 16.1007
v  -0.4038 -17.8368 16.1025
v  -0.2493 -17.6933 15.8638
v  -0.2944 -17.7480 15.8666
v  -0.3247 -17.8028 15.8689
v  -0.3440 -17.8622 15.8705
v  -0.3547 -17.9389 15.8727
v  -0.2487 -17.6898 15.9307
v  -0.2939 -17.7438 15.9330
v  -0.3246 -17.7984 15.9352
v  -0.3457 -17.8589 15.9371
v  -0.3565 -17.9327 15.9397
v  -0.1926 -17.6448 15.9957
v  -0.2472 -17.6865 15.9977
v  -0.2936 -17.7406 16.0001
v  -0.3266 -17.7961 16.0018
v  -0.3495 -17.8577 16.0030
v  -0.3593 -17.9330 16.0061
v  -0.2486 -17.6864 16.0655
v  -0.2942 -17.7388 16.0675
v  -0.3274 -17.7942 16.0691
v  -0.3500 -17.8557 16.0705
v  -0.3611 -17.9321 16.0732
v  0.3721 -18.1184 15.7994
v  0.3373 -18.1788 15.7970
v  0.2882 -18.2377 15.7951
v  0.2349 -18.2825 15.7934
v  0.1728 -18.3184 15.7914
v  0.4001 -18.0438 15.8689
v  0.3729 -18.1216 15.8666
v  0.3382 -18.1821 15.8649
v  0.2885 -18.2410 15.8627
v  0.2349 -18.2855 15.8612
v  0.1726 -18.3211 15.8596
v  0.4016 -18.0468 15.9359
v  0.3736 -18.1251 15.9338
v  0.3382 -18.1857 15.9319
v  0.2883 -18.2442 15.9300
v  0.2344 -18.2884 15.9283
v  0.1721 -18.3237 15.9264
v  0.4027 -18.0509 16.0025
v  0.3739 -18.1293 16.0003
v  0.3388 -18.1886 15.9990
v  0.2892 -18.2463 15.9969
v  0.2337 -18.2914 15.9951
v  0.1715 -18.3262 15.9930
v  0.4038 -18.0552 16.0692
v  0.3744 -18.1332 16.0675
v  0.3380 -18.1932 16.0652
v  0.2874 -18.2509 16.0633
v  0.2332 -18.2943 16.0616
v  0.1709 -18.3288 16.0597
v  0.4052 -18.0577 16.1360
v  0.3735 -18.1396 16.1340
v  0.3391 -18.1954 16.1324
v  0.2892 -18.2520 16.1305
v  0.2345 -18.2959 16.1284
v  0.1723 -18.3305 16.1268
v  0.3452 -18.0236 15.8373
v  0.3209 -18.0977 15.8353
v  0.2911 -18.1486 15.8333
v  0.2485 -18.1995 15.8314
v  0.2033 -18.2375 15.8297
v  0.1499 -18.2683 15.8278
v  0.0912 -18.2937 15.8228
v  0.3469 -18.0262 15.9042
v  0.3217 -18.0995 15.9020
v  0.2917 -18.1512 15.9002
v  0.2484 -18.2022 15.8982
v  0.2026 -18.2403 15.8965
v  0.1486 -18.2712 15.8948
v  0.0883 -18.2929 15.8919
v  0.3486 -18.0294 15.9709
v  0.3223 -18.1030 15.9689
v  0.2924 -18.1542 15.9673
v  0.2493 -18.2046 15.9653
v  0.2021 -18.2431 15.9634
v  0.1481 -18.2734 15.9615
v  0.0886 -18.2947 15.9598
v  0.3501 -18.0336 16.0376
v  0.3226 -18.1068 16.0357
v  0.2923 -18.1578 16.0339
v  0.2486 -18.2077 16.0319
v  0.2013 -18.2457 16.0302
v  0.1476 -18.2760 16.0282
v  0.3510 -18.0358 16.1049
v  0.3273 -18.1027 16.1030
v  0.2929 -18.1604 16.1008
v  0.2486 -18.2105 16.0989
v  0.2023 -18.2478 16.0973
v  0.1484 -18.2779 16.0954
v  0.0986 -18.2960 16.0937
v  -0.1623 -18.3231 15.7829
v  -0.2323 -18.2841 15.7805
v  -0.2888 -18.2369 15.7785
v  -0.3404 -18.1738 15.7765
v  -0.3771 -18.1051 15.7747
v  -0.3995 -18.0328 15.7726
v  -0.1628 -18.3242 15.8513
v  -0.2333 -18.2856 15.8489
v  -0.2901 -18.2382 15.8469
v  -0.3418 -18.1748 15.8449
v  -0.3782 -18.1056 15.8431
v  -0.4009 -18.0330 15.8410
v  -0.1640 -18.3270 15.9172
v  -0.2347 -18.2876 15.9148
v  -0.2918 -18.2400 15.9128
v  -0.3440 -18.1762 15.9108
v  -0.3810 -18.1068 15.9090
v  -0.4036 -18.0336 15.9069
v  -0.1649 -18.3289 15.9843
v  -0.2359 -18.2894 15.9818
v  -0.2933 -18.2414 15.9798
v  -0.3457 -18.1774 15.9778
v  -0.3829 -18.1076 15.9760
v  -0.4057 -18.0340 15.9739
v  -0.1657 -18.3308 16.0513
v  -0.2371 -18.2911 16.0489
v  -0.2949 -18.2429 16.0469
v  -0.3475 -18.1785 16.0449
v  -0.3849 -18.1084 16.0431
v  -0.4078 -18.0345 16.0410
v  -0.1665 -18.3327 16.1182
v  -0.2383 -18.2929 16.1158
v  -0.2964 -18.2444 16.1138
v  -0.3492 -18.1797 16.1117
v  -0.3868 -18.1092 16.1100
v  -0.4099 -18.0349 16.1078
v  -0.4183 -17.9295 16.1047
v  -0.1392 -18.2746 15.8856
v  -0.1977 -18.2427 15.8835
v  -0.2425 -18.2069 15.8818
v  -0.2957 -18.1439 15.8794
v  -0.3270 -18.0866 15.8771
v  -0.3463 -18.0249 15.8755
v  -0.1423 -18.2762 15.9520
v  -0.2061 -18.2402 15.9499
v  -0.2535 -18.1995 15.9482
v  -0.2985 -18.1439 15.9464
v  -0.3290 -18.0864 15.9443
v  -0.3490 -18.0227 15.9425
v  -0.1423 -18.2779 16.0196
v  -0.2045 -18.2435 16.0171
v  -0.2540 -18.2024 16.0152
v  -0.2994 -18.1465 16.0131
v  -0.3313 -18.0860 16.0114
v  -0.3511 -18.0227 16.0093
v  -0.1431 -18.2797 16.0866
v  -0.2058 -18.2453 16.0841
v  -0.2555 -18.2040 16.0821
v  -0.3012 -18.1476 16.0801
v  -0.3332 -18.0868 16.0783
v  -0.3532 -18.0232 16.0762
v  -0.1403 -18.2720 15.8183
v  -0.2021 -18.2379 15.8159
v  -0.2499 -18.1976 15.8141
v  -0.2944 -18.1430 15.8120
v  -0.3260 -18.0841 15.8099
v  -0.3455 -18.0222 15.8078
v  0.1086 -18.3421 15.7898
v  0.0003 -18.3565 15.7868
v  -0.0974 -18.3449 15.7843
v  0.1088 -18.3444 15.8574
v  -0.0015 -18.3590 15.8544
v  -0.0980 -18.3467 15.8527
v  0.1077 -18.3469 15.9248
v  -0.0015 -18.3611 15.9212
v  -0.0988 -18.3490 15.9186
v  0.1080 -18.3490 15.9911
v  -0.0015 -18.3632 15.9887
v  -0.0994 -18.3510 15.9857
v  0.1066 -18.3515 16.0581
v  -0.0015 -18.3653 16.0553
v  -0.1001 -18.3530 16.0527
v  0.1071 -18.3535 16.1247
v  -0.0015 -18.3674 16.1222
v  -0.1008 -18.3550 16.1196
v  -0.0018 -18.3098 16.0905
v  -0.0824 -18.3005 16.0879
v  0.0883 -18.2967 16.0263
v  -0.0018 -18.3072 16.0238
v  -0.0817 -18.2985 16.0210
v  0.0046 -18.3054 15.9572
v  -0.0801 -18.2964 15.9541
v  -0.0019 -18.3033 15.8896
v  -0.0728 -18.2954 15.8876
v  -0.0013 -18.3046 15.8205
v  -0.0808 -18.2928 15.8196
v  -0.1393 -17.5622 15.8246
v  -0.0617 -17.5426 15.8224
v  0.0029 -17.5380 15.8206
v  0.0837 -17.5467 15.8185
v  0.1571 -17.5695 15.8162
v  0.2308 -17.6099 15.8139
v  0.2955 -17.6643 15.8118
v  0.3405 -17.7202 15.8100
v  0.3760 -17.7881 15.8075
v  0.4002 -17.8638 15.8057
v  0.4092 -17.9469 15.8036
v  0.3984 -18.0396 15.8010
v  -0.2276 -17.6067 15.8269
v  0.0024 -17.5359 15.8881
v  0.0841 -17.5446 15.8858
v  0.1579 -17.5675 15.8839
v  0.2317 -17.6074 15.8818
v  0.2975 -17.6632 15.8797
v  0.3418 -17.7184 15.8780
v  0.3789 -17.7869 15.8755
v  0.4031 -17.8644 15.8734
v  0.4116 -17.9483 15.8709
v  0.0027 -17.5337 15.9550
v  0.0847 -17.5426 15.9530
v  0.1589 -17.5656 15.9510
v  0.2335 -17.6061 15.9487
v  0.2989 -17.6616 15.9463
v  0.3442 -17.7182 15.9446
v  0.3809 -17.7863 15.9426
v  0.4049 -17.8628 15.9404
v  0.4136 -17.9459 15.9384
v  0.0030 -17.5316 16.0223
v  0.0849 -17.5405 16.0200
v  0.1599 -17.5637 16.0178
v  0.2350 -17.6046 16.0158
v  0.3003 -17.6600 16.0136
v  0.3461 -17.7172 16.0115
v  0.3831 -17.7861 16.0094
v  0.4071 -17.8630 16.0074
v  0.4157 -17.9455 16.0053
v  0.0039 -17.5296 16.0884
v  0.0681 -17.5352 16.0871
v  0.1613 -17.5620 16.0845
v  0.2361 -17.6028 16.0822
v  0.3017 -17.6584 16.0802
v  0.3480 -17.7162 16.0783
v  0.3848 -17.7848 16.0760
v  0.4091 -17.8627 16.0743
v  0.4179 -17.9473 16.0720
v  0.0025 -17.5933 15.8559
v  0.0728 -17.6010 15.8539
v  0.1335 -17.6201 15.8522
v  0.1956 -17.6530 15.8502
v  0.2551 -17.7026 15.8478
v  0.2957 -17.7537 15.8458
v  0.3236 -17.8052 15.8441
v  0.3472 -17.8763 15.8423
v  0.3539 -17.9561 15.8397
v  0.0018 -17.5916 15.9234
v  0.0729 -17.5993 15.9212
v  0.1363 -17.6190 15.9192
v  0.2005 -17.6536 15.9170
v  0.2575 -17.7021 15.9148
v  0.2957 -17.7496 15.9131
v  0.3274 -17.8088 15.9109
v  0.3482 -17.8752 15.9088
v  0.3556 -17.9532 15.9065
v  -0.0492 -17.5928 15.9920
v  0.0020 -17.5893 15.9905
v  0.0734 -17.5970 15.9883
v  0.1373 -17.6172 15.9862
v  0.2023 -17.6522 15.9841
v  0.2588 -17.7005 15.9818
v  0.2976 -17.7494 15.9799
v  0.3295 -17.8084 15.9778
v  0.3502 -17.8744 15.9758
v  0.3580 -17.9515 15.9737
v  -0.0041 -17.5873 16.0573
v  0.0684 -17.5938 16.0550
v  0.1270 -17.6109 16.0535
v  0.2006 -17.6484 16.0509
v  0.2602 -17.6989 16.0488
v  0.3006 -17.7496 16.0468
v  0.3307 -17.8057 16.0449
v  0.3525 -17.8758 16.0427
v  0.3607 -17.9521 16.0399
v  -0.1416 -17.5608 15.8918
v  -0.2288 -17.6053 15.8936
v  -0.0691 -17.5416 15.8898
v  -0.1421 -17.5588 15.9582
v  -0.2222 -17.5986 15.9607
v  -0.0658 -17.5390 15.9570
v  -0.1419 -17.5570 16.0266
v  -0.2230 -17.5968 16.0283
v  -0.0610 -17.5364 16.0244
v  -0.1428 -17.5546 16.0927
v  -0.2230 -17.5939 16.0950
v  -0.0617 -17.5341 16.0900
v  -0.1220 -17.6127 15.9268
v  -0.1932 -17.6479 15.9291
v  -0.0639 -17.5975 15.9253
v  -0.1222 -17.6106 15.9938
v  -0.1202 -17.6074 16.0605
v  -0.1930 -17.6433 16.0633
v  -0.0621 -17.5922 16.0587
v  -0.1201 -17.6135 15.8593
v  -0.0637 -17.5991 15.8580
v  -0.1947 -17.6506 15.8617
v  0.3620 -17.9588 16.1074
v  0.3581 -17.8952 16.1092
v  0.3362 -17.8130 16.1118
v  0.3024 -17.7479 16.1140
v  0.2607 -17.6961 16.1159
v  0.1956 -17.6431 16.1182
v  0.1366 -17.6121 16.1203
v  0.0597 -17.5899 16.1222
v  0.4200 -17.9466 16.1388
v  0.4129 -17.8712 16.1407
v  0.3922 -17.7978 16.1427
v  0.3544 -17.7229 16.1446
v  0.3024 -17.6565 16.1470
v  0.2310 -17.5975 16.1490
v  0.1638 -17.5621 16.1505
v  0.4128 -17.8707 16.1500
v  0.3921 -17.7978 16.1503
v  0.3545 -17.7229 16.1506
v  0.3024 -17.6567 16.1507
v  0.2310 -17.5972 16.1507
v  -0.3745 -17.9482 15.7238
v  0.1196 -17.6750 16.2708
v  0.0028 -17.6500 16.2708
v  0.0624 -17.6568 16.2708
v  -0.0425 -17.6530 16.2708
v  -0.1000 -17.6672 16.2708
v  -0.1580 -17.6955 16.2708
v  -0.2032 -17.7297 16.2708
v  -0.2424 -17.7745 16.2708
v  -0.2692 -17.8194 16.2708
v  -0.2874 -17.8694 16.2708
v  -0.2976 -17.9340 16.2708
v  -0.2914 -18.0099 16.2708
v  -0.2759 -18.0604 16.2708
v  -0.2490 -18.1114 16.2708
v  -0.2108 -18.1584 16.2708
v  -0.1691 -18.1932 16.2708
v  -0.1186 -18.2214 16.2708
v  -0.0741 -18.2365 16.2708
v  -0.0030 -18.2459 16.2708
v  0.0790 -18.2352 16.2708
v  0.1229 -18.2193 16.2708
v  0.1659 -18.1955 16.2708
v  0.2056 -18.1636 16.2708
v  0.2416 -18.1222 16.2708
v  0.2647 -18.0847 16.2708
v  0.2869 -18.0281 16.2708
v  0.2980 -17.9438 16.2708
v  0.2927 -17.8924 16.2708
v  0.2784 -17.8420 16.2708
v  0.2516 -17.7884 16.2708
v  0.2150 -17.7417 16.2708
v  0.1633 -17.6988 16.2708
v  0.1195 -17.6750 16.4333
v  0.0028 -17.6500 16.4333
v  0.0624 -17.6569 16.4333
v  -0.0425 -17.6530 16.4333
v  -0.1000 -17.6673 16.4333
v  -0.1580 -17.6956 16.4332
v  -0.2032 -17.7297 16.4333
v  -0.2424 -17.7745 16.4333
v  -0.2692 -17.8194 16.4333
v  -0.2873 -17.8694 16.4333
v  -0.2974 -17.9340 16.4333
v  -0.2914 -18.0099 16.4333
v  -0.2759 -18.0604 16.4331
v  -0.2491 -18.1115 16.4333
v  -0.2109 -18.1585 16.4333
v  -0.1691 -18.1932 16.4333
v  -0.1186 -18.2212 16.4330
v  -0.0741 -18.2365 16.4333
v  -0.0030 -18.2459 16.4333
v  0.0790 -18.2352 16.4333
v  0.1229 -18.2194 16.4333
v  0.1659 -18.1954 16.4333
v  0.2056 -18.1635 16.4332
v  0.2417 -18.1222 16.4333
v  0.2647 -18.0848 16.4333
v  0.2870 -18.0282 16.4333
v  0.2979 -17.9438 16.4333
v  0.2927 -17.8924 16.4332
v  0.2784 -17.8420 16.4332
v  0.2516 -17.7884 16.4333
v  0.2150 -17.7417 16.4333
v  0.1633 -17.6987 16.4333
v  0.1346 -17.6309 16.1757
v  0.0044 -17.6029 16.1753
v  0.0735 -17.6106 16.1754
v  -0.0497 -17.6065 16.1753
v  -0.1160 -17.6229 16.1753
v  -0.1828 -17.6555 16.1753
v  -0.2352 -17.6951 16.1753
v  -0.2805 -17.7467 16.1753
v  -0.3116 -17.7988 16.1753
v  -0.3325 -17.8561 16.1753
v  -0.3443 -17.9319 16.1752
v  -0.3376 -18.0189 16.1753
v  -0.3201 -18.0772 16.1754
v  -0.2888 -18.1368 16.1753
v  -0.2446 -18.1912 16.1753
v  -0.1955 -18.2322 16.1753
v  -0.1385 -18.2642 16.1754
v  -0.0849 -18.2823 16.1753
v  -0.0040 -18.2929 16.1753
v  0.0898 -18.2810 16.1753
v  0.1428 -18.2620 16.1753
v  0.1916 -18.2348 16.1753
v  0.2387 -18.1970 16.1754
v  0.2803 -18.1492 16.1753
v  0.3073 -18.1045 16.1753
v  0.3326 -18.0396 16.1754
v  0.3441 -17.9445 16.1759
v  0.3388 -17.8829 16.1754
v  0.3221 -17.8247 16.1754
v  0.2913 -17.7633 16.1753
v  0.2490 -17.7096 16.1755
v  0.1893 -17.6601 16.1757
v  0.1213 -17.6682 16.2349
v  0.0031 -17.6430 16.2347
v  0.0642 -17.6499 16.2347
v  -0.0436 -17.6461 16.2347
v  -0.1023 -17.6606 16.2347
v  -0.1616 -17.6896 16.2347
v  -0.2079 -17.7245 16.2347
v  -0.2480 -17.7703 16.2347
v  -0.2754 -17.8163 16.2347
v  -0.2941 -17.8673 16.2347
v  -0.3045 -17.9336 16.2347
v  -0.2983 -18.0112 16.2347
v  -0.2826 -18.0627 16.2347
v  -0.2550 -18.1151 16.2347
v  -0.2159 -18.1632 16.2347
v  -0.1730 -18.1990 16.2347
v  -0.1217 -18.2277 16.2347
v  -0.0757 -18.2433 16.2347
v  -0.0033 -18.2528 16.2347
v  0.0806 -18.2420 16.2347
v  0.1259 -18.2256 16.2347
v  0.1696 -18.2014 16.2347
v  0.2106 -18.1684 16.2347
v  0.2475 -18.1260 16.2347
v  0.2711 -18.0875 16.2347
v  0.2937 -18.0299 16.2347
v  0.3048 -17.9439 16.2350
v  0.2995 -17.8908 16.2347
v  0.2849 -17.8394 16.2347
v  0.2575 -17.7847 16.2347
v  0.2201 -17.7370 16.2348
v  0.1671 -17.6931 16.2350
v  0.1260 -17.6535 16.2022
v  0.0036 -17.6275 16.2019
v  0.0679 -17.6347 16.2020
v  -0.0459 -17.6307 16.2019
v  -0.1076 -17.6460 16.2019
v  -0.1698 -17.6763 16.2019
v  -0.2185 -17.7130 16.2019
v  -0.2606 -17.7611 16.2019
v  -0.2894 -17.8095 16.2019
v  -0.3090 -17.8629 16.2019
v  -0.3199 -17.9329 16.2019
v  -0.3136 -18.0141 16.2020
v  -0.2972 -18.0681 16.2020
v  -0.2682 -18.1234 16.2019
v  -0.2271 -18.1740 16.2019
v  -0.1817 -18.2119 16.2020
v  -0.1284 -18.2418 16.2020
v  -0.0793 -18.2584 16.2020
v  -0.0038 -18.2684 16.2019
v  0.0842 -18.2571 16.2019
v  0.1326 -18.2397 16.2019
v  0.1781 -18.2144 16.2020
v  0.2216 -18.1794 16.2020
v  0.2603 -18.1349 16.2020
v  0.2852 -18.0939 16.2020
v  0.3088 -18.0336 16.2020
v  0.3201 -17.9441 16.2024
v  0.3148 -17.8876 16.2020
v  0.2993 -17.8336 16.2020
v  0.2706 -17.7764 16.2020
v  0.2314 -17.7265 16.2021
v  0.1757 -17.6804 16.2025
v  0.1470 -17.6011 16.1582
v  0.0054 -17.5701 16.1578
v  0.0776 -17.5790 16.1581
v  -0.0548 -17.5741 16.1578
v  -0.1274 -17.5923 16.1578
v  -0.2002 -17.6278 16.1578
v  -0.2578 -17.6713 16.1578
v  -0.3071 -17.7275 16.1578
v  -0.3412 -17.7848 16.1578
v  -0.3641 -17.8471 16.1578
v  -0.3770 -17.9305 16.1578
v  -0.3697 -18.0256 16.1579
v  -0.3503 -18.0898 16.1578
v  -0.3161 -18.1549 16.1578
v  -0.2679 -18.2143 16.1578
v  -0.2140 -18.2591 16.1579
v  -0.1518 -18.2942 16.1578
v  -0.0922 -18.3141 16.1579
v  -0.0039 -18.3257 16.1578
v  0.0974 -18.3128 16.1579
v  0.1563 -18.2918 16.1578
v  0.2100 -18.2618 16.1579
v  0.2613 -18.2206 16.1579
v  0.3065 -18.1687 16.1579
v  0.3366 -18.1191 16.1579
v  0.3643 -18.0475 16.1579
v  0.3761 -17.9452 16.1584
v  0.3710 -17.8772 16.1579
v  0.3525 -17.8129 16.1579
v  0.3188 -17.7457 16.1579
v  0.2723 -17.6868 16.1580
v  0.2079 -17.6324 16.1578
v  -0.0000 -18.1454 15.7433
v  -0.0483 -18.1394 15.7433
v  -0.1417 -18.0855 15.7433
v  -0.1714 -18.0459 15.7433
v  -0.1900 -18.0019 15.7433
v  -0.1900 -17.8940 15.7433
v  -0.1677 -17.8437 15.7433
v  -0.1417 -17.8104 15.7433
v  -0.0483 -17.7564 15.7433
v  -0.0000 -17.7504 15.7433
v  0.0483 -17.7564 15.7433
v  0.1106 -17.7564 15.7197
v  0.1417 -17.8104 15.7433
v  0.1706 -17.8485 15.7433
v  0.1900 -17.8940 15.7433
v  0.2211 -17.9479 15.7197
v  0.1900 -18.0019 15.7433
v  0.1679 -18.0518 15.7433
v  0.1417 -18.0855 15.7433
v  0.1106 -18.1394 15.7197
v  0.0483 -18.1394 15.7433
v  -0.1106 -17.7566 15.7200
v  -0.1106 -17.7564 15.9919
v  -0.0000 -17.7504 15.9683
v  -0.0483 -17.7564 15.9683
v  0.0483 -17.7564 15.9683
v  0.1106 -17.7564 15.9919
v  0.1900 -17.8940 15.9683
v  0.1417 -17.8104 15.9683
v  0.1706 -17.8485 15.9683
v  0.2211 -17.9479 15.9919
v  -0.2211 -17.9479 15.9919
v  -0.1417 -18.0855 15.9683
v  -0.1900 -18.0019 15.9683
v  -0.1714 -18.0459 15.9683
v  -0.1104 -18.1400 15.7193
v  -0.1106 -18.1394 15.9919
v  0.0483 -18.1394 15.9683
v  -0.0483 -18.1394 15.9683
v  -0.0000 -18.1454 15.9683
v  0.1106 -18.1394 15.9919
v  0.1417 -18.0855 15.9683
v  0.1679 -18.0518 15.9683
v  0.1900 -18.0019 15.9683
v  -0.2210 -17.9481 15.7199
v  -0.1677 -17.8437 15.9683
v  -0.1900 -17.8940 15.9683
v  -0.1417 -17.8104 15.9683
v  -0.0000 -18.1454 15.7481
v  -0.0492 -18.1394 15.7481
v  -0.1110 -18.1403 15.7247
v  -0.1412 -18.0863 15.7481
v  -0.1714 -18.0459 15.7481
v  -0.1904 -18.0011 15.7481
v  -0.2221 -17.9479 15.7247
v  -0.1904 -17.8948 15.7481
v  -0.1677 -17.8437 15.7481
v  -0.1412 -17.8096 15.7481
v  -0.1110 -17.7556 15.7247
v  -0.0492 -17.7564 15.7481
v  -0.0000 -17.7504 15.7481
v  0.0492 -17.7564 15.7481
v  0.1110 -17.7556 15.7247
v  0.1412 -17.8096 15.7481
v  0.1706 -17.8485 15.7481
v  0.1904 -17.8948 15.7481
v  0.2221 -17.9479 15.7247
v  0.1904 -18.0011 15.7481
v  0.1679 -18.0518 15.7481
v  0.1412 -18.0863 15.7481
v  0.1110 -18.1403 15.7247
v  0.0492 -18.1394 15.7481
v  -0.1110 -17.7556 15.9869
v  -0.1412 -17.8096 15.9634
v  -0.1677 -17.8437 15.9634
v  -0.1904 -17.8948 15.9634
v  -0.2221 -17.9479 15.9869
v  -0.1904 -18.0011 15.9634
v  -0.1714 -18.0459 15.9634
v  -0.1412 -18.0863 15.9634
v  -0.1110 -18.1403 15.9869
v  -0.0492 -18.1394 15.9634
v  -0.0000 -18.1454 15.9634
v  0.0492 -18.1394 15.9634
v  0.1110 -18.1403 15.9869
v  0.1412 -18.0863 15.9634
v  0.1679 -18.0518 15.9634
v  0.1904 -18.0011 15.9634
v  0.2221 -17.9479 15.9869
v  0.1904 -17.8948 15.9634
v  0.1706 -17.8485 15.9634
v  0.1412 -17.8096 15.9634
v  0.1110 -17.7556 15.9869
v  0.0492 -17.7564 15.9634
v  -0.0000 -17.7504 15.9634
v  -0.0492 -17.7564 15.9634
v  -0.0004 -18.1855 15.7042
v  -0.0446 -18.1808 15.7042
v  -0.0925 -18.1666 15.7042
v  -0.1299 -18.1458 15.7042
v  -0.1664 -18.1171 15.7042
v  -0.1971 -18.0818 15.7042
v  -0.2183 -18.0414 15.7042
v  -0.2322 -17.9970 15.7042
v  -0.2372 -17.9486 15.7042
v  -0.2329 -17.9027 15.7042
v  -0.2196 -17.8586 15.7042
v  -0.1984 -17.8180 15.7042
v  -0.1692 -17.7815 15.7042
v  -0.1332 -17.7516 15.7042
v  -0.0910 -17.7288 15.7042
v  -0.0464 -17.7155 15.7042
v  0.0006 -17.7109 15.7042
v  0.0474 -17.7158 15.7042
v  0.0919 -17.7290 15.7042
v  0.1330 -17.7516 15.7042
v  0.1687 -17.7811 15.7042
v  0.1980 -17.8176 15.7042
v  0.2207 -17.8611 15.7042
v  0.2340 -17.9079 15.7042
v  0.2373 -17.9515 15.7042
v  0.2323 -17.9986 15.7042
v  0.2181 -18.0419 15.7042
v  0.1971 -18.0813 15.7042
v  0.1664 -18.1171 15.7042
v  0.1292 -18.1471 15.7042
v  0.0903 -18.1676 15.7042
v  0.0463 -18.1801 15.7042
v  -0.0479 -18.1431 15.7400
v  -0.0000 -18.1489 15.7399
v  0.0480 -18.1431 15.7400
v  0.1124 -18.1429 15.7163
v  0.1450 -18.0871 15.7400
v  0.1709 -18.0536 15.7399
v  0.1930 -18.0040 15.7401
v  0.2249 -17.9483 15.7160
v  0.1930 -17.8919 15.7400
v  0.1736 -17.8467 15.7399
v  0.1451 -17.8088 15.7400
v  0.1126 -17.7531 15.7153
v  0.0480 -17.7528 15.7400
v  -0.0000 -17.7470 15.7399
v  -0.0480 -17.7528 15.7400
v  -0.1126 -17.7531 15.7156
v  -0.1450 -17.8088 15.7400
v  -0.1707 -17.8419 15.7399
v  -0.1930 -17.8919 15.7401
v  -0.2251 -17.9481 15.7156
v  -0.1930 -18.0040 15.7401
v  -0.1745 -18.0477 15.7399
v  -0.1451 -18.0871 15.7401
v  -0.1124 -18.1435 15.7148
v  0.0005 -18.2949 15.7011
v  -0.0669 -18.2882 15.7010
v  -0.1316 -18.2686 15.7009
v  -0.1912 -18.2367 15.7008
v  -0.2435 -18.1938 15.7008
v  -0.2864 -18.1415 15.7008
v  -0.3184 -18.0818 15.7008
v  -0.3398 -18.0186 15.7013
v  -0.3468 -17.9480 15.7009
v  -0.3398 -17.8769 15.7013
v  -0.3230 -17.8205 15.7008
v  -0.2877 -17.7546 15.7008
v  -0.2431 -17.7012 15.7008
v  -0.1935 -17.6619 15.7008
v  -0.1313 -17.6274 15.7008
v  -0.0657 -17.6085 15.7008
v  0.0040 -17.6019 15.7008
v  0.0725 -17.6091 15.7008
v  0.1340 -17.6292 15.7008
v  0.1947 -17.6610 15.7008
v  0.2464 -17.7054 15.7008
v  0.2901 -17.7603 15.7008
v  0.3218 -17.8174 15.7008
v  0.3389 -17.8824 15.7008
v  0.3455 -17.9498 15.7008
v  0.3389 -18.0171 15.7008
v  0.3192 -18.0819 15.7008
v  0.2874 -18.1415 15.7008
v  0.2444 -18.1938 15.7009
v  0.1921 -18.2367 15.7011
v  0.1325 -18.2686 15.7012
v  0.0678 -18.2882 15.7012
v  -0.0463 -18.1890 15.7008
v  -0.0004 -18.1939 15.7008
v  0.0479 -18.1883 15.7008
v  0.0934 -18.1753 15.7008
v  0.1338 -18.1540 15.7008
v  0.1723 -18.1231 15.7008
v  0.2040 -18.0860 15.7008
v  0.2258 -18.0452 15.7008
v  0.2405 -18.0003 15.7008
v  0.2457 -17.9517 15.7008
v  0.2422 -17.9065 15.7008
v  0.2285 -17.8581 15.7008
v  0.2050 -17.8130 15.7008
v  0.1747 -17.7752 15.7008
v  0.1377 -17.7447 15.7008
v  0.0951 -17.7213 15.7008
v  0.0491 -17.7076 15.7008
v  0.0006 -17.7026 15.7008
v  -0.0480 -17.7073 15.7008
v  -0.0942 -17.7212 15.7008
v  -0.1378 -17.7447 15.7008
v  -0.1752 -17.7756 15.7008
v  -0.2054 -17.8135 15.7008
v  -0.2273 -17.8554 15.7008
v  -0.2411 -17.9011 15.7008
v  -0.2456 -17.9486 15.7008
v  -0.2404 -17.9986 15.7008
v  -0.2260 -18.0446 15.7008
v  -0.2040 -18.0866 15.7008
v  -0.1722 -18.1232 15.7008
v  -0.1345 -18.1528 15.7008
v  -0.0957 -18.1743 15.7008
v  -0.0685 -18.2964 15.7045
v  0.0004 -18.3032 15.7046
v  0.0694 -18.2964 15.7047
v  0.1357 -18.2763 15.7047
v  0.1968 -18.2436 15.7045
v  0.2503 -18.1997 15.7044
v  0.2943 -18.1461 15.7042
v  0.3269 -18.0851 15.7042
v  0.3470 -18.0188 15.7042
v  0.3544 -17.9498 15.7037
v  0.3471 -17.8810 15.7042
v  0.3295 -17.8143 15.7049
v  0.2975 -17.7554 15.7037
v  0.2527 -17.6993 15.7038
v  0.1994 -17.6541 15.7045
v  0.1374 -17.6212 15.7039
v  0.0742 -17.6009 15.7042
v  0.0040 -17.5933 15.7040
v  -0.0673 -17.5999 15.7038
v  -0.1345 -17.6196 15.7042
v  -0.1985 -17.6545 15.7036
v  -0.2490 -17.6952 15.7041
v  -0.2946 -17.7499 15.7043
v  -0.3307 -17.8173 15.7048
v  -0.3479 -17.8753 15.7048
v  -0.3551 -17.9480 15.7044
v  -0.3479 -18.0204 15.7048
v  -0.3260 -18.0851 15.7042
v  -0.2934 -18.1462 15.7042
v  -0.2494 -18.1997 15.7042
v  -0.1959 -18.2437 15.7042
v  -0.1348 -18.2763 15.7043
v  -0.1477 -17.5711 15.7540
v  -0.0702 -17.5503 15.7531
v  -0.0007 -17.5456 15.7517
v  0.0811 -17.5554 15.7502
v  0.1521 -17.5782 15.7491
v  0.2229 -17.6179 15.7476
v  0.2807 -17.6675 15.7461
v  0.3307 -17.7302 15.7452
v  0.3639 -17.7950 15.7440
v  0.3856 -17.8697 15.7428
v  0.3920 -17.9495 15.7413
v  0.3844 -18.0187 15.7402
v  0.3597 -18.0975 15.7390
v  0.3248 -18.1608 15.7376
v  0.2737 -18.2210 15.7359
v  0.2152 -18.2679 15.7349
v  0.1488 -18.3022 15.7335
v  0.0766 -18.3229 15.7320
v  0.0005 -18.3291 15.7304
v  -0.0717 -18.3213 15.7294
v  -0.1438 -18.2982 15.7279
v  -0.2103 -18.2615 15.7268
v  -0.2639 -18.2161 15.7256
v  -0.3102 -18.1578 15.7240
v  -0.3436 -18.0949 15.7230
v  -0.3642 -18.0246 15.7215
v  -0.3710 -17.9435 15.7208
v  -0.4075 -17.9421 15.7583
v  -0.4076 -17.9425 15.7665
v  -0.3970 -17.8571 15.7649
v  -0.3765 -17.7899 15.7627
v  -0.3376 -17.7188 15.7605
v  -0.0620 -17.5968 15.7937
v  -0.1278 -17.6149 15.7953
v  -0.1858 -17.6426 15.7981
v  -0.2455 -17.6886 15.8002
v  -0.2932 -17.7443 15.8021
v  -0.3271 -17.8060 15.8041
v  -0.3469 -17.8631 15.8061
v  -0.3563 -17.9324 15.8080
v  -0.3496 -18.0229 15.8103
v  -0.3299 -18.0857 15.8124
v  -0.2980 -18.1453 15.8144
v  -0.2529 -18.2005 15.8166
v  -0.2046 -18.2414 15.8184
v  -0.1421 -18.2759 15.8207
v  -0.0819 -18.2968 15.8221
v  -0.0014 -18.3088 15.8231
v  0.0921 -18.2977 15.8254
v  0.1517 -18.2721 15.8302
v  0.2057 -18.2410 15.8320
v  0.2515 -18.2026 15.8337
v  0.2945 -18.1511 15.8357
v  0.3248 -18.0995 15.8377
v  0.3493 -18.0247 15.8396
v  0.3582 -17.9563 15.8420
v  0.3514 -17.8755 15.8446
v  0.3276 -17.8036 15.8464
v  0.2993 -17.7514 15.8482
v  0.2582 -17.6997 15.8502
v  0.1980 -17.6494 15.8526
v  0.1352 -17.6162 15.8545
v  0.0737 -17.5969 15.8562
v  0.0026 -17.5891 15.8583
v  -0.0643 -17.5949 15.8603
v  -0.1215 -17.6095 15.8617
v  -0.1968 -17.6470 15.8642
v  -0.2521 -17.6902 15.8663
v  -0.2978 -17.7455 15.8690
v  -0.3286 -17.8011 15.8713
v  -0.3481 -17.8612 15.8728
v  -0.3590 -17.9387 15.8750
v  -0.3505 -18.0257 15.8779
v  -0.3309 -18.0882 15.8794
v  -0.2993 -18.1463 15.8817
v  -0.2456 -18.2099 15.8841
v  -0.2001 -18.2462 15.8859
v  -0.1409 -18.2785 15.8879
v  -0.0737 -18.2996 15.8899
v  -0.0020 -18.3076 15.8920
v  0.0892 -18.2971 15.8943
v  0.1504 -18.2751 15.8972
v  0.2049 -18.2439 15.8989
v  0.2513 -18.2053 15.9005
v  0.2951 -18.1537 15.9025
v  0.3256 -18.1013 15.9044
v  0.3511 -18.0272 15.9066
v  0.3598 -17.9533 15.9089
v  0.3524 -17.8744 15.9111
v  0.3314 -17.8072 15.9133
v  0.2993 -17.7473 15.9154
v  0.2606 -17.6992 15.9171
v  0.2029 -17.6501 15.9194
v  0.1380 -17.6151 15.9216
v  0.0739 -17.5951 15.9236
v  0.0019 -17.5874 15.9257
v  -0.0646 -17.5933 15.9277
v  -0.1234 -17.6087 15.9291
v  -0.1954 -17.6442 15.9315
v  -0.2516 -17.6867 15.9331
v  -0.2973 -17.7413 15.9355
v  -0.3285 -17.7966 15.9376
v  -0.3498 -17.8578 15.9395
v  -0.3608 -17.9325 15.9421
v  -0.3532 -18.0234 15.9449
v  -0.3329 -18.0880 15.9466
v  -0.3021 -18.1462 15.9487
v  -0.2566 -18.2024 15.9506
v  -0.2086 -18.2437 15.9523
v  -0.1441 -18.2801 15.9544
v  -0.0811 -18.3006 15.9565
v  0.0046 -18.3097 15.9596
v  0.0896 -18.2988 15.9622
v  0.1499 -18.2773 15.9639
v  0.2045 -18.2467 15.9658
v  0.2522 -18.2077 15.9676
v  0.2959 -18.1567 15.9696
v  0.3261 -18.1048 15.9712
v  0.3527 -18.0304 15.9733
v  0.3623 -17.9516 15.9761
v  0.3544 -17.8736 15.9781
v  0.3335 -17.8068 15.9802
v  0.3012 -17.7471 15.9822
v  0.2619 -17.6976 15.9841
v  0.2048 -17.6487 15.9865
v  0.1391 -17.6133 15.9886
v  0.0743 -17.5929 15.9907
v  0.0022 -17.5851 15.9929
v  -0.0497 -17.5886 15.9944
v  -0.1236 -17.6066 15.9962
v  -0.1947 -17.6412 15.9982
v  -0.2501 -17.6834 16.0002
v  -0.2970 -17.7381 16.0025
v  -0.3304 -17.7943 16.0042
v  -0.3536 -17.8566 16.0054
v  -0.3635 -17.9328 16.0085
v  -0.3553 -18.0235 16.0116
v  -0.3353 -18.0876 16.0137
v  -0.3030 -18.1488 16.0155
v  -0.2571 -18.2054 16.0175
v  -0.2069 -18.2470 16.0195
v  -0.1441 -18.2817 16.0220
v  -0.0827 -18.3026 16.0233
v  -0.0018 -18.3114 16.0262
v  0.0892 -18.3009 16.0286
v  0.1493 -18.2800 16.0305
v  0.2036 -18.2493 16.0325
v  0.2516 -18.2109 16.0343
v  0.2957 -18.1603 16.0362
v  0.3264 -18.1087 16.0380
v  0.3542 -18.0347 16.0400
v  0.3649 -17.9522 16.0423
v  0.3567 -17.8750 16.0451
v  0.3347 -17.8041 16.0472
v  0.3042 -17.7473 16.0491
v  0.2633 -17.6960 16.0511
v  0.2030 -17.6449 16.0532
v  0.1287 -17.6069 16.0559
v  0.0692 -17.5896 16.0574
v  -0.0040 -17.5831 16.0597
v  -0.0627 -17.5880 16.0611
v  -0.1216 -17.6034 16.0629
v  -0.1952 -17.6396 16.0657
v  -0.2515 -17.6832 16.0679
v  -0.2977 -17.7363 16.0699
v  -0.3312 -17.7923 16.0715
v  -0.3541 -17.8546 16.0729
v  -0.3654 -17.9319 16.0756
v  -0.3575 -18.0239 16.0786
v  -0.3372 -18.0883 16.0807
v  -0.3048 -18.1499 16.0825
v  -0.2586 -18.2069 16.0845
v  -0.2082 -18.2488 16.0865
v  -0.1449 -18.2836 16.0889
v  -0.0834 -18.3047 16.0903
v  -0.0018 -18.3141 16.0929
v  0.0996 -18.3001 16.0960
v  0.1501 -18.2818 16.0978
v  0.2046 -18.2514 16.0996
v  0.2515 -18.2136 16.1013
v  0.2964 -18.1630 16.1031
v  0.3311 -18.1046 16.1054
v  0.3552 -18.0369 16.1073
v  0.3663 -17.9590 16.1097
v  0.3624 -17.8945 16.1115
v  0.3403 -17.8115 16.1141
v  0.3060 -17.7456 16.1164
v  0.2638 -17.6931 16.1183
v  0.1980 -17.6395 16.1206
v  0.1383 -17.6082 16.1226
v  0.0650 -17.5870 16.1244
v  0.1622 -17.5661 16.1482
v  0.2286 -17.6010 16.1467
v  0.2992 -17.6595 16.1447
v  0.3508 -17.7251 16.1423
v  0.3882 -17.7993 16.1404
v  0.4087 -17.8720 16.1384
v  0.4157 -17.9464 16.1364
v  0.4011 -18.0566 16.1336
v  0.3697 -18.1376 16.1317
v  0.3357 -18.1928 16.1300
v  0.2863 -18.2489 16.1281
v  0.2322 -18.2923 16.1261
v  0.1706 -18.3266 16.1245
v  0.1062 -18.3493 16.1223
v  -0.0014 -18.3631 16.1198
v  -0.0998 -18.3509 16.1172
v  -0.1648 -18.3289 16.1158
v  -0.2358 -18.2894 16.1134
v  -0.2933 -18.2415 16.1114
v  -0.3456 -18.1774 16.1094
v  -0.3828 -18.1076 16.1076
v  -0.4057 -18.0342 16.1055
v  -0.4141 -17.9297 16.1023
v  -0.3997 -17.8379 16.1001
v  -0.3748 -17.7700 16.0983
v  -0.3373 -17.7068 16.0965
v  -0.2841 -17.6459 16.0946
v  -0.2208 -17.5976 16.0926
v  -0.1414 -17.5586 16.0903
v  -0.0611 -17.5383 16.0877
v  0.0038 -17.5338 16.0861
v  0.0672 -17.5394 16.0848
v  0.1596 -17.5660 16.0821
v  0.2336 -17.6063 16.0798
v  0.2986 -17.6614 16.0778
v  0.3444 -17.7185 16.0759
v  0.3809 -17.7864 16.0737
v  0.4049 -17.8636 16.0719
v  0.4136 -17.9471 16.0696
v  0.3996 -18.0541 16.0668
v  0.3706 -18.1313 16.0652
v  0.3346 -18.1906 16.0628
v  0.2845 -18.2478 16.0610
v  0.2309 -18.2907 16.0593
v  0.1692 -18.3249 16.0574
v  0.1057 -18.3473 16.0557
v  -0.0014 -18.3610 16.0529
v  -0.0991 -18.3489 16.0504
v  -0.1639 -18.3269 16.0490
v  -0.2346 -18.2876 16.0465
v  -0.2918 -18.2400 16.0446
v  -0.3439 -18.1762 16.0425
v  -0.3809 -18.1068 16.0408
v  -0.4036 -18.0337 16.0386
v  -0.4122 -17.9316 16.0357
v  -0.3986 -17.8421 16.0332
v  -0.3745 -17.7742 16.0315
v  -0.3372 -17.7102 16.0299
v  -0.2838 -17.6485 16.0276
v  -0.2208 -17.6004 16.0259
v  -0.1405 -17.5610 16.0241
v  -0.0604 -17.5406 16.0220
v  0.0029 -17.5359 16.0199
v  0.0840 -17.5446 16.0176
v  0.1582 -17.5676 16.0154
v  0.2325 -17.6081 16.0134
v  0.2972 -17.6629 16.0112
v  0.3425 -17.7195 16.0091
v  0.3791 -17.7877 16.0070
v  0.4029 -17.8638 16.0050
v  0.4115 -17.9454 16.0029
v  0.3986 -18.0499 16.0001
v  0.3701 -18.1274 15.9980
v  0.3354 -18.1861 15.9967
v  0.2863 -18.2432 15.9946
v  0.2314 -18.2878 15.9927
v  0.1698 -18.3223 15.9907
v  0.1071 -18.3448 15.9888
v  -0.0014 -18.3589 15.9863
v  -0.0984 -18.3469 15.9833
v  -0.1631 -18.3250 15.9819
v  -0.2334 -18.2859 15.9794
v  -0.2903 -18.2385 15.9775
v  -0.3421 -18.1750 15.9755
v  -0.3789 -18.1060 15.9737
v  -0.4015 -18.0333 15.9716
v  -0.4101 -17.9319 15.9689
v  -0.3967 -17.8432 15.9669
v  -0.3727 -17.7754 15.9650
v  -0.3356 -17.7115 15.9632
v  -0.2825 -17.6501 15.9607
v  -0.2200 -17.6022 15.9583
v  -0.1407 -17.5629 15.9558
v  -0.0651 -17.5432 15.9547
v  0.0026 -17.5380 15.9527
v  0.0838 -17.5468 15.9507
v  0.1571 -17.5695 15.9486
v  0.2310 -17.6096 15.9463
v  0.2958 -17.6646 15.9439
v  0.3406 -17.7205 15.9422
v  0.3769 -17.7879 15.9402
v  0.4007 -17.8636 15.9381
v  0.4094 -17.9459 15.9361
v  0.3975 -18.0458 15.9335
v  0.3698 -18.1233 15.9315
v  0.3348 -18.1832 15.9295
v  0.2854 -18.2411 15.9277
v  0.2321 -18.2848 15.9259
v  0.1704 -18.3198 15.9241
v  0.1068 -18.3427 15.9224
v  -0.0014 -18.3568 15.9188
v  -0.0978 -18.3448 15.9163
v  -0.1622 -18.3231 15.9149
v  -0.2323 -18.2842 15.9124
v  -0.2888 -18.2370 15.9105
v  -0.3404 -18.1739 15.9084
v  -0.3770 -18.1052 15.9067
v  -0.3994 -18.0329 15.9045
v  -0.4081 -17.9341 15.9015
v  -0.3946 -17.8482 15.8987
v  -0.3713 -17.7809 15.8971
v  -0.3349 -17.7183 15.8954
v  -0.2828 -17.6584 15.8931
v  -0.2264 -17.6088 15.8912
v  -0.1402 -17.5648 15.8894
v  -0.0684 -17.5458 15.8874
v  0.0023 -17.5401 15.8857
v  0.0831 -17.5488 15.8834
v  0.1562 -17.5714 15.8815
v  0.2292 -17.6109 15.8794
v  0.2944 -17.6661 15.8774
v  0.3382 -17.7207 15.8756
v  0.3749 -17.7885 15.8732
v  0.3989 -17.8652 15.8711
v  0.4073 -17.9482 15.8685
v  0.3960 -18.0427 15.8666
v  0.3691 -18.1198 15.8643
v  0.3347 -18.1796 15.8625
v  0.2856 -18.2379 15.8603
v  0.2325 -18.2820 15.8588
v  0.1708 -18.3173 15.8571
v  0.1079 -18.3403 15.8549
v  -0.0014 -18.3548 15.8518
v  -0.0970 -18.3426 15.8502
v  -0.1610 -18.3204 15.8489
v  -0.2309 -18.2821 15.8464
v  -0.2871 -18.2353 15.8445
v  -0.3383 -18.1725 15.8425
v  -0.3743 -18.1041 15.8406
v  -0.3968 -18.0323 15.8385
v  -0.4060 -17.9340 15.8351
v  -0.3935 -17.8483 15.8316
v  -0.3703 -17.7807 15.8304
v  -0.3347 -17.7172 15.8288
v  -0.2836 -17.6566 15.8267
v  -0.2254 -17.6103 15.8245
v  -0.1379 -17.5663 15.8222
v  -0.0611 -17.5468 15.8200
v  0.0028 -17.5423 15.8183
v  0.0828 -17.5509 15.8162
v  0.1554 -17.5734 15.8139
v  0.2284 -17.6133 15.8115
v  0.2924 -17.6672 15.8095
v  0.3369 -17.7225 15.8076
v  0.3720 -17.7897 15.8052
v  0.3960 -17.8646 15.8034
v  0.4049 -17.9468 15.8013
v  0.3942 -18.0386 15.7987
v  0.3682 -18.1166 15.7970
v  0.3338 -18.1763 15.7947
v  0.2852 -18.2347 15.7928
v  0.2325 -18.2789 15.7910
v  0.1710 -18.3145 15.7891
v  0.1076 -18.3380 15.7874
v  0.0003 -18.3523 15.7844
v  -0.0964 -18.3407 15.7820
v  -0.1605 -18.3192 15.7806
v  -0.2298 -18.2806 15.7781
v  -0.2857 -18.2339 15.7762
v  -0.3368 -18.1715 15.7741
v  -0.3731 -18.1035 15.7724
v  -0.3954 -18.0320 15.7702
v  -0.4034 -17.9524 15.7692
v  -0.3550 -17.9528 15.7411
v  -0.3487 -18.0142 15.7433
v  -0.3290 -18.0813 15.7454
v  -0.2946 -18.1461 15.7476
v  -0.2461 -18.2037 15.7500
v  -0.1910 -18.2471 15.7521
v  -0.1343 -18.2767 15.7541
v  -0.0662 -18.2970 15.7561
v  0.0026 -18.3036 15.7579
v  0.0724 -18.2958 15.7603
v  0.1383 -18.2753 15.7624
v  0.1990 -18.2426 15.7644
v  0.2522 -18.1990 15.7668
v  0.2989 -18.1409 15.7690
v  0.3289 -18.0834 15.7706
v  0.3489 -18.0172 15.7729
v  0.3558 -17.9525 15.7749
v  0.3475 -17.8718 15.7772
v  0.3232 -17.7993 15.7795
v  0.2933 -17.7462 15.7814
v  0.2494 -17.6932 15.7837
v  0.1937 -17.6492 15.7855
v  0.1324 -17.6170 15.7878
v  0.0699 -17.5986 15.7896
v  -0.0063 -17.5913 15.7916
v  -0.0700 -17.5508 15.7594
v  -0.1472 -17.5713 15.7608
v  -0.2205 -17.6103 15.7637
v  -0.2830 -17.6599 15.7659
v  -0.3342 -17.7209 15.7679
v  -0.3725 -17.7913 15.7702
v  -0.3928 -17.8578 15.7723
v  -0.4040 -17.9476 15.7741
v  -0.3955 -18.0319 15.7752
v  -0.3733 -18.1035 15.7773
v  -0.3370 -18.1715 15.7791
v  -0.2859 -18.2340 15.7811
v  -0.2300 -18.2807 15.7831
v  -0.1607 -18.3193 15.7856
v  -0.0965 -18.3409 15.7870
v  0.0002 -18.3525 15.7895
v  0.1076 -18.3382 15.7925
v  0.1710 -18.3147 15.7941
v  0.2325 -18.2792 15.7961
v  0.2853 -18.2349 15.7978
v  0.3339 -18.1765 15.7997
v  0.3683 -18.1168 15.8020
v  0.3944 -18.0388 15.8037
v  0.4052 -17.9469 15.8063
v  0.3963 -17.8647 15.8084
v  0.3723 -17.7897 15.8102
v  0.3371 -17.7225 15.8126
v  0.2926 -17.6672 15.8145
v  0.2286 -17.6133 15.8166
v  0.1556 -17.5733 15.8189
v  0.0830 -17.5507 15.8212
v  0.0029 -17.5421 15.8233
v  -0.0610 -17.5466 15.8250
v  -0.1378 -17.5661 15.8272
v  -0.2255 -17.6098 15.8301
v  -0.2839 -17.6561 15.8318
v  -0.3348 -17.7169 15.8338
v  -0.3705 -17.7805 15.8354
v  -0.3936 -17.8481 15.8366
v  -0.4061 -17.9339 15.8402
v  -0.3969 -18.0321 15.8436
v  -0.3744 -18.1040 15.8457
v  -0.3384 -18.1724 15.8475
v  -0.2872 -18.2353 15.8495
v  -0.2311 -18.2821 15.8515
v  -0.1612 -18.3204 15.8539
v  -0.0971 -18.3426 15.8553
v  -0.0015 -18.3549 15.8571
v  0.1078 -18.3404 15.8601
v  0.1708 -18.3174 15.8622
v  0.2325 -18.2822 15.8638
v  0.2856 -18.2381 15.8653
v  0.3348 -18.1798 15.8675
v  0.3692 -18.1200 15.8692
v  0.3961 -18.0429 15.8716
v  0.4074 -17.9483 15.8735
v  0.3991 -17.8653 15.8760
v  0.3751 -17.7886 15.8781
v  0.3384 -17.7207 15.8806
v  0.2946 -17.6661 15.8823
v  0.2294 -17.6109 15.8844
v  0.1563 -17.5713 15.8865
v  0.0833 -17.5487 15.8884
v  0.0024 -17.5400 15.8907
v  -0.0683 -17.5457 15.8925
v  -0.1401 -17.5646 15.8945
v  -0.2264 -17.6086 15.8963
v  -0.2828 -17.6581 15.8983
v  -0.3350 -17.7181 15.9006
v  -0.3714 -17.7808 15.9022
v  -0.3948 -17.8480 15.9038
v  -0.4083 -17.9339 15.9065
v  -0.3996 -18.0328 15.9095
v  -0.3772 -18.1051 15.9116
v  -0.3406 -18.1739 15.9134
v  -0.2890 -18.2370 15.9154
v  -0.2325 -18.2842 15.9174
v  -0.1624 -18.3232 15.9198
v  -0.0979 -18.3450 15.9212
v  -0.0016 -18.3570 15.9239
v  0.1067 -18.3429 15.9275
v  0.1703 -18.3200 15.9290
v  0.2321 -18.2850 15.9309
v  0.2854 -18.2413 15.9327
v  0.3349 -18.1834 15.9345
v  0.3699 -18.1234 15.9364
v  0.3976 -18.0459 15.9385
v  0.4095 -17.9460 15.9411
v  0.4009 -17.8637 15.9431
v  0.3771 -17.7880 15.9452
v  0.3408 -17.7205 15.9472
v  0.2960 -17.6645 15.9489
v  0.2312 -17.6095 15.9513
v  0.1573 -17.5694 15.9536
v  0.0840 -17.5466 15.9557
v  0.0028 -17.5378 15.9577
v  -0.0650 -17.5430 15.9596
v  -0.1406 -17.5627 15.9608
v  -0.2200 -17.6020 15.9633
v  -0.2825 -17.6499 15.9657
v  -0.3356 -17.7114 15.9683
v  -0.3728 -17.7753 15.9700
v  -0.3968 -17.8430 15.9719
v  -0.4103 -17.9318 15.9739
v  -0.4017 -18.0332 15.9765
v  -0.3791 -18.1059 15.9787
v  -0.3423 -18.1750 15.9804
v  -0.2905 -18.2385 15.9825
v  -0.2336 -18.2859 15.9845
v  -0.1633 -18.3251 15.9869
v  -0.0986 -18.3470 15.9883
v  -0.0016 -18.3591 15.9913
v  0.1070 -18.3450 15.9938
v  0.1697 -18.3225 15.9956
v  0.2314 -18.2880 15.9977
v  0.2863 -18.2434 15.9995
v  0.3354 -18.1863 16.0016
v  0.3702 -18.1276 16.0029
v  0.3987 -18.0500 16.0051
v  0.4116 -17.9456 16.0079
v  0.4030 -17.8639 16.0100
v  0.3793 -17.7877 16.0120
v  0.3427 -17.7195 16.0141
v  0.2974 -17.6629 16.0162
v  0.2327 -17.6080 16.0184
v  0.1584 -17.5675 16.0204
v  0.0841 -17.5445 16.0226
v  0.0030 -17.5358 16.0249
v  -0.0603 -17.5405 16.0270
v  -0.1404 -17.5608 16.0292
v  -0.2208 -17.6003 16.0309
v  -0.2838 -17.6483 16.0327
v  -0.3372 -17.7100 16.0349
v  -0.3745 -17.7740 16.0366
v  -0.3987 -17.8419 16.0383
v  -0.4123 -17.9314 16.0408
v  -0.4038 -18.0336 16.0436
v  -0.3811 -18.1067 16.0457
v  -0.3441 -18.1762 16.0475
v  -0.2920 -18.2400 16.0496
v  -0.2348 -18.2877 16.0515
v  -0.1641 -18.3270 16.0540
v  -0.0993 -18.3490 16.0554
v  -0.0015 -18.3612 16.0579
v  0.1056 -18.3475 16.0607
v  0.1692 -18.3251 16.0624
v  0.2309 -18.2909 16.0642
v  0.2845 -18.2480 16.0659
v  0.3347 -18.1908 16.0678
v  0.3707 -18.1315 16.0701
v  0.3998 -18.0542 16.0718
v  0.4138 -17.9473 16.0747
v  0.4051 -17.8636 16.0769
v  0.3811 -17.7864 16.0787
v  0.3446 -17.7185 16.0809
v  0.2988 -17.6613 16.0828
v  0.2338 -17.6062 16.0848
v  0.1598 -17.5658 16.0871
v  0.0721 -17.5406 16.0896
v  0.0650 -17.5872 16.1195
v  0.1381 -17.6083 16.1177
v  0.1978 -17.6396 16.1156
v  0.2635 -17.6932 16.1133
v  0.3058 -17.7456 16.1114
v  0.3400 -17.8115 16.1092
v  0.3621 -17.8944 16.1065
v  0.3661 -17.9589 16.1047
v  0.3550 -18.0367 16.1022
v  0.3310 -18.1044 16.1004
v  0.2963 -18.1628 16.0982
v  0.2515 -18.2134 16.0963
v  0.2047 -18.2512 16.0946
v  0.1502 -18.2816 16.0928
v  0.0997 -18.2999 16.0910
v  -0.0016 -18.3139 16.0879
v  -0.0832 -18.3046 16.0853
v  -0.1447 -18.2835 16.0840
v  -0.2080 -18.2488 16.0815
v  -0.2584 -18.2069 16.0795
v  -0.3046 -18.1500 16.0775
v  -0.3370 -18.0884 16.0757
v  -0.3573 -18.0240 16.0736
v  -0.3652 -17.9320 16.0706
v  -0.3540 -17.8548 16.0678
v  -0.3311 -17.7925 16.0665
v  -0.2976 -17.7365 16.0649
v  -0.2515 -17.6835 16.0629
v  -0.1952 -17.6398 16.0607
v  -0.1217 -17.6036 16.0579
v  -0.0628 -17.5881 16.0561
v  -0.0041 -17.5832 16.0547
v  0.0691 -17.5897 16.0524
v  0.1285 -17.6070 16.0509
v  0.2028 -17.6450 16.0483
v  0.2631 -17.6960 16.0462
v  0.3039 -17.7473 16.0442
v  0.3344 -17.8040 16.0423
v  0.3565 -17.8749 16.0401
v  0.3648 -17.9520 16.0372
v  0.3541 -18.0345 16.0349
v  0.3263 -18.1085 16.0331
v  0.2957 -18.1601 16.0312
v  0.2516 -18.2107 16.0293
v  0.2037 -18.2491 16.0276
v  0.1493 -18.2798 16.0255
v  0.0893 -18.3007 16.0236
v  -0.0017 -18.3113 16.0212
v  -0.0825 -18.3025 16.0183
v  -0.1439 -18.2817 16.0170
v  -0.2067 -18.2469 16.0145
v  -0.2568 -18.2054 16.0125
v  -0.3028 -18.1488 16.0105
v  -0.3351 -18.0876 16.0088
v  -0.3551 -18.0236 16.0066
v  -0.3634 -17.9330 16.0035
v  -0.3535 -17.8567 16.0003
v  -0.3303 -17.7944 15.9992
v  -0.2970 -17.7382 15.9975
v  -0.2501 -17.6835 15.9951
v  -0.1948 -17.6413 15.9931
v  -0.1237 -17.6068 15.9911
v  -0.0499 -17.5888 15.9894
v  0.0020 -17.5852 15.9879
v  0.0741 -17.5930 15.9857
v  0.1389 -17.6134 15.9836
v  0.2046 -17.6488 15.9815
v  0.2617 -17.6976 15.9792
v  0.3010 -17.7470 15.9772
v  0.3333 -17.8067 15.9752
v  0.3542 -17.8735 15.9731
v  0.3621 -17.9515 15.9711
v  0.3526 -18.0303 15.9683
v  0.3260 -18.1046 15.9663
v  0.2958 -18.1565 15.9647
v  0.2522 -18.2075 15.9626
v  0.2045 -18.2465 15.9608
v  0.1499 -18.2771 15.9589
v  0.0897 -18.2986 15.9572
v  0.0047 -18.3095 15.9545
v  -0.0809 -18.3005 15.9515
v  -0.1439 -18.2800 15.9494
v  -0.2084 -18.2436 15.9473
v  -0.2564 -18.2024 15.9456
v  -0.3018 -18.1462 15.9437
v  -0.3327 -18.0881 15.9416
v  -0.3530 -18.0235 15.9399
v  -0.3606 -17.9327 15.9371
v  -0.3497 -17.8580 15.9344
v  -0.3284 -17.7969 15.9325
v  -0.2973 -17.7416 15.9303
v  -0.2516 -17.6870 15.9279
v  -0.1954 -17.6445 15.9264
v  -0.1235 -17.6089 15.9241
v  -0.0647 -17.5935 15.9227
v  0.0017 -17.5875 15.9208
v  0.0737 -17.5952 15.9186
v  0.1378 -17.6152 15.9166
v  0.2027 -17.6502 15.9144
v  0.2604 -17.6992 15.9122
v  0.2991 -17.7473 15.9104
v  0.3312 -17.8071 15.9083
v  0.3523 -17.8743 15.9061
v  0.3597 -17.9531 15.9038
v  0.3509 -18.0271 15.9016
v  0.3255 -18.1011 15.8994
v  0.2951 -18.1535 15.8976
v  0.2513 -18.2051 15.8955
v  0.2050 -18.2437 15.8939
v  0.1505 -18.2749 15.8922
v  0.0894 -18.2969 15.8893
v  -0.0018 -18.3074 15.8869
v  -0.0735 -18.2995 15.8850
v  -0.1407 -18.2784 15.8830
v  -0.1999 -18.2461 15.8809
v  -0.2454 -18.2099 15.8792
v  -0.2991 -18.1464 15.8768
v  -0.3307 -18.0883 15.8745
v  -0.3503 -18.0258 15.8729
v  -0.3589 -17.9389 15.8700
v  -0.3479 -17.8614 15.8678
v  -0.3285 -17.8013 15.8662
v  -0.2978 -17.7457 15.8639
v  -0.2522 -17.6904 15.8611
v  -0.1969 -17.6471 15.8591
v  -0.1216 -17.6097 15.8567
v  -0.0644 -17.5951 15.8553
v  0.0024 -17.5892 15.8533
v  0.0735 -17.5970 15.8512
v  0.1350 -17.6163 15.8495
v  0.1978 -17.6495 15.8475
v  0.2580 -17.6997 15.8452
v  0.2990 -17.7514 15.8432
v  0.3273 -17.8035 15.8414
v  0.3512 -17.8754 15.8396
v  0.3580 -17.9561 15.8369
v  0.3492 -18.0245 15.8346
v  0.3246 -18.0993 15.8326
v  0.2944 -18.1509 15.8306
v  0.2514 -18.2023 15.8287
v  0.2057 -18.2408 15.8270
v  0.1519 -18.2718 15.8251
v  0.0924 -18.2976 15.8201
v  -0.0013 -18.3087 15.8178
v  -0.0818 -18.2967 15.8169
v  -0.1419 -18.2758 15.8156
v  -0.2044 -18.2414 15.8133
v  -0.2527 -18.2005 15.8115
v  -0.2978 -18.1454 15.8093
v  -0.3297 -18.0858 15.8073
v  -0.3495 -18.0230 15.8052
v  -0.3562 -17.9326 15.8030
v  -0.3468 -17.8632 15.8012
v  -0.3270 -17.8062 15.7992
v  -0.2932 -17.7445 15.7972
v  -0.2454 -17.6888 15.7952
v  -0.1858 -17.6429 15.7931
v  -0.1279 -17.6151 15.7903
v  -0.0621 -17.5970 15.7887
v  -0.0064 -17.5915 15.7866
v  0.0697 -17.5986 15.7844
v  0.1321 -17.6172 15.7826
v  0.1935 -17.6493 15.7805
v  0.2496 -17.6928 15.7777
v  0.2931 -17.7462 15.7764
v  0.3230 -17.7992 15.7746
v  0.3473 -17.8717 15.7723
v  0.3557 -17.9523 15.7699
v  0.3488 -18.0170 15.7680
v  0.3288 -18.0832 15.7657
v  0.2989 -18.1407 15.7640
v  0.2521 -18.1987 15.7618
v  0.1990 -18.2423 15.7594
v  0.1384 -18.2751 15.7575
v  0.0725 -18.2956 15.7553
v  0.0028 -18.3035 15.7529
v  -0.0660 -18.2968 15.7511
v  -0.1341 -18.2766 15.7491
v  -0.1907 -18.2471 15.7471
v  -0.2459 -18.2037 15.7450
v  -0.2944 -18.1461 15.7426
v  -0.3287 -18.0813 15.7404
v  -0.3485 -18.0143 15.7383
v  -0.3548 -17.9528 15.7360
v  -0.3700 -17.9530 15.7266
v  -0.3636 -18.0243 15.7276
v  -0.3430 -18.0946 15.7291
v  -0.3098 -18.1574 15.7300
v  -0.2635 -18.2156 15.7317
v  -0.2100 -18.2609 15.7329
v  -0.1437 -18.2975 15.7340
v  -0.0717 -18.3206 15.7356
v  0.0004 -18.3284 15.7365
v  0.0764 -18.3223 15.7381
v  0.1484 -18.3016 15.7396
v  0.2147 -18.2674 15.7410
v  0.2732 -18.2206 15.7420
v  0.3242 -18.1605 15.7437
v  0.3590 -18.0973 15.7451
v  0.3837 -18.0186 15.7462
v  0.3913 -17.9496 15.7474
v  0.3850 -17.8699 15.7488
v  0.3633 -17.7954 15.7500
v  0.3303 -17.7305 15.7516
v  0.2807 -17.6677 15.7530
v  0.2229 -17.6182 15.7542
v  0.1521 -17.5786 15.7556
v  0.0811 -17.5556 15.7569
v  -0.0006 -17.5459 15.7582
v  0.0868 -18.4979 16.2935
v  -0.0003 -18.4979 16.2835
v  -0.0865 -18.4979 16.2890
v  -0.1750 -18.4979 16.3155
v  -0.2605 -18.4979 16.3594
v  -0.3372 -18.4979 16.4212
v  -0.3997 -18.4979 16.4974
v  -0.4442 -18.4979 16.5827
v  -0.4703 -18.4979 16.6716
v  -0.4787 -18.4979 16.7586
v  -0.4714 -18.4979 16.8458
v  -0.4463 -18.4979 16.9352
v  -0.4024 -18.4979 17.0215
v  -0.3405 -18.4979 17.0988
v  -0.2636 -18.4979 17.1614
v  -0.1774 -18.4979 17.2054
v  -0.0881 -18.4979 17.2311
v  -0.0008 -18.4979 17.2391
v  0.0863 -18.4979 17.2303
v  0.1755 -18.4979 17.2048
v  0.2614 -18.4979 17.1603
v  0.3394 -18.4979 17.0998
v  0.4022 -18.4979 17.0209
v  0.4453 -18.4979 16.9363
v  0.4702 -18.4979 16.8474
v  0.4784 -18.4979 16.7599
v  0.4705 -18.4979 16.6729
v  0.4444 -18.4979 16.5840
v  0.3993 -18.4979 16.4989
v  0.3366 -18.4979 16.4236
v  0.2597 -18.4979 16.3631
v  0.1764 -18.4979 16.3190
v  0.0068 -17.5281 16.1506
v  0.0066 -17.5340 16.1516
v  0.0065 -17.5282 16.1447
v  0.0682 -17.5362 16.1507
v  0.0682 -17.5361 16.1447
v  0.0674 -17.5414 16.1479
v  0.0722 -17.5417 16.1484
v  0.0740 -17.5378 16.1507
v  0.0695 -17.5420 16.1517
v  -0.0615 -17.5325 16.1505
v  -0.0605 -17.5384 16.1515
v  -0.0615 -17.5327 16.1445
v  -0.1423 -17.5529 16.1504
v  -0.1402 -17.5584 16.1515
v  -0.1423 -17.5531 16.1444
v  -0.2228 -17.5923 16.1503
v  -0.2196 -17.5973 16.1513
v  -0.2228 -17.5925 16.1443
v  -0.2869 -17.6409 16.1504
v  -0.2828 -17.6451 16.1514
v  -0.2870 -17.6411 16.1444
v  -0.3414 -17.7030 16.1506
v  -0.3366 -17.7064 16.1516
v  -0.3413 -17.7031 16.1446
v  -0.3793 -17.7668 16.1506
v  -0.3740 -17.7694 16.1516
v  -0.3793 -17.7670 16.1446
v  -0.4047 -17.8357 16.1507
v  -0.3990 -17.8373 16.1517
v  -0.4046 -17.8358 16.1447
v  -0.4191 -17.9289 16.1508
v  -0.4132 -17.9292 16.1518
v  -0.4190 -17.9290 16.1448
v  -0.4109 -18.0343 16.1504
v  -0.4051 -18.0331 16.1515
v  -0.4107 -18.0344 16.1444
v  -0.3887 -18.1069 16.1496
v  -0.3833 -18.1045 16.1508
v  -0.3884 -18.1072 16.1436
v  -0.3509 -18.1787 16.1504
v  -0.3460 -18.1753 16.1514
v  -0.3507 -18.1788 16.1444
v  -0.2976 -18.2443 16.1507
v  -0.2935 -18.2401 16.1517
v  -0.2974 -18.2443 16.1447
v  -0.2380 -18.2938 16.1504
v  -0.2347 -18.2890 16.1515
v  -0.2381 -18.2936 16.1444
v  -0.1681 -18.3327 16.1490
v  -0.1658 -18.3273 16.1502
v  -0.1678 -18.3327 16.1430
v  -0.1016 -18.3554 16.1507
v  -0.1003 -18.3496 16.1517
v  -0.1014 -18.3553 16.1447
v  -0.0030 -18.3679 16.1507
v  -0.0032 -18.3620 16.1517
v  -0.0027 -18.3678 16.1447
v  0.1072 -18.3539 16.1507
v  0.1058 -18.3482 16.1517
v  0.1072 -18.3538 16.1447
v  0.1732 -18.3305 16.1507
v  0.1708 -18.3251 16.1517
v  0.1730 -18.3305 16.1447
v  0.2341 -18.2965 16.1506
v  0.2307 -18.2917 16.1516
v  0.2342 -18.2964 16.1446
v  0.2900 -18.2516 16.1503
v  0.2860 -18.2472 16.1513
v  0.2898 -18.2517 16.1443
v  0.3399 -18.1945 16.1504
v  0.3353 -18.1909 16.1514
v  0.3741 -18.1387 16.1507
v  0.3689 -18.1360 16.1517
v  0.4053 -18.0577 16.1505
v  0.3996 -18.0563 16.1516
v  0.4053 -18.0577 16.1445
v  0.4190 -17.9463 16.1508
v  0.4131 -17.9462 16.1518
v  0.4195 -17.9464 16.1448
v  0.1613 -17.5680 16.1517
v  0.4066 -17.8716 16.1512
v  0.3862 -17.8000 16.1514
v  0.3492 -17.7263 16.1517
v  0.2979 -17.6612 16.1518
v  0.2275 -17.6025 16.1518
v  0.0650 -17.5915 16.1221
v  0.0603 -17.5859 16.1197
v  0.0604 -17.5853 16.1247
v  0.0611 -17.5807 16.1223
v  0.0681 -17.5353 16.0938
v  0.0043 -17.5294 16.0955
v  0.0673 -17.5402 16.0903
v  0.0673 -17.5403 16.0969
v  0.0673 -17.5414 16.1420
v  0.0616 -17.5346 16.0873
v  0.0620 -17.5353 16.1447
v  0.0620 -17.5354 16.1507
v  0.0617 -17.5347 16.0938
v  0.0734 -17.5367 16.0870
v  -0.0617 -17.5339 16.0967
v  -0.1427 -17.5544 16.0994
v  -0.2230 -17.5937 16.1016
v  -0.2870 -17.6425 16.1037
v  -0.3408 -17.7041 16.1055
v  -0.3787 -17.7680 16.1074
v  -0.4039 -17.8366 16.1091
v  -0.4184 -17.9294 16.1114
v  -0.4100 -18.0348 16.1145
v  -0.3871 -18.1088 16.1167
v  -0.3495 -18.1795 16.1184
v  -0.2966 -18.2444 16.1205
v  -0.2382 -18.2930 16.1224
v  -0.1669 -18.3327 16.1249
v  -0.1010 -18.3551 16.1263
v  -0.0018 -18.3675 16.1289
v  0.1071 -18.3536 16.1314
v  0.1726 -18.3305 16.1335
v  0.2344 -18.2961 16.1351
v  0.2895 -18.2519 16.1372
v  0.3395 -18.1949 16.1417
v  0.3738 -18.1391 16.1427
# 14441 vertices

o 45210
g 45210
s 1
f 64 131 126 3 
f 63 62 124 65 
f 4 3 126 125 
f 4 125 101 2 
f 98 67 5 1 
f 127 100 101 125 
f 128 99 100 127 
f 67 98 99 128 
f 68 6 5 67 
f 69 7 6 68 
f 70 8 7 69 
f 71 9 8 70 
f 72 10 9 71 
f 73 11 10 72 
f 74 12 11 73 
f 75 13 12 74 
f 76 14 13 75 
f 77 15 14 76 
f 78 16 15 77 
f 79 17 16 78 
f 80 18 17 79 
f 81 19 18 80 
f 82 20 19 81 
f 82 83 21 20 
f 83 84 22 21 
f 85 23 22 84 
f 86 24 23 85 
f 87 25 24 86 
f 87 88 26 25 
f 88 89 27 26 
f 90 28 27 89 
f 91 29 28 90 
f 92 30 29 91 
f 92 93 31 30 
f 94 32 31 93 
f 94 95 33 32 
f 96 34 33 95 
f 96 97 35 34 
f 97 98 1 35 
f 36 2 101 190 
f 37 36 190 185 
f 38 37 185 184 
f 39 38 184 66 
f 102 40 39 66 
f 103 41 40 102 
f 104 42 41 103 
f 105 43 42 104 
f 106 44 43 105 
f 107 45 44 106 
f 108 46 45 107 
f 109 47 46 108 
f 110 48 47 109 
f 111 49 48 110 
f 112 50 49 111 
f 113 51 50 112 
f 114 52 51 113 
f 115 53 52 114 
f 116 54 53 115 
f 117 55 54 116 
f 118 56 55 117 
f 119 57 56 118 
f 120 58 57 119 
f 121 59 58 120 
f 122 60 59 121 
f 123 61 60 122 
f 124 62 61 123 
f 64 63 65 131 
f 125 126 129 127 
f 127 129 130 128 
f 128 130 68 67 
f 126 131 132 129 
f 131 65 134 132 
f 136 134 65 124 
f 129 132 133 130 
f 130 133 69 68 
f 132 134 135 133 
f 133 135 70 69 
f 124 123 137 136 
f 134 136 140 135 
f 136 137 141 140 
f 123 122 138 137 
f 122 121 139 138 
f 137 138 142 141 
f 138 139 143 142 
f 135 140 71 70 
f 140 141 72 71 
f 141 142 73 72 
f 142 143 74 73 
f 121 120 144 139 
f 120 119 145 144 
f 139 144 148 143 
f 144 145 149 148 
f 119 118 146 145 
f 118 117 147 146 
f 145 146 150 149 
f 146 147 151 150 
f 143 148 75 74 
f 148 149 76 75 
f 149 150 77 76 
f 150 151 78 77 
f 117 116 152 147 
f 116 115 153 152 
f 147 152 156 151 
f 152 153 157 156 
f 115 114 154 153 
f 114 113 155 154 
f 153 154 158 157 
f 154 155 159 158 
f 151 156 79 78 
f 156 157 80 79 
f 157 158 81 80 
f 158 159 82 81 
f 113 112 160 155 
f 112 111 161 160 
f 155 160 164 159 
f 160 161 165 164 
f 111 110 162 161 
f 110 109 163 162 
f 161 162 166 165 
f 162 163 167 166 
f 159 164 83 82 
f 164 165 84 83 
f 165 166 85 84 
f 166 167 86 85 
f 109 108 168 163 
f 108 107 169 168 
f 163 168 172 167 
f 168 169 173 172 
f 107 106 170 169 
f 106 105 171 170 
f 169 170 174 173 
f 170 171 175 174 
f 167 172 87 86 
f 172 173 88 87 
f 173 174 89 88 
f 174 175 90 89 
f 105 104 176 171 
f 104 103 177 176 
f 171 176 180 175 
f 176 177 181 180 
f 103 102 178 177 
f 102 66 179 178 
f 66 184 186 179 
f 177 178 182 181 
f 178 179 183 182 
f 175 180 91 90 
f 180 181 92 91 
f 181 182 93 92 
f 182 183 94 93 
f 184 185 188 186 
f 179 186 187 183 
f 183 187 95 94 
f 186 188 189 187 
f 187 189 96 95 
f 185 190 191 188 
f 190 101 100 191 
f 188 191 192 189 
f 189 192 97 96 
f 191 100 99 192 
f 192 99 98 97 
f 1 5 194 193 
f 5 6 195 194 
f 6 7 196 195 
f 7 8 197 196 
f 8 9 198 197 
f 9 10 199 198 
f 10 11 200 199 
f 11 12 201 200 
f 12 13 202 201 
f 13 14 203 202 
f 14 15 204 203 
f 15 16 205 204 
f 16 17 206 205 
f 17 18 207 206 
f 18 19 208 207 
f 19 20 209 208 
f 20 21 210 209 
f 21 22 211 210 
f 22 23 212 211 
f 23 24 213 212 
f 24 25 214 213 
f 25 26 215 214 
f 26 27 216 215 
f 27 28 217 216 
f 28 29 218 217 
f 29 30 219 218 
f 30 31 220 219 
f 31 32 221 220 
f 32 33 222 221 
f 33 34 223 222 
f 34 35 224 223 
f 35 1 193 224 
f 64 3 226 256 
f 3 4 227 226 
f 4 2 225 227 
f 2 36 228 225 
f 36 37 229 228 
f 37 38 230 229 
f 38 39 231 230 
f 39 40 232 231 
f 40 41 233 232 
f 41 42 234 233 
f 42 43 235 234 
f 43 44 236 235 
f 44 45 237 236 
f 45 46 238 237 
f 46 47 239 238 
f 47 48 240 239 
f 48 49 241 240 
f 49 50 242 241 
f 50 51 243 242 
f 51 52 244 243 
f 52 53 245 244 
f 53 54 246 245 
f 54 55 247 246 
f 55 56 248 247 
f 56 57 249 248 
f 57 58 250 249 
f 58 59 251 250 
f 59 60 252 251 
f 60 61 253 252 
f 61 62 254 253 
f 62 63 255 254 
f 63 64 256 255 
f 193 194 951 950 
f 194 195 952 951 
f 195 196 953 952 
f 196 197 954 953 
f 197 198 955 954 
f 198 199 956 955 
f 199 200 957 956 
f 200 201 958 957 
f 201 202 959 958 
f 202 203 960 959 
f 203 204 961 960 
f 204 205 962 961 
f 205 206 963 962 
f 206 207 964 963 
f 207 208 965 964 
f 208 209 966 965 
f 209 210 967 966 
f 210 211 968 967 
f 211 212 969 968 
f 212 213 970 969 
f 213 214 971 970 
f 214 215 972 971 
f 215 216 973 972 
f 216 217 974 973 
f 217 218 975 974 
f 218 219 976 975 
f 219 220 977 976 
f 220 221 978 977 
f 221 222 979 978 
f 222 223 980 979 
f 223 224 981 980 
f 224 193 950 981 
f 1047 1048 1079 1080 
f 1048 1049 1110 1079 
f 1049 1050 1109 1110 
f 1050 1051 1108 1109 
f 1051 1052 1107 1108 
f 1052 1053 1106 1107 
f 1053 1054 1105 1106 
f 1054 1055 1104 1105 
f 1055 1056 1103 1104 
f 1056 1057 1102 1103 
f 1057 1058 1101 1102 
f 1058 1059 1100 1101 
f 1059 1060 1099 1100 
f 1060 1061 1098 1099 
f 1061 1062 1097 1098 
f 1062 1063 1096 1097 
f 1063 1064 1095 1096 
f 1064 1065 1094 1095 
f 1065 1066 1093 1094 
f 1066 1067 1092 1093 
f 1067 1068 1091 1092 
f 1068 1069 1090 1091 
f 1069 1070 1089 1090 
f 1070 1071 1088 1089 
f 1071 1072 1087 1088 
f 1072 1073 1086 1087 
f 1073 1074 1085 1086 
f 1074 1075 1084 1085 
f 1075 1076 1083 1084 
f 1076 1077 1082 1083 
f 1077 1078 1081 1082 
f 1078 1047 1080 1081 
f 289 290 983 982 
f 290 291 984 983 
f 291 292 985 984 
f 292 293 986 985 
f 293 294 987 986 
f 294 295 988 987 
f 295 296 989 988 
f 296 297 990 989 
f 297 298 991 990 
f 298 299 992 991 
f 299 300 993 992 
f 300 301 994 993 
f 301 302 995 994 
f 302 303 996 995 
f 303 304 997 996 
f 304 305 998 997 
f 305 306 999 998 
f 306 307 1000 999 
f 307 308 1001 1000 
f 308 309 1002 1001 
f 309 310 1003 1002 
f 310 311 1004 1003 
f 311 312 1005 1004 
f 312 313 1006 1005 
f 313 314 1007 1006 
f 314 315 1008 1007 
f 315 316 1009 1008 
f 316 317 1010 1009 
f 317 318 1011 1010 
f 318 319 1012 1011 
f 319 320 1013 1012 
f 320 289 982 1013 
f 1792 1854 1823 1791 
f 1823 1824 1822 1791 
f 1824 1825 1821 1822 
f 1825 1826 1820 1821 
f 1827 1819 1820 1826 
f 1828 1818 1819 1827 
f 1829 1817 1818 1828 
f 1830 1816 1817 1829 
f 1830 1831 1815 1816 
f 1831 1832 1814 1815 
f 1832 1833 1813 1814 
f 1833 1834 1812 1813 
f 1835 1811 1812 1834 
f 1836 1810 1811 1835 
f 1837 1809 1810 1836 
f 1838 1808 1809 1837 
f 1838 1839 1807 1808 
f 1839 1840 1806 1807 
f 1840 1841 1805 1806 
f 1841 1842 1804 1805 
f 1843 1803 1804 1842 
f 1844 1802 1803 1843 
f 1845 1801 1802 1844 
f 1846 1800 1801 1845 
f 1846 1847 1799 1800 
f 1847 1848 1798 1799 
f 1848 1849 1797 1798 
f 1849 1850 1796 1797 
f 1851 1795 1796 1850 
f 1852 1794 1795 1851 
f 1853 1793 1794 1852 
f 1854 1792 1793 1853 
f 1855 1856 1887 1888 
f 1856 1857 1919 1887 
f 1857 1858 1918 1919 
f 1858 1859 1917 1918 
f 1859 1860 1916 1917 
f 1860 1861 1915 1916 
f 1861 1862 1914 1915 
f 1862 1863 1913 1914 
f 1863 1864 1912 1913 
f 1864 1865 417 1912 
f 1865 1866 418 417 
f 1866 1867 1908 418 
f 1867 1868 1907 10696 
f 1868 1869 1906 1907 
f 1869 1870 1905 1906 
f 1870 1871 1904 1905 
f 1871 1872 1903 1904 
f 1872 1873 1902 1903 
f 1873 1874 1901 1902 
f 1874 1875 1900 1901 
f 1875 1876 1899 1900 
f 1876 1877 1898 1899 
f 1877 1878 1897 1898 
f 1878 1879 1896 1897 
f 1879 1880 1895 1896 
f 1880 1881 1894 1895 
f 1881 1882 1893 1894 
f 1882 1883 1892 1893 
f 1883 1884 1891 1892 
f 1884 1885 1890 1891 
f 1885 1886 1889 1890 
f 1886 1855 1888 1889 
f 418 1910 1911 417 
f 418 1908 1909 1910 
f 417 1911 1912 
s 2
f 1335 1336 1333 1334 
f 1336 1337 1332 1333 
f 1337 1338 1331 1332 
f 1338 1339 1330 1331 
f 1339 1340 1329 1330 
f 1340 1341 1328 1329 
f 1328 1341 1342 1327 
f 1327 1342 1343 1326 
f 1326 1343 1344 1325 
f 1325 1344 1345 1324 
f 1324 1345 1346 1323 
f 1323 1346 1347 1322 
f 1322 1347 1348 1321 
f 1321 1348 1349 1320 
f 1320 1349 1350 1319 
f 1319 1350 1351 1318 
f 1318 1351 1352 1317 
f 1317 1352 1353 1316 
f 1316 1353 1354 1315 
f 1315 1354 1175 1314 
f 1314 1175 1176 1313 
f 1313 1176 1177 1312 
s 1
f 387 388 464 
f 464 388 389 463 
f 463 389 390 462 
f 462 390 391 461 
f 461 391 392 460 
f 460 392 393 459 
f 459 393 394 449 
f 449 394 395 450 
f 450 395 420 451 
f 451 420 10700 452 
f 420 10699 10700 
f 452 453 495 514 
s 2
f 1184 1305 1306 
f 1305 1184 1185 1304 
f 1304 1185 1186 1303 
f 1303 1186 1187 1302 
f 1302 1187 1188 1301 
f 1184 1306 1183 
f 1183 1306 1307 1182 
f 1182 1307 1308 1181 
f 1181 1308 1309 1180 
f 1180 1309 1310 1179 
f 1179 1310 1311 1178 
f 1178 1311 1312 1177 
s 1
f 421 10697 10698 465 
f 422 423 467 466 
f 423 424 468 467 
f 424 425 469 468 
f 425 426 470 469 
f 426 427 548 470 
f 427 428 549 548 
f 428 429 552 549 
f 429 430 471 552 
f 430 431 472 471 
f 431 432 473 472 
f 432 433 474 473 
f 433 434 475 474 
f 434 435 476 475 
f 435 436 477 476 
f 436 437 478 477 
f 478 437 438 479 
f 479 438 439 480 
f 480 439 440 481 
f 481 440 441 482 
f 482 441 442 483 
f 483 442 443 484 
f 484 443 444 485 
f 485 444 445 486 
f 486 445 446 487 
f 487 446 447 488 
f 488 447 448 489 
f 489 448 454 490 
f 490 454 455 491 
f 491 455 456 492 
f 492 456 457 493 
f 493 457 458 494 
f 494 458 547 536 
s 2
f 1357 1358 1355 1356 
f 1358 1359 1534 1355 
f 1359 1360 1533 1534 
f 1360 1361 1532 1533 
f 1361 1362 1531 1532 
f 1362 1363 1530 1531 
s 1
f 495 496 515 514 
f 496 497 516 515 
f 497 498 517 516 
f 498 499 518 517 
f 499 551 519 518 
s 2
f 1220 1221 1268 1269 
f 1221 1222 1267 1268 
f 1222 1223 1266 1267 
f 1223 1224 1265 1266 
f 1224 1225 1264 1265 
s 1
f 505 506 510 781 
f 506 507 511 510 
f 507 508 512 511 
f 508 509 513 512 
f 509 569 572 513 
s 2
f 1189 1300 1301 1188 
f 1190 1299 1300 1189 
f 1191 1298 1299 1190 
f 1192 1297 1298 1191 
f 1193 1296 1297 1192 
s 1
f 521 501 500 520 
f 522 502 501 521 
f 523 503 502 522 
f 524 504 503 523 
f 587 560 504 524 
s 2
f 1423 1470 1471 1422 
f 1424 1469 1470 1423 
f 1425 1468 1469 1424 
f 1426 1467 1468 1425 
f 1427 1466 1467 1426 
f 1391 1502 1503 1390 
f 1392 1501 1502 1391 
f 1393 1500 1501 1392 
f 1394 1499 1500 1393 
f 1395 1498 1499 1394 
s 1
f 537 526 525 542 
f 538 527 526 537 
f 539 528 527 538 
f 540 529 528 539 
f 541 530 529 540 
f 543 531 536 547 
f 544 532 531 543 
f 545 533 532 544 
f 546 534 533 545 
f 581 535 534 546 
s 2
f 1363 1364 1529 1530 
f 1364 1365 1528 1529 
f 1365 1366 1527 1528 
f 1366 1367 1526 1527 
f 1367 1368 1525 1526 
s 1
f 551 550 556 519 
f 550 553 557 556 
f 553 554 558 557 
f 554 555 559 558 
f 555 659 667 559 
s 2
f 1225 1226 1263 1264 
f 1226 1227 1262 1263 
f 1227 1228 1261 1262 
f 1228 1229 1260 1261 
f 1229 1230 1259 1260 
s 1
f 569 570 571 572 
f 570 573 574 571 
f 573 575 576 574 
f 575 577 578 576 
f 577 633 579 578 
s 2
f 1194 1295 1296 1193 
f 1195 1294 1295 1194 
f 1196 1293 1294 1195 
f 1197 1292 1293 1196 
f 1198 1291 1292 1197 
s 1
f 586 561 560 587 
f 588 563 561 586 
f 589 565 563 588 
f 590 567 565 589 
f 658 642 567 590 
s 2
f 1428 1465 1466 1427 
f 1429 1464 1465 1428 
f 1430 1463 1464 1429 
f 1431 1462 1463 1430 
f 1432 1461 1462 1431 
f 1396 1497 1498 1395 
f 1397 1496 1497 1396 
f 1398 1495 1496 1397 
f 1399 1494 1495 1398 
f 1400 1493 1494 1399 
s 1
f 562 591 530 541 
f 564 592 591 562 
f 566 593 592 564 
f 568 594 593 566 
f 617 595 594 568 
f 580 596 535 581 
f 582 597 596 580 
f 583 598 597 582 
f 584 599 598 583 
f 585 608 599 584 
s 2
f 1368 1369 1524 1525 
f 1369 1370 1523 1524 
f 1370 1371 1522 1523 
f 1371 1372 1521 1522 
f 1372 1373 1520 1521 
f 1373 1374 1519 1520 
f 1374 1375 1518 1519 
f 1375 1376 1517 1518 
s 1
f 585 600 609 608 
f 600 601 610 609 
f 601 602 611 610 
f 602 603 612 611 
f 603 604 613 612 
f 604 605 614 613 
f 605 606 615 614 
f 606 607 616 615 
s 2
f 1400 1401 1492 1493 
f 1401 1402 1491 1492 
f 1402 1403 1490 1491 
f 1403 1404 1489 1490 
f 1404 1405 1488 1489 
f 1405 1406 1487 1488 
f 1406 1407 1486 1487 
f 1407 1408 1485 1486 
s 1
f 617 618 626 595 
f 618 619 627 626 
f 619 620 628 627 
f 620 621 629 628 
f 621 622 630 629 
f 622 623 631 630 
f 623 624 632 631 
f 624 625 701 632 
s 2
f 1432 1433 1460 1461 
f 1433 1434 1459 1460 
f 1434 1435 1458 1459 
f 1435 1436 1457 1458 
f 1436 1437 1456 1457 
f 1437 1438 1455 1456 
f 1438 1439 1454 1455 
f 1439 1440 1453 1454 
f 1231 1258 1259 1230 
f 1232 1257 1258 1231 
f 1233 1256 1257 1232 
f 1234 1255 1256 1233 
f 1235 1254 1255 1234 
f 1236 1253 1254 1235 
f 1237 1252 1253 1236 
f 1238 1251 1252 1237 
s 1
f 651 643 642 658 
f 652 644 643 651 
f 653 645 644 652 
f 654 646 645 653 
f 655 647 646 654 
f 656 648 647 655 
f 657 649 648 656 
f 719 650 649 657 
f 660 668 667 659 
f 661 669 668 660 
f 662 670 669 661 
f 663 671 670 662 
f 664 672 671 663 
f 665 673 672 664 
f 666 674 673 665 
f 732 731 674 666 
s 2
f 1199 1290 1291 1198 
f 1200 1289 1290 1199 
f 1201 1288 1289 1200 
f 1202 1287 1288 1201 
f 1203 1286 1287 1202 
f 1204 1285 1286 1203 
f 1205 1284 1285 1204 
f 1206 1283 1284 1205 
s 1
f 633 634 675 579 
f 634 635 676 675 
f 635 636 677 676 
f 636 637 678 677 
f 637 638 679 678 
f 638 639 680 679 
f 639 640 681 680 
f 640 641 682 681 
f 733 734 731 732 
f 735 736 734 733 
f 737 738 736 735 
f 739 740 738 737 
f 741 742 740 739 
f 743 744 742 741 
f 607 683 689 616 
f 683 684 690 689 
f 684 685 691 690 
f 685 686 692 691 
f 686 687 693 692 
f 687 688 694 693 
f 720 721 650 719 
f 722 723 721 720 
f 724 725 723 722 
f 726 727 725 724 
f 728 729 727 726 
f 759 730 729 728 
f 625 695 702 701 
f 695 696 703 702 
f 696 697 704 703 
f 697 698 705 704 
f 698 699 706 705 
f 699 700 707 706 
s 2
f 1440 1441 1452 1453 
f 1441 1442 1451 1452 
f 1442 1443 1450 1451 
f 1443 1444 1449 1450 
f 1444 1445 1448 1449 
f 1445 1446 1447 1448 
s 1
f 641 708 713 682 
f 708 709 714 713 
f 709 710 715 714 
f 710 711 716 715 
f 711 712 717 716 
f 712 790 718 717 
s 2
f 1239 1250 1251 1238 
f 1485 1408 1409 1484 
f 1240 1249 1250 1239 
f 1484 1409 1410 1483 
f 1241 1248 1249 1240 
f 1483 1410 1411 1482 
f 1242 1247 1248 1241 
f 1482 1411 1412 1481 
f 1243 1246 1247 1242 
f 1481 1412 1413 1480 
f 1244 1245 1246 1243 
f 1480 1413 1414 1479 
f 1207 1282 1283 1206 
f 1517 1376 1377 1516 
f 1208 1281 1282 1207 
f 1516 1377 1378 1515 
f 1209 1280 1281 1208 
f 1515 1378 1379 1514 
f 1210 1279 1280 1209 
f 1514 1379 1380 1513 
f 1211 1278 1279 1210 
f 1513 1380 1381 1512 
f 1212 1277 1278 1211 
f 1512 1381 1382 1511 
s 1
f 767 768 744 743 
f 769 770 768 767 
f 771 772 770 769 
f 773 774 772 771 
f 775 776 774 773 
f 777 778 776 775 
f 779 780 778 777 
f 520 500 780 779 
f 688 745 752 694 
f 745 746 753 752 
f 746 747 754 753 
f 747 748 755 754 
f 748 749 756 755 
f 749 750 757 756 
f 750 751 758 757 
f 751 542 525 758 
s 2
f 1414 1415 1478 1479 
f 1415 1416 1477 1478 
f 1416 1417 1476 1477 
f 1417 1418 1475 1476 
f 1418 1419 1474 1475 
f 1419 1420 1473 1474 
f 1420 1421 1472 1473 
f 1421 1422 1471 1472 
f 1213 1276 1277 1212 
f 1511 1382 1383 1510 
f 1214 1275 1276 1213 
f 1510 1383 1384 1509 
f 1215 1274 1275 1214 
f 1509 1384 1385 1508 
f 1216 1273 1274 1215 
f 1508 1385 1386 1507 
f 1217 1272 1273 1216 
f 1507 1386 1387 1506 
f 1218 1271 1272 1217 
f 1506 1387 1388 1505 
f 1219 1270 1271 1218 
f 1505 1388 1389 1504 
f 1220 1269 1270 1219 
f 1504 1389 1390 1503 
s 1
f 760 761 789 
f 761 762 784 783 
f 762 763 785 784 
f 763 764 786 785 
f 764 765 787 786 
f 765 766 788 787 
f 766 505 781 788 
f 761 783 782 789 
f 760 789 730 759 
f 789 782 790 730 
f 782 718 790 
s 4
f 700 730 790 707 
f 396 10691 10692 10693 
s 1
f 1535 1536 1567 1568 
f 1536 1537 1598 1567 
f 1537 1538 1597 1598 
f 1538 1539 1596 1597 
f 1539 1540 1595 1596 
f 1540 1541 1594 1595 
f 1541 1542 1593 1594 
f 1542 1543 1592 1593 
f 1543 1544 1591 1592 
f 1544 1545 1590 1591 
f 1545 1546 1589 1590 
f 1546 1547 1588 1589 
f 1547 1548 1587 1588 
f 1548 1549 1586 1587 
f 1549 1550 1585 1586 
f 1550 1551 1584 1585 
f 1551 1552 1583 1584 
f 1552 1553 1582 1583 
f 1553 1554 1581 1582 
f 1554 1555 1580 1581 
f 1555 1556 1579 1580 
f 1556 1557 1578 1579 
f 1557 1558 1577 1578 
f 1558 1559 1576 1577 
f 1560 1561 1574 1575 
f 1561 1562 1573 1574 
f 1562 1563 1572 1573 
f 1563 1564 1571 1572 
f 1564 1565 1570 1571 
f 1565 1566 1569 1570 
f 1566 1535 1568 1569 
f 1559 1560 1575 1576 
f 1143 1144 1134 1135 
f 1144 1145 1133 1134 
f 1145 1146 1132 1133 
f 1146 1147 1131 1132 
f 1147 1148 1130 1131 
f 1148 1149 1129 1130 
f 1149 1150 1128 1129 
f 1150 1151 1127 1128 
f 1151 1152 1126 1127 
f 1152 1153 1125 1126 
f 1153 1154 1124 1125 
f 1154 1155 1123 1124 
f 1155 1156 1122 1123 
f 1156 1157 1121 1122 
f 1157 1158 1120 1121 
f 1158 1159 1119 1120 
f 1159 1160 1118 1119 
f 1160 1161 1117 1118 
f 1161 1162 1116 1117 
f 1162 1163 1115 1116 
f 1163 1164 1114 1115 
f 1164 1165 1113 1114 
f 1165 1166 1112 1113 
f 1166 1167 1111 1112 
f 1168 1169 1141 1142 
f 1169 1170 1140 1141 
f 1170 1171 1139 1140 
f 1171 1172 1138 1139 
f 1172 1173 1137 1138 
f 1173 1174 1136 1137 
f 1174 1143 1135 1136 
f 1167 1168 1142 1111 
f 256 226 919 949 
f 226 227 920 919 
f 227 225 918 920 
f 225 228 921 918 
f 228 229 922 921 
f 229 230 923 922 
f 230 231 924 923 
f 231 232 925 924 
f 232 233 926 925 
f 233 234 927 926 
f 234 235 928 927 
f 235 236 929 928 
f 236 237 930 929 
f 237 238 931 930 
f 238 239 932 931 
f 239 240 933 932 
f 240 241 934 933 
f 241 242 935 934 
f 242 243 936 935 
f 243 244 937 936 
f 244 245 938 937 
f 245 246 939 938 
f 246 247 940 939 
f 247 248 941 940 
f 248 249 942 941 
f 249 250 943 942 
f 250 251 944 943 
f 251 252 945 944 
f 252 253 946 945 
f 253 254 947 946 
f 254 255 948 947 
f 255 256 949 948 
f 885 855 887 917 
f 855 856 888 887 
f 856 854 886 888 
f 854 857 889 886 
f 857 858 890 889 
f 858 859 891 890 
f 859 860 892 891 
f 860 861 893 892 
f 861 862 894 893 
f 862 863 895 894 
f 863 864 896 895 
f 864 865 897 896 
f 865 866 898 897 
f 866 867 899 898 
f 867 868 900 899 
f 868 869 901 900 
f 869 870 902 901 
f 870 871 903 902 
f 871 872 904 903 
f 872 873 905 904 
f 873 874 906 905 
f 874 875 907 906 
f 875 876 908 907 
f 876 877 909 908 
f 877 878 910 909 
f 878 879 911 910 
f 879 880 912 911 
f 880 881 913 912 
f 881 882 914 913 
f 882 883 915 914 
f 883 884 916 915 
f 884 885 917 916 
f 919 855 885 949 
f 920 856 855 919 
f 918 854 856 920 
f 921 857 854 918 
f 922 858 857 921 
f 923 859 858 922 
f 924 860 859 923 
f 925 861 860 924 
f 926 862 861 925 
f 927 863 862 926 
f 928 864 863 927 
f 929 865 864 928 
f 930 866 865 929 
f 931 867 866 930 
f 932 868 867 931 
f 933 869 868 932 
f 934 870 869 933 
f 935 871 870 934 
f 936 872 871 935 
f 937 873 872 936 
f 938 874 873 937 
f 939 875 874 938 
f 940 876 875 939 
f 941 877 876 940 
f 942 878 877 941 
f 943 879 878 942 
f 944 880 879 943 
f 945 881 880 944 
f 946 882 881 945 
f 947 883 882 946 
f 948 884 883 947 
f 949 885 884 948 
f 951 258 257 950 
f 952 259 258 951 
f 953 260 259 952 
f 954 261 260 953 
f 955 262 261 954 
f 956 263 262 955 
f 957 264 263 956 
f 958 265 264 957 
f 959 266 265 958 
f 960 267 266 959 
f 961 268 267 960 
f 962 269 268 961 
f 963 270 269 962 
f 964 271 270 963 
f 965 272 271 964 
f 966 273 272 965 
f 967 274 273 966 
f 968 275 274 967 
f 969 276 275 968 
f 970 277 276 969 
f 971 278 277 970 
f 972 279 278 971 
f 973 280 279 972 
f 974 281 280 973 
f 975 282 281 974 
f 976 283 282 975 
f 977 284 283 976 
f 978 285 284 977 
f 979 286 285 978 
f 980 287 286 979 
f 981 288 287 980 
f 950 257 288 981 
f 983 837 838 982 
f 984 836 837 983 
f 985 835 836 984 
f 986 834 835 985 
f 987 833 834 986 
f 988 832 833 987 
f 989 831 832 988 
f 990 830 831 989 
f 991 829 830 990 
f 992 828 829 991 
f 993 827 828 992 
f 994 826 827 993 
f 995 825 826 994 
f 996 824 825 995 
f 997 823 824 996 
f 998 853 823 997 
f 999 852 853 998 
f 1000 851 852 999 
f 1001 850 851 1000 
f 1002 849 850 1001 
f 1003 848 849 1002 
f 1004 847 848 1003 
f 1005 321 847 1004 
f 1006 846 321 1005 
f 1007 845 846 1006 
f 1008 844 845 1007 
f 1009 843 844 1008 
f 1010 842 843 1009 
f 1011 841 842 1010 
f 1012 840 841 1011 
f 1013 839 840 1012 
f 982 838 839 1013 
s 2
f 1599 1600 1631 1632 
f 1600 1601 1662 1631 
f 1601 1602 1661 1662 
f 1602 1603 1660 1661 
f 1603 1604 1659 1660 
f 1604 1605 1658 1659 
f 1605 1606 1657 1658 
f 1606 1607 1656 1657 
f 1607 1608 1655 1656 
f 1608 1609 1654 1655 
f 1609 1610 1653 1654 
f 1610 1611 1652 1653 
f 1611 1612 1651 1652 
f 1612 1613 1650 1651 
f 1613 1614 1649 1650 
f 1614 1615 1648 1649 
f 1615 1616 1647 1648 
f 1616 1617 1646 1647 
f 1617 1618 1645 1646 
f 1618 1619 1644 1645 
f 1619 1620 1643 1644 
f 1620 1621 1642 1643 
f 1621 1622 1641 1642 
f 1622 1623 1640 1641 
f 1623 1624 1639 1640 
f 1624 1625 1638 1639 
f 1625 1626 1637 1638 
f 1626 1627 1636 1637 
f 1627 1628 1635 1636 
f 1628 1629 1634 1635 
f 1629 1630 1633 1634 
f 1630 1599 1632 1633 
f 1695 1696 1727 1728 
f 1726 1695 1728 1729 
f 1725 1726 1729 1730 
f 1724 1725 1730 1731 
f 1723 1724 1731 1732 
f 1722 1723 1732 1733 
f 1721 1722 1733 1734 
f 1720 1721 1734 1735 
f 1719 1720 1735 1736 
f 1718 1719 1736 1737 
f 1717 1718 1737 1738 
f 1716 1717 1738 1739 
f 1715 1716 1739 1740 
f 1714 1715 1740 1741 
f 1713 1714 1741 1742 
f 1712 1713 1742 1743 
f 1711 1712 1743 1744 
f 1710 1711 1744 1745 
f 1709 1710 1745 1746 
f 1708 1709 1746 1747 
f 1707 1708 1747 1748 
f 1706 1707 1748 1749 
f 1705 1706 1749 1750 
f 1704 1705 1750 1751 
f 1703 1704 1751 1752 
f 1702 1703 1752 1753 
f 1701 1702 1753 1754 
f 1700 1701 1754 1755 
f 1699 1700 1755 1756 
f 1698 1699 1756 1757 
f 1697 1698 1757 1758 
f 1696 1697 1758 1727 
s 1
f 257 258 1048 1047 
f 258 259 1049 1048 
f 259 260 1050 1049 
f 260 261 1051 1050 
f 261 262 1052 1051 
f 262 263 1053 1052 
f 263 264 1054 1053 
f 264 265 1055 1054 
f 265 266 1056 1055 
f 266 267 1057 1056 
f 267 268 1058 1057 
f 268 269 1059 1058 
f 269 270 1060 1059 
f 270 271 1061 1060 
f 271 272 1062 1061 
f 272 273 1063 1062 
f 273 274 1064 1063 
f 274 275 1065 1064 
f 275 276 1066 1065 
f 276 277 1067 1066 
f 277 278 1068 1067 
f 278 279 1069 1068 
f 279 280 1070 1069 
f 280 281 1071 1070 
f 281 282 1072 1071 
f 282 283 1073 1072 
f 283 284 1074 1073 
f 284 285 1075 1074 
f 285 286 1076 1075 
f 286 287 1077 1076 
f 287 288 1078 1077 
f 288 257 1047 1078 
f 290 289 1080 1079 
f 289 320 1081 1080 
f 320 319 1082 1081 
f 319 318 1083 1082 
f 318 317 1084 1083 
f 317 316 1085 1084 
f 316 315 1086 1085 
f 315 314 1087 1086 
f 314 313 1088 1087 
f 313 312 1089 1088 
f 312 311 1090 1089 
f 311 310 1091 1090 
f 310 309 1092 1091 
f 309 308 1093 1092 
f 308 307 1094 1093 
f 307 306 1095 1094 
f 306 305 1096 1095 
f 305 304 1097 1096 
f 304 303 1098 1097 
f 303 302 1099 1098 
f 302 301 1100 1099 
f 301 300 1101 1100 
f 300 299 1102 1101 
f 299 298 1103 1102 
f 298 297 1104 1103 
f 297 296 1105 1104 
f 296 295 1106 1105 
f 295 294 1107 1106 
f 294 293 1108 1107 
f 293 292 1109 1108 
f 292 291 1110 1109 
f 291 290 1079 1110 
f 321 846 1112 1111 
f 846 845 1113 1112 
f 845 844 1114 1113 
f 844 843 1115 1114 
f 843 842 1116 1115 
f 842 841 1117 1116 
f 841 840 1118 1117 
f 840 839 1119 1118 
f 839 838 1120 1119 
f 838 837 1121 1120 
f 837 836 1122 1121 
f 836 835 1123 1122 
f 835 834 1124 1123 
f 834 833 1125 1124 
f 833 832 1126 1125 
f 832 831 1127 1126 
f 831 830 1128 1127 
f 830 829 1129 1128 
f 829 828 1130 1129 
f 828 827 1131 1130 
f 827 826 1132 1131 
f 826 825 1133 1132 
f 825 824 1134 1133 
f 824 823 1135 1134 
f 823 853 1136 1135 
f 853 852 1137 1136 
f 852 851 1138 1137 
f 851 850 1139 1138 
f 850 849 1140 1139 
f 849 848 1141 1140 
f 848 847 1142 1141 
f 847 321 1111 1142 
f 791 792 1144 1143 
f 792 793 1145 1144 
f 793 794 1146 1145 
f 794 795 1147 1146 
f 795 796 1148 1147 
f 796 797 1149 1148 
f 797 798 1150 1149 
f 798 799 1151 1150 
f 799 800 1152 1151 
f 800 801 1153 1152 
f 801 802 1154 1153 
f 802 803 1155 1154 
f 803 804 1156 1155 
f 804 805 1157 1156 
f 805 806 1158 1157 
f 806 807 1159 1158 
f 807 808 1160 1159 
f 808 809 1161 1160 
f 809 810 1162 1161 
f 810 811 1163 1162 
f 811 812 1164 1163 
f 812 813 1165 1164 
f 813 814 1166 1165 
f 814 815 1167 1166 
f 815 816 1168 1167 
f 816 817 1169 1168 
f 817 818 1170 1169 
f 818 819 1171 1170 
f 819 820 1172 1171 
f 820 821 1173 1172 
f 821 822 1174 1173 
f 822 791 1143 1174 
s 2
f 416 386 1176 1175 
f 386 387 1177 1176 
f 387 464 1178 1177 
f 464 463 1179 1178 
f 463 462 1180 1179 
f 462 461 1181 1180 
f 461 460 1182 1181 
f 460 459 1183 1182 
f 459 449 1184 1183 
f 449 450 1185 1184 
f 450 451 1186 1185 
f 451 452 1187 1186 
f 452 514 1188 1187 
f 514 515 1189 1188 
f 515 516 1190 1189 
f 516 517 1191 1190 
f 517 518 1192 1191 
f 518 519 1193 1192 
f 519 556 1194 1193 
f 556 557 1195 1194 
f 557 558 1196 1195 
f 558 559 1197 1196 
f 559 667 1198 1197 
f 667 668 1199 1198 
f 668 669 1200 1199 
f 669 670 1201 1200 
f 670 671 1202 1201 
f 671 672 1203 1202 
f 672 673 1204 1203 
f 673 674 1205 1204 
f 674 731 1206 1205 
f 731 734 1207 1206 
f 734 736 1208 1207 
f 736 738 1209 1208 
f 738 740 1210 1209 
f 740 742 1211 1210 
f 742 744 1212 1211 
f 744 768 1213 1212 
f 768 770 1214 1213 
f 770 772 1215 1214 
f 772 774 1216 1215 
f 774 776 1217 1216 
f 776 778 1218 1217 
f 778 780 1219 1218 
f 780 500 1220 1219 
f 500 501 1221 1220 
f 501 502 1222 1221 
f 502 503 1223 1222 
f 503 504 1224 1223 
f 504 560 1225 1224 
f 560 561 1226 1225 
f 561 563 1227 1226 
f 563 565 1228 1227 
f 565 567 1229 1228 
f 567 642 1230 1229 
f 642 643 1231 1230 
f 643 644 1232 1231 
f 644 645 1233 1232 
f 645 646 1234 1233 
f 646 647 1235 1234 
f 647 648 1236 1235 
f 648 649 1237 1236 
f 649 650 1238 1237 
f 650 721 1239 1238 
f 721 723 1240 1239 
f 723 725 1241 1240 
f 725 727 1242 1241 
f 727 729 1243 1242 
f 729 730 1244 1243 
f 730 700 1245 1244 
f 700 699 1246 1245 
f 699 698 1247 1246 
f 698 697 1248 1247 
f 697 696 1249 1248 
f 696 695 1250 1249 
f 695 625 1251 1250 
f 625 624 1252 1251 
f 624 623 1253 1252 
f 623 622 1254 1253 
f 622 621 1255 1254 
f 621 620 1256 1255 
f 620 619 1257 1256 
f 619 618 1258 1257 
f 618 617 1259 1258 
f 617 568 1260 1259 
f 568 566 1261 1260 
f 566 564 1262 1261 
f 564 562 1263 1262 
f 562 541 1264 1263 
f 541 540 1265 1264 
f 540 539 1266 1265 
f 539 538 1267 1266 
f 538 537 1268 1267 
f 537 542 1269 1268 
f 542 751 1270 1269 
f 751 750 1271 1270 
f 750 749 1272 1271 
f 749 748 1273 1272 
f 748 747 1274 1273 
f 747 746 1275 1274 
f 746 745 1276 1275 
f 745 688 1277 1276 
f 688 687 1278 1277 
f 687 686 1279 1278 
f 686 685 1280 1279 
f 685 684 1281 1280 
f 684 683 1282 1281 
f 683 607 1283 1282 
f 607 606 1284 1283 
f 606 605 1285 1284 
f 605 604 1286 1285 
f 604 603 1287 1286 
f 603 602 1288 1287 
f 602 601 1289 1288 
f 601 600 1290 1289 
f 600 585 1291 1290 
f 585 584 1292 1291 
f 584 583 1293 1292 
f 583 582 1294 1293 
f 582 580 1295 1294 
f 580 581 1296 1295 
f 581 546 1297 1296 
f 546 545 1298 1297 
f 545 544 1299 1298 
f 544 543 1300 1299 
f 543 547 1301 1300 
f 547 458 1302 1301 
f 458 457 1303 1302 
f 457 456 1304 1303 
f 456 455 1305 1304 
f 455 454 1306 1305 
f 454 448 1307 1306 
f 448 447 1308 1307 
f 447 446 1309 1308 
f 446 445 1310 1309 
f 445 444 1311 1310 
f 444 443 1312 1311 
f 443 442 1313 1312 
f 442 441 1314 1313 
f 441 440 1315 1314 
f 440 439 1316 1315 
f 439 438 1317 1316 
f 438 437 1318 1317 
f 437 436 1319 1318 
f 436 435 1320 1319 
f 435 434 1321 1320 
f 434 433 1322 1321 
f 433 432 1323 1322 
f 432 431 1324 1323 
f 431 430 1325 1324 
f 430 429 1326 1325 
f 429 428 1327 1326 
f 428 427 1328 1327 
f 427 426 1329 1328 
f 426 425 1330 1329 
f 425 424 1331 1330 
f 424 423 1332 1331 
f 423 422 1333 1332 
f 10697 421 1334 
f 421 10691 1335 1334 
f 10695 397 1336 1335 
f 397 398 1337 1336 
f 398 399 1338 1337 
f 399 400 1339 1338 
f 400 401 1340 1339 
f 401 402 1341 1340 
f 402 403 1342 1341 
f 403 404 1343 1342 
f 404 405 1344 1343 
f 405 406 1345 1344 
f 406 407 1346 1345 
f 407 408 1347 1346 
f 408 409 1348 1347 
f 409 410 1349 1348 
f 410 411 1350 1349 
f 411 412 1351 1350 
f 412 413 1352 1351 
f 413 414 1353 1352 
f 414 415 1354 1353 
f 415 416 1175 1354 
f 495 453 1356 1355 
f 453 10694 1356 
f 465 10698 1357 
f 466 467 1359 1358 
f 467 468 1360 1359 
f 468 469 1361 1360 
f 469 470 1362 1361 
f 470 548 1363 1362 
f 548 549 1364 1363 
f 549 552 1365 1364 
f 552 471 1366 1365 
f 471 472 1367 1366 
f 472 473 1368 1367 
f 473 474 1369 1368 
f 474 475 1370 1369 
f 475 476 1371 1370 
f 476 477 1372 1371 
f 477 478 1373 1372 
f 478 479 1374 1373 
f 479 480 1375 1374 
f 480 481 1376 1375 
f 481 482 1377 1376 
f 482 483 1378 1377 
f 483 484 1379 1378 
f 484 485 1380 1379 
f 485 486 1381 1380 
f 486 487 1382 1381 
f 487 488 1383 1382 
f 488 489 1384 1383 
f 489 490 1385 1384 
f 490 491 1386 1385 
f 491 492 1387 1386 
f 492 493 1388 1387 
f 493 494 1389 1388 
f 494 536 1390 1389 
f 536 531 1391 1390 
f 531 532 1392 1391 
f 532 533 1393 1392 
f 533 534 1394 1393 
f 534 535 1395 1394 
f 535 596 1396 1395 
f 596 597 1397 1396 
f 597 598 1398 1397 
f 598 599 1399 1398 
f 599 608 1400 1399 
f 608 609 1401 1400 
f 609 610 1402 1401 
f 610 611 1403 1402 
f 611 612 1404 1403 
f 612 613 1405 1404 
f 613 614 1406 1405 
f 614 615 1407 1406 
f 615 616 1408 1407 
f 616 689 1409 1408 
f 689 690 1410 1409 
f 690 691 1411 1410 
f 691 692 1412 1411 
f 692 693 1413 1412 
f 693 694 1414 1413 
f 694 752 1415 1414 
f 752 753 1416 1415 
f 753 754 1417 1416 
f 754 755 1418 1417 
f 755 756 1419 1418 
f 756 757 1420 1419 
f 757 758 1421 1420 
f 758 525 1422 1421 
f 525 526 1423 1422 
f 526 527 1424 1423 
f 527 528 1425 1424 
f 528 529 1426 1425 
f 529 530 1427 1426 
f 530 591 1428 1427 
f 591 592 1429 1428 
f 592 593 1430 1429 
f 593 594 1431 1430 
f 594 595 1432 1431 
f 595 626 1433 1432 
f 626 627 1434 1433 
f 627 628 1435 1434 
f 628 629 1436 1435 
f 629 630 1437 1436 
f 630 631 1438 1437 
f 631 632 1439 1438 
f 632 701 1440 1439 
f 701 702 1441 1440 
f 702 703 1442 1441 
f 703 704 1443 1442 
f 704 705 1444 1443 
f 705 706 1445 1444 
f 706 707 1446 1445 
f 707 790 1447 1446 
f 790 712 1448 1447 
f 712 711 1449 1448 
f 711 710 1450 1449 
f 710 709 1451 1450 
f 709 708 1452 1451 
f 708 641 1453 1452 
f 641 640 1454 1453 
f 640 639 1455 1454 
f 639 638 1456 1455 
f 638 637 1457 1456 
f 637 636 1458 1457 
f 636 635 1459 1458 
f 635 634 1460 1459 
f 634 633 1461 1460 
f 633 577 1462 1461 
f 577 575 1463 1462 
f 575 573 1464 1463 
f 573 570 1465 1464 
f 570 569 1466 1465 
f 569 509 1467 1466 
f 509 508 1468 1467 
f 508 507 1469 1468 
f 507 506 1470 1469 
f 506 505 1471 1470 
f 505 766 1472 1471 
f 766 765 1473 1472 
f 765 764 1474 1473 
f 764 763 1475 1474 
f 763 762 1476 1475 
f 762 761 1477 1476 
f 761 760 1478 1477 
f 760 759 1479 1478 
f 759 728 1480 1479 
f 728 726 1481 1480 
f 726 724 1482 1481 
f 724 722 1483 1482 
f 722 720 1484 1483 
f 720 719 1485 1484 
f 719 657 1486 1485 
f 657 656 1487 1486 
f 656 655 1488 1487 
f 655 654 1489 1488 
f 654 653 1490 1489 
f 653 652 1491 1490 
f 652 651 1492 1491 
f 651 658 1493 1492 
f 658 590 1494 1493 
f 590 589 1495 1494 
f 589 588 1496 1495 
f 588 586 1497 1496 
f 586 587 1498 1497 
f 587 524 1499 1498 
f 524 523 1500 1499 
f 523 522 1501 1500 
f 522 521 1502 1501 
f 521 520 1503 1502 
f 520 779 1504 1503 
f 779 777 1505 1504 
f 777 775 1506 1505 
f 775 773 1507 1506 
f 773 771 1508 1507 
f 771 769 1509 1508 
f 769 767 1510 1509 
f 767 743 1511 1510 
f 743 741 1512 1511 
f 741 739 1513 1512 
f 739 737 1514 1513 
f 737 735 1515 1514 
f 735 733 1516 1515 
f 733 732 1517 1516 
f 732 666 1518 1517 
f 666 665 1519 1518 
f 665 664 1520 1519 
f 664 663 1521 1520 
f 663 662 1522 1521 
f 662 661 1523 1522 
f 661 660 1524 1523 
f 660 659 1525 1524 
f 659 555 1526 1525 
f 555 554 1527 1526 
f 554 553 1528 1527 
f 553 550 1529 1528 
f 550 551 1530 1529 
f 551 499 1531 1530 
f 499 498 1532 1531 
f 498 497 1533 1532 
f 497 496 1534 1533 
f 496 495 1355 1534 
s 1
f 781 510 1536 1535 
f 510 511 1537 1536 
f 511 512 1538 1537 
f 512 513 1539 1538 
f 513 572 1540 1539 
f 572 571 1541 1540 
f 571 574 1542 1541 
f 574 576 1543 1542 
f 576 578 1544 1543 
f 578 579 1545 1544 
f 579 675 1546 1545 
f 675 676 1547 1546 
f 676 677 1548 1547 
f 677 678 1549 1548 
f 678 679 1550 1549 
f 679 680 1551 1550 
f 680 681 1552 1551 
f 681 682 1553 1552 
f 682 713 1554 1553 
f 713 714 1555 1554 
f 714 715 1556 1555 
f 715 716 1557 1556 
f 716 717 1558 1557 
f 717 718 1559 1558 
f 718 782 1560 1559 
f 782 783 1561 1560 
f 783 784 1562 1561 
f 784 785 1563 1562 
f 785 786 1564 1563 
f 786 787 1565 1564 
f 787 788 1566 1565 
f 788 781 1535 1566 
f 792 791 1568 1567 
f 791 822 1569 1568 
f 822 821 1570 1569 
f 821 820 1571 1570 
f 820 819 1572 1571 
f 819 818 1573 1572 
f 818 817 1574 1573 
f 817 816 1575 1574 
f 816 815 1576 1575 
f 815 814 1577 1576 
f 814 813 1578 1577 
f 813 812 1579 1578 
f 812 811 1580 1579 
f 811 810 1581 1580 
f 810 809 1582 1581 
f 809 808 1583 1582 
f 808 807 1584 1583 
f 807 806 1585 1584 
f 806 805 1586 1585 
f 805 804 1587 1586 
f 804 803 1588 1587 
f 803 802 1589 1588 
f 802 801 1590 1589 
f 801 800 1591 1590 
f 800 799 1592 1591 
f 799 798 1593 1592 
f 798 797 1594 1593 
f 797 796 1595 1594 
f 796 795 1596 1595 
f 795 794 1597 1596 
f 794 793 1598 1597 
f 793 792 1567 1598 
s 2
f 917 887 1600 1599 
f 887 888 1601 1600 
f 888 886 1602 1601 
f 886 889 1603 1602 
f 889 890 1604 1603 
f 890 891 1605 1604 
f 891 892 1606 1605 
f 892 893 1607 1606 
f 893 894 1608 1607 
f 894 895 1609 1608 
f 895 896 1610 1609 
f 896 897 1611 1610 
f 897 898 1612 1611 
f 898 899 1613 1612 
f 899 900 1614 1613 
f 900 901 1615 1614 
f 901 902 1616 1615 
f 902 903 1617 1616 
f 903 904 1618 1617 
f 904 905 1619 1618 
f 905 906 1620 1619 
f 906 907 1621 1620 
f 907 908 1622 1621 
f 908 909 1623 1622 
f 909 910 1624 1623 
f 910 911 1625 1624 
f 911 912 1626 1625 
f 912 913 1627 1626 
f 913 914 1628 1627 
f 914 915 1629 1628 
f 915 916 1630 1629 
f 916 917 1599 1630 
f 1015 1045 1632 1631 
f 1045 1044 1633 1632 
f 1044 1043 1634 1633 
f 1043 1042 1635 1634 
f 1042 1041 1636 1635 
f 1041 1040 1637 1636 
f 1040 1039 1638 1637 
f 1039 1038 1639 1638 
f 1038 1037 1640 1639 
f 1037 1036 1641 1640 
f 1036 1035 1642 1641 
f 1035 1034 1643 1642 
f 1034 1033 1644 1643 
f 1033 1032 1645 1644 
f 1032 1031 1646 1645 
f 1031 1030 1647 1646 
f 1030 1029 1648 1647 
f 1029 1028 1649 1648 
f 1028 1027 1650 1649 
f 1027 1026 1651 1650 
f 1026 1025 1652 1651 
f 1025 1024 1653 1652 
f 1024 1023 1654 1653 
f 1023 1022 1655 1654 
f 1022 1021 1656 1655 
f 1021 1020 1657 1656 
f 1020 1019 1658 1657 
f 1019 1018 1659 1658 
f 1018 1017 1660 1659 
f 1017 1014 1661 1660 
f 1014 1016 1662 1661 
f 1016 1015 1631 1662 
s 1
f 1046 1759 1760 
f 1046 1790 1759 
f 1046 1789 1790 
f 1046 1788 1789 
f 1046 1787 1788 
f 1046 1786 1787 
f 1046 1785 1786 
f 1046 1784 1785 
f 1046 1783 1784 
f 1046 1782 1783 
f 1046 1781 1782 
f 1046 1780 1781 
f 1046 1779 1780 
f 1046 1778 1779 
f 1046 1777 1778 
f 1046 1776 1777 
f 1046 1775 1776 
f 1046 1774 1775 
f 1046 1773 1774 
f 1046 1772 1773 
f 1046 1771 1772 
f 1046 1770 1771 
f 1046 1769 1770 
f 1046 1768 1769 
f 1046 1767 1768 
f 1046 1766 1767 
f 1046 1765 1766 
f 1046 1764 1765 
f 1046 1763 1764 
f 1046 1762 1763 
f 1046 1761 1762 
f 1046 1760 1761 
s 2
f 325 323 1696 1695 
f 323 385 1697 1696 
f 385 383 1698 1697 
f 383 381 1699 1698 
f 381 379 1700 1699 
f 379 377 1701 1700 
f 377 375 1702 1701 
f 375 373 1703 1702 
f 373 371 1704 1703 
f 371 369 1705 1704 
f 369 367 1706 1705 
f 367 365 1707 1706 
f 365 363 1708 1707 
f 363 361 1709 1708 
f 361 359 1710 1709 
f 359 357 1711 1710 
f 357 355 1712 1711 
f 355 353 1713 1712 
f 353 351 1714 1713 
f 351 349 1715 1714 
f 349 347 1716 1715 
f 347 345 1717 1716 
f 345 343 1718 1717 
f 343 341 1719 1718 
f 341 339 1720 1719 
f 339 337 1721 1720 
f 337 335 1722 1721 
f 335 333 1723 1722 
f 333 331 1724 1723 
f 331 329 1725 1724 
f 329 327 1726 1725 
f 327 325 1695 1726 
f 1663 1664 1728 1727 
f 1664 1665 1729 1728 
f 1665 1666 1730 1729 
f 1666 1667 1731 1730 
f 1667 1668 1732 1731 
f 1668 1669 1733 1732 
f 1669 1670 1734 1733 
f 1670 1671 1735 1734 
f 1671 1672 1736 1735 
f 1672 1673 1737 1736 
f 1673 1674 1738 1737 
f 1674 1675 1739 1738 
f 1675 1676 1740 1739 
f 1676 1677 1741 1740 
f 1677 1678 1742 1741 
f 1678 1679 1743 1742 
f 1679 1680 1744 1743 
f 1680 1681 1745 1744 
f 1681 1682 1746 1745 
f 1682 1683 1747 1746 
f 1683 1684 1748 1747 
f 1684 1685 1749 1748 
f 1685 1686 1750 1749 
f 1686 1687 1751 1750 
f 1687 1688 1752 1751 
f 1688 1689 1753 1752 
f 1689 1690 1754 1753 
f 1690 1691 1755 1754 
f 1691 1692 1756 1755 
f 1692 1693 1757 1756 
f 1693 1694 1758 1757 
f 1694 1663 1727 1758 
s 1
f 1664 1663 1760 1759 
f 1663 1694 1761 1760 
f 1694 1693 1762 1761 
f 1693 1692 1763 1762 
f 1692 1691 1764 1763 
f 1691 1690 1765 1764 
f 1690 1689 1766 1765 
f 1689 1688 1767 1766 
f 1688 1687 1768 1767 
f 1687 1686 1769 1768 
f 1686 1685 1770 1769 
f 1685 1684 1771 1770 
f 1684 1683 1772 1771 
f 1683 1682 1773 1772 
f 1682 1681 1774 1773 
f 1681 1680 1775 1774 
f 1680 1679 1776 1775 
f 1679 1678 1777 1776 
f 1678 1677 1778 1777 
f 1677 1676 1779 1778 
f 1676 1675 1780 1779 
f 1675 1674 1781 1780 
f 1674 1673 1782 1781 
f 1673 1672 1783 1782 
f 1672 1671 1784 1783 
f 1671 1670 1785 1784 
f 1670 1669 1786 1785 
f 1669 1668 1787 1786 
f 1668 1667 1788 1787 
f 1667 1666 1789 1788 
f 1666 1665 1790 1789 
f 1665 1664 1759 1790 
f 322 384 1792 1791 
f 384 382 1793 1792 
f 382 380 1794 1793 
f 380 378 1795 1794 
f 378 376 1796 1795 
f 376 374 1797 1796 
f 374 372 1798 1797 
f 372 370 1799 1798 
f 370 368 1800 1799 
f 368 366 1801 1800 
f 366 364 1802 1801 
f 364 362 1803 1802 
f 362 360 1804 1803 
f 360 358 1805 1804 
f 358 356 1806 1805 
f 356 354 1807 1806 
f 354 352 1808 1807 
f 352 350 1809 1808 
f 350 348 1810 1809 
f 348 346 1811 1810 
f 346 344 1812 1811 
f 344 342 1813 1812 
f 342 340 1814 1813 
f 340 338 1815 1814 
f 338 336 1816 1815 
f 336 334 1817 1816 
f 334 332 1818 1817 
f 332 330 1819 1818 
f 330 328 1820 1819 
f 328 326 1821 1820 
f 326 324 1822 1821 
f 324 322 1791 1822 
f 323 325 1824 1823 
f 325 327 1825 1824 
f 327 329 1826 1825 
f 329 331 1827 1826 
f 331 333 1828 1827 
f 333 335 1829 1828 
f 335 337 1830 1829 
f 337 339 1831 1830 
f 339 341 1832 1831 
f 341 343 1833 1832 
f 343 345 1834 1833 
f 345 347 1835 1834 
f 347 349 1836 1835 
f 349 351 1837 1836 
f 351 353 1838 1837 
f 353 355 1839 1838 
f 355 357 1840 1839 
f 357 359 1841 1840 
f 359 361 1842 1841 
f 361 363 1843 1842 
f 363 365 1844 1843 
f 365 367 1845 1844 
f 367 369 1846 1845 
f 369 371 1847 1846 
f 371 373 1848 1847 
f 373 375 1849 1848 
f 375 377 1850 1849 
f 377 379 1851 1850 
f 379 381 1852 1851 
f 381 383 1853 1852 
f 383 385 1854 1853 
f 385 323 1823 1854 
f 384 322 1856 1855 
f 322 324 1857 1856 
f 324 326 1858 1857 
f 326 328 1859 1858 
f 328 330 1860 1859 
f 330 332 1861 1860 
f 332 334 1862 1861 
f 334 336 1863 1862 
f 336 338 1864 1863 
f 338 340 1865 1864 
f 340 342 1866 1865 
f 342 344 1867 1866 
f 344 346 1868 1867 
f 346 348 1869 1868 
f 348 350 1870 1869 
f 350 352 1871 1870 
f 352 354 1872 1871 
f 354 356 1873 1872 
f 356 358 1874 1873 
f 358 360 1875 1874 
f 360 362 1876 1875 
f 362 364 1877 1876 
f 364 366 1878 1877 
f 366 368 1879 1878 
f 368 370 1880 1879 
f 370 372 1881 1880 
f 372 374 1882 1881 
f 374 376 1883 1882 
f 376 378 1884 1883 
f 378 380 1885 1884 
f 380 382 1886 1885 
f 382 384 1855 1886 
f 386 416 1888 1887 
f 416 415 1889 1888 
f 415 414 1890 1889 
f 414 413 1891 1890 
f 413 412 1892 1891 
f 412 411 1893 1892 
f 411 410 1894 1893 
f 410 409 1895 1894 
f 409 408 1896 1895 
f 408 407 1897 1896 
f 407 406 1898 1897 
f 406 405 1899 1898 
f 405 404 1900 1899 
f 404 403 1901 1900 
f 403 402 1902 1901 
f 402 401 1903 1902 
f 401 400 1904 1903 
f 400 399 1905 1904 
f 399 398 1906 1905 
f 398 397 1907 1906 
f 397 10695 10696 1907 
f 396 10693 1909 1908 
f 10699 420 1910 1909 
f 420 395 1911 1910 
f 395 394 1912 1911 
f 394 393 1913 1912 
f 393 392 1914 1913 
f 392 391 1915 1914 
f 391 390 1916 1915 
f 390 389 1917 1916 
f 389 388 1918 1917 
f 388 387 1919 1918 
f 387 386 1887 1919 
f 1923 1922 1920 1921 
f 1925 1924 1922 1923 
f 1927 1926 1924 1925 
f 1929 1928 1926 1927 
f 1931 1930 1928 1929 
f 1933 1932 1930 1931 
f 1935 1934 1932 1933 
f 1937 1936 1934 1935 
f 1939 1938 1936 1937 
f 1941 1940 1938 1939 
f 1943 1942 1940 1941 
f 1945 1944 1942 1943 
f 1947 1946 1944 1945 
f 1949 1948 1946 1947 
f 1951 1950 1948 1949 
f 1953 1952 1950 1951 
f 1955 1954 1952 1953 
f 1957 1956 1954 1955 
f 1959 1958 1956 1957 
f 1961 1960 1958 1959 
f 1963 1962 1960 1961 
f 1965 1964 1962 1963 
f 1967 1966 1964 1965 
f 1969 1968 1966 1967 
f 1971 1970 1968 1969 
f 1973 1972 1970 1971 
f 1975 1974 1972 1973 
f 1977 1976 1974 1975 
f 1979 1978 1976 1977 
f 1981 1980 1978 1979 
f 1983 1982 1980 1981 
f 1921 1920 1982 1983 
f 1923 1921 2017 2018 
f 1925 1923 2018 2019 
f 1927 1925 2019 2020 
f 1929 1927 2020 2021 
f 1931 1929 2021 2022 
f 1933 1931 2022 2023 
f 1935 1933 2023 2024 
f 1937 1935 2024 2025 
f 1939 1937 2025 2026 
f 1941 1939 2026 2027 
f 1943 1941 2027 2028 
f 1945 1943 2028 2029 
f 1947 1945 2029 2030 
f 1949 1947 2030 2031 
f 1951 1949 2031 2032 
f 1953 1951 2032 2033 
f 1955 1953 2033 2034 
f 1957 1955 2034 2035 
f 1959 1957 2035 2036 
f 1961 1959 2036 2037 
f 1963 1961 2037 2038 
f 1965 1963 2038 2039 
f 1967 1965 2039 2040 
f 1969 1967 2040 2041 
f 1971 1969 2041 2042 
f 1973 1971 2042 2043 
f 1975 1973 2043 2044 
f 1977 1975 2044 2045 
f 1979 1977 2045 2046 
f 1981 1979 2046 2047 
f 1983 1981 2047 2048 
f 1921 1983 2048 2017 
f 1985 1984 2016 
f 1986 1985 2016 
f 1987 1986 2016 
f 1988 1987 2016 
f 1989 1988 2016 
f 1990 1989 2016 
f 1991 1990 2016 
f 1992 1991 2016 
f 1993 1992 2016 
f 1994 1993 2016 
f 1995 1994 2016 
f 1996 1995 2016 
f 1997 1996 2016 
f 1998 1997 2016 
f 1999 1998 2016 
f 2000 1999 2016 
f 2001 2000 2016 
f 2002 2001 2016 
f 2003 2002 2016 
f 2004 2003 2016 
f 2005 2004 2016 
f 2006 2005 2016 
f 2007 2006 2016 
f 2008 2007 2016 
f 2009 2008 2016 
f 2010 2009 2016 
f 2011 2010 2016 
f 2012 2011 2016 
f 2013 2012 2016 
f 2014 2013 2016 
f 2015 2014 2016 
f 1984 2015 2016 
f 2017 1984 1985 2018 
f 2018 1985 1986 2019 
f 2019 1986 1987 2020 
f 2020 1987 1988 2021 
f 2021 1988 1989 2022 
f 2022 1989 1990 2023 
f 2023 1990 1991 2024 
f 2024 1991 1992 2025 
f 2025 1992 1993 2026 
f 2026 1993 1994 2027 
f 2027 1994 1995 2028 
f 2028 1995 1996 2029 
f 2029 1996 1997 2030 
f 2030 1997 1998 2031 
f 2031 1998 1999 2032 
f 2032 1999 2000 2033 
f 2033 2000 2001 2034 
f 2034 2001 2002 2035 
f 2035 2002 2003 2036 
f 2036 2003 2004 2037 
f 2037 2004 2005 2038 
f 2038 2005 2006 2039 
f 2039 2006 2007 2040 
f 2040 2007 2008 2041 
f 2041 2008 2009 2042 
f 2042 2009 2010 2043 
f 2043 2010 2011 2044 
f 2044 2011 2012 2045 
f 2045 2012 2013 2046 
f 2046 2013 2014 2047 
f 2047 2014 2015 2048 
f 2048 2015 1984 2017 
f 1920 1922 2082 2081 
f 1922 1924 2083 2082 
f 1924 1926 2084 2083 
f 1926 1928 2085 2084 
f 1928 1930 2086 2085 
f 1930 1932 2087 2086 
f 1932 1934 2088 2087 
f 1934 1936 2089 2088 
f 1936 1938 2090 2089 
f 1938 1940 2091 2090 
f 1940 1942 2092 2091 
f 1942 1944 2093 2092 
f 1944 1946 2094 2093 
f 1946 1948 2095 2094 
f 1948 1950 2096 2095 
f 1950 1952 2097 2096 
f 1952 1954 2098 2097 
f 1954 1956 2099 2098 
f 1956 1958 2100 2099 
f 1958 1960 2101 2100 
f 1960 1962 2102 2101 
f 1962 1964 2103 2102 
f 1964 1966 2104 2103 
f 1966 1968 2105 2104 
f 1968 1970 2106 2105 
f 1970 1972 2107 2106 
f 1972 1974 2108 2107 
f 1974 1976 2109 2108 
f 1976 1978 2110 2109 
f 1978 1980 2111 2110 
f 1980 1982 2112 2111 
f 1982 1920 2081 2112 
f 2082 2050 2049 2081 
f 2083 2051 2050 2082 
f 2084 2052 2051 2083 
f 2085 2053 2052 2084 
f 2086 2054 2053 2085 
f 2087 2055 2054 2086 
f 2088 2056 2055 2087 
f 2089 2057 2056 2088 
f 2090 2058 2057 2089 
f 2091 2059 2058 2090 
f 2092 2060 2059 2091 
f 2093 2061 2060 2092 
f 2094 2062 2061 2093 
f 2095 2063 2062 2094 
f 2096 2064 2063 2095 
f 2097 2065 2064 2096 
f 2098 2066 2065 2097 
f 2099 2067 2066 2098 
f 2100 2068 2067 2099 
f 2101 2069 2068 2100 
f 2102 2070 2069 2101 
f 2103 2071 2070 2102 
f 2104 2072 2071 2103 
f 2105 2073 2072 2104 
f 2106 2074 2073 2105 
f 2107 2075 2074 2106 
f 2108 2076 2075 2107 
f 2109 2077 2076 2108 
f 2110 2078 2077 2109 
f 2111 2079 2078 2110 
f 2112 2080 2079 2111 
f 2081 2049 2080 2112 
f 2049 2050 2113 
f 2050 2051 2113 
f 2051 2052 2113 
f 2052 2053 2113 
f 2053 2054 2113 
f 2054 2055 2113 
f 2055 2056 2113 
f 2056 2057 2113 
f 2057 2058 2113 
f 2058 2059 2113 
f 2059 2060 2113 
f 2060 2061 2113 
f 2061 2062 2113 
f 2062 2063 2113 
f 2063 2064 2113 
f 2064 2065 2113 
f 2065 2066 2113 
f 2066 2067 2113 
f 2067 2068 2113 
f 2068 2069 2113 
f 2069 2070 2113 
f 2070 2071 2113 
f 2071 2072 2113 
f 2072 2073 2113 
f 2073 2074 2113 
f 2074 2075 2113 
f 2075 2076 2113 
f 2076 2077 2113 
f 2077 2078 2113 
f 2078 2079 2113 
f 2079 2080 2113 
f 2080 2049 2113 
s 4
f 421 465 10694 10692 
s 1
f 2162 2161 2116 2115 
f 2161 2163 2117 2116 
f 2163 2164 2118 2117 
f 2164 2165 2119 2118 
f 2114 2266 2160 2121 
f 2160 2159 2122 2121 
f 2168 2167 2124 2123 
f 2167 2169 2125 2124 
f 2169 2170 2126 2125 
f 2170 2171 2127 2126 
f 2171 2172 2128 2127 
f 2172 2173 2129 2128 
f 2173 2174 2130 2129 
f 2174 2162 2115 2130 
f 2131 2194 2203 2150 
f 2132 2131 2150 2151 
f 2133 2132 2151 2152 
f 2134 2133 2152 2153 
f 2135 2134 2153 2156 
f 2137 2136 2154 2155 
f 2202 2137 2155 2210 
f 2138 2211 2220 
f 2139 2138 2220 
f 2140 2139 2220 
f 2141 2140 2220 
f 2158 2141 2220 
f 2142 2158 2220 
f 2143 2142 2220 
f 2219 2143 2220 
f 2221 2211 2138 2144 
f 2144 2138 2139 2145 
f 2145 2139 2140 2146 
f 2146 2140 2141 2147 
f 2147 2141 2158 2157 
f 2148 2142 2143 2149 
f 2149 2143 2219 2228 
f 2203 2221 2144 2150 
f 2150 2144 2145 2151 
f 2151 2145 2146 2152 
f 2152 2146 2147 2153 
f 2153 2147 2157 2156 
f 2154 2148 2149 2155 
f 2155 2149 2228 2210 
f 2158 2142 2148 2157 
f 2154 2136 2135 2156 
f 2157 2148 2154 2156 
f 2165 2166 2120 2119 
f 7773 7775 2161 2162 
f 7775 7778 2163 2161 
f 7778 7781 2164 2163 
f 7781 7784 2165 2164 
f 7784 7787 2166 2165 
f 7787 7790 2177 2166 
f 7790 7793 2176 2177 
f 7793 7796 2175 2176 
f 7800 7802 2167 2168 
f 7802 7805 2169 2167 
f 7805 7808 2170 2169 
f 7808 7811 2171 2170 
f 7811 7814 2172 2171 
f 7814 7817 2173 2172 
f 7817 7820 2174 2173 
f 7820 7773 2162 2174 
f 2179 2178 2231 2232 
f 2178 2180 2233 2231 
f 2180 2181 2234 2233 
f 2181 2182 2235 2234 
f 2182 2183 2236 2235 
f 2183 2272 2269 2236 
f 2184 2186 2185 2270 
f 2185 2186 2122 2159 
f 2123 2187 2239 2168 
f 2187 2188 2240 2239 
f 2188 2189 2241 2240 
f 2189 2190 2242 2241 
f 2190 2191 2243 2242 
f 2191 2192 2244 2243 
f 2192 2193 2245 2244 
f 2193 2179 2232 2245 
f 2195 2204 2203 2194 
f 2196 2205 2204 2195 
f 2197 2206 2205 2196 
f 2198 2207 2206 2197 
f 2199 2208 2207 2198 
f 2201 2209 2230 2200 
f 2202 2210 2209 2201 
f 2212 2220 2211 
f 2213 2220 2212 
f 2214 2220 2213 
f 2215 2220 2214 
f 2216 2220 2215 
f 2216 2217 2220 
f 2218 2220 2217 
f 2219 2220 2218 
f 2221 2222 2212 2211 
f 2222 2223 2213 2212 
f 2223 2224 2214 2213 
f 2224 2225 2215 2214 
f 2225 2226 2216 2215 
f 2229 2227 2218 2217 
f 2227 2228 2219 2218 
f 2203 2204 2222 2221 
f 2204 2205 2223 2222 
f 2205 2206 2224 2223 
f 2206 2207 2225 2224 
f 2207 2208 2226 2225 
f 2226 2229 2217 2216 
f 2230 2209 2227 2229 
f 2209 2210 2228 2227 
f 2230 2208 2199 2200 
f 2229 2226 2208 2230 
f 7826 2232 2231 7824 
f 7824 2231 2233 7830 
f 7830 2233 2234 7833 
f 7833 2234 2235 7836 
f 7836 2235 2236 7839 
f 7839 2236 2237 7842 
f 7842 2237 2238 7845 
f 7845 2238 2175 7796 
f 7800 2168 2239 7848 
f 7848 2239 2240 7851 
f 7851 2240 2241 7854 
f 7854 2241 2242 7857 
f 7857 2242 2243 7860 
f 7860 2243 2244 7863 
f 7863 2244 2245 7866 
f 7866 2245 2232 7826 
s 2
f 7776 7772 2246 
f 7779 7776 2246 
f 7782 7779 2246 
f 7785 7782 2246 
f 7788 7785 2246 
f 7791 7788 2246 
f 7794 7791 2246 
f 7803 7799 2246 
f 7806 7803 2246 
f 7809 7806 2246 
f 7812 7809 2246 
f 7815 7812 2246 
f 7818 7815 2246 
f 7821 7818 2246 
f 7772 7821 2246 
f 7797 7794 2246 
f 7827 7823 2246 
f 7823 7829 2246 
f 7829 7832 2246 
f 7832 7835 2246 
f 7835 7838 2246 
f 7838 7841 2246 
f 7841 7844 2246 
f 7844 7797 2246 
f 7799 7847 2246 
f 7847 7850 2246 
f 7850 7853 2246 
f 7853 7856 2246 
f 7856 7859 2246 
f 7859 7862 2246 
f 7862 7865 2246 
f 7865 7827 2246 
s 1
f 2194 2131 2247 2254 
f 2131 2132 2248 2247 
f 2132 2133 2249 2248 
f 2133 2134 2250 2249 
f 2134 2135 2251 2250 
f 2135 2136 2252 2251 
f 2136 2137 2253 2252 
f 2137 2202 2262 2253 
f 2195 2194 2254 2255 
f 2196 2195 2255 2256 
f 2197 2196 2256 2257 
f 2198 2197 2257 2258 
f 2199 2198 2258 2259 
f 2200 2199 2259 2260 
f 2201 2200 2260 2261 
f 2202 2201 2261 2262 
f 2254 2247 2289 2296 
f 2247 2248 2290 2289 
f 2248 2249 2291 2290 
f 2249 2250 2292 2291 
f 2250 2251 2293 2292 
f 2251 2252 2294 2293 
f 2252 2253 2295 2294 
f 2253 2262 2304 2295 
f 2255 2254 2296 2297 
f 2256 2255 2297 2298 
f 2257 2256 2298 2299 
f 2258 2257 2299 2300 
f 2259 2258 2300 2301 
f 2260 2259 2301 2302 
f 2261 2260 2302 2303 
f 2262 2261 2303 2304 
f 2177 2176 2263 
f 2267 2238 2237 
f 2166 2271 2265 2120 
f 2269 2268 2237 2236 
f 2268 2267 2237 
f 2183 2184 2270 2272 
f 2265 2266 2114 2120 
f 2177 2263 2264 
f 2166 2177 2264 2271 
f 2273 2305 2312 2280 
f 2274 2306 2305 2273 
f 2275 2307 2306 2274 
f 2276 2308 2307 2275 
f 2277 2309 2308 2276 
f 2278 2310 2309 2277 
f 2279 2311 2310 2278 
f 2288 2320 2311 2279 
f 2280 2312 2313 2281 
f 2281 2313 2314 2282 
f 2282 2314 2315 2283 
f 2283 2315 2316 2284 
f 2284 2316 2317 2285 
f 2285 2317 2318 2286 
f 2286 2318 2319 2287 
f 2287 2319 2320 2288 
f 2289 2273 2280 2296 
f 2290 2274 2273 2289 
f 2291 2275 2274 2290 
f 2292 2276 2275 2291 
f 2293 2277 2276 2292 
f 2294 2278 2277 2293 
f 2295 2279 2278 2294 
f 2304 2288 2279 2295 
f 2296 2280 2281 2297 
f 2297 2281 2282 2298 
f 2298 2282 2283 2299 
f 2299 2283 2284 2300 
f 2300 2284 2285 2301 
f 2301 2285 2286 2302 
f 2302 2286 2287 2303 
f 2303 2287 2288 2304 
f 2305 2176 2175 2312 
f 2306 2263 2176 2305 
f 2307 2264 2263 2306 
f 2308 2271 2264 2307 
f 2309 2265 2271 2308 
f 2310 2266 2265 2309 
f 2311 2160 2266 2310 
f 2320 2159 2160 2311 
f 2312 2175 2238 2313 
f 2313 2238 2267 2314 
f 2314 2267 2268 2315 
f 2315 2268 2269 2316 
f 2316 2269 2272 2317 
f 2317 2272 2270 2318 
f 2318 2270 2185 2319 
f 2319 2185 2159 2320 
f 2322 7485 7487 2321 
f 2323 7491 7485 2322 
f 2324 7494 7491 2323 
f 2325 7497 7494 2324 
f 2326 7500 7497 2325 
f 2327 7503 7500 2326 
f 2328 7506 7503 2327 
f 2329 7509 7506 2328 
f 2330 7512 7509 2329 
f 2331 7515 7512 2330 
f 2332 7518 7515 2331 
f 2333 7521 7518 2332 
f 2334 7524 7521 2333 
f 2335 7527 7524 2334 
f 2336 7530 7527 2335 
f 2588 7533 7530 2336 
f 2338 2340 2337 2370 
f 2340 2342 2339 2337 
f 2342 2344 2341 2339 
f 2344 2346 2343 2341 
f 2346 2348 2345 2343 
f 2348 2350 2347 2345 
f 2350 2352 2349 2347 
f 2352 2354 2351 2349 
f 2354 2356 2353 2351 
f 2356 2358 2355 2353 
f 2358 2360 2357 2355 
f 2360 2362 2359 2357 
f 2362 2364 2361 2359 
f 2364 2366 2363 2361 
f 2366 2368 2365 2363 
f 2368 2369 2367 2365 
f 2322 2321 2540 2541 
f 2323 2322 2541 2542 
f 2324 2323 2542 2543 
f 2325 2324 2543 2544 
f 2326 2325 2544 2545 
f 2327 2326 2545 2546 
f 2328 2327 2546 2547 
f 2329 2328 2547 2548 
f 2330 2329 2548 2549 
f 2331 2330 2549 2550 
f 2332 2331 2550 2551 
f 2333 2332 2551 2552 
f 2334 2333 2552 2553 
f 2335 2334 2553 2554 
f 2336 2335 2554 2555 
f 2588 2336 2555 2797 
f 2370 2337 2556 2572 
f 2337 2339 2557 2556 
f 2339 2341 2558 2557 
f 2341 2343 2559 2558 
f 2343 2345 2560 2559 
f 2345 2347 2561 2560 
f 2347 2349 2562 2561 
f 2349 2351 2563 2562 
f 2351 2353 2564 2563 
f 2353 2355 2565 2564 
f 2355 2357 2566 2565 
f 2357 2359 2567 2566 
f 2359 2361 2568 2567 
f 2361 2363 2569 2568 
f 2363 2365 2570 2569 
f 2365 2367 2571 2570 
f 2373 2372 2387 2388 
f 2374 2373 2388 2389 
f 2375 2374 2389 2390 
f 2376 2375 2390 2391 
f 2377 2376 2391 2392 
f 2378 2377 2392 2393 
f 2379 2378 2393 2394 
f 2380 2379 2394 2395 
f 2381 2380 2395 2396 
f 2382 2381 2396 2397 
f 2383 2382 2397 2398 
f 2384 2383 2398 2399 
f 2385 2384 2399 2400 
f 2386 2385 2400 2401 
f 2634 2386 2401 2650 
f 2845 2846 2468 2467 
f 2846 2847 2472 2468 
f 2847 2848 2477 2472 
f 2850 2851 2898 2899 
f 2851 2852 2897 2898 
f 2852 2853 2896 2897 
f 2388 2387 2523 2524 
f 2389 2388 2524 2525 
f 2390 2389 2525 2526 
f 2391 2390 2526 2527 
f 2392 2391 2527 2528 
f 2393 2392 2528 2529 
f 2394 2393 2529 2530 
f 2395 2394 2530 2531 
f 2396 2395 2531 2532 
f 2397 2396 2532 2533 
f 2398 2397 2533 2534 
f 2399 2398 2534 2535 
f 2400 2399 2535 2536 
f 2401 2400 2536 2537 
f 2650 2401 2537 2538 
s 3
f 2420 2419 2186 2184 
f 2421 2420 2184 2183 
f 2422 2421 2183 2182 
f 2423 2422 2182 2181 
f 2424 2423 2181 2180 
f 2425 2424 2180 2178 
f 2426 2425 2178 2179 
f 2427 2426 2179 2193 
f 2428 2427 2193 2192 
f 2429 2428 2192 2191 
f 2430 2429 2191 2190 
f 2431 2430 2190 2189 
f 2432 2431 2189 2188 
f 2433 2432 2188 2187 
s 1
f 2467 2466 2876 2845 
f 2466 2470 2875 2876 
f 2470 2476 2874 2875 
f 2909 2910 2871 2872 
f 2910 2911 2870 2871 
f 2911 2912 2869 2870 
f 2420 2507 2506 2419 
f 2421 2508 2507 2420 
f 2422 2509 2508 2421 
f 2423 2510 2509 2422 
f 2424 2511 2510 2423 
f 2425 2512 2511 2424 
f 2448 2447 2512 2521 
f 2448 2521 2513 2449 
f 2428 2514 2513 2427 
f 2429 2515 2514 2428 
f 2430 2516 2515 2429 
f 2431 2517 2516 2430 
f 2432 2518 2517 2431 
f 2433 2519 2518 2432 
f 2502 2520 2519 2433 
f 2464 2499 2465 2491 
f 2817 2818 2929 2930 
f 2816 2817 2930 2931 
f 2815 2816 2931 2932 
f 2844 2813 2494 2495 
f 2843 2844 2495 2496 
f 2842 2843 2496 2497 
f 2841 2842 2497 2498 
f 2837 2838 2877 2878 
f 2836 2837 2878 2879 
f 2903 2904 2493 2471 
f 2499 2500 2492 2465 
f 2491 2490 2469 2464 
f 2904 2905 2493 
f 2902 2903 2471 
f 2469 2937 2938 
f 2490 2935 2936 
f 2813 2814 3168 2494 
f 2490 2936 2937 2469 
f 2493 2492 2500 2471 
f 2877 2838 2839 2908 
f 2908 2839 2840 2907 
f 2940 2909 2872 2873 
f 2849 2850 2899 2900 
f 2938 2939 2476 
f 2476 2939 2873 2874 
f 2848 2849 2901 2477 
f 2477 2901 2902 
s 3
f 2187 2123 2502 2433 
s 1
f 2939 2940 2873 
f 2849 2900 2901 
f 2814 2815 2932 2933 
f 2840 3167 2907 
f 2934 2935 2490 
f 2493 2905 2906 
f 2934 2490 2494 3168 
f 2494 2490 2491 2495 
f 2495 2491 2465 2496 
f 2496 2465 2492 2497 
f 2497 2492 2493 2498 
f 2906 2907 3167 
f 2938 2476 2470 2469 
f 2469 2470 2466 2464 
f 2464 2466 2467 2499 
f 2499 2467 2468 2500 
f 2500 2468 2472 2471 
f 2471 2472 2477 2902 
f 2387 2372 2503 2748 
f 2489 2523 2539 2749 
f 2836 2879 2880 2835 
f 2419 2506 2522 2504 
f 2929 2818 2819 2928 
s 3
f 2419 2504 2122 2186 
s 1
f 2507 2485 2484 2506 
f 2508 2486 2485 2507 
f 2509 2473 2486 2508 
f 2510 2481 2473 2509 
f 2511 2446 2481 2510 
f 2512 2447 2446 2511 
f 2512 2425 2426 2521 
f 2521 2426 2427 2513 
f 2514 2450 2449 2513 
f 2515 2451 2450 2514 
f 2516 2452 2451 2515 
f 2517 2442 2452 2516 
f 2518 2443 2442 2517 
f 2519 2444 2443 2518 
f 2520 2445 2444 2519 
f 2506 2484 2751 2522 
f 2523 2489 2488 2524 
f 2524 2488 2487 2525 
f 2525 2487 2474 2526 
f 2526 2474 2483 2527 
f 2527 2483 2410 2528 
f 2528 2410 2411 2529 
f 2529 2411 2412 2530 
f 2530 2412 2413 2531 
f 2531 2413 2414 2532 
f 2532 2414 2475 2533 
f 2533 2475 2415 2534 
f 2534 2415 2409 2535 
f 2535 2409 2416 2536 
f 2536 2416 2417 2537 
f 2537 2417 2418 2538 
f 2523 2387 2748 2539 
f 2540 2505 2453 2541 
f 2541 2453 2454 2542 
f 2542 2454 2455 2543 
f 2543 2455 2456 2544 
f 2544 2456 2480 2545 
f 2545 2480 2371 2546 
f 2546 2371 2457 2547 
f 2547 2457 2458 2548 
f 2548 2458 2459 2549 
f 2549 2459 2460 2550 
f 2550 2460 2482 2551 
f 2551 2482 2461 2552 
f 2552 2461 2462 2553 
f 2553 2462 2463 2554 
f 2554 2463 2478 2555 
f 2555 2478 2750 2797 
f 2556 2441 2501 2572 
f 2557 2440 2441 2556 
f 2558 2439 2440 2557 
f 2559 2438 2439 2558 
f 2560 2437 2438 2559 
f 2561 2436 2437 2560 
f 2562 2434 2436 2561 
f 2563 2435 2434 2562 
f 2564 2402 2435 2563 
f 2565 2403 2402 2564 
f 2566 2404 2403 2565 
f 2567 2479 2404 2566 
f 2568 2405 2479 2567 
f 2569 2406 2405 2568 
f 2570 2407 2406 2569 
f 2571 2408 2407 2570 
f 2573 2321 7487 7535 
f 2574 2573 7535 7538 
f 2575 2574 7538 7541 
f 2576 2575 7541 7544 
f 2577 2576 7544 7547 
f 2578 2577 7547 7550 
f 2579 2578 7550 7553 
f 2580 2579 7553 7556 
f 2581 2580 7556 7559 
f 2582 2581 7559 7562 
f 2583 2582 7562 7565 
f 2584 2583 7565 7568 
f 2585 2584 7568 7571 
f 2586 2585 7571 7574 
f 2587 2586 7574 7577 
f 2588 2587 7577 7533 
f 2338 2370 2590 2589 
f 2589 2590 2592 2591 
f 2591 2592 2594 2593 
f 2593 2594 2596 2595 
f 2595 2596 2598 2597 
f 2597 2598 2600 2599 
f 2599 2600 2602 2601 
f 2601 2602 2604 2603 
f 2603 2604 2606 2605 
f 2605 2606 2608 2607 
f 2607 2608 2610 2609 
f 2609 2610 2612 2611 
f 2611 2612 2614 2613 
f 2613 2614 2616 2615 
f 2615 2616 2618 2617 
f 2617 2618 2367 2369 
f 2573 2782 2540 2321 
f 2574 2783 2782 2573 
f 2575 2784 2783 2574 
f 2576 2785 2784 2575 
f 2577 2786 2785 2576 
f 2578 2787 2786 2577 
f 2579 2788 2787 2578 
f 2580 2789 2788 2579 
f 2581 2790 2789 2580 
f 2582 2791 2790 2581 
f 2583 2792 2791 2582 
f 2584 2793 2792 2583 
f 2585 2794 2793 2584 
f 2586 2795 2794 2585 
f 2587 2796 2795 2586 
f 2588 2797 2796 2587 
f 2370 2572 2798 2590 
f 2590 2798 2799 2592 
f 2592 2799 2800 2594 
f 2594 2800 2801 2596 
f 2596 2801 2802 2598 
f 2598 2802 2803 2600 
f 2600 2803 2804 2602 
f 2602 2804 2805 2604 
f 2604 2805 2806 2606 
f 2606 2806 2807 2608 
f 2608 2807 2808 2610 
f 2610 2808 2809 2612 
f 2612 2809 2810 2614 
f 2614 2810 2811 2616 
f 2616 2811 2812 2618 
f 2618 2812 2571 2367 
f 2620 2636 2635 2619 
f 2621 2637 2636 2620 
f 2622 2638 2637 2621 
f 2623 2639 2638 2622 
f 2624 2640 2639 2623 
f 2625 2641 2640 2624 
f 2626 2642 2641 2625 
f 2627 2643 2642 2626 
f 2628 2644 2643 2627 
f 2629 2645 2644 2628 
f 2630 2646 2645 2629 
f 2631 2647 2646 2630 
f 2632 2648 2647 2631 
f 2633 2649 2648 2632 
f 2634 2650 2649 2633 
f 2861 2654 2653 2860 
f 2860 2653 2656 2859 
f 2859 2656 2658 2858 
f 2856 2893 2894 2855 
f 2855 2894 2895 2854 
f 2854 2895 2896 2853 
f 2636 2768 2767 2635 
f 2637 2769 2768 2636 
f 2638 2770 2769 2637 
f 2639 2771 2770 2638 
f 2640 2772 2771 2639 
f 2641 2773 2772 2640 
f 2642 2774 2773 2641 
f 2643 2775 2774 2642 
f 2644 2776 2775 2643 
f 2645 2777 2776 2644 
f 2646 2778 2777 2645 
f 2647 2779 2778 2646 
f 2648 2780 2779 2647 
f 2649 2781 2780 2648 
f 2650 2538 2781 2649 
s 3
f 2665 2114 2121 2666 
f 2667 2120 2114 2665 
f 2668 2119 2120 2667 
f 2669 2118 2119 2668 
f 2670 2117 2118 2669 
f 2671 2116 2117 2670 
f 2672 2115 2116 2671 
f 2673 2130 2115 2672 
f 2674 2129 2130 2673 
f 2675 2128 2129 2674 
f 2676 2127 2128 2675 
f 2677 2126 2127 2676 
f 2678 2125 2126 2677 
f 2679 2124 2125 2678 
s 1
f 2654 2861 2862 2680 
f 2680 2862 2863 2682 
f 2682 2863 2864 2684 
f 2915 2866 2867 2914 
f 2914 2867 2868 2913 
f 2913 2868 2869 2912 
f 2665 2666 2753 2752 
f 2667 2665 2752 2754 
f 2668 2667 2754 2755 
f 2669 2668 2755 2756 
f 2670 2669 2756 2757 
f 2671 2670 2757 2758 
f 2692 2759 2758 2693 
f 2692 2694 2760 2759 
f 2674 2673 2760 2761 
f 2675 2674 2761 2762 
f 2676 2675 2762 2763 
f 2677 2676 2763 2764 
f 2678 2677 2764 2765 
f 2679 2678 2765 2766 
f 2502 2679 2766 2520 
f 2697 2696 2746 2695 
f 2821 2926 2927 2820 
f 2822 2925 2926 2821 
f 2823 2924 2925 2822 
f 2826 2709 2708 2825 
f 2827 2711 2709 2826 
f 2828 2713 2711 2827 
f 2829 2715 2713 2828 
f 2833 2882 2883 2832 
f 2834 2881 2882 2833 
f 2889 2730 2724 2888 
f 2695 2746 2726 2725 
f 2696 2697 2731 2727 
f 2888 2724 2887 
f 2890 2730 2889 
f 2731 2918 2919 
f 2727 2920 2921 
f 3165 2923 2824 
f 2727 2731 2919 2920 
f 2724 2730 2725 2726 
f 2883 2884 2831 2832 
f 2884 2885 2830 2831 
f 2916 2865 2866 2915 
f 2857 2892 2893 2856 
f 2918 2684 2917 
f 2684 2864 2865 2917 
f 2858 2658 2891 2857 
f 2658 2890 2891 
s 3
f 2679 2502 2123 2124 
s 1
f 2917 2865 2916 
f 2857 2891 2892 
f 2824 2923 2924 2823 
f 2830 3166 2715 2829 
f 2922 2727 2921 
f 2886 2887 2724 
f 2923 3165 2922 
f 2708 2709 2696 2727 
f 2709 2711 2746 2696 
f 2711 2713 2726 2746 
f 2713 2715 2724 2726 
f 2715 3166 2886 2724 
f 2918 2731 2682 2684 
f 2731 2697 2680 2682 
f 2697 2695 2654 2680 
f 2695 2725 2653 2654 
f 2725 2730 2656 2653 
f 2730 2890 2658 2656 
f 2635 2748 2503 2619 
f 2721 2749 2539 2767 
f 2834 2835 2880 2881 
f 2666 2504 2522 2753 
f 2927 2928 2819 2820 
s 3
f 2121 2122 2504 2666 
s 1
f 2752 2753 2700 2701 
f 2754 2752 2701 2703 
f 2755 2754 2703 2705 
f 2756 2755 2705 2733 
f 2757 2756 2733 2745 
f 2758 2757 2745 2693 
f 2758 2759 2672 2671 
f 2759 2760 2673 2672 
f 2761 2760 2694 2732 
f 2762 2761 2732 2742 
f 2763 2762 2742 2738 
f 2764 2763 2738 2686 
f 2765 2764 2686 2687 
f 2766 2765 2687 2690 
f 2520 2766 2690 2445 
f 2753 2522 2751 2700 
f 2767 2768 2719 2721 
f 2768 2769 2718 2719 
f 2769 2770 2735 2718 
f 2770 2771 2737 2735 
f 2771 2772 2747 2737 
f 2772 2773 2728 2747 
f 2773 2774 2723 2728 
f 2774 2775 2722 2723 
f 2775 2776 2729 2722 
f 2776 2777 2743 2729 
f 2777 2778 2741 2743 
f 2778 2779 2662 2741 
f 2779 2780 2661 2662 
f 2780 2781 2664 2661 
f 2781 2538 2418 2664 
f 2767 2539 2748 2635 
f 2540 2782 2699 2505 
f 2782 2783 2698 2699 
f 2783 2784 2702 2698 
f 2784 2785 2704 2702 
f 2785 2786 2744 2704 
f 2786 2787 2707 2744 
f 2787 2788 2706 2707 
f 2788 2789 2710 2706 
f 2789 2790 2712 2710 
f 2790 2791 2714 2712 
f 2791 2792 2736 2714 
f 2792 2793 2734 2736 
f 2793 2794 2717 2734 
f 2794 2795 2716 2717 
f 2795 2796 2720 2716 
f 2796 2797 2750 2720 
f 2798 2572 2501 2691 
f 2799 2798 2691 2688 
f 2800 2799 2688 2689 
f 2801 2800 2689 2739 
f 2802 2801 2739 2685 
f 2803 2802 2685 2683 
f 2804 2803 2683 2681 
f 2805 2804 2681 2651 
f 2806 2805 2651 2652 
f 2807 2806 2652 2655 
f 2808 2807 2655 2657 
f 2809 2808 2657 2740 
f 2810 2809 2740 2659 
f 2811 2810 2659 2660 
f 2812 2811 2660 2663 
f 2571 2812 2663 2408 
f 2371 2480 2814 2813 
f 2480 2456 2815 2814 
f 2456 2455 2816 2815 
f 2455 2454 2817 2816 
f 2454 2453 2818 2817 
f 2453 2505 2819 2818 
f 2505 2699 2820 2819 
f 2699 2698 2821 2820 
f 2698 2702 2822 2821 
f 2702 2704 2823 2822 
f 2704 2744 2824 2823 
f 2744 2707 2825 2824 
f 2707 2706 2826 2825 
f 2706 2710 2827 2826 
f 2710 2712 2828 2827 
f 2712 2714 2829 2828 
f 2714 2736 2830 2829 
f 2736 2734 2831 2830 
f 2734 2717 2832 2831 
f 2717 2716 2833 2832 
f 2716 2720 2834 2833 
f 2720 2750 2835 2834 
f 2750 2478 2836 2835 
f 2478 2463 2837 2836 
f 2463 2462 2838 2837 
f 2462 2461 2839 2838 
f 2461 2482 2840 2839 
f 2482 2460 2841 2840 
f 2460 2459 2842 2841 
f 2459 2458 2843 2842 
f 2458 2457 2844 2843 
f 2457 2371 2813 2844 
f 2435 2402 2846 2845 
f 2402 2403 2847 2846 
f 2403 2404 2848 2847 
f 2404 2479 2849 2848 
f 2479 2405 2850 2849 
f 2405 2406 2851 2850 
f 2406 2407 2852 2851 
f 2407 2408 2853 2852 
f 2408 2663 2854 2853 
f 2663 2660 2855 2854 
f 2660 2659 2856 2855 
f 2659 2740 2857 2856 
f 2740 2657 2858 2857 
f 2657 2655 2859 2858 
f 2655 2652 2860 2859 
f 2652 2651 2861 2860 
f 2651 2681 2862 2861 
f 2681 2683 2863 2862 
f 2683 2685 2864 2863 
f 2685 2739 2865 2864 
f 2739 2689 2866 2865 
f 2689 2688 2867 2866 
f 2688 2691 2868 2867 
f 2691 2501 2869 2868 
f 2501 2441 2870 2869 
f 2441 2440 2871 2870 
f 2440 2439 2872 2871 
f 2439 2438 2873 2872 
f 2438 2437 2874 2873 
f 2437 2436 2875 2874 
f 2436 2434 2876 2875 
f 2434 2435 2845 2876 
f 2487 2488 2878 2877 
f 2488 2489 2879 2878 
f 2489 2749 2880 2879 
f 2749 2721 2881 2880 
f 2721 2719 2882 2881 
f 2719 2718 2883 2882 
f 2718 2735 2884 2883 
f 2735 2737 2885 2884 
f 2737 2747 2886 2885 
f 2747 2728 2887 2886 
f 2728 2723 2888 2887 
f 2723 2722 2889 2888 
f 2722 2729 2890 2889 
f 2729 2743 2891 2890 
f 2743 2741 2892 2891 
f 2741 2662 2893 2892 
f 2662 2661 2894 2893 
f 2661 2664 2895 2894 
f 2664 2418 2896 2895 
f 2418 2417 2897 2896 
f 2417 2416 2898 2897 
f 2416 2409 2899 2898 
f 2409 2415 2900 2899 
f 2415 2475 2901 2900 
f 2475 2414 2902 2901 
f 2414 2413 2903 2902 
f 2413 2412 2904 2903 
f 2412 2411 2905 2904 
f 2411 2410 2906 2905 
f 2410 2483 2907 2906 
f 2483 2474 2908 2907 
f 2474 2487 2877 2908 
f 2442 2443 2910 2909 
f 2443 2444 2911 2910 
f 2444 2445 2912 2911 
f 2445 2690 2913 2912 
f 2690 2687 2914 2913 
f 2687 2686 2915 2914 
f 2686 2738 2916 2915 
f 2738 2742 2917 2916 
f 2742 2732 2918 2917 
f 2732 2694 2919 2918 
f 2694 2692 2920 2919 
f 2692 2693 2921 2920 
f 2693 2745 2922 2921 
f 2745 2733 2923 2922 
f 2733 2705 2924 2923 
f 2705 2703 2925 2924 
f 2703 2701 2926 2925 
f 2701 2700 2927 2926 
f 2700 2751 2928 2927 
f 2751 2484 2929 2928 
f 2484 2485 2930 2929 
f 2485 2486 2931 2930 
f 2486 2473 2932 2931 
f 2473 2481 2933 2932 
f 2481 2446 2934 2933 
f 2446 2447 2935 2934 
f 2447 2448 2936 2935 
f 2448 2449 2937 2936 
f 2449 2450 2938 2937 
f 2450 2451 2939 2938 
f 2451 2452 2940 2939 
f 2452 2442 2909 2940 
s 2
f 7488 7484 2942 2941 
f 7484 7490 2943 2942 
f 7490 7493 2944 2943 
f 7493 7496 2945 2944 
f 7496 7499 2946 2945 
f 7499 7502 2947 2946 
f 7502 7505 2948 2947 
f 7505 7508 2949 2948 
f 7508 7511 2950 2949 
f 7511 7514 2951 2950 
f 7514 7517 2952 2951 
f 7517 7520 2953 2952 
f 7520 7523 2954 2953 
f 7523 7526 2955 2954 
f 7526 7529 2956 2955 
f 7529 7532 2972 2956 
f 7536 7488 2941 2957 
f 7539 7536 2957 2958 
f 7542 7539 2958 2959 
f 7545 7542 2959 2960 
f 7548 7545 2960 2961 
f 7551 7548 2961 2962 
f 7554 7551 2962 2963 
f 7557 7554 2963 2964 
f 7560 7557 2964 2965 
f 7563 7560 2965 2966 
f 7566 7563 2966 2967 
f 7569 7566 2967 2968 
f 7572 7569 2968 2969 
f 7575 7572 2969 2970 
f 7578 7575 2970 2971 
f 7532 7578 2971 2972 
s 1
f 2340 2338 3169 3170 
f 2342 2340 3170 3171 
f 2344 2342 3171 3172 
f 2346 2344 3172 3173 
f 2348 2346 3173 3174 
f 2350 2348 3174 3175 
f 2352 2350 3175 3176 
f 2354 2352 3176 3177 
f 2356 2354 3177 3178 
f 2358 2356 3178 3179 
f 2360 2358 3179 3180 
f 2362 2360 3180 3181 
f 2364 2362 3181 3182 
f 2366 2364 3182 3183 
f 2368 2366 3183 3184 
f 2369 2368 3184 3185 
f 2338 2589 3186 3169 
f 2589 2591 3187 3186 
f 2591 2593 3188 3187 
f 2593 2595 3189 3188 
f 2595 2597 3190 3189 
f 2597 2599 3191 3190 
f 2599 2601 3192 3191 
f 2601 2603 3193 3192 
f 2603 2605 3194 3193 
f 2605 2607 3195 3194 
f 2607 2609 3196 3195 
f 2609 2611 3197 3196 
f 2611 2613 3198 3197 
f 2613 2615 3199 3198 
f 2615 2617 3200 3199 
f 2617 2369 3185 3200 
f 3101 3102 3133 3134 
f 3132 3101 3134 3135 
f 3131 3132 3135 3136 
f 3130 3131 3136 3137 
f 3129 3130 3137 3138 
f 3128 3129 3138 3139 
f 3127 3128 3139 3140 
f 3126 3127 3140 3141 
f 3125 3126 3141 3142 
f 3124 3125 3142 3143 
f 3123 3124 3143 3144 
f 3122 3123 3144 3145 
f 3121 3122 3145 3146 
f 3120 3121 3146 3147 
f 3119 3120 3147 3148 
f 3118 3119 3148 3149 
f 3102 3103 3164 3133 
f 3103 3104 3163 3164 
f 3104 3105 3162 3163 
f 3105 3106 3161 3162 
f 3106 3107 3160 3161 
f 3107 3108 3159 3160 
f 3108 3109 3158 3159 
f 3109 3110 3157 3158 
f 3110 3111 3156 3157 
f 3111 3112 3155 3156 
f 3112 3113 3154 3155 
f 3113 3114 3153 3154 
f 3114 3115 3152 3153 
f 3115 3116 3151 3152 
f 3116 3117 3150 3151 
f 3117 3118 3149 3150 
s 2
f 3069 3070 3038 3037 
f 3070 3071 3039 3038 
f 3071 3072 3040 3039 
f 3072 3073 3041 3040 
f 3073 3074 3042 3041 
f 3074 3075 3043 3042 
f 3075 3076 3044 3043 
f 3076 3077 3045 3044 
f 3077 3078 3046 3045 
f 3078 3079 3047 3046 
f 3079 3080 3048 3047 
f 3080 3081 3049 3048 
f 3081 3082 3050 3049 
f 3082 3083 3051 3050 
f 3083 3084 3052 3051 
f 3084 3085 3053 3052 
f 3100 3069 3037 3054 
f 3099 3100 3054 3055 
f 3098 3099 3055 3056 
f 3097 3098 3056 3057 
f 3096 3097 3057 3058 
f 3095 3096 3058 3059 
f 3094 3095 3059 3060 
f 3093 3094 3060 3061 
f 3092 3093 3061 3062 
f 3091 3092 3062 3063 
f 3090 3091 3063 3064 
f 3089 3090 3064 3065 
f 3088 3089 3065 3066 
f 3087 3088 3066 3067 
f 3086 3087 3067 3068 
f 3085 3086 3068 3053 
f 2973 2974 3070 3069 
f 2974 2975 3071 3070 
f 2975 2976 3072 3071 
f 2976 2977 3073 3072 
f 2977 2978 3074 3073 
f 2978 2979 3075 3074 
f 2979 2980 3076 3075 
f 2980 2981 3077 3076 
f 2981 2982 3078 3077 
f 2982 2983 3079 3078 
f 2983 2984 3080 3079 
f 2984 2985 3081 3080 
f 2985 2986 3082 3081 
f 2986 2987 3083 3082 
f 2987 2988 3084 3083 
f 2988 2989 3085 3084 
f 2989 3004 3086 3085 
f 3004 3003 3087 3086 
f 3003 3002 3088 3087 
f 3002 3001 3089 3088 
f 3001 3000 3090 3089 
f 3000 2999 3091 3090 
f 2999 2998 3092 3091 
f 2998 2997 3093 3092 
f 2997 2996 3094 3093 
f 2996 2995 3095 3094 
f 2995 2994 3096 3095 
f 2994 2993 3097 3096 
f 2993 2992 3098 3097 
f 2992 2991 3099 3098 
f 2991 2990 3100 3099 
f 2990 2973 3069 3100 
s 1
f 2974 2973 3102 3101 
f 2973 2990 3103 3102 
f 2990 2991 3104 3103 
f 2991 2992 3105 3104 
f 2992 2993 3106 3105 
f 2993 2994 3107 3106 
f 2994 2995 3108 3107 
f 2995 2996 3109 3108 
f 2996 2997 3110 3109 
f 2997 2998 3111 3110 
f 2998 2999 3112 3111 
f 2999 3000 3113 3112 
f 3000 3001 3114 3113 
f 3001 3002 3115 3114 
f 3002 3003 3116 3115 
f 3003 3004 3117 3116 
f 3004 2989 3118 3117 
f 2989 2988 3119 3118 
f 2988 2987 3120 3119 
f 2987 2986 3121 3120 
f 2986 2985 3122 3121 
f 2985 2984 3123 3122 
f 2984 2983 3124 3123 
f 2983 2982 3125 3124 
f 2982 2981 3126 3125 
f 2981 2980 3127 3126 
f 2980 2979 3128 3127 
f 2979 2978 3129 3128 
f 2978 2977 3130 3129 
f 2977 2976 3131 3130 
f 2976 2975 3132 3131 
f 2975 2974 3101 3132 
f 3005 3006 3134 3133 
f 3006 3007 3135 3134 
f 3007 3008 3136 3135 
f 3008 3009 3137 3136 
f 3009 3010 3138 3137 
f 3010 3011 3139 3138 
f 3011 3012 3140 3139 
f 3012 3013 3141 3140 
f 3013 3014 3142 3141 
f 3014 3015 3143 3142 
f 3015 3016 3144 3143 
f 3016 3017 3145 3144 
f 3017 3018 3146 3145 
f 3018 3019 3147 3146 
f 3019 3020 3148 3147 
f 3020 3021 3149 3148 
f 3021 3036 3150 3149 
f 3036 3035 3151 3150 
f 3035 3034 3152 3151 
f 3034 3033 3153 3152 
f 3033 3032 3154 3153 
f 3032 3031 3155 3154 
f 3031 3030 3156 3155 
f 3030 3029 3157 3156 
f 3029 3028 3158 3157 
f 3028 3027 3159 3158 
f 3027 3026 3160 3159 
f 3026 3025 3161 3160 
f 3025 3024 3162 3161 
f 3024 3023 3163 3162 
f 3023 3022 3164 3163 
f 3022 3005 3133 3164 
f 2824 2825 2708 3165 
f 3165 2708 2727 2922 
f 2830 2885 3166 
f 3166 2885 2886 
f 2840 2841 2498 3167 
f 3167 2498 2493 2906 
f 2814 2933 3168 
f 3168 2933 2934 
f 3169 3037 3038 3170 
f 3170 3038 3039 3171 
f 3171 3039 3040 3172 
f 3172 3040 3041 3173 
f 3173 3041 3042 3174 
f 3174 3042 3043 3175 
f 3175 3043 3044 3176 
f 3176 3044 3045 3177 
f 3177 3045 3046 3178 
f 3178 3046 3047 3179 
f 3179 3047 3048 3180 
f 3180 3048 3049 3181 
f 3181 3049 3050 3182 
f 3182 3050 3051 3183 
f 3183 3051 3052 3184 
f 3184 3052 3053 3185 
f 3186 3054 3037 3169 
f 3187 3055 3054 3186 
f 3188 3056 3055 3187 
f 3189 3057 3056 3188 
f 3190 3058 3057 3189 
f 3191 3059 3058 3190 
f 3192 3060 3059 3191 
f 3193 3061 3060 3192 
f 3194 3062 3061 3193 
f 3195 3063 3062 3194 
f 3196 3064 3063 3195 
f 3197 3065 3064 3196 
f 3198 3066 3065 3197 
f 3199 3067 3066 3198 
f 3200 3068 3067 3199 
f 3185 3053 3068 3200 
f 3523 3490 3491 3522 
f 3491 3492 3553 3522 
f 3492 3493 3552 3553 
f 3493 3494 3551 3552 
f 3494 3495 3550 3551 
f 3495 3496 3549 3550 
f 3496 3497 3548 3549 
f 3497 3498 3547 3548 
f 3498 3499 3546 3547 
f 3499 3500 3545 3546 
f 3500 3501 3544 3545 
f 3501 3502 3543 3544 
f 3502 3503 3542 3543 
f 3503 3504 3541 3542 
f 3504 3505 3540 3541 
f 3505 3506 3539 3540 
f 3506 3507 3538 3539 
f 3507 3508 3537 3538 
f 3508 3509 3536 3537 
f 3509 3510 3535 3536 
f 3510 3511 3534 3535 
f 3511 3512 3533 3534 
f 3512 3513 3532 3533 
f 3513 3514 3531 3532 
f 3514 3515 3530 3531 
f 3515 3516 3529 3530 
f 3516 3517 3528 3529 
f 3517 3518 3527 3528 
f 3518 3519 3526 3527 
f 3519 3520 3525 3526 
f 3520 3521 3524 3525 
f 3521 3490 3523 3524 
s 2
f 3442 3489 3458 3441 
f 3443 3488 3489 3442 
f 3444 3487 3488 3443 
f 3445 3486 3487 3444 
f 3446 3485 3486 3445 
f 3447 3484 3485 3446 
f 3448 3483 3484 3447 
f 3449 3482 3483 3448 
f 3450 3481 3482 3449 
f 3451 3480 3481 3450 
f 3452 3479 3480 3451 
f 3453 3478 3479 3452 
f 3454 3477 3478 3453 
f 3455 3476 3477 3454 
f 3456 3475 3476 3455 
f 3457 3474 3475 3456 
f 3426 3473 3474 3457 
f 3426 3427 3472 3473 
f 3428 3471 3472 3427 
f 3429 3470 3471 3428 
f 3430 3469 3470 3429 
f 3431 3468 3469 3430 
f 3432 3467 3468 3431 
f 3433 3466 3467 3432 
f 3434 3465 3466 3433 
f 3435 3464 3465 3434 
f 3436 3463 3464 3435 
f 3437 3462 3463 3436 
f 3438 3461 3462 3437 
f 3439 3460 3461 3438 
f 3440 3459 3460 3439 
f 3441 3458 3459 3440 
f 3201 3203 3330 3329 
f 3203 3204 3331 3330 
f 3204 3205 3332 3331 
f 3205 3207 3333 3332 
f 3207 3208 3334 3333 
f 3208 3210 3335 3334 
f 3210 3212 3336 3335 
f 3212 3214 3337 3336 
f 3214 3215 3338 3337 
f 3215 3217 3339 3338 
f 3217 3218 3340 3339 
f 3218 3220 3341 3340 
f 3220 3222 3342 3341 
f 3222 3224 3343 3342 
f 3224 3225 3344 3343 
f 3225 3226 3345 3344 
f 3226 3228 3346 3345 
f 3228 3230 3347 3346 
f 3230 3232 3348 3347 
f 3232 3234 3349 3348 
f 3234 3235 3350 3349 
f 3235 3237 3351 3350 
f 3237 3239 3352 3351 
f 3239 3240 3353 3352 
f 3240 3241 3354 3353 
f 3241 3242 3355 3354 
f 3242 3244 3356 3355 
f 3244 3245 3357 3356 
f 3245 3247 3358 3357 
f 3247 3248 3359 3358 
f 3248 3249 3360 3359 
f 3249 3201 3329 3360 
f 3330 3362 3361 3329 
f 3331 3363 3362 3330 
f 3332 3364 3363 3331 
f 3333 3365 3364 3332 
f 3334 3366 3365 3333 
f 3335 3367 3366 3334 
f 3336 3368 3367 3335 
f 3337 3369 3368 3336 
f 3338 3370 3369 3337 
f 3339 3371 3370 3338 
f 3340 3372 3371 3339 
f 3341 3373 3372 3340 
f 3342 3374 3373 3341 
f 3343 3375 3374 3342 
f 3344 3376 3375 3343 
f 3345 3377 3376 3344 
f 3346 3378 3377 3345 
f 3347 3379 3378 3346 
f 3348 3380 3379 3347 
f 3349 3381 3380 3348 
f 3350 3382 3381 3349 
f 3351 3383 3382 3350 
f 3352 3384 3383 3351 
f 3353 3385 3384 3352 
f 3354 3386 3385 3353 
f 3355 3387 3386 3354 
f 3356 3388 3387 3355 
f 3357 3389 3388 3356 
f 3358 3390 3389 3357 
f 3359 3391 3390 3358 
f 3360 3392 3391 3359 
f 3329 3361 3392 3360 
f 3362 3298 3297 3361 
f 3363 3299 3298 3362 
f 3364 3300 3299 3363 
f 3365 3301 3300 3364 
f 3366 3302 3301 3365 
f 3367 3303 3302 3366 
f 3368 3304 3303 3367 
f 3369 3305 3304 3368 
f 3370 3306 3305 3369 
f 3371 3307 3306 3370 
f 3372 3308 3307 3371 
f 3373 3309 3308 3372 
f 3374 3310 3309 3373 
f 3375 3311 3310 3374 
f 3376 3312 3311 3375 
f 3377 3313 3312 3376 
f 3378 3314 3313 3377 
f 3379 3315 3314 3378 
f 3380 3316 3315 3379 
f 3381 3317 3316 3380 
f 3382 3318 3317 3381 
f 3383 3319 3318 3382 
f 3384 3320 3319 3383 
f 3385 3321 3320 3384 
f 3386 3322 3321 3385 
f 3387 3323 3322 3386 
f 3388 3324 3323 3387 
f 3389 3325 3324 3388 
f 3390 3326 3325 3389 
f 3391 3327 3326 3390 
f 3392 3328 3327 3391 
f 3361 3297 3328 3392 
f 3297 3298 3394 3393 
f 3298 3299 3395 3394 
f 3299 3300 3396 3395 
f 3300 3301 3397 3396 
f 3301 3302 3398 3397 
f 3302 3303 3399 3398 
f 3303 3304 3400 3399 
f 3304 3305 3401 3400 
f 3305 3306 3402 3401 
f 3306 3307 3403 3402 
f 3307 3308 3404 3403 
f 3308 3309 3405 3404 
f 3309 3310 3406 3405 
f 3310 3311 3407 3406 
f 3311 3312 3408 3407 
f 3312 3313 3409 3408 
f 3313 3314 3410 3409 
f 3314 3315 3411 3410 
f 3315 3316 3412 3411 
f 3316 3317 3413 3412 
f 3317 3318 3414 3413 
f 3318 3319 3415 3414 
f 3319 3320 3416 3415 
f 3320 3321 3417 3416 
f 3321 3322 3418 3417 
f 3323 3324 3420 3419 
f 3324 3325 3421 3420 
f 3325 3326 3422 3421 
f 3326 3327 3423 3422 
f 3327 3328 3424 3423 
f 3328 3297 3393 3424 
f 3393 3394 3425 
f 3394 3395 3425 
f 3395 3396 3425 
f 3396 3397 3425 
f 3397 3398 3425 
f 3398 3399 3425 
f 3399 3400 3425 
f 3400 3401 3425 
f 3401 3402 3425 
f 3402 3403 3425 
f 3403 3404 3425 
f 3404 3405 3425 
f 3405 3406 3425 
f 3406 3407 3425 
f 3407 3408 3425 
f 3408 3409 3425 
f 3409 3410 3425 
f 3410 3411 3425 
f 3411 3412 3425 
f 3412 3413 3425 
f 3413 3414 3425 
f 3414 3415 3425 
f 3415 3416 3425 
f 3416 3417 3425 
f 3417 3418 3425 
f 3418 3419 3425 
f 3419 3420 3425 
f 3420 3421 3425 
f 3421 3422 3425 
f 3422 3423 3425 
f 3423 3424 3425 
f 3424 3393 3425 
f 3275 3277 3427 3426 
f 3277 3279 3428 3427 
f 3279 3246 3429 3428 
f 3246 3282 3430 3429 
f 3282 3243 3431 3430 
f 3243 3285 3432 3431 
f 3285 3287 3433 3432 
f 3287 3289 3434 3433 
f 3289 3238 3435 3434 
f 3238 3236 3436 3435 
f 3236 3293 3437 3436 
f 3293 3233 3438 3437 
f 3233 3231 3439 3438 
f 3231 3229 3440 3439 
f 3229 3227 3441 3440 
f 3227 3252 3442 3441 
f 3252 3254 3443 3442 
f 3254 3223 3444 3443 
f 3223 3221 3445 3444 
f 3221 3219 3446 3445 
f 3219 3259 3447 3446 
f 3259 3216 3448 3447 
f 3216 3262 3449 3448 
f 3262 3213 3450 3449 
f 3213 3211 3451 3450 
f 3211 3209 3452 3451 
f 3209 3267 3453 3452 
f 3267 3206 3454 3453 
f 3206 3270 3455 3454 
f 3270 3272 3456 3455 
f 3272 3202 3457 3456 
f 3202 3275 3426 3457 
f 3250 3296 3459 3458 
f 3296 3295 3460 3459 
f 3295 3294 3461 3460 
f 3294 3292 3462 3461 
f 3292 3291 3463 3462 
f 3291 3290 3464 3463 
f 3290 3288 3465 3464 
f 3288 3286 3466 3465 
f 3286 3284 3467 3466 
f 3284 3283 3468 3467 
f 3283 3281 3469 3468 
f 3281 3280 3470 3469 
f 3280 3278 3471 3470 
f 3278 3276 3472 3471 
f 3276 3274 3473 3472 
f 3274 3273 3474 3473 
f 3273 3271 3475 3474 
f 3271 3269 3476 3475 
f 3269 3268 3477 3476 
f 3268 3266 3478 3477 
f 3266 3265 3479 3478 
f 3265 3264 3480 3479 
f 3264 3263 3481 3480 
f 3263 3261 3482 3481 
f 3261 3260 3483 3482 
f 3260 3258 3484 3483 
f 3258 3257 3485 3484 
f 3257 3256 3486 3485 
f 3256 3255 3487 3486 
f 3255 3253 3488 3487 
f 3253 3251 3489 3488 
f 3251 3250 3458 3489 
s 1
f 3275 3202 3491 3490 
f 3202 3272 3492 3491 
f 3272 3270 3493 3492 
f 3270 3206 3494 3493 
f 3206 3267 3495 3494 
f 3267 3209 3496 3495 
f 3209 3211 3497 3496 
f 3211 3213 3498 3497 
f 3213 3262 3499 3498 
f 3262 3216 3500 3499 
f 3216 3259 3501 3500 
f 3259 3219 3502 3501 
f 3219 3221 3503 3502 
f 3221 3223 3504 3503 
f 3223 3254 3505 3504 
f 3254 3252 3506 3505 
f 3252 3227 3507 3506 
f 3227 3229 3508 3507 
f 3229 3231 3509 3508 
f 3231 3233 3510 3509 
f 3233 3293 3511 3510 
f 3293 3236 3512 3511 
f 3236 3238 3513 3512 
f 3238 3289 3514 3513 
f 3289 3287 3515 3514 
f 3287 3285 3516 3515 
f 3285 3243 3517 3516 
f 3243 3282 3518 3517 
f 3282 3246 3519 3518 
f 3246 3279 3520 3519 
f 3279 3277 3521 3520 
f 3277 3275 3490 3521 
f 3201 3249 3523 3522 
f 3249 3248 3524 3523 
f 3248 3247 3525 3524 
f 3247 3245 3526 3525 
f 3245 3244 3527 3526 
f 3244 3242 3528 3527 
f 3242 3241 3529 3528 
f 3241 3240 3530 3529 
f 3240 3239 3531 3530 
f 3239 3237 3532 3531 
f 3237 3235 3533 3532 
f 3235 3234 3534 3533 
f 3234 3232 3535 3534 
f 3232 3230 3536 3535 
f 3230 3228 3537 3536 
f 3228 3226 3538 3537 
f 3226 3225 3539 3538 
f 3225 3224 3540 3539 
f 3224 3222 3541 3540 
f 3222 3220 3542 3541 
f 3220 3218 3543 3542 
f 3218 3217 3544 3543 
f 3217 3215 3545 3544 
f 3215 3214 3546 3545 
f 3214 3212 3547 3546 
f 3212 3210 3548 3547 
f 3210 3208 3549 3548 
f 3208 3207 3550 3549 
f 3207 3205 3551 3550 
f 3205 3204 3552 3551 
f 3204 3203 3553 3552 
f 3203 3201 3522 3553 
s 2
f 3322 3323 3419 3418 
s 1
f 7581 7583 3555 3556 
f 7587 7581 3556 3554 
f 7589 3557 3555 7583 
f 7589 7592 3558 3557 
f 7592 7595 3559 3558 
f 7598 3560 3559 7595 
f 7601 3561 3560 7598 
f 7604 3562 3561 7601 
f 7607 3563 3562 7604 
f 7610 3564 3563 7607 
f 7613 3565 3564 7610 
f 7616 3566 3565 7613 
f 3567 3566 7616 7619 
f 7622 3568 3567 7619 
f 7625 3569 3568 7622 
f 7628 3570 3569 7625 
f 7631 3571 3570 7628 
f 7634 3572 3571 7631 
f 7637 3573 3572 7634 
f 7640 3574 3573 7637 
f 7640 7643 3575 3574 
f 7646 3576 3575 7643 
f 3577 3576 7646 7649 
f 7652 3578 3577 7649 
f 3579 3578 7652 7655 
f 3580 3579 7655 7658 
f 7661 3581 3580 7658 
f 3582 3581 7661 7664 
f 3583 3582 7664 7667 
f 7670 3584 3583 7667 
f 3585 3584 7670 7673 
f 7587 3554 3585 7673 
f 3555 3587 3588 3556 
f 3556 3588 3586 3554 
f 3557 3589 3587 3555 
f 3558 3590 3589 3557 
f 3559 3591 3590 3558 
f 3560 3592 3591 3559 
f 3561 3593 3592 3560 
f 3562 3594 3593 3561 
f 3563 3595 3594 3562 
f 3564 3596 3595 3563 
f 3565 3597 3596 3564 
f 3566 3598 3597 3565 
f 3567 3599 3598 3566 
f 3568 3600 3599 3567 
f 3569 3601 3600 3568 
f 3570 3602 3601 3569 
f 3571 3603 3602 3570 
f 3572 3604 3603 3571 
f 3573 3605 3604 3572 
f 3574 3606 3605 3573 
f 3575 3607 3606 3574 
f 3576 3608 3607 3575 
f 3577 3609 3608 3576 
f 3578 3610 3609 3577 
f 3579 3611 3610 3578 
f 3580 3612 3611 3579 
f 3581 3613 3612 3580 
f 3582 3614 3613 3581 
f 3583 3615 3614 3582 
f 3584 3616 3615 3583 
f 3585 3617 3616 3584 
f 3554 3586 3617 3585 
f 3619 3620 3588 3587 
f 3620 3618 3586 3588 
f 3621 3619 3587 3589 
f 3622 3621 3589 3590 
f 3623 3622 3590 3591 
f 3624 3623 3591 3592 
f 3592 3593 3625 3624 
f 3626 3625 3593 3594 
f 3627 3626 3594 3595 
f 3628 3627 3595 3596 
f 3629 3628 3596 3597 
f 3630 3629 3597 3598 
f 3631 3630 3598 3599 
f 3600 3601 3633 3632 
f 3634 3633 3601 3602 
f 3635 3634 3602 3603 
f 3636 3635 3603 3604 
f 3637 3636 3604 3605 
f 3638 3637 3605 3606 
f 3639 3638 3606 3607 
f 3640 3639 3607 3608 
f 3608 3609 3641 3640 
f 3642 3641 3609 3610 
f 3643 3642 3610 3611 
f 3644 3643 3611 3612 
f 3645 3644 3612 3613 
f 3646 3645 3613 3614 
f 3647 3646 3614 3615 
f 3616 3617 3649 3648 
f 3618 3649 3617 3586 
f 3632 3631 3599 3600 
f 3648 3647 3615 3616 
f 3838 3839 3823 
f 3827 3824 3826 
f 3651 3683 3684 3652 
f 3652 3684 3682 3650 
f 3653 3685 3683 3651 
f 3654 3686 3685 3653 
f 3655 3687 3686 3654 
f 3656 3688 3687 3655 
f 3657 3689 3688 3656 
f 3658 3690 3689 3657 
f 3659 3691 3690 3658 
f 3660 3692 3691 3659 
f 3661 3693 3692 3660 
f 3662 3694 3693 3661 
f 3663 3695 3694 3662 
f 3664 3696 3695 3663 
f 3665 3697 3696 3664 
f 3666 3698 3697 3665 
f 3667 3699 3698 3666 
f 3668 3700 3699 3667 
f 3669 3701 3700 3668 
f 3670 3702 3701 3669 
f 3671 3703 3702 3670 
f 3672 3704 3703 3671 
f 3673 3705 3704 3672 
f 3674 3706 3705 3673 
f 3675 3707 3706 3674 
f 3676 3708 3707 3675 
f 3677 3709 3708 3676 
f 3678 3710 3709 3677 
f 3679 3711 3710 3678 
f 3680 3712 3711 3679 
f 3681 3713 3712 3680 
f 3650 3682 3713 3681 
f 3715 3716 3748 3747 
f 3716 3714 3746 3748 
f 3717 3715 3747 3749 
f 3718 3717 3749 3750 
f 3719 3718 3750 3751 
f 3720 3719 3751 3752 
f 3721 3720 3752 3753 
f 3722 3721 3753 3754 
f 3723 3722 3754 3755 
f 3724 3723 3755 3756 
f 3725 3724 3756 3757 
f 3726 3725 3757 3758 
f 3727 3726 3758 3759 
f 3728 3727 3759 3760 
f 3728 3760 3761 3729 
f 3730 3729 3761 3762 
f 3730 3762 3763 3731 
f 3731 3763 3764 3732 
f 3732 3764 3765 3733 
f 3733 3765 3766 3734 
f 3734 3766 3767 3735 
f 3736 3735 3767 3768 
f 3736 3768 3769 3737 
f 3738 3737 3769 3770 
f 3739 3738 3770 3771 
f 3740 3739 3771 3772 
f 3741 3740 3772 3773 
f 3742 3741 3773 3774 
f 3743 3742 3774 3775 
f 3744 3743 3775 3776 
f 3745 3744 3776 3777 
f 3714 3745 3777 3746 
f 3747 3748 3684 3683 
f 3748 3746 3682 3684 
f 3749 3747 3683 3685 
f 3750 3749 3685 3686 
f 3751 3750 3686 3687 
f 3752 3751 3687 3688 
f 3753 3752 3688 3689 
f 3754 3753 3689 3690 
f 3755 3754 3690 3691 
f 3756 3755 3691 3692 
f 3757 3756 3692 3693 
f 3758 3757 3693 3694 
f 3759 3758 3694 3695 
f 3760 3759 3695 3696 
f 3761 3760 3696 3697 
f 3762 3761 3697 3698 
f 3762 3698 3699 3763 
f 3763 3699 3700 3764 
f 3764 3700 3701 3765 
f 3765 3701 3702 3766 
f 3766 3702 3703 3767 
f 3768 3767 3703 3704 
f 3769 3768 3704 3705 
f 3770 3769 3705 3706 
f 3771 3770 3706 3707 
f 3772 3771 3707 3708 
f 3773 3772 3708 3709 
f 3773 3709 3710 3774 
f 3775 3774 3710 3711 
f 3776 3775 3711 3712 
f 3777 3776 3712 3713 
f 3746 3777 3713 3682 
f 3930 3859 3929 
f 3888 3915 3916 3887 
f 3888 3914 3915 
f 3890 3911 3912 3889 
f 3928 3860 3927 
f 3926 3860 3861 3925 
f 3928 3929 3859 3860 
f 3926 3927 3860 
f 3859 3930 3931 
f 3912 3913 3889 
f 3858 3859 3931 3932 
f 3808 3873 3874 3809 
f 3809 3842 3843 3808 
f 3809 3874 3875 3807 
f 3807 3841 3842 3809 
f 3810 3904 3873 3808 
f 3808 3843 3844 3810 
f 3811 3903 3904 3810 
f 3810 3844 3845 3811 
f 3812 3902 3903 3811 
f 3811 3845 3846 3812 
f 3813 3901 3902 3812 
f 3812 3846 3847 3813 
f 3814 3900 3901 3813 
f 3813 3847 3848 3814 
f 3815 3899 3900 3814 
f 3814 3848 3849 3815 
f 3816 3898 3899 3815 
f 3815 3849 3850 3816 
f 3817 3897 3898 3816 
f 3816 3850 3851 3817 
f 3818 3896 3897 3817 
f 3817 3851 3852 3818 
f 3819 3895 3896 3818 
f 3818 3852 3853 3819 
f 3820 3894 3895 3819 
f 3819 3853 3854 3820 
f 3821 3893 3894 3820 
f 3820 3854 3855 3821 
f 3822 3892 3893 3821 
f 3821 3855 3856 3822 
f 3823 3891 3892 3822 
f 3822 3856 3857 3823 
f 3840 3890 3891 3823 
f 3839 3840 3823 
f 3823 3857 3858 3838 
f 3827 3825 3824 
f 3826 3861 3862 3827 
f 3827 3886 3887 3825 
f 3828 3885 3886 3827 
f 3827 3862 3863 3828 
f 3829 3884 3885 3828 
f 3828 3863 3864 3829 
f 3830 3883 3884 3829 
f 3829 3864 3865 3830 
f 3831 3882 3883 3830 
f 3830 3865 3866 3831 
f 3832 3881 3882 3831 
f 3831 3866 3867 3832 
f 3833 3880 3881 3832 
f 3832 3867 3868 3833 
f 3834 3879 3880 3833 
f 3833 3868 3869 3834 
f 3835 3878 3879 3834 
f 3834 3869 3870 3835 
f 3836 3877 3878 3835 
f 3835 3870 3871 3836 
f 3837 3876 3877 3836 
f 3836 3871 3872 3837 
f 3807 3875 3876 3837 
f 3837 3872 3841 3807 
f 3921 3922 3826 3824 
f 3839 3838 3906 3907 
f 3840 3909 3910 
f 3918 3919 3825 
f 3924 3925 3861 3826 
f 3838 3858 3932 3933 
f 3923 3924 3826 
f 3838 3933 3905 
f 3919 3920 3825 
f 3840 3908 3909 
f 3838 3905 3906 
f 3840 3839 3907 3908 
f 3922 3923 3826 
f 3920 3921 3824 3825 
f 3918 3825 3887 
f 3890 3840 3910 
f 3618 3620 3842 3841 
f 3620 3619 3843 3842 
f 3619 3621 3844 3843 
f 3621 3622 3845 3844 
f 3622 3623 3846 3845 
f 3623 3624 3847 3846 
f 3624 3625 3848 3847 
f 3625 3626 3849 3848 
f 3626 3627 3850 3849 
f 3627 3628 3851 3850 
f 3628 3629 3852 3851 
f 3629 3630 3853 3852 
f 3630 3631 3854 3853 
f 3631 3632 3855 3854 
f 3632 3633 3856 3855 
f 3633 3634 3857 3856 
f 3634 3635 3858 3857 
f 3635 3636 3859 3858 
f 3636 3637 3860 3859 
f 3637 3638 3861 3860 
f 3638 3639 3862 3861 
f 3639 3640 3863 3862 
f 3640 3641 3864 3863 
f 3641 3642 3865 3864 
f 3642 3643 3866 3865 
f 3643 3644 3867 3866 
f 3644 3645 3868 3867 
f 3645 3646 3869 3868 
f 3646 3647 3870 3869 
f 3647 3648 3871 3870 
f 3648 3649 3872 3871 
f 3649 3618 3841 3872 
f 3651 3652 3874 3873 
f 3652 3650 3875 3874 
f 3650 3681 3876 3875 
f 3681 3680 3877 3876 
f 3680 3679 3878 3877 
f 3679 3678 3879 3878 
f 3678 3677 3880 3879 
f 3677 3676 3881 3880 
f 3676 3675 3882 3881 
f 3675 3674 3883 3882 
f 3674 3673 3884 3883 
f 3673 3672 3885 3884 
f 3672 3671 3886 3885 
f 3671 3670 3887 3886 
f 3670 3669 3888 3887 
f 3669 3668 3889 3888 
f 3668 3667 3890 3889 
f 3667 3666 3891 3890 
f 3666 3665 3892 3891 
f 3665 3664 3893 3892 
f 3664 3663 3894 3893 
f 3663 3662 3895 3894 
f 3662 3661 3896 3895 
f 3661 3660 3897 3896 
f 3660 3659 3898 3897 
f 3659 3658 3899 3898 
f 3658 3657 3900 3899 
f 3657 3656 3901 3900 
f 3656 3655 3902 3901 
f 3655 3654 3903 3902 
f 3654 3653 3904 3903 
f 3653 3651 3873 3904 
f 3779 3778 3906 3905 
f 3778 3806 3907 3906 
f 3806 3805 3908 3907 
f 3805 3804 3909 3908 
f 3804 3803 3910 3909 
f 3803 3802 3911 3910 
f 3802 3800 3912 3911 
f 3800 3801 3913 3912 
f 3801 3799 3914 3913 
f 3799 3798 3915 3914 
f 3798 3797 3916 3915 
f 3797 3796 3917 3916 
f 3796 3795 3918 3917 
f 3795 3794 3919 3918 
f 3794 3793 3920 3919 
f 3793 3792 3921 3920 
f 3792 3791 3922 3921 
f 3791 3790 3923 3922 
f 3790 3789 3924 3923 
f 3789 3788 3925 3924 
f 3788 3787 3926 3925 
f 3787 3786 3927 3926 
f 3786 3785 3928 3927 
f 3785 3784 3929 3928 
f 3784 3783 3930 3929 
f 3783 3782 3931 3930 
f 3782 3781 3932 3931 
f 3781 3780 3933 3932 
f 3780 3779 3905 3933 
s 2
f 3934 3935 3963 
f 3934 3950 3936 
f 3934 3936 3937 
f 3934 3937 3938 
f 3934 3938 3939 
f 3934 3939 3940 
f 3934 3940 3941 
f 3934 3941 3942 
f 3934 3942 3943 
f 3934 3943 3944 
f 3934 3944 3945 
f 3934 3945 3946 
f 3934 3946 3947 
f 3934 3947 3948 
f 3934 3948 3949 
f 3934 3949 3935 
f 3934 3951 3950 
f 3934 3952 3951 
f 3934 3953 3952 
f 3934 3954 3953 
f 3934 3955 3954 
f 3934 3956 3955 
f 3934 3957 3956 
f 3934 3958 3957 
f 3934 3959 3958 
f 3934 3960 3959 
f 3934 3961 3960 
f 3934 3962 3961 
f 3934 3963 3962 
s 1
f 3956 3957 3964 3965 
f 3957 3958 3966 3964 
f 3936 3950 3967 3968 
f 3943 3942 3969 3970 
f 3944 3943 3970 3971 
f 3935 3949 3972 3973 
f 3963 3935 3973 3974 
f 3937 3936 3968 3975 
f 3938 3937 3975 3976 
f 3939 3938 3976 3977 
f 3940 3939 3977 3978 
f 3941 3940 3978 3979 
f 3942 3941 3979 3969 
f 3951 3952 3980 3981 
f 3950 3951 3981 3967 
f 3952 3953 3982 3980 
f 3955 3956 3965 3983 
f 3954 3955 3983 3984 
f 3953 3954 3984 3982 
f 3945 3944 3971 3985 
f 3946 3945 3985 3986 
f 3947 3946 3986 3987 
f 3948 3947 3987 3988 
f 3949 3948 3988 3972 
f 3962 3963 3974 3989 
f 3961 3962 3989 3990 
f 3960 3961 3990 3991 
f 3959 3960 3991 3992 
f 3958 3959 3992 3966 
f 3964 4015 3993 3965 
f 3966 4016 4015 3964 
f 3967 4017 3994 3968 
f 3969 4018 3995 3970 
f 3970 3995 3996 3971 
f 3972 4019 3997 3973 
f 3973 3997 3998 3974 
f 3968 3994 3999 3975 
f 3975 3999 4000 3976 
f 3976 4000 4001 3977 
f 3977 4001 4002 3978 
f 3978 4002 4003 3979 
f 3979 4003 4018 3969 
f 3980 4020 4004 3981 
f 3981 4004 4017 3967 
f 3982 4021 4020 3980 
f 3965 3993 4005 3983 
f 3983 4005 4006 3984 
f 3984 4006 4021 3982 
f 3971 3996 4007 3985 
f 3985 4007 4008 3986 
f 3986 4008 4009 3987 
f 3987 4009 4010 3988 
f 3988 4010 4019 3972 
f 3974 3998 4011 3989 
f 3989 4011 4012 3990 
f 3990 4012 4013 3991 
f 3991 4013 4014 3992 
f 3992 4014 4016 3966 
f 4015 3806 3778 3993 
f 4016 3805 3806 4015 
f 4017 3784 3785 3994 
f 4018 3791 3792 3995 
f 3995 3792 3793 3996 
f 4019 3798 3799 3997 
f 3997 3799 3801 3998 
f 3994 3785 3786 3999 
f 3999 3786 3787 4000 
f 4000 3787 3788 4001 
f 4001 3788 3789 4002 
f 4002 3789 3790 4003 
f 4003 3790 3791 4018 
f 4020 3782 3783 4004 
f 4004 3783 3784 4017 
f 4021 3781 3782 4020 
f 3993 3778 3779 4005 
f 4005 3779 3780 4006 
f 4006 3780 3781 4021 
f 3996 3793 3794 4007 
f 4007 3794 3795 4008 
f 4008 3795 3796 4009 
f 4009 3796 3797 4010 
f 4010 3797 3798 4019 
f 3998 3801 3800 4011 
f 4011 3800 3802 4012 
f 4012 3802 3803 4013 
f 4013 3803 3804 4014 
f 4014 3804 3805 4016 
s off
f 3714 3716 4024 4022 
f 3715 3717 4025 4023 
f 3717 3718 4026 4025 
f 3718 3719 4027 4026 
f 3719 3720 4028 4027 
f 3720 3721 4029 4028 
f 3724 3725 4033 4032 
f 3725 3726 4034 4033 
f 3726 3727 4035 4034 
f 3727 3728 4036 4035 
f 3728 3729 4037 4036 
f 3729 3730 4038 4037 
f 3730 3731 4039 4038 
f 3731 3732 4040 4039 
f 3732 3733 4041 4040 
f 3733 3734 4042 4041 
f 3734 3735 4043 4042 
f 3735 3736 4044 4043 
f 3736 3737 4045 4044 
f 3737 3738 4046 4045 
f 3738 3739 4047 4046 
f 3739 3740 4048 4047 
f 3740 3741 4049 4048 
f 3742 3743 4051 4050 
f 3743 3744 4052 4051 
f 3744 3745 4053 4052 
f 3745 3714 4022 4053 
f 3716 3715 4023 4024 
f 3721 3722 4030 4029 
f 3722 3723 4031 4030 
f 3723 3724 4032 4031 
f 3741 3742 4050 4049 
s 1
f 4092 4090 4054 4078 
f 4090 4055 4056 4054 
f 4055 4057 4058 4056 
f 4057 4086 4059 4058 
f 4086 4060 4061 4059 
f 4060 4083 4062 4061 
f 4083 4063 4064 4062 
f 4063 4080 4065 4064 
f 4080 4066 4067 4065 
f 4066 4068 4069 4067 
f 4068 4099 4070 4069 
f 4099 4071 4072 4070 
f 4071 4073 4074 4072 
f 4073 4095 4075 4074 
f 4095 4076 4077 4075 
f 4076 4092 4078 4077 
s 2
f 4079 4101 4066 4080 
f 4081 4079 4080 4063 
f 4082 4081 4063 4083 
f 4084 4082 4083 4060 
f 4085 4084 4060 4086 
f 4087 4085 4086 4057 
f 4088 4087 4057 4055 
f 4089 4088 4055 4090 
f 4090 4092 4091 4089 
f 4092 4076 4093 4091 
f 4076 4095 4094 4093 
f 4096 4094 4095 4073 
f 4097 4096 4073 4071 
f 4098 4097 4071 4099 
f 4100 4098 4099 4068 
f 4101 4100 4068 4066 
f 4078 4054 4118 4133 
f 4054 4056 4119 4118 
f 4056 4058 4120 4119 
f 4058 4059 4121 4120 
f 4059 4061 4122 4121 
f 4061 4062 4123 4122 
f 4062 4064 4124 4123 
f 4064 4065 4125 4124 
f 4065 4067 4126 4125 
f 4067 4069 4127 4126 
f 4069 4070 4128 4127 
f 4070 4072 4129 4128 
f 4072 4074 4130 4129 
f 4074 4075 4131 4130 
f 4075 4077 4132 4131 
f 4077 4078 4133 4132 
f 4118 4134 4149 4133 
f 4119 4135 4134 4118 
f 4120 4136 4135 4119 
f 4121 4137 4136 4120 
f 4122 4138 4137 4121 
f 4123 4139 4138 4122 
f 4124 4140 4139 4123 
f 4125 4141 4140 4124 
f 4126 4142 4141 4125 
f 4127 4143 4142 4126 
f 4128 4144 4143 4127 
f 4129 4145 4144 4128 
f 4130 4146 4145 4129 
f 4131 4147 4146 4130 
f 4132 4148 4147 4131 
f 4133 4149 4148 4132 
f 4134 4102 4117 4149 
f 4135 4103 4102 4134 
f 4136 4104 4103 4135 
f 4137 4105 4104 4136 
f 4138 4106 4105 4137 
f 4139 4107 4106 4138 
f 4140 4108 4107 4139 
f 4141 4109 4108 4140 
f 4142 4110 4109 4141 
f 4143 4111 4110 4142 
f 4144 4112 4111 4143 
f 4145 4113 4112 4144 
f 4146 4114 4113 4145 
f 4147 4115 4114 4146 
f 4148 4116 4115 4147 
f 4149 4117 4116 4148 
f 4117 4102 4150 4165 
f 4102 4103 4151 4150 
f 4103 4104 4152 4151 
f 4104 4105 4153 4152 
f 4105 4106 4154 4153 
f 4106 4107 4155 4154 
f 4107 4108 4156 4155 
f 4108 4109 4157 4156 
f 4109 4110 4158 4157 
f 4110 4111 4159 4158 
f 4111 4112 4160 4159 
f 4112 4113 4161 4160 
f 4113 4114 4162 4161 
f 4114 4115 4163 4162 
f 4115 4116 4164 4163 
f 4116 4117 4165 4164 
f 4165 4150 4166 
f 4150 4151 4166 
f 4151 4152 4166 
f 4152 4153 4166 
f 4153 4154 4166 
f 4154 4155 4166 
f 4155 4156 4166 
f 4156 4157 4166 
f 4157 4158 4166 
f 4158 4159 4166 
f 4159 4160 4166 
f 4160 4161 4166 
f 4161 4162 4166 
f 4162 4163 4166 
f 4163 4164 4166 
f 4164 4165 4166 
s 1
f 4167 4170 4169 4168 
f 4168 4169 4172 4171 
f 4171 4172 4174 4173 
f 4173 4174 4176 4175 
f 4175 4176 4178 4177 
f 4177 4178 4180 4179 
f 4179 4180 4182 4181 
f 4181 4182 4184 4183 
f 4183 4184 4186 4185 
f 4185 4186 4188 4187 
f 4187 4188 4190 4189 
f 4189 4190 4192 4191 
f 4191 4192 4194 4193 
f 4193 4194 4196 4195 
f 4195 4196 4489 4490 
f 4168 4198 4197 4167 
f 4171 4199 4198 4168 
f 4173 4200 4199 4171 
f 4175 4201 4200 4173 
f 4177 4202 4201 4175 
f 4179 4203 4202 4177 
f 4181 4204 4203 4179 
f 4183 4205 4204 4181 
f 4185 4206 4205 4183 
f 4187 4207 4206 4185 
f 4189 4208 4207 4187 
f 4191 4209 4208 4189 
f 4193 4210 4209 4191 
f 4195 4211 4210 4193 
f 4490 4506 4211 4195 
f 4259 4219 4216 4258 
f 4258 4216 4212 4257 
f 4257 4212 4256 
f 4254 4280 4281 4253 
f 4253 4281 4282 4252 
f 4252 4282 4520 4521 
f 4198 4222 4221 4197 
f 4199 4223 4222 4198 
f 4200 4224 4223 4199 
f 4201 4225 4224 4200 
f 4202 4226 4225 4201 
f 4203 4227 4226 4202 
f 4204 4228 4227 4203 
f 4205 4229 4228 4204 
f 4206 4230 4229 4205 
f 4207 4231 4230 4206 
f 4208 4232 4231 4207 
f 4209 4233 4232 4208 
f 4210 4234 4233 4209 
f 4211 4235 4234 4210 
f 4506 4590 4235 4211 
f 4219 4259 4260 4213 
f 4213 4260 4261 4214 
f 4214 4261 4262 4288 
f 4264 4265 4285 4284 
f 4265 4266 4286 4285 
f 4266 4267 4287 4286 
f 4238 4285 4286 4237 
f 4239 4284 4285 4238 
f 4240 4283 4284 4239 
f 4243 4213 4214 4242 
f 4244 4219 4213 4243 
f 4245 4217 4219 4244 
f 4246 4220 4217 4245 
f 4250 4269 4270 4249 
f 4251 4268 4269 4250 
f 4276 4218 4215 4275 
f 4219 4217 4216 
f 4275 4215 4274 
f 4277 4218 4276 
f 4288 4283 4240 4241 
f 4215 4218 4216 4217 
f 4270 4271 4248 4249 
f 4271 4272 4247 4248 
f 4263 4264 4284 4283 
f 4288 4262 4263 4283 
f 4255 4278 4279 4374 
f 4247 4272 4220 4353 
f 4220 4215 4217 
f 4220 4273 4274 4215 
f 4272 4273 4220 
f 4216 4218 4212 
f 4218 4277 4278 4212 
f 4167 4570 4571 4170 
f 4197 4572 4570 4167 
f 4251 4573 4574 4268 
f 4286 4287 4236 4237 
f 4221 4222 4269 4268 
f 4222 4223 4270 4269 
f 4223 4224 4271 4270 
f 4224 4225 4272 4271 
f 4225 4226 4273 4272 
f 4226 4227 4274 4273 
f 4227 4228 4275 4274 
f 4228 4229 4276 4275 
f 4229 4230 4277 4276 
f 4230 4231 4278 4277 
f 4231 4232 4279 4278 
f 4232 4233 4280 4279 
f 4233 4234 4281 4280 
f 4234 4235 4282 4281 
f 4235 4590 4520 4282 
f 4221 4591 4572 4197 
f 4591 4221 4268 4574 
f 4241 4242 4214 4288 
f 4237 4236 4305 4306 
f 4238 4237 4306 4307 
f 4239 4238 4307 4308 
f 4240 4239 4308 4309 
f 4241 4240 4309 4310 
f 4242 4241 4310 4311 
f 4243 4242 4311 4312 
f 4244 4243 4312 4313 
f 4245 4244 4313 4314 
f 4246 4245 4314 4315 
f 4247 4353 4355 4316 
f 4248 4247 4316 4317 
f 4249 4248 4317 4318 
f 4250 4249 4318 4319 
f 4251 4250 4319 4320 
f 4573 4251 4320 4608 
f 4305 4289 4290 4306 
f 4306 4290 4291 4307 
f 4307 4291 4292 4308 
f 4308 4292 4293 4309 
f 4309 4293 4294 4310 
f 4310 4294 4295 4311 
f 4311 4295 4296 4312 
f 4312 4296 4297 4313 
f 4313 4297 4298 4314 
f 4314 4298 4299 4315 
f 4315 4299 4354 4355 
f 4316 4300 4301 4317 
f 4317 4301 4302 4318 
f 4318 4302 4303 4319 
f 4319 4303 4304 4320 
f 4320 4304 4625 4608 
f 4290 4289 4321 4322 
f 4291 4290 4322 4323 
f 4292 4291 4323 4324 
f 4293 4292 4324 4325 
f 4294 4293 4325 4326 
f 4295 4294 4326 4327 
f 4296 4295 4327 4328 
f 4297 4296 4328 4329 
f 4298 4297 4329 4330 
f 4299 4298 4330 4331 
f 4300 4354 4356 4332 
f 4301 4300 4332 4333 
f 4302 4301 4333 4334 
f 4303 4302 4334 4335 
f 4304 4303 4335 4336 
f 4625 4304 4336 4642 
s 2
f 4440 4441 4442 4443 
f 4439 4440 4443 4444 
f 4438 4439 4444 4445 
f 4437 4438 4445 4446 
f 4436 4437 4446 4447 
f 4435 4436 4447 4448 
f 4434 4435 4448 4449 
f 4433 4434 4449 4450 
f 4432 4433 4450 4451 
f 4431 4432 4451 4452 
f 4429 4430 4453 4454 
f 4428 4429 4454 4455 
f 4427 4428 4455 4456 
f 4426 4427 4456 4457 
f 4425 4426 4457 4458 
f 4675 4425 4458 4676 
s 1
f 4338 4337 4678 
f 4339 4338 4678 
f 4340 4339 4678 
f 4341 4340 4678 
f 4342 4341 4678 
f 4343 4342 4678 
f 4344 4343 4678 
f 4345 4344 4678 
f 4346 4345 4678 
f 4347 4346 4678 
f 4348 4357 4678 
f 4349 4348 4678 
f 4350 4349 4678 
f 4351 4350 4678 
f 4352 4351 4678 
f 4694 4352 4678 
f 4353 4246 4315 4355 
f 4354 4300 4316 4355 
f 4354 4299 4331 4356 
s 2
f 4430 4431 4452 4453 
s 1
f 4220 4246 4353 
f 4252 4521 4695 4376 
f 4253 4252 4376 4377 
f 4254 4253 4377 4378 
f 4255 4374 4392 4379 
f 4256 4255 4379 4380 
f 4257 4256 4380 4381 
f 4258 4257 4381 4382 
f 4259 4258 4382 4383 
f 4260 4259 4383 4384 
f 4261 4260 4384 4385 
f 4262 4261 4385 4386 
f 4263 4262 4386 4387 
f 4264 4263 4387 4388 
f 4265 4264 4388 4389 
f 4266 4265 4389 4390 
f 4267 4266 4390 4391 
f 4374 4254 4378 4392 
f 4279 4280 4254 4374 
f 4695 4712 4358 4376 
f 4376 4358 4359 4377 
f 4377 4359 4360 4378 
f 4392 4375 4361 4379 
f 4379 4361 4362 4380 
f 4380 4362 4363 4381 
f 4381 4363 4364 4382 
f 4382 4364 4365 4383 
f 4383 4365 4366 4384 
f 4384 4366 4367 4385 
f 4385 4367 4368 4386 
f 4386 4368 4369 4387 
f 4387 4369 4370 4388 
f 4388 4370 4371 4389 
f 4389 4371 4372 4390 
f 4390 4372 4373 4391 
f 4378 4360 4375 4392 
f 4358 4712 4729 4393 
f 4359 4358 4393 4394 
f 4360 4359 4394 4395 
f 4375 4360 4395 4408 
f 4362 4361 4396 4397 
f 4363 4362 4397 4398 
f 4364 4363 4398 4399 
f 4365 4364 4399 4400 
f 4366 4365 4400 4401 
f 4367 4366 4401 4402 
f 4368 4367 4402 4403 
f 4369 4368 4403 4404 
f 4370 4369 4404 4405 
f 4371 4370 4405 4406 
f 4372 4371 4406 4407 
f 4373 4372 4407 4746 
f 4361 4375 4408 4396 
s 2
f 4393 4729 4747 4409 
f 4394 4393 4409 4410 
f 4395 4394 4410 4411 
f 4408 4395 4411 4424 
f 4397 4396 4412 4413 
f 4398 4397 4413 4414 
f 4399 4398 4414 4415 
f 4400 4399 4415 4416 
f 4401 4400 4416 4417 
f 4402 4401 4417 4418 
f 4403 4402 4418 4419 
f 4404 4403 4419 4420 
f 4405 4404 4420 4421 
f 4406 4405 4421 4422 
f 4407 4406 4422 4423 
f 4746 4407 4423 4764 
f 4396 4408 4424 4412 
s 1
f 4357 4347 4678 
s 2
f 4642 4336 4425 4675 
f 4336 4335 4426 4425 
f 4335 4334 4427 4426 
f 4334 4333 4428 4427 
f 4333 4332 4429 4428 
f 4332 4356 4430 4429 
f 4356 4331 4431 4430 
f 4331 4330 4432 4431 
f 4330 4329 4433 4432 
f 4329 4328 4434 4433 
f 4328 4327 4435 4434 
f 4327 4326 4436 4435 
f 4326 4325 4437 4436 
f 4325 4324 4438 4437 
f 4324 4323 4439 4438 
f 4323 4322 4440 4439 
f 4322 4321 4441 4440 
f 4337 4338 4443 4442 
f 4338 4339 4444 4443 
f 4339 4340 4445 4444 
f 4340 4341 4446 4445 
f 4341 4342 4447 4446 
f 4342 4343 4448 4447 
f 4343 4344 4449 4448 
f 4344 4345 4450 4449 
f 4345 4346 4451 4450 
f 4346 4347 4452 4451 
f 4347 4357 4453 4452 
f 4357 4348 4454 4453 
f 4348 4349 4455 4454 
f 4349 4350 4456 4455 
f 4350 4351 4457 4456 
f 4351 4352 4458 4457 
f 4352 4694 4676 4458 
s 1
f 4212 4278 4255 4256 
f 4459 4462 4461 4460 
f 4462 4464 4463 4461 
f 4464 4466 4465 4463 
f 4466 4468 4467 4465 
f 4468 4470 4469 4467 
f 4470 4472 4471 4469 
f 4472 4474 4473 4471 
f 4474 4476 4475 4473 
f 4476 4478 4477 4475 
f 4478 4480 4479 4477 
f 4480 4482 4481 4479 
f 4482 4484 4483 4481 
f 4484 4486 4485 4483 
f 4486 4488 4487 4485 
f 4488 4490 4489 4487 
f 4462 4459 4492 4491 
f 4464 4462 4491 4493 
f 4466 4464 4493 4494 
f 4468 4466 4494 4495 
f 4470 4468 4495 4496 
f 4472 4470 4496 4497 
f 4474 4472 4497 4498 
f 4476 4474 4498 4499 
f 4478 4476 4499 4500 
f 4480 4478 4500 4501 
f 4482 4480 4501 4502 
f 4484 4482 4502 4503 
f 4486 4484 4503 4504 
f 4488 4486 4504 4505 
f 4490 4488 4505 4506 
f 4507 4510 4509 4508 
f 4510 4512 4511 4509 
f 4512 4513 4511 
f 4514 4517 4516 4515 
f 4517 4519 4518 4516 
f 4519 4521 4520 4518 
f 4491 4492 4575 4576 
f 4493 4491 4576 4577 
f 4494 4493 4577 4578 
f 4495 4494 4578 4579 
f 4496 4495 4579 4580 
f 4497 4496 4580 4581 
f 4498 4497 4581 4582 
f 4499 4498 4582 4583 
f 4500 4499 4583 4584 
f 4501 4500 4584 4585 
f 4502 4501 4585 4586 
f 4503 4502 4586 4587 
f 4504 4503 4587 4588 
f 4505 4504 4588 4589 
f 4506 4505 4589 4590 
f 4508 4537 4522 4507 
f 4537 4538 4523 4522 
f 4538 4525 4524 4523 
f 4526 4529 4528 4527 
f 4527 4528 4531 4530 
f 4530 4531 4287 4267 
f 4532 4533 4531 4528 
f 4534 4532 4528 4529 
f 4535 4534 4529 4563 
f 4536 4539 4538 4537 
f 4540 4536 4537 4508 
f 4541 4540 4508 4542 
f 4543 4541 4542 4544 
f 4545 4548 4547 4546 
f 4549 4545 4546 4550 
f 4551 4554 4553 4552 
f 4508 4509 4542 
f 4554 4555 4553 
f 4556 4551 4552 
f 4525 4557 4535 4563 
f 4553 4542 4509 4552 
f 4547 4548 4559 4558 
f 4558 4559 4561 4560 
f 4562 4563 4529 4526 
f 4525 4563 4562 4524 
f 4564 4567 4566 4565 
f 4561 4568 4544 4560 
f 4542 4553 4544 
f 4544 4553 4555 4569 
f 4560 4544 4569 
f 4509 4511 4552 
f 4552 4511 4565 4556 
f 4459 4460 4571 4570 
f 4492 4459 4570 4572 
f 4549 4550 4574 4573 
f 4531 4533 4236 4287 
f 4575 4550 4546 4576 
f 4576 4546 4547 4577 
f 4577 4547 4558 4578 
f 4578 4558 4560 4579 
f 4579 4560 4569 4580 
f 4580 4569 4555 4581 
f 4581 4555 4554 4582 
f 4582 4554 4551 4583 
f 4583 4551 4556 4584 
f 4584 4556 4565 4585 
f 4585 4565 4566 4586 
f 4586 4566 4515 4587 
f 4587 4515 4516 4588 
f 4588 4516 4518 4589 
f 4589 4518 4520 4590 
f 4575 4492 4572 4591 
f 4574 4550 4575 4591 
f 4557 4525 4538 4539 
f 4533 4592 4305 4236 
f 4532 4593 4592 4533 
f 4534 4594 4593 4532 
f 4535 4595 4594 4534 
f 4557 4596 4595 4535 
f 4539 4597 4596 4557 
f 4536 4598 4597 4539 
f 4540 4599 4598 4536 
f 4541 4600 4599 4540 
f 4543 4601 4600 4541 
f 4561 4603 4602 4568 
f 4559 4604 4603 4561 
f 4548 4605 4604 4559 
f 4545 4606 4605 4548 
f 4549 4607 4606 4545 
f 4573 4608 4607 4549 
f 4305 4592 4609 4289 
f 4592 4593 4610 4609 
f 4593 4594 4611 4610 
f 4594 4595 4612 4611 
f 4595 4596 4613 4612 
f 4596 4597 4614 4613 
f 4597 4598 4615 4614 
f 4598 4599 4616 4615 
f 4599 4600 4617 4616 
f 4600 4601 4618 4617 
f 4601 4602 4619 4618 
f 4603 4604 4621 4620 
f 4604 4605 4622 4621 
f 4605 4606 4623 4622 
f 4606 4607 4624 4623 
f 4607 4608 4625 4624 
f 4609 4626 4321 4289 
f 4610 4627 4626 4609 
f 4611 4628 4627 4610 
f 4612 4629 4628 4611 
f 4613 4630 4629 4612 
f 4614 4631 4630 4613 
f 4615 4632 4631 4614 
f 4616 4633 4632 4615 
f 4617 4634 4633 4616 
f 4618 4635 4634 4617 
f 4620 4637 4636 4619 
f 4621 4638 4637 4620 
f 4622 4639 4638 4621 
f 4623 4640 4639 4622 
f 4624 4641 4640 4623 
f 4625 4642 4641 4624 
s 2
f 4643 4644 4442 4441 
f 4645 4646 4644 4643 
f 4647 4648 4646 4645 
f 4649 4650 4648 4647 
f 4651 4652 4650 4649 
f 4653 4654 4652 4651 
f 4655 4656 4654 4653 
f 4657 4658 4656 4655 
f 4659 4660 4658 4657 
f 4661 4662 4660 4659 
f 4663 4666 4665 4664 
f 4667 4668 4666 4663 
f 4669 4670 4668 4667 
f 4671 4672 4670 4669 
f 4673 4674 4672 4671 
f 4675 4676 4674 4673 
s 1
f 4677 4678 4337 
f 4679 4678 4677 
f 4680 4678 4679 
f 4681 4678 4680 
f 4682 4678 4681 
f 4683 4678 4682 
f 4684 4678 4683 
f 4685 4678 4684 
f 4686 4678 4685 
f 4687 4678 4686 
f 4688 4678 4689 
f 4690 4678 4688 
f 4691 4678 4690 
f 4692 4678 4691 
f 4693 4678 4692 
f 4694 4678 4693 
f 4568 4602 4601 4543 
f 4602 4603 4620 4619 
f 4619 4636 4635 4618 
s 2
f 4664 4665 4662 4661 
s 1
f 4544 4568 4543 
f 4519 4696 4695 4521 
f 4517 4697 4696 4519 
f 4514 4698 4697 4517 
f 4564 4700 4699 4567 
f 4513 4701 4700 4564 
f 4512 4702 4701 4513 
f 4510 4703 4702 4512 
f 4507 4704 4703 4510 
f 4522 4705 4704 4507 
f 4523 4706 4705 4522 
f 4524 4707 4706 4523 
f 4562 4708 4707 4524 
f 4526 4709 4708 4562 
f 4527 4710 4709 4526 
f 4530 4711 4710 4527 
f 4267 4391 4711 4530 
f 4567 4699 4698 4514 
f 4566 4567 4514 4515 
f 4695 4696 4713 4712 
f 4696 4697 4714 4713 
f 4697 4698 4715 4714 
f 4699 4700 4717 4716 
f 4700 4701 4718 4717 
f 4701 4702 4719 4718 
f 4702 4703 4720 4719 
f 4703 4704 4721 4720 
f 4704 4705 4722 4721 
f 4705 4706 4723 4722 
f 4706 4707 4724 4723 
f 4707 4708 4725 4724 
f 4708 4709 4726 4725 
f 4709 4710 4727 4726 
f 4710 4711 4728 4727 
f 4711 4391 4373 4728 
f 4698 4699 4716 4715 
f 4713 4730 4729 4712 
f 4714 4731 4730 4713 
f 4715 4732 4731 4714 
f 4716 4733 4732 4715 
f 4718 4735 4734 4717 
f 4719 4736 4735 4718 
f 4720 4737 4736 4719 
f 4721 4738 4737 4720 
f 4722 4739 4738 4721 
f 4723 4740 4739 4722 
f 4724 4741 4740 4723 
f 4725 4742 4741 4724 
f 4726 4743 4742 4725 
f 4727 4744 4743 4726 
f 4728 4745 4744 4727 
f 4373 4746 4745 4728 
f 4717 4734 4733 4716 
s 2
f 4730 4748 4747 4729 
f 4731 4749 4748 4730 
f 4732 4750 4749 4731 
f 4733 4751 4750 4732 
f 4735 4753 4752 4734 
f 4736 4754 4753 4735 
f 4737 4755 4754 4736 
f 4738 4756 4755 4737 
f 4739 4757 4756 4738 
f 4740 4758 4757 4739 
f 4741 4759 4758 4740 
f 4742 4760 4759 4741 
f 4743 4761 4760 4742 
f 4744 4762 4761 4743 
f 4745 4763 4762 4744 
f 4746 4764 4763 4745 
f 4734 4752 4751 4733 
s 1
f 4689 4678 4687 
s 2
f 4642 4675 4673 4641 
f 4641 4673 4671 4640 
f 4640 4671 4669 4639 
f 4639 4669 4667 4638 
f 4638 4667 4663 4637 
f 4637 4663 4664 4636 
f 4636 4664 4661 4635 
f 4635 4661 4659 4634 
f 4634 4659 4657 4633 
f 4633 4657 4655 4632 
f 4632 4655 4653 4631 
f 4631 4653 4651 4630 
f 4630 4651 4649 4629 
f 4629 4649 4647 4628 
f 4628 4647 4645 4627 
f 4627 4645 4643 4626 
f 4626 4643 4441 4321 
f 4337 4442 4644 4677 
f 4677 4644 4646 4679 
f 4679 4646 4648 4680 
f 4680 4648 4650 4681 
f 4681 4650 4652 4682 
f 4682 4652 4654 4683 
f 4683 4654 4656 4684 
f 4684 4656 4658 4685 
f 4685 4658 4660 4686 
f 4686 4660 4662 4687 
f 4687 4662 4665 4689 
f 4689 4665 4666 4688 
f 4688 4666 4668 4690 
f 4690 4668 4670 4691 
f 4691 4670 4672 4692 
f 4692 4672 4674 4693 
f 4693 4674 4676 4694 
s 1
f 4511 4513 4564 4565 
s off
f 4409 4747 4781 4765 
f 4410 4409 4765 4766 
f 4411 4410 4766 4767 
f 4424 4411 4767 4780 
f 4413 4412 4768 4769 
f 4414 4413 4769 4770 
f 4415 4414 4770 4771 
f 4416 4415 4771 4772 
f 4417 4416 4772 4773 
f 4418 4417 4773 4774 
f 4419 4418 4774 4775 
f 4420 4419 4775 4776 
f 4421 4420 4776 4777 
f 4422 4421 4777 4778 
f 4423 4422 4778 4779 
f 4764 4423 4779 4798 
f 4412 4424 4780 4768 
f 4747 4748 4782 4781 
f 4748 4749 4783 4782 
f 4749 4750 4784 4783 
f 4750 4751 4785 4784 
f 4752 4753 4787 4786 
f 4753 4754 4788 4787 
f 4754 4755 4789 4788 
f 4755 4756 4790 4789 
f 4756 4757 4791 4790 
f 4757 4758 4792 4791 
f 4758 4759 4793 4792 
f 4759 4760 4794 4793 
f 4760 4761 4795 4794 
f 4761 4762 4796 4795 
f 4762 4763 4797 4796 
f 4763 4764 4798 4797 
f 4751 4752 4786 4785 
f 4765 4781 4799 
f 4766 4765 4799 
f 4767 4766 4799 
f 4780 4767 4799 
f 4769 4768 4799 
f 4770 4769 4799 
f 4771 4770 4799 
f 4772 4771 4799 
f 4773 4772 4799 
f 4774 4773 4799 
f 4775 4774 4799 
f 4776 4775 4799 
f 4777 4776 4799 
f 4778 4777 4799 
f 4779 4778 4799 
f 4798 4779 4799 
f 4768 4780 4799 
f 4781 4782 4799 
f 4782 4783 4799 
f 4783 4784 4799 
f 4784 4785 4799 
f 4786 4787 4799 
f 4787 4788 4799 
f 4788 4789 4799 
f 4789 4790 4799 
f 4790 4791 4799 
f 4791 4792 4799 
f 4792 4793 4799 
f 4793 4794 4799 
f 4794 4795 4799 
f 4795 4796 4799 
f 4796 4797 4799 
f 4797 4798 4799 
f 4785 4786 4799 
s 1
f 4800 4801 4802 
f 4800 4802 4803 4804 
f 4804 4803 4805 4806 
f 4806 4805 4807 4808 
f 4807 4810 4809 4808 
f 4809 4810 4811 4812 
f 4817 4818 4812 4811 
f 9800 5358 4814 4813 
f 4813 4814 4816 4815 
f 4816 4819 4820 4815 
f 4820 4821 4818 4817 
f 4821 4820 4822 
f 4823 4820 4819 4824 
f 4825 4827 4826 
f 4824 4819 4828 
f 4829 4814 5358 5357 
f 4830 4816 4814 4829 
f 4827 4819 10489 10491 
f 4819 4827 4825 4831 
f 4828 4819 4831 
f 4822 4820 4823 
f 4832 5159 5160 4833 
f 4833 5160 5161 4834 
f 4834 5161 5397 4835 
f 4835 5397 5398 4836 
f 4836 5398 5399 4837 
f 4837 5399 5400 4838 
f 4838 5400 5404 4842 
f 4839 5401 5402 4840 
f 4841 5403 5401 4839 
f 4843 5405 5403 4841 
f 4842 5404 5405 4843 
f 4844 4845 5192 
f 4846 4845 4844 4847 
f 4846 4847 4849 4848 
f 4848 4849 4851 4850 
f 4850 4851 4853 4852 
f 4854 4852 4853 4855 
f 4856 4859 4858 4857 
f 4857 4861 4860 4856 
f 4862 4854 4855 4863 
f 4864 4860 4861 4865 
f 4865 4862 4863 4866 
f 4865 4866 4867 
f 4868 4864 4865 4869 
f 4870 4872 4871 
f 4868 4873 4864 
f 4874 4875 4859 4856 
f 4876 4874 4856 4860 
f 4871 4876 4860 4864 
f 4870 4871 4864 4877 
f 4873 4877 4864 
f 4867 4869 4865 
f 4878 4882 4912 4879 
f 7902 7903 7904 7905 
f 4882 4939 4940 4883 
f 4883 4940 4941 4884 
f 4884 4941 4942 4885 
f 4885 4942 4943 4886 
f 4886 4943 4944 4887 
f 4887 4944 4945 4888 
f 4888 4945 4946 4889 
f 4889 4946 4947 4890 
f 4890 4947 4948 4891 
f 4891 4948 4949 4892 
f 4892 4949 4950 4893 
f 4893 4950 4951 4894 
f 4894 4951 4952 4895 
f 4896 4895 4952 4953 
f 5226 5227 4898 4897 
f 5227 5228 4899 4898 
f 5228 5229 4900 4899 
f 5229 5230 4901 4900 
f 5230 5231 4902 4901 
f 5231 5232 4903 4902 
f 4904 5232 5233 
f 4906 4907 4905 4904 
f 5234 4908 4907 4906 
f 4909 4910 4908 5234 
f 5226 7904 5094 5125 
f 4880 4911 4939 4878 
f 4913 4937 4936 4912 
f 4914 4938 4937 4913 
f 4915 5362 4938 4914 
f 4915 4916 5363 5362 
f 4916 4917 5364 5363 
f 4917 4918 5365 5364 
f 4918 4922 5369 5365 
f 4919 4920 5366 5367 
f 4921 4919 5367 5368 
f 4921 5368 5370 4923 
f 4923 5370 5369 4922 
f 7906 7907 7908 7909 
f 7910 7911 7907 7906 
f 7912 7913 7911 7910 
f 7914 7915 7913 7912 
f 7916 7917 7915 7914 
f 7918 7919 7917 7916 
f 7920 7921 7919 7918 
f 7922 7923 7924 7925 
f 7925 7924 7926 7927 
f 7927 7926 7921 7920 
f 4937 4925 4924 4936 
f 4938 4926 4925 4937 
f 4927 4926 4938 5362 
f 4927 5362 5363 4928 
f 4928 5363 5364 4929 
f 4929 5364 5365 4930 
f 4930 5365 5369 4934 
f 4931 4932 5367 5366 
f 4932 4933 5368 5367 
f 4933 4935 5370 5368 
f 4935 4934 5369 5370 
f 4939 4911 5314 4940 
f 4940 5314 5315 4941 
f 4941 5315 5316 4942 
f 4942 5316 5317 4943 
f 4943 5317 5318 4944 
f 4944 5318 5319 4945 
f 4945 5319 5320 4946 
f 4946 5320 5321 4947 
f 4947 5321 5322 4948 
f 4948 5322 5323 4949 
f 4949 5323 5324 4950 
f 4950 5324 5325 4951 
f 4951 5325 5326 4952 
f 4953 4952 5326 5327 
f 4954 4955 5193 
f 4956 4955 4954 4957 
f 4956 4957 4959 4958 
f 4958 4959 4961 4960 
f 4960 4961 4962 4963 
f 4963 4962 4965 4964 
f 4965 4970 4969 4964 
f 4967 4966 5356 9803 
f 4967 4968 4971 4966 
f 4973 4972 4971 4968 
f 4973 4969 4970 4974 
f 4973 4974 4975 
f 4976 4977 4972 4973 
f 4978 4826 4827 
f 4977 4979 4972 
f 4829 5357 5356 4966 
f 4830 4829 4966 4971 
f 4827 10515 4972 
f 4978 4827 4972 4980 
f 4979 4980 4972 
f 4975 4976 4973 
f 4981 5128 5354 4982 
f 4982 5354 5355 4983 
f 4983 5355 4984 5174 
f 4984 4985 5175 5174 
f 4985 4986 5176 5175 
f 4986 4987 5177 5176 
f 4987 4991 5181 5177 
f 4988 4989 5179 5178 
f 4990 4988 5178 5180 
f 4990 5180 5182 4992 
f 4992 5182 5181 4991 
f 4993 4994 4995 
f 4993 4995 4996 4997 
f 4998 4997 4996 4999 
f 5000 4998 4999 5001 
f 5002 5000 5001 5003 
f 5003 5004 5005 5002 
f 5004 5012 5013 5005 
f 5006 5009 5008 5007 
f 5009 5006 5011 5010 
f 5010 5011 5014 5015 
f 5015 5016 5013 5012 
f 5016 5015 5017 
f 5015 5014 5019 5018 
f 5020 4871 4872 
f 5019 5014 5021 
f 4874 5006 5007 4875 
f 4876 5011 5006 4874 
f 4871 5014 5011 4876 
f 5020 5022 5014 4871 
f 5021 5014 5022 
f 5017 5015 5018 
f 5023 5024 5189 5381 
f 5024 5027 5079 5078 
f 5027 5028 5080 5079 
f 5028 5029 5081 5080 
f 5029 5030 5082 5081 
f 5030 5031 5083 5082 
f 5031 5032 5084 5083 
f 5032 5033 5085 5084 
f 5033 5034 5086 5085 
f 5034 5035 5087 5086 
f 5035 5036 5088 5087 
f 5036 5037 5089 5088 
f 5037 5038 5090 5089 
f 5038 5039 5091 5090 
f 5039 4896 4953 5091 
f 5047 5048 5246 5245 
f 5048 5049 5266 5246 
f 5049 5050 5267 5266 
f 5025 5189 5078 5051 
f 5023 5075 5076 5052 
f 5052 5076 5077 5053 
f 5053 5077 5371 5054 
f 5054 5371 5372 5055 
f 5055 5372 5373 5056 
f 5056 5373 5374 5057 
f 5057 5374 5378 5061 
f 5059 5058 5375 5376 
f 5060 5377 5375 5058 
f 5062 5379 5377 5060 
f 5061 5378 5379 5062 
f 5075 5063 5064 5076 
f 5076 5064 5065 5077 
f 5066 5371 5077 5065 
f 5067 5372 5371 5066 
f 5068 5373 5372 5067 
f 5069 5374 5373 5068 
f 5073 5378 5374 5069 
f 5071 5070 5376 5375 
f 5072 5071 5375 5377 
f 5072 5377 5379 5074 
f 5074 5379 5378 5073 
f 5078 5079 5340 5051 
f 5079 5080 5339 5340 
f 5080 5081 5338 5339 
f 5081 5082 5337 5338 
f 5082 5083 5336 5337 
f 5083 5084 5335 5336 
f 5084 5085 5334 5335 
f 5085 5086 5333 5334 
f 5086 5087 5332 5333 
f 5087 5088 5331 5332 
f 5088 5089 5330 5331 
f 5089 5090 5329 5330 
f 5090 5091 5328 5329 
f 5091 4953 5327 5328 
f 7909 7908 7928 7929 
f 5094 5093 5188 5186 
f 5096 5095 5183 5185 
f 5097 5098 5131 5383 
f 5098 5099 5132 5131 
f 5097 5383 5384 5100 
f 5100 5384 5385 5101 
f 5101 5385 5386 5102 
f 5102 5386 5387 5103 
f 5103 5387 5388 5104 
f 5104 5388 5389 5105 
f 5105 5389 5390 5106 
f 5106 5390 5391 5107 
f 5107 5391 5392 5108 
f 5108 5392 5393 5109 
f 5109 5393 5394 5110 
f 5110 5394 5395 5111 
f 5111 5395 5184 5112 
f 5099 5113 5146 5132 
f 5113 5114 5147 5146 
f 5114 5115 5148 5147 
f 5115 5116 5149 5148 
f 5116 5117 5150 5149 
f 5117 5118 5151 5150 
f 5118 5119 5152 5151 
f 5119 5120 5153 5152 
f 5120 5121 5154 5153 
f 5121 5122 5155 5154 
f 5122 5123 5156 5155 
f 5123 5124 5157 5156 
f 5124 5125 5158 5157 
f 5128 4981 5406 
f 5023 5381 5382 
f 5095 5112 5184 5183 
f 5129 5383 5131 5130 
f 5131 5132 5353 5130 
f 5133 5384 5383 5129 
f 5134 5385 5384 5133 
f 5135 5386 5385 5134 
f 5136 5387 5386 5135 
f 5137 5388 5387 5136 
f 5138 5389 5388 5137 
f 5139 5390 5389 5138 
f 5140 5391 5390 5139 
f 5141 5392 5391 5140 
f 5142 5393 5392 5141 
f 5143 5394 5393 5142 
f 5144 5395 5394 5143 
f 5145 5184 5395 5144 
f 5132 5146 5352 5353 
f 5146 5147 5351 5352 
f 5147 5148 5350 5351 
f 5148 5149 5349 5350 
f 5149 5150 5348 5349 
f 5150 5151 5347 5348 
f 5151 5152 5346 5347 
f 5152 5153 5345 5346 
f 5153 5154 5344 5345 
f 5154 5155 5343 5344 
f 5155 5156 5342 5343 
f 5156 5157 5341 5342 
f 5157 5158 5187 5341 
f 5159 5271 5272 5160 
f 5160 5272 5273 5161 
f 5161 5273 5162 5397 
f 5163 5398 5397 5162 
f 5164 5399 5398 5163 
f 5165 5400 5399 5164 
f 5169 5404 5400 5165 
f 5166 5402 5401 5167 
f 5167 5401 5403 5168 
f 5168 5403 5405 5170 
f 5170 5405 5404 5169 
f 5092 4981 4982 5171 
f 5171 4982 4983 5172 
f 5172 4983 5174 5173 
f 5174 5175 5274 5173 
f 5175 5176 5275 5274 
f 5176 5177 5276 5275 
f 5177 5181 5280 5276 
f 5178 5179 5277 5278 
f 5180 5178 5278 5279 
f 5180 5279 5281 5182 
f 5182 5281 5280 5181 
f 5145 5128 5185 5183 
f 5183 5184 5145 
f 5158 5125 5094 5186 
f 4832 5187 5186 5188 
f 5186 5187 5158 
f 4881 4880 4878 4879 
f 4939 4882 4878 
f 5026 5381 5189 5025 
f 5078 5189 5024 
f 7867 7868 7869 7870 
f 5190 5406 4981 5092 
f 5191 5382 5381 5026 
f 7929 7928 7903 7902 
f 5126 5396 5188 5093 
f 5127 5380 4936 4924 
f 5023 5382 5075 
f 4912 5380 4879 
f 5128 5406 5185 
f 4832 5396 5159 
f 5194 5050 5196 5195 
f 5197 5199 5198 
f 5200 5201 5199 5197 
f 4909 5203 5202 4910 
f 5204 5207 5206 5205 
f 5208 5210 5209 5205 
f 5211 5212 5210 5208 
f 5213 5216 5215 5214 
f 5217 5220 5219 5218 
f 5220 5206 5207 5219 
f 5221 5224 5223 5222 
f 5225 5221 5222 
f 5235 5236 5234 
f 5040 5041 5238 5237 
f 5041 5042 5239 5238 
f 5042 5043 5240 5239 
f 5043 5044 5241 5240 
f 5044 5045 5242 5241 
f 5045 5046 5243 5242 
f 5243 5245 5244 
f 5266 5248 5247 
f 5237 7896 7895 5040 
f 5197 5198 5250 5249 
f 5250 5225 5222 5249 
f 5200 5252 5251 5201 
f 5195 5196 5223 5224 
f 5248 5254 5253 5247 
f 5255 5236 5235 5256 
f 5204 5205 5257 
f 5205 5209 5257 
f 5215 5216 5212 5211 
f 5258 5234 4906 5259 
f 5260 5235 5234 5258 
f 5261 5262 5235 5260 
f 5256 5235 5262 
f 5263 5246 5266 5264 
f 5264 5266 5247 5214 
f 5247 5253 5265 
f 5266 5267 5248 
f 5236 4909 5234 
f 5203 4909 5268 
f 5268 4909 5236 5255 
f 5267 5270 5269 
f 5267 5269 5254 5248 
f 5259 4906 4904 5233 
f 5244 5245 5246 5263 
f 7923 7922 7930 7931 
f 7871 7872 7873 7874 
f 7875 7876 7872 7871 
f 7877 7878 7876 7875 
f 7879 7880 7878 7877 
f 7881 7882 7880 7879 
f 7883 7884 7882 7881 
f 7885 7886 7884 7883 
f 7887 7888 7889 7890 
f 7890 7889 7891 7892 
f 7892 7891 7893 7894 
f 7894 7893 7886 7885 
f 7868 7867 7874 7873 
f 7870 7869 7895 7896 
f 5252 4910 5202 5251 
f 5267 5050 5194 5270 
f 5261 5260 5217 5218 
f 5265 5213 5214 5247 
f 4911 4897 4898 5314 
f 5314 4898 4899 5315 
f 5315 4899 4900 5316 
f 5316 4900 4901 5317 
f 5317 4901 4902 5318 
f 5318 4902 4903 5319 
f 5319 4903 4905 5320 
f 5320 4905 4907 5321 
f 5321 4907 4908 5322 
f 5322 4908 4910 5323 
f 5323 4910 5252 5324 
f 5324 5252 5200 5325 
f 5325 5200 5197 5326 
f 5326 5197 5249 5327 
f 5327 5249 5222 5328 
f 5328 5222 5223 5329 
f 5329 5223 5196 5330 
f 5330 5196 5050 5331 
f 5331 5050 5049 5332 
f 5332 5049 5048 5333 
f 5333 5048 5047 5334 
f 5334 5047 5046 5335 
f 5335 5046 5045 5336 
f 5336 5045 5044 5337 
f 5337 5044 5043 5338 
f 5338 5043 5042 5339 
f 5339 5042 5041 5340 
f 5340 5041 5040 5051 
f 5112 5237 5238 5111 
f 5111 5238 5239 5110 
f 5110 5239 5240 5109 
f 5109 5240 5241 5108 
f 5108 5241 5242 5107 
f 5107 5242 5243 5106 
f 5106 5243 5244 5105 
f 5105 5244 5263 5104 
f 5104 5263 5264 5103 
f 5103 5264 5214 5102 
f 5102 5214 5215 5101 
f 5101 5215 5211 5100 
f 5100 5211 5208 5097 
f 5097 5208 5205 5098 
f 5098 5205 5206 5099 
f 5099 5206 5220 5113 
f 5113 5220 5217 5114 
f 5114 5217 5260 5115 
f 5115 5260 5258 5116 
f 5116 5258 5259 5117 
f 5117 5259 5233 5118 
f 5118 5233 5232 5119 
f 5119 5232 5231 5120 
f 5120 5231 5230 5121 
f 5121 5230 5229 5122 
f 5122 5229 5228 5123 
f 5123 5228 5227 5124 
f 5124 5227 5226 5125 
f 5283 5257 5209 5282 
f 5282 5209 5210 5313 
f 5313 5210 5212 5312 
f 5312 5212 5216 5311 
f 5311 5216 5213 5310 
f 5310 5213 5265 5309 
f 5309 5265 5253 5308 
f 5308 5253 5254 5307 
f 5307 5254 5269 5306 
f 5306 5269 5270 5305 
f 5270 5194 5304 5305 
f 5304 5194 5195 5303 
f 5303 5195 5224 5302 
f 5302 5224 5221 5301 
f 5301 5221 5225 5300 
f 5300 5225 5250 5299 
f 5299 5250 5198 5298 
f 5298 5198 5199 5297 
f 5297 5199 5201 5296 
f 5296 5201 5251 5295 
f 5295 5251 5202 5294 
f 5294 5202 5203 5293 
f 5293 5203 5268 5292 
f 5292 5268 5255 5291 
f 5291 5255 5256 5290 
f 5290 5256 5262 5289 
f 5289 5262 5261 5288 
f 5288 5261 5218 5287 
f 5287 5218 5219 5286 
f 5286 5219 5207 5285 
f 5285 5207 5204 5284 
f 5284 5204 5257 5283 
f 4833 4802 4801 4832 
f 5187 4832 4801 4800 
f 5187 4800 4804 5341 
f 5341 4804 4806 5342 
f 5342 4806 4808 5343 
f 5344 5343 4808 4809 
f 5345 5344 4809 4812 
f 5345 4812 4818 5346 
f 5346 4818 4821 5347 
f 5348 5347 4821 4822 
f 5348 4822 4823 5349 
f 5350 5349 4823 4824 
f 5350 4824 4828 5351 
f 5352 5351 4828 4831 
f 5353 5352 4831 4825 
f 5130 5353 4825 4826 
f 5130 4826 4978 5129 
f 5133 5129 4978 4980 
f 5133 4980 4979 5134 
f 5135 5134 4979 4977 
f 5135 4977 4976 5136 
f 5137 5136 4976 4975 
f 5138 5137 4975 4974 
f 5139 5138 4974 4970 
f 5140 5139 4970 4965 
f 5140 4965 4962 5141 
f 5141 4962 4961 5142 
f 5143 5142 4961 4959 
f 5143 4959 4957 5144 
f 5144 4957 4954 5145 
f 5145 4954 5193 5128 
f 5128 5193 4955 5354 
f 5354 4955 4956 5355 
f 5355 4956 4958 4984 
f 4984 4958 4960 4985 
f 4985 4960 4963 4986 
f 4986 4963 4964 4987 
f 4987 4964 4969 4991 
f 4991 4969 4973 4992 
f 4992 4973 4968 4990 
f 4990 4968 4967 4988 
f 4988 4967 9803 4989 
f 4839 4813 4815 4841 
f 4841 4815 4820 4843 
f 4843 4820 4817 4842 
f 4842 4817 4811 4838 
f 4838 4811 4810 4837 
f 4837 4810 4807 4836 
f 4836 4807 4805 4835 
f 4835 4805 4803 4834 
f 4834 4803 4802 4833 
f 4912 5192 4845 4913 
f 4913 4845 4846 4914 
f 4914 4846 4848 4915 
f 4915 4848 4850 4916 
f 4917 4916 4850 4852 
f 4917 4852 4854 4918 
f 4918 4854 4862 4922 
f 4922 4862 4865 4923 
f 4923 4865 4861 4921 
f 4921 4861 4857 4919 
f 4919 4857 4858 4920 
f 5359 4920 4858 4859 
f 5359 4859 4875 5360 
f 5360 4875 5007 5361 
f 5361 5007 5008 5059 
f 5058 5059 5008 5009 
f 5058 5009 5010 5060 
f 5062 5060 5010 5015 
f 5062 5015 5012 5061 
f 5061 5012 5004 5057 
f 5057 5004 5003 5056 
f 5056 5003 5001 5055 
f 5055 5001 4999 5054 
f 5054 4999 4996 5053 
f 5053 4996 4995 5052 
f 5052 4995 4994 5023 
f 5024 5023 4994 4993 
f 5024 4993 4997 5027 
f 5028 5027 4997 4998 
f 5029 5028 4998 5000 
f 5030 5029 5000 5002 
f 5031 5030 5002 5005 
f 5031 5005 5013 5032 
f 5032 5013 5016 5033 
f 5033 5016 5017 5034 
f 5035 5034 5017 5018 
f 5036 5035 5018 5019 
f 5037 5036 5019 5021 
f 5038 5037 5021 5022 
f 5038 5022 5020 5039 
f 5039 5020 4872 4896 
f 4896 4872 4870 4895 
f 4895 4870 4877 4894 
f 4894 4877 4873 4893 
f 4893 4873 4868 4892 
f 4891 4892 4868 4869 
f 4890 4891 4869 4867 
f 4889 4890 4867 4866 
f 4888 4889 4866 4863 
f 4888 4863 4855 4887 
f 4887 4855 4853 4886 
f 4886 4853 4851 4885 
f 4884 4885 4851 4849 
f 4884 4849 4847 4883 
f 4883 4847 4844 4882 
f 4882 4844 5192 4912 
f 5190 5096 5185 5406 
f 5063 5075 5382 5191 
f 5159 5396 5126 5271 
f 4879 5380 5127 4881 
f 4912 4936 5380 
f 4832 5188 5396 
f 10494 4827 10491 
f 4971 10498 10500 
s 2
f 10506 5407 5422 10504 
f 10512 5421 5420 10510 
f 10495 5415 5414 10516 
f 10521 5413 5412 10519 
f 10524 5408 5407 10506 
f 10504 5422 5421 10512 
f 10492 5416 5415 10495 
f 10488 5417 5416 10492 
f 10527 5418 5417 10488 
f 10530 5419 5418 10527 
f 10510 5420 5419 10530 
f 10497 5410 5409 10501 
f 10501 5409 5408 10524 
f 10533 5411 5410 10497 
f 10519 5412 5411 10533 
f 10516 5414 5413 10521 
f 5407 5423 5438 5422 
f 5421 5437 5436 5420 
f 5415 5431 5430 5414 
f 5413 5429 5428 5412 
f 5408 5424 5423 5407 
f 5422 5438 5437 5421 
f 5416 5432 5431 5415 
f 5417 5433 5432 5416 
f 5418 5434 5433 5417 
f 5419 5435 5434 5418 
f 5420 5436 5435 5419 
f 5410 5426 5425 5409 
f 5409 5425 5424 5408 
f 5411 5427 5426 5410 
f 5412 5428 5427 5411 
f 5414 5430 5429 5413 
f 5423 5439 5438 
f 5437 5439 5436 
f 5431 5439 5430 
f 5429 5439 5428 
f 5424 5439 5423 
f 5438 5439 5437 
f 5432 5439 5431 
f 5433 5439 5432 
f 5434 5439 5433 
f 5435 5439 5434 
f 5436 5439 5435 
f 5426 5439 5425 
f 5425 5439 5424 
f 5427 5439 5426 
f 5428 5439 5427 
f 5430 5439 5429 
s 1
f 10503 4816 4830 10507 
f 4830 10525 10507 
f 10513 4816 10503 
f 4971 10500 10525 4830 
f 4827 10494 10515 
f 4971 10534 10498 
f 10509 4816 10513 
f 4972 10518 10534 4971 
f 4972 10515 10522 
f 4972 10522 10518 
f 10528 4819 10531 
f 10489 4819 10528 
f 10531 4819 4816 10509 
f 4920 5451 5464 5366 
f 5453 5441 5467 
f 5070 5455 5465 5376 
f 5467 5441 5457 
f 7897 7898 7888 7887 
f 9804 5453 4989 9803 
f 5358 5460 5459 5357 
f 9801 5460 5358 9800 
f 5359 5461 5451 4920 
f 5366 5464 5452 4931 
f 5376 5465 5454 5059 
f 7932 7933 7931 7930 
f 5357 5459 5458 5356 
f 5360 5462 5461 5359 
f 5361 5463 5462 5360 
f 5059 5454 5463 5361 
f 4840 5402 5466 5450 
f 5442 5466 5456 
f 5451 5440 5464 
f 5455 5449 5465 
f 7899 7900 7898 7897 
f 5453 9804 9805 5441 
f 5459 5460 5445 5444 
f 5460 9801 9802 5445 
f 5451 5461 5446 5440 
f 5464 5440 5452 
f 5465 5449 5454 
f 7934 7935 7933 7932 
f 5458 5459 5444 5443 
f 5461 5462 5447 5446 
f 5462 5463 5448 5447 
f 5463 5454 5449 5448 
f 5466 5402 5166 5456 
f 5453 5467 5179 4989 
f 5467 5457 5277 5179 
f 5450 5466 5442 
f 7901 7900 7899 5469 
f 5469 7899 5441 9805 
f 5445 5473 5472 5444 
f 5470 5473 5445 9802 
f 5446 5474 5468 5440 
f 5470 7935 7934 5468 
f 5444 5472 5471 5443 
f 5447 5475 5474 5446 
f 5448 5476 5475 5447 
f 5449 5477 5476 5448 
f 5469 5478 5477 7901 
f 5471 5478 5469 
f 5473 5478 5472 
f 5470 5478 5473 
f 5474 5478 5468 
f 5468 5478 5470 
f 5472 5478 5471 
f 5475 5478 5474 
f 5476 5478 5475 
f 5477 5478 5476 
f 5677 5479 5491 
s 2
f 5481 5675 5480 5494 
s 1
f 5483 5485 5616 5510 
s 2
f 5673 5485 5483 
s 4
f 5487 5672 5486 5484 
s 8
f 5487 5507 5621 5620 
s 1
f 5493 5676 5490 5499 
s 4
f 5479 5625 5508 5491 
f 5494 5491 5508 5506 
s 1
f 5484 5483 5510 5509 
s 2
f 5496 5679 5495 5497 
s 4
f 5674 5611 5498 
s 8
f 5497 5498 5511 5505 
f 5611 5610 5511 5498 
f 5499 5488 5507 5512 
s 16
f 5506 5500 5494 
s 32
f 5501 5494 5500 
s 64
f 5502 5505 5494 
s 32
f 5497 5501 5503 
s 16
f 5509 5503 5484 
s 32
f 5484 5501 5504 
s 64
f 5512 5504 5499 
s 32
f 5499 5501 5500 
s 4
f 5508 5493 5499 5506 
s 1
f 5510 5496 5497 5509 
s 8
f 5511 5481 5494 5505 
f 5507 5487 5484 5512 
s 32
f 5484 5503 5501 
f 5497 5502 5501 
f 5501 5502 5494 
s 64
f 5502 5497 5505 
s 16
f 5509 5497 5503 
s 64
f 5512 5484 5504 
s 16
f 5506 5499 5500 
s 1
f 5616 5615 5496 5510 
s 8
f 5610 5482 5481 5511 
s 4
f 5625 5492 5493 5508 
s 8
f 5507 5488 5489 5621 
s 2
f 5678 5489 5488 
s 16
f 5576 5575 5513 5514 
f 5515 5516 5514 5513 
f 5515 5517 5518 5516 
f 5519 5520 5518 5517 
f 5521 5522 5520 5519 
f 5523 5524 5522 5521 
f 5526 5525 5524 5523 
f 5527 5528 5525 5526 
f 5529 5530 5528 5527 
f 5531 5532 5530 5529 
f 5531 5533 5534 5532 
f 5536 5535 5534 5533 
f 5537 5538 5535 5536 
f 5539 5540 5538 5537 
f 5542 5541 5540 5539 
f 5544 5543 5541 5542 
f 5545 5546 5543 5544 
f 5547 5548 5546 5545 
f 5547 5549 5550 5548 
f 5552 5551 5550 5549 
f 5553 5554 5551 5552 
f 5555 5556 5554 5553 
f 5557 5558 5556 5555 
f 5559 5560 5558 5557 
f 5561 5562 5560 5559 
f 5561 5563 5564 5562 
f 5565 5566 5564 5563 
f 5567 5568 5566 5565 
f 5569 5570 5568 5567 
f 5571 5572 5570 5569 
f 5573 5574 5572 5571 
f 5575 5576 5574 5573 
f 5515 5513 5680 5681 
f 5517 5515 5681 5682 
f 5519 5517 5682 5683 
f 5521 5519 5683 5684 
f 5523 5521 5684 5685 
f 5526 5523 5685 5686 
f 5527 5526 5686 5687 
f 5529 5527 5687 5688 
f 5531 5529 5688 5689 
f 5533 5531 5689 5690 
f 5536 5533 5690 5691 
f 5537 5536 5691 5692 
f 5539 5537 5692 5693 
f 5542 5539 5693 5694 
f 5544 5542 5694 5695 
f 5545 5544 5695 5696 
f 5547 5545 5696 5697 
f 5549 5547 5697 5698 
f 5552 5549 5698 5699 
f 5553 5552 5699 5700 
f 5555 5553 5700 5701 
f 5557 5555 5701 5702 
f 5559 5557 5702 5703 
f 5561 5559 5703 5704 
f 5563 5561 5704 5705 
f 5565 5563 5705 5706 
f 5567 5565 5706 5707 
f 5569 5567 5707 5708 
f 5571 5569 5708 5709 
f 5573 5571 5709 5710 
f 5575 5573 5710 5711 
f 5513 5575 5711 5680 
f 5578 5577 5628 5629 
f 5579 5578 5629 5630 
f 5580 5579 5630 5631 
f 5581 5580 5631 5632 
f 5582 5581 5632 5633 
f 5583 5582 5633 5634 
f 5584 5583 5634 5635 
f 5585 5584 5635 5636 
f 5586 5585 5636 5637 
f 5587 5586 5637 5638 
f 5588 5587 5638 5639 
f 5589 5588 5639 5640 
f 5590 5589 5640 5641 
f 5591 5590 5641 5642 
f 5592 5591 5642 5643 
f 5593 5592 5643 5644 
f 5594 5593 5644 5645 
f 5595 5594 5645 5646 
f 5596 5595 5646 5647 
f 5597 5596 5647 5648 
f 5598 5597 5648 5649 
f 5599 5598 5649 5650 
f 5600 5599 5650 5651 
f 5601 5600 5651 5652 
f 5602 5601 5652 5653 
f 5603 5602 5653 5654 
f 5604 5603 5654 5655 
f 5605 5604 5655 5656 
f 5606 5605 5656 5657 
f 5607 5606 5657 5658 
f 5608 5607 5658 5659 
f 5577 5608 5659 5628 
f 5628 5627 5609 5629 
f 5629 5609 5630 
f 5630 5609 5482 5631 
f 5631 5482 5610 
f 5631 5610 5632 
f 5632 5610 5611 5633 
f 5633 5611 5612 
f 5633 5612 5634 
f 5634 5612 5613 5635 
f 5635 5613 5636 
f 5636 5613 5614 5637 
f 5637 5614 5638 
f 5638 5614 5615 5639 
f 5639 5615 5616 
f 5639 5616 5640 
f 5640 5616 5485 5641 
f 5641 5485 5617 
f 5641 5617 5642 
f 5642 5617 5618 5643 
f 5643 5618 5644 
f 5644 5618 5619 5645 
f 5645 5619 5646 
f 5646 5619 5620 5647 
f 5647 5620 5621 
f 5647 5621 5648 
f 5648 5621 5489 5649 
f 5649 5489 5622 5650 
f 5650 5622 5623 5651 
f 5651 5623 5652 
f 5652 5623 5624 5653 
f 5653 5624 5654 
f 5654 5624 5492 5655 
f 5655 5492 5625 
f 5655 5625 5656 
f 5656 5625 5479 5657 
f 5657 5479 5626 
f 5657 5626 5658 
f 5658 5626 5627 5659 
f 5659 5627 5628 
f 5617 5485 5673 5660 
f 5618 5617 5660 5661 
f 5619 5618 5661 5662 
f 5620 5619 5662 5672 
f 5622 5489 5678 5663 
f 5623 5622 5663 5664 
f 5624 5623 5664 5665 
f 5492 5624 5665 5676 
f 5612 5611 5674 5666 
f 5613 5612 5666 5667 
f 5614 5613 5667 5668 
f 5615 5614 5668 5679 
f 5609 5627 5671 5669 
f 5482 5609 5669 5675 
f 5626 5479 5677 5670 
f 5627 5626 5670 5671 
f 5673 5486 5660 
f 5660 5486 5661 
f 5661 5486 5662 
f 5662 5486 5672 
f 5678 5490 5663 
f 5663 5490 5664 
f 5664 5490 5665 
f 5665 5490 5676 
f 5674 5495 5666 
f 5666 5495 5667 
f 5667 5495 5668 
f 5668 5495 5679 
f 5671 5480 5669 
f 5669 5480 5675 
f 5677 5480 5670 
f 5670 5480 5671 
s 4
f 5487 5620 5672 
s 2
f 5483 5484 5486 5673 
s 4
f 5498 5497 5495 5674 
s 2
f 5481 5482 5675 
s 1
f 5493 5492 5676 
f 5491 5494 5480 5677 
s 2
f 5488 5499 5490 5678 
f 5496 5615 5679 
s 16
f 5680 5577 5578 5681 
f 5681 5578 5579 5682 
f 5682 5579 5580 5683 
f 5683 5580 5581 5684 
f 5684 5581 5582 5685 
f 5685 5582 5583 5686 
f 5686 5583 5584 5687 
f 5687 5584 5585 5688 
f 5688 5585 5586 5689 
f 5689 5586 5587 5690 
f 5690 5587 5588 5691 
f 5691 5588 5589 5692 
f 5692 5589 5590 5693 
f 5693 5590 5591 5694 
f 5694 5591 5592 5695 
f 5695 5592 5593 5696 
f 5696 5593 5594 5697 
f 5697 5594 5595 5698 
f 5698 5595 5596 5699 
f 5699 5596 5597 5700 
f 5700 5597 5598 5701 
f 5701 5598 5599 5702 
f 5702 5599 5600 5703 
f 5703 5600 5601 5704 
f 5704 5601 5602 5705 
f 5705 5602 5603 5706 
f 5706 5603 5604 5707 
f 5707 5604 5605 5708 
f 5708 5605 5606 5709 
f 5709 5606 5607 5710 
f 5710 5607 5608 5711 
f 5711 5608 5577 5680 
s 1
f 5576 5514 5712 5743 
f 5514 5516 5713 5712 
f 5516 5518 5714 5713 
f 5518 5520 5715 5714 
f 5520 5522 5716 5715 
f 5522 5524 5717 5716 
f 5524 5525 5718 5717 
f 5525 5528 5719 5718 
f 5528 5530 5720 5719 
f 5530 5532 5721 5720 
f 5532 5534 5722 5721 
f 5534 5535 5723 5722 
f 5535 5538 5724 5723 
f 5538 5540 5725 5724 
f 5540 5541 5726 5725 
f 5541 5543 5727 5726 
f 5543 5546 5728 5727 
f 5546 5548 5729 5728 
f 5548 5550 5730 5729 
f 5550 5551 5731 5730 
f 5551 5554 5732 5731 
f 5554 5556 5733 5732 
f 5556 5558 5734 5733 
f 5558 5560 5735 5734 
f 5560 5562 5736 5735 
f 5562 5564 5737 5736 
f 5564 5566 5738 5737 
f 5566 5568 5739 5738 
f 5568 5570 5740 5739 
f 5570 5572 5741 5740 
f 5572 5574 5742 5741 
f 5574 5576 5743 5742 
s 32
f 5499 5504 5501 
s 1
f 10645 10647 5744 5745 
f 5745 5746 10651 10645 
f 5746 5747 10654 10651 
f 5747 5748 10657 10654 
f 5748 5749 10660 10657 
f 5749 5750 10663 10660 
f 5750 5751 10666 10663 
f 5751 5752 10669 10666 
f 5752 5753 10672 10669 
f 5753 5754 10675 10672 
f 5754 5755 10678 10675 
f 5755 5756 10681 10678 
f 5756 5757 10684 10681 
f 5757 5758 10687 10684 
f 5758 5759 10690 10687 
f 5759 5744 10647 10690 
s off
f 5745 5744 5760 5761 
f 5746 5745 5761 5762 
f 5747 5746 5762 5763 
f 5748 5747 5763 5764 
f 5749 5748 5764 5765 
f 5750 5749 5765 5766 
f 5751 5750 5766 5767 
f 5752 5751 5767 5768 
f 5753 5752 5768 5769 
f 5754 5753 5769 5770 
f 5755 5754 5770 5771 
f 5756 5755 5771 5772 
f 5757 5756 5772 5773 
f 5758 5757 5773 5774 
f 5759 5758 5774 5775 
f 5744 5759 5775 5760 
f 10644 10650 5776 5791 
f 10650 10653 5777 5776 
f 10653 10656 5778 5777 
f 10656 10659 5779 5778 
f 10659 10662 5780 5779 
f 10662 10665 5781 5780 
f 10665 10668 5782 5781 
f 10668 10671 5783 5782 
f 10671 10674 5784 5783 
f 10674 10677 5785 5784 
f 10677 10680 5786 5785 
f 10680 10683 5787 5786 
f 10683 10686 5788 5787 
f 10686 10689 5789 5788 
f 10689 10648 5790 5789 
f 10648 10644 5791 5790 
s 1
f 5830 5795 5794 5793 
f 5795 5797 5796 5794 
f 5797 5799 5798 5796 
f 5799 5792 5800 5798 
f 5804 5803 5810 5809 
f 5806 5805 5803 5804 
f 5808 5807 5805 5806 
f 5801 5802 5807 5808 
f 5813 5814 5812 5811 
f 5815 5816 5814 5813 
f 5817 5818 5816 5815 
f 5809 5810 5818 5817 
f 5827 5829 5811 5812 
f 5821 5820 5819 5831 
f 5823 5822 5820 5821 
f 5826 5824 5822 5823 
f 5826 5828 5825 5824 
f 5828 5829 5827 5825 
f 5837 5836 5830 5793 
f 5819 5832 5833 5831 
f 5832 5835 5834 5833 
f 5835 5836 5837 5834 
f 5792 5799 5949 5946 
f 5795 5830 5965 5947 
f 5797 5795 5947 5948 
f 5799 5797 5948 5949 
f 5810 5803 5951 5954 
f 5803 5805 5952 5951 
f 5805 5807 5953 5952 
f 5807 5802 5950 5953 
f 5812 5814 5956 5955 
f 5814 5816 5957 5956 
f 5816 5818 5958 5957 
f 5818 5810 5954 5958 
f 5819 5820 5960 5959 
f 5820 5822 5961 5960 
f 5822 5824 5962 5961 
f 5824 5825 5963 5962 
f 5825 5827 5964 5963 
f 5827 5812 5955 5964 
f 5830 5836 5968 5965 
f 5832 5819 5959 5966 
f 5835 5832 5966 5967 
f 5836 5835 5967 5968 
f 5838 5841 5871 5874 
f 5839 5857 5862 5865 
f 5840 5839 5865 5868 
f 5841 5840 5868 5871 
f 5846 5843 5864 5861 
f 5843 5844 5867 5864 
f 5844 5845 5870 5867 
f 5845 5842 5873 5870 
f 5847 5848 5861 
f 5848 5849 5861 
f 5849 5850 5861 
f 5850 5846 5861 
f 5851 5852 5863 5862 
f 5852 5853 5863 
f 5853 5854 5863 
f 5854 5855 5863 
f 5855 5856 5863 
f 5856 5847 5861 5863 
f 5857 5860 5862 
f 5858 5851 5862 
f 5859 5858 5862 
f 5860 5859 5862 
f 5863 5861 5864 5866 
f 5862 5863 5866 5865 
f 5866 5864 5867 5869 
f 5865 5866 5869 5868 
f 5869 5867 5870 5872 
f 5868 5869 5872 5871 
f 5872 5870 5873 5875 
f 5871 5872 5875 5874 
f 5793 5794 6003 6002 
f 5794 5796 6004 6003 
f 5796 5798 6005 6004 
f 5798 5800 6006 6005 
f 5804 5809 6011 6008 
f 5806 5804 6008 6009 
f 5808 5806 6009 6010 
f 5801 5808 6010 6007 
f 5813 5811 6012 6013 
f 5815 5813 6013 6014 
f 5817 5815 6014 6015 
f 5809 5817 6015 6011 
f 5811 5829 6020 6012 
f 5821 5831 6021 6016 
f 5823 5821 6016 6017 
f 5826 5823 6017 6018 
f 5828 5826 6018 6019 
f 5829 5828 6019 6020 
f 5837 5793 6002 6024 
f 5831 5833 6022 6021 
f 5833 5834 6023 6022 
f 5834 5837 6024 6023 
f 5876 5877 5900 5899 
f 5877 5878 5901 5900 
f 5878 5879 5902 5901 
f 5879 5880 5903 5902 
f 5882 5885 5908 5905 
f 5883 5882 5905 5906 
f 5884 5883 5906 5907 
f 5881 5884 5907 5904 
f 5887 5886 5908 
f 5888 5887 5908 
f 5889 5888 5908 
f 5885 5889 5908 
f 5886 5894 5911 5908 
f 5890 5895 5899 5909 
f 5891 5890 5909 
f 5892 5891 5909 5910 
f 5893 5892 5910 5911 
f 5894 5893 5911 
f 5898 5876 5899 
f 5895 5896 5899 
f 5896 5897 5899 
f 5897 5898 5899 
f 5912 5901 5902 5913 
f 5913 5907 5906 5912 
f 5913 5902 5903 5914 
f 5914 5904 5907 5913 
f 5915 5900 5901 5912 
f 5912 5906 5905 5915 
f 5915 5909 5899 5900 
f 5905 5908 5911 5915 
f 5915 5911 5910 
f 5915 5910 5909 
f 5800 5792 5977 5978 
f 5802 5801 5974 5975 
f 5792 5946 5969 5977 
f 5842 5950 5976 5920 
f 5838 5874 5922 5919 
f 5873 5842 5920 5921 
f 5875 5873 5921 5923 
f 5874 5875 5923 5922 
f 5880 6006 6025 5995 
f 5801 6007 6027 5974 
f 5903 5880 5995 5997 
f 5881 5904 5998 5996 
f 5914 5903 5997 5999 
f 5904 5914 5999 5998 
f 5917 5916 5929 5930 
f 5918 6000 5931 5932 
f 5929 5916 5938 5939 
f 5917 5930 5940 6001 
f 5918 5932 5937 5936 
f 5937 5935 5934 5936 
f 5938 5970 5933 5939 
f 5926 5924 5941 5943 
f 5925 5927 5944 5942 
f 5928 5926 5943 5945 
f 5927 5928 5945 5944 
f 5949 5841 5838 5946 
f 5965 5857 5839 5947 
f 5947 5839 5840 5948 
f 5948 5840 5841 5949 
f 5951 5843 5846 5954 
f 5952 5844 5843 5951 
f 5953 5845 5844 5952 
f 5950 5842 5845 5953 
f 5956 5848 5847 5955 
f 5957 5849 5848 5956 
f 5958 5850 5849 5957 
f 5954 5846 5850 5958 
f 5960 5852 5851 5959 
f 5961 5853 5852 5960 
f 5962 5854 5853 5961 
f 5963 5855 5854 5962 
f 5964 5856 5855 5963 
f 5955 5847 5856 5964 
f 5968 5860 5857 5965 
f 5959 5851 5858 5966 
f 5966 5858 5859 5967 
f 5967 5859 5860 5968 
f 5946 5838 5919 5969 
f 5950 5802 5975 5976 
f 5919 5922 5982 5979 
f 5921 5920 5980 5981 
f 5923 5921 5981 5983 
f 5922 5923 5983 5982 
f 5974 5984 5985 5975 
f 5975 5985 5986 5976 
f 5976 5986 5980 5920 
f 5919 5979 5987 5969 
f 5977 5988 5989 5978 
f 5969 5987 5988 5977 
f 5982 5972 5970 5979 
f 5980 5934 5971 5981 
f 5981 5971 5973 5983 
f 5983 5973 5972 5982 
f 5984 6000 5918 5985 
f 5985 5918 5936 5986 
f 5986 5936 5934 5980 
f 5979 5970 5938 5987 
f 5988 5916 5917 5989 
f 5987 5938 5916 5988 
f 5990 5924 5926 5992 
f 5993 5927 5925 5991 
f 5992 5926 5928 5994 
f 5994 5928 5927 5993 
f 5995 5990 5992 5997 
f 5998 5993 5991 5996 
f 5997 5992 5994 5999 
f 5999 5994 5993 5998 
f 5978 5989 6026 6025 
f 5989 5917 6001 6026 
f 5996 5991 6028 6027 
f 5991 5925 6029 6028 
f 5925 5942 6030 6029 
f 5941 5924 6001 5940 
f 6003 5877 5876 6002 
f 6004 5878 5877 6003 
f 6005 5879 5878 6004 
f 6006 5880 5879 6005 
f 6011 5885 5882 6008 
f 6008 5882 5883 6009 
f 6009 5883 5884 6010 
f 6010 5884 5881 6007 
f 6012 5886 5887 6013 
f 6013 5887 5888 6014 
f 6014 5888 5889 6015 
f 6015 5889 5885 6011 
f 6020 5894 5886 6012 
f 6021 5895 5890 6016 
f 6016 5890 5891 6017 
f 6017 5891 5892 6018 
f 6018 5892 5893 6019 
f 6019 5893 5894 6020 
f 6002 5876 5898 6024 
f 6022 5896 5895 6021 
f 6023 5897 5896 6022 
f 6024 5898 5897 6023 
f 6006 5800 5978 6025 
f 6007 5881 5996 6027 
f 6026 5990 5995 6025 
f 6001 5924 5990 6026 
f 6028 5984 5974 6027 
f 6029 6000 5984 6028 
f 6030 5931 6000 6029 
f 10537 10539 10543 10545 
f 10557 10549 10551 10555 
f 10555 10551 10560 10564 
f 10564 10560 10537 10545 
f 10569 10567 10549 10557 
f 10573 10575 10579 10581 
f 10579 10575 10584 10588 
f 10588 10584 10590 10594 
f 10594 10590 10567 10569 
f 10597 10573 10581 10599 
f 10611 10603 10605 10609 
f 10609 10605 10614 10618 
f 10618 10614 10597 10599 
f 10621 10603 10611 10623 
f 10539 10626 10630 10543 
f 10630 10626 10632 10636 
f 10636 10632 10638 10642 
f 10642 10638 10621 10623 
s 2
f 10548 6031 10552 
f 10552 6031 10561 
f 10561 6031 10536 
f 10536 6031 10540 
f 10566 6031 10548 
f 10572 6031 10576 
f 10576 6031 10585 
f 10585 6031 10591 
f 10591 6031 10566 
f 10602 6031 10606 
f 10606 6031 10615 
f 10615 6031 10596 
f 10596 6031 10572 
f 10620 6031 10602 
f 10540 6031 10627 
f 10627 6031 10633 
f 10633 6031 10639 
f 10639 6031 10620 
f 10558 6032 10570 
f 10554 6032 10558 
f 10563 6032 10554 
f 10546 6032 10563 
f 10570 6032 10593 
f 10578 6032 10582 
f 10587 6032 10578 
f 10593 6032 10587 
f 10582 6032 10600 
f 10612 6032 10624 
f 10608 6032 10612 
f 10617 6032 10608 
f 10600 6032 10617 
f 10624 6032 10641 
f 10629 6032 10542 
f 10635 6032 10629 
f 10641 6032 10635 
f 10542 6032 10546 
s 1
f 6036 6037 6034 6035 
f 6034 6037 6039 6038 
f 6038 6039 6041 6040 
f 6040 6041 6043 6042 
f 6042 6043 6104 6033 
f 6065 6064 6044 6045 
f 6048 6046 6047 6049 
f 6048 6049 6051 6050 
f 6050 6051 6053 6052 
f 6052 6053 6055 6054 
f 6054 6055 6057 6056 
f 6056 6057 6059 6058 
f 6059 6061 6060 6058 
f 6061 6063 6062 6060 
f 6063 6044 6064 6062 
f 6083 6066 6067 6082 
f 6070 6068 6069 6071 
f 6072 6070 6071 6073 
f 6073 6075 6074 6072 
f 6075 6077 6076 6074 
f 6076 6077 6079 6078 
f 6078 6079 6081 6080 
f 6081 6083 6082 6080 
f 6105 6092 6093 6106 
f 6086 6084 6085 6087 
f 6087 6089 6088 6086 
f 6090 6088 6089 6091 
f 6092 6090 6091 6093 
f 6104 6102 6103 6033 
f 6096 6094 6095 6097 
f 6099 6098 6096 6097 
f 6101 6100 6098 6099 
f 6103 6102 6100 6101 
f 6109 6110 6107 6108 
f 6107 6110 6112 6111 
f 6111 6112 6114 6113 
f 6113 6114 6105 6106 
f 6084 6223 6222 6085 
f 6066 6121 6122 6067 
f 6115 6118 6117 6116 
f 6118 6120 6119 6117 
f 6120 6036 6035 6119 
f 6121 6115 6116 6122 
f 6123 6130 6131 6124 
f 6126 6132 6129 6125 
f 6130 6126 6125 6131 
f 6132 6095 6094 6129 
f 6127 6128 6109 6108 
f 6123 6124 6128 6127 
f 6133 6138 6139 6134 
f 6136 6140 6137 6135 
f 6138 6136 6135 6139 
f 6140 6047 6046 6137 
f 6141 6226 6225 6142 
f 6146 6145 6144 6143 
f 6065 6045 6145 6146 
f 6147 6143 6144 6148 
f 6149 6150 6069 6068 
f 6147 6148 6150 6149 
s 2
f 6037 6036 6165 6151 
f 6039 6037 6151 6152 
f 6041 6039 6152 6153 
f 6043 6041 6153 6154 
f 6104 6043 6154 6181 
f 6045 6044 6155 6156 
f 6049 6047 6224 6157 
f 6051 6049 6157 6158 
f 6053 6051 6158 6159 
f 6055 6053 6159 6160 
f 6057 6055 6160 6161 
f 6059 6057 6161 6162 
f 6061 6059 6162 6163 
f 6063 6061 6163 6164 
f 6044 6063 6164 6155 
f 6071 6069 6156 
f 6073 6071 6156 6166 
f 6075 6073 6166 6167 
f 6077 6075 6167 6168 
f 6079 6077 6168 6169 
f 6081 6079 6169 6170 
f 6083 6081 6170 6171 
f 6066 6083 6171 6165 
f 6084 6086 6172 6224 
f 6086 6088 6173 6172 
f 6088 6090 6174 6173 
f 6090 6092 6175 6174 
f 6092 6105 6182 6175 
f 6094 6096 6177 6176 
f 6096 6098 6178 6177 
f 6098 6100 6179 6178 
f 6100 6102 6180 6179 
f 6102 6104 6181 6180 
f 6110 6109 6176 6183 
f 6112 6110 6183 6184 
f 6114 6112 6184 6185 
f 6105 6114 6185 6182 
f 6118 6115 6165 
f 6121 6066 6165 
f 6115 6121 6165 
f 6120 6118 6165 
f 6036 6120 6165 
f 6125 6129 6094 6176 
f 6124 6131 6125 6176 
f 6128 6124 6176 
f 6109 6128 6176 
f 6136 6138 6133 6224 
f 6047 6140 6136 6224 
f 6133 6226 6224 
f 6148 6144 6156 
f 6145 6045 6156 
f 6144 6145 6156 
f 6150 6148 6156 
f 6069 6150 6156 
f 6151 6165 6200 6186 
f 6152 6151 6186 6187 
f 6153 6152 6187 6188 
f 6154 6153 6188 6189 
f 6181 6154 6189 6217 
f 6156 6155 6190 6191 
f 6157 6224 6207 6192 
f 6158 6157 6192 6193 
f 6159 6158 6193 6194 
f 6160 6159 6194 6195 
f 6161 6160 6195 6196 
f 6162 6161 6196 6197 
f 6163 6162 6197 6198 
f 6164 6163 6198 6199 
f 6155 6164 6199 6190 
f 6166 6156 6191 6201 
f 6167 6166 6201 6202 
f 6168 6167 6202 6203 
f 6169 6168 6203 6204 
f 6170 6169 6204 6205 
f 6171 6170 6205 6206 
f 6165 6171 6206 6200 
f 6224 6172 6208 6207 
f 6172 6173 6209 6208 
f 6173 6174 6210 6209 
f 6174 6175 6211 6210 
f 6175 6182 6218 6211 
f 6176 6177 6213 6212 
f 6177 6178 6214 6213 
f 6178 6179 6215 6214 
f 6179 6180 6216 6215 
f 6180 6181 6217 6216 
f 6183 6176 6212 6219 
f 6184 6183 6219 6220 
f 6185 6184 6220 6221 
f 6182 6185 6221 6218 
f 6224 6223 6084 
s 1
f 6223 6141 6142 6222 
s 2
f 6224 6141 6223 
s 1
f 6226 6133 6134 6225 
s 2
f 6226 6141 6224 
s 1
f 6237 6236 6228 6227 
f 6231 6230 6229 6323 
f 6232 6233 6230 6231 
f 6234 6235 6233 6232 
f 6234 6236 6237 6235 
s 2
f 6289 6484 6483 6298 
f 6287 6485 6484 6289 
f 6242 6486 6485 6287 
f 6243 6487 6486 6242 
f 6245 6488 6487 6243 
s 1
f 6281 6387 6280 6259 
f 6253 6252 6405 6399 
f 6248 6244 6246 6247 
f 6249 6241 6244 6248 
f 6249 6250 6240 6241 
f 6250 6251 6239 6240 
f 6253 6254 6255 6252 
f 6256 6257 6255 6254 
f 6390 6258 6257 6256 
f 6281 6259 6258 6390 
f 6251 6260 6238 6239 
f 6261 6369 6238 6260 
f 6262 6263 6369 6261 
f 6262 6264 6370 6263 
f 6264 6265 6371 6370 
f 6266 6372 6371 6265 
f 6267 6374 6372 6266 
f 6267 6268 6376 6374 
f 6268 6269 6377 6376 
f 6269 6270 6378 6377 
f 6271 6272 6378 6270 
f 6273 6380 6272 6271 
f 6273 6274 6381 6380 
f 6274 6276 6275 6381 
f 6277 6278 6275 6276 
f 6279 6384 6278 6277 
f 6279 6280 6387 6384 
f 6322 6386 6388 6296 
f 6283 6291 6292 6282 
f 6245 6243 6285 6284 
f 6243 6242 6286 6285 
f 6287 6288 6286 6242 
f 6289 6290 6288 6287 
f 6293 6392 6292 6291 
f 6293 6294 6391 6392 
f 6294 6295 6389 6391 
f 6295 6296 6388 6389 
f 6298 6297 6290 6289 
f 6298 6368 6299 6297 
f 6368 6301 6300 6299 
f 6302 6303 6300 6301 
f 6304 6305 6303 6302 
f 6304 6373 6306 6305 
f 6373 6307 6308 6306 
f 6375 6309 6308 6307 
f 6310 6311 6309 6375 
f 6379 6312 6311 6310 
f 6379 6314 6313 6312 
f 6314 6315 6316 6313 
f 6382 6317 6316 6315 
f 6383 6318 6317 6382 
f 6383 6320 6319 6318 
f 6320 6385 6321 6319 
f 6386 6322 6321 6385 
f 6325 6327 6326 6324 
f 6327 6329 6328 6326 
f 6329 6331 6330 6328 
f 6331 6333 6332 6330 
f 6333 6335 6334 6332 
f 6335 6337 6336 6334 
f 6337 6339 6338 6336 
f 6339 6341 6340 6338 
f 6341 6343 6342 6340 
f 6343 6345 6344 6342 
f 6345 6347 6346 6344 
f 6347 6349 6348 6346 
f 6349 6351 6350 6348 
f 6351 6353 6352 6350 
f 6353 6355 6354 6352 
f 6355 6357 6356 6354 
f 6357 6359 6358 6356 
f 6359 6361 6360 6358 
f 6361 6363 6362 6360 
f 6363 6365 6364 6362 
f 6365 6367 6366 6364 
f 6367 6323 6229 6366 
s 2
f 6369 6549 6603 6238 
f 6263 6550 6549 6369 
f 6263 6370 6551 6550 
f 6371 6552 6551 6370 
f 6371 6372 6553 6552 
f 6374 6554 6553 6372 
f 6376 6555 6554 6374 
f 6377 6556 6555 6376 
f 6378 6557 6556 6377 
f 6378 6272 6558 6557 
f 6380 6559 6558 6272 
f 6380 6381 6560 6559 
f 6275 6561 6560 6381 
f 6278 6562 6561 6275 
f 6384 6563 6562 6278 
f 6384 6387 6564 6563 
f 6387 6281 6565 6564 
f 6390 6566 6565 6281 
f 6390 6256 6567 6566 
f 6254 6568 6567 6256 
f 6253 6569 6568 6254 
f 6253 6399 6570 6569 
s 1
f 6291 6283 6489 6490 
f 6293 6291 6490 6491 
f 6294 6293 6491 6492 
f 6295 6294 6492 6493 
f 6296 6295 6493 6494 
f 6322 6296 6494 6495 
f 6321 6322 6495 6496 
f 6319 6321 6496 6497 
f 6318 6319 6497 6498 
f 6317 6318 6498 6499 
f 6316 6317 6499 6500 
f 6313 6316 6500 6501 
f 6312 6313 6501 6502 
f 6311 6312 6502 6503 
f 6309 6311 6503 6504 
f 6308 6309 6504 6505 
f 6306 6308 6505 6506 
f 6305 6306 6506 6507 
f 6303 6305 6507 6508 
f 6300 6303 6508 6509 
f 6299 6300 6509 6510 
f 6297 6299 6510 6511 
f 6290 6297 6511 6512 
f 6288 6290 6512 6513 
f 6286 6288 6513 6514 
f 6285 6286 6514 6515 
f 6284 6285 6515 6516 
f 6251 6250 6595 6571 
f 6327 6325 6573 6574 
f 6329 6327 6574 6575 
f 6331 6329 6575 6576 
f 6333 6331 6576 6577 
f 6335 6333 6577 6578 
f 6337 6335 6578 6579 
f 6339 6337 6579 6580 
f 6341 6339 6580 6581 
f 6343 6341 6581 6582 
f 6345 6343 6582 6583 
f 6347 6345 6583 6584 
f 6349 6347 6584 6585 
f 6351 6349 6585 6586 
f 6353 6351 6586 6572 
f 6260 6251 6571 6587 
f 6261 6260 6587 6588 
f 6262 6261 6588 6589 
f 6264 6262 6589 6590 
f 6265 6264 6590 6591 
f 6266 6265 6591 6592 
f 6267 6266 6592 6593 
f 6268 6267 6593 6594 
f 6269 6268 6594 6572 
f 6250 6249 6596 6595 
f 6249 6248 6597 6596 
f 6248 6247 6598 6597 
f 6247 6246 6397 6398 
f 6397 6395 6396 6398 
f 6405 6393 6394 6399 
f 6245 6284 6403 6404 
f 6282 6401 6402 6283 
f 6403 6410 6400 6404 
s 2
f 6245 6404 6517 6488 
f 6404 6400 6518 6517 
f 6401 6282 6543 6544 
s 1
f 6325 6324 6406 6407 
f 6324 6489 6519 6406 
f 6405 6573 6600 6393 
f 6398 6396 6601 6602 
f 6247 6398 6602 6598 
f 6227 6228 6408 6409 
f 6284 6516 6520 6403 
f 6409 6408 6411 6412 
f 6403 6520 6521 6410 
s 2
f 6414 6468 6467 6413 
f 6415 6469 6468 6414 
f 6416 6470 6469 6415 
f 6417 6471 6470 6416 
f 6418 6472 6471 6417 
f 6419 6522 6483 6413 
f 6420 6523 6522 6419 
f 6421 6524 6523 6420 
f 6422 6525 6524 6421 
f 6423 6526 6525 6422 
f 6424 6527 6526 6423 
f 6425 6528 6527 6424 
f 6426 6529 6528 6425 
f 6427 6530 6529 6426 
f 6428 6531 6530 6427 
f 6429 6532 6531 6428 
f 6430 6533 6532 6429 
f 6431 6534 6533 6430 
f 6432 6535 6534 6431 
f 6433 6536 6535 6432 
f 6434 6537 6536 6433 
f 6435 6538 6537 6434 
f 6436 6539 6538 6435 
f 6437 6540 6539 6436 
f 6438 6541 6540 6437 
f 6439 6542 6541 6438 
f 6440 6543 6542 6439 
f 6441 6473 6472 6418 
f 6442 6474 6473 6441 
f 6440 6465 6466 6443 
f 6444 6419 6413 6467 
f 6445 6420 6419 6444 
f 6446 6421 6420 6445 
f 6447 6422 6421 6446 
f 6448 6423 6422 6447 
f 6449 6424 6423 6448 
f 6450 6425 6424 6449 
f 6451 6426 6425 6450 
f 6452 6427 6426 6451 
f 6453 6428 6427 6452 
f 6454 6429 6428 6453 
f 6455 6430 6429 6454 
f 6456 6431 6430 6455 
f 6457 6432 6431 6456 
f 6458 6433 6432 6457 
f 6459 6434 6433 6458 
f 6460 6435 6434 6459 
f 6461 6436 6435 6460 
f 6462 6437 6436 6461 
f 6463 6438 6437 6462 
f 6464 6439 6438 6463 
f 6465 6440 6439 6464 
f 6468 6604 6603 6467 
f 6469 6605 6604 6468 
f 6470 6606 6605 6469 
f 6471 6607 6606 6470 
f 6472 6608 6607 6471 
f 6473 6609 6608 6472 
f 6474 6610 6609 6473 
f 6465 6570 6599 6466 
s 1
f 6474 6442 6475 6476 
f 6443 6466 6477 6478 
f 6475 6480 6479 6476 
f 6477 6482 6481 6478 
f 6475 6442 6518 6545 
f 6474 6476 6611 6610 
f 6477 6466 6599 6612 
f 6443 6478 6546 6544 
f 6402 6547 6519 
f 6407 6482 6614 6600 
f 6396 6613 6601 
f 6412 6480 6548 6521 
f 6480 6412 6411 6479 
f 6480 6475 6545 6548 
f 6396 6611 6613 
f 6482 6407 6406 6481 
f 6402 6546 6547 
f 6482 6477 6612 6614 
s 2
f 6484 6414 6413 6483 
f 6485 6415 6414 6484 
f 6486 6416 6415 6485 
f 6487 6417 6416 6486 
f 6488 6418 6417 6487 
s 1
f 6489 6324 6326 6490 
f 6490 6326 6328 6491 
f 6491 6328 6330 6492 
f 6492 6330 6332 6493 
f 6493 6332 6334 6494 
f 6494 6334 6336 6495 
f 6495 6336 6338 6496 
f 6496 6338 6340 6497 
f 6497 6340 6342 6498 
f 6498 6342 6344 6499 
f 6499 6344 6346 6500 
f 6500 6346 6348 6501 
f 6501 6348 6350 6502 
f 6502 6350 6352 6503 
f 6503 6352 6354 6504 
f 6504 6354 6356 6505 
f 6505 6356 6358 6506 
f 6506 6358 6360 6507 
f 6507 6360 6362 6508 
f 6508 6362 6364 6509 
f 6509 6364 6366 6510 
f 6510 6366 6229 6511 
f 6511 6229 6230 6512 
f 6512 6230 6233 6513 
f 6513 6233 6235 6514 
f 6514 6235 6237 6515 
f 6515 6237 6227 6516 
s 2
f 6517 6441 6418 6488 
f 6518 6442 6441 6517 
f 6543 6440 6443 6544 
s 1
f 6489 6283 6402 6519 
f 6516 6227 6409 6520 
f 6520 6409 6412 6521 
s 2
f 6522 6368 6298 6483 
f 6523 6301 6368 6522 
f 6524 6302 6301 6523 
f 6525 6304 6302 6524 
f 6526 6373 6304 6525 
f 6527 6307 6373 6526 
f 6528 6375 6307 6527 
f 6529 6310 6375 6528 
f 6530 6379 6310 6529 
f 6531 6314 6379 6530 
f 6532 6315 6314 6531 
f 6533 6382 6315 6532 
f 6534 6383 6382 6533 
f 6535 6320 6383 6534 
f 6536 6385 6320 6535 
f 6537 6386 6385 6536 
f 6538 6388 6386 6537 
f 6539 6389 6388 6538 
f 6540 6391 6389 6539 
f 6541 6392 6391 6540 
f 6542 6292 6392 6541 
f 6543 6282 6292 6542 
s 1
f 6518 6400 6410 6545 
f 6546 6402 6401 6544 
f 6547 6481 6406 6519 
f 6546 6478 6481 6547 
f 6545 6410 6548 
f 6548 6410 6521 
s 2
f 6549 6444 6467 6603 
f 6550 6445 6444 6549 
f 6551 6446 6445 6550 
f 6552 6447 6446 6551 
f 6553 6448 6447 6552 
f 6554 6449 6448 6553 
f 6555 6450 6449 6554 
f 6556 6451 6450 6555 
f 6557 6452 6451 6556 
f 6558 6453 6452 6557 
f 6559 6454 6453 6558 
f 6560 6455 6454 6559 
f 6561 6456 6455 6560 
f 6562 6457 6456 6561 
f 6563 6458 6457 6562 
f 6564 6459 6458 6563 
f 6565 6460 6459 6564 
f 6566 6461 6460 6565 
f 6567 6462 6461 6566 
f 6568 6463 6462 6567 
f 6569 6464 6463 6568 
f 6570 6465 6464 6569 
s 1
f 6595 6232 6231 6571 
f 6573 6405 6252 6574 
f 6574 6252 6255 6575 
f 6575 6255 6257 6576 
f 6576 6257 6258 6577 
f 6577 6258 6259 6578 
f 6578 6259 6280 6579 
f 6579 6280 6279 6580 
f 6580 6279 6277 6581 
f 6581 6277 6276 6582 
f 6582 6276 6274 6583 
f 6583 6274 6273 6584 
f 6584 6273 6271 6585 
f 6585 6271 6270 6586 
f 6586 6270 6269 6572 
f 6571 6231 6323 6587 
f 6587 6323 6367 6588 
f 6588 6367 6365 6589 
f 6589 6365 6363 6590 
f 6590 6363 6361 6591 
f 6591 6361 6359 6592 
f 6592 6359 6357 6593 
f 6593 6357 6355 6594 
f 6594 6355 6353 6572 
f 6596 6234 6232 6595 
f 6597 6236 6234 6596 
f 6598 6228 6236 6597 
f 6573 6325 6407 6600 
f 6601 6411 6408 6602 
f 6602 6408 6228 6598 
s 2
f 6604 6239 6238 6603 
f 6605 6240 6239 6604 
f 6606 6241 6240 6605 
f 6607 6244 6241 6606 
f 6608 6246 6244 6607 
f 6609 6397 6246 6608 
f 6610 6395 6397 6609 
f 6570 6399 6394 6599 
s 1
f 6611 6396 6395 6610 
f 6599 6394 6393 6612 
f 6614 6393 6600 
f 6613 6479 6411 6601 
f 6611 6476 6479 6613 
f 6612 6393 6614 
f 6625 6624 6616 6615 
f 6619 6618 6617 6711 
f 6620 6621 6618 6619 
f 6622 6623 6621 6620 
f 6622 6624 6625 6623 
s 2
f 6677 6872 6871 6686 
f 6675 6873 6872 6677 
f 6630 6874 6873 6675 
f 6631 6875 6874 6630 
f 6633 6876 6875 6631 
s 1
f 6669 6775 6668 6647 
f 6641 6640 6793 6787 
f 6636 6632 6634 6635 
f 6637 6629 6632 6636 
f 6637 6638 6628 6629 
f 6638 6639 6627 6628 
f 6641 6642 6643 6640 
f 6644 6645 6643 6642 
f 6778 6646 6645 6644 
f 6669 6647 6646 6778 
f 6639 6648 6626 6627 
f 6649 6757 6626 6648 
f 6650 6651 6757 6649 
f 6650 6652 6758 6651 
f 6652 6653 6759 6758 
f 6654 6760 6759 6653 
f 6655 6762 6760 6654 
f 6655 6656 6764 6762 
f 6656 6657 6765 6764 
f 6657 6658 6766 6765 
f 6659 6660 6766 6658 
f 6661 6768 6660 6659 
f 6661 6662 6769 6768 
f 6662 6664 6663 6769 
f 6665 6666 6663 6664 
f 6667 6772 6666 6665 
f 6667 6668 6775 6772 
f 6710 6774 6776 6684 
f 6671 6679 6680 6670 
f 6633 6631 6673 6672 
f 6631 6630 6674 6673 
f 6675 6676 6674 6630 
f 6677 6678 6676 6675 
f 6681 6780 6680 6679 
f 6681 6682 6779 6780 
f 6682 6683 6777 6779 
f 6683 6684 6776 6777 
f 6686 6685 6678 6677 
f 6686 6756 6687 6685 
f 6756 6689 6688 6687 
f 6690 6691 6688 6689 
f 6692 6693 6691 6690 
f 6692 6761 6694 6693 
f 6761 6695 6696 6694 
f 6763 6697 6696 6695 
f 6698 6699 6697 6763 
f 6767 6700 6699 6698 
f 6767 6702 6701 6700 
f 6702 6703 6704 6701 
f 6770 6705 6704 6703 
f 6771 6706 6705 6770 
f 6771 6708 6707 6706 
f 6708 6773 6709 6707 
f 6774 6710 6709 6773 
f 6713 6715 6714 6712 
f 6715 6717 6716 6714 
f 6717 6719 6718 6716 
f 6719 6721 6720 6718 
f 6721 6723 6722 6720 
f 6723 6725 6724 6722 
f 6725 6727 6726 6724 
f 6727 6729 6728 6726 
f 6729 6731 6730 6728 
f 6731 6733 6732 6730 
f 6733 6735 6734 6732 
f 6735 6737 6736 6734 
f 6737 6739 6738 6736 
f 6739 6741 6740 6738 
f 6741 6743 6742 6740 
f 6743 6745 6744 6742 
f 6745 6747 6746 6744 
f 6747 6749 6748 6746 
f 6749 6751 6750 6748 
f 6751 6753 6752 6750 
f 6753 6755 6754 6752 
f 6755 6711 6617 6754 
s 2
f 6757 6937 6991 6626 
f 6651 6938 6937 6757 
f 6651 6758 6939 6938 
f 6759 6940 6939 6758 
f 6759 6760 6941 6940 
f 6762 6942 6941 6760 
f 6764 6943 6942 6762 
f 6765 6944 6943 6764 
f 6766 6945 6944 6765 
f 6766 6660 6946 6945 
f 6768 6947 6946 6660 
f 6768 6769 6948 6947 
f 6663 6949 6948 6769 
f 6666 6950 6949 6663 
f 6772 6951 6950 6666 
f 6772 6775 6952 6951 
f 6775 6669 6953 6952 
f 6778 6954 6953 6669 
f 6778 6644 6955 6954 
f 6642 6956 6955 6644 
f 6641 6957 6956 6642 
f 6641 6787 6958 6957 
s 1
f 6679 6671 6877 6878 
f 6681 6679 6878 6879 
f 6682 6681 6879 6880 
f 6683 6682 6880 6881 
f 6684 6683 6881 6882 
f 6710 6684 6882 6883 
f 6709 6710 6883 6884 
f 6707 6709 6884 6885 
f 6706 6707 6885 6886 
f 6705 6706 6886 6887 
f 6704 6705 6887 6888 
f 6701 6704 6888 6889 
f 6700 6701 6889 6890 
f 6699 6700 6890 6891 
f 6697 6699 6891 6892 
f 6696 6697 6892 6893 
f 6694 6696 6893 6894 
f 6693 6694 6894 6895 
f 6691 6693 6895 6896 
f 6688 6691 6896 6897 
f 6687 6688 6897 6898 
f 6685 6687 6898 6899 
f 6678 6685 6899 6900 
f 6676 6678 6900 6901 
f 6674 6676 6901 6902 
f 6673 6674 6902 6903 
f 6672 6673 6903 6904 
f 6639 6638 6983 6959 
f 6715 6713 6961 6962 
f 6717 6715 6962 6963 
f 6719 6717 6963 6964 
f 6721 6719 6964 6965 
f 6723 6721 6965 6966 
f 6725 6723 6966 6967 
f 6727 6725 6967 6968 
f 6729 6727 6968 6969 
f 6731 6729 6969 6970 
f 6733 6731 6970 6971 
f 6735 6733 6971 6972 
f 6737 6735 6972 6973 
f 6739 6737 6973 6974 
f 6741 6739 6974 6960 
f 6648 6639 6959 6975 
f 6649 6648 6975 6976 
f 6650 6649 6976 6977 
f 6652 6650 6977 6978 
f 6653 6652 6978 6979 
f 6654 6653 6979 6980 
f 6655 6654 6980 6981 
f 6656 6655 6981 6982 
f 6657 6656 6982 6960 
f 6638 6637 6984 6983 
f 6637 6636 6985 6984 
f 6636 6635 6986 6985 
f 6635 6634 6785 6786 
f 6785 6783 6784 6786 
f 6793 6781 6782 6787 
f 6633 6672 6791 6792 
f 6670 6789 6790 6671 
f 6791 6798 6788 6792 
s 2
f 6633 6792 6905 6876 
f 6792 6788 6906 6905 
f 6789 6670 6931 6932 
s 1
f 6713 6712 6794 6795 
f 6712 6877 6907 6794 
f 6793 6961 6988 6781 
f 6786 6784 6989 6990 
f 6635 6786 6990 6986 
f 6615 6616 6796 6797 
f 6672 6904 6908 6791 
f 6797 6796 6799 6800 
f 6791 6908 6909 6798 
s 2
f 6802 6856 6855 6801 
f 6803 6857 6856 6802 
f 6804 6858 6857 6803 
f 6805 6859 6858 6804 
f 6806 6860 6859 6805 
f 6807 6910 6871 6801 
f 6808 6911 6910 6807 
f 6809 6912 6911 6808 
f 6810 6913 6912 6809 
f 6811 6914 6913 6810 
f 6812 6915 6914 6811 
f 6813 6916 6915 6812 
f 6814 6917 6916 6813 
f 6815 6918 6917 6814 
f 6816 6919 6918 6815 
f 6817 6920 6919 6816 
f 6818 6921 6920 6817 
f 6819 6922 6921 6818 
f 6820 6923 6922 6819 
f 6821 6924 6923 6820 
f 6822 6925 6924 6821 
f 6823 6926 6925 6822 
f 6824 6927 6926 6823 
f 6825 6928 6927 6824 
f 6826 6929 6928 6825 
f 6827 6930 6929 6826 
f 6828 6931 6930 6827 
f 6829 6861 6860 6806 
f 6830 6862 6861 6829 
f 6828 6853 6854 6831 
f 6832 6807 6801 6855 
f 6833 6808 6807 6832 
f 6834 6809 6808 6833 
f 6835 6810 6809 6834 
f 6836 6811 6810 6835 
f 6837 6812 6811 6836 
f 6838 6813 6812 6837 
f 6839 6814 6813 6838 
f 6840 6815 6814 6839 
f 6841 6816 6815 6840 
f 6842 6817 6816 6841 
f 6843 6818 6817 6842 
f 6844 6819 6818 6843 
f 6845 6820 6819 6844 
f 6846 6821 6820 6845 
f 6847 6822 6821 6846 
f 6848 6823 6822 6847 
f 6849 6824 6823 6848 
f 6850 6825 6824 6849 
f 6851 6826 6825 6850 
f 6852 6827 6826 6851 
f 6853 6828 6827 6852 
f 6856 6992 6991 6855 
f 6857 6993 6992 6856 
f 6858 6994 6993 6857 
f 6859 6995 6994 6858 
f 6860 6996 6995 6859 
f 6861 6997 6996 6860 
f 6862 6998 6997 6861 
f 6853 6958 6987 6854 
s 1
f 6862 6830 6863 6864 
f 6831 6854 6865 6866 
f 6863 6868 6867 6864 
f 6865 6870 6869 6866 
f 6863 6830 6906 6933 
f 6862 6864 6999 6998 
f 6865 6854 6987 7000 
f 6831 6866 6934 6932 
f 6790 6935 6907 
f 6795 6870 7002 6988 
f 6784 7001 6989 
f 6800 6868 6936 6909 
f 6868 6800 6799 6867 
f 6868 6863 6933 6936 
f 6784 6999 7001 
f 6870 6795 6794 6869 
f 6790 6934 6935 
f 6870 6865 7000 7002 
s 2
f 6872 6802 6801 6871 
f 6873 6803 6802 6872 
f 6874 6804 6803 6873 
f 6875 6805 6804 6874 
f 6876 6806 6805 6875 
s 1
f 6877 6712 6714 6878 
f 6878 6714 6716 6879 
f 6879 6716 6718 6880 
f 6880 6718 6720 6881 
f 6881 6720 6722 6882 
f 6882 6722 6724 6883 
f 6883 6724 6726 6884 
f 6884 6726 6728 6885 
f 6885 6728 6730 6886 
f 6886 6730 6732 6887 
f 6887 6732 6734 6888 
f 6888 6734 6736 6889 
f 6889 6736 6738 6890 
f 6890 6738 6740 6891 
f 6891 6740 6742 6892 
f 6892 6742 6744 6893 
f 6893 6744 6746 6894 
f 6894 6746 6748 6895 
f 6895 6748 6750 6896 
f 6896 6750 6752 6897 
f 6897 6752 6754 6898 
f 6898 6754 6617 6899 
f 6899 6617 6618 6900 
f 6900 6618 6621 6901 
f 6901 6621 6623 6902 
f 6902 6623 6625 6903 
f 6903 6625 6615 6904 
s 2
f 6905 6829 6806 6876 
f 6906 6830 6829 6905 
f 6931 6828 6831 6932 
s 1
f 6877 6671 6790 6907 
f 6904 6615 6797 6908 
f 6908 6797 6800 6909 
s 2
f 6910 6756 6686 6871 
f 6911 6689 6756 6910 
f 6912 6690 6689 6911 
f 6913 6692 6690 6912 
f 6914 6761 6692 6913 
f 6915 6695 6761 6914 
f 6916 6763 6695 6915 
f 6917 6698 6763 6916 
f 6918 6767 6698 6917 
f 6919 6702 6767 6918 
f 6920 6703 6702 6919 
f 6921 6770 6703 6920 
f 6922 6771 6770 6921 
f 6923 6708 6771 6922 
f 6924 6773 6708 6923 
f 6925 6774 6773 6924 
f 6926 6776 6774 6925 
f 6927 6777 6776 6926 
f 6928 6779 6777 6927 
f 6929 6780 6779 6928 
f 6930 6680 6780 6929 
f 6931 6670 6680 6930 
s 1
f 6906 6788 6798 6933 
f 6934 6790 6789 6932 
f 6935 6869 6794 6907 
f 6934 6866 6869 6935 
f 6933 6798 6936 
f 6936 6798 6909 
s 2
f 6937 6832 6855 6991 
f 6938 6833 6832 6937 
f 6939 6834 6833 6938 
f 6940 6835 6834 6939 
f 6941 6836 6835 6940 
f 6942 6837 6836 6941 
f 6943 6838 6837 6942 
f 6944 6839 6838 6943 
f 6945 6840 6839 6944 
f 6946 6841 6840 6945 
f 6947 6842 6841 6946 
f 6948 6843 6842 6947 
f 6949 6844 6843 6948 
f 6950 6845 6844 6949 
f 6951 6846 6845 6950 
f 6952 6847 6846 6951 
f 6953 6848 6847 6952 
f 6954 6849 6848 6953 
f 6955 6850 6849 6954 
f 6956 6851 6850 6955 
f 6957 6852 6851 6956 
f 6958 6853 6852 6957 
s 1
f 6983 6620 6619 6959 
f 6961 6793 6640 6962 
f 6962 6640 6643 6963 
f 6963 6643 6645 6964 
f 6964 6645 6646 6965 
f 6965 6646 6647 6966 
f 6966 6647 6668 6967 
f 6967 6668 6667 6968 
f 6968 6667 6665 6969 
f 6969 6665 6664 6970 
f 6970 6664 6662 6971 
f 6971 6662 6661 6972 
f 6972 6661 6659 6973 
f 6973 6659 6658 6974 
f 6974 6658 6657 6960 
f 6959 6619 6711 6975 
f 6975 6711 6755 6976 
f 6976 6755 6753 6977 
f 6977 6753 6751 6978 
f 6978 6751 6749 6979 
f 6979 6749 6747 6980 
f 6980 6747 6745 6981 
f 6981 6745 6743 6982 
f 6982 6743 6741 6960 
f 6984 6622 6620 6983 
f 6985 6624 6622 6984 
f 6986 6616 6624 6985 
f 6961 6713 6795 6988 
f 6989 6799 6796 6990 
f 6990 6796 6616 6986 
s 2
f 6992 6627 6626 6991 
f 6993 6628 6627 6992 
f 6994 6629 6628 6993 
f 6995 6632 6629 6994 
f 6996 6634 6632 6995 
f 6997 6785 6634 6996 
f 6998 6783 6785 6997 
f 6958 6787 6782 6987 
s 1
f 6999 6784 6783 6998 
f 6987 6782 6781 7000 
f 7002 6781 6988 
f 7001 6867 6799 6989 
f 6999 6864 6867 7001 
f 7000 6781 7002 
s 2
f 7590 7584 7003 
f 7599 7596 7003 
f 7602 7599 7003 
f 7605 7602 7003 
f 7608 7605 7003 
f 7611 7608 7003 
f 7614 7611 7003 
f 7617 7614 7003 
f 7620 7617 7003 
f 7623 7620 7003 
f 7626 7623 7003 
f 7629 7626 7003 
f 7632 7629 7003 
f 7635 7632 7003 
f 7638 7635 7003 
f 7641 7638 7003 
f 7644 7641 7003 
f 7647 7644 7003 
f 7650 7647 7003 
f 7653 7650 7003 
f 7656 7653 7003 
f 7659 7656 7003 
f 7662 7659 7003 
f 7665 7662 7003 
f 7668 7665 7003 
f 7671 7668 7003 
f 7674 7671 7003 
f 7586 7674 7003 
f 7584 7580 7003 
f 7580 7586 7003 
f 7593 7590 7003 
f 7596 7593 7003 
s 1
f 7035 7677 7679 7006 
f 7004 7005 7683 7685 
f 7679 7683 7005 7006 
f 7007 7004 7685 7688 
f 7008 7007 7688 7691 
f 7009 7008 7691 7694 
f 7010 7009 7694 7697 
f 7011 7010 7697 7700 
f 7703 7012 7011 7700 
f 7706 7013 7012 7703 
f 7709 7014 7013 7706 
f 7712 7015 7014 7709 
f 7715 7016 7015 7712 
f 7017 7016 7715 7718 
f 7721 7018 7017 7718 
f 7019 7018 7721 7724 
f 7727 7020 7019 7724 
f 7730 7021 7020 7727 
f 7733 7022 7021 7730 
f 7736 7023 7022 7733 
f 7739 7024 7023 7736 
f 7739 7742 7025 7024 
f 7745 7026 7025 7742 
f 7027 7026 7745 7748 
f 7751 7028 7027 7748 
f 7029 7028 7751 7754 
f 7757 7030 7029 7754 
f 7031 7030 7757 7760 
f 7032 7031 7760 7763 
f 7033 7032 7763 7766 
f 7766 7769 7034 7033 
f 7035 7034 7769 7677 
f 7006 7036 7067 7035 
f 7004 7037 7038 7005 
f 7005 7038 7036 7006 
f 7007 7039 7037 7004 
f 7008 7040 7039 7007 
f 7009 7041 7040 7008 
f 7011 7043 7042 7010 
f 7012 7044 7043 7011 
f 7013 7045 7044 7012 
f 7014 7046 7045 7013 
f 7015 7047 7046 7014 
f 7016 7048 7047 7015 
f 7017 7049 7048 7016 
f 7019 7051 7050 7018 
f 7020 7052 7051 7019 
f 7021 7053 7052 7020 
f 7022 7054 7053 7021 
f 7023 7055 7054 7022 
f 7024 7056 7055 7023 
f 7025 7057 7056 7024 
f 7027 7059 7058 7026 
f 7028 7060 7059 7027 
f 7029 7061 7060 7028 
f 7030 7062 7061 7029 
f 7031 7063 7062 7030 
f 7032 7064 7063 7031 
f 7033 7065 7064 7032 
f 7035 7067 7066 7034 
f 7068 7099 7067 7036 
f 7069 7070 7038 7037 
f 7070 7068 7036 7038 
f 7071 7069 7037 7039 
f 7072 7071 7039 7040 
f 7073 7072 7040 7041 
f 7075 7074 7042 7043 
f 7076 7075 7043 7044 
f 7077 7076 7044 7045 
f 7045 7046 7078 7077 
f 7079 7078 7046 7047 
f 7080 7079 7047 7048 
f 7081 7080 7048 7049 
f 7083 7082 7050 7051 
f 7084 7083 7051 7052 
f 7085 7084 7052 7053 
f 7086 7085 7053 7054 
f 7088 7087 7055 7056 
f 7089 7088 7056 7057 
f 7058 7059 7091 7090 
f 7092 7091 7059 7060 
f 7093 7092 7060 7061 
f 7061 7062 7094 7093 
f 7095 7094 7062 7063 
f 7096 7095 7063 7064 
f 7097 7096 7064 7065 
f 7066 7067 7099 7098 
f 7042 7041 7009 7010 
f 7050 7049 7017 7018 
f 7058 7057 7025 7026 
f 7066 7065 7033 7034 
f 7074 7073 7041 7042 
f 7082 7081 7049 7050 
f 7087 7086 7054 7055 
f 7090 7089 7057 7058 
f 7098 7097 7065 7066 
f 7250 7266 7249 
f 7251 7253 7254 
f 7102 7137 7135 7100 
f 7103 7138 7136 7101 
f 7101 7136 7137 7102 
f 7104 7139 7138 7103 
f 7105 7140 7139 7104 
f 7106 7141 7140 7105 
f 7107 7142 7141 7106 
f 7108 7143 7142 7107 
f 7109 7144 7143 7108 
f 7110 7145 7144 7109 
f 7111 7146 7145 7110 
f 7112 7147 7146 7111 
f 7113 7148 7147 7112 
f 7114 7149 7148 7113 
f 7115 7150 7149 7114 
f 7116 7151 7150 7115 
f 7117 7152 7151 7116 
f 7118 7153 7152 7117 
f 7119 7154 7153 7118 
f 7120 7155 7154 7119 
f 7121 7156 7155 7120 
f 7122 7157 7156 7121 
f 7123 7158 7157 7122 
f 7124 7159 7158 7123 
f 7125 7160 7159 7124 
f 7126 7161 7160 7125 
f 7127 7162 7161 7126 
f 7128 7163 7162 7127 
f 7129 7164 7163 7128 
f 7130 7165 7164 7129 
f 7131 7166 7165 7130 
f 7132 7167 7166 7131 
f 7133 7168 7167 7132 
f 7134 7169 7168 7133 
f 7100 7135 7169 7134 
f 9872 9874 7204 7170 
f 9880 7172 7171 9878 
f 9880 9872 7170 7172 
f 9884 9878 7171 7173 
f 9887 9884 7173 7174 
f 9890 9887 7174 7175 
f 9893 9890 7175 7176 
f 9896 9893 7176 7177 
f 9899 9896 7177 7178 
f 9902 9899 7178 7179 
f 9905 9902 7179 7180 
f 9908 9905 7180 7181 
f 9911 9908 7181 7182 
f 9914 9911 7182 7183 
f 9914 7183 7184 9917 
f 9920 9917 7184 7185 
f 9923 9920 7185 7186 
f 9926 9923 7186 7187 
f 9929 9926 7187 7188 
f 9932 9929 7188 7189 
f 9935 9932 7189 7190 
f 9938 9935 7190 7191 
f 9941 9938 7191 7192 
f 9941 7192 7193 9944 
f 9947 9944 7193 7194 
f 9947 7194 7195 9950 
f 9953 9950 7195 7196 
f 9956 9953 7196 7197 
f 9959 9956 7197 7198 
f 9962 9959 7198 7199 
f 9965 9962 7199 7200 
f 9968 9965 7200 7201 
f 9971 9968 7201 7202 
f 9974 9971 7202 7203 
f 9874 9974 7203 7204 
f 7170 7204 7135 7137 
f 7171 7172 7136 7138 
f 7172 7170 7137 7136 
f 7173 7171 7138 7139 
f 7174 7173 7139 7140 
f 7175 7174 7140 7141 
f 7176 7175 7141 7142 
f 7177 7176 7142 7143 
f 7178 7177 7143 7144 
f 7179 7178 7144 7145 
f 7180 7179 7145 7146 
f 7181 7180 7146 7147 
f 7182 7181 7147 7148 
f 7183 7182 7148 7149 
f 7184 7183 7149 7150 
f 7185 7184 7150 7151 
f 7186 7185 7151 7152 
f 7187 7186 7152 7153 
f 7188 7187 7153 7154 
f 7189 7188 7154 7155 
f 7190 7189 7155 7156 
f 7191 7190 7156 7157 
f 7192 7191 7157 7158 
f 7192 7158 7159 7193 
f 7194 7193 7159 7160 
f 7195 7194 7160 7161 
f 7196 7195 7161 7162 
f 7197 7196 7162 7163 
f 7198 7197 7163 7164 
f 7199 7198 7164 7165 
f 7200 7199 7165 7166 
f 7201 7200 7166 7167 
f 7202 7201 7167 7168 
f 7203 7202 7168 7169 
f 7204 7203 7169 7135 
f 7404 7405 7480 7481 
f 7405 7478 7479 
f 7435 7436 7465 7466 
f 7436 7437 7463 7464 
f 7439 7440 7459 7460 
f 7406 7476 7477 
f 7466 7467 7434 7435 
f 7437 7438 7462 7463 
f 7438 7439 7460 7461 
f 7475 7476 7406 
f 7405 7406 7477 7478 
f 7405 7479 7480 
f 7461 7462 7438 
f 7436 7464 7465 
f 7474 7475 7406 7407 
f 7235 7421 7422 7265 
f 7265 7387 7388 7235 
f 7236 7419 7420 7234 
f 7234 7389 7390 7236 
f 7234 7420 7421 7235 
f 7235 7388 7389 7234 
f 7237 7453 7419 7236 
f 7236 7390 7391 7237 
f 7238 7452 7453 7237 
f 7237 7391 7392 7238 
f 7239 7451 7452 7238 
f 7238 7392 7393 7239 
f 7240 7450 7451 7239 
f 7239 7393 7394 7240 
f 7241 7449 7450 7240 
f 7240 7394 7395 7241 
f 7242 7448 7449 7241 
f 7241 7395 7396 7242 
f 7243 7447 7448 7242 
f 7242 7396 7397 7243 
f 7244 7446 7447 7243 
f 7243 7397 7398 7244 
f 7245 7445 7446 7244 
f 7244 7398 7399 7245 
f 7246 7444 7445 7245 
f 7245 7399 7400 7246 
f 7247 7443 7444 7246 
f 7246 7400 7401 7247 
f 7248 7442 7443 7247 
f 7247 7401 7402 7248 
f 7249 7441 7442 7248 
f 7248 7402 7403 7249 
f 7267 7440 7441 7249 
f 7266 7267 7249 
f 7249 7403 7404 7250 
f 7251 7433 7434 7252 
f 7251 7252 7253 
f 7254 7407 7408 7251 
f 7255 7432 7433 7251 
f 7251 7408 7409 7255 
f 7256 7431 7432 7255 
f 7255 7409 7410 7256 
f 7257 7430 7431 7256 
f 7256 7410 7411 7257 
f 7258 7429 7430 7257 
f 7257 7411 7412 7258 
f 7259 7428 7429 7258 
f 7258 7412 7413 7259 
f 7260 7427 7428 7259 
f 7259 7413 7414 7260 
f 7261 7426 7427 7260 
f 7260 7414 7415 7261 
f 7262 7425 7426 7261 
f 7261 7415 7416 7262 
f 7263 7424 7425 7262 
f 7262 7416 7417 7263 
f 7264 7423 7424 7263 
f 7263 7417 7418 7264 
f 7265 7422 7423 7264 
f 7264 7418 7387 7265 
f 7470 7471 7254 7253 
f 7266 7250 7455 7456 
f 7473 7474 7407 7254 
f 7250 7404 7481 7482 
f 7472 7473 7254 
f 7250 7482 7454 
f 7468 7469 7252 
f 7267 7457 7458 
f 7250 7454 7455 
f 7267 7266 7456 7457 
f 7471 7472 7254 
f 7469 7470 7253 7252 
f 7467 7468 7252 7434 
f 7440 7267 7458 7459 
f 7290 7291 7298 7299 
f 7291 7292 7300 7298 
f 7283 7284 7301 7302 
f 7276 7275 7303 7304 
f 7277 7276 7304 7305 
f 7269 7282 7306 7307 
f 7297 7269 7307 7308 
f 7270 7283 7302 7309 
f 7271 7270 7309 7310 
f 7272 7271 7310 7311 
f 7273 7272 7311 7312 
f 7274 7273 7312 7313 
f 7275 7274 7313 7303 
f 7285 7286 7316 7314 
f 7284 7285 7314 7301 
f 7286 7287 7315 7316 
f 7289 7290 7299 7317 
f 7288 7289 7317 7318 
f 7287 7288 7318 7315 
f 7278 7277 7305 7319 
f 7279 7278 7319 7320 
f 7280 7279 7320 7321 
f 7281 7280 7321 7322 
f 7282 7281 7322 7306 
f 7296 7297 7308 7323 
f 7295 7296 7323 7324 
f 7294 7295 7324 7325 
f 7293 7294 7325 7326 
f 7292 7293 7326 7300 
f 7298 7350 7327 7299 
f 7300 7351 7350 7298 
f 7301 7352 7328 7302 
f 7303 7353 7329 7304 
f 7304 7329 7330 7305 
f 7306 7354 7331 7307 
f 7307 7331 7332 7308 
f 7302 7328 7333 7309 
f 7309 7333 7334 7310 
f 7310 7334 7335 7311 
f 7311 7335 7336 7312 
f 7312 7336 7337 7313 
f 7313 7337 7353 7303 
f 7316 7339 7338 7314 
f 7314 7338 7352 7301 
f 7315 7355 7339 7316 
f 7299 7327 7340 7317 
f 7317 7340 7341 7318 
f 7318 7341 7355 7315 
f 7305 7330 7342 7319 
f 7319 7342 7343 7320 
f 7320 7343 7344 7321 
f 7321 7344 7345 7322 
f 7322 7345 7354 7306 
f 7308 7332 7346 7323 
f 7323 7346 7347 7324 
f 7324 7347 7348 7325 
f 7325 7348 7349 7326 
f 7326 7349 7351 7300 
f 7350 7233 7205 7327 
f 7351 7232 7233 7350 
f 7352 7211 7212 7328 
f 7353 7218 7219 7329 
f 7329 7219 7220 7330 
f 7354 7225 7226 7331 
f 7331 7226 7228 7332 
f 7328 7212 7213 7333 
f 7333 7213 7214 7334 
f 7334 7214 7215 7335 
f 7335 7215 7216 7336 
f 7336 7216 7217 7337 
f 7337 7217 7218 7353 
f 7339 7209 7210 7338 
f 7338 7210 7211 7352 
f 7355 7208 7209 7339 
f 7327 7205 7206 7340 
f 7340 7206 7207 7341 
f 7341 7207 7208 7355 
f 7330 7220 7221 7342 
f 7342 7221 7222 7343 
f 7343 7222 7223 7344 
f 7344 7223 7224 7345 
f 7345 7224 7225 7354 
f 7332 7228 7227 7346 
f 7346 7227 7229 7347 
f 7347 7229 7230 7348 
f 7348 7230 7231 7349 
f 7349 7231 7232 7351 
s 2
f 7686 7682 7356 
f 7689 7686 7356 
f 7692 7689 7356 
f 7695 7692 7356 
f 7698 7695 7356 
f 7701 7698 7356 
f 7704 7701 7356 
f 7707 7704 7356 
f 7710 7707 7356 
f 7713 7710 7356 
f 7716 7713 7356 
f 7719 7716 7356 
f 7722 7719 7356 
f 7725 7722 7356 
f 7728 7725 7356 
f 7731 7728 7356 
f 7734 7731 7356 
f 7737 7734 7356 
f 7740 7737 7356 
f 7743 7740 7356 
f 7746 7743 7356 
f 7749 7746 7356 
f 7752 7749 7356 
f 7755 7752 7356 
f 7758 7755 7356 
f 7761 7758 7356 
f 7764 7761 7356 
f 7767 7764 7356 
f 7676 7770 7356 
f 7680 7676 7356 
f 7682 7680 7356 
f 7770 7767 7356 
f 7268 7357 7372 
f 7268 7385 7357 
f 7268 7384 7385 
f 7268 7383 7384 
f 7268 7382 7383 
f 7268 7381 7382 
f 7268 7380 7381 
f 7268 7379 7380 
f 7268 7378 7379 
f 7268 7377 7378 
f 7268 7376 7377 
f 7268 7375 7376 
f 7268 7374 7375 
f 7268 7373 7374 
f 7268 7358 7373 
f 7268 7359 7358 
f 7268 7360 7359 
f 7268 7361 7360 
f 7268 7362 7361 
f 7268 7363 7362 
f 7268 7364 7363 
f 7268 7365 7364 
f 7268 7366 7365 
f 7268 7367 7366 
f 7268 7368 7367 
f 7268 7369 7368 
f 7268 7370 7369 
f 7268 7371 7370 
f 7268 7372 7371 
f 7269 7297 7372 7357 
f 7297 7296 7371 7372 
f 7296 7295 7370 7371 
f 7295 7294 7369 7370 
f 7294 7293 7368 7369 
f 7293 7292 7367 7368 
f 7292 7291 7366 7367 
f 7291 7290 7365 7366 
f 7290 7289 7364 7365 
f 7289 7288 7363 7364 
f 7288 7287 7362 7363 
f 7287 7286 7361 7362 
f 7286 7285 7360 7361 
f 7285 7284 7359 7360 
f 7284 7283 7358 7359 
f 7283 7270 7373 7358 
f 7270 7271 7374 7373 
f 7271 7272 7375 7374 
f 7272 7273 7376 7375 
f 7273 7274 7377 7376 
f 7274 7275 7378 7377 
f 7275 7276 7379 7378 
f 7276 7277 7380 7379 
f 7277 7278 7381 7380 
f 7278 7279 7382 7381 
f 7279 7280 7383 7382 
f 7280 7281 7384 7383 
f 7281 7282 7385 7384 
f 7282 7269 7357 7385 
s off
f 9881 9877 7386 
f 9871 9881 7386 
f 9877 9883 7386 
f 9883 9886 7386 
f 9886 9889 7386 
f 9889 9892 7386 
f 9901 9904 7386 
f 9904 9907 7386 
f 9907 9910 7386 
f 9910 9913 7386 
f 9913 9916 7386 
f 9916 9919 7386 
f 9919 9922 7386 
f 9922 9925 7386 
f 9925 9928 7386 
f 9928 9931 7386 
f 9931 9934 7386 
f 9934 9937 7386 
f 9937 9940 7386 
f 9940 9943 7386 
f 9943 9946 7386 
f 9946 9949 7386 
f 9949 9952 7386 
f 9952 9955 7386 
f 9955 9958 7386 
f 9958 9961 7386 
f 9961 9964 7386 
f 9964 9967 7386 
f 9970 9973 7386 
f 9973 9875 7386 
f 9875 9871 7386 
f 9892 9895 7386 
f 9895 9898 7386 
f 9898 9901 7386 
f 9967 9970 7386 
s 1
f 7099 7068 7388 7387 
f 7068 7070 7389 7388 
f 7070 7069 7390 7389 
f 7069 7071 7391 7390 
f 7071 7072 7392 7391 
f 7072 7073 7393 7392 
f 7073 7074 7394 7393 
f 7074 7075 7395 7394 
f 7075 7076 7396 7395 
f 7076 7077 7397 7396 
f 7077 7078 7398 7397 
f 7078 7079 7399 7398 
f 7079 7080 7400 7399 
f 7080 7081 7401 7400 
f 7081 7082 7402 7401 
f 7082 7083 7403 7402 
f 7083 7084 7404 7403 
f 7084 7085 7405 7404 
f 7085 7086 7406 7405 
f 7086 7087 7407 7406 
f 7087 7088 7408 7407 
f 7088 7089 7409 7408 
f 7089 7090 7410 7409 
f 7090 7091 7411 7410 
f 7091 7092 7412 7411 
f 7092 7093 7413 7412 
f 7093 7094 7414 7413 
f 7094 7095 7415 7414 
f 7095 7096 7416 7415 
f 7096 7097 7417 7416 
f 7097 7098 7418 7417 
f 7098 7099 7387 7418 
f 7103 7101 7420 7419 
f 7101 7102 7421 7420 
f 7102 7100 7422 7421 
f 7100 7134 7423 7422 
f 7134 7133 7424 7423 
f 7133 7132 7425 7424 
f 7132 7131 7426 7425 
f 7131 7130 7427 7426 
f 7130 7129 7428 7427 
f 7129 7128 7429 7428 
f 7128 7127 7430 7429 
f 7127 7126 7431 7430 
f 7126 7125 7432 7431 
f 7125 7124 7433 7432 
f 7124 7123 7434 7433 
f 7123 7122 7435 7434 
f 7122 7121 7436 7435 
f 7121 7120 7437 7436 
f 7120 7119 7438 7437 
f 7119 7118 7439 7438 
f 7118 7117 7440 7439 
f 7117 7116 7441 7440 
f 7116 7115 7442 7441 
f 7115 7114 7443 7442 
f 7114 7113 7444 7443 
f 7113 7112 7445 7444 
f 7112 7111 7446 7445 
f 7111 7110 7447 7446 
f 7110 7109 7448 7447 
f 7109 7108 7449 7448 
f 7108 7107 7450 7449 
f 7107 7106 7451 7450 
f 7106 7105 7452 7451 
f 7105 7104 7453 7452 
f 7104 7103 7419 7453 
f 7206 7205 7455 7454 
f 7205 7233 7456 7455 
f 7233 7232 7457 7456 
f 7232 7231 7458 7457 
f 7231 7230 7459 7458 
f 7230 7229 7460 7459 
f 7229 7227 7461 7460 
f 7227 7228 7462 7461 
f 7228 7226 7463 7462 
f 7226 7225 7464 7463 
f 7225 7224 7465 7464 
f 7224 7223 7466 7465 
f 7223 7222 7467 7466 
f 7222 7221 7468 7467 
f 7221 7220 7469 7468 
f 7220 7219 7470 7469 
f 7219 7218 7471 7470 
f 7218 7217 7472 7471 
f 7217 7216 7473 7472 
f 7216 7215 7474 7473 
f 7215 7214 7475 7474 
f 7214 7213 7476 7475 
f 7213 7212 7477 7476 
f 7212 7211 7478 7477 
f 7211 7210 7479 7478 
f 7210 7209 7480 7479 
f 7209 7208 7481 7480 
f 7208 7207 7482 7481 
f 7207 7206 7454 7482 
f 7487 7485 7483 7486 
f 7485 7491 7489 7483 
f 7491 7494 7492 7489 
f 7494 7497 7495 7492 
f 7497 7500 7498 7495 
f 7500 7503 7501 7498 
f 7503 7506 7504 7501 
f 7506 7509 7507 7504 
f 7509 7512 7510 7507 
f 7512 7515 7513 7510 
f 7515 7518 7516 7513 
f 7518 7521 7519 7516 
f 7521 7524 7522 7519 
f 7524 7527 7525 7522 
f 7527 7530 7528 7525 
f 7530 7533 7531 7528 
f 7535 7487 7486 7534 
f 7538 7535 7534 7537 
f 7541 7538 7537 7540 
f 7544 7541 7540 7543 
f 7547 7544 7543 7546 
f 7550 7547 7546 7549 
f 7553 7550 7549 7552 
f 7556 7553 7552 7555 
f 7559 7556 7555 7558 
f 7562 7559 7558 7561 
f 7565 7562 7561 7564 
f 7568 7565 7564 7567 
f 7571 7568 7567 7570 
f 7574 7571 7570 7573 
f 7577 7574 7573 7576 
f 7533 7577 7576 7531 
s 2
f 7484 7488 7486 7483 
f 7490 7484 7483 7489 
f 7493 7490 7489 7492 
f 7496 7493 7492 7495 
f 7499 7496 7495 7498 
f 7502 7499 7498 7501 
f 7505 7502 7501 7504 
f 7508 7505 7504 7507 
f 7511 7508 7507 7510 
f 7514 7511 7510 7513 
f 7517 7514 7513 7516 
f 7520 7517 7516 7519 
f 7523 7520 7519 7522 
f 7526 7523 7522 7525 
f 7529 7526 7525 7528 
f 7532 7529 7528 7531 
f 7488 7536 7534 7486 
f 7536 7539 7537 7534 
f 7539 7542 7540 7537 
f 7542 7545 7543 7540 
f 7545 7548 7546 7543 
f 7548 7551 7549 7546 
f 7551 7554 7552 7549 
f 7554 7557 7555 7552 
f 7557 7560 7558 7555 
f 7560 7563 7561 7558 
f 7563 7566 7564 7561 
f 7566 7569 7567 7564 
f 7569 7572 7570 7567 
f 7572 7575 7573 7570 
f 7575 7578 7576 7573 
f 7578 7532 7531 7576 
s 1
f 7583 7581 7579 7582 
f 7581 7587 7585 7579 
f 7589 7583 7582 7588 
f 7592 7589 7588 7591 
f 7595 7592 7591 7594 
f 7598 7595 7594 7597 
f 7601 7598 7597 7600 
f 7604 7601 7600 7603 
f 7607 7604 7603 7606 
f 7610 7607 7606 7609 
f 7613 7610 7609 7612 
f 7616 7613 7612 7615 
f 7619 7616 7615 7618 
f 7622 7619 7618 7621 
f 7625 7622 7621 7624 
f 7628 7625 7624 7627 
f 7631 7628 7627 7630 
f 7634 7631 7630 7633 
f 7637 7634 7633 7636 
f 7640 7637 7636 7639 
f 7643 7640 7639 7642 
f 7646 7643 7642 7645 
f 7649 7646 7645 7648 
f 7652 7649 7648 7651 
f 7655 7652 7651 7654 
f 7658 7655 7654 7657 
f 7661 7658 7657 7660 
f 7664 7661 7660 7663 
f 7667 7664 7663 7666 
f 7670 7667 7666 7669 
f 7673 7670 7669 7672 
f 7587 7673 7672 7585 
s 2
f 7584 7590 7588 7582 
f 7596 7599 7597 7594 
f 7599 7602 7600 7597 
f 7602 7605 7603 7600 
f 7605 7608 7606 7603 
f 7608 7611 7609 7606 
f 7611 7614 7612 7609 
f 7614 7617 7615 7612 
f 7617 7620 7618 7615 
f 7620 7623 7621 7618 
f 7623 7626 7624 7621 
f 7626 7629 7627 7624 
f 7629 7632 7630 7627 
f 7632 7635 7633 7630 
f 7635 7638 7636 7633 
f 7638 7641 7639 7636 
f 7641 7644 7642 7639 
f 7644 7647 7645 7642 
f 7647 7650 7648 7645 
f 7650 7653 7651 7648 
f 7653 7656 7654 7651 
f 7656 7659 7657 7654 
f 7659 7662 7660 7657 
f 7662 7665 7663 7660 
f 7665 7668 7666 7663 
f 7668 7671 7669 7666 
f 7671 7674 7672 7669 
f 7674 7586 7585 7672 
f 7580 7584 7582 7579 
f 7586 7580 7579 7585 
f 7590 7593 7591 7588 
f 7593 7596 7594 7591 
s 1
f 7679 7677 7675 7678 
f 7685 7683 7681 7684 
f 7683 7679 7678 7681 
f 7688 7685 7684 7687 
f 7691 7688 7687 7690 
f 7694 7691 7690 7693 
f 7697 7694 7693 7696 
f 7700 7697 7696 7699 
f 7703 7700 7699 7702 
f 7706 7703 7702 7705 
f 7709 7706 7705 7708 
f 7712 7709 7708 7711 
f 7715 7712 7711 7714 
f 7718 7715 7714 7717 
f 7721 7718 7717 7720 
f 7724 7721 7720 7723 
f 7727 7724 7723 7726 
f 7730 7727 7726 7729 
f 7733 7730 7729 7732 
f 7736 7733 7732 7735 
f 7739 7736 7735 7738 
f 7742 7739 7738 7741 
f 7745 7742 7741 7744 
f 7748 7745 7744 7747 
f 7751 7748 7747 7750 
f 7754 7751 7750 7753 
f 7757 7754 7753 7756 
f 7760 7757 7756 7759 
f 7763 7760 7759 7762 
f 7766 7763 7762 7765 
f 7769 7766 7765 7768 
f 7677 7769 7768 7675 
s 2
f 7682 7686 7684 7681 
f 7686 7689 7687 7684 
f 7689 7692 7690 7687 
f 7692 7695 7693 7690 
f 7695 7698 7696 7693 
f 7698 7701 7699 7696 
f 7701 7704 7702 7699 
f 7704 7707 7705 7702 
f 7707 7710 7708 7705 
f 7710 7713 7711 7708 
f 7713 7716 7714 7711 
f 7716 7719 7717 7714 
f 7719 7722 7720 7717 
f 7722 7725 7723 7720 
f 7725 7728 7726 7723 
f 7728 7731 7729 7726 
f 7731 7734 7732 7729 
f 7734 7737 7735 7732 
f 7737 7740 7738 7735 
f 7740 7743 7741 7738 
f 7743 7746 7744 7741 
f 7746 7749 7747 7744 
f 7749 7752 7750 7747 
f 7752 7755 7753 7750 
f 7755 7758 7756 7753 
f 7758 7761 7759 7756 
f 7761 7764 7762 7759 
f 7764 7767 7765 7762 
f 7770 7676 7675 7768 
f 7676 7680 7678 7675 
f 7680 7682 7681 7678 
f 7767 7770 7768 7765 
s 1
f 7775 7773 7771 7774 
f 7778 7775 7774 7777 
f 7781 7778 7777 7780 
f 7784 7781 7780 7783 
f 7787 7784 7783 7786 
f 7790 7787 7786 7789 
f 7793 7790 7789 7792 
f 7796 7793 7792 7795 
f 7802 7800 7798 7801 
f 7805 7802 7801 7804 
f 7808 7805 7804 7807 
f 7811 7808 7807 7810 
f 7814 7811 7810 7813 
f 7817 7814 7813 7816 
f 7820 7817 7816 7819 
f 7773 7820 7819 7771 
f 7826 7824 7822 7825 
f 7824 7830 7828 7822 
f 7830 7833 7831 7828 
f 7833 7836 7834 7831 
f 7836 7839 7837 7834 
f 7839 7842 7840 7837 
f 7842 7845 7843 7840 
f 7845 7796 7795 7843 
f 7800 7848 7846 7798 
f 7848 7851 7849 7846 
f 7851 7854 7852 7849 
f 7854 7857 7855 7852 
f 7857 7860 7858 7855 
f 7860 7863 7861 7858 
f 7863 7866 7864 7861 
f 7866 7826 7825 7864 
s 2
f 7772 7776 7774 7771 
f 7776 7779 7777 7774 
f 7779 7782 7780 7777 
f 7782 7785 7783 7780 
f 7785 7788 7786 7783 
f 7788 7791 7789 7786 
f 7791 7794 7792 7789 
f 7799 7803 7801 7798 
f 7803 7806 7804 7801 
f 7806 7809 7807 7804 
f 7809 7812 7810 7807 
f 7812 7815 7813 7810 
f 7815 7818 7816 7813 
f 7818 7821 7819 7816 
f 7821 7772 7771 7819 
f 7794 7797 7795 7792 
f 7823 7827 7825 7822 
f 7829 7823 7822 7828 
f 7832 7829 7828 7831 
f 7835 7832 7831 7834 
f 7838 7835 7834 7837 
f 7841 7838 7837 7840 
f 7844 7841 7840 7843 
f 7797 7844 7843 7795 
f 7847 7799 7798 7846 
f 7850 7847 7846 7849 
f 7853 7850 7849 7852 
f 7856 7853 7852 7855 
f 7859 7856 7855 7858 
f 7862 7859 7858 7861 
f 7865 7862 7861 7864 
f 7827 7865 7864 7825 
s 1
f 7868 5191 5026 7869 
f 7870 5096 5190 7867 
f 7872 5064 5063 7873 
f 7874 5092 5171 7871 
f 7876 5065 5064 7872 
f 7871 5171 5172 7875 
f 7878 5066 5065 7876 
f 7875 5172 5173 7877 
f 7880 5067 5066 7878 
f 7877 5173 5274 7879 
f 7882 5068 5067 7880 
f 7879 5274 5275 7881 
f 7884 5069 5068 7882 
f 7881 5275 5276 7883 
f 7886 5073 5069 7884 
f 7883 5276 5280 7885 
f 7888 5070 5071 7889 
f 7890 5278 5277 7887 
f 7889 5071 5072 7891 
f 7892 5279 5278 7890 
f 7891 5072 5074 7893 
f 7894 5281 5279 7892 
f 7893 5074 5073 7886 
f 7885 5280 5281 7894 
f 7867 5190 5092 7874 
f 7873 5063 5191 7868 
f 7869 5026 5025 7895 
f 7896 5095 5096 7870 
f 7898 5455 5070 7888 
f 7887 5277 5457 7897 
f 7900 5449 5455 7898 
f 7897 5457 5441 7899 
f 7901 5477 5449 7900 
f 7903 5093 5094 7904 
f 7905 4880 4881 7902 
f 7907 5272 5271 7908 
f 7909 4924 4925 7906 
f 7911 5273 5272 7907 
f 7906 4925 4926 7910 
f 7913 5162 5273 7911 
f 7910 4926 4927 7912 
f 7915 5163 5162 7913 
f 7912 4927 4928 7914 
f 7917 5164 5163 7915 
f 7914 4928 4929 7916 
f 7919 5165 5164 7917 
f 7916 4929 4930 7918 
f 7921 5169 5165 7919 
f 7918 4930 4934 7920 
f 7923 5167 5168 7924 
f 7925 4933 4932 7922 
f 7924 5168 5170 7926 
f 7927 4935 4933 7925 
f 7926 5170 5169 7921 
f 7920 4934 4935 7927 
f 7908 5271 5126 7928 
f 7929 5127 4924 7909 
f 7928 5126 5093 7903 
f 7902 4881 5127 7929 
f 7922 4932 4931 7930 
f 7931 5166 5167 7923 
f 7933 5456 5166 7931 
f 7930 4931 5452 7932 
f 7935 5442 5456 7933 
f 7932 5452 5440 7934 
f 4897 4911 4880 7905 
f 7895 5025 5051 5040 
f 5237 5112 5095 7896 
f 5226 4897 7905 7904 
f 4904 4905 4903 5232 
f 5243 5046 5047 5245 
s 2
f 7969 7970 8001 8002 
f 7989 7990 8013 8014 
f 7990 7991 8012 8013 
f 7991 7992 8011 8012 
f 7988 7989 8014 8015 
f 7992 7993 8010 8011 
f 7993 7994 8009 8010 
f 7987 7988 8015 8016 
f 7986 7987 8016 8017 
f 7985 7986 8017 8018 
f 7983 7984 8019 8020 
f 7982 7983 8020 8021 
f 7981 7982 8021 8022 
f 7979 7980 8023 8024 
f 7978 7979 8024 8025 
f 7977 7978 8025 8026 
f 7976 7977 8026 8027 
f 7975 7976 8027 8028 
f 7974 7975 8028 8029 
f 7973 7974 8029 8030 
f 7972 7973 8030 8031 
f 7971 7972 8031 8032 
f 7994 7995 8008 8009 
f 7995 7996 8007 8008 
f 7996 7997 8006 8007 
f 7997 7998 8005 8006 
f 7998 7999 8004 8005 
f 7999 8000 8003 8004 
f 8000 7969 8002 8003 
f 7984 7985 8018 8019 
f 7980 7981 8022 8023 
f 7970 7971 8032 8001 
s 1
f 7958 7957 7968 
f 7938 7937 7968 
f 7937 7936 7968 
f 7936 7967 7968 
f 7939 7938 7968 
f 7967 7966 7968 
f 7966 7965 7968 
f 7940 7939 7968 
f 7941 7940 7968 
f 7942 7941 7968 
f 7944 7943 7968 
f 7945 7944 7968 
f 7946 7945 7968 
f 7948 7947 7968 
f 7949 7948 7968 
f 7950 7949 7968 
f 7951 7950 7968 
f 7952 7951 7968 
f 7953 7952 7968 
f 7954 7953 7968 
f 7955 7954 7968 
f 7956 7955 7968 
f 7965 7964 7968 
f 7964 7963 7968 
f 7963 7962 7968 
f 7962 7961 7968 
f 7961 7960 7968 
f 7960 7959 7968 
f 7959 7958 7968 
f 7943 7942 7968 
f 7947 7946 7968 
f 7957 7956 7968 
s 2
f 5304 5303 7970 7969 
f 5303 5302 7971 7970 
f 5302 5301 7972 7971 
f 5301 5300 7973 7972 
f 5300 5299 7974 7973 
f 5299 5298 7975 7974 
f 5298 5297 7976 7975 
f 5297 5296 7977 7976 
f 5296 5295 7978 7977 
f 5295 5294 7979 7978 
f 5294 5293 7980 7979 
f 5293 5292 7981 7980 
f 5292 5291 7982 7981 
f 5291 5290 7983 7982 
f 5290 5289 7984 7983 
f 5289 5288 7985 7984 
f 5288 5287 7986 7985 
f 5287 5286 7987 7986 
f 5286 5285 7988 7987 
f 5285 5284 7989 7988 
f 5284 5283 7990 7989 
f 5283 5282 7991 7990 
f 5282 5313 7992 7991 
f 5313 5312 7993 7992 
f 5312 5311 7994 7993 
f 5311 5310 7995 7994 
f 5310 5309 7996 7995 
f 5309 5308 7997 7996 
f 5308 5307 7998 7997 
f 5307 5306 7999 7998 
f 5306 5305 8000 7999 
f 5305 5304 7969 8000 
f 7957 7958 8002 8001 
f 7958 7959 8003 8002 
f 7959 7960 8004 8003 
f 7960 7961 8005 8004 
f 7961 7962 8006 8005 
f 7962 7963 8007 8006 
f 7963 7964 8008 8007 
f 7964 7965 8009 8008 
f 7965 7966 8010 8009 
f 7966 7967 8011 8010 
f 7967 7936 8012 8011 
f 7936 7937 8013 8012 
f 7937 7938 8014 8013 
f 7938 7939 8015 8014 
f 7939 7940 8016 8015 
f 7940 7941 8017 8016 
f 7941 7942 8018 8017 
f 7942 7943 8019 8018 
f 7943 7944 8020 8019 
f 7944 7945 8021 8020 
f 7945 7946 8022 8021 
f 7946 7947 8023 8022 
f 7947 7948 8024 8023 
f 7948 7949 8025 8024 
f 7949 7950 8026 8025 
f 7950 7951 8027 8026 
f 7951 7952 8028 8027 
f 7952 7953 8029 8028 
f 7953 7954 8030 8029 
f 7954 7955 8031 8030 
f 7955 7956 8032 8031 
f 7956 7957 8001 8032 
s 1
f 8033 8034 8630 8631 
f 8035 8036 8034 8033 
f 8037 8038 8036 8035 
f 8039 8040 8038 8037 
f 8041 8042 8040 8039 
f 8043 8044 8042 8041 
f 8045 8046 8044 8043 
f 8047 8048 8046 8045 
f 8049 8050 8048 8047 
f 8051 8052 8050 8049 
f 8053 8054 8052 8051 
f 8055 8056 8054 8053 
f 8057 8058 8056 8055 
f 8059 8060 8058 8057 
f 8061 8062 8060 8059 
f 8660 8661 8062 8061 
f 8631 8662 8063 8033 
f 8033 8063 8064 8035 
f 8035 8064 8065 8037 
f 8037 8065 8066 8039 
f 8039 8066 8067 8041 
f 8041 8067 8068 8043 
f 8043 8068 8069 8045 
f 8045 8069 8070 8047 
f 8047 8070 8071 8049 
f 8049 8071 8072 8051 
f 8051 8072 8073 8053 
f 8053 8073 8074 8055 
f 8055 8074 8075 8057 
f 8057 8075 8076 8059 
f 8059 8076 8077 8061 
f 8061 8077 8678 8660 
f 9853 8680 8079 9838 
f 9838 8079 8081 9839 
f 9839 8081 8083 9840 
f 9840 8083 8085 9841 
f 9841 8085 8087 9842 
f 9842 8087 8089 9843 
f 9843 8089 8091 9844 
f 9844 8091 8093 9845 
f 9845 8093 8095 9846 
f 9846 8095 8097 9847 
f 9847 8097 8099 9848 
f 9848 8099 8101 9849 
f 9849 8101 8103 9850 
f 9850 8103 8105 9851 
f 9851 8105 8107 9852 
f 9852 8107 8711 9869 
f 8713 8714 8109 8108 
f 8108 8109 8111 8110 
f 8110 8111 8113 8112 
f 8112 8113 8115 8114 
f 8114 8115 8117 8116 
f 8116 8117 8119 8118 
f 8118 8119 8121 8120 
f 8120 8121 8123 8122 
f 8122 8123 8125 8124 
f 8124 8125 8127 8126 
f 8126 8127 8129 8128 
f 8128 8129 8131 8130 
f 8130 8131 8133 8132 
f 8132 8133 8135 8134 
f 8134 8135 8137 8136 
f 8136 8137 8745 8746 
f 8108 8138 8748 8713 
f 8110 8139 8138 8108 
f 8112 8140 8139 8110 
f 8114 8141 8140 8112 
f 8116 8142 8141 8114 
f 8118 8143 8142 8116 
f 8120 8144 8143 8118 
f 8122 8145 8144 8120 
f 8124 8146 8145 8122 
f 8126 8147 8146 8124 
f 8128 8148 8147 8126 
f 8130 8149 8148 8128 
f 8132 8150 8149 8130 
f 8134 8151 8150 8132 
f 8136 8152 8151 8134 
f 8746 8763 8152 8136 
f 9806 8154 8766 9822 
f 9807 8156 8154 9806 
f 9808 8158 8156 9807 
f 9809 8160 8158 9808 
f 9810 8162 8160 9809 
f 9811 8164 8162 9810 
f 9812 8166 8164 9811 
f 9813 8168 8166 9812 
f 9814 8170 8168 9813 
f 9815 8172 8170 9814 
f 9816 8174 8172 9815 
f 9817 8176 8174 9816 
f 9818 8178 8176 9817 
f 9819 8180 8178 9818 
f 9820 8182 8180 9819 
f 9837 8797 8182 9820 
f 8172 8327 8328 8170 
f 8170 8328 8329 8168 
f 8168 8329 8330 8166 
f 8166 8330 8331 8164 
f 8164 8331 8332 8162 
f 8162 8332 8333 8160 
f 8160 8333 8334 8158 
f 8158 8334 8335 8156 
f 8156 8335 8336 8154 
f 8154 8336 8808 8766 
f 8185 8184 8183 
f 8185 8186 8184 
f 8185 8191 8186 
f 8183 8184 8188 8187 
f 8184 8186 8189 8188 
f 8186 8191 8190 8189 
f 8191 8818 8819 8190 
f 8820 8193 8192 8823 
f 8824 8194 8193 8820 
f 8826 8185 8194 8824 
f 8818 8191 8185 8826 
f 8183 8195 8196 8185 
f 8192 8193 8198 8197 
f 8193 8194 8199 8198 
f 8194 8185 8196 8199 
f 8200 8202 8337 8338 
f 8203 8205 8340 8339 
f 8207 8341 8340 8205 
f 8207 8209 8337 8341 
f 8211 8210 8195 8183 
f 8097 8210 8211 
f 8204 8195 8210 8213 
f 8183 8187 8212 8211 
f 8211 8212 8097 
f 8097 8327 8342 8213 
f 8213 8342 8339 8204 
f 8216 8218 8215 
f 8216 8466 8469 8218 
f 8457 8407 8409 8455 
f 8226 8461 8463 8217 
f 8472 8218 8469 
f 8475 8218 8472 
f 8478 8218 8475 
f 8478 8219 8218 
f 8481 8219 8478 
f 8867 8415 8421 8870 
f 8415 8867 8871 8413 
f 8873 8419 8413 8871 
f 8484 8219 8481 
f 8484 8220 8219 
f 8877 8425 8419 8873 
f 8427 8488 8455 8409 
f 8881 8431 8425 8877 
f 8433 8221 8427 
f 8436 8222 8433 
f 8439 8222 8436 
f 8439 8442 8223 8222 
f 8446 8224 8223 8442 
f 8448 8224 8446 
f 8451 8225 8224 8448 
f 8895 8461 8226 
f 8221 8491 8493 
f 8221 8493 8488 8427 
f 8221 8433 8222 8220 
f 8451 8431 8898 8225 
f 8407 8457 8870 8421 
f 8201 8209 8228 8227 
f 8203 8229 8230 8205 
f 8207 8205 8230 8231 
f 8207 8231 8232 
f 8209 8207 8232 8233 
f 8209 8233 8228 
f 8215 8229 8235 8234 
f 8234 8235 8214 8172 
f 8234 8172 8174 8236 
f 8234 8236 8237 8215 
f 8215 8237 8238 8216 
f 8217 8216 8238 8239 
f 8217 8239 8240 8226 
f 8226 8240 8915 8895 
f 8195 8204 8206 8196 
f 8198 8202 8200 8197 
f 8199 8208 8202 8198 
f 8196 8206 8208 8199 
f 8228 8223 8224 8227 
f 8229 8215 8218 8230 
f 8230 8218 8219 8231 
f 8231 8219 8220 8232 
f 8232 8220 8222 8233 
f 8233 8222 8223 8228 
f 8229 8203 8214 8235 
f 8662 8679 8078 8063 
f 8063 8078 8080 8064 
f 8064 8080 8082 8065 
f 8065 8082 8084 8066 
f 8066 8084 8086 8067 
f 8067 8086 8088 8068 
f 8068 8088 8090 8069 
f 8069 8090 8092 8070 
f 8070 8092 8094 8071 
f 8071 8094 8096 8072 
f 8072 8096 8098 8073 
f 8073 8098 8100 8074 
f 8074 8100 8102 8075 
f 8075 8102 8104 8076 
f 8076 8104 8106 8077 
f 8077 8106 8712 8678 
f 8188 8103 8101 8187 
f 8189 8105 8103 8188 
f 8190 8107 8105 8189 
f 8819 8711 8107 8190 
f 8187 8101 8099 8212 
f 8236 8174 8176 8237 
f 8237 8176 8178 8238 
f 8238 8178 8180 8239 
f 8239 8180 8182 8240 
f 8240 8182 8797 8915 
f 8221 8497 8491 
s 2
f 8454 8499 8501 8458 
f 8460 8505 8507 8464 
f 8464 8507 8509 8467 
f 8467 8509 8511 8470 
f 8470 8511 8513 8473 
f 8473 8513 8515 8476 
f 8476 8515 8517 8479 
f 8479 8517 8519 8482 
f 8482 8519 8521 8485 
f 8485 8521 8523 8496 
f 8487 8525 8499 8454 
f 8945 8946 8505 8460 
f 8496 8523 8527 8490 
f 8490 8527 8529 8494 
f 8494 8529 8525 8487 
f 8458 8501 8951 8952 
f 8452 8241 8256 8430 
f 8410 8242 8243 8428 
f 8428 8243 8244 8434 
f 8434 8244 8245 8437 
f 8437 8245 8246 8440 
f 8440 8246 8247 8443 
f 8443 8247 8248 8445 
f 8445 8248 8249 8449 
f 8449 8249 8241 8452 
f 8242 8410 8406 8250 
f 8250 8406 8422 8251 
f 8251 8422 8416 8252 
f 8252 8416 8412 8253 
f 8253 8412 8418 8254 
f 8254 8418 8424 8255 
f 8255 8424 8430 8256 
s 1
f 8242 8257 8258 8243 
f 8243 8258 8259 8244 
f 8244 8259 8260 8245 
f 8245 8260 8261 8246 
f 8246 8261 8262 8247 
f 8247 8262 8263 8248 
f 8248 8263 8264 8249 
f 8249 8264 8265 8241 
f 8250 8266 8257 8242 
f 8251 8267 8266 8250 
f 8252 8268 8267 8251 
f 8253 8269 8268 8252 
f 8254 8270 8269 8253 
f 8255 8271 8270 8254 
f 8256 8272 8271 8255 
f 8241 8265 8272 8256 
f 8748 8138 8153 8767 
f 8138 8139 8155 8153 
f 8139 8140 8157 8155 
f 8140 8141 8159 8157 
f 8141 8142 8161 8159 
f 8142 8143 8163 8161 
f 8143 8144 8165 8163 
f 8144 8145 8167 8165 
f 8145 8146 8169 8167 
f 8146 8147 8171 8169 
f 8147 8148 8173 8171 
f 8148 8149 8175 8173 
f 8149 8150 8177 8175 
f 8150 8151 8179 8177 
f 8151 8152 8181 8179 
f 8152 8763 8796 8181 
f 8823 8192 8275 9002 
f 8192 8197 8276 8275 
f 8200 8338 8344 8278 
f 8224 8225 8279 8280 
f 8225 8898 9008 8279 
f 8201 8227 8281 8277 
f 8197 8200 8278 8276 
f 8227 8224 8280 8281 
f 9011 8343 9013 
f 8274 8273 9013 
f 8273 9016 9013 
f 8275 8343 9011 9002 
f 8276 8343 8275 
f 8277 8274 8343 8344 
f 8279 8273 8274 8280 
f 9008 9016 8273 8279 
f 8281 8274 8277 
f 8278 8343 8276 
f 8280 8274 8281 
f 8630 8034 8312 9018 
f 8034 8036 8313 8312 
f 8036 8038 8314 8313 
f 8038 8040 8315 8314 
f 8040 8042 8316 8315 
f 8042 8044 8317 8316 
f 8044 8046 8318 8317 
f 8046 8048 8319 8318 
f 8048 8050 8320 8319 
f 8050 8052 8321 8320 
f 8052 8054 8322 8321 
f 8054 8056 8323 8322 
f 8056 8058 8324 8323 
f 8058 8060 8325 8324 
f 8060 8062 8326 8325 
f 8062 8661 9033 8326 
f 8297 8282 9036 9037 
f 8298 8283 8282 8297 
f 8299 8284 8283 8298 
f 8300 8285 8284 8299 
f 8301 8286 8285 8300 
f 8302 8287 8286 8301 
f 8303 8288 8287 8302 
f 8304 8289 8288 8303 
f 8305 8290 8289 8304 
f 8306 8291 8290 8305 
f 8307 8292 8291 8306 
f 8308 8293 8292 8307 
f 8309 8294 8293 8308 
f 8310 8295 8294 8309 
f 8311 8296 8295 8310 
f 9066 9067 8296 8311 
f 8312 8297 9037 9018 
f 8313 8298 8297 8312 
f 8314 8299 8298 8313 
f 8315 8300 8299 8314 
f 8316 8301 8300 8315 
f 8317 8302 8301 8316 
f 8318 8303 8302 8317 
f 8319 8304 8303 8318 
f 8320 8305 8304 8319 
f 8321 8306 8305 8320 
f 8322 8307 8306 8321 
f 8323 8308 8307 8322 
f 8324 8309 8308 8323 
f 8325 8310 8309 8324 
f 8326 8311 8310 8325 
f 9033 9066 8311 8326 
f 8327 8097 8095 8328 
f 8328 8095 8093 8329 
f 8329 8093 8091 8330 
f 8330 8091 8089 8331 
f 8331 8089 8087 8332 
f 8332 8087 8085 8333 
f 8333 8085 8083 8334 
f 8334 8083 8081 8335 
f 8335 8081 8079 8336 
f 8336 8079 8680 8808 
f 8337 8209 8201 8338 
f 8340 8206 8204 8339 
f 8341 8208 8206 8340 
f 8337 8202 8208 8341 
f 8327 8172 8214 8342 
f 8342 8214 8203 8339 
f 8338 8201 8277 8344 
f 8343 8274 9013 
f 8343 8278 8344 
f 8109 8714 9068 8375 
f 8111 8109 8375 8376 
f 8113 8111 8376 8377 
f 8115 8113 8377 8378 
f 8117 8115 8378 8379 
f 8119 8117 8379 8380 
f 8121 8119 8380 8381 
f 8123 8121 8381 8382 
f 8125 8123 8382 8383 
f 8127 8125 8383 8384 
f 8129 8127 8384 8385 
f 8131 8129 8385 8386 
f 8133 8131 8386 8387 
f 8135 8133 8387 8388 
f 8137 8135 8388 8389 
f 8745 8137 8389 9084 
f 8345 9086 9036 8282 
f 8346 8345 8282 8283 
f 8347 8346 8283 8284 
f 8348 8347 8284 8285 
f 8349 8348 8285 8286 
f 8350 8349 8286 8287 
f 8351 8350 8287 8288 
f 8352 8351 8288 8289 
f 8353 8352 8289 8290 
f 8354 8353 8290 8291 
f 8355 8354 8291 8292 
f 8356 8355 8292 8293 
f 8357 8356 8293 8294 
f 8358 8357 8294 8295 
f 8359 8358 8295 8296 
f 9101 8359 8296 9067 
f 9102 9103 8390 8360 
f 8360 8390 8391 8361 
f 8361 8391 8392 8362 
f 8362 8392 8393 8363 
f 8363 8393 8394 8364 
f 8364 8394 8395 8365 
f 8365 8395 8396 8366 
f 8366 8396 8397 8367 
f 8367 8397 8398 8368 
f 8368 8398 8399 8369 
f 8369 8399 8400 8370 
f 8370 8400 8401 8371 
f 8371 8401 8402 8372 
f 8372 8402 8403 8373 
f 8373 8403 8404 8374 
f 8374 8404 9134 9135 
f 9068 9102 8360 8375 
f 8375 8360 8361 8376 
f 8376 8361 8362 8377 
f 8377 8362 8363 8378 
f 8378 8363 8364 8379 
f 8379 8364 8365 8380 
f 8380 8365 8366 8381 
f 8381 8366 8367 8382 
f 8382 8367 8368 8383 
f 8383 8368 8369 8384 
f 8384 8369 8370 8385 
f 8385 8370 8371 8386 
f 8386 8371 8372 8387 
f 8387 8372 8373 8388 
f 8388 8373 8374 8389 
f 8389 8374 9135 9084 
s 2
f 9103 9086 8345 8390 
f 8390 8345 8346 8391 
f 8391 8346 8347 8392 
f 8392 8347 8348 8393 
f 8393 8348 8349 8394 
f 8394 8349 8350 8395 
f 8395 8350 8351 8396 
f 8396 8351 8352 8397 
f 8397 8352 8353 8398 
f 8398 8353 8354 8399 
f 8399 8354 8355 8400 
f 8400 8355 8356 8401 
f 8401 8356 8357 8402 
f 8402 8357 8358 8403 
f 8403 8358 8359 8404 
f 8404 8359 9101 9134 
s 1
f 8212 8099 8097 
f 8097 8213 8210 
f 8431 8881 8898 
f 8497 8221 8220 
f 8484 8497 8220 
f 8409 8407 8405 8408 
f 8421 8415 8414 8420 
f 8415 8413 8411 8414 
f 8413 8419 8417 8411 
f 8419 8425 8423 8417 
f 8427 8409 8408 8426 
f 8425 8431 8429 8423 
f 8433 8427 8426 8432 
f 8436 8433 8432 8435 
f 8439 8436 8435 8438 
f 8442 8439 8438 8441 
f 8446 8442 8441 8444 
f 8448 8446 8444 8447 
f 8451 8448 8447 8450 
f 8431 8451 8450 8429 
f 8407 8421 8420 8405 
s 2
f 8452 8430 8429 8450 
f 8410 8428 8426 8408 
f 8428 8434 8432 8426 
f 8434 8437 8435 8432 
f 8437 8440 8438 8435 
f 8440 8443 8441 8438 
f 8443 8445 8444 8441 
f 8445 8449 8447 8444 
f 8449 8452 8450 8447 
f 8406 8410 8408 8405 
f 8422 8406 8405 8420 
f 8416 8422 8420 8414 
f 8412 8416 8414 8411 
f 8418 8412 8411 8417 
f 8424 8418 8417 8423 
f 8430 8424 8423 8429 
s 1
f 8216 8217 8463 8466 
f 9152 8502 8504 9155 
s off
f 8530 8531 8504 8502 
s 1
f 8469 8466 8465 8468 
f 8457 8455 8453 8456 
f 8463 8461 8459 8462 
f 8472 8469 8468 8471 
f 8475 8472 8471 8474 
f 8478 8475 8474 8477 
f 8481 8478 8477 8480 
f 8484 8481 8480 8483 
f 8455 8488 8486 8453 
f 8461 8895 9170 8459 
f 8493 8491 8489 8492 
f 8488 8493 8492 8486 
f 8870 8457 8456 9173 
f 8491 8497 8495 8489 
s 2
f 8501 8499 8498 8500 
f 8454 8458 8456 8453 
f 8507 8505 8503 8506 
f 8460 8464 8462 8459 
f 8509 8507 8506 8508 
f 8464 8467 8465 8462 
f 8511 8509 8508 8510 
f 8467 8470 8468 8465 
f 8513 8511 8510 8512 
f 8470 8473 8471 8468 
f 8515 8513 8512 8514 
f 8473 8476 8474 8471 
f 8517 8515 8514 8516 
f 8476 8479 8477 8474 
f 8519 8517 8516 8518 
f 8479 8482 8480 8477 
f 8521 8519 8518 8520 
f 8482 8485 8483 8480 
f 8523 8521 8520 8522 
f 8485 8496 8495 8483 
f 8499 8525 8524 8498 
f 8487 8454 8453 8486 
f 8505 8946 9188 8503 
f 8945 8460 8459 9170 
f 8527 8523 8522 8526 
f 8496 8490 8489 8495 
f 8529 8527 8526 8528 
f 8490 8494 8492 8489 
f 8525 8529 8528 8524 
f 8494 8487 8486 8492 
f 8951 8501 8500 9191 
f 8458 8952 9173 8456 
s 1
f 8497 8484 8483 8495 
f 8466 8463 8462 8465 
f 8502 9152 9191 8500 
f 9155 8504 8503 9188 
s off
f 8530 8498 8524 
f 8531 8530 8524 8528 
f 8532 8531 8528 8526 
f 8533 8532 8526 8522 
f 8533 8522 8520 
f 8534 8533 8520 8518 
f 8534 8518 8516 
f 8535 8534 8516 8514 
f 8536 8535 8514 8512 
f 8536 8512 8510 
f 8537 8536 8510 8508 
f 8537 8508 8506 
f 8504 8537 8506 8503 
f 8530 8502 8500 8498 
f 8531 8532 8504 
f 8532 8538 8537 8504 
f 8533 8534 8535 8538 
f 8535 8536 8537 8538 
f 8532 8533 8538 
f 8596 8583 8540 
f 8540 8541 8539 
f 8583 8541 8540 
f 8541 8583 8542 
f 8573 8541 8542 
f 8573 8543 8541 
f 8543 8598 8545 
f 8545 8541 8543 
f 8541 8545 8544 
f 8539 8541 8544 
f 8597 8539 8544 
f 8599 8573 8542 
f 8540 8539 8596 
f 8542 8583 8599 
f 8543 8573 8598 
f 8544 8545 8597 
f 8614 8625 8613 
f 8618 8607 8608 8617 
f 8627 8611 8612 8626 
f 8624 8615 8600 8623 
f 8621 8603 8604 8620 
f 8627 8616 8610 8611 
f 8619 8605 8606 8618 
f 8621 8602 8603 
f 8622 8601 8602 8621 
f 8587 8569 8586 
f 8586 8569 8568 8585 
f 8584 8545 8570 
f 8595 8570 8571 8594 
f 8593 8577 8592 
f 8592 8577 8582 8591 
f 8590 8583 8581 
f 8589 8581 8579 8588 
f 8583 8596 8579 8581 
f 8539 8597 8569 
f 8545 8598 8571 8570 
f 8573 8599 8582 8577 
f 8587 8588 8579 
f 8568 8545 8584 
f 8593 8594 8571 
f 8582 8583 8590 
f 8600 8601 8622 8623 
f 8604 8605 8619 8620 
f 8608 8609 8616 8617 
f 8612 8613 8625 8626 
f 8548 8547 8585 8584 
f 8547 8565 8586 8585 
f 8565 8549 8587 8586 
f 8549 8567 8588 8587 
f 8567 8580 8589 8588 
f 8580 8578 8590 8589 
f 8578 8575 8591 8590 
f 8575 8576 8592 8591 
f 8576 8574 8593 8592 
f 8574 8572 8594 8593 
f 8572 8566 8595 8594 
f 8566 8548 8584 8595 
f 8596 8539 8579 
f 8597 8545 8568 8569 
f 8599 8583 8582 
f 8598 8573 8571 
f 8570 8595 8584 
f 8584 8585 8568 
f 8579 8539 8587 
f 8587 8539 8569 
f 8581 8589 8590 
f 8590 8591 8582 
f 8571 8573 8593 
f 8593 8573 8577 
f 8564 8563 8600 8615 
f 8563 8562 8601 8600 
f 8562 8561 8602 8601 
f 8561 8560 8603 8602 
f 8560 8559 8604 8603 
f 8559 8558 8605 8604 
f 8558 8557 8606 8605 
f 8557 8556 8607 8606 
f 8556 8555 8608 8607 
f 8555 8554 8609 8608 
f 8554 8553 8610 8609 
f 8553 8552 8611 8610 
f 8552 8551 8612 8611 
f 8551 8550 8613 8612 
f 8550 8546 8614 8613 
f 8546 8564 8615 8614 
f 8547 8548 8617 8616 
f 8548 8566 8618 8617 
f 8566 8572 8619 8618 
f 8572 8574 8620 8619 
f 8574 8576 8621 8620 
f 8576 8575 8622 8621 
f 8575 8578 8623 8622 
f 8578 8580 8624 8623 
f 8580 8567 8625 8624 
f 8567 8549 8626 8625 
f 8549 8565 8627 8626 
f 8565 8547 8616 8627 
f 8618 8606 8607 
f 8614 8615 8624 8625 
f 8616 8609 8610 
s 1
f 8628 8631 8630 8629 
f 8632 8628 8629 8633 
f 8634 8632 8633 8635 
f 8636 8634 8635 8637 
f 8638 8636 8637 8639 
f 8640 8638 8639 8641 
f 8642 8640 8641 8643 
f 8644 8642 8643 8645 
f 8646 8644 8645 8647 
f 8648 8646 8647 8649 
f 8650 8648 8649 8651 
f 8652 8650 8651 8653 
f 8654 8652 8653 8655 
f 8656 8654 8655 8657 
f 8658 8656 8657 8659 
f 8660 8658 8659 8661 
f 8631 8628 8663 8662 
f 8628 8632 8664 8663 
f 8632 8634 8665 8664 
f 8634 8636 8666 8665 
f 8636 8638 8667 8666 
f 8638 8640 8668 8667 
f 8640 8642 8669 8668 
f 8642 8644 8670 8669 
f 8644 8646 8671 8670 
f 8646 8648 8672 8671 
f 8648 8650 8673 8672 
f 8650 8652 8674 8673 
f 8652 8654 8675 8674 
f 8654 8656 8676 8675 
f 8656 8658 8677 8676 
f 8658 8660 8678 8677 
f 9854 8681 8680 9853 
f 9855 8683 8681 9854 
f 9856 8685 8683 9855 
f 9857 8687 8685 9856 
f 9858 8689 8687 9857 
f 9859 8691 8689 9858 
f 9860 8693 8691 9859 
f 9861 8695 8693 9860 
f 9862 8697 8695 9861 
f 9863 8699 8697 9862 
f 9864 8701 8699 9863 
f 9865 8703 8701 9864 
f 9866 8705 8703 9865 
f 9867 8707 8705 9866 
f 9868 8709 8707 9867 
f 9869 8711 8709 9868 
f 8713 8716 8715 8714 
f 8716 8718 8717 8715 
f 8718 8720 8719 8717 
f 8720 8722 8721 8719 
f 8722 8724 8723 8721 
f 8724 8726 8725 8723 
f 8726 8728 8727 8725 
f 8728 8730 8729 8727 
f 8730 8732 8731 8729 
f 8732 8734 8733 8731 
f 8734 8736 8735 8733 
f 8736 8738 8737 8735 
f 8738 8740 8739 8737 
f 8740 8742 8741 8739 
f 8742 8744 8743 8741 
f 8744 8746 8745 8743 
f 8716 8713 8748 8747 
f 8718 8716 8747 8749 
f 8720 8718 8749 8750 
f 8722 8720 8750 8751 
f 8724 8722 8751 8752 
f 8726 8724 8752 8753 
f 8728 8726 8753 8754 
f 8730 8728 8754 8755 
f 8732 8730 8755 8756 
f 8734 8732 8756 8757 
f 8736 8734 8757 8758 
f 8738 8736 8758 8759 
f 8740 8738 8759 8760 
f 8742 8740 8760 8761 
f 8744 8742 8761 8762 
f 8746 8744 8762 8763 
f 9822 8766 8765 9821 
f 9821 8765 8769 9823 
f 9823 8769 8771 9824 
f 9824 8771 8773 9825 
f 9825 8773 8775 9826 
f 9826 8775 8777 9827 
f 9827 8777 8779 9828 
f 9828 8779 8781 9829 
f 9829 8781 8783 9830 
f 9830 8783 8785 9831 
f 9831 8785 8787 9832 
f 9832 8787 8789 9833 
f 9833 8789 8791 9834 
f 9834 8791 8793 9835 
f 9835 8793 8795 9836 
f 9836 8795 8797 9837 
f 8785 8783 8799 8798 
f 8783 8781 8800 8799 
f 8781 8779 8801 8800 
f 8779 8777 8802 8801 
f 8777 8775 8803 8802 
f 8775 8773 8804 8803 
f 8773 8771 8805 8804 
f 8771 8769 8806 8805 
f 8769 8765 8807 8806 
f 8765 8766 8808 8807 
f 8809 8811 8810 
f 8809 8810 8812 
f 8809 8812 8813 
f 8811 8815 8814 8810 
f 8810 8814 8816 8812 
f 8812 8816 8817 8813 
f 8813 8817 8819 8818 
f 8820 8823 8822 8821 
f 8824 8820 8821 8825 
f 8826 8824 8825 8809 
f 8818 8826 8809 8813 
f 8811 8809 8828 8827 
f 8822 8830 8829 8821 
f 8821 8829 8831 8825 
f 8825 8831 8828 8809 
f 8832 8835 8834 8833 
f 8836 8839 8838 8837 
f 8840 8837 8838 8841 
f 8840 8841 8834 8842 
f 8843 8811 8827 8844 
f 8699 8843 8844 
f 8845 8846 8844 8827 
f 8811 8843 8847 8815 
f 8843 8699 8847 
f 8699 8846 8848 8798 
f 8846 8845 8839 8848 
f 8849 8851 8850 
f 8849 8850 8853 8852 
f 8854 8857 8856 8855 
f 8858 8861 8860 8859 
f 8862 8853 8850 
f 8863 8862 8850 
f 8864 8863 8850 
f 8864 8850 8865 
f 8866 8864 8865 
f 8867 8870 8869 8868 
f 8868 8872 8871 8867 
f 8873 8871 8872 8874 
f 8875 8866 8865 
f 8875 8865 8876 
f 8877 8873 8874 8878 
f 8879 8856 8857 8880 
f 8881 8877 8878 8882 
f 8883 8879 8884 
f 8885 8883 8886 
f 8887 8885 8886 
f 8887 8886 8889 8888 
f 8890 8888 8889 8891 
f 8892 8890 8891 
f 8893 8892 8891 8894 
f 8895 8858 8859 
f 8884 8897 8896 
f 8884 8879 8880 8897 
f 8884 8876 8886 8883 
f 8893 8894 8898 8882 
f 8855 8869 8870 8854 
f 8899 8901 8900 8842 
f 8836 8837 8903 8902 
f 8840 8904 8903 8837 
f 8840 8905 8904 
f 8842 8906 8905 8840 
f 8842 8900 8906 
f 8851 8908 8907 8902 
f 8908 8785 8909 8907 
f 8908 8910 8787 8785 
f 8908 8851 8911 8910 
f 8851 8849 8912 8911 
f 8861 8913 8912 8849 
f 8861 8858 8914 8913 
f 8858 8895 8915 8914 
f 8827 8828 8916 8845 
f 8829 8830 8832 8833 
f 8831 8829 8833 8917 
f 8828 8831 8917 8916 
f 8900 8901 8891 8889 
f 8902 8903 8850 8851 
f 8903 8904 8865 8850 
f 8904 8905 8876 8865 
f 8905 8906 8886 8876 
f 8906 8900 8889 8886 
f 8902 8907 8909 8836 
f 8662 8663 8682 8679 
f 8663 8664 8684 8682 
f 8664 8665 8686 8684 
f 8665 8666 8688 8686 
f 8666 8667 8690 8688 
f 8667 8668 8692 8690 
f 8668 8669 8694 8692 
f 8669 8670 8696 8694 
f 8670 8671 8698 8696 
f 8671 8672 8700 8698 
f 8672 8673 8702 8700 
f 8673 8674 8704 8702 
f 8674 8675 8706 8704 
f 8675 8676 8708 8706 
f 8676 8677 8710 8708 
f 8677 8678 8712 8710 
f 8814 8815 8703 8705 
f 8816 8814 8705 8707 
f 8817 8816 8707 8709 
f 8819 8817 8709 8711 
f 8815 8847 8701 8703 
f 8910 8911 8789 8787 
f 8911 8912 8791 8789 
f 8912 8913 8793 8791 
f 8913 8914 8795 8793 
f 8914 8915 8797 8795 
f 8884 8896 8918 
s 2
f 8919 8922 8921 8920 
f 8923 8926 8925 8924 
f 8926 8928 8927 8925 
f 8928 8930 8929 8927 
f 8930 8932 8931 8929 
f 8932 8934 8933 8931 
f 8934 8936 8935 8933 
f 8936 8938 8937 8935 
f 8938 8940 8939 8937 
f 8940 8942 8941 8939 
f 8943 8919 8920 8944 
f 8945 8923 8924 8946 
f 8942 8948 8947 8941 
f 8948 8950 8949 8947 
f 8950 8943 8944 8949 
f 8922 8952 8951 8921 
f 8953 8956 8955 8954 
f 8957 8960 8959 8958 
f 8960 8962 8961 8959 
f 8962 8964 8963 8961 
f 8964 8966 8965 8963 
f 8966 8968 8967 8965 
f 8968 8970 8969 8967 
f 8970 8972 8971 8969 
f 8972 8953 8954 8971 
f 8958 8974 8973 8957 
f 8974 8976 8975 8973 
f 8976 8978 8977 8975 
f 8978 8980 8979 8977 
f 8980 8982 8981 8979 
f 8982 8984 8983 8981 
f 8984 8955 8956 8983 
s 1
f 8958 8959 8986 8985 
f 8959 8961 8987 8986 
f 8961 8963 8988 8987 
f 8963 8965 8989 8988 
f 8965 8967 8990 8989 
f 8967 8969 8991 8990 
f 8969 8971 8992 8991 
f 8971 8954 8993 8992 
f 8974 8958 8985 8994 
f 8976 8974 8994 8995 
f 8978 8976 8995 8996 
f 8980 8978 8996 8997 
f 8982 8980 8997 8998 
f 8984 8982 8998 8999 
f 8955 8984 8999 9000 
f 8954 8955 9000 8993 
f 8748 8767 8764 8747 
f 8747 8764 8768 8749 
f 8749 8768 8770 8750 
f 8750 8770 8772 8751 
f 8751 8772 8774 8752 
f 8752 8774 8776 8753 
f 8753 8776 8778 8754 
f 8754 8778 8780 8755 
f 8755 8780 8782 8756 
f 8756 8782 8784 8757 
f 8757 8784 8786 8758 
f 8758 8786 8788 8759 
f 8759 8788 8790 8760 
f 8760 8790 8792 8761 
f 8761 8792 8794 8762 
f 8762 8794 8796 8763 
f 8823 9002 9001 8822 
f 8822 9001 9003 8830 
f 8832 9005 9004 8835 
f 8891 9007 9006 8894 
f 8894 9006 9008 8898 
f 8899 9010 9009 8901 
f 8830 9003 9005 8832 
f 8901 9009 9007 8891 
f 9011 9013 9012 
f 9014 9013 9015 
f 9015 9013 9016 
f 9001 9002 9011 9012 
f 9003 9001 9012 
f 9010 9004 9012 9014 
f 9006 9007 9014 9015 
f 9008 9006 9015 9016 
f 9009 9010 9014 
f 9005 9003 9012 
f 9007 9009 9014 
f 8630 9018 9017 8629 
f 8629 9017 9019 8633 
f 8633 9019 9020 8635 
f 8635 9020 9021 8637 
f 8637 9021 9022 8639 
f 8639 9022 9023 8641 
f 8641 9023 9024 8643 
f 8643 9024 9025 8645 
f 8645 9025 9026 8647 
f 8647 9026 9027 8649 
f 8649 9027 9028 8651 
f 8651 9028 9029 8653 
f 8653 9029 9030 8655 
f 8655 9030 9031 8657 
f 8657 9031 9032 8659 
f 8659 9032 9033 8661 
f 9034 9037 9036 9035 
f 9038 9034 9035 9039 
f 9040 9038 9039 9041 
f 9042 9040 9041 9043 
f 9044 9042 9043 9045 
f 9046 9044 9045 9047 
f 9048 9046 9047 9049 
f 9050 9048 9049 9051 
f 9052 9050 9051 9053 
f 9054 9052 9053 9055 
f 9056 9054 9055 9057 
f 9058 9056 9057 9059 
f 9060 9058 9059 9061 
f 9062 9060 9061 9063 
f 9064 9062 9063 9065 
f 9066 9064 9065 9067 
f 9017 9018 9037 9034 
f 9019 9017 9034 9038 
f 9020 9019 9038 9040 
f 9021 9020 9040 9042 
f 9022 9021 9042 9044 
f 9023 9022 9044 9046 
f 9024 9023 9046 9048 
f 9025 9024 9048 9050 
f 9026 9025 9050 9052 
f 9027 9026 9052 9054 
f 9028 9027 9054 9056 
f 9029 9028 9056 9058 
f 9030 9029 9058 9060 
f 9031 9030 9060 9062 
f 9032 9031 9062 9064 
f 9033 9032 9064 9066 
f 8798 8799 8697 8699 
f 8799 8800 8695 8697 
f 8800 8801 8693 8695 
f 8801 8802 8691 8693 
f 8802 8803 8689 8691 
f 8803 8804 8687 8689 
f 8804 8805 8685 8687 
f 8805 8806 8683 8685 
f 8806 8807 8681 8683 
f 8807 8808 8680 8681 
f 8834 8835 8899 8842 
f 8838 8839 8845 8916 
f 8841 8838 8916 8917 
f 8834 8841 8917 8833 
f 8798 8848 8909 8785 
f 8848 8839 8836 8909 
f 8835 9004 9010 8899 
f 9012 9013 9014 
f 9012 9004 9005 
f 8715 9069 9068 8714 
f 8717 9070 9069 8715 
f 8719 9071 9070 8717 
f 8721 9072 9071 8719 
f 8723 9073 9072 8721 
f 8725 9074 9073 8723 
f 8727 9075 9074 8725 
f 8729 9076 9075 8727 
f 8731 9077 9076 8729 
f 8733 9078 9077 8731 
f 8735 9079 9078 8733 
f 8737 9080 9079 8735 
f 8739 9081 9080 8737 
f 8741 9082 9081 8739 
f 8743 9083 9082 8741 
f 8745 9084 9083 8743 
f 9085 9035 9036 9086 
f 9087 9039 9035 9085 
f 9088 9041 9039 9087 
f 9089 9043 9041 9088 
f 9090 9045 9043 9089 
f 9091 9047 9045 9090 
f 9092 9049 9047 9091 
f 9093 9051 9049 9092 
f 9094 9053 9051 9093 
f 9095 9055 9053 9094 
f 9096 9057 9055 9095 
f 9097 9059 9057 9096 
f 9098 9061 9059 9097 
f 9099 9063 9061 9098 
f 9100 9065 9063 9099 
f 9101 9067 9065 9100 
f 9102 9105 9104 9103 
f 9105 9107 9106 9104 
f 9107 9109 9108 9106 
f 9109 9111 9110 9108 
f 9111 9113 9112 9110 
f 9113 9115 9114 9112 
f 9115 9117 9116 9114 
f 9117 9119 9118 9116 
f 9119 9121 9120 9118 
f 9121 9123 9122 9120 
f 9123 9125 9124 9122 
f 9125 9127 9126 9124 
f 9127 9129 9128 9126 
f 9129 9131 9130 9128 
f 9131 9133 9132 9130 
f 9133 9135 9134 9132 
f 9068 9069 9105 9102 
f 9069 9070 9107 9105 
f 9070 9071 9109 9107 
f 9071 9072 9111 9109 
f 9072 9073 9113 9111 
f 9073 9074 9115 9113 
f 9074 9075 9117 9115 
f 9075 9076 9119 9117 
f 9076 9077 9121 9119 
f 9077 9078 9123 9121 
f 9078 9079 9125 9123 
f 9079 9080 9127 9125 
f 9080 9081 9129 9127 
f 9081 9082 9131 9129 
f 9082 9083 9133 9131 
f 9083 9084 9135 9133 
s 2
f 9103 9104 9085 9086 
f 9104 9106 9087 9085 
f 9106 9108 9088 9087 
f 9108 9110 9089 9088 
f 9110 9112 9090 9089 
f 9112 9114 9091 9090 
f 9114 9116 9092 9091 
f 9116 9118 9093 9092 
f 9118 9120 9094 9093 
f 9120 9122 9095 9094 
f 9122 9124 9096 9095 
f 9124 9126 9097 9096 
f 9126 9128 9098 9097 
f 9128 9130 9099 9098 
f 9130 9132 9100 9099 
f 9132 9134 9101 9100 
s 1
f 8847 8699 8701 
f 8699 8844 8846 
f 8882 8898 8881 
f 8918 8876 8884 
f 8875 8876 8918 
f 8856 9137 9136 8855 
f 8869 9139 9138 8868 
f 8868 9138 9140 8872 
f 8872 9140 9141 8874 
f 8874 9141 9142 8878 
f 8879 9143 9137 8856 
f 8878 9142 9144 8882 
f 8883 9145 9143 8879 
f 8885 9146 9145 8883 
f 8887 9147 9146 8885 
f 8888 9148 9147 8887 
f 8890 9149 9148 8888 
f 8892 9150 9149 8890 
f 8893 9151 9150 8892 
f 8882 9144 9151 8893 
f 8855 9136 9139 8869 
s 2
f 8953 9151 9144 8956 
f 8957 9137 9143 8960 
f 8960 9143 9145 8962 
f 8962 9145 9146 8964 
f 8964 9146 9147 8966 
f 8966 9147 9148 8968 
f 8968 9148 9149 8970 
f 8970 9149 9150 8972 
f 8972 9150 9151 8953 
f 8973 9136 9137 8957 
f 8975 9139 9136 8973 
f 8977 9138 9139 8975 
f 8979 9140 9138 8977 
f 8981 9141 9140 8979 
f 8983 9142 9141 8981 
f 8956 9144 9142 8983 
s 1
f 8849 8852 8860 8861 
f 9152 9155 9154 9153 
s off
f 9156 9153 9154 9157 
s 1
f 8853 9159 9158 8852 
f 8854 9161 9160 8857 
f 8860 9163 9162 8859 
f 8862 9164 9159 8853 
f 8863 9165 9164 8862 
f 8864 9166 9165 8863 
f 8866 9167 9166 8864 
f 8875 9168 9167 8866 
f 8857 9160 9169 8880 
f 8859 9162 9170 8895 
f 8897 9172 9171 8896 
f 8880 9169 9172 8897 
f 8870 9173 9161 8854 
f 8896 9171 9174 8918 
s 2
f 8921 9176 9175 8920 
f 8919 9160 9161 8922 
f 8925 9178 9177 8924 
f 8923 9162 9163 8926 
f 8927 9179 9178 8925 
f 8926 9163 9158 8928 
f 8929 9180 9179 8927 
f 8928 9158 9159 8930 
f 8931 9181 9180 8929 
f 8930 9159 9164 8932 
f 8933 9182 9181 8931 
f 8932 9164 9165 8934 
f 8935 9183 9182 8933 
f 8934 9165 9166 8936 
f 8937 9184 9183 8935 
f 8936 9166 9167 8938 
f 8939 9185 9184 8937 
f 8938 9167 9168 8940 
f 8941 9186 9185 8939 
f 8940 9168 9174 8942 
f 8920 9175 9187 8944 
f 8943 9169 9160 8919 
f 8924 9177 9188 8946 
f 8945 9170 9162 8923 
f 8947 9189 9186 8941 
f 8942 9174 9171 8948 
f 8949 9190 9189 8947 
f 8948 9171 9172 8950 
f 8944 9187 9190 8949 
f 8950 9172 9169 8943 
f 8951 9191 9176 8921 
f 8922 9161 9173 8952 
s 1
f 8918 9174 9168 8875 
f 8852 9158 9163 8860 
f 9153 9176 9191 9152 
f 9155 9188 9177 9154 
s off
f 9156 9187 9175 
f 9157 9190 9187 9156 
f 9192 9189 9190 9157 
f 9193 9186 9189 9192 
f 9193 9185 9186 
f 9194 9184 9185 9193 
f 9194 9183 9184 
f 9195 9182 9183 9194 
f 9196 9181 9182 9195 
f 9196 9180 9181 
f 9197 9179 9180 9196 
f 9197 9178 9179 
f 9154 9177 9178 9197 
f 9156 9175 9176 9153 
f 9157 9154 9192 
f 9192 9154 9197 9198 
f 9193 9198 9195 9194 
f 9195 9198 9197 9196 
f 9192 9198 9193 
f 9199 9201 9200 
f 9201 9203 9202 
f 9200 9201 9202 
f 9202 9204 9200 
f 9205 9204 9202 
f 9205 9202 9206 
f 9206 9208 9207 
f 9208 9206 9202 
f 9202 9209 9208 
f 9203 9209 9202 
f 9210 9209 9203 
f 9211 9204 9205 
f 9201 9199 9203 
f 9204 9211 9200 
f 9206 9207 9205 
f 9209 9210 9208 
f 9212 9214 9213 
f 9215 9218 9217 9216 
f 9219 9222 9221 9220 
f 9223 9226 9225 9224 
f 9227 9230 9229 9228 
f 9219 9220 9232 9231 
f 9233 9215 9235 9234 
f 9227 9228 9236 
f 9237 9227 9236 9238 
f 9239 9241 9240 
f 9241 9243 9242 9240 
f 9244 9245 9208 
f 9246 9248 9247 9245 
f 9249 9251 9250 
f 9251 9253 9252 9250 
f 9254 9255 9200 
f 9256 9258 9257 9255 
f 9200 9255 9257 9199 
f 9203 9240 9210 
f 9208 9245 9247 9207 
f 9205 9250 9252 9211 
f 9239 9257 9258 
f 9242 9244 9208 
f 9249 9247 9248 
f 9252 9254 9200 
f 9225 9226 9237 9238 
f 9229 9230 9233 9234 
f 9217 9218 9231 9259 
f 9221 9222 9213 9214 
f 9260 9244 9243 9261 
f 9261 9243 9241 9262 
f 9262 9241 9239 9263 
f 9263 9239 9258 9264 
f 9264 9258 9256 9265 
f 9265 9256 9254 9266 
f 9266 9254 9253 9267 
f 9267 9253 9251 9268 
f 9268 9251 9249 9269 
f 9269 9249 9248 9270 
f 9270 9248 9246 9271 
f 9271 9246 9244 9260 
f 9199 9257 9203 
f 9210 9240 9242 9208 
f 9211 9252 9200 
f 9207 9247 9205 
f 9245 9244 9246 
f 9244 9242 9243 
f 9257 9239 9203 
f 9239 9240 9203 
f 9255 9254 9256 
f 9254 9252 9253 
f 9247 9249 9205 
f 9249 9250 9205 
f 9272 9224 9225 9273 
f 9273 9225 9238 9274 
f 9274 9238 9236 9275 
f 9275 9236 9228 9276 
f 9276 9228 9229 9277 
f 9277 9229 9234 9278 
f 9278 9234 9235 9279 
f 9279 9235 9216 9280 
f 9280 9216 9217 9281 
f 9281 9217 9259 9282 
f 9282 9259 9232 9283 
f 9283 9232 9220 9284 
f 9284 9220 9221 9285 
f 9285 9221 9214 9286 
f 9286 9214 9212 9287 
f 9287 9212 9224 9272 
f 9261 9231 9218 9260 
f 9260 9218 9215 9271 
f 9271 9215 9233 9270 
f 9270 9233 9230 9269 
f 9269 9230 9227 9268 
f 9268 9227 9237 9267 
f 9267 9237 9226 9266 
f 9266 9226 9223 9265 
f 9265 9223 9213 9264 
f 9264 9213 9222 9263 
f 9263 9222 9219 9262 
f 9262 9219 9231 9261 
f 9215 9216 9235 
f 9212 9213 9223 9224 
f 9231 9232 9259 
s 1
f 9321 9481 9480 9288 
f 9290 9291 9510 9511 
f 9291 9292 9509 9510 
f 9292 9293 9508 9509 
f 9293 9294 9507 9508 
f 9294 9295 9506 9507 
f 9295 9296 9505 9506 
f 9296 9297 9504 9505 
f 9297 9298 9503 9504 
f 9298 9299 9502 9503 
f 9299 9300 9501 9502 
f 9300 9301 9500 9501 
f 9301 9302 9499 9500 
f 9302 9303 9498 9499 
f 9303 9304 9497 9498 
f 9304 9305 9496 9497 
f 9305 9306 9495 9496 
f 9306 9307 9494 9495 
f 9307 9308 9493 9494 
f 9308 9309 9492 9493 
f 9309 9310 9491 9492 
f 9310 9311 9490 9491 
f 9311 9312 9489 9490 
f 9312 9313 9488 9489 
f 9313 9314 9487 9488 
f 9314 9315 9486 9487 
f 9315 9316 9485 9486 
f 9316 9317 9484 9485 
f 9317 9318 9483 9484 
f 9318 9319 9482 9483 
f 9319 9320 9481 9482 
f 9322 9482 9481 9321 
f 9323 9483 9482 9322 
f 9324 9484 9483 9323 
f 9325 9485 9484 9324 
f 9326 9486 9485 9325 
f 9327 9487 9486 9326 
f 9328 9488 9487 9327 
f 9329 9489 9488 9328 
f 9330 9490 9489 9329 
f 9331 9491 9490 9330 
f 9332 9492 9491 9331 
f 9333 9493 9492 9332 
f 9334 9494 9493 9333 
f 9335 9495 9494 9334 
f 9336 9496 9495 9335 
f 9337 9497 9496 9336 
f 9338 9498 9497 9337 
f 9339 9499 9498 9338 
f 9340 9500 9499 9339 
f 9341 9501 9500 9340 
f 9342 9502 9501 9341 
f 9343 9503 9502 9342 
f 9344 9504 9503 9343 
f 9345 9505 9504 9344 
f 9346 9506 9505 9345 
f 9347 9507 9506 9346 
f 9348 9508 9507 9347 
f 9349 9509 9508 9348 
f 9350 9510 9509 9349 
f 9351 9511 9510 9350 
f 9288 9480 9511 9351 
f 9480 9481 9320 9289 
f 9736 9737 9738 9739 
f 9739 9738 9740 9741 
f 9741 9740 9742 9743 
f 9743 9742 9744 9745 
f 9745 9744 9746 9747 
f 9747 9746 9748 9749 
f 9749 9748 9750 9751 
f 9751 9750 9752 9753 
f 9753 9752 9754 9755 
f 9755 9754 9756 9757 
f 9757 9756 9758 9759 
f 9759 9758 9760 9761 
f 9761 9760 9762 9763 
f 9763 9762 9764 9765 
f 9765 9764 9766 9767 
f 9767 9766 9768 9769 
f 9769 9768 9770 9771 
f 9771 9770 9772 9773 
f 9773 9772 9774 9775 
f 9775 9774 9776 9777 
f 9777 9776 9778 9779 
f 9779 9778 9780 9781 
f 9781 9780 9782 9783 
f 9783 9782 9784 9785 
f 9785 9784 9786 9787 
f 9787 9786 9788 9789 
f 9789 9788 9790 9791 
f 9791 9790 9792 9793 
f 9793 9792 9794 9795 
f 9795 9794 9796 9797 
f 9797 9796 9798 9799 
f 9799 9798 9737 9736 
f 9289 9320 9447 9416 
f 9290 9289 9416 9417 
f 9291 9290 9417 9418 
f 9292 9291 9418 9419 
f 9293 9292 9419 9420 
f 9294 9293 9420 9421 
f 9295 9294 9421 9422 
f 9296 9295 9422 9423 
f 9297 9296 9423 9424 
f 9298 9297 9424 9425 
f 9299 9298 9425 9426 
f 9300 9299 9426 9427 
f 9301 9300 9427 9428 
f 9302 9301 9428 9429 
f 9303 9302 9429 9430 
f 9304 9303 9430 9431 
f 9305 9304 9431 9432 
f 9306 9305 9432 9433 
f 9307 9306 9433 9434 
f 9308 9307 9434 9435 
f 9309 9308 9435 9436 
f 9310 9309 9436 9437 
f 9311 9310 9437 9438 
f 9312 9311 9438 9439 
f 9313 9312 9439 9440 
f 9314 9313 9440 9441 
f 9315 9314 9441 9442 
f 9316 9315 9442 9443 
f 9317 9316 9443 9444 
f 9318 9317 9444 9445 
f 9319 9318 9445 9446 
f 9320 9319 9446 9447 
f 9447 9415 9384 9416 
f 9416 9384 9385 9417 
f 9417 9385 9386 9418 
f 9418 9386 9387 9419 
f 9419 9387 9388 9420 
f 9420 9388 9389 9421 
f 9421 9389 9390 9422 
f 9422 9390 9391 9423 
f 9423 9391 9392 9424 
f 9424 9392 9393 9425 
f 9425 9393 9394 9426 
f 9426 9394 9395 9427 
f 9427 9395 9396 9428 
f 9428 9396 9397 9429 
f 9429 9397 9398 9430 
f 9430 9398 9399 9431 
f 9431 9399 9400 9432 
f 9432 9400 9401 9433 
f 9433 9401 9402 9434 
f 9434 9402 9403 9435 
f 9435 9403 9404 9436 
f 9436 9404 9405 9437 
f 9437 9405 9406 9438 
f 9438 9406 9407 9439 
f 9439 9407 9408 9440 
f 9440 9408 9409 9441 
f 9441 9409 9410 9442 
f 9442 9410 9411 9443 
f 9443 9411 9412 9444 
f 9444 9412 9413 9445 
f 9445 9413 9414 9446 
f 9446 9414 9415 9447 
f 9384 9415 9479 9448 
f 9385 9384 9448 9449 
f 9386 9385 9449 9450 
f 9387 9386 9450 9451 
f 9388 9387 9451 9452 
f 9389 9388 9452 9453 
f 9390 9389 9453 9454 
f 9391 9390 9454 9455 
f 9392 9391 9455 9456 
f 9393 9392 9456 9457 
f 9394 9393 9457 9458 
f 9395 9394 9458 9459 
f 9396 9395 9459 9460 
f 9397 9396 9460 9461 
f 9398 9397 9461 9462 
f 9399 9398 9462 9463 
f 9400 9399 9463 9464 
f 9401 9400 9464 9465 
f 9402 9401 9465 9466 
f 9403 9402 9466 9467 
f 9404 9403 9467 9468 
f 9405 9404 9468 9469 
f 9406 9405 9469 9470 
f 9407 9406 9470 9471 
f 9408 9407 9471 9472 
f 9409 9408 9472 9473 
f 9410 9409 9473 9474 
f 9411 9410 9474 9475 
f 9412 9411 9475 9476 
f 9413 9412 9476 9477 
f 9414 9413 9477 9478 
f 9415 9414 9478 9479 
f 9480 9289 9290 9511 
f 9353 9352 9576 9577 
f 9354 9353 9577 9578 
f 9355 9354 9578 9579 
f 9356 9355 9579 9580 
f 9357 9356 9580 9581 
f 9358 9357 9581 9582 
f 9359 9358 9582 9583 
f 9360 9359 9583 9584 
f 9361 9360 9584 9585 
f 9362 9361 9585 9586 
f 9363 9362 9586 9587 
f 9364 9363 9587 9588 
f 9365 9364 9588 9589 
f 9366 9365 9589 9590 
f 9367 9366 9590 9591 
f 9368 9367 9591 9592 
f 9369 9368 9592 9593 
f 9370 9369 9593 9594 
f 9371 9370 9594 9595 
f 9372 9371 9595 9596 
f 9373 9372 9596 9597 
f 9374 9373 9597 9598 
f 9375 9374 9598 9599 
f 9376 9375 9599 9600 
f 9377 9376 9600 9601 
f 9378 9377 9601 9602 
f 9379 9378 9602 9603 
f 9380 9379 9603 9604 
f 9381 9380 9604 9605 
f 9382 9381 9605 9606 
f 9383 9382 9606 9607 
f 9352 9383 9607 9576 
f 9513 9512 9544 9545 
f 9514 9513 9545 9546 
f 9515 9514 9546 9547 
f 9516 9515 9547 9548 
f 9517 9516 9548 9549 
f 9518 9517 9549 9550 
f 9519 9518 9550 9551 
f 9520 9519 9551 9552 
f 9521 9520 9552 9553 
f 9522 9521 9553 9554 
f 9523 9522 9554 9555 
f 9524 9523 9555 9556 
f 9525 9524 9556 9557 
f 9526 9525 9557 9558 
f 9527 9526 9558 9559 
f 9528 9527 9559 9560 
f 9529 9528 9560 9561 
f 9530 9529 9561 9562 
f 9531 9530 9562 9563 
f 9532 9531 9563 9564 
f 9533 9532 9564 9565 
f 9534 9533 9565 9566 
f 9535 9534 9566 9567 
f 9536 9535 9567 9568 
f 9537 9536 9568 9569 
f 9538 9537 9569 9570 
f 9539 9538 9570 9571 
f 9540 9539 9571 9572 
f 9541 9540 9572 9573 
f 9542 9541 9573 9574 
f 9543 9542 9574 9575 
f 9512 9543 9575 9544 
f 9576 9512 9513 9577 
f 9577 9513 9514 9578 
f 9578 9514 9515 9579 
f 9579 9515 9516 9580 
f 9580 9516 9517 9581 
f 9581 9517 9518 9582 
f 9582 9518 9519 9583 
f 9583 9519 9520 9584 
f 9584 9520 9521 9585 
f 9585 9521 9522 9586 
f 9586 9522 9523 9587 
f 9587 9523 9524 9588 
f 9588 9524 9525 9589 
f 9589 9525 9526 9590 
f 9590 9526 9527 9591 
f 9591 9527 9528 9592 
f 9592 9528 9529 9593 
f 9593 9529 9530 9594 
f 9594 9530 9531 9595 
f 9595 9531 9532 9596 
f 9596 9532 9533 9597 
f 9597 9533 9534 9598 
f 9598 9534 9535 9599 
f 9599 9535 9536 9600 
f 9600 9536 9537 9601 
f 9601 9537 9538 9602 
f 9602 9538 9539 9603 
f 9603 9539 9540 9604 
f 9604 9540 9541 9605 
f 9605 9541 9542 9606 
f 9606 9542 9543 9607 
f 9607 9543 9512 9576 
f 9545 9544 9640 9641 
f 9546 9545 9641 9642 
f 9547 9546 9642 9643 
f 9548 9547 9643 9644 
f 9549 9548 9644 9645 
f 9550 9549 9645 9646 
f 9551 9550 9646 9647 
f 9552 9551 9647 9648 
f 9553 9552 9648 9649 
f 9554 9553 9649 9650 
f 9555 9554 9650 9651 
f 9556 9555 9651 9652 
f 9557 9556 9652 9653 
f 9558 9557 9653 9654 
f 9559 9558 9654 9655 
f 9560 9559 9655 9656 
f 9561 9560 9656 9657 
f 9562 9561 9657 9658 
f 9563 9562 9658 9659 
f 9564 9563 9659 9660 
f 9565 9564 9660 9661 
f 9566 9565 9661 9662 
f 9567 9566 9662 9663 
f 9568 9567 9663 9664 
f 9569 9568 9664 9665 
f 9570 9569 9665 9666 
f 9571 9570 9666 9667 
f 9572 9571 9667 9668 
f 9573 9572 9668 9669 
f 9574 9573 9669 9670 
f 9575 9574 9670 9671 
f 9544 9575 9671 9640 
f 9640 9608 9609 9641 
f 9641 9609 9610 9642 
f 9642 9610 9611 9643 
f 9643 9611 9612 9644 
f 9644 9612 9613 9645 
f 9645 9613 9614 9646 
f 9646 9614 9615 9647 
f 9647 9615 9616 9648 
f 9648 9616 9617 9649 
f 9649 9617 9618 9650 
f 9650 9618 9619 9651 
f 9651 9619 9620 9652 
f 9652 9620 9621 9653 
f 9653 9621 9622 9654 
f 9654 9622 9623 9655 
f 9655 9623 9624 9656 
f 9656 9624 9625 9657 
f 9657 9625 9626 9658 
f 9658 9626 9627 9659 
f 9659 9627 9628 9660 
f 9660 9628 9629 9661 
f 9661 9629 9630 9662 
f 9662 9630 9631 9663 
f 9663 9631 9632 9664 
f 9664 9632 9633 9665 
f 9665 9633 9634 9666 
f 9666 9634 9635 9667 
f 9667 9635 9636 9668 
f 9668 9636 9637 9669 
f 9669 9637 9638 9670 
f 9670 9638 9639 9671 
f 9671 9639 9608 9640 
f 9704 9672 9673 9705 
f 9705 9673 9674 9706 
f 9706 9674 9675 9707 
f 9707 9675 9676 9708 
f 9708 9676 9677 9709 
f 9709 9677 9678 9710 
f 9710 9678 9679 9711 
f 9711 9679 9680 9712 
f 9712 9680 9681 9713 
f 9713 9681 9682 9714 
f 9714 9682 9683 9715 
f 9715 9683 9684 9716 
f 9716 9684 9685 9717 
f 9717 9685 9686 9718 
f 9718 9686 9687 9719 
f 9719 9687 9688 9720 
f 9720 9688 9689 9721 
f 9721 9689 9690 9722 
f 9722 9690 9691 9723 
f 9723 9691 9692 9724 
f 9724 9692 9693 9725 
f 9725 9693 9694 9726 
f 9726 9694 9695 9727 
f 9727 9695 9696 9728 
f 9728 9696 9697 9729 
f 9729 9697 9698 9730 
f 9730 9698 9699 9731 
f 9731 9699 9700 9732 
f 9732 9700 9701 9733 
f 9733 9701 9702 9734 
f 9734 9702 9703 9735 
f 9735 9703 9672 9704 
f 9705 9609 9608 9704 
f 9706 9610 9609 9705 
f 9707 9611 9610 9706 
f 9708 9612 9611 9707 
f 9709 9613 9612 9708 
f 9710 9614 9613 9709 
f 9711 9615 9614 9710 
f 9712 9616 9615 9711 
f 9713 9617 9616 9712 
f 9714 9618 9617 9713 
f 9715 9619 9618 9714 
f 9716 9620 9619 9715 
f 9717 9621 9620 9716 
f 9718 9622 9621 9717 
f 9719 9623 9622 9718 
f 9720 9624 9623 9719 
f 9721 9625 9624 9720 
f 9722 9626 9625 9721 
f 9723 9627 9626 9722 
f 9724 9628 9627 9723 
f 9725 9629 9628 9724 
f 9726 9630 9629 9725 
f 9727 9631 9630 9726 
f 9728 9632 9631 9727 
f 9729 9633 9632 9728 
f 9730 9634 9633 9729 
f 9731 9635 9634 9730 
f 9732 9636 9635 9731 
f 9733 9637 9636 9732 
f 9734 9638 9637 9733 
f 9735 9639 9638 9734 
f 9704 9608 9639 9735 
f 9737 9352 9353 9738 
f 9739 9321 9288 9736 
f 9738 9353 9354 9740 
f 9741 9322 9321 9739 
f 9740 9354 9355 9742 
f 9743 9323 9322 9741 
f 9742 9355 9356 9744 
f 9745 9324 9323 9743 
f 9744 9356 9357 9746 
f 9747 9325 9324 9745 
f 9746 9357 9358 9748 
f 9749 9326 9325 9747 
f 9748 9358 9359 9750 
f 9751 9327 9326 9749 
f 9750 9359 9360 9752 
f 9753 9328 9327 9751 
f 9752 9360 9361 9754 
f 9755 9329 9328 9753 
f 9754 9361 9362 9756 
f 9757 9330 9329 9755 
f 9756 9362 9363 9758 
f 9759 9331 9330 9757 
f 9758 9363 9364 9760 
f 9761 9332 9331 9759 
f 9760 9364 9365 9762 
f 9763 9333 9332 9761 
f 9762 9365 9366 9764 
f 9765 9334 9333 9763 
f 9764 9366 9367 9766 
f 9767 9335 9334 9765 
f 9766 9367 9368 9768 
f 9769 9336 9335 9767 
f 9768 9368 9369 9770 
f 9771 9337 9336 9769 
f 9770 9369 9370 9772 
f 9773 9338 9337 9771 
f 9772 9370 9371 9774 
f 9775 9339 9338 9773 
f 9774 9371 9372 9776 
f 9777 9340 9339 9775 
f 9776 9372 9373 9778 
f 9779 9341 9340 9777 
f 9778 9373 9374 9780 
f 9781 9342 9341 9779 
f 9780 9374 9375 9782 
f 9783 9343 9342 9781 
f 9782 9375 9376 9784 
f 9785 9344 9343 9783 
f 9784 9376 9377 9786 
f 9787 9345 9344 9785 
f 9786 9377 9378 9788 
f 9789 9346 9345 9787 
f 9788 9378 9379 9790 
f 9791 9347 9346 9789 
f 9790 9379 9380 9792 
f 9793 9348 9347 9791 
f 9792 9380 9381 9794 
f 9795 9349 9348 9793 
f 9794 9381 9382 9796 
f 9797 9350 9349 9795 
f 9796 9382 9383 9798 
f 9799 9351 9350 9797 
f 9798 9383 9352 9737 
f 9736 9288 9351 9799 
f 7934 5440 5468 
f 4813 4839 4840 9800 
f 9800 4840 5450 9801 
f 9801 5450 5442 9802 
f 9802 5442 7935 5470 
f 9803 5356 5458 9804 
f 9804 5458 5443 9805 
f 9805 5443 5471 5469 
f 9822 8767 8153 9806 
f 9806 8153 8155 9807 
f 9807 8155 8157 9808 
f 9808 8157 8159 9809 
f 9809 8159 8161 9810 
f 9810 8161 8163 9811 
f 9811 8163 8165 9812 
f 9812 8165 8167 9813 
f 9813 8167 8169 9814 
f 9814 8169 8171 9815 
f 9815 8171 8173 9816 
f 9816 8173 8175 9817 
f 9817 8175 8177 9818 
f 9818 8177 8179 9819 
f 9819 8179 8181 9820 
f 9820 8181 8796 9837 
f 9821 8764 8767 9822 
f 9823 8768 8764 9821 
f 9824 8770 8768 9823 
f 9825 8772 8770 9824 
f 9826 8774 8772 9825 
f 9827 8776 8774 9826 
f 9828 8778 8776 9827 
f 9829 8780 8778 9828 
f 9830 8782 8780 9829 
f 9831 8784 8782 9830 
f 9832 8786 8784 9831 
f 9833 8788 8786 9832 
f 9834 8790 8788 9833 
f 9835 8792 8790 9834 
f 9836 8794 8792 9835 
f 9837 8796 8794 9836 
f 9838 8078 8679 9853 
f 9839 8080 8078 9838 
f 9840 8082 8080 9839 
f 9841 8084 8082 9840 
f 9842 8086 8084 9841 
f 9843 8088 8086 9842 
f 9844 8090 8088 9843 
f 9845 8092 8090 9844 
f 9846 8094 8092 9845 
f 9847 8096 8094 9846 
f 9848 8098 8096 9847 
f 9849 8100 8098 9848 
f 9850 8102 8100 9849 
f 9851 8104 8102 9850 
f 9852 8106 8104 9851 
f 9869 8712 8106 9852 
f 9853 8679 8682 9854 
f 9854 8682 8684 9855 
f 9855 8684 8686 9856 
f 9856 8686 8688 9857 
f 9857 8688 8690 9858 
f 9858 8690 8692 9859 
f 9859 8692 8694 9860 
f 9860 8694 8696 9861 
f 9861 8696 8698 9862 
f 9862 8698 8700 9863 
f 9863 8700 8702 9864 
f 9864 8702 8704 9865 
f 9865 8704 8706 9866 
f 9866 8706 8708 9867 
f 9867 8708 8710 9868 
f 9868 8710 8712 9869 
f 9874 9872 9870 9873 
f 9880 9878 9876 9879 
f 9872 9880 9879 9870 
f 9878 9884 9882 9876 
f 9884 9887 9885 9882 
f 9887 9890 9888 9885 
f 9890 9893 9891 9888 
f 9893 9896 9894 9891 
f 9896 9899 9897 9894 
f 9899 9902 9900 9897 
f 9902 9905 9903 9900 
f 9905 9908 9906 9903 
f 9908 9911 9909 9906 
f 9911 9914 9912 9909 
f 9914 9917 9915 9912 
f 9917 9920 9918 9915 
f 9920 9923 9921 9918 
f 9923 9926 9924 9921 
f 9926 9929 9927 9924 
f 9929 9932 9930 9927 
f 9932 9935 9933 9930 
f 9935 9938 9936 9933 
f 9938 9941 9939 9936 
f 9941 9944 9942 9939 
f 9944 9947 9945 9942 
f 9947 9950 9948 9945 
f 9950 9953 9951 9948 
f 9953 9956 9954 9951 
f 9956 9959 9957 9954 
f 9959 9962 9960 9957 
f 9962 9965 9963 9960 
f 9965 9968 9966 9963 
f 9968 9971 9969 9966 
f 9971 9974 9972 9969 
f 9974 9874 9873 9972 
s off
f 9877 9881 9879 9876 
f 9881 9871 9870 9879 
f 9883 9877 9876 9882 
f 9886 9883 9882 9885 
f 9889 9886 9885 9888 
f 9892 9889 9888 9891 
f 9904 9901 9900 9903 
f 9907 9904 9903 9906 
f 9910 9907 9906 9909 
f 9913 9910 9909 9912 
f 9916 9913 9912 9915 
f 9919 9916 9915 9918 
f 9922 9919 9918 9921 
f 9925 9922 9921 9924 
f 9928 9925 9924 9927 
f 9931 9928 9927 9930 
f 9934 9931 9930 9933 
f 9937 9934 9933 9936 
f 9940 9937 9936 9939 
f 9943 9940 9939 9942 
f 9946 9943 9942 9945 
f 9949 9946 9945 9948 
f 9952 9949 9948 9951 
f 9955 9952 9951 9954 
f 9958 9955 9954 9957 
f 9961 9958 9957 9960 
f 9964 9961 9960 9963 
f 9967 9964 9963 9966 
f 9973 9970 9969 9972 
f 9875 9973 9972 9873 
f 9871 9875 9873 9870 
f 9895 9892 9891 9894 
f 9898 9895 9894 9897 
f 9901 9898 9897 9900 
f 9970 9967 9966 9969 
s 1
f 9975 9976 9977 9978 
f 9979 9980 9981 9982 
f 9980 9983 9984 9981 
f 9983 9985 9986 9984 
f 9985 9987 9988 9986 
f 9987 9989 9990 9988 
f 9989 9991 9992 9990 
f 9991 9993 9994 9992 
f 9993 9995 9996 9994 
f 9995 9997 9998 9996 
f 9997 9999 10000 9998 
f 9999 10001 10002 10000 
f 10001 10003 10004 10002 
f 10003 10005 10006 10004 
f 10005 10007 10008 10006 
f 10007 10009 10010 10008 
f 10009 10011 10012 10010 
f 10011 10013 10014 10012 
f 10013 10015 10016 10014 
f 10015 10017 10018 10016 
f 10017 10019 10020 10018 
f 10019 10021 10022 10020 
f 10021 10023 10024 10022 
f 10023 10025 10026 10024 
f 10025 10027 10028 10026 
f 10027 10029 10030 10028 
f 10029 10031 10032 10030 
f 10031 10033 10034 10032 
f 10033 10035 10036 10034 
f 10035 10037 10038 10036 
f 10037 10039 9976 10038 
f 10040 10038 9976 9975 
f 10041 10036 10038 10040 
f 10042 10034 10036 10041 
f 10043 10032 10034 10042 
f 10044 10030 10032 10043 
f 10045 10028 10030 10044 
f 10046 10026 10028 10045 
f 10047 10024 10026 10046 
f 10048 10022 10024 10047 
f 10049 10020 10022 10048 
f 10050 10018 10020 10049 
f 10051 10016 10018 10050 
f 10052 10014 10016 10051 
f 10053 10012 10014 10052 
f 10054 10010 10012 10053 
f 10055 10008 10010 10054 
f 10056 10006 10008 10055 
f 10057 10004 10006 10056 
f 10058 10002 10004 10057 
f 10059 10000 10002 10058 
f 10060 9998 10000 10059 
f 10061 9996 9998 10060 
f 10062 9994 9996 10061 
f 10063 9992 9994 10062 
f 10064 9990 9992 10063 
f 10065 9988 9990 10064 
f 10066 9986 9988 10065 
f 10067 9984 9986 10066 
f 10068 9981 9984 10067 
f 10069 9982 9981 10068 
f 9978 9977 9982 10069 
f 9977 9976 10039 10070 
f 10071 10072 10073 10074 
f 10074 10073 10075 10076 
f 10076 10075 10077 10078 
f 10078 10077 10079 10080 
f 10080 10079 10081 10082 
f 10082 10081 10083 10084 
f 10084 10083 10085 10086 
f 10086 10085 10087 10088 
f 10088 10087 10089 10090 
f 10090 10089 10091 10092 
f 10092 10091 10093 10094 
f 10094 10093 10095 10096 
f 10096 10095 10097 10098 
f 10098 10097 10099 10100 
f 10100 10099 10101 10102 
f 10102 10101 10103 10104 
f 10104 10103 10105 10106 
f 10106 10105 10107 10108 
f 10108 10107 10109 10110 
f 10110 10109 10111 10112 
f 10112 10111 10113 10114 
f 10114 10113 10115 10116 
f 10116 10115 10117 10118 
f 10118 10117 10119 10120 
f 10120 10119 10121 10122 
f 10122 10121 10123 10124 
f 10124 10123 10125 10126 
f 10126 10125 10127 10128 
f 10128 10127 10129 10130 
f 10130 10129 10131 10132 
f 10132 10131 10133 10134 
f 10134 10133 10072 10071 
f 10070 10039 10135 10136 
f 9979 10070 10136 10137 
f 9980 9979 10137 10138 
f 9983 9980 10138 10139 
f 9985 9983 10139 10140 
f 9987 9985 10140 10141 
f 9989 9987 10141 10142 
f 9991 9989 10142 10143 
f 9993 9991 10143 10144 
f 9995 9993 10144 10145 
f 9997 9995 10145 10146 
f 9999 9997 10146 10147 
f 10001 9999 10147 10148 
f 10003 10001 10148 10149 
f 10005 10003 10149 10150 
f 10007 10005 10150 10151 
f 10009 10007 10151 10152 
f 10011 10009 10152 10153 
f 10013 10011 10153 10154 
f 10015 10013 10154 10155 
f 10017 10015 10155 10156 
f 10019 10017 10156 10157 
f 10021 10019 10157 10158 
f 10023 10021 10158 10159 
f 10025 10023 10159 10160 
f 10027 10025 10160 10161 
f 10029 10027 10161 10162 
f 10031 10029 10162 10163 
f 10033 10031 10163 10164 
f 10035 10033 10164 10165 
f 10037 10035 10165 10166 
f 10039 10037 10166 10135 
f 10135 10167 10168 10136 
f 10136 10168 10169 10137 
f 10137 10169 10170 10138 
f 10138 10170 10171 10139 
f 10139 10171 10172 10140 
f 10140 10172 10173 10141 
f 10141 10173 10174 10142 
f 10142 10174 10175 10143 
f 10143 10175 10176 10144 
f 10144 10176 10177 10145 
f 10145 10177 10178 10146 
f 10146 10178 10179 10147 
f 10147 10179 10180 10148 
f 10148 10180 10181 10149 
f 10149 10181 10182 10150 
f 10150 10182 10183 10151 
f 10151 10183 10184 10152 
f 10152 10184 10185 10153 
f 10153 10185 10186 10154 
f 10154 10186 10187 10155 
f 10155 10187 10188 10156 
f 10156 10188 10189 10157 
f 10157 10189 10190 10158 
f 10158 10190 10191 10159 
f 10159 10191 10192 10160 
f 10160 10192 10193 10161 
f 10161 10193 10194 10162 
f 10162 10194 10195 10163 
f 10163 10195 10196 10164 
f 10164 10196 10197 10165 
f 10165 10197 10198 10166 
f 10166 10198 10167 10135 
f 10168 10167 10199 10200 
f 10169 10168 10200 10201 
f 10170 10169 10201 10202 
f 10171 10170 10202 10203 
f 10172 10171 10203 10204 
f 10173 10172 10204 10205 
f 10174 10173 10205 10206 
f 10175 10174 10206 10207 
f 10176 10175 10207 10208 
f 10177 10176 10208 10209 
f 10178 10177 10209 10210 
f 10179 10178 10210 10211 
f 10180 10179 10211 10212 
f 10181 10180 10212 10213 
f 10182 10181 10213 10214 
f 10183 10182 10214 10215 
f 10184 10183 10215 10216 
f 10185 10184 10216 10217 
f 10186 10185 10217 10218 
f 10187 10186 10218 10219 
f 10188 10187 10219 10220 
f 10189 10188 10220 10221 
f 10190 10189 10221 10222 
f 10191 10190 10222 10223 
f 10192 10191 10223 10224 
f 10193 10192 10224 10225 
f 10194 10193 10225 10226 
f 10195 10194 10226 10227 
f 10196 10195 10227 10228 
f 10197 10196 10228 10229 
f 10198 10197 10229 10230 
f 10167 10198 10230 10199 
f 9977 10070 9979 9982 
f 10231 10232 10233 10234 
f 10235 10231 10234 10236 
f 10237 10235 10236 10238 
f 10239 10237 10238 10240 
f 10241 10239 10240 10242 
f 10243 10241 10242 10244 
f 10245 10243 10244 10246 
f 10247 10245 10246 10248 
f 10249 10247 10248 10250 
f 10251 10249 10250 10252 
f 10253 10251 10252 10254 
f 10255 10253 10254 10256 
f 10257 10255 10256 10258 
f 10259 10257 10258 10260 
f 10261 10259 10260 10262 
f 10263 10261 10262 10264 
f 10265 10263 10264 10266 
f 10267 10265 10266 10268 
f 10269 10267 10268 10270 
f 10271 10269 10270 10272 
f 10273 10271 10272 10274 
f 10275 10273 10274 10276 
f 10277 10275 10276 10278 
f 10279 10277 10278 10280 
f 10281 10279 10280 10282 
f 10283 10281 10282 10284 
f 10285 10283 10284 10286 
f 10287 10285 10286 10288 
f 10289 10287 10288 10290 
f 10291 10289 10290 10292 
f 10293 10291 10292 10294 
f 10232 10293 10294 10233 
f 10295 10296 10297 10298 
f 10299 10295 10298 10300 
f 10301 10299 10300 10302 
f 10303 10301 10302 10304 
f 10305 10303 10304 10306 
f 10307 10305 10306 10308 
f 10309 10307 10308 10310 
f 10311 10309 10310 10312 
f 10313 10311 10312 10314 
f 10315 10313 10314 10316 
f 10317 10315 10316 10318 
f 10319 10317 10318 10320 
f 10321 10319 10320 10322 
f 10323 10321 10322 10324 
f 10325 10323 10324 10326 
f 10327 10325 10326 10328 
f 10329 10327 10328 10330 
f 10331 10329 10330 10332 
f 10333 10331 10332 10334 
f 10335 10333 10334 10336 
f 10337 10335 10336 10338 
f 10339 10337 10338 10340 
f 10341 10339 10340 10342 
f 10343 10341 10342 10344 
f 10345 10343 10344 10346 
f 10347 10345 10346 10348 
f 10349 10347 10348 10350 
f 10351 10349 10350 10352 
f 10353 10351 10352 10354 
f 10355 10353 10354 10356 
f 10357 10355 10356 10358 
f 10296 10357 10358 10297 
f 10233 10296 10295 10234 
f 10234 10295 10299 10236 
f 10236 10299 10301 10238 
f 10238 10301 10303 10240 
f 10240 10303 10305 10242 
f 10242 10305 10307 10244 
f 10244 10307 10309 10246 
f 10246 10309 10311 10248 
f 10248 10311 10313 10250 
f 10250 10313 10315 10252 
f 10252 10315 10317 10254 
f 10254 10317 10319 10256 
f 10256 10319 10321 10258 
f 10258 10321 10323 10260 
f 10260 10323 10325 10262 
f 10262 10325 10327 10264 
f 10264 10327 10329 10266 
f 10266 10329 10331 10268 
f 10268 10331 10333 10270 
f 10270 10333 10335 10272 
f 10272 10335 10337 10274 
f 10274 10337 10339 10276 
f 10276 10339 10341 10278 
f 10278 10341 10343 10280 
f 10280 10343 10345 10282 
f 10282 10345 10347 10284 
f 10284 10347 10349 10286 
f 10286 10349 10351 10288 
f 10288 10351 10353 10290 
f 10290 10353 10355 10292 
f 10292 10355 10357 10294 
f 10294 10357 10296 10233 
f 10298 10297 10359 10360 
f 10300 10298 10360 10361 
f 10302 10300 10361 10362 
f 10304 10302 10362 10363 
f 10306 10304 10363 10364 
f 10308 10306 10364 10365 
f 10310 10308 10365 10366 
f 10312 10310 10366 10367 
f 10314 10312 10367 10368 
f 10316 10314 10368 10369 
f 10318 10316 10369 10370 
f 10320 10318 10370 10371 
f 10322 10320 10371 10372 
f 10324 10322 10372 10373 
f 10326 10324 10373 10374 
f 10328 10326 10374 10375 
f 10330 10328 10375 10376 
f 10332 10330 10376 10377 
f 10334 10332 10377 10378 
f 10336 10334 10378 10379 
f 10338 10336 10379 10380 
f 10340 10338 10380 10381 
f 10342 10340 10381 10382 
f 10344 10342 10382 10383 
f 10346 10344 10383 10384 
f 10348 10346 10384 10385 
f 10350 10348 10385 10386 
f 10352 10350 10386 10387 
f 10354 10352 10387 10388 
f 10356 10354 10388 10389 
f 10358 10356 10389 10390 
f 10297 10358 10390 10359 
f 10359 10391 10392 10360 
f 10360 10392 10393 10361 
f 10361 10393 10394 10362 
f 10362 10394 10395 10363 
f 10363 10395 10396 10364 
f 10364 10396 10397 10365 
f 10365 10397 10398 10366 
f 10366 10398 10399 10367 
f 10367 10399 10400 10368 
f 10368 10400 10401 10369 
f 10369 10401 10402 10370 
f 10370 10402 10403 10371 
f 10371 10403 10404 10372 
f 10372 10404 10405 10373 
f 10373 10405 10406 10374 
f 10374 10406 10407 10375 
f 10375 10407 10408 10376 
f 10376 10408 10409 10377 
f 10377 10409 10410 10378 
f 10378 10410 10411 10379 
f 10379 10411 10412 10380 
f 10380 10412 10413 10381 
f 10381 10413 10414 10382 
f 10382 10414 10415 10383 
f 10383 10415 10416 10384 
f 10384 10416 10417 10385 
f 10385 10417 10418 10386 
f 10386 10418 10419 10387 
f 10387 10419 10420 10388 
f 10388 10420 10421 10389 
f 10389 10421 10422 10390 
f 10390 10422 10391 10359 
f 10423 10424 10425 10426 
f 10426 10425 10427 10428 
f 10428 10427 10429 10430 
f 10430 10429 10431 10432 
f 10432 10431 10433 10434 
f 10434 10433 10435 10436 
f 10436 10435 10437 10438 
f 10438 10437 10439 10440 
f 10440 10439 10441 10442 
f 10442 10441 10443 10444 
f 10444 10443 10445 10446 
f 10446 10445 10447 10448 
f 10448 10447 10449 10450 
f 10450 10449 10451 10452 
f 10452 10451 10453 10454 
f 10454 10453 10455 10456 
f 10456 10455 10457 10458 
f 10458 10457 10459 10460 
f 10460 10459 10461 10462 
f 10462 10461 10463 10464 
f 10464 10463 10465 10466 
f 10466 10465 10467 10468 
f 10468 10467 10469 10470 
f 10470 10469 10471 10472 
f 10472 10471 10473 10474 
f 10474 10473 10475 10476 
f 10476 10475 10477 10478 
f 10478 10477 10479 10480 
f 10480 10479 10481 10482 
f 10482 10481 10483 10484 
f 10484 10483 10485 10486 
f 10486 10485 10424 10423 
f 10426 10392 10391 10423 
f 10428 10393 10392 10426 
f 10430 10394 10393 10428 
f 10432 10395 10394 10430 
f 10434 10396 10395 10432 
f 10436 10397 10396 10434 
f 10438 10398 10397 10436 
f 10440 10399 10398 10438 
f 10442 10400 10399 10440 
f 10444 10401 10400 10442 
f 10446 10402 10401 10444 
f 10448 10403 10402 10446 
f 10450 10404 10403 10448 
f 10452 10405 10404 10450 
f 10454 10406 10405 10452 
f 10456 10407 10406 10454 
f 10458 10408 10407 10456 
f 10460 10409 10408 10458 
f 10462 10410 10409 10460 
f 10464 10411 10410 10462 
f 10466 10412 10411 10464 
f 10468 10413 10412 10466 
f 10470 10414 10413 10468 
f 10472 10415 10414 10470 
f 10474 10416 10415 10472 
f 10476 10417 10416 10474 
f 10478 10418 10417 10476 
f 10480 10419 10418 10478 
f 10482 10420 10419 10480 
f 10484 10421 10420 10482 
f 10486 10422 10421 10484 
f 10423 10391 10422 10486 
f 10072 10232 10231 10073 
f 10074 9975 9978 10071 
f 10073 10231 10235 10075 
f 10076 10040 9975 10074 
f 10075 10235 10237 10077 
f 10078 10041 10040 10076 
f 10077 10237 10239 10079 
f 10080 10042 10041 10078 
f 10079 10239 10241 10081 
f 10082 10043 10042 10080 
f 10081 10241 10243 10083 
f 10084 10044 10043 10082 
f 10083 10243 10245 10085 
f 10086 10045 10044 10084 
f 10085 10245 10247 10087 
f 10088 10046 10045 10086 
f 10087 10247 10249 10089 
f 10090 10047 10046 10088 
f 10089 10249 10251 10091 
f 10092 10048 10047 10090 
f 10091 10251 10253 10093 
f 10094 10049 10048 10092 
f 10093 10253 10255 10095 
f 10096 10050 10049 10094 
f 10095 10255 10257 10097 
f 10098 10051 10050 10096 
f 10097 10257 10259 10099 
f 10100 10052 10051 10098 
f 10099 10259 10261 10101 
f 10102 10053 10052 10100 
f 10101 10261 10263 10103 
f 10104 10054 10053 10102 
f 10103 10263 10265 10105 
f 10106 10055 10054 10104 
f 10105 10265 10267 10107 
f 10108 10056 10055 10106 
f 10107 10267 10269 10109 
f 10110 10057 10056 10108 
f 10109 10269 10271 10111 
f 10112 10058 10057 10110 
f 10111 10271 10273 10113 
f 10114 10059 10058 10112 
f 10113 10273 10275 10115 
f 10116 10060 10059 10114 
f 10115 10275 10277 10117 
f 10118 10061 10060 10116 
f 10117 10277 10279 10119 
f 10120 10062 10061 10118 
f 10119 10279 10281 10121 
f 10122 10063 10062 10120 
f 10121 10281 10283 10123 
f 10124 10064 10063 10122 
f 10123 10283 10285 10125 
f 10126 10065 10064 10124 
f 10125 10285 10287 10127 
f 10128 10066 10065 10126 
f 10127 10287 10289 10129 
f 10130 10067 10066 10128 
f 10129 10289 10291 10131 
f 10132 10068 10067 10130 
f 10131 10291 10293 10133 
f 10134 10069 10068 10132 
f 10133 10293 10232 10072 
f 10071 9978 10069 10134 
f 10491 10489 10487 10490 
f 10494 10491 10490 10493 
f 10500 10498 10496 10499 
s 2
f 10506 10504 10502 10505 
f 10512 10510 10508 10511 
f 10495 10516 10514 10493 
f 10521 10519 10517 10520 
f 10524 10506 10505 10523 
f 10504 10512 10511 10502 
f 10492 10495 10493 10490 
f 10488 10492 10490 10487 
f 10527 10488 10487 10526 
f 10530 10527 10526 10529 
f 10510 10530 10529 10508 
f 10497 10501 10499 10496 
f 10501 10524 10523 10499 
f 10533 10497 10496 10532 
f 10519 10533 10532 10517 
f 10516 10521 10520 10514 
s 1
f 10503 10507 10505 10502 
f 10507 10525 10523 10505 
f 10513 10503 10502 10511 
f 10525 10500 10499 10523 
f 10515 10494 10493 10514 
f 10498 10534 10532 10496 
f 10509 10513 10511 10508 
f 10534 10518 10517 10532 
f 10522 10515 10514 10520 
f 10518 10522 10520 10517 
f 10528 10531 10529 10526 
f 10489 10528 10526 10487 
f 10531 10509 10508 10529 
f 10539 10537 10535 10538 
f 10545 10543 10541 10544 
f 10551 10549 10547 10550 
f 10557 10555 10553 10556 
f 10560 10551 10550 10559 
f 10555 10564 10562 10553 
f 10537 10560 10559 10535 
f 10564 10545 10544 10562 
f 10549 10567 10565 10547 
f 10569 10557 10556 10568 
f 10575 10573 10571 10574 
f 10581 10579 10577 10580 
f 10584 10575 10574 10583 
f 10579 10588 10586 10577 
f 10590 10584 10583 10589 
f 10588 10594 10592 10586 
f 10567 10590 10589 10565 
f 10594 10569 10568 10592 
f 10573 10597 10595 10571 
f 10599 10581 10580 10598 
f 10605 10603 10601 10604 
f 10611 10609 10607 10610 
f 10614 10605 10604 10613 
f 10609 10618 10616 10607 
f 10597 10614 10613 10595 
f 10618 10599 10598 10616 
f 10603 10621 10619 10601 
f 10623 10611 10610 10622 
f 10626 10539 10538 10625 
f 10543 10630 10628 10541 
f 10632 10626 10625 10631 
f 10630 10636 10634 10628 
f 10638 10632 10631 10637 
f 10636 10642 10640 10634 
f 10621 10638 10637 10619 
f 10642 10623 10622 10640 
s 2
f 10548 10552 10550 10547 
f 10552 10561 10559 10550 
f 10561 10536 10535 10559 
f 10536 10540 10538 10535 
f 10566 10548 10547 10565 
f 10572 10576 10574 10571 
f 10576 10585 10583 10574 
f 10585 10591 10589 10583 
f 10591 10566 10565 10589 
f 10602 10606 10604 10601 
f 10606 10615 10613 10604 
f 10615 10596 10595 10613 
f 10596 10572 10571 10595 
f 10620 10602 10601 10619 
f 10540 10627 10625 10538 
f 10627 10633 10631 10625 
f 10633 10639 10637 10631 
f 10639 10620 10619 10637 
f 10558 10570 10568 10556 
f 10554 10558 10556 10553 
f 10563 10554 10553 10562 
f 10546 10563 10562 10544 
f 10570 10593 10592 10568 
f 10578 10582 10580 10577 
f 10587 10578 10577 10586 
f 10593 10587 10586 10592 
f 10582 10600 10598 10580 
f 10612 10624 10622 10610 
f 10608 10612 10610 10607 
f 10617 10608 10607 10616 
f 10600 10617 10616 10598 
f 10624 10641 10640 10622 
f 10629 10542 10541 10628 
f 10635 10629 10628 10634 
f 10641 10635 10634 10640 
f 10542 10546 10544 10541 
s 1
f 10647 10645 10643 10646 
f 10645 10651 10649 10643 
f 10651 10654 10652 10649 
f 10654 10657 10655 10652 
f 10657 10660 10658 10655 
f 10660 10663 10661 10658 
f 10663 10666 10664 10661 
f 10666 10669 10667 10664 
f 10669 10672 10670 10667 
f 10672 10675 10673 10670 
f 10675 10678 10676 10673 
f 10678 10681 10679 10676 
f 10681 10684 10682 10679 
f 10684 10687 10685 10682 
f 10687 10690 10688 10685 
f 10690 10647 10646 10688 
s off
f 10650 10644 10643 10649 
f 10653 10650 10649 10652 
f 10656 10653 10652 10655 
f 10659 10656 10655 10658 
f 10662 10659 10658 10661 
f 10665 10662 10661 10664 
f 10668 10665 10664 10667 
f 10671 10668 10667 10670 
f 10674 10671 10670 10673 
f 10677 10674 10673 10676 
f 10680 10677 10676 10679 
f 10683 10680 10679 10682 
f 10686 10683 10682 10685 
f 10689 10686 10685 10688 
f 10648 10689 10688 10646 
f 10644 10648 10646 10643 
s 2
f 10691 396 10695 1335 
s 4
f 10692 419 10693 
s 1
f 10693 419 10699 1909 
s 2
f 10694 465 1357 1356 
s 4
f 10694 453 419 10692 
f 10691 421 10692 
s 1
f 10695 396 1908 10696 
f 10696 1908 1867 
s 2
f 1334 1333 422 10697 
s 1
f 10697 422 466 10698 
s 2
f 10698 466 1358 1357 
s 1
f 10699 419 453 10700 
f 10700 453 452 
f 11043 10708 10707 11046 
f 10708 10710 10709 10707 
f 10710 10712 10711 10709 
f 10712 10714 10713 10711 
f 10714 10716 10715 10713 
f 10716 10717 10715 
f 10995 10720 10719 10718 
f 10720 10722 10721 10719 
f 10722 10724 10723 10721 
f 10724 10726 10725 10723 
f 10727 10730 10729 10728 
f 10730 10732 10731 10729 
f 10732 10734 10733 10731 
f 10734 10736 10735 10733 
f 10736 11076 11077 10735 
f 10708 11043 11078 10737 
f 10710 10708 10737 10738 
f 10712 10710 10738 10739 
f 10714 10712 10739 10740 
f 10716 10714 10740 10741 
f 10730 10727 10743 10742 
f 10732 10730 10742 10744 
f 10732 10744 10745 10734 
f 10734 10745 10746 10736 
f 10736 10746 10703 11076 
f 10747 10749 11090 10748 
f 10750 10747 10748 10751 
f 10752 10750 10751 10753 
f 10754 10752 10753 10755 
f 10756 10754 10755 10757 
f 10758 10761 10760 10759 
f 10762 10765 10764 10763 
f 10766 10762 10763 10767 
f 10768 10766 10767 10769 
f 10770 10768 10769 10771 
f 10772 10770 10771 10773 
f 10774 10776 10775 
f 10777 10780 10779 10778 
f 10781 10782 10780 10777 
f 10783 10786 10785 10784 
f 10787 10790 10789 10788 
f 10791 10787 10788 
f 10792 10794 10793 
f 10790 10792 10793 10789 
f 10795 10782 10781 10796 
f 10743 10727 10798 10797 
f 10716 10741 10799 10717 
f 11140 11141 10801 10800 
f 10800 10801 10803 10802 
f 10802 10803 10805 10804 
f 10804 10805 10807 10806 
f 10806 10807 10809 10808 
f 10810 10811 10775 10776 
f 10760 10761 10813 10812 
f 10812 10813 10815 10814 
f 10814 10815 10817 10816 
f 10816 10817 10819 10818 
f 10818 10819 11162 11163 
f 10808 10809 10795 10796 
f 10778 10779 10758 10759 
f 10820 10821 10784 
f 10774 10822 10776 
f 10821 10783 10784 
f 10823 11167 10825 10824 
f 10824 10825 10827 10826 
f 10826 10827 10829 10828 
f 10828 10829 10831 10830 
f 10830 10831 10785 10786 
f 10811 10810 10833 10832 
f 10832 10833 10835 10834 
f 10834 10835 10837 10836 
f 10836 10837 10839 10838 
f 10838 10839 11184 11185 
f 10783 10840 10757 10786 
f 10811 10764 10841 10775 
f 10842 10845 10844 10843 
f 10846 10842 10843 10847 
f 10848 10846 10847 10849 
f 10850 10853 10852 10851 
f 10854 10856 10855 
f 10857 10860 10859 10858 
f 10858 10859 10862 10861 
f 10861 10862 10864 10863 
f 10865 10860 10857 10855 
f 10851 10844 10845 10850 
f 10864 10866 10863 
f 10849 10868 10867 10848 
f 11090 10823 10824 10748 
f 10748 10824 10826 10751 
f 10751 10826 10828 10753 
f 10753 10828 10830 10755 
f 10755 10830 10786 10757 
f 10764 10811 10832 10763 
f 10763 10832 10834 10767 
f 10767 10834 10836 10769 
f 10769 10836 10838 10771 
f 10771 10838 11185 10773 
f 10840 10869 10756 10757 
f 10764 10765 10870 10841 
f 10871 10872 10863 
f 10866 10871 10863 
f 10856 10873 10855 
f 10873 10865 10855 
f 10840 10783 10873 10856 
f 10783 10821 10865 10873 
f 10821 10820 10860 10865 
f 10820 10874 10859 10860 
f 10874 10822 10862 10859 
f 10822 10774 10864 10862 
f 10774 10775 10866 10864 
f 10775 10841 10871 10866 
f 10841 10870 10872 10871 
f 10797 10798 10867 10868 
f 10875 10867 10798 
f 10878 10879 10845 10842 
f 10879 10880 10850 10845 
f 10880 10881 10853 10850 
f 10717 10799 10852 10853 
f 10869 10840 10856 10854 
f 10720 10995 10883 10882 
f 10883 10881 10880 10791 
f 10880 10879 10787 10791 
f 10879 10878 10790 10787 
f 10878 10877 10792 10790 
f 10877 10876 10794 10792 
f 10884 10875 10798 10726 
f 10726 10724 10885 10884 
f 10724 10722 10886 10885 
f 10722 10720 10882 10886 
s 2
f 10887 10890 10889 10888 
f 10891 10894 10893 10892 
f 10895 10896 10894 10891 
f 10897 10898 10896 10895 
f 10899 11245 10901 10900 
f 10900 10901 10903 10902 
f 10902 10903 10905 10904 
f 10904 10905 10907 10906 
f 10906 10907 10909 10908 
f 10888 10889 10911 10910 
f 10910 10911 10913 10912 
f 10912 10913 10915 10914 
f 10914 10915 10917 10916 
f 10916 10917 10704 11264 
f 10908 10909 10898 10897 
f 10892 10893 10890 10887 
s 1
f 10918 10920 10919 11267 
f 10921 10922 10920 10918 
f 10923 10924 10922 10921 
f 10925 10926 10924 10923 
f 10927 10928 10926 10925 
f 10929 10930 10928 10927 
f 10931 10932 10930 10929 
f 10933 10934 10932 10931 
f 10935 10936 10934 10933 
f 10937 10938 10936 10935 
f 10939 10940 10938 10937 
f 10941 10942 10940 10939 
f 10943 10944 10942 10941 
f 10945 10946 10944 10943 
f 10947 10948 10946 10945 
f 11296 11297 10948 10947 
f 10949 10950 11300 10701 
f 10951 10952 10950 10949 
f 10953 10954 10952 10951 
f 10955 10956 10954 10953 
f 10957 10958 10956 10955 
f 10959 10960 10958 10957 
f 10961 10962 10960 10959 
f 10963 10964 10962 10961 
f 10965 10966 10964 10963 
f 10967 10968 10966 10965 
f 10969 10970 10968 10967 
f 10971 10972 10970 10969 
f 10973 10974 10972 10971 
f 10975 10976 10974 10973 
f 10977 10978 10976 10975 
f 10979 10705 10978 10977 
f 10890 10981 10980 10889 
f 10894 10983 10982 10893 
f 10896 10984 10983 10894 
f 10898 10985 10984 10896 
f 11245 10702 10986 10901 
f 10901 10986 10987 10903 
f 10903 10987 10988 10905 
f 10905 10988 10989 10907 
f 10907 10989 10990 10909 
f 10889 10980 10991 10911 
f 10911 10991 10992 10913 
f 10913 10992 10993 10915 
f 10915 10993 10994 10917 
f 10917 10994 11344 10704 
f 10909 10990 10985 10898 
f 10893 10982 10981 10890 
f 10715 10717 10995 10718 
f 10728 10798 10727 
f 11267 11046 10707 10918 
f 10918 10707 10709 10921 
f 10921 10709 10711 10923 
f 10923 10711 10713 10925 
f 10925 10713 10715 10927 
f 10927 10715 10718 10929 
f 10929 10718 10719 10931 
f 10931 10719 10721 10933 
f 10933 10721 10723 10935 
f 10935 10723 10725 10937 
f 10937 10725 10728 10939 
f 10939 10728 10729 10941 
f 10941 10729 10731 10943 
f 10943 10731 10733 10945 
f 10945 10733 10735 10947 
f 10947 10735 11077 11296 
f 10772 10703 10746 10770 
f 10770 10746 10745 10768 
f 10768 10745 10744 10766 
f 10766 10744 10742 10762 
f 10762 10742 10743 10765 
f 10765 10743 10797 10870 
f 10870 10797 10868 10872 
f 10872 10868 10849 10863 
f 10863 10849 10847 10861 
f 10861 10847 10843 10858 
f 10858 10843 10844 10857 
f 10857 10844 10851 10855 
f 10855 10851 10852 10854 
f 10854 10852 10799 10869 
f 10869 10799 10741 10756 
f 10756 10741 10740 10754 
f 10754 10740 10739 10752 
f 10752 10739 10738 10750 
f 10750 10738 10737 10747 
f 10747 10737 11078 10749 
f 10842 10846 10877 10878 
f 10846 10848 10876 10877 
f 11264 11162 10819 10916 
f 10916 10819 10817 10914 
f 10914 10817 10815 10912 
f 10912 10815 10813 10910 
f 10910 10813 10761 10888 
f 10888 10761 10758 10887 
f 10887 10758 10779 10892 
f 10892 10779 10780 10891 
f 10891 10780 10782 10895 
f 10895 10782 10795 10897 
f 10897 10795 10809 10908 
f 10908 10809 10807 10906 
f 10906 10807 10805 10904 
f 10904 10805 10803 10902 
f 10902 10803 10801 10900 
f 10900 10801 11141 10899 
f 11167 11140 10800 10825 
f 10825 10800 10802 10827 
f 10827 10802 10804 10829 
f 10829 10804 10806 10831 
f 10831 10806 10808 10785 
f 10785 10808 10796 10784 
f 10784 10796 10781 10820 
f 10820 10781 10777 10874 
f 10874 10777 10778 10822 
f 10822 10778 10759 10776 
f 10776 10759 10760 10810 
f 10810 10760 10812 10833 
f 10833 10812 10814 10835 
f 10835 10814 10816 10837 
f 10837 10816 10818 10839 
f 10839 10818 11163 11184 
f 10919 10920 10949 10701 
f 10920 10922 10951 10949 
f 10922 10924 10953 10951 
f 10924 10926 10955 10953 
f 10926 10928 10957 10955 
f 10928 10930 10959 10957 
f 10930 10932 10961 10959 
f 10932 10934 10963 10961 
f 10934 10936 10965 10963 
f 10936 10938 10967 10965 
f 10938 10940 10969 10967 
f 10940 10942 10971 10969 
f 10942 10944 10973 10971 
f 10944 10946 10975 10973 
f 10946 10948 10977 10975 
f 10948 11297 10979 10977 
s 4
f 10996 10998 11347 10997 
f 10999 11000 10998 10996 
f 11001 11002 11000 10999 
f 11003 11004 11002 11001 
f 11005 11006 11004 11003 
f 11007 11008 11006 11005 
f 11009 11010 11008 11007 
f 11011 11012 11010 11009 
f 11013 11014 11012 11011 
f 11015 11016 11014 11013 
f 11017 11018 11016 11015 
f 11019 11020 11018 11017 
f 11021 11022 11020 11019 
f 11023 11024 11022 11021 
f 11025 11026 11024 11023 
f 10706 11376 11026 11025 
s 1
f 10950 11027 11378 11300 
f 10952 11028 11027 10950 
f 10954 11029 11028 10952 
f 10956 11030 11029 10954 
f 10958 11031 11030 10956 
f 10960 11032 11031 10958 
f 10962 11033 11032 10960 
f 10964 11034 11033 10962 
f 10966 11035 11034 10964 
f 10968 11036 11035 10966 
f 10970 11037 11036 10968 
f 10972 11038 11037 10970 
f 10974 11039 11038 10972 
f 10976 11040 11039 10974 
f 10978 11041 11040 10976 
f 10705 11042 11041 10978 
s 4
f 10997 11378 11027 10996 
f 10996 11027 11028 10999 
f 10999 11028 11029 11001 
f 11001 11029 11030 11003 
f 11003 11030 11031 11005 
f 11005 11031 11032 11007 
f 11007 11032 11033 11009 
f 11009 11033 11034 11011 
f 11011 11034 11035 11013 
f 11013 11035 11036 11015 
f 11015 11036 11037 11017 
f 11017 11037 11038 11019 
f 11019 11038 11039 11021 
f 11021 11039 11040 11023 
f 11023 11040 11041 11025 
f 11025 11041 11042 10706 
s 1
f 10882 10788 10789 10886 
f 10886 10789 10793 10885 
f 10885 10793 10794 10884 
f 10883 10791 10788 10882 
f 10875 10876 10848 10867 
f 10875 10884 10794 10876 
f 10725 10726 10798 10728 
f 10881 10717 10853 
f 10883 10995 10717 10881 
f 11043 11046 11045 11044 
f 11044 11045 11048 11047 
f 11047 11048 11050 11049 
f 11049 11050 11052 11051 
f 11051 11052 11054 11053 
f 11053 11054 11055 
f 11056 11059 11058 11057 
f 11057 11058 11061 11060 
f 11060 11061 11063 11062 
f 11062 11063 11065 11064 
f 11066 11069 11068 11067 
f 11067 11068 11071 11070 
f 11070 11071 11073 11072 
f 11072 11073 11075 11074 
f 11074 11075 11077 11076 
f 11044 11079 11078 11043 
f 11047 11080 11079 11044 
f 11049 11081 11080 11047 
f 11051 11082 11081 11049 
f 11053 11083 11082 11051 
f 11067 11085 11084 11066 
f 11070 11086 11085 11067 
f 11070 11072 11087 11086 
f 11072 11074 11088 11087 
f 11074 11076 10703 11088 
f 11089 11091 11090 10749 
f 11092 11093 11091 11089 
f 11094 11095 11093 11092 
f 11096 11097 11095 11094 
f 11098 11099 11097 11096 
f 11100 11103 11102 11101 
f 11104 11107 11106 11105 
f 11108 11109 11107 11104 
f 11110 11111 11109 11108 
f 11112 11113 11111 11110 
f 10772 10773 11113 11112 
f 11114 11116 11115 
f 11117 11120 11119 11118 
f 11121 11117 11118 11122 
f 11123 11126 11125 11124 
f 11127 11130 11129 11128 
f 11131 11130 11127 
f 11132 11134 11133 
f 11128 11129 11134 11132 
f 11135 11136 11121 11122 
f 11084 11138 11137 11066 
f 11053 11055 11139 11083 
f 11140 11143 11142 11141 
f 11143 11145 11144 11142 
f 11145 11147 11146 11144 
f 11147 11149 11148 11146 
f 11149 11151 11150 11148 
f 11152 11115 11116 11153 
f 11102 11155 11154 11101 
f 11155 11157 11156 11154 
f 11157 11159 11158 11156 
f 11159 11161 11160 11158 
f 11161 11163 11162 11160 
f 11151 11136 11135 11150 
f 11120 11103 11100 11119 
f 11164 11126 11165 
f 11114 11115 11166 
f 11165 11126 11123 
f 10823 11169 11168 11167 
f 11169 11171 11170 11168 
f 11171 11173 11172 11170 
f 11173 11175 11174 11172 
f 11175 11124 11125 11174 
f 11153 11177 11176 11152 
f 11177 11179 11178 11176 
f 11179 11181 11180 11178 
f 11181 11183 11182 11180 
f 11183 11185 11184 11182 
f 11123 11124 11099 11186 
f 11153 11116 11187 11106 
f 11188 11191 11190 11189 
f 11192 11193 11191 11188 
f 11194 11195 11193 11192 
f 11196 11199 11198 11197 
f 11200 11202 11201 
f 11203 11206 11205 11204 
f 11206 11208 11207 11205 
f 11208 11210 11209 11207 
f 11211 11202 11203 11204 
f 11199 11196 11189 11190 
f 11209 11210 11212 
f 11195 11194 11214 11213 
f 11090 11091 11169 10823 
f 11091 11093 11171 11169 
f 11093 11095 11173 11171 
f 11095 11097 11175 11173 
f 11097 11099 11124 11175 
f 11106 11107 11177 11153 
f 11107 11109 11179 11177 
f 11109 11111 11181 11179 
f 11111 11113 11183 11181 
f 11113 10773 11185 11183 
f 11186 11099 11098 11215 
f 11106 11187 11216 11105 
f 11217 11210 11218 
f 11212 11210 11217 
f 11201 11202 11219 
f 11219 11202 11211 
f 11186 11201 11219 11123 
f 11123 11219 11211 11165 
f 11165 11211 11204 11164 
f 11164 11204 11205 11220 
f 11220 11205 11207 11166 
f 11166 11207 11209 11114 
f 11114 11209 11212 11116 
f 11116 11212 11217 11187 
f 11187 11217 11218 11216 
f 11138 11213 11214 11137 
f 11137 11214 11221 
f 11224 11188 11189 11225 
f 11225 11189 11196 11226 
f 11226 11196 11197 11227 
f 11055 11197 11198 11139 
f 11215 11200 11201 11186 
f 11229 11228 11056 11057 
f 11228 11131 11226 11227 
f 11226 11131 11127 11225 
f 11225 11127 11128 11224 
f 11224 11128 11132 11223 
f 11223 11132 11133 11222 
f 11230 11064 11137 11221 
f 11230 11231 11062 11064 
f 11231 11232 11060 11062 
f 11232 11229 11057 11060 
s 2
f 11233 11236 11235 11234 
f 11237 11240 11239 11238 
f 11241 11237 11238 11242 
f 11243 11241 11242 11244 
f 10899 11247 11246 11245 
f 11247 11249 11248 11246 
f 11249 11251 11250 11248 
f 11251 11253 11252 11250 
f 11253 11255 11254 11252 
f 11236 11257 11256 11235 
f 11257 11259 11258 11256 
f 11259 11261 11260 11258 
f 11261 11263 11262 11260 
f 11263 11264 10704 11262 
f 11255 11243 11244 11254 
f 11240 11233 11234 11239 
s 1
f 11265 11267 10919 11266 
f 11268 11265 11266 11269 
f 11270 11268 11269 11271 
f 11272 11270 11271 11273 
f 11274 11272 11273 11275 
f 11276 11274 11275 11277 
f 11278 11276 11277 11279 
f 11280 11278 11279 11281 
f 11282 11280 11281 11283 
f 11284 11282 11283 11285 
f 11286 11284 11285 11287 
f 11288 11286 11287 11289 
f 11290 11288 11289 11291 
f 11292 11290 11291 11293 
f 11294 11292 11293 11295 
f 11296 11294 11295 11297 
f 11298 10701 11300 11299 
f 11301 11298 11299 11302 
f 11303 11301 11302 11304 
f 11305 11303 11304 11306 
f 11307 11305 11306 11308 
f 11309 11307 11308 11310 
f 11311 11309 11310 11312 
f 11313 11311 11312 11314 
f 11315 11313 11314 11316 
f 11317 11315 11316 11318 
f 11319 11317 11318 11320 
f 11321 11319 11320 11322 
f 11323 11321 11322 11324 
f 11325 11323 11324 11326 
f 11327 11325 11326 11328 
f 10979 11327 11328 10705 
f 11234 11235 11330 11329 
f 11238 11239 11332 11331 
f 11242 11238 11331 11333 
f 11244 11242 11333 11334 
f 11245 11246 11335 10702 
f 11246 11248 11336 11335 
f 11248 11250 11337 11336 
f 11250 11252 11338 11337 
f 11252 11254 11339 11338 
f 11235 11256 11340 11330 
f 11256 11258 11341 11340 
f 11258 11260 11342 11341 
f 11260 11262 11343 11342 
f 11262 10704 11344 11343 
f 11254 11244 11334 11339 
f 11239 11234 11329 11332 
f 11054 11059 11056 11055 
f 11069 11066 11137 
f 11267 11265 11045 11046 
f 11265 11268 11048 11045 
f 11268 11270 11050 11048 
f 11270 11272 11052 11050 
f 11272 11274 11054 11052 
f 11274 11276 11059 11054 
f 11276 11278 11058 11059 
f 11278 11280 11061 11058 
f 11280 11282 11063 11061 
f 11282 11284 11065 11063 
f 11284 11286 11069 11065 
f 11286 11288 11068 11069 
f 11288 11290 11071 11068 
f 11290 11292 11073 11071 
f 11292 11294 11075 11073 
f 11294 11296 11077 11075 
f 10772 11112 11088 10703 
f 11112 11110 11087 11088 
f 11110 11108 11086 11087 
f 11108 11104 11085 11086 
f 11104 11105 11084 11085 
f 11105 11216 11138 11084 
f 11216 11218 11213 11138 
f 11218 11210 11195 11213 
f 11210 11208 11193 11195 
f 11208 11206 11191 11193 
f 11206 11203 11190 11191 
f 11203 11202 11199 11190 
f 11202 11200 11198 11199 
f 11200 11215 11139 11198 
f 11215 11098 11083 11139 
f 11098 11096 11082 11083 
f 11096 11094 11081 11082 
f 11094 11092 11080 11081 
f 11092 11089 11079 11080 
f 11089 10749 11078 11079 
f 11224 11223 11192 11188 
f 11223 11222 11194 11192 
f 11264 11263 11160 11162 
f 11263 11261 11158 11160 
f 11261 11259 11156 11158 
f 11259 11257 11154 11156 
f 11257 11236 11101 11154 
f 11236 11233 11100 11101 
f 11233 11240 11119 11100 
f 11240 11237 11118 11119 
f 11237 11241 11122 11118 
f 11241 11243 11135 11122 
f 11243 11255 11150 11135 
f 11255 11253 11148 11150 
f 11253 11251 11146 11148 
f 11251 11249 11144 11146 
f 11249 11247 11142 11144 
f 11247 10899 11141 11142 
f 11167 11168 11143 11140 
f 11168 11170 11145 11143 
f 11170 11172 11147 11145 
f 11172 11174 11149 11147 
f 11174 11125 11151 11149 
f 11125 11126 11136 11151 
f 11126 11164 11121 11136 
f 11164 11220 11117 11121 
f 11220 11166 11120 11117 
f 11166 11115 11103 11120 
f 11115 11152 11102 11103 
f 11152 11176 11155 11102 
f 11176 11178 11157 11155 
f 11178 11180 11159 11157 
f 11180 11182 11161 11159 
f 11182 11184 11163 11161 
f 10919 10701 11298 11266 
f 11266 11298 11301 11269 
f 11269 11301 11303 11271 
f 11271 11303 11305 11273 
f 11273 11305 11307 11275 
f 11275 11307 11309 11277 
f 11277 11309 11311 11279 
f 11279 11311 11313 11281 
f 11281 11313 11315 11283 
f 11283 11315 11317 11285 
f 11285 11317 11319 11287 
f 11287 11319 11321 11289 
f 11289 11321 11323 11291 
f 11291 11323 11325 11293 
f 11293 11325 11327 11295 
f 11295 11327 10979 11297 
s 4
f 11345 10997 11347 11346 
f 11348 11345 11346 11349 
f 11350 11348 11349 11351 
f 11352 11350 11351 11353 
f 11354 11352 11353 11355 
f 11356 11354 11355 11357 
f 11358 11356 11357 11359 
f 11360 11358 11359 11361 
f 11362 11360 11361 11363 
f 11364 11362 11363 11365 
f 11366 11364 11365 11367 
f 11368 11366 11367 11369 
f 11370 11368 11369 11371 
f 11372 11370 11371 11373 
f 11374 11372 11373 11375 
f 10706 11374 11375 11376 
s 1
f 11299 11300 11378 11377 
f 11302 11299 11377 11379 
f 11304 11302 11379 11380 
f 11306 11304 11380 11381 
f 11308 11306 11381 11382 
f 11310 11308 11382 11383 
f 11312 11310 11383 11384 
f 11314 11312 11384 11385 
f 11316 11314 11385 11386 
f 11318 11316 11386 11387 
f 11320 11318 11387 11388 
f 11322 11320 11388 11389 
f 11324 11322 11389 11390 
f 11326 11324 11390 11391 
f 11328 11326 11391 11392 
f 10705 11328 11392 11042 
s 4
f 10997 11345 11377 11378 
f 11345 11348 11379 11377 
f 11348 11350 11380 11379 
f 11350 11352 11381 11380 
f 11352 11354 11382 11381 
f 11354 11356 11383 11382 
f 11356 11358 11384 11383 
f 11358 11360 11385 11384 
f 11360 11362 11386 11385 
f 11362 11364 11387 11386 
f 11364 11366 11388 11387 
f 11366 11368 11389 11388 
f 11368 11370 11390 11389 
f 11370 11372 11391 11390 
f 11372 11374 11392 11391 
f 11374 10706 11042 11392 
s 1
f 11229 11232 11129 11130 
f 11232 11231 11134 11129 
f 11231 11230 11133 11134 
f 11228 11229 11130 11131 
f 11214 11194 11222 11221 
f 11221 11222 11133 11230 
f 11065 11069 11137 11064 
f 11197 11055 11227 
f 11228 11227 11055 11056 
f 11425 12028 12277 11426 
f 11427 11428 12029 12030 
f 11428 11429 12031 12029 
f 11430 12032 12031 11429 
f 11426 12277 12030 11431 
f 11432 11433 12033 12034 
f 11434 12035 12037 11435 
f 11436 12066 12249 11437 
f 11438 12065 12250 11439 
f 11440 12064 12243 11441 
f 11442 12063 12244 11443 
f 11444 12062 12245 11445 
f 11446 12061 12241 11447 
f 11448 12060 12280 11449 
f 11450 11449 12280 12281 
f 11451 11450 12281 12036 
f 11452 11451 12036 12037 
f 11453 12038 12035 11434 
f 11454 12039 12038 11453 
f 11455 12040 12039 11454 
f 11456 12041 12040 11455 
f 11457 12042 12041 11456 
f 11458 12043 12042 11457 
f 11459 12044 12043 11458 
f 11460 12045 12044 11459 
f 11461 12046 12045 11460 
f 11462 12047 12046 11461 
f 11702 11701 12047 12048 
f 11703 11702 12048 12049 
f 11704 11703 12049 12050 
f 11705 11704 12050 12051 
f 11706 11705 12051 12052 
f 11707 11706 12052 12053 
f 11708 11707 12053 12054 
f 11709 11708 12054 12055 
f 11710 11709 12055 12056 
f 11711 11710 12056 12057 
f 11712 11711 12057 12282 
f 11690 11712 12282 12034 
f 11433 11474 12058 12033 
f 11475 12058 12283 11476 
f 11476 12283 12059 11477 
f 11446 12060 12059 11478 
f 11444 12061 12092 11479 
f 11442 12062 12100 11480 
f 11440 12063 12104 11481 
f 11438 12064 12179 11482 
f 11436 12065 12183 11483 
f 11430 12066 12195 11484 
f 11485 12032 12278 11486 
f 11487 11486 12278 12068 
f 11488 12067 12068 11489 
f 11490 12069 12067 11488 
f 11491 12070 12069 11490 
f 11492 12071 12072 11493 
f 11494 12073 12071 11492 
f 11495 12074 12073 11494 
f 11496 12075 12074 11495 
f 11497 12076 12075 11496 
f 11498 12077 12076 11497 
f 11499 12078 12077 11498 
f 11500 12079 12078 11499 
f 11501 12080 12079 11500 
f 11502 12081 12080 11501 
f 11503 12082 12081 11502 
f 11503 11504 12083 12082 
f 11504 11505 12084 12083 
f 11505 11506 12085 12084 
f 11506 11507 12086 12085 
f 11507 11508 12087 12086 
f 11508 11509 12088 12087 
f 11509 11510 12089 12088 
f 11510 11511 12090 12089 
f 11511 11512 12279 12090 
f 11512 11513 12028 12279 
f 11514 12091 12092 11478 
f 11474 12093 12091 11514 
f 11433 12094 12093 11474 
f 11432 12095 12094 11433 
f 11473 12096 12095 11432 
f 11472 12097 12096 11473 
f 11471 12098 12097 11472 
f 11515 11516 12098 12116 
f 11517 12099 12100 11479 
f 11518 12101 12099 11517 
f 11519 12102 12101 11518 
f 11520 12103 12104 11480 
f 11521 12105 12103 11520 
f 11522 12106 12105 11521 
f 11523 12107 12102 11519 
f 11524 12108 12107 11523 
f 11525 12109 12108 11524 
f 11516 12110 12109 11525 
f 11526 12111 12106 11522 
f 11527 12112 12111 11526 
f 11528 12113 12112 11527 
f 11529 12114 12113 11528 
f 11469 12115 12116 11470 
f 11468 12117 12115 11469 
f 11467 12118 12117 11468 
f 11466 12119 12118 11467 
f 11465 12120 12119 11466 
f 11464 12121 12120 11465 
f 11463 12122 12121 11464 
f 11515 12123 12110 11516 
f 11530 12124 12123 11515 
f 11531 12125 12124 11530 
f 11532 12126 12125 11531 
f 11533 11534 12126 12132 
f 11535 12127 12114 11529 
f 11536 12128 12127 11535 
f 11537 12129 12128 11536 
f 11534 12130 12129 11537 
f 11538 11539 12130 12136 
f 11540 12131 12132 11541 
f 11542 12133 12131 11540 
f 11543 12134 12133 11542 
f 11544 12135 12136 11533 
f 11545 12137 12135 11544 
f 11546 12138 12137 11545 
f 11462 12139 12122 11463 
f 11462 11461 12140 12139 
f 11461 11460 12141 12140 
f 11460 11459 12142 12141 
f 11459 11458 12143 12142 
f 11458 11457 12144 12143 
f 11457 11456 12145 12144 
f 11456 11455 12146 12145 
f 11455 11454 12147 12146 
f 11547 12148 12134 11543 
f 11547 11548 12149 12148 
f 11548 11549 12150 12149 
f 11549 11550 12151 12150 
f 11550 11551 12152 12151 
f 11552 12153 12138 11546 
f 11552 11553 12154 12153 
f 11553 11554 12155 12154 
f 11554 11555 12156 12155 
f 11555 11556 12157 12156 
f 11551 11557 12158 12152 
f 11557 11558 12159 12158 
f 11558 11559 12160 12159 
f 11556 11560 12161 12157 
f 11560 11561 12162 12161 
f 11561 11562 12163 12162 
f 11454 11453 12164 12147 
f 11453 11434 12165 12164 
f 11434 11435 12166 12165 
f 11435 11563 12167 12166 
f 11563 11564 12242 12167 
f 11564 11447 12241 12242 
f 11559 11565 12168 12160 
f 11565 11566 12169 12168 
f 11566 11567 12170 12169 
f 11567 11568 12171 12170 
f 11562 11569 12172 12163 
f 11569 11570 12173 12172 
f 11570 11571 12174 12173 
f 11571 11572 12175 12174 
f 11568 11573 12176 12171 
f 11573 11574 12246 12176 
f 11574 11445 12245 12246 
f 11572 11575 12177 12175 
f 11575 11576 12247 12177 
f 11576 11443 12244 12247 
f 11577 12178 12179 11481 
f 11578 12180 12178 11577 
f 11579 12181 12180 11578 
f 11580 12182 12183 11482 
f 11581 12184 12182 11580 
f 11582 12185 12184 11581 
f 11583 12186 12181 11579 
f 11584 12187 12186 11583 
f 11585 12188 12187 11584 
f 11586 12189 12188 11585 
f 11587 12190 12185 11582 
f 11588 12191 12190 11587 
f 11589 12192 12191 11588 
f 11590 12193 12192 11589 
f 11591 12194 12195 11483 
f 11592 12251 12194 11591 
f 11593 12252 12251 11592 
f 11594 12253 12252 11593 
f 11595 12254 12253 11594 
f 11596 12255 12254 11595 
f 11597 12196 12255 11596 
f 11495 11494 12196 12197 
f 11598 12198 12189 11586 
f 11599 12199 12198 11598 
f 11600 12200 12199 11599 
f 11539 12201 12200 11600 
f 11601 11602 12201 12207 
f 11603 12202 12193 11590 
f 11604 12203 12202 11603 
f 11605 12204 12203 11604 
f 11602 12205 12204 11605 
f 11606 11607 12205 12211 
f 11608 12206 12207 11538 
f 11609 12208 12206 11608 
f 11610 12209 12208 11609 
f 11611 12210 12211 11601 
f 11612 12212 12210 11611 
f 11613 12213 12212 11612 
f 11614 12256 12197 11615 
f 11616 12257 12256 11614 
f 11607 12258 12257 11616 
f 11606 12259 12258 11607 
f 11617 12260 12259 11606 
f 11618 12261 12260 11617 
f 11619 12262 12261 11618 
f 11620 12214 12209 11610 
f 11620 11621 12215 12214 
f 11621 11622 12216 12215 
f 11622 11623 12217 12216 
f 11623 11624 12218 12217 
f 11625 12219 12213 11613 
f 11625 11626 12220 12219 
f 11626 11627 12221 12220 
f 11627 11628 12222 12221 
f 11628 11629 12223 12222 
f 11624 11630 12224 12218 
f 11630 11631 12225 12224 
f 11631 11632 12226 12225 
f 11629 11633 12227 12223 
f 11633 11634 12228 12227 
f 11634 11635 12229 12228 
f 11636 12263 12262 11619 
f 11636 11637 12264 12263 
f 11637 11638 12265 12264 
f 11638 11639 12266 12265 
f 11639 11640 12267 12266 
f 11640 11641 12268 12267 
f 11641 11642 12269 12268 
f 11642 11643 12270 12269 
f 11643 11644 12271 12270 
f 11632 11645 12230 12226 
f 11645 11646 12231 12230 
f 11646 11647 12232 12231 
f 11647 11648 12233 12232 
f 11635 11649 12234 12229 
f 11649 11650 12235 12234 
f 11650 11651 12236 12235 
f 11651 11652 12237 12236 
f 11648 11653 12238 12233 
f 11653 11654 12248 12238 
f 11654 11441 12243 12248 
f 11652 11655 12239 12237 
f 11655 11656 12272 12239 
f 11656 11439 12250 12272 
f 11644 11657 12273 12271 
f 11657 11658 12274 12273 
f 11658 11659 12240 12274 
f 11659 11660 12275 12240 
f 11660 11661 12276 12275 
f 11661 11437 12249 12276 
f 11493 12072 12070 11491 
f 11425 11426 11713 11714 
f 11431 11663 11715 11716 
f 11663 11664 11717 11715 
f 11664 11485 11718 11717 
f 11485 11486 11719 11718 
f 11426 11431 11716 11713 
f 11486 11487 11720 11719 
f 11487 11665 11721 11720 
f 11665 11666 11722 11721 
f 11666 11667 11723 11722 
f 11667 11669 11724 11723 
f 11669 11668 11725 11724 
f 11668 11670 11726 11725 
f 11671 11727 11726 11670 
f 11672 11728 11727 11671 
f 11673 11729 11728 11672 
f 11674 11730 11729 11673 
f 11675 11731 11730 11674 
f 11676 11732 11731 11675 
f 11677 11733 11732 11676 
f 11678 11734 11733 11677 
f 11679 11735 11734 11678 
f 11680 11736 11735 11679 
f 11681 11737 11736 11680 
f 11682 11738 11737 11681 
f 11683 11739 11738 11682 
f 11684 11740 11739 11683 
f 11685 11741 11740 11684 
f 11686 11742 11741 11685 
f 11686 11687 11743 11742 
f 11687 11688 11744 11743 
f 11688 11425 11714 11744 
s 2
f 11714 11713 11416 11417 
f 11716 11715 11414 11415 
f 11715 11717 11413 11414 
f 11717 11718 11412 11413 
f 11718 11719 11411 11412 
f 11713 11716 11415 11416 
f 11719 11720 11410 11411 
f 11720 11721 11409 11410 
f 11721 11722 11408 11409 
f 11722 11723 11407 11408 
f 11723 11724 11406 11407 
f 11724 11725 11405 11406 
f 11725 11726 11404 11405 
f 11742 11743 11419 11420 
f 11743 11744 11418 11419 
f 11744 11714 11417 11418 
f 11726 11727 11403 11404 
f 11727 11728 11402 11403 
f 11728 11729 11401 11402 
f 11729 11730 11400 11401 
f 11730 11731 11399 11400 
f 11731 11732 11398 11399 
f 11732 11733 11397 11398 
f 11733 11734 11396 11397 
f 11734 11735 11395 11396 
f 11735 11736 11394 11395 
f 11736 11737 11393 11394 
f 11737 11738 11424 11393 
f 11738 11739 11423 11424 
f 11739 11740 11422 11423 
f 11740 11741 11421 11422 
f 11741 11742 11420 11421 
s 1
f 11951 11837 11839 
f 11936 11843 11845 11934 
f 11848 11934 11845 
f 11854 11940 11942 11852 
f 11860 11946 11940 11858 
f 11949 11951 11839 11863 
f 11957 11867 11869 
f 11869 11872 11955 11957 
f 11878 11804 11808 11876 
f 11884 11805 11804 11882 
f 11890 11806 11805 11888 
s 2
f 11894 11896 11749 11750 
f 11896 11899 11748 11749 
f 11899 11902 11747 11748 
f 11902 11905 11746 11747 
f 11905 11908 11745 11746 
f 11840 11836 11761 11762 
f 11912 11914 11769 11770 
f 11914 11917 11768 11769 
f 11921 11923 11751 11752 
f 11836 11861 11760 11761 
f 11927 11864 11763 11764 
f 11846 11842 11754 11755 
f 11842 11929 11753 11754 
f 11929 11921 11752 11753 
f 11923 11894 11750 11751 
f 11851 11849 11756 11757 
f 11849 11846 11755 11756 
f 11857 11855 11758 11759 
f 11855 11851 11757 11758 
f 11861 11857 11759 11760 
f 11908 11891 11776 11745 
f 11891 11887 11775 11776 
f 11864 11840 11762 11763 
f 11887 11885 11774 11775 
f 11885 11881 11773 11774 
f 11866 11927 11764 11765 
f 11870 11866 11765 11766 
f 11881 11879 11772 11773 
f 11879 11875 11771 11772 
f 11873 11870 11766 11767 
f 11917 11873 11767 11768 
f 11875 11912 11770 11771 
s 1
f 11777 11829 11809 11778 
f 11779 11830 11829 11777 
f 11780 11810 11830 11779 
f 11781 11811 11810 11780 
f 11782 11812 11811 11781 
f 11783 11813 11812 11782 
f 11784 11814 11813 11783 
f 11785 11815 11814 11784 
f 11786 11816 11815 11785 
f 11788 11817 11816 11786 
f 11787 11831 11817 11788 
f 11789 11832 11831 11787 
f 11791 11819 11818 11790 
f 11792 11820 11819 11791 
f 11793 11821 11820 11792 
f 11794 11822 11821 11793 
f 11795 11823 11822 11794 
f 11796 11824 11823 11795 
f 11797 11825 11824 11796 
f 11798 11826 11825 11797 
f 11800 11827 11826 11798 
f 11799 11833 11827 11800 
f 11801 11828 11833 11799 
f 11778 11809 11828 11801 
f 11802 11906 11903 11803 
f 11803 11903 11900 11807 
f 11789 11698 11699 11807 
f 11808 11705 11706 11790 
f 11804 11704 11705 11808 
f 11805 11703 11704 11804 
f 11806 11702 11703 11805 
f 11806 11890 11909 11802 
f 11829 11961 11963 11809 
f 11830 11967 11961 11829 
f 11810 11970 11967 11830 
f 11811 11973 11970 11810 
f 11812 11976 11973 11811 
f 11813 11979 11976 11812 
f 11814 11982 11979 11813 
f 11815 11985 11982 11814 
f 11816 11988 11985 11815 
f 11817 11991 11988 11816 
f 11831 11994 11991 11817 
f 11832 11936 11994 11831 
f 11819 11997 11955 11818 
f 11820 12000 11997 11819 
f 11821 12003 12000 11820 
f 11822 12006 12003 11821 
f 11823 12009 12006 11822 
f 11824 12012 12009 11823 
f 11825 12015 12012 11824 
f 11826 12018 12015 11825 
f 11827 12021 12018 11826 
f 11833 12024 12021 11827 
f 11828 12027 12024 11833 
f 11809 11963 12027 11828 
f 11918 11915 11818 
f 11832 11924 11920 
f 11832 11789 11893 11924 
f 11832 11920 11930 
f 11872 11918 11818 
f 11915 11911 11790 11818 
f 11951 11946 11860 11837 
f 11854 11858 11940 
f 11957 11949 11863 11926 
f 11848 11852 11942 11934 
f 11802 11909 11906 
f 11884 11888 11805 
f 11900 11897 11807 
f 11789 11807 11897 11893 
f 11878 11882 11804 
f 11911 11876 11808 11790 
f 11957 11926 11867 
f 11936 11832 11930 11843 
s 2
f 11964 11960 11834 
f 11960 11966 11834 
f 11966 11969 11834 
f 11969 11972 11834 
f 11987 11990 11834 
f 11990 11993 11834 
f 11993 11937 11834 
f 11996 11999 11834 
f 12002 12005 11834 
f 12005 12008 11834 
f 12008 12011 11834 
f 12011 12014 11834 
f 12017 12020 11834 
f 12020 12023 11834 
f 11933 11943 11834 
f 11943 11939 11834 
f 11972 11975 11834 
f 11975 11978 11834 
f 11978 11981 11834 
f 11981 11984 11834 
f 11984 11987 11834 
f 11954 11996 11834 
f 11999 12002 11834 
f 12014 12017 11834 
f 12023 12026 11834 
f 12026 11964 11834 
f 11937 11933 11834 
f 11939 11945 11834 
f 11945 11952 11834 
f 11952 11948 11834 
f 11948 11958 11834 
f 11958 11954 11834 
s 1
f 11872 11818 11955 
f 11777 11778 11448 11449 
f 11779 11777 11449 11450 
f 11780 11779 11450 11451 
f 11781 11780 11451 11452 
f 11782 11781 11452 11691 
f 11783 11782 11691 11692 
f 11784 11783 11692 11693 
f 11785 11784 11693 11694 
f 11786 11785 11694 11695 
f 11788 11786 11695 11696 
f 11787 11788 11696 11697 
f 11789 11787 11697 11698 
f 11791 11790 11706 11707 
f 11792 11791 11707 11708 
f 11793 11792 11708 11709 
f 11794 11793 11709 11710 
f 11795 11794 11710 11711 
f 11796 11795 11711 11712 
f 11797 11796 11712 11690 
f 11798 11797 11690 11689 
f 11800 11798 11689 11475 
f 11799 11800 11475 11476 
f 11801 11799 11476 11477 
f 11778 11801 11477 11448 
f 11802 11803 11700 11701 
f 11803 11807 11699 11700 
f 11806 11802 11701 11702 
f 11839 11837 11835 11838 
f 11845 11843 11841 11844 
f 11848 11845 11844 11847 
f 11854 11852 11850 11853 
f 11860 11858 11856 11859 
f 11863 11839 11838 11862 
f 11869 11867 11865 11868 
f 11872 11869 11868 11871 
f 11878 11876 11874 11877 
f 11884 11882 11880 11883 
f 11890 11888 11886 11889 
s 2
f 11896 11894 11892 11895 
f 11899 11896 11895 11898 
f 11902 11899 11898 11901 
f 11905 11902 11901 11904 
f 11908 11905 11904 11907 
f 11836 11840 11838 11835 
f 11914 11912 11910 11913 
f 11917 11914 11913 11916 
f 11923 11921 11919 11922 
f 11861 11836 11835 11859 
f 11864 11927 11925 11862 
f 11842 11846 11844 11841 
f 11929 11842 11841 11928 
f 11921 11929 11928 11919 
f 11894 11923 11922 11892 
f 11849 11851 11850 11847 
f 11846 11849 11847 11844 
f 11855 11857 11856 11853 
f 11851 11855 11853 11850 
f 11857 11861 11859 11856 
f 11891 11908 11907 11889 
f 11887 11891 11889 11886 
f 11840 11864 11862 11838 
f 11885 11887 11886 11883 
f 11881 11885 11883 11880 
f 11927 11866 11865 11925 
f 11866 11870 11868 11865 
f 11879 11881 11880 11877 
f 11875 11879 11877 11874 
f 11870 11873 11871 11868 
f 11873 11917 11916 11871 
f 11912 11875 11874 11910 
s 1
f 11903 11906 11904 11901 
f 11900 11903 11901 11898 
f 11909 11890 11889 11907 
f 11915 11918 11916 11913 
f 11920 11924 11922 11919 
f 11924 11893 11892 11922 
f 11930 11920 11919 11928 
f 11918 11872 11871 11916 
f 11911 11915 11913 11910 
f 11837 11860 11859 11835 
f 11858 11854 11853 11856 
f 11926 11863 11862 11925 
f 11852 11848 11847 11850 
f 11906 11909 11907 11904 
f 11888 11884 11883 11886 
f 11897 11900 11898 11895 
f 11893 11897 11895 11892 
f 11882 11878 11877 11880 
f 11876 11911 11910 11874 
f 11867 11926 11925 11865 
f 11843 11930 11928 11841 
f 11750 11749 11931 
f 11749 11748 11931 
f 11748 11747 11931 
f 11747 11746 11931 
f 11746 11745 11931 
f 11762 11761 11931 
f 11770 11769 11931 
f 11769 11768 11931 
f 11752 11751 11931 
f 11761 11760 11931 
f 11764 11763 11931 
f 11755 11754 11931 
f 11754 11753 11931 
f 11753 11752 11931 
f 11751 11750 11931 
f 11757 11756 11931 
f 11756 11755 11931 
f 11759 11758 11931 
f 11758 11757 11931 
f 11760 11759 11931 
f 11745 11776 11931 
f 11776 11775 11931 
f 11763 11762 11931 
f 11775 11774 11931 
f 11774 11773 11931 
f 11765 11764 11931 
f 11766 11765 11931 
f 11773 11772 11931 
f 11772 11771 11931 
f 11767 11766 11931 
f 11768 11767 11931 
f 11771 11770 11931 
f 11936 11934 11932 11935 
f 11942 11940 11938 11941 
f 11940 11946 11944 11938 
f 11951 11949 11947 11950 
f 11957 11955 11953 11956 
f 11963 11961 11959 11962 
f 11961 11967 11965 11959 
f 11967 11970 11968 11965 
f 11970 11973 11971 11968 
f 11973 11976 11974 11971 
f 11976 11979 11977 11974 
f 11979 11982 11980 11977 
f 11982 11985 11983 11980 
f 11985 11988 11986 11983 
f 11988 11991 11989 11986 
f 11991 11994 11992 11989 
f 11994 11936 11935 11992 
f 11955 11997 11995 11953 
f 11997 12000 11998 11995 
f 12000 12003 12001 11998 
f 12003 12006 12004 12001 
f 12006 12009 12007 12004 
f 12009 12012 12010 12007 
f 12012 12015 12013 12010 
f 12015 12018 12016 12013 
f 12018 12021 12019 12016 
f 12021 12024 12022 12019 
f 12024 12027 12025 12022 
f 12027 11963 11962 12025 
f 11946 11951 11950 11944 
f 11949 11957 11956 11947 
f 11934 11942 11941 11932 
s 2
f 11960 11964 11962 11959 
f 11966 11960 11959 11965 
f 11969 11966 11965 11968 
f 11972 11969 11968 11971 
f 11990 11987 11986 11989 
f 11993 11990 11989 11992 
f 11937 11993 11992 11935 
f 11999 11996 11995 11998 
f 12005 12002 12001 12004 
f 12008 12005 12004 12007 
f 12011 12008 12007 12010 
f 12014 12011 12010 12013 
f 12020 12017 12016 12019 
f 12023 12020 12019 12022 
f 11943 11933 11932 11941 
f 11939 11943 11941 11938 
f 11975 11972 11971 11974 
f 11978 11975 11974 11977 
f 11981 11978 11977 11980 
f 11984 11981 11980 11983 
f 11987 11984 11983 11986 
f 11996 11954 11953 11995 
f 12002 11999 11998 12001 
f 12017 12014 12013 12016 
f 12026 12023 12022 12025 
f 11964 12026 12025 11962 
f 11933 11937 11935 11932 
f 11945 11939 11938 11944 
f 11952 11945 11944 11950 
f 11948 11952 11950 11947 
f 11958 11948 11947 11956 
f 11954 11958 11956 11953 
s 1
f 12028 11513 11662 12277 
f 12029 11663 11431 12030 
f 12031 11664 11663 12029 
f 12032 11485 11664 12031 
f 12277 11662 11427 12030 
f 12033 11689 11690 12034 
f 12035 11691 11452 12037 
f 12066 11430 11429 12249 
f 12065 11436 11437 12250 
f 12064 11438 11439 12243 
f 12063 11440 11441 12244 
f 12062 11442 11443 12245 
f 12061 11444 11445 12241 
f 12060 11446 11447 12280 
f 12280 11447 11564 12281 
f 12281 11564 11563 12036 
f 12036 11563 11435 12037 
f 12038 11692 11691 12035 
f 12039 11693 11692 12038 
f 12040 11694 11693 12039 
f 12041 11695 11694 12040 
f 12042 11696 11695 12041 
f 12043 11697 11696 12042 
f 12044 11698 11697 12043 
f 12045 11699 11698 12044 
f 12046 11700 11699 12045 
f 12047 11701 11700 12046 
f 12047 11462 11463 12048 
f 12048 11463 11464 12049 
f 12049 11464 11465 12050 
f 12050 11465 11466 12051 
f 12051 11466 11467 12052 
f 12052 11467 11468 12053 
f 12053 11468 11469 12054 
f 12054 11469 11470 12055 
f 12055 11470 11471 12056 
f 12056 11471 11472 12057 
f 12057 11472 11473 12282 
f 12282 11473 11432 12034 
f 12058 11475 11689 12033 
f 12058 11474 11514 12283 
f 12283 11514 11478 12059 
f 12060 11448 11477 12059 
f 12061 11446 11478 12092 
f 12062 11444 11479 12100 
f 12063 11442 11480 12104 
f 12064 11440 11481 12179 
f 12065 11438 11482 12183 
f 12066 11436 11483 12195 
f 12032 11430 11484 12278 
f 12278 11484 11489 12068 
f 12067 11665 11487 12068 
f 12069 11666 11665 12067 
f 12070 11667 11666 12069 
f 12071 11668 11669 12072 
f 12073 11670 11668 12071 
f 12074 11671 11670 12073 
f 12075 11672 11671 12074 
f 12076 11673 11672 12075 
f 12077 11674 11673 12076 
f 12078 11675 11674 12077 
f 12079 11676 11675 12078 
f 12080 11677 11676 12079 
f 12081 11678 11677 12080 
f 12082 11679 11678 12081 
f 12083 11680 11679 12082 
f 12084 11681 11680 12083 
f 12085 11682 11681 12084 
f 12086 11683 11682 12085 
f 12087 11684 11683 12086 
f 12088 11685 11684 12087 
f 12089 11686 11685 12088 
f 12090 11687 11686 12089 
f 12279 11688 11687 12090 
f 12028 11425 11688 12279 
f 12091 11517 11479 12092 
f 12093 11518 11517 12091 
f 12094 11519 11518 12093 
f 12095 11523 11519 12094 
f 12096 11524 11523 12095 
f 12097 11525 11524 12096 
f 12098 11516 11525 12097 
f 12098 11471 11470 12116 
f 12099 11520 11480 12100 
f 12101 11521 11520 12099 
f 12102 11522 11521 12101 
f 12103 11577 11481 12104 
f 12105 11578 11577 12103 
f 12106 11579 11578 12105 
f 12107 11526 11522 12102 
f 12108 11527 11526 12107 
f 12109 11528 11527 12108 
f 12110 11529 11528 12109 
f 12111 11583 11579 12106 
f 12112 11584 11583 12111 
f 12113 11585 11584 12112 
f 12114 11586 11585 12113 
f 12115 11530 11515 12116 
f 12117 11531 11530 12115 
f 12118 11532 11531 12117 
f 12119 11541 11532 12118 
f 12120 11540 11541 12119 
f 12121 11542 11540 12120 
f 12122 11543 11542 12121 
f 12123 11535 11529 12110 
f 12124 11536 11535 12123 
f 12125 11537 11536 12124 
f 12126 11534 11537 12125 
f 12126 11532 11541 12132 
f 12127 11598 11586 12114 
f 12128 11599 11598 12127 
f 12129 11600 11599 12128 
f 12130 11539 11600 12129 
f 12130 11534 11533 12136 
f 12131 11544 11533 12132 
f 12133 11545 11544 12131 
f 12134 11546 11545 12133 
f 12135 11608 11538 12136 
f 12137 11609 11608 12135 
f 12138 11610 11609 12137 
f 12139 11547 11543 12122 
f 12140 11548 11547 12139 
f 12141 11549 11548 12140 
f 12142 11550 11549 12141 
f 12143 11551 11550 12142 
f 12144 11557 11551 12143 
f 12145 11558 11557 12144 
f 12146 11559 11558 12145 
f 12147 11565 11559 12146 
f 12148 11552 11546 12134 
f 12149 11553 11552 12148 
f 12150 11554 11553 12149 
f 12151 11555 11554 12150 
f 12152 11556 11555 12151 
f 12153 11620 11610 12138 
f 12154 11621 11620 12153 
f 12155 11622 11621 12154 
f 12156 11623 11622 12155 
f 12157 11624 11623 12156 
f 12158 11560 11556 12152 
f 12159 11561 11560 12158 
f 12160 11562 11561 12159 
f 12161 11630 11624 12157 
f 12162 11631 11630 12161 
f 12163 11632 11631 12162 
f 12164 11566 11565 12147 
f 12165 11567 11566 12164 
f 12166 11568 11567 12165 
f 12167 11573 11568 12166 
f 12242 11574 11573 12167 
f 12241 11445 11574 12242 
f 12168 11569 11562 12160 
f 12169 11570 11569 12168 
f 12170 11571 11570 12169 
f 12171 11572 11571 12170 
f 12172 11645 11632 12163 
f 12173 11646 11645 12172 
f 12174 11647 11646 12173 
f 12175 11648 11647 12174 
f 12176 11575 11572 12171 
f 12246 11576 11575 12176 
f 12245 11443 11576 12246 
f 12177 11653 11648 12175 
f 12247 11654 11653 12177 
f 12244 11441 11654 12247 
f 12178 11580 11482 12179 
f 12180 11581 11580 12178 
f 12181 11582 11581 12180 
f 12182 11591 11483 12183 
f 12184 11592 11591 12182 
f 12185 11593 11592 12184 
f 12186 11587 11582 12181 
f 12187 11588 11587 12186 
f 12188 11589 11588 12187 
f 12189 11590 11589 12188 
f 12190 11594 11593 12185 
f 12191 11595 11594 12190 
f 12192 11596 11595 12191 
f 12193 11597 11596 12192 
f 12194 11489 11484 12195 
f 12251 11488 11489 12194 
f 12252 11490 11488 12251 
f 12253 11491 11490 12252 
f 12254 11493 11491 12253 
f 12255 11492 11493 12254 
f 12196 11494 11492 12255 
f 12196 11597 11615 12197 
f 12198 11603 11590 12189 
f 12199 11604 11603 12198 
f 12200 11605 11604 12199 
f 12201 11602 11605 12200 
f 12201 11539 11538 12207 
f 12202 11615 11597 12193 
f 12203 11614 11615 12202 
f 12204 11616 11614 12203 
f 12205 11607 11616 12204 
f 12205 11602 11601 12211 
f 12206 11611 11601 12207 
f 12208 11612 11611 12206 
f 12209 11613 11612 12208 
f 12210 11617 11606 12211 
f 12212 11618 11617 12210 
f 12213 11619 11618 12212 
f 12256 11496 11495 12197 
f 12257 11497 11496 12256 
f 12258 11498 11497 12257 
f 12259 11499 11498 12258 
f 12260 11500 11499 12259 
f 12261 11501 11500 12260 
f 12262 11502 11501 12261 
f 12214 11625 11613 12209 
f 12215 11626 11625 12214 
f 12216 11627 11626 12215 
f 12217 11628 11627 12216 
f 12218 11629 11628 12217 
f 12219 11636 11619 12213 
f 12220 11637 11636 12219 
f 12221 11638 11637 12220 
f 12222 11639 11638 12221 
f 12223 11640 11639 12222 
f 12224 11633 11629 12218 
f 12225 11634 11633 12224 
f 12226 11635 11634 12225 
f 12227 11641 11640 12223 
f 12228 11642 11641 12227 
f 12229 11643 11642 12228 
f 12263 11503 11502 12262 
f 12264 11504 11503 12263 
f 12265 11505 11504 12264 
f 12266 11506 11505 12265 
f 12267 11507 11506 12266 
f 12268 11508 11507 12267 
f 12269 11509 11508 12268 
f 12270 11510 11509 12269 
f 12271 11511 11510 12270 
f 12230 11649 11635 12226 
f 12231 11650 11649 12230 
f 12232 11651 11650 12231 
f 12233 11652 11651 12232 
f 12234 11644 11643 12229 
f 12235 11657 11644 12234 
f 12236 11658 11657 12235 
f 12237 11659 11658 12236 
f 12238 11655 11652 12233 
f 12248 11656 11655 12238 
f 12243 11439 11656 12248 
f 12239 11660 11659 12237 
f 12272 11661 11660 12239 
f 12250 11437 11661 12272 
f 12273 11512 11511 12271 
f 12274 11513 11512 12273 
f 12240 11662 11513 12274 
f 12275 11427 11662 12240 
f 12276 11428 11427 12275 
f 12249 11429 11428 12276 
f 12072 11669 11667 12070 
f 12287 12286 12284 12285 
f 12289 12288 12286 12287 
f 12291 12290 12288 12289 
f 12293 12292 12290 12291 
f 12295 12294 12292 12293 
f 12297 12296 12294 12295 
f 12299 12298 12296 12297 
f 12301 12300 12298 12299 
f 12303 12302 12300 12301 
f 12305 12304 12302 12303 
f 12307 12306 12304 12305 
f 12309 12308 12306 12307 
f 12311 12310 12308 12309 
f 12313 12312 12310 12311 
f 12315 12314 12312 12313 
f 12317 12316 12314 12315 
f 12319 12318 12316 12317 
f 12321 12320 12318 12319 
f 12323 12322 12320 12321 
f 12325 12324 12322 12323 
f 12327 12326 12324 12325 
f 12329 12328 12326 12327 
f 12331 12330 12328 12329 
f 12333 12332 12330 12331 
f 12335 12334 12332 12333 
f 12337 12336 12334 12335 
f 12339 12338 12336 12337 
f 12341 12340 12338 12339 
f 12343 12342 12340 12341 
f 12345 12344 12342 12343 
f 12347 12346 12344 12345 
f 12285 12284 12346 12347 
f 12284 12286 12382 12381 
f 12286 12288 12383 12382 
f 12288 12290 12384 12383 
f 12290 12292 12385 12384 
f 12292 12294 12386 12385 
f 12294 12296 12387 12386 
f 12296 12298 12388 12387 
f 12298 12300 12389 12388 
f 12300 12302 12390 12389 
f 12302 12304 12391 12390 
f 12304 12306 12392 12391 
f 12306 12308 12393 12392 
f 12308 12310 12394 12393 
f 12310 12312 12395 12394 
f 12312 12314 12396 12395 
f 12314 12316 12397 12396 
f 12316 12318 12398 12397 
f 12318 12320 12399 12398 
f 12320 12322 12400 12399 
f 12322 12324 12401 12400 
f 12324 12326 12402 12401 
f 12326 12328 12403 12402 
f 12328 12330 12404 12403 
f 12330 12332 12405 12404 
f 12332 12334 12406 12405 
f 12334 12336 12407 12406 
f 12336 12338 12408 12407 
f 12338 12340 12409 12408 
f 12340 12342 12410 12409 
f 12342 12344 12411 12410 
f 12344 12346 12412 12411 
f 12346 12284 12381 12412 
f 12478 12479 12380 
f 12479 12480 12380 
f 12480 12481 12380 
f 12481 12482 12380 
f 12482 12483 12380 
f 12483 12484 12380 
f 12484 12485 12380 
f 12485 12486 12380 
f 12486 12487 12380 
f 12487 12488 12380 
f 12488 12489 12380 
f 12489 12490 12380 
f 12490 12491 12380 
f 12491 12492 12380 
f 12492 12493 12380 
f 12493 12494 12380 
f 12494 12495 12380 
f 12495 12496 12380 
f 12496 12497 12380 
f 12497 12498 12380 
f 12498 12499 12380 
f 12499 12500 12380 
f 12500 12501 12380 
f 12501 12502 12380 
f 12502 12503 12380 
f 12503 12504 12380 
f 12504 12505 12380 
f 12505 12506 12380 
f 12506 12507 12380 
f 12507 12508 12380 
f 12508 12509 12380 
f 12509 12478 12380 
f 12382 12349 12348 12381 
f 12383 12350 12349 12382 
f 12384 12351 12350 12383 
f 12385 12352 12351 12384 
f 12386 12353 12352 12385 
f 12387 12354 12353 12386 
f 12388 12355 12354 12387 
f 12389 12356 12355 12388 
f 12390 12357 12356 12389 
f 12391 12358 12357 12390 
f 12392 12359 12358 12391 
f 12393 12360 12359 12392 
f 12394 12361 12360 12393 
f 12395 12362 12361 12394 
f 12396 12363 12362 12395 
f 12397 12364 12363 12396 
f 12398 12365 12364 12397 
f 12399 12366 12365 12398 
f 12400 12367 12366 12399 
f 12401 12368 12367 12400 
f 12402 12369 12368 12401 
f 12403 12370 12369 12402 
f 12404 12371 12370 12403 
f 12405 12372 12371 12404 
f 12406 12373 12372 12405 
f 12407 12374 12373 12406 
f 12408 12375 12374 12407 
f 12409 12376 12375 12408 
f 12410 12377 12376 12409 
f 12411 12378 12377 12410 
f 12412 12379 12378 12411 
f 12381 12348 12379 12412 
f 12287 12285 12413 12414 
f 12289 12287 12414 12415 
f 12291 12289 12415 12416 
f 12293 12291 12416 12417 
f 12295 12293 12417 12418 
f 12297 12295 12418 12419 
f 12299 12297 12419 12420 
f 12301 12299 12420 12421 
f 12303 12301 12421 12422 
f 12305 12303 12422 12423 
f 12307 12305 12423 12424 
f 12309 12307 12424 12425 
f 12311 12309 12425 12426 
f 12313 12311 12426 12427 
f 12315 12313 12427 12428 
f 12317 12315 12428 12429 
f 12319 12317 12429 12430 
f 12321 12319 12430 12431 
f 12323 12321 12431 12432 
f 12325 12323 12432 12433 
f 12327 12325 12433 12434 
f 12329 12327 12434 12435 
f 12331 12329 12435 12436 
f 12333 12331 12436 12437 
f 12335 12333 12437 12438 
f 12337 12335 12438 12439 
f 12339 12337 12439 12440 
f 12341 12339 12440 12441 
f 12343 12341 12441 12442 
f 12345 12343 12442 12443 
f 12347 12345 12443 12444 
f 12285 12347 12444 12413 
f 14289 14290 12445 
f 14320 14289 12445 
f 14319 14320 12445 
f 14318 14319 12445 
f 14317 14318 12445 
f 14316 14317 12445 
f 14315 14316 12445 
f 14314 14315 12445 
f 14313 14314 12445 
f 14312 14313 12445 
f 14311 14312 12445 
f 14310 14311 12445 
f 14309 14310 12445 
f 14308 14309 12445 
f 14307 14308 12445 
f 14306 14307 12445 
f 14305 14306 12445 
f 14304 14305 12445 
f 14303 14304 12445 
f 14302 14303 12445 
f 14301 14302 12445 
f 14300 14301 12445 
f 14299 14300 12445 
f 14298 14299 12445 
f 14297 14298 12445 
f 14296 14297 12445 
f 14295 14296 12445 
f 14294 14295 12445 
f 14293 14294 12445 
f 14292 14293 12445 
f 14291 14292 12445 
f 14290 14291 12445 
s 2
f 12461 12512 12514 12446 
f 12517 12447 12446 12514 
f 12520 12448 12447 12517 
f 12523 12449 12448 12520 
f 12526 12450 12449 12523 
f 12529 12451 12450 12526 
f 12532 12452 12451 12529 
f 12535 12453 12452 12532 
f 12538 12454 12453 12535 
f 12538 12541 12455 12454 
f 12541 12544 12456 12455 
f 12547 12457 12456 12544 
f 12547 12550 12458 12457 
f 12550 12553 12459 12458 
f 12553 12556 12460 12459 
f 12512 12461 12460 12556 
s 1
f 12595 12598 12527 12524 
f 12524 12521 12592 12595 
f 12521 12518 12589 12592 
f 12518 12515 12586 12589 
f 12515 12511 12583 12586 
f 12511 12557 12580 12583 
f 12557 12554 12577 12580 
f 12554 12551 12574 12577 
f 12551 12548 12571 12574 
f 12548 12545 12568 12571 
f 12545 12542 12565 12568 
f 12542 12539 12559 12565 
f 12539 12536 12563 12559 
f 12536 12533 12604 12563 
f 12533 12530 12601 12604 
f 12530 12527 12598 12601 
s 2
f 12562 12477 12462 12560 
f 12462 12463 12566 12560 
f 12464 12569 12566 12463 
f 12465 12572 12569 12464 
f 12466 12575 12572 12465 
f 12467 12578 12575 12466 
f 12468 12581 12578 12467 
f 12469 12584 12581 12468 
f 12470 12587 12584 12469 
f 12471 12590 12587 12470 
f 12472 12593 12590 12471 
f 12473 12596 12593 12472 
f 12473 12474 12599 12596 
f 12475 12602 12599 12474 
f 12476 12605 12602 12475 
f 12477 12562 12605 12476 
s 1
f 12348 12349 12479 12478 
f 12349 12350 12480 12479 
f 12350 12351 12481 12480 
f 12351 12352 12482 12481 
f 12352 12353 12483 12482 
f 12353 12354 12484 12483 
f 12354 12355 12485 12484 
f 12355 12356 12486 12485 
f 12356 12357 12487 12486 
f 12357 12358 12488 12487 
f 12358 12359 12489 12488 
f 12359 12360 12490 12489 
f 12360 12361 12491 12490 
f 12361 12362 12492 12491 
f 12362 12363 12493 12492 
f 12363 12364 12494 12493 
f 12364 12365 12495 12494 
f 12365 12366 12496 12495 
f 12366 12367 12497 12496 
f 12367 12368 12498 12497 
f 12368 12369 12499 12498 
f 12369 12370 12500 12499 
f 12370 12371 12501 12500 
f 12371 12372 12502 12501 
f 12372 12373 12503 12502 
f 12373 12374 12504 12503 
f 12374 12375 12505 12504 
f 12375 12376 12506 12505 
f 12376 12377 12507 12506 
f 12377 12378 12508 12507 
f 12378 12379 12509 12508 
f 12379 12348 12478 12509 
s 2
f 12514 12512 12510 12513 
f 12517 12514 12513 12516 
f 12520 12517 12516 12519 
f 12523 12520 12519 12522 
f 12526 12523 12522 12525 
f 12529 12526 12525 12528 
f 12532 12529 12528 12531 
f 12535 12532 12531 12534 
f 12538 12535 12534 12537 
f 12541 12538 12537 12540 
f 12544 12541 12540 12543 
f 12547 12544 12543 12546 
f 12550 12547 12546 12549 
f 12553 12550 12549 12552 
f 12556 12553 12552 12555 
f 12512 12556 12555 12510 
s 1
f 12598 12595 12594 12597 
f 12524 12527 12525 12522 
f 12521 12524 12522 12519 
f 12595 12592 12591 12594 
f 12518 12521 12519 12516 
f 12592 12589 12588 12591 
f 12515 12518 12516 12513 
f 12589 12586 12585 12588 
f 12511 12515 12513 12510 
f 12586 12583 12582 12585 
f 12557 12511 12510 12555 
f 12583 12580 12579 12582 
f 12554 12557 12555 12552 
f 12580 12577 12576 12579 
f 12551 12554 12552 12549 
f 12577 12574 12573 12576 
f 12548 12551 12549 12546 
f 12574 12571 12570 12573 
f 12545 12548 12546 12543 
f 12571 12568 12567 12570 
f 12542 12545 12543 12540 
f 12568 12565 12564 12567 
f 12539 12542 12540 12537 
f 12565 12559 12558 12564 
f 12536 12539 12537 12534 
f 12559 12563 12561 12558 
f 12533 12536 12534 12531 
f 12563 12604 12603 12561 
f 12530 12533 12531 12528 
f 12604 12601 12600 12603 
f 12527 12530 12528 12525 
f 12601 12598 12597 12600 
s 2
f 12562 12560 12558 12561 
f 12560 12566 12564 12558 
f 12566 12569 12567 12564 
f 12569 12572 12570 12567 
f 12572 12575 12573 12570 
f 12575 12578 12576 12573 
f 12578 12581 12579 12576 
f 12581 12584 12582 12579 
f 12584 12587 12585 12582 
f 12587 12590 12588 12585 
f 12590 12593 12591 12588 
f 12593 12596 12594 12591 
f 12596 12599 12597 12594 
f 12599 12602 12600 12597 
f 12602 12605 12603 12600 
f 12605 12562 12561 12603 
s 1
f 13426 13427 13458 13459 
f 13427 13428 13489 13458 
f 13428 13429 13488 13489 
f 13429 13430 13487 13488 
f 13430 13431 13486 13487 
f 13431 13432 13485 13486 
f 13432 13433 13484 13485 
f 13433 13434 13483 13484 
f 13434 13435 13482 13483 
f 13435 13436 13481 13482 
f 13436 13437 13480 13481 
f 13437 13438 13479 13480 
f 13438 13439 13478 13479 
f 13439 13440 13477 13478 
f 13440 13441 13476 13477 
f 13441 13442 13475 13476 
f 13442 13443 13474 13475 
f 13443 13444 13473 13474 
f 13444 13445 13472 13473 
f 13445 13446 13471 13472 
f 13446 13447 13470 13471 
f 13447 13448 13469 13470 
f 13448 13449 13468 13469 
f 13449 13450 13467 13468 
f 13450 13451 13466 13467 
f 13451 13452 13465 13466 
f 13452 13453 13464 13465 
f 13453 13454 13463 13464 
f 13454 13455 13462 13463 
f 13455 13456 13461 13462 
f 13456 13457 13460 13461 
f 13457 13426 13459 13460 
f 13508 13509 13522 13523 
f 13507 13508 13523 13524 
f 13525 13506 13507 13524 
f 13526 13505 13506 13525 
f 13527 13504 13505 13526 
f 13528 13503 13504 13527 
f 13529 13502 13503 13528 
f 13530 13501 13502 13529 
f 13531 13500 13501 13530 
f 13532 13499 13500 13531 
f 13533 13498 13499 13532 
f 13534 13497 13498 13533 
f 13535 13496 13497 13534 
f 13536 13495 13496 13535 
f 13537 13494 13495 13536 
f 13538 13493 13494 13537 
f 13539 13492 13493 13538 
f 13540 13491 13492 13539 
f 13541 13490 13491 13540 
f 13542 13521 13490 13541 
f 13543 13520 13521 13542 
f 13544 13519 13520 13543 
f 13545 13518 13519 13544 
f 13546 13517 13518 13545 
f 13547 13516 13517 13546 
f 13548 13515 13516 13547 
f 13522 13509 13510 12696 
f 12696 13510 13511 12697 
f 12697 13511 13512 12698 
f 12698 13512 12701 12699 
f 12699 12701 12702 12700 
f 12701 13513 13514 12702 
f 13512 13513 12701 
s 2
f 13921 13922 14237 14238 
f 14288 13921 14238 14239 
f 14287 14288 14239 14240 
f 14286 14287 14240 14241 
f 14285 14286 14241 14242 
f 14284 14285 14242 14243 
f 14283 14284 14243 14244 
f 14282 14283 14244 14245 
f 14281 14282 14245 14246 
f 14280 14281 14246 14247 
f 14279 14280 14247 14248 
f 14278 14279 14248 14249 
f 14277 14278 14249 14250 
f 14276 14277 14250 14251 
f 14275 14276 14251 14252 
f 14274 14275 14252 14253 
f 14273 14274 14253 14254 
f 14272 14273 14254 14255 
f 14271 14272 14255 14256 
f 14270 14271 14256 14257 
f 14269 14270 14257 14258 
f 14268 14269 14258 14259 
f 14267 14268 14259 14260 
f 14266 14267 14260 14261 
f 14265 14266 14261 14262 
f 14264 14265 14262 14263 
s 1
f 12697 12698 13553 
f 12698 12699 13552 13553 
f 12699 12700 13551 13552 
s 2
f 13927 14232 14233 13926 
f 13926 14233 14234 13925 
f 13925 14234 14235 13924 
f 13924 14235 14236 13923 
f 13923 14236 14237 13922 
s 4
f 13556 13557 13867 13868 
f 13557 13558 13866 13867 
f 13558 13559 13865 13866 
f 13559 13560 13864 13865 
f 13560 13561 13863 13864 
s 2
f 13955 13956 14203 14204 
f 13956 13957 14202 14203 
f 13957 13958 14201 14202 
f 13958 13959 14200 14201 
f 13959 13960 14199 14200 
f 13987 13988 14171 14172 
f 13988 13989 14170 14171 
f 13989 13990 14169 14170 
f 13990 13991 14168 14169 
f 13991 13992 14167 14168 
f 14019 14020 14139 14140 
f 14020 14021 14138 14139 
f 14021 14022 14137 14138 
f 14022 14023 14136 14137 
f 14023 14024 14135 14136 
f 14051 14052 14107 14108 
f 14052 14053 14106 14107 
f 14053 14054 14105 14106 
f 14054 14055 14104 14105 
f 14055 14056 14103 14104 
s 4
f 13589 13835 13836 13588 
f 13590 13834 13835 13589 
f 13591 13833 13834 13590 
f 13592 13832 13833 13591 
f 13593 13831 13832 13592 
f 13621 13803 13804 13620 
f 13622 13802 13803 13621 
f 13623 13801 13802 13622 
f 13624 13800 13801 13623 
f 13625 13799 13800 13624 
f 13653 13771 13772 13652 
f 13654 13770 13771 13653 
f 13655 13769 13770 13654 
f 13656 13768 13769 13655 
f 13657 13767 13768 13656 
f 13685 13739 13740 13684 
f 13686 13738 13739 13685 
f 13687 13737 13738 13686 
f 13688 13736 13737 13687 
f 13689 13735 13736 13688 
f 13910 13911 13880 13881 
f 13909 13910 13881 13882 
f 13908 13909 13882 13883 
f 13907 13908 13883 13884 
f 13906 13907 13884 13885 
f 13905 13906 13885 13886 
s 2
f 13942 13943 14216 14217 
f 13941 13942 14217 14218 
f 13940 13941 14218 14219 
f 13939 13940 14219 14220 
f 13938 13939 14220 14221 
f 13937 13938 14221 14222 
f 13974 13975 14184 14185 
f 13973 13974 14185 14186 
f 13972 13973 14186 14187 
f 13971 13972 14187 14188 
f 13970 13971 14188 14189 
f 13969 13970 14189 14190 
f 14006 14007 14152 14153 
f 14005 14006 14153 14154 
f 14004 14005 14154 14155 
f 14003 14004 14155 14156 
f 14002 14003 14156 14157 
f 14001 14002 14157 14158 
f 14038 14039 14120 14121 
f 14037 14038 14121 14122 
f 14036 14037 14122 14123 
f 14035 14036 14123 14124 
f 14034 14035 14124 14125 
f 14033 14034 14125 14126 
f 14070 14071 14088 14089 
f 14069 14070 14089 14090 
f 14068 14069 14090 14091 
f 14067 14068 14091 14092 
f 14066 14067 14092 14093 
f 14065 14066 14093 14094 
s 4
f 13576 13848 13849 13575 
f 13575 13849 13850 13574 
f 13574 13850 13851 13573 
f 13573 13851 13852 13572 
f 13572 13852 13853 13571 
f 13571 13853 13854 13570 
f 13608 13816 13817 13607 
f 13607 13817 13818 13606 
f 13606 13818 13819 13605 
f 13605 13819 13820 13604 
f 13604 13820 13821 13603 
f 13603 13821 13822 13602 
f 13640 13784 13785 13639 
f 13639 13785 13786 13638 
f 13638 13786 13787 13637 
f 13637 13787 13788 13636 
f 13636 13788 13789 13635 
f 13635 13789 13790 13634 
f 13672 13752 13753 13671 
f 13671 13753 13754 13670 
f 13670 13754 13755 13669 
f 13669 13755 13756 13668 
f 13668 13756 13757 13667 
f 13667 13757 13758 13666 
f 13704 13720 13721 13703 
f 13703 13721 13722 13702 
f 13702 13722 13723 13701 
f 13701 13723 13724 13700 
f 13700 13724 13725 13699 
f 13699 13725 13726 13698 
f 13902 13903 13888 13889 
f 13901 13902 13889 13890 
f 13900 13901 13890 13891 
f 13899 13900 13891 13892 
f 13898 13899 13892 13893 
f 13897 13898 13893 13894 
f 13896 13897 13894 13895 
s 2
f 13934 13935 14224 14225 
f 13933 13934 14225 14226 
f 13932 13933 14226 14227 
f 13931 13932 14227 14228 
f 13930 13931 14228 14229 
f 13929 13930 14229 14230 
f 13928 13929 14230 14231 
f 13966 13967 14192 14193 
f 13965 13966 14193 14194 
f 13964 13965 14194 14195 
f 13963 13964 14195 14196 
f 13962 13963 14196 14197 
f 13961 13962 14197 14198 
f 13960 13961 14198 14199 
f 13998 13999 14160 14161 
f 13997 13998 14161 14162 
f 13996 13997 14162 14163 
f 13995 13996 14163 14164 
f 13994 13995 14164 14165 
f 13993 13994 14165 14166 
f 13992 13993 14166 14167 
f 14030 14031 14128 14129 
f 14029 14030 14129 14130 
f 14028 14029 14130 14131 
f 14027 14028 14131 14132 
f 14026 14027 14132 14133 
f 14025 14026 14133 14134 
f 14024 14025 14134 14135 
f 14062 14063 14096 14097 
f 14061 14062 14097 14098 
f 14060 14061 14098 14099 
f 14059 14060 14099 14100 
f 14058 14059 14100 14101 
f 14057 14058 14101 14102 
f 14056 14057 14102 14103 
s 4
f 13600 13824 13825 13599 
f 13599 13825 13826 13598 
f 13598 13826 13827 13597 
f 13597 13827 13828 13596 
f 13596 13828 13829 13595 
f 13595 13829 13830 13594 
f 13594 13830 13831 13593 
f 13632 13792 13793 13631 
f 13631 13793 13794 13630 
f 13630 13794 13795 13629 
f 13629 13795 13796 13628 
f 13628 13796 13797 13627 
f 13627 13797 13798 13626 
f 13626 13798 13799 13625 
f 13664 13760 13761 13663 
f 13663 13761 13762 13662 
f 13662 13762 13763 13661 
f 13661 13763 13764 13660 
f 13660 13764 13765 13659 
f 13659 13765 13766 13658 
f 13658 13766 13767 13657 
f 13696 13728 13729 13695 
f 13695 13729 13730 13694 
f 13694 13730 13731 13693 
f 13693 13731 13732 13692 
f 13692 13732 13733 13691 
f 13691 13733 13734 13690 
f 13690 13734 13735 13689 
f 13568 13856 13857 13567 
f 13567 13857 13858 13566 
f 13566 13858 13859 13565 
f 13565 13859 13860 13564 
f 13564 13860 13861 13563 
f 13563 13861 13862 13562 
f 13562 13862 13863 13561 
f 13904 13905 13886 13887 
f 13903 13904 13887 13888 
s 2
f 13936 13937 14222 14223 
f 13935 13936 14223 14224 
f 13968 13969 14190 14191 
f 13967 13968 14191 14192 
f 14000 14001 14158 14159 
f 13999 14000 14159 14160 
f 14032 14033 14126 14127 
f 14031 14032 14127 14128 
f 14064 14065 14094 14095 
f 14063 14064 14095 14096 
s 4
f 13698 13726 13727 13697 
f 13697 13727 13728 13696 
f 13666 13758 13759 13665 
f 13665 13759 13760 13664 
f 13634 13790 13791 13633 
f 13633 13791 13792 13632 
f 13602 13822 13823 13601 
f 13601 13823 13824 13600 
f 13570 13854 13855 13569 
f 13569 13855 13856 13568 
f 13554 13555 13869 13870 
f 13920 13554 13870 13871 
f 13919 13920 13871 13872 
f 13918 13919 13872 13873 
f 13917 13918 13873 13874 
f 13916 13917 13874 13875 
f 13915 13916 13875 13876 
f 13914 13915 13876 13877 
f 13913 13914 13877 13878 
f 13912 13913 13878 13879 
f 13911 13912 13879 13880 
f 13555 13556 13868 13869 
s 2
f 13952 13953 14206 14207 
f 13951 13952 14207 14208 
f 13950 13951 14208 14209 
f 13949 13950 14209 14210 
f 13948 13949 14210 14211 
f 13947 13948 14211 14212 
f 13946 13947 14212 14213 
f 13945 13946 14213 14214 
f 13944 13945 14214 14215 
f 13984 13985 14174 14175 
f 13983 13984 14175 14176 
f 13982 13983 14176 14177 
f 13981 13982 14177 14178 
f 13980 13981 14178 14179 
f 13979 13980 14179 14180 
f 13978 13979 14180 14181 
f 13977 13978 14181 14182 
f 13976 13977 14182 14183 
f 14016 14017 14142 14143 
f 14015 14016 14143 14144 
f 14014 14015 14144 14145 
f 14013 14014 14145 14146 
f 14012 14013 14146 14147 
f 14011 14012 14147 14148 
f 14010 14011 14148 14149 
f 14009 14010 14149 14150 
f 14008 14009 14150 14151 
f 14048 14049 14110 14111 
f 14047 14048 14111 14112 
f 14046 14047 14112 14113 
f 14045 14046 14113 14114 
f 14044 14045 14114 14115 
f 14043 14044 14115 14116 
f 14042 14043 14116 14117 
f 14041 14042 14117 14118 
f 14040 14041 14118 14119 
s 4
f 13586 13838 13839 13585 
f 13585 13839 13840 13584 
f 13584 13840 13841 13583 
f 13583 13841 13842 13582 
f 13582 13842 13843 13581 
f 13581 13843 13844 13580 
f 13580 13844 13845 13579 
f 13579 13845 13846 13578 
f 13578 13846 13847 13577 
f 13618 13806 13807 13617 
f 13617 13807 13808 13616 
f 13616 13808 13809 13615 
f 13615 13809 13810 13614 
f 13614 13810 13811 13613 
f 13613 13811 13812 13612 
f 13612 13812 13813 13611 
f 13611 13813 13814 13610 
f 13610 13814 13815 13609 
f 13650 13774 13775 13649 
f 13649 13775 13776 13648 
f 13648 13776 13777 13647 
f 13647 13777 13778 13646 
f 13646 13778 13779 13645 
f 13645 13779 13780 13644 
f 13644 13780 13781 13643 
f 13643 13781 13782 13642 
f 13642 13782 13783 13641 
f 13682 13742 13743 13681 
f 13681 13743 13744 13680 
f 13680 13744 13745 13679 
f 13679 13745 13746 13678 
f 13678 13746 13747 13677 
f 13677 13747 13748 13676 
f 13676 13748 13749 13675 
f 13675 13749 13750 13674 
f 13674 13750 13751 13673 
s 2
f 13944 14215 14216 13943 
s 4
f 13577 13847 13848 13576 
s 2
f 13976 14183 14184 13975 
s 4
f 13609 13815 13816 13608 
s 2
f 14008 14151 14152 14007 
s 4
f 13641 13783 13784 13640 
s 2
f 14040 14119 14120 14039 
s 4
f 13673 13751 13752 13672 
s 2
f 13953 13954 14205 14206 
f 13954 13955 14204 14205 
f 13985 13986 14173 14174 
f 13986 13987 14172 14173 
f 14017 14018 14141 14142 
f 14018 14019 14140 14141 
f 14049 14050 14109 14110 
f 14050 14051 14108 14109 
s 4
f 13619 13805 13806 13618 
f 13620 13804 13805 13619 
f 13651 13773 13774 13650 
f 13652 13772 13773 13651 
f 13683 13741 13742 13682 
f 13684 13740 13741 13683 
f 13587 13837 13838 13586 
f 13588 13836 13837 13587 
s 2
f 14087 14088 14071 14072 
f 14087 14072 14073 14086 
f 14086 14073 14074 14085 
f 14085 14074 14075 14084 
f 14084 14075 14076 14083 
f 14083 14076 14077 14082 
f 14082 14077 14078 14081 
f 14081 14078 14079 14080 
s 4
f 13719 13720 13704 13705 
f 13719 13705 13706 13718 
f 13718 13706 13707 13717 
f 13717 13707 13708 13716 
f 13716 13708 13709 13715 
f 13715 13709 13710 13714 
f 13714 13710 13711 13713 
f 13713 13711 13712 14327 
s 1
f 14411 14323 14416 14418 
f 14323 14411 14420 14332 
f 14332 14420 14421 14335 
f 14335 14421 14422 14338 
f 14338 14422 14423 14341 
f 14341 14423 14424 14344 
f 14344 14424 14425 14347 
f 14347 14425 14426 14350 
f 14350 14426 14427 14353 
f 14353 14427 14428 14356 
f 14356 14428 14429 14359 
f 14359 14429 14430 14362 
f 14362 14430 14431 14365 
f 14365 14431 14432 14368 
f 14368 14432 14433 14371 
f 14371 14433 14434 14374 
f 14374 14434 14435 14377 
f 14377 14435 14436 14380 
f 14380 14436 14437 14383 
f 14383 14437 14438 14386 
f 14386 14438 14439 14389 
f 14389 14439 14440 
f 14441 12818 12817 14396 
f 14396 12817 13069 14399 
f 14397 14399 13076 
f 13076 13070 13071 13077 
f 13077 13071 13072 13078 
f 13078 13072 13073 13079 
f 13079 13073 13074 13080 
f 13080 13074 13075 
s 8
f 14326 14408 14409 14414 
f 13081 12736 12737 12703 
s 2
f 14231 14232 13927 13928 
s 1
f 13550 13551 12700 13549 
f 13549 12700 12702 13548 
f 13548 12702 13514 13515 
s 2
f 13075 14328 14329 14400 
f 14329 14322 13243 13244 
f 14322 14331 13245 13243 
f 14331 14334 13246 13245 
f 14334 14337 13247 13246 
f 14337 14340 13248 13247 
f 14340 14343 13249 13248 
f 14343 14346 13250 13249 
f 14346 14349 13251 13250 
f 14349 14352 13252 13251 
f 14352 14355 13253 13252 
f 14355 14358 13254 13253 
f 14358 14361 13255 13254 
f 14361 14364 13256 13255 
f 14364 14367 13257 13256 
f 14367 14370 13258 13257 
f 14370 14373 13259 13258 
f 14373 14376 13260 13259 
f 14376 14379 13261 13260 
f 14379 14382 13262 13261 
f 14382 14385 13263 13262 
f 14385 14388 13264 13263 
f 14388 14391 13265 13264 
f 14391 14393 13266 13265 
f 14393 14395 13267 13266 
f 14395 14398 13268 13267 
f 14398 14401 13269 13268 
f 13076 13077 14402 14401 
f 13077 13078 14403 14402 
f 13078 13079 14404 14403 
f 13079 13080 14405 14404 
f 13080 13075 14400 14405 
f 13082 13084 13116 13114 
f 13084 13083 13115 13116 
f 13083 13085 13117 13115 
f 13085 13086 13118 13117 
f 13086 13087 13119 13118 
f 13087 13088 13120 13119 
f 13088 13089 13121 13120 
f 13089 13090 13122 13121 
f 13090 13091 13123 13122 
f 13091 13092 13124 13123 
f 13092 13093 13125 13124 
f 13093 13094 13126 13125 
f 13094 13095 13127 13126 
f 13095 13096 13128 13127 
f 13096 13097 13129 13128 
f 13097 13098 13130 13129 
f 13098 13099 13131 13130 
f 13099 13100 13132 13131 
f 13100 13101 13133 13132 
f 13101 13102 13134 13133 
f 13102 13103 13135 13134 
f 13103 13104 13136 13135 
f 13104 13105 13137 13136 
f 13105 13106 13138 13137 
f 13106 13107 13139 13138 
f 13107 13108 13140 13139 
f 13108 13109 13141 13140 
f 13109 13110 13142 13141 
f 13110 13111 13143 13142 
f 13111 13112 13144 13143 
f 13112 13113 13145 13144 
f 13113 13082 13114 13145 
f 13148 13212 13210 13146 
f 13147 13211 13212 13148 
f 13149 13213 13211 13147 
f 13150 13214 13213 13149 
f 13151 13215 13214 13150 
f 13152 13216 13215 13151 
f 13153 13217 13216 13152 
f 13154 13218 13217 13153 
f 13155 13219 13218 13154 
f 13156 13220 13219 13155 
f 13157 13221 13220 13156 
f 13158 13222 13221 13157 
f 13159 13223 13222 13158 
f 13160 13224 13223 13159 
f 13161 13225 13224 13160 
f 13162 13226 13225 13161 
f 13163 13227 13226 13162 
f 13164 13228 13227 13163 
f 13165 13229 13228 13164 
f 13166 13230 13229 13165 
f 13167 13231 13230 13166 
f 13168 13232 13231 13167 
f 13169 13233 13232 13168 
f 13170 13234 13233 13169 
f 13171 13235 13234 13170 
f 13172 13236 13235 13171 
f 13173 13237 13236 13172 
f 13174 13238 13237 13173 
f 13175 13239 13238 13174 
f 13176 13240 13239 13175 
f 13177 13241 13240 13176 
f 13146 13210 13241 13177 
f 13180 13084 13082 13178 
f 13179 13083 13084 13180 
f 13181 13085 13083 13179 
f 13182 13086 13085 13181 
f 13183 13087 13086 13182 
f 13184 13088 13087 13183 
f 13185 13089 13088 13184 
f 13186 13090 13089 13185 
f 13187 13091 13090 13186 
f 13188 13092 13091 13187 
f 13189 13093 13092 13188 
f 13190 13094 13093 13189 
f 13191 13095 13094 13190 
f 13192 13096 13095 13191 
f 13193 13097 13096 13192 
f 13194 13098 13097 13193 
f 13195 13099 13098 13194 
f 13196 13100 13099 13195 
f 13197 13101 13100 13196 
f 13198 13102 13101 13197 
f 13199 13103 13102 13198 
f 13200 13104 13103 13199 
f 13201 13105 13104 13200 
f 13202 13106 13105 13201 
f 13203 13107 13106 13202 
f 13204 13108 13107 13203 
f 13205 13109 13108 13204 
f 13206 13110 13109 13205 
f 13207 13111 13110 13206 
f 13208 13112 13111 13207 
f 13209 13113 13112 13208 
f 13178 13082 13113 13209 
f 13212 13180 13178 13210 
f 13211 13179 13180 13212 
f 13213 13181 13179 13211 
f 13214 13182 13181 13213 
f 13215 13183 13182 13214 
f 13216 13184 13183 13215 
f 13217 13185 13184 13216 
f 13218 13186 13185 13217 
f 13219 13187 13186 13218 
f 13220 13188 13187 13219 
f 13221 13189 13188 13220 
f 13223 13191 13190 13222 
f 13224 13192 13191 13223 
f 13225 13193 13192 13224 
f 13226 13194 13193 13225 
f 13227 13195 13194 13226 
f 13228 13196 13195 13227 
f 13229 13197 13196 13228 
f 13230 13198 13197 13229 
f 13231 13199 13198 13230 
f 13232 13200 13199 13231 
f 13233 13201 13200 13232 
f 13234 13202 13201 13233 
f 13235 13203 13202 13234 
f 13236 13204 13203 13235 
f 13237 13205 13204 13236 
f 13238 13206 13205 13237 
f 13239 13207 13206 13238 
f 13240 13208 13207 13239 
f 13241 13209 13208 13240 
f 13210 13178 13209 13241 
f 13244 13148 13146 13242 
f 13243 13147 13148 13244 
f 13245 13149 13147 13243 
f 13246 13150 13149 13245 
f 13247 13151 13150 13246 
f 13248 13152 13151 13247 
f 13249 13153 13152 13248 
f 13250 13154 13153 13249 
f 13251 13155 13154 13250 
f 13252 13156 13155 13251 
f 13253 13157 13156 13252 
f 13254 13158 13157 13253 
f 13255 13159 13158 13254 
f 13256 13160 13159 13255 
f 13257 13161 13160 13256 
f 13258 13162 13161 13257 
f 13259 13163 13162 13258 
f 13260 13164 13163 13259 
f 13261 13165 13164 13260 
f 13262 13166 13165 13261 
f 13263 13167 13166 13262 
f 13264 13168 13167 13263 
f 13265 13169 13168 13264 
f 13266 13170 13169 13265 
f 13267 13171 13170 13266 
f 13268 13172 13171 13267 
f 13269 13173 13172 13268 
f 13270 13174 13173 13269 
f 13271 13175 13174 13270 
f 13272 13176 13175 13271 
f 13273 13177 13176 13272 
f 13242 13146 13177 13273 
s 1
f 13370 13371 13402 13403 
f 13371 13372 13425 13402 
f 13372 13373 13425 
f 13373 13374 13424 13425 
f 13374 13375 13423 13424 
f 13375 13376 13423 
f 13376 13377 13422 13423 
f 13377 13378 13421 13422 
f 13378 13379 13420 13421 
f 13379 13380 13419 13420 
f 13380 13381 13419 
f 13381 13382 13418 13419 
f 13382 13383 13417 13418 
f 13383 13384 13417 
f 13384 13385 13416 13417 
f 13385 13386 13415 13416 
f 13386 13387 13414 13415 
f 13387 13388 13413 13414 
f 13388 13389 13413 
f 13389 13390 13412 13413 
f 13390 13391 13411 13412 
f 13391 13392 13410 13411 
f 13392 13393 13409 13410 
f 13393 13394 13409 
f 13394 13395 13408 13409 
f 13395 13396 13407 13408 
f 13396 13397 13407 
f 13397 13398 13406 13407 
f 13398 13399 13405 13406 
f 13399 13400 13405 
f 13400 13401 13404 13405 
f 13401 13370 13403 13404 
s off
f 13332 13346 13347 13331 
f 13333 13369 13346 13332 
f 13368 13334 13335 13367 
f 13333 13334 13368 13369 
f 13336 13366 13367 13335 
f 13337 13365 13366 13336 
f 13364 13338 13339 13363 
f 13338 13364 13365 13337 
f 13340 13362 13363 13339 
f 13328 13350 13351 13327 
f 13326 13352 13353 13325 
f 13352 13326 13327 13351 
f 13324 13354 13355 13323 
f 13322 13356 13357 13345 
f 13355 13356 13322 13323 
f 13345 13357 13358 13344 
f 13344 13358 13359 13343 
f 13343 13359 13360 13342 
f 13341 13342 13360 13361 
f 13331 13347 13348 13330 
f 13329 13330 13348 13349 
f 13328 13329 13349 13350 
f 13340 13341 13361 13362 
f 13354 13324 13325 13353 
f 13274 13275 13323 13322 
f 13275 13309 13324 13323 
f 13309 13276 13325 13324 
f 13276 13277 13326 13325 
f 13277 13278 13327 13326 
f 13278 13318 13328 13327 
f 13318 13279 13329 13328 
f 13279 13280 13330 13329 
f 13280 13281 13331 13330 
f 13281 13295 13332 13331 
f 13295 13282 13333 13332 
f 13282 13283 13334 13333 
f 13283 13284 13335 13334 
f 13284 13285 13336 13335 
f 13285 13286 13337 13336 
f 13286 13287 13338 13337 
f 13287 13288 13339 13338 
f 13288 13289 13340 13339 
f 13289 13290 13341 13340 
f 13290 13291 13342 13341 
f 13291 13292 13343 13342 
f 13292 13293 13344 13343 
f 13293 13294 13345 13344 
f 13294 13274 13322 13345 
f 13296 13321 13347 13346 
f 13321 13319 13348 13347 
f 13319 13320 13349 13348 
f 13320 13305 13350 13349 
f 13305 13307 13351 13350 
f 13307 13308 13352 13351 
f 13308 13306 13353 13352 
f 13306 13310 13354 13353 
f 13310 13312 13355 13354 
f 13312 13313 13356 13355 
f 13313 13311 13357 13356 
f 13311 13314 13358 13357 
f 13314 13315 13359 13358 
f 13315 13316 13360 13359 
f 13316 13317 13361 13360 
f 13317 13304 13362 13361 
f 13304 13301 13363 13362 
f 13301 13303 13364 13363 
f 13303 13302 13365 13364 
f 13302 13300 13366 13365 
f 13300 13299 13367 13366 
f 13299 13297 13368 13367 
f 13297 13298 13369 13368 
f 13298 13296 13346 13369 
s 1
f 12638 12639 13371 13370 
f 12639 12640 13372 13371 
f 12640 12641 13373 13372 
f 12641 12642 13374 13373 
f 12642 12643 13375 13374 
f 12643 12644 13376 13375 
f 12644 12645 13377 13376 
f 12645 12646 13378 13377 
f 12646 12647 13379 13378 
f 12647 12648 13380 13379 
f 12648 12649 13381 13380 
f 12649 12650 13382 13381 
f 12650 12651 13383 13382 
f 12651 12652 13384 13383 
f 12652 12653 13385 13384 
f 12653 12654 13386 13385 
f 12654 12655 13387 13386 
f 12655 12656 13388 13387 
f 12656 12657 13389 13388 
f 12657 12658 13390 13389 
f 12658 12659 13391 13390 
f 12659 12660 13392 13391 
f 12660 12661 13393 13392 
f 12661 12662 13394 13393 
f 12662 12663 13395 13394 
f 12663 12664 13396 13395 
f 12664 12665 13397 13396 
f 12665 12666 13398 13397 
f 12666 12667 13399 13398 
f 12667 12668 13400 13399 
f 12668 12669 13401 13400 
f 12669 12638 13370 13401 
f 13275 13274 13403 13402 
f 13274 13294 13404 13403 
f 13294 13293 13405 13404 
f 13293 13292 13406 13405 
f 13292 13291 13407 13406 
f 13291 13290 13408 13407 
f 13290 13289 13409 13408 
f 13289 13288 13410 13409 
f 13288 13287 13411 13410 
f 13287 13286 13412 13411 
f 13286 13285 13413 13412 
f 13285 13284 13414 13413 
f 13284 13283 13415 13414 
f 13283 13282 13416 13415 
f 13282 13295 13417 13416 
f 13295 13281 13418 13417 
f 13281 13280 13419 13418 
f 13280 13279 13420 13419 
f 13279 13318 13421 13420 
f 13318 13278 13422 13421 
f 13278 13277 13423 13422 
f 13277 13276 13424 13423 
f 13276 13309 13425 13424 
f 13309 13275 13402 13425 
f 12606 12607 13427 13426 
f 12607 12608 13428 13427 
f 12608 12609 13429 13428 
f 12609 12610 13430 13429 
f 12610 12611 13431 13430 
f 12611 12612 13432 13431 
f 12612 12613 13433 13432 
f 12613 12614 13434 13433 
f 12614 12615 13435 13434 
f 12615 12616 13436 13435 
f 12616 12617 13437 13436 
f 12617 12618 13438 13437 
f 12618 12619 13439 13438 
f 12619 12620 13440 13439 
f 12620 12621 13441 13440 
f 12621 12622 13442 13441 
f 12622 12623 13443 13442 
f 12623 12624 13444 13443 
f 12624 12625 13445 13444 
f 12625 12626 13446 13445 
f 12626 12627 13447 13446 
f 12627 12628 13448 13447 
f 12628 12629 13449 13448 
f 12629 12630 13450 13449 
f 12630 12631 13451 13450 
f 12631 12632 13452 13451 
f 12632 12633 13453 13452 
f 12633 12634 13454 13453 
f 12634 12635 13455 13454 
f 12635 12636 13456 13455 
f 12636 12637 13457 13456 
f 12637 12606 13426 13457 
f 12639 12638 13459 13458 
f 12638 12669 13460 13459 
f 12669 12668 13461 13460 
f 12668 12667 13462 13461 
f 12667 12666 13463 13462 
f 12666 12665 13464 13463 
f 12665 12664 13465 13464 
f 12664 12663 13466 13465 
f 12663 12662 13467 13466 
f 12662 12661 13468 13467 
f 12661 12660 13469 13468 
f 12660 12659 13470 13469 
f 12659 12658 13471 13470 
f 12658 12657 13472 13471 
f 12657 12656 13473 13472 
f 12656 12655 13474 13473 
f 12655 12654 13475 13474 
f 12654 12653 13476 13475 
f 12653 12652 13477 13476 
f 12652 12651 13478 13477 
f 12651 12650 13479 13478 
f 12650 12649 13480 13479 
f 12649 12648 13481 13480 
f 12648 12647 13482 13481 
f 12647 12646 13483 13482 
f 12646 12645 13484 13483 
f 12645 12644 13485 13484 
f 12644 12643 13486 13485 
f 12643 12642 13487 13486 
f 12642 12641 13488 13487 
f 12641 12640 13489 13488 
f 12640 12639 13458 13489 
f 12607 12606 13491 13490 
f 12606 12637 13492 13491 
f 12637 12636 13493 13492 
f 12636 12635 13494 13493 
f 12635 12634 13495 13494 
f 12634 12633 13496 13495 
f 12633 12632 13497 13496 
f 12632 12631 13498 13497 
f 12631 12630 13499 13498 
f 12630 12629 13500 13499 
f 12629 12628 13501 13500 
f 12628 12627 13502 13501 
f 12627 12626 13503 13502 
f 12626 12625 13504 13503 
f 12625 12624 13505 13504 
f 12624 12623 13506 13505 
f 12623 12622 13507 13506 
f 12622 12621 13508 13507 
f 12621 12620 13509 13508 
f 12620 12619 13510 13509 
f 12619 12618 13511 13510 
f 12618 12617 13512 13511 
f 12617 12616 13513 13512 
f 12616 12615 13514 13513 
f 12615 12614 13515 13514 
f 12614 12613 13516 13515 
f 12613 12612 13517 13516 
f 12612 12611 13518 13517 
f 12611 12610 13519 13518 
f 12610 12609 13520 13519 
f 12609 12608 13521 13520 
f 12608 12607 13490 13521 
f 12670 12671 13523 13522 
f 12671 12672 13524 13523 
f 12672 12673 13525 13524 
f 12673 12674 13526 13525 
f 12674 12675 13527 13526 
f 12675 12676 13528 13527 
f 12676 12677 13529 13528 
f 12677 12678 13530 13529 
f 12678 12679 13531 13530 
f 12679 12680 13532 13531 
f 12680 12681 13533 13532 
f 12681 12682 13534 13533 
f 12682 12683 13535 13534 
f 12683 12684 13536 13535 
f 12684 12685 13537 13536 
f 12685 12686 13538 13537 
f 12686 12687 13539 13538 
f 12687 12688 13540 13539 
f 12688 12689 13541 13540 
f 12689 12690 13542 13541 
f 12690 12691 13543 13542 
f 12691 12692 13544 13543 
f 12692 12693 13545 13544 
f 12693 12694 13546 13545 
f 12694 12695 13547 13546 
f 12695 13081 13548 13547 
f 13081 12703 13549 13548 
f 12703 12737 13550 13549 
f 12737 12738 13551 13550 
f 12738 12739 13552 13551 
f 12739 12740 13553 13552 
f 12740 12741 12697 13553 
f 12741 12742 12696 12697 
f 12742 12670 13522 12696 
s 4
f 12705 12704 13555 13554 
f 12704 12730 13556 13555 
f 12730 12731 13557 13556 
f 12731 12732 13558 13557 
f 12732 12733 13559 13558 
f 12733 12734 13560 13559 
f 12734 12735 13561 13560 
f 12735 12923 13562 13561 
f 12923 12922 13563 13562 
f 12922 12921 13564 13563 
f 12921 12920 13565 13564 
f 12920 12919 13566 13565 
f 12919 12918 13567 13566 
f 12918 12952 13568 13567 
f 12952 12951 13569 13568 
f 12951 12829 13570 13569 
f 12829 12828 13571 13570 
f 12828 12827 13572 13571 
f 12827 12826 13573 13572 
f 12826 12825 13574 13573 
f 12825 12824 13575 13574 
f 12824 12823 13576 13575 
f 12823 13010 13577 13576 
f 13010 13009 13578 13577 
f 13009 13008 13579 13578 
f 13008 13007 13580 13579 
f 13007 13006 13581 13580 
f 13006 13005 13582 13581 
f 13005 13004 13583 13582 
f 13004 13003 13584 13583 
f 13003 13002 13585 13584 
f 13002 13059 13586 13585 
f 13059 13058 13587 13586 
f 13058 13060 13588 13587 
f 13060 12767 13589 13588 
f 12767 12768 13590 13589 
f 12768 12769 13591 13590 
f 12769 12770 13592 13591 
f 12770 12771 13593 13592 
f 12771 12899 13594 13593 
f 12899 12898 13595 13594 
f 12898 12897 13596 13595 
f 12897 12896 13597 13596 
f 12896 12895 13598 13597 
f 12895 12894 13599 13598 
f 12894 12950 13600 13599 
f 12950 12949 13601 13600 
f 12949 12836 13602 13601 
f 12836 12835 13603 13602 
f 12835 12834 13604 13603 
f 12834 12833 13605 13604 
f 12833 12832 13606 13605 
f 12832 12831 13607 13606 
f 12831 12830 13608 13607 
f 12830 13019 13609 13608 
f 13019 13018 13610 13609 
f 13018 13017 13611 13610 
f 13017 13016 13612 13611 
f 13016 13015 13613 13612 
f 13015 13014 13614 13613 
f 13014 13013 13615 13614 
f 13013 13012 13616 13615 
f 13012 13011 13617 13616 
f 13011 13053 13618 13617 
f 13053 13051 13619 13618 
f 13051 13052 13620 13619 
f 13052 12772 13621 13620 
f 12772 12773 13622 13621 
f 12773 12774 13623 13622 
f 12774 12775 13624 13623 
f 12775 12776 13625 13624 
f 12776 12905 13626 13625 
f 12905 12904 13627 13626 
f 12904 12903 13628 13627 
f 12903 12902 13629 13628 
f 12902 12901 13630 13629 
f 12901 12900 13631 13630 
f 12900 12948 13632 13631 
f 12948 12947 13633 13632 
f 12947 12843 13634 13633 
f 12843 12842 13635 13634 
f 12842 12841 13636 13635 
f 12841 12840 13637 13636 
f 12840 12839 13638 13637 
f 12839 12838 13639 13638 
f 12838 12837 13640 13639 
f 12837 13029 13641 13640 
f 13029 13028 13642 13641 
f 13028 13027 13643 13642 
f 13027 13026 13644 13643 
f 13026 13025 13645 13644 
f 13025 13024 13646 13645 
f 13024 13023 13647 13646 
f 13023 13022 13648 13647 
f 13022 13021 13649 13648 
f 13021 13020 13650 13649 
f 13020 13054 13651 13650 
f 13054 12777 13652 13651 
f 12777 12778 13653 13652 
f 12778 12779 13654 13653 
f 12779 12780 13655 13654 
f 12780 12781 13656 13655 
f 12781 12782 13657 13656 
f 12782 12911 13658 13657 
f 12911 12910 13659 13658 
f 12910 12909 13660 13659 
f 12909 12908 13661 13660 
f 12908 12907 13662 13661 
f 12907 12906 13663 13662 
f 12906 12946 13664 13663 
f 12946 12945 13665 13664 
f 12945 12944 13666 13665 
f 12944 12849 13667 13666 
f 12849 12848 13668 13667 
f 12848 12847 13669 13668 
f 12847 12846 13670 13669 
f 12846 12845 13671 13670 
f 12845 12844 13672 13671 
f 12844 13038 13673 13672 
f 13038 13037 13674 13673 
f 13037 13036 13675 13674 
f 13036 13035 13676 13675 
f 13035 13034 13677 13676 
f 13034 13033 13678 13677 
f 13033 13032 13679 13678 
f 13032 13031 13680 13679 
f 13031 13030 13681 13680 
f 13030 13057 13682 13681 
f 13057 13055 13683 13682 
f 13055 13056 13684 13683 
f 13056 12783 13685 13684 
f 12783 12784 13686 13685 
f 12784 12785 13687 13686 
f 12785 12786 13688 13687 
f 12786 12787 13689 13688 
f 12787 12917 13690 13689 
f 12917 12916 13691 13690 
f 12916 12915 13692 13691 
f 12915 12914 13693 13692 
f 12914 12913 13694 13693 
f 12913 12912 13695 13694 
f 12912 12943 13696 13695 
f 12943 12942 13697 13696 
f 12942 12856 13698 13697 
f 12856 12855 13699 13698 
f 12855 12854 13700 13699 
f 12854 12853 13701 13700 
f 12853 12852 13702 13701 
f 12852 12851 13703 13702 
f 12851 12850 13704 13703 
f 12850 13061 13705 13704 
f 13061 13062 13706 13705 
f 13062 13063 13707 13706 
f 13063 13064 13708 13707 
f 13064 13065 13709 13708 
f 13065 13066 13710 13709 
f 13066 13067 13711 13710 
f 13067 14406 13712 13711 
f 14408 14326 14327 13712 
f 14327 14328 13075 13713 
f 13075 13074 13714 13713 
f 13074 13073 13715 13714 
f 13073 13072 13716 13715 
f 13072 13071 13717 13716 
f 13071 13070 13718 13717 
f 13070 13069 13719 13718 
f 13069 12817 13720 13719 
f 12817 12818 13721 13720 
f 12818 12819 13722 13721 
f 12819 12820 13723 13722 
f 12820 12821 13724 13723 
f 12821 12822 13725 13724 
f 12822 12939 13726 13725 
f 12939 12940 13727 13726 
f 12940 12941 13728 13727 
f 12941 12887 13729 13728 
f 12887 12888 13730 13729 
f 12888 12889 13731 13730 
f 12889 12890 13732 13731 
f 12890 12891 13733 13732 
f 12891 12892 13734 13733 
f 12892 12893 13735 13734 
f 12893 12766 13736 13735 
f 12766 12765 13737 13736 
f 12765 12764 13738 13737 
f 12764 12763 13739 13738 
f 12763 13049 13740 13739 
f 13049 13048 13741 13740 
f 13048 13050 13742 13741 
f 13050 12993 13743 13742 
f 12993 14415 13744 13743 
f 12994 14419 13744 
f 12995 12996 13746 13745 
f 12996 12997 13747 13746 
f 12997 12998 13748 13747 
f 12998 12999 13749 13748 
f 12999 13000 13750 13749 
f 13000 13001 13751 13750 
f 13001 12811 13752 13751 
f 12811 12812 13753 13752 
f 12812 12813 13754 13753 
f 12813 12814 13755 13754 
f 12814 12815 13756 13755 
f 12815 12816 13757 13756 
f 12816 12936 13758 13757 
f 12936 12937 13759 13758 
f 12937 12938 13760 13759 
f 12938 12881 13761 13760 
f 12881 12882 13762 13761 
f 12882 12883 13763 13762 
f 12883 12884 13764 13763 
f 12884 12885 13765 13764 
f 12885 12886 13766 13765 
f 12886 12762 13767 13766 
f 12762 12761 13768 13767 
f 12761 12760 13769 13768 
f 12760 12759 13770 13769 
f 12759 12758 13771 13770 
f 12758 13046 13772 13771 
f 13046 13045 13773 13772 
f 13045 13047 13774 13773 
f 13047 12984 13775 13774 
f 12984 12985 13776 13775 
f 12985 12986 13777 13776 
f 12986 12987 13778 13777 
f 12987 12988 13779 13778 
f 12988 12989 13780 13779 
f 12989 12990 13781 13780 
f 12990 12991 13782 13781 
f 12991 12992 13783 13782 
f 12992 12805 13784 13783 
f 12805 12806 13785 13784 
f 12806 12807 13786 13785 
f 12807 12808 13787 13786 
f 12808 12809 13788 13787 
f 12809 12810 13789 13788 
f 12810 12933 13790 13789 
f 12933 12934 13791 13790 
f 12934 12935 13792 13791 
f 12935 12875 13793 13792 
f 12875 12876 13794 13793 
f 12876 12877 13795 13794 
f 12877 12878 13796 13795 
f 12878 12879 13797 13796 
f 12879 12880 13798 13797 
f 12880 12757 13799 13798 
f 12757 12756 13800 13799 
f 12756 12755 13801 13800 
f 12755 12754 13802 13801 
f 12754 12753 13803 13802 
f 12753 13043 13804 13803 
f 13043 13042 13805 13804 
f 13042 13044 13806 13805 
f 13044 12975 13807 13806 
f 12975 12976 13808 13807 
f 12976 12977 13809 13808 
f 12977 12978 13810 13809 
f 12978 12979 13811 13810 
f 12979 12980 13812 13811 
f 12980 12981 13813 13812 
f 12981 12982 13814 13813 
f 12982 12983 13815 13814 
f 12983 12799 13816 13815 
f 12799 12800 13817 13816 
f 12800 12801 13818 13817 
f 12801 12802 13819 13818 
f 12802 12803 13820 13819 
f 12803 12804 13821 13820 
f 12804 12930 13822 13821 
f 12930 12931 13823 13822 
f 12931 12932 13824 13823 
f 12932 12869 13825 13824 
f 12869 12870 13826 13825 
f 12870 12871 13827 13826 
f 12871 12872 13828 13827 
f 12872 12873 13829 13828 
f 12873 12874 13830 13829 
f 12874 12752 13831 13830 
f 12752 12751 13832 13831 
f 12751 12750 13833 13832 
f 12750 12749 13834 13833 
f 12749 12748 13835 13834 
f 12748 13040 13836 13835 
f 13040 13039 13837 13836 
f 13039 13041 13838 13837 
f 13041 12966 13839 13838 
f 12966 12967 13840 13839 
f 12967 12968 13841 13840 
f 12968 12969 13842 13841 
f 12969 12970 13843 13842 
f 12970 12971 13844 13843 
f 12971 12972 13845 13844 
f 12972 12973 13846 13845 
f 12973 12974 13847 13846 
f 12974 12793 13848 13847 
f 12793 12794 13849 13848 
f 12794 12795 13850 13849 
f 12795 12796 13851 13850 
f 12796 12797 13852 13851 
f 12797 12798 13853 13852 
f 12798 12927 13854 13853 
f 12927 12928 13855 13854 
f 12928 12929 13856 13855 
f 12929 12863 13857 13856 
f 12863 12864 13858 13857 
f 12864 12865 13859 13858 
f 12865 12866 13860 13859 
f 12866 12867 13861 13860 
f 12867 12868 13862 13861 
f 12868 12747 13863 13862 
f 12747 12746 13864 13863 
f 12746 12745 13865 13864 
f 12745 12744 13866 13865 
f 12744 12743 13867 13866 
f 12743 12965 13868 13867 
f 12965 12953 13869 13868 
f 12953 12954 13870 13869 
f 12954 12955 13871 13870 
f 12955 12956 13872 13871 
f 12956 12957 13873 13872 
f 12957 12958 13874 13873 
f 12958 12959 13875 13874 
f 12959 12960 13876 13875 
f 12960 12961 13877 13876 
f 12961 12962 13878 13877 
f 12962 12963 13879 13878 
f 12963 12964 13880 13879 
f 12964 12788 13881 13880 
f 12788 12789 13882 13881 
f 12789 12790 13883 13882 
f 12790 12791 13884 13883 
f 12791 12792 13885 13884 
f 12792 12924 13886 13885 
f 12924 12925 13887 13886 
f 12925 12926 13888 13887 
f 12926 12857 13889 13888 
f 12857 12858 13890 13889 
f 12858 12859 13891 13890 
f 12859 12860 13892 13891 
f 12860 12861 13893 13892 
f 12861 12862 13894 13893 
f 12862 12737 13895 13894 
f 12737 12736 13896 13895 
f 12736 12729 13897 13896 
f 12729 12728 13898 13897 
f 12728 12727 13899 13898 
f 12727 12726 13900 13899 
f 12726 12725 13901 13900 
f 12725 12724 13902 13901 
f 12724 12723 13903 13902 
f 12723 12722 13904 13903 
f 12722 12721 13905 13904 
f 12721 12720 13906 13905 
f 12720 12719 13907 13906 
f 12719 12718 13908 13907 
f 12718 12717 13909 13908 
f 12717 12716 13910 13909 
f 12716 12715 13911 13910 
f 12715 12714 13912 13911 
f 12714 12713 13913 13912 
f 12713 12712 13914 13913 
f 12712 12711 13915 13914 
f 12711 12710 13916 13915 
f 12710 12709 13917 13916 
f 12709 12708 13918 13917 
f 12708 12707 13919 13918 
f 12707 12706 13920 13919 
f 12706 12705 13554 13920 
s 2
f 12671 12670 13922 13921 
f 12670 12742 13923 13922 
f 12742 12741 13924 13923 
f 12741 12740 13925 13924 
f 12740 12739 13926 13925 
f 12739 12738 13927 13926 
f 12738 12737 13928 13927 
f 12737 12862 13929 13928 
f 12862 12861 13930 13929 
f 12861 12860 13931 13930 
f 12860 12859 13932 13931 
f 12859 12858 13933 13932 
f 12858 12857 13934 13933 
f 12857 12926 13935 13934 
f 12926 12925 13936 13935 
f 12925 12924 13937 13936 
f 12924 12792 13938 13937 
f 12792 12791 13939 13938 
f 12791 12790 13940 13939 
f 12790 12789 13941 13940 
f 12789 12788 13942 13941 
f 12788 12964 13943 13942 
f 12964 12963 13944 13943 
f 12963 12962 13945 13944 
f 12962 12961 13946 13945 
f 12961 12960 13947 13946 
f 12960 12959 13948 13947 
f 12959 12958 13949 13948 
f 12958 12957 13950 13949 
f 12957 12956 13951 13950 
f 12956 12955 13952 13951 
f 12955 12954 13953 13952 
f 12954 12953 13954 13953 
f 12953 12965 13955 13954 
f 12965 12743 13956 13955 
f 12743 12744 13957 13956 
f 12744 12745 13958 13957 
f 12745 12746 13959 13958 
f 12746 12747 13960 13959 
f 12747 12868 13961 13960 
f 12868 12867 13962 13961 
f 12867 12866 13963 13962 
f 12866 12865 13964 13963 
f 12865 12864 13965 13964 
f 12864 12863 13966 13965 
f 12863 12929 13967 13966 
f 12929 12928 13968 13967 
f 12928 12927 13969 13968 
f 12927 12798 13970 13969 
f 12798 12797 13971 13970 
f 12797 12796 13972 13971 
f 12796 12795 13973 13972 
f 12795 12794 13974 13973 
f 12794 12793 13975 13974 
f 12793 12974 13976 13975 
f 12974 12973 13977 13976 
f 12973 12972 13978 13977 
f 12972 12971 13979 13978 
f 12971 12970 13980 13979 
f 12970 12969 13981 13980 
f 12969 12968 13982 13981 
f 12968 12967 13983 13982 
f 12967 12966 13984 13983 
f 12966 13041 13985 13984 
f 13041 13039 13986 13985 
f 13039 13040 13987 13986 
f 13040 12748 13988 13987 
f 12748 12749 13989 13988 
f 12749 12750 13990 13989 
f 12750 12751 13991 13990 
f 12751 12752 13992 13991 
f 12752 12874 13993 13992 
f 12874 12873 13994 13993 
f 12873 12872 13995 13994 
f 12872 12871 13996 13995 
f 12871 12870 13997 13996 
f 12870 12869 13998 13997 
f 12869 12932 13999 13998 
f 12932 12931 14000 13999 
f 12931 12930 14001 14000 
f 12930 12804 14002 14001 
f 12804 12803 14003 14002 
f 12803 12802 14004 14003 
f 12802 12801 14005 14004 
f 12801 12800 14006 14005 
f 12800 12799 14007 14006 
f 12799 12983 14008 14007 
f 12983 12982 14009 14008 
f 12982 12981 14010 14009 
f 12981 12980 14011 14010 
f 12980 12979 14012 14011 
f 12979 12978 14013 14012 
f 12978 12977 14014 14013 
f 12977 12976 14015 14014 
f 12976 12975 14016 14015 
f 12975 13044 14017 14016 
f 13044 13042 14018 14017 
f 13042 13043 14019 14018 
f 13043 12753 14020 14019 
f 12753 12754 14021 14020 
f 12754 12755 14022 14021 
f 12755 12756 14023 14022 
f 12756 12757 14024 14023 
f 12757 12880 14025 14024 
f 12880 12879 14026 14025 
f 12879 12878 14027 14026 
f 12878 12877 14028 14027 
f 12877 12876 14029 14028 
f 12876 12875 14030 14029 
f 12875 12935 14031 14030 
f 12935 12934 14032 14031 
f 12934 12933 14033 14032 
f 12933 12810 14034 14033 
f 12810 12809 14035 14034 
f 12809 12808 14036 14035 
f 12808 12807 14037 14036 
f 12807 12806 14038 14037 
f 12806 12805 14039 14038 
f 12805 12992 14040 14039 
f 12992 12991 14041 14040 
f 12991 12990 14042 14041 
f 12990 12989 14043 14042 
f 12989 12988 14044 14043 
f 12988 12987 14045 14044 
f 12987 12986 14046 14045 
f 12986 12985 14047 14046 
f 12985 12984 14048 14047 
f 12984 13047 14049 14048 
f 13047 13045 14050 14049 
f 13045 13046 14051 14050 
f 13046 12758 14052 14051 
f 12758 12759 14053 14052 
f 12759 12760 14054 14053 
f 12760 12761 14055 14054 
f 12761 12762 14056 14055 
f 12762 12886 14057 14056 
f 12886 12885 14058 14057 
f 12885 12884 14059 14058 
f 12884 12883 14060 14059 
f 12883 12882 14061 14060 
f 12882 12881 14062 14061 
f 12881 12938 14063 14062 
f 12938 12937 14064 14063 
f 12937 12936 14065 14064 
f 12936 12816 14066 14065 
f 12816 12815 14067 14066 
f 12815 12814 14068 14067 
f 12814 12813 14069 14068 
f 12813 12812 14070 14069 
f 12812 12811 14071 14070 
f 12811 13001 14072 14071 
f 13001 13000 14073 14072 
f 13000 12999 14074 14073 
f 12999 12998 14075 14074 
f 12998 12997 14076 14075 
f 12997 12996 14077 14076 
f 12996 12995 14078 14077 
f 12995 14419 14079 14078 
f 14407 13068 14406 14080 
f 14406 13067 14081 14080 
f 13067 13066 14082 14081 
f 13066 13065 14083 14082 
f 13065 13064 14084 14083 
f 13064 13063 14085 14084 
f 13063 13062 14086 14085 
f 13062 13061 14087 14086 
f 13061 12850 14088 14087 
f 12850 12851 14089 14088 
f 12851 12852 14090 14089 
f 12852 12853 14091 14090 
f 12853 12854 14092 14091 
f 12854 12855 14093 14092 
f 12855 12856 14094 14093 
f 12856 12942 14095 14094 
f 12942 12943 14096 14095 
f 12943 12912 14097 14096 
f 12912 12913 14098 14097 
f 12913 12914 14099 14098 
f 12914 12915 14100 14099 
f 12915 12916 14101 14100 
f 12916 12917 14102 14101 
f 12917 12787 14103 14102 
f 12787 12786 14104 14103 
f 12786 12785 14105 14104 
f 12785 12784 14106 14105 
f 12784 12783 14107 14106 
f 12783 13056 14108 14107 
f 13056 13055 14109 14108 
f 13055 13057 14110 14109 
f 13057 13030 14111 14110 
f 13030 13031 14112 14111 
f 13031 13032 14113 14112 
f 13032 13033 14114 14113 
f 13033 13034 14115 14114 
f 13034 13035 14116 14115 
f 13035 13036 14117 14116 
f 13036 13037 14118 14117 
f 13037 13038 14119 14118 
f 13038 12844 14120 14119 
f 12844 12845 14121 14120 
f 12845 12846 14122 14121 
f 12846 12847 14123 14122 
f 12847 12848 14124 14123 
f 12848 12849 14125 14124 
f 12849 12944 14126 14125 
f 12944 12945 14127 14126 
f 12945 12946 14128 14127 
f 12946 12906 14129 14128 
f 12906 12907 14130 14129 
f 12907 12908 14131 14130 
f 12908 12909 14132 14131 
f 12909 12910 14133 14132 
f 12910 12911 14134 14133 
f 12911 12782 14135 14134 
f 12782 12781 14136 14135 
f 12781 12780 14137 14136 
f 12780 12779 14138 14137 
f 12779 12778 14139 14138 
f 12778 12777 14140 14139 
f 12777 13054 14141 14140 
f 13054 13020 14142 14141 
f 13020 13021 14143 14142 
f 13021 13022 14144 14143 
f 13022 13023 14145 14144 
f 13023 13024 14146 14145 
f 13024 13025 14147 14146 
f 13025 13026 14148 14147 
f 13026 13027 14149 14148 
f 13027 13028 14150 14149 
f 13028 13029 14151 14150 
f 13029 12837 14152 14151 
f 12837 12838 14153 14152 
f 12838 12839 14154 14153 
f 12839 12840 14155 14154 
f 12840 12841 14156 14155 
f 12841 12842 14157 14156 
f 12842 12843 14158 14157 
f 12843 12947 14159 14158 
f 12947 12948 14160 14159 
f 12948 12900 14161 14160 
f 12900 12901 14162 14161 
f 12901 12902 14163 14162 
f 12902 12903 14164 14163 
f 12903 12904 14165 14164 
f 12904 12905 14166 14165 
f 12905 12776 14167 14166 
f 12776 12775 14168 14167 
f 12775 12774 14169 14168 
f 12774 12773 14170 14169 
f 12773 12772 14171 14170 
f 12772 13052 14172 14171 
f 13052 13051 14173 14172 
f 13051 13053 14174 14173 
f 13053 13011 14175 14174 
f 13011 13012 14176 14175 
f 13012 13013 14177 14176 
f 13013 13014 14178 14177 
f 13014 13015 14179 14178 
f 13015 13016 14180 14179 
f 13016 13017 14181 14180 
f 13017 13018 14182 14181 
f 13018 13019 14183 14182 
f 13019 12830 14184 14183 
f 12830 12831 14185 14184 
f 12831 12832 14186 14185 
f 12832 12833 14187 14186 
f 12833 12834 14188 14187 
f 12834 12835 14189 14188 
f 12835 12836 14190 14189 
f 12836 12949 14191 14190 
f 12949 12950 14192 14191 
f 12950 12894 14193 14192 
f 12894 12895 14194 14193 
f 12895 12896 14195 14194 
f 12896 12897 14196 14195 
f 12897 12898 14197 14196 
f 12898 12899 14198 14197 
f 12899 12771 14199 14198 
f 12771 12770 14200 14199 
f 12770 12769 14201 14200 
f 12769 12768 14202 14201 
f 12768 12767 14203 14202 
f 12767 13060 14204 14203 
f 13060 13058 14205 14204 
f 13058 13059 14206 14205 
f 13059 13002 14207 14206 
f 13002 13003 14208 14207 
f 13003 13004 14209 14208 
f 13004 13005 14210 14209 
f 13005 13006 14211 14210 
f 13006 13007 14212 14211 
f 13007 13008 14213 14212 
f 13008 13009 14214 14213 
f 13009 13010 14215 14214 
f 13010 12823 14216 14215 
f 12823 12824 14217 14216 
f 12824 12825 14218 14217 
f 12825 12826 14219 14218 
f 12826 12827 14220 14219 
f 12827 12828 14221 14220 
f 12828 12829 14222 14221 
f 12829 12951 14223 14222 
f 12951 12952 14224 14223 
f 12952 12918 14225 14224 
f 12918 12919 14226 14225 
f 12919 12920 14227 14226 
f 12920 12921 14228 14227 
f 12921 12922 14229 14228 
f 12922 12923 14230 14229 
f 12923 12735 14231 14230 
f 12735 12734 14232 14231 
f 12734 12733 14233 14232 
f 12733 12732 14234 14233 
f 12732 12731 14235 14234 
f 12731 12730 14236 14235 
f 12730 12704 14237 14236 
f 12704 12705 14238 14237 
f 12705 12706 14239 14238 
f 12706 12707 14240 14239 
f 12707 12708 14241 14240 
f 12708 12709 14242 14241 
f 12709 12710 14243 14242 
f 12710 12711 14244 14243 
f 12711 12712 14245 14244 
f 12712 12713 14246 14245 
f 12713 12714 14247 14246 
f 12714 12715 14248 14247 
f 12715 12716 14249 14248 
f 12716 12717 14250 14249 
f 12717 12718 14251 14250 
f 12718 12719 14252 14251 
f 12719 12720 14253 14252 
f 12720 12721 14254 14253 
f 12721 12722 14255 14254 
f 12722 12723 14256 14255 
f 12723 12724 14257 14256 
f 12724 12725 14258 14257 
f 12725 12726 14259 14258 
f 12726 12727 14260 14259 
f 12727 12728 14261 14260 
f 12728 12729 14262 14261 
f 12729 12736 14263 14262 
f 12736 13081 14264 14263 
f 13081 12695 14265 14264 
f 12695 12694 14266 14265 
f 12694 12693 14267 14266 
f 12693 12692 14268 14267 
f 12692 12691 14269 14268 
f 12691 12690 14270 14269 
f 12690 12689 14271 14270 
f 12689 12688 14272 14271 
f 12688 12687 14273 14272 
f 12687 12686 14274 14273 
f 12686 12685 14275 14274 
f 12685 12684 14276 14275 
f 12684 12683 14277 14276 
f 12683 12682 14278 14277 
f 12682 12681 14279 14278 
f 12681 12680 14280 14279 
f 12680 12679 14281 14280 
f 12679 12678 14282 14281 
f 12678 12677 14283 14282 
f 12677 12676 14284 14283 
f 12676 12675 14285 14284 
f 12675 12674 14286 14285 
f 12674 12673 14287 14286 
f 12673 12672 14288 14287 
f 12672 12671 13921 14288 
f 13222 13190 13189 13221 
s off
f 12414 12413 14290 14289 
f 12413 12444 14291 14290 
f 12444 12443 14292 14291 
f 12443 12442 14293 14292 
f 12442 12441 14294 14293 
f 12441 12440 14295 14294 
f 12440 12439 14296 14295 
f 12439 12438 14297 14296 
f 12438 12437 14298 14297 
f 12437 12436 14299 14298 
f 12436 12435 14300 14299 
f 12435 12434 14301 14300 
f 12434 12433 14302 14301 
f 12433 12432 14303 14302 
f 12432 12431 14304 14303 
f 12431 12430 14305 14304 
f 12430 12429 14306 14305 
f 12429 12428 14307 14306 
f 12428 12427 14308 14307 
f 12427 12426 14309 14308 
f 12426 12425 14310 14309 
f 12425 12424 14311 14310 
f 12424 12423 14312 14311 
f 12423 12422 14313 14312 
f 12422 12421 14314 14313 
f 12421 12420 14315 14314 
f 12420 12419 14316 14315 
f 12419 12418 14317 14316 
f 12418 12417 14318 14317 
f 12417 12416 14319 14318 
f 12416 12415 14320 14319 
f 12415 12414 14289 14320 
s 1
f 3890 3910 3911 
f 3888 3889 3913 3914 
f 3917 3918 3887 
f 3916 3917 3887 
s 2
f 14328 14324 14329 
s 4
f 14326 14324 14328 14327 
s 1
f 14325 14416 14417 14324 
f 14323 14332 14330 14321 
f 14332 14335 14333 14330 
f 14335 14338 14336 14333 
f 14338 14341 14339 14336 
f 14341 14344 14342 14339 
f 14344 14347 14345 14342 
f 14347 14350 14348 14345 
f 14350 14353 14351 14348 
f 14353 14356 14354 14351 
f 14356 14359 14357 14354 
f 14359 14362 14360 14357 
f 14362 14365 14363 14360 
f 14365 14368 14366 14363 
f 14368 14371 14369 14366 
f 14371 14374 14372 14369 
f 14374 14377 14375 14372 
f 14377 14380 14378 14375 
f 14380 14383 14381 14378 
f 14383 14386 14384 14381 
f 14386 14389 14387 14384 
f 14389 14440 14390 14387 
f 14440 14441 14392 14390 
f 14441 14396 14394 14392 
f 14396 14399 14397 14394 
s 2
f 14322 14329 14417 14321 
f 14331 14322 14321 14330 
f 14334 14331 14330 14333 
f 14337 14334 14333 14336 
f 14340 14337 14336 14339 
f 14343 14340 14339 14342 
f 14346 14343 14342 14345 
f 14349 14346 14345 14348 
f 14352 14349 14348 14351 
f 14355 14352 14351 14354 
f 14358 14355 14354 14357 
f 14361 14358 14357 14360 
f 14364 14361 14360 14363 
f 14367 14364 14363 14366 
f 14370 14367 14366 14369 
f 14373 14370 14369 14372 
f 14376 14373 14372 14375 
f 14379 14376 14375 14378 
f 14382 14379 14378 14381 
f 14385 14382 14381 14384 
f 14388 14385 14384 14387 
f 14391 14388 14387 14390 
f 14393 14391 14390 14392 
f 14395 14393 14392 14394 
f 14398 14395 14394 14397 
s 1
f 14399 13069 13070 13076 
s 2
f 14402 13270 13269 14401 
f 14403 13271 13270 14402 
f 14404 13272 13271 14403 
f 14405 13273 13272 14404 
f 14400 13242 13273 14405 
f 14329 13244 13242 14400 
s 4
f 14406 13068 14408 13712 
s 2
f 14080 14079 14412 14407 
s 8
f 14414 14409 14413 
f 14408 13068 14407 14409 
f 14409 14407 14412 14413 
s 1
f 14410 12994 14415 14418 
s 8
f 14412 12994 14410 14413 
f 14413 14410 14325 14414 
f 14414 14325 14324 14326 
s 1
f 14416 14325 14410 14418 
f 14416 14323 14321 14417 
f 14415 12993 14411 14418 
s 4
f 14415 12994 13744 
s 2
f 14419 12994 14412 14079 
s 4
f 14419 12995 13745 13744 
s 2
f 14329 14324 14417 
f 14398 14397 13076 14401 
s 1
f 14420 13050 13048 14421 
f 14421 13048 13049 14422 
f 14422 13049 12763 14423 
f 14423 12763 12764 14424 
f 14424 12764 12765 14425 
f 14425 12765 12766 14426 
f 14426 12766 12893 14427 
f 14427 12893 12892 14428 
f 14428 12892 12891 14429 
f 14429 12891 12890 14430 
f 14430 12890 12889 14431 
f 14431 12889 12888 14432 
f 14432 12888 12887 14433 
f 14433 12887 12941 14434 
f 14434 12941 12940 14435 
f 14435 12940 12939 14436 
f 14436 12939 12822 14437 
f 14437 12822 12821 14438 
f 14438 12821 12820 14439 
f 14439 12820 12819 14440 
f 14440 12819 12818 14441 
f 14411 12993 13050 14420 
# 13442 polygons - 1159 triangles

