# 3ds Max Wavefront OBJ Exporter v0.97b - (c)2007 guruware
# File Created: 27.04.2015 10:48:05

#
# object 454_x4v
#

v  -0.6024 -0.8375 -2.3007
v  -0.6030 -0.8417 -1.8813
v  -0.4896 -0.2038 -1.8539
v  -0.4776 -0.1196 -2.2608
v  -0.7554 -1.4495 -2.3159
v  -0.7539 -1.4430 -1.8338
v  -0.9481 -1.9792 -2.3312
v  -0.9481 -1.9793 -1.7218
v  -0.4337 0.2421 -1.7796
v  -0.4147 0.4436 -2.2152
v  -0.4054 0.5563 -1.6046
v  -0.3923 0.7841 -2.1255
v  -0.3898 0.8558 -1.4566
v  -0.3977 0.6710 -1.0841
v  -0.3884 0.8811 -0.6584
v  -0.3967 0.6910 -0.5401
v  -0.3873 0.8982 -0.0228
v  -0.3960 0.7040 -0.0188
v  -0.3958 0.7426 1.6444
v  -0.3878 0.9413 1.7402
v  -0.4000 0.6916 1.9541
v  -0.3907 0.8921 2.0663
v  -0.4124 0.5685 2.2005
v  -0.4033 0.7578 2.3516
v  -0.4238 0.5561 2.5624
v  -0.4345 0.3955 2.3673
v  -0.4666 0.2217 2.4767
v  -0.4485 0.3261 2.7067
v  -0.6036 -0.8458 -1.4617
v  -0.5017 -0.2880 -1.4469
v  -0.4666 -0.0353 -2.6677
v  -0.6018 -0.8333 -2.7200
v  -0.7520 -1.4367 -1.3518
v  -0.7568 -1.4560 -2.7981
v  -0.9482 -1.9795 -1.1123
v  -0.9481 -1.9793 -2.9406
v  -0.3983 0.6452 -2.6508
v  -0.4559 0.0410 -1.3440
v  -0.3832 1.0121 -2.6466
v  -0.4241 0.3290 -1.0836
v  -0.3823 1.0406 -1.8292
v  -0.4100 0.4864 -0.7116
v  -0.3818 1.0712 -0.7767
v  -0.4086 0.5010 -0.4218
v  -0.3815 1.0924 -0.0268
v  -0.4081 0.5101 -0.0148
v  -0.3815 1.1400 1.8360
v  -0.4086 0.5442 1.5486
v  -0.3828 1.0927 2.1785
v  -0.4134 0.4914 1.8419
v  -0.3853 0.9466 2.5025
v  -0.4193 0.3791 2.0494
v  -0.3894 0.7158 2.7566
v  -0.4241 0.2330 2.1722
v  -0.3902 0.4300 2.9334
v  -0.4449 0.1162 2.2442
v  -0.4167 0.2177 2.1493
v  -0.4000 0.2065 2.1336
v  -0.4169 0.0996 2.2095
v  -0.4341 0.1067 2.2238
v  -0.3996 0.3256 2.0176
v  -0.4162 0.3485 2.0301
v  -0.3909 0.4344 1.8273
v  -0.4090 0.4578 1.8327
v  -0.3817 0.4815 1.5491
v  -0.4029 0.5062 1.5483
v  -0.3814 0.4545 -0.0131
v  -0.4010 0.4766 -0.0139
v  -0.3796 0.4459 -0.4127
v  -0.4005 0.4675 -0.4170
v  -0.3835 0.4308 -0.7004
v  -0.4034 0.4529 -0.7046
v  -0.3995 0.2784 -1.0479
v  -0.4194 0.2989 -1.0618
v  -0.4329 0.0087 -1.2913
v  -0.4517 0.0226 -1.3121
v  -0.4745 -0.2977 -1.3938
v  -0.4940 -0.2928 -1.4150
v  -0.5781 -0.8486 -1.4077
v  -0.5967 -0.8455 -1.4292
v  -0.7259 -1.4324 -1.3002
v  -0.7437 -1.4317 -1.3215
v  -0.9389 -1.9784 -1.0826
v  -0.9172 -1.9783 -1.0623
v  -0.4565 -0.0331 -2.7015
v  -0.4343 -0.0331 -2.7221
v  -0.5709 -0.8293 -2.7753
v  -0.5925 -0.8294 -2.7541
v  -0.7270 -1.4487 -2.8549
v  -0.7490 -1.4487 -2.8340
v  -0.9143 -1.9784 -2.9954
v  -0.9383 -1.9783 -2.9742
v  -0.3638 0.6460 -2.7032
v  -0.3870 0.6462 -2.6837
v  -0.3502 1.0122 -2.7017
v  -0.3729 1.0127 -2.6809
v  -0.3507 1.0887 -1.8309
v  -0.3524 1.0650 -2.6488
v  -0.3739 1.0441 -2.6478
v  -0.3716 1.0700 -1.8302
v  -0.3526 1.1168 -0.7785
v  -0.3717 1.0987 -0.7778
v  -0.3528 1.1374 -0.0276
v  -0.3715 1.1194 -0.0273
v  -0.3551 1.1827 1.8363
v  -0.3722 1.1651 1.8363
v  -0.3566 1.1354 2.1941
v  -0.3739 1.1179 2.1874
v  -0.3598 0.9821 2.5225
v  -0.3760 0.9673 2.5144
v  -0.3621 0.7387 2.7879
v  -0.3791 0.7296 2.7751
v  -0.3788 0.4372 2.9481
v  -0.3635 0.4421 2.9592
v  -0.3692 1.0396 -2.6733
v  -0.3494 1.0573 -2.6772
v  -0.3503 1.0407 -2.6928
v  -0.3731 0.2003 2.1253
v  -0.1878 0.1802 2.1005
v  -0.2058 0.0772 2.1587
v  -0.3929 0.0955 2.2010
v  -0.3671 0.3120 2.0131
v  -0.1839 0.2978 2.0018
v  -0.3584 0.4212 1.8262
v  -0.1792 0.4161 1.8243
v  -0.3439 0.4708 1.5515
v  -0.1719 0.4708 1.5515
v  -0.3493 0.4438 -0.0126
v  -0.1746 0.4436 -0.0126
v  -0.3454 0.4366 -0.4089
v  -0.1727 0.4366 -0.4089
v  -0.3504 0.4198 -0.6992
v  -0.1752 0.4189 -0.6990
v  -0.3640 0.2675 -1.0422
v  -0.1820 0.2676 -1.0423
v  -0.3992 -0.0006 -1.2818
v  -0.1996 -0.0006 -1.2818
v  -0.4425 -0.3026 -1.3840
v  -0.2212 -0.3027 -1.3836
v  -0.5465 -0.8556 -1.3983
v  -0.2733 -0.8555 -1.3975
v  -0.6980 -1.4390 -1.2884
v  -0.3490 -1.4386 -1.2872
v  -0.8855 -1.9796 -1.0548
v  -0.4427 -1.9795 -1.0548
v  -0.3997 -0.0355 -2.7292
v  -0.1999 -0.0355 -2.7294
v  -0.2685 -0.8330 -2.7835
v  -0.5370 -0.8330 -2.7837
v  -0.3455 -1.4559 -2.8608
v  -0.6909 -1.4559 -2.8609
v  -0.4397 -1.9791 -3.0013
v  -0.8795 -1.9792 -3.0014
v  -0.3293 0.6449 -2.7102
v  -0.1647 0.6449 -2.7102
v  -0.3168 1.0121 -2.7089
v  -0.1584 1.0121 -2.7089
v  -0.3200 1.0967 -1.8313
v  -0.1601 1.1034 -1.8315
v  -0.1601 1.0742 -2.6487
v  -0.3203 1.0736 -2.6485
v  -0.3247 1.1256 -0.7791
v  -0.1627 1.1405 -0.7795
v  -0.3254 1.1465 -0.0277
v  -0.1650 1.1671 -0.0262
v  -0.3305 1.1928 1.8358
v  -0.1660 1.2182 1.8372
v  -0.3309 1.1454 2.1987
v  -0.1662 1.1684 2.2054
v  -0.3367 0.9916 2.5271
v  -0.1692 1.0131 2.5415
v  -0.3390 0.7437 2.7957
v  -0.1704 0.7598 2.8159
v  -0.3438 0.4444 2.9657
v  -0.1716 0.4568 2.9902
v  -0.3185 1.0436 -2.7000
v  -0.3197 1.0641 -2.6798
v  -0.1596 1.0641 -2.6797
v  -0.1590 1.0436 -2.7000
v  -0.0001 -0.0355 -2.7296
v  -0.0001 -0.8330 -2.7834
v  -0.0001 -1.4559 -2.8609
v  -0.0001 -1.9791 -3.0013
v  -0.0001 0.6449 -2.7102
v  -0.0001 1.0121 -2.7089
v  -0.0001 1.1072 -1.8316
v  -0.0001 1.0744 -2.6488
v  -0.0001 1.1463 -0.7796
v  -0.0001 1.1742 -0.0242
v  -0.0001 1.2267 1.8376
v  -0.0001 1.1772 2.2080
v  -0.0001 1.0208 2.5467
v  -0.0001 0.7656 2.8232
v  -0.0001 0.4601 2.9990
v  -0.0001 1.0436 -2.7000
v  -0.0001 1.0641 -2.6797
v  -0.0001 0.1721 2.0923
v  -0.0001 0.0699 2.1435
v  -0.0001 0.2924 1.9980
v  -0.0001 0.4109 1.8224
v  -0.0001 0.4708 1.5515
v  -0.0001 0.4435 -0.0126
v  -0.0001 0.4366 -0.4089
v  -0.0001 0.4189 -0.6990
v  -0.0001 0.2676 -1.0423
v  -0.0001 -0.0006 -1.2818
v  -0.0001 -0.3027 -1.3836
v  -0.0001 -0.8555 -1.3975
v  -0.0001 -1.4386 -1.2872
v  -0.0001 -1.9795 -1.0548
v  0.6021 -0.8375 -2.3007
v  0.4773 -0.1196 -2.2608
v  0.4894 -0.2038 -1.8539
v  0.6027 -0.8417 -1.8813
v  0.7552 -1.4495 -2.3159
v  0.7537 -1.4430 -1.8338
v  0.9478 -1.9792 -2.3312
v  0.9479 -1.9793 -1.7218
v  0.4334 0.2421 -1.7796
v  0.4145 0.4436 -2.2152
v  0.4052 0.5563 -1.6046
v  0.3920 0.7841 -2.1255
v  0.3895 0.8558 -1.4566
v  0.3975 0.6710 -1.0841
v  0.3881 0.8811 -0.6584
v  0.3964 0.6910 -0.5401
v  0.3871 0.8982 -0.0228
v  0.3957 0.7040 -0.0188
v  0.3955 0.7426 1.6444
v  0.3875 0.9413 1.7402
v  0.3997 0.6916 1.9541
v  0.3904 0.8921 2.0663
v  0.4122 0.5685 2.2005
v  0.4030 0.7578 2.3516
v  0.4236 0.5561 2.5624
v  0.4342 0.3955 2.3673
v  0.4484 0.3263 2.7072
v  0.4667 0.2193 2.4732
v  0.5014 -0.2880 -1.4469
v  0.6033 -0.8458 -1.4617
v  0.6015 -0.8333 -2.7200
v  0.4663 -0.0353 -2.6677
v  0.7517 -1.4367 -1.3518
v  0.7565 -1.4560 -2.7981
v  0.9479 -1.9795 -1.1123
v  0.9478 -1.9793 -2.9406
v  0.3980 0.6452 -2.6508
v  0.4556 0.0410 -1.3440
v  0.3829 1.0121 -2.6466
v  0.4238 0.3290 -1.0836
v  0.3821 1.0406 -1.8292
v  0.4097 0.4864 -0.7116
v  0.3816 1.0712 -0.7767
v  0.4083 0.5010 -0.4218
v  0.3813 1.0924 -0.0268
v  0.4078 0.5101 -0.0148
v  0.3812 1.1400 1.8360
v  0.4083 0.5442 1.5486
v  0.3825 1.0927 2.1785
v  0.4131 0.4914 1.8419
v  0.3850 0.9466 2.5025
v  0.4191 0.3791 2.0494
v  0.3891 0.7158 2.7566
v  0.4239 0.2330 2.1722
v  0.3900 0.4300 2.9334
v  0.4446 0.1162 2.2442
v  0.4164 0.2177 2.1493
v  0.4339 0.1067 2.2238
v  0.4166 0.0996 2.2095
v  0.3997 0.2065 2.1336
v  0.3994 0.3256 2.0176
v  0.4160 0.3485 2.0301
v  0.3906 0.4344 1.8273
v  0.4088 0.4578 1.8327
v  0.3814 0.4815 1.5491
v  0.4027 0.5062 1.5483
v  0.3812 0.4545 -0.0131
v  0.4008 0.4766 -0.0139
v  0.3793 0.4459 -0.4127
v  0.4002 0.4675 -0.4170
v  0.3833 0.4308 -0.7004
v  0.4031 0.4529 -0.7046
v  0.3993 0.2784 -1.0479
v  0.4192 0.2989 -1.0618
v  0.4327 0.0087 -1.2913
v  0.4515 0.0226 -1.3121
v  0.4743 -0.2977 -1.3938
v  0.4938 -0.2928 -1.4150
v  0.5778 -0.8486 -1.4077
v  0.5965 -0.8455 -1.4292
v  0.7256 -1.4324 -1.3002
v  0.7434 -1.4317 -1.3215
v  0.9386 -1.9784 -1.0826
v  0.9169 -1.9783 -1.0623
v  0.4563 -0.0331 -2.7015
v  0.5923 -0.8294 -2.7541
v  0.5706 -0.8293 -2.7753
v  0.4341 -0.0331 -2.7221
v  0.7487 -1.4487 -2.8340
v  0.7267 -1.4487 -2.8549
v  0.9381 -1.9783 -2.9742
v  0.9140 -1.9784 -2.9954
v  0.3635 0.6460 -2.7032
v  0.3868 0.6462 -2.6837
v  0.3499 1.0122 -2.7017
v  0.3727 1.0127 -2.6809
v  0.3736 1.0441 -2.6478
v  0.3521 1.0650 -2.6488
v  0.3505 1.0887 -1.8309
v  0.3713 1.0700 -1.8302
v  0.3523 1.1168 -0.7785
v  0.3714 1.0987 -0.7778
v  0.3526 1.1374 -0.0276
v  0.3713 1.1194 -0.0273
v  0.3549 1.1827 1.8363
v  0.3719 1.1651 1.8363
v  0.3563 1.1354 2.1941
v  0.3737 1.1179 2.1874
v  0.3595 0.9821 2.5225
v  0.3758 0.9673 2.5144
v  0.3618 0.7387 2.7879
v  0.3789 0.7296 2.7751
v  0.3633 0.4421 2.9592
v  0.3785 0.4372 2.9481
v  0.3689 1.0396 -2.6733
v  0.3501 1.0407 -2.6928
v  0.3491 1.0573 -2.6772
v  0.2055 0.0772 2.1587
v  0.1875 0.1802 2.1005
v  0.3729 0.2003 2.1253
v  0.3927 0.0955 2.2010
v  0.1837 0.2978 2.0018
v  0.3668 0.3120 2.0131
v  0.1790 0.4161 1.8243
v  0.3582 0.4212 1.8262
v  0.1717 0.4708 1.5515
v  0.3436 0.4708 1.5515
v  0.1744 0.4436 -0.0126
v  0.3490 0.4438 -0.0126
v  0.1724 0.4366 -0.4089
v  0.3451 0.4366 -0.4089
v  0.1750 0.4189 -0.6990
v  0.3502 0.4198 -0.6992
v  0.1818 0.2676 -1.0423
v  0.3638 0.2675 -1.0422
v  0.1994 -0.0006 -1.2818
v  0.3990 -0.0006 -1.2818
v  0.2210 -0.3027 -1.3836
v  0.4422 -0.3026 -1.3840
v  0.2730 -0.8555 -1.3975
v  0.5462 -0.8556 -1.3983
v  0.3488 -1.4386 -1.2872
v  0.6978 -1.4390 -1.2884
v  0.4424 -1.9795 -1.0548
v  0.8852 -1.9796 -1.0548
v  0.2682 -0.8330 -2.7835
v  0.1996 -0.0355 -2.7294
v  0.3995 -0.0355 -2.7292
v  0.5367 -0.8330 -2.7837
v  0.3452 -1.4559 -2.8608
v  0.6907 -1.4559 -2.8609
v  0.4394 -1.9791 -3.0013
v  0.8792 -1.9792 -3.0014
v  0.1644 0.6449 -2.7102
v  0.3291 0.6449 -2.7102
v  0.1582 1.0121 -2.7089
v  0.3166 1.0121 -2.7089
v  0.1599 1.0742 -2.6487
v  0.1598 1.1034 -1.8315
v  0.3198 1.0967 -1.8313
v  0.3200 1.0736 -2.6485
v  0.1624 1.1405 -0.7795
v  0.3245 1.1256 -0.7791
v  0.1648 1.1671 -0.0262
v  0.3252 1.1465 -0.0277
v  0.1658 1.2182 1.8372
v  0.3302 1.1928 1.8358
v  0.1659 1.1684 2.2054
v  0.3306 1.1454 2.1987
v  0.1690 1.0131 2.5415
v  0.3365 0.9916 2.5271
v  0.1701 0.7598 2.8159
v  0.3388 0.7437 2.7957
v  0.1714 0.4568 2.9902
v  0.3436 0.4444 2.9657
v  0.3182 1.0436 -2.7000
v  0.1588 1.0436 -2.7000
v  0.1593 1.0641 -2.6797
v  0.3195 1.0641 -2.6798
v  -0.9515 -2.0415 -2.9432
v  -0.9515 -2.0415 -2.3315
v  -0.9515 -1.9986 -2.3315
v  -0.9515 -1.9986 -2.9432
v  -0.9515 -2.0415 -1.7198
v  -0.9515 -1.9987 -1.7198
v  -0.9515 -2.0415 -1.1083
v  -0.9515 -1.9986 -1.1083
v  -0.9420 -2.0415 -1.0787
v  -0.9420 -1.9972 -1.0787
v  -0.8829 -1.9988 -3.0039
v  -0.8829 -2.0415 -3.0039
v  -0.9176 -2.0415 -2.9979
v  -0.9176 -1.9977 -2.9979
v  -0.8886 -2.0415 -1.0509
v  -0.4443 -2.0415 -1.0509
v  -0.4443 -1.9987 -1.0509
v  -0.8886 -1.9987 -1.0509
v  -0.0001 -2.0415 -3.0039
v  -0.4414 -2.0415 -3.0039
v  -0.4414 -1.9988 -3.0039
v  -0.0001 -1.9988 -3.0039
v  -0.0001 -2.0415 -1.0509
v  -0.0001 -1.9987 -1.0509
v  -0.9416 -2.0415 -2.9766
v  -0.9416 -1.9975 -2.9766
v  -0.9203 -2.0415 -1.0585
v  -0.9203 -1.9971 -1.0585
v  0.9513 -2.0415 -1.7198
v  0.9513 -2.0415 -2.3315
v  0.9513 -1.9986 -2.3315
v  0.9513 -1.9987 -1.7198
v  0.9513 -2.0415 -1.1083
v  0.9513 -1.9986 -1.1083
v  0.9512 -2.0415 -2.9432
v  0.9512 -1.9986 -2.9432
v  0.9200 -2.0415 -1.0585
v  0.9418 -2.0415 -1.0787
v  0.9418 -1.9972 -1.0787
v  0.9200 -1.9971 -1.0585
v  0.9414 -2.0415 -2.9766
v  0.9173 -2.0415 -2.9979
v  0.9173 -1.9977 -2.9979
v  0.9414 -1.9975 -2.9766
v  0.4440 -2.0415 -1.0509
v  0.8884 -2.0415 -1.0509
v  0.8884 -1.9987 -1.0509
v  0.4440 -1.9987 -1.0509
v  0.8826 -2.0415 -3.0039
v  0.4412 -2.0415 -3.0039
v  0.4412 -1.9988 -3.0039
v  0.8826 -1.9988 -3.0039
v  -0.9515 -1.9886 -2.3315
v  -0.9515 -1.9887 -1.7198
v  -0.9515 -1.9886 -1.1083
v  -0.9515 -1.9886 -2.9432
v  -0.9420 -1.9872 -1.0787
v  -0.9203 -1.9871 -1.0585
v  -0.9176 -1.9877 -2.9979
v  -0.9416 -1.9875 -2.9766
v  -0.8886 -1.9887 -1.0509
v  -0.4443 -1.9887 -1.0509
v  -0.4414 -1.9888 -3.0039
v  -0.8829 -1.9888 -3.0039
v  -0.0001 -1.9888 -3.0039
v  -0.0001 -1.9887 -1.0509
v  0.9513 -1.9887 -1.7198
v  0.9513 -1.9886 -2.3315
v  0.9513 -1.9886 -1.1083
v  0.9512 -1.9886 -2.9432
v  0.9200 -1.9871 -1.0585
v  0.9418 -1.9872 -1.0787
v  0.9414 -1.9875 -2.9766
v  0.9173 -1.9877 -2.9979
v  0.4440 -1.9887 -1.0509
v  0.8884 -1.9887 -1.0509
v  0.8826 -1.9888 -3.0039
v  0.4412 -1.9888 -3.0039
v  -0.8996 -2.0515 -2.9604
v  -0.8795 -2.0515 -2.9639
v  -0.4414 -2.0515 -2.9639
v  -0.9065 -2.0515 -2.9543
v  0.4412 -2.0515 -2.9639
v  0.8792 -2.0515 -2.9639
v  0.8993 -2.0515 -2.9604
v  -0.0001 -2.0515 -2.9639
v  -0.9115 -2.0515 -1.7198
v  0.9063 -2.0515 -2.9543
v  0.9112 -2.0515 -2.9374
v  0.9113 -2.0515 -2.3315
v  0.9113 -2.0515 -1.7198
v  0.9113 -2.0515 -1.1145
v  0.9069 -2.0515 -1.1009
v  -0.0001 -2.0515 -1.0909
v  0.9004 -2.0515 -1.0949
v  0.8836 -2.0515 -1.0909
v  0.4440 -2.0515 -1.0909
v  -0.4443 -2.0515 -1.0909
v  -0.8839 -2.0515 -1.0909
v  -0.9007 -2.0515 -1.0949
v  -0.9071 -2.0515 -1.1009
v  -0.9115 -2.0515 -1.1145
v  -0.9115 -2.0515 -2.3315
v  -0.9115 -2.0515 -2.9374
v  -0.9415 -2.0515 -2.3315
v  -0.9415 -2.0515 -2.9417
v  -0.9328 -2.0515 -2.9711
v  -0.9131 -2.0515 -2.9885
v  -0.8820 -2.0515 -2.9939
v  -0.4414 -2.0515 -2.9939
v  -0.0001 -2.0515 -2.9939
v  0.4412 -2.0515 -2.9939
v  0.8818 -2.0515 -2.9939
v  0.9128 -2.0515 -2.9885
v  0.9326 -2.0515 -2.9711
v  0.9412 -2.0515 -2.9417
v  0.9413 -2.0515 -2.3315
v  0.9413 -2.0515 -1.7198
v  0.9413 -2.0515 -1.1098
v  0.9330 -2.0515 -1.0843
v  0.9151 -2.0515 -1.0676
v  0.8872 -2.0515 -1.0609
v  0.4440 -2.0515 -1.0609
v  -0.0001 -2.0515 -1.0609
v  -0.4443 -2.0515 -1.0609
v  -0.8874 -2.0515 -1.0609
v  -0.9154 -2.0515 -1.0676
v  -0.9333 -2.0515 -1.0843
v  -0.9415 -2.0515 -1.1098
v  -0.9415 -2.0515 -1.7198
v  -0.9515 -2.0515 -2.9432
v  -0.9515 -2.0515 -2.3315
v  -0.9515 -2.0515 -1.7198
v  -0.9515 -2.0515 -1.1083
v  -0.9420 -2.0515 -1.0787
v  -0.8829 -2.0515 -3.0039
v  -0.9176 -2.0515 -2.9979
v  -0.8886 -2.0515 -1.0509
v  -0.4443 -2.0515 -1.0509
v  -0.0001 -2.0515 -3.0039
v  -0.4414 -2.0515 -3.0039
v  -0.0001 -2.0515 -1.0509
v  -0.9416 -2.0515 -2.9766
v  -0.9203 -2.0515 -1.0585
v  0.9513 -2.0515 -1.7198
v  0.9513 -2.0515 -2.3315
v  0.9513 -2.0515 -1.1083
v  0.9512 -2.0515 -2.9432
v  0.9200 -2.0515 -1.0585
v  0.9418 -2.0515 -1.0787
v  0.9414 -2.0515 -2.9766
v  0.9173 -2.0515 -2.9979
v  0.4440 -2.0515 -1.0509
v  0.8884 -2.0515 -1.0509
v  0.8826 -2.0515 -3.0039
v  0.4412 -2.0515 -3.0039
v  -0.3966 0.1057 2.2467
v  -0.3822 0.1032 2.2416
v  -0.2007 0.0849 2.1996
v  -0.4030 0.1084 2.2518
v  -0.0001 0.0776 2.1845
v  0.2005 0.0849 2.1996
v  0.3964 0.1057 2.2467
v  0.3819 0.1032 2.2416
v  0.4027 0.1085 2.2518
v  0.4070 0.1122 2.2595
v  0.4281 0.2109 2.4786
v  -0.4097 0.3151 2.7064
v  0.4097 0.3153 2.7070
v  0.3529 0.4145 2.9233
v  0.3492 0.4171 2.9279
v  0.3438 0.4187 2.9318
v  0.3339 0.4195 2.9352
v  0.1671 0.4316 2.9590
v  -0.0001 0.4348 2.9675
v  -0.1674 0.4316 2.9590
v  -0.3441 0.4187 2.9318
v  -0.3342 0.4195 2.9352
v  -0.3495 0.4170 2.9279
v  -0.3531 0.4145 2.9234
v  -0.4072 0.1122 2.2594
v  -0.4280 0.2134 2.4822
v  -0.4581 0.2133 2.4821
v  -0.4366 0.1088 2.2519
v  -0.4273 0.1008 2.2350
v  -0.4128 0.0949 2.2232
v  -0.3914 0.0913 2.2155
v  -0.2057 0.0725 2.1726
v  -0.0001 0.0651 2.1571
v  0.2054 0.0725 2.1726
v  0.3911 0.0913 2.2155
v  0.4125 0.0949 2.2232
v  0.4271 0.1008 2.2350
v  0.4363 0.1088 2.2519
v  0.4582 0.2108 2.4784
v  0.4394 0.3172 2.7112
v  0.3807 0.4197 2.9348
v  0.3712 0.4257 2.9469
v  0.3585 0.4298 2.9561
v  0.3413 0.4317 2.9618
v  0.1703 0.4440 2.9862
v  -0.0001 0.4473 2.9948
v  -0.1706 0.4440 2.9862
v  -0.3415 0.4317 2.9618
v  -0.3587 0.4298 2.9561
v  -0.3714 0.4257 2.9469
v  -0.3810 0.4197 2.9348
v  -0.4395 0.3170 2.7106
v  -0.4681 0.2133 2.4820
v  -0.4494 0.3176 2.7120
v  -0.3903 0.4215 2.9387
v  -0.4464 0.1076 2.2494
v  -0.4182 0.0914 2.2153
v  -0.4354 0.0983 2.2295
v  -0.3788 0.4286 2.9532
v  -0.3636 0.4335 2.9642
v  -0.2073 0.0684 2.1636
v  -0.3945 0.0873 2.2069
v  -0.3440 0.4357 2.9707
v  -0.1716 0.4481 2.9952
v  -0.0001 0.4514 3.0039
v  -0.0001 0.0610 2.1480
v  0.4493 0.3178 2.7126
v  0.4683 0.2108 2.4783
v  0.3900 0.4215 2.9387
v  0.4461 0.1076 2.2494
v  0.4352 0.0983 2.2295
v  0.4179 0.0914 2.2153
v  0.3633 0.4335 2.9642
v  0.3785 0.4286 2.9532
v  0.3942 0.0873 2.2069
v  0.2071 0.0684 2.1636
v  0.1714 0.4481 2.9952
v  0.3437 0.4357 2.9707
v  0.3456 0.0248 2.5290
v  0.3508 0.0688 2.5060
v  0.3795 0.1302 2.6377
v  0.3736 0.0853 2.6587
v  0.2648 -0.0267 2.4187
v  0.2688 0.0165 2.3941
v  0.1254 -0.0634 2.3380
v  0.1413 -0.0176 2.3170
v  -0.0017 -0.0627 2.3373
v  -0.0011 -0.0172 2.3165
v  -0.1259 -0.0632 2.3381
v  -0.1420 -0.0167 2.3168
v  -0.2648 -0.0267 2.4187
v  -0.2688 0.0165 2.3941
v  -0.3456 0.0248 2.5290
v  -0.3508 0.0688 2.5060
v  -0.3736 0.0853 2.6587
v  -0.3795 0.1302 2.6377
v  -0.3445 0.1457 2.7880
v  -0.3500 0.1915 2.7691
v  -0.2633 0.1967 2.8973
v  -0.2677 0.2434 2.8803
v  -0.1261 0.2296 2.9772
v  -0.1415 0.2766 2.9560
v  0.0001 0.2331 2.9761
v  0.0005 0.2784 2.9554
v  0.1249 0.2315 2.9769
v  0.1409 0.2777 2.9558
v  0.2633 0.1967 2.8973
v  0.2677 0.2434 2.8803
v  0.3445 0.1457 2.7880
v  0.3500 0.1915 2.7691
v  0.3683 0.0803 2.6610
v  0.3407 0.0206 2.5331
v  0.2611 -0.0301 2.4244
v  0.1237 -0.0663 2.3448
v  -0.0017 -0.0656 2.3441
v  -0.1241 -0.0661 2.3449
v  -0.2611 -0.0301 2.4244
v  -0.3407 0.0206 2.5331
v  -0.3683 0.0803 2.6610
v  -0.3396 0.1398 2.7885
v  -0.2596 0.1901 2.8962
v  -0.1243 0.2225 2.9750
v  0.0001 0.2260 2.9740
v  0.1231 0.2244 2.9747
v  0.2596 0.1901 2.8962
v  0.3396 0.1398 2.7885
v  0.3174 0.0752 2.6632
v  0.2937 0.0238 2.5530
v  0.3148 0.0201 2.5451
v  0.3402 0.0753 2.6633
v  0.2251 -0.0200 2.4592
v  0.2412 -0.0268 2.4446
v  0.1066 -0.0511 2.3906
v  0.1142 -0.0602 2.3711
v  -0.0015 -0.0552 2.3798
v  -0.0016 -0.0619 2.3654
v  -0.1070 -0.0510 2.3907
v  -0.1147 -0.0600 2.3712
v  -0.2252 -0.0200 2.4592
v  -0.2413 -0.0268 2.4446
v  -0.2938 0.0238 2.5530
v  -0.3148 0.0201 2.5451
v  -0.3174 0.0752 2.6632
v  -0.3402 0.0753 2.6633
v  -0.2927 0.1265 2.7731
v  -0.3138 0.1302 2.7810
v  -0.2237 0.1699 2.8659
v  -0.2398 0.1767 2.8806
v  -0.1072 0.1979 2.9340
v  -0.1148 0.2067 2.9534
v  0.0000 0.2056 2.9432
v  0.0000 0.2123 2.9575
v  0.1061 0.1994 2.9336
v  0.1137 0.2084 2.9531
v  0.2237 0.1699 2.8659
v  0.2398 0.1767 2.8806
v  0.2927 0.1265 2.7731
v  0.3137 0.1302 2.7810
v  0.2946 0.0752 2.6632
v  0.2884 0.0784 2.6617
v  0.2669 0.0316 2.5615
v  0.2726 0.0274 2.5608
v  0.2046 -0.0082 2.4762
v  0.2090 -0.0132 2.4738
v  0.0968 -0.0365 2.4139
v  0.0989 -0.0421 2.4101
v  -0.0014 -0.0428 2.3984
v  -0.0015 -0.0486 2.3943
v  -0.0973 -0.0363 2.4140
v  -0.0994 -0.0420 2.4102
v  -0.2047 -0.0082 2.4762
v  -0.2091 -0.0132 2.4738
v  -0.2670 0.0316 2.5615
v  -0.2727 0.0274 2.5608
v  -0.2885 0.0784 2.6617
v  -0.2947 0.0752 2.6632
v  -0.2660 0.1250 2.7615
v  -0.2717 0.1228 2.7651
v  -0.2033 0.1644 2.8458
v  -0.2076 0.1630 2.8513
v  -0.0974 0.1898 2.9078
v  -0.0995 0.1890 2.9145
v  0.0000 0.1996 2.9219
v  0.0000 0.1990 2.9289
v  0.0964 0.1912 2.9074
v  0.0985 0.1905 2.9142
v  0.2032 0.1644 2.8458
v  0.2076 0.1630 2.8513
v  0.2659 0.1250 2.7615
v  0.2716 0.1228 2.7651
v  0.2822 0.0816 2.6602
v  0.2822 0.2382 2.5871
v  0.2612 0.1925 2.4890
v  0.2612 0.0358 2.5621
v  0.2002 0.1535 2.4056
v  0.2002 -0.0031 2.4787
v  0.0948 -0.0308 2.4177
v  0.0948 0.1259 2.3446
v  -0.0014 -0.0370 2.4025
v  -0.0014 0.1197 2.3294
v  -0.0952 0.1260 2.3447
v  -0.0952 -0.0307 2.4178
v  -0.2003 0.1535 2.4056
v  -0.2003 -0.0031 2.4787
v  -0.2613 0.1925 2.4890
v  -0.2613 0.0358 2.5621
v  -0.2823 0.2382 2.5871
v  -0.2823 0.0816 2.6602
v  -0.2604 0.2839 2.6848
v  -0.2604 0.1272 2.7579
v  -0.1990 0.3224 2.7674
v  -0.1990 0.1657 2.8404
v  -0.0953 0.3472 2.8280
v  -0.0953 0.1905 2.9010
v  -0.0000 0.2002 2.9148
v  -0.0000 0.3569 2.8418
v  0.0943 0.3487 2.8277
v  0.0943 0.1920 2.9007
v  0.1989 0.1657 2.8404
v  0.1989 0.3224 2.7674
v  0.2603 0.2839 2.6848
v  0.2603 0.1272 2.7579
v  0.3184 0.1284 2.4930
v  0.3444 0.1842 2.6125
v  0.3763 0.1841 2.6126
v  0.3477 0.1233 2.4820
v  0.2439 0.0811 2.3915
v  0.2664 0.0715 2.3711
v  0.1429 0.0533 2.3269
v  0.1560 0.0412 2.3007
v  -0.0004 0.0404 2.2987
v  -0.1569 0.0429 2.3001
v  -0.1436 0.0549 2.3265
v  -0.2439 0.0810 2.3915
v  -0.2664 0.0715 2.3711
v  -0.3184 0.1284 2.4930
v  -0.3477 0.1233 2.4820
v  -0.3444 0.1842 2.6125
v  -0.3763 0.1841 2.6126
v  -0.3179 0.2398 2.7318
v  -0.3473 0.2450 2.7429
v  -0.2431 0.2869 2.8328
v  -0.2658 0.2965 2.8535
v  -0.1425 0.3165 2.8959
v  -0.1556 0.3286 2.9219
v  0.0011 0.3296 2.9238
v  0.1557 0.3289 2.9218
v  0.1426 0.3167 2.8957
v  0.2431 0.2869 2.8328
v  0.2658 0.2965 2.8535
v  0.3179 0.2398 2.7318
v  0.3473 0.2450 2.7429
v  0.3630 0.0753 2.6633
v  0.3358 0.0165 2.5373
v  0.2574 -0.0336 2.4301
v  0.1219 -0.0692 2.3516
v  -0.0017 -0.0685 2.3510
v  -0.1223 -0.0690 2.3518
v  -0.2574 -0.0336 2.4301
v  -0.3358 0.0165 2.5373
v  -0.3630 0.0753 2.6633
v  -0.3348 0.1340 2.7890
v  -0.2559 0.1835 2.8952
v  -0.1225 0.2155 2.9729
v  0.0001 0.2189 2.9718
v  0.1214 0.2173 2.9726
v  0.2559 0.1835 2.8952
v  0.3348 0.1340 2.7890
v  0.3571 0.1216 2.4785
v  0.3865 0.1841 2.6126
v  0.3854 0.1751 2.6168
v  0.3561 0.1128 2.4831
v  0.2736 0.0684 2.3646
v  0.2728 0.0598 2.3695
v  0.1604 0.0372 2.2920
v  0.1573 0.0282 2.2961
v  -0.0004 0.0373 2.2916
v  -0.0006 0.0282 2.2957
v  -0.1581 0.0299 2.2955
v  -0.1613 0.0389 2.2914
v  -0.2728 0.0598 2.3695
v  -0.2736 0.0684 2.3646
v  -0.3572 0.1216 2.4785
v  -0.3561 0.1128 2.4831
v  -0.3865 0.1841 2.6126
v  -0.3854 0.1751 2.6168
v  -0.3567 0.2466 2.7465
v  -0.3556 0.2374 2.7503
v  -0.2730 0.2995 2.8600
v  -0.2721 0.2902 2.8634
v  -0.1600 0.3327 2.9306
v  -0.1570 0.3236 2.9347
v  0.0011 0.3328 2.9305
v  0.0010 0.3237 2.9347
v  0.1570 0.3239 2.9346
v  0.1601 0.3330 2.9305
v  0.2721 0.2902 2.8634
v  0.2730 0.2995 2.8600
v  0.3567 0.2466 2.7465
v  0.3556 0.2374 2.7503
v  0.3184 0.2543 2.4343
v  0.3444 0.3101 2.5538
v  0.2439 0.2070 2.3328
v  0.1429 0.1792 2.2682
v  -0.0004 0.1663 2.2400
v  -0.1436 0.1808 2.2678
v  -0.2439 0.2070 2.3328
v  -0.3184 0.2543 2.4343
v  -0.3444 0.3101 2.5538
v  -0.3179 0.3658 2.6731
v  -0.2431 0.4129 2.7741
v  -0.1425 0.4424 2.8371
v  0.0011 0.4555 2.8651
v  0.1426 0.4427 2.8370
v  0.2431 0.4129 2.7741
v  0.3179 0.3658 2.6731
v  0.2438 0.0574 2.5603
v  0.2639 0.1001 2.6518
v  0.2639 0.0543 2.6731
v  0.2438 0.0117 2.5816
v  0.1866 0.0212 2.4827
v  0.1866 -0.0245 2.5040
v  0.1010 -0.0030 2.4309
v  0.1010 -0.0487 2.4522
v  -0.0000 -0.0115 2.4126
v  -0.0000 -0.0572 2.4340
v  -0.1010 -0.0030 2.4309
v  -0.1010 -0.0487 2.4522
v  -0.1866 0.0212 2.4827
v  -0.1866 -0.0245 2.5040
v  -0.2438 0.0574 2.5603
v  -0.2438 0.0117 2.5816
v  -0.2639 0.1001 2.6518
v  -0.2639 0.0543 2.6731
v  -0.2438 0.1427 2.7433
v  -0.2438 0.0970 2.7646
v  -0.1866 0.1789 2.8209
v  -0.1866 0.1332 2.8422
v  -0.1010 0.2031 2.8728
v  -0.1010 0.1574 2.8941
v  -0.0000 0.2116 2.8910
v  -0.0000 0.1659 2.9123
v  0.1010 0.2031 2.8728
v  0.1010 0.1574 2.8941
v  0.1866 0.1789 2.8209
v  0.1866 0.1332 2.8422
v  0.2438 0.1427 2.7433
v  0.2438 0.0970 2.7646
v  0.2623 0.2548 2.4598
v  0.2839 0.3007 2.5583
v  0.2839 0.1182 2.6434
v  0.2623 0.0723 2.5449
v  0.2007 0.2158 2.3763
v  0.2007 0.0333 2.4614
v  0.1086 0.1898 2.3206
v  0.1086 0.0073 2.4057
v  -0.0000 0.1807 2.3010
v  -0.0000 -0.0018 2.3861
v  -0.1086 0.1898 2.3206
v  -0.1086 0.0073 2.4057
v  -0.2007 0.2158 2.3763
v  -0.2007 0.0333 2.4614
v  -0.2623 0.2548 2.4598
v  -0.2623 0.0723 2.5449
v  -0.2839 0.3007 2.5583
v  -0.2839 0.1182 2.6434
v  -0.2623 0.3466 2.6567
v  -0.2623 0.1641 2.7418
v  -0.2007 0.3855 2.7402
v  -0.2007 0.2030 2.8253
v  -0.1086 0.4115 2.7960
v  -0.1086 0.2290 2.8810
v  -0.0000 0.4206 2.8155
v  -0.0000 0.2382 2.9006
v  0.1086 0.4115 2.7960
v  0.1086 0.2290 2.8810
v  0.2007 0.3855 2.7402
v  0.2007 0.2030 2.8253
v  0.2623 0.3466 2.6567
v  0.2623 0.1641 2.7418
v  0.2537 0.0453 2.6774
v  -0.0000 0.0453 2.6774
v  0.2344 0.0042 2.5894
v  0.2344 0.0863 2.7653
v  0.1794 0.1211 2.8399
v  0.0971 0.1443 2.8898
v  -0.0000 0.1525 2.9073
v  -0.0971 0.1443 2.8898
v  -0.1794 0.1211 2.8399
v  -0.2344 0.0863 2.7653
v  -0.2537 0.0453 2.6774
v  -0.2344 0.0042 2.5894
v  -0.1794 -0.0305 2.5148
v  -0.0971 -0.0538 2.4649
v  -0.0000 -0.0619 2.4474
v  0.0971 -0.0538 2.4649
v  0.1794 -0.0305 2.5148
v  0.2438 0.0664 2.5561
v  0.2639 0.1091 2.6476
v  0.2639 0.0453 2.6774
v  0.2438 0.0026 2.5858
v  0.1866 0.0303 2.4785
v  0.1866 -0.0336 2.5082
v  0.1010 0.0061 2.4266
v  0.1010 -0.0578 2.4564
v  -0.0000 -0.0024 2.4084
v  -0.0000 -0.0663 2.4382
v  -0.1010 0.0061 2.4266
v  -0.1010 -0.0578 2.4564
v  -0.1866 0.0303 2.4785
v  -0.1866 -0.0336 2.5082
v  -0.2438 0.0664 2.5561
v  -0.2438 0.0026 2.5858
v  -0.2639 0.1091 2.6476
v  -0.2639 0.0453 2.6774
v  -0.2438 0.1518 2.7391
v  -0.2438 0.0879 2.7689
v  -0.1866 0.1880 2.8167
v  -0.1866 0.1241 2.8465
v  -0.1010 0.2122 2.8685
v  -0.1010 0.1483 2.8983
v  -0.0000 0.2206 2.8867
v  -0.0000 0.1568 2.9165
v  0.1010 0.2122 2.8685
v  0.1010 0.1483 2.8983
v  0.1866 0.1880 2.8167
v  0.1866 0.1241 2.8465
v  0.2438 0.1518 2.7391
v  0.2438 0.0879 2.7689
v  0.2839 0.1091 2.6476
v  0.2623 0.0632 2.5491
v  0.2007 0.0243 2.4656
v  0.1086 -0.0017 2.4099
v  -0.0000 -0.0109 2.3903
v  -0.1086 -0.0017 2.4099
v  -0.2007 0.0243 2.4656
v  -0.2623 0.0632 2.5491
v  -0.2839 0.1091 2.6476
v  -0.2623 0.1550 2.7460
v  -0.2007 0.1940 2.8295
v  -0.1086 0.2200 2.8853
v  -0.0000 0.2291 2.9049
v  0.1086 0.2200 2.8853
v  0.2007 0.1940 2.8295
v  0.2623 0.1550 2.7460
v  0.2739 0.1091 2.6476
v  0.2530 0.0648 2.5526
v  0.1937 0.0273 2.4721
v  0.1048 0.0022 2.4183
v  -0.0000 -0.0066 2.3994
v  -0.1048 0.0022 2.4183
v  -0.1937 0.0273 2.4721
v  -0.2530 0.0648 2.5526
v  -0.2739 0.1091 2.6476
v  -0.2530 0.1534 2.7426
v  -0.1937 0.1910 2.8231
v  -0.1048 0.2161 2.8769
v  -0.0000 0.2249 2.8958
v  0.1048 0.2161 2.8769
v  0.1937 0.1910 2.8231
v  0.2530 0.1534 2.7426
v  -0.2235 1.5273 -2.0725
v  -0.0000 1.5299 -2.0721
v  -0.0000 1.7274 -2.0353
v  -0.2606 1.7255 -2.0358
v  -0.1905 1.1296 -2.1060
v  -0.0000 1.1297 -2.1060
v  -0.0000 1.3301 -2.0957
v  -0.1998 1.3276 -2.0960
v  -0.0000 1.9217 -1.9857
v  -0.3118 1.9224 -1.9855
v  -0.0000 1.9401 -1.9858
v  -0.3130 1.9408 -1.9861
v  -0.3129 1.9319 -1.9845
v  -0.0000 1.9311 -1.9845
v  -0.0000 1.9486 -1.9901
v  -0.0000 2.0382 -2.0574
v  -0.2468 2.0379 -2.0572
v  -0.3119 1.9493 -1.9905
v  -0.0000 2.0502 -2.0745
v  -0.2468 2.0501 -2.0743
v  -0.2467 2.0456 -2.0650
v  -0.0000 2.0458 -2.0652
v  -0.0000 2.0515 -2.0854
v  -0.0000 2.0515 -2.3334
v  -0.2468 2.0515 -2.3334
v  -0.2468 2.0515 -2.0851
v  -0.2980 1.7275 -2.3334
v  -0.2612 1.5299 -2.3334
v  -0.2607 1.5274 -2.1085
v  -0.2975 1.7257 -2.0714
v  -0.2376 1.3301 -2.3334
v  -0.2274 1.1297 -2.3334
v  -0.2273 1.1297 -2.1415
v  -0.2373 1.3276 -2.1322
v  -0.3477 1.9225 -2.0201
v  -0.3476 1.9217 -2.3334
v  -0.3472 1.9413 -2.0200
v  -0.3477 1.9400 -2.3334
v  -0.3489 1.9310 -2.3334
v  -0.3489 1.9319 -2.0197
v  -0.2765 2.0378 -2.0852
v  -0.2764 2.0381 -2.3334
v  -0.3436 1.9485 -2.3334
v  -0.3432 1.9493 -2.0201
v  -0.2582 2.0503 -2.0851
v  -0.2582 2.0504 -2.3334
v  -0.2681 2.0460 -2.3334
v  -0.2681 2.0458 -2.0853
v  -0.2091 1.1290 -2.1112
v  -0.2188 1.3265 -2.1014
v  -0.2313 1.3265 -2.1134
v  -0.2214 1.1290 -2.1230
v  -0.2422 1.5254 -2.0780
v  -0.2546 1.5254 -2.0900
v  -0.2789 1.7229 -2.0414
v  -0.2913 1.7229 -2.0532
v  -0.3297 1.9203 -1.9910
v  -0.3415 1.9204 -2.0027
v  -0.3431 1.9319 -2.0017
v  -0.3312 1.9318 -1.9898
v  -0.3298 1.9431 -1.9919
v  -0.3413 1.9432 -2.0031
v  -0.3258 1.9529 -1.9967
v  -0.2591 2.0420 -2.0640
v  -0.2691 2.0420 -2.0733
v  -0.3364 1.9528 -2.0065
v  -0.2543 2.0502 -2.0776
v  -0.2559 2.0464 -2.0688
v  -0.2640 2.0465 -2.0763
v  0.2235 1.5273 -2.0725
v  0.2606 1.7255 -2.0358
v  0.1905 1.1296 -2.1060
v  0.1998 1.3276 -2.0960
v  0.3118 1.9224 -1.9855
v  0.3129 1.9319 -1.9845
v  0.3130 1.9408 -1.9861
v  0.2468 2.0379 -2.0572
v  0.3119 1.9493 -1.9905
v  0.2467 2.0456 -2.0650
v  0.2468 2.0501 -2.0743
v  0.2468 2.0515 -2.3334
v  0.2468 2.0515 -2.0851
v  0.2607 1.5274 -2.1085
v  0.2612 1.5299 -2.3334
v  0.2980 1.7275 -2.3334
v  0.2975 1.7257 -2.0714
v  0.2273 1.1297 -2.1415
v  0.2274 1.1297 -2.3334
v  0.2376 1.3301 -2.3334
v  0.2373 1.3276 -2.1322
v  0.3476 1.9217 -2.3334
v  0.3477 1.9225 -2.0201
v  0.3489 1.9310 -2.3334
v  0.3477 1.9400 -2.3334
v  0.3472 1.9413 -2.0200
v  0.3489 1.9319 -2.0197
v  0.3436 1.9485 -2.3334
v  0.2764 2.0381 -2.3334
v  0.2765 2.0378 -2.0852
v  0.3432 1.9493 -2.0201
v  0.2681 2.0460 -2.3334
v  0.2582 2.0504 -2.3334
v  0.2582 2.0503 -2.0851
v  0.2681 2.0458 -2.0853
v  0.2313 1.3265 -2.1134
v  0.2188 1.3265 -2.1014
v  0.2091 1.1290 -2.1112
v  0.2214 1.1290 -2.1230
v  0.2546 1.5254 -2.0900
v  0.2422 1.5254 -2.0781
v  0.2913 1.7229 -2.0532
v  0.2789 1.7229 -2.0414
v  0.3415 1.9204 -2.0027
v  0.3297 1.9203 -1.9910
v  0.3431 1.9319 -2.0017
v  0.3413 1.9432 -2.0031
v  0.3298 1.9431 -1.9919
v  0.3312 1.9318 -1.9898
v  0.2691 2.0420 -2.0733
v  0.2591 2.0420 -2.0640
v  0.3258 1.9529 -1.9967
v  0.3364 1.9528 -2.0065
v  0.2559 2.0464 -2.0688
v  0.2543 2.0502 -2.0776
v  0.2640 2.0465 -2.0763
v  -0.0000 1.7274 -2.6314
v  -0.0000 1.5299 -2.5947
v  -0.2235 1.5273 -2.5942
v  -0.2606 1.7256 -2.6310
v  0.0000 1.3301 -2.5710
v  0.0000 1.1297 -2.5607
v  -0.1905 1.1296 -2.5607
v  -0.1998 1.3276 -2.5708
v  -0.3118 1.9224 -2.6813
v  -0.0000 1.9217 -2.6810
v  -0.3129 1.9319 -2.6824
v  -0.3130 1.9408 -2.6808
v  -0.0000 1.9400 -2.6809
v  -0.0000 1.9311 -2.6823
v  -0.2468 2.0379 -2.6097
v  -0.0000 2.0381 -2.6095
v  -0.0000 1.9485 -2.6767
v  -0.3119 1.9493 -2.6764
v  -0.2467 2.0456 -2.6019
v  -0.2468 2.0501 -2.5926
v  -0.0000 2.0501 -2.5923
v  -0.0000 2.0457 -2.6017
v  -0.0000 2.0515 -2.5815
v  -0.2468 2.0515 -2.5818
v  -0.2607 1.5274 -2.5584
v  -0.2975 1.7257 -2.5955
v  -0.2273 1.1297 -2.5254
v  -0.2373 1.3276 -2.5347
v  -0.3477 1.9225 -2.6467
v  -0.3472 1.9413 -2.6469
v  -0.3489 1.9319 -2.6472
v  -0.2765 2.0378 -2.5817
v  -0.3432 1.9493 -2.6468
v  -0.2582 2.0503 -2.5818
v  -0.2681 2.0458 -2.5816
v  -0.2312 1.3265 -2.5535
v  -0.2187 1.3265 -2.5654
v  -0.2091 1.1290 -2.5557
v  -0.2214 1.1290 -2.5438
v  -0.2546 1.5255 -2.5769
v  -0.2421 1.5254 -2.5887
v  -0.2912 1.7229 -2.6137
v  -0.2789 1.7229 -2.6254
v  -0.3415 1.9204 -2.6642
v  -0.3297 1.9203 -2.6759
v  -0.3431 1.9319 -2.6652
v  -0.3413 1.9432 -2.6638
v  -0.3298 1.9431 -2.6750
v  -0.3312 1.9318 -2.6771
v  -0.2691 2.0420 -2.5936
v  -0.2591 2.0420 -2.6029
v  -0.3258 1.9529 -2.6702
v  -0.3364 1.9528 -2.6604
v  -0.2559 2.0464 -2.5981
v  -0.2543 2.0502 -2.5893
v  -0.2640 2.0465 -2.5905
v  0.2235 1.5273 -2.5942
v  0.2606 1.7256 -2.6310
v  0.1905 1.1296 -2.5607
v  0.1998 1.3276 -2.5708
v  0.3118 1.9224 -2.6813
v  0.3130 1.9408 -2.6808
v  0.3129 1.9319 -2.6824
v  0.2468 2.0379 -2.6097
v  0.3119 1.9493 -2.6764
v  0.2468 2.0501 -2.5926
v  0.2467 2.0456 -2.6019
v  0.2468 2.0515 -2.5818
v  0.2607 1.5274 -2.5584
v  0.2975 1.7257 -2.5955
v  0.2273 1.1297 -2.5254
v  0.2373 1.3276 -2.5347
v  0.3477 1.9225 -2.6467
v  0.3472 1.9413 -2.6469
v  0.3489 1.9319 -2.6472
v  0.2765 2.0378 -2.5817
v  0.3432 1.9493 -2.6468
v  0.2582 2.0503 -2.5818
v  0.2681 2.0458 -2.5816
v  0.2091 1.1290 -2.5556
v  0.2187 1.3265 -2.5654
v  0.2312 1.3265 -2.5535
v  0.2214 1.1290 -2.5438
v  0.2421 1.5254 -2.5887
v  0.2546 1.5255 -2.5769
v  0.2789 1.7229 -2.6254
v  0.2912 1.7229 -2.6137
v  0.3297 1.9203 -2.6759
v  0.3415 1.9204 -2.6642
v  0.3431 1.9319 -2.6652
v  0.3312 1.9318 -2.6771
v  0.3298 1.9431 -2.6750
v  0.3413 1.9432 -2.6638
v  0.3258 1.9529 -2.6702
v  0.2591 2.0420 -2.6029
v  0.2691 2.0420 -2.5936
v  0.3364 1.9528 -2.6604
v  0.2543 2.0502 -2.5893
v  0.2559 2.0464 -2.5981
v  0.2640 2.0465 -2.5905
v  -0.1922 1.1018 -2.1229
v  0.0006 1.1020 -2.1223
v  0.0003 1.1126 -2.1111
v  -0.1917 1.1124 -2.1114
v  -0.2111 1.1021 -2.3329
v  -0.2100 1.1016 -2.1401
v  -0.2218 1.1122 -2.1404
v  -0.2223 1.1126 -2.3332
v  -0.2069 1.1017 -2.1317
v  -0.2167 1.1120 -2.1259
v  -0.2005 1.1018 -2.1256
v  -0.2063 1.1121 -2.1158
v  0.1931 1.1019 -2.1228
v  0.1922 1.1125 -2.1113
v  0.2107 1.1020 -2.1399
v  0.2107 1.1018 -2.3349
v  0.2221 1.1124 -2.3342
v  0.2220 1.1126 -2.1403
v  0.2014 1.1020 -2.1255
v  0.2077 1.1021 -2.1316
v  0.2170 1.1125 -2.1258
v  0.2066 1.1124 -2.1158
v  -0.0010 1.1020 -2.5445
v  -0.1932 1.1018 -2.5437
v  -0.1922 1.1123 -2.5553
v  -0.0005 1.1126 -2.5556
v  -0.2109 1.1020 -2.5265
v  -0.2221 1.1127 -2.5264
v  -0.2015 1.1019 -2.5409
v  -0.2078 1.1020 -2.5348
v  -0.2171 1.1125 -2.5408
v  -0.2067 1.1123 -2.5508
v  0.1920 1.1016 -2.5435
v  0.1916 1.1122 -2.5553
v  0.2098 1.1015 -2.5263
v  0.2217 1.1121 -2.5263
v  0.2067 1.1015 -2.5347
v  0.2003 1.1016 -2.5408
v  0.2062 1.1119 -2.5508
v  0.2166 1.1119 -2.5408
v  -0.1919 1.0980 -2.1407
v  0.0009 1.0980 -2.1395
v  -0.1941 1.0979 -2.3327
v  0.1932 1.0980 -2.1404
v  0.1930 1.0980 -2.3356
v  -0.0016 1.0980 -2.5273
v  -0.1935 1.0980 -2.5258
v  0.1917 1.0980 -2.5255
v  -0.0004 1.0979 -2.3341
v  0.0937 0.9842 -2.3722
v  0.0937 1.2175 -2.3722
v  0.1014 1.2175 -2.3334
v  0.1014 0.9842 -2.3334
v  0.0717 0.9842 -2.4051
v  0.0717 1.2175 -2.4051
v  0.0388 0.9842 -2.4271
v  0.0388 1.2175 -2.4271
v  -0.0000 0.9842 -2.4348
v  -0.0000 1.2175 -2.4348
v  -0.0388 0.9842 -2.4271
v  -0.0388 1.2175 -2.4271
v  -0.0717 0.9842 -2.4051
v  -0.0717 1.2175 -2.4051
v  -0.0937 0.9842 -2.3722
v  -0.0937 1.2175 -2.3722
v  -0.1014 0.9842 -2.3334
v  -0.1014 1.2175 -2.3334
v  -0.0937 0.9842 -2.2946
v  -0.0937 1.2175 -2.2946
v  -0.0717 0.9842 -2.2617
v  -0.0717 1.2175 -2.2617
v  -0.0388 0.9842 -2.2397
v  -0.0388 1.2175 -2.2397
v  -0.0000 0.9842 -2.2320
v  -0.0000 1.2175 -2.2320
v  0.0388 0.9842 -2.2397
v  0.0388 1.2175 -2.2397
v  0.0717 0.9842 -2.2617
v  0.0717 1.2175 -2.2617
v  0.0937 0.9842 -2.2946
v  0.0937 1.2175 -2.2946
v  -4.3851 -0.1187 -1.6665
v  -4.3869 -0.1308 -2.0276
v  -4.4346 -0.5437 -2.0276
v  -4.4324 -0.5315 -1.6207
v  -4.3638 0.1818 -1.9998
v  -4.3638 0.1818 -2.0276
v  -4.3672 0.1026 -2.0276
v  -4.3672 0.1068 -1.9186
v  -4.6450 -1.4901 -1.3663
v  -4.8125 -1.9313 -1.1973
v  -3.9996 -1.9311 -1.1949
v  -3.9996 -1.4890 -1.3629
v  -4.5082 -1.0126 -1.5023
v  -3.9996 -1.0119 -1.4994
v  -4.4123 -0.5309 -1.6004
v  -3.9996 -0.5301 -1.5954
v  -4.3560 -0.0394 -1.6550
v  -4.3650 -0.1181 -1.6463
v  -3.9996 -0.1175 -1.6420
v  -3.9996 -0.0390 -1.6509
v  -4.2169 0.0279 -1.6559
v  -3.9996 0.0340 -1.6551
v  -4.2307 0.1215 -1.7217
v  -4.3100 0.1226 -1.8028
v  -4.2902 0.0675 -1.7350
v  -4.2148 0.1816 -1.7311
v  -4.3064 0.1816 -1.8272
v  -4.3568 -0.0214 -1.6737
v  -4.2493 0.0354 -1.6700
v  -4.3591 0.0398 -1.7834
v  -4.8301 -1.9314 -1.2065
v  -4.8325 -1.9314 -1.2174
v  -4.8432 -1.9595 -1.2066
v  -4.8408 -1.9598 -1.1958
v  -4.6627 -1.4877 -1.3755
v  -4.5262 -1.0110 -1.5113
v  -4.5284 -1.0134 -1.5224
v  -4.6651 -1.4907 -1.3864
v  -4.4303 -0.5299 -1.6094
v  -4.3831 -0.1174 -1.6552
v  -4.6559 -1.4875 -1.3687
v  -4.8233 -1.9314 -1.1997
v  -4.5193 -1.0107 -1.5045
v  -4.4235 -0.5297 -1.6026
v  -4.3673 -0.0386 -1.6571
v  -4.3763 -0.1172 -1.6484
v  -4.8340 -1.9598 -1.1889
v  -4.3728 -0.0321 -1.6741
v  -4.3761 -0.0401 -1.6752
v  -4.3741 -0.0388 -1.6639
v  -4.3711 -0.0311 -1.6659
v  -4.3694 0.0329 -1.8027
v  -4.3711 0.0306 -1.8160
v  -4.3656 0.1089 -1.9054
v  -4.3638 0.1818 -1.9856
v  -4.0434 0.1818 -1.6636
v  -4.1194 0.1112 -1.6619
v  -4.1061 0.1093 -1.6603
v  -4.0278 0.1818 -1.6636
v  -4.2300 0.0302 -1.6579
v  -4.3569 -0.0318 -1.6580
v  -4.3609 -0.0238 -1.6667
v  -4.3573 -0.0243 -1.6658
v  -4.3652 -0.0309 -1.6599
v  -4.3651 -0.0246 -1.6735
v  -4.3641 -0.0239 -1.6699
v  -4.3664 0.0369 -1.7921
v  -4.3576 0.1145 -1.8793
v  -4.3630 0.1138 -1.8928
v  -4.3600 0.1818 -1.9603
v  -4.3622 0.1818 -1.9717
v  -4.1354 0.1123 -1.6638
v  -4.0581 0.1819 -1.6652
v  -4.0739 0.1820 -1.6692
v  -4.1453 0.1159 -1.6694
v  -4.2415 0.0316 -1.6603
v  -3.9996 0.1080 -1.6594
v  -3.9996 0.1818 -1.6636
v  -3.5647 -0.5437 -2.0276
v  -3.6123 -0.1308 -2.0276
v  -3.6141 -0.1187 -1.6665
v  -3.5668 -0.5315 -1.6207
v  -3.6320 0.1026 -2.0276
v  -3.6362 0.1814 -2.0276
v  -3.6362 0.1814 -1.9998
v  -3.6320 0.1068 -1.9186
v  -3.3542 -1.4901 -1.3663
v  -3.1867 -1.9313 -1.1973
v  -3.4910 -1.0126 -1.5023
v  -3.5869 -0.5309 -1.6004
v  -3.6432 -0.0394 -1.6550
v  -3.6342 -0.1181 -1.6463
v  -3.7823 0.0279 -1.6559
v  -3.7685 0.1215 -1.7217
v  -3.7090 0.0675 -1.7350
v  -3.6892 0.1226 -1.8028
v  -3.7844 0.1816 -1.7311
v  -3.6928 0.1816 -1.8272
v  -3.6424 -0.0214 -1.6737
v  -3.6401 0.0398 -1.7834
v  -3.7499 0.0354 -1.6700
v  -3.1560 -1.9595 -1.2066
v  -3.1667 -1.9314 -1.2174
v  -3.1691 -1.9314 -1.2065
v  -3.1584 -1.9598 -1.1958
v  -3.4708 -1.0134 -1.5224
v  -3.4730 -1.0110 -1.5113
v  -3.3365 -1.4877 -1.3755
v  -3.3341 -1.4907 -1.3864
v  -3.5689 -0.5299 -1.6094
v  -3.6161 -0.1174 -1.6552
v  -3.1759 -1.9314 -1.1997
v  -3.3433 -1.4875 -1.3687
v  -3.4799 -1.0107 -1.5045
v  -3.5757 -0.5297 -1.6026
v  -3.6229 -0.1172 -1.6484
v  -3.6319 -0.0386 -1.6571
v  -3.1652 -1.9598 -1.1889
v  -3.6264 -0.0321 -1.6741
v  -3.6281 -0.0311 -1.6659
v  -3.6251 -0.0388 -1.6639
v  -3.6231 -0.0401 -1.6752
v  -3.6281 0.0306 -1.8160
v  -3.6298 0.0329 -1.8027
v  -3.6336 0.1089 -1.9054
v  -3.6354 0.1818 -1.9856
v  -3.8931 0.1093 -1.6603
v  -3.8798 0.1112 -1.6619
v  -3.9558 0.1818 -1.6636
v  -3.9714 0.1818 -1.6636
v  -3.7692 0.0302 -1.6579
v  -3.6423 -0.0318 -1.6580
v  -3.6419 -0.0243 -1.6658
v  -3.6383 -0.0238 -1.6667
v  -3.6340 -0.0309 -1.6599
v  -3.6351 -0.0239 -1.6699
v  -3.6341 -0.0246 -1.6735
v  -3.6328 0.0369 -1.7921
v  -3.6416 0.1145 -1.8793
v  -3.6362 0.1138 -1.8928
v  -3.6392 0.1818 -1.9603
v  -3.6370 0.1818 -1.9717
v  -3.9253 0.1820 -1.6692
v  -3.9411 0.1819 -1.6652
v  -3.8638 0.1123 -1.6638
v  -3.8539 0.1159 -1.6694
v  -3.7577 0.0316 -1.6603
v  -4.3716 0.0246 -2.0276
v  -4.5330 -1.0311 -2.0276
v  -4.8324 -1.9322 -2.0276
v  -4.8427 -1.9594 -2.0276
v  -4.6707 -1.5069 -2.0276
v  -4.3779 -0.0522 -2.0276
v  -3.6277 0.0246 -2.0276
v  -3.4663 -1.0311 -2.0276
v  -3.1668 -1.9322 -2.0276
v  -3.3285 -1.5069 -2.0276
v  -3.6213 -0.0522 -2.0276
v  -4.3851 -0.1187 -2.3887
v  -4.4324 -0.5315 -2.4345
v  -4.3638 0.1818 -2.0554
v  -4.3672 0.1068 -2.1366
v  -4.6450 -1.4901 -2.6889
v  -3.9996 -1.4890 -2.6923
v  -3.9996 -1.9311 -2.8603
v  -4.8125 -1.9313 -2.8579
v  -4.5082 -1.0126 -2.5529
v  -3.9996 -1.0119 -2.5558
v  -4.4123 -0.5309 -2.4548
v  -3.9996 -0.5301 -2.4598
v  -4.3560 -0.0394 -2.4002
v  -3.9996 -0.0390 -2.4043
v  -3.9996 -0.1175 -2.4132
v  -4.3650 -0.1181 -2.4089
v  -4.2169 0.0279 -2.3993
v  -3.9996 0.0340 -2.4001
v  -4.2307 0.1215 -2.3335
v  -4.2902 0.0675 -2.3202
v  -4.3100 0.1226 -2.2524
v  -4.2146 0.1814 -2.3238
v  -4.3064 0.1816 -2.2280
v  -4.3568 -0.0214 -2.3815
v  -4.3591 0.0398 -2.2718
v  -4.2493 0.0354 -2.3852
v  -4.8432 -1.9595 -2.8486
v  -4.8325 -1.9314 -2.8378
v  -4.8301 -1.9314 -2.8487
v  -4.8408 -1.9598 -2.8594
v  -4.5284 -1.0134 -2.5328
v  -4.5262 -1.0110 -2.5438
v  -4.6627 -1.4877 -2.6797
v  -4.6651 -1.4907 -2.6688
v  -4.4303 -0.5299 -2.4458
v  -4.3831 -0.1174 -2.4000
v  -4.8233 -1.9314 -2.8555
v  -4.6559 -1.4875 -2.6865
v  -4.5193 -1.0107 -2.5507
v  -4.4235 -0.5297 -2.4526
v  -4.3763 -0.1172 -2.4068
v  -4.3673 -0.0386 -2.3981
v  -4.8340 -1.9598 -2.8663
v  -4.3728 -0.0321 -2.3811
v  -4.3711 -0.0311 -2.3893
v  -4.3741 -0.0388 -2.3913
v  -4.3761 -0.0401 -2.3800
v  -4.3711 0.0306 -2.2392
v  -4.3694 0.0329 -2.2525
v  -4.3656 0.1089 -2.1498
v  -4.3638 0.1818 -2.0696
v  -4.1061 0.1093 -2.3949
v  -4.1194 0.1112 -2.3933
v  -4.0434 0.1818 -2.3916
v  -4.0278 0.1818 -2.3916
v  -4.2300 0.0302 -2.3973
v  -4.3569 -0.0318 -2.3972
v  -4.3573 -0.0243 -2.3894
v  -4.3609 -0.0238 -2.3885
v  -4.3652 -0.0309 -2.3953
v  -4.3641 -0.0239 -2.3853
v  -4.3651 -0.0246 -2.3817
v  -4.3664 0.0369 -2.2631
v  -4.3576 0.1145 -2.1759
v  -4.3630 0.1138 -2.1624
v  -4.3600 0.1818 -2.0949
v  -4.3622 0.1818 -2.0835
v  -4.0739 0.1820 -2.3860
v  -4.0581 0.1819 -2.3900
v  -4.1354 0.1123 -2.3914
v  -4.1453 0.1159 -2.3858
v  -4.2415 0.0316 -2.3949
v  -3.9996 0.1080 -2.3958
v  -3.9996 0.1816 -2.3912
v  -3.6141 -0.1187 -2.3887
v  -3.5668 -0.5315 -2.4345
v  -3.6353 0.1818 -2.0554
v  -3.6320 0.1068 -2.1366
v  -3.3542 -1.4901 -2.6889
v  -3.1867 -1.9313 -2.8579
v  -3.4910 -1.0126 -2.5529
v  -3.5869 -0.5309 -2.4548
v  -3.6432 -0.0394 -2.4002
v  -3.6342 -0.1181 -2.4089
v  -3.7823 0.0279 -2.3993
v  -3.7685 0.1215 -2.3335
v  -3.6892 0.1226 -2.2524
v  -3.7090 0.0675 -2.3202
v  -3.7844 0.1816 -2.3241
v  -3.6928 0.1816 -2.2280
v  -3.6424 -0.0214 -2.3815
v  -3.7499 0.0354 -2.3852
v  -3.6401 0.0398 -2.2718
v  -3.1691 -1.9314 -2.8487
v  -3.1667 -1.9314 -2.8378
v  -3.1560 -1.9595 -2.8486
v  -3.1584 -1.9598 -2.8594
v  -3.3365 -1.4877 -2.6797
v  -3.4730 -1.0110 -2.5438
v  -3.4708 -1.0134 -2.5328
v  -3.3341 -1.4907 -2.6688
v  -3.5689 -0.5299 -2.4458
v  -3.6161 -0.1174 -2.4000
v  -3.3433 -1.4875 -2.6865
v  -3.1759 -1.9314 -2.8555
v  -3.4799 -1.0107 -2.5507
v  -3.5757 -0.5297 -2.4526
v  -3.6319 -0.0386 -2.3981
v  -3.6229 -0.1172 -2.4068
v  -3.1652 -1.9598 -2.8663
v  -3.6264 -0.0321 -2.3811
v  -3.6231 -0.0401 -2.3800
v  -3.6251 -0.0388 -2.3913
v  -3.6281 -0.0311 -2.3893
v  -3.6298 0.0329 -2.2525
v  -3.6281 0.0306 -2.2392
v  -3.6336 0.1089 -2.1498
v  -3.6354 0.1818 -2.0696
v  -3.9559 0.1816 -2.3912
v  -3.8798 0.1112 -2.3933
v  -3.8931 0.1093 -2.3949
v  -3.9714 0.1816 -2.3912
v  -3.7692 0.0302 -2.3973
v  -3.6423 -0.0318 -2.3972
v  -3.6383 -0.0238 -2.3885
v  -3.6419 -0.0243 -2.3894
v  -3.6340 -0.0309 -2.3953
v  -3.6341 -0.0246 -2.3817
v  -3.6351 -0.0239 -2.3853
v  -3.6328 0.0369 -2.2631
v  -3.6416 0.1145 -2.1759
v  -3.6362 0.1138 -2.1624
v  -3.6392 0.1818 -2.0949
v  -3.6370 0.1818 -2.0835
v  -3.8638 0.1123 -2.3914
v  -3.9412 0.1816 -2.3895
v  -3.9255 0.1816 -2.3855
v  -3.8539 0.1159 -2.3858
v  -3.7577 0.0316 -2.3949
v  -4.3488 0.2060 -2.0030
v  -4.3491 0.2057 -2.0276
v  -4.3588 0.1961 -2.0276
v  -4.3586 0.1963 -2.0014
v  -4.1021 0.2063 -1.6930
v  -4.2085 0.2058 -1.7459
v  -4.2128 0.1957 -1.7368
v  -4.0888 0.1966 -1.6788
v  -4.3510 0.1969 -1.9454
v  -4.3365 0.2062 -1.9323
v  -4.3446 0.2065 -1.9636
v  -4.3558 0.1969 -1.9672
v  -4.0249 0.2060 -1.6786
v  -4.0445 0.2066 -1.6796
v  -4.0441 0.1969 -1.6692
v  -4.0263 0.1963 -1.6688
v  -4.3479 0.2066 -1.9848
v  -4.3582 0.1968 -1.9851
v  -4.0669 0.2062 -1.6836
v  -4.0630 0.1967 -1.6721
v  -4.2901 0.2063 -1.8303
v  -4.3004 0.1966 -1.8274
v  -3.9996 0.1961 -1.6686
v  -3.9996 0.2057 -1.6782
v  -3.7094 0.2061 -1.8305
v  -3.7909 0.2056 -1.7461
v  -3.7866 0.1954 -1.7371
v  -3.6992 0.1962 -1.8276
v  -3.6508 0.2057 -2.0031
v  -3.6517 0.2063 -1.9848
v  -3.6414 0.1963 -1.9851
v  -3.6411 0.1958 -2.0014
v  -3.9552 0.1969 -1.6692
v  -3.9548 0.2066 -1.6797
v  -3.9744 0.2060 -1.6786
v  -3.9729 0.1963 -1.6688
v  -3.6549 0.2063 -1.9637
v  -3.6630 0.2060 -1.9324
v  -3.6487 0.1966 -1.9456
v  -3.6439 0.1964 -1.9673
v  -3.9105 0.1965 -1.6789
v  -3.8971 0.2062 -1.6930
v  -3.9323 0.2062 -1.6837
v  -3.9363 0.1965 -1.6722
v  -3.6409 0.1956 -2.0276
v  -3.6504 0.2054 -2.0276
v  -4.3488 0.2060 -2.0522
v  -4.3586 0.1963 -2.0538
v  -4.2900 0.2063 -2.2249
v  -4.2084 0.2056 -2.3092
v  -4.2126 0.1955 -2.3182
v  -4.3003 0.1964 -2.2278
v  -4.3478 0.2066 -2.0704
v  -4.3582 0.1968 -2.0702
v  -4.0440 0.1966 -2.3857
v  -4.0444 0.2065 -2.3754
v  -4.0249 0.2058 -2.3764
v  -4.0263 0.1960 -2.3862
v  -4.3445 0.2065 -2.0916
v  -4.3365 0.2062 -2.1229
v  -4.3509 0.1969 -2.1097
v  -4.3557 0.1969 -2.0879
v  -4.0887 0.1963 -2.3762
v  -4.1021 0.2062 -2.3621
v  -4.0669 0.2061 -2.3714
v  -4.0629 0.1964 -2.3829
v  -3.9996 0.2055 -2.3768
v  -3.9996 0.1958 -2.3863
v  -3.6508 0.2057 -2.0521
v  -3.6411 0.1958 -2.0538
v  -3.7868 0.1952 -2.3179
v  -3.7910 0.2055 -2.3090
v  -3.7094 0.2061 -2.2247
v  -3.6993 0.1960 -2.2275
v  -3.6517 0.2063 -2.0704
v  -3.6414 0.1963 -2.0701
v  -3.9744 0.2058 -2.3764
v  -3.9548 0.2065 -2.3754
v  -3.9552 0.1966 -2.3857
v  -3.9729 0.1960 -2.3862
v  -3.6487 0.1965 -2.1096
v  -3.6630 0.2059 -2.1228
v  -3.6549 0.2063 -2.0915
v  -3.6439 0.1964 -2.0879
v  -3.9323 0.2060 -2.3714
v  -3.8972 0.2061 -2.3620
v  -3.9106 0.1962 -2.3760
v  -3.9363 0.1963 -2.3828
v  -4.3341 0.2107 -2.0049
v  -4.2777 0.2107 -2.0088
v  -4.2783 0.2106 -2.0276
v  -4.3348 0.2106 -2.0276
v  -4.1134 0.2108 -1.7121
v  -4.0942 0.2108 -1.7653
v  -4.1670 0.2107 -1.8045
v  -4.2009 0.2107 -1.7593
v  -4.3175 0.2107 -1.9209
v  -4.2640 0.2107 -1.9389
v  -4.2730 0.2108 -1.9724
v  -4.3284 0.2108 -1.9612
v  -4.0231 0.2107 -1.6932
v  -4.0191 0.2107 -1.7495
v  -4.0366 0.2108 -1.7512
v  -4.0441 0.2108 -1.6952
v  -4.3323 0.2108 -1.9852
v  -4.2763 0.2108 -1.9923
v  -4.0698 0.2107 -1.6998
v  -4.0580 0.2107 -1.7550
v  -4.2289 0.2108 -1.8686
v  -4.2753 0.2108 -1.8364
v  -3.9996 0.2106 -1.6924
v  -3.9996 0.2106 -1.7489
v  -3.7243 0.2103 -1.8367
v  -3.7707 0.2103 -1.8688
v  -3.8323 0.2106 -1.8046
v  -3.7984 0.2106 -1.7594
v  -3.6652 0.2106 -2.0049
v  -3.7215 0.2106 -2.0088
v  -3.7230 0.2108 -1.9923
v  -3.6670 0.2108 -1.9852
v  -3.9551 0.2108 -1.6952
v  -3.9626 0.2108 -1.7512
v  -3.9801 0.2107 -1.7495
v  -3.9761 0.2107 -1.6932
v  -3.6709 0.2108 -1.9612
v  -3.7263 0.2108 -1.9724
v  -3.7353 0.2106 -1.9389
v  -3.6818 0.2106 -1.9209
v  -3.8858 0.2108 -1.7121
v  -3.9050 0.2108 -1.7653
v  -3.9412 0.2107 -1.7550
v  -3.9294 0.2107 -1.6998
v  -3.6645 0.2105 -2.0276
v  -3.7209 0.2105 -2.0276
v  -4.2777 0.2107 -2.0464
v  -4.3341 0.2107 -2.0502
v  -4.2753 0.2108 -2.2188
v  -4.2288 0.2108 -2.1866
v  -4.1670 0.2106 -2.2506
v  -4.2009 0.2106 -2.2958
v  -4.2762 0.2108 -2.0629
v  -4.3323 0.2108 -2.0700
v  -4.0441 0.2108 -2.3600
v  -4.0366 0.2108 -2.3040
v  -4.0191 0.2106 -2.3056
v  -4.0231 0.2106 -2.3620
v  -4.3282 0.2108 -2.0940
v  -4.2728 0.2106 -2.0828
v  -4.2639 0.2107 -2.1163
v  -4.3175 0.2107 -2.1343
v  -4.1134 0.2108 -2.3430
v  -4.0942 0.2108 -2.2899
v  -4.0580 0.2107 -2.3001
v  -4.0698 0.2107 -2.3554
v  -3.9996 0.2106 -2.3063
v  -3.9996 0.2106 -2.3627
v  -3.6652 0.2106 -2.0502
v  -3.7215 0.2106 -2.0464
v  -3.7984 0.2106 -2.2958
v  -3.8323 0.2106 -2.2506
v  -3.7704 0.2108 -2.1866
v  -3.7240 0.2108 -2.2188
v  -3.6670 0.2108 -2.0700
v  -3.7230 0.2108 -2.0629
v  -3.9761 0.2106 -2.3620
v  -3.9801 0.2106 -2.3056
v  -3.9626 0.2108 -2.3039
v  -3.9551 0.2108 -2.3599
v  -3.6818 0.2106 -2.1343
v  -3.7353 0.2106 -2.1163
v  -3.7263 0.2108 -2.0828
v  -3.6709 0.2108 -2.0940
v  -3.9294 0.2107 -2.3554
v  -3.9413 0.2107 -2.3001
v  -3.9050 0.2108 -2.2899
v  -3.8858 0.2108 -2.3430
v  -4.8267 -2.0115 -1.1830
v  -3.9996 -2.0115 -1.1806
v  -3.9996 -1.9787 -1.1806
v  -4.8267 -1.9787 -1.1830
v  -4.8467 -2.0115 -1.2030
v  -4.8442 -2.0115 -1.1923
v  -4.8442 -1.9787 -1.1923
v  -4.8467 -1.9787 -1.2030
v  -4.8374 -2.0115 -1.1855
v  -4.8374 -1.9787 -1.1855
v  -3.1525 -2.0115 -1.2030
v  -3.1529 -2.0115 -2.0276
v  -3.1529 -1.9787 -2.0276
v  -3.1525 -1.9787 -1.2030
v  -3.1725 -2.0115 -1.1830
v  -3.1725 -1.9787 -1.1830
v  -3.1550 -2.0115 -1.1923
v  -3.1550 -1.9787 -1.1923
v  -3.1618 -2.0115 -1.1855
v  -3.1618 -1.9787 -1.1855
v  -4.8463 -2.0115 -2.0276
v  -4.8463 -1.9787 -2.0276
v  -3.9996 -2.0115 -2.8746
v  -4.8267 -2.0115 -2.8722
v  -4.8267 -1.9787 -2.8722
v  -3.9996 -1.9787 -2.8746
v  -4.8442 -2.0115 -2.8629
v  -4.8467 -2.0115 -2.8522
v  -4.8467 -1.9787 -2.8522
v  -4.8442 -1.9787 -2.8629
v  -4.8374 -2.0115 -2.8697
v  -4.8374 -1.9787 -2.8697
v  -3.1725 -2.0115 -2.8722
v  -3.1725 -1.9787 -2.8722
v  -3.1525 -2.0115 -2.8522
v  -3.1550 -2.0115 -2.8629
v  -3.1550 -1.9787 -2.8629
v  -3.1525 -1.9787 -2.8522
v  -3.1618 -2.0115 -2.8697
v  -3.1618 -1.9787 -2.8697
v  -4.7952 -2.0215 -1.2151
v  -3.9996 -2.0215 -1.2128
v  -3.9996 -2.0215 -1.1906
v  -4.8177 -2.0215 -1.1921
v  -4.8375 -2.0215 -1.2120
v  -4.8144 -2.0215 -1.2344
v  -4.8120 -2.0215 -1.2242
v  -4.8365 -2.0215 -1.2000
v  -4.8055 -2.0215 -1.2176
v  -4.8298 -2.0215 -1.1932
v  -3.1848 -2.0215 -1.2344
v  -3.1852 -2.0215 -2.0276
v  -3.1629 -2.0215 -2.0276
v  -3.1617 -2.0215 -1.2120
v  -3.2040 -2.0215 -1.2151
v  -3.1815 -2.0215 -1.1921
v  -3.1872 -2.0215 -1.2242
v  -3.1627 -2.0215 -1.2000
v  -3.1937 -2.0215 -1.2176
v  -3.1694 -2.0215 -1.1932
v  -4.8363 -2.0215 -2.0276
v  -4.8140 -2.0215 -2.0276
v  -3.9996 -2.0215 -2.8646
v  -3.9996 -2.0215 -2.8424
v  -4.7952 -2.0215 -2.8401
v  -4.8177 -2.0215 -2.8631
v  -4.8120 -2.0215 -2.8310
v  -4.8144 -2.0215 -2.8208
v  -4.8375 -2.0215 -2.8432
v  -4.8365 -2.0215 -2.8552
v  -4.8055 -2.0215 -2.8376
v  -4.8298 -2.0215 -2.8620
v  -3.2040 -2.0215 -2.8401
v  -3.1815 -2.0215 -2.8631
v  -3.1617 -2.0215 -2.8432
v  -3.1848 -2.0215 -2.8208
v  -3.1872 -2.0215 -2.8310
v  -3.1627 -2.0215 -2.8552
v  -3.1937 -2.0215 -2.8376
v  -3.1694 -2.0215 -2.8620
v  -4.8267 -1.9687 -1.1830
v  -3.9996 -1.9687 -1.1806
v  -3.9996 -1.9594 -1.1841
v  -4.8232 -1.9595 -1.1865
v  -4.8467 -1.9687 -1.2030
v  -4.8442 -1.9687 -1.1923
v  -4.8374 -1.9687 -1.1855
v  -3.1725 -1.9687 -1.1830
v  -3.1760 -1.9595 -1.1865
v  -3.1550 -1.9687 -1.1923
v  -3.1525 -1.9687 -1.2030
v  -3.1618 -1.9687 -1.1855
v  -4.8463 -1.9687 -2.0276
v  -3.1529 -1.9687 -2.0276
v  -3.1565 -1.9594 -2.0276
v  -3.9996 -1.9687 -2.8746
v  -4.8267 -1.9687 -2.8722
v  -4.8232 -1.9595 -2.8687
v  -3.9996 -1.9594 -2.8711
v  -4.8442 -1.9687 -2.8629
v  -4.8467 -1.9687 -2.8522
v  -4.8374 -1.9687 -2.8697
v  -3.1725 -1.9687 -2.8722
v  -3.1760 -1.9595 -2.8687
v  -3.1525 -1.9687 -2.8522
v  -3.1550 -1.9687 -2.8629
v  -3.1618 -1.9687 -2.8697
v  -4.8267 -2.0215 -1.1830
v  -3.9996 -2.0215 -1.1806
v  -4.8467 -2.0215 -1.2030
v  -4.8442 -2.0215 -1.1923
v  -4.8374 -2.0215 -1.1855
v  -3.1525 -2.0215 -1.2030
v  -3.1529 -2.0215 -2.0276
v  -3.1725 -2.0215 -1.1830
v  -3.1550 -2.0215 -1.1923
v  -3.1618 -2.0215 -1.1855
v  -4.8463 -2.0215 -2.0276
v  -3.9996 -2.0215 -2.8746
v  -4.8267 -2.0215 -2.8722
v  -4.8442 -2.0215 -2.8629
v  -4.8467 -2.0215 -2.8522
v  -4.8374 -2.0215 -2.8697
v  -3.1725 -2.0215 -2.8722
v  -3.1525 -2.0215 -2.8522
v  -3.1550 -2.0215 -2.8629
v  -3.1618 -2.0215 -2.8697
v  -3.6913 0.2089 -1.8995
v  -3.7637 0.2089 -1.7911
v  -3.8721 0.2089 -1.7186
v  -3.6913 0.2089 -2.1553
v  -4.0000 0.2089 -1.6932
v  -4.1279 0.2089 -1.7186
v  -4.3088 0.2089 -1.8995
v  -4.2363 0.2089 -1.7911
v  -4.3342 0.2089 -2.0274
v  -4.3088 0.2089 -2.1553
v  -4.1279 0.2089 -2.3361
v  -4.2363 0.2089 -2.2637
v  -4.0000 0.2089 -2.3616
v  -3.8721 0.2089 -2.3361
v  -3.7637 0.2089 -2.2637
v  -3.6658 0.2089 -2.0274
v  -3.7637 0.2288 -2.2637
v  -3.8721 0.2288 -2.3361
v  -4.0000 0.2288 -2.3616
v  -3.6658 0.2288 -2.0274
v  -4.1279 0.2288 -2.3361
v  -4.2363 0.2288 -2.2637
v  -4.3342 0.2288 -2.0274
v  -4.3088 0.2288 -2.1553
v  -4.3088 0.2288 -1.8995
v  -4.2363 0.2288 -1.7911
v  -4.0000 0.2288 -1.6932
v  -4.1279 0.2288 -1.7186
v  -3.8721 0.2288 -1.7186
v  -3.7637 0.2288 -1.7911
v  -3.6913 0.2288 -1.8995
v  -3.6913 0.2288 -2.1553
v  -3.6818 0.2089 -2.1592
v  -3.6556 0.2089 -2.0274
v  -3.6818 0.2089 -1.8956
v  -3.7565 0.2089 -1.7839
v  -3.8682 0.2089 -1.7092
v  -4.0000 0.2089 -1.6830
v  -4.1318 0.2089 -1.7092
v  -4.2435 0.2089 -1.7839
v  -4.3182 0.2089 -1.8956
v  -4.3444 0.2089 -2.0274
v  -4.3182 0.2089 -2.1592
v  -4.2435 0.2089 -2.2709
v  -4.1318 0.2089 -2.3455
v  -4.0000 0.2089 -2.3718
v  -3.8682 0.2089 -2.3455
v  -3.7565 0.2089 -2.2709
v  -3.6556 0.2288 -2.0274
v  -3.6818 0.2288 -2.1592
v  -3.7565 0.2288 -2.2709
v  -3.8682 0.2288 -2.3455
v  -4.0000 0.2288 -2.3718
v  -4.1318 0.2288 -2.3455
v  -4.2435 0.2288 -2.2709
v  -4.3182 0.2288 -2.1592
v  -4.3444 0.2288 -2.0274
v  -4.3182 0.2288 -1.8956
v  -4.2435 0.2288 -1.7839
v  -4.1318 0.2288 -1.7092
v  -4.0000 0.2288 -1.6830
v  -3.8682 0.2288 -1.7092
v  -3.7565 0.2288 -1.7839
v  -3.6818 0.2288 -1.8956
v  -3.6724 0.2288 -2.1631
v  -3.6454 0.2288 -2.0274
v  -3.6454 0.2188 -2.0274
v  -3.6724 0.2188 -2.1631
v  -3.6454 0.2089 -2.0274
v  -3.6724 0.2089 -2.1631
v  -3.7493 0.2288 -2.2781
v  -3.7493 0.2188 -2.2781
v  -3.7493 0.2089 -2.2781
v  -3.8643 0.2288 -2.3550
v  -3.8643 0.2188 -2.3550
v  -3.8643 0.2089 -2.3550
v  -4.0000 0.2288 -2.3820
v  -4.0000 0.2188 -2.3820
v  -4.0000 0.2089 -2.3820
v  -4.1357 0.2288 -2.3550
v  -4.1357 0.2188 -2.3550
v  -4.1357 0.2089 -2.3550
v  -4.2507 0.2288 -2.2781
v  -4.2507 0.2188 -2.2781
v  -4.2507 0.2089 -2.2781
v  -4.3276 0.2288 -2.1631
v  -4.3276 0.2188 -2.1631
v  -4.3276 0.2089 -2.1631
v  -4.3546 0.2288 -2.0274
v  -4.3546 0.2188 -2.0274
v  -4.3546 0.2089 -2.0274
v  -4.3276 0.2288 -1.8917
v  -4.3276 0.2188 -1.8917
v  -4.3276 0.2089 -1.8917
v  -4.2507 0.2288 -1.7767
v  -4.2507 0.2188 -1.7767
v  -4.2507 0.2089 -1.7767
v  -4.1357 0.2288 -1.6998
v  -4.1357 0.2188 -1.6998
v  -4.1357 0.2089 -1.6998
v  -4.0000 0.2288 -1.6728
v  -4.0000 0.2188 -1.6728
v  -4.0000 0.2089 -1.6728
v  -3.8643 0.2288 -1.6998
v  -3.8643 0.2188 -1.6998
v  -3.8643 0.2089 -1.6998
v  -3.7493 0.2288 -1.7767
v  -3.7493 0.2188 -1.7767
v  -3.7493 0.2089 -1.7767
v  -3.6724 0.2288 -1.8917
v  -3.6724 0.2188 -1.8917
v  -3.6724 0.2089 -1.8917
v  -4.3475 0.4256 -1.9625
v  -4.3535 0.4254 -2.0290
v  -4.3520 0.2395 -2.0290
v  -4.3451 0.2393 -1.9595
v  -4.2920 0.2395 -1.8315
v  -4.2870 0.4272 -1.8245
v  -4.3248 0.4255 -1.8928
v  -4.3247 0.2395 -1.8928
v  -4.1954 0.4003 -1.7351
v  -4.2354 0.4287 -1.7656
v  -4.2482 0.2395 -1.7778
v  -4.1953 0.2394 -1.7350
v  -4.0683 0.3675 -1.6839
v  -4.1345 0.3752 -1.7024
v  -4.1344 0.2395 -1.7026
v  -4.0684 0.2395 -1.6826
v  -3.9314 0.2395 -1.6826
v  -3.9313 0.3679 -1.6831
v  -3.9999 0.3652 -1.6761
v  -3.9999 0.2395 -1.6754
v  -3.8045 0.2395 -1.7351
v  -3.8047 0.3957 -1.7349
v  -3.8653 0.3755 -1.7024
v  -3.8654 0.2395 -1.7027
v  -3.7073 0.3957 -1.8320
v  -3.7511 0.4625 -1.7785
v  -3.7511 0.2395 -1.7785
v  -3.7076 0.2395 -1.8320
v  -3.6549 0.3677 -1.9596
v  -3.6752 0.3755 -1.8929
v  -3.6753 0.2395 -1.8929
v  -3.6550 0.2395 -1.9596
v  -3.6483 0.3674 -2.0290
v  -3.6481 0.2395 -2.0290
v  -4.1319 0.3830 -1.7027
v  -4.1286 0.3895 -1.7053
v  -4.1889 0.4104 -1.7356
v  -4.1925 0.4057 -1.7347
v  -4.0007 0.3742 -1.6790
v  -4.0003 0.3809 -1.6836
v  -4.0657 0.3826 -1.6889
v  -4.0669 0.3768 -1.6853
v  -3.8697 0.3901 -1.7068
v  -3.9338 0.3825 -1.6892
v  -3.9324 0.3757 -1.6852
v  -3.8671 0.3836 -1.7032
v  -3.7554 0.4666 -1.7755
v  -3.7613 0.4695 -1.7735
v  -3.8105 0.4097 -1.7354
v  -3.8072 0.4031 -1.7341
v  -4.2267 0.4392 -1.7605
v  -4.2315 0.4342 -1.7620
v  -3.6756 0.3828 -1.8946
v  -3.6781 0.3891 -1.8969
v  -3.7069 0.4084 -1.8388
v  -3.7063 0.4024 -1.8351
v  -3.6551 0.3808 -2.0290
v  -3.6605 0.3821 -1.9614
v  -3.6565 0.3757 -1.9603
v  -3.6502 0.3742 -2.0290
v  -3.7464 0.4685 -1.7872
v  -3.7485 0.4658 -1.7818
v  -3.7518 0.4700 -1.7792
v  -3.7563 0.4753 -1.7779
v  -4.3579 0.4748 -1.9619
v  -4.3924 0.5089 -1.9502
v  -4.3963 0.5082 -2.0290
v  -4.3629 0.4746 -2.0290
v  -4.3801 0.5093 -1.9013
v  -4.3403 0.4749 -1.8949
v  -4.3562 0.5103 -1.8408
v  -4.3045 0.4747 -1.8258
v  -4.3354 0.5132 -1.7958
v  -4.2751 0.4749 -1.7856
v  -4.4535 0.5228 -2.0290
v  -4.4252 0.5228 -1.8745
v  -4.3916 0.5232 -1.7984
v  -4.2676 0.4832 -1.7779
v  -4.2719 0.4788 -1.7808
v  -4.3303 0.5229 -1.7829
v  -4.3333 0.5171 -1.7879
v  -4.3908 0.5323 -1.7842
v  -4.3913 0.5265 -1.7901
v  -4.3265 0.5305 -1.7804
v  -4.2626 0.4881 -1.7771
v  -4.2625 0.5180 -1.7800
v  -4.3265 0.5580 -1.7804
v  -4.3902 0.5404 -1.7808
v  -4.3902 0.5672 -1.7803
v  -3.7097 0.4136 -1.8433
v  -3.7100 0.4134 -1.9212
v  -3.7457 0.4705 -1.8713
v  -3.7457 0.4705 -1.7934
v  -3.6670 0.3870 -1.9628
v  -3.6617 0.3849 -2.0290
v  -3.7102 0.4136 -2.0290
v  -3.7457 0.4705 -2.0290
v  -3.8727 0.3958 -1.7121
v  -3.8147 0.4152 -1.7392
v  -3.9998 0.4148 -1.7388
v  -3.9987 0.3951 -1.7113
v  -4.1848 0.4145 -1.7382
v  -3.9943 0.4572 -1.7682
v  -4.2208 0.4440 -1.7614
v  -4.0180 0.4925 -1.7777
v  -3.7512 0.4969 -1.8759
v  -3.7512 0.4968 -1.8000
v  -3.7512 0.4969 -2.0290
v  -3.7586 0.4802 -1.7780
v  -3.7512 0.4800 -1.7848
v  -3.7548 0.4979 -1.7889
v  -3.7622 0.4979 -1.7818
v  -4.0185 0.5215 -1.7802
v  -3.7530 0.5264 -1.8759
v  -3.7530 0.5258 -1.8020
v  -3.7530 0.5264 -2.0290
v  -3.7563 0.5257 -1.7909
v  -3.7635 0.5254 -1.7837
v  -4.2625 0.9424 -1.7804
v  -4.3265 0.9462 -1.7802
v  -4.3902 0.9471 -1.7800
v  -3.7746 0.5249 -1.7804
v  -3.7747 0.9431 -1.7804
v  -4.0186 0.9428 -1.7804
v  -3.7530 0.9432 -1.8759
v  -3.7530 0.9432 -1.8025
v  -3.7530 0.9432 -2.0290
v  -3.7634 0.9431 -1.7837
v  -3.7562 0.9431 -1.7911
v  -4.2625 1.0096 -1.7930
v  -4.3265 1.0098 -1.7926
v  -4.3267 1.0006 -1.7838
v  -4.2625 1.0007 -1.7843
v  -4.3901 1.0100 -1.7922
v  -4.3901 1.0010 -1.7835
v  -3.7745 1.0098 -1.7935
v  -4.0185 1.0097 -1.7932
v  -4.0184 1.0004 -1.7842
v  -3.7744 1.0002 -1.7841
v  -4.2625 1.0137 -1.8067
v  -4.2625 1.0137 -1.8740
v  -4.3265 1.0139 -1.8736
v  -4.3265 1.0139 -1.8063
v  -4.3902 1.0140 -1.8733
v  -4.3902 1.0140 -1.8060
v  -4.0186 1.0137 -1.8067
v  -4.0186 1.0138 -1.8739
v  -4.2625 1.0137 -2.0290
v  -4.3265 1.0139 -2.0290
v  -4.3902 1.0140 -2.0290
v  -3.7747 1.0138 -2.0290
v  -4.0186 1.0138 -2.0290
v  -3.7747 1.0138 -1.8739
v  -3.7548 1.0004 -1.8753
v  -3.7548 1.0004 -2.0290
v  -3.7619 1.0094 -2.0290
v  -3.7619 1.0094 -1.8746
v  -3.7624 1.0093 -1.8031
v  -3.7553 1.0003 -1.8018
v  -3.7637 1.0058 -1.7931
v  -3.7638 0.9985 -1.7867
v  -3.7565 0.9973 -1.7945
v  -5.4085 0.5068 -1.8782
v  -5.4173 0.5063 -2.0290
v  -4.9358 0.5204 -2.0290
v  -4.9226 0.5206 -1.8903
v  -5.3897 0.5080 -1.7811
v  -4.8891 0.5209 -1.7980
v  -5.3890 0.5114 -1.7706
v  -4.8892 0.5240 -1.7870
v  -4.8893 0.5309 -1.7798
v  -5.3887 0.5184 -1.7636
v  -5.3872 1.0078 -1.7595
v  -5.3874 0.9668 -1.7598
v  -4.8897 0.9529 -1.7761
v  -4.8896 0.9916 -1.7757
v  -5.3889 0.5761 -1.7600
v  -5.3886 0.5289 -1.7602
v  -4.8896 0.5417 -1.7763
v  -4.8906 0.5849 -1.7761
v  -5.3864 1.0212 -1.7636
v  -4.8893 1.0049 -1.7797
v  -4.8892 1.0137 -1.7884
v  -5.3861 1.0299 -1.7725
v  -5.3849 1.0336 -2.0290
v  -5.3852 1.0336 -1.8707
v  -4.8881 1.0174 -1.8720
v  -4.8880 1.0174 -2.0290
v  -5.3863 1.0339 -1.7860
v  -4.8892 1.0177 -1.8018
v  -6.3758 0.4094 -1.8542
v  -6.3758 0.4094 -2.0290
v  -5.8977 0.4723 -2.0290
v  -5.8933 0.4727 -1.8662
v  -5.8860 0.4737 -1.7454
v  -6.3758 0.4094 -1.6835
v  -6.3750 0.4126 -1.6729
v  -5.8848 0.4773 -1.7347
v  -5.8843 0.4854 -1.7273
v  -6.3751 0.4196 -1.6656
v  -5.8814 1.0461 -1.7246
v  -6.3758 1.1135 -1.6621
v  -6.3758 1.0547 -1.6621
v  -5.8818 0.9992 -1.7246
v  -6.3758 0.4948 -1.6621
v  -6.3758 0.4303 -1.6622
v  -5.8846 0.4964 -1.7243
v  -5.8865 0.5530 -1.7241
v  -6.3752 1.1265 -1.6659
v  -5.8808 1.0586 -1.7286
v  -5.8811 1.0670 -1.7368
v  -6.3753 1.1352 -1.6740
v  -6.3759 1.1397 -2.0290
v  -6.3759 1.1397 -1.8681
v  -5.8810 1.0710 -1.8694
v  -5.8806 1.0709 -2.0290
v  -6.3758 1.1395 -1.6867
v  -5.8823 1.0712 -1.7493
v  -3.6828 0.3942 -1.8997
v  -4.2625 0.9870 -1.7804
v  -4.3265 0.9870 -1.7802
v  -4.3902 0.9870 -1.7800
v  -3.7747 0.9870 -1.7804
v  -4.0186 0.9870 -1.7804
v  -3.7530 0.9870 -1.8759
v  -3.7530 0.9870 -1.8026
v  -3.7530 0.9870 -2.0290
v  -3.7636 0.9867 -1.7836
v  -3.7563 0.9868 -1.7909
v  -6.3900 0.4116 -1.8542
v  -6.3900 0.4116 -2.0290
v  -6.3833 0.4094 -2.0290
v  -6.3833 0.4094 -1.8542
v  -6.3899 0.4116 -1.6824
v  -6.3832 0.4095 -1.6825
v  -6.3835 0.4127 -1.6724
v  -6.3834 0.4192 -1.6656
v  -6.3912 0.4209 -1.6680
v  -6.3912 0.4151 -1.6740
v  -6.3898 1.1145 -1.6642
v  -6.3898 1.0547 -1.6643
v  -6.3832 1.0547 -1.6622
v  -6.3831 1.1144 -1.6621
v  -6.3898 0.4948 -1.6642
v  -6.3898 0.4292 -1.6643
v  -6.3831 0.4293 -1.6623
v  -6.3832 0.4948 -1.6621
v  -6.3835 1.1269 -1.6659
v  -6.3835 1.1354 -1.6737
v  -6.3911 1.1332 -1.6752
v  -6.3914 1.1254 -1.6682
v  -6.3892 1.1369 -2.0290
v  -6.3891 1.1369 -1.8681
v  -6.3825 1.1390 -1.8681
v  -6.3825 1.1390 -2.0290
v  -6.3896 1.1378 -1.6862
v  -6.3826 1.1392 -1.6865
v  -6.3959 0.4160 -1.8542
v  -6.3959 0.4160 -2.0290
v  -6.3959 0.4161 -1.6832
v  -6.3973 0.4243 -1.6724
v  -6.3974 0.4202 -1.6764
v  -6.3957 1.1136 -1.6686
v  -6.3957 1.0547 -1.6686
v  -6.3957 0.4948 -1.6686
v  -6.3957 0.4301 -1.6687
v  -6.3978 1.1285 -1.6787
v  -6.3978 1.1218 -1.6728
v  -6.3958 1.1333 -2.0290
v  -6.3958 1.1334 -1.8681
v  -6.3958 1.1332 -1.6865
v  -6.4828 0.5019 -1.8551
v  -6.4828 0.5019 -2.0290
v  -6.4828 0.5019 -1.7706
v  -6.4844 0.5106 -1.7584
v  -6.4846 0.5056 -1.7639
v  -6.4821 0.5713 -1.7540
v  -6.4822 0.5167 -1.7541
v  -6.4824 0.9773 -1.7543
v  -6.4826 1.0280 -1.7544
v  -6.4850 1.0425 -1.7654
v  -6.4849 1.0361 -1.7591
v  -6.4822 1.0480 -1.8693
v  -6.4829 1.0473 -1.7734
v  -6.4821 1.0481 -2.0290
v  -6.4890 0.5126 -1.8541
v  -6.4890 0.5126 -2.0290
v  -6.4867 0.5069 -2.0290
v  -6.4867 0.5070 -1.8546
v  -6.4867 0.5070 -1.7702
v  -6.4890 0.5127 -1.7702
v  -6.4876 0.5101 -1.7657
v  -6.4874 0.5139 -1.7618
v  -6.4892 0.5162 -1.7665
v  -6.4892 0.5144 -1.7683
v  -6.4862 0.5721 -1.7588
v  -6.4887 0.5729 -1.7643
v  -6.4889 0.5181 -1.7648
v  -6.4860 0.5182 -1.7585
v  -6.4888 0.9770 -1.7645
v  -6.4863 0.9771 -1.7590
v  -6.4863 1.0293 -1.7591
v  -6.4887 1.0303 -1.7645
v  -6.4890 1.0338 -1.7677
v  -6.4874 1.0344 -1.7627
v  -6.4874 1.0388 -1.7671
v  -6.4888 1.0373 -1.8694
v  -6.4887 1.0370 -1.7712
v  -6.4865 1.0425 -1.7721
v  -6.4863 1.0430 -1.8694
v  -6.4888 1.0374 -2.0290
v  -6.4863 1.0431 -2.0290
v  -6.4898 0.5190 -1.8537
v  -6.4898 0.5190 -2.0290
v  -6.4898 0.5190 -1.7705
v  -6.4898 0.5736 -1.7705
v  -6.4897 0.9767 -1.7705
v  -6.4897 1.0309 -1.7706
v  -6.4898 1.0310 -1.8695
v  -6.4898 1.0310 -2.0290
v  -3.7735 0.4969 -1.7785
v  -3.7678 0.4712 -1.7732
v  -3.7747 1.0137 -1.8067
v  -3.7510 0.4750 -1.7828
v  -4.1248 0.3947 -1.7105
v  -3.9998 0.3850 -1.6894
v  -4.0640 0.3871 -1.6946
v  -3.9355 0.3875 -1.6955
v  -6.4898 0.5735 -2.0290
v  -6.4898 0.5735 -1.8554
v  -6.4898 0.9765 -1.8678
v  -6.4898 0.9765 -2.0290
v  -4.3475 0.4256 -2.0954
v  -4.3451 0.2393 -2.0984
v  -4.3248 0.4255 -2.1651
v  -4.2870 0.4272 -2.2335
v  -4.2920 0.2395 -2.2264
v  -4.3247 0.2395 -2.1651
v  -4.2482 0.2395 -2.2801
v  -4.2354 0.4287 -2.2923
v  -4.1954 0.4003 -2.3228
v  -4.1953 0.2394 -2.3230
v  -4.1344 0.2395 -2.3553
v  -4.1345 0.3752 -2.3555
v  -4.0683 0.3675 -2.3740
v  -4.0684 0.2395 -2.3753
v  -3.9999 0.3652 -2.3818
v  -3.9313 0.3679 -2.3749
v  -3.9314 0.2395 -2.3753
v  -3.9999 0.2395 -2.3825
v  -3.8653 0.3755 -2.3555
v  -3.8047 0.3957 -2.3231
v  -3.8045 0.2395 -2.3229
v  -3.8654 0.2395 -2.3553
v  -3.7511 0.2395 -2.2794
v  -3.7511 0.4625 -2.2794
v  -3.7073 0.3957 -2.2259
v  -3.7076 0.2395 -2.2259
v  -3.6753 0.2395 -2.1650
v  -3.6752 0.3755 -2.1651
v  -3.6549 0.3677 -2.0984
v  -3.6550 0.2395 -2.0984
v  -4.1319 0.3830 -2.3552
v  -4.1925 0.4057 -2.3233
v  -4.1889 0.4104 -2.3223
v  -4.1286 0.3895 -2.3526
v  -4.0006 0.3742 -2.3790
v  -4.0669 0.3768 -2.3727
v  -4.0657 0.3826 -2.3690
v  -4.0003 0.3809 -2.3744
v  -3.9324 0.3757 -2.3727
v  -3.9338 0.3825 -2.3687
v  -3.8697 0.3901 -2.3511
v  -3.8671 0.3836 -2.3548
v  -3.7554 0.4666 -2.2825
v  -3.8072 0.4031 -2.3238
v  -3.8105 0.4097 -2.3225
v  -3.7613 0.4695 -2.2844
v  -4.2315 0.4342 -2.2959
v  -4.2267 0.4392 -2.2974
v  -3.6756 0.3828 -2.1634
v  -3.7063 0.4024 -2.2229
v  -3.7069 0.4084 -2.2192
v  -3.6781 0.3891 -2.1611
v  -3.6565 0.3757 -2.0977
v  -3.6605 0.3821 -2.0966
v  -3.7485 0.4658 -2.2761
v  -3.7464 0.4685 -2.2707
v  -3.7563 0.4753 -2.2800
v  -3.7518 0.4700 -2.2787
v  -4.3579 0.4748 -2.0960
v  -4.3924 0.5089 -2.1077
v  -4.3801 0.5093 -2.1567
v  -4.3403 0.4749 -2.1630
v  -4.3562 0.5103 -2.2172
v  -4.3045 0.4747 -2.2321
v  -4.3354 0.5132 -2.2622
v  -4.2751 0.4749 -2.2723
v  -4.4252 0.5228 -2.1834
v  -4.3916 0.5232 -2.2595
v  -4.2719 0.4788 -2.2772
v  -4.2676 0.4832 -2.2800
v  -4.3333 0.5171 -2.2700
v  -4.3303 0.5229 -2.2751
v  -4.3913 0.5265 -2.2679
v  -4.3908 0.5323 -2.2737
v  -4.3265 0.5305 -2.2775
v  -4.3265 0.5580 -2.2776
v  -4.2625 0.5180 -2.2779
v  -4.2626 0.4881 -2.2808
v  -4.3902 0.5404 -2.2771
v  -4.3902 0.5672 -2.2777
v  -3.7457 0.4705 -2.1866
v  -3.7100 0.4134 -2.1368
v  -3.7097 0.4136 -2.2146
v  -3.7457 0.4705 -2.2645
v  -3.6670 0.3870 -2.0952
v  -3.8727 0.3958 -2.3459
v  -3.9987 0.3951 -2.3466
v  -3.9998 0.4148 -2.3192
v  -3.8147 0.4152 -2.3188
v  -3.9943 0.4572 -2.2897
v  -4.1848 0.4145 -2.3197
v  -4.2208 0.4440 -2.2965
v  -4.0180 0.4925 -2.2803
v  -3.7512 0.4968 -2.2580
v  -3.7512 0.4969 -2.1820
v  -3.7586 0.4802 -2.2799
v  -3.7622 0.4979 -2.2762
v  -3.7548 0.4979 -2.2690
v  -3.7512 0.4800 -2.2731
v  -4.0185 0.5215 -2.2777
v  -3.7530 0.5258 -2.2560
v  -3.7530 0.5264 -2.1820
v  -3.7635 0.5254 -2.2743
v  -3.7563 0.5257 -2.2671
v  -4.3265 0.9462 -2.2777
v  -4.2625 0.9424 -2.2775
v  -4.3902 0.9471 -2.2779
v  -3.7746 0.5249 -2.2775
v  -4.0186 0.9428 -2.2776
v  -3.7747 0.9431 -2.2775
v  -3.7530 0.9432 -2.2554
v  -3.7530 0.9432 -2.1820
v  -3.7634 0.9431 -2.2742
v  -3.7562 0.9431 -2.2668
v  -4.3267 1.0006 -2.2741
v  -4.3265 1.0098 -2.2654
v  -4.2625 1.0096 -2.2649
v  -4.2625 1.0007 -2.2737
v  -4.3901 1.0010 -2.2744
v  -4.3901 1.0100 -2.2658
v  -4.0184 1.0004 -2.2737
v  -4.0185 1.0097 -2.2647
v  -3.7745 1.0098 -2.2645
v  -3.7744 1.0002 -2.2738
v  -4.3265 1.0139 -2.1843
v  -4.2625 1.0137 -2.1840
v  -4.2625 1.0137 -2.2513
v  -4.3265 1.0139 -2.2516
v  -4.3902 1.0140 -2.1847
v  -4.3902 1.0140 -2.2519
v  -4.0186 1.0138 -2.1840
v  -4.0186 1.0137 -2.2513
v  -3.7747 1.0138 -2.1840
v  -3.7548 1.0004 -2.1827
v  -3.7619 1.0094 -2.1833
v  -3.7624 1.0093 -2.2548
v  -3.7553 1.0003 -2.2561
v  -3.7637 1.0058 -2.2648
v  -3.7565 0.9973 -2.2634
v  -3.7638 0.9985 -2.2712
v  -5.4085 0.5068 -2.1798
v  -4.9226 0.5206 -2.1677
v  -5.3897 0.5080 -2.2769
v  -4.8891 0.5209 -2.2599
v  -4.8893 0.5309 -2.2781
v  -4.8892 0.5240 -2.2709
v  -5.3890 0.5114 -2.2874
v  -5.3887 0.5184 -2.2943
v  -4.8897 0.9529 -2.2819
v  -5.3874 0.9668 -2.2982
v  -5.3872 1.0078 -2.2984
v  -4.8896 0.9916 -2.2823
v  -4.8896 0.5417 -2.2817
v  -5.3886 0.5289 -2.2977
v  -5.3889 0.5761 -2.2979
v  -4.8906 0.5849 -2.2818
v  -4.8892 1.0137 -2.2695
v  -4.8893 1.0049 -2.2782
v  -5.3864 1.0212 -2.2943
v  -5.3861 1.0299 -2.2855
v  -4.8881 1.0174 -2.1860
v  -5.3852 1.0336 -2.1872
v  -4.8892 1.0177 -2.2562
v  -5.3863 1.0339 -2.2719
v  -6.3758 0.4094 -2.2037
v  -5.8933 0.4727 -2.1917
v  -5.8860 0.4737 -2.3126
v  -6.3758 0.4094 -2.3744
v  -5.8843 0.4854 -2.3307
v  -5.8848 0.4773 -2.3232
v  -6.3750 0.4126 -2.3850
v  -6.3751 0.4196 -2.3923
v  -5.8814 1.0461 -2.3333
v  -5.8818 0.9992 -2.3334
v  -6.3758 1.0547 -2.3958
v  -6.3758 1.1135 -2.3958
v  -5.8846 0.4964 -2.3337
v  -6.3758 0.4303 -2.3958
v  -6.3758 0.4948 -2.3959
v  -5.8865 0.5530 -2.3339
v  -5.8811 1.0670 -2.3211
v  -5.8808 1.0586 -2.3293
v  -6.3752 1.1265 -2.3921
v  -6.3753 1.1352 -2.3839
v  -5.8810 1.0710 -2.1885
v  -6.3759 1.1397 -2.1898
v  -5.8823 1.0712 -2.3087
v  -6.3758 1.1395 -2.3712
v  -3.6828 0.3942 -2.1582
v  -4.3265 0.9870 -2.2777
v  -4.2625 0.9870 -2.2776
v  -4.3902 0.9870 -2.2779
v  -4.0186 0.9870 -2.2775
v  -3.7747 0.9870 -2.2775
v  -3.7530 0.9870 -2.2554
v  -3.7530 0.9870 -2.1820
v  -3.7636 0.9867 -2.2743
v  -3.7563 0.9868 -2.2671
v  -6.3900 0.4116 -2.2037
v  -6.3833 0.4094 -2.2037
v  -6.3899 0.4116 -2.3756
v  -6.3832 0.4095 -2.3754
v  -6.3835 0.4127 -2.3855
v  -6.3912 0.4151 -2.3839
v  -6.3912 0.4209 -2.3900
v  -6.3834 0.4192 -2.3923
v  -6.3832 1.0547 -2.3958
v  -6.3898 1.0547 -2.3936
v  -6.3898 1.1145 -2.3937
v  -6.3831 1.1144 -2.3958
v  -6.3831 0.4293 -2.3957
v  -6.3898 0.4292 -2.3936
v  -6.3898 0.4948 -2.3937
v  -6.3832 0.4948 -2.3959
v  -6.3835 1.1269 -2.3921
v  -6.3914 1.1254 -2.3897
v  -6.3911 1.1332 -2.3827
v  -6.3835 1.1354 -2.3842
v  -6.3825 1.1390 -2.1898
v  -6.3891 1.1369 -2.1898
v  -6.3826 1.1392 -2.3714
v  -6.3896 1.1378 -2.3718
v  -6.3959 0.4160 -2.2037
v  -6.3959 0.4161 -2.3747
v  -6.3974 0.4202 -2.3815
v  -6.3973 0.4243 -2.3856
v  -6.3957 1.0547 -2.3893
v  -6.3957 1.1136 -2.3893
v  -6.3957 0.4301 -2.3893
v  -6.3957 0.4948 -2.3894
v  -6.3978 1.1218 -2.3851
v  -6.3978 1.1285 -2.3792
v  -6.3958 1.1334 -2.1898
v  -6.3958 1.1332 -2.3714
v  -6.4828 0.5019 -2.2029
v  -6.4828 0.5019 -2.2874
v  -6.4846 0.5056 -2.2941
v  -6.4844 0.5106 -2.2995
v  -6.4822 0.5167 -2.3038
v  -6.4821 0.5713 -2.3040
v  -6.4824 0.9773 -2.3037
v  -6.4826 1.0280 -2.3035
v  -6.4849 1.0361 -2.2989
v  -6.4850 1.0425 -2.2925
v  -6.4829 1.0473 -2.2845
v  -6.4822 1.0480 -2.1886
v  -6.4890 0.5126 -2.2038
v  -6.4867 0.5070 -2.2033
v  -6.4867 0.5070 -2.2877
v  -6.4890 0.5127 -2.2877
v  -6.4876 0.5101 -2.2923
v  -6.4892 0.5144 -2.2896
v  -6.4892 0.5162 -2.2914
v  -6.4874 0.5139 -2.2962
v  -6.4862 0.5721 -2.2992
v  -6.4860 0.5182 -2.2995
v  -6.4889 0.5181 -2.2931
v  -6.4887 0.5729 -2.2936
v  -6.4888 0.9770 -2.2935
v  -6.4863 0.9771 -2.2989
v  -6.4863 1.0293 -2.2988
v  -6.4887 1.0303 -2.2934
v  -6.4890 1.0338 -2.2902
v  -6.4874 1.0388 -2.2908
v  -6.4874 1.0344 -2.2952
v  -6.4865 1.0425 -2.2858
v  -6.4887 1.0370 -2.2867
v  -6.4888 1.0373 -2.1885
v  -6.4863 1.0430 -2.1886
v  -6.4898 0.5190 -2.2043
v  -6.4898 0.5190 -2.2874
v  -6.4898 0.5736 -2.2874
v  -6.4897 0.9767 -2.2874
v  -6.4897 1.0309 -2.2874
v  -6.4898 1.0310 -2.1885
v  -3.7678 0.4712 -2.2847
v  -3.7735 0.4969 -2.2794
v  -3.7747 1.0137 -2.2513
v  -3.7510 0.4750 -2.2751
v  -4.1248 0.3947 -2.3474
v  -4.0640 0.3871 -2.3634
v  -3.9998 0.3850 -2.3685
v  -3.9355 0.3875 -2.3625
v  -6.4898 0.9765 -2.1901
v  -6.4898 0.5735 -2.2026
v  -4.3055 0.2293 -2.0907
v  -4.2876 0.2295 -2.1497
v  -4.2588 0.2295 -2.2039
v  -4.3055 0.2293 -1.9672
v  -4.2204 0.2295 -2.2511
v  -4.1731 0.2294 -2.2895
v  -4.0605 0.2295 -2.3360
v  -4.1191 0.2295 -2.3182
v  -3.9999 0.2295 -2.3423
v  -3.9394 0.2295 -2.3360
v  -3.8268 0.2295 -2.2894
v  -3.8808 0.2295 -2.3181
v  -3.7795 0.2295 -2.2510
v  -3.7411 0.2295 -2.2037
v  -3.6944 0.2295 -2.0905
v  -3.7124 0.2295 -2.1497
v  -3.6883 0.2295 -2.0290
v  -3.6944 0.2295 -1.9674
v  -3.7411 0.2295 -1.8542
v  -3.7124 0.2295 -1.9083
v  -3.7795 0.2295 -1.8070
v  -3.8268 0.2295 -1.7686
v  -3.9394 0.2295 -1.7219
v  -3.8808 0.2295 -1.7398
v  -3.9999 0.2295 -1.7156
v  -4.0605 0.2295 -1.7219
v  -4.1731 0.2294 -1.7684
v  -4.1191 0.2295 -1.7398
v  -4.2204 0.2295 -1.8069
v  -4.2588 0.2295 -1.8541
v  -4.2876 0.2295 -1.9082
v  -4.3117 0.2295 -2.0290
v  -4.3351 0.2293 -1.9613
v  -4.3418 0.2295 -2.0290
v  -4.3351 0.2293 -2.0966
v  -4.3154 0.2295 -2.1613
v  -4.2839 0.2295 -2.2205
v  -4.2417 0.2295 -2.2724
v  -4.1897 0.2294 -2.3146
v  -4.1306 0.2295 -2.3460
v  -4.0664 0.2295 -2.3656
v  -3.9999 0.2295 -2.3725
v  -3.9334 0.2295 -2.3655
v  -3.8693 0.2295 -2.3460
v  -3.8101 0.2295 -2.3145
v  -3.7582 0.2295 -2.2723
v  -3.7160 0.2295 -2.2204
v  -3.6846 0.2295 -2.1612
v  -3.6648 0.2295 -2.0964
v  -3.6582 0.2295 -2.0290
v  -3.6648 0.2295 -1.9615
v  -3.6846 0.2295 -1.8967
v  -3.7160 0.2295 -1.8376
v  -3.7582 0.2295 -1.7856
v  -3.8101 0.2295 -1.7435
v  -3.8693 0.2295 -1.7120
v  -3.9334 0.2295 -1.6924
v  -3.9999 0.2295 -1.6854
v  -4.0664 0.2295 -1.6924
v  -4.1306 0.2295 -1.7119
v  -4.1897 0.2294 -1.7433
v  -4.2417 0.2295 -1.7855
v  -4.2839 0.2295 -1.8374
v  -4.3154 0.2295 -1.8967
v  -4.3519 0.2295 -2.0290
v  -4.3450 0.2293 -1.9593
v  -4.3247 0.2295 -1.8928
v  -4.2923 0.2295 -1.8319
v  -4.2488 0.2295 -1.7784
v  -4.1953 0.2294 -1.7349
v  -4.1344 0.2295 -1.7026
v  -4.0684 0.2295 -1.6825
v  -3.9999 0.2295 -1.6754
v  -3.9314 0.2295 -1.6826
v  -3.8654 0.2295 -1.7027
v  -3.8045 0.2295 -1.7351
v  -3.7511 0.2295 -1.7785
v  -3.7076 0.2295 -1.8320
v  -3.6753 0.2295 -1.8929
v  -3.6550 0.2295 -1.9596
v  -3.6481 0.2295 -2.0290
v  -4.3450 0.2293 -2.0986
v  -4.2923 0.2295 -2.2261
v  -4.3247 0.2295 -2.1651
v  -4.1953 0.2294 -2.3230
v  -4.2488 0.2295 -2.2795
v  -4.0684 0.2295 -2.3754
v  -4.1344 0.2295 -2.3553
v  -3.9314 0.2295 -2.3754
v  -3.9999 0.2295 -2.3825
v  -3.8045 0.2295 -2.3229
v  -3.8654 0.2295 -2.3552
v  -3.7076 0.2295 -2.2259
v  -3.7511 0.2295 -2.2794
v  -3.6550 0.2295 -2.0984
v  -3.6753 0.2295 -2.1650
v  4.4346 -0.5437 -2.0276
v  4.3869 -0.1308 -2.0276
v  4.3851 -0.1187 -1.6665
v  4.4324 -0.5315 -1.6207
v  4.3672 0.1026 -2.0276
v  4.3638 0.1818 -2.0276
v  4.3638 0.1818 -1.9998
v  4.3672 0.1068 -1.9186
v  4.6450 -1.4901 -1.3663
v  3.9996 -1.4890 -1.3629
v  3.9996 -1.9311 -1.1949
v  4.8125 -1.9313 -1.1973
v  4.5082 -1.0126 -1.5023
v  3.9996 -1.0119 -1.4994
v  4.4123 -0.5309 -1.6004
v  3.9996 -0.5301 -1.5954
v  4.3560 -0.0394 -1.6550
v  3.9996 -0.0390 -1.6509
v  3.9996 -0.1175 -1.6420
v  4.3650 -0.1181 -1.6463
v  4.2169 0.0279 -1.6559
v  3.9996 0.0340 -1.6551
v  4.2307 0.1215 -1.7217
v  4.2902 0.0675 -1.7350
v  4.3100 0.1226 -1.8028
v  4.2148 0.1816 -1.7311
v  4.3064 0.1816 -1.8272
v  4.3568 -0.0214 -1.6737
v  4.3591 0.0398 -1.7834
v  4.2493 0.0354 -1.6700
v  4.8432 -1.9595 -1.2066
v  4.8325 -1.9314 -1.2174
v  4.8301 -1.9314 -1.2065
v  4.8408 -1.9598 -1.1958
v  4.5284 -1.0134 -1.5224
v  4.5262 -1.0110 -1.5113
v  4.6627 -1.4877 -1.3755
v  4.6651 -1.4907 -1.3864
v  4.4303 -0.5299 -1.6094
v  4.3831 -0.1174 -1.6552
v  4.8233 -1.9314 -1.1997
v  4.6559 -1.4875 -1.3687
v  4.5193 -1.0107 -1.5045
v  4.4235 -0.5297 -1.6026
v  4.3763 -0.1172 -1.6484
v  4.3673 -0.0386 -1.6571
v  4.8340 -1.9598 -1.1889
v  4.3728 -0.0321 -1.6741
v  4.3711 -0.0311 -1.6659
v  4.3741 -0.0388 -1.6639
v  4.3761 -0.0401 -1.6752
v  4.3711 0.0306 -1.8160
v  4.3694 0.0329 -1.8027
v  4.3656 0.1089 -1.9054
v  4.3638 0.1818 -1.9856
v  4.1061 0.1093 -1.6603
v  4.1194 0.1112 -1.6619
v  4.0434 0.1818 -1.6636
v  4.0278 0.1818 -1.6636
v  4.2300 0.0302 -1.6579
v  4.3569 -0.0318 -1.6580
v  4.3573 -0.0243 -1.6658
v  4.3609 -0.0238 -1.6667
v  4.3652 -0.0309 -1.6599
v  4.3641 -0.0239 -1.6699
v  4.3651 -0.0246 -1.6735
v  4.3664 0.0369 -1.7921
v  4.3576 0.1145 -1.8793
v  4.3630 0.1138 -1.8928
v  4.3600 0.1818 -1.9603
v  4.3622 0.1818 -1.9717
v  4.0739 0.1820 -1.6692
v  4.0581 0.1819 -1.6652
v  4.1354 0.1123 -1.6638
v  4.1453 0.1159 -1.6694
v  4.2415 0.0316 -1.6603
v  3.9996 0.1080 -1.6594
v  3.9996 0.1818 -1.6636
v  3.6141 -0.1187 -1.6665
v  3.6123 -0.1308 -2.0276
v  3.5647 -0.5437 -2.0276
v  3.5668 -0.5315 -1.6207
v  3.6362 0.1814 -1.9998
v  3.6362 0.1814 -2.0276
v  3.6320 0.1026 -2.0276
v  3.6320 0.1068 -1.9186
v  3.3542 -1.4901 -1.3663
v  3.1867 -1.9313 -1.1973
v  3.4910 -1.0126 -1.5023
v  3.5869 -0.5309 -1.6004
v  3.6432 -0.0394 -1.6550
v  3.6342 -0.1181 -1.6463
v  3.7823 0.0279 -1.6559
v  3.7685 0.1215 -1.7217
v  3.6892 0.1226 -1.8028
v  3.7090 0.0675 -1.7350
v  3.7844 0.1816 -1.7311
v  3.6928 0.1816 -1.8272
v  3.6424 -0.0214 -1.6737
v  3.7499 0.0354 -1.6700
v  3.6401 0.0398 -1.7834
v  3.1560 -1.9595 -1.2066
v  3.1584 -1.9598 -1.1958
v  3.1691 -1.9314 -1.2065
v  3.1667 -1.9314 -1.2174
v  3.3365 -1.4877 -1.3755
v  3.4730 -1.0110 -1.5113
v  3.4708 -1.0134 -1.5224
v  3.3341 -1.4907 -1.3864
v  3.5689 -0.5299 -1.6094
v  3.6161 -0.1174 -1.6552
v  3.3433 -1.4875 -1.3687
v  3.1759 -1.9314 -1.1997
v  3.4799 -1.0107 -1.5045
v  3.5757 -0.5297 -1.6026
v  3.6319 -0.0386 -1.6571
v  3.6229 -0.1172 -1.6484
v  3.1652 -1.9598 -1.1889
v  3.6264 -0.0321 -1.6741
v  3.6231 -0.0401 -1.6752
v  3.6251 -0.0388 -1.6639
v  3.6281 -0.0311 -1.6659
v  3.6298 0.0329 -1.8027
v  3.6281 0.0306 -1.8160
v  3.6336 0.1089 -1.9054
v  3.6354 0.1818 -1.9856
v  3.9558 0.1818 -1.6636
v  3.8798 0.1112 -1.6619
v  3.8931 0.1093 -1.6603
v  3.9714 0.1818 -1.6636
v  3.7692 0.0302 -1.6579
v  3.6423 -0.0318 -1.6580
v  3.6383 -0.0238 -1.6667
v  3.6419 -0.0243 -1.6658
v  3.6340 -0.0309 -1.6599
v  3.6341 -0.0246 -1.6735
v  3.6351 -0.0239 -1.6699
v  3.6328 0.0369 -1.7921
v  3.6416 0.1145 -1.8793
v  3.6362 0.1138 -1.8928
v  3.6392 0.1818 -1.9603
v  3.6370 0.1818 -1.9717
v  3.8638 0.1123 -1.6638
v  3.9411 0.1819 -1.6652
v  3.9253 0.1820 -1.6692
v  3.8539 0.1159 -1.6694
v  3.7577 0.0316 -1.6603
v  4.3716 0.0246 -2.0276
v  4.5330 -1.0311 -2.0276
v  4.8427 -1.9594 -2.0276
v  4.8324 -1.9322 -2.0276
v  4.6707 -1.5069 -2.0276
v  4.3779 -0.0522 -2.0276
v  3.6277 0.0246 -2.0276
v  3.4663 -1.0311 -2.0276
v  3.1668 -1.9322 -2.0276
v  3.3285 -1.5069 -2.0276
v  3.6213 -0.0522 -2.0276
v  4.3851 -0.1187 -2.3887
v  4.4324 -0.5315 -2.4345
v  4.3638 0.1818 -2.0554
v  4.3672 0.1068 -2.1366
v  4.6450 -1.4901 -2.6889
v  4.8125 -1.9313 -2.8579
v  3.9996 -1.9311 -2.8603
v  3.9996 -1.4890 -2.6923
v  4.5082 -1.0126 -2.5529
v  3.9996 -1.0119 -2.5558
v  4.4123 -0.5309 -2.4548
v  3.9996 -0.5301 -2.4598
v  4.3560 -0.0394 -2.4002
v  4.3650 -0.1181 -2.4089
v  3.9996 -0.1175 -2.4132
v  3.9996 -0.0390 -2.4043
v  4.2169 0.0279 -2.3993
v  3.9996 0.0340 -2.4001
v  4.2307 0.1215 -2.3335
v  4.3100 0.1226 -2.2524
v  4.2902 0.0675 -2.3202
v  4.2146 0.1814 -2.3238
v  4.3064 0.1816 -2.2280
v  4.3568 -0.0214 -2.3815
v  4.2493 0.0354 -2.3852
v  4.3591 0.0398 -2.2718
v  4.8432 -1.9595 -2.8486
v  4.8408 -1.9598 -2.8594
v  4.8301 -1.9314 -2.8487
v  4.8325 -1.9314 -2.8378
v  4.6627 -1.4877 -2.6797
v  4.5262 -1.0110 -2.5438
v  4.5284 -1.0134 -2.5328
v  4.6651 -1.4907 -2.6688
v  4.4303 -0.5299 -2.4458
v  4.3831 -0.1174 -2.4000
v  4.6559 -1.4875 -2.6865
v  4.8233 -1.9314 -2.8555
v  4.5193 -1.0107 -2.5507
v  4.4235 -0.5297 -2.4526
v  4.3673 -0.0386 -2.3981
v  4.3763 -0.1172 -2.4068
v  4.8340 -1.9598 -2.8663
v  4.3728 -0.0321 -2.3811
v  4.3761 -0.0401 -2.3800
v  4.3741 -0.0388 -2.3913
v  4.3711 -0.0311 -2.3893
v  4.3694 0.0329 -2.2525
v  4.3711 0.0306 -2.2392
v  4.3656 0.1089 -2.1498
v  4.3638 0.1818 -2.0696
v  4.0434 0.1818 -2.3916
v  4.1194 0.1112 -2.3933
v  4.1061 0.1093 -2.3949
v  4.0278 0.1818 -2.3916
v  4.2300 0.0302 -2.3973
v  4.3569 -0.0318 -2.3971
v  4.3609 -0.0238 -2.3885
v  4.3573 -0.0243 -2.3894
v  4.3652 -0.0309 -2.3953
v  4.3651 -0.0246 -2.3817
v  4.3641 -0.0239 -2.3853
v  4.3664 0.0369 -2.2631
v  4.3576 0.1145 -2.1759
v  4.3630 0.1138 -2.1624
v  4.3600 0.1818 -2.0949
v  4.3622 0.1818 -2.0835
v  4.1354 0.1123 -2.3913
v  4.0581 0.1819 -2.3900
v  4.0739 0.1820 -2.3860
v  4.1453 0.1159 -2.3858
v  4.2415 0.0316 -2.3949
v  3.9996 0.1080 -2.3958
v  3.9996 0.1816 -2.3912
v  3.6141 -0.1187 -2.3887
v  3.5668 -0.5315 -2.4345
v  3.6353 0.1818 -2.0554
v  3.6320 0.1068 -2.1366
v  3.3542 -1.4901 -2.6889
v  3.1867 -1.9313 -2.8579
v  3.4910 -1.0126 -2.5529
v  3.5869 -0.5309 -2.4548
v  3.6432 -0.0394 -2.4002
v  3.6342 -0.1181 -2.4089
v  3.7823 0.0279 -2.3993
v  3.7685 0.1215 -2.3335
v  3.7090 0.0675 -2.3202
v  3.6892 0.1226 -2.2524
v  3.7844 0.1816 -2.3241
v  3.6928 0.1816 -2.2280
v  3.6424 -0.0214 -2.3815
v  3.6401 0.0398 -2.2718
v  3.7499 0.0354 -2.3852
v  3.1560 -1.9595 -2.8486
v  3.1667 -1.9314 -2.8378
v  3.1691 -1.9314 -2.8487
v  3.1584 -1.9598 -2.8594
v  3.4708 -1.0134 -2.5328
v  3.4730 -1.0110 -2.5438
v  3.3365 -1.4877 -2.6797
v  3.3341 -1.4907 -2.6688
v  3.5689 -0.5299 -2.4458
v  3.6161 -0.1174 -2.4000
v  3.1759 -1.9314 -2.8555
v  3.3433 -1.4875 -2.6865
v  3.4799 -1.0107 -2.5507
v  3.5757 -0.5297 -2.4526
v  3.6229 -0.1172 -2.4068
v  3.6319 -0.0386 -2.3981
v  3.1652 -1.9598 -2.8663
v  3.6264 -0.0321 -2.3811
v  3.6281 -0.0311 -2.3893
v  3.6251 -0.0388 -2.3913
v  3.6231 -0.0401 -2.3800
v  3.6281 0.0306 -2.2392
v  3.6298 0.0329 -2.2525
v  3.6336 0.1089 -2.1498
v  3.6354 0.1818 -2.0696
v  3.8931 0.1093 -2.3949
v  3.8798 0.1112 -2.3933
v  3.9559 0.1816 -2.3912
v  3.9714 0.1816 -2.3912
v  3.7692 0.0302 -2.3973
v  3.6423 -0.0318 -2.3971
v  3.6419 -0.0243 -2.3894
v  3.6383 -0.0238 -2.3885
v  3.6340 -0.0309 -2.3953
v  3.6351 -0.0239 -2.3853
v  3.6341 -0.0246 -2.3817
v  3.6328 0.0369 -2.2631
v  3.6416 0.1145 -2.1759
v  3.6362 0.1138 -2.1624
v  3.6392 0.1818 -2.0949
v  3.6370 0.1818 -2.0835
v  3.9255 0.1816 -2.3855
v  3.9412 0.1816 -2.3895
v  3.8638 0.1123 -2.3913
v  3.8539 0.1159 -2.3858
v  3.7577 0.0316 -2.3949
v  4.3588 0.1961 -2.0276
v  4.3491 0.2057 -2.0276
v  4.3488 0.2060 -2.0030
v  4.3586 0.1963 -2.0014
v  4.2128 0.1957 -1.7368
v  4.2085 0.2058 -1.7459
v  4.1021 0.2063 -1.6930
v  4.0888 0.1966 -1.6788
v  4.3510 0.1969 -1.9454
v  4.3558 0.1969 -1.9672
v  4.3446 0.2065 -1.9636
v  4.3365 0.2062 -1.9323
v  4.0441 0.1969 -1.6692
v  4.0445 0.2066 -1.6796
v  4.0249 0.2060 -1.6786
v  4.0263 0.1963 -1.6688
v  4.3479 0.2066 -1.9848
v  4.3582 0.1968 -1.9851
v  4.0669 0.2062 -1.6836
v  4.0630 0.1967 -1.6721
v  4.3004 0.1966 -1.8274
v  4.2901 0.2063 -1.8303
v  3.9996 0.1961 -1.6686
v  3.9996 0.2057 -1.6782
v  3.7866 0.1954 -1.7371
v  3.7909 0.2056 -1.7461
v  3.7094 0.2061 -1.8305
v  3.6992 0.1962 -1.8276
v  3.6414 0.1963 -1.9851
v  3.6517 0.2063 -1.9848
v  3.6508 0.2057 -2.0031
v  3.6411 0.1958 -2.0014
v  3.9552 0.1969 -1.6692
v  3.9729 0.1963 -1.6688
v  3.9744 0.2060 -1.6786
v  3.9548 0.2066 -1.6797
v  3.6487 0.1966 -1.9456
v  3.6630 0.2060 -1.9324
v  3.6549 0.2063 -1.9637
v  3.6439 0.1964 -1.9673
v  3.9105 0.1965 -1.6789
v  3.9363 0.1965 -1.6722
v  3.9323 0.2062 -1.6837
v  3.8971 0.2062 -1.6930
v  3.6409 0.1956 -2.0276
v  3.6504 0.2054 -2.0276
v  4.3586 0.1963 -2.0538
v  4.3488 0.2060 -2.0522
v  4.2126 0.1955 -2.3182
v  4.2084 0.2056 -2.3092
v  4.2900 0.2063 -2.2249
v  4.3003 0.1964 -2.2278
v  4.3582 0.1968 -2.0702
v  4.3478 0.2066 -2.0704
v  4.0440 0.1966 -2.3857
v  4.0263 0.1960 -2.3862
v  4.0249 0.2058 -2.3764
v  4.0444 0.2065 -2.3754
v  4.3509 0.1969 -2.1097
v  4.3365 0.2062 -2.1229
v  4.3445 0.2065 -2.0916
v  4.3557 0.1969 -2.0879
v  4.0887 0.1963 -2.3762
v  4.0629 0.1964 -2.3829
v  4.0669 0.2061 -2.3714
v  4.1021 0.2062 -2.3621
v  3.9996 0.1958 -2.3863
v  3.9996 0.2055 -2.3768
v  3.6508 0.2057 -2.0521
v  3.6411 0.1958 -2.0538
v  3.7868 0.1952 -2.3179
v  3.6993 0.1960 -2.2275
v  3.7094 0.2061 -2.2247
v  3.7910 0.2055 -2.3090
v  3.6517 0.2063 -2.0704
v  3.6414 0.1963 -2.0701
v  3.9552 0.1966 -2.3857
v  3.9548 0.2065 -2.3754
v  3.9744 0.2058 -2.3764
v  3.9729 0.1960 -2.3862
v  3.6487 0.1965 -2.1096
v  3.6439 0.1964 -2.0879
v  3.6549 0.2063 -2.0915
v  3.6630 0.2059 -2.1228
v  3.9106 0.1962 -2.3760
v  3.8972 0.2061 -2.3620
v  3.9323 0.2060 -2.3714
v  3.9363 0.1963 -2.3827
v  4.2783 0.2106 -2.0276
v  4.2777 0.2107 -2.0088
v  4.3341 0.2107 -2.0049
v  4.3348 0.2106 -2.0276
v  4.1670 0.2107 -1.8045
v  4.0942 0.2108 -1.7653
v  4.1134 0.2108 -1.7121
v  4.2009 0.2107 -1.7593
v  4.2730 0.2108 -1.9724
v  4.2640 0.2107 -1.9389
v  4.3175 0.2107 -1.9209
v  4.3284 0.2108 -1.9612
v  4.0366 0.2108 -1.7512
v  4.0191 0.2107 -1.7495
v  4.0231 0.2107 -1.6932
v  4.0441 0.2108 -1.6952
v  4.2763 0.2108 -1.9923
v  4.3323 0.2108 -1.9852
v  4.0580 0.2107 -1.7550
v  4.0698 0.2107 -1.6998
v  4.2289 0.2108 -1.8686
v  4.2753 0.2108 -1.8364
v  3.9996 0.2106 -1.7489
v  3.9996 0.2106 -1.6924
v  3.8323 0.2106 -1.8046
v  3.7707 0.2103 -1.8688
v  3.7243 0.2103 -1.8366
v  3.7984 0.2106 -1.7594
v  3.7230 0.2108 -1.9923
v  3.7215 0.2106 -2.0088
v  3.6652 0.2106 -2.0049
v  3.6670 0.2108 -1.9852
v  3.9801 0.2107 -1.7495
v  3.9626 0.2108 -1.7512
v  3.9551 0.2108 -1.6952
v  3.9761 0.2107 -1.6932
v  3.7353 0.2106 -1.9389
v  3.7263 0.2108 -1.9724
v  3.6709 0.2108 -1.9612
v  3.6818 0.2106 -1.9209
v  3.9412 0.2107 -1.7550
v  3.9050 0.2108 -1.7653
v  3.8858 0.2108 -1.7121
v  3.9294 0.2107 -1.6998
v  3.7209 0.2105 -2.0276
v  3.6645 0.2105 -2.0276
v  4.2777 0.2107 -2.0464
v  4.3341 0.2107 -2.0502
v  4.1670 0.2107 -2.2506
v  4.2288 0.2108 -2.1866
v  4.2753 0.2108 -2.2188
v  4.2009 0.2107 -2.2958
v  4.2762 0.2108 -2.0629
v  4.3323 0.2108 -2.0700
v  4.0191 0.2106 -2.3056
v  4.0366 0.2108 -2.3040
v  4.0441 0.2108 -2.3600
v  4.0231 0.2106 -2.3620
v  4.2639 0.2107 -2.1163
v  4.2728 0.2106 -2.0828
v  4.3282 0.2108 -2.0940
v  4.3175 0.2107 -2.1343
v  4.0580 0.2107 -2.3001
v  4.0942 0.2108 -2.2899
v  4.1134 0.2108 -2.3430
v  4.0698 0.2107 -2.3554
v  3.9996 0.2106 -2.3063
v  3.9996 0.2106 -2.3627
v  3.7215 0.2106 -2.0464
v  3.6652 0.2106 -2.0502
v  3.7704 0.2108 -2.1866
v  3.8323 0.2106 -2.2506
v  3.7984 0.2106 -2.2958
v  3.7240 0.2108 -2.2188
v  3.7230 0.2108 -2.0629
v  3.6670 0.2108 -2.0700
v  3.9626 0.2108 -2.3039
v  3.9801 0.2106 -2.3056
v  3.9761 0.2106 -2.3620
v  3.9551 0.2108 -2.3599
v  3.7263 0.2108 -2.0828
v  3.7353 0.2106 -2.1163
v  3.6818 0.2106 -2.1343
v  3.6709 0.2108 -2.0940
v  3.9050 0.2108 -2.2899
v  3.9413 0.2107 -2.3001
v  3.9294 0.2107 -2.3554
v  3.8858 0.2108 -2.3430
v  3.9996 -1.9787 -1.1806
v  3.9996 -2.0115 -1.1806
v  4.8267 -2.0115 -1.1830
v  4.8267 -1.9787 -1.1830
v  4.8442 -1.9787 -1.1923
v  4.8442 -2.0115 -1.1923
v  4.8467 -2.0115 -1.2030
v  4.8467 -1.9787 -1.2030
v  4.8374 -2.0115 -1.1855
v  4.8374 -1.9787 -1.1855
v  3.1529 -1.9787 -2.0276
v  3.1529 -2.0115 -2.0276
v  3.1525 -2.0115 -1.2030
v  3.1525 -1.9787 -1.2030
v  3.1725 -1.9787 -1.1830
v  3.1725 -2.0115 -1.1830
v  3.1550 -2.0115 -1.1923
v  3.1550 -1.9787 -1.1923
v  3.1618 -1.9787 -1.1855
v  3.1618 -2.0115 -1.1855
v  4.8463 -2.0115 -2.0276
v  4.8463 -1.9787 -2.0276
v  4.8267 -1.9787 -2.8722
v  4.8267 -2.0115 -2.8722
v  3.9996 -2.0115 -2.8746
v  3.9996 -1.9787 -2.8746
v  4.8467 -1.9787 -2.8522
v  4.8467 -2.0115 -2.8522
v  4.8442 -2.0115 -2.8629
v  4.8442 -1.9787 -2.8629
v  4.8374 -1.9787 -2.8697
v  4.8374 -2.0115 -2.8697
v  3.1725 -2.0115 -2.8722
v  3.1725 -1.9787 -2.8722
v  3.1550 -1.9787 -2.8629
v  3.1550 -2.0115 -2.8629
v  3.1525 -2.0115 -2.8522
v  3.1525 -1.9787 -2.8522
v  3.1618 -2.0115 -2.8697
v  3.1618 -1.9787 -2.8697
v  3.9996 -2.0215 -1.1906
v  3.9996 -2.0215 -1.2128
v  4.7952 -2.0215 -1.2151
v  4.8177 -2.0215 -1.1921
v  4.8375 -2.0215 -1.2119
v  4.8365 -2.0215 -1.2000
v  4.8120 -2.0215 -1.2242
v  4.8144 -2.0215 -1.2344
v  4.8055 -2.0215 -1.2176
v  4.8298 -2.0215 -1.1932
v  3.1629 -2.0215 -2.0276
v  3.1852 -2.0215 -2.0276
v  3.1848 -2.0215 -1.2344
v  3.1617 -2.0215 -1.2119
v  3.1815 -2.0215 -1.1921
v  3.2040 -2.0215 -1.2151
v  3.1872 -2.0215 -1.2242
v  3.1627 -2.0215 -1.2000
v  3.1694 -2.0215 -1.1932
v  3.1937 -2.0215 -1.2176
v  4.8363 -2.0215 -2.0276
v  4.8140 -2.0215 -2.0276
v  3.9996 -2.0215 -2.8646
v  4.8177 -2.0215 -2.8631
v  4.7952 -2.0215 -2.8401
v  3.9996 -2.0215 -2.8424
v  4.8375 -2.0215 -2.8432
v  4.8144 -2.0215 -2.8208
v  4.8120 -2.0215 -2.8310
v  4.8365 -2.0215 -2.8552
v  4.8298 -2.0215 -2.8620
v  4.8055 -2.0215 -2.8376
v  3.2040 -2.0215 -2.8401
v  3.1815 -2.0215 -2.8631
v  3.1617 -2.0215 -2.8432
v  3.1627 -2.0215 -2.8552
v  3.1872 -2.0215 -2.8310
v  3.1848 -2.0215 -2.8208
v  3.1937 -2.0215 -2.8376
v  3.1694 -2.0215 -2.8620
v  3.9996 -1.9594 -1.1841
v  3.9996 -1.9687 -1.1806
v  4.8267 -1.9687 -1.1830
v  4.8232 -1.9595 -1.1865
v  4.8442 -1.9687 -1.1923
v  4.8467 -1.9687 -1.2030
v  4.8374 -1.9687 -1.1855
v  3.1760 -1.9595 -1.1865
v  3.1725 -1.9687 -1.1830
v  3.1525 -1.9687 -1.2030
v  3.1550 -1.9687 -1.1923
v  3.1618 -1.9687 -1.1855
v  4.8463 -1.9687 -2.0276
v  3.1565 -1.9594 -2.0276
v  3.1529 -1.9687 -2.0276
v  4.8232 -1.9595 -2.8687
v  4.8267 -1.9687 -2.8722
v  3.9996 -1.9687 -2.8746
v  3.9996 -1.9594 -2.8711
v  4.8467 -1.9687 -2.8522
v  4.8442 -1.9687 -2.8629
v  4.8374 -1.9687 -2.8697
v  3.1725 -1.9687 -2.8722
v  3.1760 -1.9595 -2.8687
v  3.1550 -1.9687 -2.8629
v  3.1525 -1.9687 -2.8522
v  3.1618 -1.9687 -2.8697
v  3.9996 -2.0215 -1.1806
v  4.8267 -2.0215 -1.1830
v  4.8442 -2.0215 -1.1923
v  4.8467 -2.0215 -1.2030
v  4.8374 -2.0215 -1.1855
v  3.1529 -2.0215 -2.0276
v  3.1525 -2.0215 -1.2030
v  3.1725 -2.0215 -1.1830
v  3.1550 -2.0215 -1.1923
v  3.1618 -2.0215 -1.1855
v  4.8463 -2.0215 -2.0276
v  4.8267 -2.0215 -2.8722
v  3.9996 -2.0215 -2.8746
v  4.8467 -2.0215 -2.8522
v  4.8442 -2.0215 -2.8629
v  4.8374 -2.0215 -2.8697
v  3.1725 -2.0215 -2.8722
v  3.1550 -2.0215 -2.8629
v  3.1525 -2.0215 -2.8522
v  3.1618 -2.0215 -2.8697
v  3.6913 0.2089 -2.1553
v  3.7637 0.2089 -2.2637
v  3.8721 0.2089 -2.3361
v  3.6913 0.2089 -1.8995
v  4.0000 0.2089 -2.3616
v  4.1279 0.2089 -2.3361
v  4.3088 0.2089 -2.1553
v  4.2363 0.2089 -2.2637
v  4.3342 0.2089 -2.0274
v  4.3088 0.2089 -1.8995
v  4.1279 0.2089 -1.7186
v  4.2363 0.2089 -1.7911
v  4.0000 0.2089 -1.6932
v  3.8721 0.2089 -1.7186
v  3.7637 0.2089 -1.7911
v  3.6658 0.2089 -2.0274
v  3.6658 0.2288 -2.0274
v  3.6913 0.2288 -1.8995
v  3.7637 0.2288 -1.7911
v  3.7637 0.2288 -2.2637
v  3.8721 0.2288 -1.7186
v  4.0000 0.2288 -1.6932
v  4.2363 0.2288 -1.7911
v  4.1279 0.2288 -1.7186
v  4.3088 0.2288 -1.8995
v  4.3342 0.2288 -2.0274
v  4.2363 0.2288 -2.2637
v  4.3088 0.2288 -2.1553
v  4.1279 0.2288 -2.3361
v  4.0000 0.2288 -2.3616
v  3.8721 0.2288 -2.3361
v  3.6913 0.2288 -2.1553
v  3.6818 0.2089 -2.1592
v  3.6556 0.2089 -2.0274
v  3.6818 0.2089 -1.8956
v  3.7565 0.2089 -1.7839
v  3.8682 0.2089 -1.7092
v  4.0000 0.2089 -1.6830
v  4.1318 0.2089 -1.7092
v  4.2435 0.2089 -1.7839
v  4.3182 0.2089 -1.8956
v  4.3444 0.2089 -2.0274
v  4.3182 0.2089 -2.1592
v  4.2435 0.2089 -2.2709
v  4.1318 0.2089 -2.3455
v  4.0000 0.2089 -2.3718
v  3.8682 0.2089 -2.3455
v  3.7565 0.2089 -2.2709
v  3.6556 0.2288 -2.0274
v  3.6818 0.2288 -2.1592
v  3.7565 0.2288 -2.2709
v  3.8682 0.2288 -2.3455
v  4.0000 0.2288 -2.3718
v  4.1318 0.2288 -2.3455
v  4.2435 0.2288 -2.2709
v  4.3182 0.2288 -2.1592
v  4.3444 0.2288 -2.0274
v  4.3182 0.2288 -1.8956
v  4.2435 0.2288 -1.7839
v  4.1318 0.2288 -1.7092
v  4.0000 0.2288 -1.6830
v  3.8682 0.2288 -1.7092
v  3.7565 0.2288 -1.7839
v  3.6818 0.2288 -1.8956
v  3.6454 0.2188 -2.0274
v  3.6454 0.2288 -2.0274
v  3.6724 0.2288 -2.1631
v  3.6724 0.2188 -2.1631
v  3.6724 0.2089 -2.1631
v  3.6454 0.2089 -2.0274
v  3.7493 0.2288 -2.2781
v  3.7493 0.2188 -2.2781
v  3.7493 0.2089 -2.2781
v  3.8643 0.2288 -2.3550
v  3.8643 0.2188 -2.3550
v  3.8643 0.2089 -2.3550
v  4.0000 0.2288 -2.3820
v  4.0000 0.2188 -2.3820
v  4.0000 0.2089 -2.3820
v  4.1357 0.2288 -2.3550
v  4.1357 0.2188 -2.3550
v  4.1357 0.2089 -2.3550
v  4.2507 0.2288 -2.2781
v  4.2507 0.2188 -2.2781
v  4.2507 0.2089 -2.2781
v  4.3276 0.2288 -2.1631
v  4.3276 0.2188 -2.1631
v  4.3276 0.2089 -2.1631
v  4.3546 0.2288 -2.0274
v  4.3546 0.2188 -2.0274
v  4.3546 0.2089 -2.0274
v  4.3276 0.2288 -1.8917
v  4.3276 0.2188 -1.8917
v  4.3276 0.2089 -1.8917
v  4.2507 0.2288 -1.7767
v  4.2507 0.2188 -1.7767
v  4.2507 0.2089 -1.7767
v  4.1357 0.2288 -1.6998
v  4.1357 0.2188 -1.6998
v  4.1357 0.2089 -1.6998
v  4.0000 0.2288 -1.6728
v  4.0000 0.2188 -1.6728
v  4.0000 0.2089 -1.6728
v  3.8643 0.2288 -1.6998
v  3.8643 0.2188 -1.6998
v  3.8643 0.2089 -1.6998
v  3.7493 0.2288 -1.7767
v  3.7493 0.2188 -1.7767
v  3.7493 0.2089 -1.7767
v  3.6724 0.2288 -1.8917
v  3.6724 0.2188 -1.8917
v  3.6724 0.2089 -1.8917
v  4.3520 0.2395 -2.0290
v  4.3535 0.4254 -2.0290
v  4.3475 0.4256 -1.9625
v  4.3451 0.2393 -1.9595
v  4.2920 0.2395 -1.8315
v  4.3247 0.2395 -1.8928
v  4.3248 0.4255 -1.8928
v  4.2870 0.4272 -1.8245
v  4.2482 0.2395 -1.7778
v  4.2354 0.4287 -1.7656
v  4.1954 0.4003 -1.7351
v  4.1953 0.2394 -1.7350
v  4.1344 0.2395 -1.7026
v  4.1345 0.3752 -1.7024
v  4.0683 0.3675 -1.6839
v  4.0684 0.2395 -1.6826
v  3.9314 0.2395 -1.6826
v  3.9999 0.2395 -1.6754
v  3.9999 0.3652 -1.6761
v  3.9313 0.3679 -1.6831
v  3.8046 0.2395 -1.7351
v  3.8654 0.2395 -1.7027
v  3.8653 0.3755 -1.7024
v  3.8047 0.3957 -1.7349
v  3.7511 0.2395 -1.7785
v  3.7511 0.4625 -1.7785
v  3.7073 0.3957 -1.8320
v  3.7076 0.2395 -1.8320
v  3.6753 0.2395 -1.8929
v  3.6752 0.3755 -1.8929
v  3.6549 0.3677 -1.9596
v  3.6550 0.2395 -1.9596
v  3.6483 0.3674 -2.0290
v  3.6481 0.2395 -2.0290
v  4.1319 0.3830 -1.7027
v  4.1925 0.4057 -1.7347
v  4.1889 0.4104 -1.7356
v  4.1286 0.3895 -1.7053
v  4.0007 0.3742 -1.6790
v  4.0669 0.3768 -1.6853
v  4.0657 0.3826 -1.6889
v  4.0003 0.3809 -1.6836
v  3.9324 0.3757 -1.6852
v  3.9338 0.3825 -1.6892
v  3.8697 0.3901 -1.7068
v  3.8671 0.3836 -1.7032
v  3.7554 0.4666 -1.7755
v  3.8072 0.4031 -1.7341
v  3.8105 0.4097 -1.7354
v  3.7613 0.4695 -1.7735
v  4.2315 0.4342 -1.7620
v  4.2267 0.4392 -1.7605
v  3.6756 0.3828 -1.8946
v  3.7063 0.4024 -1.8351
v  3.7069 0.4084 -1.8388
v  3.6781 0.3891 -1.8969
v  3.6565 0.3757 -1.9603
v  3.6605 0.3821 -1.9614
v  3.6551 0.3808 -2.0290
v  3.6502 0.3742 -2.0290
v  3.7485 0.4658 -1.7818
v  3.7464 0.4685 -1.7872
v  3.7563 0.4753 -1.7779
v  3.7518 0.4700 -1.7792
v  4.3579 0.4748 -1.9619
v  4.3629 0.4746 -2.0290
v  4.3963 0.5082 -2.0290
v  4.3924 0.5089 -1.9502
v  4.3801 0.5093 -1.9013
v  4.3403 0.4749 -1.8949
v  4.3562 0.5103 -1.8408
v  4.3045 0.4747 -1.8258
v  4.3354 0.5132 -1.7958
v  4.2751 0.4749 -1.7856
v  4.4535 0.5228 -2.0290
v  4.4252 0.5228 -1.8745
v  4.3916 0.5232 -1.7984
v  4.2719 0.4788 -1.7808
v  4.2676 0.4832 -1.7779
v  4.3333 0.5171 -1.7879
v  4.3303 0.5229 -1.7829
v  4.3913 0.5265 -1.7901
v  4.3908 0.5323 -1.7842
v  4.3265 0.5305 -1.7804
v  4.3265 0.5580 -1.7804
v  4.2625 0.5180 -1.7800
v  4.2626 0.4881 -1.7771
v  4.3902 0.5404 -1.7808
v  4.3902 0.5673 -1.7803
v  3.7457 0.4705 -1.8713
v  3.7100 0.4134 -1.9212
v  3.7097 0.4136 -1.8433
v  3.7457 0.4705 -1.7934
v  3.6670 0.3870 -1.9628
v  3.7103 0.4136 -2.0290
v  3.6617 0.3849 -2.0290
v  3.7457 0.4705 -2.0290
v  3.8727 0.3958 -1.7121
v  3.9987 0.3951 -1.7113
v  3.9998 0.4148 -1.7388
v  3.8147 0.4152 -1.7392
v  3.9943 0.4572 -1.7682
v  4.1848 0.4145 -1.7382
v  4.2208 0.4440 -1.7614
v  4.0180 0.4925 -1.7777
v  3.7512 0.4968 -1.8000
v  3.7512 0.4969 -1.8759
v  3.7512 0.4969 -2.0290
v  3.7586 0.4802 -1.7780
v  3.7622 0.4979 -1.7818
v  3.7548 0.4979 -1.7889
v  3.7512 0.4800 -1.7848
v  4.0185 0.5215 -1.7802
v  3.7530 0.5258 -1.8020
v  3.7530 0.5264 -1.8759
v  3.7530 0.5264 -2.0290
v  3.7635 0.5255 -1.7837
v  3.7563 0.5257 -1.7909
v  4.3265 0.9462 -1.7802
v  4.2625 0.9424 -1.7804
v  4.3902 0.9471 -1.7800
v  3.7746 0.5249 -1.7804
v  4.0186 0.9428 -1.7804
v  3.7747 0.9431 -1.7804
v  3.7530 0.9432 -1.8025
v  3.7530 0.9432 -1.8759
v  3.7530 0.9432 -2.0290
v  3.7634 0.9431 -1.7837
v  3.7562 0.9432 -1.7911
v  4.3267 1.0006 -1.7838
v  4.3265 1.0098 -1.7926
v  4.2625 1.0096 -1.7930
v  4.2625 1.0007 -1.7843
v  4.3901 1.0010 -1.7835
v  4.3901 1.0100 -1.7922
v  4.0184 1.0004 -1.7842
v  4.0185 1.0097 -1.7932
v  3.7745 1.0098 -1.7934
v  3.7744 1.0002 -1.7841
v  4.3265 1.0139 -1.8736
v  4.2625 1.0137 -1.8739
v  4.2625 1.0137 -1.8067
v  4.3265 1.0139 -1.8063
v  4.3902 1.0140 -1.8733
v  4.3902 1.0140 -1.8060
v  4.0186 1.0138 -1.8739
v  4.0186 1.0137 -1.8067
v  4.3265 1.0139 -2.0290
v  4.2625 1.0137 -2.0290
v  4.3902 1.0140 -2.0290
v  4.0186 1.0138 -2.0290
v  3.7747 1.0138 -2.0290
v  3.7747 1.0138 -1.8739
v  3.7619 1.0094 -2.0290
v  3.7548 1.0004 -2.0290
v  3.7548 1.0004 -1.8753
v  3.7619 1.0094 -1.8746
v  3.7624 1.0093 -1.8031
v  3.7553 1.0003 -1.8018
v  3.7637 1.0058 -1.7931
v  3.7565 0.9973 -1.7945
v  3.7638 0.9985 -1.7867
v  4.9358 0.5204 -2.0290
v  5.4173 0.5063 -2.0290
v  5.4085 0.5068 -1.8782
v  4.9226 0.5206 -1.8903
v  5.3897 0.5080 -1.7811
v  4.8891 0.5209 -1.7980
v  4.8893 0.5309 -1.7798
v  4.8892 0.5240 -1.7870
v  5.3890 0.5114 -1.7706
v  5.3887 0.5184 -1.7636
v  4.8897 0.9529 -1.7761
v  5.3874 0.9668 -1.7598
v  5.3872 1.0078 -1.7595
v  4.8896 0.9916 -1.7757
v  4.8896 0.5417 -1.7763
v  5.3886 0.5289 -1.7602
v  5.3889 0.5761 -1.7600
v  4.8906 0.5849 -1.7761
v  4.8892 1.0137 -1.7884
v  4.8893 1.0049 -1.7797
v  5.3864 1.0212 -1.7636
v  5.3861 1.0299 -1.7725
v  4.8881 1.0174 -1.8720
v  5.3852 1.0336 -1.8707
v  5.3849 1.0336 -2.0290
v  4.8880 1.0174 -2.0290
v  4.8892 1.0177 -1.8018
v  5.3863 1.0339 -1.7860
v  5.8977 0.4723 -2.0290
v  6.3758 0.4094 -2.0290
v  6.3758 0.4094 -1.8542
v  5.8933 0.4727 -1.8662
v  5.8860 0.4737 -1.7454
v  6.3758 0.4094 -1.6835
v  5.8843 0.4854 -1.7273
v  5.8848 0.4773 -1.7347
v  6.3750 0.4126 -1.6729
v  6.3751 0.4196 -1.6656
v  5.8814 1.0461 -1.7246
v  5.8818 0.9992 -1.7246
v  6.3758 1.0547 -1.6621
v  6.3758 1.1135 -1.6621
v  5.8846 0.4964 -1.7243
v  6.3758 0.4303 -1.6622
v  6.3758 0.4948 -1.6621
v  5.8865 0.5530 -1.7241
v  5.8811 1.0670 -1.7368
v  5.8808 1.0586 -1.7286
v  6.3752 1.1265 -1.6659
v  6.3753 1.1352 -1.6740
v  5.8810 1.0710 -1.8694
v  6.3759 1.1397 -1.8681
v  6.3759 1.1397 -2.0290
v  5.8806 1.0709 -2.0290
v  5.8823 1.0712 -1.7493
v  6.3758 1.1395 -1.6867
v  3.6828 0.3942 -1.8997
v  4.3265 0.9870 -1.7802
v  4.2625 0.9870 -1.7803
v  4.3902 0.9870 -1.7800
v  4.0186 0.9870 -1.7804
v  3.7747 0.9870 -1.7804
v  3.7530 0.9870 -1.8026
v  3.7530 0.9870 -1.8759
v  3.7530 0.9870 -2.0290
v  3.7636 0.9867 -1.7836
v  3.7563 0.9868 -1.7909
v  6.3833 0.4094 -2.0290
v  6.3900 0.4116 -2.0290
v  6.3900 0.4116 -1.8542
v  6.3833 0.4094 -1.8542
v  6.3899 0.4116 -1.6824
v  6.3832 0.4095 -1.6825
v  6.3835 0.4127 -1.6724
v  6.3912 0.4151 -1.6740
v  6.3912 0.4209 -1.6679
v  6.3834 0.4192 -1.6656
v  6.3832 1.0547 -1.6622
v  6.3898 1.0547 -1.6643
v  6.3898 1.1145 -1.6642
v  6.3831 1.1144 -1.6621
v  6.3831 0.4293 -1.6623
v  6.3898 0.4292 -1.6643
v  6.3898 0.4948 -1.6642
v  6.3832 0.4948 -1.6621
v  6.3835 1.1269 -1.6659
v  6.3914 1.1254 -1.6682
v  6.3911 1.1332 -1.6752
v  6.3835 1.1354 -1.6737
v  6.3825 1.1390 -1.8681
v  6.3891 1.1369 -1.8681
v  6.3892 1.1369 -2.0290
v  6.3825 1.1390 -2.0290
v  6.3826 1.1392 -1.6865
v  6.3896 1.1378 -1.6862
v  6.3959 0.4160 -2.0290
v  6.3959 0.4160 -1.8542
v  6.3959 0.4161 -1.6832
v  6.3974 0.4202 -1.6764
v  6.3973 0.4243 -1.6724
v  6.3957 1.0547 -1.6686
v  6.3957 1.1136 -1.6686
v  6.3957 0.4301 -1.6687
v  6.3957 0.4948 -1.6686
v  6.3978 1.1218 -1.6728
v  6.3978 1.1285 -1.6787
v  6.3958 1.1334 -1.8681
v  6.3958 1.1333 -2.0290
v  6.3958 1.1332 -1.6865
v  6.4828 0.5019 -2.0290
v  6.4828 0.5019 -1.8551
v  6.4828 0.5019 -1.7706
v  6.4846 0.5056 -1.7639
v  6.4844 0.5106 -1.7584
v  6.4822 0.5167 -1.7541
v  6.4821 0.5713 -1.7539
v  6.4824 0.9773 -1.7543
v  6.4826 1.0280 -1.7544
v  6.4849 1.0361 -1.7591
v  6.4850 1.0425 -1.7654
v  6.4829 1.0473 -1.7734
v  6.4822 1.0480 -1.8693
v  6.4821 1.0481 -2.0290
v  6.4867 0.5069 -2.0290
v  6.4890 0.5126 -2.0290
v  6.4890 0.5126 -1.8541
v  6.4867 0.5070 -1.8546
v  6.4867 0.5070 -1.7702
v  6.4890 0.5127 -1.7702
v  6.4876 0.5101 -1.7657
v  6.4892 0.5144 -1.7683
v  6.4892 0.5162 -1.7665
v  6.4874 0.5139 -1.7618
v  6.4862 0.5721 -1.7588
v  6.4860 0.5182 -1.7585
v  6.4889 0.5181 -1.7648
v  6.4887 0.5729 -1.7643
v  6.4888 0.9770 -1.7645
v  6.4863 0.9771 -1.7590
v  6.4863 1.0293 -1.7591
v  6.4887 1.0303 -1.7645
v  6.4890 1.0338 -1.7677
v  6.4874 1.0388 -1.7671
v  6.4874 1.0344 -1.7627
v  6.4865 1.0425 -1.7721
v  6.4887 1.0370 -1.7712
v  6.4888 1.0373 -1.8694
v  6.4863 1.0430 -1.8694
v  6.4888 1.0374 -2.0290
v  6.4863 1.0431 -2.0290
v  6.4898 0.5190 -2.0290
v  6.4898 0.5190 -1.8537
v  6.4898 0.5190 -1.7705
v  6.4898 0.5736 -1.7705
v  6.4897 0.9767 -1.7705
v  6.4897 1.0309 -1.7706
v  6.4898 1.0310 -1.8695
v  6.4898 1.0310 -2.0290
v  3.7678 0.4712 -1.7732
v  3.7735 0.4969 -1.7785
v  3.7747 1.0137 -1.8067
v  3.7510 0.4750 -1.7828
v  4.1248 0.3947 -1.7105
v  4.0640 0.3871 -1.6946
v  3.9998 0.3850 -1.6894
v  3.9355 0.3875 -1.6955
v  6.4898 0.9765 -1.8678
v  6.4898 0.5735 -1.8554
v  6.4898 0.5735 -2.0290
v  6.4898 0.9765 -2.0290
v  4.3451 0.2393 -2.0984
v  4.3475 0.4256 -2.0954
v  4.2920 0.2395 -2.2264
v  4.2870 0.4272 -2.2335
v  4.3248 0.4255 -2.1651
v  4.3247 0.2395 -2.1651
v  4.2482 0.2395 -2.2801
v  4.1953 0.2394 -2.3230
v  4.1954 0.4003 -2.3228
v  4.2354 0.4287 -2.2923
v  4.1344 0.2395 -2.3553
v  4.0684 0.2395 -2.3753
v  4.0683 0.3675 -2.3740
v  4.1345 0.3752 -2.3555
v  3.9314 0.2395 -2.3753
v  3.9313 0.3679 -2.3749
v  3.9999 0.3652 -2.3818
v  3.9999 0.2395 -2.3825
v  3.8046 0.2395 -2.3229
v  3.8047 0.3957 -2.3231
v  3.8653 0.3755 -2.3555
v  3.8654 0.2395 -2.3553
v  3.7511 0.2395 -2.2794
v  3.7076 0.2395 -2.2259
v  3.7073 0.3957 -2.2259
v  3.7511 0.4625 -2.2794
v  3.6753 0.2395 -2.1650
v  3.6550 0.2395 -2.0984
v  3.6549 0.3677 -2.0984
v  3.6752 0.3755 -2.1651
v  4.1319 0.3830 -2.3552
v  4.1286 0.3895 -2.3526
v  4.1889 0.4104 -2.3223
v  4.1925 0.4057 -2.3233
v  4.0007 0.3742 -2.3790
v  4.0003 0.3809 -2.3744
v  4.0657 0.3826 -2.3690
v  4.0669 0.3768 -2.3727
v  3.8697 0.3901 -2.3511
v  3.9338 0.3825 -2.3687
v  3.9324 0.3757 -2.3727
v  3.8671 0.3836 -2.3548
v  3.7554 0.4666 -2.2825
v  3.7613 0.4695 -2.2844
v  3.8105 0.4097 -2.3225
v  3.8072 0.4031 -2.3238
v  4.2267 0.4392 -2.2974
v  4.2315 0.4342 -2.2959
v  3.6756 0.3828 -2.1634
v  3.6781 0.3891 -2.1611
v  3.7069 0.4084 -2.2192
v  3.7063 0.4024 -2.2229
v  3.6605 0.3821 -2.0966
v  3.6565 0.3757 -2.0977
v  3.7464 0.4685 -2.2707
v  3.7485 0.4658 -2.2761
v  3.7518 0.4700 -2.2787
v  3.7563 0.4753 -2.2800
v  4.3579 0.4748 -2.0960
v  4.3924 0.5089 -2.1077
v  4.3801 0.5093 -2.1567
v  4.3403 0.4749 -2.1630
v  4.3562 0.5103 -2.2172
v  4.3045 0.4747 -2.2321
v  4.3354 0.5132 -2.2622
v  4.2751 0.4749 -2.2723
v  4.4252 0.5228 -2.1834
v  4.3916 0.5232 -2.2595
v  4.2676 0.4832 -2.2800
v  4.2719 0.4788 -2.2772
v  4.3303 0.5229 -2.2751
v  4.3333 0.5171 -2.2700
v  4.3908 0.5323 -2.2737
v  4.3913 0.5265 -2.2679
v  4.3265 0.5305 -2.2775
v  4.2626 0.4881 -2.2808
v  4.2625 0.5180 -2.2779
v  4.3265 0.5580 -2.2776
v  4.3902 0.5404 -2.2771
v  4.3902 0.5673 -2.2777
v  3.7097 0.4136 -2.2146
v  3.7100 0.4134 -2.1368
v  3.7457 0.4705 -2.1866
v  3.7457 0.4705 -2.2645
v  3.6670 0.3870 -2.0952
v  3.8727 0.3958 -2.3459
v  3.8147 0.4152 -2.3188
v  3.9998 0.4148 -2.3192
v  3.9987 0.3951 -2.3466
v  4.1848 0.4145 -2.3197
v  3.9943 0.4572 -2.2897
v  4.2208 0.4440 -2.2965
v  4.0180 0.4925 -2.2803
v  3.7512 0.4969 -2.1820
v  3.7512 0.4968 -2.2580
v  3.7586 0.4802 -2.2799
v  3.7512 0.4800 -2.2731
v  3.7548 0.4979 -2.2690
v  3.7622 0.4979 -2.2762
v  4.0185 0.5215 -2.2777
v  3.7530 0.5264 -2.1820
v  3.7530 0.5258 -2.2560
v  3.7563 0.5257 -2.2671
v  3.7635 0.5255 -2.2743
v  4.2625 0.9424 -2.2775
v  4.3265 0.9462 -2.2777
v  4.3902 0.9471 -2.2779
v  3.7746 0.5249 -2.2775
v  3.7747 0.9431 -2.2775
v  4.0186 0.9428 -2.2776
v  3.7530 0.9432 -2.1820
v  3.7530 0.9432 -2.2554
v  3.7634 0.9431 -2.2742
v  3.7562 0.9432 -2.2668
v  4.2625 1.0096 -2.2649
v  4.3265 1.0098 -2.2654
v  4.3267 1.0006 -2.2741
v  4.2625 1.0007 -2.2737
v  4.3901 1.0100 -2.2658
v  4.3901 1.0010 -2.2744
v  3.7745 1.0098 -2.2645
v  4.0185 1.0097 -2.2647
v  4.0184 1.0004 -2.2737
v  3.7744 1.0002 -2.2738
v  4.2625 1.0137 -2.2513
v  4.2625 1.0137 -2.1840
v  4.3265 1.0139 -2.1843
v  4.3265 1.0139 -2.2516
v  4.3902 1.0140 -2.1847
v  4.3902 1.0140 -2.2519
v  4.0186 1.0137 -2.2513
v  4.0186 1.0138 -2.1840
v  3.7747 1.0138 -2.1840
v  3.7548 1.0004 -2.1827
v  3.7619 1.0094 -2.1833
v  3.7624 1.0093 -2.2548
v  3.7553 1.0003 -2.2561
v  3.7637 1.0058 -2.2648
v  3.7638 0.9985 -2.2712
v  3.7565 0.9973 -2.2634
v  5.4085 0.5068 -2.1798
v  4.9226 0.5206 -2.1677
v  5.3897 0.5080 -2.2768
v  4.8891 0.5209 -2.2599
v  5.3890 0.5114 -2.2874
v  4.8892 0.5240 -2.2709
v  4.8893 0.5309 -2.2781
v  5.3887 0.5184 -2.2943
v  5.3872 1.0078 -2.2984
v  5.3874 0.9668 -2.2982
v  4.8897 0.9529 -2.2819
v  4.8896 0.9916 -2.2823
v  5.3889 0.5761 -2.2979
v  5.3886 0.5289 -2.2977
v  4.8896 0.5417 -2.2817
v  4.8906 0.5849 -2.2818
v  5.3864 1.0212 -2.2943
v  4.8893 1.0049 -2.2782
v  4.8892 1.0137 -2.2695
v  5.3861 1.0299 -2.2855
v  5.3852 1.0336 -2.1872
v  4.8881 1.0174 -2.1860
v  5.3863 1.0339 -2.2719
v  4.8892 1.0177 -2.2562
v  6.3758 0.4094 -2.2037
v  5.8933 0.4727 -2.1917
v  5.8860 0.4737 -2.3126
v  6.3758 0.4094 -2.3744
v  6.3750 0.4126 -2.3850
v  5.8848 0.4773 -2.3232
v  5.8843 0.4854 -2.3307
v  6.3751 0.4196 -2.3923
v  5.8814 1.0461 -2.3333
v  6.3758 1.1135 -2.3958
v  6.3758 1.0547 -2.3958
v  5.8818 0.9992 -2.3334
v  6.3758 0.4948 -2.3959
v  6.3758 0.4303 -2.3958
v  5.8846 0.4964 -2.3337
v  5.8865 0.5530 -2.3339
v  6.3752 1.1265 -2.3921
v  5.8808 1.0586 -2.3293
v  5.8811 1.0670 -2.3211
v  6.3753 1.1352 -2.3839
v  6.3759 1.1397 -2.1898
v  5.8810 1.0710 -2.1885
v  6.3758 1.1395 -2.3712
v  5.8823 1.0712 -2.3087
v  3.6828 0.3942 -2.1582
v  4.2625 0.9870 -2.2776
v  4.3265 0.9870 -2.2777
v  4.3902 0.9870 -2.2779
v  3.7747 0.9870 -2.2775
v  4.0186 0.9870 -2.2775
v  3.7530 0.9870 -2.1820
v  3.7530 0.9870 -2.2554
v  3.7636 0.9867 -2.2743
v  3.7563 0.9868 -2.2671
v  6.3900 0.4116 -2.2037
v  6.3833 0.4094 -2.2037
v  6.3899 0.4116 -2.3756
v  6.3832 0.4095 -2.3754
v  6.3835 0.4127 -2.3855
v  6.3834 0.4192 -2.3923
v  6.3912 0.4209 -2.3900
v  6.3912 0.4151 -2.3839
v  6.3898 1.1145 -2.3937
v  6.3898 1.0547 -2.3936
v  6.3832 1.0547 -2.3958
v  6.3831 1.1144 -2.3958
v  6.3898 0.4948 -2.3937
v  6.3898 0.4292 -2.3936
v  6.3831 0.4293 -2.3957
v  6.3832 0.4948 -2.3959
v  6.3835 1.1269 -2.3921
v  6.3835 1.1354 -2.3842
v  6.3911 1.1332 -2.3827
v  6.3914 1.1254 -2.3897
v  6.3891 1.1369 -2.1898
v  6.3825 1.1390 -2.1898
v  6.3896 1.1378 -2.3718
v  6.3826 1.1392 -2.3714
v  6.3959 0.4160 -2.2037
v  6.3959 0.4161 -2.3747
v  6.3973 0.4243 -2.3856
v  6.3974 0.4202 -2.3815
v  6.3957 1.1136 -2.3893
v  6.3957 1.0547 -2.3893
v  6.3957 0.4948 -2.3894
v  6.3957 0.4301 -2.3893
v  6.3978 1.1285 -2.3792
v  6.3978 1.1218 -2.3851
v  6.3958 1.1334 -2.1898
v  6.3958 1.1332 -2.3714
v  6.4828 0.5019 -2.2029
v  6.4828 0.5019 -2.2874
v  6.4844 0.5106 -2.2995
v  6.4846 0.5056 -2.2941
v  6.4821 0.5713 -2.3040
v  6.4822 0.5167 -2.3038
v  6.4824 0.9773 -2.3036
v  6.4826 1.0280 -2.3035
v  6.4850 1.0425 -2.2925
v  6.4849 1.0361 -2.2989
v  6.4822 1.0480 -2.1886
v  6.4829 1.0473 -2.2845
v  6.4890 0.5126 -2.2038
v  6.4867 0.5070 -2.2033
v  6.4867 0.5070 -2.2877
v  6.4890 0.5127 -2.2877
v  6.4876 0.5101 -2.2923
v  6.4874 0.5139 -2.2962
v  6.4892 0.5162 -2.2914
v  6.4892 0.5144 -2.2896
v  6.4862 0.5721 -2.2992
v  6.4887 0.5729 -2.2936
v  6.4889 0.5181 -2.2931
v  6.4860 0.5182 -2.2995
v  6.4888 0.9770 -2.2935
v  6.4863 0.9771 -2.2989
v  6.4863 1.0293 -2.2988
v  6.4887 1.0303 -2.2934
v  6.4890 1.0338 -2.2902
v  6.4874 1.0344 -2.2952
v  6.4874 1.0388 -2.2908
v  6.4888 1.0373 -2.1885
v  6.4887 1.0370 -2.2867
v  6.4865 1.0425 -2.2858
v  6.4863 1.0430 -2.1886
v  6.4898 0.5190 -2.2043
v  6.4898 0.5190 -2.2874
v  6.4898 0.5736 -2.2874
v  6.4897 0.9767 -2.2874
v  6.4897 1.0309 -2.2874
v  6.4898 1.0310 -2.1885
v  3.7735 0.4969 -2.2794
v  3.7678 0.4712 -2.2847
v  3.7747 1.0137 -2.2513
v  3.7510 0.4750 -2.2751
v  4.1248 0.3947 -2.3474
v  3.9998 0.3850 -2.3685
v  4.0640 0.3871 -2.3634
v  3.9355 0.3875 -2.3625
v  6.4898 0.5735 -2.2026
v  6.4898 0.9765 -2.1901
v  4.3055 0.2293 -1.9672
v  4.2876 0.2295 -1.9082
v  4.2588 0.2295 -1.8541
v  4.3055 0.2293 -2.0907
v  4.2204 0.2295 -1.8069
v  4.1731 0.2294 -1.7684
v  4.0605 0.2295 -1.7219
v  4.1191 0.2295 -1.7398
v  3.9999 0.2295 -1.7156
v  3.9394 0.2295 -1.7219
v  3.8268 0.2295 -1.7686
v  3.8808 0.2295 -1.7398
v  3.7795 0.2295 -1.8070
v  3.7411 0.2295 -1.8542
v  3.6944 0.2295 -1.9674
v  3.7124 0.2295 -1.9083
v  3.6883 0.2295 -2.0290
v  3.6944 0.2295 -2.0905
v  3.7411 0.2295 -2.2037
v  3.7124 0.2295 -2.1497
v  3.7795 0.2295 -2.2510
v  3.8268 0.2295 -2.2894
v  3.9394 0.2295 -2.3360
v  3.8808 0.2295 -2.3181
v  3.9999 0.2295 -2.3423
v  4.0605 0.2295 -2.3360
v  4.1731 0.2294 -2.2895
v  4.1191 0.2295 -2.3182
v  4.2204 0.2295 -2.2511
v  4.2588 0.2295 -2.2039
v  4.2876 0.2295 -2.1497
v  4.3117 0.2295 -2.0290
v  4.3351 0.2293 -1.9613
v  4.3418 0.2295 -2.0290
v  4.3351 0.2293 -2.0966
v  4.3154 0.2295 -2.1613
v  4.2839 0.2295 -2.2205
v  4.2417 0.2295 -2.2724
v  4.1897 0.2294 -2.3146
v  4.1306 0.2295 -2.3460
v  4.0664 0.2295 -2.3656
v  3.9999 0.2295 -2.3725
v  3.9334 0.2295 -2.3655
v  3.8693 0.2295 -2.3460
v  3.8101 0.2295 -2.3145
v  3.7582 0.2295 -2.2723
v  3.7160 0.2295 -2.2204
v  3.6846 0.2295 -2.1612
v  3.6648 0.2295 -2.0964
v  3.6582 0.2295 -2.0290
v  3.6648 0.2295 -1.9615
v  3.6846 0.2295 -1.8967
v  3.7160 0.2295 -1.8376
v  3.7582 0.2295 -1.7856
v  3.8101 0.2295 -1.7435
v  3.8693 0.2295 -1.7120
v  3.9334 0.2295 -1.6924
v  3.9999 0.2295 -1.6854
v  4.0664 0.2295 -1.6924
v  4.1306 0.2295 -1.7119
v  4.1897 0.2294 -1.7433
v  4.2417 0.2295 -1.7855
v  4.2839 0.2295 -1.8374
v  4.3154 0.2295 -1.8967
v  4.3450 0.2293 -1.9593
v  4.3519 0.2295 -2.0290
v  4.2923 0.2295 -1.8319
v  4.3247 0.2295 -1.8928
v  4.1953 0.2294 -1.7349
v  4.2488 0.2295 -1.7784
v  4.0684 0.2295 -1.6825
v  4.1344 0.2295 -1.7026
v  3.9314 0.2295 -1.6826
v  3.9999 0.2295 -1.6754
v  3.8045 0.2295 -1.7351
v  3.8654 0.2295 -1.7027
v  3.7076 0.2295 -1.8320
v  3.7511 0.2295 -1.7785
v  3.6550 0.2295 -1.9596
v  3.6753 0.2295 -1.8929
v  3.6481 0.2295 -2.0290
v  4.3450 0.2293 -2.0986
v  4.3247 0.2295 -2.1651
v  4.2923 0.2295 -2.2261
v  4.2488 0.2295 -2.2795
v  4.1953 0.2294 -2.3230
v  4.1344 0.2295 -2.3553
v  4.0684 0.2295 -2.3754
v  3.9999 0.2295 -2.3825
v  3.9314 0.2295 -2.3754
v  3.8654 0.2295 -2.3552
v  3.8045 0.2295 -2.3229
v  3.7511 0.2295 -2.2794
v  3.7076 0.2295 -2.2259
v  3.6753 0.2295 -2.1650
v  3.6550 0.2295 -2.0984
# 4162 vertices

vn -0.9782 0.2076 0.0012
vn -0.9777 0.2099 0.0012
vn -0.9886 0.1503 0.0028
vn -0.9899 0.1421 0.0026
vn -0.9562 0.2926 -0.0008
vn -0.9562 0.2926 -0.0002
vn -0.9397 0.3419 -0.0004
vn -0.9403 0.3405 -0.0001
vn -0.9944 0.1056 0.0001
vn -0.9961 0.0887 0.0018
vn -0.9973 0.0731 -0.0003
vn -0.9987 0.0512 -0.0006
vn -0.9990 0.0443 0.0004
vn -0.9983 0.0591 0.0010
vn -0.9992 0.0389 0.0002
vn -0.9986 0.0537 0.0004
vn -0.9993 0.0371 -0.0002
vn -0.9986 0.0534 -0.0006
vn -0.9986 0.0534 -0.0030
vn -0.9993 0.0376 -0.0026
vn -0.9984 0.0566 -0.0090
vn -0.9988 0.0480 -0.0102
vn -0.9972 0.0693 -0.0296
vn -0.9972 0.0744 -0.0084
vn -0.9928 0.1127 0.0395
vn -0.9930 0.0967 -0.0671
vn -0.9894 0.1252 -0.0738
vn -0.9826 0.1625 0.0902
vn -0.9714 0.2181 0.0939
vn -0.9834 0.1403 0.1150
vn -0.9811 0.1393 -0.1339
vn -0.9695 0.2172 -0.1133
vn -0.9432 0.3193 0.0921
vn -0.9489 0.3081 -0.0677
vn -0.9134 0.3859 0.1293
vn -0.9216 0.3681 -0.1231
vn -0.9844 0.0715 -0.1606
vn -0.9945 0.0802 0.0676
vn -0.9797 0.1493 -0.1339
vn -0.9983 0.0213 0.0546
vn -0.9810 0.1938 -0.0054
vn -0.9987 -0.0417 0.0294
vn -0.9812 0.1931 -0.0048
vn -0.9964 -0.0841 0.0074
vn -0.9816 0.1911 -0.0047
vn -0.9973 -0.0728 0.0015
vn -0.9795 0.2011 0.0091
vn -0.9993 -0.0345 -0.0105
vn -0.9803 0.1921 0.0449
vn -0.9995 -0.0145 -0.0277
vn -0.9699 0.2106 0.1225
vn -0.9986 0.0020 -0.0519
vn -0.9579 0.1873 0.2176
vn -0.9858 -0.0249 -0.1658
vn -0.9156 0.2231 0.3346
vn -0.9580 -0.0085 -0.2865
vn -0.8856 -0.2459 -0.3939
vn -0.5744 -0.4954 -0.6516
vn -0.5346 -0.4271 -0.7293
vn -0.8068 -0.2298 -0.5443
vn -0.6507 -0.5877 -0.4809
vn -0.9507 -0.2271 -0.2114
vn -0.6164 -0.7337 -0.2860
vn -0.9346 -0.3271 -0.1394
vn -0.5415 -0.8378 -0.0695
vn -0.9148 -0.4021 -0.0385
vn -0.5510 -0.8344 0.0138
vn -0.8934 -0.4492 0.0078
vn -0.5144 -0.8568 0.0363
vn -0.8790 -0.4763 0.0232
vn -0.5637 -0.7999 0.2057
vn -0.9085 -0.4011 0.1170
vn -0.5888 -0.6313 0.5047
vn -0.9316 -0.2567 0.2575
vn -0.6122 -0.3398 0.7139
vn -0.9348 -0.0843 0.3449
vn -0.5485 -0.0575 0.8342
vn -0.8852 0.0660 0.4606
vn -0.5148 0.1795 0.8383
vn -0.8741 0.2231 0.4315
vn -0.5155 0.3870 0.7645
vn -0.8381 0.3744 0.3968
vn -0.7544 0.4691 0.4592
vn -0.4044 0.4808 0.7781
vn -0.8432 0.1392 -0.5193
vn -0.4489 0.1037 -0.8875
vn -0.4679 0.1810 -0.8651
vn -0.8470 0.2255 -0.4815
vn -0.4007 0.2911 -0.8687
vn -0.8372 0.3391 -0.4290
vn -0.3938 0.3639 -0.8441
vn -0.7746 0.4057 -0.4852
vn -0.4307 0.0438 -0.9014
vn -0.8227 0.0665 -0.5646
vn -0.4450 0.1373 -0.8849
vn -0.8365 0.1384 -0.5302
vn -0.4735 0.8804 -0.0252
vn -0.4869 0.8605 -0.1498
vn -0.8519 0.5085 -0.1256
vn -0.8282 0.5602 -0.0163
vn -0.5073 0.8614 -0.0238
vn -0.8347 0.5505 -0.0152
vn -0.5173 0.8555 -0.0227
vn -0.8366 0.5476 -0.0145
vn -0.5547 0.8309 0.0434
vn -0.8410 0.5403 0.0281
vn -0.5650 0.7934 0.2265
vn -0.8516 0.5050 0.1406
vn -0.5682 0.6855 0.4553
vn -0.8342 0.4619 0.3014
vn -0.5254 0.5364 0.6605
vn -0.8034 0.3797 0.4587
vn -0.7280 0.3513 0.5888
vn -0.4796 0.4403 0.7591
vn -0.7943 0.4436 -0.4151
vn -0.4345 0.7675 -0.4712
vn -0.4498 0.4524 -0.7701
vn -0.2751 -0.5959 -0.7545
vn -0.1033 -0.5607 -0.8216
vn -0.1481 -0.4759 -0.8669
vn -0.3023 -0.5194 -0.7993
vn -0.2547 -0.7506 -0.6097
vn -0.0595 -0.7482 -0.6608
vn -0.2141 -0.9087 -0.3585
vn -0.0285 -0.9241 -0.3811
vn -0.1387 -0.9867 -0.0853
vn -0.0029 -0.9956 -0.0933
vn -0.1609 -0.9868 0.0167
vn -0.0008 -0.9998 0.0176
vn -0.1351 -0.9901 0.0390
vn 0.0000 -0.9992 0.0393
vn -0.1621 -0.9578 0.2372
vn -0.0021 -0.9719 0.2353
vn -0.1635 -0.7892 0.5920
vn -0.0001 -0.8086 0.5883
vn -0.1806 -0.4727 0.8625
vn 0.0000 -0.5030 0.8643
vn -0.1571 -0.1429 0.9772
vn -0.0007 -0.1743 0.9847
vn -0.1287 0.1159 0.9849
vn -0.0012 0.0809 0.9967
vn -0.1463 0.3385 0.9295
vn -0.0017 0.2922 0.9563
vn -0.0952 0.4233 0.9010
vn -0.0003 0.3951 0.9187
vn -0.0966 0.0613 -0.9934
vn -0.0011 0.0478 -0.9989
vn 0.0004 0.0956 -0.9954
vn -0.1102 0.1184 -0.9868
vn -0.0000 0.1917 -0.9815
vn -0.0569 0.2134 -0.9753
vn 0.0000 0.2593 -0.9658
vn -0.0759 0.2829 -0.9561
vn -0.0978 0.0225 -0.9950
vn -0.0001 0.0160 -0.9999
vn -0.1011 0.1362 -0.9855
vn -0.0000 0.1386 -0.9904
vn -0.1466 0.9888 -0.0295
vn -0.0344 0.9988 -0.0341
vn -0.0034 0.9849 -0.1731
vn -0.1282 0.9791 -0.1577
vn -0.1965 0.9801 -0.0290
vn -0.0652 0.9973 -0.0341
vn -0.2214 0.9748 -0.0276
vn -0.0853 0.9959 -0.0310
vn -0.2656 0.9628 0.0490
vn -0.1014 0.9935 0.0521
vn -0.2668 0.9251 0.2703
vn -0.0989 0.9555 0.2781
vn -0.2816 0.7992 0.5310
vn -0.1028 0.8270 0.5528
vn -0.2612 0.6025 0.7541
vn -0.1028 0.6208 0.7772
vn -0.2421 0.4824 0.8418
vn -0.1051 0.4956 0.8622
vn -0.1113 0.4960 -0.8612
vn -0.1182 0.8492 -0.5148
vn -0.0000 0.8507 -0.5256
vn 0.0000 0.5023 -0.8647
vn 0.0000 0.0478 -0.9989
vn 0.0000 0.0956 -0.9954
vn 0.0000 0.1917 -0.9815
vn -0.0000 0.2593 -0.9658
vn 0.0000 0.0161 -0.9999
vn 0.0000 0.9993 -0.0367
vn 0.0000 0.9837 -0.1796
vn 0.0000 0.9993 -0.0362
vn 0.0000 0.9995 -0.0319
vn -0.0000 0.9986 0.0528
vn -0.0000 0.9602 0.2794
vn 0.0000 0.8315 0.5554
vn 0.0001 0.6239 0.7815
vn 0.0001 0.4986 0.8668
vn -0.0000 0.5023 -0.8647
vn 0.0000 0.8492 -0.5280
vn 0.0000 -0.5344 -0.8452
vn 0.0000 -0.4540 -0.8910
vn 0.0000 -0.7373 -0.6756
vn 0.0000 -0.9212 -0.3891
vn 0.0000 -0.9950 -0.0998
vn 0.0000 -0.9998 0.0174
vn 0.0000 -0.9992 0.0392
vn 0.0000 -0.9718 0.2357
vn 0.0000 -0.8089 0.5879
vn -0.0000 -0.1742 0.9847
vn -0.0000 0.0809 0.9967
vn -0.0000 0.2921 0.9564
vn -0.0000 0.3947 0.9188
vn 0.9782 0.2076 0.0012
vn 0.9899 0.1421 0.0026
vn 0.9886 0.1503 0.0028
vn 0.9777 0.2099 0.0012
vn 0.9562 0.2926 -0.0008
vn 0.9562 0.2926 -0.0002
vn 0.9397 0.3419 -0.0004
vn 0.9403 0.3405 -0.0001
vn 0.9944 0.1056 0.0001
vn 0.9961 0.0887 0.0018
vn 0.9973 0.0731 -0.0003
vn 0.9987 0.0512 -0.0006
vn 0.9990 0.0443 0.0004
vn 0.9983 0.0591 0.0010
vn 0.9992 0.0389 0.0002
vn 0.9986 0.0537 0.0004
vn 0.9993 0.0371 -0.0002
vn 0.9986 0.0534 -0.0006
vn 0.9986 0.0534 -0.0030
vn 0.9993 0.0376 -0.0026
vn 0.9984 0.0566 -0.0090
vn 0.9988 0.0480 -0.0102
vn 0.9972 0.0693 -0.0296
vn 0.9972 0.0744 -0.0084
vn 0.9938 0.1043 0.0378
vn 0.9940 0.0957 -0.0537
vn 0.9828 0.1658 0.0815
vn 0.9878 0.1384 -0.0714
vn 0.9834 0.1403 0.1150
vn 0.9714 0.2181 0.0939
vn 0.9695 0.2172 -0.1133
vn 0.9811 0.1393 -0.1339
vn 0.9432 0.3193 0.0921
vn 0.9489 0.3081 -0.0677
vn 0.9134 0.3859 0.1293
vn 0.9216 0.3681 -0.1231
vn 0.9844 0.0715 -0.1606
vn 0.9945 0.0802 0.0676
vn 0.9797 0.1493 -0.1339
vn 0.9983 0.0213 0.0546
vn 0.9810 0.1938 -0.0054
vn 0.9987 -0.0417 0.0294
vn 0.9812 0.1931 -0.0048
vn 0.9964 -0.0841 0.0074
vn 0.9816 0.1911 -0.0047
vn 0.9973 -0.0728 0.0015
vn 0.9795 0.2011 0.0091
vn 0.9993 -0.0345 -0.0105
vn 0.9803 0.1921 0.0449
vn 0.9995 -0.0145 -0.0277
vn 0.9699 0.2106 0.1225
vn 0.9986 0.0020 -0.0519
vn 0.9579 0.1874 0.2176
vn 0.9856 -0.0247 -0.1672
vn 0.9154 0.2234 0.3349
vn 0.9577 -0.0099 -0.2878
vn 0.8856 -0.2459 -0.3939
vn 0.8068 -0.2297 -0.5443
vn 0.5346 -0.4271 -0.7293
vn 0.5744 -0.4954 -0.6516
vn 0.6507 -0.5877 -0.4809
vn 0.9507 -0.2271 -0.2114
vn 0.6164 -0.7337 -0.2860
vn 0.9346 -0.3271 -0.1394
vn 0.5415 -0.8378 -0.0695
vn 0.9148 -0.4021 -0.0385
vn 0.5510 -0.8344 0.0138
vn 0.8934 -0.4492 0.0078
vn 0.5144 -0.8568 0.0363
vn 0.8790 -0.4763 0.0232
vn 0.5637 -0.7999 0.2057
vn 0.9085 -0.4011 0.1170
vn 0.5888 -0.6313 0.5047
vn 0.9316 -0.2567 0.2575
vn 0.6122 -0.3398 0.7139
vn 0.9348 -0.0843 0.3449
vn 0.5485 -0.0575 0.8342
vn 0.8852 0.0660 0.4606
vn 0.5148 0.1795 0.8383
vn 0.8741 0.2231 0.4315
vn 0.5155 0.3870 0.7645
vn 0.8381 0.3744 0.3968
vn 0.7544 0.4691 0.4592
vn 0.4044 0.4808 0.7781
vn 0.8432 0.1392 -0.5193
vn 0.8470 0.2255 -0.4815
vn 0.4679 0.1810 -0.8651
vn 0.4489 0.1037 -0.8875
vn 0.8372 0.3391 -0.4290
vn 0.4007 0.2911 -0.8687
vn 0.7746 0.4057 -0.4852
vn 0.3938 0.3639 -0.8441
vn 0.4307 0.0438 -0.9014
vn 0.8227 0.0665 -0.5646
vn 0.4450 0.1373 -0.8849
vn 0.8365 0.1384 -0.5302
vn 0.8519 0.5085 -0.1256
vn 0.4869 0.8605 -0.1498
vn 0.4735 0.8804 -0.0252
vn 0.8282 0.5602 -0.0163
vn 0.5073 0.8614 -0.0238
vn 0.8347 0.5505 -0.0152
vn 0.5173 0.8555 -0.0227
vn 0.8366 0.5476 -0.0145
vn 0.5547 0.8309 0.0434
vn 0.8410 0.5403 0.0281
vn 0.5650 0.7934 0.2265
vn 0.8516 0.5050 0.1406
vn 0.5682 0.6855 0.4553
vn 0.8342 0.4619 0.3014
vn 0.5256 0.5349 0.6615
vn 0.8030 0.3791 0.4598
vn 0.4796 0.4421 0.7580
vn 0.7274 0.3527 0.5887
vn 0.7943 0.4436 -0.4151
vn 0.4498 0.4524 -0.7701
vn 0.4345 0.7675 -0.4712
vn 0.1481 -0.4759 -0.8669
vn 0.1033 -0.5607 -0.8216
vn 0.2751 -0.5959 -0.7545
vn 0.3023 -0.5194 -0.7993
vn 0.0595 -0.7482 -0.6608
vn 0.2547 -0.7506 -0.6097
vn 0.0285 -0.9241 -0.3811
vn 0.2141 -0.9087 -0.3585
vn 0.0029 -0.9956 -0.0933
vn 0.1387 -0.9867 -0.0853
vn 0.0008 -0.9998 0.0176
vn 0.1609 -0.9868 0.0167
vn -0.0000 -0.9992 0.0393
vn 0.1351 -0.9901 0.0390
vn 0.0021 -0.9719 0.2353
vn 0.1621 -0.9578 0.2372
vn 0.0001 -0.8086 0.5883
vn 0.1635 -0.7892 0.5920
vn -0.0000 -0.5030 0.8643
vn 0.1806 -0.4727 0.8625
vn 0.0007 -0.1743 0.9847
vn 0.1571 -0.1429 0.9772
vn 0.0012 0.0809 0.9967
vn 0.1287 0.1159 0.9849
vn 0.0017 0.2922 0.9563
vn 0.1463 0.3385 0.9295
vn 0.0003 0.3951 0.9187
vn 0.0952 0.4233 0.9010
vn -0.0004 0.0956 -0.9954
vn 0.0011 0.0478 -0.9989
vn 0.0966 0.0613 -0.9934
vn 0.1102 0.1184 -0.9868
vn 0.0569 0.2134 -0.9753
vn 0.0759 0.2829 -0.9561
vn 0.0001 0.0160 -0.9999
vn 0.0978 0.0225 -0.9950
vn 0.0000 0.1386 -0.9904
vn 0.1011 0.1362 -0.9855
vn 0.0034 0.9849 -0.1731
vn 0.0344 0.9988 -0.0341
vn 0.1466 0.9888 -0.0295
vn 0.1282 0.9791 -0.1577
vn 0.0652 0.9973 -0.0341
vn 0.1965 0.9801 -0.0290
vn 0.0853 0.9959 -0.0310
vn 0.2214 0.9748 -0.0276
vn 0.1014 0.9935 0.0521
vn 0.2656 0.9628 0.0490
vn 0.0989 0.9555 0.2781
vn 0.2668 0.9251 0.2703
vn 0.1028 0.8270 0.5528
vn 0.2816 0.7992 0.5310
vn 0.1027 0.6208 0.7772
vn 0.2617 0.6019 0.7545
vn 0.1050 0.4957 0.8621
vn 0.2427 0.4831 0.8412
vn 0.1113 0.4960 -0.8612
vn 0.0000 0.8507 -0.5256
vn 0.1182 0.8492 -0.5148
vn -0.9898 0.0000 -0.1427
vn -1.0000 -0.0000 -0.0000
vn -1.0000 0.0000 -0.0000
vn -1.0000 -0.0000 0.0000
vn -0.9880 -0.0000 0.1548
vn -0.8442 0.0000 0.5361
vn -0.0859 0.0000 -0.9963
vn -0.4330 0.0000 -0.9014
vn -0.1173 0.0000 0.9931
vn -0.0000 0.0000 1.0000
vn 0.0000 0.0000 -1.0000
vn -0.0000 0.0000 -1.0000
vn -0.8436 0.0000 -0.5369
vn -0.4729 0.0000 0.8811
vn 1.0000 0.0000 0.0000
vn 1.0000 0.0000 -0.0000
vn 1.0000 -0.0000 0.0000
vn 0.9880 -0.0000 0.1548
vn 0.9880 0.0000 0.1548
vn 0.9898 0.0000 -0.1427
vn 0.4728 0.0000 0.8811
vn 0.8442 0.0000 0.5361
vn 0.8436 0.0000 -0.5369
vn 0.4330 0.0000 -0.9014
vn 0.0000 0.0000 1.0000
vn 0.1173 0.0000 0.9931
vn 0.0859 0.0000 -0.9963
vn -0.9848 0.1735 -0.0000
vn -0.9849 0.1729 0.0000
vn -0.9675 0.1957 0.1604
vn -0.9721 0.1849 -0.1445
vn -0.8174 0.2376 0.5248
vn -0.4599 0.2432 0.8540
vn -0.4357 0.1834 -0.8812
vn -0.8263 0.2024 -0.5256
vn -0.1173 0.2119 0.9702
vn -0.0000 0.2015 0.9795
vn -0.0000 0.1308 -0.9914
vn -0.0899 0.1432 -0.9856
vn -0.0000 0.1307 -0.9914
vn 0.9849 0.1729 0.0000
vn 0.9848 0.1736 -0.0000
vn 0.9675 0.1957 0.1604
vn 0.9721 0.1849 -0.1445
vn 0.4599 0.2432 0.8540
vn 0.8174 0.2376 0.5248
vn 0.8263 0.2024 -0.5256
vn 0.4357 0.1834 -0.8812
vn 0.0000 0.2015 0.9795
vn 0.1173 0.2119 0.9702
vn 0.0899 0.1432 -0.9856
vn 0.0000 0.1308 -0.9914
vn 0.0000 -1.0000 -0.0000
vn -0.9880 0.0000 0.1548
vn 0.0043 -0.8848 0.4659
vn 0.0133 -0.8873 0.4609
vn 0.0006 -0.9099 0.4147
vn -0.0123 -0.8996 0.4365
vn 0.0000 -0.9058 0.4237
vn -0.0007 -0.9119 0.4103
vn 0.0222 -0.9061 0.4225
vn -0.0135 -0.8868 0.4620
vn 0.0478 -0.9057 0.4211
vn 0.0383 -0.9099 0.4131
vn -0.0001 -0.9103 0.4139
vn -0.0000 -0.9097 0.4152
vn -0.0040 -0.9095 0.4157
vn -0.0714 -0.9061 0.4169
vn -0.0208 -0.9074 0.4198
vn 0.0113 -0.9238 0.3826
vn -0.0158 -0.9686 0.2481
vn -0.0009 -0.9098 0.4151
vn -0.0000 -0.9223 0.3864
vn 0.0009 -0.9074 0.4203
vn -0.0183 -0.9158 0.4012
vn 0.0157 -0.9683 0.2493
vn 0.0070 -0.9047 0.4260
vn 0.0845 -0.9085 0.4093
vn -0.0280 -0.9072 0.4198
vn -0.0013 -0.9106 0.4133
vn -0.0003 -0.9106 0.4133
vn -0.0024 -0.9077 0.4196
vn -0.0114 -0.9043 0.4268
vn -0.0113 -0.9067 0.4217
vn -0.0015 -0.9095 0.4157
vn 0.0012 -0.9099 0.4148
vn 0.0000 -0.9098 0.4151
vn -0.0012 -0.9099 0.4149
vn 0.0015 -0.9094 0.4159
vn 0.0122 -0.9058 0.4235
vn 0.0096 -0.9041 0.4272
vn 0.0008 -0.9086 0.4177
vn -0.0003 -0.9107 0.4132
vn -0.0005 -0.9093 0.4162
vn -0.0062 -0.9049 0.4255
vn -0.0054 -0.9062 0.4228
vn 0.0184 -0.9136 0.4062
vn 0.0152 -0.9120 0.4099
vn -0.0014 -0.9097 0.4152
vn -0.0000 -0.9098 0.4150
vn 0.0014 -0.9097 0.4153
vn -0.0152 -0.9119 0.4100
vn -0.0185 -0.9135 0.4064
vn 0.0052 -0.9061 0.4231
vn 0.0058 -0.9049 0.4256
vn -0.0003 -0.9099 0.4149
vn -0.9879 0.1410 -0.0640
vn -0.9817 0.1645 0.0963
vn -0.9061 0.2226 0.3597
vn -0.9612 0.0008 -0.2759
vn -0.5502 -0.4216 -0.7208
vn -0.8148 -0.2250 -0.5342
vn -0.7198 0.3523 0.5981
vn -0.4724 0.4422 0.7625
vn -0.1695 -0.4632 -0.8699
vn -0.3119 -0.5169 -0.7972
vn -0.2405 0.4824 0.8423
vn -0.1055 0.4962 0.8618
vn 0.0000 0.4985 0.8669
vn 0.0000 -0.4491 -0.8935
vn 0.9815 0.1654 0.0961
vn 0.9878 0.1409 -0.0669
vn 0.9059 0.2229 0.3601
vn 0.9609 0.0002 -0.2769
vn 0.8148 -0.2250 -0.5342
vn 0.5502 -0.4216 -0.7208
vn 0.4724 0.4422 0.7625
vn 0.7198 0.3523 0.5981
vn 0.3119 -0.5169 -0.7972
vn 0.1695 -0.4632 -0.8699
vn 0.1054 0.4962 0.8618
vn 0.2406 0.4823 0.8423
vn -0.0020 -0.9080 0.4189
vn -0.0101 -0.9050 0.4253
vn -0.0106 -0.9071 0.4209
vn -0.0012 -0.9096 0.4156
vn 0.0012 -0.9095 0.4157
vn 0.0107 -0.9063 0.4224
vn 0.0083 -0.9046 0.4261
vn 0.0005 -0.9087 0.4173
vn -0.0003 -0.9106 0.4132
vn -0.0051 -0.9053 0.4248
vn -0.0048 -0.9068 0.4215
vn 0.0168 -0.9135 0.4065
vn 0.0132 -0.9117 0.4107
vn -0.0000 -0.9098 0.4151
vn 0.0014 -0.9097 0.4152
vn -0.0133 -0.9116 0.4108
vn -0.0169 -0.9134 0.4067
vn 0.0045 -0.9067 0.4218
vn 0.0046 -0.9052 0.4249
vn 0.9189 -0.2633 -0.2938
vn 0.9188 -0.2630 -0.2944
vn 0.9930 -0.1055 0.0524
vn 0.9930 -0.1058 0.0534
vn 0.7000 -0.4049 -0.5882
vn 0.7040 -0.4014 -0.5859
vn 0.5289 -0.4979 -0.6873
vn 0.5365 -0.4932 -0.6848
vn 0.0024 -0.4161 -0.9093
vn -0.0007 -0.4158 -0.9095
vn -0.0006 -0.4159 -0.9094
vn 0.0023 -0.4161 -0.9093
vn -0.0036 -0.4165 -0.9091
vn -0.0034 -0.4165 -0.9091
vn -0.7004 -0.4047 -0.5879
vn -0.7043 -0.4014 -0.5856
vn -0.5370 -0.4927 -0.6848
vn -0.5294 -0.4974 -0.6873
vn -0.9191 -0.2627 -0.2937
vn -0.9187 -0.2635 -0.2941
vn -0.9930 -0.1053 0.0529
vn -0.9930 -0.1062 0.0527
vn -0.9158 0.0529 0.3981
vn -0.9161 0.0520 0.3977
vn -0.6954 0.1818 0.6953
vn -0.7006 0.1812 0.6901
vn -0.5283 0.1992 0.8254
vn -0.5354 0.2004 0.8205
vn -0.0022 0.4123 0.9110
vn -0.0019 0.4158 0.9095
vn -0.0013 0.4155 0.9096
vn -0.0010 0.4121 0.9111
vn 0.0000 0.4158 0.9095
vn -0.0000 0.4158 0.9095
vn 0.6947 0.1813 0.6960
vn 0.7003 0.1815 0.6904
vn 0.5330 0.1975 0.8228
vn 0.5253 0.1963 0.8280
vn 0.9158 0.0522 0.3982
vn 0.9161 0.0526 0.3974
vn 0.7227 -0.6250 0.2949
vn 0.7227 -0.6250 0.2950
vn 0.6686 -0.7423 0.0438
vn 0.6686 -0.7424 0.0437
vn 0.5045 -0.8452 -0.1764
vn 0.5050 -0.8450 -0.1760
vn 0.1974 -0.9197 -0.3394
vn 0.2024 -0.9192 -0.3379
vn -0.0007 -0.9202 -0.3915
vn -0.1982 -0.9195 -0.3394
vn -0.2031 -0.9190 -0.3379
vn -0.5047 -0.8450 -0.1767
vn -0.5051 -0.8448 -0.1763
vn -0.6689 -0.7421 0.0435
vn -0.6689 -0.7421 0.0434
vn -0.7231 -0.6246 0.2948
vn -0.7231 -0.6247 0.2947
vn -0.6672 -0.5074 0.5452
vn -0.6673 -0.5075 0.5452
vn -0.5096 -0.4084 0.7573
vn -0.5109 -0.4089 0.7561
vn -0.1982 -0.3347 0.9213
vn -0.2044 -0.3357 0.9195
vn 0.0033 -0.2915 0.9566
vn 0.0034 -0.2915 0.9566
vn 0.1977 -0.3326 0.9221
vn 0.2039 -0.3337 0.9204
vn 0.5063 -0.4074 0.7601
vn 0.5074 -0.4079 0.7591
vn 0.6669 -0.5078 0.5453
vn 0.6670 -0.5078 0.5452
vn 0.0004 -0.9061 0.4230
vn 0.0004 -0.9062 0.4228
vn -0.0017 -0.9071 0.4208
vn -0.0056 -0.9083 0.4184
vn -0.0055 -0.9083 0.4184
vn -0.0003 -0.9082 0.4186
vn 0.0055 -0.9084 0.4182
vn 0.0055 -0.9083 0.4182
vn 0.0019 -0.9072 0.4207
vn -0.0004 -0.9062 0.4228
vn -0.0004 -0.9061 0.4230
vn -0.0004 -0.9060 0.4232
vn -0.0093 -0.9097 0.4152
vn 0.0055 -0.9099 0.4148
vn 0.0054 -0.9099 0.4148
vn 0.0072 -0.9067 0.4217
vn -0.0024 -0.9082 0.4186
vn -0.0023 -0.9082 0.4186
vn 0.0051 -0.9080 0.4189
vn 0.0004 -0.9060 0.4232
vn -0.2263 -0.8831 0.4111
vn -0.4967 -0.7875 0.3650
vn -0.4593 -0.7072 0.5375
vn -0.2092 -0.8465 0.4896
vn -0.3489 -0.6378 0.6866
vn -0.1588 -0.8166 0.5549
vn -0.1843 -0.5921 0.7845
vn -0.0866 -0.7955 0.5998
vn 0.0011 -0.5773 0.8165
vn 0.0004 -0.7861 0.6181
vn 0.1858 -0.5921 0.7842
vn 0.0873 -0.7954 0.5998
vn 0.3494 -0.6377 0.6865
vn 0.1592 -0.8166 0.5549
vn 0.4597 -0.7070 0.5375
vn 0.2093 -0.8464 0.4897
vn 0.4971 -0.7872 0.3649
vn 0.2265 -0.8830 0.4111
vn 0.4589 -0.8674 0.1926
vn 0.2091 -0.9196 0.3326
vn 0.3388 -0.9402 0.0358
vn 0.1483 -0.9548 0.2575
vn 0.1811 -0.9820 -0.0540
vn 0.0849 -0.9728 0.2155
vn 0.0067 -0.9964 -0.0844
vn 0.0072 -0.9797 0.2005
vn -0.1791 -0.9823 -0.0544
vn -0.0823 -0.9727 0.2172
vn -0.3419 -0.9389 0.0392
vn -0.1521 -0.9531 0.2615
vn -0.4585 -0.8675 0.1928
vn -0.2090 -0.9196 0.3327
vn -1.0000 -0.0020 -0.0042
vn -1.0000 -0.0020 -0.0043
vn -0.9255 0.1600 0.3432
vn -0.9255 0.1601 0.3432
vn -0.7000 0.3018 0.6473
vn -0.7005 0.3016 0.6468
vn -0.3599 0.3943 0.8456
vn -0.3582 0.3946 0.8462
vn 0.0027 0.4226 0.9063
vn 0.0028 0.4226 0.9063
vn 0.3611 0.3941 0.8452
vn 0.3628 0.3938 0.8446
vn 0.7002 0.3017 0.6471
vn 0.7007 0.3015 0.6466
vn 0.9255 0.1600 0.3432
vn 0.9255 0.1601 0.3432
vn 1.0000 -0.0020 -0.0043
vn 1.0000 -0.0020 -0.0042
vn 0.9222 -0.1634 -0.3505
vn 0.9222 -0.1634 -0.3504
vn 0.6977 -0.3028 -0.6493
vn 0.6953 -0.3038 -0.6514
vn 0.3591 -0.3944 -0.8458
vn 0.3597 -0.3943 -0.8457
vn 0.0016 -0.4226 -0.9063
vn -0.0000 -0.4226 -0.9063
vn -0.3578 -0.3946 -0.8463
vn -0.3580 -0.3946 -0.8462
vn -0.6952 -0.3038 -0.6514
vn -0.6965 -0.3032 -0.6503
vn -0.9222 -0.1634 -0.3505
vn -0.9222 -0.1634 -0.3504
vn 0.0015 0.9060 -0.4233
vn 0.0017 0.9062 -0.4228
vn 0.0074 0.9083 -0.4182
vn 0.0074 0.9083 -0.4181
vn 0.0070 0.9097 -0.4153
vn 0.0073 0.9098 -0.4151
vn 0.0057 0.9144 -0.4047
vn -0.0065 0.9117 -0.4107
vn -0.0061 0.9116 -0.4110
vn -0.0121 0.9103 -0.4138
vn -0.0122 0.9103 -0.4138
vn -0.0015 0.9060 -0.4233
vn -0.0017 0.9062 -0.4228
vn -0.0015 0.9065 -0.4222
vn -0.0016 0.9066 -0.4220
vn -0.0011 0.9066 -0.4220
vn -0.0014 0.9065 -0.4222
vn -0.0010 0.9002 -0.4355
vn 0.0012 0.9061 -0.4230
vn 0.0009 0.9062 -0.4228
vn 0.0024 0.9062 -0.4228
vn 0.0015 0.9065 -0.4222
vn 0.5041 -0.8454 -0.1768
vn 0.1935 -0.9201 -0.3406
vn -0.1943 -0.9199 -0.3406
vn -0.5044 -0.8451 -0.1770
vn -0.6689 -0.7420 0.0435
vn -0.7231 -0.6246 0.2949
vn -0.6672 -0.5074 0.5453
vn -0.5086 -0.4080 0.7582
vn -0.1932 -0.3338 0.9226
vn 0.1928 -0.3318 0.9234
vn 0.5054 -0.4070 0.7609
vn -0.4967 -0.7875 0.3649
vn -0.4593 -0.7073 0.5374
vn -0.3484 -0.6376 0.6871
vn -0.1853 -0.5922 0.7842
vn 0.0010 -0.5774 0.8165
vn 0.1870 -0.5923 0.7837
vn 0.3490 -0.6375 0.6869
vn 0.4597 -0.7070 0.5374
vn 0.4971 -0.7873 0.3648
vn 0.4588 -0.8674 0.1925
vn 0.3385 -0.9403 0.0358
vn 0.1816 -0.9819 -0.0539
vn 0.0069 -0.9964 -0.0845
vn -0.1802 -0.9821 -0.0541
vn -0.3414 -0.9391 0.0386
vn -0.4584 -0.8676 0.1927
vn -0.0017 -0.9071 0.4209
vn -0.0054 -0.9082 0.4184
vn 0.0054 -0.9083 0.4182
vn -0.0092 -0.9097 0.4152
vn 0.0042 -0.9101 0.4144
vn -0.0017 -0.9083 0.4184
vn 0.0051 -0.9080 0.4190
vn 0.9184 -0.2635 -0.2951
vn 0.9930 -0.1065 0.0515
vn 0.9930 -0.1064 0.0517
vn 0.9185 -0.2635 -0.2948
vn 0.7090 -0.3966 -0.5831
vn 0.7091 -0.3972 -0.5826
vn 0.5584 -0.4954 -0.6654
vn 0.5514 -0.4922 -0.6736
vn -0.0005 -0.4158 -0.9095
vn 0.0022 -0.4161 -0.9093
vn -0.0005 -0.4158 -0.9094
vn -0.0032 -0.4166 -0.9091
vn -0.0031 -0.4166 -0.9091
vn -0.7094 -0.3971 -0.5823
vn -0.7088 -0.3967 -0.5833
vn -0.5587 -0.4948 -0.6656
vn -0.5519 -0.4917 -0.6736
vn -0.9184 -0.2635 -0.2952
vn -0.9184 -0.2634 -0.2951
vn -0.9930 -0.1063 0.0515
vn -0.9930 -0.1061 0.0517
vn -0.9166 0.0520 0.3965
vn -0.9165 0.0521 0.3967
vn -0.7066 0.1816 0.6839
vn -0.7058 0.1814 0.6848
vn -0.5560 0.1857 0.8102
vn -0.5495 0.1932 0.8128
vn -0.0001 0.4157 0.9095
vn 0.0000 0.4119 0.9112
vn -0.0001 0.4120 0.9112
vn -0.0004 0.4156 0.9096
vn 0.7060 0.1811 0.6847
vn 0.7066 0.1815 0.6839
vn 0.5552 0.1812 0.8117
vn 0.5481 0.1896 0.8146
vn 0.9165 0.0519 0.3966
vn 0.9164 0.0519 0.3969
vn 0.0074 0.9084 -0.4181
vn 0.0080 0.9098 -0.4149
vn 0.0057 0.9149 -0.4036
vn -0.0082 0.9120 -0.4101
vn -0.0123 0.9103 -0.4137
vn -0.0016 0.9065 -0.4222
vn -0.0010 0.8996 -0.4366
vn 0.0016 0.9061 -0.4230
vn 0.9246 -0.1609 -0.3451
vn 0.9247 -0.1609 -0.3451
vn 1.0000 0.0009 0.0020
vn 0.7150 -0.2955 -0.6337
vn 0.7135 -0.2961 -0.6350
vn 0.4001 -0.3873 -0.8306
vn 0.3978 -0.3877 -0.8315
vn -0.0004 -0.4226 -0.9063
vn -0.0019 -0.4226 -0.9063
vn -0.4017 -0.3870 -0.8300
vn -0.3993 -0.3875 -0.8309
vn -0.7159 -0.2951 -0.6328
vn -0.7133 -0.2962 -0.6352
vn -0.9246 -0.1609 -0.3451
vn -0.9247 -0.1609 -0.3451
vn -1.0000 0.0009 0.0020
vn -0.9231 0.1625 0.3485
vn -0.7122 0.2967 0.6362
vn -0.7121 0.2967 0.6363
vn -0.3973 0.3878 0.8317
vn -0.3972 0.3879 0.8318
vn 0.0015 0.4226 0.9063
vn 0.0018 0.4226 0.9063
vn 0.3989 0.3875 0.8311
vn 0.3987 0.3876 0.8312
vn 0.7124 0.2966 0.6361
vn 0.7120 0.2967 0.6363
vn 0.9231 0.1625 0.3485
vn 0.9239 -0.1617 -0.3468
vn 1.0000 -0.0000 -0.0000
vn 0.7071 -0.2988 -0.6409
vn 0.3827 -0.3904 -0.8373
vn -0.3827 -0.3904 -0.8373
vn -0.7071 -0.2988 -0.6409
vn -0.9239 -0.1617 -0.3468
vn -0.9239 0.1617 0.3468
vn -0.7071 0.2988 0.6409
vn -0.3827 0.3904 0.8373
vn -0.0000 0.4226 0.9063
vn 0.0000 0.4226 0.9063
vn 0.3827 0.3904 0.8373
vn 0.7071 0.2988 0.6409
vn 0.9239 0.1617 0.3468
vn -1.0000 0.0000 0.0000
vn 0.0000 -0.9063 0.4226
vn -0.0000 -0.9063 0.4226
vn 0.9808 -0.0824 -0.1768
vn 0.8315 -0.2348 -0.5035
vn 0.5556 -0.3514 -0.7536
vn 0.1951 -0.4145 -0.8889
vn -0.1951 -0.4145 -0.8889
vn -0.5556 -0.3514 -0.7536
vn -0.8315 -0.2348 -0.5035
vn -0.9808 -0.0824 -0.1768
vn -0.9808 0.0824 0.1768
vn -0.8315 0.2348 0.5035
vn -0.5556 0.3514 0.7536
vn -0.1951 0.4145 0.8889
vn 0.1951 0.4145 0.8889
vn 0.5556 0.3514 0.7536
vn 0.8315 0.2348 0.5035
vn 0.9808 0.0824 0.1768
vn -0.9808 -0.0825 -0.1768
vn -0.9808 0.0825 0.1768
vn -0.1303 -0.1691 0.9770
vn 0.0000 -0.1504 0.9886
vn 0.0000 -0.2153 0.9765
vn -0.1234 -0.2413 0.9626
vn -0.1255 -0.1689 0.9776
vn -0.0002 -0.1694 0.9856
vn 0.0000 -0.0846 0.9964
vn -0.1324 -0.0945 0.9867
vn 0.0000 -0.1899 0.9818
vn -0.1373 -0.1975 0.9707
vn -0.0000 0.3009 0.9537
vn -0.1344 0.3181 0.9385
vn -0.1446 0.0248 0.9892
vn -0.0000 0.0090 1.0000
vn -0.0000 0.5250 0.8511
vn -0.0000 0.6607 0.7506
vn -0.0714 0.6721 0.7370
vn -0.1108 0.5515 0.8268
vn -0.0000 0.9613 0.2755
vn -0.0721 0.9518 0.2981
vn -0.0927 0.8082 0.5816
vn -0.0000 0.8222 0.5692
vn -0.0000 0.9982 0.0593
vn 0.0000 1.0000 -0.0000
vn -0.0446 0.9990 -0.0000
vn -0.0504 0.9967 0.0638
vn -0.9766 -0.2153 -0.0000
vn -0.9886 -0.1503 -0.0000
vn -0.9746 -0.1709 0.1449
vn -0.9601 -0.2440 0.1369
vn -0.9964 -0.0844 -0.0000
vn -0.9856 -0.1689 -0.0002
vn -0.9750 -0.1711 0.1421
vn -0.9843 -0.0956 0.1483
vn -0.9662 -0.2029 0.1589
vn -0.9809 -0.1946 -0.0000
vn -0.9405 0.3095 0.1403
vn -0.9577 0.2876 -0.0000
vn -1.0000 -0.0022 -0.0000
vn -0.9873 0.0247 0.1570
vn -0.7310 0.6775 0.0811
vn -0.7497 0.6618 -0.0000
vn -0.8551 0.5185 -0.0000
vn -0.8274 0.5462 0.1304
vn -0.2632 0.9622 0.0698
vn -0.2511 0.9680 -0.0000
vn -0.5590 0.8291 -0.0000
vn -0.5748 0.8116 0.1044
vn -0.4873 -0.1819 0.8541
vn -0.4905 -0.1129 0.8641
vn -0.8454 -0.1139 0.5219
vn -0.8353 -0.1830 0.5185
vn -0.4823 -0.2020 0.8524
vn -0.8341 -0.2038 0.5126
vn -0.4670 -0.2870 0.8364
vn -0.8181 -0.2897 0.4968
vn -0.4871 -0.2429 0.8389
vn -0.8224 -0.2456 0.5132
vn -0.8491 0.0225 0.5278
vn -0.5145 0.0265 0.8571
vn -0.4720 0.3698 0.8003
vn -0.7933 0.3583 0.4923
vn -0.3736 0.6265 0.6840
vn -0.2851 0.7549 0.5906
vn -0.5707 0.7602 0.3104
vn -0.6613 0.6267 0.4123
vn -0.1522 0.9679 0.2000
vn -0.2259 0.8520 0.4722
vn -0.4528 0.8488 0.2729
vn 0.1303 -0.1691 0.9770
vn 0.1235 -0.2413 0.9626
vn 0.1248 -0.1677 0.9779
vn 0.1324 -0.0945 0.9867
vn 0.1373 -0.1975 0.9707
vn 0.1446 0.0248 0.9892
vn 0.1344 0.3181 0.9385
vn 0.0714 0.6721 0.7370
vn 0.1108 0.5515 0.8268
vn 0.0927 0.8082 0.5816
vn 0.0720 0.9518 0.2981
vn 0.0446 0.9990 -0.0000
vn 0.0503 0.9967 0.0638
vn 0.9746 -0.1709 0.1449
vn 0.9887 -0.1502 -0.0000
vn 0.9766 -0.2153 -0.0001
vn 0.9600 -0.2440 0.1369
vn 0.9755 -0.1684 0.1417
vn 0.9853 -0.1710 0.0001
vn 0.9964 -0.0844 -0.0000
vn 0.9843 -0.0956 0.1483
vn 0.9809 -0.1947 -0.0000
vn 0.9662 -0.2029 0.1589
vn 1.0000 -0.0022 0.0000
vn 0.9577 0.2876 0.0000
vn 0.9405 0.3095 0.1403
vn 0.9873 0.0247 0.1570
vn 0.8551 0.5185 0.0000
vn 0.7497 0.6618 -0.0000
vn 0.7355 0.6730 0.0776
vn 0.8274 0.5463 0.1304
vn 0.5590 0.8291 -0.0000
vn 0.2511 0.9680 0.0000
vn 0.2632 0.9622 0.0698
vn 0.5654 0.8209 0.0803
vn 0.8454 -0.1139 0.5219
vn 0.4905 -0.1129 0.8641
vn 0.4874 -0.1794 0.8546
vn 0.8357 -0.1800 0.5189
vn 0.8341 -0.2038 0.5126
vn 0.4823 -0.2020 0.8524
vn 0.8181 -0.2897 0.4968
vn 0.4670 -0.2870 0.8364
vn 0.8224 -0.2456 0.5132
vn 0.4871 -0.2429 0.8389
vn 0.8491 0.0225 0.5278
vn 0.7933 0.3583 0.4923
vn 0.4720 0.3698 0.8003
vn 0.5145 0.0265 0.8571
vn 0.5711 0.7505 0.3327
vn 0.2851 0.7549 0.5906
vn 0.3736 0.6265 0.6840
vn 0.6613 0.6267 0.4122
vn 0.2259 0.8520 0.4722
vn 0.1522 0.9679 0.2000
vn 0.4323 0.8568 0.2812
vn 0.0000 -0.2153 -0.9765
vn 0.0000 -0.1504 -0.9886
vn -0.1299 -0.1690 -0.9770
vn -0.1229 -0.2415 -0.9626
vn 0.0000 -0.0846 -0.9964
vn 0.0003 -0.1695 -0.9855
vn -0.1217 -0.1688 -0.9781
vn -0.1319 -0.0945 -0.9867
vn -0.1371 -0.1977 -0.9706
vn 0.0000 -0.1899 -0.9818
vn -0.1444 0.0248 -0.9892
vn -0.1342 0.3181 -0.9385
vn -0.0000 0.2999 -0.9540
vn -0.0000 0.0089 -1.0000
vn -0.0712 0.6721 -0.7370
vn -0.0000 0.6597 -0.7515
vn -0.0000 0.5243 -0.8515
vn -0.1106 0.5515 -0.8268
vn -0.0926 0.8082 -0.5816
vn -0.0720 0.9518 -0.2981
vn 0.0000 0.9603 -0.2789
vn -0.0000 0.8204 -0.5718
vn -0.0000 0.9981 -0.0609
vn -0.0503 0.9967 -0.0638
vn -0.9744 -0.1710 -0.1460
vn -0.9598 -0.2443 -0.1381
vn -0.9754 -0.1683 -0.1422
vn -0.9841 -0.0956 -0.1496
vn -0.9662 -0.2030 -0.1589
vn -0.9405 0.3095 -0.1403
vn -0.9873 0.0247 -0.1570
vn -0.7355 0.6730 -0.0776
vn -0.8274 0.5463 -0.1304
vn -0.2632 0.9622 -0.0698
vn -0.5654 0.8209 -0.0803
vn -0.8440 -0.1138 -0.5241
vn -0.4889 -0.1127 -0.8651
vn -0.4843 -0.1818 -0.8558
vn -0.8351 -0.1817 -0.5192
vn -0.8328 -0.2039 -0.5147
vn -0.4807 -0.2019 -0.8533
vn -0.8167 -0.2900 -0.4990
vn -0.4654 -0.2871 -0.8372
vn -0.8223 -0.2458 -0.5132
vn -0.4871 -0.2432 -0.8388
vn -0.8491 0.0225 -0.5278
vn -0.7933 0.3583 -0.4923
vn -0.4720 0.3698 -0.8003
vn -0.5145 0.0265 -0.8571
vn -0.5711 0.7505 -0.3327
vn -0.2851 0.7549 -0.5906
vn -0.3736 0.6265 -0.6840
vn -0.6613 0.6267 -0.4123
vn -0.2259 0.8520 -0.4722
vn -0.1522 0.9679 -0.2000
vn -0.4323 0.8568 -0.2812
vn 0.1297 -0.1690 -0.9770
vn 0.1227 -0.2415 -0.9626
vn 0.1251 -0.1702 -0.9774
vn 0.1319 -0.0945 -0.9868
vn 0.1371 -0.1977 -0.9706
vn 0.1342 0.3181 -0.9385
vn 0.1444 0.0248 -0.9892
vn 0.0712 0.6721 -0.7370
vn 0.1106 0.5515 -0.8268
vn 0.0720 0.9518 -0.2981
vn 0.0926 0.8082 -0.5816
vn 0.0503 0.9967 -0.0638
vn 0.9744 -0.1710 -0.1461
vn 0.9599 -0.2442 -0.1374
vn 0.9745 -0.1722 -0.1440
vn 0.9841 -0.0957 -0.1495
vn 0.9662 -0.2030 -0.1589
vn 0.9405 0.3095 -0.1403
vn 0.9873 0.0247 -0.1570
vn 0.7310 0.6775 -0.0811
vn 0.8274 0.5463 -0.1304
vn 0.2632 0.9622 -0.0698
vn 0.5748 0.8116 -0.1043
vn 0.4856 -0.1835 -0.8547
vn 0.4888 -0.1128 -0.8650
vn 0.8441 -0.1140 -0.5240
vn 0.8335 -0.1847 -0.5207
vn 0.4806 -0.2019 -0.8534
vn 0.8328 -0.2039 -0.5147
vn 0.4652 -0.2871 -0.8373
vn 0.8171 -0.2899 -0.4983
vn 0.4871 -0.2432 -0.8388
vn 0.8223 -0.2458 -0.5132
vn 0.8491 0.0225 -0.5278
vn 0.5145 0.0265 -0.8571
vn 0.4720 0.3698 -0.8003
vn 0.7933 0.3583 -0.4923
vn 0.3736 0.6265 -0.6840
vn 0.2851 0.7549 -0.5906
vn 0.5707 0.7602 -0.3104
vn 0.6613 0.6267 -0.4123
vn 0.1522 0.9679 -0.2000
vn 0.2259 0.8520 -0.4722
vn 0.4529 0.8488 -0.2729
vn -0.0756 -0.8764 0.4757
vn -0.0006 -0.8797 0.4755
vn -0.0005 -0.5237 0.8519
vn -0.1204 -0.5184 0.8466
vn -0.4800 -0.8772 -0.0007
vn -0.4658 -0.8802 0.0906
vn -0.8408 -0.5235 0.1381
vn -0.8526 -0.5225 -0.0004
vn -0.3998 -0.8751 0.2727
vn -0.7155 -0.5255 0.4604
vn -0.2470 -0.8732 0.4202
vn -0.4283 -0.5230 0.7369
vn 0.0865 -0.8715 0.4827
vn 0.1250 -0.5144 0.8484
vn 0.4869 -0.8685 0.0929
vn 0.4622 -0.8868 0.0002
vn 0.8479 -0.5302 0.0002
vn 0.8480 -0.5116 0.1384
vn 0.2687 -0.8636 0.4267
vn 0.4229 -0.8620 0.2795
vn 0.7241 -0.5127 0.4613
vn 0.4384 -0.5142 0.7371
vn 0.0010 -0.8796 -0.4756
vn -0.0882 -0.8760 -0.4741
vn -0.1245 -0.5202 -0.8449
vn 0.0007 -0.5239 -0.8518
vn -0.4910 -0.8666 -0.0892
vn -0.8493 -0.5097 -0.1371
vn -0.2714 -0.8667 -0.4185
vn -0.4262 -0.8628 -0.2718
vn -0.7250 -0.5149 -0.4575
vn -0.4389 -0.5198 -0.7329
vn 0.0731 -0.8819 -0.4657
vn 0.1191 -0.5240 -0.8433
vn 0.4604 -0.8836 -0.0860
vn 0.8388 -0.5269 -0.1372
vn 0.3951 -0.8799 -0.2640
vn 0.2422 -0.8793 -0.4101
vn 0.4260 -0.5292 -0.7338
vn 0.7136 -0.5304 -0.4577
vn -0.0834 -0.9923 0.0913
vn -0.0003 -0.9932 0.1168
vn -0.1206 -0.9927 -0.0005
vn 0.0973 -0.9907 0.0948
vn 0.1073 -0.9942 0.0001
vn 0.0006 -0.9931 -0.1172
vn -0.0998 -0.9910 -0.0895
vn 0.0806 -0.9931 -0.0851
vn 0.0002 -1.0000 0.0000
vn 0.9239 0.0000 -0.3827
vn 0.7071 0.0000 -0.7071
vn 0.3827 0.0000 -0.9239
vn -0.3827 0.0000 -0.9239
vn -0.3827 -0.0000 -0.9239
vn -0.7071 -0.0000 -0.7071
vn -0.9239 -0.0000 -0.3827
vn -0.9239 -0.0000 0.3827
vn -0.7071 -0.0000 0.7071
vn -0.3827 -0.0000 0.9239
vn -0.0000 -0.0000 1.0000
vn 0.3827 0.0000 0.9239
vn 0.7071 0.0000 0.7071
vn 0.9239 0.0000 0.3827
vn -0.9892 0.1223 0.0804
vn -0.9934 0.1145 0.0000
vn -0.9876 0.1570 0.0000
vn -0.9830 0.1678 0.0748
vn -0.9812 0.1930 0.0011
vn -0.9819 0.1896 0.0000
vn -0.9988 0.0499 -0.0000
vn -0.9947 0.0930 0.0433
vn -0.0627 0.3373 0.9393
vn -0.1019 0.3886 0.9157
vn -0.0000 0.3559 0.9345
vn -0.0000 0.3155 0.9489
vn -0.0751 0.2557 0.9638
vn -0.0000 0.2370 0.9715
vn -0.0872 0.1687 0.9818
vn -0.0000 0.1538 0.9881
vn -0.1148 0.2119 0.9705
vn -0.0925 0.1204 0.9884
vn -0.0000 0.1122 0.9937
vn -0.0000 0.0828 0.9966
vn -0.0573 0.1211 0.9910
vn -0.0000 0.0585 0.9983
vn -0.5647 0.4066 0.7182
vn -0.7211 0.4096 0.5588
vn -0.5674 0.5913 0.5731
vn -0.5474 0.3388 0.7652
vn -0.7949 0.3177 0.5170
vn -0.3718 0.8533 0.3657
vn -0.4404 0.6455 0.6240
vn -0.6662 0.6146 0.4224
vn -0.7828 0.4569 0.4224
vn -0.9177 0.3852 0.0977
vn -0.9168 0.3863 0.1011
vn -0.7810 0.4571 0.4256
vn -0.8279 0.4037 0.3893
vn -0.8552 0.3086 0.4164
vn -0.9651 0.2533 0.0666
vn -0.9407 0.3349 0.0547
vn -0.8766 0.2054 0.4351
vn -0.8818 0.1506 0.4469
vn -0.4004 0.4054 0.8218
vn -0.4269 0.4584 0.7795
vn -0.4273 0.3102 0.8492
vn -0.4497 0.2064 0.8690
vn -0.4438 0.2793 0.8515
vn -0.4591 0.1498 0.8757
vn -0.4296 0.4586 0.7779
vn -0.8492 0.5006 0.1684
vn -0.9720 0.2138 0.0972
vn -0.8595 0.2784 0.4287
vn -0.7362 0.5800 0.3487
vn -0.9598 0.2520 0.1235
vn -0.9909 0.1268 0.0443
vn -0.9794 0.1701 0.1091
vn -0.9771 0.2090 0.0409
vn -0.0405 0.2077 0.9774
vn -0.1011 0.1593 0.9820
vn -0.0481 0.0978 0.9940
vn -0.0013 0.1962 0.9806
vn -0.1342 0.2473 0.9596
vn -0.1938 0.4984 0.8450
vn -0.2170 0.8582 0.4651
vn -0.2314 0.8035 0.5485
vn -0.3713 0.5767 0.7277
vn -0.5660 0.7958 0.2153
vn -0.4771 0.8580 0.1903
vn -0.8467 0.4555 0.2752
vn -0.8345 0.4173 0.3598
vn -0.9292 0.2927 0.2256
vn -0.9300 0.2871 0.2293
vn -0.9572 0.2559 0.1350
vn -0.2198 0.2896 0.9316
vn -0.1511 0.2655 0.9522
vn -0.2714 0.3149 0.9095
vn -0.3684 0.4190 0.8299
vn -0.3027 0.4896 0.8177
vn -0.0000 0.0567 0.9984
vn 0.0000 0.1966 0.9805
vn 0.9876 0.1570 -0.0000
vn 0.9934 0.1145 0.0000
vn 0.9892 0.1223 0.0804
vn 0.9830 0.1678 0.0748
vn 0.9986 0.0526 0.0016
vn 0.9815 0.1914 0.0109
vn 0.9818 0.1896 -0.0139
vn 0.9947 0.0933 0.0424
vn 0.0627 0.3373 0.9393
vn 0.1019 0.3886 0.9157
vn 0.0751 0.2557 0.9638
vn 0.0872 0.1687 0.9818
vn 0.1148 0.2119 0.9705
vn 0.0925 0.1204 0.9884
vn 0.0573 0.1211 0.9910
vn 0.5647 0.4066 0.7182
vn 0.5674 0.5913 0.5731
vn 0.7211 0.4096 0.5588
vn 0.5454 0.3511 0.7611
vn 0.7901 0.3341 0.5140
vn 0.3718 0.8533 0.3657
vn 0.6662 0.6146 0.4224
vn 0.4404 0.6455 0.6240
vn 0.9168 0.3863 0.1011
vn 0.9177 0.3852 0.0977
vn 0.7828 0.4569 0.4225
vn 0.7810 0.4571 0.4256
vn 0.9651 0.2533 0.0667
vn 0.8552 0.3086 0.4164
vn 0.8280 0.4037 0.3893
vn 0.9407 0.3349 0.0546
vn 0.8766 0.2054 0.4351
vn 0.8818 0.1506 0.4470
vn 0.4269 0.4584 0.7795
vn 0.4004 0.4054 0.8218
vn 0.4273 0.3102 0.8492
vn 0.4497 0.2064 0.8690
vn 0.4590 0.1498 0.8757
vn 0.4438 0.2793 0.8515
vn 0.4296 0.4586 0.7779
vn 0.8491 0.5006 0.1684
vn 0.7362 0.5801 0.3487
vn 0.8595 0.2784 0.4287
vn 0.9720 0.2138 0.0972
vn 0.9909 0.1268 0.0442
vn 0.9598 0.2520 0.1235
vn 0.9794 0.1700 0.1091
vn 0.9771 0.2125 0.0048
vn 0.0481 0.0978 0.9940
vn 0.1011 0.1593 0.9820
vn 0.0389 0.2093 0.9771
vn 0.0029 0.1980 0.9802
vn 0.1342 0.2473 0.9596
vn 0.1938 0.4984 0.8450
vn 0.2314 0.8035 0.5485
vn 0.2170 0.8582 0.4651
vn 0.3713 0.5767 0.7277
vn 0.4771 0.8580 0.1903
vn 0.5660 0.7958 0.2153
vn 0.8466 0.4555 0.2752
vn 0.8345 0.4173 0.3598
vn 0.9292 0.2927 0.2256
vn 0.9250 0.3045 0.2275
vn 0.9518 0.2753 0.1354
vn 0.2709 0.3194 0.9081
vn 0.1522 0.2683 0.9512
vn 0.2198 0.2896 0.9316
vn 0.3684 0.4190 0.8299
vn 0.3027 0.4896 0.8177
vn -0.9977 0.0683 -0.0000
vn -0.9711 0.2385 0.0000
vn -0.9348 0.3553 -0.0000
vn -0.9347 0.3554 -0.0000
vn -0.9484 0.3171 -0.0000
vn -0.9952 0.0979 0.0000
vn 0.9977 0.0683 0.0000
vn 0.9711 0.2385 0.0000
vn 0.9348 0.3553 0.0000
vn 0.9484 0.3171 0.0000
vn 0.9952 0.0978 0.0000
vn -0.9892 0.1223 -0.0804
vn -0.9830 0.1678 -0.0748
vn -0.9812 0.1929 -0.0006
vn -0.9947 0.0929 -0.0433
vn -0.0627 0.3373 -0.9393
vn -0.0000 0.3155 -0.9489
vn 0.0000 0.3559 -0.9345
vn -0.1019 0.3886 -0.9157
vn -0.0751 0.2557 -0.9638
vn 0.0000 0.2370 -0.9715
vn -0.0872 0.1687 -0.9818
vn 0.0000 0.1538 -0.9881
vn -0.1148 0.2119 -0.9705
vn -0.0000 0.0828 -0.9966
vn 0.0000 0.1122 -0.9937
vn -0.0925 0.1204 -0.9884
vn -0.0573 0.1211 -0.9910
vn 0.0000 0.0585 -0.9983
vn -0.5640 0.4087 -0.7175
vn -0.5674 0.5913 -0.5731
vn -0.7207 0.4101 -0.5590
vn -0.5468 0.3408 -0.7648
vn -0.7930 0.3222 -0.5170
vn -0.3718 0.8533 -0.3657
vn -0.6662 0.6146 -0.4224
vn -0.4404 0.6455 -0.6240
vn -0.9168 0.3863 -0.1011
vn -0.9177 0.3851 -0.0977
vn -0.7828 0.4569 -0.4225
vn -0.7810 0.4571 -0.4256
vn -0.9651 0.2533 -0.0666
vn -0.8552 0.3086 -0.4164
vn -0.8279 0.4037 -0.3893
vn -0.9407 0.3349 -0.0547
vn -0.8766 0.2054 -0.4351
vn -0.8818 0.1506 -0.4469
vn -0.4269 0.4584 -0.7795
vn -0.4004 0.4054 -0.8218
vn -0.4273 0.3102 -0.8492
vn -0.4497 0.2064 -0.8690
vn -0.4591 0.1498 -0.8757
vn -0.4438 0.2793 -0.8515
vn -0.4296 0.4586 -0.7779
vn -0.8491 0.5006 -0.1685
vn -0.7361 0.5801 -0.3487
vn -0.8595 0.2784 -0.4287
vn -0.9720 0.2138 -0.0972
vn -0.9909 0.1268 -0.0443
vn -0.9598 0.2520 -0.1235
vn -0.9794 0.1700 -0.1091
vn -0.9770 0.2094 -0.0403
vn -0.0481 0.0978 -0.9940
vn -0.1011 0.1593 -0.9820
vn -0.0387 0.2193 -0.9749
vn 0.0040 0.2093 -0.9778
vn -0.1342 0.2473 -0.9596
vn -0.1938 0.4984 -0.8450
vn -0.2314 0.8035 -0.5485
vn -0.2170 0.8582 -0.4651
vn -0.3713 0.5767 -0.7277
vn -0.4771 0.8580 -0.1903
vn -0.5660 0.7958 -0.2153
vn -0.8466 0.4555 -0.2752
vn -0.8345 0.4173 -0.3598
vn -0.9292 0.2926 -0.2256
vn -0.9293 0.2895 -0.2292
vn -0.9565 0.2580 -0.1362
vn -0.2709 0.3242 -0.9064
vn -0.1504 0.2751 -0.9496
vn -0.2198 0.2896 -0.9316
vn -0.3687 0.4198 -0.8293
vn -0.3027 0.4896 -0.8177
vn 0.0009 0.0585 -0.9983
vn 0.0052 0.1974 -0.9803
vn 0.9892 0.1223 -0.0804
vn 0.9830 0.1678 -0.0748
vn 0.9762 0.2167 0.0123
vn 0.9947 0.0928 -0.0434
vn 0.0627 0.3373 -0.9393
vn 0.1018 0.3886 -0.9157
vn 0.0751 0.2557 -0.9638
vn 0.0872 0.1687 -0.9818
vn 0.1148 0.2119 -0.9705
vn 0.0925 0.1204 -0.9884
vn 0.0573 0.1211 -0.9910
vn 0.5647 0.4066 -0.7182
vn 0.7211 0.4096 -0.5588
vn 0.5674 0.5913 -0.5731
vn 0.5429 0.3597 -0.7588
vn 0.7887 0.3387 -0.5131
vn 0.3718 0.8533 -0.3657
vn 0.4404 0.6455 -0.6240
vn 0.6662 0.6146 -0.4224
vn 0.7828 0.4569 -0.4225
vn 0.9177 0.3852 -0.0977
vn 0.9168 0.3863 -0.1011
vn 0.7810 0.4571 -0.4256
vn 0.8280 0.4037 -0.3893
vn 0.8552 0.3086 -0.4164
vn 0.9651 0.2533 -0.0666
vn 0.9407 0.3349 -0.0546
vn 0.8766 0.2054 -0.4352
vn 0.8818 0.1506 -0.4470
vn 0.4004 0.4054 -0.8218
vn 0.4269 0.4584 -0.7795
vn 0.4273 0.3102 -0.8492
vn 0.4497 0.2064 -0.8690
vn 0.4438 0.2793 -0.8515
vn 0.4590 0.1498 -0.8757
vn 0.4296 0.4586 -0.7779
vn 0.8491 0.5006 -0.1684
vn 0.9720 0.2138 -0.0972
vn 0.8595 0.2784 -0.4287
vn 0.7362 0.5801 -0.3487
vn 0.9598 0.2520 -0.1235
vn 0.9909 0.1268 -0.0442
vn 0.9794 0.1700 -0.1091
vn 0.9722 0.2301 -0.0443
vn 0.0426 0.2072 -0.9774
vn 0.1009 0.1627 -0.9815
vn 0.0478 0.1004 -0.9938
vn 0.0014 0.1949 -0.9808
vn 0.1342 0.2473 -0.9596
vn 0.1938 0.4984 -0.8450
vn 0.2170 0.8582 -0.4651
vn 0.2314 0.8035 -0.5485
vn 0.3713 0.5767 -0.7277
vn 0.5660 0.7958 -0.2153
vn 0.4771 0.8580 -0.1903
vn 0.8466 0.4555 -0.2752
vn 0.8345 0.4173 -0.3598
vn 0.9292 0.2927 -0.2256
vn 0.9243 0.3064 -0.2276
vn 0.9514 0.2763 -0.1358
vn 0.2189 0.2926 -0.9309
vn 0.1558 0.2669 -0.9510
vn 0.2721 0.3155 -0.9091
vn 0.3667 0.4213 -0.8295
vn 0.3027 0.4896 -0.8177
vn -0.5160 0.8566 0.0022
vn -0.5284 0.8490 -0.0001
vn -0.8470 0.5316 0.0000
vn -0.8432 0.5376 0.0032
vn -0.2157 0.8183 0.5327
vn -0.3276 0.8381 0.4361
vn -0.4949 0.5373 0.6829
vn -0.2975 0.4816 0.8244
vn -0.8251 0.4941 0.2739
vn -0.5062 0.8409 0.1914
vn -0.4816 0.8706 0.1003
vn -0.8213 0.5516 0.1457
vn 0.0058 0.8543 0.5197
vn -0.0525 0.8686 0.4927
vn -0.0645 0.5519 0.8314
vn 0.0010 0.5368 0.8437
vn -0.4936 0.8691 0.0324
vn -0.8348 0.5481 0.0527
vn -0.1147 0.8663 0.4862
vn -0.1752 0.5581 0.8110
vn -0.4247 0.8524 0.3049
vn -0.7053 0.5237 0.4778
vn 0.0000 0.5317 0.8469
vn -0.0001 0.8480 0.5301
vn 0.4240 0.8526 0.3055
vn 0.3343 0.8323 0.4421
vn 0.4933 0.5446 0.6783
vn 0.7004 0.5333 0.4743
vn 0.5340 0.8455 -0.0053
vn 0.5105 0.8589 0.0406
vn 0.8330 0.5512 0.0482
vn 0.8524 0.5229 0.0008
vn 0.0663 0.5521 0.8311
vn 0.0555 0.8684 0.4927
vn -0.0055 0.8544 0.5196
vn 0.0004 0.5356 0.8445
vn 0.4959 0.8624 0.1014
vn 0.5181 0.8327 0.1954
vn 0.8205 0.5030 0.2715
vn 0.8159 0.5603 0.1430
vn 0.2972 0.4839 0.8231
vn 0.2182 0.8151 0.5366
vn 0.1163 0.8642 0.4895
vn 0.1779 0.5598 0.8093
vn 0.8547 0.5192 -0.0000
vn 0.5434 0.8395 0.0000
vn -0.5192 0.8546 0.0058
vn -0.8447 0.5352 -0.0004
vn -0.4276 0.8500 -0.3076
vn -0.3318 0.8333 -0.4421
vn -0.4961 0.5331 -0.6854
vn -0.7035 0.5259 -0.4780
vn -0.4955 0.8676 -0.0414
vn -0.8355 0.5466 -0.0568
vn -0.0621 0.5553 -0.8293
vn -0.0526 0.8637 -0.5013
vn 0.0061 0.8490 -0.5283
vn 0.0027 0.5392 -0.8422
vn -0.4814 0.8705 -0.1019
vn -0.5072 0.8402 -0.1920
vn -0.8237 0.4964 -0.2741
vn -0.8198 0.5532 -0.1478
vn -0.2976 0.4846 -0.8226
vn -0.2184 0.8126 -0.5403
vn -0.1163 0.8617 -0.4939
vn -0.1742 0.5625 -0.8082
vn 0.0001 0.8426 -0.5385
vn -0.0000 0.5248 -0.8512
vn 0.5306 0.8476 -0.0025
vn 0.8374 0.5466 0.0036
vn 0.4905 0.5503 -0.6757
vn 0.3377 0.8272 -0.4491
vn 0.4388 0.8417 -0.3147
vn 0.6993 0.5350 -0.4741
vn 0.5084 0.8605 -0.0336
vn 0.8272 0.5593 -0.0540
vn -0.0057 0.8491 -0.5281
vn 0.0554 0.8636 -0.5012
vn 0.0681 0.5448 -0.8358
vn -0.0008 0.5300 -0.8480
vn 0.8201 0.5033 -0.2722
vn 0.5212 0.8304 -0.1969
vn 0.4973 0.8614 -0.1031
vn 0.8152 0.5607 -0.1449
vn 0.1180 0.8596 -0.4972
vn 0.2209 0.8093 -0.5443
vn 0.2978 0.4730 -0.8292
vn 0.1797 0.5488 -0.8164
vn -0.1586 0.9873 0.0019
vn 0.0039 1.0000 -0.0052
vn -0.0060 1.0000 0.0012
vn -0.1671 0.9859 0.0000
vn -0.0763 0.9835 0.1643
vn 0.0016 1.0000 -0.0019
vn -0.0030 1.0000 0.0040
vn -0.1049 0.9854 0.1344
vn -0.1588 0.9851 0.0665
vn -0.0111 0.9999 0.0053
vn 0.0007 1.0000 0.0006
vn -0.1386 0.9898 0.0341
vn 0.0036 0.9878 0.1556
vn 0.0057 1.0000 -0.0032
vn 0.0060 1.0000 -0.0076
vn -0.0194 0.9905 0.1360
vn -0.1403 0.9901 0.0091
vn 0.0147 0.9999 -0.0084
vn -0.0345 0.9889 0.1443
vn -0.0032 1.0000 0.0044
vn 0.0005 1.0000 -0.0004
vn -0.1233 0.9880 0.0934
vn 0.0001 0.9856 0.1689
vn 0.0002 1.0000 -0.0008
vn 0.1139 0.9896 0.0879
vn 0.0097 0.9999 0.0070
vn 0.0013 1.0000 -0.0011
vn 0.1106 0.9844 0.1368
vn 0.1653 0.9862 -0.0030
vn -0.0003 1.0000 -0.0039
vn -0.0090 0.9999 -0.0075
vn 0.1449 0.9893 0.0142
vn 0.0202 0.9904 0.1365
vn -0.0068 0.9999 -0.0154
vn -0.0054 1.0000 -0.0058
vn -0.0033 0.9878 0.1554
vn 0.1461 0.9886 0.0357
vn -0.0010 1.0000 0.0007
vn 0.0037 1.0000 0.0050
vn 0.1655 0.9837 0.0706
vn 0.0779 0.9829 0.1670
vn -0.0038 1.0000 -0.0088
vn 0.0042 1.0000 0.0069
vn 0.0352 0.9886 0.1463
vn 0.1779 0.9840 -0.0001
vn 0.0060 1.0000 -0.0012
vn 0.0007 1.0000 0.0040
vn -0.1548 0.9879 0.0034
vn -0.1250 0.9876 -0.0950
vn 0.0041 1.0000 0.0026
vn 0.0005 1.0000 0.0006
vn -0.1071 0.9847 -0.1372
vn 0.0088 1.0000 0.0039
vn -0.1357 0.9907 -0.0139
vn -0.0198 0.9899 -0.1404
vn 0.0073 0.9998 0.0157
vn 0.0056 1.0000 0.0054
vn 0.0036 0.9869 -0.1610
vn -0.1373 0.9899 -0.0344
vn -0.0103 0.9999 -0.0099
vn 0.0054 1.0000 0.0042
vn -0.1600 0.9848 -0.0672
vn -0.0782 0.9825 -0.1690
vn 0.0037 1.0000 0.0080
vn -0.0040 1.0000 -0.0069
vn -0.0356 0.9883 -0.1486
vn -0.0002 1.0000 0.0005
vn -0.0001 0.9846 -0.1750
vn 0.1691 0.9856 -0.0025
vn -0.0041 1.0000 0.0052
vn 0.1116 0.9835 -0.1427
vn 0.0032 1.0000 -0.0040
vn 0.0002 1.0000 -0.0001
vn 0.1308 0.9864 -0.0991
vn 0.1495 0.9887 -0.0100
vn -0.0149 0.9999 0.0083
vn -0.0033 0.9869 -0.1614
vn -0.0056 1.0000 0.0034
vn -0.0054 1.0000 0.0073
vn 0.0209 0.9898 -0.1410
vn 0.1686 0.9832 -0.0707
vn 0.0112 0.9999 -0.0055
vn -0.0003 1.0000 -0.0008
vn 0.1470 0.9885 -0.0362
vn 0.0361 0.9879 -0.1506
vn 0.0035 1.0000 -0.0046
vn -0.0016 1.0000 0.0021
vn 0.0803 0.9818 -0.1719
vn -0.1169 0.0000 0.9931
vn -0.9936 0.0000 0.1127
vn -0.8754 0.0000 0.4834
vn -0.4880 0.0000 0.8729
vn 0.9936 0.0000 0.1127
vn 0.1169 0.0000 0.9931
vn 0.8754 0.0000 0.4834
vn 0.4880 0.0000 0.8729
vn -0.1169 0.0000 -0.9931
vn -0.8754 0.0000 -0.4835
vn -0.9936 0.0000 -0.1127
vn -0.4880 0.0000 -0.8729
vn 0.1169 0.0000 -0.9931
vn 0.9936 0.0000 -0.1127
vn 0.8754 0.0000 -0.4834
vn 0.4880 0.0000 -0.8729
vn 0.0000 -1.0000 0.0001
vn 0.0000 -1.0000 0.0000
vn -0.1238 0.1991 0.9721
vn 0.0000 0.1805 0.9836
vn 0.0000 0.3552 0.9348
vn -0.1049 0.3897 0.9150
vn -0.9730 0.1974 0.1198
vn -0.8480 0.2275 0.4788
vn -0.4827 0.2281 0.8455
vn 0.1238 0.1991 0.9721
vn 0.1049 0.3896 0.9150
vn 0.8480 0.2275 0.4788
vn 0.9730 0.1974 0.1198
vn 0.4827 0.2281 0.8456
vn -0.9835 0.1807 -0.0000
vn 0.9835 0.1807 0.0000
vn 0.9347 0.3554 0.0000
vn -0.0000 0.1805 -0.9836
vn -0.1238 0.1991 -0.9721
vn -0.1049 0.3896 -0.9150
vn -0.0000 0.3552 -0.9348
vn -0.8479 0.2275 -0.4788
vn -0.9730 0.1975 -0.1198
vn -0.4827 0.2281 -0.8456
vn 0.1238 0.1991 -0.9721
vn 0.1049 0.3897 -0.9150
vn 0.9730 0.1974 -0.1198
vn 0.8480 0.2275 -0.4788
vn 0.4827 0.2281 -0.8456
vn -0.0000 -1.0000 0.0000
vn -0.0000 -1.0000 -0.0000
vn -0.0000 1.0000 0.0000
vn -0.0000 1.0000 -0.0000
vn -0.7071 0.0000 -0.7071
vn -0.9239 0.0000 -0.3827
vn -0.9239 0.0000 0.3827
vn -0.7071 0.0000 0.7071
vn -0.3827 0.0000 0.9239
vn -0.9746 -0.1158 0.1915
vn -0.9947 -0.1027 -0.0000
vn -1.0000 -0.0096 -0.0001
vn -0.9803 -0.0081 0.1974
vn -0.8322 0.0004 0.5544
vn -0.8104 -0.1504 0.5663
vn -0.9091 -0.1369 0.3933
vn -0.9239 -0.0008 0.3827
vn -0.5145 0.0724 0.8544
vn -0.6581 -0.1024 0.7459
vn -0.7035 0.0006 0.7107
vn -0.5522 0.0002 0.8337
vn -0.1845 0.0850 0.9792
vn -0.3647 0.0667 0.9287
vn -0.3798 0.0007 0.9251
vn -0.1990 0.0092 0.9800
vn 0.1982 0.0038 0.9802
vn 0.1796 0.1354 0.9744
vn -0.0047 0.1516 0.9884
vn 0.0000 0.0053 1.0000
vn 0.5529 -0.0009 0.8332
vn 0.5412 0.0335 0.8402
vn 0.3680 0.0749 0.9268
vn 0.3817 -0.0010 0.9243
vn 0.8409 0.0413 0.5397
vn 0.6971 0.0633 0.7142
vn 0.7069 -0.0004 0.7073
vn 0.8337 -0.0016 0.5522
vn 0.9771 0.1009 0.1871
vn 0.9272 0.0637 0.3690
vn 0.9241 -0.0005 0.3821
vn 0.9808 -0.0003 0.1952
vn 0.9907 0.1358 0.0002
vn 1.0000 0.0008 0.0003
vn -0.2878 0.2922 0.9120
vn -0.1620 0.5952 0.7871
vn -0.2134 0.4948 0.8424
vn -0.3812 0.2715 0.8837
vn -0.0072 0.4286 0.9035
vn 0.0022 0.6969 0.7172
vn -0.0789 0.6697 0.7384
vn -0.1383 0.3545 0.9248
vn 0.1595 0.6189 0.7691
vn 0.0851 0.6573 0.7488
vn 0.1377 0.3988 0.9066
vn 0.2819 0.3475 0.8943
vn 0.5366 0.2158 0.8158
vn 0.3001 0.3679 0.8801
vn 0.2130 0.4550 0.8646
vn 0.4265 0.1961 0.8830
vn -0.2905 0.2396 0.9264
vn -0.5134 -0.0031 0.8581
vn 0.9138 0.2763 0.2978
vn 0.8050 0.5654 0.1795
vn 0.8725 0.4180 0.2530
vn 0.8806 0.1902 0.4340
vn 0.6861 0.7275 -0.0000
vn 0.7313 0.6766 0.0868
vn 0.9154 0.3733 0.1503
vn 0.8999 0.4362 -0.0000
vn 0.8877 0.2916 0.3562
vn 0.8007 0.1583 0.5778
vn 0.6682 0.2472 0.7017
vn 0.5091 0.2894 0.8106
vn -0.8596 -0.4913 0.1405
vn -0.4775 -0.8748 0.0821
vn -0.4871 -0.8734 -0.0000
vn -0.8814 -0.4724 -0.0000
vn -0.4564 -0.8769 0.1510
vn -0.7981 -0.5166 0.3101
vn -0.4237 -0.8793 0.2174
vn -0.7192 -0.5330 0.4456
vn -0.3931 -0.8313 0.3930
vn -0.6256 -0.4459 0.6402
vn -0.1141 -0.9935 -0.0000
vn -0.1115 -0.9929 0.0411
vn -0.1099 -0.9672 0.2292
vn -0.2871 -0.0818 0.9544
vn -0.4777 -0.3147 0.8202
vn -0.1905 -0.3901 0.9009
vn -0.3046 -0.6808 0.6662
vn -0.0507 -0.5506 0.8332
vn -0.0774 -0.8279 0.5555
vn -0.0591 -0.0990 0.9933
vn -0.0842 0.1059 0.9908
vn 0.0030 0.0525 0.9986
vn -0.0033 -0.0019 1.0000
vn -0.0155 -0.1957 0.9805
vn 0.0041 -0.0097 0.9999
vn 0.8208 0.5679 0.0618
vn 0.7166 0.6974 0.0078
vn 0.9275 0.3738 -0.0002
vn 0.9242 0.3508 0.1510
vn 0.5638 0.8253 0.0317
vn 0.5261 0.8504 -0.0000
vn 0.7020 0.7121 -0.0000
vn 0.9282 0.3722 -0.0000
vn 0.0577 0.7633 0.6435
vn 0.0314 0.5873 0.8088
vn 0.0006 0.7021 0.7121
vn 0.0002 0.8629 0.5054
vn -0.0619 0.6286 0.7752
vn 0.0014 0.4197 0.9077
vn -0.0814 0.3901 0.9172
vn 0.0042 0.1787 0.9839
vn 0.9911 0.1335 0.0003
vn 0.9779 0.1540 0.1415
vn 0.9911 0.1334 -0.0000
vn 0.4577 0.2630 0.8493
vn 0.8078 0.2874 0.5146
vn 0.8390 0.1793 0.5138
vn 0.4808 0.1782 0.8585
vn 0.0006 0.0437 0.9990
vn 0.9995 0.0312 0.0003
vn 0.9893 0.0366 0.1414
vn 0.9995 0.0312 -0.0000
vn 0.8588 0.0429 0.5106
vn 0.5082 0.0430 0.8602
vn 0.0012 -0.0005 1.0000
vn 0.0028 -0.0005 1.0000
vn 0.0057 -0.0006 1.0000
vn 0.1403 0.0372 0.9894
vn 0.1429 -0.0002 0.9897
vn 0.0001 0.0002 1.0000
vn 0.9908 0.0003 0.1351
vn 0.5149 0.0002 0.8572
vn 0.8659 0.0006 0.5003
vn 0.0026 0.8556 0.5176
vn 0.0056 0.8538 0.5206
vn 0.0061 0.4877 0.8730
vn 0.0020 0.5027 0.8645
vn 0.0079 0.8549 0.5187
vn 0.0086 0.4845 0.8747
vn 0.1329 0.8508 0.5084
vn 0.0002 0.8555 0.5178
vn 0.0003 0.5017 0.8651
vn 0.1330 0.4904 0.8613
vn 0.0017 0.9894 0.1450
vn 0.0010 1.0000 0.0000
vn 0.0021 1.0000 -0.0000
vn 0.0031 0.9897 0.1430
vn 0.0044 1.0000 0.0000
vn 0.0054 0.9901 0.1405
vn -0.0000 0.9893 0.1456
vn -0.0001 1.0000 0.0004
vn 0.0044 1.0000 -0.0000
vn 0.1631 0.9866 0.0000
vn 0.1642 0.9864 0.0002
vn 0.9205 0.3908 0.0018
vn 0.9214 0.3886 -0.0000
vn 0.5772 0.8166 -0.0000
vn 0.5777 0.8163 0.0019
vn 0.5562 0.8129 0.1727
vn 0.8876 0.4281 0.1698
vn 0.4997 0.7017 0.5078
vn 0.4910 0.4087 0.7693
vn 0.8401 0.3378 0.4245
vn 0.0500 -0.9987 0.0013
vn 0.0504 -0.9987 -0.0000
vn 0.0175 -0.9998 0.0000
vn 0.0168 -0.9999 -0.0011
vn 0.0546 -0.9864 0.1552
vn 0.0166 -0.9906 0.1358
vn 0.0673 -0.8514 0.5202
vn 0.0231 -0.8682 0.4957
vn 0.0246 -0.5325 0.8461
vn 0.0690 -0.5212 0.8507
vn 0.0594 0.1415 0.9882
vn 0.0519 -0.0037 0.9986
vn 0.0203 -0.0050 0.9998
vn 0.0231 0.1398 0.9899
vn 0.0524 -0.0018 0.9986
vn 0.0590 -0.1568 0.9859
vn 0.0223 -0.1581 0.9872
vn 0.0205 -0.0018 0.9998
vn 0.0720 0.5145 0.8545
vn 0.0275 0.5108 0.8592
vn 0.0275 0.8561 0.5161
vn 0.0723 0.8595 0.5060
vn 0.0538 0.9985 0.0000
vn 0.0538 0.9986 -0.0015
vn 0.0198 0.9998 -0.0024
vn 0.0197 0.9998 -0.0000
vn 0.0607 0.9883 0.1397
vn 0.0229 0.9893 0.1444
vn 0.0694 -0.9976 -0.0000
vn 0.0695 -0.9976 0.0000
vn 0.1010 -0.9949 0.0000
vn 0.1006 -0.9949 0.0008
vn 0.1143 -0.9817 0.1521
vn 0.0719 -0.9875 0.1400
vn 0.0995 -0.8620 0.4971
vn 0.1361 -0.8368 0.5303
vn 0.1334 -0.4781 0.8681
vn 0.0991 -0.5262 0.8446
vn 0.1130 0.1490 0.9824
vn 0.0758 0.1388 0.9874
vn 0.0583 0.0002 0.9983
vn 0.0981 -0.0003 0.9952
vn 0.0634 -0.0005 0.9980
vn 0.0730 -0.1521 0.9857
vn 0.1106 -0.1278 0.9856
vn 0.0992 -0.0002 0.9951
vn 0.1031 0.4906 0.8653
vn 0.1377 0.5090 0.8497
vn 0.1413 0.8428 0.5193
vn 0.1069 0.8397 0.5324
vn 0.0153 0.9999 0.0000
vn 0.0157 0.9999 0.0006
vn 0.1063 0.9943 -0.0004
vn 0.1064 0.9943 0.0000
vn 0.0562 0.9846 0.1654
vn 0.1213 0.9808 0.1524
vn 0.6477 0.7589 0.0669
vn 0.0011 0.1388 0.9903
vn 0.0038 0.1286 0.9917
vn 0.0068 0.1235 0.9923
vn 0.1375 0.1324 0.9816
vn 0.0001 0.1384 0.9904
vn 0.9979 0.0652 -0.0000
vn 0.9887 0.0739 0.1302
vn 0.9979 0.0653 -0.0000
vn 0.4974 0.1112 0.8603
vn 0.8514 0.0864 0.5173
vn -0.4622 -0.8868 0.0002
vn -0.4621 -0.8868 -0.0000
vn -0.1544 -0.9880 -0.0000
vn -0.1547 -0.9880 0.0001
vn -0.4467 -0.8809 0.1565
vn -0.1456 -0.9770 0.1557
vn -0.1607 -0.8482 0.5046
vn -0.1561 -0.5330 0.8316
vn -0.5089 -0.4671 0.7230
vn -0.5152 -0.7406 0.4313
vn -0.4449 0.1348 0.8854
vn -0.4521 -0.0002 0.8920
vn -0.1599 -0.0001 0.9871
vn -0.1422 0.1480 0.9787
vn -0.4562 -0.0010 0.8899
vn -0.4419 -0.1478 0.8848
vn -0.1401 -0.1599 0.9772
vn -0.1544 -0.0010 0.9880
vn -0.1509 0.4913 0.8578
vn -0.1452 0.8421 0.5194
vn -0.4865 0.7401 0.4644
vn -0.5011 0.4192 0.7571
vn -0.3895 0.9210 0.0000
vn -0.3883 0.9215 -0.0016
vn -0.2062 0.9785 0.0001
vn -0.2074 0.9783 0.0000
vn -0.3864 0.9071 0.1671
vn -0.1197 0.9803 0.1569
vn -0.6524 -0.7579 0.0001
vn -0.6525 -0.7578 -0.0000
vn -0.6716 -0.7255 0.1503
vn -0.7395 -0.3539 0.5727
vn -0.7351 -0.5659 0.3733
vn -0.6618 0.1121 0.7412
vn -0.6462 0.0000 0.7632
vn -0.6508 -0.0006 0.7592
vn -0.6764 -0.1275 0.7254
vn -0.7311 0.5737 0.3693
vn -0.7308 0.3164 0.6049
vn -0.5929 0.8052 -0.0000
vn -0.5934 0.8049 -0.0012
vn -0.6589 0.7376 0.1480
vn -0.7495 -0.6620 -0.0000
vn -0.7483 -0.6633 -0.0000
vn -0.7609 -0.6461 0.0598
vn -0.8149 -0.2863 0.5040
vn -0.8261 -0.5076 0.2449
vn -0.7321 0.0003 0.6811
vn -0.7479 -0.0730 0.6598
vn -0.7384 -0.0001 0.6743
vn -0.7531 0.0580 0.6554
vn -0.8253 0.4913 0.2784
vn -0.8268 0.2367 0.5103
vn -0.7364 0.6765 -0.0001
vn -0.7582 0.6492 0.0603
vn -0.7349 0.6782 0.0000
vn -0.9683 -0.2498 0.0000
vn -0.9681 -0.2504 -0.0000
vn -0.8656 -0.5007 -0.0000
vn -0.8666 -0.4991 -0.0000
vn -0.8506 -0.5145 0.1087
vn -0.9598 -0.2641 0.0949
vn -0.8978 -0.3771 0.2275
vn -0.8893 -0.2008 0.4109
vn -0.9221 0.3064 -0.2361
vn -0.9225 0.2418 -0.3009
vn -0.8446 -0.0000 0.5354
vn -0.9566 -0.0002 0.2915
vn -0.9608 -0.0309 0.2756
vn -0.8370 -0.0564 0.5442
vn -0.9588 0.0008 0.2841
vn -0.8506 0.0002 0.5259
vn -0.8261 0.1343 0.5472
vn -0.9388 0.1316 0.3184
vn -0.9520 -0.2282 -0.2038
vn -0.8990 0.1993 0.3899
vn -0.8954 0.3695 0.2484
vn -0.9604 0.2787 0.0006
vn -0.9586 0.2748 0.0749
vn -0.8569 0.5088 0.0824
vn -0.8502 0.5264 0.0001
vn -0.9599 0.2802 -0.0000
vn -0.8481 0.5298 -0.0000
vn -0.9983 -0.0579 0.0001
vn -0.9983 -0.0583 -0.0000
vn -0.9957 -0.0550 0.0743
vn -0.9965 0.0001 0.0838
vn -0.9969 0.0007 0.0791
vn -0.9924 0.0845 0.0897
vn -0.9972 0.0751 0.0006
vn -0.9972 0.0751 -0.0000
vn 0.1265 0.1539 0.9800
vn 0.1269 0.3555 0.9260
vn 0.1526 0.9796 0.1307
vn 0.7472 0.2918 0.5971
vn -0.0436 0.7799 0.6244
vn 0.0014 0.8650 0.5017
vn -0.0245 0.8479 0.5296
vn 0.0230 0.8466 0.5318
vn -1.0000 0.0000 0.0001
vn -1.0000 0.0001 0.0004
vn -0.9746 -0.1158 -0.1915
vn -0.9803 -0.0080 -0.1971
vn -0.9091 -0.1369 -0.3933
vn -0.8104 -0.1504 -0.5663
vn -0.8322 0.0004 -0.5544
vn -0.9238 -0.0006 -0.3829
vn -0.7035 0.0006 -0.7107
vn -0.6581 -0.1023 -0.7460
vn -0.5145 0.0723 -0.8544
vn -0.5522 0.0001 -0.8337
vn -0.3802 0.0009 -0.9249
vn -0.3647 0.0667 -0.9287
vn -0.1845 0.0850 -0.9791
vn -0.1985 0.0093 -0.9801
vn -0.0047 0.1516 -0.9884
vn 0.1796 0.1354 -0.9744
vn 0.1983 0.0036 -0.9801
vn -0.0001 0.0052 -1.0000
vn 0.3680 0.0749 -0.9268
vn 0.5412 0.0335 -0.8402
vn 0.5529 -0.0008 -0.8332
vn 0.3815 -0.0011 -0.9244
vn 0.7070 -0.0005 -0.7072
vn 0.6971 0.0633 -0.7142
vn 0.8409 0.0413 -0.5397
vn 0.8336 -0.0016 -0.5523
vn 0.9241 -0.0005 -0.3820
vn 0.9273 0.0637 -0.3690
vn 0.9771 0.1012 -0.1873
vn 0.9807 -0.0005 -0.1955
vn -0.2878 0.2922 -0.9120
vn -0.3812 0.2715 -0.8837
vn -0.2134 0.4948 -0.8424
vn -0.1620 0.5952 -0.7871
vn -0.0072 0.4286 -0.9035
vn -0.1382 0.3546 -0.9248
vn -0.0789 0.6697 -0.7384
vn 0.0022 0.6969 -0.7172
vn 0.1377 0.3988 -0.9066
vn 0.0851 0.6572 -0.7489
vn 0.1595 0.6189 -0.7691
vn 0.2819 0.3475 -0.8943
vn 0.5366 0.2158 -0.8158
vn 0.4265 0.1961 -0.8830
vn 0.2130 0.4550 -0.8646
vn 0.3001 0.3679 -0.8801
vn -0.5134 -0.0031 -0.8581
vn -0.2905 0.2396 -0.9264
vn 0.9138 0.2763 -0.2978
vn 0.8806 0.1902 -0.4340
vn 0.8725 0.4180 -0.2530
vn 0.8050 0.5654 -0.1795
vn 0.9154 0.3733 -0.1503
vn 0.7313 0.6766 -0.0868
vn 0.8006 0.1583 -0.5778
vn 0.8877 0.2916 -0.3562
vn 0.5091 0.2894 -0.8106
vn 0.6682 0.2472 -0.7017
vn -0.8596 -0.4913 -0.1405
vn -0.4775 -0.8748 -0.0821
vn -0.4564 -0.8769 -0.1510
vn -0.7981 -0.5166 -0.3101
vn -0.4237 -0.8793 -0.2174
vn -0.7192 -0.5330 -0.4457
vn -0.3931 -0.8313 -0.3930
vn -0.6256 -0.4459 -0.6402
vn -0.1115 -0.9929 -0.0411
vn -0.1099 -0.9672 -0.2292
vn -0.4777 -0.3146 -0.8202
vn -0.2871 -0.0818 -0.9544
vn -0.3046 -0.6808 -0.6662
vn -0.1905 -0.3901 -0.9009
vn -0.0774 -0.8279 -0.5555
vn -0.0507 -0.5506 -0.8332
vn -0.0591 -0.0990 -0.9933
vn -0.0033 -0.0019 -1.0000
vn 0.0030 0.0525 -0.9986
vn -0.0842 0.1059 -0.9908
vn -0.0155 -0.1957 -0.9805
vn 0.0041 -0.0097 -0.9999
vn 0.9275 0.3738 0.0002
vn 0.7166 0.6974 -0.0078
vn 0.8208 0.5679 -0.0618
vn 0.9242 0.3508 -0.1510
vn 0.5638 0.8253 -0.0317
vn 0.0577 0.7633 -0.6435
vn 0.0002 0.8629 -0.5054
vn 0.0006 0.7021 -0.7121
vn 0.0314 0.5873 -0.8088
vn 0.0014 0.4197 -0.9077
vn -0.0619 0.6286 -0.7753
vn -0.0815 0.3901 -0.9172
vn 0.0042 0.1787 -0.9839
vn 0.9779 0.1541 -0.1415
vn 0.9911 0.1335 -0.0003
vn 0.4577 0.2630 -0.8493
vn 0.4808 0.1782 -0.8585
vn 0.8390 0.1793 -0.5138
vn 0.8079 0.2874 -0.5146
vn 0.0006 0.0437 -0.9990
vn 0.9893 0.0366 -0.1414
vn 0.9995 0.0312 -0.0003
vn 0.5082 0.0430 -0.8602
vn 0.8588 0.0429 -0.5106
vn 0.0028 -0.0005 -1.0000
vn 0.0012 -0.0005 -1.0000
vn 0.0057 -0.0006 -1.0000
vn 0.1403 0.0372 -0.9894
vn 0.0001 0.0002 -1.0000
vn 0.1429 -0.0002 -0.9897
vn 0.9908 0.0003 -0.1351
vn 0.5149 0.0002 -0.8572
vn 0.8659 0.0006 -0.5003
vn 0.0061 0.4877 -0.8730
vn 0.0056 0.8537 -0.5207
vn 0.0026 0.8556 -0.5176
vn 0.0020 0.5027 -0.8645
vn 0.0086 0.4845 -0.8747
vn 0.0079 0.8549 -0.5187
vn 0.0003 0.5017 -0.8651
vn 0.0002 0.8555 -0.5178
vn 0.1329 0.8508 -0.5084
vn 0.1330 0.4904 -0.8613
vn 0.0010 1.0000 -0.0000
vn 0.0017 0.9894 -0.1450
vn 0.0031 0.9897 -0.1430
vn 0.0054 0.9901 -0.1405
vn -0.0001 1.0000 -0.0004
vn -0.0000 0.9893 -0.1456
vn 0.1642 0.9864 -0.0002
vn 0.9205 0.3908 -0.0018
vn 0.5777 0.8163 -0.0019
vn 0.5562 0.8129 -0.1727
vn 0.8893 0.4228 -0.1743
vn 0.4997 0.7017 -0.5078
vn 0.8530 0.3225 -0.4103
vn 0.4910 0.4087 -0.7693
vn 0.0500 -0.9987 -0.0013
vn 0.0168 -0.9999 0.0011
vn 0.0546 -0.9864 -0.1552
vn 0.0166 -0.9906 -0.1357
vn 0.0246 -0.5325 -0.8461
vn 0.0231 -0.8682 -0.4957
vn 0.0673 -0.8514 -0.5202
vn 0.0690 -0.5212 -0.8506
vn 0.0203 -0.0050 -0.9998
vn 0.0519 -0.0037 -0.9986
vn 0.0594 0.1415 -0.9882
vn 0.0231 0.1398 -0.9899
vn 0.0223 -0.1581 -0.9872
vn 0.0590 -0.1568 -0.9859
vn 0.0524 -0.0018 -0.9986
vn 0.0205 -0.0018 -0.9998
vn 0.0275 0.8561 -0.5160
vn 0.0275 0.5108 -0.8592
vn 0.0720 0.5145 -0.8545
vn 0.0723 0.8595 -0.5060
vn 0.0198 0.9998 0.0024
vn 0.0538 0.9986 0.0015
vn 0.0229 0.9893 -0.1444
vn 0.0607 0.9883 -0.1397
vn 0.0694 -0.9976 0.0000
vn 0.1006 -0.9949 -0.0008
vn 0.1143 -0.9817 -0.1521
vn 0.0719 -0.9875 -0.1400
vn 0.1334 -0.4781 -0.8681
vn 0.1361 -0.8368 -0.5303
vn 0.0995 -0.8620 -0.4971
vn 0.0991 -0.5262 -0.8446
vn 0.1130 0.1490 -0.9824
vn 0.0981 -0.0003 -0.9952
vn 0.0583 0.0002 -0.9983
vn 0.0771 0.1372 -0.9875
vn 0.1106 -0.1278 -0.9856
vn 0.0730 -0.1521 -0.9857
vn 0.0635 -0.0005 -0.9980
vn 0.0992 -0.0002 -0.9951
vn 0.1413 0.8428 -0.5193
vn 0.1377 0.5090 -0.8497
vn 0.1045 0.4918 -0.8644
vn 0.1123 0.8359 -0.5373
vn 0.1063 0.9943 0.0004
vn 0.0157 0.9999 -0.0006
vn 0.1213 0.9808 -0.1524
vn 0.0621 0.9855 -0.1581
vn 0.6477 0.7589 -0.0669
vn 0.0038 0.1286 -0.9917
vn 0.0011 0.1388 -0.9903
vn 0.0068 0.1235 -0.9923
vn 0.0001 0.1384 -0.9904
vn 0.1375 0.1324 -0.9816
vn 0.9878 0.0786 -0.1347
vn 0.9979 0.0652 0.0000
vn 0.4974 0.1112 -0.8603
vn 0.8533 0.0903 -0.5136
vn -0.4622 -0.8868 -0.0002
vn -0.1547 -0.9880 -0.0001
vn -0.4467 -0.8809 -0.1565
vn -0.1456 -0.9770 -0.1557
vn -0.1607 -0.8482 -0.5046
vn -0.5152 -0.7406 -0.4313
vn -0.5089 -0.4671 -0.7231
vn -0.1561 -0.5330 -0.8316
vn -0.1599 -0.0001 -0.9871
vn -0.4521 -0.0002 -0.8920
vn -0.4450 0.1348 -0.8853
vn -0.1440 0.1461 -0.9787
vn -0.1401 -0.1599 -0.9772
vn -0.4419 -0.1478 -0.8848
vn -0.4562 -0.0010 -0.8899
vn -0.1544 -0.0010 -0.9880
vn -0.1521 0.4925 -0.8569
vn -0.5011 0.4192 -0.7571
vn -0.4865 0.7401 -0.4644
vn -0.1501 0.8384 -0.5240
vn -0.2062 0.9785 -0.0001
vn -0.3883 0.9215 0.0016
vn -0.1265 0.9808 -0.1486
vn -0.3864 0.9071 -0.1671
vn -0.6524 -0.7579 -0.0001
vn -0.6716 -0.7255 -0.1503
vn -0.7351 -0.5659 -0.3733
vn -0.7395 -0.3539 -0.5727
vn -0.6462 0.0000 -0.7632
vn -0.6618 0.1120 -0.7412
vn -0.6764 -0.1275 -0.7254
vn -0.6508 -0.0006 -0.7593
vn -0.7308 0.3163 -0.6049
vn -0.7311 0.5737 -0.3693
vn -0.5935 0.8049 0.0012
vn -0.6589 0.7375 -0.1479
vn -0.7495 -0.6620 0.0000
vn -0.7609 -0.6461 -0.0598
vn -0.8261 -0.5076 -0.2449
vn -0.8149 -0.2863 -0.5040
vn -0.7479 -0.0730 -0.6598
vn -0.7321 0.0003 -0.6811
vn -0.7384 -0.0001 -0.6744
vn -0.7531 0.0581 -0.6554
vn -0.8267 0.2368 -0.5104
vn -0.8253 0.4912 -0.2785
vn -0.7582 0.6492 -0.0603
vn -0.7364 0.6765 0.0001
vn -0.9683 -0.2498 -0.0000
vn -0.8666 -0.4991 0.0000
vn -0.8506 -0.5145 -0.1087
vn -0.9598 -0.2641 -0.0949
vn -0.8978 -0.3771 -0.2275
vn -0.9224 0.2419 0.3010
vn -0.9221 0.3065 0.2363
vn -0.8893 -0.2008 -0.4109
vn -0.8446 -0.0000 -0.5354
vn -0.8370 -0.0564 -0.5442
vn -0.9608 -0.0309 -0.2756
vn -0.9566 -0.0002 -0.2915
vn -0.9588 0.0008 -0.2841
vn -0.8506 0.0002 -0.5258
vn -0.8261 0.1343 -0.5472
vn -0.9388 0.1317 -0.3184
vn -0.9521 -0.2280 0.2037
vn -0.8954 0.3695 -0.2484
vn -0.8990 0.1993 -0.3899
vn -0.8569 0.5088 -0.0824
vn -0.9586 0.2748 -0.0749
vn -0.9604 0.2787 -0.0006
vn -0.8502 0.5265 -0.0001
vn -0.9983 -0.0579 -0.0001
vn -0.9957 -0.0550 -0.0743
vn -0.9965 0.0001 -0.0838
vn -0.9969 0.0007 -0.0791
vn -0.9924 0.0845 -0.0897
vn -0.9972 0.0751 -0.0006
vn 0.1269 0.3555 -0.9260
vn 0.1265 0.1539 -0.9800
vn 0.1526 0.9796 -0.1307
vn 0.7472 0.2918 -0.5971
vn -0.0436 0.7799 -0.6244
vn -0.0245 0.8479 -0.5296
vn 0.0014 0.8650 -0.5017
vn 0.0230 0.8466 -0.5318
vn -1.0000 0.0001 -0.0004
vn -1.0000 0.0000 -0.0001
vn 0.0015 -1.0000 -0.0001
vn -0.0021 -1.0000 -0.0026
vn -0.0002 -1.0000 -0.0003
vn -0.0004 -1.0000 0.0001
vn 0.0001 -1.0000 0.0013
vn 0.0009 -1.0000 0.0015
vn 0.0007 -1.0000 -0.0001
vn -0.0000 -1.0000 0.0029
vn -0.0001 -1.0000 0.0001
vn -0.0010 -1.0000 0.0021
vn -0.0012 -1.0000 0.0013
vn 0.0001 -1.0000 -0.0001
vn -0.0012 -1.0000 0.0003
vn -0.0005 -1.0000 0.0000
vn -0.0002 -1.0000 -0.0000
vn -0.0001 -1.0000 -0.0000
vn -0.0012 -1.0000 -0.0003
vn -0.0012 -1.0000 -0.0013
vn -0.0002 -1.0000 -0.0002
vn 0.0001 -1.0000 -0.0000
vn -0.0010 -1.0000 -0.0021
vn -0.0001 -1.0000 -0.0029
vn -0.0000 -1.0000 0.0007
vn -0.0000 -1.0000 0.0002
vn 0.0007 -1.0000 0.0001
vn 0.0001 -1.0000 -0.0013
vn -0.0023 -1.0000 0.0017
vn -0.0020 -1.0000 0.0026
vn -0.0105 -0.9999 0.0000
vn 0.0006 -1.0000 -0.0014
vn -0.0005 -1.0000 0.0006
vn 0.0006 -1.0000 -0.0002
vn -0.0001 -1.0000 -0.0001
vn -0.0000 -1.0000 -0.0002
vn 0.0001 -1.0000 0.0000
vn 0.0006 -1.0000 0.0002
vn -0.0005 -1.0000 -0.0006
vn 0.0006 -1.0000 0.0014
vn -1.0000 -0.0084 -0.0002
vn -0.9802 -0.0092 0.1976
vn -0.9241 -0.0008 0.3822
vn -0.8347 0.0012 0.5507
vn -0.7104 0.0022 0.7038
vn -0.5519 0.0001 0.8339
vn -0.3814 -0.0008 0.9244
vn -0.1986 0.0101 0.9800
vn 0.0002 0.0051 1.0000
vn 0.1985 0.0032 0.9801
vn 0.3826 -0.0020 0.9239
vn 0.5528 -0.0006 0.8333
vn 0.7071 -0.0001 0.7071
vn 0.8336 -0.0018 0.5524
vn 0.9807 -0.0005 0.1955
vn 1.0000 0.0010 0.0001
vn -0.9804 -0.0094 -0.1970
vn -0.8347 0.0012 -0.5507
vn -0.9239 -0.0010 -0.3826
vn -0.5518 0.0001 -0.8340
vn -0.7104 0.0022 -0.7038
vn -0.1975 0.0098 -0.9802
vn -0.3822 -0.0013 -0.9241
vn 0.1987 0.0035 -0.9801
vn -0.0000 0.0054 -1.0000
vn 0.5528 -0.0007 -0.8333
vn 0.3822 -0.0018 -0.9241
vn 0.8334 -0.0018 -0.5526
vn 0.7072 -0.0000 -0.7070
vn 0.9807 -0.0006 -0.1956
vn 0.9242 -0.0005 -0.3820
vn 0.0006 -1.0000 -0.0013
vn -0.0005 -1.0000 0.0005
vn 0.0005 -1.0000 0.0002
vn 0.9876 0.1570 0.0000
vn 0.9988 0.0499 0.0000
vn 0.9819 0.1896 0.0000
vn 0.9812 0.1930 0.0011
vn 0.9947 0.0930 0.0433
vn 0.5474 0.3388 0.7652
vn 0.7949 0.3177 0.5170
vn 0.9177 0.3851 0.0977
vn 0.7828 0.4568 0.4225
vn 0.8766 0.2054 0.4352
vn 0.4591 0.1498 0.8757
vn 0.7362 0.5800 0.3487
vn 0.9794 0.1701 0.1091
vn 0.9771 0.2089 0.0409
vn 0.0405 0.2077 0.9774
vn 0.0013 0.1962 0.9806
vn 0.9300 0.2871 0.2293
vn 0.9572 0.2559 0.1349
vn 0.2714 0.3149 0.9095
vn 0.1511 0.2655 0.9522
vn 0.0000 0.0567 0.9984
vn -0.0000 0.1966 0.9805
vn -0.9876 0.1570 -0.0000
vn -0.9818 0.1896 -0.0139
vn -0.9815 0.1914 0.0109
vn -0.9986 0.0526 0.0016
vn -0.9947 0.0933 0.0424
vn -0.5454 0.3511 0.7611
vn -0.7901 0.3341 0.5140
vn -0.7828 0.4569 0.4225
vn -0.8280 0.4037 0.3893
vn -0.9407 0.3349 0.0546
vn -0.8818 0.1506 0.4470
vn -0.4590 0.1498 0.8757
vn -0.8491 0.5006 0.1684
vn -0.7362 0.5801 0.3487
vn -0.9909 0.1268 0.0442
vn -0.9794 0.1700 0.1091
vn -0.9771 0.2125 0.0047
vn -0.0389 0.2093 0.9771
vn -0.0029 0.1980 0.9802
vn -0.8466 0.4555 0.2752
vn -0.9250 0.3045 0.2275
vn -0.9518 0.2753 0.1354
vn -0.1522 0.2683 0.9512
vn -0.2709 0.3194 0.9081
vn 0.9977 0.0683 -0.0000
vn 0.9347 0.3554 -0.0000
vn -0.9711 0.2385 -0.0000
vn -0.9952 0.0978 0.0000
vn 0.9812 0.1929 -0.0006
vn 0.9947 0.0929 -0.0433
vn -0.0000 0.2370 -0.9715
vn -0.0000 0.1538 -0.9881
vn -0.0000 0.1122 -0.9937
vn -0.0000 0.0585 -0.9983
vn 0.5640 0.4087 -0.7175
vn 0.7207 0.4101 -0.5590
vn 0.5468 0.3408 -0.7648
vn 0.7930 0.3223 -0.5170
vn 0.7828 0.4569 -0.4224
vn 0.8279 0.4037 -0.3893
vn 0.9651 0.2533 -0.0667
vn 0.9407 0.3349 -0.0547
vn 0.4591 0.1498 -0.8757
vn 0.7362 0.5800 -0.3487
vn 0.9770 0.2094 -0.0403
vn 0.0387 0.2193 -0.9749
vn 0.1011 0.1593 -0.9820
vn 0.0481 0.0978 -0.9940
vn -0.0040 0.2093 -0.9778
vn 0.9292 0.2926 -0.2256
vn 0.9293 0.2895 -0.2292
vn 0.9565 0.2580 -0.1363
vn 0.2198 0.2896 -0.9316
vn 0.1504 0.2750 -0.9496
vn 0.2709 0.3242 -0.9064
vn 0.3687 0.4198 -0.8293
vn -0.0009 0.0585 -0.9983
vn -0.0052 0.1974 -0.9803
vn -0.9762 0.2167 0.0123
vn -0.9947 0.0928 -0.0434
vn -0.5647 0.4066 -0.7182
vn -0.7211 0.4096 -0.5588
vn -0.5429 0.3597 -0.7588
vn -0.7887 0.3387 -0.5131
vn -0.9177 0.3852 -0.0977
vn -0.8280 0.4037 -0.3893
vn -0.9407 0.3349 -0.0546
vn -0.8818 0.1506 -0.4470
vn -0.8491 0.5006 -0.1684
vn -0.7362 0.5801 -0.3487
vn -0.9909 0.1268 -0.0442
vn -0.9722 0.2301 -0.0444
vn -0.0478 0.1004 -0.9938
vn -0.1009 0.1627 -0.9815
vn -0.0426 0.2072 -0.9774
vn -0.0014 0.1949 -0.9808
vn -0.2313 0.8035 -0.5485
vn -0.9292 0.2927 -0.2256
vn -0.9243 0.3064 -0.2276
vn -0.9514 0.2763 -0.1358
vn -0.2721 0.3155 -0.9091
vn -0.1558 0.2669 -0.9510
vn -0.2189 0.2926 -0.9308
vn -0.3667 0.4213 -0.8295
vn 0.8470 0.5316 0.0000
vn 0.5284 0.8490 -0.0001
vn 0.5160 0.8566 0.0022
vn 0.8432 0.5376 0.0032
vn 0.4949 0.5373 0.6829
vn 0.3276 0.8381 0.4361
vn 0.2157 0.8183 0.5327
vn 0.2975 0.4816 0.8244
vn 0.8251 0.4941 0.2740
vn 0.8213 0.5516 0.1457
vn 0.4816 0.8706 0.1003
vn 0.5062 0.8409 0.1914
vn 0.0645 0.5519 0.8314
vn 0.0525 0.8686 0.4927
vn -0.0058 0.8543 0.5197
vn -0.0010 0.5368 0.8437
vn 0.4936 0.8691 0.0324
vn 0.8347 0.5481 0.0526
vn 0.1147 0.8663 0.4862
vn 0.1752 0.5581 0.8110
vn 0.7053 0.5237 0.4778
vn 0.4247 0.8524 0.3049
vn -0.0000 0.5317 0.8469
vn 0.0001 0.8480 0.5301
vn -0.4933 0.5446 0.6783
vn -0.3343 0.8323 0.4421
vn -0.4240 0.8526 0.3055
vn -0.7004 0.5333 0.4743
vn -0.8330 0.5512 0.0482
vn -0.5105 0.8589 0.0406
vn -0.5340 0.8455 -0.0053
vn -0.8524 0.5229 0.0008
vn -0.0663 0.5521 0.8311
vn -0.0004 0.5356 0.8445
vn 0.0055 0.8544 0.5196
vn -0.0555 0.8684 0.4927
vn -0.8206 0.5030 0.2715
vn -0.5181 0.8327 0.1954
vn -0.4959 0.8624 0.1014
vn -0.8159 0.5603 0.1429
vn -0.2972 0.4839 0.8231
vn -0.1779 0.5598 0.8093
vn -0.1163 0.8642 0.4895
vn -0.2182 0.8151 0.5366
vn -0.8547 0.5191 -0.0000
vn -0.5434 0.8395 0.0000
vn 0.8447 0.5352 -0.0005
vn 0.5192 0.8547 0.0058
vn 0.4961 0.5331 -0.6854
vn 0.3318 0.8333 -0.4421
vn 0.4276 0.8500 -0.3076
vn 0.7035 0.5260 -0.4780
vn 0.8355 0.5466 -0.0568
vn 0.4955 0.8676 -0.0414
vn 0.0621 0.5553 -0.8293
vn -0.0027 0.5392 -0.8422
vn -0.0061 0.8490 -0.5283
vn 0.0526 0.8637 -0.5012
vn 0.8237 0.4964 -0.2741
vn 0.5072 0.8402 -0.1920
vn 0.4814 0.8705 -0.1019
vn 0.8198 0.5532 -0.1478
vn 0.2976 0.4846 -0.8226
vn 0.1742 0.5625 -0.8082
vn 0.1163 0.8617 -0.4939
vn 0.2184 0.8126 -0.5403
vn 0.0000 0.5248 -0.8513
vn -0.0001 0.8426 -0.5385
vn -0.5306 0.8476 -0.0025
vn -0.8374 0.5466 0.0036
vn -0.4905 0.5503 -0.6757
vn -0.6993 0.5350 -0.4741
vn -0.4388 0.8417 -0.3147
vn -0.3377 0.8272 -0.4491
vn -0.5084 0.8605 -0.0336
vn -0.8272 0.5593 -0.0540
vn -0.0681 0.5448 -0.8358
vn -0.0554 0.8636 -0.5012
vn 0.0057 0.8491 -0.5281
vn 0.0008 0.5300 -0.8480
vn -0.8201 0.5033 -0.2722
vn -0.8152 0.5607 -0.1449
vn -0.4973 0.8614 -0.1031
vn -0.5212 0.8304 -0.1969
vn -0.2978 0.4730 -0.8292
vn -0.2209 0.8093 -0.5443
vn -0.1180 0.8595 -0.4972
vn -0.1797 0.5488 -0.8164
vn 0.0057 1.0000 -0.0011
vn -0.0008 1.0000 -0.0040
vn 0.1586 0.9873 0.0019
vn 0.1671 0.9859 0.0000
vn -0.0006 1.0000 -0.0006
vn -0.0034 1.0000 -0.0079
vn 0.0763 0.9835 0.1643
vn 0.1049 0.9854 0.1344
vn -0.0012 1.0000 0.0006
vn 0.0031 1.0000 0.0030
vn 0.1588 0.9851 0.0665
vn 0.1386 0.9898 0.0341
vn -0.0071 0.9999 -0.0156
vn -0.0057 1.0000 -0.0057
vn -0.0036 0.9878 0.1556
vn 0.0194 0.9905 0.1360
vn -0.0090 0.9999 -0.0076
vn 0.1403 0.9901 0.0091
vn 0.0038 1.0000 0.0066
vn 0.0345 0.9889 0.1443
vn -0.0039 1.0000 -0.0028
vn 0.1233 0.9880 0.0934
vn -0.0003 1.0000 -0.0013
vn -0.0001 0.9856 0.1689
vn -0.0008 1.0000 -0.0035
vn 0.0004 1.0000 -0.0003
vn -0.1139 0.9896 0.0879
vn -0.1105 0.9844 0.1368
vn 0.0208 0.9997 -0.0088
vn 0.0093 0.9999 -0.0056
vn -0.1653 0.9862 -0.0030
vn -0.1449 0.9893 0.0142
vn 0.0056 1.0000 -0.0052
vn 0.0059 0.9999 -0.0097
vn -0.0202 0.9904 0.1365
vn 0.0033 0.9878 0.1554
vn 0.0022 1.0000 0.0033
vn 0.0087 1.0000 -0.0007
vn -0.1461 0.9886 0.0357
vn -0.1655 0.9837 0.0706
vn -0.0031 1.0000 0.0018
vn 0.0028 1.0000 -0.0057
vn -0.0779 0.9829 0.1670
vn -0.0352 0.9886 0.1463
vn -0.0017 1.0000 0.0011
vn -0.1779 0.9840 -0.0001
vn -0.0045 1.0000 0.0054
vn 0.1548 0.9879 0.0034
vn 0.0031 1.0000 -0.0041
vn -0.0006 1.0000 0.0003
vn 0.1250 0.9876 -0.0950
vn 0.1071 0.9847 -0.1372
vn -0.0146 0.9999 0.0050
vn 0.1357 0.9907 -0.0139
vn -0.0056 1.0000 0.0030
vn -0.0062 1.0000 0.0076
vn 0.0198 0.9899 -0.1404
vn -0.0036 0.9869 -0.1610
vn -0.0061 1.0000 0.0044
vn 0.0272 0.9995 -0.0133
vn 0.1373 0.9899 -0.0344
vn 0.1601 0.9848 -0.0672
vn -0.0018 1.0000 0.0019
vn 0.0782 0.9825 -0.1690
vn 0.0356 0.9883 -0.1486
vn -0.0001 1.0000 0.0010
vn 0.0001 0.9846 -0.1750
vn 0.0012 1.0000 0.0045
vn -0.1691 0.9856 -0.0025
vn 0.0038 1.0000 0.0027
vn -0.1116 0.9835 -0.1427
vn -0.1308 0.9864 -0.0991
vn 0.0090 0.9999 0.0075
vn -0.1495 0.9887 -0.0100
vn 0.0065 0.9999 0.0150
vn 0.0055 1.0000 0.0060
vn 0.0033 0.9869 -0.1614
vn -0.0209 0.9898 -0.1410
vn 0.0009 1.0000 -0.0008
vn -0.0033 1.0000 -0.0031
vn -0.1686 0.9832 -0.0707
vn -0.1470 0.9885 -0.0362
vn 0.0035 1.0000 0.0083
vn -0.0361 0.9879 -0.1506
vn -0.0803 0.9818 -0.1719
vn 0.8754 0.0000 0.4835
vn -0.8754 0.0000 -0.4834
vn -0.0000 0.3553 0.9348
vn -0.0000 0.1805 0.9836
vn 0.1049 0.3897 0.9150
vn 0.8479 0.2275 0.4788
vn 0.9730 0.1975 0.1198
vn -0.1049 0.3896 0.9150
vn -0.4827 0.2281 0.8456
vn 0.9835 0.1807 -0.0000
vn -0.9347 0.3554 0.0000
vn -0.9835 0.1807 0.0000
vn 0.0000 0.1805 -0.9836
vn 0.0000 0.3552 -0.9348
vn 0.4827 0.2281 -0.8455
vn -0.1049 0.3897 -0.9150
vn -0.9730 0.1974 -0.1198
vn 1.0000 -0.0095 -0.0001
vn 0.9947 -0.1027 -0.0000
vn 0.9746 -0.1158 0.1915
vn 0.9803 -0.0081 0.1974
vn 0.8322 0.0004 0.5544
vn 0.9239 -0.0008 0.3827
vn 0.9091 -0.1369 0.3933
vn 0.8104 -0.1504 0.5663
vn 0.7035 0.0006 0.7107
vn 0.6581 -0.1024 0.7459
vn 0.5145 0.0724 0.8544
vn 0.5522 0.0002 0.8337
vn 0.3798 0.0007 0.9251
vn 0.3647 0.0667 0.9287
vn 0.1845 0.0850 0.9792
vn 0.1990 0.0092 0.9800
vn -0.1982 0.0038 0.9802
vn -0.0000 0.0053 1.0000
vn 0.0047 0.1516 0.9884
vn -0.1796 0.1354 0.9744
vn -0.5529 -0.0009 0.8332
vn -0.3817 -0.0010 0.9243
vn -0.3680 0.0749 0.9268
vn -0.5412 0.0335 0.8402
vn -0.7069 -0.0004 0.7073
vn -0.6971 0.0632 0.7142
vn -0.8409 0.0413 0.5397
vn -0.8337 -0.0016 0.5522
vn -0.9241 -0.0005 0.3821
vn -0.9273 0.0638 0.3690
vn -0.9771 0.1009 0.1871
vn -0.9808 -0.0003 0.1952
vn -0.9907 0.1358 0.0002
vn -1.0000 0.0008 0.0003
vn 0.2878 0.2922 0.9120
vn 0.3812 0.2715 0.8837
vn 0.2134 0.4948 0.8424
vn 0.1620 0.5952 0.7871
vn 0.0072 0.4286 0.9035
vn 0.1383 0.3545 0.9248
vn 0.0789 0.6697 0.7384
vn -0.0022 0.6969 0.7172
vn -0.1377 0.3988 0.9066
vn -0.0851 0.6573 0.7488
vn -0.1595 0.6189 0.7691
vn -0.2819 0.3475 0.8943
vn -0.5366 0.2157 0.8158
vn -0.4265 0.1961 0.8830
vn -0.2130 0.4550 0.8646
vn -0.3001 0.3679 0.8801
vn 0.5134 -0.0031 0.8581
vn 0.2905 0.2396 0.9264
vn -0.9138 0.2763 0.2978
vn -0.8806 0.1902 0.4340
vn -0.8725 0.4180 0.2530
vn -0.8050 0.5654 0.1795
vn -0.9154 0.3733 0.1503
vn -0.7313 0.6765 0.0868
vn -0.6860 0.7276 0.0000
vn -0.8998 0.4362 0.0000
vn -0.8007 0.1583 0.5778
vn -0.8877 0.2916 0.3562
vn -0.5091 0.2894 0.8106
vn -0.6682 0.2472 0.7017
vn 0.8596 -0.4913 0.1405
vn 0.8814 -0.4724 -0.0000
vn 0.4871 -0.8734 -0.0000
vn 0.4775 -0.8748 0.0821
vn 0.4564 -0.8769 0.1510
vn 0.7981 -0.5166 0.3101
vn 0.4237 -0.8793 0.2174
vn 0.7192 -0.5330 0.4456
vn 0.3931 -0.8313 0.3930
vn 0.6256 -0.4459 0.6402
vn 0.1141 -0.9935 -0.0000
vn 0.1115 -0.9929 0.0411
vn 0.1099 -0.9672 0.2292
vn 0.4777 -0.3147 0.8202
vn 0.2871 -0.0818 0.9544
vn 0.3046 -0.6808 0.6662
vn 0.1905 -0.3901 0.9009
vn 0.0774 -0.8279 0.5555
vn 0.0507 -0.5506 0.8332
vn 0.0591 -0.0990 0.9933
vn 0.0033 -0.0019 1.0000
vn -0.0030 0.0525 0.9986
vn 0.0842 0.1059 0.9908
vn 0.0155 -0.1957 0.9805
vn -0.0041 -0.0097 0.9999
vn -0.9275 0.3737 -0.0002
vn -0.7166 0.6974 0.0078
vn -0.8207 0.5679 0.0618
vn -0.9242 0.3508 0.1510
vn -0.5638 0.8253 0.0318
vn -0.7020 0.7121 0.0000
vn -0.5261 0.8504 0.0000
vn -0.9282 0.3722 -0.0000
vn -0.0577 0.7633 0.6435
vn -0.0002 0.8629 0.5054
vn -0.0006 0.7021 0.7121
vn -0.0314 0.5873 0.8088
vn -0.0014 0.4197 0.9077
vn 0.0619 0.6286 0.7752
vn 0.0815 0.3901 0.9172
vn -0.0042 0.1787 0.9839
vn -0.9779 0.1540 0.1415
vn -0.9911 0.1334 0.0003
vn -0.9911 0.1333 -0.0000
vn -0.4577 0.2630 0.8493
vn -0.4808 0.1782 0.8585
vn -0.8390 0.1793 0.5138
vn -0.8079 0.2873 0.5146
vn -0.0006 0.0437 0.9990
vn -0.9893 0.0366 0.1414
vn -0.9995 0.0312 0.0003
vn -0.9995 0.0312 -0.0000
vn -0.5082 0.0430 0.8602
vn -0.8588 0.0429 0.5106
vn -0.0028 -0.0005 1.0000
vn -0.0012 -0.0005 1.0000
vn -0.0057 -0.0006 1.0000
vn -0.1403 0.0372 0.9894
vn -0.0001 0.0002 1.0000
vn -0.1429 -0.0002 0.9897
vn -0.9908 0.0003 0.1351
vn -0.5149 0.0002 0.8572
vn -0.8659 0.0006 0.5003
vn -0.0061 0.4877 0.8730
vn -0.0056 0.8538 0.5206
vn -0.0026 0.8556 0.5176
vn -0.0020 0.5027 0.8645
vn -0.0086 0.4845 0.8747
vn -0.0079 0.8549 0.5187
vn -0.0003 0.5017 0.8651
vn -0.0002 0.8555 0.5178
vn -0.1329 0.8508 0.5084
vn -0.1330 0.4904 0.8613
vn -0.0021 1.0000 -0.0000
vn -0.0010 1.0000 0.0000
vn -0.0017 0.9894 0.1450
vn -0.0031 0.9897 0.1430
vn -0.0044 1.0000 0.0000
vn -0.0054 0.9901 0.1405
vn 0.0001 1.0000 0.0004
vn 0.0000 0.9893 0.1456
vn -0.0044 1.0000 -0.0000
vn 0.0000 1.0000 0.0000
vn -0.1631 0.9866 -0.0000
vn -0.1642 0.9864 0.0002
vn -0.5772 0.8166 -0.0000
vn -0.9214 0.3886 -0.0000
vn -0.9205 0.3909 0.0018
vn -0.5776 0.8163 0.0019
vn -0.5563 0.8129 0.1727
vn -0.8893 0.4228 0.1743
vn -0.4997 0.7017 0.5078
vn -0.8530 0.3225 0.4103
vn -0.4910 0.4087 0.7693
vn -0.0175 -0.9998 0.0000
vn -0.0504 -0.9987 0.0000
vn -0.0500 -0.9987 0.0013
vn -0.0168 -0.9999 -0.0011
vn -0.0546 -0.9864 0.1552
vn -0.0166 -0.9906 0.1358
vn -0.0246 -0.5325 0.8461
vn -0.0231 -0.8682 0.4957
vn -0.0673 -0.8514 0.5202
vn -0.0690 -0.5212 0.8507
vn -0.0203 -0.0050 0.9998
vn -0.0519 -0.0037 0.9986
vn -0.0594 0.1415 0.9882
vn -0.0231 0.1398 0.9899
vn -0.0223 -0.1581 0.9872
vn -0.0590 -0.1568 0.9859
vn -0.0524 -0.0018 0.9986
vn -0.0205 -0.0018 0.9998
vn -0.0275 0.8561 0.5161
vn -0.0275 0.5108 0.8592
vn -0.0720 0.5145 0.8545
vn -0.0723 0.8595 0.5060
vn -0.0198 0.9998 -0.0024
vn -0.0538 0.9986 -0.0015
vn -0.0538 0.9985 -0.0000
vn -0.0197 0.9998 -0.0000
vn -0.0229 0.9893 0.1444
vn -0.0607 0.9883 0.1397
vn -0.1010 -0.9949 -0.0000
vn -0.0695 -0.9976 0.0000
vn -0.0694 -0.9976 -0.0000
vn -0.1006 -0.9949 0.0008
vn -0.1143 -0.9817 0.1521
vn -0.0719 -0.9875 0.1400
vn -0.1334 -0.4781 0.8681
vn -0.1361 -0.8368 0.5303
vn -0.0995 -0.8620 0.4971
vn -0.0991 -0.5262 0.8446
vn -0.1130 0.1490 0.9824
vn -0.0981 -0.0003 0.9952
vn -0.0583 0.0002 0.9983
vn -0.0770 0.1372 0.9875
vn -0.1106 -0.1278 0.9856
vn -0.0730 -0.1521 0.9857
vn -0.0634 -0.0005 0.9980
vn -0.0992 -0.0002 0.9951
vn -0.1413 0.8428 0.5193
vn -0.1377 0.5090 0.8497
vn -0.1045 0.4918 0.8644
vn -0.1123 0.8359 0.5373
vn -0.1063 0.9943 -0.0004
vn -0.0157 0.9999 0.0006
vn -0.0153 0.9999 -0.0000
vn -0.1064 0.9943 -0.0000
vn -0.1213 0.9808 0.1524
vn -0.0621 0.9855 0.1581
vn -0.6477 0.7589 0.0669
vn -0.0038 0.1286 0.9917
vn -0.0011 0.1388 0.9903
vn -0.0068 0.1235 0.9923
vn -0.0001 0.1384 0.9904
vn -0.1375 0.1324 0.9816
vn -0.9878 0.0786 0.1347
vn -0.9979 0.0652 -0.0000
vn -0.9979 0.0653 -0.0000
vn -0.4974 0.1112 0.8603
vn -0.8533 0.0903 0.5136
vn 0.1544 -0.9880 -0.0000
vn 0.4621 -0.8868 -0.0000
vn 0.1547 -0.9880 0.0001
vn 0.4467 -0.8809 0.1565
vn 0.1456 -0.9770 0.1557
vn 0.1607 -0.8482 0.5046
vn 0.5152 -0.7406 0.4313
vn 0.5089 -0.4671 0.7231
vn 0.1561 -0.5330 0.8316
vn 0.1599 -0.0001 0.9871
vn 0.4521 -0.0002 0.8920
vn 0.4450 0.1348 0.8853
vn 0.1440 0.1461 0.9787
vn 0.1401 -0.1599 0.9772
vn 0.4419 -0.1478 0.8848
vn 0.4562 -0.0010 0.8899
vn 0.1544 -0.0010 0.9880
vn 0.1521 0.4925 0.8569
vn 0.5011 0.4192 0.7571
vn 0.4865 0.7401 0.4644
vn 0.1501 0.8384 0.5240
vn 0.2062 0.9785 0.0001
vn 0.3883 0.9215 -0.0016
vn 0.3895 0.9210 0.0000
vn 0.2074 0.9783 0.0000
vn 0.1265 0.9808 0.1486
vn 0.3864 0.9071 0.1671
vn 0.6525 -0.7578 0.0000
vn 0.6524 -0.7579 0.0001
vn 0.6716 -0.7255 0.1503
vn 0.7351 -0.5659 0.3733
vn 0.7395 -0.3538 0.5727
vn 0.6461 0.0000 0.7632
vn 0.6618 0.1120 0.7412
vn 0.6764 -0.1275 0.7254
vn 0.6508 -0.0006 0.7592
vn 0.7308 0.3163 0.6049
vn 0.7311 0.5737 0.3693
vn 0.5935 0.8049 -0.0012
vn 0.5930 0.8052 0.0000
vn 0.6589 0.7375 0.1479
vn 0.7484 -0.6633 -0.0000
vn 0.7495 -0.6620 -0.0000
vn 0.7610 -0.6460 0.0598
vn 0.8261 -0.5075 0.2449
vn 0.8149 -0.2863 0.5040
vn 0.7479 -0.0730 0.6598
vn 0.7321 0.0003 0.6811
vn 0.7384 -0.0001 0.6744
vn 0.7531 0.0581 0.6554
vn 0.8267 0.2368 0.5104
vn 0.8253 0.4912 0.2785
vn 0.7582 0.6492 0.0603
vn 0.7364 0.6765 -0.0001
vn 0.7349 0.6782 0.0000
vn 0.8656 -0.5007 -0.0000
vn 0.9681 -0.2504 0.0000
vn 0.9683 -0.2498 0.0000
vn 0.8666 -0.4990 -0.0000
vn 0.8506 -0.5144 0.1087
vn 0.9598 -0.2641 0.0947
vn 0.8978 -0.3771 0.2275
vn 0.9224 0.2420 -0.3011
vn 0.9225 0.3058 -0.2355
vn 0.8893 -0.2008 0.4109
vn 0.8446 -0.0000 0.5354
vn 0.8370 -0.0564 0.5442
vn 0.9608 -0.0310 0.2755
vn 0.9566 -0.0002 0.2915
vn 0.9588 0.0008 0.2841
vn 0.8506 0.0002 0.5259
vn 0.8261 0.1343 0.5472
vn 0.9388 0.1317 0.3184
vn 0.9521 -0.2280 -0.2037
vn 0.8954 0.3695 0.2484
vn 0.8990 0.1993 0.3899
vn 0.8569 0.5088 0.0824
vn 0.9586 0.2748 0.0749
vn 0.9604 0.2787 0.0006
vn 0.8502 0.5265 0.0001
vn 0.9599 0.2803 0.0000
vn 0.8481 0.5298 0.0000
vn 0.9983 -0.0582 -0.0000
vn 0.9983 -0.0579 0.0001
vn 0.9957 -0.0550 0.0742
vn 0.9965 0.0001 0.0838
vn 0.9969 0.0007 0.0791
vn 0.9924 0.0845 0.0897
vn 0.9972 0.0751 0.0006
vn 0.9972 0.0752 -0.0000
vn -0.1269 0.3555 0.9260
vn -0.1265 0.1539 0.9800
vn -0.1526 0.9796 0.1307
vn -0.7472 0.2918 0.5971
vn 0.0436 0.7799 0.6244
vn 0.0245 0.8479 0.5296
vn -0.0014 0.8650 0.5017
vn -0.0230 0.8466 0.5318
vn 1.0000 0.0001 0.0004
vn 1.0000 0.0000 0.0001
vn 0.9803 -0.0080 -0.1971
vn 0.9746 -0.1158 -0.1915
vn 0.8322 0.0004 -0.5544
vn 0.8104 -0.1504 -0.5663
vn 0.9091 -0.1369 -0.3933
vn 0.9238 -0.0006 -0.3829
vn 0.7035 0.0006 -0.7107
vn 0.5522 0.0001 -0.8337
vn 0.5145 0.0724 -0.8544
vn 0.6581 -0.1024 -0.7459
vn 0.3802 0.0009 -0.9249
vn 0.1985 0.0093 -0.9801
vn 0.1845 0.0850 -0.9791
vn 0.3647 0.0667 -0.9287
vn -0.1983 0.0036 -0.9801
vn -0.1796 0.1354 -0.9744
vn 0.0047 0.1516 -0.9884
vn 0.0001 0.0052 -1.0000
vn -0.5529 -0.0008 -0.8332
vn -0.5412 0.0335 -0.8402
vn -0.3680 0.0749 -0.9268
vn -0.3815 -0.0011 -0.9244
vn -0.7070 -0.0005 -0.7072
vn -0.8336 -0.0015 -0.5523
vn -0.8409 0.0413 -0.5397
vn -0.6971 0.0632 -0.7142
vn -0.9241 -0.0005 -0.3820
vn -0.9807 -0.0005 -0.1955
vn -0.9771 0.1012 -0.1873
vn -0.9273 0.0638 -0.3690
vn 0.2878 0.2922 -0.9120
vn 0.1620 0.5952 -0.7871
vn 0.2134 0.4948 -0.8424
vn 0.3812 0.2716 -0.8837
vn 0.0072 0.4286 -0.9035
vn -0.0022 0.6969 -0.7172
vn 0.0789 0.6697 -0.7384
vn 0.1383 0.3546 -0.9248
vn -0.1594 0.6189 -0.7691
vn -0.0851 0.6573 -0.7488
vn -0.1377 0.3988 -0.9066
vn -0.2819 0.3475 -0.8943
vn -0.5366 0.2157 -0.8158
vn -0.3001 0.3679 -0.8801
vn -0.2130 0.4550 -0.8647
vn -0.4265 0.1961 -0.8830
vn 0.2905 0.2396 -0.9264
vn 0.5134 -0.0031 -0.8581
vn -0.9138 0.2763 -0.2978
vn -0.8050 0.5654 -0.1795
vn -0.8725 0.4180 -0.2530
vn -0.8806 0.1902 -0.4340
vn -0.7313 0.6765 -0.0868
vn -0.9154 0.3733 -0.1503
vn -0.8877 0.2916 -0.3562
vn -0.8007 0.1583 -0.5778
vn -0.6682 0.2472 -0.7017
vn -0.5091 0.2894 -0.8106
vn 0.8596 -0.4913 -0.1405
vn 0.4775 -0.8748 -0.0821
vn 0.4564 -0.8769 -0.1510
vn 0.7981 -0.5166 -0.3101
vn 0.4237 -0.8793 -0.2174
vn 0.7192 -0.5330 -0.4456
vn 0.3931 -0.8313 -0.3930
vn 0.6256 -0.4459 -0.6402
vn 0.1115 -0.9929 -0.0411
vn 0.1099 -0.9672 -0.2292
vn 0.2871 -0.0818 -0.9544
vn 0.4777 -0.3147 -0.8202
vn 0.1905 -0.3901 -0.9009
vn 0.3046 -0.6808 -0.6662
vn 0.0507 -0.5506 -0.8332
vn 0.0774 -0.8279 -0.5555
vn 0.0591 -0.0990 -0.9933
vn 0.0842 0.1059 -0.9908
vn -0.0030 0.0525 -0.9986
vn 0.0033 -0.0019 -1.0000
vn 0.0155 -0.1957 -0.9805
vn -0.0041 -0.0097 -0.9999
vn -0.8207 0.5679 -0.0618
vn -0.7166 0.6974 -0.0078
vn -0.9275 0.3737 0.0002
vn -0.9242 0.3508 -0.1510
vn -0.5638 0.8253 -0.0318
vn -0.0577 0.7633 -0.6435
vn -0.0314 0.5873 -0.8088
vn -0.0006 0.7021 -0.7121
vn -0.0002 0.8629 -0.5054
vn 0.0619 0.6286 -0.7752
vn -0.0014 0.4197 -0.9077
vn 0.0814 0.3901 -0.9172
vn -0.0042 0.1787 -0.9839
vn -0.9911 0.1334 -0.0003
vn -0.9779 0.1540 -0.1415
vn -0.4577 0.2630 -0.8493
vn -0.8079 0.2873 -0.5146
vn -0.8390 0.1793 -0.5138
vn -0.4808 0.1782 -0.8585
vn -0.0006 0.0437 -0.9990
vn -0.9995 0.0312 -0.0003
vn -0.9893 0.0366 -0.1414
vn -0.8588 0.0429 -0.5106
vn -0.5082 0.0430 -0.8602
vn -0.0012 -0.0005 -1.0000
vn -0.0028 -0.0005 -1.0000
vn -0.0057 -0.0006 -1.0000
vn -0.1403 0.0372 -0.9894
vn -0.1429 -0.0002 -0.9897
vn -0.0001 0.0002 -1.0000
vn -0.9908 0.0003 -0.1351
vn -0.5149 0.0002 -0.8572
vn -0.8659 0.0006 -0.5003
vn -0.0026 0.8556 -0.5176
vn -0.0056 0.8538 -0.5206
vn -0.0061 0.4877 -0.8730
vn -0.0020 0.5027 -0.8645
vn -0.0079 0.8549 -0.5187
vn -0.0086 0.4845 -0.8747
vn -0.1329 0.8508 -0.5085
vn -0.0002 0.8555 -0.5178
vn -0.0003 0.5017 -0.8651
vn -0.1330 0.4904 -0.8613
vn -0.0017 0.9894 -0.1450
vn -0.0010 1.0000 -0.0000
vn -0.0031 0.9897 -0.1430
vn -0.0054 0.9901 -0.1405
vn 0.0000 0.9893 -0.1456
vn 0.0001 1.0000 -0.0004
vn -0.1642 0.9864 -0.0002
vn -0.9205 0.3909 -0.0018
vn -0.5776 0.8163 -0.0019
vn -0.5563 0.8129 -0.1727
vn -0.8876 0.4281 -0.1698
vn -0.4997 0.7017 -0.5078
vn -0.4910 0.4087 -0.7693
vn -0.8401 0.3378 -0.4245
vn -0.0500 -0.9987 -0.0013
vn -0.0168 -0.9999 0.0011
vn -0.0546 -0.9864 -0.1552
vn -0.0166 -0.9906 -0.1357
vn -0.0673 -0.8514 -0.5202
vn -0.0231 -0.8682 -0.4957
vn -0.0246 -0.5325 -0.8461
vn -0.0690 -0.5212 -0.8507
vn -0.0594 0.1415 -0.9882
vn -0.0519 -0.0037 -0.9986
vn -0.0203 -0.0050 -0.9998
vn -0.0231 0.1398 -0.9899
vn -0.0524 -0.0018 -0.9986
vn -0.0590 -0.1568 -0.9859
vn -0.0223 -0.1581 -0.9872
vn -0.0205 -0.0018 -0.9998
vn -0.0720 0.5145 -0.8545
vn -0.0275 0.5108 -0.8592
vn -0.0275 0.8561 -0.5160
vn -0.0723 0.8595 -0.5060
vn -0.0538 0.9986 0.0015
vn -0.0198 0.9998 0.0024
vn -0.0607 0.9883 -0.1397
vn -0.0229 0.9893 -0.1444
vn -0.0694 -0.9976 0.0000
vn -0.1006 -0.9949 -0.0008
vn -0.1143 -0.9817 -0.1521
vn -0.0719 -0.9875 -0.1400
vn -0.0995 -0.8620 -0.4971
vn -0.1361 -0.8368 -0.5303
vn -0.1334 -0.4781 -0.8681
vn -0.0991 -0.5262 -0.8446
vn -0.1130 0.1490 -0.9824
vn -0.0758 0.1388 -0.9874
vn -0.0583 0.0002 -0.9983
vn -0.0981 -0.0003 -0.9952
vn -0.0634 -0.0005 -0.9980
vn -0.0730 -0.1521 -0.9857
vn -0.1106 -0.1278 -0.9856
vn -0.0992 -0.0002 -0.9951
vn -0.1031 0.4906 -0.8653
vn -0.1377 0.5090 -0.8497
vn -0.1413 0.8428 -0.5193
vn -0.1069 0.8397 -0.5324
vn -0.0157 0.9999 -0.0006
vn -0.1063 0.9943 0.0004
vn -0.0562 0.9846 -0.1654
vn -0.1213 0.9808 -0.1524
vn -0.6477 0.7589 -0.0669
vn -0.0011 0.1388 -0.9903
vn -0.0038 0.1286 -0.9917
vn -0.0068 0.1235 -0.9923
vn -0.1375 0.1324 -0.9816
vn -0.0001 0.1384 -0.9904
vn -0.9979 0.0652 0.0000
vn -0.9887 0.0739 -0.1302
vn -0.4974 0.1112 -0.8603
vn -0.8514 0.0864 -0.5173
vn 0.4622 -0.8868 -0.0002
vn 0.1547 -0.9880 -0.0001
vn 0.4467 -0.8809 -0.1565
vn 0.1456 -0.9770 -0.1557
vn 0.1607 -0.8482 -0.5046
vn 0.1561 -0.5330 -0.8316
vn 0.5089 -0.4671 -0.7230
vn 0.5152 -0.7406 -0.4313
vn 0.4449 0.1348 -0.8854
vn 0.4521 -0.0002 -0.8920
vn 0.1599 -0.0001 -0.9871
vn 0.1422 0.1480 -0.9787
vn 0.4562 -0.0010 -0.8899
vn 0.4419 -0.1478 -0.8848
vn 0.1401 -0.1599 -0.9772
vn 0.1544 -0.0010 -0.9880
vn 0.1509 0.4913 -0.8578
vn 0.1452 0.8421 -0.5194
vn 0.4865 0.7401 -0.4644
vn 0.5011 0.4192 -0.7571
vn 0.3883 0.9215 0.0016
vn 0.2062 0.9785 -0.0001
vn 0.3864 0.9071 -0.1671
vn 0.1197 0.9803 -0.1569
vn 0.6524 -0.7579 -0.0001
vn 0.6716 -0.7256 -0.1503
vn 0.7395 -0.3538 -0.5727
vn 0.7351 -0.5659 -0.3733
vn 0.6618 0.1121 -0.7413
vn 0.6462 0.0000 -0.7632
vn 0.6508 -0.0006 -0.7592
vn 0.6764 -0.1275 -0.7254
vn 0.7311 0.5737 -0.3693
vn 0.7308 0.3164 -0.6049
vn 0.5934 0.8049 0.0012
vn 0.6589 0.7376 -0.1480
vn 0.7495 -0.6620 0.0000
vn 0.7610 -0.6460 -0.0598
vn 0.8149 -0.2863 -0.5040
vn 0.8261 -0.5075 -0.2449
vn 0.7321 0.0003 -0.6811
vn 0.7479 -0.0730 -0.6598
vn 0.7384 -0.0001 -0.6743
vn 0.7531 0.0580 -0.6554
vn 0.8253 0.4913 -0.2784
vn 0.8268 0.2367 -0.5103
vn 0.7364 0.6765 0.0001
vn 0.7582 0.6492 -0.0603
vn 0.9683 -0.2498 -0.0000
vn 0.8666 -0.4990 0.0000
vn 0.8506 -0.5144 -0.1087
vn 0.9598 -0.2641 -0.0947
vn 0.8978 -0.3771 -0.2275
vn 0.8893 -0.2008 -0.4109
vn 0.9224 0.3059 0.2356
vn 0.9223 0.2421 0.3011
vn 0.8446 -0.0000 -0.5354
vn 0.9566 -0.0002 -0.2915
vn 0.9608 -0.0310 -0.2755
vn 0.8370 -0.0564 -0.5442
vn 0.9588 0.0008 -0.2841
vn 0.8506 0.0002 -0.5259
vn 0.8261 0.1343 -0.5472
vn 0.9388 0.1316 -0.3184
vn 0.9520 -0.2283 0.2039
vn 0.8990 0.1993 -0.3899
vn 0.8954 0.3695 -0.2484
vn 0.9604 0.2787 -0.0006
vn 0.9586 0.2748 -0.0749
vn 0.8569 0.5088 -0.0824
vn 0.8502 0.5264 -0.0001
vn 0.9983 -0.0579 -0.0001
vn 0.9957 -0.0550 -0.0742
vn 0.9965 0.0001 -0.0838
vn 0.9969 0.0007 -0.0791
vn 0.9924 0.0845 -0.0897
vn 0.9972 0.0751 -0.0006
vn -0.1265 0.1539 -0.9800
vn -0.1269 0.3555 -0.9260
vn -0.1526 0.9796 -0.1307
vn -0.7472 0.2918 -0.5971
vn 0.0436 0.7799 -0.6244
vn -0.0014 0.8650 -0.5017
vn 0.0245 0.8479 -0.5296
vn -0.0230 0.8465 -0.5318
vn 1.0000 0.0000 -0.0001
vn 1.0000 0.0001 -0.0004
vn -0.0015 -1.0000 0.0000
vn 0.0020 -1.0000 0.0026
vn 0.0001 -1.0000 0.0003
vn 0.0004 -1.0000 -0.0002
vn -0.0001 -1.0000 -0.0013
vn -0.0009 -1.0000 -0.0015
vn -0.0007 -1.0000 0.0000
vn 0.0001 -1.0000 -0.0029
vn 0.0000 -1.0000 -0.0001
vn 0.0010 -1.0000 -0.0021
vn 0.0012 -1.0000 -0.0013
vn 0.0012 -1.0000 -0.0003
vn 0.0005 -1.0000 0.0000
vn 0.0012 -1.0000 0.0003
vn 0.0012 -1.0000 0.0013
vn 0.0002 -1.0000 0.0002
vn 0.0010 -1.0000 0.0021
vn 0.0000 -1.0000 0.0029
vn 0.0000 -1.0000 -0.0007
vn 0.0000 -1.0000 -0.0003
vn -0.0007 -1.0000 -0.0001
vn -0.0001 -1.0000 0.0013
vn 0.0023 -1.0000 -0.0017
vn 0.0021 -1.0000 -0.0026
vn 0.0105 -0.9999 0.0000
vn -0.0006 -1.0000 -0.0014
vn 0.0005 -1.0000 0.0006
vn -0.0006 -1.0000 -0.0002
vn 0.0000 -1.0000 -0.0002
vn -0.0001 -1.0000 0.0000
vn 0.0000 -1.0000 0.0002
vn 0.0001 -1.0000 0.0001
vn -0.0006 -1.0000 0.0002
vn 0.0005 -1.0000 -0.0006
vn -0.0006 -1.0000 0.0014
vn 0.9802 -0.0092 0.1976
vn 1.0000 -0.0083 -0.0002
vn 0.8347 0.0012 0.5507
vn 0.9241 -0.0008 0.3822
vn 0.5519 0.0001 0.8339
vn 0.7104 0.0022 0.7038
vn 0.1986 0.0101 0.9800
vn 0.3814 -0.0008 0.9244
vn -0.1985 0.0032 0.9801
vn -0.0002 0.0051 1.0000
vn -0.5528 -0.0006 0.8333
vn -0.3826 -0.0020 0.9239
vn -0.8336 -0.0018 0.5524
vn -0.7071 -0.0001 0.7071
vn -0.9807 -0.0004 0.1955
vn -1.0000 0.0010 0.0001
vn 0.9804 -0.0094 -0.1970
vn 0.9239 -0.0011 -0.3826
vn 0.8347 0.0012 -0.5507
vn 0.7104 0.0022 -0.7038
vn 0.5518 0.0002 -0.8339
vn 0.3822 -0.0012 -0.9241
vn 0.1975 0.0098 -0.9802
vn 0.0000 0.0055 -1.0000
vn -0.1987 0.0035 -0.9801
vn -0.3822 -0.0018 -0.9241
vn -0.5528 -0.0007 -0.8333
vn -0.7072 -0.0000 -0.7070
vn -0.8335 -0.0017 -0.5526
vn -0.9241 -0.0006 -0.3820
vn -0.9807 -0.0005 -0.1956
vn -0.0006 -1.0000 -0.0013
vn 0.0005 -1.0000 0.0005
vn -0.0005 -1.0000 0.0002
# 3321 vertex normals

vt 0.3333 0.0000 0.0000
vt 0.6667 0.0000 0.0000
vt 0.6667 1.0000 0.0000
vt 0.3333 1.0000 0.0000
vt 1.0000 1.0000 1.0000
vt 1.0000 0.0000 0.0000
vt 1.0000 1.0000 0.0000
vt 0.0000 1.0000 0.0000
vt 0.0000 0.0000 0.0000
vt 1.0000 1.0000 0.6667
vt 1.0000 1.0000 0.3333
vt 1.0000 0.6667 0.6667
vt 1.0000 0.3333 0.3333
vt 0.8125 0.0000 1.0000
vt 0.8125 0.4545 1.0000
vt 0.7500 0.4545 1.0000
vt 0.7500 0.0000 1.0000
vt 0.8750 0.0000 1.0000
vt 0.8750 0.4545 1.0000
vt 0.9375 0.0000 1.0000
vt 0.9375 0.4552 1.0000
vt 1.0000 0.0000 1.0000
vt 1.0000 0.4545 1.0000
vt 0.0625 0.0000 1.0000
vt 0.0625 0.4559 1.0000
vt 0.0000 0.4545 1.0000
vt 0.0000 0.0000 1.0000
vt 0.1250 0.0000 1.0000
vt 0.1250 0.4545 1.0000
vt 0.1875 0.0000 1.0000
vt 0.1875 0.4545 1.0000
vt 0.2500 0.0000 1.0000
vt 0.2500 0.4545 1.0000
vt 0.3125 0.0000 1.0000
vt 0.3125 0.4545 1.0000
vt 0.3750 0.0000 1.0000
vt 0.3750 0.4545 1.0000
vt 0.4375 0.0000 1.0000
vt 0.4375 0.4562 1.0000
vt 0.5000 0.0000 1.0000
vt 0.5000 0.4544 1.0000
vt 0.5625 0.0000 1.0000
vt 0.5625 0.4556 1.0000
vt 0.6250 0.0000 1.0000
vt 0.6250 0.4545 1.0000
vt 0.6875 0.0000 1.0000
vt 0.6875 0.4545 1.0000
vt 0.8125 1.0000 1.0000
vt 0.7500 1.0000 1.0000
vt 0.8750 1.0000 1.0000
vt 0.9375 1.0000 1.0000
vt 0.0625 1.0000 1.0000
vt 0.0000 1.0000 1.0000
vt 0.1250 1.0000 1.0000
vt 0.1875 1.0000 1.0000
vt 0.2500 1.0000 1.0000
vt 0.3125 1.0000 1.0000
vt 0.3750 1.0000 1.0000
vt 0.4375 1.0000 1.0000
vt 0.5000 1.0000 1.0000
vt 0.5625 1.0000 1.0000
vt 0.6250 1.0000 1.0000
vt 0.6875 1.0000 1.0000
vt 0.7500 0.9089 1.0000
vt 0.8125 0.9089 1.0000
vt 0.8750 0.9089 1.0000
vt 0.9375 0.9105 1.0000
vt 1.0000 0.9090 1.0000
vt 0.0625 0.9118 1.0000
vt 0.0000 0.9090 1.0000
vt 0.1250 0.9089 1.0000
vt 0.1875 0.9089 1.0000
vt 0.2500 0.9089 1.0000
vt 0.3125 0.9089 1.0000
vt 0.3750 0.9089 1.0000
vt 0.4375 0.9123 1.0000
vt 0.5000 0.9088 1.0000
vt 0.5625 0.9112 1.0000
vt 0.6250 0.9089 1.0000
vt 0.6875 0.9089 1.0000
vt 0.8125 0.2145 1.0000
vt 0.7500 0.2145 1.0000
vt 0.7500 0.0355 1.0000
vt 0.8125 0.0355 1.0000
vt 0.8750 0.2145 1.0000
vt 0.8750 0.0355 1.0000
vt 0.9375 0.2145 1.0000
vt 0.9375 0.0355 1.0000
vt 1.0000 0.2145 1.0000
vt 1.0000 0.0355 1.0000
vt 0.0625 0.2145 1.0000
vt 0.0000 0.2145 1.0000
vt 0.0000 0.0355 1.0000
vt 0.0625 0.0355 1.0000
vt 0.1250 0.2145 1.0000
vt 0.1250 0.0355 1.0000
vt 0.1875 0.2145 1.0000
vt 0.1875 0.0355 1.0000
vt 0.2500 0.2145 1.0000
vt 0.2500 0.0355 1.0000
vt 0.3125 0.2145 1.0000
vt 0.3125 0.0355 1.0000
vt 0.3750 0.2145 1.0000
vt 0.3750 0.0355 1.0000
vt 0.4375 0.2145 1.0000
vt 0.4375 0.0355 1.0000
vt 0.5000 0.2145 1.0000
vt 0.5000 0.0355 1.0000
vt 0.5625 0.2145 1.0000
vt 0.5625 0.0355 1.0000
vt 0.6250 0.2145 1.0000
vt 0.6250 0.0355 1.0000
vt 0.6875 0.2145 1.0000
vt 0.6875 0.0355 1.0000
vt 0.7500 0.2855 1.0000
vt 0.8125 0.2855 1.0000
vt 0.8750 0.2855 1.0000
vt 0.9375 0.2855 1.0000
vt 1.0000 0.2855 1.0000
vt 0.0000 0.2855 1.0000
vt 0.0625 0.2855 1.0000
vt 0.1250 0.2855 1.0000
vt 0.1875 0.2855 1.0000
vt 0.2500 0.2855 1.0000
vt 0.3125 0.2855 1.0000
vt 0.3750 0.2855 1.0000
vt 0.4375 0.2855 1.0000
vt 0.5000 0.2855 1.0000
vt 0.5625 0.2855 1.0000
vt 0.6250 0.2855 1.0000
vt 0.6875 0.2855 1.0000
vt 0.7391 0.0000 1.0000
vt 0.4688 0.0000 1.0000
vt 0.7992 0.0000 1.0000
vt 0.6790 0.0000 1.0000
vt 0.6190 0.0000 1.0000
vt 0.5589 0.0000 1.0000
vt 0.4988 0.0000 1.0000
vt 0.4387 0.0000 1.0000
vt 0.3786 0.0000 1.0000
vt 0.3185 0.0000 1.0000
vt 0.2585 0.0000 1.0000
vt 0.1984 0.0000 1.0000
vt 0.1383 0.0000 1.0000
vt 0.0782 0.0000 1.0000
vt 0.0181 0.0000 1.0000
vt 0.9194 0.0000 1.0000
vt 0.9795 0.0000 1.0000
vt 0.8593 0.0000 1.0000
vt 0.8125 0.2500 1.0000
vt 0.7500 0.2500 1.0000
vt 0.8750 0.2500 1.0000
vt 0.9375 0.2500 1.0000
vt 1.0000 0.2500 1.0000
vt 0.0625 0.2500 1.0000
vt 0.0000 0.2500 1.0000
vt 0.1250 0.2500 1.0000
vt 0.1875 0.2500 1.0000
vt 0.2500 0.2500 1.0000
vt 0.3125 0.2500 1.0000
vt 0.3750 0.2500 1.0000
vt 0.4375 0.2500 1.0000
vt 0.5000 0.2500 1.0000
vt 0.5625 0.2500 1.0000
vt 0.6250 0.2500 1.0000
vt 0.6875 0.2500 1.0000
vt 0.0000 0.5000 0.0000
vt 1.0000 0.5000 0.0000
vt 1.0000 0.7500 0.0000
vt 0.0000 0.7500 0.0000
vt 1.0000 0.2500 0.0000
vt 0.0000 0.2500 0.0000
vt 0.1667 1.0000 0.0000
vt 0.4444 1.0000 0.0000
vt 0.2222 1.0000 0.0000
vt 0.9483 0.4800 0.0000
vt 0.0173 0.4800 0.0000
vt 0.0154 0.3750 0.0000
vt 0.9539 0.3750 0.0000
vt 0.6318 1.0000 0.0000
vt 0.1225 1.0000 0.0000
vt 0.0493 0.8333 0.0000
vt 0.8527 0.8333 0.0000
vt 1.0000 0.1250 0.0000
vt 1.0000 0.0098 0.0000
vt 1.0000 0.3750 0.0000
vt 1.0000 0.4800 0.0000
vt 1.0000 0.6177 0.0000
vt 1.0000 0.7157 0.0000
vt 1.0000 0.5833 0.0000
vt 1.0000 0.6741 0.0000
vt 1.0000 0.8259 0.0000
vt 0.9792 0.5002 0.0000
vt 1.0000 0.5172 0.0000
vt 1.0000 0.6495 0.0000
vt 0.9839 0.0097 0.0000
vt 0.9760 0.0098 0.0000
vt 0.9764 0.0024 0.0000
vt 0.9842 0.0023 0.0000
vt 0.9800 0.1250 0.0000
vt 0.9748 0.2500 0.0000
vt 0.9624 0.2500 0.0000
vt 0.9701 0.1250 0.0000
vt 0.9691 0.3750 0.0000
vt 0.9654 0.4800 0.0000
vt 0.9901 0.1250 0.0000
vt 0.9921 0.0097 0.0000
vt 0.9876 0.2500 0.0000
vt 0.9848 0.3750 0.0000
vt 0.9826 0.5000 0.0000
vt 0.9829 0.4800 0.0000
vt 0.9922 0.0023 0.0000
vt 0.9568 0.5001 0.0000
vt 0.9473 0.5000 0.0000
vt 0.9647 0.5000 0.0000
vt 0.9690 0.5001 0.0000
vt 0.9454 0.6607 0.0000
vt 0.9161 0.6667 0.0000
vt 0.9039 0.8265 0.0000
vt 0.7598 0.9922 0.0000
vt 1.1470 0.5385 0.0000
vt 1.0604 0.5112 0.0000
vt 1.0926 0.5066 0.0000
vt 1.2255 0.5472 0.0000
vt 1.0000 0.5069 0.0000
vt 1.0000 0.5060 0.0000
vt 0.9939 0.5001 0.0000
vt 0.9802 0.5002 0.0000
vt 0.9853 0.5002 0.0000
vt 0.9816 0.5001 0.0000
vt 0.9696 0.5002 0.0000
vt 0.9749 0.5002 0.0000
vt 0.9708 0.6555 0.0000
vt 1.0000 0.8137 0.0000
vt 0.9488 0.8205 0.0000
vt 1.0000 0.9776 0.0000
vt 0.8719 0.9854 0.0000
vt 1.0322 0.5151 0.0000
vt 1.0785 0.5310 0.0000
vt 1.0000 0.5224 0.0000
vt 1.0000 0.5197 0.0000
vt 1.0000 0.5112 0.0000
vt 1.0000 0.5128 0.0000
vt 1.0000 0.5144 0.0000
vt 0.0281 0.6667 0.0000
vt 0.0126 0.2500 0.0000
vt 0.0080 0.0099 0.0000
vt 0.0079 0.0025 0.0000
vt 0.0100 0.1250 0.0000
vt 0.0176 0.5000 0.0000
vt 0.9765 0.0000 0.0000
vt 0.9842 0.0000 0.0000
vt 0.9922 0.0000 0.0000
vt 0.0079 0.0000 0.0000
vt 1.0000 0.0024 0.0000
vt 0.7500 0.5000 1.0000
vt 0.8125 0.5000 1.0000
vt 0.8750 0.5000 1.0000
vt 0.9375 0.5000 1.0000
vt 1.0000 0.5000 1.0000
vt 0.0000 0.5000 1.0000
vt 0.0625 0.5000 1.0000
vt 0.1250 0.5000 1.0000
vt 0.1875 0.5000 1.0000
vt 0.2500 0.5000 1.0000
vt 0.3125 0.5000 1.0000
vt 0.3750 0.5000 1.0000
vt 0.4375 0.5000 1.0000
vt 0.5000 0.5000 1.0000
vt 0.5625 0.5000 1.0000
vt 0.6250 0.5000 1.0000
vt 0.6875 0.5000 1.0000
vt 0.2812 1.0000 1.0000
vt 0.2500 0.0510 1.0000
vt 0.2812 0.0509 1.0000
vt 0.3438 0.0506 1.0000
vt 0.3438 1.0000 1.0000
vt 0.3125 0.0510 1.0000
vt 0.4063 1.0000 1.0000
vt 0.3750 0.0502 1.0000
vt 0.4063 0.0585 1.0000
vt 0.4688 1.0000 1.0000
vt 0.4375 0.0686 1.0000
vt 0.4688 0.0725 1.0000
vt 0.5313 0.0723 1.0000
vt 0.5313 1.0000 1.0000
vt 0.5000 0.0737 1.0000
vt 0.5938 0.0602 1.0000
vt 0.5938 1.0000 1.0000
vt 0.5625 0.0685 1.0000
vt 0.6563 1.0000 1.0000
vt 0.6250 0.0429 1.0000
vt 0.6563 0.0602 1.0000
vt 0.7188 1.0000 1.0000
vt 0.6875 0.0685 1.0000
vt 0.7188 0.0723 1.0000
vt 0.7500 0.0725 1.0000
vt 0.5208 1.0000 1.0000
vt 0.7604 1.0000 1.0000
vt 0.7708 1.0000 1.0000
vt 0.5417 1.0000 1.0000
vt 0.7813 1.0000 1.0000
vt 0.7917 1.0000 1.0000
vt 0.5833 1.0000 1.0000
vt 0.5156 1.0000 1.0000
vt 0.7083 1.0000 1.0000
vt 0.5972 1.0000 1.0000
vt 0.6111 1.0000 1.0000
vt 0.8611 1.0000 1.0000
vt 0.9306 1.0000 1.0000
vt 0.6898 1.0000 1.0000
vt 0.6435 1.0000 1.0000
vt 0.6458 1.0000 1.0000
vt 0.6528 1.0000 1.0000
vt 0.7222 1.0000 1.0000
vt 0.6806 1.0000 1.0000
vt 0.7361 1.0000 1.0000
vt 0.2812 0.0000 1.0000
vt 0.3438 0.0000 1.0000
vt 0.4063 0.0000 1.0000
vt 0.5313 0.0000 1.0000
vt 0.5938 0.0000 1.0000
vt 0.6563 0.0000 1.0000
vt 0.7188 0.0000 1.0000
# 324 texture coords

g 454_x4v
s 1
f 1/1/1 2/2/2 3/3/3 4/4/4 
f 5/5/5 6/5/6 2/2/2 1/1/1 
f 6/5/6 5/5/5 7/5/7 8/5/8 
f 9/5/9 10/5/10 4/4/4 3/3/3 
f 11/5/11 12/5/12 10/5/10 9/5/9 
f 13/5/13 12/5/12 11/5/11 14/5/14 
f 15/5/15 13/5/13 14/5/14 16/5/16 
f 17/5/17 15/5/15 16/5/16 18/5/18 
f 19/5/19 20/5/20 17/5/17 18/5/18 
f 21/5/21 22/5/22 20/5/20 19/5/19 
f 23/5/23 24/5/24 22/5/22 21/5/21 
f 25/5/25 24/5/24 23/5/23 26/5/26 
f 25/5/25 26/5/26 27/5/27 28/5/28 
f 2/2/2 29/6/29 30/7/30 3/3/3 
f 4/4/4 31/8/31 32/9/32 1/1/1 
f 6/5/6 33/5/33 29/6/29 2/2/2 
f 32/9/32 34/5/34 5/5/5 1/1/1 
f 33/5/33 6/5/6 8/5/8 35/5/35 
f 34/5/34 36/5/36 7/5/7 5/5/5 
f 10/5/10 37/5/37 31/8/31 4/4/4 
f 3/3/3 30/7/30 38/5/38 9/5/9 
f 12/5/12 39/5/39 37/5/37 10/5/10 
f 38/5/38 40/5/40 11/5/11 9/5/9 
f 41/5/41 39/5/39 12/5/12 13/5/13 
f 40/5/40 42/5/42 14/5/14 11/5/11 
f 43/5/43 41/5/41 13/5/13 15/5/15 
f 42/5/42 44/5/44 16/5/16 14/5/14 
f 45/5/45 43/5/43 15/5/15 17/5/17 
f 44/5/44 46/5/46 18/5/18 16/5/16 
f 20/5/20 47/5/47 45/5/45 17/5/17 
f 18/5/18 46/5/46 48/5/48 19/5/19 
f 22/5/22 49/5/49 47/5/47 20/5/20 
f 19/5/19 48/5/48 50/5/50 21/5/21 
f 24/5/24 51/5/51 49/5/49 22/5/22 
f 21/5/21 50/5/50 52/5/52 23/5/23 
f 25/5/25 53/5/53 51/5/51 24/5/24 
f 52/5/52 54/5/54 26/5/26 23/5/23 
f 55/5/55 53/5/53 25/5/25 28/5/28 
f 26/5/26 54/5/54 56/5/56 27/5/27 
f 57/5/57 58/5/58 59/5/59 60/5/60 
f 61/5/61 58/5/58 57/5/57 62/5/62 
f 63/5/63 61/5/61 62/5/62 64/5/64 
f 65/5/65 63/5/63 64/5/64 66/5/66 
f 67/5/67 65/5/65 66/5/66 68/5/68 
f 69/5/69 67/5/67 68/5/68 70/5/70 
f 71/5/71 69/5/69 70/5/70 72/5/72 
f 73/5/73 71/5/71 72/5/72 74/5/74 
f 75/5/75 73/5/73 74/5/74 76/5/76 
f 77/10/77 75/5/75 76/5/76 78/11/78 
f 79/12/79 77/10/77 78/11/78 80/13/80 
f 81/5/81 79/12/79 80/13/80 82/5/82 
f 81/5/81 82/5/82 83/5/83 84/5/84 
f 85/8/85 86/8/86 87/9/87 88/9/88 
f 88/9/88 87/9/87 89/5/89 90/5/90 
f 90/5/90 89/5/89 91/5/91 92/5/92 
f 93/5/93 86/8/86 85/8/85 94/5/94 
f 95/5/95 93/5/93 94/5/94 96/5/96 
f 97/5/97 98/5/98 99/5/99 100/5/100 
f 101/5/101 97/5/97 100/5/100 102/5/102 
f 103/5/103 101/5/101 102/5/102 104/5/104 
f 105/5/105 103/5/103 104/5/104 106/5/106 
f 107/5/107 105/5/105 106/5/106 108/5/108 
f 109/5/109 107/5/107 108/5/108 110/5/110 
f 111/5/111 109/5/109 110/5/110 112/5/112 
f 111/5/111 112/5/112 113/5/113 114/5/114 
f 115/5/115 116/5/116 117/5/117 
f 118/5/118 119/5/119 120/5/120 121/5/121 
f 122/5/122 123/5/123 119/5/119 118/5/118 
f 124/5/124 125/5/125 123/5/123 122/5/122 
f 126/5/126 127/5/127 125/5/125 124/5/124 
f 128/5/128 129/5/129 127/5/127 126/5/126 
f 130/5/130 131/5/131 129/5/129 128/5/128 
f 130/5/130 132/5/132 133/5/133 131/5/131 
f 132/5/132 134/5/134 135/5/135 133/5/133 
f 134/5/134 136/5/136 137/5/137 135/5/135 
f 136/5/136 138/5/138 139/5/139 137/5/137 
f 138/5/138 140/5/140 141/5/141 139/5/139 
f 140/5/140 142/5/142 143/5/143 141/5/141 
f 142/5/142 144/5/144 145/5/145 143/5/143 
f 146/8/146 147/8/147 148/9/148 149/9/149 
f 149/9/149 148/9/148 150/5/150 151/5/151 
f 151/5/151 150/5/150 152/5/152 153/5/153 
f 154/5/154 155/5/155 147/8/147 146/8/146 
f 156/5/156 157/5/157 155/5/155 154/5/154 
f 158/5/158 159/5/159 160/5/160 161/5/161 
f 162/5/162 163/5/163 159/5/159 158/5/158 
f 164/5/164 165/5/165 163/5/163 162/5/162 
f 166/5/166 167/5/167 165/5/165 164/5/164 
f 168/5/168 169/5/169 167/5/167 166/5/166 
f 168/5/168 170/5/170 171/5/171 169/5/169 
f 172/5/172 173/5/173 171/5/171 170/5/170 
f 172/5/172 174/5/174 175/5/175 173/5/173 
f 176/5/176 177/5/177 178/5/178 179/5/179 
f 147/8/147 180/8/180 181/9/181 148/9/148 
f 148/9/148 181/9/181 182/5/182 150/5/150 
f 150/5/150 182/5/182 183/5/183 152/5/152 
f 155/5/155 184/5/184 180/8/180 147/8/147 
f 157/5/157 185/5/157 184/5/184 155/5/155 
f 186/5/185 187/5/186 160/5/160 159/5/159 
f 188/5/187 186/5/185 159/5/159 163/5/163 
f 189/5/188 188/5/187 163/5/163 165/5/165 
f 190/5/189 189/5/188 165/5/165 167/5/167 
f 191/5/190 190/5/189 167/5/167 169/5/169 
f 192/5/191 191/5/190 169/5/169 171/5/171 
f 193/5/192 192/5/191 171/5/171 173/5/173 
f 193/5/192 173/5/173 175/5/175 194/5/193 
f 195/5/194 179/5/179 178/5/178 196/5/195 
f 119/5/119 197/5/196 198/5/197 120/5/120 
f 199/5/198 197/5/196 119/5/119 123/5/123 
f 125/5/125 200/5/199 199/5/198 123/5/123 
f 127/5/127 201/5/200 200/5/199 125/5/125 
f 202/5/201 201/5/200 127/5/127 129/5/129 
f 203/5/202 202/5/201 129/5/129 131/5/131 
f 204/5/203 203/5/202 131/5/131 133/5/133 
f 205/5/204 204/5/203 133/5/133 135/5/135 
f 206/5/137 205/5/204 135/5/135 137/5/137 
f 207/5/205 206/5/137 137/5/137 139/5/139 
f 208/5/206 207/5/205 139/5/139 141/5/141 
f 209/5/207 208/5/206 141/5/141 143/5/143 
f 210/5/208 209/5/207 143/5/143 145/5/145 
f 86/8/86 146/8/146 149/9/149 87/9/87 
f 88/9/88 32/9/32 31/8/31 85/8/85 
f 87/9/87 149/9/149 151/5/151 89/5/89 
f 90/5/90 34/5/34 32/9/32 88/9/88 
f 89/5/89 151/5/151 153/5/153 91/5/91 
f 36/5/36 34/5/34 90/5/90 92/5/92 
f 154/5/154 146/8/146 86/8/86 93/5/93 
f 85/8/85 31/8/31 37/5/37 94/5/94 
f 156/5/156 154/5/154 93/5/93 95/5/95 
f 37/5/37 39/5/39 96/5/96 94/5/94 
f 158/5/158 161/5/161 98/5/98 97/5/97 
f 39/5/39 41/5/41 100/5/100 99/5/99 
f 162/5/162 158/5/158 97/5/97 101/5/101 
f 41/5/41 43/5/43 102/5/102 100/5/100 
f 164/5/164 162/5/162 101/5/101 103/5/103 
f 43/5/43 45/5/45 104/5/104 102/5/102 
f 166/5/166 164/5/164 103/5/103 105/5/105 
f 45/5/45 47/5/47 106/5/106 104/5/104 
f 168/5/168 166/5/166 105/5/105 107/5/107 
f 106/5/106 47/5/47 49/5/49 108/5/108 
f 170/5/170 168/5/168 107/5/107 109/5/109 
f 49/5/49 51/5/51 110/5/110 108/5/108 
f 172/5/172 170/5/170 109/5/109 111/5/111 
f 51/5/51 53/5/53 112/5/112 110/5/110 
f 172/5/172 111/5/111 114/5/114 174/5/174 
f 53/5/53 55/5/55 113/5/113 112/5/112 
f 39/5/39 99/5/99 115/5/115 96/5/96 
f 176/5/176 117/5/117 116/5/116 177/5/177 
f 58/5/58 118/5/118 121/5/121 59/5/59 
f 54/5/54 57/5/57 60/5/60 56/5/56 
f 122/5/122 118/5/118 58/5/58 61/5/61 
f 54/5/54 52/5/52 62/5/62 57/5/57 
f 124/5/124 122/5/122 61/5/61 63/5/63 
f 52/5/52 50/5/50 64/5/64 62/5/62 
f 126/5/126 124/5/124 63/5/63 65/5/65 
f 50/5/50 48/5/48 66/5/66 64/5/64 
f 128/5/128 126/5/126 65/5/65 67/5/67 
f 48/5/48 46/5/46 68/5/68 66/5/66 
f 130/5/130 128/5/128 67/5/67 69/5/69 
f 46/5/46 44/5/44 70/5/70 68/5/68 
f 132/5/132 130/5/130 69/5/69 71/5/71 
f 44/5/44 42/5/42 72/5/72 70/5/70 
f 134/5/134 132/5/132 71/5/71 73/5/73 
f 42/5/42 40/5/40 74/5/74 72/5/72 
f 136/5/136 134/5/134 73/5/73 75/5/75 
f 40/5/40 38/5/38 76/5/76 74/5/74 
f 138/5/138 136/5/136 75/5/75 77/10/77 
f 38/5/38 30/7/30 78/11/78 76/5/76 
f 140/5/140 138/5/138 77/10/77 79/12/79 
f 30/7/30 29/6/29 80/13/80 78/11/78 
f 142/5/142 140/5/140 79/12/79 81/5/81 
f 29/6/29 33/5/33 82/5/82 80/13/80 
f 144/5/144 142/5/142 81/5/81 84/5/84 
f 82/5/82 33/5/33 35/5/35 83/5/83 
f 115/5/115 99/5/99 98/5/98 116/5/116 
f 117/5/117 95/5/95 96/5/96 115/5/115 
f 177/5/177 161/5/161 160/5/160 178/5/178 
f 179/5/179 157/5/157 156/5/156 176/5/176 
f 185/5/157 157/5/157 179/5/179 195/5/194 
f 160/5/160 187/5/186 196/5/195 178/5/178 
f 176/5/176 156/5/156 95/5/95 117/5/117 
f 116/5/116 98/5/98 161/5/161 177/5/177 
f 211/1/209 212/4/210 213/3/211 214/2/212 
f 215/5/213 211/1/209 214/2/212 216/5/214 
f 217/5/215 215/5/213 216/5/214 218/5/216 
f 219/5/217 213/3/211 212/4/210 220/5/218 
f 221/5/219 219/5/217 220/5/218 222/5/220 
f 221/5/219 222/5/220 223/5/221 224/5/222 
f 224/5/222 223/5/221 225/5/223 226/5/224 
f 226/5/224 225/5/223 227/5/225 228/5/226 
f 229/5/227 228/5/226 227/5/225 230/5/228 
f 231/5/229 229/5/227 230/5/228 232/5/230 
f 233/5/231 231/5/229 232/5/230 234/5/232 
f 233/5/231 234/5/232 235/5/233 236/5/234 
f 236/5/234 235/5/233 237/5/235 238/5/236 
f 214/2/212 213/3/211 239/7/237 240/6/238 
f 212/4/210 211/1/209 241/9/239 242/8/240 
f 216/5/214 214/2/212 240/6/238 243/5/241 
f 215/5/213 244/5/242 241/9/239 211/1/209 
f 218/5/216 216/5/214 243/5/241 245/5/243 
f 217/5/215 246/5/244 244/5/242 215/5/213 
f 220/5/218 212/4/210 242/8/240 247/5/245 
f 213/3/211 219/5/217 248/5/246 239/7/237 
f 222/5/220 220/5/218 247/5/245 249/5/247 
f 221/5/219 250/5/248 248/5/246 219/5/217 
f 222/5/220 249/5/247 251/5/249 223/5/221 
f 224/5/222 252/5/250 250/5/248 221/5/219 
f 223/5/221 251/5/249 253/5/251 225/5/223 
f 226/5/224 254/5/252 252/5/250 224/5/222 
f 225/5/223 253/5/251 255/5/253 227/5/225 
f 228/5/226 256/5/254 254/5/252 226/5/224 
f 230/5/228 227/5/225 255/5/253 257/5/255 
f 228/5/226 229/5/227 258/5/256 256/5/254 
f 232/5/230 230/5/228 257/5/255 259/5/257 
f 229/5/227 231/5/229 260/5/258 258/5/256 
f 234/5/232 232/5/230 259/5/257 261/5/259 
f 231/5/229 233/5/231 262/5/260 260/5/258 
f 235/5/233 234/5/232 261/5/259 263/5/261 
f 236/5/234 264/5/262 262/5/260 233/5/231 
f 235/5/233 263/5/261 265/5/263 237/5/235 
f 238/5/236 266/5/264 264/5/262 236/5/234 
f 267/5/265 268/5/266 269/5/267 270/5/268 
f 267/5/265 270/5/268 271/5/269 272/5/270 
f 272/5/270 271/5/269 273/5/271 274/5/272 
f 274/5/272 273/5/271 275/5/273 276/5/274 
f 276/5/274 275/5/273 277/5/275 278/5/276 
f 278/5/276 277/5/275 279/5/277 280/5/278 
f 280/5/278 279/5/277 281/5/279 282/5/280 
f 282/5/280 281/5/279 283/5/281 284/5/282 
f 284/5/282 283/5/281 285/5/283 286/5/284 
f 286/5/284 285/5/283 287/10/285 288/11/286 
f 288/11/286 287/10/285 289/12/287 290/13/288 
f 290/13/288 289/12/287 291/5/289 292/5/290 
f 293/5/291 292/5/290 291/5/289 294/5/292 
f 295/8/293 296/9/294 297/9/295 298/8/296 
f 296/9/294 299/5/297 300/5/298 297/9/295 
f 299/5/297 301/5/299 302/5/300 300/5/298 
f 295/8/293 298/8/296 303/5/301 304/5/302 
f 304/5/302 303/5/301 305/5/303 306/5/304 
f 307/5/305 308/5/306 309/5/307 310/5/308 
f 310/5/308 309/5/307 311/5/309 312/5/310 
f 312/5/310 311/5/309 313/5/311 314/5/312 
f 314/5/312 313/5/311 315/5/313 316/5/314 
f 316/5/314 315/5/313 317/5/315 318/5/316 
f 318/5/316 317/5/315 319/5/317 320/5/318 
f 320/5/318 319/5/317 321/5/319 322/5/320 
f 322/5/320 321/5/319 323/5/321 324/5/322 
f 325/5/323 326/5/324 327/5/325 
f 328/5/326 329/5/327 330/5/328 331/5/329 
f 329/5/327 332/5/330 333/5/331 330/5/328 
f 332/5/330 334/5/332 335/5/333 333/5/331 
f 334/5/332 336/5/334 337/5/335 335/5/333 
f 336/5/334 338/5/336 339/5/337 337/5/335 
f 338/5/336 340/5/338 341/5/339 339/5/337 
f 341/5/339 340/5/338 342/5/340 343/5/341 
f 343/5/341 342/5/340 344/5/342 345/5/343 
f 345/5/343 344/5/342 346/5/344 347/5/345 
f 347/5/345 346/5/344 348/5/346 349/5/347 
f 349/5/347 348/5/346 350/5/348 351/5/349 
f 351/5/349 350/5/348 352/5/350 353/5/351 
f 353/5/351 352/5/350 354/5/352 355/5/353 
f 356/9/354 357/8/355 358/8/356 359/9/357 
f 360/5/182 356/9/354 359/9/357 361/5/358 
f 362/5/183 360/5/182 361/5/358 363/5/359 
f 357/8/355 364/5/360 365/5/361 358/8/356 
f 364/5/360 366/5/362 367/5/363 365/5/361 
f 368/5/364 369/5/365 370/5/366 371/5/367 
f 369/5/365 372/5/368 373/5/369 370/5/366 
f 372/5/368 374/5/370 375/5/371 373/5/369 
f 374/5/370 376/5/372 377/5/373 375/5/371 
f 376/5/372 378/5/374 379/5/375 377/5/373 
f 379/5/375 378/5/374 380/5/376 381/5/377 
f 380/5/376 382/5/378 383/5/379 381/5/377 
f 383/5/379 382/5/378 384/5/380 385/5/381 
f 386/5/382 387/5/194 388/5/383 389/5/384 
f 357/8/355 356/9/354 181/9/181 180/8/180 
f 356/9/354 360/5/182 182/5/182 181/9/181 
f 360/5/182 362/5/183 183/5/183 182/5/182 
f 364/5/360 357/8/355 180/8/180 184/5/184 
f 366/5/362 364/5/360 184/5/184 185/5/157 
f 368/5/364 187/5/186 186/5/185 369/5/365 
f 369/5/365 186/5/185 188/5/187 372/5/368 
f 372/5/368 188/5/187 189/5/188 374/5/370 
f 374/5/370 189/5/188 190/5/189 376/5/372 
f 376/5/372 190/5/189 191/5/190 378/5/374 
f 378/5/374 191/5/190 192/5/191 380/5/376 
f 380/5/376 192/5/191 193/5/192 382/5/378 
f 382/5/378 193/5/192 194/5/193 384/5/380 
f 388/5/383 387/5/194 195/5/194 196/5/195 
f 329/5/327 328/5/326 198/5/197 197/5/196 
f 329/5/327 197/5/196 199/5/198 332/5/330 
f 334/5/332 332/5/330 199/5/198 200/5/199 
f 336/5/334 334/5/332 200/5/199 201/5/200 
f 336/5/334 201/5/200 202/5/201 338/5/336 
f 338/5/336 202/5/201 203/5/202 340/5/338 
f 340/5/338 203/5/202 204/5/203 342/5/340 
f 342/5/340 204/5/203 205/5/204 344/5/342 
f 344/5/342 205/5/204 206/5/137 346/5/344 
f 346/5/344 206/5/137 207/5/205 348/5/346 
f 348/5/346 207/5/205 208/5/206 350/5/348 
f 350/5/348 208/5/206 209/5/207 352/5/350 
f 352/5/350 209/5/207 210/5/208 354/5/352 
f 298/8/296 297/9/295 359/9/357 358/8/356 
f 296/9/294 295/8/293 242/8/240 241/9/239 
f 297/9/295 300/5/298 361/5/358 359/9/357 
f 299/5/297 296/9/294 241/9/239 244/5/242 
f 300/5/298 302/5/300 363/5/359 361/5/358 
f 299/5/297 244/5/242 246/5/244 301/5/299 
f 298/8/296 358/8/356 365/5/361 303/5/301 
f 295/8/293 304/5/302 247/5/245 242/8/240 
f 303/5/301 365/5/361 367/5/363 305/5/303 
f 306/5/304 249/5/247 247/5/245 304/5/302 
f 308/5/306 371/5/367 370/5/366 309/5/307 
f 310/5/308 251/5/249 249/5/247 307/5/305 
f 309/5/307 370/5/366 373/5/369 311/5/309 
f 312/5/310 253/5/251 251/5/249 310/5/308 
f 311/5/309 373/5/369 375/5/371 313/5/311 
f 314/5/312 255/5/253 253/5/251 312/5/310 
f 313/5/311 375/5/371 377/5/373 315/5/313 
f 316/5/314 257/5/255 255/5/253 314/5/312 
f 315/5/313 377/5/373 379/5/375 317/5/315 
f 316/5/314 318/5/316 259/5/257 257/5/255 
f 317/5/315 379/5/375 381/5/377 319/5/317 
f 320/5/318 261/5/259 259/5/257 318/5/316 
f 319/5/317 381/5/377 383/5/379 321/5/319 
f 322/5/320 263/5/261 261/5/259 320/5/318 
f 321/5/319 383/5/379 385/5/381 323/5/321 
f 324/5/322 265/5/263 263/5/261 322/5/320 
f 325/5/323 307/5/305 249/5/247 306/5/304 
f 327/5/325 326/5/324 386/5/382 389/5/384 
f 270/5/268 269/5/267 331/5/329 330/5/328 
f 268/5/266 267/5/265 264/5/262 266/5/264 
f 270/5/268 330/5/328 333/5/331 271/5/269 
f 272/5/270 262/5/260 264/5/262 267/5/265 
f 271/5/269 333/5/331 335/5/333 273/5/271 
f 274/5/272 260/5/258 262/5/260 272/5/270 
f 273/5/271 335/5/333 337/5/335 275/5/273 
f 276/5/274 258/5/256 260/5/258 274/5/272 
f 275/5/273 337/5/335 339/5/337 277/5/275 
f 278/5/276 256/5/254 258/5/256 276/5/274 
f 277/5/275 339/5/337 341/5/339 279/5/277 
f 280/5/278 254/5/252 256/5/254 278/5/276 
f 279/5/277 341/5/339 343/5/341 281/5/279 
f 282/5/280 252/5/250 254/5/252 280/5/278 
f 281/5/279 343/5/341 345/5/343 283/5/281 
f 284/5/282 250/5/248 252/5/250 282/5/280 
f 283/5/281 345/5/343 347/5/345 285/5/283 
f 286/5/284 248/5/246 250/5/248 284/5/282 
f 285/5/283 347/5/345 349/5/347 287/10/285 
f 288/11/286 239/7/237 248/5/246 286/5/284 
f 287/10/285 349/5/347 351/5/349 289/12/287 
f 290/13/288 240/6/238 239/7/237 288/11/286 
f 289/12/287 351/5/349 353/5/351 291/5/289 
f 292/5/290 243/5/241 240/6/238 290/13/288 
f 291/5/289 353/5/351 355/5/353 294/5/292 
f 292/5/290 293/5/291 245/5/243 243/5/241 
f 325/5/323 327/5/325 308/5/306 307/5/305 
f 326/5/324 325/5/323 306/5/304 305/5/303 
f 389/5/384 388/5/383 368/5/364 371/5/367 
f 387/5/194 386/5/382 367/5/363 366/5/362 
f 387/5/194 366/5/362 185/5/157 195/5/194 
f 196/5/195 187/5/186 368/5/364 388/5/383 
f 386/5/382 326/5/324 305/5/303 367/5/363 
f 327/5/325 389/5/384 371/5/367 308/5/306 
f 390/5/385 391/5/386 392/5/387 393/5/385 
f 391/5/386 394/5/388 395/5/388 392/5/387 
f 394/5/388 396/5/389 397/5/389 395/5/388 
f 397/5/389 396/5/389 398/5/390 399/5/390 
f 400/5/391 401/5/391 402/5/392 403/5/392 
f 404/5/393 405/5/394 406/5/394 407/5/393 
f 408/5/395 409/5/396 410/5/396 411/5/396 
f 409/5/396 401/5/391 400/5/391 410/5/396 
f 405/5/394 412/5/394 413/5/394 406/5/394 
f 402/5/392 414/5/397 415/5/397 403/5/392 
f 414/5/397 390/5/385 393/5/385 415/5/397 
f 398/5/390 416/5/398 417/5/398 399/5/390 
f 416/5/398 404/5/393 407/5/393 417/5/398 
f 418/5/399 419/5/400 420/5/400 421/5/401 
f 422/5/402 418/5/399 421/5/401 423/5/403 
f 419/5/400 424/5/404 425/5/404 420/5/400 
f 426/5/405 427/5/406 428/5/406 429/5/405 
f 430/5/407 431/5/408 432/5/408 433/5/407 
f 434/5/409 435/5/410 436/5/410 437/5/409 
f 438/5/411 439/5/395 440/5/395 441/5/411 
f 439/5/395 408/5/395 411/5/396 440/5/395 
f 412/5/394 434/5/409 437/5/409 413/5/394 
f 431/5/408 438/5/411 441/5/411 432/5/408 
f 425/5/404 424/5/404 430/5/407 433/5/407 
f 436/5/410 435/5/410 426/5/405 429/5/405 
f 427/5/406 422/5/402 423/5/403 428/5/406 
f 442/5/412 443/5/413 8/5/8 7/5/7 
f 443/5/413 444/5/414 35/5/35 8/5/8 
f 445/5/415 442/5/412 7/5/7 36/5/36 
f 446/5/416 447/5/417 84/5/84 83/5/83 
f 448/5/418 449/5/419 92/5/92 91/5/91 
f 144/5/144 450/5/420 451/5/421 145/5/145 
f 452/5/422 453/5/423 153/5/153 152/5/152 
f 454/5/424 452/5/422 152/5/152 183/5/183 
f 451/5/421 455/5/421 210/5/208 145/5/145 
f 453/5/423 448/5/418 91/5/91 153/5/153 
f 92/5/92 449/5/419 445/5/415 36/5/36 
f 84/5/84 447/5/417 450/5/420 144/5/144 
f 444/5/414 446/5/416 83/5/83 35/5/35 
f 456/5/425 457/5/426 217/5/215 218/5/216 
f 245/5/243 458/5/427 456/5/425 218/5/216 
f 457/5/426 459/5/428 246/5/244 217/5/215 
f 294/5/292 460/5/429 461/5/430 293/5/291 
f 301/5/299 462/5/431 463/5/432 302/5/300 
f 464/5/433 465/5/434 355/5/353 354/5/352 
f 363/5/359 466/5/435 467/5/436 362/5/183 
f 467/5/436 454/5/424 183/5/183 362/5/183 
f 455/5/421 464/5/433 354/5/352 210/5/208 
f 302/5/300 463/5/432 466/5/435 363/5/359 
f 459/5/428 462/5/431 301/5/299 246/5/244 
f 465/5/434 460/5/429 294/5/292 355/5/353 
f 293/5/291 461/5/430 458/5/427 245/5/243 
f 442/5/412 445/5/415 393/5/385 392/5/387 
f 443/5/413 442/5/412 392/5/387 395/5/388 
f 444/5/414 443/5/413 395/5/388 397/5/389 
f 399/5/390 446/5/416 444/5/414 397/5/389 
f 403/5/392 448/5/418 453/5/423 400/5/391 
f 451/5/421 450/5/420 407/5/393 406/5/394 
f 452/5/422 454/5/424 411/5/396 410/5/396 
f 453/5/423 452/5/422 410/5/396 400/5/391 
f 455/5/421 451/5/421 406/5/394 413/5/394 
f 449/5/419 448/5/418 403/5/392 415/5/397 
f 445/5/415 449/5/419 415/5/397 393/5/385 
f 447/5/417 446/5/416 399/5/390 417/5/398 
f 450/5/420 447/5/417 417/5/398 407/5/393 
f 457/5/426 456/5/425 421/5/401 420/5/400 
f 456/5/425 458/5/427 423/5/403 421/5/401 
f 459/5/428 457/5/426 420/5/400 425/5/404 
f 461/5/430 460/5/429 429/5/405 428/5/406 
f 463/5/432 462/5/431 433/5/407 432/5/408 
f 465/5/434 464/5/433 437/5/409 436/5/410 
f 467/5/436 466/5/435 441/5/411 440/5/395 
f 454/5/424 467/5/436 440/5/395 411/5/396 
f 464/5/433 455/5/421 413/5/394 437/5/409 
f 466/5/435 463/5/432 432/5/408 441/5/411 
f 433/5/407 462/5/431 459/5/428 425/5/404 
f 429/5/405 460/5/429 465/5/434 436/5/410 
f 458/5/427 461/5/430 428/5/406 423/5/403 
s 2
f 468/5/437 469/5/437 470/5/437 471/5/437 
f 472/5/437 473/5/437 474/5/437 475/5/437 
f 470/5/437 475/5/437 474/5/437 476/5/437 
f 477/5/437 478/5/437 479/5/437 474/5/437 
f 480/5/437 481/5/437 482/5/437 479/5/437 
f 474/5/437 479/5/437 482/5/437 483/5/437 
f 484/5/437 485/5/437 486/5/437 482/5/437 
f 482/5/437 486/5/437 483/5/437 
f 487/5/437 488/5/437 489/5/437 483/5/437 
f 490/5/437 491/5/437 476/5/437 489/5/437 
f 483/5/437 489/5/437 476/5/437 474/5/437 
f 471/5/437 470/5/437 476/5/437 492/5/437 
f 493/5/437 471/5/437 492/5/437 
f 493/5/437 492/5/437 494/5/437 495/5/437 
f 471/5/437 493/5/437 495/5/437 496/5/437 
f 468/5/437 471/5/437 496/5/437 497/5/437 
f 498/5/437 469/5/437 468/5/437 497/5/437 
f 499/5/437 470/5/437 469/5/437 498/5/437 
f 475/5/437 470/5/437 499/5/437 500/5/437 
f 472/5/437 475/5/437 500/5/437 501/5/437 
f 473/5/437 472/5/437 501/5/437 502/5/437 
f 474/5/437 473/5/437 502/5/437 503/5/437 
f 477/5/437 474/5/437 503/5/437 504/5/437 
f 505/5/437 478/5/437 477/5/437 504/5/437 
f 506/5/437 479/5/437 478/5/437 505/5/437 
f 480/5/437 479/5/437 506/5/437 507/5/437 
f 481/5/437 480/5/437 507/5/437 508/5/437 
f 482/5/437 481/5/437 508/5/437 509/5/437 
f 484/5/437 482/5/437 509/5/437 510/5/437 
f 511/5/437 485/5/437 484/5/437 510/5/437 
f 512/5/437 486/5/437 485/5/437 511/5/437 
f 483/5/437 486/5/437 512/5/437 513/5/437 
f 487/5/437 483/5/437 513/5/437 514/5/437 
f 488/5/437 487/5/437 514/5/437 515/5/437 
f 489/5/437 488/5/437 515/5/437 516/5/437 
f 490/5/437 489/5/437 516/5/437 517/5/437 
f 518/5/437 491/5/437 490/5/437 517/5/437 
f 519/5/437 476/5/437 491/5/437 518/5/437 
f 492/5/437 476/5/437 519/5/437 494/5/437 
s 1
f 520/5/385 521/5/386 391/5/386 390/5/385 
f 521/5/386 522/5/388 394/5/388 391/5/386 
f 522/5/388 523/5/438 396/5/389 394/5/388 
f 523/5/438 524/5/390 398/5/390 396/5/389 
f 525/5/391 526/5/392 402/5/392 401/5/391 
f 527/5/393 528/5/394 405/5/394 404/5/393 
f 529/5/396 530/5/396 409/5/396 408/5/395 
f 530/5/396 525/5/391 401/5/391 409/5/396 
f 528/5/394 531/5/394 412/5/394 405/5/394 
f 526/5/392 532/5/397 414/5/397 402/5/392 
f 532/5/397 520/5/385 390/5/385 414/5/397 
f 524/5/390 533/5/398 416/5/398 398/5/390 
f 533/5/398 527/5/393 404/5/393 416/5/398 
f 534/5/399 535/5/400 419/5/400 418/5/399 
f 536/5/403 534/5/399 418/5/399 422/5/402 
f 535/5/400 537/5/404 424/5/404 419/5/400 
f 538/5/405 539/5/406 427/5/406 426/5/405 
f 540/5/407 541/5/408 431/5/408 430/5/407 
f 542/5/409 543/5/410 435/5/410 434/5/409 
f 544/5/411 545/5/395 439/5/395 438/5/411 
f 545/5/395 529/5/396 408/5/395 439/5/395 
f 531/5/394 542/5/409 434/5/409 412/5/394 
f 541/5/408 544/5/411 438/5/411 431/5/408 
f 537/5/404 540/5/407 430/5/407 424/5/404 
f 543/5/410 538/5/405 426/5/405 435/5/410 
f 539/5/406 536/5/403 422/5/402 427/5/406 
s 2
f 521/5/437 520/5/437 495/5/437 494/5/437 
f 520/5/437 532/5/437 496/5/437 495/5/437 
f 532/5/437 526/5/437 497/5/437 496/5/437 
f 497/5/437 526/5/437 525/5/437 498/5/437 
f 525/5/437 530/5/437 499/5/437 498/5/437 
f 530/5/437 529/5/437 500/5/437 499/5/437 
f 529/5/437 545/5/437 501/5/437 500/5/437 
f 545/5/437 544/5/437 502/5/437 501/5/437 
f 544/5/437 541/5/437 503/5/437 502/5/437 
f 541/5/437 540/5/437 504/5/437 503/5/437 
f 504/5/437 540/5/437 537/5/437 505/5/437 
f 537/5/437 535/5/437 506/5/437 505/5/437 
f 535/5/437 534/5/437 507/5/437 506/5/437 
f 534/5/437 536/5/437 508/5/437 507/5/437 
f 536/5/437 539/5/437 509/5/437 508/5/437 
f 539/5/437 538/5/437 510/5/437 509/5/437 
f 510/5/437 538/5/437 543/5/437 511/5/437 
f 543/5/437 542/5/437 512/5/437 511/5/437 
f 542/5/437 531/5/437 513/5/437 512/5/437 
f 531/5/437 528/5/437 514/5/437 513/5/437 
f 528/5/437 527/5/437 515/5/437 514/5/437 
f 527/5/437 533/5/437 516/5/437 515/5/437 
f 533/5/437 524/5/437 517/5/437 516/5/437 
f 517/5/437 524/5/437 523/5/437 518/5/437 
f 523/5/437 522/5/437 519/5/437 518/5/437 
f 522/5/437 521/5/437 494/5/437 519/5/437 
f 546/5/439 547/5/440 548/5/441 549/5/442 
f 548/5/441 550/5/443 551/5/444 552/5/445 
f 551/5/444 553/5/446 552/5/445 
f 554/5/447 555/5/448 556/5/449 552/5/445 
f 548/5/441 552/5/445 556/5/449 557/5/450 
f 556/5/449 558/5/451 559/5/452 560/5/453 
f 561/5/454 562/5/455 563/5/456 560/5/453 
f 556/5/449 560/5/453 563/5/456 557/5/450 
f 563/5/456 564/5/457 565/5/458 566/5/459 
f 565/5/458 567/5/460 566/5/459 
f 568/5/461 569/5/462 557/5/450 566/5/459 
f 563/5/456 566/5/459 557/5/450 
f 549/5/442 548/5/441 557/5/450 570/5/463 
f 570/5/463 557/5/450 571/5/464 
f 570/5/463 571/5/464 572/5/465 573/5/466 
f 549/5/442 570/5/463 573/5/466 574/5/467 
f 546/5/439 549/5/442 574/5/467 575/5/468 
f 576/5/469 547/5/440 546/5/439 575/5/468 
f 548/5/441 547/5/440 576/5/469 577/5/470 
f 550/5/443 548/5/441 577/5/470 578/5/471 
f 551/5/444 550/5/443 578/5/471 579/5/472 
f 553/5/446 551/5/444 579/5/472 580/5/473 
f 552/5/445 553/5/446 580/5/473 581/5/474 
f 554/5/447 552/5/445 581/5/474 582/5/475 
f 555/5/448 554/5/447 582/5/475 583/5/476 
f 584/5/477 556/5/449 555/5/448 583/5/476 
f 558/5/451 556/5/449 584/5/477 585/5/478 
f 559/5/452 558/5/451 585/5/478 586/5/479 
f 587/5/480 560/5/453 559/5/452 586/5/479 
f 561/5/454 560/5/453 587/5/480 588/5/481 
f 589/5/482 562/5/455 561/5/454 588/5/481 
f 590/5/483 563/5/456 562/5/455 589/5/482 
f 564/5/457 563/5/456 590/5/483 591/5/484 
f 565/5/458 564/5/457 591/5/484 592/5/485 
f 567/5/460 565/5/458 592/5/485 593/5/486 
f 566/5/459 567/5/460 593/5/486 594/5/487 
f 595/5/488 568/5/461 566/5/459 594/5/487 
f 569/5/462 568/5/461 595/5/488 596/5/489 
f 597/5/490 557/5/450 569/5/462 596/5/489 
f 571/5/464 557/5/450 597/5/490 572/5/465 
s 1
f 598/5/491 599/5/492 28/5/28 27/5/27 
f 599/5/492 600/5/493 55/5/55 28/5/28 
f 601/5/494 598/5/491 27/5/27 56/5/56 
f 602/5/495 603/5/496 60/5/60 59/5/59 
f 604/5/497 605/5/498 114/5/114 113/5/113 
f 606/5/499 607/5/500 121/5/121 120/5/120 
f 608/5/501 609/5/502 175/5/175 174/5/174 
f 609/5/502 610/5/503 194/5/193 175/5/175 
f 611/5/504 606/5/499 120/5/120 198/5/197 
f 605/5/498 608/5/501 174/5/174 114/5/114 
f 600/5/493 604/5/497 113/5/113 55/5/55 
f 607/5/500 602/5/495 59/5/59 121/5/121 
f 603/5/496 601/5/494 56/5/56 60/5/60 
f 237/5/235 612/5/505 613/5/506 238/5/236 
f 265/5/263 614/5/507 612/5/505 237/5/235 
f 238/5/236 613/5/506 615/5/508 266/5/264 
f 268/5/266 616/5/509 617/5/510 269/5/267 
f 323/5/321 618/5/511 619/5/512 324/5/322 
f 331/5/329 620/5/513 621/5/514 328/5/326 
f 622/5/515 623/5/516 385/5/381 384/5/380 
f 610/5/503 622/5/515 384/5/380 194/5/193 
f 328/5/326 621/5/514 611/5/504 198/5/197 
f 385/5/381 623/5/516 618/5/511 323/5/321 
f 324/5/322 619/5/512 614/5/507 265/5/263 
f 269/5/267 617/5/510 620/5/513 331/5/329 
f 266/5/264 615/5/508 616/5/509 268/5/266 
s 2
f 598/5/465 601/5/517 573/5/466 572/5/465 
f 601/5/517 603/5/518 574/5/467 573/5/466 
f 603/5/518 602/5/519 575/5/468 574/5/467 
f 575/5/468 602/5/519 607/5/520 576/5/469 
f 607/5/520 606/5/470 577/5/470 576/5/469 
f 606/5/470 611/5/471 578/5/471 577/5/470 
f 611/5/471 621/5/472 579/5/472 578/5/471 
f 621/5/472 620/5/521 580/5/473 579/5/472 
f 620/5/521 617/5/522 581/5/474 580/5/473 
f 617/5/522 616/5/523 582/5/475 581/5/474 
f 616/5/523 615/5/524 583/5/476 582/5/475 
f 615/5/524 613/5/525 584/5/477 583/5/476 
f 613/5/525 612/5/478 585/5/478 584/5/477 
f 612/5/478 614/5/526 586/5/479 585/5/478 
f 586/5/479 614/5/526 619/5/527 587/5/480 
f 619/5/527 618/5/528 588/5/481 587/5/480 
f 588/5/481 618/5/528 623/5/529 589/5/482 
f 623/5/529 622/5/483 590/5/483 589/5/482 
f 622/5/483 610/5/530 591/5/484 590/5/483 
f 610/5/530 609/5/531 592/5/485 591/5/484 
f 609/5/531 608/5/532 593/5/486 592/5/485 
f 608/5/532 605/5/533 594/5/487 593/5/486 
f 594/5/487 605/5/533 604/5/534 595/5/488 
f 604/5/534 600/5/535 596/5/489 595/5/488 
f 600/5/535 599/5/490 597/5/490 596/5/489 
f 599/5/490 598/5/465 572/5/465 597/5/490 
s 1
f 624/14/536 625/15/537 626/16/538 627/17/539 
f 628/18/540 629/19/541 625/15/537 624/14/536 
f 628/18/540 630/20/542 631/21/543 629/19/541 
s 2
f 630/20/544 632/22/545 633/23/546 631/21/547 
f 634/24/548 635/25/549 633/26/546 632/27/545 
s 1
f 636/28/550 637/29/551 635/25/552 634/24/553 
f 638/30/554 639/31/555 637/29/551 636/28/550 
f 640/32/556 641/33/557 639/31/555 638/30/554 
f 642/34/558 643/35/559 641/33/557 640/32/556 
f 644/36/560 645/37/561 643/35/559 642/34/558 
f 644/36/560 646/38/562 647/39/563 645/37/561 
s 2
f 646/38/564 648/40/565 649/41/566 647/39/567 
f 650/42/568 651/43/569 649/41/566 648/40/565 
s 1
f 652/44/570 653/45/571 651/43/572 650/42/573 
f 654/46/574 655/47/575 653/45/571 652/44/570 
f 627/17/539 626/16/538 655/47/575 654/46/574 
s 4
f 627/17/576 656/17/577 657/14/578 624/14/579 
f 624/14/579 657/14/578 658/18/580 628/18/581 
f 628/18/581 658/18/580 659/20/582 630/20/583 
f 632/22/584 630/20/583 659/20/582 660/22/584 
f 632/27/584 660/27/584 661/24/585 634/24/586 
f 634/24/586 661/24/585 662/28/587 636/28/588 
f 636/28/588 662/28/587 663/30/589 638/30/590 
f 638/30/590 663/30/589 664/32/591 640/32/592 
f 640/32/592 664/32/591 665/34/593 642/34/594 
f 642/34/594 665/34/593 666/36/595 644/36/596 
f 644/36/596 666/36/595 667/38/597 646/38/598 
f 648/40/599 646/38/598 667/38/597 668/40/600 
f 648/40/599 668/40/600 669/42/601 650/42/602 
f 650/42/602 669/42/601 670/44/603 652/44/604 
f 652/44/604 670/44/603 671/46/605 654/46/606 
f 654/46/606 671/46/605 656/17/577 627/17/576 
s 1
f 672/17/607 673/14/608 674/14/608 675/17/607 
f 673/14/608 676/18/609 677/18/609 674/14/608 
f 676/18/609 678/20/610 679/20/611 677/18/609 
f 678/20/610 680/22/612 681/22/612 679/20/611 
f 681/27/612 680/27/612 682/24/613 683/24/614 
f 682/24/613 684/28/615 685/28/615 683/24/614 
f 684/28/615 686/30/616 687/30/616 685/28/615 
f 686/30/616 688/32/617 689/32/617 687/30/616 
f 688/32/617 690/34/618 691/34/618 689/32/617 
f 690/34/618 692/36/619 693/36/619 691/34/618 
f 692/36/619 694/38/620 695/38/621 693/36/619 
f 694/38/620 696/40/622 697/40/622 695/38/621 
f 697/40/622 696/40/622 698/42/623 699/42/624 
f 698/42/623 700/44/625 701/44/625 699/42/624 
f 700/44/625 702/46/626 703/46/626 701/44/625 
f 702/46/626 672/17/607 675/17/607 703/46/626 
f 704/17/627 705/17/628 706/14/629 707/14/630 
f 707/14/630 706/14/629 708/18/631 709/18/632 
f 709/18/632 708/18/631 710/20/633 711/20/634 
f 711/20/634 710/20/633 712/22/635 713/22/636 
f 713/27/636 712/27/635 714/24/637 715/24/638 
f 715/24/638 714/24/637 716/28/639 717/28/640 
f 717/28/640 716/28/639 718/30/641 719/30/642 
f 719/30/642 718/30/641 720/32/643 721/32/644 
f 721/32/644 720/32/643 722/34/645 723/34/646 
f 723/34/646 722/34/645 724/36/647 725/36/648 
f 725/36/648 724/36/647 726/38/649 727/38/650 
f 727/38/650 726/38/649 728/40/651 729/40/652 
f 729/40/652 728/40/651 730/42/653 731/42/654 
f 731/42/654 730/42/653 732/44/655 733/44/656 
f 733/44/656 732/44/655 734/46/657 735/46/658 
f 735/46/658 734/46/657 705/17/628 704/17/627 
s 2
f 736/17/659 737/17/660 738/14/661 739/14/662 
f 739/14/662 738/14/661 740/18/663 741/18/664 
f 742/20/665 741/18/664 740/18/663 743/20/666 
f 744/22/667 742/20/665 743/20/666 745/22/668 
f 744/27/667 745/27/668 746/24/669 747/24/670 
f 747/24/670 746/24/669 748/28/671 749/28/672 
f 749/28/672 748/28/671 750/30/673 751/30/674 
f 751/30/674 750/30/673 752/32/675 753/32/676 
f 753/32/676 752/32/675 754/34/677 755/34/678 
f 755/34/678 754/34/677 756/36/679 757/36/680 
f 757/36/680 756/36/679 758/38/681 759/38/682 
f 760/40/683 759/38/682 758/38/681 761/40/684 
f 760/40/683 761/40/684 762/42/685 763/42/686 
f 764/44/687 763/42/686 762/42/685 765/44/688 
f 764/44/687 765/44/688 766/46/689 767/46/690 
f 767/46/690 766/46/689 737/17/660 736/17/659 
s 4
f 768/48/691 769/49/692 770/49/692 771/48/691 
f 772/50/693 768/48/691 771/48/691 773/50/694 
f 774/51/695 772/50/693 773/50/694 775/51/696 
f 776/5/697 774/51/695 775/51/696 
f 777/52/698 778/52/699 776/53/697 
f 779/54/700 778/52/699 777/52/698 780/54/701 
f 781/55/702 779/54/700 780/54/701 782/55/702 
f 783/56/703 781/55/702 782/55/702 784/56/703 
f 785/57/704 783/56/703 784/56/703 786/57/704 
f 787/58/705 785/57/704 786/57/704 788/58/705 
f 789/59/706 787/58/705 788/58/705 790/59/707 
f 791/60/708 789/59/706 790/59/707 
f 792/61/709 793/61/710 791/60/708 
f 794/62/711 793/61/710 792/61/709 795/62/711 
f 796/63/712 794/62/711 795/62/711 797/63/712 
f 769/49/692 796/63/712 797/63/712 770/49/692 
f 798/17/577 799/14/578 657/14/578 656/17/577 
f 799/14/578 800/18/713 658/18/580 657/14/578 
f 800/18/713 801/20/714 659/20/582 658/18/580 
f 801/20/714 802/22/584 660/22/584 659/20/582 
f 660/27/584 802/27/584 803/24/715 661/24/585 
f 803/24/715 804/28/716 662/28/587 661/24/585 
f 804/28/716 805/30/717 663/30/589 662/28/587 
f 805/30/717 806/32/718 664/32/591 663/30/589 
f 806/32/718 807/34/719 665/34/593 664/32/591 
f 807/34/719 808/36/720 666/36/595 665/34/593 
f 808/36/720 809/38/721 667/38/597 666/36/595 
f 809/38/721 810/40/600 668/40/600 667/38/597 
f 668/40/600 810/40/600 811/42/722 669/42/601 
f 811/42/722 812/44/723 670/44/603 669/42/601 
f 812/44/723 813/46/605 671/46/605 670/44/603 
f 813/46/605 798/17/577 656/17/577 671/46/605 
s 1
f 736/17/724 739/14/725 706/14/629 705/17/628 
f 739/14/725 741/18/726 708/18/631 706/14/629 
f 741/18/726 742/20/727 710/20/633 708/18/631 
f 742/20/727 744/22/728 712/22/635 710/20/633 
f 744/27/728 747/24/729 714/24/637 712/27/635 
f 747/24/729 749/28/730 716/28/639 714/24/637 
f 749/28/730 751/30/731 718/30/641 716/28/639 
f 751/30/731 753/32/732 720/32/643 718/30/641 
f 753/32/732 755/34/733 722/34/645 720/32/643 
f 755/34/733 757/36/734 724/36/647 722/34/645 
f 757/36/734 759/38/735 726/38/649 724/36/647 
f 759/38/735 760/40/736 728/40/651 726/38/649 
f 760/40/736 763/42/737 730/42/653 728/40/651 
f 763/42/737 764/44/738 732/44/655 730/42/653 
f 764/44/738 767/46/739 734/46/657 732/44/655 
f 767/46/739 736/17/724 705/17/628 734/46/657 
f 704/17/627 707/14/630 673/14/608 672/17/607 
f 799/14/608 798/17/607 675/17/607 674/14/608 
f 707/14/630 709/18/632 676/18/609 673/14/608 
f 800/18/740 799/14/608 674/14/608 677/18/609 
f 709/18/632 711/20/634 678/20/610 676/18/609 
f 801/20/741 800/18/740 677/18/609 679/20/611 
f 711/20/634 713/22/636 680/22/612 678/20/610 
f 802/22/612 801/20/741 679/20/611 681/22/612 
f 680/27/612 713/27/636 715/24/638 682/24/613 
f 683/24/614 803/24/742 802/27/612 681/27/612 
f 715/24/638 717/28/640 684/28/615 682/24/613 
f 804/28/615 803/24/742 683/24/614 685/28/615 
f 717/28/640 719/30/642 686/30/616 684/28/615 
f 805/30/616 804/28/615 685/28/615 687/30/616 
f 719/30/642 721/32/644 688/32/617 686/30/616 
f 806/32/617 805/30/616 687/30/616 689/32/617 
f 721/32/644 723/34/646 690/34/618 688/32/617 
f 807/34/618 806/32/617 689/32/617 691/34/618 
f 723/34/646 725/36/648 692/36/619 690/34/618 
f 808/36/743 807/34/618 691/34/618 693/36/619 
f 725/36/648 727/38/650 694/38/620 692/36/619 
f 809/38/744 808/36/743 693/36/619 695/38/621 
f 727/38/650 729/40/652 696/40/622 694/38/620 
f 810/40/622 809/38/744 695/38/621 697/40/622 
f 696/40/622 729/40/652 731/42/654 698/42/623 
f 699/42/624 811/42/745 810/40/622 697/40/622 
f 731/42/654 733/44/656 700/44/625 698/42/623 
f 812/44/746 811/42/745 699/42/624 701/44/625 
f 733/44/656 735/46/658 702/46/626 700/44/625 
f 813/46/626 812/44/746 701/44/625 703/46/626 
f 735/46/658 704/17/627 672/17/607 702/46/626 
f 798/17/607 813/46/626 703/46/626 675/17/607 
f 814/48/747 815/49/748 816/64/749 817/65/750 
f 818/50/751 814/48/747 817/65/750 819/66/752 
f 820/51/753 818/50/751 819/66/752 821/67/754 
s 2
f 822/5/755 820/51/756 821/67/756 823/68/757 
f 824/69/758 825/52/759 822/53/755 823/70/757 
s 1
f 826/71/760 827/54/761 825/52/762 824/69/763 
f 828/55/764 827/54/761 826/71/760 829/72/765 
f 830/56/766 828/55/764 829/72/765 831/73/767 
f 832/57/768 830/56/766 831/73/767 833/74/769 
f 834/58/770 832/57/768 833/74/769 835/75/771 
f 836/59/772 834/58/770 835/75/771 837/76/773 
s 2
f 838/60/774 836/59/775 837/76/776 839/77/777 
f 840/78/568 841/61/568 838/60/774 839/77/777 
s 1
f 842/79/778 843/62/779 841/61/780 840/78/781 
f 844/63/782 843/62/779 842/79/778 845/80/783 
f 815/49/748 844/63/782 845/80/783 816/64/749 
s 4
f 815/49/692 814/48/691 771/48/691 770/49/692 
f 814/48/691 818/50/784 773/50/694 771/48/691 
f 818/50/784 820/51/785 775/51/696 773/50/694 
f 775/51/696 820/51/785 822/5/786 776/5/697 
f 822/53/786 825/52/787 777/52/698 776/53/697 
f 825/52/787 827/54/788 780/54/701 777/52/698 
f 827/54/788 828/55/702 782/55/702 780/54/701 
f 828/55/702 830/56/703 784/56/703 782/55/702 
f 830/56/703 832/57/704 786/57/704 784/56/703 
f 832/57/704 834/58/705 788/58/705 786/57/704 
f 834/58/705 836/59/789 790/59/707 788/58/705 
f 790/59/707 836/59/789 838/60/790 791/60/708 
f 838/60/790 841/61/791 792/61/709 791/60/708 
f 841/61/791 843/62/711 795/62/711 792/61/709 
f 843/62/711 844/63/712 797/63/712 795/62/711 
f 844/63/712 815/49/692 770/49/692 797/63/712 
s 1
f 817/65/750 816/64/749 626/16/538 625/15/537 
f 819/66/752 817/65/750 625/15/537 629/19/541 
f 821/67/754 819/66/752 629/19/541 631/21/543 
s 2
f 823/68/757 821/67/756 631/21/547 633/23/546 
f 635/25/549 824/69/758 823/70/757 633/26/546 
s 1
f 637/29/551 826/71/760 824/69/763 635/25/552 
f 829/72/765 826/71/760 637/29/551 639/31/555 
f 831/73/767 829/72/765 639/31/555 641/33/557 
f 833/74/769 831/73/767 641/33/557 643/35/559 
f 835/75/771 833/74/769 643/35/559 645/37/561 
f 837/76/773 835/75/771 645/37/561 647/39/563 
s 2
f 839/77/777 837/76/776 647/39/567 649/41/566 
f 651/43/569 840/78/568 839/77/777 649/41/566 
s 1
f 653/45/571 842/79/778 840/78/781 651/43/572 
f 845/80/783 842/79/778 653/45/571 655/47/575 
f 816/64/749 845/80/783 655/47/575 626/16/538 
f 768/48/792 846/48/793 847/49/794 769/49/794 
f 772/50/795 848/50/796 846/48/793 768/48/792 
f 774/51/797 849/51/798 848/50/796 772/50/795 
f 776/5/799 850/5/800 849/51/798 774/51/797 
f 778/52/801 851/52/802 850/53/800 776/53/799 
f 778/52/801 779/54/803 852/54/804 851/52/802 
f 781/55/805 853/55/806 852/54/804 779/54/803 
f 783/56/807 854/56/807 853/55/806 781/55/805 
f 785/57/808 855/57/808 854/56/807 783/56/807 
f 787/58/809 856/58/810 855/57/808 785/57/808 
f 789/59/811 857/59/812 856/58/810 787/58/809 
f 791/60/813 858/60/814 857/59/812 789/59/811 
f 793/61/815 859/61/816 858/60/814 791/60/813 
f 794/62/817 860/62/818 859/61/816 793/61/815 
f 796/63/819 861/63/819 860/62/818 794/62/817 
f 769/49/794 847/49/794 861/63/819 796/63/819 
s 8
f 862/81/820 863/82/821 864/83/821 865/84/820 
f 866/85/822 862/81/820 865/84/820 867/86/822 
f 868/87/823 866/85/822 867/86/822 869/88/823 
f 870/89/684 868/87/823 869/88/823 871/90/684 
f 872/91/824 870/92/684 871/93/684 873/94/824 
f 874/95/825 872/91/824 873/94/824 875/96/825 
f 876/97/826 874/95/825 875/96/825 877/98/826 
f 878/99/386 876/97/826 877/98/826 879/100/386 
f 880/101/827 878/99/386 879/100/386 881/102/827 
f 882/103/828 880/101/827 881/102/827 883/104/828 
f 884/105/829 882/103/828 883/104/828 885/106/829 
f 886/107/830 884/105/829 885/106/829 887/108/831 
f 888/109/832 886/107/830 887/108/831 889/110/832 
f 890/111/833 888/109/832 889/110/832 891/112/833 
f 892/113/834 890/111/833 891/112/833 893/114/834 
f 863/82/821 892/113/834 893/114/834 864/83/821 
f 894/48/820 895/49/821 896/115/821 897/116/820 
f 898/50/822 894/48/820 897/116/820 899/117/822 
f 900/51/823 898/50/822 899/117/822 901/118/823 
f 902/5/684 900/51/823 901/118/823 903/119/684 
f 904/52/824 902/53/684 903/120/684 905/121/824 
f 906/54/825 904/52/824 905/121/824 907/122/825 
f 908/55/826 906/54/825 907/122/825 909/123/826 
f 910/56/386 908/55/826 909/123/826 911/124/835 
f 912/57/827 910/56/386 911/124/835 913/125/827 
f 914/58/828 912/57/827 913/125/827 915/126/828 
f 916/59/829 914/58/828 915/126/828 917/127/829 
f 918/60/831 916/59/829 917/127/829 919/128/831 
f 920/61/832 918/60/831 919/128/831 921/129/832 
f 922/62/833 920/61/832 921/129/832 923/130/833 
f 924/63/834 922/62/833 923/130/833 925/131/834 
f 895/49/821 924/63/834 925/131/834 896/115/821 
s off
f 926/132/836 927/133/836 928/134/836 
f 929/135/836 927/133/836 926/132/836 
f 930/136/836 927/133/836 929/135/836 
f 931/137/836 927/133/836 930/136/836 
f 932/138/836 927/133/836 931/137/836 
f 933/139/837 927/133/837 932/138/837 
f 934/140/836 927/133/836 933/139/836 
f 935/141/836 927/133/836 934/140/836 
f 936/142/836 927/133/836 935/141/836 
f 937/143/836 927/133/836 936/142/836 
f 938/144/836 927/133/836 937/143/836 
f 939/145/836 927/133/836 938/144/836 
f 940/146/836 927/133/836 939/145/836 
f 941/147/836 927/133/836 940/148/836 
f 942/149/836 927/133/836 941/147/836 
f 928/134/837 927/133/837 942/149/837 
f 943/150/838 944/151/838 863/82/838 862/81/838 
f 945/17/838 946/14/838 865/84/838 864/83/838 
f 947/152/839 943/150/839 862/81/839 866/85/839 
f 946/14/839 948/18/839 867/86/839 865/84/839 
f 949/153/840 947/152/840 866/85/840 868/87/840 
f 948/18/840 950/20/840 869/88/840 867/86/840 
f 951/154/841 949/153/841 868/87/841 870/89/841 
f 950/20/841 952/22/841 871/90/841 869/88/841 
f 953/155/842 951/156/842 870/92/842 872/91/842 
f 952/27/842 954/24/842 873/94/842 871/93/842 
f 955/157/843 953/155/843 872/91/843 874/95/843 
f 954/24/843 956/28/843 875/96/843 873/94/843 
f 957/158/844 955/157/844 874/95/844 876/97/844 
f 956/28/844 958/30/844 877/98/844 875/96/844 
f 959/159/845 957/158/845 876/97/845 878/99/845 
f 958/30/845 960/32/845 879/100/845 877/98/845 
f 961/160/846 959/159/846 878/99/846 880/101/846 
f 960/32/846 962/34/846 881/102/846 879/100/846 
f 963/161/847 961/160/847 880/101/847 882/103/847 
f 962/34/847 964/36/847 883/104/847 881/102/847 
f 965/162/848 963/161/848 882/103/848 884/105/848 
f 964/36/848 966/38/848 885/106/848 883/104/848 
f 967/163/849 965/162/849 884/105/849 886/107/849 
f 966/38/849 968/40/849 887/108/849 885/106/849 
f 969/164/850 967/163/850 886/107/850 888/109/850 
f 968/40/850 970/42/850 889/110/850 887/108/850 
f 971/165/851 969/164/851 888/109/851 890/111/851 
f 970/42/851 972/44/851 891/112/851 889/110/851 
f 973/166/852 971/165/852 890/111/852 892/113/852 
f 972/44/852 974/46/852 893/114/852 891/112/852 
f 944/151/853 973/166/853 892/113/853 863/82/853 
f 974/46/853 945/17/853 864/83/853 893/114/853 
f 975/151/838 976/150/838 897/116/838 896/115/838 
f 976/150/839 977/152/839 899/117/839 897/116/839 
f 977/152/840 978/153/840 901/118/840 899/117/840 
f 978/153/841 979/154/841 903/119/841 901/118/841 
f 979/156/842 980/155/842 905/121/842 903/120/842 
f 980/155/843 981/157/843 907/122/843 905/121/843 
f 981/157/844 982/158/844 909/123/844 907/122/844 
f 982/158/854 983/159/854 911/124/854 909/123/854 
f 983/159/855 984/160/855 913/125/855 911/124/855 
f 984/160/847 985/161/847 915/126/847 913/125/847 
f 985/161/848 986/162/848 917/127/848 915/126/848 
f 986/162/849 987/163/849 919/128/849 917/127/849 
f 987/163/850 988/164/850 921/129/850 919/128/850 
f 988/164/851 989/165/851 923/130/851 921/129/851 
f 989/165/852 990/166/852 925/131/852 923/130/852 
f 990/166/853 975/151/853 896/115/853 925/131/853 
f 976/150/837 975/151/837 991/151/837 992/150/837 
f 944/151/836 943/150/836 992/150/836 991/151/836 
f 977/152/837 976/150/837 992/150/837 993/152/837 
f 943/150/836 947/152/836 993/152/836 992/150/836 
f 978/153/836 977/152/836 993/152/836 994/153/836 
f 947/152/836 949/153/836 994/153/836 993/152/836 
f 979/154/836 978/153/836 994/153/836 995/154/836 
f 949/153/836 951/154/836 995/154/836 994/153/836 
f 980/155/837 979/156/837 995/156/837 996/155/837 
f 951/156/837 953/155/837 996/155/837 995/156/837 
f 981/157/837 980/155/837 996/155/837 997/157/837 
f 953/155/837 955/157/837 997/157/837 996/155/837 
f 982/158/836 981/157/836 997/157/836 998/158/836 
f 955/157/837 957/158/837 998/158/837 997/157/837 
f 983/159/836 982/158/836 998/158/836 999/159/836 
f 957/158/837 959/159/837 999/159/837 998/158/837 
f 984/160/836 983/159/836 999/159/836 1000/160/836 
f 959/159/836 961/160/836 1000/160/836 999/159/836 
f 985/161/837 984/160/837 1000/160/837 1001/161/837 
f 961/160/836 963/161/836 1001/161/836 1000/160/836 
f 986/162/837 985/161/837 1001/161/837 1002/162/837 
f 963/161/836 965/162/836 1002/162/836 1001/161/836 
f 987/163/837 986/162/837 1002/162/837 1003/163/837 
f 965/162/836 967/163/836 1003/163/836 1002/162/836 
f 988/164/836 987/163/836 1003/163/836 1004/164/836 
f 967/163/837 969/164/837 1004/164/837 1003/163/837 
f 989/165/837 988/164/837 1004/164/837 1005/165/837 
f 969/164/836 971/165/836 1005/165/836 1004/164/836 
f 990/166/837 989/165/837 1005/165/837 1006/166/837 
f 971/165/836 973/166/836 1006/166/836 1005/165/836 
f 975/151/837 990/166/837 1006/166/837 991/151/837 
f 973/166/836 944/151/836 991/151/836 1006/166/836 
f 946/14/836 945/17/836 926/132/836 928/134/836 
f 945/17/837 974/46/837 929/135/837 926/132/837 
f 974/46/837 972/44/837 930/136/837 929/135/837 
f 972/44/837 970/42/837 931/137/837 930/136/837 
f 970/42/837 968/40/837 932/138/837 931/137/837 
f 968/40/837 966/38/837 933/139/837 932/138/837 
f 966/38/836 964/36/836 934/140/836 933/139/836 
f 964/36/837 962/34/837 935/141/837 934/140/837 
f 962/34/837 960/32/837 936/142/837 935/141/837 
f 960/32/836 958/30/836 937/143/836 936/142/836 
f 958/30/836 956/28/836 938/144/836 937/143/836 
f 956/28/837 954/24/837 939/145/837 938/144/837 
f 954/24/837 952/27/837 940/146/837 939/145/837 
f 952/22/836 950/20/836 941/147/836 940/148/836 
f 950/20/837 948/18/837 942/149/837 941/147/837 
f 948/18/837 946/14/837 928/134/837 942/149/837 
s 1
f 1007/167/856 1008/168/857 1009/169/858 1010/170/859 
f 1011/9/860 1012/6/861 1013/171/862 1014/172/863 
f 1014/172/863 1013/171/862 1008/168/857 1007/167/856 
f 1015/7/864 1016/8/865 1010/170/859 1009/169/858 
f 1017/7/866 1018/8/867 1019/8/868 1020/7/869 
f 1021/7/870 1022/7/871 1023/8/872 1024/8/873 
f 1025/7/874 1026/8/875 1027/8/876 1028/7/877 
f 1029/7/878 1030/7/879 1031/8/880 1032/8/881 
f 1033/169/882 1034/168/883 1035/167/884 1036/170/885 
f 1037/171/886 1038/6/887 1039/9/888 1040/172/889 
f 1034/168/883 1037/171/886 1040/172/889 1035/167/884 
f 1036/170/885 1041/8/890 1042/7/891 1033/169/882 
f 1043/8/892 1044/7/893 1045/7/894 1046/8/895 
f 1047/8/896 1048/7/897 1049/7/898 1050/8/899 
f 1051/8/900 1052/7/901 1053/7/902 1054/8/903 
f 1055/9/904 1056/172/905 1057/172/906 1058/9/907 
f 1056/172/905 1059/167/908 1060/167/909 1057/172/906 
f 1059/167/908 1061/170/910 1062/170/911 1060/167/909 
f 1061/170/910 1063/8/912 1064/8/913 1062/170/911 
f 1065/4/914 1066/4/915 1067/3/916 1068/3/917 
f 1069/7/918 1070/7/919 1071/7/920 1072/7/921 
f 1027/3/876 1026/4/875 1073/173/922 1074/174/923 
f 1021/7/870 1024/8/873 1018/8/867 1017/7/866 
f 1016/8/865 1015/7/864 1020/7/869 1019/8/868 
f 1050/8/899 1049/7/898 1044/7/893 1043/8/892 
f 1042/7/891 1041/8/890 1046/8/895 1045/7/894 
f 1064/8/913 1063/8/912 1066/4/915 1065/4/914 
f 1072/7/921 1068/3/917 1067/3/916 1069/7/918 
f 1011/9/860 1014/172/863 1056/172/905 1055/9/904 
f 1040/172/889 1039/9/888 1058/9/907 1057/172/906 
f 1014/172/863 1007/167/856 1059/167/908 1056/172/905 
f 1035/167/884 1040/172/889 1057/172/906 1060/167/909 
f 1007/167/856 1010/170/859 1061/170/910 1059/167/908 
f 1036/170/885 1035/167/884 1060/167/909 1062/170/911 
f 1061/170/910 1010/170/859 1016/8/865 1063/8/912 
f 1041/8/890 1036/170/885 1062/170/911 1064/8/913 
f 1066/4/915 1019/4/868 1018/3/867 1067/3/916 
f 1043/3/892 1046/4/895 1065/4/914 1068/3/917 
f 1024/7/873 1023/7/872 1070/7/919 1069/7/918 
f 1047/7/896 1050/7/899 1072/7/921 1071/7/920 
f 1063/8/912 1016/8/865 1019/4/868 1066/4/915 
f 1065/4/914 1046/4/895 1041/8/890 1064/8/913 
f 1050/7/899 1043/3/892 1068/3/917 1072/7/921 
f 1067/3/916 1018/3/867 1024/7/873 1069/7/918 
f 1075/175/924 1073/173/922 1051/8/900 1054/8/903 
f 1075/175/924 1074/174/923 1073/173/922 
f 1029/7/878 1032/8/881 1026/8/875 1025/7/874 
f 1023/8/872 1022/7/871 1028/7/877 1027/8/876 
f 1032/8/881 1031/7/880 1052/7/901 1051/8/900 
f 1048/7/897 1047/8/896 1054/8/903 1053/7/902 
f 1023/7/872 1027/3/876 1074/174/923 1070/3/919 
f 1026/4/875 1032/8/881 1051/8/900 1073/173/922 
f 1075/175/924 1054/8/903 1047/8/896 1071/4/920 
f 1070/3/919 1074/174/923 1075/175/924 1071/4/920 
f 1009/169/858 1008/168/857 1076/167/925 1077/170/926 
f 1013/171/862 1012/6/861 1078/9/927 1079/172/928 
f 1008/168/857 1013/171/862 1079/172/928 1076/167/925 
f 1077/170/926 1080/8/929 1015/7/864 1009/169/858 
f 1081/8/930 1082/8/931 1017/7/866 1020/7/869 
f 1083/8/932 1022/7/871 1021/7/870 1084/8/933 
f 1085/8/934 1086/8/935 1025/7/874 1028/7/877 
f 1087/8/936 1030/7/879 1029/7/878 1088/8/937 
f 1089/167/938 1090/168/939 1091/169/940 1092/170/941 
f 1093/9/942 1094/6/943 1095/171/944 1096/172/945 
f 1096/172/945 1095/171/944 1090/168/939 1089/167/938 
f 1097/7/946 1098/8/947 1092/170/941 1091/169/940 
f 1099/7/948 1100/7/949 1101/8/950 1102/8/951 
f 1103/7/952 1104/7/953 1105/8/954 1106/8/955 
f 1107/7/956 1108/7/957 1109/8/958 1110/8/959 
f 1111/172/960 1112/172/961 1113/9/962 1114/9/963 
f 1115/167/964 1116/167/965 1112/172/961 1111/172/960 
f 1117/170/966 1118/170/967 1116/167/965 1115/167/964 
f 1119/8/968 1120/8/969 1118/170/967 1117/170/966 
f 1121/4/970 1122/3/971 1123/3/972 1124/4/973 
f 1125/7/974 1126/7/975 1127/7/976 1128/7/977 
f 1085/3/934 1129/174/978 1130/173/979 1086/4/935 
f 1082/8/931 1084/8/933 1021/7/870 1017/7/866 
f 1020/7/869 1015/7/864 1080/8/929 1081/8/930 
f 1100/7/949 1103/7/952 1106/8/955 1101/8/950 
f 1102/8/951 1098/8/947 1097/7/946 1099/7/948 
f 1119/8/968 1121/4/970 1124/4/973 1120/8/969 
f 1123/3/972 1122/3/971 1128/7/977 1127/7/976 
f 1112/172/961 1079/172/928 1078/9/927 1113/9/962 
f 1114/9/963 1093/9/942 1096/172/945 1111/172/960 
f 1116/167/965 1076/167/925 1079/172/928 1112/172/961 
f 1111/172/960 1096/172/945 1089/167/938 1115/167/964 
f 1118/170/967 1077/170/926 1076/167/925 1116/167/965 
f 1115/167/964 1089/167/938 1092/170/941 1117/170/966 
f 1118/170/967 1120/8/969 1080/8/929 1077/170/926 
f 1117/170/966 1092/170/941 1098/8/947 1119/8/968 
f 1124/4/973 1123/3/972 1082/3/931 1081/4/930 
f 1121/4/970 1102/4/951 1101/3/950 1122/3/971 
f 1126/7/975 1083/7/932 1084/7/933 1127/7/976 
f 1128/7/977 1106/7/955 1105/7/954 1125/7/974 
f 1120/8/969 1124/4/973 1081/4/930 1080/8/929 
f 1121/4/970 1119/8/968 1098/8/947 1102/4/951 
f 1122/3/971 1101/3/950 1106/7/955 1128/7/977 
f 1123/3/972 1127/7/976 1084/7/933 1082/3/931 
f 1131/175/980 1110/8/959 1109/8/958 1130/173/979 
f 1131/175/980 1130/173/979 1129/174/978 
f 1086/8/935 1088/8/937 1029/7/878 1025/7/874 
f 1028/7/877 1022/7/871 1083/8/932 1085/8/934 
f 1108/7/957 1087/7/936 1088/8/937 1109/8/958 
f 1110/8/959 1105/8/954 1104/7/953 1107/7/956 
f 1083/7/932 1126/3/975 1129/174/978 1085/3/934 
f 1109/8/958 1088/8/937 1086/4/935 1130/173/979 
f 1125/4/974 1105/8/954 1110/8/959 1131/175/980 
f 1126/3/975 1125/4/974 1131/175/980 1129/174/978 
f 1132/169/981 1133/168/982 1134/167/983 1135/170/984 
f 1136/171/985 1137/6/986 1138/9/987 1139/172/988 
f 1133/168/982 1136/171/985 1139/172/988 1134/167/983 
f 1135/170/984 1140/8/989 1141/7/990 1132/169/981 
f 1142/8/991 1143/8/992 1144/7/993 1145/7/994 
f 1146/8/995 1147/7/996 1148/7/997 1149/8/998 
f 1150/8/999 1151/8/1000 1152/7/1001 1153/7/1002 
f 1031/8/880 1030/7/879 1154/7/1003 1155/8/1004 
f 1156/167/1005 1034/168/883 1033/169/882 1157/170/1006 
f 1158/9/1007 1038/6/887 1037/171/886 1159/172/1008 
f 1159/172/1008 1037/171/886 1034/168/883 1156/167/1005 
f 1042/7/891 1160/8/1009 1157/170/1006 1033/169/882 
f 1045/7/894 1044/7/893 1161/8/1010 1162/8/1011 
f 1049/7/898 1048/7/897 1163/8/1012 1164/8/1013 
f 1053/7/902 1052/7/901 1165/8/1014 1166/8/1015 
f 1167/172/1016 1168/172/1017 1169/9/1018 1170/9/1019 
f 1171/167/1020 1172/167/1021 1168/172/1017 1167/172/1016 
f 1173/170/1022 1174/170/1023 1172/167/1021 1171/167/1020 
f 1175/8/1024 1176/8/1025 1174/170/1023 1173/170/1022 
f 1177/4/1026 1178/3/1027 1179/3/1028 1180/4/1029 
f 1181/7/1030 1182/7/1031 1183/7/1032 1184/7/1033 
f 1150/3/999 1185/174/1034 1186/173/1035 1151/4/1000 
f 1143/8/992 1149/8/998 1148/7/997 1144/7/993 
f 1145/7/994 1141/7/990 1140/8/989 1142/8/991 
f 1044/7/893 1049/7/898 1164/8/1013 1161/8/1010 
f 1162/8/1011 1160/8/1009 1042/7/891 1045/7/894 
f 1175/8/1024 1177/4/1026 1180/4/1029 1176/8/1025 
f 1179/3/1028 1178/3/1027 1184/7/1033 1183/7/1032 
f 1168/172/1017 1139/172/988 1138/9/987 1169/9/1018 
f 1170/9/1019 1158/9/1007 1159/172/1008 1167/172/1016 
f 1172/167/1021 1134/167/983 1139/172/988 1168/172/1017 
f 1167/172/1016 1159/172/1008 1156/167/1005 1171/167/1020 
f 1174/170/1023 1135/170/984 1134/167/983 1172/167/1021 
f 1171/167/1020 1156/167/1005 1157/170/1006 1173/170/1022 
f 1174/170/1023 1176/8/1025 1140/8/989 1135/170/984 
f 1173/170/1022 1157/170/1006 1160/8/1009 1175/8/1024 
f 1180/4/1029 1179/3/1028 1143/3/992 1142/4/991 
f 1177/4/1026 1162/4/1011 1161/3/1010 1178/3/1027 
f 1182/7/1031 1146/7/995 1149/7/998 1183/7/1032 
f 1184/7/1033 1164/7/1013 1163/7/1012 1181/7/1030 
f 1176/8/1025 1180/4/1029 1142/4/991 1140/8/989 
f 1177/4/1026 1175/8/1024 1160/8/1009 1162/4/1011 
f 1178/3/1027 1161/3/1010 1164/7/1013 1184/7/1033 
f 1179/3/1028 1183/7/1032 1149/7/998 1143/3/992 
f 1187/175/1036 1166/8/1015 1165/8/1014 1186/173/1035 
f 1187/175/1036 1186/173/1035 1185/174/1034 
f 1151/8/1000 1155/8/1004 1154/7/1003 1152/7/1001 
f 1153/7/1002 1147/7/996 1146/8/995 1150/8/999 
f 1052/7/901 1031/7/880 1155/8/1004 1165/8/1014 
f 1166/8/1015 1163/8/1012 1048/7/897 1053/7/902 
f 1146/7/995 1182/3/1031 1185/174/1034 1150/3/999 
f 1165/8/1014 1155/8/1004 1151/4/1000 1186/173/1035 
f 1181/4/1030 1163/8/1012 1166/8/1015 1187/175/1036 
f 1182/3/1031 1181/4/1030 1187/175/1036 1185/174/1034 
f 1188/167/1037 1133/168/982 1132/169/981 1189/170/1038 
f 1190/9/1039 1137/6/986 1136/171/985 1191/172/1040 
f 1191/172/1040 1136/171/985 1133/168/982 1188/167/1037 
f 1141/7/990 1192/8/1041 1189/170/1038 1132/169/981 
f 1144/7/993 1193/8/1042 1194/8/1043 1145/7/994 
f 1148/7/997 1147/7/996 1195/8/1044 1196/8/1045 
f 1152/7/1001 1197/8/1046 1198/8/1047 1153/7/1002 
f 1154/7/1003 1030/7/879 1087/8/936 1199/8/1048 
f 1091/169/940 1090/168/939 1200/167/1049 1201/170/1050 
f 1095/171/944 1094/6/943 1202/9/1051 1203/172/1052 
f 1090/168/939 1095/171/944 1203/172/1052 1200/167/1049 
f 1201/170/1050 1204/8/1053 1097/7/946 1091/169/940 
f 1205/8/1054 1100/7/949 1099/7/948 1206/8/1055 
f 1207/8/1056 1104/7/953 1103/7/952 1208/8/1057 
f 1209/8/1058 1108/7/957 1107/7/956 1210/8/1059 
f 1211/9/1060 1212/172/1061 1213/172/1062 1214/9/1063 
f 1212/172/1061 1215/167/1064 1216/167/1065 1213/172/1062 
f 1215/167/1064 1217/170/1066 1218/170/1067 1216/167/1065 
f 1217/170/1066 1219/8/1068 1220/8/1069 1218/170/1067 
f 1221/4/1070 1222/4/1071 1223/3/1072 1224/3/1073 
f 1225/7/1074 1226/7/1075 1227/7/1076 1228/7/1077 
f 1198/3/1047 1197/4/1046 1229/173/1078 1230/174/1079 
f 1148/7/997 1196/8/1045 1193/8/1042 1144/7/993 
f 1192/8/1041 1141/7/990 1145/7/994 1194/8/1043 
f 1208/8/1057 1103/7/952 1100/7/949 1205/8/1054 
f 1097/7/946 1204/8/1053 1206/8/1055 1099/7/948 
f 1220/8/1069 1219/8/1068 1222/4/1071 1221/4/1070 
f 1228/7/1077 1224/3/1073 1223/3/1072 1225/7/1074 
f 1190/9/1039 1191/172/1040 1212/172/1061 1211/9/1060 
f 1203/172/1052 1202/9/1051 1214/9/1063 1213/172/1062 
f 1191/172/1040 1188/167/1037 1215/167/1064 1212/172/1061 
f 1200/167/1049 1203/172/1052 1213/172/1062 1216/167/1065 
f 1188/167/1037 1189/170/1038 1217/170/1066 1215/167/1064 
f 1201/170/1050 1200/167/1049 1216/167/1065 1218/170/1067 
f 1217/170/1066 1189/170/1038 1192/8/1041 1219/8/1068 
f 1204/8/1053 1201/170/1050 1218/170/1067 1220/8/1069 
f 1222/4/1071 1194/4/1043 1193/3/1042 1223/3/1072 
f 1205/3/1054 1206/4/1055 1221/4/1070 1224/3/1073 
f 1196/7/1045 1195/7/1044 1226/7/1075 1225/7/1074 
f 1207/7/1056 1208/7/1057 1228/7/1077 1227/7/1076 
f 1219/8/1068 1192/8/1041 1194/4/1043 1222/4/1071 
f 1221/4/1070 1206/4/1055 1204/8/1053 1220/8/1069 
f 1208/7/1057 1205/3/1054 1224/3/1073 1228/7/1077 
f 1223/3/1072 1193/3/1042 1196/7/1045 1225/7/1074 
f 1231/175/1080 1229/173/1078 1209/8/1058 1210/8/1059 
f 1231/175/1080 1230/174/1079 1229/173/1078 
f 1154/7/1003 1199/8/1048 1197/8/1046 1152/7/1001 
f 1195/8/1044 1147/7/996 1153/7/1002 1198/8/1047 
f 1199/8/1048 1087/7/936 1108/7/957 1209/8/1058 
f 1104/7/953 1207/8/1056 1210/8/1059 1107/7/956 
f 1195/7/1044 1198/3/1047 1230/174/1079 1226/3/1075 
f 1197/4/1046 1199/8/1048 1209/8/1058 1229/173/1078 
f 1231/175/1080 1210/8/1059 1207/8/1056 1227/4/1076 
f 1226/3/1075 1230/174/1079 1231/175/1080 1227/4/1076 
f 1232/9/1081 1233/6/1082 1234/6/1083 1235/9/1084 
f 1236/6/1085 1237/9/1086 1238/9/1087 1239/6/1088 
f 1237/9/1086 1240/9/1089 1241/9/1090 1238/9/1087 
f 1240/9/1089 1242/9/1091 1243/9/1092 1241/9/1090 
f 1243/9/1092 1242/9/1091 1232/9/1081 1235/9/1084 
f 1233/6/1082 1244/9/1093 1245/9/1094 1234/6/1083 
f 1246/9/1095 1247/6/1096 1248/6/1097 1249/9/1098 
f 1250/9/1099 1251/9/1100 1252/9/1101 1253/9/1102 
f 1244/9/1093 1250/9/1099 1253/9/1102 1245/9/1094 
f 1252/9/1101 1251/9/1100 1246/9/1095 1249/9/1098 
f 1254/6/1103 1255/9/1104 1256/9/1105 1257/6/1106 
f 1258/9/1107 1236/6/1085 1239/6/1088 1259/9/1108 
f 1260/9/1109 1261/9/1110 1262/9/1111 1263/9/1112 
f 1255/9/1104 1260/9/1109 1263/9/1112 1256/9/1105 
f 1262/9/1111 1261/9/1110 1258/9/1107 1259/9/1108 
f 1264/9/1113 1254/6/1103 1257/6/1106 1265/9/1114 
f 1247/6/1096 1266/9/1115 1267/9/1116 1248/6/1097 
f 1268/9/1117 1269/9/1118 1270/9/1119 1271/9/1120 
f 1270/9/1119 1269/9/1118 1264/9/1113 1265/9/1114 
f 1266/9/1115 1268/9/1117 1271/9/1120 1267/9/1116 
f 1272/9/1121 1273/6/1122 1233/6/1082 1232/9/1081 
f 1012/6/861 1011/9/860 1235/9/1084 1234/6/1083 
f 1274/6/1123 1272/9/1121 1237/9/1086 1236/6/1085 
f 1039/9/888 1038/6/887 1239/6/1088 1238/9/1087 
f 1237/9/1086 1272/9/1121 1240/9/1089 
f 1058/9/907 1039/9/888 1238/9/1087 1241/9/1090 
f 1240/9/1089 1272/9/1121 1242/9/1091 
f 1055/9/904 1058/9/907 1241/9/1090 1243/9/1092 
f 1242/9/1091 1272/9/1121 1232/9/1081 
f 1235/9/1084 1011/9/860 1055/9/904 1243/9/1092 
f 1273/6/1122 1275/9/1124 1244/9/1093 1233/6/1082 
f 1078/9/927 1012/6/861 1234/6/1083 1245/9/1094 
f 1275/9/1124 1276/6/1125 1247/6/1096 1246/9/1095 
f 1094/6/943 1093/9/942 1249/9/1098 1248/6/1097 
f 1250/9/1099 1275/9/1124 1251/9/1100 
f 1114/9/963 1113/9/962 1253/9/1102 1252/9/1101 
f 1244/9/1093 1275/9/1124 1250/9/1099 
f 1113/9/962 1078/9/927 1245/9/1094 1253/9/1102 
f 1251/9/1100 1275/9/1124 1246/9/1095 
f 1249/9/1098 1093/9/942 1114/9/963 1252/9/1101 
f 1277/6/1126 1278/9/1127 1255/9/1104 1254/6/1103 
f 1138/9/987 1137/6/986 1257/6/1106 1256/9/1105 
f 1278/9/1127 1274/6/1123 1236/6/1085 1258/9/1107 
f 1038/6/887 1158/9/1007 1259/9/1108 1239/6/1088 
f 1260/9/1109 1278/9/1127 1261/9/1110 
f 1170/9/1019 1169/9/1018 1263/9/1112 1262/9/1111 
f 1255/9/1104 1278/9/1127 1260/9/1109 
f 1169/9/1018 1138/9/987 1256/9/1105 1263/9/1112 
f 1261/9/1110 1278/9/1127 1258/9/1107 
f 1259/9/1108 1158/9/1007 1170/9/1019 1262/9/1111 
f 1279/9/1128 1277/6/1126 1254/6/1103 1264/9/1113 
f 1137/6/986 1190/9/1039 1265/9/1114 1257/6/1106 
f 1276/6/1125 1279/9/1128 1266/9/1115 1247/6/1096 
f 1202/9/1051 1094/6/943 1248/6/1097 1267/9/1116 
f 1268/9/1117 1279/9/1128 1269/9/1118 
f 1211/9/1060 1214/9/1063 1271/9/1120 1270/9/1119 
f 1269/9/1118 1279/9/1128 1264/9/1113 
f 1265/9/1114 1190/9/1039 1211/9/1060 1270/9/1119 
f 1266/9/1115 1279/9/1128 1268/9/1117 
f 1214/9/1063 1202/9/1051 1267/9/1116 1271/9/1120 
f 1272/9/1121 1274/6/1123 1280/6/1129 1273/6/1122 
f 1278/9/1127 1277/6/1126 1280/6/1129 1274/6/1123 
f 1279/9/1128 1276/6/1125 1280/6/1129 1277/6/1126 
f 1276/6/1125 1275/9/1124 1273/6/1122 1280/6/1129 
s 8
f 1281/14/1130 1282/48/1130 1283/49/399 1284/17/399 
f 1285/18/1131 1286/50/1131 1282/48/1130 1281/14/1130 
f 1287/20/1132 1288/51/1132 1286/50/1131 1285/18/1131 
f 1289/22/395 1290/5/395 1288/51/1132 1287/20/1132 
f 1291/24/1133 1292/52/1134 1290/53/395 1289/27/395 
f 1293/28/1135 1294/54/1135 1292/52/1134 1291/24/1133 
f 1295/30/1136 1296/55/1136 1294/54/1135 1293/28/1135 
f 1297/32/386 1298/56/386 1296/55/1136 1295/30/1136 
f 1299/34/1137 1300/57/1137 1298/56/386 1297/32/386 
f 1301/36/1138 1302/58/1138 1300/57/1137 1299/34/1137 
f 1303/38/1139 1304/59/1139 1302/58/1138 1301/36/1138 
f 1305/40/1140 1306/60/1140 1304/59/1139 1303/38/1139 
f 1307/42/1141 1308/61/1141 1306/60/1140 1305/40/1140 
f 1309/44/1142 1310/62/1142 1308/61/1141 1307/42/1141 
f 1311/46/1143 1312/63/1143 1310/62/1142 1309/44/1142 
f 1284/17/399 1283/49/399 1312/63/1143 1311/46/1143 
s 1
f 1313/176/1144 1314/177/1145 1315/178/1146 1316/179/1147 
f 1317/180/1148 1318/181/1149 1319/182/1150 1320/183/1151 
f 1321/184/1152 1322/185/1153 1323/185/1154 1324/184/1155 
f 1325/171/1156 1321/184/1152 1324/184/1155 1326/171/1157 
f 1327/186/1158 1325/171/1156 1326/171/1157 1328/186/1159 
f 1329/168/1160 1330/187/1161 1331/187/1162 1332/168/1163 
f 1333/168/1164 1329/168/1160 1332/168/1163 1334/168/1165 
f 1335/188/1166 1336/189/1167 1337/190/1168 
f 1338/191/1169 1339/192/1170 1336/189/1167 1335/188/1166 
f 1340/193/1171 1341/194/1172 1337/190/1168 1342/195/1173 
f 1343/196/1174 1344/197/1175 1345/198/1176 1346/199/1177 
f 1347/200/1178 1348/201/1179 1349/202/1180 1350/203/1181 
f 1348/201/1179 1351/204/1182 1316/179/1147 1349/202/1180 
f 1351/204/1182 1352/205/1183 1313/176/1144 1316/179/1147 
f 1353/206/1184 1354/207/1185 1322/185/1153 1321/184/1152 
f 1355/208/1186 1353/206/1184 1321/184/1152 1325/171/1156 
f 1356/209/1187 1355/208/1186 1325/171/1156 1327/186/1158 
f 1357/210/1188 1358/211/1189 1330/187/1161 1329/168/1160 
f 1354/207/1185 1343/196/1174 1346/199/1177 1359/212/1190 
f 1353/206/1184 1355/208/1186 1348/201/1179 1347/200/1178 
f 1355/208/1186 1356/209/1187 1351/204/1182 1348/201/1179 
f 1356/209/1187 1358/211/1189 1352/205/1183 1351/204/1182 
f 1360/213/1191 1361/214/1192 1362/215/1193 1363/216/1194 
f 1361/214/1192 1360/213/1191 1364/217/1195 1365/218/1196 
f 1365/218/1196 1364/217/1195 1366/219/1197 1320/183/1151 
f 1320/183/1151 1366/219/1197 1367/220/1198 1317/180/1148 
f 1368/221/1199 1369/222/1200 1370/223/1201 1371/224/1202 
f 1369/225/1200 1372/226/1203 1333/168/1164 1370/168/1201 
f 1372/226/1203 1373/227/1204 1329/168/1160 1333/168/1164 
f 1340/193/1171 1374/228/1205 1375/229/1206 
f 1363/216/1194 1362/215/1193 1357/210/1188 1376/230/1207 
f 1340/193/1171 1377/231/1208 1378/232/1209 
f 1342/195/1173 1379/233/1210 1377/231/1208 1340/193/1171 
f 1380/234/1211 1381/235/1212 1379/233/1210 1342/195/1173 
f 1382/236/1213 1383/237/1214 1381/235/1212 1380/234/1211 
f 1384/238/1215 1385/239/1216 1386/240/1217 1387/241/1218 
f 1388/242/1219 1384/243/1215 1387/241/1218 1341/194/1172 
f 1375/229/1206 1388/242/1219 1341/194/1172 1340/193/1171 
f 1376/230/1207 1357/210/1188 1329/168/1160 1373/227/1204 
f 1378/232/1209 1374/228/1205 1340/193/1171 
f 1377/231/1208 1360/213/1191 1363/216/1194 1378/232/1209 
f 1360/213/1191 1377/231/1208 1379/233/1210 1364/217/1195 
f 1364/217/1195 1379/233/1210 1381/235/1212 1366/219/1197 
f 1366/219/1197 1381/235/1212 1383/237/1214 1367/220/1198 
f 1385/239/1216 1384/238/1215 1369/222/1200 1368/221/1199 
f 1384/243/1215 1388/242/1219 1372/226/1203 1369/225/1200 
f 1388/242/1219 1375/229/1206 1373/227/1204 1372/226/1203 
f 1373/227/1204 1375/229/1206 1374/228/1205 1376/230/1207 
f 1378/232/1209 1363/216/1194 1376/230/1207 1374/228/1205 
f 1336/189/1167 1380/234/1211 1342/195/1173 1337/190/1168 
f 1341/194/1172 1387/241/1218 1335/188/1166 1337/190/1168 
f 1339/192/1170 1382/236/1213 1380/234/1211 1336/189/1167 
f 1387/241/1218 1386/240/1217 1338/191/1169 1335/188/1166 
f 1370/168/1201 1333/168/1164 1334/168/1165 1389/168/1220 
f 1371/168/1202 1370/168/1201 1389/168/1220 1390/244/1221 
f 1391/178/1222 1392/177/1223 1393/176/1224 1394/179/1225 
f 1395/182/1226 1396/181/1227 1397/180/1228 1398/183/1229 
f 1399/184/1230 1324/184/1155 1323/185/1154 1400/185/1231 
f 1401/171/1232 1326/171/1157 1324/184/1155 1399/184/1230 
f 1402/186/1233 1328/186/1159 1326/171/1157 1401/171/1232 
f 1403/168/1234 1332/168/1163 1331/187/1162 1404/187/1235 
f 1405/168/1236 1334/168/1165 1332/168/1163 1403/168/1234 
f 1406/188/1237 1407/190/1238 1408/189/1239 
f 1409/191/1240 1406/188/1237 1408/189/1239 1410/192/1241 
f 1411/193/1242 1412/195/1243 1407/190/1238 1413/194/1244 
f 1414/198/1245 1415/197/1246 1416/196/1247 1417/199/1248 
f 1418/202/1249 1419/201/1250 1420/200/1251 1421/203/1252 
f 1394/179/1225 1422/204/1253 1419/201/1250 1418/202/1249 
f 1393/176/1224 1423/205/1254 1422/204/1253 1394/179/1225 
f 1400/185/1231 1424/207/1255 1425/206/1256 1399/184/1230 
f 1399/184/1230 1425/206/1256 1426/208/1257 1401/171/1232 
f 1401/171/1232 1426/208/1257 1427/209/1258 1402/186/1233 
f 1404/187/1235 1428/211/1259 1429/210/1260 1403/168/1234 
f 1416/196/1247 1424/207/1255 1430/212/1261 1417/199/1248 
f 1419/201/1250 1426/208/1257 1425/206/1256 1420/200/1251 
f 1422/204/1253 1427/209/1258 1426/208/1257 1419/201/1250 
f 1423/205/1254 1428/211/1259 1427/209/1258 1422/204/1253 
f 1431/213/1262 1432/216/1263 1433/215/1264 1434/214/1265 
f 1434/214/1265 1435/218/1266 1436/217/1267 1431/213/1262 
f 1435/218/1266 1398/183/1229 1437/219/1268 1436/217/1267 
f 1398/183/1229 1397/180/1228 1438/220/1269 1437/219/1268 
f 1439/223/1270 1440/222/1271 1441/221/1272 1442/224/1273 
f 1405/168/1236 1443/226/1274 1440/225/1271 1439/168/1270 
f 1403/168/1234 1444/227/1275 1443/226/1274 1405/168/1236 
f 1411/193/1242 1445/229/1276 1446/228/1277 
f 1432/216/1263 1447/230/1278 1429/210/1260 1433/215/1264 
f 1411/193/1242 1448/232/1279 1449/231/1280 
f 1412/195/1243 1411/193/1242 1449/231/1280 1450/233/1281 
f 1451/234/1282 1412/195/1243 1450/233/1281 1452/235/1283 
f 1453/236/1284 1451/234/1282 1452/235/1283 1454/237/1285 
f 1455/240/1286 1456/239/1287 1457/238/1288 1458/241/1289 
f 1458/241/1289 1457/243/1288 1459/242/1290 1413/194/1244 
f 1413/194/1244 1459/242/1290 1445/229/1276 1411/193/1242 
f 1447/230/1278 1444/227/1275 1403/168/1234 1429/210/1260 
f 1448/232/1279 1411/193/1242 1446/228/1277 
f 1449/231/1280 1448/232/1279 1432/216/1263 1431/213/1262 
f 1431/213/1262 1436/217/1267 1450/233/1281 1449/231/1280 
f 1436/217/1267 1437/219/1268 1452/235/1283 1450/233/1281 
f 1437/219/1268 1438/220/1269 1454/237/1285 1452/235/1283 
f 1440/222/1271 1457/238/1288 1456/239/1287 1441/221/1272 
f 1443/226/1274 1459/242/1290 1457/243/1288 1440/225/1271 
f 1444/227/1275 1445/229/1276 1459/242/1290 1443/226/1274 
f 1444/227/1275 1447/230/1278 1446/228/1277 1445/229/1276 
f 1448/232/1279 1446/228/1277 1447/230/1278 1432/216/1263 
f 1408/189/1239 1407/190/1238 1412/195/1243 1451/234/1282 
f 1406/188/1237 1458/241/1289 1413/194/1244 1407/190/1238 
f 1410/192/1241 1408/189/1239 1451/234/1282 1453/236/1284 
f 1409/191/1240 1455/240/1286 1458/241/1289 1406/188/1237 
f 1334/168/1165 1405/168/1236 1439/168/1270 1389/168/1220 
f 1389/168/1220 1439/168/1270 1442/168/1273 1390/244/1221 
f 1460/245/1291 1365/218/1196 1320/183/1151 1319/182/1150 
f 1461/246/1292 1349/202/1180 1316/179/1147 1315/178/1146 
f 1344/197/1175 1462/247/1293 1463/248/1294 1345/198/1176 
f 1464/249/1295 1350/203/1181 1349/202/1180 1461/246/1292 
f 1465/250/1296 1361/214/1192 1365/218/1196 1460/245/1291 
f 1398/183/1229 1435/218/1266 1466/245/1297 1395/182/1226 
f 1394/179/1225 1418/202/1249 1467/246/1298 1391/178/1222 
f 1421/203/1252 1415/197/1246 1468/247/1299 1469/249/1300 
f 1418/202/1249 1421/203/1252 1469/249/1300 1467/246/1298 
f 1435/218/1266 1434/214/1265 1470/250/1301 1466/245/1297 
f 1315/178/1146 1314/177/1145 1471/176/1302 1472/179/1303 
f 1319/182/1150 1318/181/1149 1473/180/1304 1474/183/1305 
f 1475/184/1306 1476/184/1307 1477/185/1308 1478/185/1309 
f 1479/171/1310 1480/171/1311 1476/184/1307 1475/184/1306 
f 1481/186/1312 1482/186/1313 1480/171/1311 1479/171/1310 
f 1483/168/1314 1484/168/1315 1485/187/1316 1486/187/1317 
f 1487/168/1318 1488/168/1319 1484/168/1315 1483/168/1314 
f 1489/188/1320 1490/190/1321 1491/189/1322 
f 1492/191/1323 1489/188/1320 1491/189/1322 1493/192/1324 
f 1494/193/1325 1495/195/1326 1490/190/1321 1496/194/1327 
f 1497/198/1328 1498/197/1329 1499/196/1330 1500/199/1331 
f 1501/202/1332 1502/201/1333 1503/200/1334 1504/203/1335 
f 1472/179/1303 1505/204/1336 1502/201/1333 1501/202/1332 
f 1471/176/1302 1506/205/1337 1505/204/1336 1472/179/1303 
f 1478/185/1309 1507/207/1338 1508/206/1339 1475/184/1306 
f 1475/184/1306 1508/206/1339 1509/208/1340 1479/171/1310 
f 1479/171/1310 1509/208/1340 1510/209/1341 1481/186/1312 
f 1486/187/1317 1511/211/1342 1512/210/1343 1483/168/1314 
f 1499/196/1330 1507/207/1338 1513/212/1344 1500/199/1331 
f 1502/201/1333 1509/208/1340 1508/206/1339 1503/200/1334 
f 1505/204/1336 1510/209/1341 1509/208/1340 1502/201/1333 
f 1506/205/1337 1511/211/1342 1510/209/1341 1505/204/1336 
f 1514/213/1345 1515/216/1346 1516/215/1347 1517/214/1348 
f 1517/214/1348 1518/218/1349 1519/217/1350 1514/213/1345 
f 1518/218/1349 1474/183/1305 1520/219/1351 1519/217/1350 
f 1474/183/1305 1473/180/1304 1521/220/1352 1520/219/1351 
f 1522/223/1353 1523/222/1354 1524/221/1355 1525/224/1356 
f 1487/168/1318 1526/226/1357 1523/225/1354 1522/168/1353 
f 1483/168/1314 1527/227/1358 1526/226/1357 1487/168/1318 
f 1494/193/1325 1528/229/1359 1529/228/1360 
f 1515/216/1346 1530/230/1361 1512/210/1343 1516/215/1347 
f 1494/193/1325 1531/232/1362 1532/231/1363 
f 1495/195/1326 1494/193/1325 1532/231/1363 1533/233/1364 
f 1534/234/1365 1495/195/1326 1533/233/1364 1535/235/1366 
f 1536/236/1367 1534/234/1365 1535/235/1366 1537/237/1368 
f 1538/240/1369 1539/239/1370 1540/238/1371 1541/241/1372 
f 1541/241/1372 1540/243/1371 1542/242/1373 1496/194/1327 
f 1496/194/1327 1542/242/1373 1528/229/1359 1494/193/1325 
f 1530/230/1361 1527/227/1358 1483/168/1314 1512/210/1343 
f 1531/232/1362 1494/193/1325 1529/228/1360 
f 1532/231/1363 1531/232/1362 1515/216/1346 1514/213/1345 
f 1514/213/1345 1519/217/1350 1533/233/1364 1532/231/1363 
f 1519/217/1350 1520/219/1351 1535/235/1366 1533/233/1364 
f 1520/219/1351 1521/220/1352 1537/237/1368 1535/235/1366 
f 1523/222/1354 1540/238/1371 1539/239/1370 1524/221/1355 
f 1526/226/1357 1542/242/1373 1540/243/1371 1523/225/1354 
f 1527/227/1358 1528/229/1359 1542/242/1373 1526/226/1357 
f 1527/227/1358 1530/230/1361 1529/228/1360 1528/229/1359 
f 1531/232/1362 1529/228/1360 1530/230/1361 1515/216/1346 
f 1491/189/1322 1490/190/1321 1495/195/1326 1534/234/1365 
f 1489/188/1320 1541/241/1372 1496/194/1327 1490/190/1321 
f 1493/192/1324 1491/189/1322 1534/234/1365 1536/236/1367 
f 1492/191/1323 1538/240/1369 1541/241/1372 1489/188/1320 
f 1488/168/1319 1487/168/1318 1522/168/1353 1543/168/1374 
f 1543/168/1374 1522/168/1353 1525/168/1356 1544/244/1375 
f 1545/176/1376 1392/177/1223 1391/178/1222 1546/179/1377 
f 1547/180/1378 1396/181/1227 1395/182/1226 1548/183/1379 
f 1549/184/1380 1550/185/1381 1477/185/1308 1476/184/1307 
f 1551/171/1382 1549/184/1380 1476/184/1307 1480/171/1311 
f 1552/186/1383 1551/171/1382 1480/171/1311 1482/186/1313 
f 1553/168/1384 1554/187/1385 1485/187/1316 1484/168/1315 
f 1555/168/1386 1553/168/1384 1484/168/1315 1488/168/1319 
f 1556/188/1387 1557/189/1388 1558/190/1389 
f 1559/191/1390 1560/192/1391 1557/189/1388 1556/188/1387 
f 1561/193/1392 1562/194/1393 1558/190/1389 1563/195/1394 
f 1564/196/1395 1565/197/1396 1566/198/1397 1567/199/1398 
f 1568/200/1399 1569/201/1400 1570/202/1401 1571/203/1402 
f 1569/201/1400 1572/204/1403 1546/179/1377 1570/202/1401 
f 1572/204/1403 1573/205/1404 1545/176/1376 1546/179/1377 
f 1574/206/1405 1575/207/1406 1550/185/1381 1549/184/1380 
f 1576/208/1407 1574/206/1405 1549/184/1380 1551/171/1382 
f 1577/209/1408 1576/208/1407 1551/171/1382 1552/186/1383 
f 1578/210/1409 1579/211/1410 1554/187/1385 1553/168/1384 
f 1575/207/1406 1564/196/1395 1567/199/1398 1580/212/1411 
f 1574/206/1405 1576/208/1407 1569/201/1400 1568/200/1399 
f 1576/208/1407 1577/209/1408 1572/204/1403 1569/201/1400 
f 1577/209/1408 1579/211/1410 1573/205/1404 1572/204/1403 
f 1581/213/1412 1582/214/1413 1583/215/1414 1584/216/1415 
f 1582/214/1413 1581/213/1412 1585/217/1416 1586/218/1417 
f 1586/218/1417 1585/217/1416 1587/219/1418 1548/183/1379 
f 1548/183/1379 1587/219/1418 1588/220/1419 1547/180/1378 
f 1589/221/1420 1590/222/1421 1591/223/1422 1592/224/1423 
f 1590/225/1421 1593/226/1424 1555/168/1386 1591/168/1422 
f 1593/226/1424 1594/227/1425 1553/168/1384 1555/168/1386 
f 1561/193/1392 1595/228/1426 1596/229/1427 
f 1584/216/1415 1583/215/1414 1578/210/1409 1597/230/1428 
f 1561/193/1392 1598/231/1429 1599/232/1430 
f 1563/195/1394 1600/233/1431 1598/231/1429 1561/193/1392 
f 1601/234/1432 1602/235/1433 1600/233/1431 1563/195/1394 
f 1603/236/1434 1604/237/1435 1602/235/1433 1601/234/1432 
f 1605/238/1436 1606/239/1437 1607/240/1438 1608/241/1439 
f 1609/242/1440 1605/243/1436 1608/241/1439 1562/194/1393 
f 1596/229/1427 1609/242/1440 1562/194/1393 1561/193/1392 
f 1597/230/1428 1578/210/1409 1553/168/1384 1594/227/1425 
f 1599/232/1430 1595/228/1426 1561/193/1392 
f 1598/231/1429 1581/213/1412 1584/216/1415 1599/232/1430 
f 1581/213/1412 1598/231/1429 1600/233/1431 1585/217/1416 
f 1585/217/1416 1600/233/1431 1602/235/1433 1587/219/1418 
f 1587/219/1418 1602/235/1433 1604/237/1435 1588/220/1419 
f 1606/239/1437 1605/238/1436 1590/222/1421 1589/221/1420 
f 1605/243/1436 1609/242/1440 1593/226/1424 1590/225/1421 
f 1609/242/1440 1596/229/1427 1594/227/1425 1593/226/1424 
f 1594/227/1425 1596/229/1427 1595/228/1426 1597/230/1428 
f 1599/232/1430 1584/216/1415 1597/230/1428 1595/228/1426 
f 1557/189/1388 1601/234/1432 1563/195/1394 1558/190/1389 
f 1562/194/1393 1608/241/1439 1556/188/1387 1558/190/1389 
f 1560/192/1391 1603/236/1434 1601/234/1432 1557/189/1388 
f 1608/241/1439 1607/240/1438 1559/191/1390 1556/188/1387 
f 1591/168/1422 1555/168/1386 1488/168/1319 1543/168/1374 
f 1592/168/1423 1591/168/1422 1543/168/1374 1544/244/1375 
f 1460/245/1291 1319/182/1150 1474/183/1305 1518/218/1349 
f 1461/246/1292 1315/178/1146 1472/179/1303 1501/202/1332 
f 1463/248/1294 1462/247/1293 1498/197/1329 1497/198/1328 
f 1464/249/1295 1461/246/1292 1501/202/1332 1504/203/1335 
f 1465/250/1296 1460/245/1291 1518/218/1349 1517/214/1348 
f 1466/245/1297 1586/218/1417 1548/183/1379 1395/182/1226 
f 1467/246/1298 1570/202/1401 1546/179/1377 1391/178/1222 
f 1468/247/1299 1565/197/1396 1571/203/1402 1469/249/1300 
f 1469/249/1300 1571/203/1402 1570/202/1401 1467/246/1298 
f 1470/250/1301 1582/214/1413 1586/218/1417 1466/245/1297 
f 1610/180/1441 1611/181/1442 1612/181/1443 1613/180/1444 
f 1614/240/1445 1615/191/1446 1616/191/1447 1617/240/1448 
f 1618/236/1449 1619/236/1450 1620/237/1451 1621/237/1452 
f 1622/224/1453 1623/221/1454 1624/221/1455 1625/224/1456 
f 1626/220/1457 1610/180/1441 1613/180/1444 1627/220/1458 
f 1628/239/1459 1614/240/1445 1617/240/1448 1629/239/1460 
f 1621/237/1452 1620/237/1451 1626/220/1457 1627/220/1458 
f 1623/221/1454 1628/239/1459 1629/239/1460 1624/221/1455 
f 1616/191/1447 1615/191/1446 1630/192/1461 1631/192/1462 
f 1631/192/1462 1630/192/1461 1619/236/1450 1618/236/1449 
f 1632/244/1463 1633/244/1464 1622/168/1453 1625/168/1456 
f 1634/192/1465 1635/191/1466 1636/191/1467 1637/192/1468 
f 1638/180/1469 1639/220/1470 1640/220/1471 1641/180/1472 
f 1642/221/1473 1643/221/1474 1644/224/1475 1645/224/1476 
f 1646/237/1477 1647/236/1478 1648/236/1479 1649/237/1480 
f 1650/240/1481 1651/240/1482 1652/239/1483 1653/239/1484 
f 1639/220/1470 1646/237/1477 1649/237/1480 1640/220/1471 
f 1653/239/1484 1652/239/1483 1643/221/1474 1642/221/1473 
f 1647/236/1478 1634/192/1465 1637/192/1468 1648/236/1479 
f 1636/191/1467 1635/191/1466 1651/240/1482 1650/240/1481 
f 1644/168/1475 1633/244/1464 1632/244/1463 1645/168/1476 
f 1654/181/1485 1655/181/1486 1638/180/1469 1641/180/1472 
f 1612/181/1443 1611/181/1442 1656/180/1487 1657/180/1488 
f 1658/192/1489 1659/191/1490 1660/191/1491 1661/192/1492 
f 1656/180/1487 1662/220/1493 1663/220/1494 1657/180/1488 
f 1664/221/1495 1665/221/1496 1666/224/1497 1667/224/1498 
f 1668/237/1499 1669/236/1500 1670/236/1501 1671/237/1502 
f 1672/240/1503 1673/240/1504 1674/239/1505 1675/239/1506 
f 1662/220/1493 1668/237/1499 1671/237/1502 1663/220/1494 
f 1675/239/1506 1674/239/1505 1665/221/1496 1664/221/1495 
f 1669/236/1500 1658/192/1489 1661/192/1492 1670/236/1501 
f 1660/191/1491 1659/191/1490 1673/240/1504 1672/240/1503 
f 1666/168/1497 1676/244/1507 1677/244/1508 1667/168/1498 
f 1678/180/1509 1655/181/1486 1654/181/1485 1679/180/1510 
f 1680/191/1511 1681/191/1512 1682/192/1513 1683/192/1514 
f 1684/220/1515 1678/180/1509 1679/180/1510 1685/220/1516 
f 1686/224/1517 1687/221/1518 1688/221/1519 1689/224/1520 
f 1690/236/1521 1691/236/1522 1692/237/1523 1693/237/1524 
f 1694/239/1525 1695/240/1526 1696/240/1527 1697/239/1528 
f 1693/237/1524 1692/237/1523 1684/220/1515 1685/220/1516 
f 1687/221/1518 1694/239/1525 1697/239/1528 1688/221/1519 
f 1683/192/1514 1682/192/1513 1691/236/1522 1690/236/1521 
f 1695/240/1526 1681/191/1512 1680/191/1511 1696/240/1527 
f 1677/244/1508 1676/244/1507 1686/168/1517 1689/168/1520 
f 1698/180/1529 1699/180/1530 1700/181/1531 1701/181/1532 
f 1702/240/1533 1703/240/1534 1704/191/1535 1705/191/1536 
f 1706/236/1537 1707/236/1538 1708/237/1539 1709/237/1540 
f 1710/224/1541 1711/224/1542 1712/221/1543 1713/221/1544 
f 1714/220/1545 1715/220/1546 1699/180/1530 1698/180/1529 
f 1716/239/1547 1717/239/1548 1703/240/1534 1702/240/1533 
f 1709/237/1540 1708/237/1539 1715/220/1546 1714/220/1545 
f 1713/221/1544 1712/221/1543 1717/239/1548 1716/239/1547 
f 1705/191/1536 1704/191/1535 1718/192/1549 1719/192/1550 
f 1719/192/1550 1718/192/1549 1707/236/1538 1706/236/1537 
f 1720/244/1551 1721/244/1552 1711/168/1542 1710/168/1541 
f 1722/192/1553 1723/192/1554 1724/191/1555 1725/191/1556 
f 1726/180/1557 1727/180/1558 1728/220/1559 1729/220/1560 
f 1730/221/1561 1731/221/1562 1732/224/1563 1733/224/1564 
f 1734/237/1565 1735/237/1566 1736/236/1567 1737/236/1568 
f 1738/240/1569 1739/240/1570 1740/239/1571 1741/239/1572 
f 1729/220/1560 1728/220/1559 1735/237/1566 1734/237/1565 
f 1741/239/1572 1740/239/1571 1731/221/1562 1730/221/1561 
f 1737/236/1568 1736/236/1567 1723/192/1554 1722/192/1553 
f 1725/191/1556 1724/191/1555 1739/240/1570 1738/240/1569 
f 1733/168/1564 1732/168/1563 1721/244/1552 1720/244/1551 
f 1742/181/1573 1743/181/1574 1727/180/1558 1726/180/1557 
f 1701/181/1532 1700/181/1531 1744/180/1575 1745/180/1576 
f 1746/192/1577 1747/192/1578 1748/191/1579 1749/191/1580 
f 1745/180/1576 1744/180/1575 1750/220/1581 1751/220/1582 
f 1752/221/1583 1753/221/1584 1754/224/1585 1755/224/1586 
f 1756/237/1587 1757/237/1588 1758/236/1589 1759/236/1590 
f 1760/240/1591 1761/240/1592 1762/239/1593 1763/239/1594 
f 1756/237/1587 1751/220/1582 1750/220/1581 1757/237/1588 
f 1763/239/1594 1762/239/1593 1753/221/1584 1752/221/1583 
f 1759/236/1590 1758/236/1589 1747/192/1578 1746/192/1577 
f 1749/191/1580 1748/191/1579 1761/240/1592 1760/240/1591 
f 1755/168/1586 1754/168/1585 1764/244/1595 1765/244/1596 
f 1766/180/1597 1767/180/1598 1743/181/1574 1742/181/1573 
f 1768/191/1599 1769/191/1600 1770/192/1601 1771/192/1602 
f 1772/220/1603 1773/220/1604 1767/180/1598 1766/180/1597 
f 1774/224/1605 1775/224/1606 1776/221/1607 1777/221/1608 
f 1778/236/1609 1779/236/1610 1780/237/1611 1781/237/1612 
f 1782/239/1613 1783/239/1614 1784/240/1615 1785/240/1616 
f 1781/237/1612 1780/237/1611 1773/220/1604 1772/220/1603 
f 1777/221/1608 1776/221/1607 1783/239/1614 1782/239/1613 
f 1771/192/1602 1770/192/1601 1779/236/1610 1778/236/1609 
f 1785/240/1616 1784/240/1615 1769/191/1600 1768/191/1599 
f 1765/244/1596 1764/244/1595 1775/168/1606 1774/168/1605 
f 1708/237/1539 1707/236/1538 1718/192/1549 1715/220/1546 
f 1699/180/1530 1715/220/1546 1718/192/1549 1700/181/1531 
f 1718/192/1549 1704/191/1535 1703/240/1534 1717/239/1548 
f 1718/192/1549 1717/239/1548 1712/221/1543 1711/224/1542 
f 1718/192/1549 1711/224/1542 1721/244/1552 1744/180/1575 
f 1740/239/1571 1739/240/1570 1724/191/1555 1731/221/1562 
f 1732/168/1563 1731/221/1562 1724/191/1555 1721/244/1552 
f 1724/191/1555 1723/192/1554 1736/236/1567 1735/237/1566 
f 1724/191/1555 1735/237/1566 1728/220/1559 1727/180/1558 
f 1721/244/1552 1724/191/1555 1727/180/1558 1770/192/1601 
f 1780/237/1611 1779/236/1610 1770/192/1601 1773/220/1604 
f 1767/180/1598 1773/220/1604 1770/192/1601 1743/181/1574 
f 1727/180/1558 1743/181/1574 1770/192/1601 
f 1770/192/1601 1769/191/1600 1784/240/1615 1783/239/1614 
f 1770/192/1601 1783/239/1614 1776/221/1607 1775/224/1606 
f 1770/192/1601 1775/224/1606 1764/244/1595 1744/180/1575 
f 1762/239/1593 1761/240/1592 1748/191/1579 1753/221/1584 
f 1754/168/1585 1753/221/1584 1748/191/1579 1764/244/1595 
f 1748/191/1579 1747/192/1578 1758/236/1589 1757/237/1588 
f 1748/191/1579 1757/237/1588 1750/220/1581 1744/180/1575 
f 1764/244/1595 1748/191/1579 1744/180/1575 
f 1721/244/1552 1770/192/1601 1744/180/1575 
f 1718/192/1549 1744/180/1575 1700/181/1531 
f 1698/180/1529 1701/181/1532 1611/181/1442 1610/180/1441 
f 1318/181/1149 1317/180/1148 1613/180/1444 1612/181/1443 
f 1702/240/1533 1705/191/1536 1615/191/1446 1614/240/1445 
f 1338/191/1169 1386/240/1217 1617/240/1448 1616/191/1447 
f 1619/236/1450 1706/236/1537 1709/237/1540 1620/237/1451 
f 1621/237/1452 1383/237/1214 1382/236/1213 1618/236/1449 
f 1710/224/1541 1713/221/1544 1623/221/1454 1622/224/1453 
f 1368/221/1199 1371/224/1202 1625/224/1456 1624/221/1455 
f 1714/220/1545 1698/180/1529 1610/180/1441 1626/220/1457 
f 1317/180/1148 1367/220/1198 1627/220/1458 1613/180/1444 
f 1716/239/1547 1702/240/1533 1614/240/1445 1628/239/1459 
f 1386/240/1217 1385/239/1216 1629/239/1460 1617/240/1448 
f 1620/237/1451 1709/237/1540 1714/220/1545 1626/220/1457 
f 1627/220/1458 1367/220/1198 1383/237/1214 1621/237/1452 
f 1713/221/1544 1716/239/1547 1628/239/1459 1623/221/1454 
f 1385/239/1216 1368/221/1199 1624/221/1455 1629/239/1460 
f 1615/191/1446 1705/191/1536 1719/192/1550 1630/192/1461 
f 1631/192/1462 1339/192/1170 1338/191/1169 1616/191/1447 
f 1630/192/1461 1719/192/1550 1706/236/1537 1619/236/1450 
f 1618/236/1449 1382/236/1213 1339/192/1170 1631/192/1462 
f 1633/244/1464 1720/244/1551 1710/168/1541 1622/168/1453 
f 1625/168/1456 1371/168/1202 1390/244/1221 1632/244/1463 
f 1722/192/1553 1725/191/1556 1635/191/1466 1634/192/1465 
f 1409/191/1240 1410/192/1241 1637/192/1468 1636/191/1467 
f 1726/180/1557 1729/220/1560 1639/220/1470 1638/180/1469 
f 1640/220/1471 1438/220/1269 1397/180/1228 1641/180/1472 
f 1643/221/1474 1730/221/1561 1733/224/1564 1644/224/1475 
f 1442/224/1273 1441/221/1272 1642/221/1473 1645/224/1476 
f 1734/237/1565 1737/236/1568 1647/236/1478 1646/237/1477 
f 1453/236/1284 1454/237/1285 1649/237/1480 1648/236/1479 
f 1651/240/1482 1738/240/1569 1741/239/1572 1652/239/1483 
f 1653/239/1484 1456/239/1287 1455/240/1286 1650/240/1481 
f 1729/220/1560 1734/237/1565 1646/237/1477 1639/220/1470 
f 1454/237/1285 1438/220/1269 1640/220/1471 1649/237/1480 
f 1652/239/1483 1741/239/1572 1730/221/1561 1643/221/1474 
f 1642/221/1473 1441/221/1272 1456/239/1287 1653/239/1484 
f 1737/236/1568 1722/192/1553 1634/192/1465 1647/236/1478 
f 1410/192/1241 1453/236/1284 1648/236/1479 1637/192/1468 
f 1635/191/1466 1725/191/1556 1738/240/1569 1651/240/1482 
f 1650/240/1481 1455/240/1286 1409/191/1240 1636/191/1467 
f 1733/168/1564 1720/244/1551 1633/244/1464 1644/168/1475 
f 1390/244/1221 1442/168/1273 1645/168/1476 1632/244/1463 
f 1655/181/1486 1742/181/1573 1726/180/1557 1638/180/1469 
f 1641/180/1472 1397/180/1228 1396/181/1227 1654/181/1485 
f 1611/181/1442 1701/181/1532 1745/180/1576 1656/180/1487 
f 1657/180/1488 1473/180/1304 1318/181/1149 1612/181/1443 
f 1746/192/1577 1749/191/1580 1659/191/1490 1658/192/1489 
f 1492/191/1323 1493/192/1324 1661/192/1492 1660/191/1491 
f 1745/180/1576 1751/220/1582 1662/220/1493 1656/180/1487 
f 1663/220/1494 1521/220/1352 1473/180/1304 1657/180/1488 
f 1665/221/1496 1752/221/1583 1755/224/1586 1666/224/1497 
f 1525/224/1356 1524/221/1355 1664/221/1495 1667/224/1498 
f 1756/237/1587 1759/236/1590 1669/236/1500 1668/237/1499 
f 1536/236/1367 1537/237/1368 1671/237/1502 1670/236/1501 
f 1673/240/1504 1760/240/1591 1763/239/1594 1674/239/1505 
f 1675/239/1506 1539/239/1370 1538/240/1369 1672/240/1503 
f 1751/220/1582 1756/237/1587 1668/237/1499 1662/220/1493 
f 1537/237/1368 1521/220/1352 1663/220/1494 1671/237/1502 
f 1674/239/1505 1763/239/1594 1752/221/1583 1665/221/1496 
f 1664/221/1495 1524/221/1355 1539/239/1370 1675/239/1506 
f 1759/236/1590 1746/192/1577 1658/192/1489 1669/236/1500 
f 1493/192/1324 1536/236/1367 1670/236/1501 1661/192/1492 
f 1659/191/1490 1749/191/1580 1760/240/1591 1673/240/1504 
f 1672/240/1503 1538/240/1369 1492/191/1323 1660/191/1491 
f 1755/168/1586 1765/244/1596 1676/244/1507 1666/168/1497 
f 1544/244/1375 1525/168/1356 1667/168/1498 1677/244/1508 
f 1766/180/1597 1742/181/1573 1655/181/1486 1678/180/1509 
f 1396/181/1227 1547/180/1378 1679/180/1510 1654/181/1485 
f 1681/191/1512 1768/191/1599 1771/192/1602 1682/192/1513 
f 1683/192/1514 1560/192/1391 1559/191/1390 1680/191/1511 
f 1772/220/1603 1766/180/1597 1678/180/1509 1684/220/1515 
f 1547/180/1378 1588/220/1419 1685/220/1516 1679/180/1510 
f 1774/224/1605 1777/221/1608 1687/221/1518 1686/224/1517 
f 1589/221/1420 1592/224/1423 1689/224/1520 1688/221/1519 
f 1691/236/1522 1778/236/1609 1781/237/1612 1692/237/1523 
f 1693/237/1524 1604/237/1435 1603/236/1434 1690/236/1521 
f 1782/239/1613 1785/240/1616 1695/240/1526 1694/239/1525 
f 1607/240/1438 1606/239/1437 1697/239/1528 1696/240/1527 
f 1692/237/1523 1781/237/1612 1772/220/1603 1684/220/1515 
f 1685/220/1516 1588/220/1419 1604/237/1435 1693/237/1524 
f 1777/221/1608 1782/239/1613 1694/239/1525 1687/221/1518 
f 1606/239/1437 1589/221/1420 1688/221/1519 1697/239/1528 
f 1682/192/1513 1771/192/1602 1778/236/1609 1691/236/1522 
f 1690/236/1521 1603/236/1434 1560/192/1391 1683/192/1514 
f 1785/240/1616 1768/191/1599 1681/191/1512 1695/240/1526 
f 1559/191/1390 1607/240/1438 1696/240/1527 1680/191/1511 
f 1676/244/1507 1765/244/1596 1774/168/1605 1686/168/1517 
f 1689/168/1520 1592/168/1423 1544/244/1375 1677/244/1508 
f 1786/6/1617 1787/6/394 1788/6/394 1789/6/1617 
f 1790/251/1618 1791/252/1619 1792/252/1619 1793/251/1618 
f 1794/253/1620 1786/6/1617 1789/6/1617 1795/253/1620 
f 1791/252/1619 1794/253/1620 1795/253/1620 1792/252/1619 
f 1796/251/1621 1797/254/399 1798/254/399 1799/251/1621 
f 1787/6/394 1800/6/1622 1801/6/1622 1788/6/394 
f 1802/252/1623 1796/251/1621 1799/251/1621 1803/252/1623 
f 1800/6/1622 1804/253/1624 1805/253/1624 1801/6/1622 
f 1804/253/1624 1802/252/1623 1803/252/1623 1805/253/1624 
f 1806/254/387 1790/251/1618 1793/251/1618 1807/254/387 
f 1808/6/395 1809/6/1625 1810/6/1625 1811/6/395 
f 1812/252/1626 1813/251/1627 1814/251/1627 1815/252/1626 
f 1809/6/1625 1816/253/1628 1817/253/1628 1810/6/1625 
f 1816/253/1628 1812/252/1626 1815/252/1626 1817/253/1628 
f 1818/6/1629 1808/6/395 1811/6/395 1819/6/1629 
f 1820/251/1630 1821/252/1631 1822/252/1631 1823/251/1630 
f 1824/253/1632 1818/6/1629 1819/6/1629 1825/253/1632 
f 1821/252/1631 1824/253/1632 1825/253/1632 1822/252/1631 
f 1813/251/1627 1806/254/387 1807/254/387 1814/251/1627 
f 1797/254/399 1820/251/1630 1823/251/1630 1798/254/399 
s 2
f 1826/6/437 1827/6/1633 1828/6/1634 1829/6/1634 
f 1830/251/437 1831/251/437 1832/252/437 1833/252/437 
f 1834/253/437 1826/6/437 1829/6/1634 1835/253/437 
f 1832/252/437 1834/253/437 1835/253/437 1833/252/437 
f 1836/251/437 1837/254/1634 1838/254/437 1839/251/437 
f 1828/6/1634 1827/6/1633 1840/6/1634 1841/6/437 
f 1842/252/437 1836/251/437 1839/251/437 1843/252/437 
f 1841/6/437 1840/6/1634 1844/253/1634 1845/253/437 
f 1844/253/1634 1842/252/437 1843/252/437 1845/253/437 
f 1846/254/437 1847/254/437 1831/251/437 1830/251/437 
f 1848/6/437 1849/6/437 1850/6/1634 1851/6/437 
f 1852/252/437 1853/251/437 1854/251/437 1855/252/437 
f 1851/6/437 1850/6/1634 1856/253/1634 1857/253/437 
f 1856/253/1634 1852/252/437 1855/252/437 1857/253/437 
f 1858/6/437 1849/6/437 1848/6/437 1859/6/437 
f 1860/251/437 1861/251/437 1862/252/437 1863/252/437 
f 1864/253/437 1858/6/437 1859/6/437 1865/253/437 
f 1862/252/437 1864/253/437 1865/253/437 1863/252/437 
f 1853/251/437 1847/254/437 1846/254/437 1854/251/437 
f 1838/254/437 1837/254/1634 1861/251/437 1860/251/437 
f 1832/252/437 1831/251/437 1847/254/437 1834/253/437 
f 1847/254/437 1853/251/437 1852/252/437 1856/253/1634 
f 1834/253/437 1847/254/437 1856/253/1634 1837/254/1634 
f 1856/253/1634 1850/6/1634 1849/6/437 1864/253/437 
f 1849/6/437 1858/6/437 1864/253/437 
f 1862/252/437 1861/251/437 1837/254/1634 1864/253/437 
f 1856/253/1634 1864/253/437 1837/254/1634 
f 1837/254/1634 1836/251/437 1842/252/437 1844/253/1634 
f 1834/253/437 1837/254/1634 1844/253/1634 1826/6/437 
f 1826/6/437 1844/253/1634 1840/6/1634 1827/6/1633 
s 1
f 1866/6/1635 1867/6/1636 1868/255/1637 1869/255/1638 
f 1870/251/1639 1871/252/1640 1346/199/1177 1345/198/1176 
f 1359/212/1190 1872/253/1641 1866/6/1635 1869/255/1638 
f 1872/253/1641 1359/212/1190 1346/199/1177 1871/252/1640 
f 1867/6/1636 1873/6/1642 1874/255/1643 1868/255/1637 
f 1417/199/1248 1875/252/1644 1876/251/1645 1414/198/1245 
f 1873/6/1642 1877/253/1646 1430/212/1261 1874/255/1643 
f 1875/252/1644 1417/199/1248 1430/212/1261 1877/253/1646 
f 1878/254/1647 1870/251/1639 1345/198/1176 1463/248/1294 
f 1876/251/1645 1879/254/1648 1880/248/1649 1414/198/1245 
f 1881/6/1650 1882/6/1651 1883/255/1652 1884/255/1653 
f 1500/199/1331 1885/252/1654 1886/251/1655 1497/198/1328 
f 1882/6/1651 1887/253/1656 1513/212/1344 1883/255/1652 
f 1885/252/1654 1500/199/1331 1513/212/1344 1887/253/1656 
f 1888/6/1657 1881/6/1650 1884/255/1653 1889/255/1658 
f 1890/251/1659 1891/252/1660 1567/199/1398 1566/198/1397 
f 1580/212/1411 1892/253/1661 1888/6/1657 1889/255/1658 
f 1892/253/1661 1580/212/1411 1567/199/1398 1891/252/1660 
f 1886/251/1655 1878/254/1647 1463/248/1294 1497/198/1328 
f 1879/254/1648 1890/251/1659 1566/198/1397 1880/248/1649 
f 1893/6/1617 1894/6/394 1787/6/394 1786/6/1617 
f 1867/6/1636 1866/6/1635 1789/6/1617 1788/6/394 
f 1895/251/1618 1896/252/1619 1791/252/1619 1790/251/1618 
f 1871/252/1640 1870/251/1639 1793/251/1618 1792/252/1619 
f 1897/253/1620 1893/6/1617 1786/6/1617 1794/253/1620 
f 1866/6/1635 1872/253/1641 1795/253/1620 1789/6/1617 
f 1897/253/1620 1794/253/1620 1791/252/1619 1896/252/1619 
f 1871/252/1640 1792/252/1619 1795/253/1620 1872/253/1641 
f 1898/251/1621 1899/254/399 1797/254/399 1796/251/1621 
f 1879/254/1648 1876/251/1645 1799/251/1621 1798/254/399 
f 1894/6/394 1900/6/1622 1800/6/1622 1787/6/394 
f 1873/6/1642 1867/6/1636 1788/6/394 1801/6/1622 
f 1901/252/1623 1898/251/1621 1796/251/1621 1802/252/1623 
f 1876/251/1645 1875/252/1644 1803/252/1623 1799/251/1621 
f 1900/6/1622 1902/253/1624 1804/253/1624 1800/6/1622 
f 1877/253/1646 1873/6/1642 1801/6/1622 1805/253/1624 
f 1901/252/1623 1802/252/1623 1804/253/1624 1902/253/1624 
f 1877/253/1646 1805/253/1624 1803/252/1623 1875/252/1644 
f 1903/254/387 1895/251/1618 1790/251/1618 1806/254/387 
f 1870/251/1639 1878/254/1647 1807/254/387 1793/251/1618 
f 1904/6/395 1905/6/1625 1809/6/1625 1808/6/395 
f 1882/6/1651 1881/6/1650 1811/6/395 1810/6/1625 
f 1906/252/1626 1907/251/1627 1813/251/1627 1812/252/1626 
f 1886/251/1655 1885/252/1654 1815/252/1626 1814/251/1627 
f 1905/6/1625 1908/253/1628 1816/253/1628 1809/6/1625 
f 1887/253/1656 1882/6/1651 1810/6/1625 1817/253/1628 
f 1906/252/1626 1812/252/1626 1816/253/1628 1908/253/1628 
f 1887/253/1656 1817/253/1628 1815/252/1626 1885/252/1654 
f 1909/6/1629 1904/6/395 1808/6/395 1818/6/1629 
f 1881/6/1650 1888/6/1657 1819/6/1629 1811/6/395 
f 1910/251/1630 1911/252/1631 1821/252/1631 1820/251/1630 
f 1891/252/1660 1890/251/1659 1823/251/1630 1822/252/1631 
f 1912/253/1632 1909/6/1629 1818/6/1629 1824/253/1632 
f 1888/6/1657 1892/253/1661 1825/253/1632 1819/6/1629 
f 1912/253/1632 1824/253/1632 1821/252/1631 1911/252/1631 
f 1891/252/1660 1822/252/1631 1825/253/1632 1892/253/1661 
f 1907/251/1627 1903/254/387 1806/254/387 1813/251/1627 
f 1878/254/1647 1886/251/1655 1814/251/1627 1807/254/387 
f 1899/254/399 1910/251/1630 1820/251/1630 1797/254/399 
f 1890/251/1659 1879/254/1648 1798/254/399 1823/251/1630 
s 2
f 1894/6/1634 1893/6/1634 1829/6/1634 1828/6/1634 
f 1833/252/437 1896/252/437 1895/251/437 1830/251/437 
f 1893/6/1634 1897/253/437 1835/253/437 1829/6/1634 
f 1897/253/437 1896/252/437 1833/252/437 1835/253/437 
f 1899/254/437 1898/251/437 1839/251/437 1838/254/437 
f 1841/6/437 1900/6/437 1894/6/1634 1828/6/1634 
f 1898/251/437 1901/252/437 1843/252/437 1839/251/437 
f 1845/253/437 1902/253/437 1900/6/437 1841/6/437 
f 1901/252/437 1902/253/437 1845/253/437 1843/252/437 
f 1830/251/437 1895/251/437 1903/254/437 1846/254/437 
f 1851/6/437 1905/6/437 1904/6/437 1848/6/437 
f 1907/251/437 1906/252/437 1855/252/437 1854/251/437 
f 1857/253/437 1908/253/437 1905/6/437 1851/6/437 
f 1906/252/437 1908/253/437 1857/253/437 1855/252/437 
f 1904/6/437 1909/6/437 1859/6/437 1848/6/437 
f 1863/252/437 1911/252/437 1910/251/437 1860/251/437 
f 1909/6/437 1912/253/437 1865/253/437 1859/6/437 
f 1912/253/437 1911/252/437 1863/252/437 1865/253/437 
f 1903/254/437 1907/251/437 1854/251/437 1846/254/437 
f 1860/251/437 1910/251/437 1899/254/437 1838/254/437 
s 1
f 1361/214/1192 1465/250/1296 1314/177/1145 1313/176/1144 
f 1330/187/1161 1327/186/1158 1328/186/1159 1331/187/1162 
f 1352/205/1183 1362/215/1193 1361/214/1192 1313/176/1144 
f 1356/209/1187 1327/186/1158 1330/187/1161 1358/211/1189 
f 1358/211/1189 1357/210/1188 1362/215/1193 1352/205/1183 
f 1392/177/1223 1470/250/1301 1434/214/1265 1393/176/1224 
f 1328/186/1159 1402/186/1233 1404/187/1235 1331/187/1162 
f 1434/214/1265 1433/215/1264 1423/205/1254 1393/176/1224 
f 1402/186/1233 1427/209/1258 1428/211/1259 1404/187/1235 
f 1433/215/1264 1429/210/1260 1428/211/1259 1423/205/1254 
f 1314/177/1145 1465/250/1296 1517/214/1348 1471/176/1302 
f 1482/186/1313 1481/186/1312 1486/187/1317 1485/187/1316 
f 1517/214/1348 1516/215/1347 1506/205/1337 1471/176/1302 
f 1481/186/1312 1510/209/1341 1511/211/1342 1486/187/1317 
f 1516/215/1347 1512/210/1343 1511/211/1342 1506/205/1337 
f 1582/214/1413 1470/250/1301 1392/177/1223 1545/176/1376 
f 1554/187/1385 1552/186/1383 1482/186/1313 1485/187/1316 
f 1573/205/1404 1583/215/1414 1582/214/1413 1545/176/1376 
f 1577/209/1408 1552/186/1383 1554/187/1385 1579/211/1410 
f 1579/211/1410 1578/210/1409 1583/215/1414 1573/205/1404 
f 1322/185/1153 1869/255/1638 1868/255/1637 1323/185/1154 
f 1347/200/1178 1350/203/1181 1344/197/1175 1343/196/1174 
f 1354/207/1185 1359/212/1190 1869/255/1638 1322/185/1153 
f 1353/206/1184 1347/200/1178 1343/196/1174 1354/207/1185 
f 1868/255/1637 1874/255/1643 1400/185/1231 1323/185/1154 
f 1415/197/1246 1421/203/1252 1420/200/1251 1416/196/1247 
f 1874/255/1643 1430/212/1261 1424/207/1255 1400/185/1231 
f 1420/200/1251 1425/206/1256 1424/207/1255 1416/196/1247 
f 1350/203/1181 1464/249/1295 1462/247/1293 1344/197/1175 
f 1415/197/1246 1414/198/1245 1880/248/1649 1468/247/1299 
f 1884/255/1653 1883/255/1652 1478/185/1309 1477/185/1308 
f 1498/197/1329 1504/203/1335 1503/200/1334 1499/196/1330 
f 1883/255/1652 1513/212/1344 1507/207/1338 1478/185/1309 
f 1503/200/1334 1508/206/1339 1507/207/1338 1499/196/1330 
f 1550/185/1381 1889/255/1658 1884/255/1653 1477/185/1308 
f 1568/200/1399 1571/203/1402 1565/197/1396 1564/196/1395 
f 1575/207/1406 1580/212/1411 1889/255/1658 1550/185/1381 
f 1574/206/1405 1568/200/1399 1564/196/1395 1575/207/1406 
f 1462/247/1293 1464/249/1295 1504/203/1335 1498/197/1329 
f 1880/248/1649 1566/198/1397 1565/197/1396 1468/247/1299 
f 1913/46/437 1914/44/437 1915/42/437 1916/14/437 
f 1915/42/437 1917/40/437 1918/38/1634 1919/34/1634 
f 1918/38/1634 1920/36/1662 1919/34/1634 
f 1919/34/1634 1921/32/437 1922/30/437 1923/24/437 
f 1922/30/437 1924/28/1663 1923/24/437 
f 1923/24/437 1925/27/1634 1926/20/437 1916/14/437 
f 1926/20/437 1927/18/437 1916/14/437 
f 1919/34/1634 1923/24/437 1916/14/437 1915/42/437 
f 1928/17/437 1913/46/437 1916/14/437 
f 1929/50/1664 1930/51/1664 1931/5/1664 1932/49/1665 
f 1931/5/1664 1933/52/879 1934/54/1664 1935/56/1665 
f 1934/54/1664 1936/55/1664 1935/56/1665 
f 1935/56/1665 1937/57/1665 1938/58/1665 1939/60/1665 
f 1938/58/1665 1940/59/879 1939/60/1665 
f 1939/60/1665 1941/61/1665 1942/62/1665 1932/49/1665 
f 1942/62/1665 1943/63/879 1932/49/1665 
f 1935/56/1665 1939/60/1665 1932/49/1665 1931/5/1664 
f 1944/48/879 1929/50/1664 1932/49/1665 
f 1928/17/437 1916/14/437 1945/14/437 1946/17/437 
f 1913/46/437 1928/17/437 1946/17/437 1947/46/437 
f 1914/44/437 1913/46/437 1947/46/437 1948/44/437 
f 1915/42/437 1914/44/437 1948/44/437 1949/42/437 
f 1917/40/437 1915/42/437 1949/42/437 1950/40/437 
f 1918/38/1634 1917/40/437 1950/40/437 1951/38/437 
f 1920/36/1662 1918/38/1634 1951/38/437 1952/36/1634 
f 1919/34/1634 1920/36/1662 1952/36/1634 1953/34/1634 
f 1921/32/437 1919/34/1634 1953/34/1634 1954/32/437 
f 1922/30/437 1921/32/437 1954/32/437 1955/30/437 
f 1924/28/1663 1922/30/437 1955/30/437 1956/28/437 
f 1923/24/437 1924/28/1663 1956/28/437 1957/24/437 
f 1925/27/1634 1923/24/437 1957/24/437 1958/27/1634 
f 1926/20/437 1925/27/1634 1958/40/1634 1959/20/1634 
f 1927/18/437 1926/20/437 1959/20/1634 1960/18/437 
f 1916/14/437 1927/18/437 1960/18/437 1945/14/437 
f 1944/48/879 1932/49/1665 1961/49/879 1962/48/879 
f 1929/50/1664 1944/48/879 1962/48/879 1963/50/879 
f 1930/51/1664 1929/50/1664 1963/50/879 1964/51/1665 
f 1931/5/1664 1930/51/1664 1964/51/1665 1965/5/1665 
f 1933/52/879 1931/5/1664 1965/60/1665 1966/52/879 
f 1934/54/1664 1933/52/879 1966/52/879 1967/54/1664 
f 1936/55/1664 1934/54/1664 1967/54/1664 1968/55/1664 
f 1935/56/1665 1936/55/1664 1968/55/1664 1969/56/879 
f 1937/57/1665 1935/56/1665 1969/56/879 1970/57/1665 
f 1938/58/1665 1937/57/1665 1970/57/1665 1971/58/1665 
f 1940/59/879 1938/58/1665 1971/58/1665 1972/59/879 
f 1939/60/1665 1940/59/879 1972/59/879 1973/60/1664 
f 1941/61/1665 1939/60/1665 1973/60/1664 1974/61/1664 
f 1942/62/1665 1941/61/1665 1974/61/1664 1975/62/879 
f 1943/63/879 1942/62/1665 1975/62/879 1976/63/879 
f 1932/49/1665 1943/63/879 1976/63/879 1961/49/879 
s 2
f 1977/48/1130 1978/49/399 1979/256/399 1980/257/1130 
f 1981/17/399 1982/14/1130 1980/257/1130 1979/256/399 
f 1983/50/1131 1977/48/1130 1980/257/1130 1984/258/1131 
f 1982/14/1130 1985/18/1131 1984/258/1131 1980/257/1130 
f 1986/51/1132 1983/50/1131 1984/258/1131 1987/259/1132 
f 1985/18/1131 1988/20/1132 1987/259/1132 1984/258/1131 
f 1989/5/395 1986/51/1132 1987/259/1132 1990/260/395 
f 1988/20/1132 1991/22/395 1990/260/395 1987/259/1132 
f 1992/52/1133 1989/53/395 1990/261/395 1993/262/1133 
f 1991/27/395 1994/24/1133 1993/262/1133 1990/261/395 
f 1995/54/1666 1992/52/1133 1993/262/1133 1996/263/1666 
f 1994/24/1133 1997/28/1666 1996/263/1666 1993/262/1133 
f 1998/55/1667 1995/54/1666 1996/263/1666 1999/264/1667 
f 1997/28/1666 2000/30/1667 1999/264/1667 1996/263/1666 
f 2001/56/387 1998/55/1667 1999/264/1667 2002/265/387 
f 2000/30/1667 2003/32/387 2002/265/387 1999/264/1667 
f 2004/57/1668 2001/56/387 2002/265/387 2005/266/1668 
f 2003/32/387 2006/34/1668 2005/266/1668 2002/265/387 
f 2007/58/1669 2004/57/1668 2005/266/1668 2008/267/1669 
f 2006/34/1668 2009/36/1669 2008/267/1669 2005/266/1668 
f 2010/59/1670 2007/58/1669 2008/267/1669 2011/268/1670 
f 2009/36/1669 2012/38/1670 2011/268/1670 2008/267/1669 
f 2013/60/394 2010/59/1670 2011/268/1670 2014/269/394 
f 2012/38/1670 2015/40/394 2014/269/394 2011/268/1670 
f 2016/61/1141 2013/60/394 2014/269/394 2017/270/1141 
f 2015/40/394 2018/42/1141 2017/270/1141 2014/269/394 
f 2019/62/1142 2016/61/1141 2017/270/1141 2020/271/1142 
f 2018/42/1141 2021/44/1142 2020/271/1142 2017/270/1141 
f 2022/63/1143 2019/62/1142 2020/271/1142 2023/272/1143 
f 2021/44/1142 2024/46/1143 2023/272/1143 2020/271/1142 
f 1978/49/399 2022/63/1143 2023/272/1143 1979/256/399 
f 2024/46/1143 1981/17/399 1979/256/399 2023/272/1143 
s 1
f 1982/14/437 1981/17/437 1946/17/437 1945/14/437 
f 1981/17/437 2024/46/437 1947/46/437 1946/17/437 
f 2024/46/437 2021/44/437 1948/44/437 1947/46/437 
f 2021/44/437 2018/42/437 1949/42/437 1948/44/437 
f 2018/42/437 2015/40/437 1950/40/437 1949/42/437 
f 2015/40/437 2012/38/437 1951/38/437 1950/40/437 
f 2012/38/437 2009/36/1634 1952/36/1634 1951/38/437 
f 2009/36/1634 2006/34/1634 1953/34/1634 1952/36/1634 
f 2006/34/1634 2003/32/437 1954/32/437 1953/34/1634 
f 2003/32/437 2000/30/437 1955/30/437 1954/32/437 
f 2000/30/437 1997/28/437 1956/28/437 1955/30/437 
f 1997/28/437 1994/24/437 1957/24/437 1956/28/437 
f 1994/24/437 1991/27/1634 1958/27/1634 1957/24/437 
f 1991/22/1634 1988/20/1634 1959/20/1634 1958/40/1634 
f 1988/20/1634 1985/18/437 1960/18/437 1959/20/1634 
f 1985/18/437 1982/14/437 1945/14/437 1960/18/437 
f 1978/49/879 1977/48/879 1962/48/879 1961/49/879 
f 1977/48/879 1983/50/879 1963/50/879 1962/48/879 
f 1983/50/879 1986/51/1665 1964/51/1665 1963/50/879 
f 1986/51/1665 1989/5/1665 1965/5/1665 1964/51/1665 
f 1989/53/1665 1992/52/879 1966/52/879 1965/60/1665 
f 1992/52/879 1995/54/1664 1967/54/1664 1966/52/879 
f 1995/54/1664 1998/55/1664 1968/55/1664 1967/54/1664 
f 1998/55/1664 2001/56/879 1969/56/879 1968/55/1664 
f 2001/56/879 2004/57/1665 1970/57/1665 1969/56/879 
f 2004/57/1665 2007/58/1665 1971/58/1665 1970/57/1665 
f 2007/58/1665 2010/59/879 1972/59/879 1971/58/1665 
f 2010/59/879 2013/60/1664 1973/60/1664 1972/59/879 
f 2013/60/1664 2016/61/1664 1974/61/1664 1973/60/1664 
f 2016/61/1664 2019/62/879 1975/62/879 1974/61/1664 
f 2019/62/879 2022/63/879 1976/63/879 1975/62/879 
f 2022/63/879 1978/49/879 1961/49/879 1976/63/879 
f 2025/273/1671 2026/56/1672 2027/274/1673 2028/275/1674 
f 2029/276/1675 2030/277/1676 2031/57/1677 2032/278/1678 
f 2033/279/1679 2034/58/1680 2035/280/1681 2036/281/1682 
f 2037/282/1683 2038/59/1684 2039/283/1685 2040/284/1686 
f 2041/285/1687 2042/286/1688 2043/60/1689 2044/287/1690 
f 2045/288/1691 2046/289/1692 2047/61/1693 2048/290/1694 
f 2049/291/1695 2050/62/1696 2051/292/1697 2052/293/1698 
f 2053/294/1699 2054/63/1700 2055/295/1701 2056/296/1702 
f 2051/292/1697 2050/62/1696 2046/289/1692 2045/288/1691 
f 2054/63/1700 2049/291/1695 2052/293/1698 2055/295/1701 
f 2038/59/1684 2033/279/1679 2036/281/1682 2039/283/1685 
f 2043/60/1689 2037/282/1683 2040/284/1686 2044/287/1690 
f 2048/290/1694 2047/61/1693 2042/286/1688 2041/285/1687 
f 2057/49/1703 2053/294/1699 2056/296/1702 2058/297/1704 
f 2031/57/1677 2025/273/1671 2028/275/1674 2032/278/1678 
f 2035/280/1681 2034/58/1680 2030/277/1676 2029/276/1675 
f 2059/59/1705 2060/59/1706 2061/279/1707 2062/279/1708 
f 2063/60/1709 2064/60/1710 2065/282/1711 2066/282/1712 
f 2067/61/1713 2068/286/1714 2069/286/1715 2070/61/1716 
f 2071/62/1717 2072/62/1718 2073/289/1719 2074/289/1720 
f 2074/289/1720 2073/289/1719 2067/61/1713 2070/61/1716 
f 2062/279/1708 2061/279/1707 2075/58/1721 2076/58/1722 
f 2066/282/1712 2065/282/1711 2060/59/1706 2059/59/1705 
f 2068/286/1714 2064/60/1710 2063/60/1709 2069/286/1715 
f 2077/63/1723 2078/63/1724 2079/291/1725 2080/291/1726 
f 2081/49/1727 2082/294/1728 2083/294/1729 2084/49/1730 
f 2079/291/1725 2085/62/1731 2086/62/1732 2080/291/1726 
f 2082/294/1728 2078/63/1724 2077/63/1723 2083/294/1729 
f 2072/62/1718 2071/62/1717 2087/62/1733 2088/62/1734 
f 2089/298/1735 2090/299/1736 2091/49/1737 2092/60/1738 
f 2093/300/1739 2090/299/1736 2089/298/1735 2094/301/1740 
f 2095/302/1741 2093/300/1739 2094/301/1740 2096/61/1742 
f 2097/303/1743 2095/302/1741 2096/61/1742 2098/304/1744 
f 2090/299/1736 2099/5/1745 2091/49/1737 
f 2026/56/1672 2025/273/1671 2089/298/1735 2092/60/1738 
f 2100/5/1746 2099/5/1745 2090/299/1736 2093/300/1739 
f 2025/273/1671 2031/57/1677 2094/301/1740 2089/298/1735 
f 2095/302/1741 2100/5/1746 2093/300/1739 
f 2031/57/1677 2030/277/1676 2096/61/1742 2094/301/1740 
f 2101/5/1747 2100/5/1746 2095/302/1741 2097/303/1743 
f 2030/277/1676 2034/58/1680 2098/304/1744 2096/61/1742 
f 2076/58/1722 2075/58/1721 2102/304/1748 2103/304/1749 
f 2103/304/1749 2102/304/1748 2104/303/1750 2105/303/1751 
f 2105/303/1751 2104/303/1750 2106/5/1752 2107/5/1753 
f 2108/303/1754 2109/304/1755 2110/304/1756 2111/303/1757 
f 2112/5/1758 2108/303/1754 2111/303/1757 2113/5/1759 
f 2114/291/1760 2115/291/1761 2116/62/1762 2117/62/1763 
f 2118/294/1764 2119/49/1765 2120/49/1766 2115/294/1761 
f 2115/291/1761 2120/291/1766 2121/62/1767 2116/62/1762 
f 2122/60/1768 2123/282/1769 2124/305/1770 2125/282/1771 
f 2126/61/1772 2124/305/1770 2127/306/1773 2128/303/1774 
f 2128/58/1774 2127/58/1773 2129/304/1775 2109/304/1755 
f 2116/62/1762 2130/5/1776 2131/5/1777 2117/62/1763 
f 2121/62/1767 2132/5/1778 2130/5/1776 2116/62/1762 
f 2133/62/1779 2134/62/1780 2135/62/1781 2136/62/1782 
f 2129/304/1775 2137/304/1783 2110/304/1756 2109/304/1755 
f 2130/5/1776 2138/5/1784 2139/5/1785 2131/5/1777 
f 2132/5/1778 2140/5/1786 2138/5/1784 2130/5/1776 
f 2135/62/1781 2141/62/1787 2142/62/1788 2136/62/1782 
f 2143/304/1789 2144/303/1790 2111/303/1757 2110/304/1756 
f 2144/303/1790 2145/5/1791 2113/5/1759 2111/303/1757 
f 2146/304/1792 2147/304/1793 2148/304/1794 2137/304/1783 
f 2149/5/401 2150/5/1795 2139/5/1785 2138/5/1784 
f 2151/5/400 2149/5/401 2138/5/1784 2140/5/1786 
f 2152/62/1796 2142/62/1788 2141/62/1787 2153/62/1797 
f 2154/304/1798 2155/303/1799 2156/303/1800 2157/304/1801 
f 2155/303/1799 2158/5/1802 2159/5/1803 2156/303/1800 
f 2160/304/1804 2161/304/1805 2162/304/1806 2163/304/1807 
f 2164/304/1808 2165/304/1809 2166/303/1810 2167/303/1811 
f 2167/303/1811 2166/303/1810 2168/5/1812 2169/5/1813 
f 2170/304/1814 2171/304/1815 2165/304/1809 2164/304/1808 
f 2172/304/1809 2173/303/1810 2166/303/1810 2165/304/1809 
f 2173/303/1810 2174/5/1816 2168/5/1812 2166/303/1810 
f 2175/304/1817 2176/304/1664 2171/304/1815 2177/304/1818 
f 2178/307/1819 2179/5/1820 2180/5/1821 2181/308/1822 
f 2182/309/1823 2183/310/1824 2178/307/1819 2181/308/1822 
f 2184/311/1825 2185/312/1826 2186/313/1827 
f 2187/5/1828 2188/5/1829 2189/5/1830 2190/5/1831 
f 2191/5/1832 2187/5/1828 2190/5/1831 2192/5/1833 
f 2193/5/1834 2194/5/1835 2195/5/1836 2196/5/1837 
f 2197/5/1838 2198/5/1839 2199/5/1840 2200/5/1841 
f 2201/5/1842 2202/5/1843 2203/5/1844 2204/5/1845 
f 2205/5/1846 2206/5/1847 2207/5/1848 2208/5/1849 
f 2209/5/1850 2210/5/1851 2211/5/1852 2212/5/1853 
f 2210/5/1851 2213/5/1854 2214/5/1855 2211/5/1852 
f 2215/5/1856 2216/5/1857 2217/5/1858 2218/5/1859 
f 2218/5/1859 2217/5/1858 2188/5/1829 2187/5/1828 
f 2099/5/1745 2100/5/1746 2190/5/1831 2189/5/1830 
f 2219/5/1860 2220/5/1861 2215/5/1856 2218/5/1859 
f 2219/5/1860 2218/5/1859 2187/5/1828 2191/5/1832 
f 2100/5/1746 2101/5/1747 2192/5/1833 2190/5/1831 
f 2221/5/1862 2222/5/1863 2223/5/1864 2224/5/1865 
f 2222/5/1863 2193/5/1834 2196/5/1837 2223/5/1864 
f 2106/5/1752 2195/5/1836 2194/5/1835 2107/5/1753 
f 2225/5/1866 2226/5/1867 2227/5/1868 2228/5/1869 
f 2197/5/1838 2225/5/1866 2228/5/1869 2198/5/1839 
f 2204/5/1845 2113/5/1759 2145/5/1791 2199/5/1840 
f 2229/5/1870 2230/5/1871 2231/5/1872 2232/5/1873 
f 2232/5/1873 2231/5/1872 2202/5/1843 2201/5/1842 
f 2112/5/1758 2113/5/1759 2204/5/1845 2203/5/1844 
f 2233/5/1874 2234/5/1875 2235/5/1876 2236/5/1877 
f 2234/5/1875 2205/5/1846 2208/5/1849 2235/5/1876 
f 2158/5/1802 2207/5/1848 2206/5/1847 2159/5/1803 
f 2237/5/1878 2238/5/1879 2239/5/1880 2240/5/1881 
f 2240/5/1881 2239/5/1880 2210/5/1851 2209/5/1850 
f 2168/5/1812 2174/5/1816 2212/5/1853 2211/5/1852 
f 2238/5/1879 2241/5/1882 2242/5/1883 2239/5/1880 
f 2239/5/1880 2242/5/1883 2213/5/1854 2210/5/1851 
f 2169/5/1813 2168/5/1812 2211/5/1852 2214/5/1855 
f 2243/63/1884 2118/294/1764 2115/294/1761 2114/291/1760 
f 2244/304/1885 2245/303/1886 2144/303/1790 2143/304/1789 
f 2245/303/1886 2246/5/1887 2145/5/1791 2144/303/1790 
f 2247/304/1888 2248/304/1889 2148/304/1794 2147/304/1793 
f 2249/5/1890 2250/5/1891 2150/5/1795 2149/5/401 
f 2251/5/1892 2249/5/1890 2149/5/401 2151/5/400 
f 2252/62/1893 2152/62/1796 2153/62/1797 2253/62/1894 
f 2201/5/1842 2204/5/1845 2199/5/1840 2198/5/1839 
f 2227/5/1868 2229/5/1870 2232/5/1873 2228/5/1869 
f 2232/5/1873 2201/5/1842 2198/5/1839 2228/5/1869 
f 2246/5/1887 2200/5/1841 2199/5/1840 2145/5/1791 
f 2254/5/1895 2255/5/1896 2256/5/1897 2257/5/1898 
f 2258/5/1899 2254/5/1895 2257/5/1898 2259/5/1900 
f 2260/5/1901 2261/5/1902 2262/5/1903 2263/5/1904 
f 2264/5/1905 2265/5/1906 2266/5/1907 2267/5/1908 
f 2268/5/1909 2269/5/1910 2270/5/1911 2271/5/1912 
f 2272/5/1913 2273/5/1914 2274/5/1915 2275/5/1916 
f 2276/5/1917 2277/5/1918 2278/5/1919 2279/5/1920 
f 2277/5/1918 2280/5/1921 2281/5/1922 2278/5/1919 
f 2265/5/1906 2268/5/1909 2271/5/1912 2266/5/1907 
f 2282/5/1923 2283/5/1924 2255/5/1896 2254/5/1895 
f 2216/5/1857 2215/5/1856 2257/5/1898 2256/5/1897 
f 2284/5/1925 2282/5/1923 2254/5/1895 2258/5/1899 
f 2257/5/1898 2215/5/1856 2220/5/1861 2259/5/1900 
f 2263/5/1904 2262/5/1903 2285/5/1926 2286/5/1927 
f 2261/5/1902 2260/5/1901 2221/5/1862 2224/5/1865 
f 2287/5/1928 2288/5/1929 2265/5/1906 2264/5/1905 
f 2266/5/1907 2227/5/1868 2226/5/1867 2267/5/1908 
f 2268/5/1909 2289/5/1930 2290/5/1931 2269/5/1910 
f 2230/5/1871 2229/5/1870 2271/5/1912 2270/5/1911 
f 2275/5/1916 2274/5/1915 2291/5/1932 2292/5/1933 
f 2273/5/1914 2272/5/1913 2233/5/1874 2236/5/1877 
f 2293/5/1934 2294/5/1935 2277/5/1918 2276/5/1917 
f 2238/5/1879 2237/5/1878 2279/5/1920 2278/5/1919 
f 2294/5/1935 2295/5/1936 2280/5/1921 2277/5/1918 
f 2241/5/1882 2238/5/1879 2278/5/1919 2281/5/1922 
f 2288/5/1929 2289/5/1930 2268/5/1909 2265/5/1906 
f 2229/5/1870 2227/5/1868 2266/5/1907 2271/5/1912 
f 2282/5/1923 2296/5/1937 2297/5/1938 2283/5/1924 
f 2282/5/1923 2284/5/1925 2298/5/1939 2296/5/1937 
f 2285/5/1926 2299/5/1940 2300/5/1941 2286/5/1927 
f 2289/5/1930 2301/5/1942 2302/5/1943 2290/5/1931 
f 2288/5/1929 2303/5/1944 2301/5/1942 2289/5/1930 
f 2288/5/1929 2287/5/1928 2304/5/1945 2303/5/1944 
f 2291/5/1932 2305/5/1946 2306/5/1947 2292/5/1933 
f 2294/5/1935 2307/5/1948 2308/5/1949 2295/5/1936 
f 2293/5/1934 2309/5/1950 2307/5/1948 2294/5/1935 
f 2310/5/1951 2311/5/1952 2312/5/1953 2313/5/1954 
f 2314/5/1955 2315/5/1956 2310/5/1951 2313/5/1954 
f 2316/5/1957 2317/5/1958 2318/5/1959 2319/5/1960 
f 2320/5/1961 2321/5/1962 2322/5/1963 2323/5/1964 
f 2324/5/1965 2321/5/1962 2320/5/1961 2325/5/1966 
f 2326/5/1967 2327/5/1968 2324/5/1965 2325/5/1966 
f 2328/5/1969 2329/5/1970 2330/5/1971 
f 2331/5/1972 2332/5/1973 2333/5/1974 2334/5/1975 
f 2335/5/1976 2331/5/1972 2334/5/1975 2336/5/1977 
f 2337/5/1978 2338/5/1979 2311/5/1952 2310/5/1951 
f 2297/5/1938 2296/5/1937 2313/5/1954 2312/5/1953 
f 2339/5/1980 2337/5/1978 2310/5/1951 2315/5/1956 
f 2313/5/1954 2296/5/1937 2298/5/1939 2314/5/1955 
f 2322/5/1963 2339/5/1980 2315/5/1956 2319/5/1960 
f 2322/5/1963 2319/5/1960 2318/5/1959 
f 2317/5/1958 2316/5/1957 2300/5/1941 2299/5/1940 
f 2321/5/1962 2340/5/1981 2339/5/1980 2322/5/1963 
f 2323/5/1964 2302/5/1943 2301/5/1942 2320/5/1961 
f 2341/5/1982 2340/5/1981 2321/5/1962 2324/5/1965 
f 2301/5/1942 2303/5/1944 2325/5/1966 2320/5/1961 
f 2327/5/1968 2342/5/1983 2341/5/1982 2324/5/1965 
f 2325/5/1966 2303/5/1944 2304/5/1945 2326/5/1967 
f 2327/5/1968 2328/5/1969 2332/5/1973 2342/5/1983 
f 2330/5/1971 2329/5/1970 2306/5/1947 2305/5/1946 
f 2343/5/1984 2342/5/1983 2332/5/1973 2331/5/1972 
f 2308/5/1949 2307/5/1948 2334/5/1975 2333/5/1974 
f 2344/5/1985 2343/5/1984 2331/5/1972 2335/5/1976 
f 2307/5/1948 2309/5/1950 2336/5/1977 2334/5/1975 
f 2134/62/1780 2117/62/1763 2131/62/1777 2135/62/1781 
f 2345/62/1986 2346/62/1987 2133/62/1779 2136/62/1782 
f 2131/62/1777 2139/62/1785 2141/62/1787 2135/62/1781 
f 2146/62/1792 2345/62/1986 2136/62/1782 2142/62/1788 
f 2147/62/1793 2146/62/1792 2142/62/1788 2152/62/1796 
f 2139/62/1785 2150/62/1795 2153/62/1797 2141/62/1787 
f 2249/304/1890 2251/5/1892 2179/5/1820 2178/307/1819 
f 2175/5/1817 2177/62/1818 2181/308/1822 2180/5/1821 
f 2250/5/1891 2249/304/1890 2178/307/1819 2183/310/1824 
f 2181/308/1822 2177/62/1818 2347/303/1988 2182/309/1823 
f 2163/314/1807 2185/312/1826 2184/311/1825 2160/315/1804 
f 2186/313/1827 2253/308/1894 2250/62/1891 2183/316/1824 
f 2252/62/1893 2247/62/1888 2147/62/1793 2152/62/1796 
f 2150/62/1795 2250/62/1891 2253/62/1894 2153/62/1797 
f 2348/62/1989 2087/62/1733 2086/62/1732 2085/62/1731 
f 2348/62/1989 2088/62/1734 2087/62/1733 
f 2060/59/1706 2349/59/1990 2126/279/1772 2061/279/1707 
f 2062/279/1708 2033/279/1679 2038/59/1684 2059/59/1705 
f 2064/60/1710 2350/60/1991 2351/282/1992 2065/282/1711 
f 2037/282/1683 2043/60/1689 2063/60/1709 2066/282/1712 
f 2122/61/1768 2352/286/1993 2068/286/1714 2067/61/1713 
f 2042/286/1688 2047/61/1693 2070/61/1716 2069/286/1715 
f 2072/62/1718 2346/62/1987 2123/289/1769 2073/289/1719 
f 2074/289/1720 2046/289/1692 2050/62/1696 2071/62/1717 
f 2073/289/1719 2123/289/1769 2122/61/1768 2067/61/1713 
f 2070/61/1716 2047/61/1693 2046/289/1692 2074/289/1720 
f 2061/279/1707 2126/279/1772 2128/58/1774 2075/58/1721 
f 2076/58/1722 2034/58/1680 2033/279/1679 2062/279/1708 
f 2065/282/1711 2351/282/1992 2349/59/1990 2060/59/1706 
f 2059/59/1705 2038/59/1684 2037/282/1683 2066/282/1712 
f 2352/286/1993 2350/60/1991 2064/60/1710 2068/286/1714 
f 2043/60/1689 2042/286/1688 2069/286/1715 2063/60/1709 
f 2243/63/1884 2114/291/1760 2079/291/1725 2078/63/1724 
f 2080/291/1726 2049/291/1695 2054/63/1700 2077/63/1723 
f 2119/49/1765 2118/294/1764 2082/294/1728 2081/49/1727 
f 2053/294/1699 2057/49/1703 2084/49/1730 2083/294/1729 
f 2079/291/1725 2114/291/1760 2117/62/1763 2085/62/1731 
f 2050/62/1696 2049/291/1695 2080/291/1726 2086/62/1732 
f 2118/294/1764 2243/63/1884 2078/63/1724 2082/294/1728 
f 2054/63/1700 2053/294/1699 2083/294/1729 2077/63/1723 
f 2346/62/1987 2072/62/1718 2088/62/1734 2133/62/1779 
f 2086/62/1732 2087/62/1733 2071/62/1717 2050/62/1696 
f 2075/58/1721 2128/58/1774 2109/304/1755 2102/304/1748 
f 2103/304/1749 2098/304/1744 2034/58/1680 2076/58/1722 
f 2102/304/1748 2109/304/1755 2108/303/1754 2104/303/1750 
f 2105/303/1751 2097/303/1743 2098/304/1744 2103/304/1749 
f 2104/303/1750 2108/303/1754 2112/5/1758 2106/5/1752 
f 2107/5/1753 2101/5/1747 2097/303/1743 2105/303/1751 
f 2191/5/1832 2192/5/1833 2194/5/1835 2193/5/1834 
f 2203/5/1844 2202/5/1843 2196/5/1837 2195/5/1836 
f 2220/5/1861 2219/5/1860 2222/5/1863 2221/5/1862 
f 2231/5/1872 2230/5/1871 2224/5/1865 2223/5/1864 
f 2219/5/1860 2191/5/1832 2193/5/1834 2222/5/1863 
f 2202/5/1843 2231/5/1872 2223/5/1864 2196/5/1837 
f 2112/5/1758 2203/5/1844 2195/5/1836 2106/5/1752 
f 2192/5/1833 2101/5/1747 2107/5/1753 2194/5/1835 
f 2259/5/1900 2260/5/1901 2263/5/1904 2258/5/1899 
f 2269/5/1910 2262/5/1903 2261/5/1902 2270/5/1911 
f 2258/5/1899 2263/5/1904 2286/5/1927 2284/5/1925 
f 2290/5/1931 2285/5/1926 2262/5/1903 2269/5/1910 
f 2270/5/1911 2261/5/1902 2224/5/1865 2230/5/1871 
f 2220/5/1861 2221/5/1862 2260/5/1901 2259/5/1900 
f 2290/5/1931 2302/5/1943 2299/5/1940 2285/5/1926 
f 2300/5/1941 2298/5/1939 2284/5/1925 2286/5/1927 
f 2314/5/1955 2316/5/1957 2319/5/1960 2315/5/1956 
f 2322/5/1963 2318/5/1959 2317/5/1958 2323/5/1964 
f 2323/5/1964 2317/5/1958 2299/5/1940 2302/5/1943 
f 2298/5/1939 2300/5/1941 2316/5/1957 2314/5/1955 
f 2134/62/1780 2348/62/1989 2085/62/1731 2117/62/1763 
f 2133/62/1779 2088/62/1734 2348/62/1989 2134/62/1780 
f 2164/304/1808 2167/303/1811 2155/303/1799 2154/304/1798 
f 2245/303/1886 2244/304/1885 2157/304/1801 2156/303/1800 
f 2167/303/1811 2169/5/1813 2158/5/1802 2155/303/1799 
f 2246/5/1887 2245/303/1886 2156/303/1800 2159/5/1803 
f 2347/304/1988 2170/304/1814 2161/304/1805 2160/304/1804 
f 2244/304/1885 2248/304/1889 2162/304/1806 2157/304/1801 
f 2185/312/1826 2252/307/1893 2253/308/1894 2186/313/1827 
f 2182/317/1823 2184/311/1825 2186/313/1827 2183/316/1824 
f 2197/5/1838 2200/5/1841 2206/5/1847 2205/5/1846 
f 2214/5/1855 2213/5/1854 2208/5/1849 2207/5/1848 
f 2226/5/1867 2225/5/1866 2234/5/1875 2233/5/1874 
f 2242/5/1883 2241/5/1882 2236/5/1877 2235/5/1876 
f 2225/5/1866 2197/5/1838 2205/5/1846 2234/5/1875 
f 2213/5/1854 2242/5/1883 2235/5/1876 2208/5/1849 
f 2169/5/1813 2214/5/1855 2207/5/1848 2158/5/1802 
f 2200/5/1841 2246/5/1887 2159/5/1803 2206/5/1847 
f 2267/5/1908 2272/5/1913 2275/5/1916 2264/5/1905 
f 2274/5/1915 2273/5/1914 2281/5/1922 2280/5/1921 
f 2264/5/1905 2275/5/1916 2292/5/1933 2287/5/1928 
f 2291/5/1932 2274/5/1915 2280/5/1921 2295/5/1936 
f 2281/5/1922 2273/5/1914 2236/5/1877 2241/5/1882 
f 2226/5/1867 2233/5/1874 2272/5/1913 2267/5/1908 
f 2295/5/1936 2308/5/1949 2305/5/1946 2291/5/1932 
f 2306/5/1947 2304/5/1945 2287/5/1928 2292/5/1933 
f 2326/5/1967 2329/5/1970 2328/5/1969 2327/5/1968 
f 2332/5/1973 2328/5/1969 2330/5/1971 2333/5/1974 
f 2333/5/1974 2330/5/1971 2305/5/1946 2308/5/1949 
f 2304/5/1945 2306/5/1947 2329/5/1970 2326/5/1967 
f 2247/304/1888 2252/307/1893 2185/312/1826 2163/314/1807 
f 2182/317/1823 2347/303/1988 2160/315/1804 2184/311/1825 
f 2353/5/387 2354/5/1994 2355/5/1995 2356/5/387 
f 2354/5/1994 2340/5/1981 2341/5/1982 2355/5/1995 
f 2338/5/1979 2337/5/1978 2354/5/1994 2353/5/387 
f 2343/5/1984 2344/5/1985 2356/5/387 2355/5/1995 
f 2337/5/1978 2339/5/1980 2340/5/1981 2354/5/1994 
f 2342/5/1983 2343/5/1984 2355/5/1995 2341/5/1982 
f 2125/60/1771 2349/59/1990 2351/282/1992 2350/60/1991 
f 2124/305/1770 2126/61/1772 2349/59/1990 2125/282/1771 
f 2123/282/1769 2346/62/1987 2127/306/1773 2124/305/1770 
f 2127/58/1773 2346/58/1987 2345/304/1986 2129/304/1775 
f 2345/304/1986 2146/304/1792 2137/304/1783 2129/304/1775 
f 2143/304/1789 2110/304/1756 2137/304/1783 2148/304/1794 
f 2154/304/1798 2157/304/1801 2162/304/1806 2161/304/1805 
f 2347/304/1988 2177/304/1818 2171/304/1815 2170/304/1814 
f 2172/304/1809 2165/304/1809 2171/304/1815 2176/304/1664 
f 2244/304/1885 2143/304/1789 2148/304/1794 2248/304/1889 
f 2164/304/1808 2154/304/1798 2161/304/1805 2170/304/1814 
f 2247/304/1888 2163/304/1807 2162/304/1806 2248/304/1889 
f 2352/286/1993 2122/61/1768 2125/60/1771 2350/60/1991 
f 2027/274/1673 2026/56/1672 2357/273/1996 2358/275/1997 
f 2359/57/1998 2360/277/1999 2361/276/2000 2362/278/2001 
f 2363/280/2002 2364/58/2003 2365/279/2004 2366/281/2005 
f 2367/283/2006 2368/59/2007 2369/282/2008 2370/284/2009 
f 2371/60/2010 2372/286/2011 2373/285/2012 2374/287/2013 
f 2375/61/2014 2376/289/2015 2377/288/2016 2378/290/2017 
f 2379/292/2018 2380/62/2019 2381/291/2020 2382/293/2021 
f 2383/295/2022 2384/63/2023 2385/294/2024 2386/296/2025 
f 2376/289/2015 2380/62/2019 2379/292/2018 2377/288/2016 
f 2382/293/2021 2381/291/2020 2384/63/2023 2383/295/2022 
f 2366/281/2005 2365/279/2004 2368/59/2007 2367/283/2006 
f 2370/284/2009 2369/282/2008 2371/60/2010 2374/287/2013 
f 2372/286/2011 2375/61/2014 2378/290/2017 2373/285/2012 
f 2385/294/2024 2057/49/1703 2058/297/1704 2386/296/2025 
f 2358/275/1997 2357/273/1996 2359/57/1998 2362/278/2001 
f 2360/277/1999 2364/58/2003 2363/280/2002 2361/276/2000 
f 2387/59/2026 2388/279/2027 2389/279/2028 2390/59/2029 
f 2391/60/2030 2392/282/2031 2393/282/2032 2394/60/2033 
f 2395/286/2034 2396/286/2035 2397/61/2036 2398/61/2037 
f 2399/62/2038 2400/289/2039 2401/289/2040 2402/62/2041 
f 2400/289/2039 2398/61/2037 2397/61/2036 2401/289/2040 
f 2388/279/2027 2403/58/2042 2404/58/2043 2389/279/2028 
f 2392/282/2031 2387/59/2026 2390/59/2029 2393/282/2032 
f 2391/60/2030 2394/60/2033 2396/286/2035 2395/286/2034 
f 2405/63/2044 2406/291/2045 2407/291/2046 2408/63/2047 
f 2409/294/2048 2410/294/2049 2081/49/1727 2084/49/1730 
f 2411/62/2050 2412/62/2051 2407/291/2046 2406/291/2045 
f 2405/63/2044 2408/63/2047 2410/294/2049 2409/294/2048 
f 2402/62/2041 2413/62/2052 2414/62/2053 2399/62/2038 
f 2415/298/2054 2092/60/1738 2091/49/1737 2416/299/2055 
f 2415/298/2054 2416/299/2055 2417/300/2056 2418/301/2057 
f 2418/301/2057 2417/300/2056 2419/302/2058 2420/61/2059 
f 2420/61/2059 2419/302/2058 2421/303/2060 2422/304/2061 
f 2416/299/2055 2091/49/1737 2099/5/1745 
f 2415/298/2054 2357/273/1996 2026/56/1672 2092/60/1738 
f 2416/299/2055 2099/5/1745 2423/5/2062 2417/300/2056 
f 2418/301/2057 2359/57/1998 2357/273/1996 2415/298/2054 
f 2419/302/2058 2417/300/2056 2423/5/2062 
f 2420/61/2059 2360/277/1999 2359/57/1998 2418/301/2057 
f 2419/302/2058 2423/5/2062 2424/5/2063 2421/303/2060 
f 2422/304/2061 2364/58/2003 2360/277/1999 2420/61/2059 
f 2403/58/2042 2425/304/2064 2426/304/2065 2404/58/2043 
f 2425/304/2064 2427/303/2066 2428/303/2067 2426/304/2065 
f 2427/303/2066 2429/5/2068 2430/5/2069 2428/303/2067 
f 2431/303/2070 2432/303/2071 2433/304/2072 2434/304/2073 
f 2435/5/2074 2436/5/2075 2432/303/2071 2431/303/2070 
f 2437/62/2076 2438/291/2077 2439/291/2078 2440/62/2079 
f 2441/294/2080 2438/294/2077 2120/49/1766 2119/49/1765 
f 2121/62/1767 2120/291/1766 2438/291/2077 2437/62/2076 
f 2442/60/2081 2443/282/2082 2444/305/2083 2445/282/2084 
f 2446/306/2085 2444/305/2083 2447/61/2086 2448/303/2087 
f 2449/304/2088 2446/58/2085 2448/58/2087 2434/304/2073 
f 2450/5/2089 2451/5/2090 2437/62/2076 2440/62/2079 
f 2451/5/2090 2132/5/1778 2121/62/1767 2437/62/2076 
f 2452/62/2091 2453/62/2092 2454/62/2093 2455/62/2094 
f 2433/304/2072 2456/304/2095 2449/304/2088 2434/304/2073 
f 2457/5/2096 2458/5/2097 2451/5/2090 2450/5/2089 
f 2458/5/2097 2140/5/1786 2132/5/1778 2451/5/2090 
f 2459/62/2098 2460/62/2099 2454/62/2093 2453/62/2092 
f 2432/303/2071 2461/303/2100 2462/304/2101 2433/304/2072 
f 2436/5/2075 2463/5/2102 2461/303/2100 2432/303/2071 
f 2464/304/2103 2456/304/2095 2465/304/2104 2466/304/2105 
f 2457/5/2096 2467/5/2106 2468/5/821 2458/5/2097 
f 2458/5/2097 2468/5/821 2151/5/400 2140/5/1786 
f 2460/62/2099 2459/62/2098 2469/62/2107 2470/62/2108 
f 2471/303/2109 2472/303/2110 2473/304/2111 2474/304/2112 
f 2475/5/2113 2476/5/2114 2472/303/2110 2471/303/2109 
f 2477/304/2115 2478/304/2116 2479/304/2117 2480/304/2118 
f 2481/303/1810 2482/304/2119 2483/304/2120 2484/303/2121 
f 2485/5/1816 2481/303/1810 2484/303/2121 2486/5/2122 
f 2482/304/2119 2487/304/2123 2488/304/2124 2483/304/2120 
f 2481/303/1810 2173/303/1810 2172/304/1809 2482/304/2119 
f 2485/5/1816 2174/5/1816 2173/303/1810 2481/303/1810 
f 2487/304/2123 2176/304/1664 2175/304/1817 2489/304/2125 
f 2180/5/1821 2179/5/1820 2490/307/2126 2491/308/2127 
f 2492/309/2128 2491/308/2127 2490/307/2126 2493/310/2129 
f 2494/311/2130 2495/313/2131 2496/312/2132 
f 2189/5/1830 2188/5/1829 2497/5/2133 2498/5/2134 
f 2498/5/2134 2497/5/2133 2499/5/2135 2500/5/2136 
f 2501/5/2137 2502/5/2138 2503/5/2139 2504/5/2140 
f 2505/5/2141 2506/5/2142 2507/5/2143 2508/5/2144 
f 2509/5/2145 2510/5/2146 2511/5/2147 2512/5/2148 
f 2513/5/2149 2514/5/2150 2515/5/2151 2516/5/2152 
f 2517/5/2153 2518/5/2154 2209/5/1850 2212/5/1853 
f 2519/5/2155 2520/5/2156 2518/5/2154 2517/5/2153 
f 2217/5/1858 2216/5/1857 2521/5/2157 2522/5/2158 
f 2188/5/1829 2217/5/1858 2522/5/2158 2497/5/2133 
f 2498/5/2134 2423/5/2062 2099/5/1745 2189/5/1830 
f 2523/5/2159 2522/5/2158 2521/5/2157 2524/5/2160 
f 2497/5/2133 2522/5/2158 2523/5/2159 2499/5/2135 
f 2500/5/2136 2424/5/2063 2423/5/2062 2498/5/2134 
f 2525/5/2161 2526/5/2162 2527/5/2163 2528/5/2164 
f 2504/5/2140 2503/5/2139 2526/5/2162 2525/5/2161 
f 2502/5/2138 2501/5/2137 2430/5/2069 2429/5/2068 
f 2529/5/2165 2530/5/2166 2531/5/2167 2532/5/2168 
f 2507/5/2143 2506/5/2142 2530/5/2166 2529/5/2165 
f 2512/5/2148 2505/5/2141 2463/5/2102 2436/5/2075 
f 2533/5/2169 2534/5/2170 2535/5/2171 2536/5/2172 
f 2510/5/2146 2533/5/2169 2536/5/2172 2511/5/2147 
f 2512/5/2148 2436/5/2075 2435/5/2074 2509/5/2145 
f 2537/5/2173 2538/5/2174 2539/5/2175 2540/5/2176 
f 2516/5/2152 2515/5/2151 2538/5/2174 2537/5/2173 
f 2514/5/2150 2513/5/2149 2476/5/2114 2475/5/2113 
f 2541/5/2177 2542/5/2178 2237/5/1878 2240/5/1881 
f 2518/5/2154 2541/5/2177 2240/5/1881 2209/5/1850 
f 2212/5/1853 2174/5/1816 2485/5/1816 2517/5/2153 
f 2543/5/2179 2544/5/2180 2542/5/2178 2541/5/2177 
f 2520/5/2156 2543/5/2179 2541/5/2177 2518/5/2154 
f 2517/5/2153 2485/5/1816 2486/5/2122 2519/5/2155 
f 2545/63/2181 2439/291/2078 2438/294/2077 2441/294/2080 
f 2461/303/2100 2546/303/2182 2547/304/2183 2462/304/2101 
f 2463/5/2102 2548/5/2184 2546/303/2182 2461/303/2100 
f 2465/304/2104 2549/304/2185 2550/304/2186 2466/304/2105 
f 2467/5/2106 2551/5/2187 2552/5/2188 2468/5/821 
f 2468/5/821 2552/5/2188 2251/5/1892 2151/5/400 
f 2470/62/2108 2469/62/2107 2553/62/2189 2554/62/2190 
f 2505/5/2141 2512/5/2148 2511/5/2147 2506/5/2142 
f 2531/5/2167 2530/5/2166 2536/5/2172 2535/5/2171 
f 2506/5/2142 2511/5/2147 2536/5/2172 2530/5/2166 
f 2505/5/2141 2508/5/2144 2548/5/2184 2463/5/2102 
f 2256/5/1897 2255/5/1896 2555/5/2191 2556/5/2192 
f 2556/5/2192 2555/5/2191 2557/5/2193 2558/5/2194 
f 2559/5/2195 2560/5/2196 2561/5/2197 2562/5/2198 
f 2563/5/2199 2564/5/2200 2565/5/2201 2566/5/2202 
f 2567/5/2203 2568/5/2204 2569/5/2205 2570/5/2206 
f 2571/5/2207 2572/5/2208 2573/5/2209 2574/5/2210 
f 2575/5/2211 2576/5/2212 2276/5/1917 2279/5/1920 
f 2577/5/2213 2578/5/2214 2576/5/2212 2575/5/2211 
f 2570/5/2206 2569/5/2205 2564/5/2200 2563/5/2199 
f 2255/5/1896 2283/5/1924 2579/5/2215 2555/5/2191 
f 2556/5/2192 2521/5/2157 2216/5/1857 2256/5/1897 
f 2555/5/2191 2579/5/2215 2580/5/2216 2557/5/2193 
f 2556/5/2192 2558/5/2194 2524/5/2160 2521/5/2157 
f 2560/5/2196 2581/5/2217 2582/5/2218 2561/5/2197 
f 2562/5/2198 2528/5/2164 2527/5/2163 2559/5/2195 
f 2564/5/2200 2583/5/2219 2584/5/2220 2565/5/2201 
f 2563/5/2199 2566/5/2202 2532/5/2168 2531/5/2167 
f 2569/5/2205 2568/5/2204 2585/5/2221 2586/5/2222 
f 2570/5/2206 2535/5/2171 2534/5/2170 2567/5/2203 
f 2572/5/2208 2587/5/2223 2588/5/2224 2573/5/2209 
f 2574/5/2210 2540/5/2176 2539/5/2175 2571/5/2207 
f 2576/5/2212 2589/5/2225 2293/5/1934 2276/5/1917 
f 2279/5/1920 2237/5/1878 2542/5/2178 2575/5/2211 
f 2578/5/2214 2590/5/2226 2589/5/2225 2576/5/2212 
f 2575/5/2211 2542/5/2178 2544/5/2180 2577/5/2213 
f 2569/5/2205 2586/5/2222 2583/5/2219 2564/5/2200 
f 2563/5/2199 2531/5/2167 2535/5/2171 2570/5/2206 
f 2297/5/1938 2591/5/2227 2579/5/2215 2283/5/1924 
f 2579/5/2215 2591/5/2227 2592/5/2228 2580/5/2216 
f 2593/5/2229 2594/5/2230 2582/5/2218 2581/5/2217 
f 2595/5/2231 2596/5/2232 2586/5/2222 2585/5/2221 
f 2596/5/2232 2597/5/2233 2583/5/2219 2586/5/2222 
f 2583/5/2219 2597/5/2233 2598/5/2234 2584/5/2220 
f 2599/5/2235 2600/5/2236 2588/5/2224 2587/5/2223 
f 2601/5/2237 2602/5/2238 2589/5/2225 2590/5/2226 
f 2602/5/2238 2309/5/1950 2293/5/1934 2589/5/2225 
f 2312/5/1953 2311/5/1952 2603/5/2239 2604/5/2240 
f 2605/5/2241 2604/5/2240 2603/5/2239 2606/5/2242 
f 2607/5/2243 2608/5/2244 2609/5/2245 2610/5/2246 
f 2611/5/2247 2612/5/2248 2613/5/2249 2614/5/2250 
f 2611/5/2247 2614/5/2250 2615/5/2251 2616/5/2252 
f 2617/5/2253 2616/5/2252 2615/5/2251 2618/5/2254 
f 2619/5/2255 2620/5/2256 2621/5/2257 
f 2622/5/2258 2623/5/2259 2624/5/2260 2625/5/2261 
f 2625/5/2261 2624/5/2260 2335/5/1976 2336/5/1977 
f 2311/5/1952 2338/5/1979 2626/5/2262 2603/5/2239 
f 2604/5/2240 2591/5/2227 2297/5/1938 2312/5/1953 
f 2603/5/2239 2626/5/2262 2627/5/2263 2606/5/2242 
f 2604/5/2240 2605/5/2241 2592/5/2228 2591/5/2227 
f 2613/5/2249 2609/5/2245 2608/5/2244 2606/5/2242 
f 2613/5/2249 2606/5/2242 2627/5/2263 
f 2610/5/2246 2594/5/2230 2593/5/2229 2607/5/2243 
f 2614/5/2250 2613/5/2249 2627/5/2263 2628/5/2264 
f 2612/5/2248 2611/5/2247 2596/5/2232 2595/5/2231 
f 2614/5/2250 2628/5/2264 2629/5/2265 2615/5/2251 
f 2616/5/2252 2597/5/2233 2596/5/2232 2611/5/2247 
f 2618/5/2254 2615/5/2251 2629/5/2265 2630/5/2266 
f 2616/5/2252 2617/5/2253 2598/5/2234 2597/5/2233 
f 2618/5/2254 2630/5/2266 2623/5/2259 2619/5/2255 
f 2620/5/2256 2600/5/2236 2599/5/2235 2621/5/2257 
f 2623/5/2259 2630/5/2266 2631/5/2267 2624/5/2260 
f 2625/5/2261 2602/5/2238 2601/5/2237 2622/5/2258 
f 2624/5/2260 2631/5/2267 2344/5/1985 2335/5/1976 
f 2336/5/1977 2309/5/1950 2602/5/2238 2625/5/2261 
f 2455/62/2094 2454/62/2093 2450/62/2089 2440/62/2079 
f 2452/62/2091 2632/62/2268 2633/62/2269 2453/62/2092 
f 2460/62/2099 2457/62/2096 2450/62/2089 2454/62/2093 
f 2453/62/2092 2633/62/2269 2464/62/2103 2459/62/2098 
f 2459/62/2098 2464/62/2103 2466/62/2105 2469/62/2107 
f 2470/62/2108 2467/62/2106 2457/62/2096 2460/62/2099 
f 2179/5/1820 2251/5/1892 2552/304/2188 2490/307/2126 
f 2491/308/2127 2489/62/2125 2175/5/1817 2180/5/1821 
f 2490/307/2126 2552/304/2188 2551/5/2187 2493/310/2129 
f 2491/308/2127 2492/309/2128 2634/303/2270 2489/62/2125 
f 2494/311/2130 2496/312/2132 2480/314/2118 2479/315/2117 
f 2493/316/2129 2551/62/2187 2554/308/2190 2495/313/2131 
f 2553/62/2189 2469/62/2107 2466/62/2105 2550/62/2186 
f 2554/62/2190 2551/62/2187 2467/62/2106 2470/62/2108 
f 2635/62/2271 2412/62/2051 2411/62/2050 2414/62/2053 
f 2635/62/2271 2414/62/2053 2413/62/2052 
f 2390/59/2029 2389/279/2028 2447/279/2086 2636/59/2272 
f 2388/279/2027 2387/59/2026 2368/59/2007 2365/279/2004 
f 2394/60/2033 2393/282/2032 2637/282/2273 2638/60/2274 
f 2391/60/2030 2371/60/2010 2369/282/2008 2392/282/2031 
f 2396/286/2035 2639/286/2275 2442/61/2081 2397/61/2036 
f 2398/61/2037 2375/61/2014 2372/286/2011 2395/286/2034 
f 2402/62/2041 2401/289/2040 2445/289/2084 2632/62/2268 
f 2400/289/2039 2399/62/2038 2380/62/2019 2376/289/2015 
f 2401/289/2040 2397/61/2036 2442/61/2081 2445/289/2084 
f 2398/61/2037 2400/289/2039 2376/289/2015 2375/61/2014 
f 2389/279/2028 2404/58/2043 2448/58/2087 2447/279/2086 
f 2403/58/2042 2388/279/2027 2365/279/2004 2364/58/2003 
f 2393/282/2032 2390/59/2029 2636/59/2272 2637/282/2273 
f 2387/59/2026 2392/282/2031 2369/282/2008 2368/59/2007 
f 2394/60/2033 2638/60/2274 2639/286/2275 2396/286/2035 
f 2395/286/2034 2372/286/2011 2371/60/2010 2391/60/2030 
f 2407/291/2046 2439/291/2078 2545/63/2181 2408/63/2047 
f 2406/291/2045 2405/63/2044 2384/63/2023 2381/291/2020 
f 2410/294/2049 2441/294/2080 2119/49/1765 2081/49/1727 
f 2084/49/1730 2057/49/1703 2385/294/2024 2409/294/2048 
f 2407/291/2046 2412/62/2051 2440/62/2079 2439/291/2078 
f 2406/291/2045 2381/291/2020 2380/62/2019 2411/62/2050 
f 2408/63/2047 2545/63/2181 2441/294/2080 2410/294/2049 
f 2409/294/2048 2385/294/2024 2384/63/2023 2405/63/2044 
f 2632/62/2268 2452/62/2091 2413/62/2052 2402/62/2041 
f 2411/62/2050 2380/62/2019 2399/62/2038 2414/62/2053 
f 2404/58/2043 2426/304/2065 2434/304/2073 2448/58/2087 
f 2425/304/2064 2403/58/2042 2364/58/2003 2422/304/2061 
f 2426/304/2065 2428/303/2067 2431/303/2070 2434/304/2073 
f 2427/303/2066 2425/304/2064 2422/304/2061 2421/303/2060 
f 2428/303/2067 2430/5/2069 2435/5/2074 2431/303/2070 
f 2429/5/2068 2427/303/2066 2421/303/2060 2424/5/2063 
f 2502/5/2138 2500/5/2136 2499/5/2135 2503/5/2139 
f 2504/5/2140 2510/5/2146 2509/5/2145 2501/5/2137 
f 2526/5/2162 2523/5/2159 2524/5/2160 2527/5/2163 
f 2528/5/2164 2534/5/2170 2533/5/2169 2525/5/2161 
f 2503/5/2139 2499/5/2135 2523/5/2159 2526/5/2162 
f 2525/5/2161 2533/5/2169 2510/5/2146 2504/5/2140 
f 2501/5/2137 2509/5/2145 2435/5/2074 2430/5/2069 
f 2429/5/2068 2424/5/2063 2500/5/2136 2502/5/2138 
f 2558/5/2194 2557/5/2193 2560/5/2196 2559/5/2195 
f 2568/5/2204 2567/5/2203 2562/5/2198 2561/5/2197 
f 2557/5/2193 2580/5/2216 2581/5/2217 2560/5/2196 
f 2585/5/2221 2568/5/2204 2561/5/2197 2582/5/2218 
f 2567/5/2203 2534/5/2170 2528/5/2164 2562/5/2198 
f 2524/5/2160 2558/5/2194 2559/5/2195 2527/5/2163 
f 2594/5/2230 2595/5/2231 2585/5/2221 2582/5/2218 
f 2593/5/2229 2581/5/2217 2580/5/2216 2592/5/2228 
f 2605/5/2241 2606/5/2242 2608/5/2244 2607/5/2243 
f 2613/5/2249 2612/5/2248 2610/5/2246 2609/5/2245 
f 2612/5/2248 2595/5/2231 2594/5/2230 2610/5/2246 
f 2592/5/2228 2605/5/2241 2607/5/2243 2593/5/2229 
f 2455/62/2094 2440/62/2079 2412/62/2051 2635/62/2271 
f 2452/62/2091 2455/62/2094 2635/62/2271 2413/62/2052 
f 2472/303/2110 2484/303/2121 2483/304/2120 2473/304/2111 
f 2474/304/2112 2547/304/2183 2546/303/2182 2471/303/2109 
f 2476/5/2114 2486/5/2122 2484/303/2121 2472/303/2110 
f 2471/303/2109 2546/303/2182 2548/5/2184 2475/5/2113 
f 2478/304/2116 2488/304/2124 2634/304/2270 2479/304/2117 
f 2477/304/2115 2549/304/2185 2547/304/2183 2474/304/2112 
f 2496/312/2132 2495/313/2131 2554/308/2190 2553/307/2189 
f 2495/313/2131 2494/311/2130 2492/317/2128 2493/316/2129 
f 2514/5/2150 2508/5/2144 2507/5/2143 2515/5/2151 
f 2516/5/2152 2520/5/2156 2519/5/2155 2513/5/2149 
f 2538/5/2174 2529/5/2165 2532/5/2168 2539/5/2175 
f 2540/5/2176 2544/5/2180 2543/5/2179 2537/5/2173 
f 2515/5/2151 2507/5/2143 2529/5/2165 2538/5/2174 
f 2537/5/2173 2543/5/2179 2520/5/2156 2516/5/2152 
f 2513/5/2149 2519/5/2155 2486/5/2122 2476/5/2114 
f 2475/5/2113 2548/5/2184 2508/5/2144 2514/5/2150 
f 2572/5/2208 2571/5/2207 2566/5/2202 2565/5/2201 
f 2577/5/2213 2574/5/2210 2573/5/2209 2578/5/2214 
f 2587/5/2223 2572/5/2208 2565/5/2201 2584/5/2220 
f 2578/5/2214 2573/5/2209 2588/5/2224 2590/5/2226 
f 2544/5/2180 2540/5/2176 2574/5/2210 2577/5/2213 
f 2566/5/2202 2571/5/2207 2539/5/2175 2532/5/2168 
f 2600/5/2236 2601/5/2237 2590/5/2226 2588/5/2224 
f 2599/5/2235 2587/5/2223 2584/5/2220 2598/5/2234 
f 2617/5/2253 2618/5/2254 2619/5/2255 2621/5/2257 
f 2623/5/2259 2622/5/2258 2620/5/2256 2619/5/2255 
f 2622/5/2258 2601/5/2237 2600/5/2236 2620/5/2256 
f 2598/5/2234 2617/5/2253 2621/5/2257 2599/5/2235 
f 2496/312/2132 2553/307/2189 2550/304/2186 2480/314/2118 
f 2479/315/2117 2634/303/2270 2492/317/2128 2494/311/2130 
f 2640/5/2276 2641/5/2277 2353/5/387 2356/5/387 
f 2629/5/2265 2628/5/2264 2641/5/2277 2640/5/2276 
f 2641/5/2277 2626/5/2262 2338/5/1979 2353/5/387 
f 2356/5/387 2344/5/1985 2631/5/2267 2640/5/2276 
f 2628/5/2264 2627/5/2263 2626/5/2262 2641/5/2277 
f 2640/5/2276 2631/5/2267 2630/5/2266 2629/5/2265 
f 2637/282/2273 2636/59/2272 2443/60/2082 2638/60/2274 
f 2444/305/2083 2443/282/2082 2636/59/2272 2447/61/2086 
f 2446/306/2085 2632/62/2268 2445/282/2084 2444/305/2083 
f 2446/58/2085 2449/304/2088 2633/304/2269 2632/58/2268 
f 2456/304/2095 2464/304/2103 2633/304/2269 2449/304/2088 
f 2456/304/2095 2433/304/2072 2462/304/2101 2465/304/2104 
f 2477/304/2115 2474/304/2112 2473/304/2111 2478/304/2116 
f 2487/304/2123 2489/304/2125 2634/304/2270 2488/304/2124 
f 2487/304/2123 2482/304/2119 2172/304/1809 2176/304/1664 
f 2465/304/2104 2462/304/2101 2547/304/2183 2549/304/2185 
f 2478/304/2116 2473/304/2111 2483/304/2120 2488/304/2124 
f 2477/304/2115 2480/304/2118 2550/304/2186 2549/304/2185 
f 2443/60/2082 2442/61/2081 2639/286/2275 2638/60/2274 
s 2
f 2642/318/2278 2643/34/2279 2644/319/2280 2645/318/2281 
f 2644/319/2280 2646/36/2282 2647/320/2283 2648/133/1634 
f 2647/320/2283 2649/38/2284 2648/133/1634 
f 2648/133/1634 2650/40/2285 2651/321/2286 2652/322/2286 
f 2651/321/2286 2653/42/2287 2652/322/2286 
f 2652/322/2286 2654/44/2288 2655/323/2289 2656/324/437 
f 2655/323/2289 2657/46/2290 2656/324/437 
f 2648/133/1634 2652/322/2286 2656/324/437 2645/318/2281 
f 2656/324/437 2658/17/2291 2659/324/2292 2660/323/2293 
f 2659/324/2292 2661/46/2294 2660/323/2293 
f 2660/323/2293 2662/44/2295 2663/322/2296 2664/321/2297 
f 2663/322/2296 2665/42/2298 2664/321/2297 
f 2656/324/437 2660/323/2293 2664/321/2297 2645/318/2281 
f 2664/321/2297 2666/40/2299 2667/133/2300 2668/320/2301 
f 2667/133/2300 2669/38/2302 2668/320/2301 
f 2668/320/2301 2670/36/2303 2671/319/2304 2645/318/2281 
f 2671/319/2304 2672/34/2305 2645/318/2281 
f 2664/321/2297 2668/320/2301 2645/318/2281 
f 2644/319/2280 2648/133/1634 2645/318/2281 
f 2673/32/2306 2642/318/2278 2645/318/2281 
f 2673/32/2306 2645/318/2281 2674/318/2289 2675/32/1634 
f 2642/318/2278 2673/32/2306 2675/32/1634 2676/318/2297 
f 2643/34/2279 2642/318/2278 2676/318/2297 2677/34/2307 
f 2644/319/2280 2643/34/2279 2677/34/2307 2678/319/1634 
f 2646/36/2282 2644/319/2280 2678/319/1634 2679/36/2308 
f 2647/320/2283 2646/36/2282 2679/36/2308 2680/320/1634 
f 2649/38/2284 2647/320/2283 2680/320/1634 2681/38/2309 
f 2648/133/1634 2649/38/2284 2681/38/2309 2682/133/1662 
f 2650/40/2285 2648/133/1634 2682/133/1662 2683/40/1662 
f 2651/321/2286 2650/40/2285 2683/40/1662 2684/321/1663 
f 2653/42/2287 2651/321/2286 2684/321/1663 2685/42/2310 
f 2652/322/2286 2653/42/2287 2685/42/2310 2686/322/437 
f 2654/44/2288 2652/322/2286 2686/322/437 2687/44/1634 
f 2655/323/2289 2654/44/2288 2687/44/1634 2688/323/437 
f 2657/46/2290 2655/323/2289 2688/323/437 2689/46/2311 
f 2656/324/437 2657/46/2290 2689/46/2311 2690/324/2297 
f 2658/17/2291 2656/324/437 2690/324/2297 2691/17/1634 
f 2659/324/2292 2658/17/2291 2691/17/1634 2692/324/2312 
f 2661/46/2294 2659/324/2292 2692/324/2312 2693/46/2301 
f 2660/323/2293 2661/46/2294 2693/46/2301 2694/323/1634 
f 2662/44/2295 2660/323/2293 2694/323/1634 2695/44/1634 
f 2663/322/2296 2662/44/2295 2695/44/1634 2696/322/1634 
f 2665/42/2298 2663/322/2296 2696/322/1634 2697/42/2286 
f 2664/321/2297 2665/42/2298 2697/42/2286 2698/321/1634 
f 2666/40/2299 2664/321/2297 2698/321/1634 2699/40/2293 
f 2667/133/2300 2666/40/2299 2699/40/2293 2700/133/1634 
f 2669/38/2302 2667/133/2300 2700/133/1634 2701/38/2313 
f 2668/320/2301 2669/38/2302 2701/38/2313 2702/320/437 
f 2670/36/2303 2668/320/2301 2702/320/437 2703/36/2314 
f 2671/319/2304 2670/36/2303 2703/36/2314 2704/319/1634 
f 2672/34/2305 2671/319/2304 2704/319/1634 2705/34/2315 
f 2645/318/2281 2672/34/2305 2705/34/2315 2674/318/2289 
s 1
f 2706/32/2316 2707/318/2317 2028/275/1674 2027/274/1673 
f 2032/278/1678 2708/34/2318 2709/319/2319 2029/276/1675 
f 2035/280/1681 2710/36/2320 2711/320/2321 2036/281/1682 
f 2712/38/2322 2713/133/2323 2040/284/1686 2039/283/1685 
f 2714/40/2324 2715/321/2325 2041/285/1687 2044/287/1690 
f 2716/42/2326 2717/322/2327 2045/288/1691 2048/290/1694 
f 2718/44/2328 2719/323/2329 2052/293/1698 2051/292/1697 
f 2720/46/1701 2721/324/2330 2056/296/1702 2055/295/1701 
f 2717/322/2327 2718/44/2328 2051/292/1697 2045/288/1691 
f 2719/323/2329 2720/46/1701 2055/295/1701 2052/293/1698 
f 2711/320/2321 2712/38/2322 2039/283/1685 2036/281/1682 
f 2713/133/2323 2714/40/2324 2044/287/1690 2040/284/1686 
f 2715/321/2325 2716/42/2326 2048/290/1694 2041/285/1687 
f 2721/324/2330 2722/17/2331 2058/297/1704 2056/296/1702 
f 2707/318/2317 2708/34/2318 2032/278/1678 2028/275/1674 
f 2029/276/1675 2709/319/2319 2710/36/2320 2035/280/1681 
f 2723/318/2332 2706/32/2316 2027/274/1673 2358/275/1997 
f 2724/319/2333 2725/34/2334 2362/278/2001 2361/276/2000 
f 2726/320/2335 2727/36/2336 2363/280/2002 2366/281/2005 
f 2728/133/2337 2729/38/2338 2367/283/2006 2370/284/2009 
f 2730/321/2339 2731/40/2340 2374/287/2013 2373/285/2012 
f 2732/322/2341 2733/42/2342 2378/290/2017 2377/288/2016 
f 2734/323/2343 2735/44/2344 2379/292/2018 2382/293/2021 
f 2736/324/2345 2737/46/2346 2383/295/2022 2386/296/2025 
f 2735/44/2344 2732/322/2341 2377/288/2016 2379/292/2018 
f 2737/46/2346 2734/323/2343 2382/293/2021 2383/295/2022 
f 2729/38/2338 2726/320/2335 2366/281/2005 2367/283/2006 
f 2731/40/2340 2728/133/2337 2370/284/2009 2374/287/2013 
f 2733/42/2342 2730/321/2339 2373/285/2012 2378/290/2017 
f 2722/17/2331 2736/324/2345 2386/296/2025 2058/297/1704 
f 2725/34/2334 2723/318/2332 2358/275/1997 2362/278/2001 
f 2727/36/2336 2724/319/2333 2361/276/2000 2363/280/2002 
s 2
f 2707/318/2297 2706/32/1634 2675/32/1634 2674/318/2289 
f 2706/32/1634 2723/318/2297 2676/318/2297 2675/32/1634 
f 2723/318/2297 2725/34/2347 2677/34/2307 2676/318/2297 
f 2725/34/2347 2724/319/1634 2678/319/1634 2677/34/2307 
f 2724/319/1634 2727/36/2348 2679/36/2308 2678/319/1634 
f 2727/36/2348 2726/320/1634 2680/320/1634 2679/36/2308 
f 2726/320/1634 2729/38/2309 2681/38/2309 2680/320/1634 
f 2729/38/2309 2728/133/1662 2682/133/1662 2681/38/2309 
f 2728/133/1662 2731/40/1662 2683/40/1662 2682/133/1662 
f 2731/40/1662 2730/321/1663 2684/321/1663 2683/40/1662 
f 2730/321/1663 2733/42/2310 2685/42/2310 2684/321/1663 
f 2733/42/2310 2732/322/437 2686/322/437 2685/42/2310 
f 2732/322/437 2735/44/1634 2687/44/1634 2686/322/437 
f 2735/44/1634 2734/323/437 2688/323/437 2687/44/1634 
f 2734/323/437 2737/46/2311 2689/46/2311 2688/323/437 
f 2737/46/2311 2736/324/2297 2690/324/2297 2689/46/2311 
f 2736/324/2297 2722/17/1634 2691/17/1634 2690/324/2297 
f 2722/17/1634 2721/324/2312 2692/324/2312 2691/17/1634 
f 2721/324/2312 2720/46/2301 2693/46/2301 2692/324/2312 
f 2720/46/2301 2719/323/1634 2694/323/1634 2693/46/2301 
f 2719/323/1634 2718/44/1634 2695/44/1634 2694/323/1634 
f 2718/44/1634 2717/322/1634 2696/322/1634 2695/44/1634 
f 2717/322/1634 2716/42/2286 2697/42/2286 2696/322/1634 
f 2716/42/2286 2715/321/1634 2698/321/1634 2697/42/2286 
f 2715/321/1634 2714/40/2293 2699/40/2293 2698/321/1634 
f 2714/40/2293 2713/133/437 2700/133/1634 2699/40/2293 
f 2713/133/437 2712/38/2349 2701/38/2313 2700/133/1634 
f 2712/38/2349 2711/320/437 2702/320/437 2701/38/2313 
f 2711/320/437 2710/36/2314 2703/36/2314 2702/320/437 
f 2710/36/2314 2709/319/437 2704/319/1634 2703/36/2314 
f 2709/319/437 2708/34/2315 2705/34/2315 2704/319/1634 
f 2708/34/2315 2707/318/2297 2674/318/2289 2705/34/2315 
s 1
f 2738/178/2350 2739/177/1223 2740/176/1224 2741/179/1225 
f 2742/182/2351 2743/181/2352 2744/180/2353 2745/183/2354 
f 2746/184/1230 2747/184/1155 2748/185/1154 2749/185/1231 
f 2750/171/1232 2751/171/1157 2747/184/1155 2746/184/1230 
f 2752/186/1233 2753/186/1159 2751/171/1157 2750/171/1232 
f 2754/168/1234 2755/168/1163 2756/187/1162 2757/187/1235 
f 2758/168/1236 2759/168/1165 2755/168/1163 2754/168/1234 
f 2760/188/1237 2761/190/1238 2762/189/1239 
f 2763/191/2355 2760/188/1237 2762/189/1239 2764/192/2356 
f 2765/193/1242 2766/195/1243 2761/190/1238 2767/194/1244 
f 2768/198/1245 2769/197/2357 2770/196/2358 2771/199/1248 
f 2772/202/1249 2773/201/1250 2774/200/1251 2775/203/1252 
f 2741/179/1225 2776/204/2359 2773/201/1250 2772/202/1249 
f 2740/176/1224 2777/205/1254 2776/204/2359 2741/179/1225 
f 2749/185/1231 2778/207/1255 2779/206/1256 2746/184/1230 
f 2746/184/1230 2779/206/1256 2780/208/1257 2750/171/1232 
f 2750/171/1232 2780/208/1257 2781/209/1258 2752/186/1233 
f 2757/187/1235 2782/211/2360 2783/210/1260 2754/168/1234 
f 2771/199/1248 2770/196/2358 2778/207/1255 2784/212/1261 
f 2773/201/1250 2780/208/1257 2779/206/1256 2774/200/1251 
f 2776/204/2359 2781/209/1258 2780/208/1257 2773/201/1250 
f 2777/205/1254 2782/211/2360 2781/209/1258 2776/204/2359 
f 2785/213/1262 2786/216/2361 2787/215/1264 2788/214/1265 
f 2788/214/1265 2789/218/1266 2790/217/1267 2785/213/1262 
f 2789/218/1266 2745/183/2354 2791/219/2362 2790/217/1267 
f 2745/183/2354 2744/180/2353 2792/220/2363 2791/219/2362 
f 2793/223/1270 2794/222/1271 2795/221/2364 2796/224/2365 
f 2758/168/1236 2797/226/1274 2794/225/1271 2793/168/1270 
f 2754/168/1234 2798/227/1275 2797/226/1274 2758/168/1236 
f 2765/193/1242 2799/229/1276 2800/228/1277 
f 2786/216/2361 2801/230/1278 2783/210/1260 2787/215/1264 
f 2765/193/1242 2802/232/1279 2803/231/1280 
f 2766/195/1243 2765/193/1242 2803/231/1280 2804/233/1281 
f 2805/234/1282 2766/195/1243 2804/233/1281 2806/235/1283 
f 2807/236/2366 2805/234/1282 2806/235/1283 2808/237/2367 
f 2809/240/2368 2810/239/2369 2811/238/1288 2812/241/1289 
f 2812/241/1289 2811/243/1288 2813/242/1290 2767/194/1244 
f 2767/194/1244 2813/242/1290 2799/229/1276 2765/193/1242 
f 2801/230/1278 2798/227/1275 2754/168/1234 2783/210/1260 
f 2802/232/1279 2765/193/1242 2800/228/1277 
f 2803/231/1280 2802/232/1279 2786/216/2361 2785/213/1262 
f 2785/213/1262 2790/217/1267 2804/233/1281 2803/231/1280 
f 2790/217/1267 2791/219/2362 2806/235/1283 2804/233/1281 
f 2791/219/2362 2792/220/2363 2808/237/2367 2806/235/1283 
f 2794/222/1271 2811/238/1288 2810/239/2369 2795/221/2364 
f 2797/226/1274 2813/242/1290 2811/243/1288 2794/225/1271 
f 2798/227/1275 2799/229/1276 2813/242/1290 2797/226/1274 
f 2798/227/1275 2801/230/1278 2800/228/1277 2799/229/1276 
f 2802/232/1279 2800/228/1277 2801/230/1278 2786/216/2361 
f 2762/189/1239 2761/190/1238 2766/195/1243 2805/234/1282 
f 2760/188/1237 2812/241/1289 2767/194/1244 2761/190/1238 
f 2764/192/2356 2762/189/1239 2805/234/1282 2807/236/2366 
f 2763/191/2355 2809/240/2368 2812/241/1289 2760/188/1237 
f 2759/168/1165 2758/168/1236 2793/168/1270 2814/168/2370 
f 2814/168/2370 2793/168/1270 2796/168/2365 2815/244/2371 
f 2816/176/1144 2817/177/1145 2818/178/2372 2819/179/1147 
f 2820/180/2373 2821/181/2374 2822/182/2375 2823/183/2376 
f 2824/184/1152 2825/185/1153 2748/185/1154 2747/184/1155 
f 2826/171/1156 2824/184/1152 2747/184/1155 2751/171/1157 
f 2827/186/1158 2826/171/1156 2751/171/1157 2753/186/1159 
f 2828/168/1160 2829/187/1161 2756/187/1162 2755/168/1163 
f 2830/168/1164 2828/168/1160 2755/168/1163 2759/168/1165 
f 2831/188/1166 2832/189/1167 2833/190/1168 
f 2834/191/2377 2835/192/2378 2832/189/1167 2831/188/1166 
f 2836/193/1171 2837/194/1172 2833/190/1168 2838/195/1173 
f 2839/198/1176 2840/199/1177 2841/196/2379 2842/197/1175 
f 2843/200/2380 2844/201/1179 2845/202/1180 2846/203/2381 
f 2844/201/1179 2847/204/1182 2819/179/1147 2845/202/1180 
f 2847/204/1182 2848/205/2382 2816/176/1144 2819/179/1147 
f 2849/206/1184 2850/207/1185 2825/185/1153 2824/184/1152 
f 2851/208/1186 2849/206/1184 2824/184/1152 2826/171/1156 
f 2852/209/1187 2851/208/1186 2826/171/1156 2827/186/1158 
f 2853/210/1188 2854/211/2383 2829/187/1161 2828/168/1160 
f 2855/212/1190 2850/207/1185 2841/196/2379 2840/199/1177 
f 2849/206/1184 2851/208/1186 2844/201/1179 2843/200/2380 
f 2851/208/1186 2852/209/1187 2847/204/1182 2844/201/1179 
f 2852/209/1187 2854/211/2383 2848/205/2382 2847/204/1182 
f 2856/213/2384 2857/214/1192 2858/215/1193 2859/216/2385 
f 2857/214/1192 2856/213/2384 2860/217/1195 2861/218/2386 
f 2861/218/2386 2860/217/1195 2862/219/2387 2823/183/2376 
f 2823/183/2376 2862/219/2387 2863/220/2388 2820/180/2373 
f 2864/221/2389 2865/222/1200 2866/223/1201 2867/224/2390 
f 2865/225/1200 2868/226/1203 2830/168/1164 2866/168/1201 
f 2868/226/1203 2869/227/1204 2828/168/1160 2830/168/1164 
f 2836/193/1171 2870/228/1205 2871/229/1206 
f 2859/216/2385 2858/215/1193 2853/210/1188 2872/230/1207 
f 2836/193/1171 2873/231/1208 2874/232/1209 
f 2838/195/1173 2875/233/2391 2873/231/1208 2836/193/1171 
f 2876/234/1211 2877/235/1212 2875/233/2391 2838/195/1173 
f 2878/236/2392 2879/237/2393 2877/235/1212 2876/234/1211 
f 2880/238/1215 2881/239/2394 2882/240/2395 2883/241/1218 
f 2884/242/1219 2880/243/1215 2883/241/1218 2837/194/1172 
f 2871/229/1206 2884/242/1219 2837/194/1172 2836/193/1171 
f 2872/230/1207 2853/210/1188 2828/168/1160 2869/227/1204 
f 2874/232/1209 2870/228/1205 2836/193/1171 
f 2873/231/1208 2856/213/2384 2859/216/2385 2874/232/1209 
f 2856/213/2384 2873/231/1208 2875/233/2391 2860/217/1195 
f 2860/217/1195 2875/233/2391 2877/235/1212 2862/219/2387 
f 2862/219/2387 2877/235/1212 2879/237/2393 2863/220/2388 
f 2881/239/2394 2880/238/1215 2865/222/1200 2864/221/2389 
f 2880/243/1215 2884/242/1219 2868/226/1203 2865/225/1200 
f 2884/242/1219 2871/229/1206 2869/227/1204 2868/226/1203 
f 2869/227/1204 2871/229/1206 2870/228/1205 2872/230/1207 
f 2874/232/1209 2859/216/2385 2872/230/1207 2870/228/1205 
f 2832/189/1167 2876/234/1211 2838/195/1173 2833/190/1168 
f 2837/194/1172 2883/241/1218 2831/188/1166 2833/190/1168 
f 2835/192/2378 2878/236/2392 2876/234/1211 2832/189/1167 
f 2883/241/1218 2882/240/2395 2834/191/2377 2831/188/1166 
f 2866/168/1201 2830/168/1164 2759/168/1165 2814/168/2370 
f 2867/168/2390 2866/168/1201 2814/168/2370 2815/244/2371 
f 2885/245/2396 2742/182/2351 2745/183/2354 2789/218/1266 
f 2886/246/1298 2738/178/2350 2741/179/1225 2772/202/1249 
f 2887/248/2397 2888/247/1299 2769/197/2357 2768/198/1245 
f 2889/249/1300 2886/246/1298 2772/202/1249 2775/203/1252 
f 2890/250/1301 2885/245/2396 2789/218/1266 2788/214/1265 
f 2891/245/1291 2861/218/2386 2823/183/2376 2822/182/2375 
f 2892/246/2398 2845/202/1180 2819/179/1147 2818/178/2372 
f 2893/247/1293 2842/197/1175 2846/203/2381 2894/249/1295 
f 2894/249/1295 2846/203/2381 2845/202/1180 2892/246/2398 
f 2895/250/2399 2857/214/1192 2861/218/2386 2891/245/1291 
f 2896/176/1376 2739/177/1223 2738/178/2350 2897/179/1377 
f 2898/180/2400 2743/181/2352 2742/182/2351 2899/183/2401 
f 2900/184/1380 2901/185/1381 2902/185/1308 2903/184/1307 
f 2904/171/1382 2900/184/1380 2903/184/1307 2905/171/2402 
f 2906/186/1383 2904/171/1382 2905/171/2402 2907/186/2403 
f 2908/168/1384 2909/187/1385 2910/187/2404 2911/168/1315 
f 2912/168/1386 2908/168/1384 2911/168/1315 2913/168/2405 
f 2914/188/2406 2915/189/2407 2916/190/1389 
f 2917/191/2408 2918/192/2409 2915/189/2407 2914/188/2406 
f 2919/193/1392 2920/194/1393 2916/190/1389 2921/195/1394 
f 2922/198/1397 2923/199/1398 2924/196/2410 2925/197/1396 
f 2926/200/2411 2927/201/1400 2928/202/2412 2929/203/2413 
f 2927/201/1400 2930/204/1403 2897/179/1377 2928/202/2412 
f 2930/204/1403 2931/205/1404 2896/176/1376 2897/179/1377 
f 2932/206/1405 2933/207/1406 2901/185/1381 2900/184/1380 
f 2934/208/1407 2932/206/1405 2900/184/1380 2904/171/1382 
f 2935/209/1408 2934/208/1407 2904/171/1382 2906/186/1383 
f 2936/210/1409 2937/211/2414 2909/187/1385 2908/168/1384 
f 2938/212/1411 2933/207/1406 2924/196/2410 2923/199/1398 
f 2932/206/1405 2934/208/1407 2927/201/1400 2926/200/2411 
f 2934/208/1407 2935/209/1408 2930/204/1403 2927/201/1400 
f 2935/209/1408 2937/211/2414 2931/205/1404 2930/204/1403 
f 2939/213/1412 2940/214/1413 2941/215/1414 2942/216/2415 
f 2940/214/1413 2939/213/1412 2943/217/1416 2944/218/1417 
f 2944/218/1417 2943/217/1416 2945/219/1418 2899/183/2401 
f 2899/183/2401 2945/219/1418 2946/220/2416 2898/180/2400 
f 2947/221/2417 2948/222/2418 2949/223/2419 2950/224/2420 
f 2948/225/2418 2951/226/1424 2912/168/1386 2949/168/2419 
f 2951/226/1424 2952/227/1425 2908/168/1384 2912/168/1386 
f 2919/193/1392 2953/228/1426 2954/229/1427 
f 2942/216/2415 2941/215/1414 2936/210/1409 2955/230/1428 
f 2919/193/1392 2956/231/1429 2957/232/1430 
f 2921/195/1394 2958/233/1431 2956/231/1429 2919/193/1392 
f 2959/234/1432 2960/235/2421 2958/233/1431 2921/195/1394 
f 2961/236/2422 2962/237/2423 2960/235/2421 2959/234/1432 
f 2963/238/2424 2964/239/2425 2965/240/2426 2966/241/2427 
f 2967/242/1440 2963/243/2424 2966/241/2427 2920/194/1393 
f 2954/229/1427 2967/242/1440 2920/194/1393 2919/193/1392 
f 2955/230/1428 2936/210/1409 2908/168/1384 2952/227/1425 
f 2957/232/1430 2953/228/1426 2919/193/1392 
f 2956/231/1429 2939/213/1412 2942/216/2415 2957/232/1430 
f 2939/213/1412 2956/231/1429 2958/233/1431 2943/217/1416 
f 2943/217/1416 2958/233/1431 2960/235/2421 2945/219/1418 
f 2945/219/1418 2960/235/2421 2962/237/2423 2946/220/2416 
f 2964/239/2425 2963/238/2424 2948/222/2418 2947/221/2417 
f 2963/243/2424 2967/242/1440 2951/226/1424 2948/225/2418 
f 2967/242/1440 2954/229/1427 2952/227/1425 2951/226/1424 
f 2952/227/1425 2954/229/1427 2953/228/1426 2955/230/1428 
f 2957/232/1430 2942/216/2415 2955/230/1428 2953/228/1426 
f 2915/189/2407 2959/234/1432 2921/195/1394 2916/190/1389 
f 2920/194/1393 2966/241/2427 2914/188/2406 2916/190/1389 
f 2918/192/2409 2961/236/2422 2959/234/1432 2915/189/2407 
f 2966/241/2427 2965/240/2426 2917/191/2408 2914/188/2406 
f 2949/168/2419 2912/168/1386 2913/168/2405 2968/168/2428 
f 2950/168/2420 2949/168/2419 2968/168/2428 2969/244/2429 
f 2818/178/2372 2817/177/1145 2970/176/1302 2971/179/1303 
f 2822/182/2375 2821/181/2374 2972/180/2430 2973/183/2431 
f 2974/184/1306 2903/184/1307 2902/185/1308 2975/185/1309 
f 2976/171/1310 2905/171/2402 2903/184/1307 2974/184/1306 
f 2977/186/1312 2907/186/2403 2905/171/2402 2976/171/1310 
f 2978/168/1314 2911/168/1315 2910/187/2404 2979/187/1317 
f 2980/168/1318 2913/168/2405 2911/168/1315 2978/168/1314 
f 2981/188/2432 2982/190/1321 2983/189/2433 
f 2984/191/2434 2981/188/2432 2983/189/2433 2985/192/2435 
f 2986/193/1325 2987/195/1326 2982/190/1321 2988/194/1327 
f 2989/198/1328 2990/197/2436 2991/196/1330 2992/199/1331 
f 2993/202/1332 2994/201/1333 2995/200/2437 2996/203/2438 
f 2971/179/1303 2997/204/1336 2994/201/1333 2993/202/1332 
f 2970/176/1302 2998/205/2439 2997/204/1336 2971/179/1303 
f 2975/185/1309 2999/207/1338 3000/206/1339 2974/184/1306 
f 2974/184/1306 3000/206/1339 3001/208/1340 2976/171/1310 
f 2976/171/1310 3001/208/1340 3002/209/1341 2977/186/1312 
f 2979/187/1317 3003/211/1342 3004/210/1343 2978/168/1314 
f 2992/199/1331 2991/196/1330 2999/207/1338 3005/212/1344 
f 2994/201/1333 3001/208/1340 3000/206/1339 2995/200/2437 
f 2997/204/1336 3002/209/1341 3001/208/1340 2994/201/1333 
f 2998/205/2439 3003/211/1342 3002/209/1341 2997/204/1336 
f 3006/213/2440 3007/216/2441 3008/215/1347 3009/214/1348 
f 3009/214/1348 3010/218/2442 3011/217/1350 3006/213/2440 
f 3010/218/2442 2973/183/2431 3012/219/1351 3011/217/1350 
f 2973/183/2431 2972/180/2430 3013/220/2443 3012/219/1351 
f 3014/223/2444 3015/222/2445 3016/221/2446 3017/224/2447 
f 2980/168/1318 3018/226/1357 3015/225/2445 3014/168/2444 
f 2978/168/1314 3019/227/1358 3018/226/1357 2980/168/1318 
f 2986/193/1325 3020/229/2448 3021/228/1360 
f 3007/216/2441 3022/230/1361 3004/210/1343 3008/215/1347 
f 2986/193/1325 3023/232/1362 3024/231/1363 
f 2987/195/1326 2986/193/1325 3024/231/1363 3025/233/1364 
f 3026/234/1365 2987/195/1326 3025/233/1364 3027/235/2449 
f 3028/236/2450 3026/234/1365 3027/235/2449 3029/237/2451 
f 3030/240/2452 3031/239/2453 3032/238/2454 3033/241/2455 
f 3033/241/2455 3032/243/2454 3034/242/1373 2988/194/1327 
f 2988/194/1327 3034/242/1373 3020/229/2448 2986/193/1325 
f 3022/230/1361 3019/227/1358 2978/168/1314 3004/210/1343 
f 3023/232/1362 2986/193/1325 3021/228/1360 
f 3024/231/1363 3023/232/1362 3007/216/2441 3006/213/2440 
f 3006/213/2440 3011/217/1350 3025/233/1364 3024/231/1363 
f 3011/217/1350 3012/219/1351 3027/235/2449 3025/233/1364 
f 3012/219/1351 3013/220/2443 3029/237/2451 3027/235/2449 
f 3015/222/2445 3032/238/2454 3031/239/2453 3016/221/2446 
f 3018/226/1357 3034/242/1373 3032/243/2454 3015/225/2445 
f 3019/227/1358 3020/229/2448 3034/242/1373 3018/226/1357 
f 3019/227/1358 3022/230/1361 3021/228/1360 3020/229/2448 
f 3023/232/1362 3021/228/1360 3022/230/1361 3007/216/2441 
f 2983/189/2433 2982/190/1321 2987/195/1326 3026/234/1365 
f 2981/188/2432 3033/241/2455 2988/194/1327 2982/190/1321 
f 2985/192/2435 2983/189/2433 3026/234/1365 3028/236/2450 
f 2984/191/2434 3030/240/2452 3033/241/2455 2981/188/2432 
f 2913/168/2405 2980/168/1318 3014/168/2444 2968/168/2428 
f 2968/168/2428 3014/168/2444 3017/168/2447 2969/244/2429 
f 2885/245/2396 2944/218/1417 2899/183/2401 2742/182/2351 
f 2886/246/1298 2928/202/2412 2897/179/1377 2738/178/2350 
f 2887/248/2397 2922/198/1397 2925/197/1396 2888/247/1299 
f 2889/249/1300 2929/203/2413 2928/202/2412 2886/246/1298 
f 2890/250/1301 2940/214/1413 2944/218/1417 2885/245/2396 
f 2973/183/2431 3010/218/2442 2891/245/1291 2822/182/2375 
f 2971/179/1303 2993/202/1332 2892/246/2398 2818/178/2372 
f 2996/203/2438 2990/197/2436 2893/247/1293 2894/249/1295 
f 2993/202/1332 2996/203/2438 2894/249/1295 2892/246/2398 
f 3010/218/2442 3009/214/1348 2895/250/2399 2891/245/1291 
f 3035/181/2456 3036/181/2457 3037/180/2458 3038/180/2459 
f 3039/191/2460 3040/191/2461 3041/240/2462 3042/240/2463 
f 3043/236/2464 3044/237/2465 3045/237/2466 3046/236/2467 
f 3047/221/2468 3048/221/2469 3049/224/2470 3050/224/2471 
f 3038/180/2459 3037/180/2458 3051/220/2472 3052/220/2473 
f 3042/240/2463 3041/240/2462 3053/239/2474 3054/239/2475 
f 3044/237/2465 3052/220/2473 3051/220/2472 3045/237/2466 
f 3054/239/2475 3053/239/2474 3048/221/2469 3047/221/2468 
f 3039/191/2460 3055/192/2476 3056/192/2477 3040/191/2461 
f 3055/192/2476 3043/236/2464 3046/236/2467 3056/192/2477 
f 3057/244/2478 3050/168/2471 3049/168/2470 3058/244/2479 
f 3059/191/2480 3060/191/2481 3061/192/2482 3062/192/2483 
f 3063/220/2484 3064/220/2485 3065/180/2486 3066/180/2487 
f 3067/221/2488 3068/224/2489 3069/224/2490 3070/221/2491 
f 3071/236/2492 3072/236/2493 3073/237/2494 3074/237/2495 
f 3075/240/2496 3076/239/2497 3077/239/2498 3078/240/2499 
f 3074/237/2495 3073/237/2494 3064/220/2485 3063/220/2484 
f 3076/239/2497 3067/221/2488 3070/221/2491 3077/239/2498 
f 3062/192/2483 3061/192/2482 3072/236/2493 3071/236/2492 
f 3059/191/2480 3075/240/2496 3078/240/2499 3060/191/2481 
f 3057/244/2478 3058/244/2479 3069/168/2490 3068/168/2489 
f 3079/181/2500 3066/180/2487 3065/180/2486 3080/181/2501 
f 3035/181/2456 3081/180/2502 3082/180/2503 3036/181/2457 
f 3083/191/2504 3084/191/2505 3085/192/2506 3086/192/2507 
f 3087/220/2508 3088/220/2509 3082/180/2503 3081/180/2502 
f 3089/221/2510 3090/224/2511 3091/224/2512 3092/221/2513 
f 3093/236/2514 3094/236/2515 3095/237/2516 3096/237/2517 
f 3097/240/2518 3098/239/2519 3099/239/2520 3100/240/2521 
f 3096/237/2517 3095/237/2516 3088/220/2509 3087/220/2508 
f 3098/239/2519 3089/221/2510 3092/221/2513 3099/239/2520 
f 3086/192/2507 3085/192/2506 3094/236/2515 3093/236/2514 
f 3083/191/2504 3097/240/2518 3100/240/2521 3084/191/2505 
f 3101/244/2522 3102/244/2523 3091/168/2512 3090/168/2511 
f 3079/181/2500 3080/181/2501 3103/180/2524 3104/180/2525 
f 3105/191/2526 3106/192/2527 3107/192/2528 3108/191/2529 
f 3104/180/2525 3103/180/2524 3109/220/2530 3110/220/2531 
f 3111/221/2532 3112/221/2533 3113/224/2534 3114/224/2535 
f 3115/236/2536 3116/237/2537 3117/237/2538 3118/236/2539 
f 3119/240/2540 3120/240/2541 3121/239/2542 3122/239/2543 
f 3116/237/2537 3110/220/2531 3109/220/2530 3117/237/2538 
f 3122/239/2543 3121/239/2542 3112/221/2533 3111/221/2532 
f 3106/192/2527 3115/236/2536 3118/236/2539 3107/192/2528 
f 3105/191/2526 3108/191/2529 3120/240/2541 3119/240/2540 
f 3101/244/2522 3114/168/2535 3113/168/2534 3102/244/2523 
f 3123/181/2544 3124/180/2545 3125/180/2546 3126/181/2547 
f 3127/191/2548 3128/240/2549 3129/240/2550 3130/191/2551 
f 3131/237/2552 3132/236/2553 3133/236/2554 3134/237/2555 
f 3135/221/2556 3136/224/2557 3137/224/2558 3138/221/2559 
f 3124/180/2545 3139/220/2560 3140/220/2561 3125/180/2546 
f 3128/240/2549 3141/239/2562 3142/239/2563 3129/240/2550 
f 3139/220/2560 3131/237/2552 3134/237/2555 3140/220/2561 
f 3141/239/2562 3135/221/2556 3138/221/2559 3142/239/2563 
f 3143/192/2564 3127/191/2548 3130/191/2551 3144/192/2565 
f 3132/236/2553 3143/192/2564 3144/192/2565 3133/236/2554 
f 3136/168/2557 3145/244/2566 3146/244/2567 3137/168/2558 
f 3147/191/2568 3148/192/2569 3149/192/2570 3150/191/2571 
f 3151/220/2572 3152/180/2573 3153/180/2574 3154/220/2575 
f 3155/224/2576 3156/221/2577 3157/221/2578 3158/224/2579 
f 3159/236/2580 3160/237/2581 3161/237/2582 3162/236/2583 
f 3163/239/2584 3164/240/2585 3165/240/2586 3166/239/2587 
f 3160/237/2581 3151/220/2572 3154/220/2575 3161/237/2582 
f 3156/221/2577 3163/239/2584 3166/239/2587 3157/221/2578 
f 3148/192/2569 3159/236/2580 3162/236/2583 3149/192/2570 
f 3164/240/2585 3147/191/2568 3150/191/2571 3165/240/2586 
f 3145/244/2566 3155/168/2576 3158/168/2579 3146/244/2567 
f 3152/180/2573 3167/181/2588 3168/181/2589 3153/180/2574 
f 3169/180/2590 3123/181/2544 3126/181/2547 3170/180/2591 
f 3171/191/2592 3172/192/2593 3173/192/2594 3174/191/2595 
f 3175/220/2596 3169/180/2590 3170/180/2591 3176/220/2597 
f 3177/224/2598 3178/221/2599 3179/221/2600 3180/224/2601 
f 3181/236/2602 3182/237/2603 3183/237/2604 3184/236/2605 
f 3185/239/1614 3186/240/2606 3187/240/2607 3188/239/2608 
f 3183/237/2604 3182/237/2603 3175/220/2596 3176/220/2597 
f 3178/221/2599 3185/239/1614 3188/239/2608 3179/221/2600 
f 3172/192/2593 3181/236/2602 3184/236/2605 3173/192/2594 
f 3186/240/2606 3171/191/2592 3174/191/2595 3187/240/2607 
f 3189/244/2609 3177/168/2598 3180/168/2601 3190/244/2610 
f 3167/181/2588 3191/180/2611 3192/180/2612 3168/181/2589 
f 3193/192/2613 3194/191/1579 3195/191/2614 3196/192/2615 
f 3191/180/2611 3197/220/2616 3198/220/2617 3192/180/2612 
f 3199/221/2618 3200/224/2619 3201/224/2620 3202/221/2621 
f 3203/237/2622 3204/236/2623 3205/236/2624 3206/237/2625 
f 3207/240/2626 3208/239/1593 3209/239/2627 3210/240/2628 
f 3197/220/2616 3203/237/2622 3206/237/2625 3198/220/2617 
f 3208/239/1593 3199/221/2618 3202/221/2621 3209/239/2627 
f 3204/236/2623 3193/192/2613 3196/192/2615 3205/236/2624 
f 3194/191/1579 3207/240/2626 3210/240/2628 3195/191/2614 
f 3200/168/2619 3189/244/2609 3190/244/2610 3201/168/2620 
f 3182/237/2603 3181/236/2602 3172/192/2593 3175/220/2596 
f 3169/180/2590 3175/220/2596 3172/192/2593 3123/181/2544 
f 3124/180/2545 3123/181/2544 3172/192/2593 3189/244/2609 
f 3172/192/2593 3171/191/2592 3186/240/2606 3185/239/1614 
f 3172/192/2593 3185/239/1614 3178/221/2599 3177/168/2598 
f 3172/192/2593 3177/168/2598 3189/244/2609 
f 3208/239/1593 3207/240/2626 3194/191/1579 3199/221/2618 
f 3200/224/2619 3199/221/2618 3194/191/1579 3189/244/2609 
f 3194/191/1579 3193/192/2613 3204/236/2623 3203/237/2622 
f 3194/191/1579 3203/237/2622 3197/220/2616 3191/180/2611 
f 3189/244/2609 3194/191/1579 3191/180/2611 3148/192/2569 
f 3160/237/2581 3159/236/2580 3148/192/2569 3151/220/2572 
f 3152/180/2573 3151/220/2572 3148/192/2569 3167/181/2588 
f 3191/180/2611 3167/181/2588 3148/192/2569 
f 3124/180/2545 3189/244/2609 3148/192/2569 3145/244/2566 
f 3148/192/2569 3147/191/2568 3164/240/2585 3163/239/2584 
f 3148/192/2569 3163/239/2584 3156/221/2577 3155/168/2576 
f 3148/192/2569 3155/168/2576 3145/244/2566 
f 3141/239/2562 3128/240/2549 3127/191/2548 3135/221/2556 
f 3136/224/2557 3135/221/2556 3127/191/2548 3145/244/2566 
f 3124/180/2545 3145/244/2566 3127/191/2548 3139/220/2560 
f 3127/191/2548 3143/192/2564 3132/236/2553 3131/237/2552 
f 3127/191/2548 3131/237/2552 3139/220/2560 
f 3036/181/2457 3126/181/2547 3125/180/2546 3037/180/2458 
f 3038/180/2459 2744/180/2353 2743/181/2352 3035/181/2456 
f 3040/191/2461 3130/191/2551 3129/240/2550 3041/240/2462 
f 3042/240/2463 2809/240/2368 2763/191/2355 3039/191/2460 
f 3046/236/2467 3045/237/2466 3134/237/2555 3133/236/2554 
f 3044/237/2465 3043/236/2464 2807/236/2366 2808/237/2367 
f 3048/221/2469 3138/221/2559 3137/224/2558 3049/224/2470 
f 3050/224/2471 2796/224/2365 2795/221/2364 3047/221/2468 
f 3037/180/2458 3125/180/2546 3140/220/2561 3051/220/2472 
f 3052/220/2473 2792/220/2363 2744/180/2353 3038/180/2459 
f 3041/240/2462 3129/240/2550 3142/239/2563 3053/239/2474 
f 3054/239/2475 2810/239/2369 2809/240/2368 3042/240/2463 
f 3045/237/2466 3051/220/2472 3140/220/2561 3134/237/2555 
f 3052/220/2473 3044/237/2465 2808/237/2367 2792/220/2363 
f 3053/239/2474 3142/239/2563 3138/221/2559 3048/221/2469 
f 3047/221/2468 2795/221/2364 2810/239/2369 3054/239/2475 
f 3040/191/2461 3056/192/2477 3144/192/2565 3130/191/2551 
f 3055/192/2476 3039/191/2460 2763/191/2355 2764/192/2356 
f 3056/192/2477 3046/236/2467 3133/236/2554 3144/192/2565 
f 3043/236/2464 3055/192/2476 2764/192/2356 2807/236/2366 
f 3058/244/2479 3049/168/2470 3137/168/2558 3146/244/2567 
f 3050/168/2471 3057/244/2478 2815/244/2371 2796/168/2365 
f 3060/191/2481 3150/191/2571 3149/192/2570 3061/192/2482 
f 3062/192/2483 2835/192/2378 2834/191/2377 3059/191/2480 
f 3064/220/2485 3154/220/2575 3153/180/2574 3065/180/2486 
f 3063/220/2484 3066/180/2487 2820/180/2373 2863/220/2388 
f 3070/221/2491 3069/224/2490 3158/224/2579 3157/221/2578 
f 3067/221/2488 2864/221/2389 2867/224/2390 3068/224/2489 
f 3072/236/2493 3162/236/2583 3161/237/2582 3073/237/2494 
f 3074/237/2495 2879/237/2393 2878/236/2392 3071/236/2492 
f 3078/240/2499 3077/239/2498 3166/239/2587 3165/240/2586 
f 3076/239/2497 3075/240/2496 2882/240/2395 2881/239/2394 
f 3073/237/2494 3161/237/2582 3154/220/2575 3064/220/2485 
f 3063/220/2484 2863/220/2388 2879/237/2393 3074/237/2495 
f 3077/239/2498 3070/221/2491 3157/221/2578 3166/239/2587 
f 3067/221/2488 3076/239/2497 2881/239/2394 2864/221/2389 
f 3061/192/2482 3149/192/2570 3162/236/2583 3072/236/2493 
f 3071/236/2492 2878/236/2392 2835/192/2378 3062/192/2483 
f 3060/191/2481 3078/240/2499 3165/240/2586 3150/191/2571 
f 3075/240/2496 3059/191/2480 2834/191/2377 2882/240/2395 
f 3058/244/2479 3146/244/2567 3158/168/2579 3069/168/2490 
f 3068/168/2489 2867/168/2390 2815/244/2371 3057/244/2478 
f 3080/181/2501 3065/180/2486 3153/180/2574 3168/181/2589 
f 3066/180/2487 3079/181/2500 2821/181/2374 2820/180/2373 
f 3036/181/2457 3082/180/2503 3170/180/2591 3126/181/2547 
f 3081/180/2502 3035/181/2456 2743/181/2352 2898/180/2400 
f 3084/191/2505 3174/191/2595 3173/192/2594 3085/192/2506 
f 3086/192/2507 2918/192/2409 2917/191/2408 3083/191/2504 
f 3088/220/2509 3176/220/2597 3170/180/2591 3082/180/2503 
f 3087/220/2508 3081/180/2502 2898/180/2400 2946/220/2416 
f 3092/221/2513 3091/224/2512 3180/224/2601 3179/221/2600 
f 3089/221/2510 2947/221/2417 2950/224/2420 3090/224/2511 
f 3094/236/2515 3184/236/2605 3183/237/2604 3095/237/2516 
f 3096/237/2517 2962/237/2423 2961/236/2422 3093/236/2514 
f 3100/240/2521 3099/239/2520 3188/239/2608 3187/240/2607 
f 3098/239/2519 3097/240/2518 2965/240/2426 2964/239/2425 
f 3095/237/2516 3183/237/2604 3176/220/2597 3088/220/2509 
f 3087/220/2508 2946/220/2416 2962/237/2423 3096/237/2517 
f 3099/239/2520 3092/221/2513 3179/221/2600 3188/239/2608 
f 3089/221/2510 3098/239/2519 2964/239/2425 2947/221/2417 
f 3085/192/2506 3173/192/2594 3184/236/2605 3094/236/2515 
f 3093/236/2514 2961/236/2422 2918/192/2409 3086/192/2507 
f 3084/191/2505 3100/240/2521 3187/240/2607 3174/191/2595 
f 3097/240/2518 3083/191/2504 2917/191/2408 2965/240/2426 
f 3102/244/2523 3190/244/2610 3180/168/2601 3091/168/2512 
f 3090/168/2511 2950/168/2420 2969/244/2429 3101/244/2522 
f 3080/181/2501 3168/181/2589 3192/180/2612 3103/180/2524 
f 3104/180/2525 2972/180/2430 2821/181/2374 3079/181/2500 
f 3108/191/2529 3107/192/2528 3196/192/2615 3195/191/2614 
f 3106/192/2527 3105/191/2526 2984/191/2434 2985/192/2435 
f 3103/180/2524 3192/180/2612 3198/220/2617 3109/220/2530 
f 3110/220/2531 3013/220/2443 2972/180/2430 3104/180/2525 
f 3112/221/2533 3202/221/2621 3201/224/2620 3113/224/2534 
f 3114/224/2535 3017/224/2447 3016/221/2446 3111/221/2532 
f 3118/236/2539 3117/237/2538 3206/237/2625 3205/236/2624 
f 3116/237/2537 3115/236/2536 3028/236/2450 3029/237/2451 
f 3120/240/2541 3210/240/2628 3209/239/2627 3121/239/2542 
f 3122/239/2543 3031/239/2453 3030/240/2452 3119/240/2540 
f 3117/237/2538 3109/220/2530 3198/220/2617 3206/237/2625 
f 3110/220/2531 3116/237/2537 3029/237/2451 3013/220/2443 
f 3121/239/2542 3209/239/2627 3202/221/2621 3112/221/2533 
f 3111/221/2532 3016/221/2446 3031/239/2453 3122/239/2543 
f 3107/192/2528 3118/236/2539 3205/236/2624 3196/192/2615 
f 3115/236/2536 3106/192/2527 2985/192/2435 3028/236/2450 
f 3108/191/2529 3195/191/2614 3210/240/2628 3120/240/2541 
f 3119/240/2540 3030/240/2452 2984/191/2434 3105/191/2526 
f 3102/244/2523 3113/168/2534 3201/168/2620 3190/244/2610 
f 3114/168/2535 3101/244/2522 2969/244/2429 3017/168/2447 
f 3211/6/394 3212/6/394 3213/6/1622 3214/6/1622 
f 3215/252/2629 3216/252/2629 3217/251/1621 3218/251/1621 
f 3214/6/1622 3213/6/1622 3219/253/1624 3220/253/1624 
f 3220/253/1624 3219/253/1624 3216/252/2629 3215/252/2629 
f 3221/254/387 3222/254/387 3223/251/1618 3224/251/1618 
f 3225/6/1617 3226/6/1617 3212/6/394 3211/6/394 
f 3224/251/1618 3223/251/1618 3227/252/1619 3228/252/1619 
f 3229/253/1620 3230/253/1620 3226/6/1617 3225/6/1617 
f 3228/252/1619 3227/252/1619 3230/253/1620 3229/253/1620 
f 3218/251/1621 3217/251/1621 3231/254/400 3232/254/400 
f 3233/6/1629 3234/6/1629 3235/6/395 3236/6/395 
f 3237/251/1630 3238/251/1630 3239/252/1631 3240/252/1631 
f 3241/253/1632 3242/253/1632 3234/6/1629 3233/6/1629 
f 3240/252/1631 3239/252/1631 3242/253/1632 3241/253/1632 
f 3236/6/395 3235/6/395 3243/6/1625 3244/6/1625 
f 3245/252/2630 3246/252/2630 3247/251/1627 3248/251/1627 
f 3244/6/1625 3243/6/1625 3249/253/1628 3250/253/1628 
f 3250/253/1628 3249/253/1628 3246/252/2630 3245/252/2630 
f 3232/254/400 3231/254/400 3238/251/1630 3237/251/1630 
f 3248/251/1627 3247/251/1627 3222/254/387 3221/254/387 
s 2
f 3251/6/437 3252/6/437 3253/6/1634 3254/6/437 
f 3255/251/437 3256/252/437 3257/252/1634 3258/251/437 
f 3254/6/437 3253/6/1634 3259/253/1634 3260/253/437 
f 3260/253/437 3259/253/1634 3257/252/1634 3256/252/437 
f 3261/254/437 3262/254/437 3263/251/437 3264/251/437 
f 3251/6/437 3265/6/437 3266/6/437 3252/6/437 
f 3264/251/437 3263/251/437 3267/252/437 3268/252/437 
f 3265/6/437 3269/253/437 3270/253/437 3266/6/437 
f 3268/252/437 3267/252/437 3270/253/437 3269/253/437 
f 3271/254/437 3255/251/437 3258/251/437 3272/254/437 
f 3273/6/1634 3274/6/1634 3275/6/437 3276/6/1634 
f 3277/251/437 3278/251/437 3279/252/437 3280/252/437 
f 3274/6/1634 3281/253/437 3282/253/437 3275/6/437 
f 3280/252/437 3279/252/437 3282/253/437 3281/253/437 
f 3273/6/1634 3276/6/1634 3283/6/437 3284/6/437 
f 3285/251/437 3286/252/437 3287/252/437 3288/251/437 
f 3284/6/437 3283/6/437 3289/253/437 3290/253/437 
f 3290/253/437 3289/253/437 3287/252/437 3286/252/437 
f 3271/254/437 3272/254/437 3278/251/437 3277/251/437 
f 3261/254/437 3285/251/437 3288/251/437 3262/254/437 
f 3252/6/437 3266/6/437 3270/253/437 3267/252/437 
f 3267/252/437 3263/251/437 3262/254/437 3287/252/437 
f 3262/254/437 3288/251/437 3287/252/437 
f 3289/253/437 3283/6/437 3276/6/1634 3287/252/437 
f 3267/252/437 3287/252/437 3276/6/1634 3257/252/1634 
f 3276/6/1634 3275/6/437 3282/253/437 3279/252/437 
f 3279/252/437 3278/251/437 3272/254/437 3257/252/1634 
f 3272/254/437 3258/251/437 3257/252/1634 
f 3276/6/1634 3279/252/437 3257/252/1634 
f 3252/6/437 3267/252/437 3257/252/1634 3259/253/1634 
f 3253/6/1634 3252/6/437 3259/253/1634 
s 1
f 3291/255/2631 3292/6/2632 3293/6/1642 3294/255/2633 
f 2771/199/1248 3295/252/2634 3296/251/2635 2768/198/1245 
f 2784/212/1261 3294/255/2633 3293/6/1642 3297/253/1646 
f 3297/253/1646 3295/252/2634 2771/199/1248 2784/212/1261 
f 3298/255/2636 3299/6/1635 3292/6/2632 3291/255/2631 
f 2840/199/1177 2839/198/1176 3300/251/1639 3301/252/1640 
f 2855/212/1190 3302/253/2637 3299/6/1635 3298/255/2636 
f 3301/252/1640 3302/253/2637 2855/212/1190 2840/199/1177 
f 2768/198/1245 3296/251/2635 3303/254/2638 2887/248/2397 
f 3304/248/2639 3305/254/2640 3300/251/1639 2839/198/1176 
f 3306/255/1658 3307/6/1657 3308/6/2641 3309/255/2642 
f 2923/199/1398 2922/198/1397 3310/251/1659 3311/252/1660 
f 2938/212/1411 3312/253/2643 3307/6/1657 3306/255/1658 
f 3311/252/1660 3312/253/2643 2938/212/1411 2923/199/1398 
f 3309/255/2642 3308/6/2641 3313/6/1651 3314/255/2644 
f 2992/199/1331 3315/252/1654 3316/251/2645 2989/198/1328 
f 3005/212/1344 3314/255/2644 3313/6/1651 3317/253/1656 
f 3317/253/1656 3315/252/1654 2992/199/1331 3005/212/1344 
f 2887/248/2397 3303/254/2638 3310/251/1659 2922/198/1397 
f 2989/198/1328 3316/251/2645 3305/254/2640 3304/248/2639 
f 3212/6/394 3318/6/394 3319/6/1622 3213/6/1622 
f 3214/6/1622 3293/6/1642 3292/6/2632 3211/6/394 
f 3216/252/2629 3320/252/2629 3321/251/1621 3217/251/1621 
f 3218/251/1621 3296/251/2635 3295/252/2634 3215/252/2629 
f 3213/6/1622 3319/6/1622 3322/253/1624 3219/253/1624 
f 3220/253/1624 3297/253/1646 3293/6/1642 3214/6/1622 
f 3322/253/1624 3320/252/2629 3216/252/2629 3219/253/1624 
f 3295/252/2634 3297/253/1646 3220/253/1624 3215/252/2629 
f 3222/254/387 3323/254/387 3324/251/1618 3223/251/1618 
f 3224/251/1618 3300/251/1639 3305/254/2640 3221/254/387 
f 3226/6/1617 3325/6/1617 3318/6/394 3212/6/394 
f 3211/6/394 3292/6/2632 3299/6/1635 3225/6/1617 
f 3223/251/1618 3324/251/1618 3326/252/1619 3227/252/1619 
f 3228/252/1619 3301/252/1640 3300/251/1639 3224/251/1618 
f 3230/253/1620 3327/253/1620 3325/6/1617 3226/6/1617 
f 3225/6/1617 3299/6/1635 3302/253/2637 3229/253/1620 
f 3326/252/1619 3327/253/1620 3230/253/1620 3227/252/1619 
f 3302/253/2637 3301/252/1640 3228/252/1619 3229/253/1620 
f 3217/251/1621 3321/251/1621 3328/254/399 3231/254/400 
f 3232/254/400 3303/254/2638 3296/251/2635 3218/251/1621 
f 3234/6/1629 3329/6/1629 3330/6/395 3235/6/395 
f 3236/6/395 3308/6/2641 3307/6/1657 3233/6/1629 
f 3238/251/1630 3331/251/1630 3332/252/1631 3239/252/1631 
f 3240/252/1631 3311/252/1660 3310/251/1659 3237/251/1630 
f 3242/253/1632 3333/253/1632 3329/6/1629 3234/6/1629 
f 3233/6/1629 3307/6/1657 3312/253/2643 3241/253/1632 
f 3332/252/1631 3333/253/1632 3242/253/1632 3239/252/1631 
f 3312/253/2643 3311/252/1660 3240/252/1631 3241/253/1632 
f 3235/6/395 3330/6/395 3334/6/1625 3243/6/1625 
f 3244/6/1625 3313/6/1651 3308/6/2641 3236/6/395 
f 3246/252/2630 3335/252/2630 3336/251/1627 3247/251/1627 
f 3248/251/1627 3316/251/2645 3315/252/1654 3245/252/2630 
f 3243/6/1625 3334/6/1625 3337/253/1628 3249/253/1628 
f 3250/253/1628 3317/253/1656 3313/6/1651 3244/6/1625 
f 3337/253/1628 3335/252/2630 3246/252/2630 3249/253/1628 
f 3315/252/1654 3317/253/1656 3250/253/1628 3245/252/2630 
f 3231/254/400 3328/254/399 3331/251/1630 3238/251/1630 
f 3237/251/1630 3310/251/1659 3303/254/2638 3232/254/400 
f 3247/251/1627 3336/251/1627 3323/254/387 3222/254/387 
f 3221/254/387 3305/254/2640 3316/251/2645 3248/251/1627 
s 2
f 3254/6/437 3319/6/437 3318/6/437 3251/6/437 
f 3256/252/437 3255/251/437 3321/251/437 3320/252/437 
f 3260/253/437 3322/253/437 3319/6/437 3254/6/437 
f 3256/252/437 3320/252/437 3322/253/437 3260/253/437 
f 3264/251/437 3324/251/437 3323/254/437 3261/254/437 
f 3265/6/437 3251/6/437 3318/6/437 3325/6/437 
f 3268/252/437 3326/252/437 3324/251/437 3264/251/437 
f 3269/253/437 3265/6/437 3325/6/437 3327/253/437 
f 3269/253/437 3327/253/437 3326/252/437 3268/252/437 
f 3255/251/437 3271/254/437 3328/254/437 3321/251/437 
f 3274/6/1634 3273/6/1634 3330/6/1634 3329/6/1634 
f 3280/252/437 3332/252/437 3331/251/437 3277/251/437 
f 3281/253/437 3274/6/1634 3329/6/1634 3333/253/437 
f 3281/253/437 3333/253/437 3332/252/437 3280/252/437 
f 3284/6/437 3334/6/437 3330/6/1634 3273/6/1634 
f 3286/252/437 3285/251/437 3336/251/437 3335/252/437 
f 3290/253/437 3337/253/437 3334/6/437 3284/6/437 
f 3286/252/437 3335/252/437 3337/253/437 3290/253/437 
f 3277/251/437 3331/251/437 3328/254/437 3271/254/437 
f 3285/251/437 3261/254/437 3323/254/437 3336/251/437 
s 1
f 2739/177/1223 2890/250/1301 2788/214/1265 2740/176/1224 
f 2757/187/1235 2756/187/1162 2753/186/1159 2752/186/1233 
f 2777/205/1254 2740/176/1224 2788/214/1265 2787/215/1264 
f 2757/187/1235 2752/186/1233 2781/209/1258 2782/211/2360 
f 2782/211/2360 2777/205/1254 2787/215/1264 2783/210/1260 
f 2817/177/1145 2816/176/1144 2857/214/1192 2895/250/2399 
f 2829/187/1161 2827/186/1158 2753/186/1159 2756/187/1162 
f 2848/205/2382 2858/215/1193 2857/214/1192 2816/176/1144 
f 2854/211/2383 2852/209/1187 2827/186/1158 2829/187/1161 
f 2854/211/2383 2853/210/1188 2858/215/1193 2848/205/2382 
f 2739/177/1223 2896/176/1376 2940/214/1413 2890/250/1301 
f 2909/187/1385 2906/186/1383 2907/186/2403 2910/187/2404 
f 2931/205/1404 2941/215/1414 2940/214/1413 2896/176/1376 
f 2937/211/2414 2935/209/1408 2906/186/1383 2909/187/1385 
f 2937/211/2414 2936/210/1409 2941/215/1414 2931/205/1404 
f 2817/177/1145 2895/250/2399 3009/214/1348 2970/176/1302 
f 2979/187/1317 2910/187/2404 2907/186/2403 2977/186/1312 
f 2998/205/2439 2970/176/1302 3009/214/1348 3008/215/1347 
f 2979/187/1317 2977/186/1312 3002/209/1341 3003/211/1342 
f 3003/211/1342 2998/205/2439 3008/215/1347 3004/210/1343 
f 2749/185/1231 2748/185/1154 3291/255/2631 3294/255/2633 
f 2769/197/2357 2775/203/1252 2774/200/1251 2770/196/2358 
f 2778/207/1255 2749/185/1231 3294/255/2633 2784/212/1261 
f 2770/196/2358 2774/200/1251 2779/206/1256 2778/207/1255 
f 2825/185/1153 3298/255/2636 3291/255/2631 2748/185/1154 
f 2842/197/1175 2841/196/2379 2843/200/2380 2846/203/2381 
f 2850/207/1185 2855/212/1190 3298/255/2636 2825/185/1153 
f 2850/207/1185 2849/206/1184 2843/200/2380 2841/196/2379 
f 2888/247/1299 2889/249/1300 2775/203/1252 2769/197/2357 
f 2842/197/1175 2893/247/1293 3304/248/2639 2839/198/1176 
f 2901/185/1381 3306/255/1658 3309/255/2642 2902/185/1308 
f 2925/197/1396 2924/196/2410 2926/200/2411 2929/203/2413 
f 2933/207/1406 2938/212/1411 3306/255/1658 2901/185/1381 
f 2933/207/1406 2932/206/1405 2926/200/2411 2924/196/2410 
f 2975/185/1309 2902/185/1308 3309/255/2642 3314/255/2644 
f 2990/197/2436 2996/203/2438 2995/200/2437 2991/196/1330 
f 2999/207/1338 2975/185/1309 3314/255/2644 3005/212/1344 
f 2991/196/1330 2995/200/2437 3000/206/1339 2999/207/1338 
f 2888/247/1299 2925/197/1396 2929/203/2413 2889/249/1300 
f 2990/197/2436 2989/198/1328 3304/248/2639 2893/247/1293 
f 3338/14/1634 3339/18/1634 3340/20/437 3341/46/437 
f 3340/20/437 3342/27/437 3343/24/1634 3344/30/437 
f 3343/24/1634 3345/28/437 3344/30/437 
f 3344/30/437 3346/32/437 3347/34/1634 3348/38/437 
f 3347/34/1634 3349/36/1634 3348/38/437 
f 3348/38/437 3350/40/437 3351/42/1634 3341/46/437 
f 3351/42/1634 3352/44/437 3341/46/437 
f 3344/30/437 3348/38/437 3341/46/437 3340/20/437 
f 3353/17/437 3338/14/1634 3341/46/437 
f 3354/49/879 3355/63/879 3356/62/1665 3357/50/1664 
f 3356/62/1665 3358/61/1665 3359/60/1664 3360/58/1664 
f 3359/60/1664 3361/59/1664 3360/58/1664 
f 3360/58/1664 3362/57/879 3363/56/879 3364/54/1665 
f 3363/56/879 3365/55/879 3364/54/1665 
f 3364/54/1665 3366/52/1665 3367/5/1665 3357/50/1664 
f 3367/5/1665 3368/51/1664 3357/50/1664 
f 3360/58/1664 3364/54/1665 3357/50/1664 3356/62/1665 
f 3369/48/879 3354/49/879 3357/50/1664 
f 3370/14/437 3338/14/1634 3353/17/437 3371/17/437 
f 3371/17/437 3353/17/437 3341/46/437 3372/46/437 
f 3372/46/437 3341/46/437 3352/44/437 3373/44/1634 
f 3373/44/1634 3352/44/437 3351/42/1634 3374/42/1634 
f 3374/42/1634 3351/42/1634 3350/40/437 3375/40/437 
f 3375/40/437 3350/40/437 3348/38/437 3376/38/437 
f 3376/38/437 3348/38/437 3349/36/1634 3377/36/437 
f 3377/36/437 3349/36/1634 3347/34/1634 3378/34/437 
f 3378/34/437 3347/34/1634 3346/32/437 3379/32/437 
f 3379/32/437 3346/32/437 3344/30/437 3380/30/437 
f 3380/30/437 3344/30/437 3345/28/437 3381/28/1634 
f 3381/28/1634 3345/28/437 3343/24/1634 3382/24/1634 
f 3382/24/1634 3343/24/1634 3342/27/437 3383/27/437 
f 3383/40/437 3342/27/437 3340/20/437 3384/20/437 
f 3384/20/437 3340/20/437 3339/18/1634 3385/18/437 
f 3385/18/437 3339/18/1634 3338/14/1634 3370/14/437 
f 3386/49/879 3354/49/879 3369/48/879 3387/48/879 
f 3387/48/879 3369/48/879 3357/50/1664 3388/50/1664 
f 3388/50/1664 3357/50/1664 3368/51/1664 3389/51/1664 
f 3389/51/1664 3368/51/1664 3367/5/1665 3390/5/879 
f 3390/60/879 3367/5/1665 3366/52/1665 3391/52/1665 
f 3391/52/1665 3366/52/1665 3364/54/1665 3392/54/1665 
f 3392/54/1665 3364/54/1665 3365/55/879 3393/55/879 
f 3393/55/879 3365/55/879 3363/56/879 3394/56/879 
f 3394/56/879 3363/56/879 3362/57/879 3395/57/879 
f 3395/57/879 3362/57/879 3360/58/1664 3396/58/1664 
f 3396/58/1664 3360/58/1664 3361/59/1664 3397/59/1664 
f 3397/59/1664 3361/59/1664 3359/60/1664 3398/60/879 
f 3398/60/879 3359/60/1664 3358/61/1665 3399/61/1665 
f 3399/61/1665 3358/61/1665 3356/62/1665 3400/62/1665 
f 3400/62/1665 3356/62/1665 3355/63/879 3401/63/879 
f 3401/63/879 3355/63/879 3354/49/879 3386/49/879 
s 2
f 3402/256/387 3403/49/387 3404/48/1667 3405/257/1667 
f 3405/257/1667 3406/14/1667 3407/17/387 3402/256/387 
f 3405/257/1667 3404/48/1667 3408/50/1666 3409/258/1666 
f 3409/258/1666 3410/18/1666 3406/14/1667 3405/257/1667 
f 3409/258/1666 3408/50/1666 3411/51/1133 3412/259/1133 
f 3412/259/1133 3413/20/1133 3410/18/1666 3409/258/1666 
f 3412/259/1133 3411/51/1133 3414/5/395 3415/260/395 
f 3415/260/395 3416/22/395 3413/20/1133 3412/259/1133 
f 3415/261/395 3414/53/395 3417/52/1132 3418/262/1132 
f 3418/262/1132 3419/24/1132 3416/27/395 3415/261/395 
f 3418/262/1132 3417/52/1132 3420/54/1131 3421/263/1131 
f 3421/263/1131 3422/28/1131 3419/24/1132 3418/262/1132 
f 3421/263/1131 3420/54/1131 3423/55/1130 3424/264/1130 
f 3424/264/1130 3425/30/1130 3422/28/1131 3421/263/1131 
f 3424/264/1130 3423/55/1130 3426/56/399 3427/265/400 
f 3427/265/400 3428/32/400 3425/30/1130 3424/264/1130 
f 3427/265/400 3426/56/399 3429/57/1143 3430/266/1143 
f 3430/266/1143 3431/34/1143 3428/32/400 3427/265/400 
f 3430/266/1143 3429/57/1143 3432/58/1142 3433/267/1142 
f 3433/267/1142 3434/36/1142 3431/34/1143 3430/266/1143 
f 3433/267/1142 3432/58/1142 3435/59/1141 3436/268/1141 
f 3436/268/1141 3437/38/1141 3434/36/1142 3433/267/1142 
f 3436/268/1141 3435/59/1141 3438/60/394 3439/269/394 
f 3439/269/394 3440/40/394 3437/38/1141 3436/268/1141 
f 3439/269/394 3438/60/394 3441/61/1670 3442/270/1670 
f 3442/270/1670 3443/42/1670 3440/40/394 3439/269/394 
f 3442/270/1670 3441/61/1670 3444/62/1669 3445/271/1669 
f 3445/271/1669 3446/44/1669 3443/42/1670 3442/270/1670 
f 3445/271/1669 3444/62/1669 3447/63/1668 3448/272/1668 
f 3448/272/1668 3449/46/1668 3446/44/1669 3445/271/1669 
f 3448/272/1668 3447/63/1668 3403/49/387 3402/256/387 
f 3402/256/387 3407/17/387 3449/46/1668 3448/272/1668 
s 1
f 3371/17/437 3407/17/437 3406/14/437 3370/14/437 
f 3372/46/437 3449/46/437 3407/17/437 3371/17/437 
f 3373/44/1634 3446/44/1634 3449/46/437 3372/46/437 
f 3374/42/1634 3443/42/1634 3446/44/1634 3373/44/1634 
f 3375/40/437 3440/40/437 3443/42/1634 3374/42/1634 
f 3376/38/437 3437/38/437 3440/40/437 3375/40/437 
f 3377/36/437 3434/36/437 3437/38/437 3376/38/437 
f 3378/34/437 3431/34/437 3434/36/437 3377/36/437 
f 3379/32/437 3428/32/437 3431/34/437 3378/34/437 
f 3380/30/437 3425/30/437 3428/32/437 3379/32/437 
f 3381/28/1634 3422/28/1634 3425/30/437 3380/30/437 
f 3382/24/1634 3419/24/1634 3422/28/1634 3381/28/1634 
f 3383/27/437 3416/27/437 3419/24/1634 3382/24/1634 
f 3384/20/437 3413/20/437 3416/22/437 3383/40/437 
f 3385/18/437 3410/18/437 3413/20/437 3384/20/437 
f 3370/14/437 3406/14/437 3410/18/437 3385/18/437 
f 3387/48/879 3404/48/879 3403/49/879 3386/49/879 
f 3388/50/1664 3408/50/1664 3404/48/879 3387/48/879 
f 3389/51/1664 3411/51/1664 3408/50/1664 3388/50/1664 
f 3390/5/879 3414/5/879 3411/51/1664 3389/51/1664 
f 3391/52/1665 3417/52/1665 3414/53/879 3390/60/879 
f 3392/54/1665 3420/54/1665 3417/52/1665 3391/52/1665 
f 3393/55/879 3423/55/879 3420/54/1665 3392/54/1665 
f 3394/56/879 3426/56/879 3423/55/879 3393/55/879 
f 3395/57/879 3429/57/879 3426/56/879 3394/56/879 
f 3396/58/1664 3432/58/1664 3429/57/879 3395/57/879 
f 3397/59/1664 3435/59/1664 3432/58/1664 3396/58/1664 
f 3398/60/879 3438/60/879 3435/59/1664 3397/59/1664 
f 3399/61/1665 3441/61/1665 3438/60/879 3398/60/879 
f 3400/62/1665 3444/62/1665 3441/61/1665 3399/61/1665 
f 3401/63/879 3447/63/879 3444/62/1665 3400/62/1665 
f 3386/49/879 3403/49/879 3447/63/879 3401/63/879 
f 3450/274/2646 3451/56/2647 3452/273/2648 3453/275/2649 
f 3454/276/2650 3455/278/2651 3456/57/2652 3457/277/2653 
f 3458/280/2654 3459/58/2655 3460/279/2656 3461/281/2657 
f 3462/283/2658 3463/59/2659 3464/282/2660 3465/284/2661 
f 3466/285/2662 3467/287/2663 3468/60/2664 3469/286/2665 
f 3470/288/2666 3471/290/2667 3472/61/2668 3473/289/2669 
f 3474/292/2670 3475/62/2671 3476/291/2672 3477/293/2673 
f 3478/295/2674 3479/63/2675 3480/294/2676 3481/296/2677 
f 3474/292/2670 3470/288/2666 3473/289/2669 3475/62/2671 
f 3477/293/2673 3476/291/2672 3479/63/2675 3478/295/2674 
f 3461/281/2657 3460/279/2656 3463/59/2659 3462/283/2658 
f 3465/284/2661 3464/282/2660 3468/60/2664 3467/287/2663 
f 3471/290/2667 3466/285/2662 3469/286/2665 3472/61/2668 
f 3481/296/2677 3480/294/2676 3482/49/2678 3483/297/2679 
f 3453/275/2649 3452/273/2648 3456/57/2652 3455/278/2651 
f 3458/280/2654 3454/276/2650 3457/277/2653 3459/58/2655 
f 3484/59/2680 3485/279/2681 3486/279/2682 3487/59/2683 
f 3488/60/2684 3489/282/2685 3490/282/2686 3491/60/2687 
f 3492/286/2688 3493/286/2689 3494/61/2690 3495/61/2691 
f 3496/62/2692 3497/289/2693 3498/289/2694 3499/62/2695 
f 3497/289/2693 3495/61/2691 3494/61/2690 3498/289/2694 
f 3485/279/2681 3500/58/2696 3501/58/2697 3486/279/2682 
f 3489/282/2685 3484/59/2680 3487/59/2683 3490/282/2686 
f 3488/60/2684 3491/60/2687 3493/286/2689 3492/286/2688 
f 3502/63/2698 3503/291/2699 3504/291/2700 3505/63/2701 
f 3506/294/2702 3507/294/2703 3508/49/2704 3509/49/2705 
f 3510/62/2706 3511/62/2707 3504/291/2700 3503/291/2699 
f 3502/63/2698 3505/63/2701 3507/294/2703 3506/294/2702 
f 3499/62/2695 3512/62/2708 3513/62/2709 3496/62/2692 
f 3514/298/2710 3515/60/2711 3516/49/2712 3517/299/2713 
f 3514/298/2710 3517/299/2713 3518/300/2714 3519/301/2715 
f 3519/301/2715 3518/300/2714 3520/302/2716 3521/61/2717 
f 3521/61/2717 3520/302/2716 3522/303/2718 3523/304/2719 
f 3517/299/2713 3516/49/2712 3524/5/2720 
f 3514/298/2710 3452/273/2648 3451/56/2647 3515/60/2711 
f 3517/299/2713 3524/5/2720 3525/5/2721 3518/300/2714 
f 3519/301/2715 3456/57/2652 3452/273/2648 3514/298/2710 
f 3520/302/2716 3518/300/2714 3525/5/2721 
f 3521/61/2717 3457/277/2653 3456/57/2652 3519/301/2715 
f 3520/302/2716 3525/5/2721 3526/5/2722 3522/303/2718 
f 3523/304/2719 3459/58/2655 3457/277/2653 3521/61/2717 
f 3500/58/2696 3527/304/2723 3528/304/2724 3501/58/2697 
f 3527/304/2723 3529/303/2725 3530/303/2726 3528/304/2724 
f 3529/303/2725 3531/5/2727 3532/5/2728 3530/303/2726 
f 3533/303/2729 3534/303/2730 3535/304/2731 3536/304/2732 
f 3537/5/2733 3538/5/2734 3534/303/2730 3533/303/2729 
f 3539/62/2735 3540/291/2736 3541/291/2737 3542/62/2738 
f 3543/294/2739 3540/294/2736 3544/49/2740 3545/49/2741 
f 3546/62/2742 3544/291/2740 3540/291/2736 3539/62/2735 
f 3547/60/2743 3548/282/2744 3549/305/2745 3550/282/2746 
f 3551/306/2747 3549/305/2745 3552/61/2748 3553/303/2749 
f 3554/304/2750 3551/58/2747 3553/58/2749 3536/304/2732 
f 3555/5/2751 3556/5/2752 3539/62/2735 3542/62/2738 
f 3556/5/2752 3557/5/2753 3546/62/2742 3539/62/2735 
f 3558/62/2754 3559/62/2755 3560/62/2756 3561/62/2757 
f 3535/304/2731 3562/304/2758 3554/304/2750 3536/304/2732 
f 3563/5/2759 3564/5/2760 3556/5/2752 3555/5/2751 
f 3564/5/2760 3565/5/2761 3557/5/2753 3556/5/2752 
f 3566/62/2762 3567/62/2763 3560/62/2756 3559/62/2755 
f 3534/303/2730 3568/303/2764 3569/304/2765 3535/304/2731 
f 3538/5/2734 3570/5/2766 3568/303/2764 3534/303/2730 
f 3571/304/2767 3562/304/2758 3572/304/2768 3573/304/2769 
f 3563/5/2759 3574/5/2770 3575/5/388 3564/5/2760 
f 3564/5/2760 3575/5/388 3576/5/386 3565/5/2761 
f 3567/62/2763 3566/62/2762 3577/62/2771 3578/62/2772 
f 3579/303/2773 3580/303/2774 3581/304/2775 3582/304/2776 
f 3583/5/2777 3584/5/2778 3580/303/2774 3579/303/2773 
f 3585/304/2779 3586/304/2780 3587/304/2781 3588/304/2782 
f 3589/303/2783 3590/304/2784 3591/304/2785 3592/303/2786 
f 3593/5/2787 3589/303/2783 3592/303/2786 3594/5/2788 
f 3590/304/2784 3595/304/2789 3596/304/2790 3591/304/2785 
f 3589/303/2783 3597/303/2783 3598/304/2784 3590/304/2784 
f 3593/5/2787 3599/5/2791 3597/303/2783 3589/303/2783 
f 3595/304/2789 3600/304/2792 3601/304/2793 3602/304/2794 
f 3603/5/2795 3604/5/2796 3605/307/2797 3606/308/2798 
f 3607/309/2799 3606/308/2798 3605/307/2797 3608/310/2800 
f 3609/311/2801 3610/313/2802 3611/312/2803 
f 3612/5/2804 3613/5/2805 3614/5/2806 3615/5/2807 
f 3615/5/2807 3614/5/2806 3616/5/2808 3617/5/2809 
f 3618/5/2810 3619/5/2811 3620/5/2812 3621/5/2813 
f 3622/5/2814 3623/5/2815 3624/5/2816 3625/5/2817 
f 3626/5/2818 3627/5/2819 3628/5/2820 3629/5/2821 
f 3630/5/2822 3631/5/2823 3632/5/2824 3633/5/2825 
f 3634/5/2826 3635/5/2827 3636/5/2828 3637/5/2829 
f 3638/5/2830 3639/5/2831 3635/5/2827 3634/5/2826 
f 3640/5/2832 3641/5/2833 3642/5/2834 3643/5/2835 
f 3613/5/2805 3640/5/2832 3643/5/2835 3614/5/2806 
f 3615/5/2807 3525/5/2721 3524/5/2720 3612/5/2804 
f 3644/5/2836 3643/5/2835 3642/5/2834 3645/5/2837 
f 3614/5/2806 3643/5/2835 3644/5/2836 3616/5/2808 
f 3617/5/2809 3526/5/2722 3525/5/2721 3615/5/2807 
f 3646/5/2838 3647/5/2839 3648/5/2840 3649/5/2841 
f 3621/5/2813 3620/5/2812 3647/5/2839 3646/5/2838 
f 3619/5/2811 3618/5/2810 3532/5/2728 3531/5/2727 
f 3650/5/2842 3651/5/2843 3652/5/2844 3653/5/2845 
f 3624/5/2816 3623/5/2815 3651/5/2843 3650/5/2842 
f 3629/5/2821 3622/5/2814 3570/5/2766 3538/5/2734 
f 3654/5/2846 3655/5/2847 3656/5/2848 3657/5/2849 
f 3627/5/2819 3654/5/2846 3657/5/2849 3628/5/2820 
f 3629/5/2821 3538/5/2734 3537/5/2733 3626/5/2818 
f 3658/5/2850 3659/5/2851 3660/5/2852 3661/5/2853 
f 3633/5/2825 3632/5/2824 3659/5/2851 3658/5/2850 
f 3631/5/2823 3630/5/2822 3584/5/2778 3583/5/2777 
f 3662/5/2854 3663/5/2855 3664/5/2856 3665/5/2857 
f 3635/5/2827 3662/5/2854 3665/5/2857 3636/5/2828 
f 3637/5/2829 3599/5/2791 3593/5/2787 3634/5/2826 
f 3666/5/2858 3667/5/2859 3663/5/2855 3662/5/2854 
f 3639/5/2831 3666/5/2858 3662/5/2854 3635/5/2827 
f 3634/5/2826 3593/5/2787 3594/5/2788 3638/5/2830 
f 3668/63/2860 3541/291/2737 3540/294/2736 3543/294/2739 
f 3568/303/2764 3669/303/2861 3670/304/2862 3569/304/2765 
f 3570/5/2766 3671/5/2863 3669/303/2861 3568/303/2764 
f 3572/304/2768 3672/304/2864 3673/304/2865 3573/304/2769 
f 3574/5/2770 3674/5/2866 3675/5/2867 3575/5/388 
f 3575/5/388 3675/5/2867 3676/5/2868 3576/5/386 
f 3578/62/2772 3577/62/2771 3677/62/2869 3678/62/2870 
f 3622/5/2814 3629/5/2821 3628/5/2820 3623/5/2815 
f 3652/5/2844 3651/5/2843 3657/5/2849 3656/5/2848 
f 3623/5/2815 3628/5/2820 3657/5/2849 3651/5/2843 
f 3622/5/2814 3625/5/2817 3671/5/2863 3570/5/2766 
f 3679/5/2871 3680/5/2872 3681/5/1096 3682/5/2873 
f 3682/5/2873 3681/5/1096 3683/5/2874 3684/5/2875 
f 3685/5/2876 3686/5/2877 3687/5/2878 3688/5/2879 
f 3689/5/2880 3690/5/2881 3691/5/2882 3692/5/2883 
f 3693/5/2884 3694/5/2885 3695/5/2886 3696/5/2887 
f 3697/5/2888 3698/5/2889 3699/5/2890 3700/5/2891 
f 3701/5/2892 3702/5/2893 3703/5/2894 3704/5/2895 
f 3705/5/2896 3706/5/2897 3702/5/2893 3701/5/2892 
f 3696/5/2887 3695/5/2886 3690/5/2881 3689/5/2880 
f 3680/5/2872 3707/5/2898 3708/5/2899 3681/5/1096 
f 3682/5/2873 3642/5/2834 3641/5/2833 3679/5/2871 
f 3681/5/1096 3708/5/2899 3709/5/2900 3683/5/2874 
f 3682/5/2873 3684/5/2875 3645/5/2837 3642/5/2834 
f 3686/5/2877 3710/5/2901 3711/5/2902 3687/5/2878 
f 3688/5/2879 3649/5/2841 3648/5/2840 3685/5/2876 
f 3690/5/2881 3712/5/2903 3713/5/2904 3691/5/2882 
f 3689/5/2880 3692/5/2883 3653/5/2845 3652/5/2844 
f 3695/5/2886 3694/5/2885 3714/5/2905 3715/5/2906 
f 3696/5/2887 3656/5/2848 3655/5/2847 3693/5/2884 
f 3698/5/2889 3716/5/2907 3717/5/2908 3699/5/2890 
f 3700/5/2891 3661/5/2853 3660/5/2852 3697/5/2888 
f 3702/5/2893 3718/5/2909 3719/5/2910 3703/5/2894 
f 3704/5/2895 3664/5/2856 3663/5/2855 3701/5/2892 
f 3706/5/2897 3720/5/2911 3718/5/2909 3702/5/2893 
f 3701/5/2892 3663/5/2855 3667/5/2859 3705/5/2896 
f 3695/5/2886 3715/5/2906 3712/5/2903 3690/5/2881 
f 3689/5/2880 3652/5/2844 3656/5/2848 3696/5/2887 
f 3721/5/2912 3722/5/2913 3708/5/2899 3707/5/2898 
f 3708/5/2899 3722/5/2913 3723/5/2914 3709/5/2900 
f 3724/5/2915 3725/5/2916 3711/5/2902 3710/5/2901 
f 3726/5/2917 3727/5/2918 3715/5/2906 3714/5/2905 
f 3727/5/2918 3728/5/2919 3712/5/2903 3715/5/2906 
f 3712/5/2903 3728/5/2919 3729/5/2920 3713/5/2904 
f 3730/5/2921 3731/5/2922 3717/5/2908 3716/5/2907 
f 3732/5/2923 3733/5/2924 3718/5/2909 3720/5/2911 
f 3733/5/2924 3734/5/2925 3719/5/2910 3718/5/2909 
f 3735/5/2926 3736/5/2927 3737/5/2928 3738/5/2929 
f 3739/5/2930 3738/5/2929 3737/5/2928 3740/5/2931 
f 3741/5/2932 3742/5/2933 3743/5/2934 3744/5/2935 
f 3745/5/2936 3746/5/2937 3747/5/2938 3748/5/2939 
f 3745/5/2936 3748/5/2939 3749/5/2940 3750/5/2941 
f 3751/5/2942 3750/5/2941 3749/5/2940 3752/5/2943 
f 3753/5/2944 3754/5/2945 3755/5/2946 
f 3756/5/2947 3757/5/2948 3758/5/2949 3759/5/2950 
f 3759/5/2950 3758/5/2949 3760/5/2951 3761/5/2952 
f 3736/5/2927 3762/5/2953 3763/5/2954 3737/5/2928 
f 3738/5/2929 3722/5/2913 3721/5/2912 3735/5/2926 
f 3737/5/2928 3763/5/2954 3764/5/2955 3740/5/2931 
f 3738/5/2929 3739/5/2930 3723/5/2914 3722/5/2913 
f 3747/5/2938 3743/5/2934 3742/5/2933 3740/5/2931 
f 3747/5/2938 3740/5/2931 3764/5/2955 
f 3744/5/2935 3725/5/2916 3724/5/2915 3741/5/2932 
f 3748/5/2939 3747/5/2938 3764/5/2955 3765/5/2956 
f 3746/5/2937 3745/5/2936 3727/5/2918 3726/5/2917 
f 3748/5/2939 3765/5/2956 3766/5/2957 3749/5/2940 
f 3750/5/2941 3728/5/2919 3727/5/2918 3745/5/2936 
f 3752/5/2943 3749/5/2940 3766/5/2957 3767/5/2958 
f 3750/5/2941 3751/5/2942 3729/5/2920 3728/5/2919 
f 3752/5/2943 3767/5/2958 3757/5/2948 3753/5/2944 
f 3754/5/2945 3731/5/2922 3730/5/2921 3755/5/2946 
f 3757/5/2948 3767/5/2958 3768/5/2959 3758/5/2949 
f 3759/5/2950 3733/5/2924 3732/5/2923 3756/5/2947 
f 3758/5/2949 3768/5/2959 3769/5/2960 3760/5/2951 
f 3761/5/2952 3734/5/2925 3733/5/2924 3759/5/2950 
f 3561/62/2757 3560/62/2756 3555/62/2751 3542/62/2738 
f 3558/62/2754 3770/62/2961 3771/62/2962 3559/62/2755 
f 3567/62/2763 3563/62/2759 3555/62/2751 3560/62/2756 
f 3559/62/2755 3771/62/2962 3571/62/2767 3566/62/2762 
f 3566/62/2762 3571/62/2767 3573/62/2769 3577/62/2771 
f 3578/62/2772 3574/62/2770 3563/62/2759 3567/62/2763 
f 3604/5/2796 3676/5/2868 3675/304/2867 3605/307/2797 
f 3606/308/2798 3602/62/2794 3601/5/2793 3603/5/2795 
f 3605/307/2797 3675/304/2867 3674/5/2866 3608/310/2800 
f 3606/308/2798 3607/309/2799 3772/303/2963 3602/62/2794 
f 3609/311/2801 3611/312/2803 3588/314/2782 3587/315/2781 
f 3608/316/2800 3674/62/2866 3678/308/2870 3610/313/2802 
f 3677/62/2869 3577/62/2771 3573/62/2769 3673/62/2865 
f 3678/62/2870 3674/62/2866 3574/62/2770 3578/62/2772 
f 3773/62/2964 3511/62/2707 3510/62/2706 3513/62/2709 
f 3773/62/2964 3513/62/2709 3512/62/2708 
f 3487/59/2683 3486/279/2682 3552/279/2748 3774/59/2965 
f 3485/279/2681 3484/59/2680 3463/59/2659 3460/279/2656 
f 3491/60/2687 3490/282/2686 3775/282/2966 3776/60/2967 
f 3488/60/2684 3468/60/2664 3464/282/2660 3489/282/2685 
f 3493/286/2689 3777/286/2968 3547/61/2743 3494/61/2690 
f 3495/61/2691 3472/61/2668 3469/286/2665 3492/286/2688 
f 3499/62/2695 3498/289/2694 3550/289/2746 3770/62/2961 
f 3497/289/2693 3496/62/2692 3475/62/2671 3473/289/2669 
f 3498/289/2694 3494/61/2690 3547/61/2743 3550/289/2746 
f 3495/61/2691 3497/289/2693 3473/289/2669 3472/61/2668 
f 3486/279/2682 3501/58/2697 3553/58/2749 3552/279/2748 
f 3500/58/2696 3485/279/2681 3460/279/2656 3459/58/2655 
f 3490/282/2686 3487/59/2683 3774/59/2965 3775/282/2966 
f 3484/59/2680 3489/282/2685 3464/282/2660 3463/59/2659 
f 3491/60/2687 3776/60/2967 3777/286/2968 3493/286/2689 
f 3492/286/2688 3469/286/2665 3468/60/2664 3488/60/2684 
f 3504/291/2700 3541/291/2737 3668/63/2860 3505/63/2701 
f 3503/291/2699 3502/63/2698 3479/63/2675 3476/291/2672 
f 3507/294/2703 3543/294/2739 3545/49/2741 3508/49/2704 
f 3509/49/2705 3482/49/2678 3480/294/2676 3506/294/2702 
f 3504/291/2700 3511/62/2707 3542/62/2738 3541/291/2737 
f 3503/291/2699 3476/291/2672 3475/62/2671 3510/62/2706 
f 3505/63/2701 3668/63/2860 3543/294/2739 3507/294/2703 
f 3506/294/2702 3480/294/2676 3479/63/2675 3502/63/2698 
f 3770/62/2961 3558/62/2754 3512/62/2708 3499/62/2695 
f 3510/62/2706 3475/62/2671 3496/62/2692 3513/62/2709 
f 3501/58/2697 3528/304/2724 3536/304/2732 3553/58/2749 
f 3527/304/2723 3500/58/2696 3459/58/2655 3523/304/2719 
f 3528/304/2724 3530/303/2726 3533/303/2729 3536/304/2732 
f 3529/303/2725 3527/304/2723 3523/304/2719 3522/303/2718 
f 3530/303/2726 3532/5/2728 3537/5/2733 3533/303/2729 
f 3531/5/2727 3529/303/2725 3522/303/2718 3526/5/2722 
f 3619/5/2811 3617/5/2809 3616/5/2808 3620/5/2812 
f 3621/5/2813 3627/5/2819 3626/5/2818 3618/5/2810 
f 3647/5/2839 3644/5/2836 3645/5/2837 3648/5/2840 
f 3649/5/2841 3655/5/2847 3654/5/2846 3646/5/2838 
f 3620/5/2812 3616/5/2808 3644/5/2836 3647/5/2839 
f 3646/5/2838 3654/5/2846 3627/5/2819 3621/5/2813 
f 3618/5/2810 3626/5/2818 3537/5/2733 3532/5/2728 
f 3531/5/2727 3526/5/2722 3617/5/2809 3619/5/2811 
f 3684/5/2875 3683/5/2874 3686/5/2877 3685/5/2876 
f 3694/5/2885 3693/5/2884 3688/5/2879 3687/5/2878 
f 3683/5/2874 3709/5/2900 3710/5/2901 3686/5/2877 
f 3714/5/2905 3694/5/2885 3687/5/2878 3711/5/2902 
f 3693/5/2884 3655/5/2847 3649/5/2841 3688/5/2879 
f 3645/5/2837 3684/5/2875 3685/5/2876 3648/5/2840 
f 3725/5/2916 3726/5/2917 3714/5/2905 3711/5/2902 
f 3724/5/2915 3710/5/2901 3709/5/2900 3723/5/2914 
f 3739/5/2930 3740/5/2931 3742/5/2933 3741/5/2932 
f 3747/5/2938 3746/5/2937 3744/5/2935 3743/5/2934 
f 3746/5/2937 3726/5/2917 3725/5/2916 3744/5/2935 
f 3723/5/2914 3739/5/2930 3741/5/2932 3724/5/2915 
f 3561/62/2757 3542/62/2738 3511/62/2707 3773/62/2964 
f 3558/62/2754 3561/62/2757 3773/62/2964 3512/62/2708 
f 3580/303/2774 3592/303/2786 3591/304/2785 3581/304/2775 
f 3582/304/2776 3670/304/2862 3669/303/2861 3579/303/2773 
f 3584/5/2778 3594/5/2788 3592/303/2786 3580/303/2774 
f 3579/303/2773 3669/303/2861 3671/5/2863 3583/5/2777 
f 3586/304/2780 3596/304/2790 3772/304/2963 3587/304/2781 
f 3585/304/2779 3672/304/2864 3670/304/2862 3582/304/2776 
f 3611/312/2803 3610/313/2802 3678/308/2870 3677/307/2869 
f 3610/313/2802 3609/311/2801 3607/317/2799 3608/316/2800 
f 3631/5/2823 3625/5/2817 3624/5/2816 3632/5/2824 
f 3633/5/2825 3639/5/2831 3638/5/2830 3630/5/2822 
f 3659/5/2851 3650/5/2842 3653/5/2845 3660/5/2852 
f 3661/5/2853 3667/5/2859 3666/5/2858 3658/5/2850 
f 3632/5/2824 3624/5/2816 3650/5/2842 3659/5/2851 
f 3658/5/2850 3666/5/2858 3639/5/2831 3633/5/2825 
f 3630/5/2822 3638/5/2830 3594/5/2788 3584/5/2778 
f 3583/5/2777 3671/5/2863 3625/5/2817 3631/5/2823 
f 3698/5/2889 3697/5/2888 3692/5/2883 3691/5/2882 
f 3705/5/2896 3700/5/2891 3699/5/2890 3706/5/2897 
f 3716/5/2907 3698/5/2889 3691/5/2882 3713/5/2904 
f 3706/5/2897 3699/5/2890 3717/5/2908 3720/5/2911 
f 3667/5/2859 3661/5/2853 3700/5/2891 3705/5/2896 
f 3692/5/2883 3697/5/2888 3660/5/2852 3653/5/2845 
f 3731/5/2922 3732/5/2923 3720/5/2911 3717/5/2908 
f 3730/5/2921 3716/5/2907 3713/5/2904 3729/5/2920 
f 3751/5/2942 3752/5/2943 3753/5/2944 3755/5/2946 
f 3757/5/2948 3756/5/2947 3754/5/2945 3753/5/2944 
f 3756/5/2947 3732/5/2923 3731/5/2922 3754/5/2945 
f 3729/5/2920 3751/5/2942 3755/5/2946 3730/5/2921 
f 3611/312/2803 3677/307/2869 3673/304/2865 3588/314/2782 
f 3587/315/2781 3772/303/2963 3607/317/2799 3609/311/2801 
f 3778/5/2969 3779/5/2970 3780/5/400 3781/5/400 
f 3766/5/2957 3765/5/2956 3779/5/2970 3778/5/2969 
f 3779/5/2970 3763/5/2954 3762/5/2953 3780/5/400 
f 3781/5/400 3769/5/2960 3768/5/2959 3778/5/2969 
f 3765/5/2956 3764/5/2955 3763/5/2954 3779/5/2970 
f 3778/5/2969 3768/5/2959 3767/5/2958 3766/5/2957 
f 3775/282/2966 3774/59/2965 3548/60/2744 3776/60/2967 
f 3549/305/2745 3548/282/2744 3774/59/2965 3552/61/2748 
f 3551/306/2747 3770/62/2961 3550/282/2746 3549/305/2745 
f 3551/58/2747 3554/304/2750 3771/304/2962 3770/58/2961 
f 3562/304/2758 3571/304/2767 3771/304/2962 3554/304/2750 
f 3562/304/2758 3535/304/2731 3569/304/2765 3572/304/2768 
f 3585/304/2779 3582/304/2776 3581/304/2775 3586/304/2780 
f 3595/304/2789 3602/304/2794 3772/304/2963 3596/304/2790 
f 3595/304/2789 3590/304/2784 3598/304/2784 3600/304/2792 
f 3572/304/2768 3569/304/2765 3670/304/2862 3672/304/2864 
f 3586/304/2780 3581/304/2775 3591/304/2785 3596/304/2790 
f 3585/304/2779 3588/304/2782 3673/304/2865 3672/304/2864 
f 3548/60/2744 3547/61/2743 3777/286/2968 3776/60/2967 
f 3450/274/2646 3782/275/2971 3783/273/2972 3451/56/2647 
f 3784/276/2973 3785/277/2974 3786/57/2975 3787/278/2976 
f 3788/280/2977 3789/281/2978 3790/279/2979 3791/58/2980 
f 3792/283/2981 3793/284/2982 3794/282/2983 3795/59/2984 
f 3796/285/2985 3797/286/2986 3798/60/2987 3799/287/2988 
f 3800/288/2989 3801/289/2990 3802/61/2991 3803/290/2992 
f 3804/292/2993 3805/293/2994 3806/291/2995 3807/62/2996 
f 3808/295/2997 3809/296/2998 3810/294/2999 3811/63/3000 
f 3804/292/2993 3807/62/2996 3801/289/2990 3800/288/2989 
f 3805/293/2994 3808/295/2997 3811/63/3000 3806/291/2995 
f 3789/281/2978 3792/283/2981 3795/59/2984 3790/279/2979 
f 3793/284/2982 3799/287/2988 3798/60/2987 3794/282/2983 
f 3803/290/2992 3802/61/2991 3797/286/2986 3796/285/2985 
f 3483/297/2679 3482/49/2678 3810/294/2999 3809/296/2998 
f 3782/275/2971 3787/278/2976 3786/57/2975 3783/273/2972 
f 3788/280/2977 3791/58/2980 3785/277/2974 3784/276/2973 
f 3812/59/3001 3813/59/3002 3814/279/3003 3815/279/3004 
f 3816/60/3005 3817/60/3006 3818/282/3007 3819/282/3008 
f 3820/61/3009 3821/286/3010 3822/286/3011 3823/61/3012 
f 3824/62/3013 3825/62/3014 3826/289/3015 3827/289/3016 
f 3827/289/3016 3826/289/3015 3820/61/3009 3823/61/3012 
f 3815/279/3004 3814/279/3003 3828/58/3017 3829/58/3018 
f 3819/282/3008 3818/282/3007 3813/59/3002 3812/59/3001 
f 3821/286/3010 3817/60/3006 3816/60/3005 3822/286/3011 
f 3830/63/3019 3831/63/3020 3832/291/3021 3833/291/3022 
f 3508/49/2704 3834/294/3023 3835/294/3024 3509/49/2705 
f 3832/291/3021 3836/62/3025 3837/62/3026 3833/291/3022 
f 3834/294/3023 3831/63/3020 3830/63/3019 3835/294/3024 
f 3825/62/3014 3824/62/3013 3838/62/3027 3839/62/3028 
f 3840/298/3029 3841/299/3030 3516/49/2712 3515/60/2711 
f 3842/300/3031 3841/299/3030 3840/298/3029 3843/301/3032 
f 3844/302/3033 3842/300/3031 3843/301/3032 3845/61/3034 
f 3846/303/3035 3844/302/3033 3845/61/3034 3847/304/3036 
f 3841/299/3030 3524/5/2720 3516/49/2712 
f 3451/56/2647 3783/273/2972 3840/298/3029 3515/60/2711 
f 3848/5/3037 3524/5/2720 3841/299/3030 3842/300/3031 
f 3783/273/2972 3786/57/2975 3843/301/3032 3840/298/3029 
f 3844/302/3033 3848/5/3037 3842/300/3031 
f 3786/57/2975 3785/277/2974 3845/61/3034 3843/301/3032 
f 3849/5/3038 3848/5/3037 3844/302/3033 3846/303/3035 
f 3785/277/2974 3791/58/2980 3847/304/3036 3845/61/3034 
f 3829/58/3018 3828/58/3017 3850/304/3039 3851/304/3040 
f 3851/304/3040 3850/304/3039 3852/303/3041 3853/303/3042 
f 3853/303/3042 3852/303/3041 3854/5/3043 3855/5/3044 
f 3856/303/3045 3857/304/3046 3858/304/3047 3859/303/3048 
f 3860/5/3049 3856/303/3045 3859/303/3048 3861/5/3050 
f 3862/291/3051 3863/291/3052 3864/62/3053 3865/62/3054 
f 3866/294/3055 3545/49/2741 3544/49/2740 3863/294/3052 
f 3863/291/3052 3544/291/2740 3546/62/2742 3864/62/3053 
f 3867/60/3056 3868/282/3057 3869/305/3058 3870/282/3059 
f 3871/61/3060 3869/305/3058 3872/306/3061 3873/303/3062 
f 3873/58/3062 3872/58/3061 3874/304/3063 3857/304/3046 
f 3864/62/3053 3875/5/3064 3876/5/3065 3865/62/3054 
f 3546/62/2742 3557/5/2753 3875/5/3064 3864/62/3053 
f 3877/62/3066 3878/62/3067 3879/62/3068 3880/62/3069 
f 3874/304/3063 3881/304/3070 3858/304/3047 3857/304/3046 
f 3875/5/3064 3882/5/3071 3883/5/3072 3876/5/3065 
f 3557/5/2753 3565/5/2761 3882/5/3071 3875/5/3064 
f 3879/62/3068 3884/62/3073 3885/62/3074 3880/62/3069 
f 3886/304/3075 3887/303/3076 3859/303/3048 3858/304/3047 
f 3887/303/3076 3888/5/3077 3861/5/3050 3859/303/3048 
f 3889/304/3078 3890/304/3079 3891/304/3080 3881/304/3070 
f 3892/5/386 3893/5/3081 3883/5/3072 3882/5/3071 
f 3576/5/386 3892/5/386 3882/5/3071 3565/5/2761 
f 3894/62/3082 3885/62/3074 3884/62/3073 3895/62/3083 
f 3896/304/3084 3897/303/3085 3898/303/3086 3899/304/3087 
f 3897/303/3085 3900/5/3088 3901/5/3089 3898/303/3086 
f 3902/304/3090 3903/304/3091 3904/304/3092 3905/304/3093 
f 3906/304/3094 3907/304/3095 3908/303/2783 3909/303/3096 
f 3909/303/3096 3908/303/2783 3910/5/2791 3911/5/3097 
f 3912/304/3098 3913/304/3099 3907/304/3095 3906/304/3094 
f 3598/304/2784 3597/303/2783 3908/303/2783 3907/304/3095 
f 3597/303/2783 3599/5/2791 3910/5/2791 3908/303/2783 
f 3601/304/2793 3600/304/2792 3913/304/3099 3914/304/3100 
f 3915/307/3101 3604/5/2796 3603/5/2795 3916/308/3102 
f 3917/309/3103 3918/310/3104 3915/307/3101 3916/308/3102 
f 3919/311/3105 3920/312/3106 3921/313/3107 
f 3922/5/3108 3613/5/2805 3612/5/2804 3923/5/3109 
f 3924/5/3110 3922/5/3108 3923/5/3109 3925/5/3111 
f 3926/5/3112 3927/5/3113 3928/5/3114 3929/5/3115 
f 3930/5/3116 3931/5/3117 3932/5/3118 3933/5/3119 
f 3934/5/3120 3935/5/3121 3936/5/3122 3937/5/3123 
f 3938/5/3124 3939/5/3125 3940/5/3126 3941/5/3127 
f 3636/5/2828 3942/5/3128 3943/5/3129 3637/5/2829 
f 3942/5/3128 3944/5/3130 3945/5/3131 3943/5/3129 
f 3946/5/3132 3641/5/2833 3640/5/2832 3947/5/3133 
f 3947/5/3133 3640/5/2832 3613/5/2805 3922/5/3108 
f 3524/5/2720 3848/5/3037 3923/5/3109 3612/5/2804 
f 3948/5/3134 3949/5/3135 3946/5/3132 3947/5/3133 
f 3948/5/3134 3947/5/3133 3922/5/3108 3924/5/3110 
f 3848/5/3037 3849/5/3038 3925/5/3111 3923/5/3109 
f 3950/5/3136 3951/5/3137 3952/5/3138 3953/5/3139 
f 3951/5/3137 3926/5/3112 3929/5/3115 3952/5/3138 
f 3854/5/3043 3928/5/3114 3927/5/3113 3855/5/3044 
f 3954/5/3140 3955/5/3141 3956/5/3142 3957/5/3143 
f 3930/5/3116 3954/5/3140 3957/5/3143 3931/5/3117 
f 3937/5/3123 3861/5/3050 3888/5/3077 3932/5/3118 
f 3958/5/3144 3959/5/3145 3960/5/3146 3961/5/3147 
f 3961/5/3147 3960/5/3146 3935/5/3121 3934/5/3120 
f 3860/5/3049 3861/5/3050 3937/5/3123 3936/5/3122 
f 3962/5/3148 3963/5/3149 3964/5/3150 3965/5/3151 
f 3963/5/3149 3938/5/3124 3941/5/3127 3964/5/3150 
f 3900/5/3088 3940/5/3126 3939/5/3125 3901/5/3089 
f 3664/5/2856 3966/5/3152 3967/5/3153 3665/5/2857 
f 3665/5/2857 3967/5/3153 3942/5/3128 3636/5/2828 
f 3910/5/2791 3599/5/2791 3637/5/2829 3943/5/3129 
f 3966/5/3152 3968/5/3154 3969/5/3155 3967/5/3153 
f 3967/5/3153 3969/5/3155 3944/5/3130 3942/5/3128 
f 3911/5/3097 3910/5/2791 3943/5/3129 3945/5/3131 
f 3970/63/3156 3866/294/3055 3863/294/3052 3862/291/3051 
f 3971/304/3157 3972/303/3158 3887/303/3076 3886/304/3075 
f 3972/303/3158 3973/5/3159 3888/5/3077 3887/303/3076 
f 3974/304/3160 3975/304/3161 3891/304/3080 3890/304/3079 
f 3976/5/3162 3977/5/3163 3893/5/3081 3892/5/386 
f 3676/5/2868 3976/5/3162 3892/5/386 3576/5/386 
f 3978/62/3164 3894/62/3082 3895/62/3083 3979/62/3165 
f 3934/5/3120 3937/5/3123 3932/5/3118 3931/5/3117 
f 3956/5/3142 3958/5/3144 3961/5/3147 3957/5/3143 
f 3961/5/3147 3934/5/3120 3931/5/3117 3957/5/3143 
f 3973/5/3159 3933/5/3119 3932/5/3118 3888/5/3077 
f 3980/5/3166 3680/5/2872 3679/5/2871 3981/5/3167 
f 3982/5/3168 3980/5/3166 3981/5/3167 3983/5/3169 
f 3984/5/3170 3985/5/3171 3986/5/3172 3987/5/3173 
f 3988/5/3174 3989/5/3175 3990/5/3176 3991/5/3177 
f 3992/5/3178 3993/5/3179 3994/5/3180 3995/5/3181 
f 3996/5/3182 3997/5/3183 3998/5/3184 3999/5/3185 
f 3703/5/2894 4000/5/3186 4001/5/3187 3704/5/2895 
f 4000/5/3186 4002/5/3188 4003/5/3189 4001/5/3187 
f 3989/5/3175 3992/5/3178 3995/5/3181 3990/5/3176 
f 4004/5/3190 3707/5/2898 3680/5/2872 3980/5/3166 
f 3641/5/2833 3946/5/3132 3981/5/3167 3679/5/2871 
f 4005/5/3191 4004/5/3190 3980/5/3166 3982/5/3168 
f 3981/5/3167 3946/5/3132 3949/5/3135 3983/5/3169 
f 3987/5/3173 3986/5/3172 4006/5/3192 4007/5/3193 
f 3985/5/3171 3984/5/3170 3950/5/3136 3953/5/3139 
f 4008/5/3194 4009/5/3195 3989/5/3175 3988/5/3174 
f 3990/5/3176 3956/5/3142 3955/5/3141 3991/5/3177 
f 3992/5/3178 4010/5/3196 4011/5/3197 3993/5/3179 
f 3959/5/3145 3958/5/3144 3995/5/3181 3994/5/3180 
f 3999/5/3185 3998/5/3184 4012/5/3198 4013/5/3199 
f 3997/5/3183 3996/5/3182 3962/5/3148 3965/5/3151 
f 3719/5/2910 4014/5/3200 4000/5/3186 3703/5/2894 
f 3966/5/3152 3664/5/2856 3704/5/2895 4001/5/3187 
f 4014/5/3200 4015/5/3201 4002/5/3188 4000/5/3186 
f 3968/5/3154 3966/5/3152 4001/5/3187 4003/5/3189 
f 4009/5/3195 4010/5/3196 3992/5/3178 3989/5/3175 
f 3958/5/3144 3956/5/3142 3990/5/3176 3995/5/3181 
f 4004/5/3190 4016/5/3202 3721/5/2912 3707/5/2898 
f 4004/5/3190 4005/5/3191 4017/5/3203 4016/5/3202 
f 4006/5/3192 4018/5/3204 4019/5/3205 4007/5/3193 
f 4010/5/3196 4020/5/3206 4021/5/3207 4011/5/3197 
f 4009/5/3195 4022/5/3208 4020/5/3206 4010/5/3196 
f 4009/5/3195 4008/5/3194 4023/5/3209 4022/5/3208 
f 4012/5/3198 4024/5/3210 4025/5/3211 4013/5/3199 
f 4014/5/3200 4026/5/3212 4027/5/3213 4015/5/3201 
f 3719/5/2910 3734/5/2925 4026/5/3212 4014/5/3200 
f 4028/5/3214 3736/5/2927 3735/5/2926 4029/5/3215 
f 4030/5/3216 4031/5/3217 4028/5/3214 4029/5/3215 
f 4032/5/3218 4033/5/3219 4034/5/3220 4035/5/3221 
f 4036/5/3222 4037/5/3223 4038/5/3224 4039/5/3225 
f 4040/5/3226 4037/5/3223 4036/5/3222 4041/5/3227 
f 4042/5/3228 4043/5/3229 4040/5/3226 4041/5/3227 
f 4044/5/3230 4045/5/3231 4046/5/3232 
f 4047/5/3233 4048/5/3234 4049/5/3235 4050/5/3236 
f 3760/5/2951 4047/5/3233 4050/5/3236 3761/5/2952 
f 4051/5/3237 3762/5/2953 3736/5/2927 4028/5/3214 
f 3721/5/2912 4016/5/3202 4029/5/3215 3735/5/2926 
f 4052/5/3238 4051/5/3237 4028/5/3214 4031/5/3217 
f 4029/5/3215 4016/5/3202 4017/5/3203 4030/5/3216 
f 4038/5/3224 4052/5/3238 4031/5/3217 4035/5/3221 
f 4038/5/3224 4035/5/3221 4034/5/3220 
f 4033/5/3219 4032/5/3218 4019/5/3205 4018/5/3204 
f 4037/5/3223 4053/5/3239 4052/5/3238 4038/5/3224 
f 4039/5/3225 4021/5/3207 4020/5/3206 4036/5/3222 
f 4054/5/3240 4053/5/3239 4037/5/3223 4040/5/3226 
f 4020/5/3206 4022/5/3208 4041/5/3227 4036/5/3222 
f 4043/5/3229 4055/5/3241 4054/5/3240 4040/5/3226 
f 4041/5/3227 4022/5/3208 4023/5/3209 4042/5/3228 
f 4043/5/3229 4044/5/3230 4048/5/3234 4055/5/3241 
f 4046/5/3232 4045/5/3231 4025/5/3211 4024/5/3210 
f 4056/5/3242 4055/5/3241 4048/5/3234 4047/5/3233 
f 4027/5/3213 4026/5/3212 4050/5/3236 4049/5/3235 
f 3769/5/2960 4056/5/3242 4047/5/3233 3760/5/2951 
f 4026/5/3212 3734/5/2925 3761/5/2952 4050/5/3236 
f 3878/62/3067 3865/62/3054 3876/62/3065 3879/62/3068 
f 4057/62/3243 4058/62/3244 3877/62/3066 3880/62/3069 
f 3876/62/3065 3883/62/3072 3884/62/3073 3879/62/3068 
f 3889/62/3078 4057/62/3243 3880/62/3069 3885/62/3074 
f 3890/62/3079 3889/62/3078 3885/62/3074 3894/62/3082 
f 3883/62/3072 3893/62/3081 3895/62/3083 3884/62/3073 
f 3976/304/3162 3676/5/2868 3604/5/2796 3915/307/3101 
f 3601/5/2793 3914/62/3100 3916/308/3102 3603/5/2795 
f 3977/5/3163 3976/304/3162 3915/307/3101 3918/310/3104 
f 3916/308/3102 3914/62/3100 4059/303/3245 3917/309/3103 
f 3905/314/3093 3920/312/3106 3919/311/3105 3902/315/3090 
f 3921/313/3107 3979/308/3165 3977/62/3163 3918/316/3104 
f 3978/62/3164 3974/62/3160 3890/62/3079 3894/62/3082 
f 3893/62/3081 3977/62/3163 3979/62/3165 3895/62/3083 
f 4060/62/3246 3838/62/3027 3837/62/3026 3836/62/3025 
f 4060/62/3246 3839/62/3028 3838/62/3027 
f 3813/59/3002 4061/59/3247 3871/279/3060 3814/279/3003 
f 3815/279/3004 3790/279/2979 3795/59/2984 3812/59/3001 
f 3817/60/3006 4062/60/3248 4063/282/3249 3818/282/3007 
f 3794/282/2983 3798/60/2987 3816/60/3005 3819/282/3008 
f 3867/61/3056 4064/286/3250 3821/286/3010 3820/61/3009 
f 3797/286/2986 3802/61/2991 3823/61/3012 3822/286/3011 
f 3825/62/3014 4058/62/3244 3868/289/3057 3826/289/3015 
f 3827/289/3016 3801/289/2990 3807/62/2996 3824/62/3013 
f 3826/289/3015 3868/289/3057 3867/61/3056 3820/61/3009 
f 3823/61/3012 3802/61/2991 3801/289/2990 3827/289/3016 
f 3814/279/3003 3871/279/3060 3873/58/3062 3828/58/3017 
f 3829/58/3018 3791/58/2980 3790/279/2979 3815/279/3004 
f 3818/282/3007 4063/282/3249 4061/59/3247 3813/59/3002 
f 3812/59/3001 3795/59/2984 3794/282/2983 3819/282/3008 
f 4064/286/3250 4062/60/3248 3817/60/3006 3821/286/3010 
f 3798/60/2987 3797/286/2986 3822/286/3011 3816/60/3005 
f 3970/63/3156 3862/291/3051 3832/291/3021 3831/63/3020 
f 3833/291/3022 3806/291/2995 3811/63/3000 3830/63/3019 
f 3545/49/2741 3866/294/3055 3834/294/3023 3508/49/2704 
f 3810/294/2999 3482/49/2678 3509/49/2705 3835/294/3024 
f 3832/291/3021 3862/291/3051 3865/62/3054 3836/62/3025 
f 3807/62/2996 3806/291/2995 3833/291/3022 3837/62/3026 
f 3866/294/3055 3970/63/3156 3831/63/3020 3834/294/3023 
f 3811/63/3000 3810/294/2999 3835/294/3024 3830/63/3019 
f 4058/62/3244 3825/62/3014 3839/62/3028 3877/62/3066 
f 3837/62/3026 3838/62/3027 3824/62/3013 3807/62/2996 
f 3828/58/3017 3873/58/3062 3857/304/3046 3850/304/3039 
f 3851/304/3040 3847/304/3036 3791/58/2980 3829/58/3018 
f 3850/304/3039 3857/304/3046 3856/303/3045 3852/303/3041 
f 3853/303/3042 3846/303/3035 3847/304/3036 3851/304/3040 
f 3852/303/3041 3856/303/3045 3860/5/3049 3854/5/3043 
f 3855/5/3044 3849/5/3038 3846/303/3035 3853/303/3042 
f 3924/5/3110 3925/5/3111 3927/5/3113 3926/5/3112 
f 3936/5/3122 3935/5/3121 3929/5/3115 3928/5/3114 
f 3949/5/3135 3948/5/3134 3951/5/3137 3950/5/3136 
f 3960/5/3146 3959/5/3145 3953/5/3139 3952/5/3138 
f 3948/5/3134 3924/5/3110 3926/5/3112 3951/5/3137 
f 3935/5/3121 3960/5/3146 3952/5/3138 3929/5/3115 
f 3860/5/3049 3936/5/3122 3928/5/3114 3854/5/3043 
f 3925/5/3111 3849/5/3038 3855/5/3044 3927/5/3113 
f 3983/5/3169 3984/5/3170 3987/5/3173 3982/5/3168 
f 3993/5/3179 3986/5/3172 3985/5/3171 3994/5/3180 
f 3982/5/3168 3987/5/3173 4007/5/3193 4005/5/3191 
f 4011/5/3197 4006/5/3192 3986/5/3172 3993/5/3179 
f 3994/5/3180 3985/5/3171 3953/5/3139 3959/5/3145 
f 3949/5/3135 3950/5/3136 3984/5/3170 3983/5/3169 
f 4011/5/3197 4021/5/3207 4018/5/3204 4006/5/3192 
f 4019/5/3205 4017/5/3203 4005/5/3191 4007/5/3193 
f 4030/5/3216 4032/5/3218 4035/5/3221 4031/5/3217 
f 4038/5/3224 4034/5/3220 4033/5/3219 4039/5/3225 
f 4039/5/3225 4033/5/3219 4018/5/3204 4021/5/3207 
f 4017/5/3203 4019/5/3205 4032/5/3218 4030/5/3216 
f 3878/62/3067 4060/62/3246 3836/62/3025 3865/62/3054 
f 3877/62/3066 3839/62/3028 4060/62/3246 3878/62/3067 
f 3906/304/3094 3909/303/3096 3897/303/3085 3896/304/3084 
f 3972/303/3158 3971/304/3157 3899/304/3087 3898/303/3086 
f 3909/303/3096 3911/5/3097 3900/5/3088 3897/303/3085 
f 3973/5/3159 3972/303/3158 3898/303/3086 3901/5/3089 
f 4059/304/3245 3912/304/3098 3903/304/3091 3902/304/3090 
f 3971/304/3157 3975/304/3161 3904/304/3092 3899/304/3087 
f 3920/312/3106 3978/307/3164 3979/308/3165 3921/313/3107 
f 3917/317/3103 3919/311/3105 3921/313/3107 3918/316/3104 
f 3930/5/3116 3933/5/3119 3939/5/3125 3938/5/3124 
f 3945/5/3131 3944/5/3130 3941/5/3127 3940/5/3126 
f 3955/5/3141 3954/5/3140 3963/5/3149 3962/5/3148 
f 3969/5/3155 3968/5/3154 3965/5/3151 3964/5/3150 
f 3954/5/3140 3930/5/3116 3938/5/3124 3963/5/3149 
f 3944/5/3130 3969/5/3155 3964/5/3150 3941/5/3127 
f 3911/5/3097 3945/5/3131 3940/5/3126 3900/5/3088 
f 3933/5/3119 3973/5/3159 3901/5/3089 3939/5/3125 
f 3991/5/3177 3996/5/3182 3999/5/3185 3988/5/3174 
f 3998/5/3184 3997/5/3183 4003/5/3189 4002/5/3188 
f 3988/5/3174 3999/5/3185 4013/5/3199 4008/5/3194 
f 4012/5/3198 3998/5/3184 4002/5/3188 4015/5/3201 
f 4003/5/3189 3997/5/3183 3965/5/3151 3968/5/3154 
f 3955/5/3141 3962/5/3148 3996/5/3182 3991/5/3177 
f 4015/5/3201 4027/5/3213 4024/5/3210 4012/5/3198 
f 4025/5/3211 4023/5/3209 4008/5/3194 4013/5/3199 
f 4042/5/3228 4045/5/3231 4044/5/3230 4043/5/3229 
f 4048/5/3234 4044/5/3230 4046/5/3232 4049/5/3235 
f 4049/5/3235 4046/5/3232 4024/5/3210 4027/5/3213 
f 4023/5/3209 4025/5/3211 4045/5/3231 4042/5/3228 
f 3974/304/3160 3978/307/3164 3920/312/3106 3905/314/3093 
f 3917/317/3103 4059/303/3245 3902/315/3090 3919/311/3105 
f 3780/5/400 4065/5/3251 4066/5/3252 3781/5/400 
f 4065/5/3251 4053/5/3239 4054/5/3240 4066/5/3252 
f 3762/5/2953 4051/5/3237 4065/5/3251 3780/5/400 
f 4056/5/3242 3769/5/2960 3781/5/400 4066/5/3252 
f 4051/5/3237 4052/5/3238 4053/5/3239 4065/5/3251 
f 4055/5/3241 4056/5/3242 4066/5/3252 4054/5/3240 
f 3870/60/3059 4061/59/3247 4063/282/3249 4062/60/3248 
f 3869/305/3058 3871/61/3060 4061/59/3247 3870/282/3059 
f 3868/282/3057 4058/62/3244 3872/306/3061 3869/305/3058 
f 3872/58/3061 4058/58/3244 4057/304/3243 3874/304/3063 
f 4057/304/3243 3889/304/3078 3881/304/3070 3874/304/3063 
f 3886/304/3075 3858/304/3047 3881/304/3070 3891/304/3080 
f 3896/304/3084 3899/304/3087 3904/304/3092 3903/304/3091 
f 4059/304/3245 3914/304/3100 3913/304/3099 3912/304/3098 
f 3598/304/2784 3907/304/3095 3913/304/3099 3600/304/2792 
f 3971/304/3157 3886/304/3075 3891/304/3080 3975/304/3161 
f 3906/304/3094 3896/304/3084 3903/304/3091 3912/304/3098 
f 3974/304/3160 3905/304/3093 3904/304/3092 3975/304/3161 
f 4064/286/3250 3867/61/3056 3870/60/3059 4062/60/3248 
s 2
f 4067/318/3253 4068/34/3254 4069/319/3255 4070/318/3256 
f 4069/319/3255 4071/36/3257 4072/320/3258 4073/133/2293 
f 4072/320/3258 4074/38/3259 4073/133/2293 
f 4073/133/2293 4075/40/3260 4076/321/3261 4077/322/2289 
f 4076/321/3261 4078/42/3262 4077/322/2289 
f 4077/322/2289 4079/44/3263 4080/323/2286 4081/324/1662 
f 4080/323/2286 4082/46/3264 4081/324/1662 
f 4073/133/2293 4077/322/2289 4081/324/1662 4070/318/3256 
f 4081/324/1662 4083/17/3265 4084/324/1129 4085/323/2312 
f 4084/324/1129 4086/46/3266 4085/323/2312 
f 4085/323/2312 4087/44/3267 4088/322/3268 4089/321/1662 
f 4088/322/3268 4090/42/3269 4089/321/1662 
f 4081/324/1662 4085/323/2312 4089/321/1662 4070/318/3256 
f 4089/321/1662 4091/40/3270 4092/133/3271 4093/320/3272 
f 4092/133/3271 4094/38/3273 4093/320/3272 
f 4093/320/3272 4095/36/3274 4096/319/3275 4070/318/3256 
f 4096/319/3275 4097/34/3276 4070/318/3256 
f 4089/321/1662 4093/320/3272 4070/318/3256 
f 4069/319/3255 4073/133/2293 4070/318/3256 
f 4098/32/3277 4067/318/3253 4070/318/3256 
f 4099/318/2310 4067/318/3253 4098/32/3277 4100/32/1662 
f 4100/32/1662 4098/32/3277 4070/318/3256 4101/318/2293 
f 4101/318/2293 4070/318/3256 4097/34/3276 4102/34/3278 
f 4102/34/3278 4097/34/3276 4096/319/3275 4103/319/1662 
f 4103/319/1662 4096/319/3275 4095/36/3274 4104/36/3279 
f 4104/36/3279 4095/36/3274 4093/320/3272 4105/320/1662 
f 4105/320/1662 4093/320/3272 4094/38/3273 4106/38/3280 
f 4106/38/3280 4094/38/3273 4092/133/3271 4107/133/1634 
f 4107/133/1634 4092/133/3271 4091/40/3270 4108/40/1634 
f 4108/40/1634 4091/40/3270 4089/321/1662 4109/321/437 
f 4109/321/437 4089/321/1662 4090/42/3269 4110/42/2289 
f 4110/42/2289 4090/42/3269 4088/322/3268 4111/322/1663 
f 4111/322/1663 4088/322/3268 4087/44/3267 4112/44/1662 
f 4112/44/1662 4087/44/3267 4085/323/2312 4113/323/1663 
f 4113/323/1663 4085/323/2312 4086/46/3266 4114/46/3281 
f 4114/46/3281 4086/46/3266 4084/324/1129 4115/324/2293 
f 4115/324/2293 4084/324/1129 4083/17/3265 4116/17/1662 
f 4116/17/1662 4083/17/3265 4081/324/1662 4117/324/3282 
f 4117/324/3282 4081/324/1662 4082/46/3264 4118/46/3283 
f 4118/46/3283 4082/46/3264 4080/323/2286 4119/323/1662 
f 4119/323/1662 4080/323/2286 4079/44/3263 4120/44/1662 
f 4120/44/1662 4079/44/3263 4077/322/2289 4121/322/1662 
f 4121/322/1662 4077/322/2289 4078/42/3262 4122/42/3284 
f 4122/42/3284 4078/42/3262 4076/321/3261 4123/321/1662 
f 4123/321/1662 4076/321/3261 4075/40/3260 4124/40/2297 
f 4124/40/2297 4075/40/3260 4073/133/2293 4125/133/1662 
f 4125/133/1662 4073/133/2293 4074/38/3259 4126/38/3285 
f 4126/38/3285 4074/38/3259 4072/320/3258 4127/320/1663 
f 4127/320/1663 4072/320/3258 4071/36/3257 4128/36/3286 
f 4128/36/3286 4071/36/3257 4069/319/3255 4129/319/1662 
f 4129/319/1662 4069/319/3255 4068/34/3254 4130/34/3287 
f 4130/34/3287 4068/34/3254 4067/318/3253 4099/318/2310 
s 1
f 3453/275/2649 4131/318/3288 4132/32/3289 3450/274/2646 
f 3455/278/2651 3454/276/2650 4133/319/3290 4134/34/3291 
f 3458/280/2654 3461/281/2657 4135/320/3292 4136/36/3293 
f 3465/284/2661 4137/133/3294 4138/38/3295 3462/283/2658 
f 3466/285/2662 4139/321/3296 4140/40/3297 3467/287/2663 
f 3470/288/2666 4141/322/3298 4142/42/3299 3471/290/2667 
f 3477/293/2673 4143/323/3300 4144/44/3301 3474/292/2670 
f 3481/296/2677 4145/324/3302 4146/46/2674 3478/295/2674 
f 3474/292/2670 4144/44/3301 4141/322/3298 3470/288/2666 
f 3478/295/2674 4146/46/2674 4143/323/3300 3477/293/2673 
f 3462/283/2658 4138/38/3295 4135/320/3292 3461/281/2657 
f 3467/287/2663 4140/40/3297 4137/133/3294 3465/284/2661 
f 3471/290/2667 4142/42/3299 4139/321/3296 3466/285/2662 
f 3483/297/2679 4147/17/3303 4145/324/3302 3481/296/2677 
f 3455/278/2651 4134/34/3291 4131/318/3288 3453/275/2649 
f 3454/276/2650 3458/280/2654 4136/36/3293 4133/319/3290 
f 3450/274/2646 4132/32/3289 4148/318/3304 3782/275/2971 
f 3787/278/2976 4149/34/3305 4150/319/3306 3784/276/2973 
f 3788/280/2977 4151/36/3307 4152/320/3308 3789/281/2978 
f 3792/283/2981 4153/38/3309 4154/133/3310 3793/284/2982 
f 3799/287/2988 4155/40/3311 4156/321/3312 3796/285/2985 
f 3803/290/2992 4157/42/3313 4158/322/3314 3800/288/2989 
f 3804/292/2993 4159/44/3315 4160/323/3316 3805/293/2994 
f 3808/295/2997 4161/46/3317 4162/324/3318 3809/296/2998 
f 3800/288/2989 4158/322/3314 4159/44/3315 3804/292/2993 
f 3805/293/2994 4160/323/3316 4161/46/3317 3808/295/2997 
f 3789/281/2978 4152/320/3308 4153/38/3309 3792/283/2981 
f 3793/284/2982 4154/133/3310 4155/40/3311 3799/287/2988 
f 3796/285/2985 4156/321/3312 4157/42/3313 3803/290/2992 
f 3809/296/2998 4162/324/3318 4147/17/3303 3483/297/2679 
f 3782/275/2971 4148/318/3304 4149/34/3305 3787/278/2976 
f 3784/276/2973 4150/319/3306 4151/36/3307 3788/280/2977 
s 2
f 4100/32/1662 4132/32/1662 4131/318/2293 4099/318/2310 
f 4101/318/2293 4148/318/2293 4132/32/1662 4100/32/1662 
f 4102/34/3278 4149/34/3319 4148/318/2293 4101/318/2293 
f 4103/319/1662 4150/319/1662 4149/34/3319 4102/34/3278 
f 4104/36/3279 4151/36/3320 4150/319/1662 4103/319/1662 
f 4105/320/1662 4152/320/1662 4151/36/3320 4104/36/3279 
f 4106/38/3280 4153/38/3280 4152/320/1662 4105/320/1662 
f 4107/133/1634 4154/133/1634 4153/38/3280 4106/38/3280 
f 4108/40/1634 4155/40/1634 4154/133/1634 4107/133/1634 
f 4109/321/437 4156/321/437 4155/40/1634 4108/40/1634 
f 4110/42/2289 4157/42/2289 4156/321/437 4109/321/437 
f 4111/322/1663 4158/322/1663 4157/42/2289 4110/42/2289 
f 4112/44/1662 4159/44/1662 4158/322/1663 4111/322/1663 
f 4113/323/1663 4160/323/1663 4159/44/1662 4112/44/1662 
f 4114/46/3281 4161/46/3281 4160/323/1663 4113/323/1663 
f 4115/324/2293 4162/324/2293 4161/46/3281 4114/46/3281 
f 4116/17/1662 4147/17/1662 4162/324/2293 4115/324/2293 
f 4117/324/3282 4145/324/3282 4147/17/1662 4116/17/1662 
f 4118/46/3283 4146/46/3283 4145/324/3282 4117/324/3282 
f 4119/323/1662 4143/323/1662 4146/46/3283 4118/46/3283 
f 4120/44/1662 4144/44/1662 4143/323/1662 4119/323/1662 
f 4121/322/1662 4141/322/1662 4144/44/1662 4120/44/1662 
f 4122/42/3284 4142/42/3284 4141/322/1662 4121/322/1662 
f 4123/321/1662 4139/321/1662 4142/42/3284 4122/42/3284 
f 4124/40/2297 4140/40/2297 4139/321/1662 4123/321/1662 
f 4125/133/1662 4137/133/1663 4140/40/2297 4124/40/2297 
f 4126/38/3285 4138/38/3321 4137/133/1663 4125/133/1662 
f 4127/320/1663 4135/320/1663 4138/38/3321 4126/38/3285 
f 4128/36/3286 4136/36/3286 4135/320/1663 4127/320/1663 
f 4129/319/1662 4133/319/1663 4136/36/3286 4128/36/3286 
f 4130/34/3287 4134/34/3287 4133/319/1663 4129/319/1662 
f 4099/318/2310 4131/318/2293 4134/34/3287 4130/34/3287 
# 4030 polygons - 150 triangles

