# 3ds Max Wavefront OBJ Exporter v0.99 - (c)2007 guruware
# File Created: 29.07.2022 13:55:14

#
# object 5172_HC
#

v  0.6294 -0.5674 0.0000
v  0.9745 -0.6241 0.0000
v  1.9218 -0.9372 0.0000
v  5.6240 -17.5425 0.0000
v  2.8040 -12.7610 0.0000
v  2.8524 -14.5304 0.0000
v  2.7285 -10.9823 0.0000
v  2.6273 -9.2068 0.0000
v  2.5001 -7.4568 0.0000
v  2.3336 -5.7209 0.0000
v  2.0983 -4.0047 0.0000
v  1.9201 -3.0784 0.0000
v  1.6811 -2.2187 0.0000
v  1.3613 -1.4775 0.0000
v  0.9618 -0.9369 0.0000
v  2.8620 -15.3504 0.0000
v  -0.0000 -15.3517 0.0000
v  2.8529 -16.5257 0.0000
v  -0.0000 -16.5330 0.0000
v  2.8120 -17.5425 0.0000
v  -0.0000 -17.5425 0.0000
v  2.7365 -18.5053 0.0000
v  2.6218 -19.3921 0.0000
v  -0.0000 -19.3921 0.0000
v  2.4654 -20.1999 0.0000
v  -0.0000 -20.2004 0.0000
v  2.2680 -20.9426 0.0000
v  -0.0000 -20.9426 0.0000
v  2.0407 -21.6095 0.0000
v  -0.0000 -21.6096 0.0000
v  1.7884 -22.2060 0.0000
v  -0.0000 -22.2060 0.0000
v  1.5192 -22.7314 0.0000
v  -0.0000 -22.7312 0.0000
v  1.2359 -23.1787 0.0000
v  0.9348 -23.5364 0.0000
v  5.2021 0.0000 16.0319
v  5.4950 -0.0000 23.9296
v  6.0513 -0.1814 14.5097
v  5.8998 -0.0065 15.9590
v  6.2076 -0.1783 14.5112
v  7.3417 -14.3380 14.2740
v  7.3277 -14.7955 14.2740
v  6.2494 -12.3886 14.2740
v  7.3681 -8.0178 14.2740
v  7.1826 -14.2913 14.2740
v  6.7570 -13.3316 14.2740
v  6.1072 -0.9473 14.2740
v  6.1072 -0.4814 14.2740
v  6.2988 -0.9473 14.2740
v  6.2133 -0.4796 14.2740
v  6.5497 -0.4980 14.2740
v  6.6497 -1.0183 14.2740
v  6.8021 -0.5419 14.2740
v  6.9454 -1.2201 14.2740
v  6.4699 -12.3046 14.2741
v  7.1394 -1.5210 14.2740
v  6.6308 -12.1325 14.2741
v  7.2012 -1.8736 14.2740
v  7.2066 -0.6598 14.2740
v  6.9447 -8.0178 14.2740
v  6.7008 -11.9074 14.2740
v  8.0087 -0.6536 16.4840
v  8.0542 -0.6515 15.3746
v  5.9769 -0.0422 23.9307
v  7.6273 -0.6543 23.7620
v  7.0474 -0.3656 23.7619
v  7.1857 -0.2128 15.6849
v  6.4482 -0.1484 23.9309
v  6.8379 -0.2835 23.9315
v  6.5876 -0.1980 14.5158
v  6.8678 -0.2459 14.5198
v  6.5665 -0.0449 15.8464
v  7.3095 -0.3730 14.5271
v  7.6104 -0.4824 14.5928
v  7.8371 -0.5689 14.7488
v  8.0135 -0.6392 15.0246
v  8.0116 -6.6618 14.9444
v  8.2017 -0.9230 15.3013
v  7.1173 -18.0408 16.2606
v  7.6820 -11.3571 16.2597
v  8.1530 -0.9221 16.4894
v  7.3801 -16.1373 14.4656
v  7.3934 -15.9867 14.4740
v  7.5329 -14.3535 14.4739
v  7.7356 -10.5125 16.3217
v  7.7871 -0.9405 23.7644
v  7.4528 -6.3407 23.7671
v  7.8219 -8.5817 17.0872
v  7.7764 -9.7582 16.4946
v  7.8269 -7.7984 17.9020
v  7.7943 -7.2324 19.0199
v  7.7457 -6.8717 20.0703
v  7.6699 -6.6104 21.2727
v  7.9794 -0.9314 20.4748
v  7.5823 -6.4515 22.3985
v  7.1973 -18.0488 14.4029
v  1.8765 -27.0505 16.2549
v  1.8908 -27.0764 14.4563
v  3.7196 -25.7585 16.2675
v  3.7585 -25.7938 14.4445
v  4.9980 -24.1261 16.2653
v  5.0883 -24.1848 14.4390
v  5.9805 -22.2727 16.2675
v  6.0869 -22.3180 14.4262
v  6.7042 -20.2706 16.2649
v  6.7864 -20.2920 14.4096
v  7.0149 -6.6615 14.2740
v  7.0900 -4.9539 14.2744
v  7.1392 -3.5912 14.2744
v  7.2379 -1.8736 14.2740
v  7.3172 -4.9539 14.2740
v  7.2821 -3.5912 14.2740
v  7.3612 -6.6614 14.2740
v  7.3519 -11.9074 14.2740
v  7.3610 -9.7281 14.2740
v  6.8453 -9.6032 14.2744
v  7.7087 -11.9075 14.6199
v  7.8452 -9.7290 14.7551
v  7.4914 -13.9173 16.2668
v  7.9427 -8.0184 14.8597
v  8.0850 -4.9543 15.0476
v  8.1333 -3.5917 15.1311
v  8.1805 -1.8739 15.2398
v  7.8539 -8.4301 16.4945
v  7.9397 -6.8303 16.4946
v  8.0785 -3.5606 16.4930
v  7.8743 -3.4756 20.3501
v  7.6534 -3.3794 23.7668
v  8.1278 -1.8798 16.4907
v  7.9490 -1.8999 20.4284
v  7.7380 -1.8896 23.7655
v  8.0264 -4.9560 16.4942
v  7.8300 -4.9628 20.2810
v  7.5507 -4.9517 23.7675
v  7.0845 -15.2517 14.1208
v  6.1342 -12.4906 14.1202
v  6.9401 -14.5197 14.1196
v  6.5950 -13.4280 14.1198
v  7.3208 -15.3433 14.2560
v  7.2110 -15.0333 14.2391
v  6.1646 -12.4474 14.2347
v  7.0445 -14.4144 14.2317
v  6.6543 -13.3905 14.2320
v  7.2611 -15.7448 14.2083
v  7.4399 -15.4423 14.4740
v  7.4864 -14.8979 14.4739
v  7.3071 -16.0771 16.2658
v  7.5992 -11.9074 14.3625
v  7.4798 -14.3534 14.3332
v  7.6991 -9.7467 14.4039
v  7.7806 -8.0012 14.4444
v  7.8293 -6.6528 14.4706
v  7.8676 -4.9531 14.4949
v  7.8923 -3.5928 14.5182
v  7.9168 -1.8725 14.5540
v  7.9375 -0.8448 14.5880
v  7.4129 -15.4049 14.3426
v  7.4532 -14.8599 14.3377
v  7.3407 -15.8982 14.3007
v  7.4932 -11.9074 14.2963
v  7.5498 -9.7464 14.3071
v  7.6000 -8.0080 14.3210
v  7.6244 -6.6563 14.3291
v  7.6267 -4.9534 14.3328
v  7.6252 -3.5921 14.3388
v  7.6200 -1.8729 14.3506
v  7.6089 -0.7580 14.3571
v  7.6798 -11.9153 14.4751
v  7.8035 -9.7426 14.5537
v  7.9009 -7.9989 14.6289
v  7.9646 -6.6518 14.6806
v  8.0285 -4.9537 14.7387
v  8.0709 -3.5938 14.7883
v  8.1135 -1.8729 14.8565
v  8.1428 -0.9041 14.9213
v  5.8900 -0.3658 14.4603
v  5.3643 -0.0000 20.4198
v  7.8089 -0.6449 20.4588
v  7.1067 -0.2970 20.4378
v  5.9373 -0.0192 20.4212
v  6.5006 -0.1000 20.4263
v  5.2362 0.0000 16.9532
v  7.1686 -0.2317 16.6830
v  5.8998 -0.0028 16.9031
v  6.5513 -0.0650 16.8085
v  7.8704 -0.9351 22.4654
v  7.7573 -3.4182 22.4184
v  7.8266 -1.8940 22.4477
v  7.6735 -4.9567 22.3914
v  7.7006 -0.6485 22.4657
v  6.4695 -0.1310 22.4661
v  5.4405 -0.0000 22.4663
v  7.0711 -0.3378 22.4659
v  5.9480 -0.0251 22.4667
v  3.8892 -0.0000 16.0322
v  4.0014 -0.0000 20.4198
v  4.1177 -0.0000 23.9296
v  3.9127 0.0000 16.9536
v  4.0692 -0.0000 22.4663
v  1.6421 0.0000 23.9296
v  1.5279 -0.0000 16.0330
v  1.5513 -0.0000 20.4198
v  1.5328 -0.0000 16.9543
v  1.6043 -0.0000 22.4663
v  5.3049 -0.6900 15.3436
v  3.9967 -0.6900 15.3436
v  1.5683 -0.6900 15.3436
v  5.2154 -0.2831 15.4764
v  3.9404 -0.2662 15.4898
v  1.5338 -0.2519 15.5008
v  5.2820 -0.4779 15.3770
v  3.9669 -0.4553 15.3852
v  1.5501 -0.4463 15.3885
v  1.1092 -0.4435 15.3897
v  0.5819 -0.2900 15.4709
v  5.3946 -0.4379 15.3183
v  7.1484 -15.7665 14.1196
v  7.1746 -16.0341 14.1237
v  7.3233 -16.1228 14.2950
v  7.1277 -18.0485 14.1197
v  1.0234 -0.4160 0.6199
v  1.9988 -0.7526 0.6102
v  2.8502 -1.3345 0.6142
v  3.5119 -2.1144 0.6169
v  3.9993 -3.0017 0.6164
v  4.3708 -3.9527 0.6150
v  4.8399 -5.6746 0.6120
v  5.1809 -7.4277 0.6092
v  5.4437 -9.1933 0.6056
v  5.6493 -10.9656 0.6015
v  5.8053 -12.7440 0.5967
v  5.9094 -14.5244 0.5908
v  5.9197 -14.9077 0.6641
v  5.9197 -15.2288 0.8714
v  5.9123 -15.4441 1.1776
v  5.9010 -15.5274 1.5412
v  5.8559 -15.5720 3.0192
v  5.8050 -15.6493 5.5481
v  5.8182 -15.7142 7.5420
v  5.9102 -15.7753 9.1471
v  6.0904 -15.8356 10.4814
v  6.3359 -15.8923 11.5809
v  6.0028 -22.2246 14.1160
v  5.0215 -24.0214 14.1179
v  3.3210 -24.8352 13.0108
v  1.3065 -23.4987 2.8849
v  2.6275 -22.8761 2.9438
v  3.7580 -21.9303 2.9910
v  4.7130 -20.7244 3.0239
v  5.4042 -19.1093 5.5672
v  4.7407 -20.5037 5.5548
v  3.1143 -24.0171 11.8876
v  1.6453 -25.8289 12.9862
v  5.7450 -17.4585 5.5482
v  5.7710 -17.4611 7.5418
v  5.8615 -17.5207 9.1462
v  6.0316 -17.6259 10.4804
v  6.2968 -17.7608 11.6771
v  5.9527 -19.5892 11.7698
v  5.2982 -21.2665 11.8441
v  4.3558 -22.7656 11.8874
v  1.5453 -24.8657 11.8325
v  1.4711 -24.0751 10.5740
v  1.4178 -23.4922 9.1212
v  2.9590 -23.3340 10.6653
v  2.8462 -22.8192 9.2352
v  4.1478 -22.2276 10.6885
v  3.8951 -21.6112 7.5796
v  2.7602 -22.5481 7.5119
v  4.0004 -21.8192 9.2852
v  5.0645 -20.8836 10.6568
v  4.9063 -20.5931 9.2808
v  1.3765 -23.1829 7.3995
v  1.3385 -23.1960 5.3523
v  2.6864 -22.5778 5.4451
v  3.8139 -21.6578 5.5133
v  4.8045 -20.4520 7.6052
v  5.7028 -19.3463 10.5830
v  5.5397 -19.1620 9.2312
v  5.4460 -19.0737 7.5918
v  6.7145 -20.2313 14.1139
v  6.7774 -20.2879 14.3283
v  6.0676 -22.3119 14.3122
v  5.0641 -24.1655 14.3036
v  3.6683 -25.6391 14.1193
v  3.7197 -25.7611 14.2896
v  1.8499 -26.8602 14.1196
v  1.8670 -27.0266 14.2961
v  7.1909 -18.0484 14.3352
v  5.4054 -19.2619 3.0279
v  5.7740 -17.5066 3.0188
v  6.7395 -15.9638 12.8854
v  6.6720 -17.8996 12.8760
v  6.3075 -19.8966 12.9526
v  5.6276 -21.7265 12.9936
v  4.6893 -23.3517 13.0273
v  4.8300 -15.3183 10.8700
v  5.2342 -15.3557 11.1314
v  5.8809 -15.4208 11.6990
v  5.4360 -15.0341 1.5421
v  1.9398 -14.7899 1.5508
v  5.3918 -15.0827 3.0192
v  5.3400 -15.1676 5.5481
v  2.0603 -15.0068 7.5044
v  2.6986 -15.0512 7.4993
v  3.0009 -15.0744 7.5570
v  5.3538 -15.2384 7.5419
v  3.2568 -15.0982 7.7260
v  3.4280 -15.1191 7.9803
v  5.4485 -15.3013 9.1471
v  3.4886 -15.1339 8.2820
v  3.4934 -15.2052 10.3112
v  5.6155 -15.3596 10.4814
v  3.9303 -15.2416 10.4774
v  4.3539 -15.2768 10.6371
v  1.7797 -1.2008 1.0870
v  1.4836 -1.0394 1.0905
v  1.9376 -14.3710 1.1468
v  5.4212 -14.5438 1.0700
v  1.5398 -1.5799 1.1082
v  5.3118 -12.7856 1.0702
v  1.8342 -11.0223 1.1470
v  1.8887 -12.7857 1.1471
v  2.5219 -1.6940 1.0785
v  3.1078 -2.3905 1.0750
v  3.5590 -3.2091 1.0732
v  1.6045 -3.6206 1.1350
v  1.7797 -9.2593 1.1464
v  3.9088 -4.1086 1.0724
v  1.6721 -5.7879 1.1426
v  4.3651 -5.7879 1.0715
v  4.7027 -7.5126 1.0708
v  1.7256 -7.5127 1.1451
v  4.9601 -9.2592 1.0705
v  5.1656 -11.0223 1.0702
v  2.0207 -14.9355 5.5481
v  1.9695 -14.8434 3.0192
v  3.4907 -15.1643 9.1471
v  1.9367 -14.6619 1.2643
v  5.4312 -14.8843 1.2072
v  1.9377 -14.5330 1.1797
v  5.4354 -14.9889 1.3541
v  1.9376 -14.7512 1.3901
v  5.4277 -14.7334 1.1081
v  1.7548 -14.4596 1.3558
v  1.6674 -5.2789 11.5743
v  1.6782 -5.2719 12.1571
v  1.6433 -5.1451 10.5373
v  1.4873 -5.7879 1.3353
v  1.3570 -1.5799 1.3016
v  1.6318 -4.9995 10.1683
v  1.8363 -13.1317 7.7598
v  1.8837 -14.8231 7.5147
v  1.7556 -9.6024 9.2281
v  1.6280 -4.0014 11.5753
v  1.5827 -2.7279 11.2590
v  1.6195 -4.0360 11.0782
v  1.5615 -2.3564 10.7521
v  1.6120 -4.1665 10.4764
v  1.5251 -1.8958 9.5875
v  1.6099 -4.2887 10.1683
v  1.6111 -4.4377 9.9881
v  1.5943 -9.2593 1.3398
v  1.6170 -4.6539 9.9218
v  1.6236 -4.8462 9.9881
v  1.7518 -9.6357 8.9735
v  1.7510 -9.7580 8.7336
v  1.7535 -9.9634 8.5370
v  1.7594 -10.2318 8.4127
v  1.7519 -14.3768 1.3404
v  1.7967 -11.5966 8.0907
v  1.7632 -14.6063 1.5611
v  1.7611 -14.5879 1.4791
v  1.7580 -14.5362 1.4046
v  1.3246 -5.8603 13.0272
v  1.2904 -6.3425 13.0483
v  1.8110 -9.7198 11.9502
v  1.7259 -9.2782 12.4465
v  1.6511 -5.2714 12.4384
v  1.5648 -5.2908 12.6916
v  1.5861 -9.0242 12.7179
v  1.4406 -5.3335 12.9017
v  1.4398 -8.8648 12.8770
v  1.4045 -8.3310 12.9171
v  1.3297 -7.6061 12.9906
v  1.9865 -11.5918 8.2603
v  1.9492 -10.2768 8.5922
v  2.0261 -13.1585 7.9434
v  2.6829 -13.1684 7.9416
v  2.7119 -14.8832 7.6947
v  2.5792 -10.7989 8.4525
v  2.6573 -11.5961 8.2588
v  2.0736 -14.8391 7.6998
v  2.2949 -10.4039 8.5573
v  2.4313 -10.4963 8.5322
v  2.5247 -10.6436 8.4929
v  3.2724 -12.4278 10.7940
v  3.2544 -11.5967 8.8703
v  3.3167 -15.0191 10.3182
v  3.3119 -14.9476 8.2890
v  3.3027 -14.2092 10.4021
v  3.2873 -13.3100 10.5466
v  3.2830 -13.2638 8.5313
v  3.0403 -10.5948 12.3989
v  3.2600 -11.6806 11.2211
v  3.1570 -10.8508 12.0860
v  3.1690 -10.8319 9.0237
v  3.1330 -10.7041 9.0514
v  2.7305 -10.1199 9.1420
v  2.4999 -9.9984 9.1562
v  2.4999 -10.1291 12.8176
v  2.6394 -10.1940 12.8104
v  2.7983 -10.3057 12.7255
v  3.1198 -10.7491 12.2119
v  2.8740 -10.2478 9.1263
v  2.9791 -10.3830 9.1069
v  2.9314 -10.4414 12.5811
v  3.0681 -10.5424 9.0806
v  2.0846 -9.9741 12.7100
v  1.8805 -9.7751 9.2179
v  1.9359 -9.8926 11.9430
v  2.2619 -10.0419 12.8013
v  1.9808 -9.9268 12.4435
v  2.0197 -9.9461 12.5858
v  2.1530 -10.0012 12.7722
v  1.7029 -12.7857 1.3403
v  1.6486 -11.0223 1.3401
v  3.1353 -14.9101 7.8677
v  3.0992 -13.1942 8.1101
v  3.0724 -11.5808 8.4355
v  2.9547 -10.7209 8.6242
v  2.8555 -10.4611 8.6997
v  2.6688 -10.2329 8.7540
v  2.4266 -10.1002 8.7764
v  1.8991 -9.9207 8.8160
v  3.2620 -14.9297 8.0528
v  3.2279 -13.2235 8.2901
v  3.2005 -11.5849 8.6220
v  3.0950 -10.7530 8.7969
v  2.9832 -10.4600 8.8807
v  2.7737 -10.1935 8.9345
v  2.4750 -10.0210 8.9505
v  1.8885 -9.8081 9.0130
v  2.9101 -13.1757 7.9882
v  2.8842 -11.5864 8.3080
v  2.7683 -10.7233 8.5098
v  2.6831 -10.5062 8.5687
v  2.5367 -10.3337 8.6128
v  2.3614 -10.2310 8.6403
v  1.9268 -10.0900 8.6738
v  2.9441 -14.8949 7.7407
v  1.5404 -7.5127 1.3375
v  1.4204 -3.6206 1.3179
v  1.7137 -6.4714 12.1013
v  1.7103 -8.0641 9.3355
v  1.6688 -6.4924 9.6975
v  1.7609 -8.0526 12.0277
v  1.4458 -7.6461 12.8877
v  1.9406 -14.8330 7.6460
v  1.8933 -13.1492 7.8900
v  1.8617 -11.6055 8.2110
v  1.8190 -10.2586 8.5440
v  1.7916 -9.7081 9.2239
v  1.8474 -9.8259 11.9457
v  1.8038 -10.0304 8.6410
v  1.7913 -9.8440 8.8039
v  1.7932 -9.7440 9.0025
v  3.3140 -14.9777 9.1471
v  1.4466 -1.7198 5.7636
v  1.8440 -14.7516 5.5519
v  1.6858 -9.5665 5.6354
v  1.7910 -13.0142 5.5799
v  1.7413 -11.3853 5.6061
v  1.5191 -4.0982 5.7234
v  1.5818 -6.1548 5.6903
v  1.6323 -7.8109 5.6636
v  1.7925 -14.6591 3.0116
v  3.3672 -15.1445 10.3121
v  3.3654 -15.1048 9.1542
v  3.3649 -15.0758 8.2742
v  3.3083 -15.0610 8.0237
v  3.1592 -15.0447 7.8081
v  2.9483 -15.0242 7.6751
v  2.6846 -15.0087 7.6244
v  2.0562 -14.9568 7.6387
v  1.9333 -14.9448 7.5177
v  1.8969 -14.8776 5.5495
v  1.8456 -14.7853 3.0149
v  1.8137 -14.7286 1.5398
v  1.8129 -14.6971 1.4144
v  1.8104 -14.6236 1.3092
v  1.8072 -14.5169 1.2373
v  1.8027 -14.3905 1.2088
v  1.7555 -12.7849 1.2052
v  1.7010 -11.0208 1.2050
v  1.6467 -9.2581 1.2046
v  1.5932 -7.5116 1.2033
v  1.5396 -5.7865 1.2007
v  1.4734 -3.6189 1.1924
v  1.4085 -1.5821 1.1680
v  1.9722 -14.9499 7.6012
v  3.3877 -12.4486 10.9685
v  6.6119 -15.5842 12.9700
v  3.8782 -15.0670 10.6618
v  3.4356 -15.0303 10.4935
v  5.7479 -15.2517 11.8264
v  5.1352 -15.1854 11.2901
v  4.7484 -15.1460 11.0403
v  6.9020 -14.5337 14.1196
v  7.1123 -15.7963 14.1196
v  2.4961 -10.1126 12.8959
v  2.2659 -10.0286 12.8791
v  1.7851 -9.6486 13.6251
v  1.8742 -9.6048 14.1196
v  2.0573 -9.7946 13.3340
v  4.2951 -15.1025 10.8187
v  3.4195 -14.2305 10.5755
v  3.4144 -13.2491 10.7383
v  6.5552 -13.4436 14.1196
v  6.0940 -12.5074 14.1196
v  5.4950 -11.6764 14.1196
v  4.7428 -10.9531 14.1196
v  3.8719 -10.3691 14.1196
v  2.2008 -9.9290 13.0689
v  2.6694 -10.1940 12.8868
v  3.3678 -11.7834 11.3554
v  2.9035 -9.9219 14.1196
v  2.8324 -10.3087 12.8136
v  2.9897 -10.4628 12.6788
v  3.1054 -10.6257 12.5111
v  3.2705 -10.9754 12.1373
v  5.4596 -13.8271 11.9111
v  4.5001 -13.9429 11.0876
v  4.0028 -12.9060 11.1042
v  4.1875 -11.6257 12.1455
v  4.9196 -12.6016 11.9963
v  6.2573 -13.8110 13.0479
v  5.6036 -12.4193 13.0967
v  4.6910 -11.3296 13.1811
v  2.8181 -10.0615 13.4039
v  3.7577 -10.6037 13.2977
v  3.4775 -10.9248 12.3957
v  3.1942 -10.7953 12.3279
v  7.1648 -15.9533 14.1196
v  6.6578 -15.7034 12.9452
v  2.4926 -10.1228 12.8591
v  3.3479 -15.0331 10.4200
v  3.3332 -14.2284 10.5028
v  3.3230 -13.2914 10.6618
v  3.3069 -12.4375 10.9012
v  3.2898 -11.7423 11.2996
v  3.1961 -10.9209 12.1182
v  3.1394 -10.7725 12.2823
v  3.0592 -10.6079 12.4710
v  2.9502 -10.4536 12.6345
v  2.8068 -10.3071 12.7746
v  2.6515 -10.1975 12.8494
v  5.7848 -15.3639 11.7869
v  5.1698 -15.3057 11.2456
v  4.7646 -15.2706 10.9777
v  4.3046 -15.2261 10.7589
v  3.9009 -15.1875 10.6071
v  3.3785 -15.1126 10.4190
v  6.6262 -15.6505 12.9619
v  1.9684 -0.8301 0.8606
v  5.8289 -14.5271 0.8423
v  5.7229 -12.7552 0.8466
v  5.5686 -10.9806 0.8446
v  5.3623 -9.2102 0.8487
v  5.1003 -7.4496 0.8507
v  4.7570 -5.7043 0.8505
v  4.2923 -4.0015 0.8573
v  3.9251 -3.0472 0.8511
v  3.4395 -2.1596 0.8561
v  2.8116 -1.4268 0.8704
v  5.7480 -15.4822 7.5433
v  5.7373 -15.4121 5.5510
v  5.7853 -15.3263 3.0215
v  5.8336 -15.2857 1.5729
v  5.8384 -15.2147 1.2759
v  5.8449 -15.0731 1.0621
v  5.8389 -14.8088 0.8938
v  6.2760 -15.6707 11.5948
v  6.0159 -15.6032 10.4772
v  5.8403 -15.5449 9.1459
v  6.7160 -15.8270 12.9077
v  1.9007 -0.9690 1.0108
v  5.6756 -14.5324 0.9935
v  5.5681 -12.7682 0.9960
v  5.4151 -10.9985 0.9949
v  5.2076 -9.2313 0.9975
v  4.9462 -7.4769 0.9988
v  4.6049 -5.7406 0.9990
v  4.1427 -4.0517 1.0033
v  3.7840 -3.1137 1.0001
v  3.3098 -2.2483 1.0038
v  2.7034 -1.5437 1.0133
v  5.6004 -15.3248 7.5438
v  5.5902 -15.2545 5.5513
v  5.6380 -15.1688 3.0217
v  5.6897 -15.1264 1.5748
v  5.6884 -15.0703 1.3320
v  5.6952 -14.9636 1.1697
v  5.6846 -14.7536 1.0340
v  6.1363 -15.5124 11.6316
v  5.8660 -15.4476 10.4787
v  5.6923 -15.3879 9.1468
v  1.4448 -6.3425 12.8961
v  1.5801 -7.7935 12.7099
v  1.5740 -6.3672 12.7008
v  1.7012 -7.9352 12.4440
v  1.6735 -6.4220 12.4410
v  2.1249 -9.9786 12.8347
v  2.0330 -9.9390 12.7611
v  1.9413 -9.8881 12.6241
v  1.8828 -9.8432 12.4731
v  1.4373 -9.2988 13.0460
v  1.5647 -9.5552 13.3139
v  1.9650 -9.8507 12.8870
v  1.7715 -9.6360 12.7022
v  1.6106 -9.4410 12.9070
v  1.7597 -9.6655 13.1194
v  2.2669 -10.0411 12.8383
v  2.1403 -9.9930 12.8082
v  2.0554 -9.9589 12.7355
v  1.9688 -9.9174 12.6000
v  1.9233 -9.8925 12.4439
v  2.4999 -10.0977 11.9389
v  2.6607 -10.1771 11.9299
v  3.1608 -10.8461 11.4781
v  3.1211 -10.7391 11.5291
v  3.0474 -10.5820 11.6278
v  2.9430 -10.4273 11.7595
v  2.8167 -10.2915 11.8617
v  1.7385 -12.8780 3.0533
v  1.6867 -11.1714 3.0931
v  1.6325 -9.3877 3.1348
v  1.5795 -7.6394 3.1757
v  1.5281 -5.9463 3.2152
v  1.4639 -3.8316 3.2646
v  1.3974 -1.6431 3.3158
v  1.6573 -5.2341 11.0710
v  1.3238 -0.8220 1.0623
v  -0.0000 -0.5315 1.0579
v  1.0575 -0.6475 1.0173
v  1.0481 -0.4893 0.8536
v  0.6601 -0.3553 0.6347
v  0.5661 -0.5569 1.0311
v  0.8027 -0.5845 1.0178
v  0.6771 -0.4082 0.8656
v  1.4022 -1.6505 3.5538
v  1.2625 -1.6216 12.9450
v  1.5932 -3.0547 12.9300
v  1.6699 -2.6376 12.9678
v  1.6252 -2.2639 12.9780
v  1.4757 -1.9108 12.9669
v  0.7442 -1.0970 12.9304
v  1.0455 -1.3512 12.9336
v  1.3218 -2.4504 12.9113
v  1.0083 -2.0489 12.8861
v  0.6839 -1.8279 12.8635
v  0.1915 -1.3189 11.9641
v  0.2319 -0.8565 11.2117
v  0.1374 -1.9366 12.6637
v  0.2319 -0.8565 12.7488
v  0.1579 -1.7025 12.6566
v  0.3450 -1.4846 11.8520
v  0.2958 -2.0805 12.5261
v  0.3825 -1.0385 11.1265
v  1.5106 -1.8197 8.9500
v  0.0678 -0.6445 10.2277
v  1.5465 -2.5763 11.5010
v  0.6280 -2.0828 12.4027
v  1.1111 -2.2227 12.1229
v  1.2991 -2.3198 11.9388
v  1.5422 -2.0772 10.1916
v  1.4777 -1.5181 8.9993
v  1.3932 -1.2391 9.0476
v  0.6149 -0.5502 9.1895
v  0.3687 -0.9010 10.8441
v  0.3192 -0.7924 10.6007
v  0.2467 -0.7153 10.4129
v  0.1609 -0.6657 10.2827
v  0.6237 -1.5019 11.7395
v  0.6184 -1.0096 10.9141
v  0.6152 -0.6947 10.0449
v  0.8806 -1.5693 11.6150
v  1.1017 -1.6778 11.4812
v  1.2865 -1.8114 11.3254
v  1.4304 -1.9718 11.1514
v  1.5264 -2.1604 10.9604
v  1.5074 -1.8302 10.3384
v  1.4908 -1.6130 9.6706
v  1.4022 -1.3522 9.7632
v  1.2663 -1.1312 9.8480
v  1.0878 -0.9485 9.9244
v  0.8705 -0.8026 9.9907
v  1.4150 -1.5996 10.4812
v  1.2750 -1.4033 10.6119
v  1.0933 -1.2399 10.7296
v  0.8743 -1.1080 10.8315
v  1.2960 -1.0390 1.2797
v  1.2105 -0.8559 1.2360
v  1.0262 -0.7240 1.1970
v  0.8056 -0.6659 1.1997
v  0.5768 -0.6376 1.2154
v  1.3346 -1.0196 3.3161
v  1.0997 -0.5447 3.3132
v  0.6194 -0.3242 3.3103
v  1.3821 -1.3178 3.5543
v  1.2474 -0.7459 3.5530
v  1.2470 -0.7515 3.3148
v  0.8952 -0.3975 3.5507
v  0.6329 -0.3133 3.5498
v  0.8874 -0.4052 3.3116
v  1.3847 -1.1924 8.1827
v  1.3355 -1.0109 3.5539
v  1.1025 -0.5393 3.5518
v  0.8753 -0.6079 8.2031
v  0.6178 -0.5034 8.2068
v  1.4947 -1.7950 8.1617
v  1.4618 -1.4709 8.1730
v  1.2597 -0.9515 8.1911
v  1.0896 -0.7570 8.1979
v  1.2618 -1.0041 9.0916
v  1.0866 -0.8117 9.1306
v  0.8707 -0.6603 9.1637
v  0.0426 -0.6500 12.9313
v  0.0426 -0.6500 10.2756
v  1.5012 -5.1688 12.9895
v  1.6795 -4.9747 13.5281
v  1.7660 -5.1147 11.5740
v  1.7484 -4.9747 10.5764
v  1.8963 -4.9751 12.8055
v  1.6476 -5.1232 12.7435
v  1.9165 -4.9759 10.9897
v  1.9986 -4.9766 11.9925
v  1.7449 -5.0995 12.4487
v  2.0014 -4.9765 11.4807
v  1.7733 -5.1015 12.1467
v  1.7334 -4.1733 12.0900
v  1.6560 -4.1594 12.5520
v  1.5660 -4.1321 12.7522
v  1.7177 -4.3252 10.5168
v  1.9103 -4.3203 10.9882
v  1.7516 -4.2565 12.8987
v  1.8513 -4.3388 13.0634
v  1.7105 -4.1735 12.3506
v  1.9998 -4.3227 11.4806
v  1.9989 -4.3237 11.9924
v  1.7186 -4.2002 11.0709
v  1.7244 -4.1611 11.5744
v  1.9704 -4.3252 12.3911
v  0.8515 -2.4373 12.5704
v  1.6227 -3.6096 11.9321
v  1.6166 -4.0250 12.3521
v  1.6384 -4.0146 12.0996
v  1.3692 -3.3443 12.6261
v  1.4926 -3.9942 12.6855
v  1.3435 -2.8268 12.3350
v  1.1246 -2.7955 12.5985
v  1.5640 -2.9967 11.8587
v  1.5691 -4.0160 12.5175
v  1.4783 -2.8859 12.1035
v  1.5148 -3.4034 12.3734
v  1.6013 -3.4916 12.1268
v  0.6309 -2.0812 12.8700
v  0.3201 -1.9447 12.8534
v  0.9147 -2.3022 12.8876
v  1.2410 -2.7114 12.9079
v  1.5138 -3.2938 12.9184
v  1.6024 -3.1353 11.6331
v  0.5951 -2.2220 12.5479
v  0.8875 -2.1435 12.2795
v  1.4468 -2.4370 11.7313
v  0.3391 -1.7290 12.8462
v  1.7620 -5.0754 11.0690
v  1.9120 -4.3207 12.7002
v  1.9526 -4.9823 12.4256
v  0.1362 -0.6749 12.8975
v  0.1874 -0.7170 12.8494
v  0.2201 -0.7721 12.7988
v  0.2231 -0.7812 10.9205
v  0.2004 -0.7342 10.6986
v  0.1631 -0.6931 10.4968
v  0.1061 -0.6609 10.3307
v  2.0862 -4.6545 12.8128
v  2.1545 -4.6497 12.4214
v  2.1888 -4.6538 11.9504
v  2.1883 -4.6509 11.4381
v  2.0921 -4.6544 10.9183
v  1.6427 -4.6539 10.0037
v  1.8026 -4.6677 13.7401
v  2.0502 -4.4760 12.7730
v  2.1054 -4.8321 12.4236
v  2.1403 -4.8330 11.9510
v  2.1423 -4.8287 11.4446
v  2.0485 -4.8292 10.9340
v  1.6909 -4.8781 10.2397
v  1.8717 -4.4368 13.3381
v  2.0368 -4.8283 12.8262
v  2.1108 -4.4740 12.4106
v  2.1433 -4.4731 11.9575
v  2.1426 -4.4717 11.4457
v  2.0492 -4.4721 10.9335
v  1.6659 -4.4316 10.1821
v  1.7394 -4.8385 13.7668
v  1.9067 -4.6543 10.4782
v  1.8521 -4.4588 10.4875
v  1.8640 -4.8442 10.5155
v  1.6611 -4.7905 10.0891
v  1.6490 -4.5101 10.0680
v  1.8446 -4.5373 13.5714
v  2.1991 -2.1752 13.5736
v  2.1705 -3.2388 13.5387
v  2.2505 -2.6915 13.5642
v  2.2892 -2.1456 14.1173
v  0.5141 -0.5062 13.3656
v  0.9857 -0.6638 13.4229
v  1.4137 -0.9246 13.4911
v  2.0333 -1.6940 13.5682
v  1.8343 -4.6766 14.1179
v  1.4182 -5.2675 13.0537
v  1.6063 -5.0583 13.6276
v  1.7202 -4.8648 13.8568
v  1.8363 -4.4366 13.6816
v  1.8425 -4.2707 13.4196
v  1.7906 -4.6681 13.8611
v  2.3065 -3.2752 15.2181
v  2.3860 -2.6894 15.2175
v  2.3473 -2.6905 14.1180
v  2.3264 -2.1348 15.2173
v  2.1480 -1.6226 15.2172
v  1.5168 -0.8159 15.2192
v  2.1144 -1.6423 14.1172
v  1.4904 -0.8448 14.1174
v  0.5441 -0.3769 14.1182
v  1.0688 -0.5230 15.2694
v  1.0468 -0.5582 14.1174
v  0.5566 -0.3332 15.3762
v  1.2694 -5.8256 13.1917
v  1.2206 -6.3455 13.2124
v  2.2694 -3.2653 14.1196
v  1.5210 -5.6228 15.2193
v  1.9574 -4.4388 15.2181
v  1.4829 -5.6145 14.1195
v  1.3669 -6.4255 15.9240
v  1.3775 -6.4808 16.2944
v  1.3724 -6.6662 16.1881
v  1.3642 -6.3348 15.6573
v  1.3794 -6.1544 15.4342
v  1.4274 -5.9080 15.2828
v  1.3467 -6.0750 14.1196
v  1.3669 -7.3954 16.0341
v  1.3000 -6.5770 14.1195
v  1.3693 -6.8708 16.1030
v  1.3674 -7.1043 16.0508
v  1.2221 -7.6111 13.2292
v  1.2307 -8.3385 13.3276
v  1.2284 -8.7945 13.5736
v  1.3000 -7.5639 14.1196
v  1.7672 -1.2721 13.5422
v  1.8755 -1.1846 15.2173
v  1.8454 -1.2088 14.1174
v  0.4102 -0.9090 12.9350
v  1.7092 -4.0614 13.0535
v  1.9424 -3.2189 13.1192
v  0.8798 -0.8037 13.0926
v  2.0433 -2.6987 13.1728
v  1.9911 -2.1790 13.1873
v  1.8412 -1.7759 13.1766
v  1.5711 -1.3712 13.1436
v  1.2839 -1.0700 13.1214
v  0.4969 -0.6424 13.0934
v  1.8062 -4.1530 13.2179
v  1.7669 -3.1697 12.9895
v  0.9413 -0.7138 13.2412
v  1.8724 -2.6864 13.0413
v  1.8221 -2.2023 13.0560
v  1.6782 -1.8397 13.0441
v  1.4197 -1.4717 13.0150
v  1.1745 -1.1952 13.0015
v  0.5114 -0.5577 13.2169
v  1.5792 -3.9545 12.9464
v  2.0826 -3.2428 13.3066
v  0.8055 -0.9310 12.9869
v  2.1729 -2.7007 13.3493
v  2.1206 -2.1718 13.3618
v  1.9612 -1.7278 13.3540
v  1.6896 -1.3049 13.3227
v  1.3639 -0.9788 13.2880
v  0.4650 -0.7602 12.9976
v  0.3836 -0.7895 12.9690
v  0.3080 -0.6914 13.0117
v  0.1739 -0.6130 13.0566
v  0.4069 -0.9630 12.9261
v  0.1842 -0.4548 13.3451
v  0.1756 -0.5966 13.0728
v  0.1830 -0.5089 13.1953
v  0.2668 -0.9669 11.1530
v  0.2311 -1.4296 11.8939
v  0.1715 -2.0458 12.6055
v  0.2670 -0.8475 10.8565
v  0.2466 -0.7752 10.6461
v  0.1953 -0.7094 10.4510
v  0.1274 -0.6648 10.3031
v  0.0568 -0.6487 10.2512
v  0.2085 -1.7198 12.7867
v  0.1873 -1.9581 12.7922
v  0.1070 -0.6440 12.9992
v  0.2006 -0.6904 12.9692
v  0.2736 -0.7821 12.9219
v  0.2834 -0.8325 12.8965
v  0.2819 -0.9178 12.8749
v  1.3710 -3.3644 12.8236
v  1.1114 -2.8169 12.8069
v  0.8261 -2.4611 12.7768
v  0.5695 -2.2523 12.7574
v  0.2664 -2.1146 12.7432
v  1.6361 -5.0029 13.5816
v  1.7252 -4.8473 13.8106
v  1.7892 -4.6664 13.7984
v  1.8247 -4.4965 13.6336
v  1.8339 -4.3702 13.3921
v  1.7981 -4.2751 13.1634
v  1.6954 -4.1840 12.9986
v  1.5314 -4.0714 12.8699
v  1.4788 -3.9851 12.8321
v  0.1689 -2.0429 12.7185
v  1.4204 -1.3913 5.7713
v  1.3591 -1.0980 5.7757
v  1.0963 -0.6438 5.7820
v  0.8856 -0.4985 5.7839
v  0.6256 -0.4045 5.7851
v  1.2533 -0.8446 5.7793
v  1.5150 -4.0750 12.7109
v  1.5961 -4.0993 12.5297
v  1.6433 -4.1104 12.3540
v  1.6647 -4.1063 12.1055
v  1.4968 -4.0346 12.8469
v  1.2458 -7.6101 13.0969
v  1.2350 -6.3399 13.1223
v  1.2839 -5.8281 13.0893
v  1.4110 -5.2949 12.9753
v  1.4554 -5.2326 12.9315
v  1.5844 -5.1940 12.7111
v  1.6739 -5.1724 12.4435
v  1.7031 -5.1714 12.1610
v  1.6927 -5.1837 11.5732
v  1.6899 -5.1401 11.0772
v  1.6682 -5.0513 10.5663
v  1.6474 -4.9252 10.1984
v  1.6324 -4.8125 10.0322
v  1.6252 -4.6514 9.9635
v  1.6219 -4.4754 10.0301
v  1.6275 -4.3760 10.1662
v  1.6412 -4.2578 10.5008
v  1.6464 -4.1298 11.0725
v  1.6532 -4.0911 11.5688
v  1.4525 -5.2052 13.0291
v  1.4290 -5.2565 12.9576
v  0.5616 -0.6235 1.1117
v  1.3510 -1.0353 1.1446
v  1.2392 -0.8422 1.1244
v  1.0321 -0.7104 1.0986
v  0.8099 -0.6516 1.0960
v  1.3454 -9.3641 13.4329
v  1.2333 -9.1139 13.5213
v  1.2788 -9.1546 13.2041
v  1.2076 -8.9867 13.3747
v  1.3668 -9.1801 14.1196
v  1.5664 -9.4468 14.1196
v  1.2428 -8.3407 13.1724
v  1.3000 -8.3369 13.0359
v  1.2096 -8.8097 13.2769
v  1.2831 -8.8396 13.0631
v  1.2796 -9.1852 13.6638
v  1.4653 -9.4623 13.6713
v  5.3548 -1.2313 15.3436
v  1.9868 -1.1300 15.3432
v  6.7778 -1.8625 15.3436
v  6.5942 -6.6550 15.3436
v  3.6996 -5.8387 15.3436
v  1.6591 -5.6276 15.3436
v  2.2801 -1.6226 15.3430
v  5.3049 -1.0741 15.3436
v  5.7919 -6.3562 15.3436
v  2.4486 -2.1347 15.3430
v  4.9134 -6.0943 15.3436
v  2.0807 -4.4799 15.3436
v  2.4320 -3.3088 15.3436
v  2.5046 -2.6894 15.3431
v  6.7504 -1.6897 15.3436
v  6.6496 -1.5236 15.3436
v  6.4911 -1.4111 15.3436
v  6.2988 -1.3708 15.3436
v  5.6423 -1.3708 15.3436
v  5.4843 -1.3362 15.3435
v  6.4775 -7.3469 15.9375
v  6.3670 -7.3928 16.5441
v  5.6430 -7.0263 15.9375
v  5.4862 -7.0386 16.3764
v  4.7983 -6.7705 15.9376
v  3.4298 -6.4892 15.9386
v  4.5748 -6.7589 16.2493
v  3.1870 -6.4858 16.1738
v  1.5025 -6.3041 15.9374
v  1.7484 -6.3528 16.1941
v  1.6239 -6.3514 16.2312
v  3.4165 -10.0376 16.0323
v  5.0909 -11.2235 15.9286
v  4.3688 -10.6148 15.9257
v  4.7678 -10.9207 14.1196
v  2.9253 -9.8740 14.1204
v  1.8750 -9.5445 14.1196
v  3.6539 -10.1633 15.9318
v  3.5641 -10.1148 15.9480
v  3.4929 -10.0773 15.9800
v  6.2984 -11.6141 15.9521
v  6.2550 -11.7614 15.9602
v  6.5052 -12.0608 14.3904
v  6.1600 -11.8773 15.9601
v  6.3905 -12.1842 14.3887
v  6.0254 -11.9481 15.9569
v  6.2305 -12.2431 14.3937
v  5.8740 -11.9595 15.9495
v  6.1019 -12.2428 14.3596
v  5.7287 -11.9095 15.9395
v  5.9985 -12.2118 14.2740
v  5.6165 -11.8125 15.9267
v  5.6423 -1.2428 15.2361
v  6.1263 -1.0950 14.3980
v  5.4175 -1.0741 15.2786
v  5.9427 -0.9137 14.3690
v  5.4524 -1.1740 15.2773
v  5.9742 -0.9955 14.3548
v  5.5410 -1.2297 15.2595
v  6.0337 -1.0593 14.3625
v  6.2988 -1.2428 15.2361
v  6.2988 -1.0950 14.3980
v  6.5223 -1.2854 15.2361
v  6.5767 -1.1480 14.3980
v  6.7281 -1.4206 15.2361
v  6.8327 -1.3161 14.3980
v  6.8634 -1.6265 15.2361
v  7.0008 -1.5721 14.3980
v  6.9060 -1.8499 15.2361
v  7.0538 -1.8499 14.3980
v  6.4542 -9.0773 15.9889
v  6.4671 -8.0177 16.2665
v  6.4452 -7.5186 16.5486
v  6.4683 -8.5478 16.0867
v  6.7966 -8.0180 14.3989
v  6.5535 -11.8971 14.3980
v  6.7221 -6.6615 15.2361
v  6.8670 -6.6615 14.3980
v  6.6963 -6.9731 15.2920
v  6.6558 -7.2273 15.4454
v  6.6068 -7.3984 15.6706
v  6.4233 -9.6934 15.9521
v  6.5548 -7.4723 15.9420
v  1.7365 -7.4027 16.0596
v  1.7365 -8.8155 16.0596
v  1.9767 -9.1200 16.0596
v  1.8551 -9.0554 16.0596
v  1.7709 -8.9487 16.0596
v  3.4141 -9.6025 16.0596
v  3.1900 -7.4999 16.0596
v  4.4417 -10.5197 16.0591
v  3.7161 -10.0491 16.0596
v  6.2954 -9.6855 16.0596
v  5.3371 -8.6951 16.0596
v  4.3648 -7.9354 16.0596
v  6.1704 -11.6053 16.0596
v  6.1412 -11.7007 16.0596
v  6.0778 -11.7786 16.0596
v  5.9899 -11.8256 16.0596
v  5.8895 -11.8292 16.0596
v  5.7955 -11.7966 16.0596
v  5.7194 -11.7328 16.0596
v  5.1829 -11.1299 16.0596
v  3.6925 -9.9123 16.0596
v  3.6295 -9.7823 16.0596
v  3.5323 -9.6754 16.0596
v  5.3281 -0.2103 15.4335
v  5.4175 -0.6900 15.2786
v  1.3000 -8.8155 14.1196
v  1.3669 -8.7712 16.0341
v  1.9372 -9.4991 16.0336
v  1.6431 -9.3512 16.0352
v  1.5772 -9.3967 14.1196
v  1.4399 -9.0923 16.0355
v  1.3741 -9.1390 14.1196
v  3.8402 -3.4017 15.3436
v  6.7116 -3.5913 15.3436
v  3.9378 -1.7111 15.3436
v  3.7680 -4.6546 15.3436
v  6.6594 -4.9539 15.3436
v  5.2759 -3.4965 15.3436
v  5.3578 -1.7868 15.3436
v  5.2137 -4.8043 15.3436
v  6.9982 -3.5915 14.4010
v  6.9466 -4.9541 14.3999
v  6.7981 -4.9543 15.2409
v  6.8503 -3.5917 15.2409
v  1.5116 -6.0877 15.5253
v  3.6099 -6.2984 15.5249
v  4.8718 -6.5606 15.5187
v  5.7546 -6.8139 15.5043
v  6.5619 -7.1407 15.5197
v  1.4988 -6.2316 15.7130
v  3.6682 -6.0966 15.3938
v  4.8894 -6.3508 15.3921
v  5.7974 -6.6075 15.3844
v  6.5867 -6.9230 15.3906
v  1.5552 -5.8914 15.3980
v  3.5427 -6.4359 15.7161
v  4.8547 -6.7097 15.7067
v  5.7086 -6.9639 15.6920
v  6.5241 -7.2860 15.7091
v  6.7068 -9.5309 14.4005
v  1.7385 -6.5536 16.2840
v  3.1617 -6.6826 16.2655
v  6.2641 -7.5822 16.6213
v  5.4040 -7.2320 16.4588
v  4.3548 -6.9247 16.3155
v  1.7380 -6.9632 16.1043
v  3.1775 -7.0675 16.1042
v  6.3095 -8.5709 16.1867
v  5.3482 -7.9412 16.1379
v  4.3668 -7.4010 16.1165
v  1.7372 -7.1799 16.0690
v  3.1838 -7.2753 16.0700
v  6.2951 -8.0606 16.3555
v  5.3193 -8.3151 16.0754
v  4.3668 -7.6580 16.0746
v  1.7386 -6.7522 16.1749
v  3.1704 -6.8698 16.1684
v  6.3113 -9.0906 16.0939
v  5.3767 -7.5743 16.2624
v  4.3629 -7.1574 16.1982
v  5.5289 -11.6479 14.1198
v  3.8965 -10.3317 14.1196
v  2.4333 -8.8060 16.0596
v  2.4943 -8.9224 16.0596
v  2.5981 -9.0070 16.0596
v  2.7197 -9.0429 16.0596
v  2.8415 -9.0312 16.0596
v  2.9579 -8.9702 16.0596
v  3.0425 -8.8664 16.0596
v  3.0784 -8.7448 16.0596
v  3.0667 -8.6229 16.0596
v  3.0057 -8.5066 16.0596
v  2.9019 -8.4220 16.0596
v  2.7803 -8.3861 16.0596
v  2.6585 -8.3978 16.0596
v  2.5421 -8.4588 16.0596
v  2.4575 -8.5626 16.0596
v  2.4216 -8.6842 16.0596
v  1.4968 -7.3976 16.1609
v  3.4474 -9.8802 16.1596
v  3.4744 -9.9211 16.1596
v  3.4138 -9.8438 16.1596
v  3.3746 -9.8134 16.1596
v  3.3315 -9.7901 16.1596
v  1.9290 -9.3193 16.1596
v  1.9372 -9.3596 16.1596
v  1.7316 -9.2168 16.1594
v  1.7171 -9.2334 16.1596
v  1.5774 -9.0173 16.1594
v  1.5315 -8.8154 16.1596
v  1.5592 -9.0244 16.1596
v  1.4968 -8.7712 16.1596
v  1.5315 -7.4025 16.1596
v  1.5051 -6.5615 16.3952
v  1.5318 -6.5627 16.3949
v  1.4995 -6.7771 16.2699
v  1.5317 -6.7794 16.2692
v  1.4977 -6.9515 16.2075
v  1.5317 -6.9516 16.2077
v  1.4968 -7.1536 16.1733
v  1.5313 -7.1584 16.1717
v  3.3728 -9.6963 16.1095
v  3.4535 -9.7442 16.1099
v  3.5223 -9.8125 16.1114
v  3.5718 -9.8955 16.1136
v  3.5907 -9.9865 16.0995
v  1.9528 -9.2196 16.1095
v  1.6340 -8.8154 16.1096
v  1.6731 -8.9835 16.1073
v  1.7924 -9.1372 16.1067
v  1.6352 -6.5582 16.3394
v  1.6349 -6.7654 16.2216
v  1.6347 -6.9573 16.1556
v  1.6343 -7.1692 16.1208
v  1.6340 -7.4026 16.1096
v  3.3545 -9.7379 16.1464
v  3.4893 -9.7144 16.0729
v  3.5710 -9.8010 16.0733
v  3.6269 -9.9055 16.0740
v  3.6504 -10.0179 16.0717
v  1.9432 -9.2640 16.1463
v  1.5886 -8.8148 16.1464
v  1.7170 -8.9685 16.0716
v  1.8203 -9.1005 16.0714
v  1.6815 -6.7543 16.1880
v  1.6810 -6.9575 16.1190
v  1.6798 -7.1733 16.0827
v  1.6795 -7.4023 16.0728
v  3.3910 -9.6547 16.0727
v  3.4173 -9.7742 16.1463
v  3.4721 -9.8243 16.1470
v  3.5146 -9.8857 16.1483
v  3.5368 -9.9532 16.1387
v  1.9626 -9.1751 16.0727
v  1.6796 -8.8161 16.0727
v  1.6306 -8.9978 16.1450
v  1.7658 -9.1724 16.1444
v  1.6812 -6.5500 16.3012
v  1.5893 -6.7776 16.2568
v  1.5889 -6.9574 16.1932
v  1.5886 -7.1651 16.1582
v  1.5886 -7.4029 16.1464
v  1.5133 -6.3568 16.3080
v  1.5892 -6.5664 16.3776
v  1.5300 -6.3559 16.2964
v  6.3781 -7.5749 16.6220
v  6.4024 -8.0619 16.3460
v  6.4099 -8.5772 16.1681
v  6.4025 -9.0913 16.0703
v  6.3756 -9.7023 16.0311
v  6.2529 -11.6147 16.0297
v  1.7452 -6.4252 16.2967
v  3.1611 -6.5535 16.2719
v  4.4499 -6.8077 16.3398
v  5.4395 -7.1058 16.4762
v  6.3166 -7.4613 16.6456
v  6.2140 -11.7387 16.0322
v  6.1325 -11.8388 16.0324
v  6.0186 -11.9010 16.0319
v  5.8885 -11.9124 16.0314
v  5.7628 -11.8743 16.0309
v  5.6436 -11.7887 16.0193
v  5.1124 -11.1943 16.0202
v  4.3952 -10.5901 16.0192
v  3.6726 -10.1292 16.0223
v  1.5095 -6.4322 16.4084
v  3.4375 -10.0040 16.1225
v  1.9285 -9.4526 16.1247
v  3.6144 -10.0894 16.0386
v  3.5580 -10.0637 16.0576
v  3.4952 -10.0314 16.0972
v  1.6633 -9.3121 16.1254
v  1.4762 -9.0680 16.1248
v  1.4099 -8.7598 16.1261
v  1.6712 -6.4250 16.3168
v  1.9085 -1.1664 15.3057
v  1.5206 -0.7658 15.3085
v  1.4221 -6.3944 16.3265
v  1.4043 -6.3404 15.9232
v  1.4047 -6.2673 15.7066
v  1.4205 -6.1115 15.5032
v  1.4691 -5.8904 15.3636
v  1.5652 -5.6193 15.3078
v  1.9931 -4.4504 15.3093
v  2.3439 -3.2889 15.3071
v  2.4228 -2.6822 15.3051
v  2.3662 -2.1403 15.3027
v  2.1909 -1.6250 15.3044
v  1.5480 -6.4394 16.4096
v  1.5879 -6.4398 16.3980
v  1.6239 -6.4270 16.3622
v  1.4069 -7.3932 16.1241
v  1.4055 -7.1244 16.1399
v  1.4089 -6.9159 16.1802
v  1.4117 -6.7388 16.2485
v  1.4154 -6.5235 16.3733
v  1.4573 -6.4087 16.3819
v  3.4135 -10.0375 15.9789
v  3.4152 -10.0393 15.9379
v  5.3696 -1.0785 15.3264
v  5.3692 -0.6904 15.3265
v  6.7469 -4.9559 15.3181
v  6.6774 -6.6630 15.3135
v  6.7992 -3.5927 15.3182
v  6.8614 -1.8565 15.3130
v  6.8262 -1.6553 15.3133
v  6.7074 -1.4652 15.3143
v  6.5233 -1.3375 15.3157
v  6.3132 -1.2928 15.3172
v  5.6446 -1.2879 15.3137
v  5.5123 -1.2682 15.3196
v  5.4016 -1.1906 15.3276
v  6.4241 -7.4453 16.5589
v  6.5378 -7.3984 15.9356
v  6.6600 -6.9553 15.3622
v  6.6259 -7.1781 15.4978
v  6.5830 -7.3371 15.7050
v  6.3585 -7.5060 16.6490
v  4.3536 -15.2676 10.3747
v  1.0813 -0.5023 15.3423
v  0.5662 -0.3216 15.4282
v  7.0440 -15.2629 14.1190
v  5.3475 -0.4595 15.3633
v  5.2838 -0.2502 15.4717
v  5.9427 -0.4814 14.3690
v  7.5207 -14.3538 14.3981
v  7.4345 -15.4285 14.4038
v  7.3806 -15.9558 14.3764
v  7.3669 -16.1367 14.3742
v  7.4803 -14.8839 14.3986
v  1.8816 -27.0652 14.3710
v  7.1964 -18.0487 14.3687
v  6.7839 -20.2917 14.3684
v  6.0819 -22.3196 14.3675
v  5.0800 -24.1836 14.3683
v  3.7441 -25.7873 14.3614
v  7.2829 -0.4710 14.3508
v  7.6299 -0.5846 14.4332
v  7.9144 -0.6783 14.6389
v  8.1092 -0.7483 14.9560
v  8.1621 -0.7661 15.3309
v  6.0893 -0.2872 14.3429
v  6.2128 -0.2856 14.3425
v  6.5644 -0.3049 14.3444
v  6.8396 -0.3487 14.3468
v  8.1153 -0.7671 16.4816
v  7.9342 -0.7644 20.4696
v  7.8260 -0.7679 22.4669
v  7.7477 -0.7739 23.7640
v  5.9279 -0.4076 14.3945
v  6.1195 -12.3543 14.2420
v  5.9017 -12.1266 14.1204
v  6.0228 -12.2652 14.2036
v  6.0093 -0.9291 14.3012
v  5.1839 -0.0827 15.7032
v  3.9070 -0.0724 15.7262
v  1.5299 -0.0649 15.7421
v  5.2516 -0.0573 15.6880
v  5.2195 -0.0708 15.7037
v  6.0121 -0.4774 14.2996
v  5.9923 -0.3414 14.3427
v  6.1226 -1.0477 14.3128
v  6.3009 -1.0436 14.3090
v  6.0657 -1.0200 14.3013
v  6.0291 -0.9783 14.2982
v  6.7533 -9.5707 14.3118
v  6.6044 -11.9036 14.3091
v  6.6018 -1.1045 14.3102
v  6.8774 -1.2879 14.3082
v  7.0476 -1.5550 14.3103
v  7.1049 -1.8624 14.3091
v  7.0454 -3.5910 14.3128
v  6.9948 -4.9536 14.3109
v  6.9208 -6.6603 14.3089
v  6.8480 -8.0164 14.3073
v  6.5486 -12.0871 14.3085
v  6.4238 -12.2256 14.3063
v  6.2423 -12.2912 14.3101
v  6.1114 -12.2806 14.2815
v  6.0108 -12.2309 14.2323
v  5.1911 -0.1698 15.5783
v  3.9220 -0.1561 15.5981
v  1.5316 -0.1422 15.6149
v  5.2875 -0.1155 15.5468
v  5.2469 -0.1445 15.5746
v  5.9418 -0.2380 14.4715
v  5.1884 -0.0228 15.8569
v  3.8947 -0.0190 15.8744
v  1.5285 -0.0168 15.8836
v  5.2233 -0.0161 15.8516
v  5.2055 -0.0200 15.8582
v  3.0355 -7.5396 16.4996
v  5.9372 -17.8802 16.4993
v  6.8692 -18.0096 16.4996
v  5.9112 -16.1248 16.4993
v  5.5811 -14.6784 16.4983
v  4.9737 -13.3396 16.4987
v  6.4523 -20.2070 16.4996
v  5.5683 -19.9629 16.4993
v  5.7412 -22.1753 16.4996
v  4.8932 -21.7937 16.4988
v  4.7906 -23.9857 16.4996
v  3.5266 -25.5509 16.4996
v  3.9918 -23.4663 16.4986
v  2.8915 -24.8735 16.4993
v  1.7739 -26.8183 16.4996
v  1.3729 -25.9025 16.4992
v  7.4328 -11.3402 16.4996
v  4.0675 -12.1725 16.4996
v  6.5269 -9.9781 16.4996
v  2.8542 -11.3113 16.4987
v  5.4634 -8.7838 16.4996
v  1.4637 -10.7820 16.4988
v  4.3709 -7.9254 16.4996
v  5.2981 -6.1498 23.7636
v  7.3284 -6.8220 21.2716
v  7.3898 -7.0689 20.1103
v  7.4264 -7.4388 19.0012
v  7.2518 -6.6696 22.4031
v  7.1372 -6.5621 23.7618
v  6.3841 -6.3742 23.7615
v  7.4297 -7.9530 17.9996
v  6.6002 -7.3479 17.9996
v  5.4601 -6.7931 17.9996
v  4.2874 -6.4307 17.9919
v  2.8717 -6.0601 19.3445
v  2.9118 -6.1765 17.9952
v  2.8738 -5.9869 20.7436
v  2.8746 -5.8873 22.3957
v  6.4418 -6.6050 20.7499
v  6.3885 -6.4334 22.4019
v  6.4699 -6.9040 19.2065
v  5.3737 -6.2455 22.3989
v  5.3723 -6.5457 19.2712
v  5.3748 -6.3746 20.7454
v  2.8572 -5.7964 23.7637
v  1.5160 -6.0433 17.9996
v  1.4782 -5.6798 23.7627
v  1.5218 -5.8165 20.7451
v  1.5140 -5.8956 19.3528
v  1.4981 -5.7398 22.3949
v  4.2310 -5.9724 23.7618
v  4.2209 -6.2911 19.3169
v  4.2226 -6.1928 20.7439
v  4.2471 -6.0791 22.3976
v  7.0336 -16.0638 16.4996
v  1.5950 -7.4400 16.4996
v  7.2152 -13.9151 16.4996
v  1.5683 -6.4685 16.9667
v  3.0406 -6.5796 16.9580
v  4.4526 -6.9277 16.9485
v  5.6123 -7.5373 16.9148
v  6.8301 -8.5288 16.9161
v  7.4275 -9.3168 16.8829
v  1.5906 -6.8745 16.6034
v  3.0731 -6.9822 16.5971
v  4.4691 -7.3688 16.6125
v  5.5970 -8.1160 16.6046
v  6.7970 -9.2630 16.6221
v  7.4244 -10.2646 16.5956
v  1.5384 -6.2064 17.4399
v  2.9757 -6.3236 17.4348
v  4.3770 -6.6157 17.4194
v  5.5522 -7.0877 17.3864
v  6.7487 -7.8648 17.3741
v  7.4243 -8.5568 17.3370
v  7.4729 -6.6410 22.4071
v  7.3475 -6.5253 23.7690
v  1.8454 -26.9807 16.4305
v  3.6558 -25.6894 16.4454
v  4.9324 -24.0808 16.4316
v  5.9029 -22.2428 16.4357
v  6.6234 -20.2513 16.4353
v  7.0408 -18.0318 16.4303
v  7.2145 -16.0714 16.4441
v  7.3962 -13.9075 16.4465
v  7.6080 -11.3445 16.4281
v  7.6290 -10.4509 16.5331
v  7.6662 -9.5542 16.7783
v  7.6799 -8.6492 17.3013
v  7.6850 -7.9699 18.0175
v  7.6583 -7.4379 19.0226
v  7.6177 -7.0574 20.1258
v  7.5517 -6.7972 21.3172
v  7.3719 -6.6810 22.4063
v  7.4181 -6.4490 23.7688
v  1.8675 -27.0307 16.3539
v  3.6991 -25.7363 16.3694
v  4.9768 -24.1112 16.3585
v  5.9556 -22.2636 16.3627
v  6.6785 -20.2648 16.3612
v  7.0938 -18.0382 16.3559
v  7.2767 -16.0752 16.3700
v  7.4599 -13.9114 16.3720
v  7.6602 -11.3461 16.3534
v  7.7005 -10.5059 16.4440
v  7.7435 -9.6571 16.6576
v  7.7749 -8.6307 17.2157
v  7.7796 -7.9000 17.9808
v  7.7458 -7.3593 19.0241
v  7.7030 -6.9849 20.0977
v  7.6301 -6.7196 21.3093
v  7.5466 -6.5637 22.4034
v  7.2515 -6.5662 23.7657
v  1.8137 -26.9089 16.4810
v  3.5979 -25.6272 16.4892
v  4.8695 -24.0381 16.4805
v  5.8306 -22.2133 16.4834
v  6.5472 -20.2320 16.4835
v  6.9646 -18.0222 16.4803
v  7.1333 -16.0663 16.4876
v  7.3134 -13.9036 16.4890
v  7.5324 -11.3419 16.4788
v  7.5294 -10.3730 16.5873
v  7.5563 -9.4467 16.8623
v  7.5552 -8.6312 17.3438
v  7.5622 -7.9951 18.0225
v  7.5484 -7.4700 19.0105
v  7.5070 -7.0867 20.1382
v  7.4469 -6.8358 21.3093
v  7.5935 -0.7156 23.8296
v  7.0557 -0.4923 23.8296
v  7.1137 -0.5355 23.8296
v  7.1657 -0.5601 23.8296
v  7.3286 -0.6833 23.8296
v  7.6872 -0.8087 23.8296
v  7.4309 -0.8631 23.8296
v  7.7174 -0.9371 23.8296
v  7.3833 -6.3355 23.8296
v  7.4551 -1.0465 23.8296
v  7.2252 -4.9517 23.8296
v  7.1464 -5.9739 23.8296
v  7.0992 -6.1305 23.8296
v  7.3604 -6.4106 23.8296
v  7.3075 -6.4687 23.8296
v  7.2347 -6.4986 23.8296
v  7.1558 -6.4947 23.8296
v  6.9906 -6.2527 23.8296
v  6.8407 -6.3180 23.8296
v  5.3108 -6.0810 23.8296
v  6.6772 -6.3143 23.8296
v  7.4693 -4.9517 23.8296
v  7.4055 -1.8896 23.8297
v  7.3179 -3.3794 23.8300
v  7.5665 -3.3794 23.8296
v  7.6585 -1.8896 23.8296
v  6.3842 -6.3211 23.8273
v  6.3809 -6.2516 23.8296
v  5.3130 -6.0055 23.8306
v  4.2305 -5.9061 23.8294
v  4.2279 -5.8440 23.8296
v  2.8587 -5.6573 23.8296
v  2.8578 -5.7263 23.8296
v  1.4749 -5.6087 23.8296
v  1.4709 -5.5494 23.8450
v  7.0193 -0.4297 23.8296
v  6.8815 -0.3486 23.9401
v  6.9029 -0.4835 23.9359
v  6.9735 -0.5911 23.9359
v  7.1103 -0.6760 23.9401
v  7.2327 -0.7677 23.9359
v  7.3093 -0.9024 23.9359
v  7.3267 -1.0399 23.9401
v  7.0932 -4.9476 23.9330
v  7.0183 -5.9644 23.9396
v  6.9878 -6.0663 23.9399
v  6.9074 -6.1537 23.9405
v  6.8142 -6.1922 23.9402
v  6.7055 -6.1894 23.9378
v  7.2775 -1.8886 23.9492
v  7.1944 -3.3770 23.9434
v  6.4070 -6.1235 23.9272
v  5.3184 -5.8930 23.9270
v  4.2368 -5.7044 23.9321
v  2.8586 -5.5277 23.9407
v  1.4824 -5.4231 23.9345
v  1.4688 -5.6546 23.8141
v  2.8531 -5.7707 23.8132
v  6.3835 -6.3574 23.8051
v  7.1524 -6.5399 23.8132
v  4.2281 -5.9493 23.8118
v  5.3022 -6.1298 23.8112
v  7.6147 -0.6764 23.8043
v  7.2508 -6.5413 23.8128
v  7.3359 -6.5045 23.8124
v  7.3979 -6.4372 23.8122
v  7.4203 -6.3440 23.8047
v  7.5230 -4.9520 23.8136
v  7.6248 -3.3795 23.8157
v  7.7112 -1.8898 23.8121
v  7.7646 -0.9351 23.8111
v  7.7297 -0.7870 23.8107
v  7.0331 -0.3843 23.8114
v  6.8691 -0.3090 23.9387
v  5.4923 -0.0720 23.9996
v  5.9691 -0.1097 23.9995
v  6.4283 -0.2155 23.9996
v  4.1276 -0.0701 23.9996
v  1.6540 -0.0705 23.9996
v  6.8381 -0.5098 23.9996
v  6.9216 -0.6383 23.9996
v  7.0805 -0.7385 23.9996
v  7.1847 -0.8095 23.9993
v  7.2431 -0.9248 23.9996
v  7.2576 -1.0363 23.9996
v  7.0241 -4.9463 23.9995
v  6.9492 -5.9580 23.9996
v  6.9254 -6.0352 23.9996
v  6.8660 -6.0985 23.9996
v  6.8034 -6.1233 23.9996
v  6.7216 -6.1210 23.9996
v  7.2177 -1.8784 23.9992
v  7.1277 -3.3814 23.9995
v  6.4195 -6.0585 23.9991
v  5.3285 -5.8248 23.9995
v  4.2626 -5.6369 23.9996
v  2.8600 -5.4500 23.9996
v  1.4941 -5.3510 23.9996
v  6.8106 -0.3493 23.9996
v  6.9124 -0.3096 23.8025
v  6.9613 -0.4838 23.8533
v  7.0236 -0.5745 23.8586
v  7.1263 -0.6258 23.8544
v  7.2638 -0.7268 23.8549
v  7.3540 -0.8865 23.8575
v  7.3737 -1.0502 23.8581
v  7.1422 -4.9490 23.8554
v  7.0696 -5.9549 23.8557
v  7.0309 -6.0855 23.8581
v  6.9350 -6.1920 23.8582
v  6.8126 -6.2437 23.8556
v  6.6775 -6.2397 23.8519
v  7.3217 -1.8902 23.8618
v  7.2385 -3.3766 23.8611
v  6.3943 -6.1711 23.8546
v  5.3222 -5.9329 23.8632
v  4.2522 -5.7468 23.8636
v  2.8599 -5.5759 23.8581
v  1.4751 -5.4652 23.8611
v  6.9270 -0.3735 23.8596
v  6.9302 -0.3346 23.8396
v  6.8813 -0.4907 23.9813
v  6.9550 -0.6044 23.9809
v  7.1023 -0.6977 23.9820
v  7.2177 -0.7822 23.9793
v  7.2879 -0.9098 23.9811
v  7.3033 -1.0370 23.9825
v  7.0708 -4.9477 23.9796
v  6.9949 -5.9643 23.9823
v  6.9662 -6.0564 23.9826
v  6.8930 -6.1350 23.9826
v  6.8114 -6.1685 23.9826
v  6.7130 -6.1675 23.9817
v  7.2550 -1.8845 23.9830
v  7.1709 -3.3794 23.9827
v  6.4108 -6.1041 23.9761
v  5.3197 -5.8726 23.9765
v  4.2441 -5.6834 23.9795
v  2.8580 -5.5013 23.9850
v  1.4875 -5.3995 23.9817
v  6.8585 -0.3431 23.9817
v  5.4946 -0.0192 23.9777
v  5.9752 -0.0613 23.9764
v  6.4423 -0.1674 23.9770
v  4.1220 -0.0188 23.9772
v  1.6472 -0.0189 23.9773
v  6.8476 -0.3157 23.9800
v  6.8314 -0.3023 23.9783
v  5.4950 0.0001 23.8796
v  5.9771 -0.0419 23.8807
v  6.4485 -0.1476 23.8810
v  6.8120 -0.2727 23.8815
v  6.8827 -0.2967 23.7596
v  7.0417 -0.3617 23.7120
v  7.6286 -0.6531 23.7120
v  7.7503 -0.7730 23.7141
v  7.7904 -0.9403 23.7145
v  7.7414 -1.8898 23.7156
v  7.6576 -3.3797 23.7170
v  7.5568 -4.9522 23.7179
v  7.4578 -6.3421 23.7173
v  7.4231 -6.4524 23.7192
v  7.3514 -6.5295 23.7194
v  7.2541 -6.5703 23.7160
v  7.1379 -6.5645 23.7118
v  6.3837 -6.3758 23.7115
v  5.2975 -6.1527 23.7137
v  4.2305 -5.9758 23.7119
v  2.8568 -5.8001 23.7138
v  1.4781 -5.6820 23.7127
v  1.6421 0.0000 23.8796
v  4.1177 -0.0000 23.8796
v  1.5341 -4.0309 23.9996
v  1.5741 -2.7107 23.9996
v  1.6140 -1.3906 23.9996
v  3.8107 -1.4151 23.9996
v  3.4938 -2.7601 23.9996
v  3.1769 -4.1051 23.9996
v  5.1848 -1.4632 23.9996
v  4.8774 -2.8545 23.9996
v  4.5700 -4.2457 23.9996
v  5.4887 -4.3960 23.9995
v  5.6488 -2.9672 23.9995
v  5.8090 -1.5384 23.9995
v  0.9714 -27.3267 16.2606
v  2.8717 -26.5153 14.4527
v  2.8557 -26.5014 16.2573
v  4.4659 -25.0291 14.4434
v  4.4001 -24.9808 16.2628
v  5.6270 -23.2740 14.4337
v  5.5251 -23.2196 16.2636
v  6.4739 -21.3180 14.4174
v  6.3798 -21.2846 16.2639
v  7.0318 -19.1792 14.3981
v  6.9596 -19.1667 16.2621
v  0.9799 -27.3879 14.4590
v  0.9539 -27.1436 14.0982
v  0.6644 -23.6368 2.8584
v  1.9887 -23.2366 2.9137
v  3.2167 -22.4344 2.9680
v  4.2675 -21.3520 3.0103
v  5.1158 -19.8269 5.5661
v  0.6804 -23.3361 5.3059
v  0.6999 -23.3245 7.3348
v  0.7222 -23.6361 9.0442
v  0.7509 -24.2240 10.5002
v  0.7909 -25.0344 11.7746
v  0.8445 -26.0347 12.9477
v  2.5259 -25.4133 13.0170
v  5.6172 -18.2949 5.5588
v  6.1657 -18.6831 11.7295
v  5.6674 -20.4440 11.8157
v  6.3994 -21.2425 14.1205
v  4.8662 -22.0415 11.8791
v  4.3957 -24.8774 14.1312
v  2.3656 -24.5162 11.8814
v  2.2437 -23.7701 10.6399
v  2.1555 -23.2121 9.1936
v  3.5888 -22.8227 10.6939
v  3.4527 -22.3565 9.2742
v  3.3531 -22.1133 7.5544
v  4.6420 -21.5805 10.6861
v  4.4864 -21.2306 9.2945
v  2.0893 -22.9155 7.4638
v  2.0331 -22.9349 5.4009
v  3.2741 -22.1496 5.4830
v  4.3811 -21.0560 7.6005
v  4.3085 -21.1052 5.5388
v  5.4253 -20.1318 10.6290
v  5.2646 -19.8956 9.2645
v  5.9059 -18.4949 10.5278
v  5.7405 -18.3508 9.1856
v  5.1674 -19.7822 7.6055
v  5.6498 -18.2776 7.5661
v  7.0264 -19.1770 14.3394
v  6.9660 -19.1482 14.1218
v  6.4598 -21.3131 14.3267
v  5.5518 -23.1460 14.1263
v  5.6080 -23.2633 14.3153
v  4.4405 -25.0082 14.3062
v  2.8451 -26.4819 14.3080
v  2.8108 -26.3364 14.1382
v  0.9641 -27.3146 14.2760
v  5.6344 -18.3959 3.0233
v  5.1037 -20.0140 3.0290
v  3.7773 -23.4375 11.9045
v  6.5306 -18.9062 12.9152
v  6.0102 -20.8269 12.9820
v  5.1982 -22.5638 13.0239
v  4.0576 -24.1462 13.0342
v  0.9737 -27.3672 14.3605
v  7.0279 -19.1786 14.3688
v  6.4683 -21.3182 14.3710
v  5.6215 -23.2750 14.3723
v  4.4588 -25.0285 14.3705
v  2.8615 -26.5089 14.3764
v  5.8195 -18.9330 16.4996
v  6.7108 -19.1193 16.4996
v  5.2818 -20.8960 16.4996
v  6.1478 -21.2089 16.4994
v  4.4871 -22.6548 16.4994
v  5.3175 -23.1095 16.4990
v  4.2195 -24.8210 16.4993
v  3.4967 -24.2197 16.4996
v  2.1905 -25.4823 16.4996
v  2.7170 -26.2954 16.4995
v  0.7052 -26.0870 16.4982
v  0.9140 -27.0545 16.4996
v  0.9525 -27.2355 16.4415
v  2.8137 -26.4405 16.4252
v  4.3467 -24.9321 16.4251
v  5.4616 -23.1865 16.4236
v  6.3075 -21.2624 16.4268
v  6.8821 -19.1526 16.4316
v  0.9349 -27.1521 16.4879
v  2.7726 -26.3788 16.4768
v  4.2927 -24.8843 16.4757
v  5.3992 -23.1533 16.4747
v  6.2382 -21.2398 16.4769
v  6.8059 -19.1381 16.4812
v  0.9654 -27.2969 16.3634
v  2.8418 -26.4821 16.3514
v  4.3832 -24.9654 16.3536
v  5.5043 -23.2089 16.3527
v  6.3554 -21.2774 16.3549
v  6.9356 -19.1625 16.3572
v  7.2919 -17.0933 14.4258
v  7.2116 -17.0850 16.2615
v  7.2722 -17.0870 14.3085
v  7.1933 -17.0696 14.1078
v  5.8064 -16.5484 5.5441
v  5.8268 -16.5819 7.5377
v  5.9194 -16.6423 9.1433
v  6.0981 -16.7241 10.4811
v  6.3538 -16.8215 11.6174
v  5.8467 -16.5331 3.0156
v  6.7392 -16.9284 12.8535
v  7.2894 -17.0937 14.3706
v  5.9755 -16.9996 16.4996
v  6.9612 -17.0378 16.4996
v  7.1341 -17.0524 16.4331
v  7.0581 -17.0453 16.4814
v  7.1886 -17.0572 16.3596
v  5.5649 -18.8879 16.3035
v  5.6997 -17.8618 16.2831
v  5.7271 -17.0033 16.2933
v  5.6750 -16.1603 16.2831
v  5.3671 -14.7506 16.2692
v  4.7773 -13.4581 16.2725
v  3.8961 -12.3513 16.2904
v  2.7471 -11.5120 16.2713
v  1.4077 -11.0061 16.2734
v  0.6604 -25.8684 16.2669
v  1.2873 -25.6830 16.2791
v  2.0468 -25.2699 16.3000
v  2.7249 -24.7016 16.2839
v  3.2943 -24.0613 16.3015
v  3.7989 -23.3440 16.2727
v  4.2719 -22.5388 16.2889
v  4.6859 -21.6999 16.2723
v  5.0485 -20.8100 16.2936
v  5.3360 -19.8990 16.2859
v  5.7783 -17.8661 16.4337
v  5.7522 -16.1458 16.4334
v  5.4370 -14.7303 16.4270
v  4.8432 -13.4230 16.4293
v  5.4131 -19.9202 16.4354
v  4.7510 -21.7294 16.4290
v  3.8612 -23.3831 16.4276
v  2.7803 -24.7582 16.4344
v  1.3138 -25.7549 16.4315
v  3.9523 -12.2927 16.4370
v  2.7802 -11.4498 16.4263
v  1.4318 -10.9337 16.4294
v  5.6521 -18.9024 16.4450
v  5.1266 -20.8391 16.4392
v  4.3433 -22.5771 16.4365
v  3.3637 -24.1144 16.4438
v  2.0960 -25.3416 16.4433
v  0.6742 -25.9366 16.4250
v  5.8104 -17.0005 16.4391
v  5.8499 -17.8715 16.4796
v  5.8236 -16.1348 16.4796
v  5.5019 -14.7088 16.4753
v  4.9028 -13.3876 16.4768
v  5.4830 -19.9395 16.4806
v  4.8144 -21.7581 16.4768
v  3.9197 -23.4200 16.4760
v  2.8306 -24.8099 16.4800
v  1.3397 -25.8214 16.4785
v  4.0028 -12.2400 16.4816
v  2.8123 -11.3898 16.4747
v  1.4493 -10.8663 16.4769
v  5.7287 -18.9158 16.4855
v  5.1966 -20.8649 16.4834
v  4.4082 -22.6120 16.4817
v  3.4243 -24.1617 16.4863
v  2.1390 -25.4051 16.4861
v  0.6878 -26.0036 16.4743
v  5.8849 -16.9992 16.4834
v  5.7272 -17.8629 16.3673
v  5.7019 -16.1546 16.3671
v  5.3894 -14.7450 16.3573
v  4.7991 -13.4477 16.3602
v  5.3632 -19.9065 16.3696
v  4.7054 -21.7088 16.3605
v  3.8194 -23.3568 16.3591
v  2.7444 -24.7213 16.3681
v  1.2960 -25.7075 16.3643
v  3.9163 -12.3303 16.3727
v  2.7573 -11.4927 16.3580
v  1.4172 -10.9823 16.3604
v  5.5976 -18.8931 16.3835
v  5.0766 -20.8205 16.3755
v  4.2974 -22.5524 16.3717
v  3.3202 -24.0809 16.3819
v  2.0650 -25.2963 16.3810
v  0.6645 -25.8889 16.3554
v  5.7571 -17.0020 16.3753
v  2.7260 -1.4760 0.0000
v  3.3640 -2.2175 0.0000
v  3.8385 -3.0795 0.0000
v  4.1987 -4.0024 0.0000
v  4.6670 -5.7210 0.0000
v  5.0006 -7.4558 0.0000
v  5.2566 -9.1991 0.0000
v  5.4580 -10.9791 0.0000
v  5.6076 -12.7615 0.0000
v  5.7048 -14.5288 0.0000
v  5.7239 -15.3491 0.0000
v  5.7047 -16.5184 0.0000
v  5.4731 -18.5053 0.0000
v  5.2436 -19.3921 0.0000
v  4.9303 -20.1994 0.0000
v  4.5361 -20.9426 0.0000
v  4.0811 -21.6094 0.0000
v  3.5769 -22.2060 0.0000
v  3.0385 -22.7316 0.0000
v  2.4718 -23.1787 0.0000
v  1.8697 -23.5364 0.0000
v  1.2266 -23.7928 0.0000
v  0.6236 -23.9142 0.0000
v  0.6549 -0.3405 0.0000
v  0.6558 -0.3429 0.1014
v  0.6437 -0.4399 0.0000
v  1.0291 -0.4020 0.0000
v  1.0053 -0.4991 0.0000
v  1.0282 -0.4042 0.0995
v  2.0229 -0.7305 0.0000
v  1.9790 -0.8204 0.0000
v  2.0189 -0.7341 0.0994
v  2.8786 -1.3038 0.0000
v  2.8740 -1.3088 0.0993
v  2.8123 -1.3786 0.0000
v  3.5523 -2.0868 0.0000
v  3.4702 -2.1438 0.0000
v  3.5458 -2.0912 0.0993
v  4.0454 -2.9827 0.0000
v  4.0380 -2.9857 0.0992
v  3.9548 -3.0250 0.0000
v  4.4155 -3.9308 0.0000
v  4.3205 -3.9621 0.0000
v  4.4082 -3.9343 0.0992
v  4.8893 -5.6694 0.0000
v  4.7918 -5.6920 0.0000
v  4.8812 -5.6703 0.1001
v  5.2254 -7.4177 0.0000
v  5.2181 -7.4193 0.0993
v  5.1268 -7.4344 0.0000
v  5.4827 -9.1697 0.0000
v  5.3835 -9.1826 0.0000
v  5.4763 -9.1736 0.0998
v  5.6849 -10.9567 0.0000
v  5.6790 -10.9582 0.0994
v  5.5854 -10.9665 0.0000
v  5.8351 -12.7457 0.0000
v  5.7353 -12.7526 0.0000
v  5.8300 -12.7454 0.1041
v  5.9326 -14.5199 0.0000
v  5.9287 -14.5207 0.1020
v  5.8327 -14.5238 0.0000
v  5.9519 -15.3483 0.0000
v  5.8519 -15.3487 0.0000
v  5.9519 -15.3483 0.1020
v  0.6565 -24.1402 0.0000
v  0.6568 -24.1228 0.0981
v  0.6421 -24.0412 0.0000
v  1.9707 -23.7416 0.0000
v  1.9713 -23.7245 0.0981
v  1.9265 -23.6518 0.0000
v  1.2919 -24.0122 0.0000
v  1.2634 -23.9164 0.0000
v  1.2924 -23.9947 0.0980
v  3.1891 -22.9031 0.0000
v  3.1901 -22.8875 0.0983
v  3.1232 -22.8280 0.0000
v  2.6012 -23.3670 0.0000
v  2.5445 -23.2846 0.0000
v  2.6020 -23.3506 0.0982
v  4.2628 -21.7477 0.0000
v  4.2630 -21.7346 0.0987
v  4.1832 -21.6871 0.0000
v  3.7440 -22.3615 0.0000
v  3.6708 -22.2934 0.0000
v  3.7444 -22.3472 0.0985
v  5.1380 -20.2944 0.0000
v  5.1369 -20.2852 0.0991
v  5.0470 -20.2528 0.0000
v  4.7316 -21.0607 0.0000
v  4.6459 -21.0090 0.0000
v  4.7309 -21.0496 0.0990
v  5.6966 -18.5517 0.0000
v  5.6946 -18.5465 0.0995
v  5.5987 -18.5314 0.0000
v  5.4610 -19.4622 0.0000
v  5.3658 -19.4315 0.0000
v  5.4592 -19.4556 0.0993
v  5.9326 -16.5292 0.0000
v  5.9297 -16.5292 0.0995
v  5.8327 -16.5245 0.0000
v  5.8506 -17.5692 0.0000
v  5.7513 -17.5575 0.0000
v  5.8481 -17.5671 0.0995
v  6.2716 -7.4413 16.6367
v  6.2169 -7.5684 16.6088
v  6.2472 -8.0564 16.3413
v  6.2605 -8.5690 16.1768
v  6.2615 -9.0893 16.0887
v  6.2455 -9.6832 16.0582
v  6.1209 -11.5963 16.0596
v  6.0963 -11.6767 16.0596
v  6.0454 -11.7392 16.0596
v  5.9766 -11.7760 16.0596
v  5.8970 -11.7789 16.0596
v  5.8206 -11.7523 16.0596
v  5.7543 -11.6968 16.0596
v  5.2177 -11.0937 16.0596
v  4.4713 -10.4793 16.0591
v  3.7617 -10.0191 16.0595
v  3.7406 -9.8968 16.0596
v  3.6713 -9.7540 16.0596
v  3.5646 -9.6365 16.0596
v  3.4355 -9.5570 16.0596
v  1.9965 -9.0739 16.0596
v  1.8878 -9.0162 16.0596
v  1.8167 -8.9260 16.0596
v  1.7865 -8.8091 16.0596
v  1.7865 -7.4027 16.0597
v  1.7872 -7.1801 16.0694
v  1.7880 -6.9636 16.1051
v  1.7885 -6.7528 16.1762
v  1.7885 -6.5553 16.2845
v  1.7951 -6.4286 16.2957
v  1.7978 -6.3554 16.1734
v  2.7500 -8.7145 16.4383
v  2.4822 -8.7915 16.0596
v  2.4822 -8.7915 16.0656
v  2.4764 -8.7932 16.0596
v  2.5338 -8.8901 16.0596
v  2.5292 -8.8939 16.0596
v  2.5338 -8.8901 16.0656
v  2.6219 -8.9618 16.0596
v  2.6191 -8.9672 16.0596
v  2.6219 -8.9618 16.0656
v  2.7245 -8.9922 16.0596
v  2.7240 -8.9981 16.0596
v  2.7245 -8.9922 16.0656
v  2.8270 -8.9823 16.0596
v  2.8287 -8.9881 16.0596
v  2.8270 -8.9823 16.0656
v  2.9256 -8.9307 16.0596
v  2.9294 -8.9353 16.0596
v  2.9256 -8.9307 16.0656
v  2.9973 -8.8426 16.0596
v  3.0027 -8.8454 16.0596
v  2.9973 -8.8426 16.0656
v  3.0277 -8.7400 16.0596
v  3.0336 -8.7405 16.0596
v  3.0277 -8.7400 16.0656
v  3.0178 -8.6375 16.0596
v  3.0236 -8.6358 16.0596
v  3.0178 -8.6375 16.0656
v  2.9662 -8.5389 16.0596
v  2.9708 -8.5351 16.0596
v  2.9662 -8.5389 16.0656
v  2.8781 -8.4671 16.0596
v  2.8809 -8.4618 16.0596
v  2.8781 -8.4671 16.0656
v  2.7755 -8.4368 16.0596
v  2.7760 -8.4309 16.0596
v  2.7755 -8.4368 16.0656
v  2.6730 -8.4467 16.0596
v  2.6713 -8.4409 16.0596
v  2.6730 -8.4467 16.0656
v  2.5744 -8.4983 16.0596
v  2.5706 -8.4937 16.0596
v  2.5744 -8.4983 16.0656
v  2.5026 -8.5864 16.0596
v  2.4973 -8.5836 16.0596
v  2.5026 -8.5864 16.0656
v  2.4723 -8.6890 16.0596
v  2.4664 -8.6884 16.0596
v  2.4723 -8.6890 16.0656
v  2.4822 -8.7915 16.4383
v  2.4879 -8.7898 16.4383
v  2.4822 -8.7915 16.4323
v  2.5338 -8.8901 16.4383
v  2.5338 -8.8901 16.4323
v  2.5385 -8.8863 16.4383
v  2.6219 -8.9618 16.4383
v  2.6219 -8.9618 16.4323
v  2.6246 -8.9565 16.4383
v  2.7245 -8.9922 16.4383
v  2.7245 -8.9922 16.4323
v  2.7251 -8.9862 16.4383
v  2.8270 -8.9823 16.4383
v  2.8270 -8.9823 16.4323
v  2.8253 -8.9766 16.4383
v  2.9256 -8.9307 16.4383
v  2.9256 -8.9307 16.4323
v  2.9218 -8.9260 16.4383
v  2.9973 -8.8426 16.4383
v  2.9973 -8.8426 16.4323
v  2.9920 -8.8399 16.4383
v  3.0277 -8.7400 16.4383
v  3.0277 -8.7400 16.4323
v  3.0217 -8.7394 16.4383
v  3.0178 -8.6375 16.4383
v  3.0178 -8.6375 16.4323
v  3.0121 -8.6391 16.4383
v  2.9662 -8.5389 16.4383
v  2.9662 -8.5389 16.4323
v  2.9615 -8.5427 16.4383
v  2.8781 -8.4671 16.4383
v  2.8781 -8.4671 16.4323
v  2.8754 -8.4725 16.4383
v  2.7755 -8.4368 16.4383
v  2.7755 -8.4368 16.4323
v  2.7749 -8.4428 16.4383
v  2.6730 -8.4467 16.4383
v  2.6730 -8.4467 16.4323
v  2.6746 -8.4524 16.4383
v  2.5744 -8.4983 16.4383
v  2.5744 -8.4983 16.4323
v  2.5782 -8.5030 16.4383
v  2.5026 -8.5864 16.4383
v  2.5026 -8.5864 16.4323
v  2.5080 -8.5891 16.4383
v  2.4723 -8.6890 16.4383
v  2.4723 -8.6890 16.4323
v  2.4783 -8.6896 16.4383
v  -0.0000 -7.4578 0.0000
v  -0.0000 -2.2199 0.0000
v  -0.9745 -0.6241 0.0000
v  -0.9618 -0.9369 0.0000
v  -0.6294 -0.5674 0.0000
v  -2.8524 -14.5304 0.0000
v  -0.0000 -14.5319 0.0000
v  -0.0000 -12.7606 0.0000
v  -2.8040 -12.7610 0.0000
v  -2.8620 -15.3504 0.0000
v  -0.0000 -10.9855 0.0000
v  -2.7285 -10.9823 0.0000
v  -0.0000 -9.2146 0.0000
v  -2.6273 -9.2068 0.0000
v  -2.5001 -7.4568 0.0000
v  -0.0000 -5.7208 0.0000
v  -2.3336 -5.7209 0.0000
v  -0.0000 -4.0070 0.0000
v  -2.0983 -4.0047 0.0000
v  -0.0000 -3.0774 0.0000
v  -1.9201 -3.0784 0.0000
v  -1.6811 -2.2187 0.0000
v  -0.0000 -1.4790 0.0000
v  -1.3613 -1.4775 0.0000
v  -0.0000 -0.9366 0.0000
v  -2.8529 -16.5257 0.0000
v  -2.8120 -17.5425 0.0000
v  -2.7365 -18.5053 0.0000
v  -0.0000 -18.5053 0.0000
v  -2.6218 -19.3921 0.0000
v  -2.4654 -20.1999 0.0000
v  -2.2680 -20.9426 0.0000
v  -2.0407 -21.6095 0.0000
v  -1.7884 -22.2060 0.0000
v  -1.5192 -22.7314 0.0000
v  -1.2359 -23.1787 0.0000
v  -0.0000 -23.1787 0.0000
v  -0.9348 -23.5364 0.0000
v  -0.0000 -23.5364 0.0000
v  -1.8697 -23.5364 0.0000
v  -1.2267 -23.7928 0.0000
v  -5.6076 -12.7615 0.0000
v  -5.7048 -14.5288 0.0000
v  -5.7239 -15.3491 0.0000
v  -5.4580 -10.9791 0.0000
v  -5.2566 -9.1991 0.0000
v  -5.0006 -7.4558 0.0000
v  -4.6670 -5.7210 0.0000
v  -4.1987 -4.0024 0.0000
v  -3.8385 -3.0795 0.0000
v  -3.3640 -2.2175 0.0000
v  -2.7260 -1.4760 0.0000
v  -1.9218 -0.9372 0.0000
v  -5.7047 -16.5184 0.0000
v  -5.6241 -17.5425 0.0000
v  -5.4731 -18.5053 0.0000
v  -5.2437 -19.3921 0.0000
v  -4.9303 -20.1994 0.0000
v  -4.5361 -20.9426 0.0000
v  -4.0811 -21.6094 0.0000
v  -3.5769 -22.2060 0.0000
v  -3.0385 -22.7316 0.0000
v  -2.4718 -23.1787 0.0000
v  -0.0000 -0.5284 0.0000
v  -0.6236 -23.9142 0.0000
v  -0.0000 -23.9710 0.0000
v  -5.2021 0.0000 16.0319
v  -5.2362 0.0000 16.9532
v  -5.8998 -0.0028 16.9031
v  -5.8998 -0.0065 15.9590
v  -6.2076 -0.1783 14.5112
v  -6.0513 -0.1814 14.5097
v  -6.7008 -11.9074 14.2740
v  -7.3519 -11.9074 14.2740
v  -6.6308 -12.1325 14.2741
v  -7.1826 -14.2913 14.2740
v  -7.3417 -14.3380 14.2740
v  -7.3277 -14.7955 14.2740
v  -6.2133 -0.4796 14.2740
v  -6.2988 -0.9473 14.2740
v  -6.1072 -0.9473 14.2740
v  -6.1072 -0.4814 14.2740
v  -6.5497 -0.4980 14.2740
v  -6.6497 -1.0183 14.2740
v  -7.1394 -1.5210 14.2740
v  -7.2066 -0.6598 14.2740
v  -7.2379 -1.8736 14.2740
v  -7.2012 -1.8736 14.2740
v  -6.4699 -12.3046 14.2741
v  -6.7570 -13.3316 14.2740
v  -6.2494 -12.3886 14.2740
v  -7.3681 -8.0178 14.2740
v  -7.3610 -9.7281 14.2740
v  -6.8453 -9.6032 14.2744
v  -6.9447 -8.0178 14.2740
v  -7.1857 -0.2128 15.6849
v  -7.1686 -0.2317 16.6830
v  -8.0087 -0.6536 16.4840
v  -8.0542 -0.6515 15.3747
v  -6.4485 -0.1476 23.8810
v  -6.4694 -0.1310 22.4661
v  -5.9480 -0.0251 22.4667
v  -5.9771 -0.0419 23.8807
v  -7.1067 -0.2970 20.4378
v  -7.8089 -0.6448 20.4589
v  -7.0417 -0.3617 23.7120
v  -7.0711 -0.3378 22.4659
v  -6.8827 -0.2967 23.7596
v  -6.5665 -0.0449 15.8464
v  -6.5876 -0.1980 14.5158
v  -6.8678 -0.2459 14.5198
v  -7.3095 -0.3730 14.5271
v  -7.6104 -0.4824 14.5928
v  -8.0136 -0.6392 15.0246
v  -7.3802 -16.1373 14.4656
v  -7.3071 -16.0771 16.2658
v  -7.2116 -17.0850 16.2615
v  -7.2919 -17.0933 14.4258
v  -7.8539 -8.4301 16.4945
v  -7.7764 -9.7582 16.4946
v  -7.8452 -9.7290 14.7551
v  -7.9427 -8.0184 14.8597
v  -7.5823 -6.4515 22.3985
v  -7.6735 -4.9567 22.3914
v  -7.5568 -4.9522 23.7179
v  -7.4578 -6.3421 23.7173
v  -7.8219 -8.5817 17.0872
v  -7.6699 -6.6104 21.2727
v  -7.7457 -6.8717 20.0703
v  -7.8300 -4.9628 20.2810
v  -1.8908 -27.0764 14.4563
v  -1.8765 -27.0505 16.2549
v  -0.9715 -27.3267 16.2606
v  -0.9799 -27.3879 14.4590
v  -3.7585 -25.7938 14.4445
v  -3.7196 -25.7585 16.2675
v  -2.8557 -26.5014 16.2573
v  -2.8717 -26.5153 14.4527
v  -5.0883 -24.1848 14.4390
v  -4.9980 -24.1261 16.2653
v  -4.4001 -24.9808 16.2628
v  -4.4659 -25.0291 14.4434
v  -6.0869 -22.3180 14.4262
v  -5.9805 -22.2727 16.2675
v  -5.5251 -23.2196 16.2636
v  -5.6270 -23.2740 14.4337
v  -6.7864 -20.2920 14.4096
v  -6.7042 -20.2706 16.2649
v  -6.3798 -21.2846 16.2639
v  -6.4739 -21.3180 14.4174
v  -7.0318 -19.1792 14.3981
v  -6.9596 -19.1667 16.2621
v  -6.8021 -0.5419 14.2740
v  -6.9454 -1.2201 14.2740
v  -7.2821 -3.5912 14.2740
v  -7.1392 -3.5912 14.2744
v  -7.3612 -6.6614 14.2740
v  -7.0149 -6.6615 14.2740
v  -7.3172 -4.9539 14.2740
v  -7.0900 -4.9539 14.2744
v  -7.4399 -15.4423 14.4740
v  -7.4864 -14.8979 14.4739
v  -7.4914 -13.9173 16.2668
v  -7.3934 -15.9867 14.4740
v  -7.5329 -14.3535 14.4739
v  -7.7087 -11.9075 14.6200
v  -7.6820 -11.3571 16.2597
v  -7.7356 -10.5125 16.3217
v  -8.0116 -6.6618 14.9444
v  -7.9397 -6.8303 16.4946
v  -7.8269 -7.7984 17.9020
v  -8.0850 -4.9543 15.0476
v  -8.0264 -4.9560 16.4943
v  -7.7943 -7.2324 19.0199
v  -8.1333 -3.5917 15.1311
v  -8.1805 -1.8739 15.2398
v  -8.1278 -1.8798 16.4907
v  -8.0785 -3.5606 16.4930
v  -7.9490 -1.8999 20.4284
v  -7.8743 -3.4756 20.3501
v  -7.8266 -1.8940 22.4477
v  -7.7573 -3.4182 22.4184
v  -8.2017 -0.9230 15.3013
v  -8.1530 -0.9221 16.4894
v  -7.9794 -0.9314 20.4748
v  -7.8704 -0.9351 22.4654
v  -7.4932 -11.9074 14.2963
v  -7.4798 -14.3534 14.3332
v  -7.6798 -11.9153 14.4751
v  -7.8035 -9.7426 14.5537
v  -7.9009 -7.9989 14.6289
v  -7.9646 -6.6518 14.6806
v  -8.0285 -4.9537 14.7387
v  -8.0709 -3.5938 14.7883
v  -8.1135 -1.8729 14.8565
v  -8.1428 -0.9041 14.9213
v  -7.2110 -15.0333 14.2391
v  -7.0445 -14.4144 14.2317
v  -6.6543 -13.3905 14.2320
v  -6.1646 -12.4474 14.2347
v  -7.0846 -15.2517 14.1208
v  -7.2611 -15.7448 14.2083
v  -7.1484 -15.7665 14.1196
v  -6.9401 -14.5197 14.1196
v  -6.5950 -13.4280 14.1198
v  -6.1342 -12.4906 14.1202
v  -7.3208 -15.3433 14.2560
v  -7.4345 -15.4285 14.4038
v  -7.4803 -14.8839 14.3986
v  -7.5207 -14.3538 14.3981
v  -7.4130 -15.4049 14.3426
v  -7.3407 -15.8982 14.3008
v  -7.1746 -16.0341 14.1237
v  -7.3233 -16.1228 14.2950
v  -7.5992 -11.9074 14.3625
v  -7.5498 -9.7464 14.3071
v  -7.6991 -9.7467 14.4039
v  -7.6000 -8.0080 14.3210
v  -7.7806 -8.0012 14.4444
v  -7.6244 -6.6563 14.3291
v  -7.8293 -6.6528 14.4706
v  -7.6267 -4.9534 14.3328
v  -7.8676 -4.9531 14.4949
v  -7.6252 -3.5921 14.3388
v  -7.8923 -3.5928 14.5182
v  -7.6200 -1.8729 14.3506
v  -7.9169 -1.8725 14.5540
v  -7.6089 -0.7580 14.3571
v  -7.9375 -0.8448 14.5880
v  -7.4532 -14.8599 14.3378
v  -7.3806 -15.9558 14.3764
v  -7.3669 -16.1367 14.3742
v  -7.2829 -0.4710 14.3508
v  -7.6299 -0.5846 14.4332
v  -7.9144 -0.6783 14.6389
v  -8.1092 -0.7483 14.9560
v  -8.1621 -0.7661 15.3309
v  -6.0893 -0.2872 14.3429
v  -6.2128 -0.2856 14.3425
v  -6.5644 -0.3049 14.3444
v  -6.8396 -0.3487 14.3468
v  -8.1153 -0.7671 16.4816
v  -5.9418 -0.2380 14.4715
v  -5.2233 -0.0161 15.8516
v  -5.9923 -0.3414 14.3427
v  -6.0094 -0.9291 14.3012
v  -6.0121 -0.4774 14.2996
v  -5.3643 0.0000 20.4198
v  -3.9127 0.0000 16.9536
v  -4.0014 0.0000 20.4198
v  -5.4405 -0.0000 22.4663
v  -5.9373 -0.0192 20.4212
v  -6.5006 -0.1000 20.4263
v  -6.5513 -0.0650 16.8085
v  -7.7006 -0.6485 22.4657
v  -3.8892 -0.0000 16.0322
v  -7.7414 -1.8898 23.7156
v  -7.6576 -3.3797 23.7170
v  -7.7904 -0.9403 23.7145
v  -5.4950 0.0001 23.8796
v  -7.6286 -0.6531 23.7120
v  -4.0692 -0.0000 22.4663
v  -7.9342 -0.7644 20.4697
v  -7.8260 -0.7679 22.4669
v  -7.7503 -0.7730 23.7141
v  -1.5328 0.0000 16.9543
v  -1.5513 -0.0000 20.4198
v  -4.1177 0.0000 23.8796
v  -1.5279 -0.0000 16.0330
v  -1.6043 -0.0000 22.4663
v  -1.6421 0.0000 23.8796
v  -0.0000 -0.0000 16.9547
v  0.0000 -0.0000 20.4198
v  -0.0000 -0.0000 16.0336
v  0.0000 -0.0000 22.4663
v  -5.1884 -0.0228 15.8569
v  -3.8948 -0.0190 15.8744
v  -1.5285 -0.0168 15.8836
v  -5.2154 -0.2831 15.4764
v  -5.2820 -0.4779 15.3770
v  -3.9669 -0.4553 15.3852
v  -3.9404 -0.2662 15.4898
v  -1.5501 -0.4463 15.3885
v  -1.5338 -0.2519 15.5008
v  -0.5819 -0.2900 15.4709
v  -0.0000 -0.2223 15.5263
v  -5.3049 -0.6900 15.3436
v  -3.9967 -0.6900 15.3436
v  -1.5684 -0.6900 15.3436
v  -1.1092 -0.4435 15.3897
v  -5.2838 -0.2502 15.4717
v  -5.3475 -0.4595 15.3633
v  -5.3692 -0.6904 15.3265
v  -5.1911 -0.1698 15.5783
v  -5.2469 -0.1445 15.5746
v  -7.1648 -15.9533 14.1196
v  -7.1277 -18.0485 14.1197
v  -7.1933 -17.0696 14.1078
v  -7.2722 -17.0870 14.3085
v  -7.1909 -18.0484 14.3352
v  -3.6683 -25.6391 14.1193
v  -3.3210 -24.8352 13.0108
v  -4.0576 -24.1462 13.0342
v  -4.3957 -24.8774 14.1312
v  -1.9988 -0.7526 0.6103
v  -2.0190 -0.7341 0.0994
v  -1.0282 -0.4042 0.0995
v  -1.0234 -0.4160 0.6199
v  -2.8502 -1.3345 0.6142
v  -2.8740 -1.3088 0.0993
v  -3.9994 -3.0017 0.6164
v  -4.0380 -2.9857 0.0993
v  -3.5458 -2.0912 0.0993
v  -3.5119 -2.1144 0.6169
v  -4.8399 -5.6746 0.6120
v  -4.8812 -5.6703 0.1001
v  -4.4083 -3.9343 0.0993
v  -4.3708 -3.9527 0.6150
v  -5.1809 -7.4277 0.6092
v  -5.2181 -7.4193 0.0993
v  -5.4437 -9.1933 0.6057
v  -5.6493 -10.9656 0.6015
v  -5.6790 -10.9582 0.0994
v  -5.4763 -9.1736 0.0998
v  -5.9198 -14.9077 0.6641
v  -5.9519 -15.3483 0.1020
v  -5.9287 -14.5207 0.1020
v  -5.9094 -14.5244 0.5908
v  -0.0000 -26.1054 12.9357
v  -0.8445 -26.0347 12.9477
v  -0.9539 -27.1436 14.0982
v  -0.0000 -27.2700 14.1196
v  -6.7392 -16.9284 12.8535
v  -6.7395 -15.9638 12.8854
v  -1.2924 -23.9947 0.0980
v  -1.3065 -23.4987 2.8849
v  -0.6645 -23.6368 2.8584
v  -0.6568 -24.1228 0.0981
v  -2.6021 -23.3506 0.0982
v  -2.6275 -22.8761 2.9438
v  -1.9887 -23.2366 2.9137
v  -1.9714 -23.7245 0.0981
v  -3.7444 -22.3472 0.0985
v  -3.7580 -21.9303 2.9910
v  -3.2167 -22.4344 2.9680
v  -3.1901 -22.8875 0.0983
v  -4.7310 -21.0496 0.0990
v  -4.7130 -20.7244 3.0239
v  -4.2675 -21.3520 3.0104
v  -4.2630 -21.7346 0.0987
v  -5.4592 -19.4556 0.0993
v  -5.4054 -19.2619 3.0279
v  -5.1037 -20.0140 3.0290
v  -5.1369 -20.2852 0.0991
v  -5.1158 -19.8269 5.5661
v  -4.7407 -20.5037 5.5548
v  -0.0000 -23.3885 5.2561
v  -0.0000 -23.6896 2.8282
v  -0.6804 -23.3361 5.3059
v  -0.0000 -23.3713 7.2673
v  -0.6999 -23.3245 7.3348
v  -0.0000 -23.6696 8.9684
v  -0.7222 -23.6361 9.0442
v  -0.0000 -24.2524 10.4345
v  -0.7509 -24.2240 10.5002
v  -0.0000 -25.0751 11.7336
v  -0.7909 -25.0344 11.7746
v  -2.8108 -26.3364 14.1382
v  -2.5259 -25.4133 13.0170
v  -5.9198 -15.2288 0.8714
v  -5.9010 -15.5274 1.5412
v  -5.9297 -16.5292 0.0995
v  -5.9123 -15.4441 1.1776
v  -5.8481 -17.5671 0.0995
v  -5.7740 -17.5066 3.0188
v  -5.6344 -18.3959 3.0233
v  -5.6946 -18.5465 0.0995
v  -5.8559 -15.5720 3.0192
v  -5.8467 -16.5331 3.0156
v  -5.8050 -15.6493 5.5481
v  -5.8182 -15.7142 7.5420
v  -5.8268 -16.5819 7.5377
v  -5.8064 -16.5484 5.5441
v  -5.9102 -15.7753 9.1471
v  -5.9194 -16.6423 9.1433
v  -6.0904 -15.8356 10.4814
v  -6.0982 -16.7241 10.4811
v  -6.3359 -15.8923 11.5809
v  -6.3538 -16.8215 11.6174
v  -6.7145 -20.2313 14.1139
v  -6.3075 -19.8966 12.9526
v  -6.5306 -18.9062 12.9152
v  -6.9660 -19.1482 14.1218
v  -6.0028 -22.2246 14.1160
v  -5.6276 -21.7265 12.9936
v  -6.0102 -20.8269 12.9820
v  -6.3994 -21.2425 14.1205
v  -5.0215 -24.0214 14.1179
v  -4.6894 -23.3517 13.0274
v  -5.1982 -22.5638 13.0239
v  -5.5518 -23.1460 14.1263
v  -1.6453 -25.8289 12.9862
v  -1.5453 -24.8657 11.8325
v  -2.3656 -24.5162 11.8814
v  -1.4711 -24.0751 10.5740
v  -2.2437 -23.7701 10.6399
v  -1.4178 -23.4922 9.1212
v  -2.1555 -23.2121 9.1936
v  -2.9590 -23.3340 10.6653
v  -2.8462 -22.8192 9.2352
v  -3.4527 -22.3565 9.2742
v  -3.5888 -22.8227 10.6939
v  -3.8951 -21.6112 7.5796
v  -4.0004 -21.8192 9.2852
v  -3.3531 -22.1133 7.5544
v  -4.3558 -22.7656 11.8874
v  -4.1478 -22.2276 10.6885
v  -4.6420 -21.5805 10.6861
v  -4.8662 -22.0415 11.8791
v  -4.4864 -21.2306 9.2945
v  -1.3765 -23.1829 7.3995
v  -2.0893 -22.9155 7.4638
v  -1.3385 -23.1960 5.3523
v  -2.0331 -22.9349 5.4009
v  -2.7603 -22.5481 7.5119
v  -2.6864 -22.5778 5.4451
v  -3.2741 -22.1496 5.4830
v  -4.3812 -21.0560 7.6005
v  -3.8139 -21.6578 5.5133
v  -4.3085 -21.1052 5.5388
v  -5.2982 -21.2665 11.8441
v  -5.0645 -20.8836 10.6568
v  -5.4253 -20.1318 10.6290
v  -5.6674 -20.4440 11.8157
v  -4.9063 -20.5931 9.2808
v  -5.2646 -19.8956 9.2645
v  -5.9527 -19.5892 11.7698
v  -5.7028 -19.3463 10.5830
v  -5.9059 -18.4949 10.5278
v  -6.1657 -18.6831 11.7295
v  -5.5397 -19.1620 9.2312
v  -5.7405 -18.3508 9.1856
v  -4.8045 -20.4520 7.6052
v  -5.1674 -19.7822 7.6055
v  -5.4460 -19.0737 7.5918
v  -5.6498 -18.2776 7.5661
v  -5.4042 -19.1093 5.5672
v  -5.6172 -18.2949 5.5588
v  -6.7774 -20.2879 14.3283
v  -7.0265 -19.1770 14.3394
v  -6.0676 -22.3119 14.3122
v  -5.6080 -23.2633 14.3153
v  -5.0641 -24.1655 14.3036
v  -4.4405 -25.0082 14.3062
v  -1.8670 -27.0266 14.2961
v  -1.8499 -26.8602 14.1196
v  -2.8451 -26.4819 14.3080
v  -0.9641 -27.3146 14.2760
v  -5.8053 -12.7440 0.5967
v  -5.8300 -12.7454 0.1041
v  -5.7450 -17.4585 5.5482
v  -3.1143 -24.0171 11.8876
v  -3.7774 -23.4375 11.9045
v  -6.4598 -21.3131 14.3267
v  -6.6720 -17.8996 12.8760
v  -6.2968 -17.7608 11.6771
v  -5.6155 -15.3596 10.4814
v  -5.2342 -15.3557 11.1314
v  -5.8809 -15.4208 11.6990
v  -2.0603 -15.0068 7.5044
v  -2.6987 -15.0512 7.4993
v  -5.3400 -15.1676 5.5481
v  -2.0207 -14.9355 5.5481
v  -3.4886 -15.1339 8.2820
v  -5.4485 -15.3013 9.1471
v  -5.3538 -15.2384 7.5419
v  -3.4280 -15.1191 7.9803
v  -4.3536 -15.2676 10.3747
v  -3.4907 -15.1643 9.1471
v  -4.3539 -15.2768 10.6371
v  -3.9303 -15.2416 10.4774
v  -1.5399 -1.5799 1.1082
v  -1.7797 -1.2008 1.0870
v  -1.4836 -1.0394 1.0905
v  -5.3118 -12.7856 1.0702
v  -1.8887 -12.7857 1.1471
v  -1.9376 -14.3710 1.1468
v  -5.4212 -14.5438 1.0700
v  -2.5219 -1.6940 1.0785
v  -5.1656 -11.0223 1.0702
v  -1.8342 -11.0223 1.1470
v  -3.1078 -2.3905 1.0750
v  -1.6045 -3.6206 1.1350
v  -3.5590 -3.2091 1.0732
v  -3.9088 -4.1086 1.0724
v  -1.6721 -5.7879 1.1426
v  -4.3651 -5.7879 1.0715
v  -4.9601 -9.2592 1.0705
v  -1.7797 -9.2593 1.1464
v  -1.7257 -7.5127 1.1451
v  -4.7027 -7.5126 1.0708
v  -1.9377 -14.5330 1.1797
v  -5.4277 -14.7334 1.1081
v  -5.3918 -15.0827 3.0192
v  -5.4361 -15.0341 1.5421
v  -1.9398 -14.7899 1.5508
v  -1.9695 -14.8434 3.0192
v  -3.0009 -15.0744 7.5570
v  -3.2568 -15.0982 7.7260
v  -1.9367 -14.6619 1.2643
v  -1.9376 -14.7512 1.3901
v  -5.4354 -14.9889 1.3541
v  -5.4312 -14.8843 1.2072
v  -1.9007 -0.9690 1.0108
v  -1.3238 -0.8220 1.0623
v  -5.6756 -14.5324 0.9935
v  -5.5681 -12.7682 0.9960
v  -5.4151 -10.9985 0.9949
v  -5.2077 -9.2313 0.9975
v  -4.9462 -7.4769 0.9988
v  -4.6049 -5.7406 0.9990
v  -4.1427 -4.0517 1.0033
v  -3.7840 -3.1137 1.0001
v  -3.3098 -2.2483 1.0038
v  -2.7034 -1.5437 1.0133
v  -5.6004 -15.3248 7.5438
v  -5.5902 -15.2545 5.5513
v  -5.6380 -15.1688 3.0217
v  -5.6897 -15.1264 1.5748
v  -5.6885 -15.0703 1.3320
v  -5.6952 -14.9636 1.1697
v  -5.6846 -14.7536 1.0340
v  -6.1363 -15.5124 11.6316
v  -5.8661 -15.4476 10.4787
v  -5.6923 -15.3879 9.1468
v  -1.6280 -4.0014 11.5753
v  -1.6227 -3.6096 11.9321
v  -1.6384 -4.0146 12.0996
v  -1.7103 -8.0641 9.3355
v  -1.6688 -6.4924 9.6975
v  -1.7137 -6.4714 12.1013
v  -1.7609 -8.0526 12.0277
v  -1.4947 -1.7950 8.1617
v  -1.6111 -4.4377 9.9881
v  -1.5191 -4.0982 5.7234
v  -1.4466 -1.7198 5.7636
v  -1.8363 -13.1317 7.7598
v  -1.7910 -13.0142 5.5799
v  -1.7413 -11.3853 5.6061
v  -1.7967 -11.5966 8.0907
v  -1.6195 -4.0360 11.0782
v  -1.6024 -3.1353 11.6331
v  -1.6120 -4.1665 10.4764
v  -1.5827 -2.7279 11.2590
v  -1.5615 -2.3564 10.7521
v  -1.6099 -4.2887 10.1683
v  -1.5251 -1.8958 9.5875
v  -1.5422 -2.0772 10.1916
v  -1.5106 -1.8197 8.9500
v  -1.7594 -10.2318 8.4127
v  -1.6858 -9.5665 5.6354
v  -1.7535 -9.9634 8.5370
v  -1.3297 -7.6061 12.9906
v  -1.4448 -6.3425 12.8961
v  -1.2904 -6.3425 13.0483
v  -1.5740 -6.3672 12.7008
v  -1.5801 -7.7935 12.7099
v  -1.7012 -7.9352 12.4440
v  -1.6735 -6.4220 12.4410
v  -1.4458 -7.6461 12.8877
v  -2.2949 -10.4039 8.5573
v  -1.9865 -11.5918 8.2603
v  -1.9493 -10.2768 8.5922
v  -2.4313 -10.4963 8.5322
v  -2.0736 -14.8391 7.6998
v  -2.0261 -13.1585 7.9434
v  -2.6829 -13.1684 7.9416
v  -2.7119 -14.8832 7.6947
v  -3.2724 -12.4278 10.7940
v  -3.2545 -11.5967 8.8703
v  -3.2600 -11.6806 11.2211
v  -3.2830 -13.2638 8.5313
v  -3.3140 -14.9777 9.1471
v  -3.3119 -14.9476 8.2890
v  -3.2873 -13.3100 10.5466
v  -3.3027 -14.2092 10.4021
v  -3.0681 -10.5424 9.0806
v  -3.0474 -10.5820 11.6278
v  -3.1211 -10.7391 11.5291
v  -3.1330 -10.7041 9.0514
v  -3.1690 -10.8319 9.0237
v  -3.1608 -10.8461 11.4781
v  -2.6395 -10.1940 12.8104
v  -2.6607 -10.1771 11.9299
v  -2.4999 -10.0977 11.9389
v  -2.4999 -10.1291 12.8176
v  -2.7983 -10.3057 12.7255
v  -2.8167 -10.2915 11.8617
v  -2.9314 -10.4414 12.5811
v  -2.9430 -10.4273 11.7595
v  -1.8805 -9.7751 9.2179
v  -1.9359 -9.8926 11.9430
v  -2.5000 -9.9984 9.1562
v  -3.0403 -10.5948 12.3989
v  -2.6573 -11.5961 8.2589
v  -1.8837 -14.8231 7.5147
v  -1.8440 -14.7516 5.5519
v  -3.2620 -14.9297 8.0528
v  -3.2279 -13.2235 8.2901
v  -3.2005 -11.5849 8.6220
v  -3.0950 -10.7530 8.7969
v  -2.9832 -10.4600 8.8808
v  -2.9791 -10.3830 9.1069
v  -2.8740 -10.2478 9.1263
v  -2.7737 -10.1935 8.9345
v  -2.7306 -10.1199 9.1420
v  -2.4750 -10.0210 8.9505
v  -1.8885 -9.8081 9.0130
v  -2.5792 -10.7989 8.4525
v  -2.5247 -10.6436 8.4929
v  -1.9406 -14.8330 7.6460
v  -1.8933 -13.1492 7.8900
v  -1.8617 -11.6055 8.2110
v  -1.8190 -10.2586 8.5440
v  -1.7916 -9.7081 9.2239
v  -1.8474 -9.8259 11.9457
v  -3.1353 -14.9101 7.8677
v  -2.9441 -14.8949 7.7407
v  -2.9101 -13.1757 7.9882
v  -3.0992 -13.1942 8.1101
v  -2.8842 -11.5864 8.3080
v  -3.0724 -11.5808 8.4355
v  -2.7683 -10.7233 8.5098
v  -2.9548 -10.7209 8.6242
v  -2.6831 -10.5062 8.5687
v  -2.8555 -10.4611 8.6997
v  -2.5367 -10.3337 8.6128
v  -2.6688 -10.2329 8.7540
v  -2.3614 -10.2310 8.6403
v  -2.4266 -10.1002 8.7764
v  -1.9268 -10.0900 8.6738
v  -1.8991 -9.9207 8.8160
v  -1.8038 -10.0304 8.6410
v  -1.7913 -9.8440 8.8039
v  -1.7932 -9.7440 9.0025
v  -1.6170 -4.6539 9.9218
v  -1.6236 -4.8462 9.9881
v  -1.5818 -6.1548 5.6903
v  -1.6674 -5.2789 11.5743
v  -1.6782 -5.2719 12.1571
v  -1.6573 -5.2341 11.0710
v  -1.8110 -9.7198 11.9502
v  -1.7556 -9.6024 9.2281
v  -1.6318 -4.9995 10.1683
v  -1.6433 -5.1451 10.5373
v  -1.7518 -9.6357 8.9735
v  -1.5861 -9.0242 12.7179
v  -1.7259 -9.2782 12.4465
v  -1.6511 -5.2714 12.4384
v  -1.4398 -8.8648 12.8770
v  -1.5648 -5.2908 12.6916
v  -1.4407 -5.3335 12.9017
v  -1.4045 -8.3310 12.9171
v  -1.3246 -5.8603 13.0272
v  -1.6323 -7.8109 5.6636
v  -1.7510 -9.7580 8.7336
v  -3.3167 -15.0191 10.3182
v  -3.3672 -15.1445 10.3121
v  -3.3654 -15.1048 9.1542
v  -3.3649 -15.0758 8.2742
v  -3.3083 -15.0610 8.0237
v  -3.1593 -15.0447 7.8081
v  -2.9483 -15.0242 7.6751
v  -2.6846 -15.0087 7.6244
v  -2.0562 -14.9568 7.6387
v  -1.4639 -3.8316 3.2646
v  -1.4022 -1.6505 3.5538
v  -1.7385 -12.8780 3.0533
v  -1.6867 -11.1714 3.0931
v  -1.6325 -9.3877 3.1348
v  -1.7926 -14.6591 3.0116
v  -1.5281 -5.9463 3.2152
v  -1.5795 -7.6394 3.1757
v  -1.7632 -14.6063 1.5611
v  -1.7611 -14.5879 1.4791
v  -1.7581 -14.5362 1.4046
v  -1.7548 -14.4596 1.3558
v  -1.7519 -14.3768 1.3404
v  -1.7029 -12.7857 1.3403
v  -1.9333 -14.9448 7.5177
v  -1.8969 -14.8776 5.5495
v  -1.8456 -14.7853 3.0149
v  -1.8137 -14.7286 1.5398
v  -1.8129 -14.6971 1.4144
v  -1.8104 -14.6236 1.3092
v  -1.8072 -14.5169 1.2373
v  -1.8027 -14.3905 1.2088
v  -1.7555 -12.7849 1.2052
v  -1.6486 -11.0223 1.3401
v  -1.7011 -11.0208 1.2050
v  -1.5943 -9.2593 1.3398
v  -1.6467 -9.2581 1.2046
v  -1.5405 -7.5127 1.3375
v  -1.5932 -7.5116 1.2033
v  -1.4873 -5.7879 1.3353
v  -1.5397 -5.7865 1.2007
v  -1.4204 -3.6206 1.3179
v  -1.4734 -3.6189 1.1924
v  -1.3570 -1.5799 1.3016
v  -1.4085 -1.5821 1.1680
v  -1.9722 -14.9499 7.6012
v  -3.4934 -15.2052 10.3112
v  -5.7479 -15.2517 11.8264
v  -5.4596 -13.8271 11.9111
v  -6.2573 -13.8110 13.0479
v  -6.6119 -15.5842 12.9700
v  -3.4195 -14.2305 10.5755
v  -3.8782 -15.0670 10.6618
v  -3.4356 -15.0303 10.4935
v  -5.1352 -15.1854 11.2901
v  -4.5001 -13.9429 11.0876
v  -4.7484 -15.1460 11.0403
v  -4.0028 -12.9060 11.1042
v  -3.3678 -11.7834 11.3554
v  -4.1875 -11.6257 12.1455
v  -4.9196 -12.6016 11.9963
v  -7.0441 -15.2629 14.1190
v  -7.1123 -15.7963 14.1196
v  -2.4961 -10.1126 12.8959
v  -2.8181 -10.0615 13.4039
v  -2.6694 -10.1940 12.8868
v  -2.9035 -9.9219 14.1196
v  -1.7851 -9.6486 13.6251
v  -1.8742 -9.6048 14.1196
v  -4.2951 -15.1025 10.8187
v  -3.4144 -13.2491 10.7383
v  -6.5552 -13.4436 14.1196
v  -6.9020 -14.5337 14.1196
v  -5.6036 -12.4193 13.0967
v  -6.0940 -12.5074 14.1196
v  -4.6910 -11.3296 13.1811
v  -5.4950 -11.6764 14.1196
v  -3.7577 -10.6037 13.2977
v  -3.8719 -10.3691 14.1196
v  -4.7428 -10.9531 14.1196
v  -2.9897 -10.4628 12.6788
v  -2.8324 -10.3087 12.8137
v  -3.4775 -10.9248 12.3957
v  -3.1054 -10.6257 12.5111
v  -3.1942 -10.7953 12.3279
v  -3.2705 -10.9754 12.1373
v  -3.3877 -12.4486 10.9685
v  -2.2008 -9.9290 13.0689
v  -2.0573 -9.7946 13.3340
v  -2.2659 -10.0286 12.8792
v  -2.4926 -10.1228 12.8591
v  -2.2669 -10.0411 12.8383
v  -3.3479 -15.0331 10.4200
v  -3.3332 -14.2284 10.5028
v  -3.3230 -13.2914 10.6618
v  -3.3069 -12.4375 10.9012
v  -3.2898 -11.7423 11.2996
v  -3.1961 -10.9209 12.1182
v  -3.1394 -10.7725 12.2823
v  -3.0592 -10.6079 12.4710
v  -2.9502 -10.4536 12.6345
v  -2.8068 -10.3071 12.7746
v  -2.6515 -10.1975 12.8494
v  -5.7848 -15.3639 11.7870
v  -5.1698 -15.3057 11.2456
v  -4.7646 -15.2706 10.9777
v  -4.3046 -15.2261 10.7589
v  -3.9009 -15.1875 10.6071
v  -3.4403 -15.1554 10.4280
v  -3.3786 -15.1126 10.4190
v  -6.6262 -15.6505 12.9619
v  -6.7160 -15.8270 12.9077
v  -6.6578 -15.7034 12.9452
v  -2.2619 -10.0419 12.8013
v  -3.1570 -10.8508 12.0860
v  -3.1199 -10.7491 12.2119
v  -4.8300 -15.3183 10.8700
v  -1.9684 -0.8301 0.8606
v  -1.0481 -0.4893 0.8536
v  -5.8290 -14.5271 0.8423
v  -5.7229 -12.7552 0.8466
v  -5.5686 -10.9806 0.8446
v  -5.3623 -9.2102 0.8487
v  -5.1003 -7.4496 0.8507
v  -4.7570 -5.7043 0.8505
v  -4.2923 -4.0015 0.8573
v  -3.9251 -3.0472 0.8511
v  -3.4395 -2.1596 0.8561
v  -2.8116 -1.4268 0.8704
v  -5.7480 -15.4822 7.5433
v  -5.7373 -15.4121 5.5510
v  -5.7853 -15.3263 3.0215
v  -5.8336 -15.2857 1.5729
v  -5.8384 -15.2147 1.2759
v  -5.8449 -15.0731 1.0621
v  -5.8389 -14.8088 0.8938
v  -6.2761 -15.6707 11.5948
v  -6.0159 -15.6032 10.4772
v  -5.8403 -15.5449 9.1459
v  -1.0575 -0.6475 1.0173
v  -1.9650 -9.8507 12.8870
v  -1.7597 -9.6655 13.1194
v  -1.5647 -9.5552 13.3139
v  -2.0330 -9.9390 12.7611
v  -2.1249 -9.9786 12.8347
v  -1.7715 -9.6360 12.7022
v  -1.8828 -9.8432 12.4731
v  -1.9413 -9.8881 12.6241
v  -1.4373 -9.2988 13.0460
v  -1.6106 -9.4410 12.9070
v  -2.1403 -9.9930 12.8082
v  -2.0554 -9.9589 12.7355
v  -1.9688 -9.9174 12.6000
v  -1.9233 -9.8925 12.4439
v  -2.1530 -10.0012 12.7722
v  -2.0846 -9.9741 12.7100
v  -2.0197 -9.9461 12.5858
v  -1.9808 -9.9268 12.4435
v  -1.3974 -1.6431 3.3158
v  -0.5661 -0.5569 1.0311
v  -0.8027 -0.5845 1.0178
v  -0.6771 -0.4082 0.8656
v  -0.6558 -0.3429 0.1014
v  -0.0000 -0.3017 0.0996
v  -0.0000 -0.3114 0.6521
v  -0.6601 -0.3553 0.6347
v  -0.0000 -0.3779 0.8813
v  -1.4757 -1.9108 12.9669
v  -1.0083 -2.0489 12.8861
v  -1.2625 -1.6216 12.9450
v  -1.3218 -2.4504 12.9113
v  -1.6699 -2.6376 12.9678
v  -1.5932 -3.0547 12.9300
v  -1.6252 -2.2639 12.9780
v  -1.5138 -3.2938 12.9184
v  -1.2410 -2.7114 12.9079
v  -0.9147 -2.3022 12.8876
v  -0.2319 -0.8565 12.7488
v  -0.1915 -1.3189 11.9641
v  -0.2319 -0.8565 11.2117
v  -0.1579 -1.7025 12.6566
v  -0.6280 -2.0828 12.4027
v  -0.6237 -1.5019 11.7395
v  -0.3450 -1.4846 11.8520
v  -0.2958 -2.0805 12.5261
v  -0.8875 -2.1435 12.2795
v  -0.8806 -1.5693 11.6150
v  -0.6184 -1.0096 10.9141
v  -0.3825 -1.0385 11.1265
v  -1.4777 -1.5181 8.9993
v  -1.4908 -1.6130 9.6706
v  -0.3687 -0.9010 10.8441
v  -0.6152 -0.6947 10.0449
v  -0.3192 -0.7924 10.6007
v  -0.0678 -0.6445 10.2277
v  -0.0000 -0.5970 10.0471
v  -0.0000 -0.6427 10.2248
v  -1.5264 -2.1604 10.9604
v  -1.5465 -2.5763 11.5010
v  -1.1111 -2.2227 12.1229
v  -1.1017 -1.6778 11.4812
v  -1.2991 -2.3198 11.9388
v  -1.2865 -1.8114 11.3254
v  -1.4468 -2.4370 11.7313
v  -1.4304 -1.9718 11.1514
v  -1.5074 -1.8302 10.3384
v  -1.3932 -1.2391 9.0476
v  -1.4023 -1.3522 9.7632
v  -1.2618 -1.0041 9.0916
v  -1.2663 -1.1312 9.8480
v  -1.0866 -0.8117 9.1306
v  -1.0878 -0.9485 9.9244
v  -0.8707 -0.6603 9.1637
v  -0.8705 -0.8026 9.9907
v  -0.6149 -0.5502 9.1895
v  -1.4150 -1.5996 10.4812
v  -1.2750 -1.4033 10.6119
v  -1.0933 -1.2399 10.7296
v  -0.8743 -1.1080 10.8315
v  -1.2961 -1.0390 1.2797
v  -1.3346 -1.0196 3.3161
v  -0.5768 -0.6376 1.2154
v  -0.6194 -0.3242 3.3103
v  -0.8874 -0.4052 3.3116
v  -0.8056 -0.6659 1.1997
v  -0.0000 -0.6164 1.2492
v  -0.0000 -0.2767 3.3093
v  -1.2470 -0.7515 3.3148
v  -1.2105 -0.8559 1.2360
v  -1.0997 -0.5447 3.3132
v  -1.0262 -0.7240 1.1970
v  -1.3821 -1.3178 3.5543
v  -1.3355 -1.0109 3.5539
v  -1.2474 -0.7459 3.5530
v  -1.1025 -0.5393 3.5518
v  -0.8952 -0.3975 3.5507
v  -0.6329 -0.3133 3.5498
v  -0.0000 -0.2612 3.5492
v  -0.0000 -0.4240 8.2096
v  -0.6178 -0.5034 8.2068
v  -0.6256 -0.4045 5.7851
v  -0.0000 -0.3394 5.7862
v  -1.4204 -1.3913 5.7713
v  -1.3591 -1.0980 5.7757
v  -1.2533 -0.8446 5.7793
v  -0.8856 -0.4985 5.7839
v  -1.0963 -0.6438 5.7820
v  -1.4618 -1.4709 8.1730
v  -1.3847 -1.1924 8.1827
v  -0.8753 -0.6079 8.2031
v  -1.2597 -0.9515 8.1911
v  -1.0896 -0.7570 8.1979
v  -0.0000 -0.4628 9.2120
v  -0.0000 -0.6500 10.2769
v  -0.0000 -0.6500 12.9308
v  -0.0426 -0.6500 12.9313
v  -0.0426 -0.6500 10.2756
v  -1.6476 -5.1232 12.7435
v  -1.8963 -4.9751 12.8055
v  -1.6795 -4.9747 13.5281
v  -1.5012 -5.1688 12.9895
v  -1.9165 -4.9759 10.9897
v  -1.7620 -5.0754 11.0690
v  -1.7484 -4.9747 10.5764
v  -1.7449 -5.0995 12.4487
v  -1.9526 -4.9823 12.4256
v  -1.9986 -4.9766 11.9925
v  -1.7733 -5.1015 12.1467
v  -1.7660 -5.1147 11.5740
v  -2.0014 -4.9765 11.4807
v  -1.7186 -4.2002 11.0709
v  -1.9103 -4.3203 10.9882
v  -1.7177 -4.3252 10.5168
v  -1.9704 -4.3252 12.3911
v  -1.7105 -4.1735 12.3506
v  -1.6560 -4.1594 12.5520
v  -1.9120 -4.3207 12.7002
v  -1.7244 -4.1611 11.5744
v  -1.9998 -4.3227 11.4806
v  -1.5640 -2.9967 11.8587
v  -1.6013 -3.4916 12.1268
v  -1.6166 -4.0250 12.3521
v  -1.5691 -4.0160 12.5175
v  -1.5148 -3.4034 12.3734
v  -1.3692 -3.3443 12.6261
v  -1.4926 -3.9942 12.6855
v  -1.4783 -2.8859 12.1035
v  -1.3435 -2.8268 12.3350
v  -0.6839 -1.8279 12.8635
v  -0.6309 -2.0812 12.8700
v  -0.3201 -1.9447 12.8534
v  -0.3391 -1.7290 12.8462
v  -1.0455 -1.3512 12.9336
v  -0.5951 -2.2220 12.5479
v  -0.8515 -2.4373 12.5704
v  -1.1246 -2.7955 12.5985
v  -0.4069 -0.9630 12.9261
v  -0.7442 -1.0970 12.9304
v  -0.1609 -0.6657 10.2827
v  -0.2467 -0.7153 10.4129
v  -1.7334 -4.1733 12.0900
v  -1.9989 -4.3237 11.9924
v  -1.7516 -4.2565 12.8987
v  -1.5660 -4.1321 12.7522
v  -1.8513 -4.3388 13.0634
v  -0.1374 -1.9366 12.6637
v  -0.1874 -0.7170 12.8494
v  -0.2005 -0.7342 10.6986
v  -0.1631 -0.6931 10.4968
v  -0.2201 -0.7721 12.7988
v  -0.2231 -0.7812 10.9205
v  -0.1061 -0.6609 10.3307
v  -0.1362 -0.6749 12.8975
v  -0.2668 -0.9669 11.1530
v  -0.2311 -1.4296 11.8939
v  -0.1715 -2.0458 12.6055
v  -0.2670 -0.8475 10.8565
v  -0.2466 -0.7752 10.6461
v  -0.1953 -0.7094 10.4510
v  -0.1274 -0.6648 10.3031
v  -0.0568 -0.6487 10.2512
v  -0.0000 -0.6482 10.2506
v  -0.2819 -0.9178 12.8749
v  -0.2085 -1.7198 12.7867
v  -0.1873 -1.9581 12.7922
v  -1.3710 -3.3644 12.8236
v  -1.1114 -2.8169 12.8069
v  -0.8261 -2.4611 12.7768
v  -0.5695 -2.2523 12.7574
v  -0.2664 -2.1146 12.7432
v  -0.1689 -2.0429 12.7185
v  -1.5151 -4.0750 12.7109
v  -1.5961 -4.0993 12.5297
v  -1.6433 -4.1104 12.3540
v  -1.6647 -4.1063 12.1055
v  -2.0502 -4.4760 12.7730
v  -2.1108 -4.4740 12.4106
v  -2.1433 -4.4731 11.9575
v  -2.1426 -4.4717 11.4457
v  -2.0492 -4.4721 10.9335
v  -1.8521 -4.4588 10.4875
v  -1.6660 -4.4316 10.1821
v  -1.8717 -4.4368 13.3381
v  -2.0862 -4.6545 12.8128
v  -2.0368 -4.8283 12.8262
v  -2.1054 -4.8321 12.4236
v  -2.1545 -4.6497 12.4214
v  -2.1403 -4.8330 11.9510
v  -2.1888 -4.6538 11.9504
v  -2.1423 -4.8287 11.4446
v  -2.1883 -4.6509 11.4381
v  -2.0485 -4.8292 10.9340
v  -2.0921 -4.6544 10.9183
v  -1.8640 -4.8442 10.5155
v  -1.9067 -4.6543 10.4782
v  -1.8026 -4.6677 13.7401
v  -1.7394 -4.8385 13.7668
v  -1.8446 -4.5373 13.5714
v  -1.6909 -4.8781 10.2397
v  -1.6611 -4.7905 10.0891
v  -1.6490 -4.5101 10.0680
v  -2.2505 -2.6915 13.5642
v  -2.3473 -2.6905 14.1180
v  -2.2694 -3.2653 14.1196
v  -2.1705 -3.2388 13.5387
v  -2.1991 -2.1752 13.5736
v  -2.2892 -2.1456 14.1173
v  -0.5441 -0.3769 14.1182
v  -1.0468 -0.5582 14.1174
v  -0.9857 -0.6638 13.4229
v  -0.5141 -0.5062 13.3656
v  -1.4904 -0.8448 14.1174
v  -1.4137 -0.9246 13.4911
v  -1.8454 -1.2088 14.1174
v  -1.7672 -1.2721 13.5422
v  -2.1144 -1.6423 14.1172
v  -2.0333 -1.6940 13.5682
v  -1.6063 -5.0583 13.6276
v  -1.4829 -5.6145 14.1195
v  -1.2694 -5.8256 13.1917
v  -1.4182 -5.2675 13.0537
v  -1.8363 -4.4366 13.6816
v  -1.8425 -4.2707 13.4196
v  -1.7906 -4.6681 13.8611
v  -1.7202 -4.8648 13.8568
v  -2.3860 -2.6894 15.2176
v  -2.3065 -3.2752 15.2181
v  -2.3264 -2.1348 15.2173
v  -2.1480 -1.6226 15.2172
v  -1.8755 -1.1846 15.2173
v  -1.0688 -0.5230 15.2694
v  -1.5168 -0.8159 15.2192
v  -0.5566 -0.3332 15.3762
v  -0.0000 -0.3136 14.1189
v  -0.0000 -0.2641 15.4353
v  -1.3467 -6.0750 14.1196
v  -1.9575 -4.4388 15.2181
v  -1.8343 -4.6766 14.1179
v  -1.5210 -5.6228 15.2193
v  -1.3724 -6.6662 16.1881
v  -1.3669 -6.4255 15.9240
v  -1.3775 -6.4808 16.2944
v  -1.3642 -6.3348 15.6573
v  -1.3000 -6.5770 14.1195
v  -1.3794 -6.1544 15.4342
v  -1.4274 -5.9080 15.2828
v  -1.3693 -6.8708 16.1030
v  -1.3674 -7.1043 16.0508
v  -1.3000 -7.5639 14.1196
v  -1.2221 -7.6111 13.2292
v  -1.2206 -6.3455 13.2124
v  -1.2307 -8.3385 13.3276
v  -1.3000 -8.8155 14.1196
v  -1.2284 -8.7945 13.5736
v  -1.3669 -7.3954 16.0341
v  -1.3669 -8.7712 16.0341
v  -1.4525 -5.2052 13.0291
v  -1.6361 -5.0029 13.5816
v  -1.7252 -4.8473 13.8106
v  -1.7892 -4.6664 13.7984
v  -1.8247 -4.4965 13.6336
v  -1.8062 -4.1530 13.2179
v  -2.0826 -3.2428 13.3066
v  -0.9413 -0.7138 13.2412
v  -0.5114 -0.5577 13.2169
v  -2.1729 -2.7007 13.3493
v  -2.1206 -2.1718 13.3618
v  -1.9612 -1.7278 13.3540
v  -1.6896 -1.3049 13.3227
v  -1.3639 -0.9788 13.2880
v  -0.0000 -0.4475 13.3397
v  -0.1842 -0.4548 13.3451
v  -0.1830 -0.5089 13.1953
v  -0.0000 -0.4983 13.1921
v  -1.7092 -4.0614 13.0535
v  -1.5792 -3.9545 12.9464
v  -1.7669 -3.1697 12.9895
v  -1.9424 -3.2189 13.1192
v  -0.8798 -0.8037 13.0926
v  -0.8055 -0.9310 12.9869
v  -0.4650 -0.7602 12.9976
v  -0.4969 -0.6424 13.0934
v  -1.8724 -2.6864 13.0413
v  -2.0433 -2.6987 13.1728
v  -1.8221 -2.2023 13.0560
v  -1.9911 -2.1790 13.1873
v  -1.6782 -1.8397 13.0441
v  -1.8412 -1.7759 13.1766
v  -1.4197 -1.4717 13.0150
v  -1.5711 -1.3712 13.1436
v  -1.1745 -1.1952 13.0015
v  -1.2839 -1.0700 13.1214
v  -0.3080 -0.6914 13.0117
v  -0.1739 -0.6130 13.0566
v  -0.1756 -0.5966 13.0728
v  -0.4102 -0.9090 12.9350
v  -0.3836 -0.7895 12.9690
v  -0.0000 -0.5904 13.0693
v  -0.1070 -0.6440 12.9992
v  -0.0000 -0.6354 13.0039
v  -0.2006 -0.6904 12.9692
v  -0.2736 -0.7821 12.9219
v  -0.2834 -0.8325 12.8965
v  -1.8340 -4.3702 13.3921
v  -1.7981 -4.2751 13.1634
v  -1.6954 -4.1840 12.9986
v  -1.5314 -4.0714 12.8699
v  -1.4788 -3.9851 12.8321
v  -1.4968 -4.0346 12.8469
v  -1.2428 -8.3407 13.1724
v  -1.2458 -7.6101 13.0969
v  -1.2350 -6.3399 13.1223
v  -1.2839 -5.8281 13.0893
v  -1.4110 -5.2949 12.9753
v  -1.4554 -5.2326 12.9315
v  -1.5844 -5.1940 12.7111
v  -1.6739 -5.1724 12.4435
v  -1.7031 -5.1714 12.1610
v  -1.6927 -5.1837 11.5732
v  -1.6899 -5.1401 11.0772
v  -1.6682 -5.0513 10.5663
v  -1.6474 -4.9252 10.1984
v  -1.6324 -4.8125 10.0322
v  -1.6427 -4.6539 10.0037
v  -1.6252 -4.6514 9.9635
v  -1.6219 -4.4754 10.0301
v  -1.6276 -4.3760 10.1662
v  -1.6412 -4.2578 10.5008
v  -1.6464 -4.1298 11.0725
v  -1.6532 -4.0911 11.5688
v  -1.4290 -5.2565 12.9576
v  -1.2096 -8.8097 13.2769
v  -1.2831 -8.8396 13.0631
v  -1.3000 -8.3369 13.0359
v  -1.2796 -9.1852 13.6638
v  -1.4653 -9.4623 13.6713
v  -1.3454 -9.3641 13.4329
v  -1.2333 -9.1139 13.5213
v  -1.2788 -9.1546 13.2041
v  -1.2076 -8.9867 13.3747
v  -1.3668 -9.1801 14.1196
v  -1.5664 -9.4468 14.1196
v  -1.3510 -1.0353 1.1446
v  -1.2392 -0.8422 1.1244
v  -1.0321 -0.7104 1.0986
v  -0.8099 -0.6516 1.0960
v  -0.5616 -0.6235 1.1117
v  -0.0000 -0.6034 1.1429
v  -5.7919 -6.3562 15.3436
v  -5.2137 -4.8043 15.3436
v  -6.6594 -4.9539 15.3436
v  -6.5942 -6.6550 15.3436
v  -5.4862 -7.0386 16.3764
v  -5.6430 -7.0263 15.9375
v  -6.4775 -7.3469 15.9375
v  -6.3670 -7.3928 16.5441
v  -4.5748 -6.7589 16.2493
v  -4.7983 -6.7705 15.9376
v  -3.1870 -6.4858 16.1738
v  -3.4299 -6.4892 15.9386
v  -1.5133 -6.3568 16.3080
v  -1.5025 -6.3041 15.9374
v  -1.5300 -6.3559 16.2964
v  -3.4135 -10.0375 15.9789
v  -1.9372 -9.4991 16.0336
v  -3.4165 -10.0376 16.0323
v  -5.0909 -11.2235 15.9286
v  -5.6165 -11.8125 15.9267
v  -5.9018 -12.1266 14.1204
v  -5.5289 -11.6479 14.1198
v  -4.7678 -10.9207 14.1196
v  -4.3688 -10.6148 15.9257
v  -3.8965 -10.3317 14.1196
v  -3.6539 -10.1633 15.9318
v  -3.4152 -10.0393 15.9379
v  -2.9253 -9.8740 14.1204
v  -1.8750 -9.5445 14.1196
v  -5.7287 -11.9095 15.9395
v  -5.9985 -12.2118 14.2740
v  -6.5052 -12.0608 14.3904
v  -6.2550 -11.7614 15.9602
v  -6.2984 -11.6141 15.9521
v  -6.5535 -11.8971 14.3980
v  -6.3905 -12.1842 14.3887
v  -6.1600 -11.8773 15.9601
v  -6.2305 -12.2431 14.3937
v  -6.0254 -11.9481 15.9569
v  -6.1019 -12.2428 14.3596
v  -5.8740 -11.9595 15.9495
v  -6.1263 -1.0950 14.3980
v  -5.6423 -1.2428 15.2361
v  -5.5410 -1.2297 15.2595
v  -6.0337 -1.0593 14.3625
v  -5.4175 -1.0741 15.2786
v  -5.9427 -0.9137 14.3690
v  -5.9742 -0.9955 14.3548
v  -5.4524 -1.1740 15.2773
v  -6.2988 -1.2428 15.2361
v  -6.2988 -1.0950 14.3980
v  -6.5767 -1.1480 14.3980
v  -6.5223 -1.2854 15.2362
v  -6.8327 -1.3161 14.3980
v  -6.7281 -1.4206 15.2362
v  -7.0008 -1.5721 14.3980
v  -6.8634 -1.6265 15.2362
v  -7.0538 -1.8499 14.3980
v  -6.9060 -1.8499 15.2362
v  -6.4233 -9.6934 15.9522
v  -6.7068 -9.5309 14.4005
v  -6.7981 -4.9543 15.2409
v  -6.8503 -3.5917 15.2409
v  -6.9982 -3.5915 14.4010
v  -6.9466 -4.9541 14.3999
v  -6.7221 -6.6615 15.2362
v  -6.8670 -6.6615 14.3980
v  -6.6963 -6.9731 15.2920
v  -1.9965 -9.0739 16.0596
v  -2.5981 -9.0070 16.0596
v  -2.7197 -9.0429 16.0596
v  -3.4355 -9.5570 16.0596
v  -6.1209 -11.5963 16.0596
v  -5.2177 -11.0937 16.0596
v  -5.3371 -8.6951 16.0596
v  -6.2455 -9.6832 16.0582
v  -5.8900 -0.3658 14.4603
v  -5.9279 -0.4076 14.3945
v  -5.3946 -0.4379 15.3183
v  -5.3281 -0.2103 15.4335
v  -5.4175 -0.6900 15.2786
v  -5.9427 -0.4814 14.3690
v  -1.4399 -9.0923 16.0355
v  -1.3741 -9.1390 14.1196
v  -1.5772 -9.3967 14.1196
v  -1.6431 -9.3512 16.0352
v  -3.6996 -5.8387 15.3436
v  -1.6591 -5.6276 15.3436
v  -2.0807 -4.4799 15.3436
v  -3.7680 -4.6546 15.3436
v  -2.2801 -1.6226 15.3430
v  -1.9868 -1.1300 15.3432
v  -3.9378 -1.7111 15.3436
v  -5.3548 -1.2313 15.3436
v  -5.3578 -1.7868 15.3436
v  -6.7778 -1.8625 15.3436
v  -6.7116 -3.5913 15.3436
v  -5.2759 -3.4965 15.3436
v  -2.4486 -2.1347 15.3430
v  -3.8402 -3.4017 15.3436
v  -2.5046 -2.6894 15.3431
v  -2.4320 -3.3088 15.3436
v  -4.9134 -6.0943 15.3436
v  -5.4843 -1.3362 15.3435
v  -5.6423 -1.3708 15.3436
v  -6.2988 -1.3708 15.3436
v  -6.4911 -1.4111 15.3436
v  -6.6496 -1.5236 15.3436
v  -6.7504 -1.6897 15.3436
v  -5.3049 -1.0741 15.3436
v  -5.3696 -1.0785 15.3264
v  -6.7469 -4.9559 15.3181
v  -6.6774 -6.6630 15.3135
v  -6.7992 -3.5927 15.3182
v  -6.8614 -1.8565 15.3130
v  -6.8262 -1.6553 15.3133
v  -6.7074 -1.4652 15.3143
v  -6.5233 -1.3375 15.3157
v  -6.3132 -1.2928 15.3172
v  -5.6446 -1.2879 15.3137
v  -5.5123 -1.2682 15.3196
v  -5.4016 -1.1906 15.3276
v  -1.7978 -6.3554 16.1734
v  -1.7484 -6.3528 16.1941
v  -1.6239 -6.3514 16.2312
v  -1.4988 -6.2316 15.7130
v  -3.5427 -6.4359 15.7161
v  -4.8547 -6.7097 15.7067
v  -5.7086 -6.9639 15.6920
v  -6.5241 -7.2860 15.7091
v  -6.5548 -7.4723 15.9420
v  -6.4452 -7.5186 16.5486
v  -6.4241 -7.4453 16.5589
v  -6.5378 -7.3984 15.9356
v  -1.5116 -6.0877 15.5253
v  -1.5552 -5.8914 15.3980
v  -3.6682 -6.0966 15.3938
v  -3.6099 -6.2984 15.5249
v  -4.8894 -6.3508 15.3921
v  -4.8718 -6.5606 15.5187
v  -5.7974 -6.6075 15.3844
v  -5.7546 -6.8139 15.5043
v  -6.5867 -6.9230 15.3906
v  -6.5619 -7.1407 15.5197
v  -6.7966 -8.0180 14.3989
v  -6.6558 -7.2273 15.4454
v  -6.4671 -8.0177 16.2665
v  -6.6068 -7.3984 15.6706
v  -6.6600 -6.9553 15.3622
v  -6.6259 -7.1781 15.4978
v  -6.5830 -7.3371 15.7050
v  -6.4542 -9.0773 15.9889
v  -6.4683 -8.5478 16.0867
v  -3.1900 -7.4999 16.0596
v  -1.7865 -7.4027 16.0597
v  -1.7872 -7.1801 16.0694
v  -3.1838 -7.2753 16.0700
v  -4.3648 -7.9354 16.0596
v  -4.3668 -7.6580 16.0746
v  -5.3193 -8.3151 16.0754
v  -6.2615 -9.0893 16.0888
v  -1.7880 -6.9636 16.1051
v  -1.7885 -6.7528 16.1762
v  -3.1704 -6.8698 16.1684
v  -3.1775 -7.0675 16.1042
v  -4.3629 -7.1574 16.1982
v  -4.3668 -7.4010 16.1165
v  -5.3482 -7.9412 16.1379
v  -5.3767 -7.5743 16.2624
v  -6.2472 -8.0564 16.3414
v  -6.2605 -8.5690 16.1768
v  -1.7885 -6.5553 16.2845
v  -3.1617 -6.6826 16.2655
v  -4.3548 -6.9247 16.3155
v  -5.4040 -7.2320 16.4588
v  -6.2169 -7.5684 16.6088
v  -6.2951 -8.0606 16.3555
v  -6.2641 -7.5822 16.6213
v  -6.3781 -7.5749 16.6220
v  -6.4025 -8.0619 16.3460
v  -6.3095 -8.5709 16.1867
v  -6.4099 -8.5772 16.1681
v  -6.3113 -9.0906 16.0939
v  -6.4025 -9.0913 16.0703
v  -6.2954 -9.6855 16.0596
v  -6.3756 -9.7023 16.0311
v  -6.1704 -11.6053 16.0596
v  -6.2529 -11.6147 16.0297
v  -1.7951 -6.4286 16.2957
v  -3.1611 -6.5535 16.2719
v  -4.4499 -6.8077 16.3398
v  -5.4395 -7.1058 16.4762
v  -6.2716 -7.4413 16.6367
v  -6.1412 -11.7007 16.0596
v  -6.2140 -11.7387 16.0322
v  -6.0778 -11.7786 16.0596
v  -6.1325 -11.8388 16.0324
v  -5.9899 -11.8256 16.0596
v  -6.0186 -11.9010 16.0319
v  -5.8895 -11.8292 16.0596
v  -5.8886 -11.9124 16.0314
v  -5.7955 -11.7966 16.0596
v  -5.7628 -11.8743 16.0309
v  -5.7194 -11.7328 16.0596
v  -5.6436 -11.7887 16.0193
v  -5.1829 -11.1299 16.0596
v  -5.1124 -11.1943 16.0202
v  -4.4417 -10.5197 16.0591
v  -4.3952 -10.5901 16.0193
v  -3.7161 -10.0491 16.0596
v  -3.6726 -10.1292 16.0223
v  -4.4713 -10.4793 16.0591
v  -6.0963 -11.6767 16.0596
v  -6.0454 -11.7392 16.0596
v  -5.9766 -11.7760 16.0596
v  -5.8970 -11.7789 16.0596
v  -5.8206 -11.7523 16.0596
v  -5.7543 -11.6968 16.0596
v  -2.4764 -8.7932 16.0596
v  -2.5292 -8.8939 16.0596
v  -2.4943 -8.9224 16.0596
v  -2.4333 -8.8060 16.0596
v  -2.6191 -8.9672 16.0596
v  -2.7240 -8.9981 16.0596
v  -2.8287 -8.9881 16.0596
v  -2.8415 -9.0312 16.0596
v  -2.9294 -8.9353 16.0596
v  -2.9579 -8.9702 16.0596
v  -3.0027 -8.8454 16.0596
v  -3.0425 -8.8664 16.0596
v  -3.0336 -8.7405 16.0596
v  -3.0784 -8.7448 16.0596
v  -3.0236 -8.6358 16.0596
v  -3.0667 -8.6229 16.0596
v  -2.9708 -8.5351 16.0596
v  -3.0057 -8.5066 16.0596
v  -2.8809 -8.4618 16.0596
v  -2.9019 -8.4220 16.0596
v  -2.7760 -8.4309 16.0596
v  -2.7803 -8.3861 16.0596
v  -2.6713 -8.4409 16.0596
v  -2.6585 -8.3978 16.0596
v  -2.5706 -8.4937 16.0596
v  -2.5421 -8.4588 16.0596
v  -2.4973 -8.5836 16.0596
v  -2.4575 -8.5626 16.0596
v  -2.4664 -8.6884 16.0596
v  -2.4216 -8.6842 16.0596
v  -3.5646 -9.6365 16.0596
v  -3.6713 -9.7540 16.0596
v  -1.8878 -9.0162 16.0596
v  -1.8167 -8.9260 16.0596
v  -1.7865 -8.8091 16.0596
v  -1.9372 -9.3596 16.1596
v  -3.4474 -9.8802 16.1596
v  -3.4744 -9.9211 16.1596
v  -1.7171 -9.2334 16.1596
v  -1.7316 -9.2168 16.1594
v  -1.9290 -9.3193 16.1596
v  -1.5593 -9.0244 16.1596
v  -1.5774 -9.0173 16.1594
v  -1.4968 -8.7712 16.1596
v  -1.5315 -8.8154 16.1596
v  -1.4968 -7.3976 16.1609
v  -1.5315 -7.4025 16.1596
v  -1.5318 -6.7794 16.2692
v  -1.4995 -6.7771 16.2699
v  -1.5052 -6.5615 16.3952
v  -1.5318 -6.5627 16.3949
v  -1.5317 -6.9516 16.2077
v  -1.4977 -6.9515 16.2075
v  -1.5313 -7.1584 16.1717
v  -1.4968 -7.1536 16.1733
v  -3.3315 -9.7901 16.1596
v  -3.3746 -9.8134 16.1596
v  -3.4138 -9.8438 16.1596
v  -3.3545 -9.7379 16.1464
v  -3.4173 -9.7742 16.1463
v  -3.4721 -9.8243 16.1470
v  -3.5146 -9.8857 16.1483
v  -3.5368 -9.9532 16.1387
v  -1.9432 -9.2640 16.1463
v  -1.5886 -8.8148 16.1464
v  -1.6306 -8.9978 16.1450
v  -1.7658 -9.1724 16.1444
v  -1.5892 -6.5664 16.3776
v  -1.5893 -6.7776 16.2568
v  -1.5889 -6.9574 16.1932
v  -1.5886 -7.1651 16.1582
v  -1.5886 -7.4029 16.1464
v  -1.5480 -6.4394 16.4096
v  -1.5879 -6.4398 16.3980
v  -3.3728 -9.6963 16.1095
v  -3.3910 -9.6547 16.0727
v  -3.4893 -9.7144 16.0729
v  -3.4535 -9.7442 16.1099
v  -3.5710 -9.8010 16.0733
v  -3.5223 -9.8125 16.1114
v  -3.6269 -9.9055 16.0740
v  -3.5718 -9.8955 16.1136
v  -3.6504 -10.0179 16.0717
v  -3.5907 -9.9865 16.0995
v  -1.9528 -9.2196 16.1095
v  -1.9626 -9.1751 16.0727
v  -1.6340 -8.8154 16.1096
v  -1.6796 -8.8161 16.0727
v  -1.7170 -8.9685 16.0716
v  -1.6731 -8.9835 16.1073
v  -1.8203 -9.1005 16.0714
v  -1.7924 -9.1372 16.1067
v  -1.6352 -6.5582 16.3394
v  -1.6812 -6.5500 16.3012
v  -1.6815 -6.7543 16.1880
v  -1.6349 -6.7654 16.2216
v  -1.6810 -6.9575 16.1190
v  -1.6347 -6.9573 16.1556
v  -1.6798 -7.1733 16.0827
v  -1.6343 -7.1692 16.1208
v  -1.6795 -7.4023 16.0728
v  -1.6340 -7.4026 16.1096
v  -3.4141 -9.6025 16.0596
v  -3.5323 -9.6754 16.0596
v  -3.6295 -9.7823 16.0596
v  -3.6925 -9.9123 16.0596
v  -1.9767 -9.1200 16.0596
v  -1.7365 -8.8155 16.0596
v  -1.7709 -8.9487 16.0596
v  -1.8551 -9.0554 16.0596
v  -1.7385 -6.5536 16.2840
v  -1.7386 -6.7522 16.1749
v  -1.7380 -6.9632 16.1043
v  -1.7372 -7.1799 16.0690
v  -1.7365 -7.4027 16.0596
v  -3.4375 -10.0040 16.1225
v  -1.9285 -9.4526 16.1247
v  -3.6144 -10.0894 16.0386
v  -3.5580 -10.0637 16.0576
v  -3.4952 -10.0314 16.0972
v  -6.3585 -7.5060 16.6490
v  -1.6633 -9.3121 16.1254
v  -1.4762 -9.0680 16.1248
v  -1.4099 -8.7598 16.1261
v  -1.6712 -6.4250 16.3168
v  -1.7452 -6.4252 16.2967
v  -1.9085 -1.1664 15.3057
v  -1.5206 -0.7658 15.3085
v  -1.4221 -6.3944 16.3265
v  -1.4043 -6.3404 15.9232
v  -1.4047 -6.2673 15.7066
v  -1.4205 -6.1115 15.5032
v  -1.4691 -5.8904 15.3636
v  -1.5652 -5.6193 15.3078
v  -1.9931 -4.4504 15.3093
v  -2.3439 -3.2889 15.3071
v  -2.4228 -2.6822 15.3051
v  -2.3662 -2.1403 15.3027
v  -2.1909 -1.6250 15.3044
v  -1.5095 -6.4322 16.4084
v  -1.6239 -6.4270 16.3622
v  -1.4069 -7.3932 16.1241
v  -1.4055 -7.1244 16.1399
v  -1.4089 -6.9159 16.1802
v  -1.4117 -6.7388 16.2485
v  -1.4154 -6.5235 16.3733
v  -1.4573 -6.4087 16.3819
v  -3.5641 -10.1148 15.9480
v  -3.4929 -10.0773 15.9800
v  -6.3166 -7.4613 16.6456
v  -3.7617 -10.0191 16.0595
v  -3.7406 -9.8968 16.0596
v  -1.0813 -0.5023 15.3423
v  -0.5662 -0.3216 15.4282
v  -0.0000 -0.2526 15.4844
v  -5.2055 -0.0200 15.8582
v  -0.0000 -27.4383 14.2901
v  -0.9737 -27.3672 14.3605
v  -0.0000 -27.4865 14.3721
v  -7.2894 -17.0937 14.3706
v  -7.1964 -18.0487 14.3687
v  -7.0279 -19.1786 14.3688
v  -6.7839 -20.2917 14.3684
v  -6.4683 -21.3182 14.3710
v  -6.0819 -22.3196 14.3675
v  -5.6215 -23.2750 14.3723
v  -5.0800 -24.1836 14.3683
v  -3.7197 -25.7611 14.2896
v  -4.4588 -25.0285 14.3705
v  -3.7442 -25.7873 14.3614
v  -2.8615 -26.5089 14.3764
v  -1.8816 -27.0652 14.3710
v  -7.1973 -18.0488 14.4029
v  -7.8371 -0.5689 14.7488
v  -6.8120 -0.2727 23.8815
v  -6.1226 -1.0477 14.3128
v  -6.3009 -1.0436 14.3090
v  -6.0291 -0.9783 14.2982
v  -6.0657 -1.0200 14.3013
v  -6.7533 -9.5707 14.3118
v  -6.6044 -11.9036 14.3091
v  -6.6018 -1.1045 14.3102
v  -6.8774 -1.2879 14.3082
v  -7.0476 -1.5550 14.3103
v  -7.1049 -1.8624 14.3091
v  -7.0454 -3.5910 14.3128
v  -6.9948 -4.9536 14.3109
v  -6.9208 -6.6603 14.3089
v  -6.8480 -8.0164 14.3073
v  -6.5486 -12.0871 14.3085
v  -6.4238 -12.2256 14.3063
v  -6.2423 -12.2912 14.3101
v  -6.1114 -12.2806 14.2815
v  -6.0108 -12.2309 14.2323
v  -6.1195 -12.3543 14.2420
v  -6.0228 -12.2652 14.2036
v  -5.2875 -0.1155 15.5468
v  -5.2516 -0.0573 15.6880
v  -5.1839 -0.0827 15.7032
v  -3.9220 -0.1561 15.5981
v  -3.9070 -0.0724 15.7262
v  -1.5316 -0.1422 15.6149
v  -1.5299 -0.0649 15.7421
v  -0.0000 -0.1236 15.6401
v  -0.0000 -0.0556 15.7626
v  -5.2195 -0.0708 15.7037
v  -0.0000 -0.0143 15.8942
v  -6.8692 -18.0096 16.4996
v  -5.9372 -17.8802 16.4993
v  -5.8195 -18.9330 16.4996
v  -6.7108 -19.1193 16.4996
v  -6.9612 -17.0378 16.4996
v  -5.9755 -16.9996 16.4996
v  -4.8932 -21.7937 16.4988
v  -5.7412 -22.1753 16.4996
v  -6.1478 -21.2089 16.4994
v  -5.2818 -20.8960 16.4996
v  -3.9918 -23.4663 16.4986
v  -4.7907 -23.9857 16.4996
v  -5.3175 -23.1095 16.4990
v  -4.4871 -22.6548 16.4994
v  -3.4967 -24.2197 16.4996
v  -4.2195 -24.8210 16.4993
v  -2.8915 -24.8735 16.4993
v  -2.1905 -25.4823 16.4996
v  -2.7170 -26.2954 16.4995
v  -3.5266 -25.5509 16.4996
v  -0.0000 -26.1820 16.4996
v  -0.0000 -27.1662 16.4996
v  -0.9140 -27.0545 16.4996
v  -0.7052 -26.0870 16.4982
v  -4.9737 -13.3396 16.4987
v  -7.4328 -11.3402 16.4996
v  -6.5270 -9.9781 16.4996
v  -4.0675 -12.1725 16.4996
v  -2.8746 -5.8873 22.3957
v  -4.2471 -6.0791 22.3976
v  -4.2305 -5.9758 23.7119
v  -2.8568 -5.8001 23.7138
v  -6.4418 -6.6050 20.7499
v  -7.3284 -6.8220 21.2716
v  -7.2518 -6.6696 22.4031
v  -6.3885 -6.4334 22.4019
v  -6.4699 -6.9040 19.2065
v  -7.3898 -7.0689 20.1103
v  -7.4264 -7.4388 19.0012
v  -7.1378 -6.5645 23.7118
v  -6.3837 -6.3758 23.7115
v  -5.2975 -6.1527 23.7137
v  -5.3737 -6.2455 22.3989
v  -6.6002 -7.3479 17.9996
v  -7.4297 -7.9530 17.9996
v  -5.3723 -6.5457 19.2712
v  -5.4601 -6.7931 17.9996
v  -4.2209 -6.2911 19.3169
v  -4.2874 -6.4307 17.9919
v  -2.8717 -6.0601 19.3445
v  -2.9118 -6.1765 17.9952
v  -5.3748 -6.3746 20.7454
v  -4.2226 -6.1928 20.7439
v  -0.0000 -5.8359 19.3544
v  -0.0000 -6.0039 17.9996
v  -1.5160 -6.0433 17.9996
v  -1.5140 -5.8956 19.3528
v  -1.4781 -5.6820 23.7127
v  -1.4981 -5.7398 22.3949
v  0.0000 -5.7500 20.7518
v  -1.5218 -5.8165 20.7451
v  0.0000 -5.6829 22.3978
v  -2.8738 -5.9869 20.7436
v  -0.0000 -10.5969 16.4996
v  -1.4637 -10.7820 16.4988
v  -1.5950 -7.4400 16.4996
v  -0.0000 -7.3799 16.4996
v  0.0000 -5.6398 23.7119
v  -7.0336 -16.0638 16.4996
v  -7.2152 -13.9151 16.4996
v  -5.5811 -14.6784 16.4983
v  -5.9112 -16.1248 16.4993
v  -2.8542 -11.3113 16.4987
v  -3.0355 -7.5396 16.4996
v  -4.3709 -7.9254 16.4996
v  -5.4634 -8.7838 16.4996
v  -0.0000 -6.1731 17.4497
v  -1.5384 -6.2064 17.4399
v  -2.9757 -6.3236 17.4348
v  -4.3770 -6.6157 17.4194
v  -5.5522 -7.0877 17.3864
v  -6.7487 -7.8648 17.3741
v  -7.4243 -8.5568 17.3370
v  -0.0000 -6.4376 16.9812
v  -0.0000 -6.8328 16.6161
v  -1.5906 -6.8745 16.6034
v  -1.5683 -6.4685 16.9667
v  -3.0731 -6.9822 16.5971
v  -3.0406 -6.5796 16.9580
v  -4.4691 -7.3688 16.6125
v  -4.4526 -6.9277 16.9485
v  -5.5970 -8.1160 16.6046
v  -5.6123 -7.5373 16.9148
v  -6.7970 -9.2630 16.6221
v  -6.8301 -8.5288 16.9161
v  -7.4244 -10.2646 16.5956
v  -7.4275 -9.3168 16.8829
v  -7.3719 -6.6810 22.4063
v  -7.2541 -6.5703 23.7160
v  -1.7739 -26.8183 16.4996
v  -0.9349 -27.1521 16.4879
v  -1.8137 -26.9089 16.4810
v  -2.7726 -26.3788 16.4768
v  -3.5979 -25.6272 16.4892
v  -4.2927 -24.8843 16.4757
v  -4.8695 -24.0381 16.4805
v  -5.3992 -23.1533 16.4747
v  -5.8306 -22.2133 16.4834
v  -6.4523 -20.2070 16.4996
v  -6.2382 -21.2398 16.4769
v  -6.5472 -20.2320 16.4835
v  -6.8059 -19.1381 16.4812
v  -6.9646 -18.0222 16.4803
v  -7.0581 -17.0453 16.4814
v  -7.1333 -16.0663 16.4876
v  -7.3134 -13.9036 16.4890
v  -7.5324 -11.3419 16.4788
v  -7.5294 -10.3730 16.5873
v  -7.5563 -9.4467 16.8623
v  -7.5552 -8.6312 17.3438
v  -7.5622 -7.9951 18.0225
v  -7.5484 -7.4700 19.0105
v  -7.5070 -7.0867 20.1382
v  -7.4469 -6.8358 21.3093
v  -7.4729 -6.6410 22.4071
v  -7.5466 -6.5637 22.4034
v  -7.4231 -6.4524 23.7192
v  -7.3514 -6.5295 23.7194
v  -0.0000 -27.3389 16.4304
v  -0.0000 -27.3921 16.3563
v  -0.9654 -27.2969 16.3634
v  -0.9525 -27.2355 16.4415
v  -1.8454 -26.9807 16.4305
v  -1.8676 -27.0307 16.3539
v  -2.8419 -26.4821 16.3514
v  -2.8137 -26.4405 16.4252
v  -3.6558 -25.6894 16.4454
v  -3.6991 -25.7363 16.3694
v  -4.3832 -24.9654 16.3536
v  -4.3467 -24.9321 16.4251
v  -4.9324 -24.0808 16.4316
v  -4.9768 -24.1112 16.3585
v  -5.5043 -23.2089 16.3527
v  -5.4616 -23.1865 16.4236
v  -5.9029 -22.2428 16.4357
v  -5.9556 -22.2636 16.3627
v  -6.3554 -21.2774 16.3549
v  -6.3075 -21.2624 16.4268
v  -6.6234 -20.2513 16.4353
v  -6.6785 -20.2648 16.3612
v  -6.9356 -19.1625 16.3572
v  -6.8821 -19.1526 16.4316
v  -7.0408 -18.0318 16.4303
v  -7.0938 -18.0382 16.3559
v  -7.1886 -17.0572 16.3596
v  -7.1341 -17.0524 16.4331
v  -7.2145 -16.0714 16.4441
v  -7.2767 -16.0752 16.3700
v  -7.4599 -13.9114 16.3720
v  -7.3962 -13.9075 16.4465
v  -7.6602 -11.3461 16.3534
v  -7.6080 -11.3445 16.4281
v  -7.7005 -10.5059 16.4440
v  -7.6290 -10.4509 16.5331
v  -7.7435 -9.6571 16.6576
v  -7.6662 -9.5542 16.7783
v  -7.7749 -8.6307 17.2157
v  -7.6799 -8.6492 17.3013
v  -7.7796 -7.9000 17.9808
v  -7.6850 -7.9699 18.0175
v  -7.7458 -7.3593 19.0241
v  -7.6583 -7.4379 19.0226
v  -7.7030 -6.9849 20.0977
v  -7.6177 -7.0574 20.1259
v  -7.6301 -6.7196 21.3093
v  -7.5517 -6.7972 21.3172
v  -0.0000 -27.2622 16.4802
v  -0.0000 -27.4160 16.2616
v  -7.1173 -18.0408 16.2606
v  -7.1137 -0.5355 23.8296
v  -7.1657 -0.5601 23.8296
v  -7.5935 -0.7156 23.8296
v  -7.0557 -0.4923 23.8296
v  -7.3286 -0.6833 23.8296
v  -7.4309 -0.8631 23.8296
v  -7.6872 -0.8087 23.8296
v  -7.4551 -1.0465 23.8296
v  -7.7173 -0.9371 23.8296
v  -7.4055 -1.8896 23.8297
v  -7.3179 -3.3794 23.8300
v  -7.5665 -3.3794 23.8296
v  -7.6585 -1.8896 23.8296
v  -7.0992 -6.1305 23.8296
v  -7.3604 -6.4106 23.8296
v  -7.3833 -6.3355 23.8296
v  -7.1464 -5.9739 23.8296
v  -7.2347 -6.4986 23.8296
v  -6.8407 -6.3180 23.8296
v  -6.6772 -6.3143 23.8296
v  -7.1558 -6.4947 23.8296
v  -7.2252 -4.9517 23.8296
v  -7.4693 -4.9517 23.8296
v  -7.3075 -6.4687 23.8296
v  -6.9906 -6.2527 23.8296
v  -5.3130 -6.0055 23.8306
v  -4.2279 -5.8440 23.8296
v  -4.2305 -5.9061 23.8294
v  -5.3108 -6.0810 23.8296
v  -6.3842 -6.3211 23.8273
v  -6.3809 -6.2516 23.8296
v  -2.8587 -5.6573 23.8296
v  -2.8578 -5.7263 23.8296
v  -1.4709 -5.5494 23.8450
v  -1.4749 -5.6087 23.8296
v  0.0000 -5.5100 23.8296
v  0.0000 -5.5681 23.8296
v  0.0000 -5.6174 23.8092
v  -1.4688 -5.6546 23.8141
v  -2.8531 -5.7707 23.8132
v  -6.3835 -6.3574 23.8052
v  -7.1524 -6.5398 23.8132
v  -4.2281 -5.9493 23.8118
v  -5.3022 -6.1298 23.8112
v  -7.0193 -0.4297 23.8296
v  -7.6147 -0.6764 23.8043
v  -7.0331 -0.3843 23.8114
v  -7.2508 -6.5413 23.8128
v  -7.3359 -6.5045 23.8124
v  -7.3978 -6.4372 23.8122
v  -7.4203 -6.3440 23.8047
v  -7.5230 -4.9520 23.8136
v  -7.6248 -3.3795 23.8157
v  -7.7112 -1.8898 23.8121
v  -7.7646 -0.9351 23.8111
v  -7.7297 -0.7870 23.8107
v  -7.0474 -0.3656 23.7620
v  -6.9124 -0.3096 23.8025
v  -6.9302 -0.3346 23.8396
v  -6.9270 -0.3735 23.8596
v  -6.9613 -0.4838 23.8533
v  -7.0236 -0.5745 23.8586
v  -7.1263 -0.6258 23.8544
v  -7.2638 -0.7268 23.8550
v  -7.3540 -0.8865 23.8575
v  -7.3737 -1.0502 23.8581
v  -7.3217 -1.8902 23.8618
v  -7.1422 -4.9490 23.8554
v  -7.0696 -5.9549 23.8557
v  -7.0309 -6.0855 23.8581
v  -6.9350 -6.1920 23.8582
v  -6.8126 -6.2437 23.8556
v  -6.6775 -6.2397 23.8520
v  -6.3943 -6.1711 23.8546
v  -7.2385 -3.3766 23.8611
v  -5.3222 -5.9329 23.8632
v  -4.2522 -5.7468 23.8636
v  -2.8599 -5.5759 23.8581
v  -1.4751 -5.4652 23.8611
v  0.0000 -5.4290 23.8580
v  -1.4782 -5.6798 23.7627
v  -2.8572 -5.7964 23.7637
v  -6.3841 -6.3742 23.7615
v  -7.1372 -6.5621 23.7618
v  -4.2310 -5.9724 23.7618
v  -5.2981 -6.1498 23.7636
v  -7.6273 -0.6543 23.7620
v  -7.2515 -6.5662 23.7657
v  -7.3475 -6.5253 23.7690
v  -7.4181 -6.4490 23.7688
v  -7.4528 -6.3407 23.7671
v  -7.5507 -4.9517 23.7675
v  -7.6534 -3.3794 23.7668
v  -7.7380 -1.8896 23.7655
v  -7.7871 -0.9405 23.7644
v  -7.7477 -0.7739 23.7640
v  -6.8691 -0.3090 23.9387
v  -6.8815 -0.3486 23.9401
v  -5.9769 -0.0422 23.9307
v  -5.4950 0.0000 23.9296
v  -5.4946 -0.0192 23.9777
v  -5.9752 -0.0613 23.9764
v  -6.4482 -0.1484 23.9309
v  -6.4423 -0.1674 23.9770
v  -1.6421 0.0000 23.9296
v  0.0000 0.0000 23.9296
v  0.0000 -0.0186 23.9770
v  -1.6472 -0.0189 23.9773
v  -4.1177 0.0000 23.9296
v  -4.1220 -0.0188 23.9772
v  -6.8379 -0.2835 23.9315
v  -6.8314 -0.3023 23.9783
v  -6.8476 -0.3157 23.9800
v  -6.9735 -0.5911 23.9360
v  -6.9029 -0.4835 23.9359
v  -6.8813 -0.4907 23.9813
v  -6.9550 -0.6044 23.9809
v  -7.1103 -0.6760 23.9401
v  -7.1023 -0.6977 23.9820
v  -7.2327 -0.7677 23.9359
v  -7.2177 -0.7822 23.9793
v  -7.3093 -0.9024 23.9359
v  -7.2879 -0.9098 23.9811
v  -7.3267 -1.0399 23.9401
v  -7.3033 -1.0370 23.9826
v  -7.2775 -1.8886 23.9492
v  -7.2550 -1.8845 23.9830
v  -7.0183 -5.9644 23.9396
v  -7.0932 -4.9476 23.9330
v  -7.0708 -4.9477 23.9796
v  -6.9949 -5.9643 23.9823
v  -6.9878 -6.0663 23.9399
v  -6.9662 -6.0564 23.9826
v  -6.9074 -6.1537 23.9405
v  -6.8930 -6.1350 23.9826
v  -6.8142 -6.1922 23.9402
v  -6.8114 -6.1685 23.9826
v  -6.7055 -6.1894 23.9378
v  -6.7130 -6.1675 23.9817
v  -6.4070 -6.1235 23.9272
v  -6.4108 -6.1041 23.9761
v  -7.1944 -3.3770 23.9434
v  -7.1709 -3.3794 23.9827
v  -5.3184 -5.8930 23.9270
v  -5.3197 -5.8726 23.9765
v  -4.2368 -5.7044 23.9321
v  -4.2441 -5.6834 23.9795
v  -2.8586 -5.5277 23.9407
v  -2.8580 -5.5013 23.9850
v  -1.4824 -5.4231 23.9345
v  -1.4875 -5.3995 23.9817
v  -6.8585 -0.3431 23.9817
v  0.0000 -5.3815 23.9398
v  -6.8381 -0.5098 23.9996
v  -6.9216 -0.6383 23.9996
v  -7.0805 -0.7385 23.9996
v  -7.1847 -0.8095 23.9993
v  -7.2431 -0.9248 23.9996
v  -7.2576 -1.0363 23.9996
v  -7.2177 -1.8784 23.9992
v  -7.0241 -4.9463 23.9995
v  -6.9492 -5.9580 23.9996
v  -6.9254 -6.0352 23.9996
v  -6.8660 -6.0985 23.9996
v  -6.8034 -6.1233 23.9996
v  -6.7216 -6.1210 23.9996
v  -6.4195 -6.0585 23.9991
v  -7.1277 -3.3814 23.9995
v  -5.3285 -5.8248 23.9995
v  -4.2626 -5.6369 23.9996
v  -2.8600 -5.4500 23.9996
v  -1.4941 -5.3510 23.9996
v  0.0000 -5.3123 23.9996
v  0.0000 -5.3582 23.9824
v  -6.8106 -0.3493 23.9996
v  -5.4923 -0.0720 23.9996
v  -5.9691 -0.1097 23.9995
v  -6.4283 -0.2155 23.9996
v  -4.1276 -0.0701 23.9996
v  -1.6540 -0.0705 23.9996
v  0.0000 -5.6381 23.7619
v  -1.5341 -4.0309 23.9996
v  -1.5741 -2.7107 23.9996
v  0.0000 -2.6913 23.9996
v  0.0000 -4.0019 23.9996
v  -5.1848 -1.4632 23.9996
v  -4.8774 -2.8545 23.9996
v  -5.6488 -2.9672 23.9995
v  -5.8090 -1.5384 23.9995
v  -1.6140 -1.3906 23.9996
v  -3.4938 -2.7601 23.9996
v  -3.8107 -1.4151 23.9996
v  -5.4887 -4.3960 23.9995
v  0.0000 -0.0694 23.9995
v  0.0000 -1.3804 23.9996
v  -4.5700 -4.2457 23.9996
v  -3.1769 -4.1051 23.9996
v  -0.0000 -27.5005 14.4669
v  -0.0000 -24.1822 0.0980
v  -6.0316 -17.6259 10.4804
v  -5.8615 -17.5207 9.1462
v  -5.7710 -17.4611 7.5418
v  -5.5683 -19.9629 16.4993
v  -1.3729 -25.9025 16.4992
v  0.0000 0.0000 23.8796
v  -5.8499 -17.8715 16.4796
v  -5.7287 -18.9158 16.4855
v  -5.8849 -16.9992 16.4834
v  -5.8236 -16.1348 16.4796
v  -5.5019 -14.7088 16.4753
v  -4.9028 -13.3876 16.4768
v  -4.0028 -12.2400 16.4816
v  -2.8123 -11.3898 16.4747
v  -1.4493 -10.8663 16.4769
v  -0.0000 -10.6885 16.4820
v  -0.6878 -26.0036 16.4743
v  -0.0000 -26.0914 16.4824
v  -1.3397 -25.8214 16.4785
v  -2.1391 -25.4051 16.4861
v  -2.8306 -24.8099 16.4800
v  -3.4243 -24.1617 16.4863
v  -3.9197 -23.4200 16.4760
v  -4.4082 -22.6120 16.4817
v  -4.8144 -21.7581 16.4768
v  -5.1966 -20.8649 16.4834
v  -5.4830 -19.9395 16.4806
v  -5.5649 -18.8879 16.3035
v  -5.6997 -17.8618 16.2831
v  -5.7271 -17.0033 16.2933
v  -5.6750 -16.1603 16.2831
v  -5.3671 -14.7506 16.2692
v  -4.7773 -13.4581 16.2725
v  -3.8961 -12.3513 16.2904
v  -2.7471 -11.5120 16.2713
v  -1.4077 -11.0061 16.2734
v  -0.0000 -10.8448 16.2806
v  -0.0000 -25.9355 16.2898
v  -0.6604 -25.8684 16.2669
v  -1.2873 -25.6830 16.2791
v  -2.0468 -25.2699 16.3000
v  -2.7249 -24.7016 16.2839
v  -3.2943 -24.0613 16.3015
v  -3.7989 -23.3440 16.2727
v  -4.2719 -22.5388 16.2889
v  -4.6859 -21.6999 16.2723
v  -5.0485 -20.8100 16.2936
v  -5.3360 -19.8990 16.2859
v  -5.7783 -17.8661 16.4337
v  -5.7272 -17.8629 16.3673
v  -5.5976 -18.8931 16.3835
v  -5.6521 -18.9024 16.4450
v  -5.8104 -17.0005 16.4391
v  -5.7571 -17.0020 16.3753
v  -5.7522 -16.1458 16.4334
v  -5.7019 -16.1546 16.3671
v  -5.4370 -14.7303 16.4270
v  -5.3894 -14.7450 16.3573
v  -4.8432 -13.4230 16.4293
v  -4.7991 -13.4477 16.3602
v  -3.9523 -12.2927 16.4370
v  -3.9163 -12.3303 16.3727
v  -2.7803 -11.4498 16.4263
v  -2.7573 -11.4927 16.3580
v  -1.4318 -10.9337 16.4294
v  -1.4172 -10.9823 16.3604
v  -0.0000 -10.7631 16.4362
v  -0.0000 -10.8167 16.3682
v  -0.6742 -25.9366 16.4250
v  -0.6645 -25.8889 16.3554
v  -0.0000 -25.9647 16.3725
v  -0.0000 -26.0171 16.4372
v  -1.3138 -25.7549 16.4315
v  -1.2960 -25.7075 16.3643
v  -2.0960 -25.3416 16.4433
v  -2.0651 -25.2963 16.3810
v  -2.7803 -24.7582 16.4344
v  -2.7444 -24.7213 16.3681
v  -3.3637 -24.1144 16.4438
v  -3.3202 -24.0809 16.3819
v  -3.8613 -23.3831 16.4276
v  -3.8194 -23.3568 16.3591
v  -4.3433 -22.5771 16.4365
v  -4.2974 -22.5524 16.3717
v  -4.7510 -21.7294 16.4290
v  -4.7054 -21.7088 16.3605
v  -5.1266 -20.8391 16.4392
v  -5.0766 -20.8205 16.3756
v  -5.4131 -19.9202 16.4354
v  -5.3632 -19.9065 16.3696
v  -0.6438 -0.4399 0.0000
v  -1.0053 -0.4991 0.0000
v  -1.9790 -0.8204 0.0000
v  -2.8123 -1.3786 0.0000
v  -3.4702 -2.1438 0.0000
v  -3.9549 -3.0250 0.0000
v  -4.3205 -3.9621 0.0000
v  -4.7919 -5.6920 0.0000
v  -5.1268 -7.4344 0.0000
v  -5.3835 -9.1826 0.0000
v  -5.5854 -10.9665 0.0000
v  -5.7353 -12.7526 0.0000
v  -5.8327 -14.5238 0.0000
v  -5.8519 -15.3487 0.0000
v  -5.8327 -16.5245 0.0000
v  -5.7513 -17.5575 0.0000
v  -5.5987 -18.5314 0.0000
v  -5.3659 -19.4315 0.0000
v  -5.0471 -20.2528 0.0000
v  -4.6460 -21.0090 0.0000
v  -4.1833 -21.6871 0.0000
v  -3.6708 -22.2934 0.0000
v  -3.1232 -22.8280 0.0000
v  -2.5445 -23.2846 0.0000
v  -1.9266 -23.6518 0.0000
v  -1.2634 -23.9164 0.0000
v  -0.6421 -24.0412 0.0000
v  -0.0000 -24.0999 0.0000
v  -0.0000 -0.4000 0.0000
v  -2.0229 -0.7305 0.0000
v  -1.0291 -0.4020 0.0000
v  -2.8786 -1.3038 0.0000
v  -4.0454 -2.9827 0.0000
v  -3.5523 -2.0868 0.0000
v  -4.8893 -5.6694 0.0000
v  -4.4155 -3.9308 0.0000
v  -5.2254 -7.4177 0.0000
v  -5.6849 -10.9567 0.0000
v  -5.4827 -9.1697 0.0000
v  -5.9519 -15.3483 0.0000
v  -5.9327 -14.5199 0.0000
v  -0.6565 -24.1402 0.0000
v  -1.2919 -24.0122 0.0000
v  -1.9708 -23.7416 0.0000
v  -2.6012 -23.3670 0.0000
v  -3.1892 -22.9031 0.0000
v  -3.7440 -22.3615 0.0000
v  -4.2628 -21.7477 0.0000
v  -4.7316 -21.0607 0.0000
v  -5.1380 -20.2944 0.0000
v  -5.4610 -19.4622 0.0000
v  -5.6966 -18.5517 0.0000
v  -5.8507 -17.5692 0.0000
v  -5.8351 -12.7457 0.0000
v  -0.6550 -0.3405 0.0000
v  -0.0000 -0.3000 0.0000
v  -0.0000 -24.2000 0.0000
v  -5.9326 -16.5292 0.0000
v  -2.5338 -8.8901 16.0656
v  -2.4822 -8.7915 16.0656
v  -2.4822 -8.7915 16.4323
v  -2.5338 -8.8901 16.4323
v  -2.6219 -8.9618 16.0656
v  -2.6219 -8.9618 16.4323
v  -2.7245 -8.9922 16.0656
v  -2.7245 -8.9922 16.4323
v  -2.8270 -8.9823 16.0656
v  -2.8270 -8.9823 16.4323
v  -2.9256 -8.9307 16.0656
v  -2.9256 -8.9307 16.4323
v  -2.9974 -8.8426 16.0656
v  -2.9974 -8.8426 16.4323
v  -3.0277 -8.7400 16.0656
v  -3.0277 -8.7400 16.4323
v  -3.0178 -8.6375 16.0656
v  -3.0178 -8.6375 16.4323
v  -2.9662 -8.5389 16.0656
v  -2.9662 -8.5389 16.4323
v  -2.8781 -8.4671 16.0656
v  -2.8781 -8.4671 16.4323
v  -2.7755 -8.4368 16.0656
v  -2.7755 -8.4368 16.4323
v  -2.6730 -8.4467 16.0656
v  -2.6730 -8.4467 16.4323
v  -2.5744 -8.4983 16.0656
v  -2.5744 -8.4983 16.4323
v  -2.5027 -8.5864 16.0656
v  -2.5027 -8.5864 16.4323
v  -2.4723 -8.6890 16.0656
v  -2.4723 -8.6890 16.4323
v  -2.5385 -8.8863 16.4383
v  -2.4879 -8.7898 16.4383
v  -2.7500 -8.7145 16.4383
v  -2.6246 -8.9565 16.4383
v  -2.7251 -8.9862 16.4383
v  -2.8254 -8.9766 16.4383
v  -2.9218 -8.9260 16.4383
v  -2.9920 -8.8399 16.4383
v  -3.0217 -8.7394 16.4383
v  -3.0121 -8.6391 16.4383
v  -2.9615 -8.5427 16.4383
v  -2.8754 -8.4725 16.4383
v  -2.7749 -8.4428 16.4383
v  -2.6747 -8.4524 16.4383
v  -2.5782 -8.5030 16.4383
v  -2.5080 -8.5891 16.4383
v  -2.4783 -8.6896 16.4383
v  -2.4822 -8.7915 16.0596
v  -2.5338 -8.8901 16.0596
v  -2.6219 -8.9618 16.0596
v  -2.7245 -8.9922 16.0596
v  -2.8270 -8.9823 16.0596
v  -2.9256 -8.9307 16.0596
v  -2.9974 -8.8426 16.0596
v  -3.0277 -8.7400 16.0596
v  -3.0178 -8.6375 16.0596
v  -2.9662 -8.5389 16.0596
v  -2.8781 -8.4671 16.0596
v  -2.7755 -8.4368 16.0596
v  -2.6730 -8.4467 16.0596
v  -2.5744 -8.4983 16.0596
v  -2.5027 -8.5864 16.0596
v  -2.4723 -8.6890 16.0596
v  -2.4822 -8.7915 16.4383
v  -2.5338 -8.8901 16.4383
v  -2.6219 -8.9618 16.4383
v  -2.7245 -8.9922 16.4383
v  -2.8270 -8.9823 16.4383
v  -2.9256 -8.9307 16.4383
v  -2.9974 -8.8426 16.4383
v  -3.0277 -8.7400 16.4383
v  -3.0178 -8.6375 16.4383
v  -2.9662 -8.5389 16.4383
v  -2.8781 -8.4671 16.4383
v  -2.7755 -8.4368 16.4383
v  -2.6730 -8.4467 16.4383
v  -2.5744 -8.4983 16.4383
v  -2.5027 -8.5864 16.4383
v  -2.4723 -8.6890 16.4383
v  -3.5905 -15.1713 9.1466
v  -3.5884 -15.1405 8.2717
v  -3.5218 -15.1243 7.9408
v  -3.3284 -15.1007 7.6534
v  -3.0393 -15.0738 7.4626
v  -2.7079 -15.0484 7.3993
v  -2.0563 -15.0019 7.4046
v  -1.9298 -14.9429 7.4176
v  -1.8827 -14.8170 7.4145
v  -1.8338 -13.1141 7.6613
v  -1.7941 -11.5747 7.9932
v  -1.7566 -10.1991 8.3177
v  -1.7502 -9.9064 8.4533
v  -1.7473 -9.6767 8.6731
v  -1.7482 -9.5388 8.9435
v  -1.7524 -9.5022 9.2238
v  -3.5873 -15.2131 10.3469
v  -3.5420 -15.1625 10.4675
v  -1.8080 -9.6178 11.9549
v  2.0563 -15.0019 7.4046
v  2.7079 -15.0484 7.3993
v  3.0393 -15.0738 7.4626
v  3.3284 -15.1007 7.6534
v  3.5218 -15.1243 7.9408
v  3.5884 -15.1405 8.2717
v  3.5905 -15.1713 9.1466
v  1.7524 -9.5022 9.2238
v  1.7482 -9.5388 8.9435
v  1.7473 -9.6767 8.6731
v  1.7502 -9.9064 8.4533
v  1.7566 -10.1991 8.3177
v  1.7941 -11.5747 7.9932
v  1.8338 -13.1141 7.6613
v  1.8827 -14.8170 7.4145
v  1.9298 -14.9429 7.4176
v  3.5930 -15.2135 10.3491
v  3.4403 -15.1554 10.4280
v  1.8080 -9.6200 11.9548
v  1.6334 -3.9147 12.1026
v  1.6248 -3.9014 11.5732
v  1.6162 -3.9368 11.0641
v  1.6085 -4.0706 10.4472
v  1.6062 -4.2016 10.1168
v  1.6076 -4.3798 9.9013
v  1.6150 -4.6557 9.8167
v  1.6238 -4.9046 9.9025
v  1.6335 -5.0864 10.1162
v  1.6458 -5.2420 10.5104
v  1.6602 -5.3333 11.0583
v  1.6705 -5.3790 11.5704
v  1.6808 -5.3718 12.1579
v  1.6541 -5.3714 12.4354
v  1.5716 -5.3901 12.6813
v  1.4775 -3.8961 12.6724
v  1.5565 -3.9176 12.5038
v  1.6068 -3.9253 12.3493
v  1.4411 -5.4337 12.9012
v  1.4613 -3.8844 12.8307
v  -0.0000 -19.2505 15.3369
v  5.6110 -17.8546 15.3363
v  5.5912 -17.8520 15.3363
v  5.6129 -17.8548 15.3563
v  5.4808 -18.8728 15.3567
v  5.4827 -18.8727 15.3766
v  5.4613 -18.8684 15.3567
v  5.6423 -17.0046 15.3466
v  5.6223 -17.0048 15.3466
v  5.6441 -17.0043 15.3665
v  5.5886 -16.1736 15.3385
v  5.5687 -16.1764 15.3384
v  5.5903 -16.1730 15.3584
v  5.2837 -14.7784 15.3225
v  5.2647 -14.7847 15.3225
v  5.2855 -14.7777 15.3424
v  4.7028 -13.5038 15.3258
v  4.6856 -13.5144 15.3259
v  4.7043 -13.5029 15.3457
v  3.8361 -12.4140 15.3439
v  3.8221 -12.4285 15.3439
v  3.8372 -12.4124 15.3638
v  2.7065 -11.5899 15.3275
v  2.6969 -11.6077 15.3275
v  2.7072 -11.5882 15.3474
v  1.3867 -11.0904 15.3261
v  1.3819 -11.1100 15.3261
v  1.3869 -11.0886 15.3460
v  -0.0000 -10.9333 15.3261
v  -0.0000 -10.9535 15.3262
v  -0.0001 -10.9315 15.3460
v  0.6433 -25.7812 15.3202
v  0.6394 -25.7615 15.3203
v  0.6435 -25.7830 15.3402
v  -0.0000 -25.8473 15.3431
v  0.0007 -25.8491 15.3630
v  -0.0000 -25.8272 15.3431
v  1.2539 -25.6025 15.3325
v  1.2462 -25.5839 15.3324
v  1.2544 -25.6043 15.3524
v  1.9965 -25.1961 15.3534
v  1.9852 -25.1795 15.3533
v  1.9979 -25.1974 15.3733
v  2.6620 -24.6368 15.3373
v  2.6480 -24.6224 15.3373
v  2.6632 -24.6383 15.3572
v  3.2250 -24.0064 15.3548
v  3.2093 -23.9939 15.3548
v  3.2268 -24.0070 15.3747
v  3.7247 -23.2962 15.3263
v  3.7084 -23.2847 15.3263
v  3.7261 -23.2975 15.3462
v  4.1960 -22.4978 15.3425
v  4.1788 -22.4876 15.3424
v  4.1978 -22.4983 15.3624
v  4.6059 -21.6639 15.3257
v  4.5880 -21.6551 15.3257
v  4.6074 -21.6650 15.3456
v  4.9676 -20.7808 15.3469
v  4.9491 -20.7732 15.3469
v  4.9694 -20.7812 15.3668
v  5.2530 -19.8765 15.3392
v  5.2339 -19.8705 15.3392
v  5.2547 -19.8773 15.3591
v  -5.4808 -18.8728 15.3567
v  -5.4610 -18.8703 15.3567
v  -5.4825 -18.8735 15.3766
v  -5.6110 -17.8546 15.3363
v  -5.6129 -17.8544 15.3563
v  -5.5911 -17.8538 15.3363
v  -5.6423 -17.0046 15.3466
v  -5.6441 -17.0048 15.3665
v  -5.6223 -17.0048 15.3466
v  -5.5886 -16.1736 15.3385
v  -5.5904 -16.1733 15.3584
v  -5.5687 -16.1764 15.3384
v  -5.2837 -14.7784 15.3225
v  -5.2855 -14.7778 15.3424
v  -5.2647 -14.7847 15.3225
v  -4.7028 -13.5038 15.3258
v  -4.7044 -13.5030 15.3457
v  -4.6856 -13.5144 15.3259
v  -3.8361 -12.4140 15.3439
v  -3.8376 -12.4129 15.3638
v  -3.8222 -12.4285 15.3439
v  -2.7065 -11.5899 15.3275
v  -2.7074 -11.5883 15.3475
v  -2.6969 -11.6077 15.3275
v  -1.3867 -11.0904 15.3261
v  -1.3872 -11.0886 15.3460
v  -1.3819 -11.1100 15.3261
v  -0.6433 -25.7812 15.3202
v  -0.6440 -25.7829 15.3402
v  -0.6394 -25.7615 15.3203
v  -1.2539 -25.6025 15.3325
v  -1.2543 -25.6044 15.3524
v  -1.2462 -25.5839 15.3324
v  -1.9965 -25.1961 15.3534
v  -1.9971 -25.1979 15.3733
v  -1.9852 -25.1795 15.3533
v  -2.6620 -24.6368 15.3373
v  -2.6635 -24.6380 15.3572
v  -2.6480 -24.6224 15.3373
v  -3.2250 -24.0064 15.3548
v  -3.2261 -24.0079 15.3747
v  -3.2093 -23.9939 15.3548
v  -3.7247 -23.2962 15.3263
v  -3.7266 -23.2967 15.3462
v  -3.7075 -23.2861 15.3264
v  -4.1960 -22.4978 15.3425
v  -4.1974 -22.4990 15.3624
v  -4.1780 -22.4890 15.3424
v  -4.6059 -21.6639 15.3257
v  -4.6077 -21.6644 15.3456
v  -4.5874 -21.6563 15.3257
v  -4.9676 -20.7808 15.3469
v  -4.9692 -20.7819 15.3668
v  -4.9486 -20.7748 15.3469
v  -5.2530 -19.8765 15.3392
v  -5.2548 -19.8769 15.3591
v  -5.2335 -19.8721 15.3392
v  7.4247 -14.3785 17.8041
v  7.4049 -14.3866 17.8388
v  7.3893 -14.8665 17.6751
v  7.4072 -14.8587 17.6393
v  7.3673 -14.3874 17.8530
v  7.4077 -13.8915 18.0088
v  7.3679 -13.8893 18.0187
v  7.3388 -13.0669 18.2926
v  7.3795 -13.0642 18.2860
v  7.3541 -12.6648 18.4154
v  7.3138 -12.6705 18.4247
v  7.3078 -12.2215 18.5607
v  7.2404 -11.7575 18.7135
v  7.2026 -11.7700 18.7255
v  7.2685 -12.2305 18.5716
v  7.1499 -11.2983 18.8682
v  7.1141 -11.3133 18.8787
v  6.6863 -10.2962 19.8144
v  6.7532 -10.3235 19.6047
v  6.7696 -10.2790 19.5996
v  6.6959 -10.2448 19.8162
v  6.6221 -10.2410 20.0554
v  6.6080 -10.2920 20.0712
v  6.9342 -10.6553 19.1336
v  6.9706 -10.6403 19.1262
v  6.8632 -10.4254 19.3368
v  6.8233 -10.4482 19.3349
v  7.0217 -10.9432 19.0037
v  7.0563 -10.9270 18.9979
v  7.3017 -15.8450 17.3687
v  7.3403 -15.8430 17.3552
v  7.3674 -15.3546 17.5144
v  7.3305 -15.3564 17.5309
v  7.3291 -12.2072 18.5265
v  7.3777 -12.6530 18.3827
v  7.4257 -13.4713 18.1194
v  7.3982 -13.4781 18.1484
v  7.4327 -13.8865 17.9774
v  7.4067 -13.0551 18.2573
v  7.3534 -14.8676 17.6931
v  7.2423 -16.7881 17.0556
v  7.2809 -16.7963 17.0368
v  7.2820 -16.7792 17.0426
v  7.2432 -16.7740 17.0603
v  7.2725 -16.3110 17.2140
v  7.3116 -16.3105 17.2009
v  7.1680 -11.2798 18.8364
v  7.0787 -10.9089 18.9644
v  6.7130 -10.3432 19.5960
v  6.5929 -10.2810 20.1000
v  6.5593 -10.3003 20.1015
v  6.5585 -10.3164 20.0703
v  6.6037 -10.2466 20.0871
v  6.5191 -9.8119 19.8916
v  6.4874 -9.8139 19.9031
v  6.5705 -10.2569 20.1039
v  6.3710 -9.3062 19.6867
v  6.3394 -9.3113 19.6985
v  6.1409 -8.8337 19.5925
v  6.1092 -8.8496 19.6058
v  5.8520 -8.4290 19.5986
v  5.8219 -8.4561 19.6104
v  5.5291 -8.0993 19.6727
v  5.5003 -8.1368 19.6806
v  5.1727 -7.8260 19.8104
v  5.1440 -7.8745 19.8107
v  4.9037 -7.6660 19.9475
v  4.8667 -7.7192 19.9426
v  4.8575 -7.6358 19.9909
v  4.8340 -7.6842 19.9989
v  4.7761 -7.5697 20.1391
v  4.8016 -7.5944 20.1518
v  4.8240 -7.6113 20.0559
v  4.7989 -7.5779 20.0365
v  4.7725 -7.5711 20.2455
v  4.7961 -7.5922 20.2452
v  4.8373 -7.5951 19.9611
v  4.8055 -7.6241 20.2444
v  4.7958 -7.5932 20.2531
v  4.7720 -7.5728 20.2581
v  4.3469 -7.3946 20.2801
v  4.3459 -7.3990 20.2923
v  4.7712 -7.5771 20.2699
v  3.8077 -7.2219 20.2995
v  3.8067 -7.2267 20.3123
v  3.2579 -7.0851 20.3151
v  3.2571 -7.0901 20.3285
v  2.7070 -6.9907 20.3254
v  2.7063 -6.9958 20.3388
v  2.2012 -6.9287 20.3321
v  2.2006 -6.9334 20.3456
v  1.6670 -6.8821 20.3372
v  1.6664 -6.8866 20.3511
v  1.1113 -6.8497 20.3410
v  1.1107 -6.8555 20.3541
v  0.5564 -6.8316 20.3433
v  0.5561 -6.8364 20.3566
v  0.0011 -6.8237 20.3439
v  0.0011 -6.8290 20.3570
v  4.7878 -8.1306 21.2396
v  4.7970 -8.1584 21.2251
v  4.7971 -8.1492 21.2081
v  4.7879 -8.1218 21.2235
v  4.7730 -8.1473 21.2707
v  4.7812 -8.1651 21.2641
v  4.3202 -7.9476 21.2949
v  4.3071 -7.9805 21.3023
v  4.7206 -8.1573 21.2841
v  4.7360 -8.1255 21.2761
v  3.7930 -7.7829 21.3132
v  3.7838 -7.8171 21.3180
v  3.2712 -7.6546 21.3257
v  3.2632 -7.6885 21.3298
v  2.7354 -7.5929 21.3381
v  2.7421 -7.5599 21.3330
v  2.1730 -7.4904 21.3383
v  2.1695 -7.5233 21.3440
v  1.6525 -7.4459 21.3409
v  1.6513 -7.4787 21.3476
v  1.0969 -7.4146 21.3435
v  1.0956 -7.4473 21.3502
v  0.5718 -7.3962 21.3449
v  0.5698 -7.4292 21.3517
v  0.0011 -7.3892 21.3454
v  0.0011 -7.4218 21.3522
v  2.7471 -7.5358 21.3118
v  3.2770 -7.6296 21.3050
v  4.7811 -8.1884 21.2614
v  4.7801 -8.7578 21.1950
v  4.7976 -8.7522 21.1540
v  4.7970 -8.1811 21.2223
v  4.7809 -9.3505 21.1071
v  4.7984 -9.3438 21.0662
v  4.7817 -9.9402 20.9994
v  4.7993 -9.9319 20.9589
v  4.7833 -10.6820 20.8277
v  4.8008 -10.6729 20.7872
v  4.7833 -10.7035 20.8227
v  4.7815 -10.7159 20.8192
v  4.8009 -10.6929 20.7826
v  4.7809 -10.7264 20.8110
v  4.7814 -10.7383 20.7980
v  4.8010 -10.7038 20.7713
v  4.7833 -10.9312 20.6221
v  4.7801 -11.3235 20.3999
v  4.8038 -11.1425 20.4485
v  4.8026 -10.9086 20.5855
v  4.7964 -11.3278 20.3855
v  4.8184 -11.1477 20.4099
v  4.8218 -10.8061 20.3595
v  4.8042 -10.7962 20.3998
v  4.8225 -10.5025 20.2426
v  4.8052 -10.4887 20.2819
v  4.8241 -10.1586 20.0769
v  4.8067 -10.1413 20.1145
v  4.8254 -9.8091 19.9217
v  4.8088 -9.7944 19.9597
v  4.8269 -9.4573 19.7653
v  4.8279 -9.1457 19.6620
v  4.8103 -9.1361 19.7022
v  4.8094 -9.4412 19.8035
v  4.8283 -8.8204 19.6134
v  4.8107 -8.8179 19.6546
v  4.8282 -8.4434 19.6268
v  4.8106 -8.4490 19.6676
v  4.8276 -8.1343 19.7043
v  4.8099 -8.1486 19.7429
v  4.8269 -7.9200 19.8015
v  4.8091 -7.9437 19.8353
v  4.8252 -7.7424 19.9442
v  4.8080 -7.7797 19.9641
v  4.8149 -7.7063 20.0045
v  4.8075 -7.7332 20.0160
v  4.8166 -7.6547 20.0687
v  4.8067 -7.6290 20.1634
v  4.8096 -7.6691 20.0753
v  5.7751 -10.2975 20.1034
v  5.7715 -10.3164 20.0703
v  5.7257 -10.3134 20.1143
v  5.7310 -10.3321 20.0835
v  5.7008 -10.2883 20.1196
v  5.6726 -10.3581 20.1526
v  5.7007 -10.3642 20.1424
v  5.6993 -10.5669 20.2426
v  5.7111 -10.5781 20.2191
v  5.7120 -10.3749 20.1174
v  5.6984 -10.8757 20.3521
v  5.7101 -10.8816 20.3268
v  5.6983 -11.2541 20.3847
v  5.7099 -11.2520 20.3569
v  5.6983 -11.5828 20.3147
v  5.7105 -11.5754 20.2881
v  5.6994 -11.9328 20.1579
v  5.7119 -11.9219 20.1317
v  5.7010 -12.2787 19.9822
v  5.7134 -12.2643 19.9574
v  5.7030 -12.5495 19.8423
v  5.7146 -12.5493 19.8117
v  5.6951 -12.6026 19.8144
v  5.7084 -12.6041 19.7846
v  5.5840 -12.6852 19.7783
v  5.5945 -12.7117 19.7562
v  5.6617 -12.6672 19.7819
v  5.6398 -12.6466 19.8030
v  5.6656 -12.5943 19.8319
v  5.5070 -12.6819 19.7726
v  5.4986 -12.7084 19.7491
v  5.4936 -12.7216 19.7171
v  4.9007 -12.5751 19.7595
v  4.8976 -12.5891 19.7278
v  5.6739 -12.6779 19.7510
v  5.6598 -12.9582 18.3662
v  5.7092 -12.8932 18.3986
v  5.7267 -12.8121 18.4392
v  5.6010 -12.7265 19.7251
v  5.4802 -12.9752 18.3552
v  5.5757 -12.9895 18.3504
v  5.6750 -12.9636 18.3379
v  5.7259 -12.8927 18.3655
v  5.7425 -12.8018 18.4009
v  5.4803 -12.9890 18.3274
v  5.5752 -13.0026 18.3232
v  5.4793 -13.0162 18.3094
v  4.8975 -12.8540 18.3726
v  4.8903 -12.8792 18.3551
v  7.2708 -16.8116 17.0350
v  7.2852 -16.8203 17.0016
v  7.2991 -16.7950 17.0002
v  7.2534 -16.8183 17.0332
v  6.9836 -16.7902 17.0447
v  6.9796 -16.8023 17.0139
v  7.2588 -16.8298 16.9978
v  6.8480 -16.7479 17.0583
v  6.8375 -16.7582 17.0268
v  6.6672 -16.5614 17.1308
v  6.6371 -16.5755 17.1133
v  6.7329 -16.6768 17.0809
v  6.7567 -16.6572 17.0991
v  6.8634 -16.7231 17.0772
v  6.6052 -16.4437 17.1699
v  6.5700 -16.4515 17.1531
v  6.3348 -15.8207 17.3619
v  6.3163 -15.8166 17.3268
v  6.5505 -16.4467 17.1186
v  6.1858 -15.4591 17.4834
v  6.1669 -15.4572 17.4486
v  6.0096 -15.0802 17.6104
v  5.9915 -15.0795 17.5746
v  5.7580 -14.6853 17.7047
v  5.7748 -14.6843 17.7411
v  5.4840 -14.3268 17.8610
v  5.4676 -14.3307 17.8263
v  5.1268 -13.9676 17.9926
v  5.1037 -13.9912 17.9737
v  5.5118 -14.3067 17.8798
v  6.0440 -15.0660 17.6275
v  5.8057 -14.6676 17.7599
v  7.2872 -16.8223 16.9817
v  7.3010 -16.7969 16.9797
v  6.5404 -9.8184 19.8663
v  6.3923 -9.3096 19.6602
v  6.1598 -8.8273 19.5603
v  5.8668 -8.4121 19.5631
v  5.5380 -8.0728 19.6322
v  5.1738 -7.7908 19.7657
v  4.8950 -7.6238 19.9040
v  4.7632 -8.1116 21.2502
v  4.7633 -8.1020 21.2326
v  4.7558 -8.1340 21.2752
v  5.7715 -10.2599 20.1053
v  5.6730 -10.5615 20.2525
v  5.6721 -10.8728 20.3630
v  5.6710 -11.2552 20.3968
v  5.6702 -11.5852 20.3259
v  5.6703 -11.9362 20.1681
v  5.6705 -12.2851 19.9907
v  5.6719 -12.5440 19.8581
v  4.9061 -12.5493 19.7820
v  7.2590 -11.7409 18.6793
v  6.6414 -10.3197 19.8004
v  6.9881 -10.6198 19.1042
v  6.8776 -10.3843 19.3209
v  7.3609 -15.8333 17.3216
v  7.3861 -15.3457 17.4793
v  7.3579 -13.4780 18.1557
v  7.3001 -16.7802 17.0052
v  7.3330 -16.3021 17.1673
v  6.6224 -16.5725 17.0759
v  6.7173 -16.6823 17.0491
v  6.3696 -15.8125 17.3794
v  6.2208 -15.4480 17.5005
v  5.0894 -13.9983 17.9405
v  4.7420 -11.4981 20.3145
v  4.8276 -11.3307 20.3783
v  4.8645 -11.1433 20.3900
v  4.8636 -10.8101 20.3429
v  4.8631 -10.5069 20.2250
v  4.8657 -10.1657 20.0613
v  4.8687 -9.8156 19.9039
v  4.8684 -9.4647 19.7498
v  4.8693 -9.1497 19.6453
v  4.8697 -8.8217 19.5961
v  4.8694 -8.4411 19.6095
v  4.8688 -8.1279 19.6881
v  4.8680 -7.9087 19.7880
v  4.8070 -7.6847 20.0830
v  4.7380 -8.1647 21.2833
v  4.7448 -8.1036 21.2510
v  4.3295 -7.9232 21.2702
v  3.7993 -7.7579 21.2905
v  2.1756 -7.4662 21.3168
v  1.6530 -7.4216 21.3187
v  1.0977 -7.3908 21.3207
v  0.5735 -7.3728 21.3204
v  0.0011 -7.3654 21.3220
v  4.7386 -8.7600 21.2121
v  4.7380 -8.1860 21.2807
v  4.7394 -9.3533 21.1241
v  4.7403 -9.9437 21.0163
v  4.7416 -10.6867 20.8441
v  4.7417 -10.7079 20.8392
v  4.7387 -10.7243 20.8320
v  4.7358 -10.7378 20.8199
v  4.7368 -10.7499 20.8077
v  4.7396 -10.9380 20.6362
v  4.7955 -7.5958 20.2605
v  4.3471 -7.3926 20.2673
v  3.8078 -7.2200 20.2859
v  3.2582 -7.0830 20.3010
v  2.7072 -6.9884 20.3112
v  2.2015 -6.9266 20.3180
v  1.6675 -6.8801 20.3228
v  1.1117 -6.8476 20.3269
v  0.5566 -6.8294 20.3294
v  0.0011 -6.8216 20.3299
v  5.7395 -11.2327 18.9239
v  5.7221 -11.2459 18.9631
v  5.7378 -10.9439 19.0225
v  5.7213 -10.9577 19.0604
v  5.7376 -10.6593 19.1512
v  5.7202 -10.6816 19.1861
v  5.7372 -10.4782 19.3182
v  5.7189 -10.5089 19.3420
v  5.7342 -10.3709 19.5556
v  5.7168 -10.4101 19.5727
v  5.7321 -10.3370 19.7992
v  5.7148 -10.3787 19.8006
v  5.7022 -12.9799 18.3215
v  5.7621 -12.9003 18.3481
v  5.7858 -12.7935 18.3837
v  5.5757 -13.0288 18.3053
v  4.9029 -12.8411 18.4010
v  5.7812 -11.2271 18.9076
v  5.7769 -10.9381 19.0054
v  5.7792 -10.6504 19.1365
v  5.7775 -10.4656 19.3076
v  5.7768 -10.3562 19.5457
v  5.7739 -10.3197 19.8004
v  -8.0443 -13.8826 18.2296
v  -8.0818 -13.8773 18.2199
v  -8.1151 -14.3469 18.0963
v  -8.0764 -14.3518 18.1060
v  -8.0078 -13.8812 18.2148
v  -7.9719 -13.4304 18.3431
v  -8.0079 -13.4308 18.3555
v  -7.9176 -12.5920 18.6102
v  -7.8813 -12.5952 18.6010
v  -7.8232 -12.1892 18.7345
v  -7.8587 -12.1827 18.7446
v  -7.7652 -11.7818 18.8751
v  -7.7301 -11.7923 18.8644
v  -7.5709 -11.4080 18.9776
v  -7.6078 -11.3948 18.9893
v  -7.3829 -11.0989 19.0547
v  -7.4208 -11.0780 19.0697
v  -6.8490 -10.3539 19.3855
v  -6.9413 -10.5012 19.1800
v  -6.9239 -10.5321 19.2054
v  -6.8348 -10.3969 19.3992
v  -6.6678 -10.2979 19.8604
v  -6.6807 -10.2432 19.8573
v  -6.7451 -10.2581 19.6573
v  -6.7318 -10.3116 19.6614
v  -6.6199 -10.2410 20.0554
v  -6.6254 -10.2412 20.0375
v  -6.6118 -10.2926 20.0509
v  -6.6058 -10.2920 20.0712
v  -7.1647 -10.8218 19.1103
v  -6.9318 -10.5986 19.1713
v  -6.9588 -10.5582 19.1760
v  -7.2019 -10.7911 19.1246
v  -8.0925 -15.4056 17.8293
v  -8.0669 -14.8318 17.9694
v  -8.1048 -14.8333 17.9858
v  -8.1318 -15.4082 17.8471
v  -7.8915 -12.1695 18.7326
v  -7.7971 -11.7652 18.8624
v  -8.0008 -13.0006 18.4684
v  -8.0439 -13.4245 18.3448
v  -7.9666 -13.0081 18.4802
v  -7.9514 -12.5818 18.5965
v  -8.0393 -14.3499 18.0898
v  -8.1473 -15.8994 17.7328
v  -8.1072 -15.8955 17.7117
v  -7.2305 -10.7599 19.1005
v  -7.4538 -11.0533 19.0513
v  -6.7936 -10.4181 19.3982
v  -6.6868 -10.3314 19.6592
v  -6.5562 -10.3164 20.0703
v  -6.5571 -10.3003 20.1015
v  -6.5906 -10.2810 20.1000
v  -6.5640 -10.2344 20.0937
v  -6.5976 -10.2266 20.0781
v  -6.6015 -10.2466 20.0871
v  -6.5682 -10.2569 20.1039
v  -6.5168 -9.8119 19.8916
v  -6.4852 -9.8139 19.9031
v  -6.3947 -9.4630 19.7491
v  -6.4264 -9.4608 19.7379
v  -6.2796 -9.1597 19.6478
v  -6.3112 -9.1515 19.6354
v  -6.0807 -8.7993 19.5953
v  -6.1123 -8.7832 19.5817
v  -5.7958 -8.4262 19.6117
v  -5.8276 -8.3990 19.5997
v  -5.4748 -8.1163 19.6922
v  -5.5030 -8.0776 19.6852
v  -5.1418 -7.8745 19.8107
v  -5.1705 -7.8260 19.8104
v  -4.8645 -7.7192 19.9426
v  -4.9015 -7.6660 19.9475
v  -4.8317 -7.6842 19.9989
v  -4.8552 -7.6358 19.9909
v  -4.7739 -7.5697 20.1391
v  -4.7967 -7.5779 20.0365
v  -4.8218 -7.6113 20.0559
v  -4.7994 -7.5944 20.1518
v  -4.7702 -7.5711 20.2455
v  -4.7938 -7.5922 20.2452
v  -4.8351 -7.5951 19.9611
v  -4.8033 -7.6241 20.2444
v  -4.7936 -7.5931 20.2531
v  -4.7698 -7.5728 20.2581
v  -4.7689 -7.5771 20.2699
v  -4.3437 -7.3990 20.2923
v  -4.3447 -7.3946 20.2801
v  -3.8045 -7.2267 20.3123
v  -3.8054 -7.2219 20.2995
v  -3.2548 -7.0901 20.3285
v  -3.2557 -7.0851 20.3151
v  -2.7041 -6.9958 20.3388
v  -2.7048 -6.9907 20.3254
v  -2.1984 -6.9334 20.3456
v  -2.1990 -6.9287 20.3321
v  -1.6641 -6.8866 20.3511
v  -1.6648 -6.8821 20.3372
v  -1.1085 -6.8555 20.3541
v  -1.1091 -6.8497 20.3410
v  -0.5539 -6.8364 20.3566
v  -0.5542 -6.8316 20.3433
v  -4.8031 -7.6354 20.2651
v  -4.7931 -7.6084 20.2837
v  -4.7932 -7.5958 20.2605
v  -4.7856 -8.1306 21.2396
v  -4.7948 -8.1584 21.2251
v  -4.7789 -8.1651 21.2641
v  -4.7708 -8.1473 21.2707
v  -4.3049 -7.9805 21.3023
v  -4.3180 -7.9476 21.2949
v  -4.7313 -8.1245 21.2762
v  -4.7211 -8.1585 21.2839
v  -3.7816 -7.8171 21.3180
v  -3.7908 -7.7829 21.3132
v  -3.2610 -7.6885 21.3298
v  -3.2690 -7.6546 21.3257
v  -2.7398 -7.5599 21.3330
v  -2.7332 -7.5929 21.3381
v  -2.1672 -7.5233 21.3440
v  -2.1708 -7.4904 21.3383
v  -1.6491 -7.4787 21.3476
v  -1.6503 -7.4459 21.3409
v  -1.0934 -7.4473 21.3502
v  -1.0947 -7.4146 21.3435
v  -0.5676 -7.4292 21.3517
v  -0.5696 -7.3962 21.3449
v  -2.7449 -7.5358 21.3118
v  -3.2747 -7.6296 21.3050
v  -4.7954 -8.7522 21.1540
v  -4.7779 -8.7578 21.1950
v  -4.7789 -8.1839 21.2619
v  -4.7948 -8.1784 21.2227
v  -4.7961 -9.3437 21.0662
v  -4.7787 -9.3505 21.1071
v  -4.7971 -9.9319 20.9589
v  -4.7795 -9.9402 20.9994
v  -4.7986 -10.6929 20.7826
v  -4.7810 -10.7061 20.8219
v  -4.7810 -10.6865 20.8265
v  -4.7986 -10.6733 20.7871
v  -4.7801 -10.7161 20.8180
v  -4.7995 -10.8419 20.6440
v  -4.7799 -10.8708 20.6785
v  -4.7791 -10.7359 20.8020
v  -4.7987 -10.7037 20.7725
v  -4.7802 -11.0487 20.5557
v  -4.8009 -11.0252 20.5172
v  -4.8015 -11.1425 20.4485
v  -4.7779 -11.3235 20.3999
v  -4.8162 -11.1477 20.4099
v  -4.7941 -11.3278 20.3855
v  -4.8020 -10.7962 20.3998
v  -4.8196 -10.8061 20.3595
v  -4.8030 -10.4887 20.2819
v  -4.8203 -10.5025 20.2426
v  -4.8044 -10.1413 20.1145
v  -4.8219 -10.1586 20.0769
v  -4.8055 -9.7899 19.9578
v  -4.8236 -9.8062 19.9202
v  -4.8246 -9.4573 19.7653
v  -4.8072 -9.4412 19.8035
v  -4.8080 -9.1361 19.7022
v  -4.8256 -9.1457 19.6620
v  -4.8085 -8.8179 19.6546
v  -4.8261 -8.8204 19.6134
v  -4.8083 -8.4490 19.6676
v  -4.8260 -8.4434 19.6268
v  -4.8077 -8.1486 19.7429
v  -4.8253 -8.1343 19.7043
v  -4.8069 -7.9437 19.8353
v  -4.8247 -7.9200 19.8015
v  -4.8058 -7.7797 19.9641
v  -4.8229 -7.7424 19.9442
v  -4.8053 -7.7332 20.0160
v  -4.8127 -7.7063 20.0045
v  -4.8144 -7.6547 20.0687
v  -4.8074 -7.6691 20.0753
v  -4.8045 -7.6290 20.1634
v  -5.7693 -10.3164 20.0703
v  -5.7728 -10.2975 20.1034
v  -5.7288 -10.3321 20.0835
v  -5.7235 -10.3134 20.1143
v  -5.6985 -10.2882 20.1196
v  -5.6985 -10.3642 20.1424
v  -5.6704 -10.3581 20.1526
v  -5.7098 -10.3749 20.1174
v  -5.7089 -10.5781 20.2191
v  -5.6971 -10.5669 20.2426
v  -5.7079 -10.8816 20.3268
v  -5.6962 -10.8757 20.3521
v  -5.7077 -11.2520 20.3569
v  -5.6961 -11.2541 20.3847
v  -5.7083 -11.5754 20.2881
v  -5.6960 -11.5828 20.3147
v  -5.7096 -11.8998 20.1430
v  -5.6971 -11.9107 20.1692
v  -5.7111 -12.2375 19.9711
v  -5.6984 -12.2519 19.9958
v  -5.7124 -12.5493 19.8117
v  -5.7008 -12.5494 19.8423
v  -5.7061 -12.6041 19.7846
v  -5.6929 -12.6026 19.8144
v  -5.5818 -12.6852 19.7783
v  -5.6375 -12.6466 19.8030
v  -5.6595 -12.6672 19.7819
v  -5.5922 -12.7117 19.7562
v  -5.6633 -12.5943 19.8319
v  -5.5048 -12.6820 19.7726
v  -5.4964 -12.7084 19.7491
v  -5.4914 -12.7217 19.7171
v  -4.8954 -12.5890 19.7278
v  -4.8985 -12.5751 19.7595
v  -5.7070 -12.8932 18.3986
v  -5.6576 -12.9582 18.3662
v  -5.6716 -12.6779 19.7510
v  -5.7245 -12.8121 18.4392
v  -5.5988 -12.7266 19.7251
v  -5.5734 -12.9895 18.3504
v  -5.4780 -12.9752 18.3552
v  -5.7237 -12.8927 18.3655
v  -5.6728 -12.9636 18.3379
v  -5.7403 -12.8018 18.4009
v  -5.5730 -13.0026 18.3232
v  -5.4781 -12.9890 18.3274
v  -5.4771 -13.0162 18.3094
v  -4.8880 -12.8792 18.3551
v  -4.8953 -12.8540 18.3727
v  -7.1776 -16.8144 17.0343
v  -7.1781 -16.8255 16.9988
v  -6.9774 -16.8024 17.0139
v  -6.9814 -16.7902 17.0447
v  -6.8354 -16.7579 17.0267
v  -6.8457 -16.7479 17.0583
v  -6.6650 -16.5614 17.1308
v  -6.7545 -16.6571 17.0991
v  -6.7307 -16.6768 17.0810
v  -6.6348 -16.5755 17.1133
v  -6.8612 -16.7231 17.0772
v  -6.6030 -16.4437 17.1699
v  -6.5677 -16.4515 17.1531
v  -6.3141 -15.8167 17.3268
v  -6.3326 -15.8207 17.3619
v  -6.5482 -16.4466 17.1186
v  -6.0792 -15.2670 17.5105
v  -6.0967 -15.2686 17.5455
v  -5.4653 -14.3307 17.8263
v  -5.4817 -14.3269 17.8610
v  -5.8291 -14.7713 17.7106
v  -5.8129 -14.7718 17.6742
v  -5.1245 -13.9676 17.9926
v  -5.5095 -14.3067 17.8798
v  -5.1015 -13.9912 17.9738
v  -6.1302 -15.2570 17.5640
v  -5.8598 -14.7553 17.7307
v  -6.6165 -10.2232 20.0474
v  -6.5382 -9.8184 19.8663
v  -6.4481 -9.4672 19.7128
v  -6.3321 -9.1519 19.6075
v  -6.1314 -8.7763 19.5493
v  -5.8429 -8.3824 19.5622
v  -5.5114 -8.0504 19.6462
v  -5.1716 -7.7908 19.7657
v  -4.8927 -7.6238 19.9040
v  -4.7688 -7.5883 20.2903
v  -4.7610 -8.1116 21.2502
v  -4.7536 -8.1340 21.2752
v  -5.7693 -10.2599 20.1053
v  -5.6708 -10.5615 20.2525
v  -5.6699 -10.8728 20.3630
v  -5.6687 -11.2552 20.3968
v  -5.6679 -11.5851 20.3258
v  -5.6681 -11.9141 20.1794
v  -5.6681 -12.2581 20.0040
v  -5.6696 -12.5440 19.8581
v  -4.9039 -12.5493 19.7821
v  -6.8855 -10.5527 19.2085
v  -6.6198 -10.3190 19.8583
v  -6.5646 -10.3167 20.0422
v  -7.1768 -16.7844 17.0568
v  -6.9875 -16.7631 17.0639
v  -6.7152 -16.6821 17.0491
v  -6.6162 -16.5758 17.0776
v  -6.3673 -15.8125 17.3794
v  -5.0872 -13.9983 17.9405
v  -4.7398 -11.4981 20.3144
v  -4.8254 -11.3307 20.3783
v  -4.8623 -11.1433 20.3900
v  -4.8614 -10.8101 20.3429
v  -4.8609 -10.5069 20.2250
v  -4.8634 -10.1657 20.0613
v  -4.8649 -9.8128 19.9026
v  -4.8662 -9.4647 19.7498
v  -4.8671 -9.1497 19.6453
v  -4.8675 -8.8217 19.5961
v  -4.8672 -8.4411 19.6095
v  -4.8665 -8.1279 19.6881
v  -4.8658 -7.9087 19.7880
v  -4.8047 -7.6847 20.0830
v  -4.7357 -8.1647 21.2833
v  -4.3273 -7.9232 21.2702
v  -4.7392 -8.1021 21.2512
v  -3.7970 -7.7579 21.2905
v  -2.1733 -7.4662 21.3168
v  -1.6508 -7.4216 21.3187
v  -1.0954 -7.3908 21.3207
v  -0.5713 -7.3724 21.3207
v  -4.7364 -8.7600 21.2121
v  -4.7358 -8.1823 21.2812
v  -4.7372 -9.3533 21.1241
v  -4.7381 -9.9437 21.0163
v  -4.7394 -10.7079 20.8392
v  -4.7394 -10.6886 20.8437
v  -4.7364 -10.7236 20.8310
v  -4.7354 -10.8762 20.6837
v  -4.7338 -10.7500 20.8080
v  -4.7378 -11.0547 20.5679
v  -4.3448 -7.3926 20.2673
v  -3.8056 -7.2200 20.2859
v  -3.2559 -7.0830 20.3010
v  -2.7050 -6.9884 20.3112
v  -2.1993 -6.9266 20.3180
v  -1.6653 -6.8801 20.3228
v  -1.1095 -6.8476 20.3269
v  -0.5544 -6.8294 20.3294
v  -5.7199 -11.2459 18.9631
v  -5.7373 -11.2327 18.9239
v  -5.7191 -10.9577 19.0604
v  -5.7355 -10.9438 19.0225
v  -5.7180 -10.6816 19.1861
v  -5.7354 -10.6593 19.1512
v  -5.7167 -10.5089 19.3420
v  -5.7350 -10.4782 19.3182
v  -5.7146 -10.4101 19.5727
v  -5.7319 -10.3709 19.5556
v  -5.7126 -10.3787 19.8006
v  -5.7299 -10.3370 19.7992
v  -5.7101 -10.3753 20.0788
v  -5.7290 -10.3328 20.0449
v  -5.6999 -12.9799 18.3215
v  -5.7599 -12.9003 18.3481
v  -5.7835 -12.7934 18.3837
v  -5.5735 -13.0288 18.3053
v  -4.9007 -12.8411 18.4010
v  -5.7790 -11.2271 18.9076
v  -5.7747 -10.9381 19.0054
v  -5.7770 -10.6504 19.1365
v  -5.7753 -10.4656 19.3076
v  -5.7746 -10.3562 19.5457
v  -5.7716 -10.3197 19.8004
v  -5.7696 -10.3169 20.0315
v  -6.9674 -10.5216 19.1451
v  -8.2038 -16.4907 17.5894
v  -8.1577 -16.4957 17.6031
v  -8.1906 -15.8954 17.7200
v  -8.1820 -16.6528 17.5228
v  -8.1385 -16.6490 17.5391
v  -8.1125 -16.7751 17.4127
v  -8.0760 -16.7645 17.4305
v  -8.0055 -16.8289 17.2823
v  -7.9773 -16.8168 17.3080
v  -7.8220 -16.8370 17.1435
v  -7.8000 -16.8240 17.1724
v  -7.6021 -16.8385 17.0473
v  -7.5912 -16.8255 17.0790
v  -7.3930 -16.8347 17.0047
v  -7.3875 -16.8225 17.0383
v  -7.6408 -11.3761 18.9736
v  -8.1730 -15.4033 17.8340
v  -8.1443 -14.8278 17.9745
v  -7.9311 -13.0090 18.4701
v  -8.1160 -16.4890 17.5788
v  -8.1004 -16.6276 17.5241
v  -8.0471 -16.7332 17.4274
v  -7.9581 -16.7840 17.3188
v  -7.7855 -16.7915 17.1876
v  -7.5845 -16.7956 17.0976
v  -7.3838 -16.7929 17.0587
v  4.7448 -8.0940 21.2332
v  4.7525 -7.5790 20.2888
v  4.3456 -7.4098 20.3125
v  4.3298 -7.9136 21.2523
v  3.8047 -7.2358 20.3300
v  3.8012 -7.7488 21.2728
v  3.2786 -7.6203 21.2873
v  3.2555 -7.0994 20.3461
v  2.7052 -7.0053 20.3564
v  2.7483 -7.5263 21.2943
v  2.1998 -6.9430 20.3631
v  2.1764 -7.4566 21.2993
v  1.6658 -6.8963 20.3686
v  1.6536 -7.4119 21.3012
v  1.1104 -6.8652 20.3716
v  1.0981 -7.3811 21.3032
v  0.5559 -6.8461 20.3741
v  0.5737 -7.3631 21.3029
v  0.0011 -7.3557 21.3045
v  0.0011 -6.8388 20.3745
v  -0.5537 -6.8461 20.3741
v  -0.5715 -7.3627 21.3032
v  -1.1082 -6.8652 20.3716
v  -1.0959 -7.3811 21.3032
v  -1.6636 -6.8963 20.3686
v  -1.6514 -7.4119 21.3012
v  -2.1976 -6.9430 20.3631
v  -2.1742 -7.4566 21.2993
v  -2.7030 -7.0053 20.3564
v  -2.7461 -7.5263 21.2943
v  -3.2533 -7.0994 20.3461
v  -3.2763 -7.6203 21.2873
v  -3.8025 -7.2358 20.3300
v  -3.7990 -7.7488 21.2728
v  -4.3412 -7.4077 20.3101
v  -4.3298 -7.9145 21.2524
v  -4.7502 -7.5789 20.2886
v  -4.7425 -8.0940 21.2332
v  4.7972 -8.1695 21.2036
v  4.7978 -8.7496 21.1342
v  4.8066 -7.6486 20.1702
v  4.8056 -7.6444 20.2399
v  -5.6479 -11.5848 20.3250
v  -4.7500 -11.5212 20.3041
v  -4.8446 -11.3370 20.3774
v  -5.6487 -11.2551 20.3966
v  -5.7649 -10.2418 20.0967
v  -5.6750 -9.8133 19.9028
v  -6.4656 -9.8175 19.9047
v  -6.5445 -10.2388 20.0957
v  -5.6826 -10.2750 20.1131
v  -4.8834 -10.1658 20.0614
v  -5.6504 -10.3549 20.1511
v  -4.8862 -9.4648 19.7498
v  -4.8871 -9.1497 19.6453
v  -5.5734 -9.1547 19.6465
v  -5.6304 -9.4638 19.7495
v  -4.8875 -8.8217 19.5961
v  -5.4741 -8.8105 19.5957
v  -4.8872 -8.4411 19.6095
v  -5.3315 -8.4336 19.6106
v  -4.8865 -8.1278 19.6881
v  -5.1706 -8.1221 19.6901
v  -4.8858 -7.9085 19.7880
v  -5.0038 -7.8916 19.7994
v  -4.8847 -7.7498 19.9173
v  -4.8849 -9.8129 19.9026
v  -6.2613 -9.1677 19.6496
v  -6.3755 -9.4683 19.7511
v  -6.0638 -8.8102 19.5957
v  -5.7806 -8.4392 19.6097
v  -5.4613 -8.1303 19.6870
v  -5.1295 -7.8879 19.8022
v  -5.6508 -10.5615 20.2525
v  -5.6499 -10.8728 20.3629
v  -4.8814 -10.8100 20.3430
v  -4.8809 -10.5070 20.2250
v  -4.8823 -11.1452 20.3901
v  -4.8044 -7.6486 20.1702
v  -4.7956 -8.7496 21.1342
v  -4.7950 -8.1695 21.2036
v  -4.8034 -7.6444 20.2399
v  6.9898 -16.7631 17.0639
v  -7.4226 -13.7585 18.0622
v  -7.4298 -14.2940 17.8846
v  -7.0113 -10.8207 19.0520
v  -6.9528 -10.8220 19.0514
v  -7.1232 -11.1470 18.9343
v  -7.1842 -11.4216 18.8422
v  -7.1935 -11.1392 18.9501
v  -7.3618 -12.6016 18.4477
v  -7.3950 -13.0004 18.3147
v  -7.3171 -12.2064 18.5796
v  -7.2576 -11.8129 18.7112
v  -7.4154 -13.3647 18.1933
v  -7.4444 -14.7586 17.7314
v  -7.4623 -15.2622 17.5664
v  -7.4548 -15.8037 17.3883
v  -7.9823 -16.4431 17.4338
v  -7.4419 -16.3624 17.2053
v  -7.5713 -13.8004 18.0597
v  -7.5876 -14.3023 17.9111
v  -7.2864 -11.4261 18.8533
v  -7.4967 -12.5913 18.4610
v  -7.5343 -13.0044 18.3231
v  -7.4461 -12.1843 18.5969
v  -7.3743 -11.7845 18.7316
v  -7.5587 -13.3874 18.1964
v  -7.6108 -14.7669 17.7509
v  -7.6321 -15.2722 17.5933
v  -7.6262 -15.8189 17.4392
v  -7.6425 -16.3778 17.2476
v  -7.1208 -10.8261 19.0789
v  -7.3251 -11.1158 19.0112
v  -7.2615 -11.1279 18.9764
v  -7.0695 -10.8225 19.0598
v  -7.8699 -13.8602 18.1363
v  -7.9009 -14.3285 18.0004
v  -7.7505 -14.3100 17.9366
v  -7.7231 -13.8314 18.0851
v  -7.4826 -11.4195 18.9219
v  -7.3872 -11.4237 18.8808
v  -7.6305 -12.5880 18.4908
v  -7.7589 -12.5901 18.5375
v  -7.8051 -13.0051 18.4022
v  -7.6722 -13.0036 18.3531
v  -7.7031 -12.1841 18.6725
v  -7.5769 -12.1803 18.6268
v  -7.6172 -11.7875 18.8048
v  -7.4972 -11.7816 18.7612
v  -7.8409 -13.4179 18.2723
v  -7.7022 -13.4027 18.2235
v  -7.9280 -14.8069 17.8688
v  -7.7748 -14.7836 17.7959
v  -7.9536 -15.3382 17.7262
v  -7.7987 -15.2911 17.6484
v  -7.9679 -15.8626 17.5844
v  -7.8083 -15.8339 17.4874
v  -7.8232 -16.4055 17.3251
v  5.6502 -11.5848 20.3252
v  5.6510 -11.2551 20.3966
v  4.8538 -11.3363 20.3775
v  4.7771 -11.5031 20.3149
v  4.8159 -11.8003 20.1532
v  5.6504 -11.9355 20.1667
v  6.4678 -9.8179 19.9047
v  4.8884 -9.4647 19.7499
v  5.7672 -10.2416 20.0971
v  6.5468 -10.2388 20.0957
v  5.1316 -7.8879 19.8022
v  4.8869 -7.7498 19.9173
v  4.8880 -7.9085 19.7880
v  4.8888 -8.1278 19.6881
v  5.4866 -8.1507 19.6756
v  4.8894 -8.4411 19.6096
v  5.8065 -8.4689 19.6086
v  4.8897 -8.8217 19.5963
v  6.0920 -8.8600 19.6063
v  6.3206 -9.3182 19.7000
v  4.8893 -9.1497 19.6454
v  4.8831 -10.5070 20.2250
v  5.6530 -10.5615 20.2525
v  5.6526 -10.3549 20.1511
v  4.8857 -10.1659 20.0614
v  5.6849 -10.2748 20.1136
v  4.8887 -9.8157 19.9039
v  0.5137 -9.6487 21.0728
v  0.5324 -8.9126 21.1907
v  0.0011 -8.9114 21.1908
v  0.0011 -9.6506 21.0724
v  4.7203 -9.9437 21.0163
v  4.7194 -9.3534 21.1240
v  4.3048 -9.3215 21.1291
v  4.3064 -9.9865 21.0072
v  3.7984 -9.2084 21.1467
v  3.8062 -9.8982 21.0251
v  3.2903 -9.1171 21.1610
v  3.3042 -9.8255 21.0390
v  2.7277 -9.0423 21.1724
v  2.7240 -9.7611 21.0514
v  2.1544 -8.9882 21.1802
v  2.1470 -9.7150 21.0602
v  1.6265 -8.9528 21.1852
v  1.6142 -9.6842 21.0660
v  1.0766 -8.9283 21.1887
v  1.0672 -9.6631 21.0700
v  0.4944 -10.4115 20.8996
v  0.4946 -10.3967 20.9107
v  0.0011 -10.3931 20.9120
v  0.0011 -10.4083 20.9012
v  2.7168 -10.5033 20.8750
v  2.7182 -10.4905 20.8876
v  2.1380 -10.4512 20.8964
v  2.1373 -10.4635 20.8845
v  1.6003 -10.4377 20.8901
v  1.6008 -10.4252 20.9023
v  1.0570 -10.4084 20.9063
v  1.0566 -10.4218 20.8941
v  3.8087 -10.6125 20.8483
v  3.8109 -10.5991 20.8617
v  3.3154 -10.5452 20.8744
v  3.3133 -10.5586 20.8607
v  4.7192 -10.7354 20.8205
v  4.7198 -10.7216 20.8326
v  4.3031 -10.6750 20.8339
v  4.3055 -10.6616 20.8465
v  -0.4924 -10.3967 20.9107
v  -0.4922 -10.4115 20.8996
v  -2.1358 -10.4512 20.8964
v  -2.7159 -10.4905 20.8876
v  -2.7145 -10.5037 20.8755
v  -2.1350 -10.4639 20.8849
v  -1.0548 -10.4084 20.9063
v  -1.5986 -10.4252 20.9023
v  -1.5980 -10.4381 20.8906
v  -1.0544 -10.4219 20.8943
v  -3.3131 -10.5452 20.8744
v  -3.8087 -10.5991 20.8617
v  -3.8064 -10.6129 20.8488
v  -3.3110 -10.5590 20.8612
v  -4.3033 -10.6616 20.8465
v  -4.7140 -10.7204 20.8318
v  -4.7107 -10.7345 20.8207
v  -4.3009 -10.6750 20.8339
v  -0.5302 -8.9126 21.1907
v  -0.5115 -9.6487 21.0728
v  -1.0744 -8.9283 21.1887
v  -1.0650 -9.6631 21.0701
v  -1.6243 -8.9528 21.1853
v  -1.6120 -9.6842 21.0662
v  -2.1521 -8.9882 21.1801
v  -2.1448 -9.7150 21.0603
v  -2.7254 -9.0423 21.1723
v  -2.7218 -9.7612 21.0516
v  -3.2881 -9.1171 21.1611
v  -3.3020 -9.8255 21.0391
v  -3.7962 -9.2084 21.1469
v  -3.8040 -9.8981 21.0249
v  -4.3025 -9.3214 21.1288
v  -4.3041 -9.9866 21.0075
v  -4.7172 -9.3534 21.1240
v  -4.7181 -9.9437 21.0163
v  0.5694 -7.4491 21.3498
v  0.0011 -7.4417 21.3504
v  0.0011 -8.1682 21.2824
v  0.5511 -8.1724 21.2818
v  0.0011 -10.3557 20.9220
v  0.4953 -10.3597 20.9210
v  4.7180 -8.1778 21.2817
v  4.3002 -7.9991 21.3001
v  4.3057 -8.6524 21.2257
v  4.7186 -8.7601 21.2120
v  4.3110 -10.6263 20.8588
v  4.7216 -10.6853 20.8445
v  3.7784 -7.8362 21.3160
v  3.7908 -8.5145 21.2432
v  3.8160 -10.5631 20.8740
v  3.2590 -7.7080 21.3278
v  3.2765 -8.4045 21.2562
v  3.3198 -10.5090 20.8867
v  2.7324 -7.6125 21.3362
v  2.7314 -8.3192 21.2658
v  2.7217 -10.4550 20.8991
v  2.1674 -7.5431 21.3421
v  2.1618 -8.2574 21.2728
v  2.1406 -10.4166 20.9078
v  1.6499 -7.4986 21.3458
v  1.6388 -8.2174 21.2773
v  1.6026 -10.3904 20.9138
v  1.0947 -7.4672 21.3483
v  1.0861 -8.1894 21.2804
v  1.0582 -10.3728 20.9178
v  -0.5671 -7.4491 21.3498
v  -0.5488 -8.1724 21.2818
v  -0.4931 -10.3597 20.9210
v  -1.0925 -7.4672 21.3483
v  -1.0839 -8.1894 21.2804
v  -1.0560 -10.3728 20.9178
v  -1.6477 -7.4986 21.3457
v  -1.6366 -8.2173 21.2771
v  -1.6004 -10.3904 20.9138
v  -2.1651 -7.5431 21.3420
v  -2.1595 -8.2573 21.2726
v  -2.1383 -10.4166 20.9078
v  -2.7302 -7.6125 21.3361
v  -2.7291 -8.3192 21.2656
v  -2.7195 -10.4550 20.8991
v  -3.2568 -7.7079 21.3278
v  -3.2743 -8.4045 21.2561
v  -3.3176 -10.5090 20.8867
v  -3.7762 -7.8362 21.3160
v  -3.7885 -8.5145 21.2432
v  -3.8137 -10.5631 20.8740
v  -4.2979 -7.9991 21.3001
v  -4.3035 -8.6523 21.2256
v  -4.3088 -10.6263 20.8588
v  -4.7157 -8.1778 21.2817
v  -4.7164 -8.7601 21.2120
v  -4.7194 -10.6853 20.8445
v  -5.6481 -11.9134 20.1780
v  -4.7879 -11.8024 20.1534
v  4.4371 -12.4833 19.7633
v  4.4342 -12.4971 19.7320
v  3.9708 -12.4064 19.7667
v  3.4471 -12.3355 19.7721
v  3.4437 -12.3495 19.7399
v  3.9680 -12.4199 19.7350
v  2.9098 -12.2797 19.7712
v  2.9079 -12.2936 19.7400
v  2.3707 -12.2505 19.7379
v  2.3712 -12.2373 19.7680
v  1.7221 -12.1989 19.7688
v  1.7215 -12.2120 19.7378
v  1.1087 -12.1887 19.7392
v  1.1090 -12.1754 19.7707
v  0.5097 -12.1637 19.7726
v  0.5097 -12.1775 19.7413
v  0.0011 -12.1346 19.7961
v  0.0011 -12.1606 19.7732
v  0.5097 -12.1382 19.7957
v  1.1094 -12.1502 19.7944
v  1.7228 -12.1741 19.7922
v  4.4576 -12.7644 18.4021
v  4.4514 -12.7900 18.3849
v  4.0152 -12.6865 18.4280
v  3.5077 -12.6087 18.4551
v  3.5051 -12.6336 18.4371
v  4.0100 -12.7120 18.4109
v  2.9511 -12.5473 18.4762
v  2.9496 -12.5717 18.4578
v  2.3920 -12.5272 18.4727
v  2.3924 -12.5027 18.4910
v  1.7477 -12.4603 18.5041
v  1.7475 -12.4855 18.4865
v  1.1286 -12.4344 18.5114
v  1.1286 -12.4605 18.4948
v  0.5253 -12.4204 18.5157
v  0.5254 -12.4468 18.4993
v  0.0011 -12.4144 18.5186
v  0.0011 -12.4400 18.5016
v  4.7063 -13.7410 18.0545
v  4.6957 -13.7465 18.0198
v  4.2814 -13.5369 18.1216
v  4.2733 -13.5438 18.0887
v  3.3975 -13.2911 18.1680
v  3.4013 -13.2854 18.2018
v  2.8943 -13.2069 18.2304
v  2.8915 -13.2153 18.1961
v  1.7348 -13.1430 18.2156
v  1.7351 -13.1366 18.2505
v  1.1275 -13.1334 18.2568
v  1.1276 -13.1434 18.2219
v  0.5197 -13.1319 18.2592
v  0.5197 -13.1438 18.2257
v  0.0011 -13.1027 18.2806
v  0.0011 -13.1315 18.2597
v  0.5197 -13.1034 18.2803
v  1.7356 -13.1140 18.2751
v  2.3447 -13.1616 18.2438
v  2.3469 -13.1378 18.2676
v  3.4087 -13.2626 18.2260
v  3.8489 -13.3890 18.1686
v  3.8595 -13.3660 18.1920
v  4.4412 -12.4627 19.7827
v  3.9756 -12.3806 19.7898
v  3.4520 -12.3084 19.7941
v  2.9126 -12.2539 19.7938
v  2.3717 -12.2132 19.7913
v  0.0011 -12.1746 19.7414
v  4.7256 -13.7159 18.0763
v  4.2956 -13.5126 18.1438
v  2.8988 -13.1818 18.2536
v  1.1275 -13.1065 18.2791
v  0.0011 -13.1431 18.2261
v  2.3433 -13.1690 18.2093
v  3.8430 -13.3950 18.1356
v  4.4622 -12.7512 18.4302
v  4.0189 -12.6729 18.4555
v  3.5093 -12.5947 18.4826
v  2.9520 -12.5338 18.5041
v  2.3926 -12.4894 18.5192
v  1.7478 -12.4461 18.5315
v  1.1286 -12.4197 18.5387
v  0.5253 -12.4055 18.5427
v  0.0011 -12.4007 18.5466
v  0.0011 -11.4216 20.1963
v  0.5039 -11.4222 20.1975
v  0.5009 -11.0702 20.4079
v  0.0011 -11.0712 20.4059
v  1.0889 -11.4341 20.1952
v  1.0783 -11.0819 20.4051
v  1.6747 -11.4551 20.1925
v  1.6503 -11.1015 20.4021
v  2.2793 -11.4889 20.1894
v  2.2326 -11.1327 20.3981
v  2.7970 -11.1734 20.3939
v  2.8359 -11.5296 20.1874
v  3.3987 -11.5852 20.1828
v  3.3711 -11.2295 20.3866
v  3.8783 -11.2907 20.3768
v  3.9115 -11.6500 20.1745
v  4.3866 -11.7255 20.1645
v  4.3578 -11.3623 20.3655
v  -4.4320 -12.4970 19.7319
v  -4.4349 -12.4833 19.7633
v  -3.9686 -12.4064 19.7667
v  -3.9658 -12.4200 19.7350
v  -3.4413 -12.3502 19.7401
v  -3.4448 -12.3355 19.7721
v  -2.9057 -12.2935 19.7400
v  -2.9076 -12.2798 19.7712
v  -1.7193 -12.2118 19.7377
v  -1.7199 -12.1989 19.7688
v  -2.3689 -12.2373 19.7680
v  -2.3685 -12.2498 19.7377
v  -0.5075 -12.1775 19.7413
v  -0.5075 -12.1637 19.7726
v  -1.1068 -12.1754 19.7707
v  -1.1064 -12.1887 19.7392
v  -0.5075 -12.1380 19.7954
v  -1.1072 -12.1499 19.7939
v  -1.7205 -12.1741 19.7922
v  -4.4491 -12.7899 18.3849
v  -4.4554 -12.7644 18.4021
v  -4.0130 -12.6865 18.4280
v  -4.0078 -12.7120 18.4109
v  -3.5028 -12.6336 18.4371
v  -3.5055 -12.6087 18.4551
v  -2.9474 -12.5717 18.4578
v  -2.9489 -12.5473 18.4762
v  -1.7453 -12.4855 18.4865
v  -1.7455 -12.4603 18.5041
v  -2.3902 -12.5027 18.4910
v  -2.3898 -12.5272 18.4727
v  -1.1264 -12.4605 18.4948
v  -1.1264 -12.4344 18.5114
v  -0.5231 -12.4468 18.4993
v  -0.5231 -12.4204 18.5157
v  -4.6948 -13.7481 18.0263
v  -4.7072 -13.7385 18.0589
v  -4.2710 -13.5441 18.0889
v  -4.2791 -13.5369 18.1216
v  -3.4352 -13.2909 18.2022
v  -3.4314 -13.2987 18.1682
v  -2.9470 -13.2264 18.1941
v  -2.9494 -13.2175 18.2281
v  -1.1254 -13.1434 18.2219
v  -1.1253 -13.1334 18.2568
v  -1.7329 -13.1366 18.2505
v  -1.7325 -13.1430 18.2156
v  -0.5175 -13.1438 18.2257
v  -0.5175 -13.1319 18.2592
v  -0.5175 -13.1035 18.2804
v  -2.3870 -13.1461 18.2637
v  -2.3863 -13.1668 18.2384
v  -1.7334 -13.1140 18.2751
v  -3.4418 -13.2662 18.2256
v  -3.9071 -13.3853 18.1849
v  -3.8964 -13.4067 18.1605
v  -4.4390 -12.4627 19.7827
v  -3.9734 -12.3805 19.7897
v  -3.4498 -12.3084 19.7941
v  -2.9104 -12.2539 19.7938
v  -2.3695 -12.2131 19.7912
v  -4.7048 -13.7198 18.0734
v  -4.2933 -13.5126 18.1438
v  -2.9533 -13.1913 18.2508
v  -1.1253 -13.1065 18.2791
v  -2.3859 -13.1718 18.2055
v  -3.8908 -13.4118 18.1275
v  -4.4599 -12.7512 18.4302
v  -4.0166 -12.6729 18.4555
v  -3.5070 -12.5947 18.4826
v  -2.9497 -12.5338 18.5041
v  -1.7455 -12.4460 18.5315
v  -2.3904 -12.4894 18.5192
v  -1.1264 -12.4197 18.5387
v  -0.5231 -12.4055 18.5427
v  -0.4986 -11.0702 20.4079
v  -0.5017 -11.4222 20.1975
v  -1.0761 -11.0819 20.4051
v  -1.0866 -11.4341 20.1952
v  -1.6481 -11.1015 20.4021
v  -1.6725 -11.4551 20.1925
v  -2.2303 -11.1327 20.3981
v  -2.2770 -11.4889 20.1894
v  -3.3689 -11.2295 20.3866
v  -3.3964 -11.5852 20.1828
v  -2.8337 -11.5296 20.1874
v  -2.7947 -11.1734 20.3939
v  -3.8761 -11.2907 20.3768
v  -3.9092 -11.6500 20.1745
v  -4.3555 -11.3624 20.3655
v  -4.3844 -11.7255 20.1645
v  4.7186 -10.7484 20.8073
v  -4.3282 -11.0013 20.5731
v  -4.3079 -10.8249 20.6875
v  -4.7080 -10.8729 20.6839
v  -4.7070 -11.0506 20.5683
v  0.0011 -12.1171 19.8057
v  0.5100 -12.1207 19.8053
v  0.5069 -11.7781 19.9933
v  0.0011 -11.7762 19.9932
v  0.4954 -10.5536 20.7477
v  0.0011 -10.5501 20.7492
v  0.0011 -10.7184 20.6250
v  0.4978 -10.7219 20.6240
v  1.1100 -12.1327 19.8040
v  1.0992 -11.7901 19.9915
v  1.0603 -10.5651 20.7429
v  1.0677 -10.7335 20.6208
v  1.7237 -12.1566 19.8018
v  1.6989 -11.8127 19.9892
v  1.6095 -10.5822 20.7391
v  1.6258 -10.7514 20.6173
v  2.3729 -12.1956 19.8009
v  2.3257 -11.8491 19.9871
v  2.1554 -10.6095 20.7336
v  2.1856 -10.7801 20.6126
v  2.9141 -12.2363 19.8033
v  3.4542 -12.2909 19.8035
v  3.4257 -11.9449 19.9853
v  2.8745 -11.8897 19.9873
v  3.3222 -10.7055 20.7133
v  2.7310 -10.6497 20.7256
v  2.7577 -10.8210 20.6063
v  3.3432 -10.8772 20.5962
v  3.8200 -10.7614 20.7014
v  3.8447 -10.9353 20.5855
v  3.9785 -12.3631 19.7991
v  3.9439 -12.0132 19.9786
v  4.3101 -10.8249 20.6874
v  4.3305 -11.0013 20.5732
v  4.4444 -12.4453 19.7919
v  4.4149 -12.0922 19.9703
v  -0.5046 -11.7781 19.9933
v  -0.5078 -12.1205 19.8051
v  -0.4932 -10.5536 20.7477
v  -0.4955 -10.7219 20.6240
v  -1.0970 -11.7901 19.9915
v  -1.1078 -12.1324 19.8036
v  -1.0581 -10.5651 20.7429
v  -1.0654 -10.7333 20.6204
v  -1.6967 -11.8127 19.9892
v  -1.7214 -12.1566 19.8018
v  -1.6073 -10.5822 20.7391
v  -1.6235 -10.7512 20.6170
v  -2.3235 -11.8491 19.9871
v  -2.3707 -12.1955 19.8007
v  -2.1532 -10.6095 20.7336
v  -2.1834 -10.7800 20.6123
v  -3.4234 -11.9449 19.9853
v  -3.4519 -12.2909 19.8035
v  -2.9119 -12.2363 19.8033
v  -2.8723 -11.8898 19.9874
v  -2.7555 -10.8208 20.6060
v  -2.7287 -10.6497 20.7256
v  -3.3200 -10.7055 20.7133
v  -3.3410 -10.8769 20.5956
v  -3.8177 -10.7614 20.7015
v  -3.8425 -10.9351 20.5851
v  -3.9417 -12.0132 19.9787
v  -3.9762 -12.3630 19.7990
v  -4.4126 -12.0922 19.9704
v  -4.4422 -12.4452 19.7919
v  4.9097 -12.5319 19.7911
v  4.8450 -12.1520 19.9751
v  5.6519 -12.5423 19.8570
v  5.6506 -12.2844 19.9891
v  4.7820 -11.7973 20.1559
v  4.7133 -11.4880 20.3183
v  4.7074 -10.9430 20.6312
v  -4.7074 -11.5057 20.3090
v  -4.8446 -12.1636 19.9697
v  -4.9075 -12.5319 19.7912
v  -5.6482 -12.2573 20.0025
v  -5.6497 -12.5423 19.8570
v  4.8018 -10.7943 20.6770
v  4.7849 -10.8206 20.7084
v  4.7437 -10.8344 20.7227
v  4.7146 -10.8338 20.7204
v  -4.2985 -10.6890 20.8199
v  -4.7104 -10.7478 20.8075
v  0.4942 -10.4252 20.8850
v  0.0011 -10.4220 20.8866
v  1.0562 -10.4355 20.8796
v  1.5996 -10.4515 20.8756
v  2.1363 -10.4773 20.8701
v  3.3115 -10.5726 20.8465
v  2.7153 -10.5172 20.8607
v  3.8067 -10.6265 20.8342
v  4.3008 -10.6890 20.8198
v  -0.4919 -10.4252 20.8850
v  -1.0539 -10.4356 20.8798
v  -1.5973 -10.4518 20.8761
v  -2.1340 -10.4777 20.8705
v  -2.7131 -10.5176 20.8611
v  -3.3092 -10.5729 20.8469
v  -3.8044 -10.6269 20.8347
v  -4.7790 -10.7249 20.8120
v  -4.7336 -10.7378 20.8199
v  0.4950 -10.3793 20.9168
v  0.0011 -10.3752 20.9178
v  2.7201 -10.4745 20.8949
v  2.1394 -10.4362 20.9036
v  1.6018 -10.4099 20.9096
v  1.0577 -10.3924 20.9136
v  3.8136 -10.5825 20.8696
v  3.3178 -10.5284 20.8823
v  4.7207 -10.7048 20.8399
v  4.3082 -10.6456 20.8544
v  -0.4928 -10.3793 20.9168
v  -2.1372 -10.4361 20.9036
v  -2.7179 -10.4745 20.8949
v  -1.0554 -10.3924 20.9136
v  -1.5996 -10.4099 20.9096
v  -3.3155 -10.5284 20.8823
v  -3.8113 -10.5824 20.8696
v  -4.3060 -10.6456 20.8544
v  -4.7169 -10.7046 20.8400
v  4.8845 -11.1452 20.3901
v  5.6521 -10.8728 20.3629
v  4.8836 -10.8100 20.3430
v  4.8027 -10.8972 20.5690
v  4.8037 -11.0827 20.4603
v  4.8040 -10.7912 20.4193
v  4.8019 -10.7808 20.6622
v  4.8010 -10.6826 20.7645
v  4.8051 -10.4807 20.3003
v  4.8065 -10.1329 20.1327
v  4.7995 -9.9279 20.9393
v  4.7986 -9.3405 21.0465
v  4.8086 -9.7863 19.9780
v  4.8092 -9.4340 19.8222
v  4.8101 -9.1314 19.7218
v  4.8105 -8.8167 19.6746
v  4.8104 -8.4518 19.6875
v  4.8098 -8.1552 19.7619
v  4.8090 -7.9542 19.8526
v  4.8079 -7.7935 19.9788
v  4.8074 -7.7488 20.0285
v  4.8068 -7.7010 20.0946
v  -4.8018 -10.7912 20.4193
v  -4.7997 -10.8293 20.6284
v  -4.7988 -10.6832 20.7643
v  -4.8028 -10.4807 20.3003
v  -4.8014 -11.0827 20.4603
v  -4.8011 -11.0144 20.5003
v  -4.8043 -10.1329 20.1327
v  -4.7973 -9.9279 20.9393
v  -4.8054 -9.7817 19.9760
v  -4.7963 -9.3405 21.0465
v  -4.8070 -9.4340 19.8222
v  -4.8079 -9.1314 19.7218
v  -4.8083 -8.8167 19.6746
v  -4.8082 -8.4518 19.6875
v  -4.8075 -8.1552 19.7619
v  -4.8067 -7.9542 19.8526
v  -4.8056 -7.7935 19.9788
v  -4.8052 -7.7488 20.0285
v  -4.8046 -7.7010 20.0946
v  -5.6439 -12.5889 19.8327
v  -5.6212 -12.6349 19.8073
v  -5.5747 -12.6670 19.7867
v  -5.5068 -12.6642 19.7817
v  5.5091 -12.6642 19.7817
v  5.5770 -12.6670 19.7867
v  5.6234 -12.6349 19.8073
v  5.6461 -12.5889 19.8327
v  4.8054 -7.6337 20.2621
v  4.7953 -7.6058 20.2789
v  4.7710 -7.5857 20.2856
v  -4.7949 -8.1488 21.2075
v  -4.7857 -8.1195 21.2193
v  -4.7611 -8.1000 21.2289
v  7.3026 -16.7802 16.9851
v  7.3261 -16.7040 16.8630
v  7.3574 -16.2709 17.0025
v  7.3360 -16.2960 17.1485
v  7.4281 -14.3721 17.7854
v  7.4569 -14.3404 17.6103
v  7.4703 -13.8558 17.7587
v  7.4361 -13.8800 17.9588
v  7.4101 -13.0488 18.2386
v  7.4512 -13.0034 18.0140
v  7.4233 -12.5877 18.1352
v  7.3812 -12.6467 18.3640
v  7.3325 -12.2007 18.5079
v  7.3813 -12.1575 18.2575
v  7.3191 -11.7113 18.3789
v  7.2623 -11.7342 18.6607
v  7.2416 -11.2665 18.4951
v  7.1712 -11.2728 18.8180
v  7.0817 -10.9007 18.9464
v  7.1701 -10.9015 18.5877
v  7.0916 -10.5544 18.6722
v  6.9902 -10.6080 19.0880
v  7.0052 -10.2215 18.7485
v  6.8769 -10.3675 19.3092
v  6.6263 -10.2219 20.0273
v  6.6915 -10.2255 19.8131
v  6.8837 -9.8515 18.8280
v  6.7664 -10.2602 19.5935
v  7.3892 -15.3397 17.4605
v  7.4132 -15.3061 17.3089
v  7.4364 -14.8173 17.4623
v  7.4105 -14.8525 17.6205
v  7.4683 -13.4326 17.8867
v  7.4291 -13.4649 18.1008
v  7.3871 -15.7859 17.1570
v  7.3640 -15.8273 17.3027
v  6.5484 -9.8240 19.8488
v  6.6873 -9.4091 18.9156
v  6.3997 -9.3124 19.6417
v  6.4917 -9.0696 18.9772
v  6.1648 -8.8264 19.5408
v  6.2038 -8.6731 19.0424
v  5.8682 -8.4091 19.5433
v  5.9066 -8.3428 19.0917
v  5.5381 -8.0168 19.1358
v  5.5360 -8.0688 19.6127
v  5.1742 -7.7608 19.1675
v  5.1687 -7.7866 19.7468
v  4.8856 -7.6183 19.8869
v  4.6591 -7.4867 19.1990
v  4.8233 -7.5877 19.9483
v  4.7582 -7.5610 20.1366
v  4.7821 -7.5694 20.0292
v  4.7550 -7.5624 20.2265
v  4.3465 -7.3918 20.2473
v  4.2207 -7.3179 19.2169
v  3.8074 -7.2193 20.2659
v  3.8078 -7.1922 19.2243
v  3.2581 -7.0552 19.2394
v  3.2578 -7.0824 20.2810
v  2.7072 -6.9606 19.2496
v  2.7070 -6.9879 20.2913
v  2.2015 -6.8988 19.2563
v  2.2014 -6.9261 20.2980
v  1.6675 -6.8523 19.2612
v  1.6674 -6.8796 20.3028
v  1.1117 -6.8198 19.2653
v  1.1116 -6.8471 20.3069
v  0.5566 -6.8016 19.2678
v  0.5566 -6.8289 20.3094
v  0.0011 -6.7938 19.2683
v  0.0011 -6.8211 20.3099
v  6.9779 -16.8039 16.9940
v  7.2545 -16.8480 16.8098
v  7.2584 -16.8315 16.9805
v  6.6184 -16.5697 17.0565
v  6.5467 -16.4421 17.0995
v  6.5146 -16.4578 16.6356
v  6.5859 -16.5941 16.6356
v  6.8346 -16.7588 17.0070
v  6.7136 -16.6815 17.0295
v  6.6893 -16.7080 16.6356
v  6.8183 -16.7915 16.6356
v  6.9646 -16.8392 16.6356
v  6.3131 -15.8116 17.3077
v  6.3220 -15.9388 16.6354
v  6.1637 -15.4523 17.4295
v  6.1408 -15.4974 16.6357
v  5.9881 -15.0749 17.5554
v  5.7543 -14.6814 17.6854
v  5.7336 -14.7290 16.6357
v  5.9615 -15.1080 16.6357
v  5.4638 -14.3277 17.8068
v  5.0860 -13.9965 17.9209
v  5.1342 -14.0934 16.6356
v  5.3500 -14.2827 16.6356
v  5.5514 -14.4929 16.6355
v  -8.9204 -12.8092 17.6770
v  -8.9675 -13.2559 17.5454
v  -7.9056 -12.1628 18.7202
v  -8.6122 -11.6342 18.1167
v  -8.7726 -12.0112 17.9594
v  -7.8102 -11.7572 18.8495
v  -7.6522 -11.3670 18.9599
v  -8.1592 -11.0271 18.3827
v  -8.4308 -11.3417 18.2425
v  -7.4632 -11.0441 19.0362
v  -7.7793 -10.7217 18.5271
v  -7.2370 -10.7512 19.0835
v  -6.9671 -10.5087 19.1283
v  -7.0602 -10.3856 18.7050
v  -7.4093 -10.5156 18.6320
v  -6.9386 -10.4855 19.1677
v  -7.0386 -10.3481 18.7175
v  -9.0062 -13.6984 17.4223
v  -9.0425 -14.2152 17.2865
v  -8.8627 -12.3781 17.8150
v  -9.0666 -14.6555 17.1769
v  -9.0869 -15.1390 17.0622
v  -6.5458 -9.8245 19.8488
v  -6.4558 -9.4717 19.6949
v  -6.7425 -9.5230 18.8924
v  -6.9037 -9.9106 18.8157
v  -6.3387 -9.1535 19.5887
v  -6.5038 -9.0911 18.9727
v  -6.1357 -8.7749 19.5297
v  -6.2147 -8.6868 19.0398
v  -5.8438 -8.3791 19.5424
v  -5.8791 -8.3172 19.0948
v  -5.5092 -8.0463 19.6267
v  -5.5340 -8.0149 19.1354
v  -5.1665 -7.7866 19.7468
v  -5.1580 -7.7521 19.1679
v  -4.8835 -7.6181 19.8869
v  -4.7880 -7.5480 19.1916
v  -4.8212 -7.5876 19.9483
v  -4.7796 -7.5698 20.0292
v  -4.7555 -7.5619 20.1365
v  -4.3210 -7.3551 19.2145
v  -3.8052 -7.2193 20.2659
v  -3.8139 -7.1934 19.2294
v  -4.3443 -7.3918 20.2473
v  -3.2556 -7.0824 20.2810
v  -3.2850 -7.0610 19.2427
v  -2.7047 -6.9879 20.2912
v  -2.6733 -6.9556 19.2530
v  -2.1991 -6.9261 20.2980
v  -2.1993 -6.8988 19.2563
v  -1.6651 -6.8796 20.3028
v  -1.6653 -6.8523 19.2612
v  -1.1094 -6.8471 20.3069
v  -1.1095 -6.8198 19.2653
v  -0.5543 -6.8289 20.3094
v  -0.5544 -6.8016 19.2678
v  -7.1774 -16.8274 16.9788
v  -7.1923 -16.8635 16.6356
v  -6.9925 -16.8444 16.6356
v  -6.9754 -16.8040 16.9941
v  -6.6123 -16.5730 17.0582
v  -6.6066 -16.6232 16.6356
v  -6.5269 -16.4833 16.6356
v  -6.5446 -16.4421 17.0994
v  -6.8324 -16.7586 17.0069
v  -6.8503 -16.8052 16.6356
v  -6.7167 -16.7301 16.6356
v  -6.7114 -16.6813 17.0294
v  -6.4488 -16.2935 16.6344
v  -6.3459 -16.0099 16.6350
v  -6.3108 -15.8116 17.3077
v  -6.2071 -15.6536 16.6350
v  -6.0444 -15.2904 16.6357
v  -6.0759 -15.2622 17.4914
v  -5.8192 -14.8749 16.6356
v  -5.8093 -14.7677 17.6549
v  -5.4614 -14.3278 17.8069
v  -5.2685 -14.2137 16.6354
v  -4.9663 -13.9705 16.6356
v  -5.0836 -13.9965 17.9209
v  -5.5578 -14.5096 16.6354
v  -6.8476 -10.3363 19.3758
v  -7.0233 -10.2931 18.7323
v  -8.2187 -16.4875 17.5766
v  -9.1103 -15.9340 16.8826
v  -9.1202 -16.2655 16.8075
v  -9.0552 -16.5299 16.7460
v  -8.1971 -16.6499 17.5100
v  -8.8794 -16.7147 16.6987
v  -8.1278 -16.7731 17.3999
v  -8.6113 -16.7990 16.6706
v  -8.0192 -16.8281 17.2676
v  -8.2080 -16.8423 16.6498
v  -7.8322 -16.8373 17.1261
v  -7.7889 -16.8661 16.6383
v  -7.6081 -16.8397 17.0282
v  -7.4697 -16.8700 16.6359
v  -7.3952 -16.8365 16.9848
v  4.9192 -13.9322 16.6355
v  3.3962 -13.2912 18.1480
v  3.3608 -13.3152 16.6357
v  3.6512 -13.3826 16.6355
v  3.8412 -13.3949 18.1157
v  2.3430 -13.1693 18.1893
v  1.9461 -13.1861 16.6351
v  2.2466 -13.1925 16.6357
v  1.7346 -13.1435 18.1956
v  1.3261 -13.1845 16.6351
v  1.6381 -13.1849 16.6357
v  0.0011 -13.1435 18.2061
v  0.0009 -13.1776 16.6357
v  0.3431 -13.1777 16.6356
v  0.5197 -13.1442 18.2057
v  1.1274 -13.1438 18.2019
v  0.6786 -13.1801 16.6350
v  1.0069 -13.1831 16.6356
v  2.8907 -13.2155 18.1761
v  2.5236 -13.2071 16.6356
v  2.8068 -13.2326 16.6357
v  4.2708 -13.5433 18.0688
v  3.9267 -13.4580 16.6357
v  4.2021 -13.5526 16.6357
v  3.0881 -13.2675 16.6353
v  4.6928 -13.7454 18.0000
v  4.4454 -13.6585 16.6355
v  4.6852 -13.7867 16.6357
v  -4.6181 -13.7550 16.6357
v  -4.6918 -13.7471 18.0066
v  -4.3125 -13.6111 16.6357
v  -4.2686 -13.5437 18.0690
v  -2.9463 -13.2266 18.1741
v  -3.4300 -13.2989 18.1483
v  -3.2393 -13.2963 16.6356
v  -2.8971 -13.2438 16.6357
v  -1.7323 -13.1434 18.1956
v  -1.6666 -13.1858 16.6357
v  -1.3422 -13.1847 16.6355
v  -1.1252 -13.1439 18.2019
v  -1.0108 -13.1843 16.6357
v  -0.6719 -13.1830 16.6356
v  -0.5174 -13.1443 18.2057
v  -0.3387 -13.1801 16.6356
v  -2.3855 -13.1721 18.1855
v  -2.2866 -13.1964 16.6357
v  -1.9835 -13.1888 16.6355
v  -3.8889 -13.4118 18.1076
v  -3.6231 -13.3806 16.6354
v  -2.5811 -13.2129 16.6356
v  -3.9694 -13.4827 16.6357
v  -4.7524 -7.5631 20.2264
v  -9.1019 -15.6726 16.9422
v  7.3107 -16.6735 16.8528
v  7.1827 -16.6694 16.8535
v  7.3405 -16.2651 16.9805
v  7.3123 -14.3246 17.5685
v  7.3259 -13.8443 17.7150
v  7.4540 -13.8519 17.7360
v  7.4404 -14.3350 17.5880
v  7.3072 -12.9993 17.9677
v  7.2795 -12.5868 18.0877
v  7.4071 -12.5832 18.1123
v  7.4351 -12.9993 17.9912
v  7.2384 -12.1631 18.2083
v  7.1770 -11.7242 18.3283
v  7.3035 -11.7114 18.3552
v  7.3655 -12.1552 18.2342
v  7.1007 -11.2851 18.4429
v  7.2265 -11.2683 18.4712
v  7.1557 -10.9042 18.5636
v  7.0309 -10.9242 18.5330
v  6.9537 -10.5784 18.6150
v  7.0772 -10.5551 18.6479
v  6.8686 -10.2488 18.6895
v  6.9906 -10.2205 18.7244
v  6.7503 -9.8884 18.7671
v  6.8695 -9.8516 18.8037
v  7.2683 -15.2878 17.2693
v  7.2916 -14.7996 17.4218
v  7.4198 -14.8110 17.4403
v  7.3966 -15.2997 17.2870
v  7.3242 -13.4250 17.8414
v  7.4521 -13.4287 17.8639
v  7.2421 -15.7657 17.1185
v  7.3704 -15.7785 17.1354
v  6.5572 -9.4558 18.8540
v  6.6724 -9.4085 18.8916
v  6.3672 -9.1308 18.9169
v  6.4774 -9.0721 18.9529
v  6.0853 -8.7502 18.9885
v  6.1894 -8.6784 19.0187
v  5.7978 -8.4385 19.0478
v  5.8935 -8.3530 19.0688
v  5.4407 -8.1278 19.1022
v  5.5252 -8.0296 19.1141
v  5.0922 -7.8853 19.1410
v  5.1633 -7.7765 19.1467
v  4.5931 -7.6207 19.1752
v  4.6493 -7.5035 19.1785
v  4.1678 -7.4576 19.1929
v  4.2115 -7.3353 19.1966
v  3.7672 -7.3360 19.2003
v  3.8024 -7.2109 19.2038
v  3.2272 -7.2014 19.2156
v  3.2540 -7.0742 19.2189
v  2.6853 -7.1085 19.2258
v  2.7043 -6.9799 19.2291
v  2.1859 -7.0474 19.2324
v  2.1994 -6.9182 19.2358
v  1.6566 -7.0013 19.2373
v  1.6660 -6.8717 19.2407
v  1.1048 -6.9691 19.2414
v  1.1107 -6.8393 19.2448
v  0.5530 -6.9510 19.2438
v  0.5561 -6.8211 19.2472
v  0.0011 -6.9433 19.2444
v  0.0011 -6.8133 19.2478
v  6.9918 -16.7003 16.6157
v  7.2492 -16.7229 16.6157
v  7.2464 -16.8464 16.6157
v  6.9677 -16.8216 16.6157
v  7.2703 -16.7306 16.6337
v  7.2788 -16.7204 16.7563
v  7.2765 -16.8332 16.7693
v  7.2678 -16.8462 16.6357
v  6.6497 -16.4099 16.6157
v  6.7087 -16.5233 16.6157
v  6.6016 -16.5851 16.6157
v  6.5320 -16.4515 16.6157
v  6.7896 -16.6073 16.6157
v  6.8825 -16.6645 16.6157
v  6.8264 -16.7753 16.6157
v  6.7021 -16.6951 16.6157
v  6.3359 -15.9278 16.6157
v  6.4311 -15.8271 16.6157
v  6.1582 -15.4896 16.6157
v  6.2702 -15.4349 16.6157
v  5.8620 -14.6593 16.6157
v  6.0866 -15.0457 16.6157
v  5.9787 -15.0997 16.6157
v  5.7507 -14.7202 16.6157
v  5.2248 -13.9749 16.6157
v  5.4545 -14.1758 16.6157
v  5.3622 -14.2677 16.6157
v  5.1468 -14.0788 16.6157
v  5.6719 -14.4071 16.6157
v  5.5688 -14.4837 16.6157
v  -8.9000 -12.7995 17.6082
v  -8.9511 -13.2434 17.4748
v  -8.9724 -13.2453 17.5170
v  -8.9241 -12.7995 17.6492
v  -8.6121 -11.6237 18.0904
v  -8.5815 -11.6221 18.0562
v  -8.7439 -11.9944 17.8981
v  -8.7737 -11.9994 17.9335
v  -8.1405 -11.0396 18.3134
v  -8.4074 -11.3475 18.1756
v  -8.4329 -11.3374 18.2137
v  -8.1620 -11.0252 18.3524
v  -7.7542 -10.7315 18.4574
v  -7.7784 -10.7179 18.4958
v  -7.0474 -10.4210 18.6298
v  -7.3854 -10.5318 18.5558
v  -7.4072 -10.5138 18.5985
v  -7.0600 -10.3912 18.6707
v  -6.8896 -9.9108 18.7913
v  -6.7705 -9.9479 18.7547
v  -6.9222 -10.3225 18.7090
v  -7.0093 -10.2969 18.7123
v  -8.9979 -13.7188 17.3393
v  -9.0384 -14.2303 17.2027
v  -9.0519 -14.2119 17.2573
v  -9.0146 -13.6958 17.3941
v  -8.8335 -12.3559 17.7552
v  -8.8636 -12.3645 17.7897
v  -9.0756 -14.6445 17.1473
v  -9.0636 -14.6431 17.0970
v  -9.0841 -15.0961 16.9893
v  -9.0958 -15.1190 17.0350
v  -6.6170 -9.5810 18.8310
v  -6.7316 -9.5319 18.8680
v  -6.3825 -9.1594 18.9138
v  -6.4922 -9.0986 18.9482
v  -6.2019 -8.6946 19.0159
v  -6.0985 -8.7680 18.9872
v  -5.8660 -8.3278 19.0720
v  -5.7710 -8.4143 19.0520
v  -5.5220 -8.0288 19.1137
v  -5.4382 -8.1275 19.1024
v  -5.1465 -7.7675 19.1471
v  -5.0751 -7.8760 19.1413
v  -4.7784 -7.5650 19.1710
v  -4.7207 -7.6814 19.1673
v  -4.3089 -7.3711 19.1923
v  -4.2640 -7.4930 19.1888
v  -3.7729 -7.3371 19.2054
v  -3.8085 -7.2121 19.2089
v  -3.2545 -7.2073 19.2188
v  -3.2814 -7.0801 19.2222
v  -2.6510 -7.1034 19.2291
v  -2.6698 -6.9748 19.2325
v  -2.1838 -7.0474 19.2324
v  -2.1973 -6.9182 19.2358
v  -1.6544 -7.0013 19.2373
v  -1.6638 -6.8717 19.2407
v  -1.1026 -6.9691 19.2414
v  -1.1086 -6.8393 19.2448
v  -0.5509 -6.9510 19.2438
v  -0.5539 -6.8211 19.2472
v  -7.2066 -16.7224 16.6157
v  -6.9940 -16.7021 16.6157
v  -6.9933 -16.8266 16.6157
v  -7.1949 -16.8457 16.6157
v  -6.6215 -16.6125 16.6157
v  -6.7154 -16.5336 16.6157
v  -6.6572 -16.4390 16.6157
v  -6.5449 -16.4782 16.6157
v  -6.8895 -16.6684 16.6157
v  -6.7956 -16.6146 16.6157
v  -6.7279 -16.7158 16.6157
v  -6.8564 -16.7883 16.6157
v  -6.5776 -16.2192 16.6157
v  -6.4627 -16.2784 16.6157
v  -6.4810 -15.9599 16.6157
v  -6.3332 -15.5897 16.6157
v  -6.2223 -15.6407 16.6157
v  -6.3653 -16.0076 16.6157
v  -6.1742 -15.2255 16.6157
v  -5.9461 -14.7902 16.6157
v  -5.8358 -14.8656 16.6157
v  -6.0615 -15.2819 16.6157
v  -5.3616 -14.0841 16.6157
v  -5.0477 -13.8494 16.6157
v  -4.9758 -13.9536 16.6157
v  -5.2773 -14.1958 16.6157
v  -5.6793 -14.4176 16.6157
v  -5.5750 -14.5002 16.6157
v  -6.9415 -10.3970 18.7096
v  -7.0230 -10.3458 18.7007
v  -9.0978 -15.9482 16.8036
v  -9.0873 -16.2618 16.7450
v  -9.1213 -16.2618 16.7803
v  -9.1175 -15.9384 16.8510
v  -8.9919 -16.4880 16.6800
v  -9.0548 -16.5200 16.7225
v  -8.7980 -16.6173 16.6357
v  -8.8808 -16.7002 16.6783
v  -8.6130 -16.6596 16.6217
v  -8.6237 -16.7789 16.6516
v  -8.2086 -16.7004 16.6157
v  -8.2187 -16.8227 16.6315
v  -7.7971 -16.7247 16.6157
v  -7.7972 -16.8474 16.6196
v  -7.4736 -16.7284 16.6157
v  -7.4737 -16.8519 16.6163
v  4.7565 -13.6618 16.6157
v  4.9960 -13.8107 16.6157
v  4.9276 -13.9145 16.6157
v  4.6949 -13.7699 16.6157
v  3.3861 -13.1745 16.6157
v  3.6882 -13.2416 16.6157
v  3.6541 -13.3632 16.6157
v  3.3639 -13.2959 16.6157
v  1.6391 -13.0429 16.6157
v  1.9463 -13.0432 16.6157
v  1.9419 -13.1663 16.6157
v  1.6372 -13.1654 16.6157
v  1.0039 -13.0432 16.6157
v  1.3226 -13.0436 16.6157
v  1.3213 -13.1650 16.6157
v  1.0051 -13.1636 16.6157
v  0.0006 -13.0432 16.6157
v  0.3414 -13.0432 16.6157
v  0.3410 -13.1581 16.6157
v  0.0009 -13.1581 16.6157
v  0.6736 -13.0432 16.6157
v  0.6732 -13.1606 16.6157
v  2.2537 -13.0458 16.6157
v  2.5389 -13.0581 16.6157
v  2.5276 -13.1876 16.6157
v  2.2465 -13.1729 16.6157
v  3.9763 -13.3201 16.6157
v  3.9344 -13.4399 16.6157
v  2.8217 -13.0903 16.6157
v  3.1030 -13.1249 16.6157
v  3.0868 -13.2473 16.6157
v  2.8080 -13.2129 16.6157
v  4.2570 -13.4168 16.6157
v  4.5110 -13.5292 16.6157
v  4.4564 -13.6420 16.6157
v  4.2087 -13.5342 16.6157
v  -4.6853 -13.6241 16.6157
v  -4.6262 -13.7374 16.6157
v  -4.3692 -13.4656 16.6157
v  -4.3202 -13.5933 16.6157
v  -3.2405 -13.2766 16.6157
v  -3.2643 -13.1535 16.6157
v  -2.9142 -13.1025 16.6157
v  -2.8989 -13.2242 16.6157
v  -1.9874 -13.1694 16.6157
v  -1.9927 -13.0435 16.6157
v  -1.6670 -13.0425 16.6157
v  -1.6659 -13.1663 16.6157
v  -1.3438 -13.0431 16.6157
v  -1.0097 -13.0432 16.6157
v  -1.0094 -13.1648 16.6157
v  -1.3448 -13.1652 16.6157
v  -0.6744 -13.0432 16.6157
v  -0.3369 -13.0432 16.6157
v  -0.3365 -13.1605 16.6157
v  -0.6739 -13.1635 16.6157
v  -2.5948 -13.0670 16.6157
v  -2.2906 -13.0488 16.6157
v  -2.2860 -13.1768 16.6157
v  -2.5851 -13.1934 16.6157
v  -3.6248 -13.3609 16.6157
v  -3.6586 -13.2358 16.6157
v  -4.0230 -13.3361 16.6157
v  -3.9771 -13.4648 16.6157
v  -9.0975 -15.6664 16.8619
v  -9.1114 -15.6682 16.9103
v  7.3081 -16.6944 16.8270
v  7.3062 -16.6975 16.7947
v  7.2663 -16.6961 16.7915
v  7.1815 -16.6879 16.8344
v  6.9936 -16.6918 16.6179
v  7.2500 -16.7143 16.6179
v  6.6576 -16.4063 16.6179
v  6.7157 -16.5182 16.6179
v  6.7951 -16.6005 16.6179
v  6.8862 -16.6566 16.6179
v  6.4392 -15.8240 16.6179
v  6.2781 -15.4314 16.6179
v  5.8692 -14.6545 16.6179
v  6.0943 -15.0416 16.6179
v  5.2302 -13.9681 16.6179
v  5.4605 -14.1696 16.6179
v  5.6785 -14.4015 16.6179
v  -8.8934 -12.7985 17.6022
v  -8.9452 -13.2421 17.4683
v  -8.5746 -11.6234 18.0506
v  -8.7368 -11.9946 17.8927
v  -8.1346 -11.0431 18.3076
v  -8.4009 -11.3498 18.1700
v  -7.7494 -10.7359 18.4514
v  -7.0441 -10.4267 18.6236
v  -7.3815 -10.5371 18.5497
v  -8.9926 -13.7174 17.3323
v  -9.0337 -14.2287 17.1953
v  -8.8265 -12.3553 17.7496
v  -9.0592 -14.6415 17.0894
v  -9.0798 -15.0945 16.9817
v  -7.2071 -16.7137 16.6178
v  -6.9958 -16.6936 16.6179
v  -6.7223 -16.5282 16.6179
v  -6.6650 -16.4353 16.6179
v  -6.8930 -16.6604 16.6179
v  -6.8009 -16.6077 16.6179
v  -6.5857 -16.2162 16.6179
v  -6.4891 -15.9568 16.6179
v  -6.3413 -15.5864 16.6179
v  -6.1821 -15.2217 16.6179
v  -5.9535 -14.7857 16.6179
v  -5.3673 -14.0775 16.6179
v  -5.0526 -13.8423 16.6179
v  -5.6860 -14.4120 16.6179
v  -9.0917 -15.9468 16.7972
v  -9.0802 -16.2590 16.7403
v  -8.9857 -16.4819 16.6777
v  -8.7946 -16.6090 16.6350
v  -8.6116 -16.6508 16.6218
v  -8.2079 -16.6915 16.6166
v  -7.7968 -16.7159 16.6173
v  -7.4737 -16.7196 16.6177
v  4.7608 -13.6543 16.6179
v  5.0009 -13.8035 16.6179
v  3.3878 -13.1660 16.6179
v  3.6903 -13.2332 16.6179
v  1.6390 -13.0342 16.6179
v  1.9463 -13.0345 16.6179
v  1.0039 -13.0345 16.6179
v  1.3226 -13.0349 16.6179
v  0.0006 -13.0345 16.6179
v  0.3414 -13.0345 16.6179
v  0.6736 -13.0345 16.6179
v  2.2540 -13.0371 16.6179
v  2.5396 -13.0494 16.6179
v  3.9788 -13.3118 16.6179
v  2.8227 -13.0816 16.6179
v  3.1043 -13.1163 16.6179
v  4.2602 -13.4087 16.6179
v  4.5148 -13.5214 16.6179
v  -4.6896 -13.6166 16.6179
v  -4.3727 -13.4577 16.6179
v  -3.2658 -13.1449 16.6179
v  -2.9153 -13.0939 16.6179
v  -1.9928 -13.0348 16.6179
v  -1.6670 -13.0338 16.6179
v  -1.3438 -13.0345 16.6179
v  -1.0097 -13.0345 16.6179
v  -0.6744 -13.0345 16.6179
v  -0.3369 -13.0345 16.6179
v  -2.5955 -13.0583 16.6179
v  -2.2910 -13.0401 16.6179
v  -3.6607 -13.2274 16.6179
v  -4.0257 -13.3278 16.6179
v  -9.0927 -15.6649 16.8547
v  6.6618 -16.4045 16.6672
v  6.7194 -16.5156 16.6672
v  6.7181 -16.5165 16.6269
v  6.6603 -16.4051 16.6269
v  6.7979 -16.5970 16.6672
v  6.8881 -16.6525 16.6672
v  6.8874 -16.6540 16.6269
v  6.7969 -16.5983 16.6269
v  6.9945 -16.6873 16.6672
v  6.9942 -16.6889 16.6269
v  6.4434 -15.8223 16.6672
v  6.4418 -15.8229 16.6269
v  6.2823 -15.4296 16.6672
v  6.2808 -15.4303 16.6269
v  5.8730 -14.6520 16.6672
v  6.0983 -15.0395 16.6672
v  6.0968 -15.0403 16.6269
v  5.8716 -14.6529 16.6269
v  5.2331 -13.9645 16.6672
v  5.4637 -14.1663 16.6672
v  5.4625 -14.1675 16.6269
v  5.2320 -13.9658 16.6269
v  5.6820 -14.3986 16.6672
v  5.6808 -14.3996 16.6269
v  -8.8500 -12.8108 17.6226
v  -8.8998 -13.2521 17.4855
v  -8.9359 -13.2435 17.4697
v  -8.8844 -12.8004 17.6043
v  -8.5405 -11.6513 18.0732
v  -8.6989 -12.0168 17.9155
v  -8.7285 -11.9985 17.8953
v  -8.5670 -11.6285 18.0532
v  -8.1092 -11.0795 18.3295
v  -8.3707 -11.3822 18.1923
v  -8.3941 -11.3560 18.1725
v  -8.1288 -11.0502 18.3100
v  -7.7297 -10.7760 18.4728
v  -7.7448 -10.7439 18.4536
v  -7.0338 -10.4705 18.6445
v  -7.3680 -10.5798 18.5709
v  -7.3783 -10.5457 18.5520
v  -7.0415 -10.4356 18.6258
v  -8.9457 -13.7254 17.3461
v  -8.9858 -14.2350 17.2062
v  -9.0242 -14.2294 17.1953
v  -8.9831 -13.7184 17.3329
v  -8.7855 -12.3717 17.7720
v  -8.8177 -12.3580 17.7522
v  -9.0110 -14.6464 17.0987
v  -9.0316 -15.0985 16.9917
v  -9.0703 -15.0948 16.9813
v  -9.0498 -14.6419 17.0890
v  -7.2074 -16.7086 16.6671
v  -6.9967 -16.6890 16.6672
v  -6.9963 -16.6908 16.6269
v  -7.2073 -16.7108 16.6269
v  -6.7258 -16.5254 16.6672
v  -6.6691 -16.4333 16.6672
v  -6.6676 -16.4340 16.6269
v  -6.7245 -16.5264 16.6269
v  -6.8949 -16.6562 16.6672
v  -6.8037 -16.6041 16.6672
v  -6.8027 -16.6054 16.6269
v  -6.8942 -16.6578 16.6269
v  -6.5900 -16.2147 16.6672
v  -6.5885 -16.2152 16.6269
v  -6.4918 -15.9558 16.6269
v  -6.4934 -15.9552 16.6672
v  -6.3455 -15.5846 16.6672
v  -6.3439 -15.5853 16.6269
v  -6.1862 -15.2197 16.6672
v  -5.9574 -14.7833 16.6672
v  -5.9560 -14.7841 16.6269
v  -6.1847 -15.2204 16.6269
v  -5.3704 -14.0742 16.6672
v  -5.0552 -13.8385 16.6672
v  -5.0543 -13.8399 16.6269
v  -5.3693 -14.0754 16.6269
v  -5.6895 -14.4091 16.6672
v  -5.6882 -14.4102 16.6269
v  -9.0825 -15.9470 16.7991
v  -9.0469 -15.9498 16.8178
v  -9.0401 -16.2573 16.7695
v  -9.0715 -16.2581 16.7443
v  -8.9567 -16.4704 16.7163
v  -8.9792 -16.4786 16.6839
v  -8.7808 -16.5923 16.6796
v  -8.7914 -16.6042 16.6426
v  -8.6071 -16.6358 16.6688
v  -8.6104 -16.6461 16.6300
v  -8.2067 -16.6799 16.6648
v  -8.2075 -16.6874 16.6252
v  -7.7966 -16.7075 16.6662
v  -7.7967 -16.7124 16.6262
v  -7.4737 -16.7134 16.6669
v  -7.4737 -16.7165 16.6267
v  4.7623 -13.6518 16.6269
v  4.7631 -13.6504 16.6672
v  5.0034 -13.7997 16.6672
v  5.0025 -13.8011 16.6269
v  3.3887 -13.1615 16.6672
v  3.6914 -13.2288 16.6672
v  3.6910 -13.2304 16.6269
v  3.3884 -13.1631 16.6269
v  1.6390 -13.0313 16.6269
v  1.6390 -13.0297 16.6672
v  1.9464 -13.0299 16.6672
v  1.9464 -13.0316 16.6269
v  1.0039 -13.0316 16.6269
v  1.0039 -13.0299 16.6672
v  1.3226 -13.0303 16.6672
v  1.3226 -13.0320 16.6269
v  0.0006 -13.0299 16.6672
v  0.3414 -13.0299 16.6672
v  0.3414 -13.0316 16.6269
v  0.0006 -13.0316 16.6269
v  0.6736 -13.0299 16.6672
v  0.6736 -13.0316 16.6269
v  2.2540 -13.0343 16.6269
v  2.2541 -13.0326 16.6672
v  2.5399 -13.0449 16.6672
v  2.5398 -13.0465 16.6269
v  3.9802 -13.3075 16.6672
v  3.9797 -13.3091 16.6269
v  2.8230 -13.0788 16.6269
v  2.8232 -13.0771 16.6672
v  3.1050 -13.1118 16.6672
v  3.1048 -13.1135 16.6269
v  4.2612 -13.4060 16.6269
v  4.2618 -13.4045 16.6672
v  4.5168 -13.5174 16.6672
v  4.5161 -13.5188 16.6269
v  -4.6918 -13.6126 16.6672
v  -4.6910 -13.6140 16.6269
v  -4.3745 -13.4535 16.6672
v  -4.3739 -13.4550 16.6269
v  -3.2666 -13.1405 16.6672
v  -2.9159 -13.0893 16.6672
v  -2.9156 -13.0910 16.6269
v  -3.2663 -13.1421 16.6269
v  -1.9929 -13.0319 16.6269
v  -1.9929 -13.0303 16.6672
v  -1.6670 -13.0293 16.6672
v  -1.6670 -13.0309 16.6269
v  -1.3438 -13.0316 16.6269
v  -1.3438 -13.0299 16.6672
v  -1.0097 -13.0299 16.6672
v  -1.0097 -13.0316 16.6269
v  -0.6744 -13.0316 16.6269
v  -0.6744 -13.0299 16.6672
v  -0.3369 -13.0299 16.6672
v  -0.3369 -13.0316 16.6269
v  -2.5958 -13.0554 16.6269
v  -2.5959 -13.0538 16.6672
v  -2.2911 -13.0355 16.6672
v  -2.2911 -13.0372 16.6269
v  -3.6617 -13.2230 16.6672
v  -3.6613 -13.2246 16.6269
v  -4.0271 -13.3235 16.6672
v  -4.0266 -13.3251 16.6269
v  -9.0455 -15.6682 16.8686
v  -9.0833 -15.6650 16.8551
v  6.7438 -16.4981 16.6672
v  6.6892 -16.3923 16.6672
v  6.9007 -16.6252 16.6672
v  6.8167 -16.5736 16.6672
v  7.0005 -16.6579 16.6672
v  6.4713 -15.8113 16.6672
v  6.3097 -15.4175 16.6672
v  6.1248 -15.0255 16.6672
v  5.8980 -14.6354 16.6672
v  5.4845 -14.1447 16.6672
v  5.2517 -13.9410 16.6672
v  5.7050 -14.3792 16.6672
v  -8.8857 -13.2459 17.4598
v  -8.8338 -12.8051 17.5981
v  -8.6798 -12.0138 17.8925
v  -8.5214 -11.6514 18.0501
v  -8.3523 -11.3854 18.1688
v  -8.0925 -11.0860 18.3054
v  -7.7155 -10.7855 18.4482
v  -7.3566 -10.5916 18.5457
v  -7.0237 -10.4831 18.6192
v  -8.9756 -14.2284 17.1788
v  -8.9337 -13.7190 17.3193
v  -8.7675 -12.3666 17.7486
v  -9.0218 -15.0925 16.9640
v  -9.0016 -14.6400 17.0709
v  -7.0027 -16.6596 16.6670
v  -7.2091 -16.6787 16.6666
v  -6.6961 -16.4202 16.6672
v  -6.7494 -16.5068 16.6672
v  -6.8219 -16.5804 16.6672
v  -6.9070 -16.6288 16.6671
v  -6.6182 -16.2043 16.6672
v  -6.3731 -15.5731 16.6672
v  -6.5213 -15.9444 16.6672
v  -5.9829 -14.7676 16.6672
v  -6.2132 -15.2068 16.6672
v  -5.0721 -13.8137 16.6672
v  -5.3903 -14.0517 16.6672
v  -5.7126 -14.3900 16.6672
v  -9.0213 -16.2485 16.7478
v  -9.0315 -15.9450 16.7925
v  -8.9396 -16.4515 16.7005
v  -8.7708 -16.5660 16.6694
v  -8.6024 -16.6070 16.6620
v  -8.2042 -16.6504 16.6604
v  -7.7954 -16.6776 16.6636
v  -7.4738 -16.6834 16.6656
v  5.0201 -13.7748 16.6672
v  4.7782 -13.6244 16.6672
v  3.6986 -13.1997 16.6672
v  3.3945 -13.1321 16.6672
v  1.9465 -12.9999 16.6672
v  1.6390 -12.9997 16.6672
v  1.3225 -13.0003 16.6672
v  1.0039 -12.9999 16.6672
v  0.3414 -12.9999 16.6672
v  0.0006 -12.9999 16.6672
v  0.6736 -12.9999 16.6672
v  2.5423 -13.0150 16.6672
v  2.2549 -13.0026 16.6672
v  3.9890 -13.2788 16.6672
v  3.1094 -13.0822 16.6672
v  2.8268 -13.0473 16.6672
v  4.5300 -13.4904 16.6672
v  4.2728 -13.3766 16.6672
v  -4.7065 -13.5864 16.6672
v  -4.3865 -13.4260 16.6672
v  -2.9197 -13.0596 16.6672
v  -3.2718 -13.1109 16.6672
v  -1.6670 -12.9993 16.6672
v  -1.9932 -13.0003 16.6672
v  -1.0097 -12.9999 16.6672
v  -1.3438 -12.9999 16.6672
v  -0.3369 -12.9999 16.6672
v  -0.6744 -12.9999 16.6672
v  -2.2923 -13.0056 16.6672
v  -2.5985 -13.0239 16.6672
v  -3.6688 -13.1938 16.6672
v  -4.0363 -13.2950 16.6672
v  -9.0336 -15.6628 16.8416
v  7.2503 -16.7114 16.6269
v  7.2473 -16.8646 16.6356
v  7.2460 -16.8665 16.6157
v  7.2659 -16.8683 16.6157
v  7.2672 -16.8663 16.6356
v  7.3240 -16.7175 16.7974
v  7.3240 -16.7198 16.7776
v  7.3251 -16.6999 16.7756
v  7.3263 -16.6980 16.7954
v  7.2664 -16.8483 16.6157
v  7.2791 -16.7006 16.7540
v  7.2805 -16.6986 16.7738
v  7.2801 -16.7185 16.7761
v  7.2779 -16.8313 16.7892
v  7.2775 -16.8511 16.7915
v  7.2762 -16.8531 16.7716
v  7.2967 -16.8166 16.7874
v  7.3057 -16.8410 16.7901
v  7.3001 -16.7191 16.7764
v  7.3028 -16.6993 16.7747
v  7.3168 -16.8125 16.8070
v  7.3038 -16.8391 16.8100
v  7.3186 -16.8143 16.7872
v  7.3307 -16.6741 16.8527
v  7.3603 -16.2672 16.9830
v  7.4601 -14.3366 17.5910
v  7.4737 -13.8531 17.7392
v  7.4547 -12.9994 17.9948
v  7.4268 -12.5827 18.1161
v  7.3851 -12.1540 18.2381
v  7.3230 -11.7094 18.3593
v  7.2458 -11.2657 18.4756
v  7.1749 -10.9011 18.5683
v  7.0962 -10.5515 18.6530
v  7.0094 -10.2161 18.7297
v  6.8878 -9.8459 18.8093
v  7.4163 -15.3016 17.2897
v  7.4395 -14.8128 17.4431
v  7.4718 -13.4293 17.8673
v  7.3901 -15.7804 17.1380
v  6.6901 -9.4013 18.8974
v  6.4944 -9.0630 18.9585
v  6.2054 -8.6674 19.0233
v  5.9083 -8.3399 19.0720
v  5.5382 -8.0145 19.1160
v  5.1742 -7.7598 19.1476
v  4.6580 -7.4855 19.1790
v  4.2183 -7.3165 19.1971
v  3.8078 -7.1917 19.2043
v  3.2581 -7.0547 19.2194
v  2.7072 -6.9601 19.2296
v  2.2015 -6.8983 19.2364
v  1.6675 -6.8518 19.2412
v  1.1117 -6.8193 19.2453
v  0.5566 -6.8011 19.2478
v  0.0011 -6.7933 19.2483
v  6.9638 -16.8412 16.6157
v  6.5132 -16.4582 16.6157
v  6.5843 -16.5951 16.6157
v  6.6880 -16.7093 16.6157
v  6.8174 -16.7932 16.6157
v  6.3222 -15.9423 16.6157
v  6.1402 -15.4984 16.6157
v  5.7331 -14.7298 16.6157
v  5.9609 -15.1087 16.6157
v  5.1348 -14.0948 16.6157
v  5.3480 -14.2819 16.6157
v  5.5528 -14.4956 16.6157
v  -8.9342 -12.7995 17.6664
v  -8.9814 -13.2462 17.5348
v  -8.6254 -11.6244 18.1054
v  -8.7865 -12.0016 17.9487
v  -8.1712 -11.0190 18.3690
v  -8.4437 -11.3331 18.2299
v  -7.7885 -10.7122 18.5121
v  -7.0648 -10.3798 18.6864
v  -7.4157 -10.5068 18.6152
v  -6.9079 -9.9051 18.7969
v  -7.0285 -10.2913 18.7131
v  -7.0425 -10.3419 18.6988
v  -9.0200 -13.6883 17.4118
v  -9.0564 -14.2057 17.2758
v  -8.8765 -12.3681 17.8045
v  -9.0802 -14.6451 17.1667
v  -9.1002 -15.1277 17.0524
v  -6.7492 -9.5243 18.8737
v  -6.5090 -9.0893 18.9535
v  -6.2178 -8.6834 19.0204
v  -5.8806 -8.3145 19.0750
v  -5.5349 -8.0136 19.1155
v  -5.1575 -7.7508 19.1480
v  -4.7873 -7.5471 19.1716
v  -4.3158 -7.3523 19.1929
v  -3.8140 -7.1929 19.2095
v  -3.2855 -7.0606 19.2227
v  -2.6727 -6.9550 19.2330
v  -2.1993 -6.8983 19.2364
v  -1.6653 -6.8518 19.2412
v  -1.1095 -6.8193 19.2453
v  -0.5544 -6.8011 19.2478
v  -7.1930 -16.8656 16.6157
v  -6.9932 -16.8466 16.6157
v  -6.6062 -16.6254 16.6157
v  -6.5260 -16.4848 16.6157
v  -6.8510 -16.8076 16.6157
v  -6.7168 -16.7324 16.6157
v  -6.4449 -16.2876 16.6157
v  -6.3468 -16.0153 16.6157
v  -6.2041 -15.6491 16.6157
v  -6.0436 -15.2909 16.6157
v  -5.8193 -14.8769 16.6157
v  -5.2653 -14.2118 16.6157
v  -4.9645 -13.9701 16.6157
v  -5.5593 -14.5126 16.6157
v  -9.1251 -15.9346 16.8691
v  -9.1352 -16.2618 16.7948
v  -9.0701 -16.5278 16.7328
v  -8.8940 -16.7135 16.6851
v  -8.6254 -16.7983 16.6564
v  -8.2203 -16.8425 16.6340
v  -7.7972 -16.8674 16.6202
v  -7.4737 -16.8719 16.6164
v  4.9166 -13.9312 16.6157
v  3.3603 -13.3155 16.6157
v  3.6487 -13.3824 16.6157
v  1.9412 -13.1863 16.6157
v  2.2453 -13.1928 16.6157
v  1.3211 -13.1850 16.6157
v  1.6369 -13.1854 16.6157
v  0.0009 -13.1781 16.6157
v  0.3409 -13.1781 16.6157
v  0.6731 -13.1806 16.6157
v  1.0053 -13.1836 16.6157
v  2.5259 -13.2075 16.6157
v  2.8058 -13.2328 16.6157
v  3.9278 -13.4588 16.6157
v  4.2011 -13.5527 16.6157
v  3.0841 -13.2672 16.6157
v  4.4477 -13.6600 16.6157
v  4.6850 -13.7872 16.6157
v  -4.6170 -13.7551 16.6157
v  -4.3131 -13.6120 16.6157
v  -3.2368 -13.2962 16.6157
v  -2.8964 -13.2440 16.6157
v  -1.6658 -13.1863 16.6157
v  -1.3449 -13.1852 16.6157
v  -1.0094 -13.1848 16.6157
v  -0.6738 -13.1835 16.6157
v  -0.3365 -13.1805 16.6157
v  -2.2853 -13.1968 16.6157
v  -1.9866 -13.1893 16.6157
v  -3.6196 -13.3802 16.6157
v  -2.5835 -13.2134 16.6157
v  -3.9704 -13.4837 16.6157
v  7.3176 -16.7962 16.8054
v  7.3195 -16.7988 16.7856
v  7.3281 -16.6950 16.8267
v  -9.1169 -15.6689 16.9295
v  7.2692 -16.7247 16.6157
v  7.2699 -16.7160 16.6179
v  7.2702 -16.7131 16.6269
v  7.3093 -16.6925 16.8468
v  7.3293 -16.6931 16.8466
v  -6.7416 -10.2390 19.6521
v  -6.6757 -10.2240 19.8549
v  -6.6224 -10.2232 20.0282
v  -8.8917 -13.0130 17.6462
v  -9.0605 -15.7460 16.9490
v  -9.0258 -14.8281 17.1633
v  -8.9739 -13.9219 17.3908
v  -8.7718 -12.2052 17.9104
v  -8.6255 -11.7788 18.0936
v  -8.0357 -12.3279 18.5551
v  -7.9692 -12.5002 18.5807
v  -7.9763 -12.4496 18.5844
v  -7.9921 -12.4009 18.5799
v  -8.0128 -12.3611 18.5692
v  -7.9715 -12.5564 18.5674
v  -8.3003 -16.4600 17.4924
v  -8.2114 -16.3816 17.5882
v  -8.2159 -16.4038 17.5798
v  -8.2251 -16.4238 17.5675
v  -8.2838 -16.4588 17.5076
v  -8.2659 -16.4545 17.5245
v  -8.2494 -16.4466 17.5410
v  -8.2358 -16.4362 17.5554
v  -9.0725 -16.2358 16.8405
v  -8.9848 -16.3638 16.8892
v  -9.0115 -16.3544 16.8674
v  -9.0685 -16.2737 16.8365
v  -9.0362 -16.3347 16.8508
v  -9.0560 -16.3069 16.8403
v  -8.6088 -11.7536 18.1091
v  -8.5158 -11.7288 18.1932
v  -8.4967 -11.7450 18.2098
v  -8.5368 -11.7200 18.1740
v  -8.5601 -11.7204 18.1527
v  -8.5854 -11.7316 18.1301
v  -8.0593 -13.4198 18.3158
v  -8.2007 -15.8932 17.6952
v  -8.1284 -14.3433 18.0690
v  -8.1567 -14.8244 17.9479
v  -8.1857 -15.4004 17.8070
v  -8.0955 -13.8735 18.1923
v  -8.0160 -12.9957 18.4396
v  -8.6351 -11.7801 18.1008
v  -8.6304 -11.7794 18.0973
v  -8.6187 -11.7527 18.1161
v  -8.6138 -11.7531 18.1127
v  -8.9825 -13.9272 17.3981
v  -8.9783 -13.9246 17.3946
v  -8.9870 -13.9260 17.3942
v  -8.9009 -13.0217 17.6522
v  -8.9055 -13.0203 17.6483
v  -8.8970 -13.0180 17.6496
v  -9.0341 -14.8308 17.1713
v  -9.0299 -14.8294 17.1673
v  -9.0387 -14.8301 17.1673
v  -9.0195 -16.3546 16.8765
v  -9.0155 -16.3545 16.8720
v  -9.0439 -16.3354 16.8599
v  -9.0400 -16.3350 16.8553
v  -8.2010 -15.8931 17.7110
v  -8.2009 -15.8931 17.7050
v  -8.1966 -15.8941 17.7148
v  -8.2106 -16.3829 17.6048
v  -8.2109 -16.3825 17.5988
v  -8.0947 -13.8734 18.2091
v  -8.0950 -13.8735 18.2031
v  -8.0903 -13.8748 18.2128
v  -8.1276 -14.3433 18.0857
v  -8.1232 -14.3446 18.0895
v  -8.1279 -14.3433 18.0797
v  -8.0155 -12.9954 18.4562
v  -8.0156 -12.9955 18.4502
v  -8.0110 -12.9970 18.4599
v  -8.0587 -13.4196 18.3323
v  -8.0543 -13.4211 18.3360
v  -8.0589 -13.4197 18.3263
v  -8.2404 -16.4429 17.5659
v  -8.2383 -16.4399 17.5612
v  -8.2552 -16.4522 17.5507
v  -8.2524 -16.4495 17.5461
v  -8.5440 -11.7123 18.1833
v  -8.5409 -11.7156 18.1793
v  -8.5216 -11.7207 18.2038
v  -8.5192 -11.7240 18.1995
v  -8.5012 -11.7375 18.2217
v  -8.4994 -11.7406 18.2168
v  -8.0376 -12.3236 18.5703
v  -8.0368 -12.3252 18.5645
v  -8.5688 -11.7141 18.1607
v  -8.5649 -11.7169 18.1571
v  -8.5952 -11.7278 18.1372
v  -8.5905 -11.7296 18.1339
v  -7.9750 -12.4497 18.6012
v  -7.9754 -12.4496 18.5952
v  -7.9682 -12.5015 18.5974
v  -7.9685 -12.5011 18.5915
v  -7.9912 -12.4000 18.5970
v  -7.9915 -12.4003 18.5910
v  -8.0135 -12.3571 18.5854
v  -8.0133 -12.3586 18.5796
v  -8.2722 -16.4585 17.5341
v  -8.2691 -16.4565 17.5294
v  -8.2905 -16.4612 17.5171
v  -8.2871 -16.4600 17.5123
v  -9.0807 -16.2358 16.8491
v  -9.0766 -16.2358 16.8448
v  -9.0687 -15.7460 16.9576
v  -9.0736 -15.7462 16.9532
v  -9.0646 -15.7460 16.9533
v  -8.1863 -15.4002 17.8226
v  -8.1861 -15.4003 17.8166
v  -8.1818 -15.4013 17.8264
v  -8.7801 -12.2052 17.9191
v  -8.7845 -12.2028 17.9155
v  -8.7759 -12.2052 17.9147
v  -7.9706 -12.5562 18.5844
v  -7.9657 -12.5549 18.5891
v  -7.9709 -12.5563 18.5784
v  -8.2157 -16.4081 17.5951
v  -8.2119 -16.4118 17.5979
v  -8.2158 -16.4065 17.5894
v  -8.2282 -16.4309 17.5794
v  -8.2268 -16.4279 17.5743
v  -8.3089 -16.4604 17.5007
v  -8.3074 -16.4678 17.5002
v  -8.3046 -16.4602 17.4966
v  -8.9931 -16.3639 16.8979
v  -8.9890 -16.3638 16.8936
v  -9.0763 -16.2754 16.8452
v  -9.0723 -16.2745 16.8408
v  -9.0808 -16.2744 16.8413
v  -9.0636 -16.3081 16.8493
v  -9.0597 -16.3075 16.8447
v  -8.1569 -14.8244 17.9638
v  -8.1524 -14.8256 17.9676
v  -8.1568 -14.8244 17.9578
v  -9.0852 -16.2354 16.8451
v  -8.9925 -16.3694 16.8956
v  -9.0200 -16.3598 16.8733
v  -9.0458 -16.3395 16.8558
v  -9.0667 -16.3108 16.8448
v  -8.2247 -16.4354 17.5816
v  -8.2378 -16.4481 17.5673
v  -8.2532 -16.4578 17.5514
v  -8.2708 -16.4643 17.5342
v  -8.2897 -16.4672 17.5166
v  -8.2061 -16.3845 17.6085
v  -8.6390 -11.7768 18.0977
v  -8.6220 -11.7484 18.1135
v  -8.5976 -11.7226 18.1355
v  -8.5700 -11.7081 18.1602
v  -8.5439 -11.7063 18.1840
v  -8.5201 -11.7152 18.2058
v  -8.4986 -11.7328 18.2245
v  -8.0345 -12.3196 18.5735
v  -8.0100 -12.3537 18.5889
v  -7.9872 -12.3976 18.6008
v  -7.9706 -12.4487 18.6053
v  -7.9637 -12.5019 18.6014
v  -8.2014 -16.3855 17.6125
v  -8.1559 -16.3921 17.6256
v  -8.1146 -16.3950 17.5999
v  -6.1596 -8.6753 19.0197
v  -5.9472 -8.8181 16.6674
v  -5.8429 -8.3335 19.0727
v  -5.6690 -8.4921 16.6671
v  -5.4996 -8.0361 19.1168
v  -5.3691 -8.2039 16.6676
v  0.0011 -6.8326 19.2508
v  -1.0438 -6.9045 16.6702
v  0.0011 -6.8936 16.6702
v  -3.7416 -7.3190 16.6702
v  -5.1226 -7.7756 19.1516
v  -5.0447 -7.9453 16.6690
v  -4.7180 -7.5590 19.1774
v  -4.6487 -7.6954 16.6702
v  -4.2485 -7.4998 16.6702
v  -4.2898 -7.3833 19.1961
v  -3.7572 -7.2120 19.2141
v  -2.0838 -6.9780 16.6702
v  -1.5737 -6.9310 16.6702
v  -3.1995 -7.0810 19.2273
v  -2.6403 -6.9892 19.2361
v  -3.2016 -7.1689 16.6702
v  -2.6515 -7.0604 16.6702
v  -2.0765 -6.9275 19.2419
v  -1.0438 -6.8565 19.2486
v  -0.5215 -6.8411 19.2500
v  -7.0956 -11.0388 16.6725
v  -7.1439 -11.0414 17.9810
v  -7.2806 -11.7802 17.5263
v  -7.2647 -11.7685 16.6739
v  -6.4659 -9.0930 18.9593
v  -6.9986 -10.3283 18.7107
v  -6.8620 -9.8887 18.8065
v  -6.2111 -9.1896 16.6678
v  -6.4258 -9.5323 16.6680
v  -6.6857 -9.4814 18.8882
v  -7.3941 -12.8691 16.6743
v  -7.3916 -14.7433 16.6740
v  -7.4161 -14.1894 16.8076
v  -7.4152 -14.1599 16.6740
v  -7.4247 -13.7505 16.9120
v  -7.4202 -13.3272 17.0244
v  -7.4225 -13.7092 16.6742
v  -7.4042 -12.9394 17.1285
v  -7.4148 -13.2807 16.6743
v  -7.3754 -12.5544 17.2399
v  -7.3639 -12.4947 16.6742
v  -7.0635 -10.6626 18.3099
v  -1.5725 -6.8884 19.2456
v  -0.5214 -6.8920 16.6702
v  -7.3316 -12.1440 17.3739
v  -7.3204 -12.1217 16.6740
v  -7.2203 -11.4249 17.7197
v  -7.1964 -11.4249 16.6735
v  6.1618 -8.6753 19.0197
v  5.9494 -8.8181 16.6674
v  5.8451 -8.3335 19.0727
v  5.6712 -8.4921 16.6671
v  5.5019 -8.0361 19.1168
v  5.3713 -8.2039 16.6676
v  1.0476 -6.9119 16.6702
v  3.7131 -7.3119 16.6702
v  5.1271 -7.7768 19.1516
v  5.0355 -7.9355 16.6702
v  4.7202 -7.5590 19.1774
v  4.6393 -7.6874 16.6702
v  4.1997 -7.4858 16.6702
v  4.2481 -7.3638 19.1987
v  3.7309 -7.2015 19.2154
v  2.0849 -6.9865 16.6702
v  3.1907 -7.0769 19.2278
v  2.6426 -6.9892 19.2361
v  3.1877 -7.1675 16.6702
v  2.6507 -7.0645 16.6702
v  2.0787 -6.9275 19.2419
v  1.0460 -6.8565 19.2486
v  1.5852 -6.9414 16.6702
v  0.5237 -6.8411 19.2500
v  7.1671 -11.0423 18.5397
v  7.2889 -11.7309 18.3599
v  6.4682 -9.0930 18.9593
v  6.9882 -10.2840 18.7171
v  6.8642 -9.8887 18.8065
v  6.2133 -9.1896 16.6678
v  6.4280 -9.5323 16.6680
v  6.8084 -10.2672 16.6695
v  6.6879 -9.4814 18.8882
v  6.6288 -9.8951 16.6688
v  7.3962 -12.8692 16.6743
v  7.2828 -16.6893 16.6721
v  7.3504 -15.8058 17.1371
v  7.3758 -15.3246 17.2888
v  7.3500 -15.6420 16.6726
v  7.3997 -14.8414 17.4404
v  7.4210 -14.3601 17.5901
v  7.3982 -14.6335 16.6737
v  7.4165 -14.1598 16.6740
v  7.4349 -13.8915 17.7343
v  7.4332 -13.4384 17.8716
v  7.4234 -13.7092 16.6742
v  7.4174 -12.9978 18.0025
v  7.4170 -13.2807 16.6743
v  7.3881 -12.5737 18.1246
v  7.3636 -12.4735 16.6741
v  6.9664 -10.6496 16.6707
v  7.0843 -10.6652 18.6313
v  1.5747 -6.8884 19.2456
v  0.5298 -6.9018 16.6702
v  7.3474 -12.1705 18.2390
v  7.3185 -12.0865 16.6738
v  7.2320 -11.3865 18.4519
v  7.3759 -15.1293 16.6732
v  7.3193 -16.1642 16.6722
v  7.3214 -16.2622 16.9929
v  -7.1831 -11.0508 18.0173
v  -7.3195 -11.7885 17.5632
v  -7.4355 -14.7433 16.7138
v  -7.4558 -14.1958 16.8438
v  -7.4621 -13.7578 16.9514
v  -7.4596 -13.3340 17.0609
v  -7.4459 -12.9453 17.1655
v  -7.4175 -12.5597 17.2783
v  -7.1007 -10.6754 18.3482
v  -7.3738 -12.1679 17.4071
v  -7.2605 -11.4325 17.7547
v  -7.1566 -11.0484 18.0037
v  -7.2917 -11.7867 17.5509
v  -7.0148 -10.3556 18.7039
v  -7.4032 -14.7433 16.7021
v  -7.4270 -14.1942 16.8327
v  -7.4344 -13.7557 16.9385
v  -7.4312 -13.3323 17.0495
v  -7.4158 -12.9444 17.1546
v  -7.3869 -12.5595 17.2669
v  -7.0754 -10.6715 18.3333
v  -7.3424 -12.1499 17.3990
v  -7.2330 -11.4310 17.7426
v  -5.8959 -8.8580 16.6157
v  -5.6217 -8.5367 16.6157
v  -5.3263 -8.2528 16.6157
v  -1.0414 -6.9695 16.6157
v  0.0005 -6.9586 16.6157
v  -3.7219 -7.3810 16.6157
v  -5.0070 -7.9983 16.6157
v  -4.6171 -7.7522 16.6157
v  -4.2233 -7.5597 16.6157
v  -2.0762 -7.0426 16.6157
v  -1.5691 -6.9959 16.6157
v  -3.1866 -7.2322 16.6157
v  -2.6405 -7.1245 16.6157
v  -7.0333 -11.0574 16.6157
v  -7.2007 -11.7799 16.6157
v  -6.1570 -9.2256 16.6157
v  -6.3698 -9.5653 16.6157
v  -7.3293 -12.8734 16.6157
v  -7.3267 -14.7406 16.6157
v  -7.3502 -14.1580 16.6157
v  -7.3575 -13.7092 16.6157
v  -7.3498 -13.2830 16.6157
v  -7.2992 -12.5011 16.6157
v  -0.5208 -6.9570 16.6157
v  -7.2560 -12.1306 16.6157
v  -7.1330 -11.4394 16.6157
v  5.8982 -8.8580 16.6157
v  5.6239 -8.5367 16.6157
v  5.3285 -8.2527 16.6157
v  1.0452 -6.9768 16.6157
v  3.6935 -7.3738 16.6157
v  4.9979 -7.9885 16.6157
v  4.6084 -7.7446 16.6157
v  4.1752 -7.5460 16.6157
v  2.0776 -7.0510 16.6157
v  3.1730 -7.2308 16.6157
v  2.6402 -7.1287 16.6157
v  1.5805 -7.0062 16.6157
v  6.1592 -9.2256 16.6157
v  6.3720 -9.5653 16.6157
v  6.7491 -10.2937 16.6157
v  6.5711 -9.9250 16.6157
v  7.3313 -12.8735 16.6157
v  7.2851 -15.6384 16.6157
v  7.3333 -14.6308 16.6157
v  7.3515 -14.1581 16.6157
v  7.3584 -13.7091 16.6157
v  7.3520 -13.2829 16.6157
v  7.2989 -12.4799 16.6157
v  6.9055 -10.6724 16.6157
v  0.5287 -6.9668 16.6157
v  7.2542 -12.0955 16.6157
v  7.3109 -15.1262 16.6157
v  7.2544 -16.1601 16.6157
v  -5.9344 -8.8280 16.6260
v  -5.6572 -8.5032 16.6256
v  -5.3584 -8.2161 16.6261
v  -1.0432 -6.9207 16.6287
v  0.0010 -6.9098 16.6287
v  -3.7367 -7.3345 16.6287
v  -5.0353 -7.9585 16.6275
v  -4.6409 -7.7096 16.6287
v  -4.2422 -7.5147 16.6287
v  -2.0819 -6.9941 16.6287
v  -1.5725 -6.9472 16.6287
v  -3.1979 -7.1847 16.6287
v  -2.6488 -7.0763 16.6287
v  -7.0800 -11.0434 16.6310
v  -7.2488 -11.7714 16.6325
v  -6.1976 -9.1985 16.6264
v  -6.4119 -9.5405 16.6266
v  -7.3780 -12.8702 16.6328
v  -7.3755 -14.7426 16.6326
v  -7.3990 -14.1594 16.6326
v  -7.4063 -13.7092 16.6328
v  -7.3986 -13.2813 16.6329
v  -7.3478 -12.4963 16.6327
v  -0.5213 -6.9082 16.6287
v  -7.3044 -12.1239 16.6326
v  -7.1806 -11.4285 16.6321
v  5.9367 -8.8280 16.6260
v  5.6594 -8.5033 16.6256
v  5.3606 -8.2160 16.6261
v  1.0470 -6.9281 16.6287
v  3.7082 -7.3273 16.6287
v  5.0261 -7.9487 16.6287
v  4.6316 -7.7016 16.6287
v  4.1936 -7.5008 16.6287
v  2.0831 -7.0025 16.6287
v  3.1840 -7.1833 16.6287
v  2.6481 -7.0805 16.6287
v  1.5840 -6.9575 16.6287
v  6.1998 -9.1985 16.6264
v  6.4141 -9.5405 16.6266
v  6.7936 -10.2738 16.6280
v  6.6144 -9.9025 16.6273
v  7.3800 -12.8702 16.6328
v  7.2642 -16.6919 16.6323
v  7.3338 -15.6411 16.6312
v  7.3820 -14.6329 16.6323
v  7.4003 -14.1594 16.6326
v  7.4072 -13.7092 16.6328
v  7.4008 -13.2813 16.6329
v  7.3475 -12.4751 16.6326
v  6.9512 -10.6553 16.6292
v  0.5295 -6.9180 16.6287
v  7.3025 -12.0887 16.6324
v  7.3597 -15.1285 16.6317
v  7.3031 -16.1632 16.6307
v  -7.3893 -15.6664 16.6157
v  -7.3319 -15.6664 16.6157
v  -6.6827 -16.4131 16.6157
v  -7.0029 -16.6689 16.6157
v  -6.8176 -16.5859 16.6157
v  -6.7428 -16.5141 16.6157
v  -7.3768 -10.5493 18.5411
v  -7.0514 -10.4368 18.6190
v  -7.3725 -10.5489 18.5296
v  -7.7638 -10.7573 18.4405
v  -7.7598 -10.7546 18.4275
v  -8.1064 -11.0365 18.3121
v  -8.1033 -11.0325 18.2982
v  -8.3843 -11.3457 18.1733
v  -8.3819 -11.3410 18.1591
v  -8.5775 -11.6528 18.0384
v  -8.5755 -11.6466 18.0237
v  -8.7255 -12.0095 17.8905
v  -8.7241 -12.0024 17.8752
v  -8.8229 -12.3867 17.7462
v  -8.8222 -12.3789 17.7306
v  -8.8888 -12.7999 17.6031
v  -8.8895 -12.7921 17.5872
v  -8.9373 -13.2505 17.4630
v  -8.9404 -13.2431 17.4464
v  -8.9791 -13.7285 17.3271
v  -8.9849 -13.7208 17.3097
v  -9.0210 -14.2399 17.1884
v  -9.0278 -14.2323 17.1709
v  -9.0477 -14.6574 17.0811
v  -9.0535 -14.6498 17.0638
v  -9.0645 -15.0924 16.9791
v  -9.0807 -15.6694 16.8495
v  -9.0837 -15.6661 16.8343
v  -9.0772 -15.9485 16.7970
v  -9.0780 -15.9458 16.7766
v  -9.0657 -16.2627 16.7429
v  -9.0646 -16.2578 16.7256
v  -9.0298 -16.3891 16.7148
v  -9.0298 -16.3844 16.6978
v  -8.9660 -16.4865 16.6840
v  -8.9642 -16.4796 16.6679
v  -8.8839 -16.5551 16.6622
v  -8.8825 -16.5484 16.6461
v  -8.7633 -16.6072 16.6460
v  -8.7621 -16.6008 16.6294
v  -8.6377 -16.6340 16.6333
v  -8.6354 -16.6234 16.6204
v  -8.4909 -16.6522 16.6287
v  -8.4883 -16.6409 16.6168
v  -8.3246 -16.6699 16.6283
v  -8.3228 -16.6581 16.6157
v  -7.8996 -16.6991 16.6261
v  -7.8960 -16.6858 16.6157
v  -7.4759 -16.7070 16.6286
v  -7.4760 -16.6952 16.6157
v  -7.2380 -16.7016 16.6295
v  -7.2376 -16.6894 16.6157
v  -7.0011 -16.6805 16.6287
v  -6.9015 -16.6492 16.6300
v  -6.9063 -16.6391 16.6157
v  -6.8098 -16.5970 16.6288
v  -6.7325 -16.5212 16.6290
v  -6.6715 -16.4173 16.6286
v  -6.5997 -16.2198 16.6287
v  -6.6110 -16.2159 16.6157
v  -6.5000 -15.9529 16.6310
v  -6.5089 -15.9497 16.6157
v  -6.3569 -15.5802 16.6301
v  -6.3673 -15.5760 16.6157
v  -6.1961 -15.2155 16.6279
v  -6.2090 -15.2101 16.6157
v  -5.9578 -14.7845 16.6272
v  -5.9704 -14.7777 16.6157
v  -5.6831 -14.4083 16.6275
v  -5.6941 -14.4005 16.6157
v  -5.0637 -13.8187 16.6157
v  -5.3922 -14.0841 16.6157
v  -5.3829 -14.0930 16.6279
v  -5.0559 -13.8287 16.6282
v  -4.6987 -13.6056 16.6283
v  -4.7047 -13.5948 16.6157
v  -4.3735 -13.4443 16.6281
v  -4.3785 -13.4337 16.6157
v  -4.0342 -13.3155 16.6280
v  -4.0381 -13.3049 16.6157
v  -3.6658 -13.2127 16.6278
v  -3.6691 -13.2007 16.6157
v  -3.2719 -13.1203 16.6157
v  -3.2691 -13.1328 16.6280
v  -2.9146 -13.0778 16.6280
v  -2.9169 -13.0645 16.6157
v  -2.2887 -13.0266 16.6281
v  -2.2899 -13.0133 16.6157
v  -1.6743 -13.0205 16.6277
v  -1.6747 -13.0076 16.6157
v  7.2230 -16.7031 16.6290
v  7.2233 -16.6912 16.6157
v  7.0033 -16.6806 16.6287
v  7.0051 -16.6689 16.6157
v  6.9024 -16.6522 16.6290
v  6.9085 -16.6391 16.6157
v  6.8108 -16.5986 16.6281
v  6.8184 -16.5858 16.6157
v  6.7335 -16.5221 16.6285
v  6.7450 -16.5141 16.6157
v  6.6739 -16.4172 16.6287
v  6.6849 -16.4131 16.6157
v  6.6019 -16.2198 16.6287
v  6.6132 -16.2160 16.6157
v  6.4479 -15.8186 16.6301
v  6.4592 -15.8147 16.6157
v  6.2866 -15.4226 16.6283
v  6.2976 -15.4178 16.6157
v  6.1010 -15.0282 16.6278
v  6.1161 -15.0235 16.6157
v  5.8810 -14.6470 16.6287
v  5.8949 -14.6430 16.6157
v  5.6890 -14.3932 16.6295
v  5.7005 -14.3879 16.6157
v  5.4823 -14.1531 16.6157
v  5.0065 -13.7859 16.6279
v  5.2496 -13.9484 16.6157
v  5.2409 -13.9568 16.6283
v  5.4725 -14.1601 16.6290
v  5.0141 -13.7766 16.6157
v  4.7687 -13.6385 16.6278
v  4.7752 -13.6287 16.6157
v  4.5236 -13.5097 16.6279
v  4.5291 -13.4996 16.6157
v  4.2621 -13.3964 16.6279
v  4.2666 -13.3859 16.6157
v  3.9829 -13.2990 16.6274
v  3.9867 -13.2866 16.6157
v  3.6895 -13.2197 16.6271
v  3.6924 -13.2059 16.6157
v  3.1064 -13.0887 16.6157
v  3.1053 -13.1012 16.6277
v  2.2559 -13.0189 16.6281
v  2.2564 -13.0098 16.6157
v  1.6410 -13.0170 16.6278
v  1.6413 -13.0057 16.6157
v  2.5451 -13.0222 16.6157
v  2.5445 -13.0313 16.6282
v  -7.3591 -10.5860 18.6233
v  -7.0533 -10.4616 18.6896
v  -7.7468 -10.8104 18.5145
v  -8.0709 -11.0885 18.3822
v  -8.3425 -11.3951 18.2337
v  -8.5226 -11.6969 18.0995
v  -8.6574 -12.0497 17.9568
v  -8.7434 -12.4220 17.8204
v  -8.8012 -12.8294 17.6853
v  -8.8450 -13.2734 17.5513
v  -8.8850 -13.7439 17.4191
v  -8.9268 -14.2466 17.2820
v  -8.9538 -14.6622 17.1748
v  -8.9712 -15.0954 17.0727
v  -8.9784 -15.6699 16.9517
v  -8.9849 -15.9384 16.8923
v  -8.9969 -16.2530 16.8187
v  -8.9813 -16.3669 16.8085
v  -8.9375 -16.4612 16.7777
v  -8.8644 -16.5234 16.7560
v  -8.7562 -16.5850 16.7397
v  -8.6360 -16.6242 16.7270
v  -8.4904 -16.6483 16.7222
v  -8.3242 -16.6644 16.7221
v  -7.8993 -16.6916 16.7197
v  -7.4760 -16.6994 16.7224
v  -7.2384 -16.6932 16.7233
v  -7.0028 -16.6721 16.7224
v  -6.9047 -16.6419 16.7238
v  -6.8145 -16.5907 16.7225
v  -6.7380 -16.5169 16.7227
v  -6.6775 -16.4145 16.7223
v  -6.6050 -16.2178 16.7224
v  -6.5048 -15.9511 16.7249
v  -6.3610 -15.5784 16.7240
v  -6.1996 -15.2137 16.7217
v  -5.9605 -14.7830 16.7210
v  -5.6850 -14.4071 16.7213
v  -5.3839 -14.0924 16.7217
v  -5.0562 -13.8288 16.7218
v  -4.6985 -13.6060 16.7216
v  -4.3734 -13.4443 16.7212
v  -4.0344 -13.3144 16.7212
v  -3.6661 -13.2112 16.7212
v  -3.2694 -13.1312 16.7217
v  -2.9148 -13.0762 16.7218
v  -2.2888 -13.0252 16.7219
v  -1.6744 -13.0204 16.7215
v  7.2239 -16.6939 16.7227
v  7.0048 -16.6733 16.7223
v  6.9058 -16.6444 16.7236
v  6.8155 -16.5924 16.7224
v  6.7391 -16.5178 16.7226
v  6.6795 -16.4146 16.7223
v  6.6073 -16.2178 16.7224
v  6.4528 -15.8167 16.7242
v  6.2886 -15.4198 16.7224
v  6.1043 -15.0265 16.7215
v  5.8838 -14.6451 16.7225
v  5.6912 -14.3915 16.7231
v  5.0070 -13.7858 16.7205
v  5.2415 -13.9566 16.7218
v  5.4737 -14.1592 16.7226
v  4.7695 -13.6379 16.7195
v  4.5247 -13.5086 16.7192
v  4.2631 -13.3949 16.7196
v  3.9837 -13.2974 16.7201
v  3.6901 -13.2164 16.7207
v  3.1052 -13.1021 16.7216
v  2.2555 -13.0258 16.7218
v  1.6408 -13.0187 16.7215
v  2.5439 -13.0397 16.7219
v  -1.0116 -13.0214 16.6277
v  -0.3379 -13.0217 16.6277
v  0.3374 -13.0217 16.6277
v  1.0070 -13.0213 16.6277
v  1.0071 -13.0090 16.6157
v  0.3375 -13.0095 16.6157
v  -0.3379 -13.0096 16.6157
v  -1.0118 -13.0092 16.6157
v  -1.0116 -13.0214 16.7214
v  -0.3379 -13.0217 16.7215
v  0.3374 -13.0217 16.7215
v  1.0070 -13.0211 16.7214
v  -2.5948 -13.0308 16.6157
v  -2.5935 -13.0438 16.6281
v  -2.5936 -13.0422 16.7219
v  -1.9930 -13.0085 16.6157
v  -1.9923 -13.0212 16.6279
v  -1.9923 -13.0205 16.7217
v  -1.3457 -13.0210 16.6277
v  -1.3457 -13.0210 16.7214
v  -1.3459 -13.0084 16.6157
v  -0.6753 -13.0216 16.6277
v  -0.6754 -13.0095 16.6157
v  -0.6753 -13.0216 16.7215
v  -0.0002 -13.0217 16.6277
v  -0.0002 -13.0096 16.6157
v  -0.0002 -13.0217 16.7215
v  0.6737 -13.0217 16.6277
v  0.6738 -13.0094 16.6157
v  0.6737 -13.0215 16.7215
v  1.3262 -13.0075 16.6157
v  1.3260 -13.0195 16.6277
v  1.3259 -13.0198 16.7215
v  1.9563 -13.0059 16.6157
v  1.9560 -13.0161 16.6279
v  1.9557 -13.0201 16.7216
v  -7.0513 -10.4361 18.6117
v  -7.3753 -10.5481 18.5354
v  -7.7627 -10.7546 18.4343
v  -8.1068 -11.0332 18.3055
v  -8.3856 -11.3424 18.1668
v  -8.5783 -11.6493 18.0314
v  -8.7261 -12.0060 17.8831
v  -8.8240 -12.3830 17.7386
v  -8.8916 -12.7963 17.5958
v  -8.9422 -13.2471 17.4558
v  -8.9855 -13.7252 17.3198
v  -9.0278 -14.2368 17.1812
v  -9.0542 -14.6543 17.0739
v  -9.0723 -15.0891 16.9718
v  -9.0850 -15.6681 16.8431
v  -9.0828 -15.9479 16.7886
v  -9.0688 -16.2613 16.7350
v  -9.0331 -16.3886 16.7062
v  -8.9677 -16.4857 16.6752
v  -8.8851 -16.5550 16.6532
v  -8.7641 -16.6080 16.6361
v  -8.6371 -16.6315 16.6252
v  -8.4901 -16.6496 16.6208
v  -8.3241 -16.6670 16.6197
v  -7.8982 -16.6953 16.6188
v  -7.4760 -16.7043 16.6199
v  -7.2377 -16.6991 16.6201
v  -7.0014 -16.6779 16.6200
v  -6.9022 -16.6479 16.6200
v  -6.8111 -16.5941 16.6200
v  -6.7349 -16.5197 16.6200
v  -6.6742 -16.4165 16.6199
v  -6.6022 -16.2190 16.6200
v  -6.4999 -15.9530 16.6203
v  -6.3581 -15.5798 16.6199
v  -6.1998 -15.2141 16.6194
v  -5.9619 -14.7824 16.6193
v  -5.6867 -14.4058 16.6197
v  -5.0584 -13.8257 16.6201
v  -5.3859 -14.0901 16.6200
v  -4.7003 -13.6026 16.6200
v  -4.3747 -13.4419 16.6198
v  -4.0350 -13.3132 16.6197
v  -3.6667 -13.2096 16.6197
v  -3.2700 -13.1292 16.6198
v  -2.9153 -13.0747 16.6199
v  -2.2893 -13.0233 16.6197
v  -1.6745 -13.0187 16.6181
v  7.2231 -16.7002 16.6197
v  7.0041 -16.6758 16.6218
v  6.9040 -16.6488 16.6190
v  6.8127 -16.5950 16.6188
v  6.7365 -16.5201 16.6191
v  6.6766 -16.4164 16.6199
v  6.6045 -16.2190 16.6200
v  6.4502 -15.8179 16.6203
v  6.2895 -15.4219 16.6195
v  6.1062 -15.0269 16.6193
v  5.8846 -14.6469 16.6198
v  5.6917 -14.3926 16.6209
v  5.2437 -13.9540 16.6211
v  5.4752 -14.1583 16.6213
v  5.0090 -13.7829 16.6205
v  4.7707 -13.6356 16.6201
v  4.5252 -13.5070 16.6199
v  4.2632 -13.3938 16.6198
v  3.9840 -13.2957 16.6191
v  3.6904 -13.2158 16.6191
v  3.1057 -13.0984 16.6194
v  2.2561 -13.0193 16.6159
v  1.6411 -13.0177 16.6154
v  2.5447 -13.0310 16.6168
v  1.0070 -13.0216 16.6157
v  0.3374 -13.0220 16.6157
v  -1.0117 -13.0215 16.6158
v  -0.3379 -13.0220 16.6157
v  -2.5942 -13.0401 16.6197
v  -1.9926 -13.0176 16.6203
v  -1.3458 -13.0205 16.6165
v  -0.6754 -13.0219 16.6157
v  -0.0002 -13.0220 16.6157
v  0.6738 -13.0219 16.6157
v  1.3261 -13.0200 16.6156
v  1.9561 -13.0168 16.6155
v  3.3919 -13.1555 16.6272
v  3.3937 -13.1417 16.6157
v  3.3922 -13.1522 16.7212
v  3.3926 -13.1517 16.6193
v  2.8257 -13.0477 16.6157
v  2.8249 -13.0583 16.6281
v  2.8244 -13.0646 16.7218
v  2.8251 -13.0568 16.6182
v  7.2707 -16.7003 16.6737
v  7.2583 -16.7027 16.6459
v  7.2792 -16.6971 16.6730
v  7.2628 -16.6998 16.6368
v  7.2921 -16.6717 16.8620
v  7.2885 -16.6795 16.8628
v  7.1985 -11.3690 17.2133
v  -7.0152 -10.4130 18.5794
v  -7.0635 -10.4422 18.6032
v  -7.0274 -10.4326 18.5958
v  -7.0448 -10.3714 18.6993
v  -7.0516 -10.4394 18.6020
v  -7.0659 -10.4407 18.6090
v  -7.0671 -10.4417 18.6151
v  -7.3905 -15.2048 16.6449
v  -7.4124 -15.2049 16.6648
v  -7.3293 -15.2035 16.6157
v  -7.3824 -15.2045 16.6241
v  -9.0731 -15.0842 16.9616
v  -7.4182 -16.0094 16.6157
v  -7.4471 -16.3523 16.6157
v  -7.2690 -16.3484 16.6157
v  -7.3004 -16.0074 16.6157
v  -7.6225 -10.8060 18.2986
v  -7.4789 -10.8786 18.1942
v  -7.3312 -10.9643 18.1051
v  -7.1692 -10.6408 18.3906
v  -7.2378 -10.6058 18.4327
v  -7.3060 -10.5728 18.4767
v  -7.8514 -14.6002 16.7471
v  -8.2659 -14.4522 16.7792
v  -8.6742 -14.3050 16.8345
v  -7.8584 -14.0545 16.8705
v  -8.2601 -13.9103 16.8970
v  -8.6501 -13.7776 16.9739
v  -7.8548 -13.6033 16.9795
v  -8.2458 -13.4459 17.0097
v  -8.6168 -13.3106 17.1223
v  -7.8424 -13.1697 17.0943
v  -8.2220 -13.0026 17.1337
v  -8.5748 -12.8672 17.2781
v  -7.8167 -12.7720 17.2103
v  -8.1814 -12.5979 17.2691
v  -8.5182 -12.4589 17.4306
v  -7.7711 -12.3863 17.3370
v  -8.1160 -12.2148 17.4167
v  -8.4341 -12.0800 17.5887
v  -7.7018 -12.0129 17.4812
v  -8.3051 -11.7206 17.7632
v  -7.6020 -11.6494 17.6569
v  -7.8828 -11.5167 17.7650
v  -8.1443 -11.4079 17.9326
v  -7.4811 -11.3103 17.8585
v  -7.6998 -11.1898 17.9667
v  -7.9075 -11.0947 18.1109
v  -8.6834 -14.7389 16.7311
v  -8.2655 -14.8970 16.6892
v  -7.8435 -15.0521 16.6602
v  -8.6831 -15.1853 16.6470
v  -8.2549 -15.3505 16.6286
v  -7.8235 -15.5120 16.6204
v  -8.6836 -15.7246 16.6157
v  -8.2631 -15.8247 16.6157
v  -7.8414 -15.9198 16.6157
v  -8.6784 -16.0313 16.6157
v  -7.8584 -16.2488 16.6157
v  -8.6718 -16.3573 16.6157
v  -8.2738 -16.4721 16.6157
v  -7.8752 -16.5847 16.6157
v  -7.6953 -10.7790 18.3607
v  -8.9095 -14.6600 16.8582
v  -8.9285 -15.0976 16.7582
v  -8.9252 -15.6754 16.6719
v  -8.9071 -15.9725 16.6468
v  -8.8867 -16.3147 16.6359
v  -8.8879 -14.2379 16.9721
v  -8.8452 -13.7230 17.1206
v  -8.7976 -13.2525 17.2704
v  -8.7461 -12.8061 17.4256
v  -8.6856 -12.3948 17.5739
v  -8.5904 -12.0227 17.7286
v  -8.4480 -11.6708 17.8902
v  -8.2690 -11.3670 18.0419
v  -8.0110 -11.0578 18.2001
v  -7.0800 -10.4754 18.6825
v  -7.0933 -10.4500 18.6025
v  -7.0945 -10.4510 18.6085
v  -7.0914 -10.4518 18.5964
v  7.1795 -11.3724 17.1945
v  7.1364 -11.3724 17.1945
v  7.0774 -11.0622 16.6254
v  7.0789 -11.0624 16.6554
v  7.0685 -11.0335 16.6257
v  7.0984 -11.0386 16.6725
v  7.0888 -11.0102 16.6723
v  7.0995 -11.0389 16.7024
v  7.0437 -11.0621 16.6157
v  7.0447 -11.0623 16.6457
v  7.0337 -11.0338 16.6157
v  7.2357 -11.6862 16.6337
v  7.2361 -11.6860 16.6637
v  7.2406 -11.7158 16.6336
v  7.1925 -11.6864 16.6157
v  7.1970 -11.7161 16.6157
v  7.1929 -11.6861 16.6457
v  7.1176 -11.0423 17.1834
v  7.1187 -11.0425 17.2134
v  7.1258 -11.0716 17.2134
v  7.1048 -11.0664 17.1945
v  7.1120 -11.0955 17.1945
v  7.1034 -11.0661 17.1645
v  7.2638 -11.6974 17.2138
v  7.2579 -11.6680 17.2137
v  7.2633 -11.6976 17.1838
v  7.2441 -11.6813 17.1947
v  7.2437 -11.6816 17.1647
v  7.2380 -11.6520 17.1947
v  7.2556 -11.7019 16.6738
v  7.2560 -11.7016 16.7038
v  7.2604 -11.7315 16.6738
v  6.7526 -11.6875 16.6159
v  6.7873 -11.6864 16.6157
v  6.7456 -11.6583 16.6159
v  6.7536 -11.6871 16.6459
v  7.0618 -11.0664 17.1945
v  7.0689 -11.0955 17.1945
v  7.0609 -11.0661 17.1645
v  7.2011 -11.6813 17.1947
v  7.2006 -11.6816 17.1647
v  7.1949 -11.6520 17.1947
v  6.6023 -11.0613 16.6156
v  6.6034 -11.0616 16.6456
v  6.6093 -11.0905 16.6156
v  6.6291 -11.0621 16.6157
v  6.6243 -11.0669 17.1945
v  6.6232 -11.0666 17.1646
v  6.6565 -11.0664 17.1945
v  6.6313 -11.0961 17.1945
v  6.6978 -11.3732 17.1946
v  6.7311 -11.3724 17.1945
v  6.7715 -11.6800 17.1945
v  6.7645 -11.6508 17.1945
v  6.7958 -11.6813 17.1947
v  6.7705 -11.6804 17.1645
v  6.7953 -11.6816 17.1647
v  6.7877 -11.6861 16.6457
v  6.7340 -11.7164 16.6157
v  6.5605 -11.0321 16.6157
v  6.7901 -11.6513 17.1947
v  6.6647 -11.0964 17.1945
v  6.6305 -11.0623 16.6457
v  6.6551 -11.0661 17.1645
v  6.6104 -11.0908 16.6456
v  6.7466 -11.6580 16.6458
v  6.7635 -11.6512 17.1645
v  6.6968 -11.3734 17.1646
v  6.6302 -11.0958 17.1646
v  -0.5214 -6.8914 16.7002
v  0.0011 -6.8930 16.7002
v  0.5298 -6.9011 16.7002
v  1.0477 -6.9112 16.7002
v  1.5852 -6.9408 16.7002
v  2.0850 -6.9858 16.7002
v  2.6509 -7.0637 16.7002
v  3.1880 -7.1665 16.7002
v  3.7135 -7.3106 16.7001
v  4.2003 -7.4844 16.7001
v  4.6402 -7.6858 16.7001
v  5.0369 -7.9337 16.7001
v  5.3731 -8.2020 16.6974
v  5.6733 -8.4902 16.6969
v  5.9519 -8.8161 16.6973
v  6.2161 -9.1876 16.6976
v  6.4309 -9.5306 16.6978
v  6.6314 -9.8937 16.6986
v  6.8106 -10.2661 16.6994
v  7.1993 -11.3688 17.2433
v  7.3639 -12.4734 16.7041
v  7.3965 -12.8691 16.7043
v  7.4173 -13.2807 16.7043
v  7.4237 -13.7092 16.7042
v  7.4169 -14.1599 16.7040
v  7.3986 -14.6336 16.7037
v  7.3763 -15.1293 16.7032
v  7.3506 -15.6420 16.7026
v  7.3201 -16.1643 16.7022
v  7.2860 -16.6563 16.7021
v  -7.0559 -10.6432 18.2882
v  -7.1383 -11.0241 17.9571
v  -7.2164 -11.4099 17.6940
v  -7.2779 -11.7676 17.4992
v  -7.3299 -12.1337 17.3457
v  -7.3743 -12.5457 17.2112
v  -7.4033 -12.9314 17.0996
v  -7.4196 -13.3195 16.9955
v  -7.4244 -13.7431 16.8829
v  -7.4159 -14.1824 16.7784
v  -7.4023 -14.4908 16.7040
v  -7.4156 -14.1599 16.7040
v  -7.4228 -13.7092 16.7042
v  -7.4151 -13.2807 16.7043
v  -7.3945 -12.8691 16.7043
v  -7.3643 -12.4947 16.7041
v  -7.3208 -12.1217 16.7040
v  -7.2652 -11.7684 16.7039
v  -7.1971 -11.4247 16.7035
v  -7.0966 -11.0384 16.7025
v  -6.4287 -9.5306 16.6978
v  -6.2139 -9.1877 16.6976
v  -5.9497 -8.8161 16.6973
v  -5.6711 -8.4901 16.6969
v  -5.3708 -8.2020 16.6974
v  -5.0461 -7.9435 16.6989
v  -4.6497 -7.6938 16.7001
v  -4.2491 -7.4984 16.7001
v  -3.7420 -7.3179 16.7002
v  -3.2018 -7.1679 16.7002
v  -2.6516 -7.0596 16.7002
v  -2.0839 -6.9774 16.7002
v  -1.5737 -6.9305 16.7002
v  -1.0438 -6.9039 16.7002
v  6.6345 -9.3996 18.8100
v  -6.9858 -10.2872 18.7196
v  7.2943 -16.6408 16.8719
v  7.0903 -11.0101 16.7025
v  7.2607 -11.7313 16.7039
v  7.3191 -12.0881 16.7039
v  7.2695 -11.7312 17.2419
v  6.9682 -10.6498 16.7004
v  7.1098 -11.0101 17.2418
v  -7.2901 -11.4299 17.7593
v  -7.2126 -11.0484 18.0222
v  -7.1303 -10.6735 18.3527
v  -7.0862 -10.4619 18.5804
v  -7.3608 -10.5619 18.5052
v  -7.7450 -10.7659 18.4039
v  -8.0855 -11.0408 18.2754
v  -8.3620 -11.3464 18.1372
v  -8.5541 -11.6487 18.0027
v  -8.7024 -12.0015 17.8545
v  -8.8008 -12.3758 17.7097
v  -8.8686 -12.7880 17.5660
v  -8.9205 -13.2386 17.4244
v  -8.9661 -13.7161 17.2868
v  -9.0097 -14.2275 17.1475
v  -9.0356 -14.6450 17.0402
v  -9.0544 -15.0795 16.9386
v  -9.0626 -15.6616 16.8134
v  -9.0538 -15.9418 16.7592
v  -9.0385 -16.2510 16.7119
v  -9.0052 -16.3701 16.6871
v  -8.9440 -16.4587 16.6597
v  -8.8674 -16.5225 16.6416
v  -8.7536 -16.5719 16.6277
v  -8.6311 -16.5938 16.6194
v  -8.4850 -16.6111 16.6164
v  -8.3203 -16.6282 16.6157
v  -7.8947 -16.6558 16.6157
v  -7.4760 -16.6652 16.6157
v  -7.2393 -16.6595 16.6157
v  -7.0087 -16.6393 16.6157
v  -6.9186 -16.6115 16.6157
v  -6.8360 -16.5619 16.6157
v  -6.7665 -16.4953 16.6157
v  -6.7099 -16.4002 16.6157
v  -6.6391 -16.2055 16.6157
v  -6.5369 -15.9389 16.6157
v  -6.3947 -15.5638 16.6157
v  -6.2358 -15.1965 16.6157
v  -5.9954 -14.7611 16.6157
v  -5.7169 -14.3809 16.6157
v  -5.4125 -14.0620 16.6157
v  -5.0812 -13.7944 16.6157
v  -4.7193 -13.5685 16.6157
v  -4.3905 -13.4061 16.6157
v  -4.0475 -13.2764 16.6157
v  -3.6762 -13.1716 16.6157
v  -3.2772 -13.0908 16.6157
v  -2.9208 -13.0347 16.6157
v  -2.5972 -13.0009 16.6157
v  -2.2910 -12.9833 16.6157
v  -1.9932 -12.9785 16.6157
v  -1.6747 -12.9776 16.6157
v  -1.3458 -12.9784 16.6157
v  -1.0117 -12.9792 16.6157
v  -0.6754 -12.9795 16.6157
v  -0.3379 -12.9796 16.6157
v  -0.0002 -12.9796 16.6157
v  0.3375 -12.9795 16.6157
v  0.6738 -12.9794 16.6157
v  1.0070 -12.9790 16.6157
v  1.3261 -12.9775 16.6157
v  1.6412 -12.9757 16.6157
v  1.9565 -12.9759 16.6157
v  2.2572 -12.9798 16.6157
v  2.5471 -12.9923 16.6157
v  2.8292 -13.0179 16.6157
v  3.1113 -13.0591 16.6157
v  3.3996 -13.1123 16.6157
v  3.6996 -13.1768 16.6157
v  3.9957 -13.2579 16.6157
v  4.2775 -13.3580 16.6157
v  4.5421 -13.4725 16.6157
v  4.7901 -13.6026 16.6157
v  5.0309 -13.7517 16.6157
v  5.2683 -13.9249 16.6157
v  5.5032 -14.1316 16.6157
v  5.7235 -14.3685 16.6157
v  5.9197 -14.6259 16.6157
v  6.1428 -15.0099 16.6157
v  6.3194 -15.4094 16.6166
v  6.4871 -15.8036 16.6157
v  6.6413 -16.2055 16.6157
v  6.7121 -16.4002 16.6157
v  6.7688 -16.4954 16.6157
v  6.8367 -16.5618 16.6157
v  6.9207 -16.6115 16.6157
v  7.0111 -16.6393 16.6157
v  7.1952 -16.6581 16.6157
v  7.2244 -16.1583 16.6157
v  7.2552 -15.6368 16.6157
v  7.2810 -15.1248 16.6157
v  7.3033 -14.6296 16.6157
v  7.3215 -14.1573 16.6157
v  7.3283 -13.7091 16.6157
v  7.3220 -13.2839 16.6157
v  7.3014 -12.8755 16.6157
v  7.2690 -12.4829 16.6157
v  7.2244 -12.0994 16.6157
v  7.1711 -11.7461 16.6157
v  6.7106 -11.7464 16.6157
v  6.5219 -11.0020 16.6157
v  6.9912 -11.0037 16.6157
v  6.8775 -10.6832 16.6157
v  6.7217 -10.3060 16.6157
v  6.5445 -9.9388 16.6157
v  6.3462 -9.5806 16.6157
v  6.1343 -9.2423 16.6157
v  5.8745 -8.8765 16.6157
v  5.6020 -8.5573 16.6157
v  5.3087 -8.2753 16.6157
v  4.9805 -8.0130 16.6157
v  4.5941 -7.7711 16.6157
v  4.1639 -7.5738 16.6157
v  3.6845 -7.4025 16.6157
v  3.1662 -7.2601 16.6157
v  2.6353 -7.1583 16.6157
v  2.0742 -7.0809 16.6157
v  1.5783 -7.0362 16.6157
v  1.0441 -7.0068 16.6157
v  0.5282 -6.9968 16.6157
v  0.0002 -6.9886 16.6157
v  -0.5205 -6.9870 16.6157
v  -1.0403 -6.9994 16.6157
v  -1.5670 -7.0258 16.6157
v  -2.0727 -7.0724 16.6157
v  -2.6355 -7.1540 16.6157
v  -3.1797 -7.2614 16.6157
v  -3.7129 -7.4096 16.6157
v  -4.2116 -7.5874 16.6157
v  -4.6024 -7.7784 16.6157
v  -4.9896 -8.0227 16.6157
v  -5.3065 -8.2754 16.6157
v  -5.5998 -8.5573 16.6157
v  -5.8722 -8.8765 16.6157
v  -6.1321 -9.2423 16.6157
v  -6.3440 -9.5806 16.6157
v  -7.0045 -11.0660 16.6157
v  -7.1038 -11.4462 16.6157
v  -7.1712 -11.7852 16.6157
v  -7.2263 -12.1347 16.6157
v  -7.2694 -12.5040 16.6157
v  -7.2993 -12.8753 16.6157
v  -7.3199 -13.2840 16.6157
v  -7.3275 -13.7092 16.6157
v  -7.3203 -14.1572 16.6157
v  -7.2967 -14.7401 16.6157
v  -7.2993 -15.2037 16.6157
v  -7.3020 -15.6964 16.6157
v  -7.4179 -15.6964 16.6146
v  -7.4424 -15.2062 16.6638
v  -7.4655 -14.7445 16.7132
v  -7.4858 -14.1964 16.8433
v  -7.4921 -13.7577 16.9507
v  -7.4896 -13.3333 17.0603
v  -7.4758 -12.9437 17.1656
v  -7.4474 -12.5573 17.2794
v  -7.4036 -12.1651 17.4096
v  -7.3491 -11.7858 17.5669
v  7.2251 -16.6594 16.6157
v  7.2665 -16.6601 16.6322
v  7.2849 -16.6582 16.6721
v  7.1947 -16.6882 16.6157
v  7.1944 -16.6970 16.6200
v  7.1942 -16.7001 16.6289
v  7.2843 -16.6864 16.7019
v  7.2807 -16.6942 16.7025
v  7.2723 -16.6974 16.7040
v  -0.5205 -10.2904 16.6157
v  6.5409 -9.4302 18.5691
v  6.6335 -9.3992 18.7997
v  6.6244 -9.4042 18.8008
v  6.6739 -9.4801 18.7750
v  6.6767 -9.4839 18.7843
v  6.6649 -9.4851 18.7761
v  6.5864 -9.3190 18.7884
v  6.5774 -9.3240 18.7895
v  6.5855 -9.3158 18.7983
v  6.5401 -9.2514 18.7429
v  6.5311 -9.2564 18.7440
v  6.5373 -9.2453 18.7508
v  6.5023 -9.2064 18.6699
v  6.4933 -9.2114 18.6710
v  6.4978 -9.1983 18.6746
v  6.7022 -9.5490 18.7181
v  6.6931 -9.5540 18.7192
v  6.7060 -9.5558 18.7249
v  6.7149 -9.5949 18.6373
v  6.7193 -9.6037 18.6406
v  6.7059 -9.5999 18.6384
v  6.7109 -9.6101 18.5448
v  6.7151 -9.6196 18.5441
v  6.7019 -9.6151 18.5459
v  6.6909 -9.5925 18.4549
v  6.6944 -9.6011 18.4503
v  6.6818 -9.5975 18.4560
v  6.6573 -9.5451 18.3813
v  6.6596 -9.5515 18.3735
v  6.6482 -9.5501 18.3824
v  6.6144 -9.4757 18.3352
v  6.6149 -9.4791 18.3254
v  6.6053 -9.4807 18.3363
v  6.5679 -9.3951 18.3237
v  6.5665 -9.3950 18.3134
v  6.5589 -9.4001 18.3248
v  6.4925 -9.2490 18.4063
v  6.4835 -9.2540 18.4074
v  6.4877 -9.2427 18.3996
v  6.4764 -9.2051 18.4877
v  6.4709 -9.1969 18.4845
v  6.4674 -9.2101 18.4888
v  6.4798 -9.1902 18.5803
v  6.4743 -9.1814 18.5811
v  6.4707 -9.1952 18.5814
v  6.5249 -9.3154 18.3487
v  6.5215 -9.3120 18.3395
v  6.5159 -9.3204 18.3498
v  -7.0691 -10.4617 18.5821
v  -7.0557 -10.4592 18.5808
v  -7.0312 -10.4515 18.5750
v  -7.0193 -10.4339 18.5569
v  -7.0087 -10.4027 18.5483
v  -7.9382 -11.6594 17.6809
v  -7.9964 -11.6960 17.6688
v  -8.0386 -11.7570 17.6394
v  -8.0535 -11.8270 17.6010
v  -8.0418 -11.8917 17.5631
v  -8.0068 -11.9492 17.5282
v  -7.9499 -11.9913 17.5030
v  -7.8777 -12.0085 17.4914
v  -7.8040 -11.9949 17.4941
v  -7.7432 -11.9538 17.5098
v  -7.7047 -11.8944 17.5356
v  -7.6920 -11.8270 17.5676
v  -7.7066 -11.7571 17.6051
v  -7.7475 -11.6976 17.6405
v  -7.8023 -11.6614 17.6650
v  -7.8693 -11.6471 17.6790
v  -8.0068 -11.6878 17.6764
v  -7.9433 -11.6476 17.6894
v  -7.8682 -11.6340 17.6869
v  -7.7953 -11.6494 17.6714
v  -7.7361 -11.6884 17.6448
v  -7.6924 -11.7518 17.6069
v  -7.6768 -11.8264 17.5670
v  -7.6904 -11.8988 17.5327
v  -7.7320 -11.9630 17.5051
v  -7.7979 -12.0077 17.4881
v  -7.8785 -12.0225 17.4851
v  -7.9571 -12.0038 17.4977
v  -8.0186 -11.9583 17.5252
v  -8.0561 -11.8971 17.5629
v  -8.0685 -11.8281 17.6037
v  -8.0522 -11.7534 17.6454
v  -7.6475 -11.9037 17.5279
v  -7.7427 -11.5812 17.7081
v  -7.6335 -11.8237 17.5656
v  -7.8733 -11.8258 17.9937
v  -7.9391 -11.6600 17.6959
v  -7.9991 -11.6990 17.6833
v  -8.0409 -11.7628 17.6531
v  -8.0536 -11.8342 17.6143
v  -8.0394 -11.8984 17.5764
v  -8.0029 -11.9536 17.5420
v  -7.9467 -11.9931 17.5176
v  -7.8769 -12.0088 17.5064
v  -7.8055 -11.9959 17.5090
v  -7.7459 -11.9569 17.5243
v  -7.7067 -11.8997 17.5495
v  -7.6919 -11.8336 17.5811
v  -7.7040 -11.7633 17.6186
v  -7.7434 -11.7018 17.6544
v  -7.7986 -11.6632 17.6795
v  -7.8676 -11.6474 17.6940
v  -7.9964 -11.6960 17.9937
v  -7.9860 -11.7069 17.9937
v  -7.9965 -11.6962 17.9787
v  -7.9382 -11.6594 17.9937
v  -7.9382 -11.6594 17.9787
v  -7.9327 -11.6733 17.9937
v  -8.0386 -11.7570 17.9937
v  -8.0247 -11.7627 17.9937
v  -8.0387 -11.7572 17.9787
v  -8.0535 -11.8270 17.9937
v  -8.0385 -11.8269 17.9937
v  -8.0535 -11.8273 17.9787
v  -8.0418 -11.8917 17.9937
v  -8.0279 -11.8863 17.9937
v  -8.0418 -11.8920 17.9787
v  -8.0068 -11.9492 17.9937
v  -7.9958 -11.9390 17.9937
v  -8.0066 -11.9493 17.9787
v  -7.9499 -11.9913 17.9937
v  -7.9436 -11.9777 17.9937
v  -7.9498 -11.9914 17.9787
v  -7.8777 -12.0085 17.9937
v  -7.8774 -11.9935 17.9937
v  -7.8777 -12.0085 17.9787
v  -7.8040 -11.9949 17.9937
v  -7.8096 -11.9810 17.9937
v  -7.8040 -11.9950 17.9787
v  -7.7432 -11.9538 17.9937
v  -7.7539 -11.9433 17.9937
v  -7.7433 -11.9539 17.9787
v  -7.7047 -11.8944 17.9937
v  -7.7186 -11.8887 17.9937
v  -7.7048 -11.8945 17.9787
v  -7.6920 -11.8270 17.9937
v  -7.7070 -11.8269 17.9937
v  -7.6920 -11.8272 17.9787
v  -7.7066 -11.7571 17.9937
v  -7.7204 -11.7628 17.9937
v  -7.7065 -11.7573 17.9787
v  -7.7475 -11.6976 17.9937
v  -7.7580 -11.7083 17.9937
v  -7.7473 -11.6978 17.9787
v  -7.8023 -11.6614 17.9937
v  -7.8083 -11.6752 17.9937
v  -7.8021 -11.6615 17.9787
v  -7.8693 -11.6471 17.9937
v  -7.8697 -11.6621 17.9937
v  -7.8692 -11.6472 17.9787
v  -8.2666 -16.1578 16.8126
v  -8.3513 -16.0730 16.6157
v  -8.3510 -16.0729 16.6307
v  -8.3107 -16.0463 16.6157
v  -8.3107 -16.0465 16.6307
v  -8.3780 -16.2018 16.6157
v  -8.3779 -16.2019 16.6307
v  -8.3864 -16.1577 16.6157
v  -8.4002 -16.1518 16.6157
v  -8.3863 -16.1577 16.6307
v  -8.1819 -16.2425 16.6157
v  -8.1822 -16.2426 16.6307
v  -8.2225 -16.2692 16.6157
v  -8.2225 -16.2690 16.6307
v  -8.1819 -16.0730 16.6157
v  -8.1818 -16.0733 16.6307
v  -8.1552 -16.1136 16.6157
v  -8.1553 -16.1137 16.6307
v  -8.1468 -16.1577 16.6157
v  -8.1469 -16.1577 16.6307
v  -8.1325 -16.1623 16.6157
v  -8.1552 -16.2018 16.6157
v  -8.1554 -16.2021 16.6307
v  -8.2666 -16.2776 16.6157
v  -8.2666 -16.2774 16.6307
v  -8.2672 -16.2926 16.6157
v  -8.3107 -16.2692 16.6157
v  -8.3110 -16.2689 16.6307
v  -8.2666 -16.0379 16.6157
v  -8.2666 -16.0380 16.6307
v  -8.2664 -16.0229 16.6157
v  -8.2225 -16.0463 16.6157
v  -8.2223 -16.0466 16.6307
v  -8.3513 -16.2425 16.6157
v  -8.3514 -16.2422 16.6307
v  -8.1568 -16.1143 16.8126
v  -8.1707 -16.1198 16.8126
v  -8.1567 -16.1142 16.7976
v  -8.1485 -16.1577 16.8126
v  -8.1484 -16.1577 16.7976
v  -8.1635 -16.1577 16.8126
v  -8.1583 -16.2049 16.8126
v  -8.1581 -16.2047 16.7976
v  -8.1721 -16.1989 16.8126
v  -8.1857 -16.2437 16.8126
v  -8.1854 -16.2436 16.7976
v  -8.1959 -16.2328 16.8126
v  -8.2223 -16.2672 16.8126
v  -8.2223 -16.2674 16.7976
v  -8.2279 -16.2533 16.8126
v  -8.2666 -16.2758 16.8126
v  -8.2666 -16.2760 16.7976
v  -8.2666 -16.2608 16.8126
v  -8.3138 -16.2660 16.8126
v  -8.3136 -16.2662 16.7976
v  -8.3078 -16.2523 16.8126
v  -8.3526 -16.2387 16.8126
v  -8.3525 -16.2390 16.7976
v  -8.3417 -16.2284 16.8126
v  -8.3761 -16.2021 16.8126
v  -8.3762 -16.2021 16.7976
v  -8.3622 -16.1965 16.8126
v  -8.3847 -16.1577 16.8126
v  -8.3848 -16.1577 16.7976
v  -8.3697 -16.1577 16.8126
v  -8.3780 -16.1136 16.6157
v  -8.3778 -16.1134 16.6307
v  -8.3749 -16.1105 16.8126
v  -8.3751 -16.1108 16.7976
v  -8.3611 -16.1165 16.8126
v  -8.3476 -16.0717 16.8126
v  -8.3478 -16.0718 16.7976
v  -8.3373 -16.0827 16.8126
v  -8.3110 -16.0483 16.8126
v  -8.3109 -16.0481 16.7976
v  -8.3053 -16.0622 16.8126
v  -8.2666 -16.0396 16.8126
v  -8.2666 -16.0395 16.7976
v  -8.2666 -16.0546 16.8126
v  -8.2194 -16.0495 16.8126
v  -8.2196 -16.0492 16.7976
v  -8.2254 -16.0632 16.8126
v  -8.1806 -16.0768 16.8126
v  -8.1807 -16.0765 16.7976
v  -8.1915 -16.0871 16.8126
v  -8.2168 -16.0321 16.6157
v  -8.1710 -16.0622 16.6157
v  -8.1410 -16.1079 16.6157
v  -8.1410 -16.2076 16.6157
v  -8.1710 -16.2533 16.6157
v  -8.2168 -16.2833 16.6157
v  -8.3922 -16.1079 16.6157
v  -8.3622 -16.0622 16.6157
v  -8.3165 -16.0321 16.6157
v  -8.3165 -16.2833 16.6157
v  -8.3622 -16.2533 16.6157
v  -8.3922 -16.2076 16.6157
v  -6.6461 -9.9135 16.7569
v  -6.6320 -9.9194 16.7569
v  -6.6165 -9.8756 16.6688
v  -6.6092 -9.8623 16.6699
v  -6.6534 -9.9202 16.7915
v  -6.6394 -9.9262 16.7915
v  -6.6506 -9.9187 16.7737
v  -6.6366 -9.9246 16.7737
v  -6.7311 -9.9373 17.4163
v  -6.7171 -9.9432 17.4172
v  -6.7033 -9.9128 17.2693
v  -6.6893 -9.9188 17.2706
v  -6.7779 -10.0114 17.5413
v  -6.7641 -10.0177 17.5428
v  -6.9003 -10.2890 17.6596
v  -6.8859 -10.2936 17.6605
v  -6.9016 -10.2889 17.6747
v  -6.8362 -10.1303 17.6248
v  -6.8221 -10.1359 17.6258
v  -6.9593 -10.4578 17.6507
v  -6.9447 -10.4622 17.6520
v  -7.0447 -10.7675 17.3988
v  -7.0307 -10.7735 17.3996
v  -7.0296 -10.6988 17.5162
v  -7.0155 -10.7042 17.5179
v  -7.0460 -10.7937 17.2612
v  -7.0320 -10.7996 17.2624
v  -7.0277 -10.8776 16.6331
v  -7.0334 -10.8913 16.6364
v  -7.0373 -10.8522 16.6723
v  -7.0419 -10.8666 16.6746
v  -6.9547 -10.9186 16.6157
v  -6.9735 -10.9101 16.6157
v  -6.9795 -10.9241 16.6157
v  -6.9896 -10.9032 16.6157
v  -6.9713 -10.9036 16.6293
v  -6.9651 -10.8974 16.6157
v  -6.5908 -9.8655 16.6319
v  -6.5840 -9.8519 16.6334
v  -6.5307 -9.8816 16.6157
v  -6.5357 -9.8959 16.6157
v  -6.5340 -9.8879 16.6292
v  -6.5231 -9.8684 16.6157
v  -6.5171 -9.8933 16.6157
v  -7.0253 -10.8025 16.7732
v  -7.0113 -10.8085 16.7732
v  -6.9484 -10.8352 16.7732
v  -6.9624 -10.8292 16.7732
v  -6.9424 -10.8212 16.7729
v  -6.9998 -10.9152 16.6171
v  -6.9484 -10.8352 17.2696
v  -6.9624 -10.8292 17.2684
v  -6.8749 -10.6337 17.6197
v  -6.8893 -10.6292 17.6178
v  -6.8185 -10.5003 17.6632
v  -6.8330 -10.4959 17.6619
v  -7.0012 -10.5936 17.6034
v  -6.9868 -10.5982 17.6053
v  -7.0024 -10.5947 17.6186
v  -6.9160 -10.7429 17.5295
v  -6.9301 -10.7375 17.5278
v  -6.9405 -10.8123 17.4050
v  -6.9545 -10.8063 17.4042
v  -6.5901 -9.9966 17.4254
v  -6.6041 -9.9907 17.4245
v  -6.5752 -9.9673 17.2804
v  -6.5892 -9.9613 17.2792
v  -6.6307 -10.0780 17.5571
v  -6.6445 -10.0718 17.5557
v  -6.6845 -10.1902 17.6360
v  -6.6986 -10.1846 17.6349
v  -6.7498 -10.3367 17.6690
v  -6.7642 -10.3321 17.6681
v  -6.5693 -9.9558 16.7915
v  -6.5833 -9.9498 16.7915
v  -6.5682 -9.9535 16.7737
v  -6.5822 -9.9476 16.7737
v  -6.5652 -9.9477 16.7569
v  -6.5792 -9.9418 16.7569
v  -6.5735 -9.9662 16.7724
v  -6.5469 -9.8747 16.6157
v  -6.5434 -9.8597 16.6162
v  -6.7257 -9.9241 17.4225
v  -6.6971 -9.8990 17.2713
v  -6.6443 -9.9040 16.7779
v  -6.8352 -10.1245 17.6391
v  -6.7744 -10.0012 17.5525
v  -6.9611 -10.4601 17.6658
v  -7.0296 -10.8171 16.7769
v  -7.0502 -10.8083 17.2627
v  -7.0489 -10.7813 17.4042
v  -7.0332 -10.7098 17.5264
v  -7.0229 -10.8566 16.6756
v  -7.0149 -10.8775 16.6433
v  -6.9857 -10.8975 16.6293
v  -6.6037 -9.8833 16.6726
v  -6.5485 -9.8817 16.6292
v  -6.5824 -9.8749 16.6422
v  -6.5812 -9.9812 17.2785
v  -6.5957 -10.0096 17.4192
v  -6.6349 -10.0880 17.5459
v  -6.6866 -10.1956 17.6216
v  -6.7501 -10.3380 17.6537
v  -6.8173 -10.4981 17.6480
v  -6.8719 -10.6273 17.6059
v  -6.9113 -10.7323 17.5192
v  -6.9347 -10.7990 17.3997
v  -6.9424 -10.8212 17.2683
v  -6.9635 -10.8919 16.6271
v  -6.5388 -9.9017 16.6282
v  -7.0246 -12.7993 19.8651
v  -6.9439 -11.8895 20.2397
v  -6.9030 -11.9072 20.2653
v  -7.1156 -12.7786 19.8115
v  -7.2122 -13.7142 19.3537
v  -7.0679 -13.7031 19.4504
v  -7.0496 -15.6919 18.7073
v  -7.2124 -15.6890 18.5507
v  -6.9657 -16.6477 18.4304
v  -7.1598 -16.6481 18.2830
v  -6.8543 -17.6022 18.2101
v  -7.0714 -17.6049 18.0761
v  -6.5782 -19.2919 17.9657
v  -6.7989 -19.3278 17.8070
v  -6.1640 -20.9240 17.8644
v  -6.3631 -20.9889 17.6803
v  -5.5155 -22.5515 17.8144
v  -5.7214 -22.6492 17.6133
v  -4.6512 -24.0004 17.7659
v  -4.8734 -24.1789 17.5643
v  -3.5336 -25.2737 17.7284
v  -3.7529 -25.5176 17.4922
v  -1.5895 -26.4279 17.5836
v  -1.7083 -26.8079 17.3244
v  -0.8053 -26.6388 17.5262
v  -0.8672 -27.0398 17.2551
v  -2.9262 -25.7468 17.7014
v  -3.1411 -26.0266 17.4586
v  -2.2791 -26.1359 17.6490
v  -2.4499 -26.4684 17.3930
v  -4.1325 -24.6725 17.7480
v  -4.3510 -24.8806 17.5217
v  -5.1149 -23.2943 17.7858
v  -5.3282 -23.4305 17.5823
v  -5.8798 -21.7532 17.8436
v  -6.0684 -21.8286 17.6376
v  -6.3940 -20.1128 17.8998
v  -6.6032 -20.1626 17.7262
v  -6.7306 -18.4463 18.0659
v  -6.9546 -18.4668 17.9232
v  -7.0813 -14.6892 19.0549
v  -7.2331 -14.6876 18.9170
v  -7.0793 -12.7943 19.8521
v  -7.1541 -13.7171 19.4226
v  -7.1633 -15.7035 18.6647
v  -7.0963 -16.6621 18.4008
v  -6.9903 -17.6155 18.1862
v  -6.7138 -19.3190 17.9235
v  -6.2948 -20.9679 17.8100
v  -5.6566 -22.6204 17.7624
v  -4.7962 -24.1151 17.7231
v  -3.6769 -25.4362 17.6840
v  -1.6608 -26.6675 17.5305
v  -0.8420 -26.8922 17.4722
v  -3.0600 -25.9312 17.6547
v  -2.3815 -26.3523 17.5953
v  -4.2785 -24.8108 17.7035
v  -5.2583 -23.3853 17.7384
v  -6.0125 -21.8075 17.7844
v  -6.5262 -20.1473 17.8495
v  -6.8684 -18.4669 18.0359
v  -7.1801 -14.6989 19.0126
v  -7.1140 -13.7131 19.4438
v  -7.1122 -15.7016 18.6976
v  -7.0340 -16.6574 18.4243
v  -6.9247 -17.6109 18.2066
v  -6.6499 -19.3073 17.9546
v  -6.2346 -20.9479 17.8476
v  -5.5904 -22.5885 17.7990
v  -4.7263 -24.0598 17.7543
v  -3.6074 -25.3578 17.7176
v  -1.6255 -26.5516 17.5692
v  -0.8238 -26.7694 17.5116
v  -2.9948 -25.8426 17.6903
v  -2.3314 -26.2482 17.6346
v  -4.2080 -24.7442 17.7365
v  -5.1897 -23.3419 17.7717
v  -5.9523 -21.7832 17.8261
v  -6.4645 -20.1318 17.8843
v  -6.8027 -18.4586 18.0607
v  -7.1356 -14.6978 19.0434
v  -7.1877 -13.7174 19.3921
v  -7.1961 -15.6986 18.6135
v  -7.1392 -16.6584 18.3514
v  -7.0423 -17.6137 18.1423
v  -6.7675 -19.3270 17.8757
v  -6.3408 -20.9827 17.7542
v  -5.7025 -22.6415 17.6988
v  -4.8508 -24.1586 17.6606
v  -3.7304 -25.4946 17.6090
v  -1.6936 -26.7668 17.4553
v  -0.8592 -26.9992 17.3958
v  -3.1149 -26.0012 17.5803
v  -2.4254 -26.4376 17.5177
v  -4.3307 -24.8601 17.6314
v  -5.3087 -23.4171 17.6749
v  -6.0536 -21.8236 17.7205
v  -6.5761 -20.1587 17.7976
v  -6.9221 -18.4702 17.9901
v  -7.2133 -14.6954 18.9697
v  -6.8589 -11.5270 20.3560
v  -6.8192 -11.5324 20.3915
v  -6.7958 -11.2501 20.3886
v  -6.7469 -11.2562 20.4248
v  -6.7357 -10.9546 20.3558
v  -6.6795 -10.9463 20.3948
v  -6.6719 -10.5863 20.2341
v  -6.6155 -10.5720 20.2716
v  -6.6846 -10.4915 20.0967
v  -6.6237 -10.4653 20.1151
v  -6.6111 -10.5126 20.1992
v  -6.6725 -10.5281 20.1747
v  -6.7060 -10.4675 19.9992
v  -6.6523 -10.4276 20.0106
v  -6.9299 -11.9004 20.2605
v  -6.8449 -11.5298 20.3809
v  -6.7778 -11.2517 20.4146
v  -6.7143 -10.9473 20.3840
v  -6.6503 -10.5728 20.2612
v  -6.6613 -10.4702 20.1090
v  -6.6463 -10.5133 20.1921
v  -6.6882 -10.4421 20.0063
v  -1.8819 -24.0822 16.9876
v  -1.4819 -24.5063 16.9923
v  -4.3091 -16.8731 17.6737
v  -2.3152 -23.5156 16.9961
v  -2.6725 -22.9462 17.0054
v  -2.9749 -22.3680 17.0063
v  -3.2343 -21.7694 16.9899
v  -3.4498 -21.1680 16.9538
v  -3.7854 -19.9203 16.9170
v  -3.9093 -19.3144 16.9350
v  -4.0145 -18.6921 16.9886
v  -4.0965 -18.0677 17.0748
v  -4.1422 -17.4690 17.1923
v  -4.1293 -16.8733 17.3363
v  -4.3259 -17.4945 17.5288
v  -4.2823 -18.1207 17.4109
v  -4.2021 -18.7457 17.3244
v  -4.0970 -19.3711 17.2725
v  -3.9732 -19.9964 17.2557
v  -3.8304 -20.6176 17.2728
v  -3.6593 -21.2393 17.3142
v  -3.4497 -21.8589 17.3509
v  -3.1907 -22.4830 17.3722
v  -2.8850 -23.0854 17.3751
v  -2.5169 -23.6748 17.3693
v  -2.0716 -24.2589 17.3657
v  -1.6332 -24.7402 17.3716
v  -1.1038 -25.1442 17.3624
v  -0.5711 -25.3712 17.3462
v  -0.5058 -25.0782 16.9542
v  -0.9785 -24.8843 16.9774
v  -3.6277 -20.5626 16.9258
v  -4.2042 -16.1428 17.8891
v  -4.0339 -16.1874 17.5177
v  -4.0002 -15.4549 18.1314
v  -3.8364 -15.5308 17.6944
v  -3.7065 -14.8915 18.3287
v  -3.5639 -14.9962 17.8352
v  -2.8410 -14.0509 18.6034
v  -2.7303 -14.2343 18.0364
v  -2.0309 -13.7039 18.6952
v  -1.9698 -13.9088 18.1259
v  -1.0297 -13.5269 18.7264
v  -0.9994 -13.7261 18.1758
v  -5.3773 -14.9304 18.8127
v  -5.4905 -15.8257 18.5117
v  -5.5218 -16.7145 18.2465
v  -5.4801 -17.5295 18.0510
v  -5.4021 -18.2735 17.9191
v  -5.2951 -19.0018 17.8298
v  -5.1584 -19.7183 17.7686
v  -4.9870 -20.4366 17.7332
v  -4.7855 -21.1394 17.7229
v  -4.5239 -21.8462 17.7152
v  -4.2298 -22.5181 17.6982
v  -3.8803 -23.1810 17.6735
v  -3.4782 -23.8188 17.6480
v  -3.0046 -24.4160 17.6176
v  -2.4883 -24.9475 17.5913
v  -1.9555 -25.3916 17.5572
v  -1.3543 -25.7439 17.5094
v  -0.6928 -25.9723 17.4676
v  -6.2521 -15.6911 18.6378
v  -6.2309 -16.6389 18.3688
v  -6.1565 -17.5494 18.1620
v  -6.0561 -18.3515 18.0264
v  -5.9258 -19.1438 17.9303
v  -5.7639 -19.9160 17.8676
v  -5.5610 -20.6834 17.8361
v  -5.3169 -21.4509 17.8216
v  -5.0022 -22.2062 17.7994
v  -4.6553 -22.9105 17.7711
v  -4.2491 -23.5926 17.7431
v  -3.7882 -24.2464 17.7179
v  -3.2521 -24.8438 17.6906
v  -2.6965 -25.3419 17.6620
v  -2.1152 -25.7547 17.6175
v  -1.4765 -26.0758 17.5592
v  -0.7515 -26.2983 17.5086
v  -6.1999 -14.7145 18.9660
v  -4.6267 -15.1843 18.5485
v  -4.7984 -15.9747 18.2576
v  -4.8778 -16.7936 18.0055
v  -4.8691 -17.5084 17.8299
v  -4.8120 -18.1953 17.7001
v  -4.7226 -18.8649 17.6113
v  -4.6052 -19.5304 17.5553
v  -4.4611 -20.2016 17.5273
v  -4.2979 -20.8494 17.5284
v  -4.0871 -21.5105 17.5442
v  -3.8416 -22.1554 17.5510
v  -3.5434 -22.8010 17.5462
v  -3.1950 -23.4232 17.5313
v  -2.7784 -24.0200 17.5091
v  -2.2953 -24.5835 17.4913
v  -1.8042 -25.0557 17.4742
v  -1.2346 -25.4384 17.4428
v  -0.6350 -25.6692 17.4127
v  -1.9579 -24.1472 16.8587
v  -1.5445 -24.5766 16.8767
v  -2.3976 -23.5724 16.8434
v  -2.7526 -22.9918 16.8502
v  -3.0577 -22.4075 16.8497
v  -3.3197 -21.8032 16.8324
v  -3.5334 -21.1953 16.8122
v  -3.8829 -19.9422 16.8493
v  -4.0076 -19.3328 16.8793
v  -4.1134 -18.7070 16.9235
v  -4.1960 -18.0781 16.9735
v  -4.2422 -17.4710 17.0444
v  -4.2185 -16.8644 17.1359
v  -0.5285 -25.1731 16.9020
v  -1.0223 -24.9693 16.8917
v  -3.7241 -20.5891 16.8253
v  -4.1141 -16.1660 17.2887
v  -3.9158 -15.4945 17.4485
v  -3.6209 -14.9317 17.6061
v  -2.7680 -14.1505 17.8506
v  -1.9951 -13.8200 17.9581
v  -1.0122 -13.6296 18.0192
v  -4.7992 -14.1885 19.0401
v  -3.1649 -13.3878 19.2436
v  -2.1551 -13.1444 19.2869
v  -1.0822 -13.0212 19.2950
v  0.0011 -12.9779 19.2979
v  -5.6613 -13.6409 19.3491
v  -3.2532 -12.9673 19.4643
v  -2.1830 -12.7864 19.5028
v  -1.0937 -12.6962 19.5197
v  -2.9952 -13.7433 18.9336
v  -2.0890 -13.4431 18.9930
v  -1.0534 -13.2874 19.0089
v  -4.2165 -14.5591 18.7445
v  -4.1784 -16.8801 17.5290
v  -0.5242 -25.1588 17.2049
v  -1.0140 -24.9562 17.2208
v  -1.5242 -24.5726 17.2287
v  -1.9388 -24.1254 17.2193
v  -2.3761 -23.5534 17.2245
v  -2.7368 -22.9789 17.2314
v  -3.0396 -22.3933 17.2280
v  -3.2985 -21.7865 17.2061
v  -3.5104 -21.1801 17.1679
v  -3.6858 -20.5717 17.1285
v  -3.8369 -19.9434 17.1136
v  -3.9604 -19.3316 17.1300
v  -4.0651 -18.7110 17.1824
v  -4.1459 -18.0899 17.2684
v  -4.1911 -17.4822 17.3852
v  -4.0791 -16.1780 17.7273
v  -3.8774 -15.5121 17.9377
v  -3.5988 -14.9780 18.1049
v  -2.7670 -14.1948 18.3449
v  -1.9912 -13.8565 18.4326
v  -1.0100 -13.6720 18.4686
v  0.0011 -13.6067 18.4814
v  -0.5448 -25.2505 17.2916
v  -1.0533 -25.0370 17.3069
v  -1.5724 -24.6438 17.3150
v  -1.9986 -24.1793 17.3065
v  -2.4398 -23.6016 17.3103
v  -2.8034 -23.0208 17.3160
v  -3.1071 -22.4279 17.3119
v  -3.3657 -21.8135 17.2891
v  -3.5760 -21.2017 17.2507
v  -3.7493 -20.5884 17.2092
v  -3.8961 -19.9660 17.1924
v  -4.0196 -19.3484 17.2087
v  -4.1243 -18.7266 17.2607
v  -4.2047 -18.1050 17.3467
v  -4.2495 -17.4888 17.4636
v  -4.2343 -16.8789 17.6084
v  -4.1311 -16.1636 17.8161
v  -3.9268 -15.4884 18.0434
v  -3.6411 -14.9440 18.2252
v  -2.7999 -14.1384 18.4832
v  -2.0093 -13.7950 18.5719
v  -1.0189 -13.6119 18.6039
v  -4.1421 -16.8772 17.4364
v  -4.0460 -16.1859 17.6257
v  -3.8471 -15.5262 17.8188
v  -3.5739 -14.9961 17.9723
v  -2.7437 -14.2260 18.1936
v  -1.9780 -13.8947 18.2824
v  -1.0034 -13.7116 18.3249
v  0.0011 -13.6467 18.3399
v  -0.5109 -25.0982 17.0883
v  -0.9884 -24.9030 17.1073
v  -1.4929 -24.5249 17.1180
v  -1.8979 -24.0927 17.1099
v  -2.3322 -23.5244 17.1167
v  -2.6936 -22.9555 17.1239
v  -2.9926 -22.3732 17.1235
v  -3.2515 -21.7719 17.1040
v  -3.4657 -21.1693 17.0665
v  -3.6444 -20.5639 17.0315
v  -3.8001 -19.9277 17.0193
v  -3.9241 -19.3200 17.0362
v  -4.0290 -18.6987 17.0892
v  -4.1103 -18.0761 17.1753
v  -4.1558 -17.4744 17.2922
v  -7.1532 -12.4000 18.9275
v  -7.2534 -13.5273 18.5463
v  -7.2090 -15.4516 17.9515
v  -7.1406 -16.4813 17.6991
v  -7.0497 -17.4973 17.4844
v  -6.7423 -19.2396 17.2280
v  -6.2785 -20.9670 17.0827
v  -5.6577 -22.6067 17.0373
v  -4.8383 -24.0986 17.0362
v  -3.6998 -25.4636 17.0360
v  -1.6939 -26.7151 17.0357
v  -0.8598 -26.9483 17.0365
v  -3.0953 -25.9553 17.0356
v  -2.4373 -26.3699 17.0377
v  -4.3115 -24.8110 17.0357
v  -5.2683 -23.3607 17.0359
v  -5.9787 -21.8214 17.0484
v  -6.5308 -20.1035 17.1430
v  -6.9193 -18.3701 17.3380
v  -7.2515 -14.4090 18.2558
v  -7.0151 -11.5467 19.2203
v  -6.9122 -11.1172 19.3697
v  -6.8019 -10.7767 19.5372
v  -6.7216 -10.6218 19.7039
v  -4.5817 -12.6586 18.8079
v  -3.3387 -12.4662 18.8876
v  -2.2809 -12.3744 18.9149
v  -1.0804 -12.3223 18.9385
v  0.0011 -12.3059 18.9459
v  -5.5757 -12.8587 18.7506
v  -5.6501 -12.8499 18.7656
v  -5.7040 -12.8164 18.7840
v  -5.7500 -12.7423 18.8284
v  -5.7655 -12.6033 18.8917
v  -5.7684 -11.8646 19.1508
v  -5.7694 -11.4881 19.2587
v  -5.7702 -11.1865 19.3593
v  -5.7705 -10.9262 19.4648
v  -5.7707 -10.6838 19.6231
v  -5.7668 -10.5766 19.7716
v  -6.6845 -10.4138 19.8996
v  -6.6815 -10.4336 19.8996
v  -6.6789 -10.4162 19.9187
v  -6.7163 -10.4273 19.8996
v  -6.7113 -10.4300 19.9188
v  -6.7085 -10.4457 19.8996
v  -6.7303 -10.4517 19.8996
v  -6.7256 -10.4547 19.9188
v  -6.7191 -10.4683 19.8996
v  -6.7563 -10.5507 19.8996
v  -6.7512 -10.5314 19.8996
v  -6.7542 -10.5614 19.9167
v  -6.7626 -10.5558 19.8814
v  -6.7363 -10.5507 19.8996
v  -6.6637 -10.5507 19.8996
v  -6.6710 -10.5325 19.8996
v  -6.6690 -10.5573 19.8815
v  -1.8819 -24.0822 16.8599
v  -1.8971 -24.0952 16.8597
v  -1.8819 -24.0822 16.8799
v  -2.3152 -23.5156 16.8447
v  -2.3152 -23.5156 16.8647
v  -2.3317 -23.5270 16.8445
v  -1.4781 -24.5019 16.8806
v  -1.4914 -24.5169 16.8798
v  -1.4788 -24.5027 16.9006
v  -0.5037 -25.0762 16.9074
v  -0.5042 -25.0771 16.9273
v  -0.5086 -25.0956 16.9063
v  -0.9741 -24.8819 16.8972
v  -0.9838 -24.8994 16.8961
v  -0.9752 -24.8825 16.9171
v  -2.6658 -22.9423 16.8541
v  -2.6667 -22.9428 16.8740
v  -2.6831 -22.9522 16.8533
v  -2.9676 -22.3645 16.8549
v  -2.9686 -22.3649 16.8749
v  -2.9857 -22.3731 16.8539
v  -3.2269 -21.7664 16.8385
v  -3.2279 -21.7668 16.8585
v  -3.2455 -21.7738 16.8373
v  -3.4386 -21.1639 16.8182
v  -3.4403 -21.1645 16.8381
v  -3.4576 -21.1701 16.8170
v  -3.6277 -20.5626 16.8278
v  -3.6277 -20.5626 16.8478
v  -3.6470 -20.5679 16.8273
v  -3.7854 -19.9203 16.8493
v  -3.7854 -19.9203 16.8693
v  -3.8049 -19.9247 16.8493
v  -3.9093 -19.3144 16.8793
v  -3.9093 -19.3144 16.8993
v  -3.9289 -19.3181 16.8793
v  -4.0145 -18.6921 16.9235
v  -4.0145 -18.6921 16.9435
v  -4.0343 -18.6951 16.9235
v  -4.0965 -18.0677 16.9735
v  -4.0965 -18.0677 16.9935
v  -4.1164 -18.0698 16.9735
v  -4.1422 -17.4690 17.0459
v  -4.1422 -17.4690 17.0659
v  -4.1622 -17.4694 17.0456
v  -4.1191 -16.8741 17.1407
v  -4.1202 -16.8741 17.1606
v  -4.1390 -16.8722 17.1397
v  -4.0170 -16.1889 17.2951
v  -4.0185 -16.1888 17.3150
v  -4.0364 -16.1843 17.2938
v  -3.8248 -15.5355 17.4553
v  -3.8258 -15.5351 17.4753
v  -3.8430 -15.5273 17.4540
v  -3.5407 -14.9912 17.6131
v  -3.5427 -14.9918 17.6329
v  -3.5568 -14.9793 17.6117
v  -2.7166 -14.2362 17.8581
v  -2.7184 -14.2354 17.8781
v  -2.7268 -14.2190 17.8566
v  -1.9623 -13.9144 17.9642
v  -1.9634 -13.9133 17.9842
v  -1.9688 -13.8955 17.9630
v  -0.9955 -13.7282 18.0233
v  -0.9961 -13.7277 18.0433
v  -0.9989 -13.7084 18.0225
v  -7.1121 -11.5342 19.2410
v  -7.0927 -11.5367 19.2368
v  -7.1090 -11.5409 19.2596
v  -7.2513 -12.3941 18.9459
v  -7.2484 -12.4022 18.9640
v  -7.2316 -12.3953 18.9423
v  -7.3520 -13.5288 18.5629
v  -7.3486 -13.5333 18.5821
v  -7.3323 -13.5285 18.5596
v  -7.3502 -14.4154 18.2707
v  -7.3469 -14.4231 18.2889
v  -7.3304 -14.4141 18.2677
v  -7.3078 -15.4599 17.9644
v  -7.2880 -15.4583 17.9618
v  -7.3048 -15.4671 17.9828
v  -7.2394 -16.4915 17.7105
v  -7.2368 -16.4968 17.7296
v  -7.2196 -16.4895 17.7082
v  -7.1483 -17.5108 17.4947
v  -7.1457 -17.5140 17.5142
v  -7.1286 -17.5081 17.4926
v  -7.0174 -18.3878 17.3459
v  -7.0153 -18.3905 17.3656
v  -6.9978 -18.3843 17.3443
v  -6.8398 -19.2612 17.2328
v  -6.8203 -19.2569 17.2319
v  -6.8384 -19.2635 17.2527
v  -6.6274 -20.1294 17.1458
v  -6.6266 -20.1305 17.1658
v  -6.6081 -20.1242 17.1452
v  -6.3736 -20.9976 17.0849
v  -6.3546 -20.9915 17.0844
v  -6.3733 -20.9974 17.1049
v  -6.0720 -21.8572 17.0512
v  -6.0719 -21.8562 17.0711
v  -6.0534 -21.8500 17.0506
v  -5.7484 -22.6486 17.0407
v  -5.7303 -22.6402 17.0401
v  -5.7475 -22.6486 17.0607
v  -5.3558 -23.4090 17.0396
v  -5.3548 -23.4098 17.0595
v  -5.3383 -23.3994 17.0388
v  -4.9214 -24.1540 17.0406
v  -4.9048 -24.1429 17.0397
v  -4.9196 -24.1550 17.0605
v  -4.3881 -24.8751 17.0408
v  -4.3866 -24.8753 17.0607
v  -4.3728 -24.8623 17.0397
v  -3.7680 -25.5365 17.0408
v  -3.7544 -25.5219 17.0398
v  -3.7673 -25.5357 17.0608
v  -3.1538 -26.0363 17.0395
v  -3.1532 -26.0358 17.0594
v  -3.1421 -26.0201 17.0387
v  -1.7282 -26.8091 17.0384
v  -1.7213 -26.7903 17.0379
v  -1.7268 -26.8090 17.0584
v  -0.8772 -27.0468 17.0397
v  -0.8764 -27.0462 17.0597
v  -0.8737 -27.0271 17.0391
v  -2.4850 -26.4578 17.0404
v  -2.4830 -26.4584 17.0603
v  -2.4754 -26.4402 17.0399
v  -7.0080 -11.0998 19.3922
v  -6.9889 -11.1033 19.3877
v  -7.0052 -11.1078 19.4103
v  -6.8155 -10.5984 19.7292
v  -6.8133 -10.6082 19.7465
v  -6.7967 -10.6031 19.7242
v  -6.8968 -10.7561 19.5612
v  -6.8947 -10.7662 19.5782
v  -6.8778 -10.7602 19.5564
v  -6.7303 -10.5307 19.8996
v  -6.7420 -10.5583 19.8811
v  -3.3387 -12.4662 19.7025
v  -3.3387 -12.4662 19.6825
v  -3.3356 -12.4841 19.6940
v  -4.5817 -12.6586 19.6947
v  -4.5919 -12.6746 19.6884
v  -4.5817 -12.6586 19.6747
v  -2.2809 -12.3744 19.7029
v  -2.2809 -12.3744 19.6829
v  -2.2802 -12.3925 19.6942
v  -1.0804 -12.3223 19.7037
v  -1.0804 -12.3223 19.6837
v  -1.0814 -12.3403 19.6948
v  0.0011 -12.3059 19.7039
v  -5.5757 -12.8587 19.6910
v  -5.5757 -12.8587 19.6709
v  -5.6501 -12.8499 19.7026
v  -5.6501 -12.8499 19.6826
v  -5.7040 -12.8164 19.7280
v  -5.7040 -12.8164 19.7080
v  -5.7500 -12.7423 19.7699
v  -5.7500 -12.7423 19.7499
v  -5.7655 -12.6033 19.8469
v  -5.7853 -12.6064 19.8472
v  -5.7655 -12.6033 19.8269
v  -5.7684 -11.8646 20.2211
v  -5.7884 -11.8653 20.2218
v  -5.7684 -11.8646 20.2011
v  -5.7694 -11.4881 20.3696
v  -5.7894 -11.4889 20.3701
v  -5.7694 -11.4881 20.3496
v  -5.7702 -11.1865 20.4119
v  -5.7901 -11.1879 20.4122
v  -5.7702 -11.1865 20.3919
v  -5.7705 -10.9262 20.3834
v  -5.7905 -10.9267 20.3836
v  -5.7705 -10.9262 20.3634
v  -5.7707 -10.5723 20.2719
v  -5.7907 -10.5723 20.2719
v  -5.7707 -10.5757 20.2522
v  -5.7801 -10.5061 20.1891
v  -5.8001 -10.5062 20.1894
v  -5.7792 -10.5091 20.1694
v  -5.7743 -10.4586 20.1008
v  -5.7736 -10.4669 20.0826
v  -5.7943 -10.4587 20.1011
v  -5.7657 -10.4261 20.0060
v  -5.7857 -10.4261 20.0061
v  -5.7659 -10.4413 19.9930
v  -5.7666 -10.4161 19.9195
v  -5.7866 -10.4161 19.9195
v  -5.7668 -10.4338 19.8996
v  -5.7868 -10.4338 19.8996
v  -5.7668 -10.5507 19.8996
v  -5.7678 -10.5555 19.9198
v  -5.7868 -10.5507 19.8996
v  -5.7668 -10.4138 19.8996
v  -5.7868 -10.4138 19.8996
v  -5.5756 -12.8771 19.6824
v  -5.6583 -12.8673 19.6954
v  -5.7194 -12.8291 19.7236
v  -5.7694 -12.7485 19.7689
v  -5.7666 -10.4353 19.9188
v  -5.7707 -10.6298 19.9375
v  0.0011 -27.1200 17.2302
v  0.0011 -27.0798 17.3744
v  0.0011 -26.9702 17.4515
v  0.0011 -26.7121 17.5058
v  0.0011 -25.1663 17.0811
v  0.0011 -25.1458 16.9454
v  0.0011 -25.4503 17.3400
v  0.0011 -26.3757 17.4905
v  0.0011 -26.0517 17.4526
v  0.0011 -25.1451 16.9309
v  0.0011 -25.3250 17.2858
v  0.0011 -27.1283 17.0603
v  0.0011 -25.2442 16.9057
v  0.0011 -27.0291 17.0368
v  0.0011 -27.1092 17.0396
v  -3.3355 -14.5608 18.3504
v  -3.3906 -14.4873 18.4611
v  -3.2556 -14.6279 17.9296
v  -3.2334 -14.6248 17.7481
v  -3.6999 -14.1363 18.8387
v  -4.4311 -13.2712 19.3991
v  -4.0390 -13.7333 19.1591
v  -3.2696 -14.6283 18.0776
v  -3.2954 -14.6061 18.2209
v  -3.2988 -14.5518 17.7209
v  -3.2442 -14.6102 17.7269
v  -3.2306 -14.6249 17.7283
v  7.1178 -12.7786 19.8115
v  7.0816 -12.7943 19.8521
v  6.9322 -11.9004 20.2605
v  6.9462 -11.8895 20.2397
v  7.0701 -13.7031 19.4504
v  7.0269 -12.7993 19.8651
v  7.1163 -13.7131 19.4438
v  7.1379 -14.6978 19.0434
v  7.0835 -14.6892 19.0549
v  7.0518 -15.6919 18.7073
v  7.1144 -15.7016 18.6976
v  7.0362 -16.6574 18.4243
v  6.9679 -16.6477 18.4304
v  6.9269 -17.6109 18.2066
v  6.8565 -17.6022 18.2101
v  6.8049 -18.4586 18.0607
v  6.7328 -18.4463 18.0659
v  6.5804 -19.2919 17.9657
v  6.6521 -19.3073 17.9546
v  6.4667 -20.1318 17.8843
v  6.3962 -20.1128 17.8998
v  6.1662 -20.9240 17.8644
v  6.2368 -20.9479 17.8476
v  5.9545 -21.7832 17.8261
v  5.8820 -21.7532 17.8436
v  5.5177 -22.5515 17.8144
v  5.5926 -22.5885 17.7990
v  5.1920 -23.3419 17.7717
v  5.1171 -23.2943 17.7858
v  4.6534 -24.0004 17.7658
v  4.7286 -24.0598 17.7543
v  4.2103 -24.7442 17.7364
v  4.1347 -24.6725 17.7480
v  3.5358 -25.2737 17.7284
v  3.6096 -25.3578 17.7176
v  2.9970 -25.8426 17.6903
v  2.9285 -25.7468 17.7014
v  1.5918 -26.4279 17.5836
v  1.6278 -26.5516 17.5692
v  0.8260 -26.7697 17.5109
v  0.8075 -26.6392 17.5254
v  0.8694 -27.0393 17.2538
v  0.8614 -26.9992 17.3948
v  3.1433 -26.0266 17.4586
v  2.4522 -26.4684 17.3930
v  2.4276 -26.4376 17.5177
v  3.1172 -26.0012 17.5803
v  1.7105 -26.8079 17.3244
v  1.6958 -26.7668 17.4553
v  4.3533 -24.8806 17.5217
v  3.7552 -25.5176 17.4922
v  3.7327 -25.4946 17.6089
v  4.3329 -24.8601 17.6314
v  5.3305 -23.4305 17.5823
v  4.8756 -24.1789 17.5643
v  4.8531 -24.1586 17.6606
v  5.3110 -23.4171 17.6749
v  6.0706 -21.8286 17.6376
v  5.7237 -22.6492 17.6133
v  5.7048 -22.6415 17.6988
v  6.0559 -21.8236 17.7204
v  6.6054 -20.1626 17.7262
v  6.3653 -20.9889 17.6803
v  6.3430 -20.9827 17.7541
v  6.5784 -20.1587 17.7976
v  6.9569 -18.4668 17.9231
v  6.8011 -19.3278 17.8070
v  6.7697 -19.3270 17.8756
v  6.9243 -18.4702 17.9901
v  7.2353 -14.6876 18.9170
v  7.2146 -15.6890 18.5507
v  7.1983 -15.6986 18.6135
v  7.2155 -14.6954 18.9697
v  7.1900 -13.7174 19.3921
v  7.1564 -13.7171 19.4226
v  7.1824 -14.6989 19.0126
v  7.1655 -15.7035 18.6647
v  7.1415 -16.6584 18.3514
v  7.0985 -16.6621 18.4008
v  7.0446 -17.6137 18.1423
v  6.9925 -17.6155 18.1862
v  6.8706 -18.4669 18.0359
v  6.7160 -19.3190 17.9235
v  6.5284 -20.1473 17.8495
v  6.2970 -20.9679 17.8100
v  6.0147 -21.8075 17.7844
v  5.6588 -22.6204 17.7624
v  5.2605 -23.3853 17.7384
v  4.7984 -24.1151 17.7231
v  4.2807 -24.8108 17.7035
v  3.6792 -25.4362 17.6840
v  3.0623 -25.9312 17.6547
v  1.6630 -26.6675 17.5305
v  0.8442 -26.8924 17.4714
v  0.0011 -26.8451 17.4912
v  2.3837 -26.3523 17.5953
v  2.3336 -26.2482 17.6346
v  2.2813 -26.1359 17.6490
v  7.2144 -13.7142 19.3536
v  7.1620 -16.6481 18.2830
v  7.0737 -17.6049 18.0761
v  6.8472 -11.5298 20.3809
v  6.8611 -11.5270 20.3560
v  6.7800 -11.2517 20.4146
v  6.7980 -11.2500 20.3886
v  6.7165 -10.9473 20.3840
v  6.7379 -10.9545 20.3558
v  6.6526 -10.5728 20.2612
v  6.6741 -10.5863 20.2341
v  6.6485 -10.5133 20.1921
v  6.6748 -10.5281 20.1747
v  6.6259 -10.4653 20.1151
v  6.6546 -10.4276 20.0106
v  6.6904 -10.4421 20.0063
v  6.6635 -10.4702 20.1090
v  6.6134 -10.5126 20.1991
v  6.6812 -10.4162 19.9187
v  6.7135 -10.4300 19.9188
v  6.9052 -11.9072 20.2653
v  6.8214 -11.5324 20.3915
v  6.7491 -11.2561 20.4248
v  6.6817 -10.9463 20.3948
v  6.6177 -10.5720 20.2716
v  6.7082 -10.4675 19.9992
v  6.6868 -10.4915 20.0967
v  6.7278 -10.4547 19.9188
v  4.3113 -16.8731 17.6737
v  4.3281 -17.4945 17.5288
v  4.2518 -17.4888 17.4635
v  4.2366 -16.8789 17.6084
v  0.5079 -25.0787 16.9531
v  0.5130 -25.0987 17.0874
v  1.1060 -25.1442 17.3624
v  0.5732 -25.3722 17.3454
v  0.5469 -25.2514 17.2908
v  1.0556 -25.0370 17.3069
v  1.6354 -24.7402 17.3716
v  1.5746 -24.6438 17.3150
v  2.0738 -24.2589 17.3657
v  2.0009 -24.1793 17.3065
v  2.5191 -23.6747 17.3693
v  2.4420 -23.6016 17.3103
v  2.8872 -23.0854 17.3751
v  2.8056 -23.0208 17.3160
v  3.1929 -22.4830 17.3722
v  3.1093 -22.4279 17.3119
v  3.4519 -21.8589 17.3509
v  3.3680 -21.8135 17.2891
v  3.6615 -21.2393 17.3142
v  3.5782 -21.2017 17.2507
v  3.8327 -20.6176 17.2728
v  3.7515 -20.5884 17.2092
v  3.9754 -19.9964 17.2556
v  3.8983 -19.9660 17.1924
v  4.0992 -19.3711 17.2725
v  4.0218 -19.3484 17.2087
v  4.2043 -18.7457 17.3244
v  4.1265 -18.7266 17.2607
v  4.2846 -18.1207 17.4109
v  4.2069 -18.1050 17.3467
v  4.1334 -16.1636 17.8161
v  4.2064 -16.1428 17.8891
v  3.9290 -15.4884 18.0433
v  4.0024 -15.4549 18.1314
v  3.6433 -14.9440 18.2252
v  3.7087 -14.8915 18.3287
v  3.3378 -14.5608 18.3504
v  3.3929 -14.4873 18.4611
v  2.8432 -14.0509 18.6034
v  2.8022 -14.1384 18.4832
v  2.0116 -13.7950 18.5719
v  2.0331 -13.7039 18.6952
v  1.0211 -13.6119 18.6039
v  1.0319 -13.5269 18.7264
v  0.0011 -13.5470 18.6153
v  0.0011 -13.4640 18.7374
v  4.6290 -15.1842 18.5485
v  4.8007 -15.9747 18.2576
v  4.8801 -16.7936 18.0055
v  4.8713 -17.5084 17.8299
v  4.8142 -18.1953 17.7001
v  4.7248 -18.8649 17.6113
v  4.6075 -19.5304 17.5553
v  4.4634 -20.2016 17.5273
v  4.3002 -20.8494 17.5284
v  4.0894 -21.5105 17.5442
v  3.8438 -22.1554 17.5509
v  3.5456 -22.8010 17.5462
v  3.1972 -23.4232 17.5313
v  2.7807 -24.0200 17.5091
v  2.2975 -24.5835 17.4912
v  1.8064 -25.0557 17.4742
v  1.2369 -25.4384 17.4428
v  0.6371 -25.6700 17.4119
v  0.0011 -25.7496 17.4017
v  4.2187 -14.5591 18.7445
v  5.3795 -14.9304 18.8127
v  6.2022 -14.7144 18.9660
v  6.2544 -15.6911 18.6378
v  5.4927 -15.8257 18.5117
v  6.2331 -16.6389 18.3688
v  5.5241 -16.7145 18.2465
v  6.1588 -17.5494 18.1620
v  5.4823 -17.5295 18.0510
v  6.0583 -18.3515 18.0263
v  5.4044 -18.2734 17.9191
v  5.9281 -19.1438 17.9303
v  5.2973 -19.0018 17.8298
v  5.7661 -19.9160 17.8676
v  5.1607 -19.7183 17.7686
v  5.5633 -20.6834 17.8361
v  4.9892 -20.4366 17.7332
v  5.3191 -21.4509 17.8216
v  4.7877 -21.1394 17.7229
v  5.0044 -22.2062 17.7994
v  4.5261 -21.8462 17.7152
v  4.6576 -22.9105 17.7711
v  4.2320 -22.5181 17.6982
v  4.2514 -23.5926 17.7431
v  3.8826 -23.1810 17.6735
v  3.7904 -24.2464 17.7179
v  3.4804 -23.8188 17.6480
v  3.2544 -24.8438 17.6906
v  3.0068 -24.4160 17.6176
v  2.6987 -25.3419 17.6620
v  2.4905 -24.9475 17.5912
v  2.1174 -25.7547 17.6175
v  1.9577 -25.3916 17.5572
v  1.4787 -26.0758 17.5592
v  1.3566 -25.7439 17.5094
v  0.7536 -26.2987 17.5078
v  0.6950 -25.9728 17.4668
v  4.8014 -14.1885 19.0401
v  5.6636 -13.6409 19.3491
v  2.3175 -23.5156 16.9961
v  1.8841 -24.0822 16.9876
v  1.8841 -24.0822 16.8799
v  2.3175 -23.5156 16.8647
v  1.4842 -24.5063 16.9923
v  1.4810 -24.5027 16.9006
v  0.5064 -25.0777 16.9274
v  0.9807 -24.8843 16.9774
v  0.9775 -24.8825 16.9171
v  2.6747 -22.9462 17.0054
v  2.6689 -22.9428 16.8740
v  2.9771 -22.3680 17.0063
v  2.9708 -22.3649 16.8749
v  3.2366 -21.7694 16.9899
v  3.2301 -21.7668 16.8585
v  3.4520 -21.1680 16.9538
v  3.4425 -21.1645 16.8381
v  3.6299 -20.5626 16.9258
v  3.6299 -20.5626 16.8478
v  3.7876 -19.9203 16.9170
v  3.7876 -19.9203 16.8693
v  3.9115 -19.3144 16.9350
v  3.9115 -19.3144 16.8993
v  4.0168 -18.6921 16.9886
v  4.0168 -18.6921 16.9435
v  4.0988 -18.0677 17.0748
v  4.0988 -18.0677 16.9935
v  4.1444 -17.4690 17.1923
v  4.1444 -17.4690 17.0659
v  4.1316 -16.8733 17.3363
v  4.1224 -16.8741 17.1606
v  4.0361 -16.1874 17.5177
v  4.0207 -16.1888 17.3150
v  3.8386 -15.5308 17.6944
v  3.8280 -15.5351 17.4753
v  3.5662 -14.9962 17.8352
v  3.5450 -14.9918 17.6329
v  2.7325 -14.2343 18.0364
v  3.2578 -14.6279 17.9296
v  3.2357 -14.6248 17.7481
v  2.7206 -14.2354 17.8781
v  1.9720 -13.9088 18.1259
v  1.9656 -13.9133 17.9842
v  1.0016 -13.7261 18.1757
v  0.9983 -13.7277 18.0432
v  0.0011 -13.6614 18.1934
v  0.0011 -13.6621 18.0641
v  3.7021 -14.1363 18.8387
v  2.0912 -13.4431 18.9930
v  2.9975 -13.7433 18.9336
v  1.0556 -13.2874 19.0089
v  0.0011 -13.2326 19.0144
v  3.1671 -13.3878 19.2436
v  3.2554 -12.9673 19.4643
v  4.4333 -13.2712 19.3990
v  4.0412 -13.7333 19.1591
v  2.1573 -13.1444 19.2868
v  2.1852 -12.7864 19.5028
v  1.0844 -13.0212 19.2950
v  1.0959 -12.6962 19.5197
v  0.0011 -12.6645 19.5257
v  3.3379 -12.4841 19.6940
v  4.5941 -12.6746 19.6884
v  2.2825 -12.3925 19.6942
v  1.0836 -12.3403 19.6948
v  0.0011 -12.3238 19.6950
v  5.5778 -12.8771 19.6824
v  5.6605 -12.8673 19.6954
v  5.7875 -12.6064 19.8472
v  5.7906 -11.8653 20.2218
v  5.7916 -11.4889 20.3700
v  5.7924 -11.1879 20.4121
v  5.7927 -10.9267 20.3836
v  5.7929 -10.5723 20.2719
v  5.8023 -10.5062 20.1894
v  5.7965 -10.4587 20.1011
v  5.7880 -10.4261 20.0061
v  5.7888 -10.4161 19.9195
v  4.1933 -17.4822 17.3852
v  4.1580 -17.4744 17.2921
v  4.1443 -16.8771 17.4363
v  4.1806 -16.8801 17.5290
v  0.5263 -25.1594 17.2040
v  0.0011 -25.2294 17.1988
v  0.9906 -24.9029 17.1073
v  1.0162 -24.9562 17.2208
v  1.4951 -24.5249 17.1180
v  1.5265 -24.5726 17.2287
v  1.9001 -24.0927 17.1098
v  1.9411 -24.1254 17.2193
v  2.3344 -23.5244 17.1167
v  2.3784 -23.5534 17.2245
v  2.6958 -22.9555 17.1239
v  2.7390 -22.9789 17.2314
v  2.9948 -22.3732 17.1235
v  3.0418 -22.3933 17.2280
v  3.2537 -21.7719 17.1040
v  3.3008 -21.7865 17.2060
v  3.4679 -21.1693 17.0665
v  3.5126 -21.1801 17.1679
v  3.6466 -20.5639 17.0315
v  3.6880 -20.5717 17.1285
v  3.8023 -19.9277 17.0193
v  3.8391 -19.9434 17.1136
v  3.9263 -19.3200 17.0362
v  3.9626 -19.3316 17.1300
v  4.0312 -18.6987 17.0892
v  4.0673 -18.7110 17.1824
v  4.1125 -18.0761 17.1753
v  4.1481 -18.0899 17.2684
v  4.0482 -16.1859 17.6257
v  4.0814 -16.1780 17.7273
v  3.8493 -15.5262 17.8187
v  3.8796 -15.5121 17.9376
v  3.5762 -14.9961 17.9722
v  3.6010 -14.9780 18.1049
v  3.2718 -14.6283 18.0776
v  3.2976 -14.6060 18.2209
v  2.7692 -14.1948 18.3449
v  2.7459 -14.2260 18.1936
v  1.9802 -13.8947 18.2824
v  1.9934 -13.8564 18.4326
v  1.0056 -13.7116 18.3249
v  1.0122 -13.6720 18.4686
v  7.1112 -11.5409 19.2596
v  7.2507 -12.4022 18.9640
v  7.3508 -13.5333 18.5821
v  7.3491 -14.4230 18.2889
v  7.3070 -15.4671 17.9828
v  7.2390 -16.4967 17.7296
v  7.1479 -17.5140 17.5142
v  7.0175 -18.3905 17.3656
v  6.8407 -19.2635 17.2526
v  6.6288 -20.1305 17.1657
v  6.3755 -20.9973 17.1049
v  6.0741 -21.8562 17.0711
v  5.7497 -22.6486 17.0607
v  5.3570 -23.4098 17.0595
v  4.9218 -24.1549 17.0605
v  4.3888 -24.8753 17.0607
v  3.7696 -25.5357 17.0608
v  3.1555 -26.0358 17.0594
v  1.7290 -26.8090 17.0584
v  0.8787 -27.0456 17.0599
v  2.4852 -26.4584 17.0603
v  7.0075 -11.1078 19.4103
v  6.7564 -10.5614 19.9167
v  6.8155 -10.6082 19.7465
v  6.8969 -10.7662 19.5782
v  6.7107 -10.4457 19.8996
v  6.6837 -10.4336 19.8996
v  6.6732 -10.5325 19.8996
v  6.7213 -10.4683 19.8996
v  5.7890 -10.4338 19.8996
v  5.7890 -10.5507 19.8996
v  6.7326 -10.5307 19.8996
v  4.5839 -12.6586 19.6747
v  3.3409 -12.4662 19.6825
v  3.3409 -12.4662 18.8876
v  4.5839 -12.6586 18.8079
v  2.2831 -12.3744 19.6829
v  2.2831 -12.3744 18.9149
v  1.0827 -12.3223 19.6837
v  1.0827 -12.3223 18.9385
v  0.0011 -12.3059 19.6839
v  5.5780 -12.8587 19.6709
v  5.5780 -12.8587 18.7505
v  5.6524 -12.8499 19.6826
v  5.6524 -12.8499 18.7656
v  5.7062 -12.8163 19.7080
v  5.7062 -12.8163 18.7839
v  5.7522 -12.7423 19.7499
v  5.7522 -12.7423 18.8284
v  5.7677 -12.6033 19.8269
v  5.7677 -12.6033 18.8917
v  5.7706 -11.8646 20.2010
v  5.7706 -11.8646 19.1508
v  5.7716 -11.4881 20.3496
v  5.7716 -11.4881 19.2587
v  5.7724 -11.1865 20.3919
v  5.7724 -11.1865 19.3593
v  5.7727 -10.9262 20.3634
v  5.7727 -10.9262 19.4648
v  5.7729 -10.5757 20.2522
v  5.7729 -10.6298 19.9375
v  5.7700 -10.5555 19.9198
v  5.7681 -10.4413 19.9930
v  5.7759 -10.4669 20.0826
v  5.7814 -10.5091 20.1694
v  5.7688 -10.4353 19.9188
v  1.8993 -24.0952 16.8597
v  1.9601 -24.1472 16.8587
v  2.3998 -23.5724 16.8434
v  2.3339 -23.5270 16.8444
v  1.4936 -24.5169 16.8798
v  1.5468 -24.5766 16.8767
v  0.0011 -25.1641 16.9100
v  0.5307 -25.1737 16.9022
v  0.5108 -25.0962 16.9065
v  0.9860 -24.8994 16.8960
v  1.0246 -24.9693 16.8917
v  2.7548 -22.9918 16.8502
v  2.6854 -22.9522 16.8533
v  3.0600 -22.4075 16.8497
v  2.9879 -22.3731 16.8538
v  3.3220 -21.8032 16.8324
v  3.2477 -21.7738 16.8373
v  3.5356 -21.1953 16.8122
v  3.4598 -21.1701 16.8170
v  3.7263 -20.5891 16.8253
v  3.6492 -20.5679 16.8273
v  3.8851 -19.9422 16.8493
v  3.8071 -19.9247 16.8493
v  4.0098 -19.3328 16.8793
v  3.9312 -19.3181 16.8793
v  4.1157 -18.7070 16.9235
v  4.0365 -18.6951 16.9235
v  4.1982 -18.0781 16.9735
v  4.1186 -18.0698 16.9735
v  4.2444 -17.4710 17.0444
v  4.1644 -17.4694 17.0456
v  4.2208 -16.8644 17.1359
v  4.1412 -16.8722 17.1397
v  4.1163 -16.1660 17.2887
v  4.0386 -16.1843 17.2938
v  3.9180 -15.4945 17.4485
v  3.8452 -15.5273 17.4540
v  3.6231 -14.9317 17.6061
v  3.5590 -14.9793 17.6117
v  3.3010 -14.5518 17.7209
v  3.2464 -14.6102 17.7268
v  2.7291 -14.2190 17.8566
v  2.7702 -14.1505 17.8506
v  1.9973 -13.8200 17.9581
v  1.9710 -13.8955 17.9630
v  1.0144 -13.6296 18.0192
v  1.0011 -13.7084 18.0225
v  0.0011 -13.5622 18.0408
v  0.0011 -13.6423 18.0435
v  7.0949 -11.5367 19.2368
v  7.0173 -11.5466 19.2202
v  7.1554 -12.4000 18.9275
v  7.2339 -12.3953 18.9422
v  7.2556 -13.5273 18.5463
v  7.3345 -13.5285 18.5596
v  7.2537 -14.4090 18.2557
v  7.3326 -14.4141 18.2677
v  7.2902 -15.4583 17.9618
v  7.2112 -15.4516 17.9515
v  7.1428 -16.4813 17.6991
v  7.2219 -16.4895 17.7082
v  7.0519 -17.4973 17.4844
v  7.1308 -17.5081 17.4926
v  6.9215 -18.3701 17.3379
v  7.0000 -18.3842 17.3443
v  6.8226 -19.2569 17.2319
v  6.7446 -19.2396 17.2279
v  6.5331 -20.1035 17.1429
v  6.6103 -20.1242 17.1452
v  6.3568 -20.9915 17.0844
v  6.2807 -20.9670 17.0826
v  5.9809 -21.8214 17.0484
v  6.0556 -21.8500 17.0506
v  5.7325 -22.6402 17.0400
v  5.6599 -22.6066 17.0373
v  5.2705 -23.3607 17.0359
v  5.3405 -23.3994 17.0388
v  4.9070 -24.1429 17.0397
v  4.8405 -24.0985 17.0362
v  4.3138 -24.8110 17.0357
v  4.3750 -24.8623 17.0397
v  3.7566 -25.5219 17.0398
v  3.7020 -25.4635 17.0360
v  3.0975 -25.9553 17.0355
v  3.1444 -26.0201 17.0387
v  1.7236 -26.7903 17.0379
v  1.6961 -26.7151 17.0357
v  0.8620 -26.9478 17.0366
v  0.8760 -27.0266 17.0392
v  2.4395 -26.3699 17.0377
v  2.4777 -26.4402 17.0399
v  6.9911 -11.1033 19.3877
v  6.9144 -11.1172 19.3697
v  6.7442 -10.5583 19.8811
v  6.6712 -10.5573 19.8815
v  6.7238 -10.6218 19.7039
v  6.7989 -10.6031 19.7242
v  6.8042 -10.7767 19.5372
v  6.8801 -10.7602 19.5564
v  6.7385 -10.5507 19.8996
v  6.7585 -10.5507 19.8996
v  6.7534 -10.5314 19.8996
v  6.7648 -10.5558 19.8814
v  6.6867 -10.4138 19.8996
v  6.7185 -10.4273 19.8996
v  6.7325 -10.4517 19.8996
v  1.8841 -24.0822 16.8599
v  2.3175 -23.5156 16.8447
v  1.4803 -24.5019 16.8806
v  0.0011 -25.1441 16.9111
v  0.5058 -25.0769 16.9076
v  0.9764 -24.8819 16.8971
v  2.6680 -22.9423 16.8541
v  2.9699 -22.3645 16.8549
v  3.2292 -21.7664 16.8385
v  3.4409 -21.1639 16.8182
v  3.6299 -20.5626 16.8278
v  3.7876 -19.9203 16.8493
v  3.9115 -19.3144 16.8793
v  4.0168 -18.6921 16.9235
v  4.0987 -18.0677 16.9735
v  4.1444 -17.4690 17.0459
v  4.1214 -16.8741 17.1407
v  4.0192 -16.1889 17.2951
v  3.8270 -15.5355 17.4553
v  3.5429 -14.9912 17.6131
v  3.2328 -14.6248 17.7283
v  2.7188 -14.2362 17.8581
v  1.9645 -13.9144 17.9642
v  0.9978 -13.7282 18.0233
v  0.0011 -13.6623 18.0442
v  5.7890 -10.4138 19.8996
v  7.1143 -11.5342 19.2409
v  7.2535 -12.3941 18.9459
v  7.3542 -13.5288 18.5629
v  7.3524 -14.4154 18.2707
v  7.3100 -15.4599 17.9644
v  7.2416 -16.4915 17.7105
v  7.1505 -17.5108 17.4946
v  7.0196 -18.3878 17.3459
v  6.8421 -19.2612 17.2328
v  6.6296 -20.1294 17.1458
v  6.3758 -20.9976 17.0849
v  6.0743 -21.8572 17.0512
v  5.7506 -22.6486 17.0407
v  5.3580 -23.4090 17.0396
v  4.9236 -24.1540 17.0406
v  4.3903 -24.8751 17.0407
v  3.7702 -25.5365 17.0408
v  3.1561 -26.0363 17.0394
v  1.7304 -26.8091 17.0384
v  0.8794 -27.0463 17.0399
v  0.0011 -27.1292 17.0403
v  2.4872 -26.4578 17.0404
v  7.0103 -11.0998 19.3922
v  6.8177 -10.5984 19.7292
v  6.8990 -10.7560 19.5611
v  6.6659 -10.5507 19.8996
v  3.3409 -12.4662 19.7025
v  4.5839 -12.6586 19.6947
v  2.2831 -12.3744 19.7029
v  1.0827 -12.3223 19.7037
v  5.5780 -12.8587 19.6909
v  5.6524 -12.8499 19.7026
v  5.7216 -12.8290 19.7236
v  5.7062 -12.8163 19.7280
v  5.7716 -12.7485 19.7689
v  5.7522 -12.7423 19.7699
v  5.7677 -12.6033 19.8469
v  5.7706 -11.8646 20.2210
v  5.7716 -11.4881 20.3696
v  5.7724 -11.1865 20.4119
v  5.7727 -10.9262 20.3834
v  5.7729 -10.5723 20.2719
v  5.7823 -10.5061 20.1891
v  5.7765 -10.4586 20.1007
v  5.7680 -10.4261 20.0060
v  5.7688 -10.4161 19.9195
v  5.7690 -10.4338 19.8996
v  5.7690 -10.5507 19.8996
v  5.7690 -10.4138 19.8996
v  5.7690 -10.5766 19.7716
v  5.7729 -10.6838 19.6231
v  -8.8917 -13.0130 17.6462
v  -9.0605 -15.7460 16.9490
v  -9.0258 -14.8281 17.1633
v  -8.9739 -13.9219 17.3908
v  -8.7718 -12.2052 17.9104
v  -8.6255 -11.7788 18.0936
v  -8.0357 -12.3279 18.5551
v  -7.9692 -12.5002 18.5807
v  -7.9763 -12.4496 18.5844
v  -7.9921 -12.4009 18.5799
v  -8.0128 -12.3611 18.5692
v  -7.9715 -12.5564 18.5674
v  -8.3003 -16.4600 17.4924
v  -8.2114 -16.3816 17.5882
v  -8.2159 -16.4038 17.5798
v  -8.2251 -16.4238 17.5675
v  -8.2838 -16.4588 17.5076
v  -8.2659 -16.4545 17.5245
v  -8.2494 -16.4466 17.5410
v  -8.2358 -16.4362 17.5554
v  -9.0725 -16.2358 16.8405
v  -8.9848 -16.3638 16.8892
v  -9.0115 -16.3544 16.8674
v  -9.0685 -16.2737 16.8365
v  -9.0362 -16.3347 16.8508
v  -9.0560 -16.3069 16.8403
v  -8.6088 -11.7536 18.1091
v  -8.5158 -11.7288 18.1932
v  -8.4967 -11.7450 18.2098
v  -8.5368 -11.7200 18.1740
v  -8.5601 -11.7204 18.1527
v  -8.5854 -11.7316 18.1301
v  -8.0593 -13.4198 18.3158
v  -8.2007 -15.8932 17.6952
v  -8.1284 -14.3433 18.0690
v  -8.1567 -14.8244 17.9479
v  -8.1857 -15.4004 17.8070
v  -8.0955 -13.8735 18.1923
v  -8.0160 -12.9957 18.4396
v  -8.9920 -16.2533 16.9300
v  -8.3148 -16.3680 17.5181
v  -8.5642 -11.8657 18.1563
v  -8.0760 -12.4461 18.5099
v  -9.0704 -15.7482 16.9600
v  -9.0664 -15.7473 16.9556
v  -9.0613 -15.7473 16.9684
v  -9.0824 -16.2379 16.8515
v  -9.0779 -16.2387 16.8554
v  -9.0784 -16.2371 16.8471
v  -9.0784 -16.2758 16.8475
v  -9.0741 -16.2747 16.8516
v  -9.0744 -16.2750 16.8431
v  -9.0659 -16.3090 16.8513
v  -9.0623 -16.3063 16.8552
v  -9.0619 -16.3082 16.8469
v  -9.0461 -16.3368 16.8618
v  -9.0434 -16.3327 16.8652
v  -9.0421 -16.3360 16.8574
v  -9.0214 -16.3565 16.8784
v  -9.0200 -16.3513 16.8810
v  -9.0175 -16.3557 16.8740
v  -8.9947 -16.3660 16.9002
v  -8.9946 -16.3602 16.9017
v  -8.9907 -16.3651 16.8958
v  -8.3103 -16.4621 17.5035
v  -8.3105 -16.4562 17.5044
v  -8.3063 -16.4612 17.4991
v  -8.2937 -16.4609 17.5186
v  -8.2950 -16.4551 17.5186
v  -8.2897 -16.4601 17.5142
v  -8.2759 -16.4566 17.5355
v  -8.2782 -16.4512 17.5345
v  -8.2719 -16.4558 17.5311
v  -8.2593 -16.4488 17.5520
v  -8.2625 -16.4441 17.5501
v  -8.2553 -16.4479 17.5476
v  -8.2457 -16.4384 17.5664
v  -8.2495 -16.4345 17.5638
v  -8.2417 -16.4375 17.5620
v  -8.2350 -16.4259 17.5785
v  -8.2391 -16.4229 17.5754
v  -8.2310 -16.4251 17.5741
v  -8.2258 -16.4059 17.5908
v  -8.2302 -16.4040 17.5872
v  -8.2219 -16.4050 17.5864
v  -8.2214 -16.3838 17.5992
v  -8.2259 -16.3830 17.5953
v  -8.2174 -16.3829 17.5948
v  -8.2106 -15.8954 17.7062
v  -8.2151 -15.8946 17.7023
v  -8.2067 -15.8945 17.7018
v  -8.1956 -15.4025 17.8181
v  -8.1998 -15.4042 17.8140
v  -8.1917 -15.4017 17.8137
v  -8.1667 -14.8266 17.9589
v  -8.1711 -14.8266 17.9549
v  -8.1627 -14.8257 17.9545
v  -8.1384 -14.3454 18.0800
v  -8.1428 -14.3433 18.0765
v  -8.1344 -14.3446 18.0756
v  -8.1055 -13.8756 18.2033
v  -8.1099 -13.8759 18.1993
v  -8.1015 -13.8748 18.1989
v  -8.0692 -13.4219 18.3268
v  -8.0736 -13.4198 18.3233
v  -8.0653 -13.4211 18.3224
v  -8.0259 -12.9978 18.4507
v  -8.0297 -12.9939 18.4481
v  -8.0220 -12.9970 18.4463
v  -7.9814 -12.5586 18.5784
v  -7.9849 -12.5544 18.5759
v  -7.9775 -12.5577 18.5740
v  -7.9791 -12.5024 18.5917
v  -7.9833 -12.4999 18.5882
v  -7.9751 -12.5015 18.5873
v  -7.9862 -12.4517 18.5955
v  -7.9905 -12.4514 18.5913
v  -7.9822 -12.4508 18.5911
v  -8.0020 -12.4030 18.5909
v  -8.0058 -12.4052 18.5868
v  -7.9981 -12.4021 18.5865
v  -8.0228 -12.3633 18.5802
v  -8.0254 -12.3674 18.5767
v  -8.0188 -12.3624 18.5758
v  -8.0456 -12.3300 18.5661
v  -8.0470 -12.3353 18.5636
v  -8.0416 -12.3292 18.5617
v  -8.5067 -11.7472 18.2208
v  -8.5090 -11.7520 18.2182
v  -8.5027 -11.7463 18.2164
v  -8.5258 -11.7309 18.2042
v  -8.5273 -11.7364 18.2023
v  -8.5218 -11.7301 18.1998
v  -8.5467 -11.7222 18.1850
v  -8.5474 -11.7280 18.1838
v  -8.5427 -11.7213 18.1806
v  -8.5700 -11.7225 18.1637
v  -8.5698 -11.7285 18.1634
v  -8.5661 -11.7216 18.1593
v  -8.5953 -11.7337 18.1412
v  -8.5939 -11.7395 18.1418
v  -8.5913 -11.7329 18.1368
v  -8.6187 -11.7557 18.1201
v  -8.6161 -11.7609 18.1218
v  -8.6147 -11.7549 18.1157
v  -8.6355 -11.7809 18.1046
v  -8.6320 -11.7851 18.1072
v  -8.6315 -11.7801 18.1002
v  -8.7818 -12.2074 17.9214
v  -8.7781 -12.2113 17.9241
v  -8.7778 -12.2065 17.9170
v  -8.9016 -13.0151 17.6572
v  -8.8973 -13.0173 17.6607
v  -8.8977 -13.0143 17.6528
v  -8.9838 -13.9240 17.4018
v  -8.9730 -13.9264 17.4111
v  -8.9798 -13.9232 17.3974
v  -9.0357 -14.8302 17.1743
v  -9.0312 -14.8302 17.1784
v  -9.0317 -14.8294 17.1699
v  7.0758 -11.0943 16.6294
v  7.0537 -11.0963 16.6252
v  7.0965 -11.0926 16.6429
v  7.1086 -11.0918 16.6604
v  7.1137 -11.0916 16.6824
v  7.0948 -11.0772 16.6834
v  7.0913 -11.0770 16.6688
v  7.0824 -11.0768 16.6565
v  7.0692 -11.0766 16.6482
v  7.0537 -11.0766 16.6453
v  7.1323 -11.1003 17.1565
v  7.1133 -11.0916 17.1711
v  7.1133 -11.0857 17.1574
v  7.1133 -11.1054 17.1767
v  7.1269 -11.1018 17.1708
v  7.1241 -11.0937 17.1687
v  7.0537 -11.0822 16.6311
v  7.1043 -11.0844 16.6829
v  7.0999 -11.0844 16.6646
v  7.0894 -11.0847 16.6497
v  7.0725 -11.0855 16.6388
v  7.1241 -11.0889 17.1570
v  7.0370 -11.0963 16.6252
v  7.0314 -11.0766 16.6453
v  7.0330 -11.0822 16.6311
v  7.1853 -11.6692 16.6453
v  7.2007 -11.6691 16.6483
v  7.2221 -11.6688 16.6692
v  7.2253 -11.6685 16.6839
v  7.2416 -11.6595 16.6835
v  7.2135 -11.6690 16.6567
v  7.2446 -11.6450 16.6832
v  7.2475 -11.6530 17.1570
v  7.2517 -11.6368 17.1567
v  7.2324 -11.6601 17.1574
v  7.2324 -11.6537 17.1715
v  7.2444 -11.6492 17.1697
v  7.2456 -11.6379 17.1714
v  7.2324 -11.6404 17.1767
v  7.2077 -11.6480 16.6296
v  7.1853 -11.6495 16.6252
v  7.2399 -11.6456 16.6611
v  7.2279 -11.6466 16.6432
v  7.1673 -11.6495 16.6252
v  7.1711 -11.6692 16.6453
v  7.2043 -11.6637 16.6349
v  7.2365 -11.6617 16.6639
v  7.2228 -11.6635 16.6465
v  7.1853 -11.6635 16.6311
v  7.1700 -11.6636 16.6311
v  6.5939 -11.0857 17.1574
v  6.5939 -11.0916 17.1711
v  6.5939 -11.1054 17.1767
v  6.5175 -11.0963 16.6252
v  6.5119 -11.0766 16.6453
v  6.5136 -11.0822 16.6311
v  6.7129 -11.6601 17.1574
v  6.7129 -11.6537 17.1715
v  6.7129 -11.6404 17.1767
v  6.6478 -11.6495 16.6252
v  6.6516 -11.6692 16.6453
v  6.6506 -11.6636 16.6311
v  7.1167 -11.1208 17.1767
v  7.2289 -11.6250 17.1767
v  7.2483 -11.6214 17.1567
v  7.1358 -11.1157 17.1565
v  7.1303 -11.1172 17.1709
v  7.2422 -11.6225 17.1714
v  7.0796 -11.1102 16.6294
v  7.2039 -11.6321 16.6296
v  7.0575 -11.1122 16.6252
v  7.1815 -11.6336 16.6252
v  7.1003 -11.1086 16.6429
v  7.2242 -11.6306 16.6432
v  7.1123 -11.1077 16.6604
v  7.2361 -11.6297 16.6610
v  7.1175 -11.1075 16.6824
v  7.2408 -11.6291 16.6832
v  7.1635 -11.6336 16.6252
v  7.0408 -11.1122 16.6252
v  6.5973 -11.1208 17.1767
v  6.7095 -11.6250 17.1767
v  6.6441 -11.6336 16.6252
v  6.5213 -11.1122 16.6252
v  -7.3181 -16.6479 18.6095
v  -5.3711 -23.3605 17.9775
v  -4.2987 -24.9156 17.9775
v  -3.1268 -26.0033 17.9775
v  -1.6577 -26.7290 17.9774
v  -6.0858 -21.7988 18.0054
v  -6.6437 -20.1709 18.0922
v  -7.0505 -18.4813 18.2523
v  -4.7704 -10.9913 20.7608
v  -7.3909 -15.6983 18.8952
v  -7.4254 -14.7145 19.2696
v  -7.4242 -13.7465 19.6784
v  -7.3158 -12.0098 20.4084
v  -7.1686 -11.0965 20.7294
v  -6.6807 -9.9025 21.0245
v  -5.8624 -8.9085 21.1917
v  -4.8858 -9.9054 21.0235
v  -4.8857 -8.9085 21.1915
v  -4.8859 -10.8941 20.7886
v  -4.8709 -10.9465 20.7737
v  -4.8316 -10.9823 20.7634
v  -7.6459 -11.7447 19.3246
v  -7.6294 -16.6308 17.8190
v  -7.3615 -11.9978 20.3985
v  -7.3340 -16.6482 18.5975
v  -5.5970 -23.6457 17.4201
v  -5.3860 -23.3687 17.9677
v  -3.3616 -26.3401 17.4163
v  -3.1335 -26.0167 17.9702
v  -1.6617 -26.7425 17.9702
v  -1.8005 -27.1475 17.4245
v  -4.5585 -25.1809 17.4175
v  -4.3106 -24.9268 17.9692
v  -6.9341 -20.2428 17.4582
v  -6.6593 -20.1746 18.0759
v  -6.1014 -21.8046 17.9954
v  -6.3732 -21.9278 17.4305
v  -7.3488 -18.5157 17.5530
v  -7.0659 -18.4836 18.2383
v  -7.4426 -14.7095 19.2557
v  -7.7472 -14.6009 18.3301
v  -7.4053 -15.6989 18.8836
v  -7.7499 -13.5726 18.6633
v  -7.4464 -13.7378 19.6622
v  -7.7074 -15.6427 18.0401
v  -4.8947 -8.1944 21.2671
v  -6.9649 -9.6119 19.9435
v  -6.6990 -9.8922 21.0111
v  -6.1010 -8.5097 20.1353
v  -7.1882 -11.0888 20.7154
v  -7.4611 -10.8460 19.6311
v  -5.8787 -8.8962 21.1789
v  -7.6467 -11.7434 19.3197
v  -7.6305 -16.6304 17.8161
v  -5.5993 -23.6469 17.4119
v  -3.3636 -26.3430 17.4058
v  -1.8025 -27.1573 17.4091
v  -4.5611 -25.1833 17.4079
v  -6.9359 -20.2430 17.4489
v  -6.3753 -21.9286 17.4233
v  -7.3505 -18.5157 17.5482
v  -7.7481 -14.6002 18.3263
v  -7.7510 -13.5714 18.6582
v  -7.7082 -15.6423 18.0369
v  -4.9037 -7.6394 20.2460
v  -6.9654 -9.6115 19.9378
v  -6.1017 -8.5089 20.1282
v  -7.4615 -10.8450 19.6269
v  -7.6570 -11.6656 19.0084
v  -7.6555 -16.6109 17.6053
v  -5.6131 -23.6540 17.2341
v  -3.3712 -26.3495 17.2301
v  -1.8056 -27.1634 17.2272
v  -4.5717 -25.1911 17.2306
v  -6.9558 -20.2444 17.2708
v  -6.3954 -21.9292 17.2443
v  -7.3722 -18.5096 17.3588
v  -7.7738 -14.5526 18.0849
v  -7.7747 -13.4982 18.4002
v  -7.7329 -15.6127 17.8123
v  -6.9572 -9.5651 19.5806
v  -6.0854 -8.4740 19.7582
v  -7.4515 -10.7342 19.3075
v  -5.1579 -7.7761 20.0500
v  -5.4424 -7.9547 19.9032
v  -5.7916 -8.2138 19.7959
v  -4.8731 -7.6527 20.2386
v  -7.6159 -11.6625 18.9921
v  -7.6414 -16.6074 17.5867
v  -5.5965 -23.6468 17.2126
v  -3.3608 -26.3343 17.2090
v  -1.7984 -27.1258 17.2081
v  -4.5569 -25.1793 17.2095
v  -6.9408 -20.2408 17.2493
v  -6.3787 -21.9237 17.2220
v  -7.3584 -18.5065 17.3392
v  -7.7619 -14.5464 18.0635
v  -7.7607 -13.4904 18.3789
v  -7.7212 -15.6089 17.7946
v  -6.9401 -9.5723 19.5603
v  -6.0725 -8.4869 19.7364
v  -7.4320 -10.7333 19.2879
v  -5.1339 -7.7891 20.0362
v  -5.4277 -7.9707 19.8832
v  -5.7780 -8.2280 19.7756
v  -4.8816 -7.6379 20.2471
v  -7.6371 -11.6619 18.9930
v  -7.6523 -16.6092 17.5938
v  -5.6093 -23.6527 17.2203
v  -3.3687 -26.3456 17.2163
v  -1.8029 -27.1455 17.2090
v  -4.5679 -25.1882 17.2167
v  -6.9524 -20.2437 17.2585
v  -6.3908 -21.9277 17.2303
v  -7.3693 -18.5087 17.3468
v  -7.7717 -14.5496 18.0738
v  -7.7718 -13.4941 18.3887
v  -7.7301 -15.6109 17.8027
v  -6.9522 -9.5660 19.5675
v  -6.0819 -8.4768 19.7437
v  -7.4456 -10.7317 19.2949
v  -5.1458 -7.7759 20.0406
v  -5.4353 -7.9563 19.8909
v  -5.7863 -8.2155 19.7830
v  -7.5040 -11.6732 18.9997
v  -7.5224 -16.5987 17.5713
v  -5.4906 -23.5965 17.2021
v  -3.2894 -26.2413 17.2023
v  -1.7640 -27.0349 17.2042
v  -4.4632 -25.1085 17.2004
v  -6.8251 -20.2142 17.2354
v  -6.2666 -21.8878 17.2099
v  -7.2399 -18.4897 17.3230
v  -7.6455 -14.5438 18.0495
v  -7.6437 -13.4905 18.3670
v  -7.6035 -15.6041 17.7792
v  -6.8376 -9.6314 19.5550
v  -6.0023 -8.5839 19.7302
v  -7.3154 -10.7539 19.2840
v  -5.0757 -7.8916 20.0548
v  -5.3683 -8.0733 19.8938
v  -5.7143 -8.3297 19.7755
v  -4.8882 -7.8117 20.1964
v  -7.5001 -11.6757 19.0154
v  -7.4998 -16.5987 17.5887
v  -5.4713 -23.5866 17.2201
v  -3.2764 -26.2243 17.2212
v  -1.7581 -27.0142 17.2232
v  -4.4456 -25.0971 17.2194
v  -6.8026 -20.2109 17.2530
v  -6.2459 -21.8814 17.2278
v  -7.2174 -18.4879 17.3413
v  -7.6179 -14.5451 18.0657
v  -7.6181 -13.4937 18.3837
v  -7.5787 -15.6039 17.7928
v  -6.8208 -9.6432 19.5736
v  -5.9917 -8.6026 19.7517
v  -7.2961 -10.7630 19.3024
v  -5.0712 -7.9089 20.0737
v  -5.3619 -8.0910 19.9119
v  -5.7052 -8.3468 19.7944
v  -7.1991 -17.6089 18.3924
v  -7.5033 -17.6252 17.6560
v  -7.2159 -17.6104 18.3786
v  -7.5039 -17.6240 17.6519
v  -7.5272 -17.6135 17.4514
v  -7.5130 -17.6107 17.4335
v  -7.5249 -17.6124 17.4390
v  -7.3951 -17.5983 17.4178
v  -7.3718 -17.5977 17.4357
v  -6.8628 -19.3340 18.1620
v  -6.8809 -19.3375 18.1460
v  -7.1585 -19.3828 17.4940
v  -7.1616 -19.3831 17.4860
v  -7.1819 -19.3829 17.3031
v  -7.1648 -19.3789 17.2797
v  -7.1783 -19.3820 17.2889
v  -7.0494 -19.3593 17.2664
v  -7.0272 -19.3562 17.2839
v  -6.3835 -20.9907 18.0409
v  -6.6723 -21.0912 17.4392
v  -6.3991 -20.9954 18.0272
v  -6.6742 -21.0916 17.4308
v  -6.6932 -21.0923 17.2531
v  -6.6780 -21.0882 17.2334
v  -6.6892 -21.0912 17.2408
v  -6.5619 -21.0563 17.2195
v  -6.5404 -21.0513 17.2366
v  -5.7586 -22.5947 17.9828
v  -5.7687 -22.5986 17.9754
v  -6.0141 -22.8004 17.4241
v  -6.0172 -22.8019 17.4169
v  -6.0347 -22.8060 17.2379
v  -6.0165 -22.7989 17.2159
v  -6.0301 -22.8044 17.2230
v  -5.9078 -22.7558 17.2049
v  -5.8886 -22.7479 17.2232
v  -4.8696 -24.1625 17.9775
v  -5.1133 -24.4399 17.4137
v  -4.8853 -24.1754 17.9686
v  -5.1143 -24.4408 17.4068
v  -5.1260 -24.4479 17.2331
v  -5.1188 -24.4442 17.2155
v  -5.1244 -24.4473 17.2255
v  -5.0133 -24.3791 17.2017
v  -4.9923 -24.3661 17.2195
v  -3.7417 -25.5002 17.9775
v  -3.7513 -25.5099 17.9701
v  -3.9934 -25.8011 17.4113
v  -3.9945 -25.8025 17.4040
v  -4.0030 -25.8092 17.2318
v  -3.9981 -25.8036 17.2144
v  -4.0020 -25.8079 17.2245
v  -3.9071 -25.7136 17.2009
v  -3.8913 -25.6987 17.2205
v  -2.4297 -26.4222 17.9774
v  -2.6262 -26.8066 17.4142
v  -2.4354 -26.4357 17.9702
v  -2.6277 -26.8088 17.4042
v  -2.6331 -26.8155 17.2304
v  -2.6262 -26.8027 17.2108
v  -2.6303 -26.8128 17.2194
v  -2.5820 -26.6908 17.2034
v  -2.5715 -26.6704 17.2214
v  -0.8526 -26.9088 17.9774
v  -0.8562 -26.9214 17.9702
v  -0.9268 -27.3481 17.4305
v  -0.9290 -27.3618 17.4120
v  -0.9304 -27.3682 17.2250
v  -0.9236 -27.3162 17.2078
v  -0.9256 -27.3377 17.2085
v  -0.8986 -27.2360 17.2047
v  -0.8971 -27.2153 17.2241
v  -7.3859 -12.8533 20.0556
v  -7.7224 -12.6487 18.9953
v  -7.4227 -12.8461 20.0399
v  -7.7236 -12.6471 18.9895
v  -7.7442 -12.5588 18.7095
v  -7.7186 -12.5521 18.6904
v  -7.7357 -12.5536 18.6949
v  -7.6027 -12.5561 18.6833
v  -7.5874 -12.5608 18.7025
v  -4.2967 -23.3605 17.9775
v  -3.2222 -23.3605 17.9775
v  -2.1478 -23.3605 17.9775
v  -1.0733 -23.3605 17.9775
v  -4.8684 -21.7988 18.0054
v  -3.6510 -21.7988 18.0054
v  -2.4336 -21.7988 18.0054
v  -1.2162 -21.7988 18.0054
v  -5.3147 -20.1710 18.0939
v  -3.9857 -20.1709 18.0939
v  -2.6568 -20.1709 18.0939
v  -1.3278 -20.1709 18.0939
v  -5.6402 -18.4814 18.2532
v  -4.2298 -18.4813 18.2532
v  -2.8195 -18.4813 18.2532
v  -1.4092 -18.4812 18.2532
v  -3.4387 -24.9156 17.9775
v  -2.5788 -24.9156 17.9775
v  -1.7188 -24.9156 17.9775
v  -0.8589 -24.9156 17.9775
v  -1.4616 -12.0062 20.4097
v  -2.9243 -12.0071 20.4092
v  -4.3871 -12.0081 20.4089
v  -5.9179 -12.0041 20.3952
v  -5.7591 -17.6089 18.3929
v  -4.3190 -17.6089 18.3929
v  -2.8790 -17.6088 18.3929
v  -1.4390 -17.6087 18.3929
v  -5.9082 -12.8532 20.0556
v  -4.4309 -12.8530 20.0557
v  -2.9535 -12.8528 20.0558
v  -1.4762 -12.8526 20.0558
v  -1.4630 -16.6483 18.6095
v  -2.9270 -16.6482 18.6095
v  -4.3910 -16.6482 18.6096
v  -5.8551 -16.6482 18.6099
v  -1.4776 -15.6995 18.8962
v  -2.9563 -15.6994 18.8964
v  -4.4350 -15.6991 18.8964
v  -5.9137 -15.6988 18.8961
v  -1.4841 -14.7141 19.2701
v  -2.9694 -14.7143 19.2703
v  -4.4546 -14.7144 19.2702
v  -5.9399 -14.7146 19.2701
v  -1.4839 -13.7461 19.6787
v  -2.9689 -13.7462 19.6786
v  -4.4539 -13.7463 19.6785
v  -5.9389 -13.7464 19.6785
v  -1.3717 -19.3340 18.1628
v  -2.7444 -19.3340 18.1628
v  -4.1172 -19.3340 18.1628
v  -5.4900 -19.3340 18.1628
v  -1.2758 -20.9907 18.0422
v  -2.5527 -20.9907 18.0422
v  -3.8296 -20.9907 18.0422
v  -5.1066 -20.9907 18.0422
v  -1.1508 -22.5947 17.9843
v  -2.3028 -22.5947 17.9843
v  -3.4547 -22.5947 17.9843
v  -4.6066 -22.5947 17.9843
v  -3.8955 -24.1625 17.9775
v  -2.9213 -24.1625 17.9775
v  -1.9472 -24.1625 17.9775
v  -0.9730 -24.1625 17.9775
v  -2.9931 -25.5002 17.9775
v  -2.2446 -25.5002 17.9775
v  -1.4960 -25.5002 17.9775
v  -0.7474 -25.5002 17.9775
v  -2.5012 -26.0033 17.9775
v  -1.8756 -26.0033 17.9775
v  -1.2501 -26.0033 17.9775
v  -0.6245 -26.0033 17.9775
v  -2.0414 -26.4269 17.9774
v  -1.5174 -26.4269 17.9774
v  -0.9726 -26.4269 17.9774
v  -0.4858 -26.4269 17.9774
v  -1.1705 -26.7120 17.9774
v  -0.3150 -26.7120 17.9774
v  -1.4956 -10.6799 20.8467
v  -2.9893 -10.7710 20.8225
v  -5.7833 -9.9040 21.0240
v  -5.3740 -8.9085 21.1915
v  -5.8944 -10.9836 20.7624
v  -2.9897 -10.7564 20.7448
v  -1.4958 -10.6649 20.7686
v  -1.1934 -21.8366 17.8465
v  -2.3891 -21.8366 17.8466
v  -3.5847 -21.8366 17.8468
v  -4.7804 -21.8366 17.8469
v  -1.3107 -20.1796 17.9363
v  -2.6196 -20.1797 17.9354
v  -3.9285 -20.1798 17.9351
v  -5.2374 -20.1799 17.9349
v  -1.3875 -18.5200 18.0903
v  -2.7761 -18.5200 18.0899
v  -4.1646 -18.5199 18.0895
v  -5.5532 -18.5200 18.0895
v  -4.2241 -23.3605 17.8200
v  -3.1677 -23.3605 17.8200
v  -2.1112 -23.3605 17.8200
v  -1.0548 -23.3605 17.8200
v  -5.8602 -13.6988 19.5278
v  -4.3948 -13.6992 19.5276
v  -2.9294 -13.6995 19.5275
v  -1.4640 -13.6999 19.5273
v  -5.8575 -14.6882 19.1105
v  -4.3923 -14.6882 19.1107
v  -2.9270 -14.6883 19.1109
v  -1.4618 -14.6883 19.1110
v  -5.8313 -15.6875 18.7339
v  -4.3753 -15.6874 18.7341
v  -2.9193 -15.6873 18.7343
v  -1.4633 -15.6873 18.7345
v  -5.7780 -16.6432 18.4486
v  -4.3362 -16.6430 18.4485
v  -2.8945 -16.6428 18.4485
v  -1.4527 -16.6426 18.4484
v  -5.7615 -11.9305 20.2585
v  -4.3208 -11.9333 20.2599
v  -2.8801 -11.9361 20.2613
v  -1.4395 -11.9398 20.2653
v  -3.3917 -24.8695 17.8200
v  -2.5434 -24.8695 17.8200
v  -1.6951 -24.8695 17.8200
v  -0.8468 -24.8695 17.8200
v  -1.4265 -17.6114 18.2337
v  -2.8453 -17.6114 18.2333
v  -4.2641 -17.6115 18.2328
v  -5.6829 -17.6115 18.2324
v  -5.4163 -19.3341 18.0047
v  -4.0633 -19.3340 18.0055
v  -2.7102 -19.3339 18.0068
v  -1.3571 -19.3338 18.0081
v  -5.0256 -21.0149 17.8835
v  -3.7688 -21.0149 17.8848
v  -2.5119 -21.0149 17.8860
v  -1.2550 -21.0149 17.8873
v  -4.5250 -22.6131 17.8277
v  -3.3932 -22.6131 17.8289
v  -2.2615 -22.6131 17.8302
v  -1.1297 -22.6131 17.8310
v  -0.9557 -24.1011 17.8200
v  -1.9129 -24.1011 17.8200
v  -2.8701 -24.1011 17.8200
v  -3.8274 -24.1011 17.8200
v  -1.4580 -12.7989 19.9076
v  -2.9168 -12.7974 19.9082
v  -4.3756 -12.7959 19.9089
v  -5.8344 -12.7945 19.9095
v  -2.9305 -25.4527 17.8200
v  -2.1975 -25.4527 17.8200
v  -1.4645 -25.4527 17.8200
v  -0.7314 -25.4527 17.8200
v  -2.4622 -25.9507 17.8200
v  -1.8463 -25.9507 17.8200
v  -1.2303 -25.9507 17.8200
v  -0.6144 -25.9507 17.8200
v  -2.0217 -26.3447 17.8200
v  -1.4659 -26.3454 17.8200
v  -0.9768 -26.3460 17.8200
v  -0.4876 -26.3467 17.8200
v  -1.1383 -26.6371 17.8200
v  -0.6746 -26.6371 17.8200
v  -0.3365 -26.6371 17.8200
v  -4.8853 -10.9718 20.6024
v  -4.8738 -11.4376 20.4537
v  -4.7777 -11.5120 20.4282
v  -4.7711 -10.9767 20.6842
v  -4.8662 -10.9772 20.6213
v  -4.8600 -11.4388 20.4565
v  -4.8618 -11.4668 20.4439
v  -4.8440 -11.4895 20.4360
v  -4.8625 -10.9297 20.6961
v  -5.6280 -10.9699 20.6027
v  -4.8662 -9.8586 20.8916
v  -4.8883 -8.7250 20.0198
v  -4.8882 -7.9343 20.0500
v  -4.8883 -8.0860 19.9515
v  -4.8883 -8.4979 19.9121
v  -4.8883 -8.8916 20.2079
v  -4.8883 -8.3096 19.8952
v  -4.8859 -9.8534 20.8737
v  -4.8662 -9.8981 21.0031
v  -4.8662 -10.8888 20.7696
v  -4.8518 -10.9343 20.7535
v  -4.8188 -10.9611 20.7438
v  -4.7738 -10.9664 20.7419
v  -1.4983 -10.6550 20.8286
v  -2.9835 -10.7455 20.8037
v  -0.7685 -26.7120 17.9774
v  -2.9897 -10.7472 20.7619
v  -1.4958 -10.6541 20.7858
v  -7.4986 -11.6771 19.0399
v  -7.4981 -16.5992 17.6038
v  -5.4711 -23.5849 17.2315
v  -3.2765 -26.2234 17.2316
v  -1.7589 -27.0134 17.2337
v  -4.4446 -25.0970 17.2304
v  -6.8011 -20.2111 17.2655
v  -6.2445 -21.8815 17.2398
v  -7.2158 -18.4882 17.3545
v  -7.6160 -14.5459 18.0847
v  -7.6162 -13.4943 18.4052
v  -7.5768 -15.6045 17.8097
v  -6.8211 -9.6461 19.6005
v  -5.9902 -8.6025 19.7793
v  -7.2950 -10.7647 19.3285
v  -5.3650 -8.0939 19.9343
v  -5.7117 -8.3531 19.8116
v  -7.3703 -17.5981 17.4496
v  -7.0257 -19.3564 17.2969
v  -6.5391 -21.0516 17.2487
v  -5.8877 -22.7471 17.2349
v  -4.9917 -24.3654 17.2304
v  -3.8910 -25.6981 17.2308
v  -2.5714 -26.6699 17.2315
v  -0.8986 -27.2144 17.2349
v  -7.5855 -12.5619 18.7257
v  -5.0664 -7.9070 20.1068
v  -5.0476 -7.9099 20.1008
v  -5.3752 -8.1036 20.0093
v  -5.3725 -8.1010 19.9896
v  -5.3554 -8.1028 20.0069
v  -5.5937 -8.2650 19.9872
v  -5.5739 -8.2663 19.9846
v  -5.7863 -8.4254 20.0101
v  -5.7664 -8.4270 20.0079
v  -5.7796 -8.4189 19.9923
v  -5.9737 -8.6018 20.0973
v  -5.9538 -8.6040 20.0959
v  -6.0317 -8.7579 20.2582
v  -6.0118 -8.7602 20.2574
v  -5.9779 -8.8410 20.4954
v  -5.9581 -8.8434 20.4953
v  -5.5940 -8.2648 19.9671
v  -6.0453 -8.7713 20.2496
v  -5.9897 -8.8575 20.4956
v  -4.8883 -7.8311 20.1663
v  -5.0688 -7.9079 20.0903
v  -7.2932 -12.7930 19.9101
v  -7.2732 -12.7930 19.9101
v  -7.2988 -12.7885 19.8914
v  -7.3255 -13.6971 19.5247
v  -7.3313 -13.6929 19.5061
v  -7.3055 -13.6971 19.5248
v  -7.1017 -17.6114 18.2310
v  -7.0817 -17.6114 18.2310
v  -7.1092 -17.6112 18.2124
v  -6.9418 -18.5200 18.0894
v  -6.9498 -18.5191 18.0711
v  -6.9218 -18.5200 18.0894
v  -4.7846 -24.1011 17.8200
v  -4.7646 -24.1011 17.8200
v  -4.7917 -24.1101 17.8036
v  -4.2401 -24.8695 17.8200
v  -4.2471 -24.8777 17.8032
v  -4.2201 -24.8695 17.8200
v  -2.4442 -26.3441 17.8129
v  -2.4345 -26.3304 17.8136
v  -2.4486 -26.3552 17.7968
v  -1.6889 -26.6371 17.8200
v  -1.6915 -26.6494 17.8045
v  -1.6813 -26.6171 17.8200
v  -0.8900 -26.8058 17.8200
v  -0.8908 -26.7811 17.8200
v  -0.8908 -26.8189 17.8049
v  -3.6635 -25.4527 17.8200
v  -3.6435 -25.4527 17.8200
v  -3.6713 -25.4611 17.8036
v  -3.0782 -25.9507 17.8200
v  -3.0852 -25.9598 17.8037
v  -3.0596 -25.9401 17.8200
v  -6.2825 -21.0149 17.8804
v  -6.2625 -21.0149 17.8805
v  -6.2913 -21.0163 17.8625
v  -5.9761 -21.8366 17.8470
v  -5.9855 -21.8384 17.8294
v  -5.9561 -21.8366 17.8470
v  -5.6567 -22.6131 17.8242
v  -5.6367 -22.6131 17.8242
v  -5.6652 -22.6179 17.8067
v  -5.2805 -23.3605 17.8200
v  -5.2876 -23.3681 17.8029
v  -5.2605 -23.3605 17.8200
v  -6.7694 -19.3338 17.9992
v  -6.7494 -19.3338 17.9993
v  -6.7773 -19.3346 17.9809
v  -6.5463 -20.1796 17.9296
v  -6.5546 -20.1808 17.9115
v  -6.5263 -20.1796 17.9297
v  -7.3228 -14.6883 19.1105
v  -7.3028 -14.6883 19.1105
v  -7.3291 -14.6852 19.0918
v  -7.2873 -15.6876 18.7337
v  -7.2942 -15.6857 18.7150
v  -7.2673 -15.6876 18.7337
v  -7.2198 -16.6434 18.4487
v  -7.2269 -16.6423 18.4300
v  -7.1998 -16.6434 18.4487
v  -6.5910 -9.9321 20.8579
v  -6.5710 -9.9311 20.8581
v  -6.5956 -9.9271 20.8391
v  -7.0353 -10.9910 20.5966
v  -7.0401 -10.9870 20.5776
v  -7.0153 -10.9907 20.5966
v  -5.7387 -8.9154 21.0313
v  -5.7472 -8.9134 21.0133
v  -7.2021 -11.9277 20.2571
v  -7.2077 -11.9230 20.2385
v  -7.1821 -11.9277 20.2571
v  -4.8883 -9.0014 20.9992
v  -5.7062 -8.9026 21.0335
v  -5.7146 -8.9006 21.0155
v  -5.7260 -8.9002 21.0339
v  -5.7344 -8.8982 21.0158
v  -5.7165 -8.9237 21.0299
v  -4.8883 -9.0024 21.0192
v  -4.8883 -8.9746 20.4884
v  -4.8662 -7.8115 20.2363
v  -4.8662 -8.7112 20.0338
v  -4.8662 -7.9469 20.0643
v  -4.8662 -8.0889 19.9717
v  -4.8662 -8.4895 19.9302
v  -4.8662 -8.9551 20.4894
v  -4.8662 -8.8740 20.2165
v  -4.8662 -8.3061 19.9150
v  -4.8662 -7.8390 20.1887
v  -4.8744 -7.7979 20.2033
v  -4.8662 -7.7971 20.2199
v  -4.8753 -7.7793 20.2068
v  -4.8971 -7.6406 20.2541
v  -4.8666 -7.7831 20.2233
v  -4.8718 -10.9734 20.6081
v  -4.8664 -11.4370 20.4541
v  -4.8721 -9.8551 20.8780
v  -4.8733 -8.9701 20.4878
v  -4.8760 -7.8099 20.2147
v  -4.8736 -8.7217 20.0226
v  -4.8737 -7.9376 20.0525
v  -4.8736 -8.0857 19.9563
v  -4.8736 -8.4956 19.9159
v  -4.8735 -8.8877 20.2096
v  -4.8736 -8.3081 19.8996
v  -4.8738 -7.8305 20.1745
v  -4.8686 -7.7971 20.2103
v  -4.8778 -7.6382 20.2542
v  -4.8682 -7.6532 20.2450
v  -4.8689 -7.7800 20.2137
v  -7.5645 -12.5744 18.9925
v  -7.5590 -12.5788 19.0112
v  -7.5661 -12.5734 18.9726
v  -7.5944 -13.5017 18.6524
v  -7.5961 -13.5011 18.6325
v  -7.5886 -13.5059 18.6711
v  -7.3523 -17.6029 17.6091
v  -7.3448 -17.6031 17.6276
v  -7.3545 -17.6023 17.5892
v  -7.1976 -18.4918 17.5065
v  -7.2000 -18.4914 17.4866
v  -7.1896 -18.4927 17.5248
v  -4.9854 -24.3562 17.3557
v  -4.9784 -24.3472 17.3720
v  -4.9865 -24.3577 17.3357
v  -4.4336 -25.0955 17.3566
v  -4.4354 -25.0958 17.3367
v  -4.4266 -25.0873 17.3735
v  -2.5709 -26.6638 17.3478
v  -2.5665 -26.6527 17.3639
v  -2.5710 -26.6648 17.3279
v  -1.7673 -27.0044 17.3549
v  -1.7659 -27.0059 17.3350
v  -1.7647 -26.9921 17.3704
v  -0.9158 -27.2040 17.3585
v  -0.9150 -27.1910 17.3736
v  -0.9131 -27.2057 17.3388
v  -3.8867 -25.6919 17.3500
v  -3.8789 -25.6835 17.3665
v  -3.8874 -25.6929 17.3301
v  -3.2784 -26.2133 17.3517
v  -3.2781 -26.2150 17.3318
v  -3.2714 -26.2041 17.3680
v  -6.5242 -21.0542 17.3880
v  -6.5155 -21.0527 17.4059
v  -6.5264 -21.0538 17.3681
v  -6.2283 -21.8836 17.3782
v  -6.2306 -21.8833 17.3583
v  -6.2188 -21.8819 17.3957
v  -5.8769 -22.7380 17.3696
v  -5.8685 -22.7332 17.3870
v  -5.8785 -22.7393 17.3497
v  -5.4686 -23.5654 17.3631
v  -5.4690 -23.5684 17.3433
v  -5.4616 -23.5578 17.3802
v  -7.0088 -19.3590 17.4455
v  -7.0009 -19.3582 17.4638
v  -7.0111 -19.3587 17.4256
v  -6.7844 -20.2135 17.4081
v  -6.7868 -20.2132 17.3883
v  -6.7761 -20.2123 17.4263
v  -7.5943 -14.5556 18.3032
v  -7.5880 -14.5587 18.3219
v  -7.5963 -14.5548 18.2833
v  -7.5554 -15.6115 18.0040
v  -7.5576 -15.6108 17.9841
v  -7.5485 -15.6135 18.0227
v  -7.4783 -16.6041 17.7781
v  -7.4806 -16.6035 17.7583
v  -7.4711 -16.6052 17.7968
v  -6.8245 -9.6794 19.9099
v  -6.8198 -9.6844 19.9287
v  -6.8243 -9.6772 19.8900
v  -7.2823 -10.7840 19.6288
v  -7.2831 -10.7827 19.6089
v  -7.2774 -10.7880 19.6478
v  -5.9874 -8.6175 20.0743
v  -5.9922 -8.6303 20.0889
v  -5.9876 -8.6165 20.0543
v  -7.4807 -11.6930 19.3210
v  -7.4819 -11.6919 19.3011
v  -7.4751 -11.6977 19.3396
v  -5.0411 -11.9314 20.2582
v  -4.8115 -11.5018 20.4342
v  -4.8289 -10.9685 20.6861
v  -4.7739 -10.9664 20.7017
v  -4.8662 -10.8897 20.7111
v  -4.8311 -10.9543 20.7052
v  -4.8276 -11.4965 20.4363
v  -4.8500 -10.9460 20.6951
v  -4.8560 -10.9276 20.7108
v  -4.8662 -8.2099 21.2590
v  -4.8945 -7.6406 20.2616
v  -4.8662 -7.6562 20.2531
v  -4.8859 -8.2120 21.2782
v  -4.8769 -8.1946 21.2671
v  -4.8754 -7.6423 20.2611
v  -4.8734 -8.9056 21.1831
v  -4.8735 -9.9026 21.0157
v  -4.8736 -10.8912 20.7816
v  -4.7730 -10.9764 20.7549
v  -4.8222 -10.9699 20.7570
v  -4.8581 -10.9401 20.7665
v  -1.4972 -10.6649 20.8412
v  -2.9861 -10.7555 20.8168
v  -4.8735 -8.2109 21.2707
v  -4.8710 -8.9961 21.0269
v  -4.8711 -8.9952 21.0069
v  -4.8710 -9.0158 21.0235
v  -4.8662 -8.9840 21.0417
v  -4.8662 -9.0037 21.0384
v  -4.8662 -8.9830 21.0218
v  -4.8883 -9.0024 21.0192
v  -4.8882 -9.0221 21.0159
v  -4.8662 -8.9053 21.1704
v  -7.3809 -11.9805 20.3251
v  -7.6264 -11.7620 19.3981
v  -7.7019 -12.6622 19.0668
v  -7.4432 -12.8326 19.9684
v  -7.3542 -16.6470 18.5442
v  -7.6092 -16.6320 17.8723
v  -7.4836 -17.6242 17.7055
v  -7.2356 -17.6114 18.3291
v  -5.4004 -23.3877 17.9302
v  -5.5826 -23.6267 17.4575
v  -5.0977 -24.4218 17.4516
v  -4.9009 -24.1935 17.9306
v  -2.6133 -26.7814 17.4520
v  -2.4492 -26.4618 17.9320
v  -3.1496 -26.0401 17.9320
v  -3.3460 -26.3180 17.4542
v  -0.9216 -27.3175 17.4680
v  -0.8616 -26.9527 17.9320
v  -1.6730 -26.7730 17.9320
v  -1.7912 -27.1191 17.4623
v  -3.9770 -25.7814 17.4494
v  -3.7702 -25.5323 17.9301
v  -4.3275 -24.9442 17.9315
v  -4.5415 -25.1635 17.4553
v  -6.6536 -21.0846 17.4794
v  -6.4177 -21.0019 17.9870
v  -6.6781 -20.1793 18.0337
v  -6.9152 -20.2381 17.5005
v  -5.9973 -22.7866 17.4618
v  -5.7855 -22.6124 17.9377
v  -6.1200 -21.8131 17.9567
v  -6.3546 -21.9194 17.4691
v  -7.1395 -19.3797 17.5386
v  -6.8999 -19.3406 18.1014
v  -7.0852 -18.4858 18.1914
v  -7.3294 -18.5135 17.5999
v  -7.6867 -15.6465 18.0978
v  -7.4260 -15.6950 18.8259
v  -7.4634 -14.7021 19.1923
v  -7.7263 -14.6083 18.3935
v  -7.4672 -13.7265 19.5939
v  -7.7291 -13.5839 18.7317
v  -7.2069 -11.0722 20.6412
v  -7.4424 -10.8626 19.7053
v  -5.8939 -8.8697 21.1075
v  -6.0858 -8.5361 20.2067
v  -6.9467 -9.6311 20.0166
v  -6.7172 -9.8730 20.9381
v  -7.7254 -12.6397 18.9660
v  -7.7425 -12.5662 18.7330
v  -7.7727 -13.5044 18.4218
v  -7.7530 -13.5652 18.6366
v  -7.5058 -17.6231 17.6351
v  -7.5252 -17.6144 17.4682
v  -7.3704 -18.5101 17.3747
v  -7.3523 -18.5152 17.5324
v  -5.1153 -24.4414 17.3923
v  -5.1251 -24.4473 17.2476
v  -4.5708 -25.1904 17.2454
v  -4.5620 -25.1840 17.3930
v  -2.6281 -26.8094 17.3896
v  -2.6326 -26.8149 17.2450
v  -1.8054 -27.1629 17.2424
v  -1.8028 -27.1578 17.3939
v  -0.9291 -27.3623 17.3963
v  -0.9303 -27.3677 17.2406
v  -3.9952 -25.8031 17.3896
v  -4.0023 -25.8086 17.2463
v  -3.3706 -26.3489 17.2448
v  -3.3642 -26.3436 17.3911
v  -6.6758 -21.0917 17.4159
v  -6.6916 -21.0922 17.2680
v  -6.3937 -21.9292 17.2593
v  -6.3770 -21.9287 17.4083
v  -6.0187 -22.8022 17.4019
v  -6.0332 -22.8057 17.2529
v  -5.6120 -23.6534 17.2490
v  -5.6004 -23.6475 17.3970
v  -7.1633 -19.3831 17.4706
v  -7.1802 -19.3829 17.3185
v  -6.9542 -20.2443 17.2858
v  -6.9376 -20.2431 17.4339
v  -7.7503 -14.5962 18.3060
v  -7.7717 -14.5566 18.1051
v  -7.7308 -15.6151 17.8312
v  -7.7103 -15.6398 18.0181
v  -7.6534 -16.6125 17.6230
v  -7.6326 -16.6288 17.7985
v  -6.0868 -8.4769 19.7892
v  -6.1003 -8.5060 20.0972
v  -6.9647 -9.6076 19.9079
v  -6.9579 -9.5690 19.6105
v  -7.4524 -10.7435 19.3343
v  -7.4606 -10.8357 19.6001
v  -7.6561 -11.6721 19.0345
v  -7.6475 -11.7369 19.2936
v  -4.9087 -8.1970 21.2524
v  -4.8769 -8.1877 21.2546
v  -4.8947 -8.1876 21.2546
v  -4.8662 -8.2030 21.2465
v  -4.9075 -8.2036 21.2659
v  -4.8994 -8.2216 21.2770
v  -4.9075 -7.6484 20.2608
v  -6.6545 -9.9175 21.0216
v  -7.1395 -11.1041 20.7272
v  -7.2860 -12.0129 20.4070
v  -7.3559 -12.8549 20.0548
v  -7.3942 -13.7471 19.6782
v  -7.3954 -14.7141 19.2698
v  -7.3609 -15.6968 18.8957
v  -7.2883 -16.6451 18.6102
v  -7.1694 -17.6047 18.3932
v  -7.0210 -18.4757 18.2531
v  -6.8336 -19.3270 18.1627
v  -6.6149 -20.1626 18.0928
v  -6.3552 -20.9810 18.0414
v  -6.0579 -21.7880 18.0058
v  -5.7313 -22.5822 17.9831
v  -5.3449 -23.3457 17.9776
v  -4.8449 -24.1455 17.9775
v  -4.2758 -24.8961 17.9775
v  -3.7212 -25.4781 17.9775
v  -3.1094 -25.9788 17.9776
v  -2.4200 -26.3995 17.9773
v  -1.6528 -26.6831 17.9774
v  -0.8435 -26.8478 17.9774
v  -1.4945 -10.7084 20.8373
v  -2.9865 -10.7993 20.8130
v  -4.7708 -11.0199 20.7509
v  -4.8454 -11.0089 20.7539
v  -4.8976 -10.9616 20.7683
v  -4.9159 -10.8980 20.7872
v  -4.9158 -9.9054 21.0235
v  -4.9157 -8.9085 21.1915
v  -4.9159 -8.2700 21.2710
v  -5.8416 -8.9303 21.1886
v  -0.8861 -26.7514 17.8200
v  -1.6729 -26.5882 17.8204
v  -2.4211 -26.3034 17.8143
v  -3.0419 -25.9158 17.8203
v  -3.6232 -25.4306 17.8200
v  -4.1970 -24.8501 17.8200
v  -4.7399 -24.0841 17.8200
v  -5.2346 -23.3453 17.8201
v  -5.6094 -22.6006 17.8245
v  -5.9281 -21.8257 17.8474
v  -6.2341 -21.0051 17.8811
v  -6.4975 -20.1713 17.9304
v  -6.7202 -19.3269 18.0000
v  -6.8923 -18.5144 18.0902
v  -7.0520 -17.6071 18.2318
v  -7.1699 -16.6407 18.4494
v  -7.2374 -15.6862 18.7342
v  -7.2728 -14.6878 19.1107
v  -7.2755 -13.6975 19.5246
v  -7.2433 -12.7948 19.9094
v  -7.1524 -11.9314 20.2558
v  -6.9862 -10.9987 20.5944
v  -6.5450 -9.9465 20.8551
v  -5.7039 -8.9550 21.0246
v  -4.9182 -9.0484 21.0114
v  -4.9159 -9.8534 20.8737
v  -4.9153 -10.9721 20.6020
v  -4.9018 -11.4423 20.4517
v  -4.8888 -11.4797 20.4387
v  -4.8630 -11.5126 20.4268
v  -4.8381 -11.5226 20.4257
v  -4.8214 -11.5281 20.4235
v  -4.7484 -11.5518 20.4150
v  -4.7415 -11.0017 20.6754
v  -2.9869 -10.7840 20.7334
v  -1.4947 -10.6928 20.7575
v  -4.8662 -8.9631 21.0174
v  -4.8662 -8.9356 20.4928
v  -4.8662 -8.8564 20.2263
v  -4.8662 -8.6992 20.0499
v  -4.8662 -8.4844 19.9495
v  -4.8662 -8.3078 19.9348
v  -4.8662 -8.0969 19.9899
v  -4.8662 -7.9599 20.0792
v  -4.8662 -7.8550 20.2002
v  -4.8662 -7.8148 20.2699
v  -4.8664 -7.7889 20.2421
v  -4.8662 -7.6858 20.2663
v  -4.8662 -8.2204 21.2375
v  -4.8662 -8.8927 21.1522
v  -4.9097 -7.8231 20.1837
v  -4.9058 -7.8156 20.1826
v  -4.9035 -7.7951 20.1854
v  -4.8968 -7.6651 20.2202
v  -4.9074 -7.6513 20.2270
v  -4.9208 -7.6486 20.2329
v  -5.7957 -8.2324 19.8244
v  -5.4556 -7.9783 19.9246
v  -5.1725 -7.7937 20.0629
v  -4.9413 -7.6635 20.2305
v  -4.9208 -7.6518 20.2444
v  -4.9099 -7.6477 20.2531
v  -4.7772 -11.4691 20.4486
v  -4.8129 -11.4592 20.4543
v  -4.8455 -11.4448 20.4568
v  -4.8294 -11.4525 20.4570
v  2.9292 -16.6483 18.6095
v  4.3932 -16.6482 18.6096
v  4.3213 -17.6089 18.3929
v  2.8812 -17.6088 18.3929
v  2.9585 -15.6994 18.8964
v  4.4372 -15.6992 18.8964
v  7.1417 -11.1041 20.7272
v  5.8967 -10.9836 20.7624
v  5.7855 -9.9040 21.0240
v  6.6568 -9.9175 21.0216
v  4.9181 -9.9054 21.0235
v  4.9179 -8.9085 21.1915
v  5.3762 -8.9085 21.1915
v  4.9181 -8.2700 21.2710
v  2.9716 -14.7143 19.2703
v  4.4568 -14.7144 19.2702
v  2.9711 -13.7462 19.6786
v  4.4561 -13.7463 19.6785
v  0.0011 -12.0052 20.4099
v  0.0011 -10.6879 20.8426
v  1.4967 -10.7084 20.8373
v  1.4638 -12.0062 20.4097
v  2.9235 -24.1625 17.9775
v  1.9494 -24.1625 17.9775
v  2.1500 -23.3605 17.9775
v  3.2244 -23.3605 17.9775
v  3.4569 -22.5947 17.9843
v  2.3050 -22.5947 17.9843
v  2.4358 -21.7988 18.0054
v  3.6532 -21.7988 18.0054
v  3.8319 -20.9907 18.0422
v  2.5549 -20.9907 18.0422
v  2.6590 -20.1709 18.0939
v  3.9880 -20.1709 18.0939
v  4.1195 -19.3340 18.1628
v  2.7467 -19.3340 18.1628
v  2.8218 -18.4813 18.2532
v  4.2321 -18.4813 18.2532
v  2.2468 -25.5002 17.9775
v  1.4982 -25.5002 17.9775
v  1.7210 -24.9156 17.9775
v  2.5810 -24.9156 17.9775
v  7.3832 -11.9805 20.3251
v  7.6286 -11.7620 19.3981
v  7.7041 -12.6622 19.0668
v  7.4455 -12.8326 19.9684
v  7.3564 -16.6470 18.5442
v  7.6114 -16.6320 17.8723
v  7.4858 -17.6242 17.7055
v  7.2378 -17.6114 18.3291
v  5.4027 -23.3877 17.9302
v  5.5848 -23.6267 17.4575
v  5.0999 -24.4218 17.4516
v  4.9032 -24.1935 17.9306
v  2.6155 -26.7814 17.4520
v  2.4514 -26.4618 17.9320
v  3.1519 -26.0401 17.9320
v  3.3483 -26.3180 17.4542
v  0.9238 -27.3175 17.4680
v  0.8600 -26.9533 17.9320
v  1.6817 -26.7707 17.9320
v  1.7934 -27.1191 17.4623
v  3.9792 -25.7814 17.4494
v  3.7725 -25.5323 17.9301
v  4.3298 -24.9442 17.9315
v  4.5437 -25.1635 17.4553
v  6.6558 -21.0847 17.4794
v  6.4200 -21.0019 17.9870
v  6.6803 -20.1793 18.0337
v  6.9175 -20.2381 17.5005
v  5.9995 -22.7866 17.4618
v  5.7877 -22.6124 17.9377
v  6.1222 -21.8131 17.9567
v  6.3569 -21.9194 17.4691
v  7.1418 -19.3797 17.5386
v  6.9021 -19.3406 18.1014
v  7.0875 -18.4858 18.1914
v  7.3316 -18.5135 17.5999
v  7.6889 -15.6465 18.0978
v  7.4282 -15.6950 18.8259
v  7.4656 -14.7021 19.1923
v  7.7286 -14.6083 18.3935
v  7.4694 -13.7265 19.5939
v  7.7313 -13.5839 18.7317
v  7.2091 -11.0722 20.6412
v  7.4446 -10.8626 19.7053
v  5.8961 -8.8697 21.1075
v  6.0880 -8.5361 20.2067
v  6.9489 -9.6311 20.0166
v  6.7195 -9.8730 20.9381
v  4.9098 -8.2036 21.2659
v  4.8970 -8.1944 21.2671
v  4.8970 -8.1876 21.2546
v  4.9109 -8.1970 21.2524
v  1.6725 -26.7421 17.9702
v  0.8532 -26.9218 17.9702
v  0.8539 -26.9093 17.9774
v  1.6664 -26.7296 17.9774
v  3.1357 -26.0167 17.9702
v  2.4365 -26.4340 17.9702
v  2.4310 -26.4220 17.9773
v  3.1290 -26.0033 17.9775
v  4.3128 -24.9268 17.9692
v  3.7535 -25.5099 17.9701
v  3.7439 -25.5002 17.9775
v  4.3009 -24.9156 17.9775
v  5.3882 -23.3687 17.9677
v  4.8876 -24.1754 17.9686
v  4.8718 -24.1625 17.9775
v  5.3733 -23.3605 17.9775
v  6.1036 -21.8046 17.9954
v  5.7710 -22.5986 17.9754
v  5.7608 -22.5947 17.9828
v  6.0880 -21.7988 18.0054
v  6.6615 -20.1746 18.0759
v  6.4013 -20.9954 18.0272
v  6.3858 -20.9907 18.0409
v  6.6459 -20.1709 18.0922
v  7.0681 -18.4836 18.2383
v  6.8831 -19.3375 18.1460
v  6.8650 -19.3340 18.1620
v  7.0527 -18.4813 18.2523
v  7.3362 -16.6482 18.5975
v  7.2181 -17.6104 18.3786
v  7.2013 -17.6089 18.3924
v  7.3203 -16.6479 18.6095
v  7.4075 -15.6989 18.8836
v  7.3931 -15.6983 18.8952
v  7.4448 -14.7095 19.2557
v  7.4277 -14.7146 19.2696
v  7.4487 -13.7379 19.6622
v  7.4264 -13.7465 19.6784
v  7.3637 -11.9978 20.3985
v  7.4250 -12.8461 20.0399
v  7.3881 -12.8533 20.0556
v  7.3180 -12.0098 20.4084
v  7.1905 -11.0888 20.7154
v  7.1708 -11.0965 20.7294
v  6.7013 -9.8922 21.0111
v  6.6830 -9.9025 21.0245
v  5.8809 -8.8962 21.1789
v  5.8646 -8.9085 21.1917
v  4.9017 -8.2216 21.2770
v  4.8881 -8.2120 21.2782
v  7.7521 -13.5726 18.6633
v  7.7246 -12.6487 18.9953
v  7.7259 -12.6471 18.9895
v  7.7533 -13.5714 18.6582
v  7.3510 -18.5157 17.5530
v  7.5055 -17.6252 17.6560
v  7.5061 -17.6240 17.6519
v  7.3527 -18.5157 17.5482
v  4.5607 -25.1809 17.4175
v  5.1155 -24.4399 17.4137
v  5.1166 -24.4408 17.4068
v  4.5633 -25.1833 17.4079
v  1.8027 -27.1475 17.4245
v  2.6284 -26.8066 17.4142
v  2.6299 -26.8088 17.4042
v  1.8047 -27.1573 17.4091
v  0.9290 -27.3481 17.4305
v  0.9313 -27.3618 17.4120
v  0.0011 -27.4344 17.4046
v  0.0011 -27.4300 17.4163
v  3.3638 -26.3401 17.4163
v  3.9956 -25.8011 17.4113
v  3.9967 -25.8025 17.4040
v  3.3658 -26.3430 17.4058
v  6.3755 -21.9278 17.4305
v  6.6745 -21.0912 17.4392
v  6.6765 -21.0916 17.4308
v  6.3775 -21.9286 17.4233
v  5.5992 -23.6457 17.4201
v  6.0163 -22.8004 17.4241
v  6.0195 -22.8019 17.4169
v  5.6015 -23.6469 17.4119
v  6.9363 -20.2428 17.4582
v  7.1608 -19.3828 17.4940
v  7.1638 -19.3832 17.4860
v  6.9382 -20.2430 17.4489
v  7.7096 -15.6427 18.0401
v  7.7494 -14.6009 18.3301
v  7.7503 -14.6002 18.3263
v  7.7104 -15.6423 18.0369
v  7.6316 -16.6308 17.8190
v  7.6327 -16.6304 17.8161
v  4.9121 -7.6477 20.2531
v  4.8994 -7.6406 20.2541
v  4.9059 -7.6394 20.2460
v  4.9231 -7.6518 20.2444
v  7.4633 -10.8460 19.6311
v  6.9671 -9.6119 19.9435
v  6.9676 -9.6115 19.9378
v  7.4637 -10.8450 19.6269
v  6.1032 -8.5097 20.1353
v  6.1039 -8.5089 20.1282
v  7.6481 -11.7447 19.3246
v  7.6489 -11.7434 19.3197
v  7.7276 -12.6397 18.9660
v  7.7447 -12.5662 18.7330
v  7.7750 -13.5044 18.4218
v  7.7553 -13.5652 18.6366
v  7.5081 -17.6231 17.6351
v  7.5275 -17.6144 17.4682
v  7.3726 -18.5101 17.3747
v  7.3545 -18.5152 17.5324
v  5.1175 -24.4414 17.3923
v  5.1273 -24.4473 17.2476
v  4.5730 -25.1904 17.2454
v  4.5642 -25.1840 17.3930
v  2.6303 -26.8094 17.3896
v  2.6349 -26.8149 17.2450
v  1.8076 -27.1629 17.2424
v  1.8050 -27.1578 17.3939
v  0.9314 -27.3623 17.3963
v  0.9325 -27.3677 17.2406
v  0.0011 -27.4400 17.2440
v  0.0011 -27.4349 17.3899
v  3.9974 -25.8031 17.3896
v  4.0045 -25.8086 17.2463
v  3.3728 -26.3489 17.2448
v  3.3665 -26.3436 17.3911
v  6.6780 -21.0917 17.4159
v  6.6938 -21.0922 17.2680
v  6.3959 -21.9292 17.2593
v  6.3792 -21.9287 17.4083
v  6.0209 -22.8022 17.4019
v  6.0354 -22.8057 17.2529
v  5.6142 -23.6534 17.2490
v  5.6026 -23.6475 17.3970
v  7.1655 -19.3831 17.4706
v  7.1824 -19.3829 17.3185
v  6.9564 -20.2443 17.2858
v  6.9398 -20.2431 17.4339
v  7.7525 -14.5962 18.3060
v  7.7739 -14.5566 18.1051
v  7.7330 -15.6151 17.8312
v  7.7125 -15.6398 18.0181
v  7.6556 -16.6125 17.6230
v  7.6348 -16.6288 17.7985
v  4.9230 -7.6486 20.2329
v  4.9436 -7.6635 20.2305
v  6.9669 -9.6076 19.9079
v  6.9601 -9.5690 19.6105
v  7.4546 -10.7435 19.3343
v  7.4629 -10.8357 19.6001
v  6.1025 -8.5060 20.0972
v  6.0890 -8.4769 19.7892
v  7.6584 -11.6721 19.0345
v  7.6498 -11.7369 19.2936
v  7.7769 -13.4983 18.4002
v  7.7465 -12.5588 18.7095
v  7.7380 -12.5536 18.6949
v  7.7741 -13.4941 18.3887
v  7.3744 -18.5096 17.3588
v  7.5294 -17.6135 17.4514
v  7.5272 -17.6124 17.4390
v  7.3716 -18.5087 17.3468
v  4.5739 -25.1911 17.2306
v  5.1283 -24.4479 17.2331
v  5.1266 -24.4473 17.2255
v  4.5701 -25.1882 17.2167
v  1.8079 -27.1634 17.2272
v  2.6353 -26.8155 17.2304
v  2.6326 -26.8128 17.2194
v  1.8051 -27.1455 17.2090
v  0.9326 -27.3682 17.2250
v  0.9279 -27.3377 17.2085
v  0.0011 -27.4352 17.2152
v  0.0011 -27.4405 17.2293
v  3.3734 -26.3495 17.2301
v  4.0052 -25.8092 17.2318
v  4.0042 -25.8079 17.2245
v  3.3709 -26.3456 17.2163
v  6.3976 -21.9292 17.2443
v  6.6954 -21.0923 17.2531
v  6.6914 -21.0912 17.2408
v  6.3930 -21.9277 17.2303
v  5.6153 -23.6540 17.2341
v  6.0369 -22.8060 17.2379
v  6.0324 -22.8044 17.2230
v  5.6115 -23.6527 17.2203
v  6.9581 -20.2444 17.2708
v  7.1842 -19.3829 17.3031
v  7.1806 -19.3820 17.2889
v  6.9547 -20.2437 17.2585
v  7.7351 -15.6127 17.8123
v  7.7761 -14.5526 18.0849
v  7.7739 -14.5496 18.0738
v  7.7323 -15.6109 17.8027
v  7.6577 -16.6109 17.6053
v  7.6545 -16.6093 17.5938
v  4.8839 -7.6379 20.2471
v  4.9096 -7.6513 20.2270
v  7.4537 -10.7342 19.3075
v  6.9594 -9.5651 19.5806
v  6.9544 -9.5660 19.5675
v  7.4479 -10.7317 19.2949
v  6.0876 -8.4740 19.7582
v  6.0842 -8.4768 19.7437
v  7.6592 -11.6656 19.0084
v  7.6393 -11.6619 18.9930
v  5.4446 -7.9547 19.9032
v  5.1601 -7.7761 20.0500
v  5.1481 -7.7759 20.0406
v  5.4375 -7.9563 19.8909
v  5.7938 -8.2138 19.7959
v  5.7885 -8.2155 19.7830
v  7.6182 -11.6625 18.9921
v  7.7208 -12.5521 18.6904
v  7.6436 -16.6074 17.5867
v  7.5153 -17.6107 17.4335
v  5.5988 -23.6468 17.2126
v  5.1210 -24.4442 17.2155
v  3.3630 -26.3343 17.2090
v  2.6284 -26.8027 17.2108
v  1.8007 -27.1258 17.2081
v  0.9258 -27.3162 17.2078
v  4.5591 -25.1793 17.2095
v  4.0003 -25.8036 17.2144
v  6.9430 -20.2408 17.2493
v  6.6803 -21.0882 17.2334
v  6.3809 -21.9237 17.2220
v  6.0187 -22.7989 17.2159
v  7.3607 -18.5065 17.3392
v  7.1670 -19.3789 17.2797
v  7.7641 -14.5464 18.0635
v  7.7234 -15.6090 17.7946
v  7.7630 -13.4904 18.3789
v  4.8753 -7.6527 20.2386
v  4.8990 -7.6651 20.2202
v  6.9424 -9.5723 19.5603
v  7.4342 -10.7333 19.2879
v  6.0747 -8.4869 19.7364
v  5.1361 -7.7891 20.0362
v  5.4299 -7.9707 19.8832
v  5.7802 -8.2280 19.7756
v  7.6049 -12.5561 18.6833
v  7.6459 -13.4905 18.3670
v  7.3973 -17.5983 17.4178
v  7.2421 -18.4897 17.3230
v  5.0155 -24.3791 17.2017
v  4.4655 -25.1085 17.2004
v  2.5843 -26.6908 17.2034
v  1.7662 -27.0349 17.2042
v  0.9008 -27.2360 17.2047
v  0.0011 -27.3035 17.2048
v  0.0011 -27.4215 17.2090
v  3.9093 -25.7136 17.2009
v  3.2916 -26.2413 17.2023
v  6.5641 -21.0563 17.2195
v  6.2688 -21.8878 17.2099
v  5.9100 -22.7558 17.2049
v  5.4928 -23.5965 17.2021
v  7.0516 -19.3593 17.2664
v  6.8273 -20.2142 17.2354
v  7.6477 -14.5438 18.0495
v  7.6057 -15.6041 17.7792
v  7.5246 -16.5987 17.5713
v  4.8776 -7.7793 20.2068
v  4.9058 -7.7951 20.1854
v  6.8398 -9.6314 19.5550
v  7.3176 -10.7539 19.2840
v  6.0046 -8.5839 19.7302
v  7.5062 -11.6732 18.9997
v  5.0779 -7.8916 20.0548
v  5.3706 -8.0733 19.8938
v  5.7165 -8.3297 19.7755
v  7.5896 -12.5608 18.7025
v  7.6203 -13.4937 18.3837
v  7.3741 -17.5977 17.4357
v  7.2196 -18.4879 17.3413
v  4.9945 -24.3661 17.2195
v  4.4478 -25.0971 17.2194
v  2.5737 -26.6704 17.2214
v  1.7604 -27.0142 17.2232
v  0.8993 -27.2153 17.2241
v  0.0011 -27.2831 17.2238
v  3.8936 -25.6987 17.2205
v  3.2786 -26.2243 17.2212
v  6.5426 -21.0513 17.2366
v  6.2481 -21.8814 17.2278
v  5.8908 -22.7479 17.2232
v  5.4735 -23.5866 17.2201
v  7.0294 -19.3562 17.2839
v  6.8048 -20.2109 17.2530
v  7.6201 -14.5451 18.0657
v  7.5809 -15.6039 17.7928
v  7.5020 -16.5987 17.5887
v  6.8230 -9.6432 19.5736
v  7.2983 -10.7630 19.3024
v  5.9939 -8.6026 19.7517
v  7.5024 -11.6757 19.0154
v  5.0734 -7.9089 20.0737
v  5.3642 -8.0910 19.9119
v  5.7074 -8.3468 19.7944
v  7.5878 -12.5619 18.7257
v  7.5683 -12.5734 18.9726
v  7.5984 -13.5011 18.6325
v  7.6184 -13.4943 18.4052
v  7.3725 -17.5981 17.4496
v  7.3568 -17.6023 17.5892
v  7.2022 -18.4914 17.4866
v  7.2180 -18.4882 17.3545
v  4.9940 -24.3654 17.2304
v  4.9887 -24.3577 17.3357
v  4.4376 -25.0958 17.3367
v  4.4469 -25.0970 17.2304
v  2.5737 -26.6699 17.2315
v  2.5732 -26.6648 17.3279
v  1.7681 -27.0059 17.3350
v  1.7611 -27.0134 17.2337
v  0.9008 -27.2144 17.2349
v  0.9153 -27.2057 17.3388
v  0.0011 -27.2795 17.3267
v  0.0011 -27.2828 17.2336
v  3.8932 -25.6981 17.2308
v  3.8896 -25.6929 17.3301
v  3.2803 -26.2150 17.3318
v  3.2788 -26.2234 17.2316
v  6.5413 -21.0516 17.2487
v  6.5286 -21.0538 17.3681
v  6.2328 -21.8833 17.3583
v  6.2467 -21.8815 17.2398
v  5.8899 -22.7471 17.2349
v  5.8807 -22.7394 17.3497
v  5.4712 -23.5684 17.3433
v  5.4733 -23.5849 17.2315
v  7.0280 -19.3564 17.2969
v  7.0133 -19.3587 17.4256
v  6.7890 -20.2132 17.3883
v  6.8033 -20.2111 17.2655
v  7.6182 -14.5459 18.0847
v  7.5985 -14.5548 18.2833
v  7.5598 -15.6108 17.9841
v  7.5790 -15.6045 17.8097
v  7.4828 -16.6035 17.7583
v  7.5003 -16.5992 17.6038
v  6.8233 -9.6461 19.6005
v  6.8265 -9.6772 19.8900
v  7.2853 -10.7827 19.6089
v  7.2972 -10.7647 19.3285
v  5.9925 -8.6025 19.7793
v  5.9898 -8.6165 20.0543
v  7.4842 -11.6919 19.3011
v  7.5008 -11.6771 19.0399
v  5.0710 -7.9079 20.0903
v  5.3672 -8.0939 19.9343
v  5.3748 -8.1010 19.9896
v  5.5963 -8.2648 19.9671
v  5.7139 -8.3531 19.8116
v  5.7818 -8.4189 19.9923
v  7.5908 -13.5059 18.6711
v  7.5612 -12.5788 19.0112
v  7.3010 -12.7885 19.8914
v  7.3335 -13.6929 19.5061
v  7.1918 -18.4927 17.5248
v  7.3471 -17.6031 17.6276
v  7.1114 -17.6112 18.2124
v  6.9520 -18.5191 18.0711
v  4.4288 -25.0873 17.3735
v  4.9806 -24.3472 17.3720
v  4.7939 -24.1101 17.8036
v  4.2493 -24.8777 17.8032
v  1.7669 -26.9922 17.3704
v  2.5687 -26.6527 17.3639
v  2.4508 -26.3552 17.7968
v  1.6937 -26.6494 17.8045
v  0.9172 -27.1910 17.3736
v  0.8931 -26.8189 17.8049
v  0.0011 -26.9121 17.8044
v  0.0011 -27.2663 17.3623
v  3.2736 -26.2041 17.3680
v  3.8811 -25.6835 17.3665
v  3.6735 -25.4611 17.8036
v  3.0874 -25.9598 17.8037
v  6.2211 -21.8819 17.3957
v  6.5177 -21.0528 17.4059
v  6.2935 -21.0163 17.8625
v  5.9877 -21.8384 17.8294
v  5.4638 -23.5578 17.3802
v  5.8707 -22.7332 17.3870
v  5.6674 -22.6179 17.8067
v  5.2898 -23.3682 17.8029
v  6.7784 -20.2123 17.4263
v  7.0031 -19.3582 17.4638
v  6.7796 -19.3346 17.9809
v  6.5568 -20.1808 17.9115
v  7.5508 -15.6135 18.0227
v  7.5902 -14.5587 18.3219
v  7.3313 -14.6852 19.0918
v  7.2964 -15.6857 18.7150
v  7.4734 -16.6052 17.7968
v  7.2292 -16.6423 18.4300
v  7.2796 -10.7880 19.6478
v  6.8221 -9.6844 19.9287
v  6.5978 -9.9271 20.8391
v  7.0423 -10.9870 20.5776
v  5.9919 -8.8575 20.4956
v  5.7494 -8.9134 21.0133
v  7.4773 -11.6977 19.3396
v  7.2099 -11.9230 20.2385
v  0.8883 -26.7514 17.8200
v  0.6768 -26.6371 17.8200
v  0.3387 -26.6371 17.8200
v  0.0011 -26.8494 17.8200
v  2.8475 -17.6114 18.2333
v  4.2663 -17.6115 18.2328
v  4.3385 -16.6430 18.4485
v  2.8967 -16.6428 18.4485
v  2.9191 -12.7974 19.9082
v  4.3779 -12.7959 19.9089
v  4.3230 -11.9333 20.2599
v  2.8824 -11.9361 20.2613
v  2.9292 -14.6883 19.1109
v  4.3945 -14.6882 19.1107
v  4.3970 -13.6992 19.5276
v  2.9316 -13.6995 19.5275
v  2.9215 -15.6873 18.7343
v  4.3775 -15.6874 18.7341
v  3.3955 -22.6131 17.8289
v  2.2637 -22.6131 17.8302
v  2.1134 -23.3605 17.8200
v  3.1699 -23.3605 17.8200
v  3.7710 -21.0149 17.8848
v  2.5141 -21.0149 17.8860
v  2.3913 -21.8366 17.8466
v  3.5870 -21.8366 17.8468
v  4.0655 -19.3340 18.0055
v  2.7124 -19.3339 18.0068
v  2.6219 -20.1797 17.9354
v  3.9308 -20.1798 17.9351
v  4.7438 -11.0017 20.6754
v  2.9891 -10.7840 20.7334
v  2.8724 -24.1011 17.8200
v  1.9151 -24.1011 17.8200
v  1.6973 -24.8695 17.8200
v  2.5456 -24.8695 17.8200
v  0.0011 -27.3995 17.4542
v  0.0011 -27.0144 17.9320
v  0.0011 -26.9836 17.9702
v  0.0011 -26.9683 17.9774
v  2.7783 -18.5200 18.0899
v  4.1669 -18.5199 18.0895
v  2.9266 -12.0071 20.4092
v  4.3893 -12.0081 20.4089
v  4.4331 -12.8530 20.0557
v  2.9558 -12.8528 20.0558
v  1.4667 -25.4527 17.8200
v  2.1997 -25.4527 17.8200
v  1.2326 -25.9507 17.8200
v  1.8485 -25.9507 17.8200
v  0.9790 -26.3460 17.8200
v  1.4681 -26.3454 17.8200
v  1.1405 -26.6371 17.8200
v  1.8779 -26.0033 17.9775
v  1.2523 -26.0033 17.9775
v  1.5196 -26.4269 17.9774
v  0.9749 -26.4269 17.9774
v  1.1727 -26.7120 17.9774
v  0.7707 -26.7120 17.9774
v  1.6550 -26.6831 17.9774
v  0.8457 -26.8478 17.9774
v  5.8573 -16.6482 18.6099
v  7.2905 -16.6451 18.6102
v  7.1716 -17.6047 18.3932
v  5.7613 -17.6089 18.3929
v  1.4412 -17.6087 18.3929
v  0.0011 -17.6086 18.3930
v  0.0011 -16.6484 18.6095
v  1.4652 -16.6483 18.6095
v  0.0011 -15.6997 18.8963
v  1.4798 -15.6995 18.8962
v  5.9159 -15.6989 18.8961
v  7.3631 -15.6968 18.8957
v  5.9421 -14.7146 19.2701
v  7.3977 -14.7141 19.2698
v  0.0011 -14.7140 19.2703
v  1.4864 -14.7141 19.2701
v  5.9411 -13.7464 19.6785
v  7.3964 -13.7471 19.6782
v  0.0011 -13.7460 19.6788
v  1.4861 -13.7461 19.6787
v  0.9753 -24.1625 17.9775
v  0.0011 -24.1625 17.9775
v  0.0011 -23.3605 17.9775
v  1.0756 -23.3605 17.9775
v  4.2989 -23.3605 17.9775
v  5.3472 -23.3457 17.9776
v  4.8471 -24.1455 17.9775
v  3.8977 -24.1625 17.9775
v  1.1530 -22.5947 17.9843
v  0.0011 -22.5947 17.9843
v  0.0011 -21.7988 18.0054
v  1.2184 -21.7988 18.0054
v  4.8706 -21.7988 18.0054
v  6.0601 -21.7880 18.0058
v  5.7335 -22.5822 17.9831
v  4.6089 -22.5947 17.9843
v  1.2780 -20.9907 18.0422
v  0.0011 -20.9906 18.0422
v  0.0011 -20.1709 18.0939
v  1.3300 -20.1709 18.0939
v  5.3169 -20.1710 18.0939
v  6.6171 -20.1626 18.0928
v  6.3574 -20.9810 18.0414
v  5.1088 -20.9907 18.0422
v  1.3739 -19.3340 18.1628
v  0.0011 -19.3339 18.1628
v  0.0011 -18.4812 18.2532
v  1.4115 -18.4812 18.2532
v  5.6424 -18.4814 18.2532
v  7.0232 -18.4757 18.2531
v  6.8359 -19.3270 18.1627
v  5.4923 -19.3340 18.1628
v  0.7497 -25.5002 17.9775
v  0.0011 -25.5002 17.9775
v  0.0011 -24.9156 17.9775
v  0.8611 -24.9156 17.9775
v  3.4410 -24.9156 17.9775
v  4.2780 -24.8961 17.9775
v  3.7235 -25.4781 17.9775
v  2.9953 -25.5002 17.9775
v  5.9201 -12.0041 20.3952
v  7.2882 -12.0129 20.4070
v  7.3581 -12.8549 20.0548
v  5.9104 -12.8532 20.0556
v  1.4784 -12.8526 20.0558
v  0.0011 -12.8525 20.0559
v  0.6267 -26.0033 17.9775
v  0.0011 -26.0033 17.9775
v  3.1116 -25.9788 17.9776
v  2.5034 -26.0033 17.9775
v  0.4880 -26.4269 17.9774
v  0.0011 -26.4269 17.9774
v  2.4222 -26.3995 17.9773
v  2.0436 -26.4269 17.9774
v  0.3172 -26.7120 17.9774
v  0.0011 -26.7120 17.9774
v  2.9887 -10.7993 20.8130
v  4.7730 -11.0199 20.7509
v  4.8476 -11.0089 20.7539
v  4.9181 -10.8980 20.7872
v  5.8438 -8.9303 21.1886
v  5.6851 -17.6115 18.2324
v  7.0542 -17.6071 18.2318
v  7.1721 -16.6407 18.4494
v  5.7802 -16.6432 18.4486
v  1.4549 -16.6426 18.4484
v  0.0011 -16.6424 18.4484
v  0.0011 -17.6113 18.2342
v  1.4287 -17.6114 18.2337
v  5.8367 -12.7945 19.9095
v  7.2455 -12.7948 19.9094
v  7.1546 -11.9314 20.2558
v  5.7637 -11.9305 20.2585
v  5.0433 -11.9314 20.2582
v  1.4417 -11.9398 20.2653
v  0.0011 -11.9416 20.2641
v  0.0011 -12.8003 19.9070
v  1.4603 -12.7989 19.9076
v  5.8597 -14.6882 19.1105
v  7.2750 -14.6878 19.1107
v  7.2778 -13.6975 19.5246
v  5.8624 -13.6988 19.5278
v  1.4663 -13.6999 19.5273
v  0.0011 -13.7002 19.5272
v  0.0011 -14.6883 19.1111
v  1.4640 -14.6883 19.1110
v  5.8335 -15.6875 18.7339
v  7.2396 -15.6862 18.7342
v  0.0011 -15.6872 18.7347
v  1.4655 -15.6873 18.7345
v  1.1320 -22.6131 17.8310
v  0.0011 -22.6131 17.8327
v  0.0011 -23.3605 17.8200
v  1.0570 -23.3605 17.8200
v  4.2263 -23.3605 17.8200
v  5.2368 -23.3453 17.8201
v  5.6117 -22.6006 17.8245
v  4.5272 -22.6131 17.8277
v  1.2573 -21.0149 17.8873
v  0.0011 -21.0149 17.8886
v  0.0011 -21.8366 17.8468
v  1.1956 -21.8366 17.8465
v  4.7826 -21.8366 17.8469
v  5.9303 -21.8257 17.8474
v  6.2363 -21.0051 17.8811
v  5.0279 -21.0149 17.8835
v  1.3593 -19.3338 18.0081
v  0.0011 -19.3338 18.0093
v  0.0011 -20.1796 17.9376
v  1.3130 -20.1796 17.9363
v  5.2397 -20.1799 17.9349
v  6.4997 -20.1713 17.9304
v  6.7224 -19.3269 18.0000
v  5.4186 -19.3341 18.0047
v  6.9884 -10.9987 20.5944
v  5.6302 -10.9699 20.6027
v  1.4969 -10.6928 20.7575
v  0.0011 -10.6717 20.7630
v  0.9579 -24.1011 17.8200
v  0.0011 -24.1011 17.8200
v  0.0011 -24.8695 17.8200
v  0.8490 -24.8695 17.8200
v  3.3940 -24.8695 17.8200
v  4.1992 -24.8501 17.8200
v  4.7421 -24.0841 17.8200
v  3.8296 -24.1011 17.8200
v  5.5554 -18.5200 18.0895
v  6.8945 -18.5144 18.0902
v  0.0011 -18.5200 18.0908
v  1.3897 -18.5200 18.0903
v  0.0011 -25.4527 17.8200
v  0.7337 -25.4527 17.8200
v  2.9327 -25.4527 17.8200
v  3.6254 -25.4306 17.8200
v  0.0011 -25.9507 17.8200
v  0.6166 -25.9507 17.8200
v  2.4645 -25.9507 17.8200
v  3.0442 -25.9158 17.8203
v  0.0011 -26.3473 17.8200
v  0.4898 -26.3467 17.8200
v  2.0239 -26.3447 17.8200
v  2.4233 -26.3034 17.8143
v  0.0011 -26.6371 17.8200
v  1.6751 -26.5882 17.8204
v  4.7507 -11.5518 20.4150
v  4.8236 -11.5281 20.4235
v  4.8761 -11.4376 20.4537
v  4.8875 -10.9718 20.6024
v  4.8741 -10.9734 20.6081
v  4.8687 -11.4370 20.4541
v  4.8641 -11.4668 20.4439
v  4.7794 -11.4691 20.4486
v  4.8151 -11.4592 20.4543
v  4.8312 -10.9685 20.6861
v  4.7733 -10.9767 20.6842
v  4.8647 -10.9297 20.6961
v  4.8477 -11.4448 20.4568
v  4.8623 -11.4388 20.4565
v  4.8684 -10.9773 20.6213
v  6.5472 -9.9465 20.8551
v  4.9181 -9.8534 20.8737
v  4.9175 -10.9721 20.6020
v  4.8744 -9.8551 20.8780
v  4.8684 -9.8586 20.8916
v  5.0498 -7.9099 20.1008
v  4.8905 -7.8311 20.1663
v  4.8905 -7.9343 20.0500
v  5.3576 -8.1028 20.0069
v  4.8905 -8.0860 19.9515
v  5.5761 -8.2663 19.9846
v  4.8905 -8.3096 19.8952
v  5.9561 -8.6040 20.0959
v  5.7687 -8.4270 20.0079
v  4.8905 -8.4979 19.9121
v  4.8905 -8.7250 20.0198
v  6.0141 -8.7602 20.2574
v  4.8905 -8.8916 20.2079
v  5.7168 -8.9006 21.0155
v  5.9603 -8.8434 20.4953
v  4.8905 -8.9746 20.4884
v  4.8905 -9.0014 20.9992
v  5.7061 -8.9550 21.0246
v  4.9204 -9.0484 21.0114
v  4.8879 -8.9085 21.1915
v  4.8757 -8.9056 21.1831
v  4.8758 -8.2109 21.2707
v  4.8881 -9.9054 21.0235
v  4.8757 -9.9026 21.0157
v  4.8881 -10.8942 20.7886
v  4.8758 -10.8912 20.7816
v  4.8338 -10.9823 20.7634
v  4.7726 -10.9913 20.7608
v  4.7753 -10.9764 20.7549
v  4.8244 -10.9699 20.7570
v  4.8731 -10.9465 20.7737
v  4.8603 -10.9401 20.7665
v  1.4979 -10.6799 20.8467
v  0.0011 -10.6590 20.8521
v  0.0011 -10.6441 20.8461
v  1.4994 -10.6649 20.8412
v  2.9916 -10.7710 20.8225
v  2.9884 -10.7555 20.8168
v  0.0011 -26.9349 17.9774
v  2.9920 -10.7564 20.7448
v  4.7761 -10.9664 20.7017
v  2.9920 -10.7472 20.7619
v  1.4981 -10.6649 20.7686
v  1.4981 -10.6541 20.7858
v  0.0011 -10.6438 20.7740
v  0.0011 -10.6344 20.7908
v  1.5005 -10.6550 20.8286
v  0.0011 -10.6344 20.8330
v  4.7760 -10.9664 20.7419
v  2.9857 -10.7455 20.8037
v  4.8911 -11.4797 20.4387
v  4.8652 -11.5126 20.4268
v  4.9040 -11.4423 20.4517
v  5.3774 -8.1036 20.0093
v  5.5959 -8.2650 19.9872
v  5.7885 -8.4254 20.0101
v  5.9759 -8.6018 20.0973
v  5.9896 -8.6175 20.0743
v  6.0476 -8.7713 20.2496
v  5.9944 -8.6303 20.0889
v  6.0339 -8.7579 20.2582
v  5.9802 -8.8410 20.4954
v  5.7367 -8.8982 21.0158
v  5.0687 -7.9070 20.1068
v  4.8905 -7.8117 20.1964
v  4.9119 -7.8231 20.1837
v  4.8766 -7.7979 20.2033
v  4.9081 -7.8157 20.1826
v  7.2955 -12.7930 19.9101
v  7.3278 -13.6971 19.5247
v  7.1039 -17.6114 18.2310
v  6.9440 -18.5200 18.0894
v  4.7868 -24.1011 17.8200
v  4.2423 -24.8695 17.8200
v  2.4465 -26.3441 17.8129
v  1.6911 -26.6371 17.8200
v  0.8922 -26.8058 17.8200
v  0.0011 -26.8996 17.8200
v  3.6657 -25.4527 17.8200
v  3.0804 -25.9507 17.8200
v  6.2847 -21.0149 17.8804
v  5.9783 -21.8366 17.8470
v  5.6590 -22.6131 17.8242
v  5.2828 -23.3605 17.8200
v  6.7716 -19.3338 17.9992
v  6.5485 -20.1796 17.9296
v  7.3250 -14.6883 19.1105
v  7.2895 -15.6876 18.7337
v  7.2220 -16.6434 18.4487
v  6.5932 -9.9321 20.8579
v  7.0375 -10.9910 20.5966
v  5.7410 -8.9154 21.0313
v  7.2044 -11.9277 20.2571
v  0.8931 -26.7811 17.8200
v  0.0011 -26.8796 17.8200
v  7.2020 -16.6434 18.4487
v  7.0839 -17.6114 18.2310
v  7.1844 -11.9277 20.2571
v  7.2755 -12.7930 19.9101
v  7.3078 -13.6971 19.5248
v  7.3050 -14.6883 19.1105
v  7.2695 -15.6876 18.7337
v  5.6390 -22.6131 17.8242
v  5.2628 -23.3605 17.8200
v  6.2647 -21.0149 17.8805
v  5.9583 -21.8366 17.8470
v  6.7516 -19.3338 17.9993
v  6.5285 -20.1796 17.9297
v  7.0175 -10.9907 20.5966
v  4.7668 -24.1011 17.8200
v  4.2223 -24.8695 17.8200
v  6.9240 -18.5200 18.0894
v  3.6457 -25.4527 17.8200
v  3.0618 -25.9401 17.8200
v  2.4367 -26.3304 17.8136
v  1.6835 -26.6171 17.8200
v  6.5732 -9.9311 20.8581
v  4.8905 -9.0024 21.0192
v  5.7084 -8.9026 21.0335
v  5.7187 -8.9237 21.0299
v  5.7282 -8.9002 21.0339
v  4.8905 -9.0221 21.0159
v  4.8732 -9.0158 21.0235
v  4.8684 -9.0037 21.0384
v  4.8684 -8.9830 21.0218
v  4.8733 -8.9952 21.0069
v  4.8755 -8.9701 20.4878
v  4.8684 -8.9551 20.4894
v  4.8760 -7.8305 20.1745
v  4.8760 -7.9376 20.0525
v  4.8758 -8.0857 19.9563
v  4.8758 -8.3081 19.8996
v  4.8758 -8.4956 19.9159
v  4.8758 -8.7217 20.0226
v  4.8758 -8.8877 20.2096
v  4.8782 -7.8099 20.2147
v  4.8684 -7.8115 20.2363
v  4.8708 -7.7971 20.2103
v  4.8684 -7.7971 20.2199
v  4.8711 -7.7800 20.2137
v  4.8688 -7.7831 20.2233
v  4.8800 -7.6382 20.2542
v  4.8704 -7.6532 20.2450
v  4.8881 -9.8534 20.8737
v  4.8684 -7.8390 20.1887
v  4.8684 -7.9469 20.0643
v  4.8684 -8.0889 19.9717
v  4.8684 -8.3061 19.9150
v  4.8684 -8.4895 19.9302
v  4.8684 -8.7112 20.0338
v  4.8684 -8.8740 20.2165
v  4.8776 -7.6423 20.2611
v  4.8684 -7.6562 20.2531
v  7.5667 -12.5744 18.9925
v  7.5966 -13.5017 18.6524
v  7.3545 -17.6029 17.6091
v  7.1999 -18.4918 17.5065
v  4.9877 -24.3562 17.3557
v  4.4359 -25.0955 17.3566
v  2.5731 -26.6638 17.3478
v  1.7695 -27.0044 17.3549
v  0.9181 -27.2040 17.3585
v  0.0011 -27.2788 17.3467
v  3.8889 -25.6919 17.3500
v  3.2806 -26.2133 17.3517
v  6.5265 -21.0542 17.3880
v  6.2305 -21.8836 17.3782
v  5.8792 -22.7380 17.3696
v  5.4708 -23.5654 17.3631
v  7.0110 -19.3590 17.4455
v  6.7867 -20.2135 17.4081
v  7.5965 -14.5556 18.3032
v  7.5576 -15.6115 18.0040
v  7.4805 -16.6041 17.7781
v  6.8267 -9.6794 19.9099
v  7.2845 -10.7840 19.6288
v  7.4829 -11.6930 19.3210
v  4.8684 -8.9053 21.1704
v  4.8684 -9.8981 21.0031
v  4.8403 -11.5226 20.4257
v  4.8317 -11.4525 20.4570
v  4.8523 -10.9460 20.6951
v  4.8582 -10.9276 20.7108
v  4.8334 -10.9543 20.7052
v  4.8210 -10.9611 20.7438
v  4.8684 -10.8897 20.7111
v  4.8684 -10.8888 20.7696
v  4.8540 -10.9343 20.7535
v  4.8791 -8.1946 21.2671
v  4.8791 -8.1877 21.2546
v  4.8967 -7.6406 20.2616
v  4.8684 -8.2030 21.2465
v  4.9097 -7.6484 20.2608
v  4.8684 -8.8927 21.1522
v  4.8684 -8.9631 21.0174
v  4.8684 -8.2204 21.2375
v  4.8684 -8.2099 21.2590
v  4.8998 -10.9616 20.7683
v  4.8732 -8.9961 21.0269
v  4.8684 -8.9840 21.0417
v  4.8905 -9.0024 21.0192
v  4.8462 -11.4896 20.4360
v  4.8299 -11.4965 20.4363
v  4.8137 -11.5018 20.4342
v  4.7799 -11.5120 20.4282
v  4.8684 -8.9356 20.4928
v  4.8684 -8.8564 20.2263
v  4.8684 -8.6992 20.0499
v  4.8684 -8.4844 19.9495
v  4.8684 -8.3078 19.9348
v  4.8684 -8.0969 19.9899
v  4.8684 -7.9599 20.0792
v  4.8684 -7.8550 20.2002
v  4.8684 -7.8148 20.2699
v  4.8686 -7.7889 20.2421
v  4.8684 -7.6858 20.2663
v  5.1747 -7.7937 20.0629
v  5.4579 -7.9783 19.9246
v  5.7979 -8.2324 19.8244
v  7.2800 -16.6827 16.8636
v  7.0608 -16.6620 16.8632
v  6.9618 -16.6331 16.8646
v  6.8716 -16.5812 16.8633
v  6.7951 -16.5065 16.8635
v  6.7355 -16.4033 16.8632
v  7.2446 -16.6794 16.8636
v  7.1814 -16.6887 16.8484
v  7.0013 -16.6746 16.8344
v  6.9075 -16.6125 16.8344
v  7.0073 -16.6452 16.8344
v  7.0011 -16.6754 16.8484
v  6.9073 -16.6133 16.8484
v  7.0071 -16.6460 16.8484
v  7.2123 -16.2514 16.9642
v  6.9369 -16.2494 16.9591
v  7.0367 -16.2506 16.9591
v  6.7506 -16.4853 16.8344
v  6.6960 -16.3796 16.8344
v  6.8235 -16.5609 16.8344
v  6.7504 -16.4861 16.8484
v  6.6958 -16.3803 16.8484
v  6.8234 -16.5617 16.8484
v  6.8529 -16.2476 16.9591
v  7.1842 -16.6485 16.8591
v  6.9088 -16.5951 16.8540
v  7.0086 -16.6262 16.8540
v  6.7555 -16.4742 16.8540
v  6.7048 -16.3728 16.8547
v  6.8248 -16.5460 16.8540
v  -7.6997 -3.3764 23.2305
v  -7.7031 -3.3763 23.2369
v  -7.7143 -3.3767 23.2413
v  -7.7901 -3.3805 23.2448
v  -7.7049 -3.2916 23.2227
v  -7.7084 -3.2903 23.2290
v  -7.7196 -3.2900 23.2332
v  -7.7954 -3.2943 23.2367
v  -7.7112 -3.2100 23.1985
v  -7.7148 -3.2076 23.2044
v  -7.7261 -3.2067 23.2084
v  -7.8018 -3.2115 23.2120
v  -7.7184 -3.1348 23.1589
v  -7.7221 -3.1313 23.1641
v  -7.7335 -3.1299 23.1678
v  -7.8092 -3.1351 23.1716
v  -7.7263 -3.0688 23.1054
v  -7.7301 -3.0645 23.1098
v  -7.7415 -3.0625 23.1130
v  -7.8171 -3.0682 23.1171
v  -7.7344 -3.0146 23.0400
v  -7.7383 -3.0096 23.0434
v  -7.7498 -3.0072 23.0461
v  -7.8254 -3.0132 23.0505
v  -7.7425 -2.9743 22.9652
v  -7.7465 -2.9688 22.9676
v  -7.7580 -2.9661 22.9696
v  -7.8336 -2.9724 22.9744
v  -7.7502 -2.9494 22.8840
v  -7.7544 -2.9436 22.8852
v  -7.7660 -2.9408 22.8866
v  -7.8415 -2.9472 22.8918
v  -7.7574 -2.9409 22.7994
v  -7.7616 -2.9350 22.7994
v  -7.7733 -2.9322 22.8001
v  -7.8488 -2.9387 22.8058
v  -7.7636 -2.9491 22.7147
v  -7.7680 -2.9434 22.7135
v  -7.7797 -2.9406 22.7136
v  -7.8551 -2.9472 22.7198
v  -7.7688 -2.9737 22.6332
v  -7.7732 -2.9683 22.6309
v  -7.7849 -2.9659 22.6303
v  -7.8603 -2.9723 22.6369
v  -7.7726 -3.0137 22.5579
v  -7.7770 -3.0089 22.5546
v  -7.7888 -3.0068 22.5534
v  -7.8641 -3.0131 22.5605
v  -7.7749 -3.0676 22.4918
v  -7.7793 -3.0637 22.4876
v  -7.7911 -3.0620 22.4859
v  -7.8665 -3.0680 22.4934
v  -7.7756 -3.1333 22.4374
v  -7.7801 -3.1304 22.4325
v  -7.7919 -3.1293 22.4304
v  -7.8672 -3.1350 22.4383
v  -7.7747 -3.2084 22.3969
v  -7.7792 -3.2065 22.3914
v  -7.7910 -3.2060 22.3891
v  -7.8663 -3.2113 22.3972
v  -7.7723 -3.2898 22.3717
v  -7.7767 -3.2892 22.3659
v  -7.7885 -3.2893 22.3634
v  -7.8638 -3.2942 22.3717
v  -7.7684 -3.3746 22.3628
v  -7.7728 -3.3751 22.3570
v  -7.7845 -3.3760 22.3545
v  -7.8598 -3.3803 22.3629
v  -7.7632 -3.4594 22.3706
v  -7.7675 -3.4611 22.3650
v  -7.7792 -3.4626 22.3625
v  -7.8545 -3.4665 22.3710
v  -7.7569 -3.5410 22.3948
v  -7.7610 -3.5438 22.3895
v  -7.7727 -3.5460 22.3874
v  -7.8481 -3.5494 22.3957
v  -7.7496 -3.6162 22.4344
v  -7.7537 -3.6201 22.4298
v  -7.7653 -3.6228 22.4279
v  -7.8407 -3.6257 22.4361
v  -7.7418 -3.6822 22.4879
v  -7.7458 -3.6869 22.4841
v  -7.7573 -3.6901 22.4827
v  -7.8328 -3.6927 22.4906
v  -7.7337 -3.7363 22.5533
v  -7.7376 -3.7418 22.5505
v  -7.7490 -3.7454 22.5497
v  -7.8246 -3.7476 22.5572
v  -7.7256 -3.7766 22.6281
v  -7.7294 -3.7826 22.6263
v  -7.7407 -3.7865 22.6261
v  -7.8163 -3.7885 22.6333
v  -7.7178 -3.8015 22.7093
v  -7.7215 -3.8078 22.7087
v  -7.7328 -3.8119 22.7092
v  -7.8084 -3.8136 22.7159
v  -7.7107 -3.8101 22.7939
v  -7.7142 -3.8164 22.7945
v  -7.7255 -3.8205 22.7956
v  -7.8012 -3.8221 22.8019
v  -7.7044 -3.8019 22.8786
v  -7.7079 -3.8080 22.8804
v  -7.7191 -3.8120 22.8822
v  -7.7948 -3.8136 22.8879
v  -7.6993 -3.7773 22.9601
v  -7.7027 -3.7831 22.9631
v  -7.7139 -3.7868 22.9655
v  -7.7896 -3.7885 22.9708
v  -7.6955 -3.7373 23.0354
v  -7.6989 -3.7425 23.0394
v  -7.7100 -3.7458 23.0423
v  -7.7858 -3.7477 23.0472
v  -7.6932 -3.6834 23.1015
v  -7.6965 -3.6877 23.1063
v  -7.7077 -3.6906 23.1098
v  -7.7835 -3.6928 23.1143
v  -7.6925 -3.6177 23.1559
v  -7.6958 -3.6210 23.1614
v  -7.7069 -3.6234 23.1653
v  -7.7827 -3.6259 23.1694
v  -7.6934 -3.5426 23.1964
v  -7.6967 -3.5449 23.2025
v  -7.7078 -3.5466 23.2067
v  -7.7836 -3.5495 23.2105
v  -7.6958 -3.4611 23.2216
v  -7.6991 -3.4622 23.2280
v  -7.7103 -3.4633 23.2323
v  -7.7861 -3.4667 23.2359
v  -7.7385 -3.3757 22.7970
v  -7.9215 -5.3540 22.8266
v  -8.0035 -4.0624 22.6701
v  -7.9219 -3.9857 23.0027
v  -7.9784 -4.0563 22.9896
v  -7.9750 -4.0318 22.9945
v  -7.9636 -4.0097 22.9988
v  -7.9452 -3.9933 23.0018
v  -8.4530 -3.5707 23.0856
v  -8.5463 -3.4460 23.1013
v  -8.3514 -3.6696 23.0722
v  -8.2415 -3.7675 23.0585
v  -8.1543 -3.8452 23.0477
v  -8.6052 -3.2455 22.7329
v  -8.6047 -3.3764 22.6493
v  -8.6021 -3.2114 22.7956
v  -8.5973 -3.2009 22.8640
v  -8.5914 -3.2098 22.9313
v  -8.5834 -3.2506 23.0052
v  -8.5762 -3.3096 23.0551
v  -8.5699 -3.3872 23.0823
v  -8.6012 -3.4468 22.6450
v  -8.5667 -3.4449 23.0830
v  -8.0513 -3.9731 22.6155
v  -8.4760 -5.3916 22.8950
v  -8.4693 -5.3926 22.9083
v  -8.4549 -5.4064 22.9099
v  -8.4548 -5.4224 22.8996
v  -8.4555 -5.4342 22.8829
v  -8.4568 -5.4385 22.8629
v  -8.4583 -5.4354 22.8453
v  -8.4603 -5.4248 22.8281
v  -8.4622 -5.4077 22.8162
v  -8.4802 -5.4009 22.8360
v  -8.4808 -5.3919 22.8337
v  -8.4791 -5.4111 22.8431
v  -8.4779 -5.4177 22.8537
v  -8.4769 -5.4196 22.8650
v  -8.4761 -5.4171 22.8763
v  -8.4757 -5.4100 22.8866
v  -8.4757 -5.3993 22.8932
v  -8.4686 -5.4039 22.9060
v  -8.4751 -5.4061 22.8226
v  -8.4685 -5.4193 22.8963
v  -8.4691 -5.4298 22.8814
v  -8.4702 -5.4334 22.8649
v  -8.4717 -5.4307 22.8484
v  -8.4734 -5.4211 22.8329
v  -7.9488 -3.9955 22.6567
v  -8.0005 -4.0387 22.6673
v  -7.9900 -4.0173 22.6639
v  -7.9714 -4.0024 22.6601
v  -8.4784 -5.3917 22.8650
v  -8.4553 -5.3924 22.9133
v  -8.4633 -5.3928 22.8124
v  -8.5845 -3.4393 22.8619
v  -8.0362 -3.8122 22.3698
v  -7.9910 -3.9670 23.0431
v  -7.9794 -3.9575 23.0626
v  -8.0213 -3.9655 22.5903
v  -7.9699 -3.9213 23.1297
v  -8.0130 -3.9474 22.5586
v  -8.0191 -3.9229 22.5077
v  -7.9651 -3.8005 23.2765
v  -7.9659 -3.6240 23.3871
v  -7.9748 -3.3909 23.4340
v  -7.9906 -3.1607 23.3903
v  -8.0124 -2.9562 23.2559
v  -8.0379 -2.8126 23.0313
v  -8.0567 -2.7758 22.8202
v  -8.0720 -2.8227 22.5851
v  -8.0809 -2.9586 22.3840
v  -8.0801 -3.1621 22.2497
v  -8.0722 -3.3813 22.2051
v  -8.0561 -3.6142 22.2455
v  -8.0146 -3.9730 23.0300
v  -7.9764 -4.0990 22.9855
v  -8.0008 -4.1033 22.6740
v  -8.5154 -4.1016 23.0379
v  -8.5361 -4.1016 23.0195
v  -8.5607 -4.1017 22.7086
v  -8.5432 -4.1018 22.6872
v  -8.5485 -4.1016 22.8630
v  -8.6062 -3.3016 22.6814
v  -8.5874 -3.2274 22.7203
v  -8.5878 -3.3739 22.6273
v  -8.5841 -3.1916 22.7902
v  -8.5799 -3.1803 22.8635
v  -8.5729 -3.1917 22.9375
v  -8.5644 -3.2361 23.0172
v  -8.5563 -3.2999 23.0708
v  -8.5499 -3.3803 23.0995
v  -8.5891 -3.2910 22.6607
v  -8.4763 -5.3930 22.8196
v  -8.5969 -3.4477 22.6310
v  -8.5601 -3.4458 23.0962
v  -8.5562 -4.1023 22.6944
v  -8.5295 -4.1022 23.0328
v  -8.6008 -3.2334 22.7245
v  -8.6007 -3.3745 22.6350
v  -8.5972 -3.1981 22.7920
v  -8.5925 -3.1872 22.8640
v  -8.5857 -3.1977 22.9358
v  -8.5775 -3.2408 23.0138
v  -8.5698 -3.3031 23.0664
v  -8.5634 -3.3833 23.0947
v  -8.6025 -3.2943 22.6679
v  -8.3023 -3.5159 22.5551
v  -8.2511 -3.3851 23.1495
v  -8.2595 -3.2741 23.1233
v  -8.2704 -3.1776 23.0544
v  -8.2826 -3.1092 22.9418
v  -8.2922 -3.0924 22.8410
v  -8.2992 -3.1124 22.7302
v  -8.3029 -3.1732 22.6328
v  -8.3038 -3.2705 22.5598
v  -8.1019 -3.3902 23.2350
v  -8.1285 -3.1038 23.1143
v  -8.1576 -2.9883 22.8288
v  -8.1728 -3.1001 22.5482
v  -8.4593 -3.4692 22.6011
v  -8.4175 -3.3789 23.1086
v  -8.4240 -3.2920 23.0813
v  -8.4329 -3.2198 23.0246
v  -8.4424 -3.1680 22.9358
v  -8.4503 -3.1544 22.8542
v  -8.4551 -3.1679 22.7706
v  -8.4590 -3.2108 22.6915
v  -8.4603 -3.2862 22.6274
v  -8.4585 -3.3768 22.5964
v  -8.0855 -3.5860 22.3480
v  -8.4111 -3.4695 23.1039
v  -8.0155 -3.3908 23.3379
v  -8.0285 -3.2010 23.3022
v  -8.0473 -3.0255 23.1862
v  -8.0688 -2.9057 22.9959
v  -8.0844 -2.8768 22.8225
v  -8.0974 -2.9154 22.6266
v  -8.1044 -3.0242 22.4618
v  -8.1045 -3.1958 22.3463
v  -8.1686 -3.3790 22.4208
v  -8.1020 -3.5413 23.2030
v  -8.3007 -3.3800 22.5300
v  -8.2609 -3.5062 23.1268
v  -8.0978 -3.3789 22.3070
v  -8.0097 -3.5855 23.2966
v  -8.0237 -3.7195 23.1865
v  -8.0915 -3.8129 23.0594
v  -8.1277 -3.6460 23.1233
v  -8.1788 -3.7178 23.0697
v  -8.2761 -3.5618 23.1000
v  -8.3113 -3.6124 23.0801
v  -8.4260 -3.5017 23.0950
v  -8.4384 -3.5263 23.0903
v  -8.0768 -3.7243 22.4497
v  -8.0900 -3.7999 22.5599
v  -8.2135 -3.7134 22.5968
v  -8.3134 -3.5765 22.5871
v  -8.3308 -3.6334 22.6096
v  -8.1790 -3.6441 22.5399
v  -8.4637 -3.5061 22.6120
v  -8.4729 -3.5335 22.6187
v  -8.0467 -3.7190 22.2981
v  -8.0280 -3.8732 22.4342
v  -7.9660 -3.8669 23.2081
v  -7.9646 -3.7169 23.3394
v  -7.9693 -3.5096 23.4218
v  -7.9819 -3.2735 23.4237
v  -8.0010 -3.0512 23.3337
v  -8.0252 -2.8726 23.1513
v  -8.0478 -2.7840 22.9277
v  -8.0652 -2.7877 22.7003
v  -8.0775 -2.8803 22.4776
v  -8.0817 -3.0536 22.3067
v  -8.0771 -3.2695 22.2168
v  -8.0649 -3.4999 22.2138
v  -8.1649 -3.5494 22.4616
v  -8.1135 -3.2420 23.2040
v  -8.1449 -3.0141 22.9656
v  -8.1688 -3.0193 22.6772
v  -8.1747 -3.2340 22.4565
v  -8.0921 -3.4848 22.3163
v  -8.0112 -3.4951 23.3261
v  -8.0210 -3.2941 23.3296
v  -8.0375 -3.1070 23.2534
v  -8.0581 -2.9555 23.0975
v  -8.0769 -2.8829 22.9107
v  -8.0916 -2.8868 22.7226
v  -8.1017 -2.9614 22.5387
v  -8.1055 -3.1042 22.3956
v  -8.1016 -3.2855 22.3176
v  -8.0102 -3.6406 23.2677
v  -8.0801 -3.6611 22.3909
v  -7.9213 -3.9703 23.0293
v  -7.9189 -3.9677 23.0357
v  -7.9232 -3.9612 23.0526
v  -7.9549 -3.9721 22.6014
v  -7.9539 -3.9676 22.5894
v  -7.9522 -3.9557 22.5618
v  -7.9506 -3.9361 22.5244
v  -7.9142 -5.3856 22.8893
v  -7.9192 -5.3858 22.8895
v  -7.9147 -5.3834 22.8848
v  -7.9142 -5.4109 22.8727
v  -7.9147 -5.4070 22.8696
v  -7.9192 -5.4110 22.8730
v  -7.9149 -5.3654 22.8941
v  -7.9199 -5.3656 22.8943
v  -7.9154 -5.3645 22.8892
v  -7.9764 -4.0472 23.0214
v  -7.9796 -4.0434 23.0218
v  -7.9767 -4.0486 23.0165
v  -7.9740 -4.0990 23.0164
v  -7.9743 -4.0990 23.0114
v  -7.9789 -4.0990 23.0166
v  -7.9266 -5.3660 22.7464
v  -7.9315 -5.3663 22.7470
v  -7.9263 -5.3653 22.7513
v  -8.0047 -4.1034 22.6239
v  -8.0043 -4.1034 22.6289
v  -8.0097 -4.1033 22.6245
v  -7.9251 -5.3862 22.7512
v  -7.9301 -5.3864 22.7518
v  -7.9249 -5.3842 22.7558
v  -7.9196 -5.4278 22.7929
v  -7.9245 -5.4278 22.7934
v  -7.9197 -5.4232 22.7950
v  -7.9224 -5.4113 22.7678
v  -7.9224 -5.4078 22.7714
v  -7.9274 -5.4115 22.7683
v  -7.9171 -5.4329 22.8203
v  -7.9221 -5.4329 22.8207
v  -7.9174 -5.4279 22.8207
v  -7.9152 -5.4275 22.8476
v  -7.9157 -5.4227 22.8462
v  -7.9202 -5.4276 22.8479
v  -7.9205 -3.9779 23.0257
v  -7.9218 -3.9735 23.0261
v  -7.9208 -3.9795 23.0209
v  -7.9437 -3.9853 23.0259
v  -7.9440 -3.9869 23.0212
v  -7.9486 -3.9843 23.0262
v  -7.9732 -4.0230 23.0235
v  -7.9764 -4.0192 23.0240
v  -7.9735 -4.0245 23.0187
v  -7.9620 -4.0014 23.0251
v  -7.9659 -3.9982 23.0256
v  -7.9623 -4.0029 23.0204
v  -7.9946 -4.0032 22.6123
v  -7.9940 -4.0046 22.6171
v  -7.9984 -4.0001 22.6124
v  -8.0054 -4.0248 22.6158
v  -8.0087 -4.0211 22.6158
v  -8.0049 -4.0262 22.6206
v  -7.9537 -3.9798 22.6051
v  -7.9533 -3.9813 22.6098
v  -7.9546 -3.9754 22.6042
v  -7.9766 -3.9872 22.6085
v  -7.9815 -3.9862 22.6090
v  -7.9761 -3.9886 22.6133
v  -8.0081 -4.0490 22.6187
v  -8.0114 -4.0452 22.6187
v  -8.0076 -4.0503 22.6235
v  -8.0339 -3.7217 22.2934
v  -8.0290 -3.7217 22.2931
v  -8.0433 -3.6156 22.2405
v  -8.0383 -3.6155 22.2401
v  -7.9805 -3.9696 23.0413
v  -7.9755 -3.9695 23.0408
v  -7.9918 -3.9750 23.0288
v  -7.9570 -3.9250 23.1307
v  -7.9489 -3.9267 23.1259
v  -7.9686 -3.9608 23.0611
v  -7.9637 -3.9608 23.0602
v  -7.9518 -3.8000 23.2821
v  -7.9468 -3.7997 23.2818
v  -7.9519 -3.8684 23.2111
v  -7.9469 -3.8681 23.2109
v  -7.9527 -3.6237 23.3914
v  -7.9477 -3.6236 23.3911
v  -7.9516 -3.7163 23.3442
v  -7.9466 -3.7161 23.3438
v  -7.9564 -3.5090 23.4259
v  -7.9514 -3.5090 23.4256
v  -7.9694 -3.2710 23.4271
v  -7.9644 -3.2709 23.4268
v  -7.9621 -3.3900 23.4378
v  -7.9571 -3.3901 23.4375
v  -7.9884 -3.0476 23.3367
v  -7.9835 -3.0472 23.3364
v  -7.9782 -3.1565 23.3931
v  -7.9732 -3.1563 23.3928
v  -8.0256 -2.8078 23.0333
v  -8.0206 -2.8075 23.0331
v  -8.0127 -2.8684 23.1540
v  -8.0077 -2.8681 23.1537
v  -8.0443 -2.7701 22.8197
v  -8.0393 -2.7698 22.8196
v  -8.0355 -2.7785 22.9284
v  -8.0305 -2.7782 22.9283
v  -8.0525 -2.7824 22.6986
v  -8.0475 -2.7820 22.6984
v  -8.0651 -2.8768 22.4730
v  -8.0601 -2.8765 22.4725
v  -8.0592 -2.8180 22.5824
v  -8.0543 -2.8175 22.5821
v  -8.0670 -3.1611 22.2439
v  -8.0621 -3.1609 22.2434
v  -8.0690 -3.0522 22.3006
v  -8.0641 -3.0521 22.3000
v  -8.0595 -3.3821 22.1993
v  -8.0545 -3.3821 22.1988
v  -8.0641 -3.2695 22.2110
v  -8.0592 -3.2694 22.2105
v  -8.0522 -3.5010 22.2085
v  -8.0472 -3.5009 22.2080
v  -8.0032 -3.9531 22.5552
v  -7.9982 -3.9533 22.5559
v  -8.0112 -3.9687 22.5914
v  -8.0062 -3.9686 22.5912
v  -8.0065 -3.9266 22.5045
v  -8.0018 -3.9274 22.5062
v  -8.0234 -3.8158 22.3659
v  -8.0184 -3.8159 22.3658
v  -8.0145 -3.8763 22.4309
v  -8.0048 -3.8797 22.4367
v  -7.9997 -2.9528 23.2592
v  -7.9947 -2.9524 23.2588
v  -8.0687 -2.9567 22.3777
v  -8.0637 -2.9566 22.3770
v  -8.0248 -3.9769 22.6131
v  -8.0220 -3.9810 22.6132
v  -8.0515 -3.9775 22.6163
v  -8.0135 -3.9778 23.0295
v  -7.9887 -3.9796 23.0282
v  -8.0003 -3.9612 23.0419
v  -8.0027 -3.9568 23.0422
v  -8.0454 -3.9649 23.0320
v  -8.0800 -3.9649 22.6184
v  -8.0292 -3.9584 22.5920
v  -8.0310 -3.9538 22.5911
v  -8.0426 -3.8034 22.3786
v  -8.0442 -3.7999 22.3817
v  -8.0530 -3.7125 22.3082
v  -8.0544 -3.7099 22.3123
v  -8.0228 -3.9417 22.5621
v  -8.0249 -3.9372 22.5620
v  -7.9874 -3.9499 23.0607
v  -7.9887 -3.9451 23.0616
v  -7.9778 -3.9115 23.1240
v  -7.9786 -3.9065 23.1249
v  -8.0259 -3.9130 22.5144
v  -8.0282 -3.9089 22.5161
v  -8.0338 -3.8624 22.4427
v  -8.0357 -3.8602 22.4468
v  -7.9729 -3.7960 23.2651
v  -7.9746 -3.7915 23.2636
v  -7.9748 -3.8587 23.1989
v  -7.9762 -3.8540 23.1989
v  -7.9736 -3.6215 23.3760
v  -7.9755 -3.6196 23.3718
v  -7.9723 -3.7136 23.3283
v  -7.9742 -3.7100 23.3254
v  -7.9822 -3.3914 23.4231
v  -7.9835 -3.3913 23.4182
v  -7.9769 -3.5086 23.4107
v  -7.9782 -3.5078 23.4059
v  -7.9977 -3.1670 23.3810
v  -7.9994 -3.1688 23.3767
v  -7.9892 -3.2770 23.4133
v  -7.9909 -3.2779 23.4087
v  -8.0193 -2.9640 23.2474
v  -8.0209 -2.9674 23.2440
v  -8.0081 -3.0583 23.3248
v  -8.0097 -3.0610 23.3209
v  -8.0444 -2.8233 23.0265
v  -8.0457 -2.8278 23.0248
v  -8.0319 -2.8819 23.1445
v  -8.0333 -2.8860 23.1419
v  -8.0627 -2.7883 22.8205
v  -8.0639 -2.7932 22.8206
v  -8.0540 -2.7959 22.9253
v  -8.0552 -2.8006 22.9245
v  -8.0783 -2.8339 22.5903
v  -8.0793 -2.8383 22.5923
v  -8.0713 -2.8000 22.7031
v  -8.0724 -2.8047 22.7041
v  -8.0866 -2.9651 22.3948
v  -8.0876 -2.9684 22.3984
v  -8.0835 -2.8895 22.4858
v  -8.0845 -2.8934 22.4887
v  -8.0863 -3.1655 22.2620
v  -8.0873 -3.1672 22.2666
v  -8.0876 -3.0587 22.3184
v  -8.0886 -3.0612 22.3226
v  -8.0782 -3.3803 22.2178
v  -8.0793 -3.3802 22.2226
v  -8.0832 -3.2708 22.2296
v  -8.0842 -3.2716 22.2344
v  -8.0625 -3.6100 22.2567
v  -8.0637 -3.6088 22.2614
v  -8.0711 -3.4972 22.2259
v  -8.0723 -3.4966 22.2307
v  -8.5842 -3.4480 22.6237
v  -8.4918 -3.5772 22.6267
v  -8.4898 -3.5729 22.6258
v  -8.3552 -3.6987 22.6231
v  -8.3573 -3.7032 22.6238
v  -8.2608 -3.7829 22.6207
v  -8.2641 -3.7866 22.6215
v  -8.1612 -3.8754 22.6187
v  -8.1653 -3.8794 22.6196
v  -8.0840 -3.9671 22.6192
v  -8.0481 -3.9692 23.0317
v  -8.1628 -3.8512 23.0474
v  -8.2475 -3.7758 23.0579
v  -8.3552 -3.6797 23.0714
v  -8.4545 -3.5830 23.0845
v  -7.8008 -3.3507 22.8011
v  -7.7845 -3.9645 22.5835
v  -7.7895 -3.9646 22.5842
v  -7.7846 -3.9598 22.5852
v  -7.7850 -3.9622 22.5791
v  -7.7851 -3.9575 22.5808
v  -7.7899 -3.9624 22.5795
v  -7.8214 -3.7243 22.2808
v  -7.8264 -3.7243 22.2811
v  -7.8212 -3.7214 22.2849
v  -7.8321 -3.6113 22.2225
v  -7.8319 -3.6093 22.2271
v  -7.8371 -3.6114 22.2229
v  -7.7977 -3.9005 22.4603
v  -7.7977 -3.8962 22.4629
v  -7.8026 -3.9000 22.4597
v  -7.7400 -3.7886 23.2700
v  -7.7450 -3.7889 23.2702
v  -7.7405 -3.7852 23.2663
v  -7.7417 -3.8564 23.2017
v  -7.7422 -3.8525 23.1986
v  -7.7467 -3.8567 23.2019
v  -7.7409 -3.6169 23.3766
v  -7.7459 -3.6171 23.3770
v  -7.7414 -3.6148 23.3721
v  -7.7397 -3.7072 23.3305
v  -7.7401 -3.7044 23.3264
v  -7.7447 -3.7074 23.3308
v  -7.7442 -3.5074 23.4111
v  -7.7492 -3.5075 23.4114
v  -7.7446 -3.5062 23.4063
v  -7.7569 -3.2679 23.4154
v  -7.7619 -3.2680 23.4157
v  -7.7572 -3.2685 23.4105
v  -7.7493 -3.3937 23.4245
v  -7.7497 -3.3934 23.4195
v  -7.7543 -3.3936 23.4248
v  -7.7769 -3.0338 23.3229
v  -7.7819 -3.0342 23.3232
v  -7.7771 -3.0364 23.3186
v  -7.7662 -3.1467 23.3811
v  -7.7664 -3.1484 23.3764
v  -7.7712 -3.1470 23.3814
v  -7.8130 -2.7968 23.0285
v  -7.8180 -2.7971 23.0286
v  -7.8129 -2.8015 23.0266
v  -7.8008 -2.8554 23.1426
v  -7.8008 -2.8595 23.1398
v  -7.8058 -2.8557 23.1429
v  -7.8321 -2.7552 22.8145
v  -7.8371 -2.7555 22.8146
v  -7.8318 -2.7602 22.8144
v  -7.8229 -2.7658 22.9236
v  -7.8227 -2.7707 22.9226
v  -7.8279 -2.7661 22.9237
v  -7.8413 -2.7652 22.6910
v  -7.8462 -2.7656 22.6912
v  -7.8409 -2.7701 22.6919
v  -7.8547 -2.8649 22.4517
v  -7.8597 -2.8651 22.4522
v  -7.8542 -2.8689 22.4546
v  -7.8487 -2.7998 22.5724
v  -7.8483 -2.8044 22.5743
v  -7.8537 -2.8002 22.5726
v  -7.8571 -3.1519 22.2224
v  -7.8621 -3.1521 22.2229
v  -7.8567 -3.1535 22.2271
v  -7.8587 -3.0467 22.2751
v  -7.8582 -3.0492 22.2794
v  -7.8637 -3.0468 22.2757
v  -7.8481 -3.3818 22.1787
v  -7.8530 -3.3818 22.1792
v  -7.8477 -3.3815 22.1837
v  -7.8536 -3.2648 22.1896
v  -7.8532 -3.2655 22.1945
v  -7.8586 -3.2649 22.1901
v  -7.8409 -3.4988 22.1894
v  -7.8405 -3.4976 22.1942
v  -7.8458 -3.4988 22.1898
v  -7.8097 -3.8223 22.3613
v  -7.8147 -3.8221 22.3614
v  -7.8097 -3.8186 22.3647
v  -7.7449 -3.9120 23.1233
v  -7.7453 -3.9077 23.1208
v  -7.7498 -3.9124 23.1234
v  -7.7886 -2.9358 23.2423
v  -7.7935 -2.9362 23.2427
v  -7.7887 -2.9392 23.2387
v  -7.8580 -2.9542 22.3475
v  -7.8630 -2.9543 22.3482
v  -7.8576 -2.9575 22.3512
v  -7.7505 -3.9642 23.0156
v  -7.7550 -3.9647 23.0159
v  -7.7509 -3.9595 23.0139
v  -7.7513 -3.9691 23.0017
v  -7.7517 -3.9644 23.0002
v  -7.7563 -3.9696 23.0017
v  -7.7794 -3.9817 22.6365
v  -7.7843 -3.9821 22.6371
v  -7.7796 -3.9768 22.6378
v  -7.7840 -3.9660 22.5883
v  -7.7842 -3.9613 22.5899
v  -7.7890 -3.9665 22.5889
v  -7.7502 -3.9625 23.0203
v  -7.7506 -3.9578 23.0186
v  -7.7552 -3.9628 23.0206
v  -8.4802 -5.3901 22.8436
v  -8.4797 -5.3966 22.8453
v  -8.4789 -5.4037 22.8501
v  -8.4781 -5.4082 22.8573
v  -8.4774 -5.4094 22.8648
v  -8.4769 -5.4078 22.8723
v  -8.4766 -5.4029 22.8792
v  -8.4767 -5.3955 22.8839
v  -8.4769 -5.3900 22.8851
v  -8.5369 -4.1007 23.0096
v  -8.5675 -3.4445 23.0730
v  -8.5706 -3.3890 23.0724
v  -8.5766 -3.3146 23.0463
v  -8.5834 -3.2585 22.9988
v  -8.5911 -3.2194 22.9281
v  -8.5967 -3.2110 22.8640
v  -8.6013 -3.2210 22.7988
v  -8.6043 -3.2535 22.7391
v  -8.6053 -3.3071 22.6899
v  -8.6038 -3.3787 22.6592
v  -8.6005 -3.4466 22.6550
v  -8.5600 -4.1007 22.7185
v  -8.1618 -3.6943 23.0818
v  -8.0556 -3.7709 23.1000
v  -8.5590 -3.4688 23.0940
v  -8.5656 -3.4679 23.0808
v  -8.5452 -3.4689 23.0991
v  -8.5664 -3.4675 23.0708
v  -7.7523 -3.0221 23.1183
v  -7.7484 -3.0166 23.1393
v  -7.7588 -3.0227 23.1349
v  -7.7615 -3.0268 23.1236
v  -7.7576 -3.0235 23.1201
v  -7.7484 -3.0136 23.1339
v  -7.7579 -3.0192 23.1298
v  -7.7546 -3.0179 23.1247
v  -7.7375 -3.0160 23.1388
v  -7.7417 -3.0159 23.1227
v  -7.7475 -3.0185 23.1211
v  -7.7401 -3.0129 23.1280
v  -7.7474 -3.0137 23.1276
v  -7.7387 -3.0131 23.1339
v  -7.7353 -3.0325 23.1554
v  -7.7359 -3.0443 23.1585
v  -7.7448 -3.0386 23.1592
v  -7.7351 -3.0373 23.1583
v  -7.7462 -3.0334 23.1562
v  -7.7416 -3.0497 23.1559
v  -7.7458 -3.0518 23.1541
v  -7.7566 -3.0393 23.1516
v  -7.7431 -3.0453 23.1588
v  -7.7504 -3.0490 23.1556
v  -7.7546 -3.0441 23.1549
v  -7.7479 -3.0549 23.1512
v  -7.7603 -3.0472 23.1438
v  -7.7609 -3.0859 23.1052
v  -7.7583 -3.0509 23.1478
v  -7.7590 -3.0897 23.1089
v  -7.7536 -3.0539 23.1506
v  -7.7538 -3.0929 23.1119
v  -7.7484 -3.0936 23.1126
v  -7.7528 -3.0608 23.0797
v  -7.7579 -3.0622 23.0812
v  -7.7622 -3.0659 23.0850
v  -7.7630 -3.0697 23.0890
v  -7.7625 -3.0310 23.1276
v  -7.8095 -3.0685 22.5055
v  -7.8127 -3.0297 22.4750
v  -7.8081 -3.0646 22.5092
v  -7.8033 -3.0610 22.5123
v  -7.7980 -3.0595 22.5130
v  -7.7918 -3.0357 22.4395
v  -7.7987 -3.0529 22.4403
v  -7.7930 -3.0468 22.4364
v  -7.8014 -3.0483 22.4377
v  -7.7923 -3.0408 22.4365
v  -7.8035 -3.0580 22.4458
v  -7.8040 -3.0371 22.4409
v  -7.8111 -3.0414 22.4454
v  -7.8090 -3.0570 22.4473
v  -7.8017 -3.0550 22.4426
v  -7.8034 -3.0425 22.4380
v  -7.8095 -3.0463 22.4419
v  -7.8058 -3.0513 22.4408
v  -7.7988 -3.0926 22.4801
v  -7.8040 -3.0919 22.4816
v  -7.8133 -3.0541 22.4508
v  -7.8087 -3.0886 22.4854
v  -7.8099 -3.0848 22.4892
v  -7.8147 -3.0503 22.4550
v  -7.7914 -3.0190 22.4561
v  -7.7922 -3.0160 22.4675
v  -7.8027 -3.0172 22.4631
v  -7.7917 -3.0161 22.4612
v  -7.8143 -3.0339 22.4712
v  -7.8036 -3.0201 22.4577
v  -7.7978 -3.0196 22.4734
v  -7.8009 -3.0217 22.4755
v  -7.8027 -3.0249 22.4787
v  -7.8083 -3.0263 22.4779
v  -7.8107 -3.0245 22.4622
v  -7.8006 -3.0170 22.4690
v  -7.8050 -3.0199 22.4720
v  -7.8089 -3.0209 22.4671
v  -7.6290 -3.0322 23.1109
v  -7.6325 -3.0319 23.0950
v  -7.6309 -3.0291 23.1002
v  -7.6296 -3.0293 23.1057
v  -7.6269 -3.0461 23.1248
v  -7.6279 -3.0576 23.1281
v  -7.6270 -3.0514 23.1279
v  -7.7294 -3.0433 22.4468
v  -7.7310 -3.0548 22.4440
v  -7.7303 -3.0491 22.4437
v  -7.7296 -3.0278 22.4622
v  -7.7303 -3.0250 22.4740
v  -7.7297 -3.0247 22.4681
v  -7.7288 -3.0620 22.5126
v  -7.7311 -3.0276 22.4785
v  -7.7929 -3.0188 22.4727
v  -7.7381 -3.0964 22.4833
v  -7.7317 -3.0599 22.4471
v  -7.7937 -3.0523 22.4394
v  -7.6453 -3.0722 23.0561
v  -7.6352 -3.0998 23.0892
v  -7.6285 -3.0629 23.1250
v  -7.7372 -3.0491 23.1559
v  -7.7194 -3.7279 23.1202
v  -7.7158 -3.7331 23.1248
v  -7.7088 -3.7318 23.1212
v  -7.7139 -3.7287 23.1185
v  -7.7205 -3.7288 23.1350
v  -7.7095 -3.7337 23.1394
v  -7.7092 -3.7367 23.1340
v  -7.7192 -3.7321 23.1299
v  -7.7237 -3.7250 23.1237
v  -7.7251 -3.7209 23.1277
v  -7.7082 -3.7365 23.1278
v  -7.6994 -3.7362 23.1340
v  -7.6986 -3.7331 23.1390
v  -7.7008 -3.7365 23.1281
v  -7.7027 -3.7336 23.1228
v  -7.7091 -3.7167 23.1563
v  -7.7083 -3.7114 23.1594
v  -7.6985 -3.7117 23.1584
v  -7.6982 -3.7164 23.1556
v  -7.7019 -3.7002 23.1561
v  -7.7001 -3.7048 23.1587
v  -7.7074 -3.7046 23.1589
v  -7.7064 -3.7000 23.1560
v  -7.7201 -3.7120 23.1517
v  -7.7247 -3.7046 23.1439
v  -7.7231 -3.7006 23.1479
v  -7.7186 -3.7070 23.1550
v  -7.7108 -3.6984 23.1542
v  -7.7150 -3.7017 23.1558
v  -7.7131 -3.6956 23.1514
v  -7.7187 -3.6972 23.1507
v  -7.7294 -3.6662 23.1053
v  -7.7280 -3.6622 23.1090
v  -7.7232 -3.6585 23.1120
v  -7.7178 -3.6571 23.1127
v  -7.7298 -3.6825 23.0891
v  -7.7285 -3.6862 23.0851
v  -7.7186 -3.6902 23.0798
v  -7.7239 -3.6894 23.0813
v  -7.7759 -3.6890 22.5056
v  -7.7740 -3.6926 22.5093
v  -7.7748 -3.7278 22.4751
v  -7.7768 -3.7238 22.4713
v  -7.7689 -3.6958 22.5124
v  -7.7701 -3.7307 22.4780
v  -7.7634 -3.6966 22.5131
v  -7.7644 -3.7316 22.4788
v  -7.7558 -3.7146 22.4366
v  -7.7670 -3.7142 22.4381
v  -7.7670 -3.7196 22.4410
v  -7.7547 -3.7196 22.4396
v  -7.7656 -3.7082 22.4378
v  -7.7571 -3.7087 22.4365
v  -7.7584 -3.7034 22.4395
v  -7.7634 -3.7033 22.4404
v  -7.7741 -3.7003 22.4474
v  -7.7703 -3.7057 22.4409
v  -7.7667 -3.7015 22.4427
v  -7.7688 -3.6987 22.4459
v  -7.7745 -3.7161 22.4455
v  -7.7735 -3.7110 22.4420
v  -7.7780 -3.7037 22.4509
v  -7.7790 -3.7076 22.4551
v  -7.7780 -3.6728 22.4893
v  -7.7772 -3.6688 22.4855
v  -7.7678 -3.6638 22.4802
v  -7.7730 -3.6651 22.4817
v  -7.7647 -3.7364 22.4578
v  -7.7636 -3.7393 22.4632
v  -7.7525 -3.7392 22.4613
v  -7.7525 -3.7362 22.4562
v  -7.7540 -3.7365 22.4728
v  -7.7530 -3.7393 22.4677
v  -7.7614 -3.7392 22.4691
v  -7.7590 -3.7364 22.4736
v  -7.7722 -3.7329 22.4623
v  -7.7701 -3.7362 22.4672
v  -7.7622 -3.7345 22.4756
v  -7.7661 -3.7368 22.4721
v  -7.5925 -3.7053 23.1110
v  -7.5928 -3.7082 23.1059
v  -7.5941 -3.7086 23.1003
v  -7.5959 -3.7059 23.0951
v  -7.5954 -3.6748 23.1251
v  -7.5942 -3.6799 23.1282
v  -7.5926 -3.6860 23.1280
v  -7.5919 -3.6912 23.1249
v  -7.6935 -3.7053 22.4470
v  -7.6950 -3.6997 22.4438
v  -7.6963 -3.6941 22.4441
v  -7.6976 -3.6891 22.4472
v  -7.6934 -3.7211 22.4786
v  -7.6924 -3.7236 22.4742
v  -7.6918 -3.7239 22.4682
v  -7.6920 -3.7208 22.4623
v  -7.6949 -3.6867 22.5127
v  -7.7079 -3.6535 22.4834
v  -7.6001 -3.7001 23.0892
v  -7.6131 -3.6673 23.0562
v  -7.6060 -3.6388 23.0893
v  5.9768 -0.0441 24.1147
v  7.6167 -0.6672 25.0834
v  7.7341 -0.6562 24.0153
v  7.5220 -0.5440 24.0178
v  7.4386 -0.5038 24.0272
v  7.3309 -0.4599 24.0857
v  7.2135 -0.4116 24.1107
v  7.0479 -0.4716 25.0982
v  7.0486 -0.3460 24.1123
v  6.8391 -0.4095 25.1023
v  6.8383 -0.2695 24.1135
v  5.9763 -0.2067 25.1100
v  6.4488 -0.1508 24.1153
v  5.4953 -0.1248 25.1080
v  1.9262 0.2183 24.1037
v  0.4511 0.2431 24.1025
v  4.1178 0.0356 25.0934
v  5.4953 0.0247 24.1132
v  3.4046 0.0936 25.0878
v  4.1177 0.1238 24.1083
v  3.1990 0.1720 24.1060
v  3.1689 0.1680 24.1901
v  3.1071 0.1658 24.2714
v  2.1035 0.1699 25.0813
v  3.0089 0.1685 24.3026
v  0.2610 0.2384 24.3010
v  2.1171 0.2041 24.3018
v  0.3596 0.2388 24.2695
v  2.0192 0.2085 24.2708
v  0.4216 0.2408 24.1870
v  1.9569 0.2139 24.1890
v  7.5308 -6.2877 25.0856
v  7.5945 -6.3508 24.0159
v  7.9282 -1.0061 24.0159
v  7.8582 -1.0395 25.0856
v  7.0535 -6.6253 25.0839
v  4.2309 -6.0560 25.0823
v  4.2301 -6.1171 24.0153
v  5.2985 -6.2351 25.0834
v  5.2983 -6.2968 24.0155
v  6.3845 -6.4594 25.0840
v  6.3847 -6.5224 24.0151
v  7.0980 -6.7003 24.0152
v  1.4784 -5.7637 25.0846
v  0.0012 -5.7214 25.0859
v  1.4784 -5.8244 24.0159
v  2.8580 -5.8774 25.0821
v  2.8580 -5.9383 24.0173
v  7.6910 -5.0155 24.0166
v  7.7788 -3.6796 24.0168
v  7.8575 -2.3430 24.0166
v  7.7885 -2.3523 25.0915
v  7.7107 -3.6646 25.0935
v  7.6248 -4.9764 25.0915
v  6.4486 -0.3091 25.1073
v  7.8805 -0.8029 24.0167
v  7.8008 -0.8209 25.0889
v  7.9179 -0.8993 24.0164
v  7.7255 -0.7336 25.0876
v  7.8188 -0.7209 24.0158
v  7.8456 -0.9233 25.0877
v  7.4346 -6.6478 24.0215
v  7.3726 -6.5677 25.0897
v  7.2819 -6.7121 24.0192
v  7.4789 -6.4516 25.0883
v  7.5448 -6.5259 24.0195
v  7.2271 -6.6306 25.0873
v  7.5265 -0.8999 25.3197
v  6.9683 -0.7194 25.3199
v  6.7695 -0.6601 25.3200
v  6.3876 -0.5664 25.3200
v  5.9270 -0.4650 25.3201
v  5.4585 -0.3861 25.3201
v  4.0922 -0.2204 25.3202
v  3.3867 -0.1602 25.3202
v  2.0933 -0.0819 25.3201
v  1.4928 -5.5152 25.3215
v  2.8788 -5.6303 25.3212
v  4.2693 -5.8084 25.3207
v  5.3420 -5.9953 25.3201
v  6.4407 -6.2300 25.3195
v  7.1187 -6.3845 25.3197
v  7.1754 -6.3870 25.3197
v  7.2276 -6.3652 25.3197
v  7.2656 -6.3232 25.3197
v  7.2821 -6.2690 25.3197
v  7.3608 -4.9600 25.3199
v  7.4427 -3.6479 25.3199
v  7.5245 -2.3359 25.3198
v  7.6091 -1.0272 25.3197
v  7.6051 -0.9881 25.3197
v  7.5884 -0.9502 25.3197
v  7.5606 -0.9196 25.3197
v  1.6429 -4.1569 25.3217
v  1.7930 -2.7986 25.3225
v  1.9431 -1.4403 25.3215
v  0.0012 -2.7529 25.3227
v  0.0012 -4.1125 25.3223
v  3.2597 -1.5277 25.3208
v  3.1327 -2.8952 25.3218
v  3.0058 -4.2628 25.3211
v  4.5223 -3.0558 25.3211
v  4.3958 -4.4321 25.3206
v  4.6488 -1.6796 25.3201
v  5.7808 -1.8476 25.3201
v  5.6345 -3.2302 25.3201
v  5.4882 -4.6128 25.3205
v  6.6873 -2.0526 25.3200
v  6.6051 -3.4451 25.3202
v  6.5243 -4.8147 25.3201
v  7.2263 -4.9376 25.3199
v  7.3238 -3.6257 25.3199
v  7.4212 -2.3156 25.3199
v  7.5885 -0.7405 25.2519
v  7.0199 -0.5526 25.2598
v  6.8107 -0.4929 25.2611
v  6.4166 -0.3954 25.2658
v  5.9579 -0.2953 25.2644
v  5.4951 -0.2166 25.2656
v  4.0961 -0.0483 25.2584
v  3.3990 0.0104 25.2563
v  2.1019 0.0917 25.2511
v  0.0012 0.1383 25.2519
v  1.4813 -5.6863 25.2527
v  2.8636 -5.8008 25.2515
v  4.2445 -5.9799 25.2521
v  5.3138 -6.1608 25.2501
v  6.4072 -6.3887 25.2482
v  7.0739 -6.5501 25.2514
v  7.2026 -6.5565 25.2514
v  7.3267 -6.5054 25.2514
v  7.4163 -6.4054 25.2514
v  7.4523 -6.2827 25.2522
v  7.5404 -4.9734 25.2578
v  7.6244 -3.6627 25.2596
v  7.7039 -2.3514 25.2578
v  7.7794 -1.0343 25.2524
v  7.7713 -0.9444 25.2512
v  7.7325 -0.8567 25.2512
v  7.6681 -0.7855 25.2512
v  0.0012 -5.6436 25.2533
v  7.6081 -0.6915 25.1802
v  7.0386 -0.4987 25.1902
v  6.8286 -0.4385 25.1924
v  6.4353 -0.3389 25.1981
v  5.9697 -0.2389 25.1978
v  5.4985 -0.1577 25.1980
v  4.1073 0.0079 25.1868
v  3.4027 0.0658 25.1850
v  2.1032 0.1453 25.1765
v  1.4788 -5.7394 25.1790
v  2.8594 -5.8537 25.1772
v  4.2354 -6.0327 25.1778
v  5.3035 -6.2121 25.1768
v  6.3927 -6.4379 25.1758
v  7.0590 -6.6014 25.1779
v  7.2164 -6.6071 25.1794
v  7.3573 -6.5475 25.1805
v  7.4597 -6.4345 25.1798
v  7.5060 -6.2856 25.1789
v  7.5972 -4.9755 25.1857
v  7.6823 -3.6647 25.1879
v  7.7607 -2.3533 25.1858
v  7.8333 -1.0380 25.1790
v  7.8216 -0.9304 25.1794
v  7.7777 -0.8311 25.1799
v  7.7047 -0.7482 25.1793
v  7.5588 -0.8168 25.3032
v  6.9951 -0.6270 25.3054
v  6.7887 -0.5675 25.3057
v  6.3963 -0.4724 25.3080
v  5.9425 -0.3719 25.3071
v  5.4853 -0.2955 25.3079
v  4.0866 -0.1261 25.3050
v  3.3939 -0.0658 25.3032
v  2.0993 0.0145 25.3010
v  1.4855 -5.6102 25.3021
v  2.8702 -5.7251 25.3013
v  4.2566 -5.9039 25.3016
v  5.3275 -6.0875 25.2996
v  6.4250 -6.3186 25.2976
v  7.0955 -6.4705 25.3033
v  7.1883 -6.4711 25.3047
v  7.2767 -6.4347 25.3047
v  7.3406 -6.3635 25.3047
v  7.3705 -6.2757 25.3034
v  7.4601 -4.9692 25.3053
v  7.5429 -3.6583 25.3064
v  7.6236 -2.3468 25.3053
v  7.6977 -1.0316 25.3034
v  7.6875 -0.9664 25.3047
v  7.6599 -0.9038 25.3047
v  7.6140 -0.8531 25.3047
v  1.9062 0.1189 23.9996
v  0.4688 0.1430 23.9996
v  7.6952 -0.7260 23.9116
v  7.4863 -0.6149 23.9117
v  7.3840 -0.5740 23.9206
v  7.2692 -0.5294 23.9799
v  6.4222 -0.2456 23.9996
v  3.2158 0.0714 23.9996
v  7.4937 -6.3431 23.9096
v  7.8486 -1.0022 23.9116
v  4.2389 -6.0170 23.9096
v  5.3164 -6.1984 23.9096
v  6.4083 -6.4359 23.9102
v  7.1238 -6.6064 23.9097
v  1.4834 -5.7241 23.9096
v  2.8606 -5.8415 23.9097
v  7.5803 -5.0066 23.9096
v  7.6632 -3.6665 23.9096
v  7.7650 -2.3464 23.9099
v  7.8078 -0.8442 23.9109
v  7.8375 -0.9221 23.9109
v  7.7574 -0.7776 23.9109
v  7.3755 -6.5682 23.9096
v  7.2642 -6.6149 23.9096
v  7.4581 -6.4750 23.9096
v  5.9685 -0.0663 24.0341
v  7.7265 -0.6738 23.9510
v  7.5119 -0.5592 23.9520
v  7.4172 -0.5152 23.9598
v  7.3040 -0.4698 24.0183
v  7.1985 -0.4282 24.0377
v  7.0422 -0.3649 24.0387
v  6.8266 -0.2865 24.0386
v  6.4425 -0.1697 24.0384
v  5.4944 0.0030 24.0361
v  4.1202 0.0969 24.0320
v  3.2112 0.1473 24.0344
v  7.5698 -6.3513 23.9438
v  7.9094 -1.0038 23.9510
v  4.2314 -6.0926 23.9437
v  5.3027 -6.2731 23.9443
v  6.3912 -6.5014 23.9470
v  7.1068 -6.6783 23.9451
v  0.0012 -5.7576 23.9439
v  1.4795 -5.8002 23.9444
v  2.8573 -5.9158 23.9467
v  7.6640 -5.0135 23.9409
v  7.7510 -3.6756 23.9397
v  7.8356 -2.3453 23.9467
v  7.8639 -0.8128 23.9501
v  7.8994 -0.9051 23.9501
v  7.8045 -0.7343 23.9499
v  7.4213 -6.6305 23.9466
v  7.2783 -6.6897 23.9460
v  7.5250 -6.5143 23.9455
v  5.9742 -0.0472 24.0698
v  7.7334 -0.6609 23.9806
v  7.5185 -0.5463 23.9823
v  7.4296 -0.5037 23.9905
v  7.3186 -0.4586 24.0490
v  7.2053 -0.4122 24.0710
v  7.0474 -0.3488 24.0719
v  6.8349 -0.2714 24.0724
v  6.4473 -0.1530 24.0731
v  5.4954 0.0214 24.0706
v  4.1197 0.1171 24.0648
v  3.2144 0.1151 24.0098
v  7.5887 -6.3521 23.9759
v  7.9240 -1.0049 23.9808
v  4.2301 -6.1115 23.9755
v  5.2994 -6.2913 23.9760
v  6.3866 -6.5177 23.9778
v  7.1014 -6.6955 23.9765
v  1.4786 -5.8188 23.9763
v  2.8574 -5.9333 23.9784
v  7.6847 -5.0153 23.9742
v  7.7724 -3.6784 23.9733
v  7.8529 -2.3440 23.9781
v  7.8772 -0.8052 23.9805
v  7.9140 -0.9007 23.9804
v  7.8159 -0.7241 23.9800
v  7.4321 -6.6448 23.9801
v  7.2816 -6.7074 23.9788
v  7.5407 -6.5237 23.9786
v  5.9595 -0.1022 24.0073
v  7.7137 -0.6958 23.9265
v  7.5009 -0.5822 23.9269
v  7.4015 -0.5388 23.9347
v  7.2868 -0.4934 23.9933
v  7.1880 -0.4587 24.0110
v  7.0323 -0.3938 24.0122
v  6.8136 -0.3154 24.0117
v  6.4340 -0.2010 24.0111
v  5.4919 -0.0300 24.0100
v  4.1195 0.0620 24.0074
v  3.2070 0.1662 24.0666
v  7.5375 -6.3482 23.9193
v  7.8839 -1.0029 23.9265
v  4.2343 -6.0606 23.9194
v  5.3085 -6.2416 23.9197
v  6.3986 -6.4738 23.9227
v  7.1144 -6.6481 23.9205
v  1.4811 -5.7681 23.9196
v  2.8584 -5.8846 23.9211
v  7.6284 -5.0106 23.9167
v  7.7136 -3.6715 23.9156
v  7.8059 -2.3460 23.9219
v  7.8405 -0.8259 23.9252
v  7.8736 -0.9123 23.9252
v  7.7848 -0.7524 23.9251
v  7.4022 -6.6046 23.9205
v  7.2724 -6.6584 23.9204
v  7.4970 -6.4978 23.9199
v  1.9139 0.1938 24.0337
v  0.4629 0.2177 24.0333
v  1.9185 0.2124 24.0652
v  0.4665 0.1860 24.0094
v  1.9096 0.1620 24.0096
v  0.4587 0.2366 24.0644
v  1.9062 -0.4675 23.9996
v  0.4688 -0.4675 23.9996
v  3.2158 -0.4675 23.9996
v  4.1177 -0.4675 23.9996
v  5.2597 -1.0129 23.9996
v  5.7911 -1.1459 23.9996
v  5.4882 -0.0758 23.9996
v  6.2840 -1.2920 23.9996
v  7.1754 -0.5030 23.9996
v  7.2159 -0.5913 23.9996
v  7.3050 -0.6946 23.9994
v  6.9664 -1.5001 23.9996
v  7.4159 -0.7853 23.9996
v  7.5865 -0.8808 23.9996
v  7.6175 -0.9055 23.9996
v  7.6420 -0.9374 23.9996
v  7.6556 -0.9745 23.9996
v  7.6599 -1.0145 23.9996
v  6.9107 -2.3350 23.9996
v  6.6384 -4.8222 23.9996
v  6.1237 -4.9727 23.9996
v  7.3296 -6.3057 23.9996
v  7.3110 -6.3665 23.9996
v  7.2683 -6.4137 23.9996
v  7.2095 -6.4381 23.9996
v  7.1460 -6.4352 23.9996
v  6.3986 -6.2542 23.9994
v  5.3164 -6.0284 23.9995
v  4.2492 -5.2183 23.9996
v  2.8788 -5.0510 23.9996
v  2.8606 -5.6760 23.9990
v  1.4834 -4.9427 23.9996
v  1.4834 -5.5585 23.9995
v  0.0012 -4.9049 23.9996
v  0.3741 0.1909 24.1691
v  0.4036 0.1931 24.0846
v  0.4104 0.1897 24.0650
v  0.4163 0.1789 24.0483
v  0.4202 0.1625 24.0370
v  0.4216 0.1430 24.0331
v  0.4216 -0.4675 24.0331
v  0.2608 0.1884 24.2496
v  2.1155 0.1541 24.2496
v  3.0065 0.1187 24.2496
v  3.1195 0.1182 24.1701
v  3.1497 0.1222 24.0859
v  3.1569 0.1190 24.0658
v  3.1688 0.0714 24.0327
v  3.1686 -0.4675 24.0331
v  4.1177 0.0150 23.9996
v  5.9477 -0.1527 23.9996
v  7.0181 -0.4348 23.9997
v  6.7963 -0.3568 23.9997
v  7.5774 -2.3350 23.9996
v  6.8012 -3.5065 23.9373
v  7.4943 -3.6665 23.9996
v  4.2344 -5.8606 23.9979
v  5.2924 -5.0816 23.9996
v  3.0756 0.1174 24.2277
v  3.1631 0.1081 24.0485
v  3.1673 0.0913 24.0368
v  2.0025 0.1639 24.1701
v  1.9723 0.1679 24.0859
v  1.9651 0.1648 24.0658
v  1.9589 0.1539 24.0485
v  1.9547 0.1371 24.0368
v  1.9533 0.1171 24.0327
v  1.9533 -0.4675 24.0327
v  2.0448 0.1561 24.2265
v  3.1846 0.0770 24.0107
v  3.1874 -0.4675 24.0085
v  2.1170 0.1898 24.2646
v  3.0043 0.1555 24.2657
v  3.0868 0.1532 24.2401
v  3.1338 0.1542 24.1759
v  3.1639 0.1587 24.0934
v  3.1727 0.1526 24.0630
v  3.1791 0.1360 24.0375
v  3.1834 0.1099 24.0187
v  1.9345 -0.4675 24.0084
v  1.9376 0.1232 24.0108
v  1.9396 0.1557 24.0189
v  1.9443 0.1812 24.0375
v  1.9507 0.1976 24.0626
v  1.9594 0.2034 24.0926
v  1.9898 0.1992 24.1777
v  2.0421 0.1949 24.2437
v  0.3318 0.1861 24.2262
v  0.4373 0.1485 24.0109
v  0.4403 -0.4675 24.0085
v  0.2604 0.2238 24.2643
v  0.3357 0.2254 24.2428
v  0.3876 0.2266 24.1761
v  0.4173 0.2288 24.0912
v  0.4256 0.2225 24.0616
v  0.4316 0.2061 24.0370
v  0.4359 0.1806 24.0188
v  7.4121 -4.9829 23.9996
v  1.4847 -5.6333 23.9352
v  0.0012 -5.5904 23.9358
v  7.2412 -0.5594 23.9877
v  7.3406 -0.6359 23.9461
v  2.8620 -5.7495 23.9325
v  4.2393 -5.9290 23.9323
v  5.3213 -6.1061 23.9359
v  6.4134 -6.3371 23.9318
v  7.1492 -6.5120 23.9376
v  7.2428 -6.5145 23.9310
v  7.3169 -6.4828 23.9292
v  7.3688 -6.4241 23.9327
v  7.3971 -6.3367 23.9408
v  7.7436 -0.9979 23.9297
v  7.5766 -3.6685 23.9488
v  7.4921 -4.9966 23.9447
v  7.6658 -2.3405 23.9368
v  7.7358 -0.9439 23.9291
v  7.7156 -0.8921 23.9278
v  7.6816 -0.8474 23.9283
v  7.6397 -0.8127 23.9281
v  7.4489 -0.7077 23.9298
v  1.4838 -5.6027 23.9772
v  7.2295 -0.5742 23.9958
v  7.3616 -0.6063 23.9249
v  2.8606 -5.7181 23.9734
v  4.2362 -5.8986 23.9710
v  5.3183 -6.0745 23.9781
v  6.4071 -6.3017 23.9750
v  7.1538 -6.4810 23.9809
v  7.2314 -6.4819 23.9759
v  7.2970 -6.4532 23.9741
v  7.3423 -6.4035 23.9776
v  7.3673 -6.3301 23.9835
v  7.7943 -0.9985 23.9100
v  7.5437 -3.6700 23.9903
v  7.5328 -5.0020 23.9162
v  7.6311 -2.3377 23.9834
v  7.7849 -0.9328 23.9100
v  7.6834 -0.9097 23.9732
v  7.7183 -0.8136 23.9099
v  7.6185 -0.8425 23.9734
v  7.4668 -0.6626 23.9105
v  1.4846 -5.6762 23.9126
v  0.0012 -5.5594 23.9784
v  7.2541 -0.5443 23.9822
v  7.3257 -0.6605 23.9827
v  2.8618 -5.7933 23.9118
v  4.2404 -5.9707 23.9123
v  5.3209 -6.1500 23.9126
v  6.4143 -6.3847 23.9112
v  7.1388 -6.5569 23.9124
v  7.2546 -6.5621 23.9105
v  7.3449 -6.5238 23.9101
v  7.4103 -6.4497 23.9108
v  7.4418 -6.3415 23.9135
v  7.7076 -1.0000 23.9757
v  7.6164 -3.6667 23.9177
v  7.4609 -4.9911 23.9872
v  7.7131 -2.3439 23.9120
v  7.7009 -0.9535 23.9745
v  7.7601 -0.8686 23.9099
v  7.6543 -0.8718 23.9735
v  7.6673 -0.7711 23.9099
v  7.4378 -0.7417 23.9745
v  0.4670 0.1231 23.9996
v  1.9073 0.0989 23.9996
v  1.9369 0.1030 24.0101
v  1.9584 0.0934 24.0470
v  1.9603 0.1191 24.0524
v  1.9635 0.1387 24.0614
v  1.9674 0.1456 24.0722
v  1.9727 0.1479 24.0869
v  2.0020 0.1440 24.1686
v  2.0437 0.1362 24.2257
v  2.1148 0.1342 24.2496
v  3.0060 0.0987 24.2496
v  3.0755 0.0974 24.2277
v  3.1197 0.0982 24.1695
v  3.1493 0.1021 24.0869
v  3.1546 0.0998 24.0722
v  3.1585 0.0930 24.0614
v  3.1617 0.0729 24.0523
v  3.1636 0.0479 24.0470
v  3.1849 0.0567 24.0104
v  3.2135 0.0515 23.9997
v  4.1164 -0.0050 23.9996
v  5.4859 -0.0957 23.9996
v  5.9441 -0.1724 23.9996
v  6.4175 -0.2650 23.9996
v  6.7902 -0.3758 23.9996
v  7.0108 -0.4534 23.9996
v  7.1604 -0.5183 23.9996
v  7.1989 -0.6022 23.9996
v  7.2910 -0.7090 23.9996
v  7.4046 -0.8019 23.9996
v  7.5753 -0.8975 23.9996
v  7.6031 -0.9196 23.9996
v  7.6243 -0.9472 23.9996
v  7.6360 -0.9791 23.9996
v  7.6398 -1.0150 23.9996
v  7.5575 -2.3338 23.9996
v  7.4743 -3.6652 23.9996
v  7.3922 -4.9816 23.9996
v  7.3097 -6.3021 23.9996
v  7.2932 -6.3564 23.9996
v  7.2565 -6.3969 23.9996
v  7.2060 -6.4179 23.9996
v  7.1488 -6.4153 23.9996
v  6.4030 -6.2347 23.9996
v  5.3200 -6.0087 23.9996
v  4.2373 -5.8408 23.9996
v  2.8628 -5.6561 23.9996
v  1.4845 -5.5385 23.9996
v  0.2605 0.1684 24.2496
v  0.3321 0.1661 24.2260
v  0.3744 0.1709 24.1683
v  0.4032 0.1731 24.0859
v  0.4081 0.1706 24.0717
v  0.4117 0.1639 24.0613
v  0.4149 0.1428 24.0523
v  0.4165 0.1197 24.0476
v  0.4375 0.1282 24.0106
v  3.0065 -0.4675 24.2496
v  2.1154 -0.4675 24.2496
v  3.0745 -0.4675 24.2284
v  3.1195 -0.4675 24.1700
v  2.0027 -0.4671 24.1706
v  2.0461 -0.4675 24.2275
v  0.2608 -0.4675 24.2496
v  0.3741 -0.4675 24.1691
v  0.3292 -0.4676 24.2281
v  0.4218 0.1228 24.0324
v  1.9530 0.0968 24.0321
v  3.1689 0.0510 24.0325
v  -5.4929 -0.1247 25.1080
v  -5.9739 -0.2066 25.1100
v  -5.9744 -0.0440 24.1147
v  -5.4929 0.0248 24.1132
v  -7.5197 -0.5438 24.0178
v  -7.6144 -0.6671 25.0834
v  -7.7318 -0.6561 24.0153
v  -7.3286 -0.4597 24.0857
v  -7.4363 -0.5037 24.0272
v  -7.2111 -0.4114 24.1108
v  -7.0463 -0.3459 24.1123
v  -7.0455 -0.4715 25.0983
v  -6.8360 -0.2694 24.1136
v  -6.8368 -0.4094 25.1023
v  -6.4465 -0.1507 24.1153
v  -6.4462 -0.3090 25.1074
v  -0.4192 0.2408 24.1870
v  -1.9545 0.2139 24.1890
v  -1.9238 0.2183 24.1037
v  -0.4487 0.2431 24.1025
v  -4.1153 0.1238 24.1083
v  -4.1153 0.0356 25.0934
v  -3.4022 0.0936 25.0878
v  -3.1966 0.1720 24.1060
v  -3.1665 0.1680 24.1901
v  -3.1047 0.1658 24.2714
v  -3.0065 0.1685 24.3026
v  -2.1147 0.2041 24.3018
v  -2.1011 0.1699 25.0812
v  -0.2586 0.2384 24.3010
v  0.0012 0.2169 25.0771
v  -2.0168 0.2086 24.2708
v  -0.3572 0.2388 24.2695
v  -7.7865 -2.3524 25.0916
v  -7.7087 -3.6647 25.0936
v  -7.7768 -3.6796 24.0168
v  -7.8555 -2.3431 24.0166
v  -7.0511 -6.6252 25.0838
v  -6.3821 -6.4594 25.0840
v  -6.3823 -6.5223 24.0151
v  -7.0956 -6.7002 24.0152
v  -4.2277 -6.1170 24.0153
v  -4.2285 -6.0560 25.0823
v  -2.8556 -5.8774 25.0821
v  -2.8556 -5.9382 24.0173
v  -5.2959 -6.2967 24.0155
v  -5.2961 -6.2351 25.0834
v  -1.4760 -5.7637 25.0846
v  -1.4760 -5.8244 24.0159
v  0.0012 -5.7821 24.0152
v  -7.6228 -4.9765 25.0916
v  -7.5288 -6.2878 25.0857
v  -7.5925 -6.3509 24.0159
v  -7.6890 -5.0155 24.0166
v  -7.9262 -1.0061 24.0159
v  -7.8562 -1.0395 25.0857
v  -7.9159 -0.8992 24.0164
v  -7.8435 -0.9232 25.0878
v  -7.8784 -0.8027 24.0167
v  -7.8166 -0.7207 24.0158
v  -7.7233 -0.7334 25.0876
v  -7.7986 -0.8207 25.0890
v  -7.2796 -6.7122 24.0192
v  -7.2247 -6.6306 25.0874
v  -7.4323 -6.6480 24.0215
v  -7.5427 -6.5261 24.0195
v  -7.4768 -6.4517 25.0884
v  -7.3703 -6.5679 25.0898
v  -1.6405 -4.1569 25.3217
v  -1.7906 -2.7986 25.3219
v  -6.6849 -2.0525 25.3200
v  -6.6027 -3.4451 25.3202
v  -7.3214 -3.6257 25.3199
v  -7.4188 -2.3156 25.3199
v  -1.9407 -1.4403 25.3215
v  -3.1303 -2.8952 25.3214
v  -3.2573 -1.5277 25.3208
v  -4.5199 -3.0558 25.3208
v  -4.6464 -1.6796 25.3201
v  -5.6321 -3.2302 25.3204
v  -5.7784 -1.8476 25.3201
v  -7.1163 -6.3845 25.3197
v  -7.1730 -6.3870 25.3197
v  -7.2239 -4.9376 25.3199
v  -7.0363 -0.4986 25.1903
v  -7.6057 -0.6914 25.1803
v  -6.8262 -0.4385 25.1925
v  -6.4329 -0.3389 25.1981
v  -5.9673 -0.2389 25.1978
v  -5.4961 -0.1577 25.1981
v  -4.1049 0.0080 25.1869
v  -3.4003 0.0658 25.1850
v  -2.1008 0.1453 25.1765
v  0.0012 0.1924 25.1775
v  -1.4764 -5.7394 25.1790
v  0.0012 -5.6969 25.1799
v  -2.8570 -5.8537 25.1772
v  -4.2330 -6.0326 25.1778
v  -5.3011 -6.2121 25.1768
v  -6.3903 -6.4379 25.1758
v  -7.0566 -6.6014 25.1779
v  -7.2140 -6.6072 25.1795
v  -7.3550 -6.5476 25.1806
v  -7.4575 -6.4346 25.1800
v  -7.5039 -6.2856 25.1791
v  -7.5951 -4.9755 25.1859
v  -7.6802 -3.6648 25.1881
v  -7.7587 -2.3533 25.1859
v  -7.8312 -1.0380 25.1792
v  -7.8195 -0.9304 25.1796
v  -7.7756 -0.8310 25.1800
v  -7.7024 -0.7481 25.1794
v  -2.0909 -0.0819 25.3201
v  0.0012 -0.0337 25.3201
v  0.0012 -1.3933 25.3215
v  0.0012 -5.4721 25.3217
v  -1.4904 -5.5152 25.3215
v  -6.5219 -4.8147 25.3201
v  -6.4383 -6.2300 25.3195
v  -7.5241 -0.8999 25.3197
v  -6.9659 -0.7194 25.3199
v  -2.8764 -5.6303 25.3212
v  -3.0033 -4.2628 25.3213
v  -3.3843 -0.1602 25.3202
v  -4.2669 -5.8084 25.3207
v  -4.3934 -4.4321 25.3208
v  -4.0897 -0.2204 25.3202
v  -5.4561 -0.3861 25.3201
v  -5.3396 -5.9953 25.3201
v  -5.4858 -4.6128 25.3205
v  -5.9246 -0.4650 25.3201
v  -6.3852 -0.5664 25.3200
v  -7.5221 -2.3359 25.3198
v  -7.6067 -1.0272 25.3197
v  -7.6027 -0.9881 25.3197
v  -7.3584 -4.9600 25.3199
v  -7.4403 -3.6479 25.3199
v  -6.7671 -0.6601 25.3200
v  -7.2252 -6.3652 25.3197
v  -7.2632 -6.3232 25.3197
v  -7.2796 -6.2690 25.3197
v  -7.5860 -0.9502 25.3197
v  -7.5582 -0.9196 25.3197
v  -7.0175 -0.5526 25.2599
v  -6.9927 -0.6269 25.3054
v  -7.5564 -0.8167 25.3033
v  -7.5861 -0.7404 25.2520
v  -6.8083 -0.4928 25.2611
v  -6.7863 -0.5674 25.3058
v  -6.4142 -0.3953 25.2659
v  -6.3939 -0.4724 25.3081
v  -5.9555 -0.2953 25.2644
v  -5.9401 -0.3719 25.3071
v  -5.4927 -0.2166 25.2656
v  -5.4829 -0.2955 25.3079
v  -4.0937 -0.0483 25.2584
v  -4.0842 -0.1261 25.3050
v  -3.3966 0.0104 25.2563
v  -3.3914 -0.0658 25.3032
v  -2.0995 0.0917 25.2511
v  -2.0969 0.0145 25.3010
v  0.0012 0.0620 25.3010
v  -1.4789 -5.6863 25.2527
v  -1.4831 -5.6102 25.3021
v  0.0012 -5.5673 25.3025
v  -2.8612 -5.8008 25.2515
v  -2.8678 -5.7251 25.3013
v  -4.2421 -5.9799 25.2521
v  -4.2541 -5.9039 25.3016
v  -5.3113 -6.1608 25.2501
v  -5.3251 -6.0875 25.2996
v  -6.4048 -6.3887 25.2483
v  -6.4226 -6.3186 25.2976
v  -7.0715 -6.5501 25.2514
v  -7.0930 -6.4705 25.3033
v  -7.2002 -6.5565 25.2514
v  -7.1859 -6.4711 25.3047
v  -7.3243 -6.5055 25.2515
v  -7.2744 -6.4347 25.3048
v  -7.4140 -6.4055 25.2515
v  -7.3382 -6.3635 25.3048
v  -7.4500 -6.2828 25.2524
v  -7.3682 -6.2757 25.3035
v  -7.5381 -4.9734 25.2580
v  -7.4577 -4.9692 25.3054
v  -7.6222 -3.6627 25.2598
v  -7.5405 -3.6583 25.3065
v  -7.7016 -2.3514 25.2580
v  -7.6212 -2.3468 25.3054
v  -7.7772 -1.0343 25.2526
v  -7.6954 -1.0316 25.3035
v  -7.7690 -0.9444 25.2514
v  -7.6851 -0.9664 25.3048
v  -7.7302 -0.8566 25.2514
v  -7.6575 -0.9038 25.3048
v  -7.6658 -0.7855 25.2513
v  -7.6116 -0.8531 25.3048
v  -1.9161 0.2124 24.0652
v  -0.4563 0.2366 24.0644
v  -5.9719 -0.0472 24.0697
v  -5.4930 0.0214 24.0706
v  -7.7311 -0.6607 23.9805
v  -7.5162 -0.5462 23.9822
v  -7.4272 -0.5036 23.9904
v  -7.3162 -0.4585 24.0490
v  -7.2030 -0.4121 24.0710
v  -7.0451 -0.3487 24.0719
v  -6.8325 -0.2713 24.0724
v  -6.4449 -0.1529 24.0730
v  -4.1173 0.1171 24.0648
v  -3.2046 0.1662 24.0666
v  -7.5867 -6.3522 23.9758
v  -7.6826 -5.0153 23.9741
v  -4.2277 -6.1114 23.9755
v  -5.2970 -6.2913 23.9761
v  -6.3842 -6.5176 23.9778
v  -7.0990 -6.6954 23.9765
v  0.0012 -5.7763 23.9757
v  -1.4762 -5.8188 23.9763
v  -2.8550 -5.9333 23.9784
v  -7.7704 -3.6784 23.9732
v  -7.8509 -2.3440 23.9780
v  -7.9220 -1.0049 23.9807
v  -7.9120 -0.9006 23.9803
v  -7.8751 -0.8050 23.9804
v  -7.8137 -0.7239 23.9799
v  -7.2792 -6.7075 23.9788
v  -7.4298 -6.6450 23.9800
v  -7.5385 -6.5239 23.9785
v  -5.9661 -0.0663 24.0340
v  -5.9571 -0.1022 24.0073
v  -5.4895 -0.0300 24.0100
v  -5.4920 0.0030 24.0361
v  -7.7242 -0.6737 23.9510
v  -7.7113 -0.6957 23.9264
v  -7.4986 -0.5822 23.9269
v  -7.5095 -0.5591 23.9519
v  -7.3991 -0.5388 23.9347
v  -7.4148 -0.5152 23.9598
v  -7.2845 -0.4935 23.9934
v  -7.3016 -0.4698 24.0183
v  -7.1856 -0.4587 24.0110
v  -7.1961 -0.4281 24.0376
v  -7.0299 -0.3938 24.0121
v  -7.0399 -0.3648 24.0386
v  -6.8112 -0.3153 24.0116
v  -6.8242 -0.2864 24.0386
v  -6.4316 -0.2010 24.0111
v  -6.4401 -0.1696 24.0384
v  -4.1171 0.0620 24.0074
v  -4.1178 0.0969 24.0320
v  -3.2119 0.1151 24.0098
v  -3.2088 0.1473 24.0344
v  -7.5676 -6.3513 23.9436
v  -7.5352 -6.3482 23.9192
v  -7.6260 -5.0106 23.9165
v  -7.6618 -5.0135 23.9407
v  -4.2290 -6.0926 23.9437
v  -4.2319 -6.0606 23.9194
v  -5.3061 -6.2416 23.9197
v  -5.3003 -6.2731 23.9444
v  -6.3962 -6.4738 23.9228
v  -6.3888 -6.5014 23.9471
v  -7.1120 -6.6481 23.9205
v  -7.1044 -6.6782 23.9451
v  0.0012 -5.7257 23.9196
v  -1.4787 -5.7681 23.9196
v  -1.4771 -5.8002 23.9444
v  -2.8560 -5.8846 23.9211
v  -2.8549 -5.9158 23.9468
v  -7.7112 -3.6715 23.9155
v  -7.7488 -3.6756 23.9396
v  -7.8036 -2.3460 23.9218
v  -7.8334 -2.3453 23.9465
v  -7.8816 -1.0029 23.9263
v  -7.9072 -1.0038 23.9509
v  -7.8713 -0.9123 23.9251
v  -7.8973 -0.9050 23.9499
v  -7.8617 -0.8127 23.9499
v  -7.8381 -0.8259 23.9251
v  -7.7824 -0.7524 23.9250
v  -7.8023 -0.7342 23.9497
v  -7.2700 -6.6584 23.9204
v  -7.2759 -6.6898 23.9460
v  -7.4190 -6.6306 23.9464
v  -7.3998 -6.6046 23.9204
v  -7.4946 -6.4978 23.9198
v  -7.5227 -6.5144 23.9454
v  -5.9453 -0.1527 23.9996
v  -5.4858 -0.0758 23.9996
v  -7.6928 -0.7260 23.9116
v  -7.4839 -0.6149 23.9117
v  -7.3816 -0.5740 23.9207
v  -7.2668 -0.5294 23.9800
v  -7.1730 -0.5030 23.9996
v  -7.0157 -0.4348 23.9997
v  -6.7939 -0.3568 23.9997
v  -6.4198 -0.2456 23.9996
v  -4.1153 0.0150 23.9996
v  -3.2134 0.0714 23.9996
v  -7.4913 -6.3431 23.9096
v  -7.5779 -5.0066 23.9096
v  -4.2365 -6.0170 23.9096
v  -5.3140 -6.1984 23.9096
v  -6.4059 -6.4359 23.9102
v  -7.1214 -6.6064 23.9097
v  0.0012 -5.6823 23.9096
v  -1.4810 -5.7241 23.9096
v  -2.8582 -5.8415 23.9097
v  -7.6608 -3.6665 23.9096
v  -7.7626 -2.3464 23.9099
v  -7.8462 -1.0022 23.9116
v  -7.8352 -0.9221 23.9108
v  -7.8054 -0.8441 23.9108
v  -7.7550 -0.7776 23.9108
v  -7.2618 -6.6149 23.9096
v  -7.3731 -6.5682 23.9096
v  -7.4557 -6.4750 23.9096
v  -1.9115 0.1938 24.0337
v  -1.9072 0.1621 24.0096
v  -0.4640 0.1860 24.0094
v  -0.4604 0.2177 24.0333
v  -1.9038 0.1189 23.9996
v  -0.4664 0.1430 23.9996
v  -0.4646 0.1231 23.9997
v  -1.9049 0.0989 23.9996
v  -1.9038 -0.4675 23.9996
v  -0.4664 -0.4675 23.9996
v  -5.4835 -0.0957 23.9996
v  -5.2891 -0.8840 24.0016
v  -4.1197 -0.6262 23.9996
v  -4.1140 -0.0050 23.9996
v  -5.9417 -0.1724 23.9996
v  -5.8050 -1.0417 24.0005
v  -6.4151 -0.2650 23.9996
v  -6.2917 -1.2140 23.9996
v  -7.1580 -0.5183 23.9996
v  -7.1965 -0.6022 23.9996
v  -6.9640 -1.5001 23.9996
v  -7.0084 -0.4534 23.9996
v  -7.2886 -0.7090 23.9996
v  -7.4022 -0.8019 23.9996
v  -7.5729 -0.8975 23.9996
v  -7.6219 -0.9472 23.9996
v  -7.6007 -0.9196 23.9996
v  -7.6336 -0.9791 23.9996
v  -7.6374 -1.0150 23.9996
v  -7.3898 -4.9816 23.9996
v  -7.3073 -6.3021 23.9996
v  -6.6360 -4.8222 23.9996
v  -7.2908 -6.3564 23.9996
v  -7.2036 -6.4179 23.9996
v  -6.1213 -4.9727 24.0048
v  -7.2541 -6.3969 23.9996
v  -7.1464 -6.4153 23.9996
v  -6.4006 -6.2347 23.9996
v  -5.3176 -6.0087 23.9996
v  -5.2900 -5.0816 23.9996
v  -2.8604 -5.6561 23.9996
v  -2.8764 -5.0510 23.9996
v  -4.2441 -5.1183 23.9996
v  -4.2349 -5.8408 23.9996
v  -1.4821 -5.5385 23.9996
v  -1.4810 -4.9427 23.9996
v  0.0012 -5.4937 23.9996
v  -0.4011 0.1731 24.0860
v  -0.3720 -0.4676 24.1692
v  -0.3723 0.1709 24.1684
v  -3.0036 0.0987 24.2496
v  -3.0041 -0.4675 24.2496
v  -2.1130 -0.4675 24.2495
v  -2.1124 0.1342 24.2495
v  -3.2134 -0.4675 23.9996
v  -3.2111 0.0515 23.9996
v  -6.7878 -0.3758 23.9996
v  -6.9083 -2.3350 23.9996
v  -7.5551 -2.3338 23.9996
v  -6.7896 -3.5804 23.9398
v  -7.4719 -3.6652 23.9996
v  -3.1170 0.0982 24.1694
v  -3.1168 -0.4674 24.1699
v  -3.0720 -0.4673 24.2283
v  -3.0730 0.0974 24.2276
v  -3.1599 0.0479 24.0465
v  -3.1651 0.0510 24.0317
v  -3.1648 -0.4665 24.0324
v  -0.2581 0.1684 24.2496
v  -0.3298 0.1661 24.2262
v  -0.3269 -0.4678 24.2283
v  -0.2584 -0.4675 24.2496
v  -0.4144 0.1197 24.0477
v  -0.4197 0.1228 24.0326
v  -0.4195 -0.4678 24.0333
v  -0.4128 0.1428 24.0525
v  -0.4097 0.1639 24.0615
v  -0.4061 0.1706 24.0718
v  -3.0041 0.1187 24.2496
v  -2.1131 0.1542 24.2495
v  -2.1146 0.1899 24.2646
v  -3.0019 0.1555 24.2657
v  -3.0731 0.1174 24.2276
v  -3.0843 0.1533 24.2401
v  -3.1168 0.1182 24.1699
v  -3.1312 0.1544 24.1758
v  -3.1463 0.1224 24.0855
v  -3.1610 0.1592 24.0932
v  -3.1533 0.1192 24.0653
v  -3.1698 0.1532 24.0626
v  -3.1594 0.1083 24.0479
v  -3.1761 0.1364 24.0369
v  -3.1635 0.0914 24.0361
v  -3.1804 0.1102 24.0180
v  -3.1650 0.0713 24.0320
v  -3.1816 0.0770 24.0099
v  -3.1459 0.1021 24.0865
v  -3.1580 0.0729 24.0518
v  -3.1548 0.0930 24.0609
v  -3.1510 0.0998 24.0718
v  -1.9720 0.1479 24.0863
v  -2.0005 0.1440 24.1681
v  -2.0013 -0.4668 24.1702
v  -1.9580 0.0934 24.0461
v  -1.9529 -0.4660 24.0316
v  -1.9599 0.1191 24.0516
v  -1.9631 0.1387 24.0607
v  -1.9669 0.1456 24.0716
v  -2.0417 0.1362 24.2251
v  -2.0441 -0.4668 24.2270
v  -1.9526 0.0967 24.0309
v  -1.9544 0.1372 24.0358
v  -1.9529 0.1171 24.0316
v  -1.9360 0.1233 24.0096
v  -1.9380 0.1560 24.0178
v  -1.9585 0.1542 24.0476
v  -1.9428 0.1819 24.0367
v  -1.9646 0.1651 24.0651
v  -1.9492 0.1984 24.0620
v  -1.9716 0.1683 24.0853
v  -1.9578 0.2043 24.0922
v  -2.0011 0.1641 24.1696
v  -1.9879 0.1997 24.1775
v  -2.0428 0.1563 24.2259
v  -2.0399 0.1952 24.2435
v  -3.1818 0.0567 24.0096
v  -3.1844 -0.4666 24.0078
v  -1.9329 -0.4661 24.0073
v  -1.9354 0.1030 24.0090
v  -0.2584 0.1884 24.2496
v  -0.2580 0.2238 24.2643
v  -0.3295 0.1861 24.2264
v  -0.3334 0.2253 24.2429
v  -0.3720 0.1908 24.1693
v  -0.3854 0.2265 24.1762
v  -0.4016 0.1930 24.0847
v  -0.4150 0.2287 24.0912
v  -0.4084 0.1896 24.0651
v  -0.4234 0.2223 24.0617
v  -0.4142 0.1789 24.0484
v  -0.4294 0.2060 24.0372
v  -0.4181 0.1625 24.0372
v  -0.4336 0.1805 24.0190
v  -0.4195 0.1430 24.0333
v  -0.4351 0.1484 24.0111
v  -0.4353 0.1282 24.0108
v  -0.4380 -0.4677 24.0086
v  0.0012 -5.5137 23.9996
v  -1.4810 -5.5585 23.9995
v  -1.4814 -5.6027 23.9772
v  -7.3026 -0.6946 23.9994
v  -7.2135 -0.5913 23.9996
v  -7.2272 -0.5742 23.9959
v  -7.3235 -0.6604 23.9831
v  -1.4822 -5.6762 23.9126
v  -2.8594 -5.7933 23.9118
v  -4.2380 -5.9707 23.9122
v  -5.3185 -6.1500 23.9126
v  -6.4119 -6.3847 23.9112
v  -7.1364 -6.5569 23.9124
v  -7.2522 -6.5621 23.9105
v  -7.3425 -6.5238 23.9101
v  -7.4079 -6.4497 23.9109
v  -7.4395 -6.3415 23.9136
v  -7.5305 -5.0020 23.9163
v  -7.6140 -3.6667 23.9179
v  -7.7919 -0.9985 23.9101
v  -7.7825 -0.9328 23.9100
v  -7.7577 -0.8686 23.9099
v  -7.7159 -0.8136 23.9099
v  -7.6649 -0.7711 23.9099
v  -7.4644 -0.6626 23.9105
v  -7.3592 -0.6063 23.9250
v  -7.4919 -3.6665 23.9996
v  -7.5750 -2.3350 23.9996
v  -7.6288 -2.3377 23.9837
v  -7.5414 -3.6700 23.9905
v  -7.6575 -1.0145 23.9996
v  -7.7053 -1.0000 23.9759
v  -7.6396 -0.9374 23.9996
v  -7.6151 -0.9055 23.9996
v  -7.6521 -0.8717 23.9737
v  -7.6811 -0.9096 23.9734
v  -7.5841 -0.8808 23.9996
v  -7.4135 -0.7853 23.9996
v  -7.4355 -0.7416 23.9746
v  -7.6162 -0.8424 23.9736
v  -1.4823 -5.6333 23.9352
v  0.0012 -5.6338 23.9126
v  -7.2392 -0.5592 23.9886
v  -7.2518 -0.5443 23.9823
v  -7.3383 -0.6359 23.9463
v  -2.8582 -5.7181 23.9734
v  -2.8596 -5.7495 23.9325
v  -4.2338 -5.8985 23.9710
v  -4.2369 -5.9290 23.9323
v  -5.3159 -6.0745 23.9780
v  -5.3189 -6.1061 23.9358
v  -6.4047 -6.3017 23.9749
v  -6.4110 -6.3371 23.9318
v  -7.1514 -6.4810 23.9809
v  -7.1468 -6.5120 23.9375
v  -7.2290 -6.4820 23.9761
v  -7.2404 -6.5145 23.9311
v  -7.2946 -6.4533 23.9742
v  -7.3145 -6.4828 23.9293
v  -7.3401 -6.4036 23.9778
v  -7.3666 -6.4241 23.9329
v  -7.3650 -6.3301 23.9836
v  -7.3949 -6.3367 23.9410
v  -7.4899 -4.9966 23.9450
v  -7.4586 -4.9911 23.9874
v  -7.5744 -3.6685 23.9491
v  -7.7414 -0.9979 23.9300
v  -7.6987 -0.9534 23.9748
v  -7.7335 -0.9439 23.9292
v  -7.7133 -0.8920 23.9281
v  -7.6792 -0.8473 23.9283
v  -7.6373 -0.8127 23.9282
v  -7.4465 -0.7077 23.9299
v  -7.6636 -2.3405 23.9371
v  -7.7107 -2.3439 23.9121
v  -2.8582 -5.6760 23.9990
v  -4.2320 -5.8606 23.9979
v  -5.3140 -6.0284 23.9995
v  -6.3962 -6.2542 23.9994
v  -7.1436 -6.4352 23.9996
v  -7.2071 -6.4381 23.9996
v  -7.2659 -6.4137 23.9996
v  -7.3086 -6.3665 23.9996
v  -7.3271 -6.3057 23.9996
v  -7.4097 -4.9829 23.9996
v  -7.6532 -0.9745 23.9996
v  7.0482 -0.4692 25.0784
v  7.6175 -0.6657 25.0634
v  7.7267 -0.7329 25.0676
v  7.8020 -0.8202 25.0689
v  7.8469 -0.9226 25.0677
v  7.8595 -1.0393 25.0657
v  7.7898 -2.3525 25.0716
v  7.7120 -3.6647 25.0735
v  7.6261 -4.9765 25.0716
v  7.5321 -6.2881 25.0657
v  7.4802 -6.4526 25.0684
v  7.3737 -6.5692 25.0698
v  7.2278 -6.6321 25.0674
v  7.0535 -6.6266 25.0639
v  6.3843 -6.4606 25.0640
v  5.2983 -6.2362 25.0634
v  4.2307 -6.0572 25.0624
v  2.8579 -5.8786 25.0621
v  1.4783 -5.7648 25.0646
v  0.0012 -5.7225 25.0659
v  -1.4759 -5.7648 25.0646
v  -2.8555 -5.8786 25.0621
v  -4.2283 -6.0571 25.0624
v  -5.2959 -6.2362 25.0634
v  -6.3819 -6.4606 25.0640
v  -7.0512 -6.6264 25.0639
v  -7.2254 -6.6322 25.0674
v  -7.3715 -6.5694 25.0698
v  -7.4782 -6.4528 25.0684
v  -7.5300 -6.2882 25.0657
v  -7.6242 -4.9765 25.0716
v  -7.7100 -3.6647 25.0736
v  -7.7878 -2.3525 25.0716
v  -7.8575 -1.0393 25.0657
v  -7.8448 -0.9225 25.0678
v  -7.7999 -0.8200 25.0690
v  -7.7245 -0.7327 25.0676
v  -7.6150 -0.6660 25.0634
v  -7.0459 -0.4690 25.0784
v  -6.8372 -0.4066 25.0825
v  -6.4468 -0.3061 25.0876
v  -5.9745 -0.2036 25.0903
v  -5.4935 -0.1217 25.0882
v  -4.1157 0.0372 25.0735
v  -3.4025 0.0948 25.0678
v  -2.1012 0.1709 25.0613
v  0.0012 0.2174 25.0572
v  2.1036 0.1708 25.0613
v  3.4049 0.0951 25.0679
v  4.1181 0.0377 25.0735
v  5.4959 -0.1221 25.0882
v  5.9769 -0.2037 25.0903
v  6.4491 -0.3062 25.0876
v  6.8396 -0.4068 25.0825
v  0.4705 0.2427 24.1077
v  0.4395 0.2403 24.1966
v  0.3718 0.2382 24.2866
v  0.2641 0.2378 24.3210
v  -0.2617 0.2378 24.3210
v  -0.3694 0.2382 24.2866
v  -0.4371 0.2404 24.1966
v  -0.4681 0.2427 24.1077
v  -0.4761 0.2374 24.0673
v  -0.4803 0.2189 24.0349
v  -0.4840 0.1872 24.0101
v  -0.4864 0.1427 23.9996
v  -0.4846 0.1222 23.9996
v  -0.4864 -0.4875 23.9972
v  0.4888 -0.4875 23.9972
v  0.4870 0.1222 23.9996
v  0.4888 0.1427 23.9996
v  0.4864 0.1872 24.0101
v  0.4828 0.2189 24.0349
v  0.4785 0.2374 24.0673
v  3.2183 0.1707 24.1114
v  3.1867 0.1663 24.1997
v  3.1192 0.1640 24.2885
v  3.0119 0.1671 24.3226
v  2.1140 0.2033 24.3218
v  2.0071 0.2082 24.2879
v  1.9391 0.2140 24.1987
v  1.9069 0.2185 24.1090
v  1.8987 0.2138 24.0681
v  1.8941 0.1955 24.0352
v  1.8897 0.1638 24.0102
v  1.8862 0.1191 23.9996
v  1.8873 0.0983 23.9996
v  1.8862 -0.4875 23.9972
v  3.2359 -0.4875 23.9972
v  3.2335 0.0504 23.9996
v  3.2359 0.0705 23.9996
v  3.2343 0.1159 24.0106
v  3.2311 0.1479 24.0364
v  3.2268 0.1661 24.0699
v  -1.9045 0.2185 24.1090
v  -1.9367 0.2140 24.1987
v  -2.0047 0.2083 24.2879
v  -2.1116 0.2033 24.3218
v  -3.0095 0.1672 24.3226
v  -3.1168 0.1640 24.2885
v  -3.1843 0.1664 24.1997
v  -3.2159 0.1707 24.1114
v  -3.2244 0.1661 24.0699
v  -3.2287 0.1479 24.0363
v  -3.2319 0.1159 24.0106
v  -3.2334 0.0705 23.9996
v  -3.2311 0.0504 23.9996
v  -3.2335 -0.4875 23.9972
v  -1.8837 -0.4875 23.9972
v  -1.8849 0.0983 23.9996
v  -1.8837 0.1191 23.9996
v  -1.8873 0.1638 24.0102
v  -1.8917 0.1955 24.0352
v  -1.8963 0.2138 24.0681
v  -6.1063 -3.7453 24.0028
v  -6.1464 -2.3822 24.0012
v  -5.2744 -2.2365 24.0006
v  -5.2860 -3.7396 24.0001
v  -4.2030 -3.6347 23.9996
v  -4.1592 -2.0511 23.9996
v  -2.9954 -3.5298 23.9988
v  -3.1145 -2.0087 23.9980
v  -1.6152 -3.4576 23.9988
v  -1.7495 -1.9726 23.9980
v  -0.1613 -3.4325 23.9988
v  -0.3239 -1.9600 23.9980
v  1.2861 -1.9726 23.9980
v  1.3848 -3.4576 23.9988
v  3.1169 -2.0087 23.9980
v  2.9978 -3.5298 23.9988
v  4.1640 -2.1399 23.9996
v  4.2054 -3.6347 23.9996
v  5.2700 -2.3005 23.9996
v  5.2810 -3.6675 23.9996
v  6.0871 -2.3570 23.9996
v  6.0943 -3.6142 23.9996
v  2.8499 -10.6180 1.3034
v  2.7763 -10.6561 1.3034
v  2.7106 -10.7095 1.3034
v  2.6572 -10.7752 1.3034
v  2.6191 -10.8488 1.3034
v  2.5971 -10.9252 1.3034
v  2.5902 -11.0000 1.3034
v  2.5971 -11.0747 1.3034
v  2.6191 -11.1512 1.3034
v  2.6572 -11.2248 1.3034
v  2.7106 -11.2905 1.3034
v  2.7763 -11.3439 1.3034
v  2.8499 -11.3820 1.3034
v  2.9263 -11.4040 1.3034
v  3.0011 -11.4108 1.3034
v  3.0011 -11.8625 1.0797
v  3.0011 -10.1374 1.0797
v  3.0011 -10.5891 1.3034
v  2.9263 -10.5960 1.3034
v  3.0011 -10.3968 1.2673
v  3.0011 -10.3118 1.2263
v  3.0011 -10.2340 1.1705
v  2.8441 -10.1518 1.0797
v  2.6836 -10.1980 1.0797
v  2.5291 -10.2780 1.0797
v  2.3912 -10.3901 1.0797
v  2.2791 -10.5280 1.0797
v  2.1991 -10.6825 1.0797
v  2.1529 -10.8430 1.0797
v  2.1385 -11.0000 1.0797
v  2.1529 -11.1569 1.0797
v  2.1991 -11.3175 1.0797
v  2.2791 -11.4720 1.0797
v  2.3912 -11.6099 1.0797
v  2.5291 -11.7219 1.0797
v  2.6836 -11.8020 1.0797
v  2.8441 -11.8481 1.0797
v  3.0011 -11.6031 1.2673
v  3.0011 -11.5087 1.2927
v  2.9085 -10.4998 1.2927
v  2.8913 -10.4069 1.2673
v  2.8138 -10.5270 1.2927
v  2.7791 -10.4392 1.2673
v  2.7227 -10.5742 1.2927
v  2.6710 -10.4952 1.2673
v  2.6414 -10.6403 1.2927
v  2.5746 -10.5735 1.2673
v  2.8759 -10.3233 1.2263
v  2.8617 -10.2468 1.1705
v  2.7478 -10.3602 1.2263
v  2.7191 -10.2878 1.1705
v  2.6245 -10.4240 1.2263
v  2.5820 -10.3589 1.1705
v  2.5145 -10.5134 1.2263
v  2.4595 -10.4584 1.1705
v  2.5759 -10.7220 1.2926
v  2.4970 -10.6704 1.2671
v  2.5281 -10.8127 1.2927
v  2.4403 -10.7780 1.2673
v  2.5009 -10.9074 1.2927
v  2.4080 -10.8902 1.2673
v  2.4924 -11.0000 1.2927
v  2.3979 -11.0000 1.2673
v  2.4251 -10.6234 1.2263
v  2.3600 -10.5808 1.1705
v  2.3613 -10.7467 1.2263
v  2.2889 -10.7180 1.1705
v  2.3244 -10.8748 1.2263
v  2.2479 -10.8606 1.1705
v  2.3130 -11.0000 1.2263
v  2.2351 -11.0000 1.1705
v  2.5009 -11.0925 1.2927
v  2.4080 -11.1097 1.2673
v  2.5281 -11.1872 1.2927
v  2.4403 -11.2220 1.2673
v  2.5753 -11.2783 1.2927
v  2.4963 -11.3300 1.2673
v  2.6414 -11.3597 1.2927
v  2.5746 -11.4265 1.2673
v  2.3244 -11.1252 1.2263
v  2.2479 -11.1394 1.1705
v  2.3613 -11.2533 1.2263
v  2.2889 -11.2819 1.1705
v  2.4251 -11.3765 1.2263
v  2.3600 -11.4191 1.1705
v  2.5145 -11.4866 1.2263
v  2.4595 -11.5416 1.1705
v  2.7227 -11.4258 1.2927
v  2.6710 -11.5048 1.2673
v  2.8138 -11.4730 1.2927
v  2.7791 -11.5608 1.2673
v  2.9085 -11.5002 1.2927
v  2.8913 -11.5931 1.2673
v  2.6245 -11.5760 1.2263
v  2.5820 -11.6411 1.1705
v  2.7478 -11.6398 1.2263
v  2.7191 -11.7122 1.1705
v  2.8759 -11.6766 1.2263
v  2.8617 -11.7531 1.1705
v  3.0011 -10.4913 1.2927
v  3.1580 -10.1518 1.0797
v  3.3186 -10.1980 1.0797
v  3.4731 -10.2780 1.0797
v  3.6110 -10.3901 1.0797
v  3.7230 -10.5280 1.0797
v  3.8031 -10.6825 1.0797
v  3.8493 -10.8430 1.0797
v  3.8637 -11.0000 1.0797
v  3.8493 -11.1569 1.0797
v  3.8031 -11.3175 1.0797
v  3.7230 -11.4720 1.0797
v  3.6110 -11.6099 1.0797
v  3.4731 -11.7219 1.0797
v  3.3186 -11.8020 1.0797
v  3.1580 -11.8481 1.0797
v  3.0011 -11.7659 1.1705
v  3.0011 -11.6881 1.2263
v  3.0759 -11.4040 1.3034
v  3.1523 -11.3820 1.3034
v  3.2259 -11.3439 1.3034
v  3.2916 -11.2905 1.3034
v  3.3450 -11.2248 1.3034
v  3.3831 -11.1512 1.3034
v  3.4051 -11.0747 1.3034
v  3.4119 -11.0000 1.3034
v  3.4051 -10.9252 1.3034
v  3.3831 -10.8488 1.3034
v  3.3450 -10.7752 1.3034
v  3.2916 -10.7095 1.3034
v  3.2259 -10.6561 1.3034
v  3.1523 -10.6180 1.3034
v  3.0759 -10.5960 1.3034
v  3.0937 -11.5002 1.2927
v  3.1108 -11.5931 1.2673
v  3.1883 -11.4730 1.2927
v  3.2231 -11.5608 1.2673
v  3.2795 -11.4258 1.2927
v  3.3311 -11.5048 1.2673
v  3.3608 -11.3597 1.2927
v  3.4276 -11.4265 1.2673
v  3.1263 -11.6766 1.2263
v  3.1405 -11.7531 1.1705
v  3.2544 -11.6398 1.2263
v  3.2830 -11.7122 1.1705
v  3.3777 -11.5760 1.2263
v  3.4202 -11.6411 1.1705
v  3.4877 -11.4866 1.2263
v  3.5427 -11.5416 1.1705
v  3.4269 -11.2783 1.2927
v  3.5059 -11.3300 1.2673
v  3.4741 -11.1872 1.2927
v  3.5619 -11.2220 1.2673
v  3.5013 -11.0925 1.2927
v  3.5942 -11.1097 1.2673
v  3.5098 -11.0000 1.2927
v  3.6042 -11.0000 1.2673
v  3.5771 -11.3765 1.2263
v  3.6422 -11.4191 1.1705
v  3.6409 -11.2533 1.2263
v  3.7133 -11.2819 1.1705
v  3.6777 -11.1252 1.2263
v  3.7543 -11.1394 1.1705
v  3.6892 -11.0000 1.2263
v  3.7670 -11.0000 1.1705
v  3.5013 -10.9074 1.2927
v  3.5942 -10.8902 1.2673
v  3.4741 -10.8127 1.2927
v  3.5619 -10.7780 1.2673
v  3.4269 -10.7216 1.2927
v  3.5059 -10.6699 1.2673
v  3.3608 -10.6403 1.2927
v  3.4276 -10.5735 1.2673
v  3.6777 -10.8748 1.2263
v  3.7543 -10.8606 1.1705
v  3.6409 -10.7467 1.2263
v  3.7133 -10.7180 1.1705
v  3.5771 -10.6234 1.2263
v  3.6422 -10.5808 1.1705
v  3.4877 -10.5134 1.2263
v  3.5427 -10.4584 1.1705
v  3.2795 -10.5742 1.2927
v  3.3311 -10.4952 1.2673
v  3.1883 -10.5270 1.2927
v  3.2231 -10.4392 1.2673
v  3.0937 -10.4998 1.2927
v  3.1108 -10.4069 1.2673
v  3.3777 -10.4240 1.2263
v  3.4202 -10.3589 1.1705
v  3.2544 -10.3602 1.2263
v  3.2830 -10.2878 1.1705
v  3.1263 -10.3233 1.2263
v  3.1405 -10.2468 1.1705
v  3.0011 -11.0000 1.3034
v  -3.1501 -10.6180 1.3133
v  -3.2237 -10.6561 1.3133
v  -3.2894 -10.7095 1.3133
v  -3.3428 -10.7752 1.3133
v  -3.3809 -10.8488 1.3133
v  -3.4029 -10.9252 1.3133
v  -3.4098 -11.0000 1.3133
v  -3.4029 -11.0747 1.3133
v  -3.3809 -11.1512 1.3133
v  -3.3428 -11.2248 1.3133
v  -3.2894 -11.2905 1.3133
v  -3.2237 -11.3439 1.3133
v  -3.1501 -11.3820 1.3133
v  -3.0737 -11.4040 1.3133
v  -2.9989 -11.4108 1.3133
v  -2.9989 -11.8625 1.0897
v  -2.9989 -10.1374 1.0897
v  -2.9989 -10.5891 1.3133
v  -3.0737 -10.5960 1.3133
v  -2.9989 -10.3968 1.2773
v  -2.9989 -10.3118 1.2363
v  -2.9989 -10.2340 1.1805
v  -3.1559 -10.1518 1.0897
v  -3.3164 -10.1980 1.0897
v  -3.4709 -10.2780 1.0897
v  -3.6088 -10.3901 1.0897
v  -3.7209 -10.5280 1.0897
v  -3.8009 -10.6825 1.0897
v  -3.8471 -10.8430 1.0897
v  -3.8615 -11.0000 1.0897
v  -3.8471 -11.1569 1.0897
v  -3.8009 -11.3175 1.0897
v  -3.7209 -11.4720 1.0897
v  -3.6088 -11.6099 1.0897
v  -3.4709 -11.7219 1.0897
v  -3.3164 -11.8020 1.0897
v  -3.1559 -11.8481 1.0897
v  -2.9989 -11.6031 1.2773
v  -2.9989 -11.5087 1.3027
v  -3.0915 -10.4998 1.3027
v  -3.1087 -10.4069 1.2773
v  -3.1862 -10.5270 1.3027
v  -3.2209 -10.4392 1.2773
v  -3.2773 -10.5742 1.3027
v  -3.3290 -10.4952 1.2773
v  -3.3586 -10.6403 1.3027
v  -3.4254 -10.5735 1.2773
v  -3.1241 -10.3233 1.2363
v  -3.1383 -10.2468 1.1805
v  -3.2522 -10.3602 1.2363
v  -3.2809 -10.2878 1.1805
v  -3.3755 -10.4240 1.2363
v  -3.4180 -10.3589 1.1805
v  -3.4855 -10.5134 1.2363
v  -3.5405 -10.4584 1.1805
v  -3.4241 -10.7220 1.3026
v  -3.5030 -10.6704 1.2771
v  -3.4719 -10.8127 1.3027
v  -3.5597 -10.7780 1.2773
v  -3.4991 -10.9074 1.3027
v  -3.5920 -10.8902 1.2773
v  -3.5076 -11.0000 1.3027
v  -3.6021 -11.0000 1.2773
v  -3.5749 -10.6234 1.2363
v  -3.6400 -10.5808 1.1805
v  -3.6387 -10.7467 1.2363
v  -3.7111 -10.7180 1.1805
v  -3.6756 -10.8748 1.2363
v  -3.7521 -10.8606 1.1805
v  -3.6870 -11.0000 1.2363
v  -3.7649 -11.0000 1.1805
v  -3.4991 -11.0926 1.3027
v  -3.5920 -11.1097 1.2773
v  -3.4719 -11.1872 1.3027
v  -3.5597 -11.2220 1.2773
v  -3.4247 -11.2783 1.3027
v  -3.5037 -11.3300 1.2773
v  -3.3586 -11.3597 1.3027
v  -3.4254 -11.4265 1.2773
v  -3.6756 -11.1252 1.2363
v  -3.7521 -11.1394 1.1805
v  -3.6387 -11.2533 1.2363
v  -3.7111 -11.2819 1.1805
v  -3.5749 -11.3765 1.2363
v  -3.6400 -11.4191 1.1805
v  -3.4855 -11.4866 1.2363
v  -3.5405 -11.5416 1.1805
v  -3.2773 -11.4258 1.3027
v  -3.3290 -11.5048 1.2773
v  -3.1862 -11.4730 1.3027
v  -3.2209 -11.5608 1.2773
v  -3.0915 -11.5002 1.3027
v  -3.1087 -11.5931 1.2773
v  -3.3755 -11.5760 1.2363
v  -3.4180 -11.6411 1.1805
v  -3.2522 -11.6398 1.2363
v  -3.2809 -11.7122 1.1805
v  -3.1241 -11.6766 1.2363
v  -3.1383 -11.7531 1.1805
v  -2.9989 -10.4913 1.3027
v  -2.8420 -10.1518 1.0897
v  -2.6814 -10.1980 1.0897
v  -2.5269 -10.2780 1.0897
v  -2.3890 -10.3901 1.0897
v  -2.2770 -10.5280 1.0897
v  -2.1969 -10.6825 1.0897
v  -2.1508 -10.8430 1.0897
v  -2.1364 -11.0000 1.0897
v  -2.1508 -11.1569 1.0897
v  -2.1969 -11.3175 1.0897
v  -2.2770 -11.4720 1.0897
v  -2.3890 -11.6099 1.0897
v  -2.5269 -11.7219 1.0897
v  -2.6814 -11.8020 1.0897
v  -2.8420 -11.8481 1.0897
v  -2.9989 -11.7659 1.1805
v  -2.9989 -11.6881 1.2363
v  -2.9241 -11.4040 1.3133
v  -2.8477 -11.3820 1.3133
v  -2.7741 -11.3439 1.3133
v  -2.7084 -11.2905 1.3133
v  -2.6550 -11.2248 1.3133
v  -2.6169 -11.1512 1.3133
v  -2.5949 -11.0747 1.3133
v  -2.5881 -11.0000 1.3133
v  -2.5949 -10.9252 1.3133
v  -2.6169 -10.8488 1.3133
v  -2.6550 -10.7752 1.3133
v  -2.7084 -10.7095 1.3133
v  -2.7741 -10.6561 1.3133
v  -2.8477 -10.6180 1.3133
v  -2.9241 -10.5960 1.3133
v  -2.9063 -11.5002 1.3027
v  -2.8892 -11.5931 1.2773
v  -2.8117 -11.4730 1.3027
v  -2.7769 -11.5608 1.2773
v  -2.7205 -11.4258 1.3027
v  -2.6689 -11.5048 1.2773
v  -2.6392 -11.3597 1.3027
v  -2.5724 -11.4265 1.2773
v  -2.8737 -11.6766 1.2363
v  -2.8595 -11.7531 1.1805
v  -2.7456 -11.6398 1.2363
v  -2.7170 -11.7122 1.1805
v  -2.6223 -11.5760 1.2363
v  -2.5798 -11.6411 1.1805
v  -2.5123 -11.4866 1.2363
v  -2.4573 -11.5416 1.1805
v  -2.5731 -11.2783 1.3027
v  -2.4941 -11.3300 1.2773
v  -2.5259 -11.1872 1.3027
v  -2.4381 -11.2220 1.2773
v  -2.4987 -11.0926 1.3027
v  -2.4058 -11.1097 1.2773
v  -2.4902 -11.0000 1.3027
v  -2.3958 -11.0000 1.2773
v  -2.4229 -11.3765 1.2363
v  -2.3578 -11.4191 1.1805
v  -2.3591 -11.2533 1.2363
v  -2.2867 -11.2819 1.1805
v  -2.3223 -11.1252 1.2363
v  -2.2457 -11.1394 1.1805
v  -2.3108 -11.0000 1.2363
v  -2.2330 -11.0000 1.1805
v  -2.4987 -10.9074 1.3027
v  -2.4058 -10.8902 1.2773
v  -2.5259 -10.8127 1.3027
v  -2.4381 -10.7780 1.2773
v  -2.5731 -10.7216 1.3027
v  -2.4941 -10.6699 1.2773
v  -2.6392 -10.6403 1.3027
v  -2.5724 -10.5735 1.2773
v  -2.3223 -10.8748 1.2363
v  -2.2457 -10.8606 1.1805
v  -2.3591 -10.7467 1.2363
v  -2.2867 -10.7180 1.1805
v  -2.4229 -10.6234 1.2363
v  -2.3578 -10.5808 1.1805
v  -2.5123 -10.5134 1.2363
v  -2.4573 -10.4584 1.1805
v  -2.7205 -10.5742 1.3027
v  -2.6689 -10.4952 1.2773
v  -2.8117 -10.5270 1.3027
v  -2.7769 -10.4392 1.2773
v  -2.9063 -10.4998 1.3027
v  -2.8892 -10.4069 1.2773
v  -2.6223 -10.4240 1.2363
v  -2.5798 -10.3589 1.1805
v  -2.7456 -10.3602 1.2363
v  -2.7170 -10.2878 1.1805
v  -2.8737 -10.3233 1.2363
v  -2.8595 -10.2468 1.1805
v  -2.9989 -11.0000 1.3133
v  -4.1547 -5.0654 15.2930
v  -5.7785 -2.7594 15.3436
v  -5.6983 -2.8281 15.3115
v  -5.6805 -2.8433 15.2930
v  -6.0114 -3.8587 15.2934
v  -5.9607 -4.1386 15.2936
v  -5.8574 -4.3959 15.2937
v  -4.8303 -5.1294 15.2941
v  -4.1239 -5.1525 15.3400
v  -4.1469 -5.0876 15.3115
v  -3.0944 -4.7904 15.3403
v  -3.1258 -4.7017 15.2930
v  -4.1359 -5.1187 15.3291
v  -3.1165 -4.7279 15.3144
v  -4.1117 -5.1871 15.3436
v  -3.0454 -4.6728 15.2947
v  -2.9968 -4.7904 15.3436
v  -3.0828 -4.8233 15.3436
v  -3.0099 -4.7586 15.3404
v  -3.0228 -4.7274 15.3309
v  -3.1059 -4.7580 15.3305
v  -3.0348 -4.6983 15.3154
v  -2.7095 -4.6685 15.3434
v  -2.2336 -4.1198 15.3353
v  -2.4850 -4.5736 15.3434
v  -2.7416 -4.5745 15.3132
v  -2.1423 -4.2310 15.3422
v  -2.1570 -4.2388 15.3396
v  -2.1412 -4.2830 15.3408
v  -2.1291 -4.2789 15.3425
v  -2.1346 -4.3128 15.3415
v  -2.1227 -4.3103 15.3429
v  -2.1320 -4.3425 15.3422
v  -2.1181 -4.3416 15.3433
v  -2.1330 -4.3645 15.3427
v  -2.1161 -4.3723 15.3436
v  -2.1226 -4.3873 15.3436
v  -2.1391 -4.4083 15.3436
v  -2.1655 -4.4031 15.3425
v  -2.1286 -4.3970 15.3436
v  -2.3067 -4.4957 15.3435
v  -2.2052 -4.4471 15.3436
v  -2.1753 -4.4317 15.3436
v  -2.1565 -4.4205 15.3436
v  -2.2538 -4.0904 15.3353
v  -4.0621 -1.3587 15.3436
v  -4.0793 -1.3705 15.3423
v  -4.9583 -1.9084 15.3309
v  -4.1555 -1.2545 15.3436
v  -4.3522 -1.2320 15.3422
v  -4.1457 -1.3294 15.3375
v  -4.9354 -1.9300 15.3154
v  -4.1852 -1.2324 15.3436
v  -4.2083 -1.2602 15.3401
v  -4.2266 -1.2095 15.3435
v  -4.2637 -1.1955 15.3436
v  -4.2338 -1.2402 15.3410
v  -4.2665 -1.2211 15.3419
v  -4.2928 -1.1905 15.3436
v  -4.3135 -1.1901 15.3436
v  -4.3144 -1.2059 15.3429
v  -4.3303 -1.1930 15.3436
v  -4.5250 -1.3649 15.3435
v  -4.3404 -1.1969 15.3436
v  -4.3295 -1.2054 15.3432
v  -4.3340 -1.2071 15.3432
v  -4.3518 -1.2038 15.3436
v  -4.3410 -1.2146 15.3430
v  -4.3684 -1.2162 15.3436
v  -4.4096 -1.2519 15.3436
v  -4.1118 -1.2959 15.3436
v  -4.9154 -1.9490 15.2947
v  -5.0077 -1.8615 15.3436
v  -5.0167 -1.9749 15.3305
v  -4.9828 -1.8851 15.3404
v  -4.9924 -1.9956 15.3144
v  -4.9434 -1.9813 15.2934
v  -5.0694 -1.9299 15.3436
v  -5.7234 -2.8066 15.3292
v  -5.0428 -1.9526 15.3403
v  -5.7507 -2.7833 15.3400
v  -4.5841 -2.3447 15.0936
v  -4.6924 -2.2527 15.1075
v  -4.3246 -4.5853 15.0936
v  -5.1856 -4.4289 15.0936
v  -5.2636 -4.3588 15.0936
v  -5.5004 -3.8519 15.0936
v  -5.5046 -3.7032 15.0936
v  -5.4408 -3.4186 15.0936
v  -5.3757 -3.2911 15.0936
v  -5.2933 -3.1743 15.0936
v  -5.4115 -3.0805 15.1133
v  -5.5126 -2.9928 15.1505
v  -5.6012 -2.9139 15.2114
v  -5.8322 -3.0648 15.2912
v  -5.9428 -3.3103 15.2925
v  -6.0037 -3.5714 15.2930
v  -5.7045 -4.6278 15.2930
v  -5.5268 -4.8103 15.2930
v  -5.3167 -4.9597 15.2938
v  -5.0824 -5.0669 15.2938
v  -4.5811 -5.1440 15.2939
v  -4.3640 -5.1204 15.2921
v  -4.3776 -5.0298 15.2205
v  -4.4004 -4.9094 15.1545
v  -4.4281 -4.7799 15.1120
v  -4.5930 -4.7857 15.1096
v  -4.7774 -4.7670 15.1079
v  -4.9598 -4.7185 15.1071
v  -5.1312 -4.6391 15.1069
v  -5.2855 -4.5302 15.1068
v  -5.4146 -4.3932 15.1061
v  -5.5382 -4.2101 15.1083
v  -5.6077 -4.0292 15.1082
v  -5.6415 -3.8448 15.1080
v  -5.6339 -3.6191 15.1061
v  -5.5884 -3.3918 15.1087
v  -5.5182 -3.2192 15.1111
v  -5.6375 -3.1610 15.1524
v  -5.7480 -3.1072 15.2175
v  -5.8434 -3.3436 15.2119
v  -5.8938 -3.5857 15.2088
v  -5.8999 -3.8478 15.2085
v  -5.8539 -4.1064 15.2090
v  -5.7579 -4.3461 15.2091
v  -5.6182 -4.5583 15.2089
v  -5.4548 -4.7261 15.2089
v  -5.2608 -4.8636 15.2091
v  -5.0448 -4.9625 15.2093
v  -4.8114 -5.0223 15.2107
v  -4.5804 -5.0417 15.2144
v  -4.5846 -4.9183 15.1500
v  -4.7935 -4.8995 15.1469
v  -5.0031 -4.8452 15.1457
v  -5.1977 -4.7558 15.1456
v  -5.3745 -4.6306 15.1454
v  -5.5226 -4.4808 15.1460
v  -5.6505 -4.2833 15.1458
v  -5.7358 -4.0681 15.1458
v  -5.7755 -3.8432 15.1453
v  -5.7717 -3.6014 15.1460
v  -5.7213 -3.3695 15.1477
v  -4.2688 -4.7488 15.1157
v  -3.2479 -4.3563 15.1083
v  -4.2241 -4.8727 15.1592
v  -3.2044 -4.4793 15.1452
v  -4.1824 -4.9866 15.2271
v  -3.1625 -4.5980 15.2087
v  -3.1762 -4.1509 15.1038
v  -3.0856 -4.6873 15.2934
v  -3.0351 -4.5418 15.2109
v  -3.0295 -4.2364 15.1345
v  -3.0335 -4.3937 15.1541
v  -3.1015 -4.5737 15.2101
v  -2.1959 -4.1690 15.3373
v  -2.4023 -4.0855 15.2988
v  -2.8429 -4.0704 15.1907
v  -2.5152 -4.5005 15.3255
v  -2.3212 -4.4422 15.3354
v  -2.2639 -4.4267 15.3382
v  -2.1455 -4.3976 15.3432
v  -2.1394 -4.3906 15.3431
v  -2.1364 -4.3823 15.3430
v  -2.1860 -4.4075 15.3417
v  -2.3706 -4.2281 15.2980
v  -2.3446 -4.3242 15.3081
v  -2.5739 -4.2696 15.2545
v  -2.5503 -4.3938 15.2803
v  -3.0568 -4.0849 15.1344
v  -2.1805 -4.1507 15.3433
v  -4.1691 -1.6769 15.2704
v  -2.2035 -4.0973 15.3435
v  -2.2329 -4.0599 15.3424
v  -2.5846 -4.0711 15.2555
v  -4.2456 -1.8923 15.2140
v  -4.1795 -1.2882 15.3390
v  -4.1078 -1.3901 15.3353
v  -4.5242 -2.0932 15.1309
v  -4.6519 -2.0378 15.1544
v  -4.7140 -1.7014 15.3138
v  -4.4848 -1.4150 15.3316
v  -4.2935 -1.2102 15.3425
v  -4.3831 -1.2778 15.3399
v  -4.3058 -1.3811 15.3146
v  -4.2603 -1.5759 15.2748
v  -4.3946 -1.4893 15.2958
v  -4.3709 -2.1709 15.1344
v  -4.8914 -2.0819 15.2121
v  -4.9712 -2.0137 15.2930
v  -4.7903 -1.9862 15.2113
v  -4.7887 -2.1701 15.1441
v  -4.6098 -2.1769 15.1128
v  -4.8432 -2.0339 15.2115
v  -4.7255 -2.1078 15.1456
v  -4.4754 -2.2587 15.1038
v  -4.5180 -4.3006 15.0936
v  -4.4637 -4.6200 15.0936
v  -4.6059 -4.6350 15.0936
v  -4.7218 -4.3006 15.0936
v  -4.7627 -4.6235 15.0936
v  -4.8260 -4.2707 15.0936
v  -4.9166 -4.5829 15.0936
v  -4.9263 -4.2187 15.0936
v  -5.0636 -4.5134 15.0936
v  -3.2956 -4.2215 15.0936
v  -5.0886 -4.0564 15.0936
v  -5.3503 -4.2515 15.0936
v  -5.1406 -3.9561 15.0936
v  -5.4218 -4.1284 15.0936
v  -5.4719 -3.9954 15.0936
v  -5.1799 -3.7500 15.0936
v  -5.1706 -3.6481 15.0936
v  -5.4841 -3.5548 15.0936
v  -5.1406 -3.5439 15.0936
v  -5.0886 -3.4435 15.0936
v  -5.0159 -3.3540 15.0936
v  -4.8260 -3.2293 15.0936
v  -4.7218 -3.1993 15.0936
v  -4.6199 -3.1900 15.0936
v  -4.0599 -3.7500 15.0936
v  -4.3135 -3.2813 15.0936
v  -4.0693 -3.6481 15.0936
v  -4.0992 -3.5439 15.0936
v  -4.7218 -4.3006 15.5336
v  -4.6199 -4.3100 15.5336
v  -4.6199 -3.1900 15.5336
v  -4.7218 -3.1993 15.5336
v  -4.8260 -3.2293 15.5336
v  -4.9263 -3.2813 15.0936
v  -4.9263 -3.2813 15.5336
v  -5.0159 -3.3540 15.5336
v  -5.0886 -3.4435 15.5336
v  -5.1406 -3.5439 15.5336
v  -5.1706 -3.6481 15.5336
v  -5.1706 -3.8519 15.0936
v  -5.1799 -3.7500 15.5336
v  -5.1706 -3.8519 15.5336
v  -5.1406 -3.9561 15.5336
v  -5.0159 -4.1460 15.0936
v  -5.0886 -4.0564 15.5336
v  -5.0159 -4.1460 15.5336
v  -4.9263 -4.2187 15.5336
v  -4.8260 -4.2707 15.5336
v  -4.6199 -4.3100 15.0936
v  -4.5180 -3.1993 15.5336
v  -4.5180 -3.1993 15.0936
v  -4.4138 -3.2293 15.5336
v  -4.4138 -3.2293 15.0936
v  -4.3135 -3.2813 15.5336
v  -4.2239 -3.3540 15.5336
v  -4.2239 -3.3540 15.0936
v  -4.1512 -3.4435 15.5336
v  -4.1512 -3.4435 15.0936
v  -4.0992 -3.5439 15.5336
v  -4.0693 -3.6481 15.5336
v  -4.0599 -3.7500 15.5336
v  -4.0693 -3.8519 15.5336
v  -4.0693 -3.8519 15.0936
v  -4.0992 -3.9561 15.5336
v  -4.0992 -3.9561 15.0936
v  -4.1512 -4.0564 15.5336
v  -4.1512 -4.0564 15.0936
v  -4.2239 -4.1460 15.5336
v  -4.2239 -4.1460 15.0936
v  -4.3135 -4.2187 15.5336
v  -4.3135 -4.2187 15.0936
v  -4.4138 -4.2707 15.5336
v  -4.4138 -4.2707 15.0936
v  -4.5180 -4.3006 15.5336
v  -2.2172 -4.4147 15.3404
v  -2.2506 -4.4696 15.3436
v  -2.8043 -4.1931 15.1922
v  -2.7858 -4.3217 15.2067
v  -2.7660 -4.4597 15.2494
v  -3.1190 -4.4355 15.1460
v  -3.1360 -4.2913 15.1142
v  -2.5720 -4.1674 15.2521
v  -2.3859 -4.1586 15.2944
v  -4.3065 -2.0341 15.1742
v  -4.4054 -1.9488 15.1758
v  -4.5094 -1.8715 15.1959
v  -4.6242 -1.7767 15.2494
v  -3.0398 -4.8068 15.3436
v  -3.0521 -4.7744 15.3404
v  -3.0643 -4.7427 15.3307
v  -3.0757 -4.7131 15.3149
v  -4.3401 -5.2485 15.3434
v  -4.3470 -5.2085 15.3393
v  -4.3535 -5.1738 15.3281
v  -4.3595 -5.1416 15.3101
v  -4.5779 -5.2334 15.3394
v  -4.5766 -5.2738 15.3434
v  -4.5791 -5.1984 15.3285
v  -4.5800 -5.1653 15.3105
v  -4.8437 -5.2167 15.3392
v  -4.8515 -5.2571 15.3443
v  -4.8384 -5.1824 15.3283
v  -4.8332 -5.1498 15.3102
v  -5.1117 -5.1495 15.3389
v  -5.1255 -5.1879 15.3438
v  -5.1001 -5.1170 15.3277
v  -5.0892 -5.0862 15.3096
v  -5.3609 -5.0357 15.3393
v  -5.3813 -5.0715 15.3438
v  -5.3434 -5.0057 15.3284
v  -5.3268 -4.9771 15.3104
v  -5.5844 -4.8771 15.3393
v  -5.6111 -4.9076 15.3438
v  -5.5617 -4.8508 15.3285
v  -5.5402 -4.8258 15.3105
v  -5.7749 -4.6834 15.3397
v  -5.8053 -4.7083 15.3436
v  -5.7475 -4.6618 15.3291
v  -5.7213 -4.6412 15.3112
v  -5.9378 -4.4377 15.3400
v  -5.9712 -4.4551 15.3436
v  -5.9066 -4.4216 15.3296
v  -5.8767 -4.4062 15.3118
v  -6.0837 -4.1749 15.3436
v  -6.0466 -4.1641 15.3397
v  -6.0131 -4.1543 15.3291
v  -5.9811 -4.1449 15.3112
v  -6.0993 -3.8649 15.3392
v  -6.1389 -3.8687 15.3436
v  -6.0648 -3.8626 15.3282
v  -6.0320 -3.8603 15.3102
v  -6.0901 -3.5593 15.3387
v  -6.1314 -3.5535 15.3436
v  -6.0560 -3.5641 15.3274
v  -6.0239 -3.5686 15.3093
v  -6.0256 -3.2815 15.3387
v  -6.0657 -3.2677 15.3432
v  -5.9929 -3.2927 15.3273
v  -5.9622 -3.3032 15.3091
v  -5.9088 -3.0203 15.3387
v  -5.9464 -2.9987 15.3433
v  -5.8785 -3.0377 15.3272
v  -5.8504 -3.0538 15.3089
v  -5.0385 -1.8957 15.3436
v  -5.0128 -1.9189 15.3404
v  -4.9875 -1.9416 15.3307
v  -4.9639 -1.9628 15.3149
v  -4.7936 -1.6412 15.3433
v  -4.5983 -1.5590 15.3228
v  -4.3025 -1.8250 15.2174
v  -4.3879 -1.7275 15.2334
v  -4.5060 -1.6275 15.2731
v  -4.6599 -1.5025 15.3432
v  -4.4980 -1.3986 15.3373
v  -4.1232 -1.3072 15.3429
v  -4.1345 -1.3184 15.3408
v  -4.1715 -1.2770 15.3416
v  -4.1636 -1.2658 15.3429
v  -4.2006 -1.2510 15.3420
v  -4.1929 -1.2417 15.3431
v  -4.2314 -1.2300 15.3424
v  -4.2290 -1.2198 15.3432
v  -4.2656 -1.2126 15.3427
v  -4.2646 -1.2041 15.3433
v  -4.2933 -1.2036 15.3430
v  -4.2930 -1.1971 15.3434
v  -4.3141 -1.2007 15.3431
v  -4.3138 -1.1954 15.3433
v  -4.3298 -1.2013 15.3434
v  -4.3300 -1.1971 15.3435
v  -4.3361 -1.2037 15.3433
v  -4.3382 -1.2003 15.3434
v  -4.3446 -1.2110 15.3432
v  -4.3482 -1.2074 15.3434
v  -4.3576 -1.2267 15.3427
v  -4.3630 -1.2214 15.3431
v  -4.3919 -1.2692 15.3413
v  -4.4007 -1.2606 15.3425
v  -4.5113 -1.3820 15.3420
v  -4.7392 -1.6826 15.3288
v  -4.7660 -1.6622 15.3391
v  -4.6182 -1.5408 15.3327
v  -4.6378 -1.5229 15.3405
v  -2.1472 -4.2336 15.3413
v  -2.1521 -4.2362 15.3404
v  -2.1331 -4.2802 15.3419
v  -2.1371 -4.2816 15.3414
v  -2.1267 -4.3111 15.3424
v  -2.1306 -4.3120 15.3419
v  -2.1227 -4.3419 15.3430
v  -2.1274 -4.3422 15.3426
v  -2.1217 -4.3697 15.3433
v  -2.1274 -4.3671 15.3430
v  -2.1272 -4.3856 15.3434
v  -2.1318 -4.3840 15.3432
v  -2.1322 -4.3949 15.3434
v  -2.1358 -4.3928 15.3433
v  -2.5055 -4.5242 15.3346
v  -2.4952 -4.5490 15.3384
v  -2.1595 -4.4147 15.3432
v  -2.1625 -4.4089 15.3428
v  -2.1434 -4.4012 15.3433
v  -2.1412 -4.4047 15.3434
v  -2.1856 -4.1568 15.3410
v  -2.1907 -4.1629 15.3390
v  -2.2233 -4.1147 15.3388
v  -2.2144 -4.1070 15.3424
v  -2.1789 -4.4236 15.3429
v  -2.1825 -4.4156 15.3422
v  -2.2132 -4.4255 15.3416
v  -2.2092 -4.4363 15.3426
v  -2.2595 -4.4409 15.3409
v  -2.2551 -4.4552 15.3427
v  -2.3116 -4.4777 15.3420
v  -2.3165 -4.4598 15.3399
v  -2.7206 -4.6361 15.3371
v  -2.7315 -4.6044 15.3274
v  -4.5180 -4.3006 15.1036
v  -4.6199 -4.3100 15.1036
v  -4.7218 -4.3006 15.1036
v  -4.8260 -4.2707 15.1036
v  -4.9263 -4.2187 15.1036
v  -5.0159 -4.1460 15.1036
v  -5.0886 -4.0564 15.1036
v  -5.1406 -3.9561 15.1036
v  -5.1706 -3.8519 15.1036
v  -5.1799 -3.7500 15.1036
v  -5.1706 -3.6481 15.1036
v  -5.1406 -3.5439 15.1036
v  -5.0886 -3.4435 15.1036
v  -5.0159 -3.3540 15.1036
v  -4.9263 -3.2813 15.1036
v  -4.8260 -3.2293 15.1036
v  -4.7218 -3.1993 15.1036
v  -4.6199 -3.1900 15.1036
v  -4.5180 -3.1993 15.1036
v  -4.4138 -3.2293 15.1036
v  -4.3135 -3.2813 15.1036
v  -4.2239 -3.3540 15.1036
v  -4.1512 -3.4435 15.1036
v  -4.0992 -3.5439 15.1036
v  -4.0693 -3.6481 15.1036
v  -4.0599 -3.7500 15.1036
v  -4.0693 -3.8519 15.1036
v  -4.0992 -3.9561 15.1036
v  -4.1512 -4.0564 15.1036
v  -4.2239 -4.1460 15.1036
v  -4.3135 -4.2187 15.1036
v  -4.4138 -4.2707 15.1036
v  -4.6199 -4.3200 15.0936
v  -4.5161 -4.3105 15.0936
v  -4.4101 -4.2800 15.0936
v  -4.3080 -4.2271 15.0936
v  -4.2168 -4.1531 15.0936
v  -4.1428 -4.0619 15.0936
v  -4.0899 -3.9598 15.0936
v  -4.0594 -3.8537 15.0936
v  -4.0499 -3.7500 15.0936
v  -4.0594 -3.6462 15.0936
v  -4.0899 -3.5401 15.0936
v  -4.1428 -3.4380 15.0936
v  -4.2168 -3.3469 15.0936
v  -4.3080 -3.2729 15.0936
v  -4.4101 -3.2200 15.0936
v  -4.5161 -3.1895 15.0936
v  -4.6199 -3.1799 15.0936
v  -4.7237 -3.1895 15.0936
v  -4.8298 -3.2200 15.0936
v  -4.9318 -3.2729 15.0936
v  -5.0230 -3.3469 15.0936
v  -5.0970 -3.4380 15.0936
v  -5.1499 -3.5401 15.0936
v  -5.1804 -3.6462 15.0936
v  -5.1899 -3.7500 15.0936
v  -5.1804 -3.8537 15.0936
v  -5.1499 -3.9598 15.0936
v  -5.0970 -4.0619 15.0936
v  -5.0230 -4.1531 15.0936
v  -4.9318 -4.2271 15.0936
v  -4.8298 -4.2800 15.0936
v  -4.7237 -4.3105 15.0936
v  -2.2220 -4.0388 15.3436
v  -4.0933 -1.3802 15.3396
v  -2.2417 -4.0782 15.3399
v  -5.8344 -2.7413 15.3990
v  -4.1175 -5.2418 15.3990
v  -2.9692 -4.8331 15.3990
v  -3.0577 -4.8671 15.3990
v  -2.6732 -4.7076 15.3988
v  -2.4420 -4.6098 15.3988
v  -2.0890 -4.2570 15.3976
v  -2.0754 -4.3063 15.3979
v  -2.0689 -4.3387 15.3983
v  -2.0641 -4.3710 15.3987
v  -2.0621 -4.4025 15.3990
v  -2.0688 -4.4180 15.3990
v  -2.0857 -4.4396 15.3990
v  -2.0750 -4.4280 15.3990
v  -2.2584 -4.5296 15.3989
v  -2.1538 -4.4795 15.3990
v  -2.1231 -4.4637 15.3990
v  -2.1037 -4.4522 15.3990
v  -4.0664 -1.2986 15.3990
v  -4.1627 -1.1912 15.3990
v  -4.1932 -1.1684 15.3990
v  -4.2358 -1.1448 15.3990
v  -4.2741 -1.1305 15.3990
v  -4.3041 -1.1253 15.3990
v  -4.3253 -1.1249 15.3990
v  -4.3427 -1.1279 15.3990
v  -4.5433 -1.3049 15.3989
v  -4.3530 -1.1319 15.3990
v  -4.3649 -1.1390 15.3990
v  -4.3819 -1.1517 15.3990
v  -4.4244 -1.1886 15.3990
v  -4.1176 -1.2339 15.3990
v  -5.0404 -1.8164 15.3990
v  -5.1039 -1.8869 15.3990
v  -2.1284 -4.1743 15.3987
v  -2.1521 -4.1193 15.3989
v  -2.2005 -4.5028 15.3990
v  -3.0134 -4.8501 15.3990
v  -4.3528 -5.3050 15.3988
v  -4.5964 -5.3311 15.3988
v  -4.8795 -5.3139 15.3997
v  -5.1617 -5.2426 15.3992
v  -5.4253 -5.1227 15.3992
v  -5.6619 -4.9539 15.3992
v  -5.8619 -4.7486 15.3990
v  -6.0328 -4.4878 15.3990
v  -6.1486 -4.1992 15.3990
v  -6.2055 -3.8839 15.3990
v  -6.1979 -3.5592 15.3990
v  -6.1302 -3.2648 15.3987
v  -6.0072 -2.9878 15.3987
v  -5.0722 -1.8516 15.3990
v  -4.8199 -1.5895 15.3987
v  -4.6822 -1.4466 15.3986
v  -2.1711 -4.0591 15.3990
v  6.6154 -9.5125 18.7821
v  6.6138 -9.5107 18.7776
v  6.6197 -9.5101 18.7816
v  6.5736 -9.4323 18.8070
v  6.5780 -9.4299 18.8065
v  6.5729 -9.4323 18.8019
v  6.5269 -9.3519 18.7957
v  6.5313 -9.3494 18.7951
v  6.5272 -9.3535 18.7909
v  6.4824 -9.2833 18.7499
v  6.4867 -9.2809 18.7494
v  6.4836 -9.2864 18.7461
v  6.4467 -9.2371 18.6766
v  6.4510 -9.2347 18.6761
v  6.4487 -9.2412 18.6743
v  6.6603 -9.6250 18.6439
v  6.6577 -9.6209 18.6423
v  6.6646 -9.6226 18.6433
v  6.6458 -9.5802 18.7249
v  6.6501 -9.5778 18.7244
v  6.6436 -9.5770 18.7216
v  6.6565 -9.6402 18.5514
v  6.6540 -9.6357 18.5518
v  6.6608 -9.6377 18.5508
v  6.6351 -9.6232 18.4616
v  6.6331 -9.6191 18.4639
v  6.6395 -9.6208 18.4611
v  6.5995 -9.5770 18.3883
v  6.5982 -9.5739 18.3922
v  6.6038 -9.5746 18.3878
v  6.5549 -9.5085 18.3425
v  6.5546 -9.5069 18.3473
v  6.5593 -9.5061 18.3419
v  6.5082 -9.4281 18.3310
v  6.5089 -9.4281 18.3360
v  6.5126 -9.4257 18.3305
v  6.4216 -9.2354 18.4943
v  6.4241 -9.2395 18.4959
v  6.4260 -9.2330 18.4938
v  6.4360 -9.2802 18.4132
v  6.4404 -9.2778 18.4126
v  6.4382 -9.2834 18.4165
v  6.4254 -9.2203 18.5869
v  6.4278 -9.2247 18.5865
v  6.4297 -9.2179 18.5863
v  6.4664 -9.3478 18.3558
v  6.4680 -9.3495 18.3604
v  6.4707 -9.3454 18.3553
v  -6.8057 -9.8565 17.5296
v  -6.7767 -9.8185 17.4475
v  -6.7382 -9.7900 17.2648
v  -6.6959 -9.7970 16.8988
v  -6.8012 -10.0692 16.6521
v  -6.9183 -10.3259 16.6523
v  -7.0298 -10.5974 16.6535
v  -7.1411 -10.8629 16.9418
v  -6.7538 -9.7961 17.3582
v  -7.1527 -10.8578 17.2573
v  -7.1528 -10.8473 17.3535
v  -7.1474 -10.8189 17.4458
v  -7.1369 -10.7736 17.5305
v  -7.1219 -10.7132 17.6044
v  -7.1033 -10.6398 17.6646
v  -7.0817 -10.5566 17.7087
v  -7.0572 -10.4668 17.7352
v  -7.0300 -10.3741 17.7433
v  -6.9806 -10.2233 17.7417
v  -6.9478 -10.1344 17.7318
v  -6.9122 -10.0504 17.7044
v  -6.8754 -9.9743 17.6604
v  -6.8392 -9.9090 17.6015
v  -6.8507 -10.0543 17.1862
v  -6.8231 -10.0626 16.8830
v  -6.9377 -10.3261 16.8526
v  -7.0450 -10.6015 16.8209
v  -7.0666 -10.6075 17.1259
v  -6.9648 -10.3317 17.1565
v  -6.7788 -9.8416 17.5419
v  -6.7484 -9.8017 17.4559
v  -6.7081 -9.7719 17.2643
v  -6.6637 -9.7792 16.8806
v  -6.7741 -10.0645 16.6329
v  -6.8968 -10.3337 16.6331
v  -7.0137 -10.6183 16.6343
v  -7.1304 -10.8967 16.9256
v  -6.7244 -9.7783 17.3622
v  -7.1426 -10.8913 17.2564
v  -7.1427 -10.8803 17.3573
v  -7.1370 -10.8506 17.4540
v  -7.1260 -10.8031 17.5429
v  -7.1103 -10.7397 17.6204
v  -7.0908 -10.6628 17.6834
v  -7.0681 -10.5755 17.7296
v  -7.0425 -10.4814 17.7574
v  -7.0139 -10.3843 17.7660
v  -6.9622 -10.2261 17.7642
v  -6.9277 -10.1329 17.7539
v  -6.8905 -10.0448 17.7252
v  -6.8519 -9.9651 17.6791
v  -6.8140 -9.8966 17.6172
v  -6.7929 -9.8447 17.5391
v  -6.7627 -9.8050 17.4543
v  -6.7226 -9.7750 17.2649
v  -6.6786 -9.7816 16.8876
v  -6.7931 -10.0624 16.6361
v  -6.9136 -10.3265 16.6366
v  -7.0284 -10.6058 16.6376
v  -7.1394 -10.8848 16.9330
v  -6.7389 -9.7816 17.3618
v  -7.1512 -10.8792 17.2577
v  -7.1512 -10.8680 17.3574
v  -7.1455 -10.8382 17.4528
v  -7.1345 -10.7911 17.5403
v  -7.1190 -10.7284 17.6164
v  -7.1001 -10.6537 17.6778
v  -7.0777 -10.5676 17.7234
v  -7.0524 -10.4748 17.7507
v  -7.0243 -10.3790 17.7591
v  -6.9738 -10.2243 17.7572
v  -6.9399 -10.1325 17.7473
v  -6.9031 -10.0456 17.7192
v  -6.8651 -9.9669 17.6740
v  -6.8276 -9.8992 17.6132
v  -6.4958 -9.9479 17.5419
v  -6.4654 -9.9080 17.4559
v  -6.4251 -9.8782 17.2643
v  -6.3807 -9.8855 16.8806
v  -6.4911 -10.1708 16.6329
v  -6.6138 -10.4399 16.6331
v  -6.7307 -10.7246 16.6343
v  -6.8474 -11.0030 16.9256
v  -6.4414 -9.8845 17.3622
v  -6.8596 -10.9976 17.2564
v  -6.8597 -10.9866 17.3573
v  -6.8541 -10.9568 17.4540
v  -6.8430 -10.9093 17.5429
v  -6.8274 -10.8459 17.6204
v  -6.8078 -10.7691 17.6834
v  -6.7851 -10.6818 17.7296
v  -6.7595 -10.5876 17.7574
v  -6.7309 -10.4905 17.7660
v  -6.6792 -10.3324 17.7642
v  -6.6448 -10.2392 17.7539
v  -6.6075 -10.1511 17.7252
v  -6.5689 -10.0714 17.6791
v  -6.5310 -10.0029 17.6172
v  -6.6720 -9.8105 16.6633
v  -6.6560 -9.7894 16.6432
v  -6.6639 -9.8062 16.6369
v  -6.6550 -9.7836 16.6619
v  -7.1249 -10.8587 16.6658
v  -7.1287 -10.8822 16.6458
v  -7.1314 -10.8879 16.6646
v  -7.1222 -10.8646 16.6394
v  -6.6360 -9.7893 16.6400
v  -6.6438 -9.8061 16.6337
v  -6.6353 -9.7834 16.6586
v  -7.1149 -10.8967 16.6426
v  -7.1178 -10.9022 16.6614
v  -7.1082 -10.8792 16.6362
v  -6.3530 -9.8955 16.6400
v  -6.3523 -9.8897 16.6586
v  -6.3608 -9.9124 16.6337
v  -6.8319 -11.0029 16.6426
v  -6.8252 -10.9854 16.6362
v  -6.8348 -11.0085 16.6614
v  -6.7790 -9.8243 17.4448
v  -6.7564 -9.8022 17.3567
v  -6.7410 -9.7962 17.2643
v  -6.6988 -9.8031 16.8987
v  -6.6755 -9.8163 16.6698
v  -6.8018 -10.0690 16.6588
v  -6.9188 -10.3257 16.6591
v  -7.0301 -10.5971 16.6602
v  -7.1231 -10.8523 16.6722
v  -7.1389 -10.8565 16.9419
v  -7.1506 -10.8514 17.2569
v  -7.1507 -10.8410 17.3521
v  -7.1454 -10.8130 17.4431
v  -7.1351 -10.7683 17.5267
v  -7.1203 -10.7087 17.5996
v  -7.1018 -10.6364 17.6589
v  -7.0804 -10.5543 17.7024
v  -7.0563 -10.4657 17.7285
v  -7.0293 -10.3741 17.7366
v  -6.9801 -10.2239 17.7349
v  -6.9475 -10.1359 17.7252
v  -6.9125 -10.0530 17.6982
v  -6.8763 -9.9780 17.6548
v  -6.8407 -9.9136 17.5966
v  -6.8076 -9.8618 17.5258
v  -0.9171 -26.9594 16.8926
v  -0.9249 -27.0098 17.0730
v  0.0011 -27.0776 17.0729
v  -1.6916 -26.7471 16.8925
v  -1.7061 -26.7973 17.0729
v  -2.4632 -26.3940 16.8924
v  -2.4925 -26.4379 17.0726
v  -3.0995 -25.9880 16.8921
v  -3.1313 -26.0311 17.0727
v  -3.7190 -25.4739 16.8917
v  -3.7556 -25.5131 17.0733
v  -4.8572 -24.1063 16.8904
v  -4.9011 -24.1354 17.0705
v  -5.2769 -23.4089 16.8906
v  -5.3189 -23.4352 17.0722
v  -5.6523 -22.6648 16.8925
v  -5.6915 -22.6834 17.0768
v  -6.0039 -21.8286 16.9030
v  -6.0406 -21.8486 17.0946
v  -6.3133 -20.9432 16.9376
v  -6.3531 -20.9670 17.1180
v  -6.5512 -20.1252 16.9946
v  -6.5948 -20.1537 17.1753
v  -6.7586 -19.2794 17.0802
v  -6.8026 -19.3116 17.2617
v  -6.9424 -18.3598 17.2034
v  -6.9832 -18.3988 17.3865
v  -7.0871 -17.4057 17.3637
v  -7.1256 -17.4467 17.5466
v  -7.1780 -16.3923 17.5749
v  -7.2148 -16.4357 17.7544
v  -7.2456 -15.2771 17.8587
v  -7.2781 -15.3370 18.0375
v  -7.2812 -14.3755 18.1324
v  -7.3130 -14.4347 18.3113
v  -7.2792 -13.4915 18.4238
v  -7.3176 -13.5478 18.6013
v  -7.1736 -12.2480 18.8431
v  -7.2108 -12.3074 19.0184
v  -7.0182 -11.4051 19.1335
v  -7.0551 -11.4592 19.3119
v  -6.9335 -11.0583 19.2544
v  -6.9670 -11.1120 19.4325
v  -6.8174 -10.6798 19.4385
v  -6.8597 -10.7859 19.5865
v  -6.7548 -10.5437 19.5700
v  -6.8065 -10.6760 19.6890
v  -6.6385 -10.4175 19.8920
v  -6.7112 -10.5780 19.9300
v  -4.3340 -24.8183 16.8910
v  -4.3741 -24.8509 17.0724
v  -6.8783 -10.8467 19.3352
v  -6.9111 -10.9251 19.5045
v  -6.6911 -10.4476 19.7272
v  -6.7557 -10.6018 19.8017
v  -3.9015 -15.5372 17.3476
v  -4.0917 -16.1768 17.1805
v  -4.1876 -16.8709 17.0340
v  -4.1991 -17.4810 16.9355
v  -4.1503 -18.0897 16.8616
v  -3.9630 -19.3265 16.7666
v  -3.8396 -19.9322 16.7401
v  -3.6843 -20.5735 16.7213
v  -3.5088 -21.1796 16.7109
v  -3.2967 -21.7778 16.7070
v  -3.0281 -22.3986 16.7126
v  -2.7198 -22.9879 16.7227
v  -2.3648 -23.5535 16.7376
v  -1.9309 -24.1224 16.7545
v  -1.5200 -24.5580 16.7722
v  -1.0216 -24.9333 16.7902
v  -0.5251 -25.1352 16.8015
v  -3.6053 -14.9537 17.5231
v  -3.1602 -14.4652 17.6818
v  -2.5650 -14.0822 17.8100
v  -1.8488 -13.8170 17.8966
v  -1.0039 -13.6716 17.9441
v  -4.0671 -18.7116 16.8069
v  -3.9111 -15.5254 17.3209
v  -0.5275 -25.1474 16.7738
v  -1.0257 -24.9455 16.7635
v  -1.5257 -24.5693 16.7463
v  -1.9384 -24.1331 16.7278
v  -2.3728 -23.5633 16.7108
v  -2.7290 -22.9968 16.6958
v  -3.0372 -22.4076 16.6860
v  -3.3072 -21.7840 16.6809
v  -3.5197 -21.1846 16.6842
v  -3.6955 -20.5769 16.6938
v  -3.8518 -19.9327 16.7134
v  -3.9742 -19.3268 16.7402
v  -4.1629 -18.0877 16.8360
v  -4.2118 -17.4747 16.9096
v  -4.1993 -16.8627 17.0077
v  -4.1021 -16.1670 17.1539
v  -3.6140 -14.9383 17.4949
v  -3.1640 -14.4481 17.6529
v  -2.5665 -14.0652 17.7786
v  -1.8504 -13.8017 17.8672
v  -1.0040 -13.6548 17.9131
v  -4.0781 -18.7103 16.7814
v  -3.6350 -14.9164 17.4883
v  0.0011 -25.2379 16.7664
v  -3.9373 -15.5117 17.3117
v  -0.5341 -25.1749 16.7631
v  -1.0376 -24.9705 16.7529
v  -1.5415 -24.5913 16.7356
v  -1.9585 -24.1538 16.7175
v  -2.3928 -23.5809 16.6986
v  -2.7511 -23.0129 16.6838
v  -3.0595 -22.4227 16.6740
v  -3.3312 -21.7956 16.6697
v  -3.5443 -21.1943 16.6722
v  -3.7218 -20.5847 16.6818
v  -3.8780 -19.9367 16.7009
v  -4.0005 -19.3308 16.7289
v  -4.1892 -18.0886 16.8240
v  -4.2387 -17.4708 16.8981
v  -4.2266 -16.8561 16.9969
v  -4.1290 -16.1575 17.1439
v  -3.1820 -14.4210 17.6454
v  -2.5796 -14.0331 17.7720
v  -1.8589 -13.7676 17.8596
v  -1.0065 -13.6213 17.9081
v  -4.1034 -18.7123 16.7698
v  -0.7639 -26.1768 16.8919
v  -1.4458 -25.9500 16.8918
v  -2.0894 -25.5740 16.8916
v  -2.6397 -25.1296 16.8912
v  -4.0761 -23.2981 16.8907
v  -4.4304 -22.6222 16.8927
v  -4.7245 -21.9552 16.9002
v  -5.0019 -21.2208 16.9235
v  -5.2179 -20.4386 16.9697
v  -5.6825 -18.2013 17.2279
v  -5.7744 -17.4087 17.3645
v  -5.8042 -16.5790 17.5345
v  -5.8000 -15.5905 17.7728
v  -5.7088 -14.7856 18.0037
v  -0.8487 -26.5876 16.8924
v  -1.5825 -26.3665 16.8924
v  -2.2806 -26.0083 16.8922
v  -2.8801 -25.5813 16.8918
v  -3.4565 -25.0499 16.8912
v  -4.4792 -23.7292 16.8910
v  -4.8716 -23.0405 16.8912
v  -5.2080 -22.3408 16.8948
v  -5.5340 -21.5474 16.9106
v  -5.7931 -20.7021 16.9520
v  -6.0020 -19.9274 17.0131
v  -6.3456 -18.2679 17.2189
v  -6.4658 -17.3843 17.3705
v  -6.5215 -16.4533 17.5632
v  -6.5574 -15.3651 17.8358
v  -6.5312 -14.5137 18.0904
v  -0.6691 -25.7417 16.8634
v  -1.2888 -25.5128 16.8623
v  -1.8815 -25.1185 16.8602
v  -2.3744 -24.6620 16.8583
v  -3.6432 -22.8545 16.8522
v  -3.9618 -22.1948 16.8544
v  -4.2124 -21.5583 16.8647
v  -4.4329 -20.8888 16.8915
v  -4.6049 -20.1744 16.9305
v  -4.9933 -18.8463 17.0927
v  -4.9702 -18.1688 17.1545
v  -5.0311 -17.4595 17.2711
v  -5.0376 -16.7412 17.4136
v  -4.9867 -15.9031 17.6321
v  -4.8272 -15.1625 17.8565
v  -0.6198 -25.5249 16.8246
v  -1.2027 -25.2989 16.8197
v  -1.7670 -24.8990 16.8112
v  -2.2297 -24.4416 16.8030
v  -3.0866 -23.2667 16.7854
v  -3.4211 -22.6516 16.7793
v  -3.7151 -22.0020 16.7775
v  -3.9467 -21.3776 16.7839
v  -4.1424 -20.7371 16.8025
v  -4.3070 -20.0589 16.8323
v  -4.5497 -18.7862 16.9326
v  -4.6413 -18.1336 17.0109
v  -4.6939 -17.4690 17.1079
v  -4.6916 -16.7983 17.2309
v  -4.6131 -16.0249 17.4220
v  -4.4322 -15.3188 17.6337
v  -0.7172 -25.9589 16.8851
v  -1.3695 -25.7298 16.8853
v  -1.9881 -25.3448 16.8854
v  -2.5102 -24.8927 16.8857
v  -3.8613 -23.0722 16.8863
v  -4.1977 -22.4034 16.8895
v  -4.4674 -21.7515 16.8992
v  -4.7146 -21.0498 16.9274
v  -4.9096 -20.3057 16.9739
v  -5.3202 -18.1870 17.2240
v  -5.3954 -17.4361 17.3531
v  -5.4125 -16.6633 17.5094
v  -5.3921 -15.7456 17.7318
v  -5.2584 -14.9682 17.9479
v  -4.3040 -12.7328 18.8199
v  -5.4680 -13.0319 18.7251
v  -1.2244 -12.4363 18.9205
v  -2.1840 -12.4829 18.9049
v  -3.3026 -12.5857 18.8697
v  -3.8776 -13.5814 18.3936
v  -4.8911 -14.1406 18.2090
v  0.0011 -12.9903 18.5239
v  -1.1307 -13.0177 18.5197
v  -2.0525 -13.1138 18.5046
v  -3.0039 -13.3020 18.4747
v  0.0011 -12.7880 18.6549
v  -4.0705 -13.2414 18.5074
v  -5.3162 -13.8654 18.3005
v  -1.1701 -12.8101 18.6482
v  -2.1089 -12.8797 18.6278
v  -3.1333 -13.0205 18.5813
v  -3.4895 -14.1441 17.9595
v  -4.0952 -14.6336 17.8640
v  -1.0559 -13.3491 18.1418
v  -1.9433 -13.4848 18.1100
v  -2.7530 -13.7443 18.0568
v  0.0011 -13.3145 18.1488
v  0.0011 -13.1624 18.3467
v  -3.6833 -13.8966 18.2211
v  -4.4966 -14.3996 18.1124
v  -1.0920 -13.1939 18.3418
v  -1.9970 -13.3123 18.3212
v  -2.8751 -13.5435 18.2902
v  -5.8317 -12.7252 18.8275
v  -6.4830 -13.6107 18.3852
v  -5.7170 -12.9823 18.7427
v  -5.6095 -13.0408 18.7215
v  -5.8018 -12.8642 18.7806
v  -5.8347 -12.2928 18.9745
v  -5.8317 -11.4506 19.2651
v  -5.8316 -11.1058 19.3849
v  -5.8316 -10.7651 19.5479
v  -5.8316 -10.6520 19.6569
v  -5.8316 -10.5546 19.9166
v  -5.8316 -10.9079 19.4589
v  -5.8316 -10.5770 19.7765
v  -1.1060 -25.0938 16.7607
v  -1.1110 -25.1043 16.7637
v  -1.1002 -25.0834 16.7600
v  -1.6340 -24.6976 16.7415
v  -1.6261 -24.6886 16.7410
v  -1.6403 -24.7072 16.7448
v  -4.0131 -19.9644 16.6996
v  -4.0236 -19.9678 16.7043
v  -4.0013 -19.9620 16.6997
v  -4.1365 -19.3523 16.7276
v  -4.1247 -19.3505 16.7277
v  -4.1479 -19.3549 16.7249
v  -3.8555 -20.6189 16.6810
v  -3.8658 -20.6231 16.6854
v  -3.8439 -20.6159 16.6811
v  -4.2405 -18.7281 16.7674
v  -4.2285 -18.7267 16.7676
v  -4.2509 -18.7301 16.7729
v  -4.3266 -18.0972 16.8230
v  -4.3368 -18.0984 16.8291
v  -4.3146 -18.0964 16.8231
v  -4.3771 -17.4665 16.8987
v  -4.3651 -17.4669 16.8986
v  -4.3871 -17.4666 16.9053
v  -4.3649 -16.8347 17.0010
v  -4.3530 -16.8365 17.0006
v  -4.3747 -16.8336 17.0078
v  -3.6762 -21.2362 16.6716
v  -3.6862 -21.2414 16.6757
v  -3.6647 -21.2325 16.6716
v  -3.4600 -21.8463 16.6700
v  -3.4696 -21.8521 16.6741
v  -3.4488 -21.8419 16.6700
v  -3.1837 -22.4827 16.6753
v  -3.1929 -22.4893 16.6793
v  -3.1729 -22.4775 16.6751
v  -2.8700 -23.0825 16.6859
v  -2.8786 -23.0899 16.6899
v  -2.8596 -23.0765 16.6857
v  -2.5060 -23.6611 16.7014
v  -2.5140 -23.6692 16.7052
v  -2.4963 -23.6541 16.7011
v  -2.0642 -24.2458 16.7226
v  -2.0716 -24.2545 16.7262
v  -2.0552 -24.2379 16.7221
v  -4.2641 -16.1168 17.1562
v  -4.2734 -16.1144 17.1633
v  -4.2526 -16.1203 17.1552
v  -4.0642 -15.4499 17.3315
v  -4.0535 -15.4551 17.3299
v  -4.0731 -15.4467 17.3389
v  -0.5686 -25.3120 16.7722
v  -0.5657 -25.3004 16.7714
v  -0.5713 -25.3233 16.7750
v  -3.7461 -14.8308 17.5223
v  -3.7541 -14.8263 17.5300
v  -3.7369 -14.8379 17.5194
v  -3.2831 -14.3370 17.6726
v  -3.2740 -14.3446 17.6702
v  -3.2892 -14.3313 17.6811
v  -1.0239 -13.4970 17.9490
v  -1.0255 -13.4897 17.9584
v  -1.0223 -13.5083 17.9453
v  0.0011 -13.4612 17.9608
v  0.0011 -13.4539 17.9703
v  0.0011 -13.4726 17.9570
v  -1.8919 -13.6444 17.9003
v  -1.8942 -13.6373 17.9096
v  -1.8889 -13.6554 17.8966
v  -2.6379 -13.9203 17.8092
v  -2.6421 -13.9138 17.8183
v  -2.6326 -13.9305 17.8058
v  -0.9211 -26.9847 16.9046
v  -1.6987 -26.7721 16.9045
v  -2.4770 -26.4158 16.9043
v  -3.1145 -26.0095 16.9042
v  -3.7367 -25.4943 16.9037
v  -4.3539 -24.8359 16.9034
v  -4.8788 -24.1217 16.9020
v  -5.2996 -23.4238 16.9024
v  -5.6771 -22.6767 16.9050
v  -6.0319 -21.8412 16.9163
v  -6.3384 -20.9534 16.9488
v  -6.5772 -20.1341 17.0059
v  -6.7856 -19.2874 17.0932
v  -6.9703 -18.3681 17.2155
v  -7.1159 -17.4119 17.3757
v  -7.2072 -16.3957 17.5860
v  -7.2742 -15.2842 17.8706
v  -7.3087 -14.3800 18.1455
v  -7.3086 -13.4934 18.4364
v  -7.2009 -12.2512 18.8556
v  -7.0469 -11.4047 19.1468
v  -6.9623 -11.0559 19.2679
v  -6.9058 -10.8486 19.3482
v  -6.8447 -10.6840 19.4495
v  -6.7800 -10.5507 19.5788
v  -6.7149 -10.4557 19.7325
v  -6.6597 -10.4231 19.8920
v  -0.9227 -26.9976 16.9330
v  -1.7015 -26.7849 16.9331
v  -2.4858 -26.4257 16.9329
v  -3.1232 -26.0199 16.9330
v  -3.7465 -25.5034 16.9334
v  -4.3641 -24.8428 16.9325
v  -5.3110 -23.4302 16.9323
v  -5.6887 -22.6801 16.9362
v  -6.0403 -21.8451 16.9538
v  -6.3501 -20.9593 16.9777
v  -6.5890 -20.1401 17.0359
v  -6.7975 -19.2938 17.1226
v  -6.9812 -18.3773 17.2477
v  -7.1265 -17.4210 17.4084
v  -7.2181 -16.4042 17.6175
v  -7.2835 -15.2993 17.9021
v  -7.3179 -14.3926 18.1772
v  -7.3202 -13.5036 18.4680
v  -7.2120 -12.2620 18.8857
v  -7.0575 -11.4126 19.1795
v  -6.9718 -11.0623 19.3011
v  -6.9150 -10.8626 19.3786
v  -6.7937 -10.5718 19.5956
v  -6.7294 -10.4779 19.7412
v  -6.6777 -10.4466 19.8920
v  -4.8908 -24.1285 16.9307
v  -6.8567 -10.7025 19.4734
v  -3.9015 -15.5372 17.5197
v  -4.0917 -16.1768 17.3525
v  -4.1876 -16.8709 17.2060
v  -4.1991 -17.4810 17.1076
v  -4.1503 -18.0897 17.0337
v  -3.9630 -19.3265 16.9387
v  -3.8396 -19.9322 16.9122
v  -3.6843 -20.5735 16.8934
v  -3.5088 -21.1796 16.8830
v  -3.2967 -21.7778 16.8791
v  -3.0281 -22.3986 16.8847
v  -2.7198 -22.9879 16.8948
v  -2.3648 -23.5535 16.9096
v  -1.9309 -24.1224 16.9265
v  -1.5200 -24.5580 16.9443
v  -1.0216 -24.9333 16.9623
v  -0.5251 -25.1352 16.9735
v  -3.6053 -14.9537 17.6952
v  -3.1602 -14.4652 17.8539
v  -2.5650 -14.0822 17.9821
v  -1.8488 -13.8170 18.0687
v  -1.0039 -13.6716 18.1162
v  -4.0671 -18.7116 16.9790
v  -4.1235 -24.7192 16.8908
v  -4.0247 -24.8540 16.8909
v  -3.8817 -24.9406 16.8910
v  -3.5542 -24.9262 16.8910
v  -3.0934 -24.4389 16.8896
v  -2.7274 -23.9561 16.8149
v  -2.7116 -23.8065 16.7862
v  -2.7541 -23.6648 16.7698
v  -2.9650 -23.4824 16.7891
v  -3.1078 -23.4561 16.8185
v  -3.4038 -23.5853 16.8757
v  -3.6891 -23.8714 16.8903
v  -4.0512 -24.2487 16.8904
v  -4.1380 -24.3917 16.8905
v  -4.1633 -24.5570 16.8906
v  -3.5065 -24.7478 16.7769
v  -3.6034 -24.8190 16.7770
v  -3.7232 -24.8482 16.7771
v  -3.8403 -24.8302 16.7770
v  -3.9450 -24.7670 16.7770
v  -4.0171 -24.6682 16.7768
v  -4.0453 -24.5531 16.7767
v  -4.0267 -24.4312 16.7766
v  -3.9642 -24.3285 16.7764
v  -3.7166 -24.9660 16.8911
v  -3.4195 -24.8274 16.8909
v  -3.1685 -24.3794 16.7885
v  -2.8055 -24.1034 16.8494
v  -3.2441 -23.5774 16.7702
v  -3.1288 -23.5503 16.7426
v  -3.0167 -23.5664 16.7158
v  -2.9138 -23.6246 16.6996
v  -2.8446 -23.7065 16.6996
v  -2.8057 -23.8200 16.7163
v  -2.8141 -23.9460 16.7449
v  -2.8830 -24.0689 16.7770
v  -3.2570 -23.4869 16.8496
v  -2.8351 -23.5568 16.7712
v  -3.3450 -23.6512 16.7890
v  -3.6113 -23.9428 16.7884
v  -3.6401 -23.9206 16.8623
v  -3.9934 -24.3025 16.8602
v  -3.5897 -24.8571 16.8598
v  -3.7208 -24.8865 16.8591
v  -3.8539 -24.8660 16.8591
v  -3.9710 -24.7952 16.8590
v  -4.0532 -24.6856 16.8594
v  -4.0902 -24.5428 16.8612
v  -4.0631 -24.4186 16.8584
v  -3.4775 -24.7723 16.8596
v  -3.1448 -24.3962 16.8597
v  -2.8514 -24.0739 16.8313
v  -2.7831 -23.9434 16.7994
v  -2.7729 -23.8104 16.7748
v  -2.8123 -23.6902 16.7604
v  -2.8825 -23.6016 16.7617
v  -2.9827 -23.5404 16.7769
v  -3.1141 -23.5170 16.8010
v  -3.2429 -23.5428 16.8264
v  -3.3638 -23.6290 16.8520
v  -4.1466 -24.7300 16.8908
v  -4.0419 -24.8728 16.8910
v  -3.8904 -24.9646 16.8911
v  -3.7155 -24.9915 16.8911
v  -3.5434 -24.9493 16.8911
v  -3.4023 -24.8457 16.8909
v  -3.0728 -24.4564 16.8897
v  -2.7848 -24.1177 16.8481
v  -2.7035 -23.9639 16.8123
v  -2.6869 -23.8050 16.7809
v  -2.7323 -23.6542 16.7633
v  -2.8193 -23.5381 16.7637
v  -2.9572 -23.4590 16.7846
v  -3.1087 -23.4308 16.8151
v  -3.2670 -23.4635 16.8489
v  -3.4198 -23.5659 16.8760
v  -3.7070 -23.8540 16.8903
v  -4.0712 -24.2334 16.8904
v  -4.1619 -24.3830 16.8906
v  -4.1888 -24.5581 16.8910
v  -6.4264 -18.6512 17.1604
v  -6.5124 -18.8035 17.1395
v  -6.5331 -18.9771 17.1168
v  -6.2250 -19.3663 17.0699
v  -4.8584 -19.7579 16.9998
v  -4.6674 -19.7677 16.9533
v  -4.5077 -19.7153 16.9029
v  -4.3911 -19.6083 16.8538
v  -4.3147 -19.4577 16.8177
v  -4.3070 -19.3111 16.8100
v  -4.4586 -19.0418 16.8836
v  -5.4626 -18.6840 17.1558
v  -5.9476 -18.5175 17.1794
v  -6.2891 -18.5438 17.1756
v  -6.1202 -18.4968 17.1824
v  -5.9840 -18.6129 17.0665
v  -6.1125 -18.5977 17.0695
v  -6.2370 -18.6331 17.0626
v  -6.3380 -18.7133 17.0472
v  -6.4004 -18.8256 17.0263
v  -6.4153 -18.9530 17.0037
v  -6.3804 -19.0765 16.9828
v  -6.3008 -19.1776 16.9664
v  -6.3774 -19.2813 17.0797
v  -6.4859 -19.1440 17.0960
v  -6.1883 -19.2407 16.9566
v  -5.3015 -19.5304 16.9562
v  -4.8474 -19.6789 16.9251
v  -5.3292 -19.6244 17.0419
v  -4.5875 -18.9759 16.9451
v  -5.0399 -18.9198 17.0060
v  -4.6428 -19.0491 16.8759
v  -4.6920 -19.6914 16.8807
v  -4.5661 -19.6451 16.8339
v  -4.4771 -19.5598 16.7865
v  -4.4256 -19.4441 16.8201
v  -4.3565 -19.1581 16.8327
v  -4.4595 -19.1985 16.8310
v  -4.4198 -19.3115 16.8162
v  -4.5457 -19.1004 16.8184
v  -5.7847 -19.4933 17.0550
v  -5.7527 -19.3832 16.9531
v  -5.5037 -18.7685 17.0591
v  -6.4368 -18.8241 17.1041
v  -6.3683 -18.6971 17.1227
v  -6.2554 -18.6062 17.1365
v  -6.1959 -19.2811 17.0417
v  -6.3212 -19.2122 17.0510
v  -6.4104 -19.1023 17.0654
v  -6.4511 -18.9667 17.0839
v  -5.3089 -19.5598 17.0200
v  -4.6151 -19.0303 16.9279
v  -5.0187 -18.8997 17.0640
v  -4.4199 -19.1932 16.8282
v  -4.3793 -19.3150 16.8116
v  -4.3841 -19.4432 16.8145
v  -4.5054 -19.0889 16.8715
v  -4.4435 -19.5689 16.8440
v  -4.5394 -19.6641 16.8870
v  -4.6776 -19.7167 16.9299
v  -4.8477 -19.7040 16.9784
v  -5.9699 -18.5854 17.1416
v  -6.1151 -18.5661 17.1428
v  -5.4874 -18.7430 17.1240
v  -5.7619 -19.4174 17.0286
v  -6.1126 -18.6083 16.8320
v  -5.9948 -18.6205 16.8320
v  -5.5235 -18.7730 16.8316
v  -5.0603 -18.9228 16.8305
v  -4.6552 -19.0493 16.8304
v  -4.5559 -19.0964 16.8305
v  -4.4877 -19.5447 16.8243
v  -4.5704 -19.6206 16.8344
v  -4.6982 -19.6858 16.8272
v  -4.8628 -19.6679 16.8303
v  -5.3160 -19.5187 16.8319
v  -5.7606 -19.3735 16.8324
v  -6.1913 -19.2328 16.8336
v  -6.3036 -19.1660 16.8341
v  -6.3798 -19.0604 16.8346
v  -6.4079 -18.9352 16.8347
v  -6.3859 -18.8115 16.8344
v  -6.3205 -18.7083 16.8335
v  -6.2246 -18.6385 16.8326
v  -4.4928 -19.4292 16.7091
v  -4.5156 -19.2310 16.7111
v  -4.4879 -19.3182 16.7090
v  -6.1082 -18.6650 16.7131
v  -6.0071 -18.6753 16.7137
v  -5.5421 -18.8257 16.7137
v  -5.0790 -18.9755 16.7132
v  -4.6781 -19.1010 16.7133
v  -4.5937 -19.1402 16.7131
v  -4.5324 -19.5076 16.7088
v  -4.5967 -19.5715 16.7092
v  -4.7101 -19.6265 16.7107
v  -4.8534 -19.6118 16.7133
v  -5.3008 -19.4650 16.7139
v  -5.7446 -19.3201 16.7140
v  -6.1690 -19.1817 16.7142
v  -6.2664 -19.1234 16.7137
v  -6.3291 -19.0357 16.7139
v  -6.3517 -18.9321 16.7140
v  -6.3327 -18.8303 16.7139
v  -6.2783 -18.7459 16.7136
v  -6.1995 -18.6893 16.7133
v  -6.0980 -18.7908 16.6635
v  -6.0322 -18.7976 16.6635
v  -5.5789 -18.9443 16.6635
v  -5.1148 -19.0943 16.6635
v  -4.7209 -19.2173 16.6635
v  -4.6636 -19.2445 16.6635
v  -4.6167 -19.2943 16.6635
v  -4.6011 -19.3384 16.6635
v  -4.6039 -19.4016 16.6635
v  -4.6286 -19.4386 16.6635
v  -4.6667 -19.4670 16.6635
v  -4.7326 -19.5010 16.6635
v  -4.8245 -19.4910 16.6635
v  -5.2599 -19.3477 16.6635
v  -5.7047 -19.2024 16.6635
v  -6.1164 -19.0679 16.6635
v  -6.1795 -19.0303 16.6635
v  -6.2123 -18.9850 16.6635
v  -6.2243 -18.9312 16.6635
v  -6.2149 -18.8780 16.6635
v  -6.1868 -18.8336 16.6635
v  -6.1456 -18.8036 16.6635
v  -6.0972 -18.8009 16.6635
v  -6.0343 -18.8075 16.6635
v  -5.5819 -18.9538 16.6635
v  -5.1178 -19.1038 16.6635
v  -4.7246 -19.2267 16.6635
v  -4.6696 -19.2527 16.6635
v  -4.6254 -19.2996 16.6635
v  -4.6112 -19.3399 16.6635
v  -4.6138 -19.3992 16.6635
v  -4.6391 -19.4314 16.6635
v  -4.6721 -19.4585 16.6635
v  -4.7345 -19.4907 16.6635
v  -4.8224 -19.4811 16.6635
v  -5.2568 -19.3382 16.6635
v  -5.7016 -19.1929 16.6635
v  -6.1122 -19.0587 16.6635
v  -6.1726 -19.0228 16.6635
v  -6.2030 -18.9808 16.6635
v  -6.2141 -18.9309 16.6635
v  -6.2054 -18.8817 16.6635
v  -6.1793 -18.8406 16.6635
v  -6.1412 -18.8128 16.6635
v  -6.1038 -18.7199 16.6771
v  -6.0181 -18.7287 16.6775
v  -5.5581 -18.8774 16.6776
v  -5.0945 -19.0274 16.6773
v  -4.6967 -19.1518 16.6774
v  -4.6241 -19.1859 16.6772
v  -4.5600 -19.2586 16.6757
v  -4.5377 -19.3272 16.6755
v  -4.5415 -19.4173 16.6754
v  -4.5728 -19.4790 16.6737
v  -4.6263 -19.5276 16.6730
v  -4.7199 -19.5713 16.6761
v  -4.8407 -19.5590 16.6774
v  -5.2829 -19.4139 16.6776
v  -5.7272 -19.2688 16.6776
v  -6.1460 -19.1321 16.6776
v  -6.2285 -19.0829 16.6771
v  -6.2783 -19.0137 16.6772
v  -6.2963 -18.9318 16.6772
v  -6.2815 -18.8511 16.6772
v  -6.2385 -18.7841 16.6772
v  -6.1760 -18.7391 16.6771
v  -4.4552 -19.4379 16.7580
v  -4.4826 -19.2111 16.7630
v  -4.4491 -19.3125 16.7576
v  -6.1113 -18.6263 16.7668
v  -5.9992 -18.6378 16.7673
v  -5.5303 -18.7895 16.7672
v  -5.0674 -18.9392 16.7663
v  -4.6641 -19.0653 16.7664
v  -4.5707 -19.1087 16.7663
v  -4.5040 -19.5289 16.7609
v  -4.5773 -19.6026 16.7641
v  -4.7027 -19.6663 16.7631
v  -4.8615 -19.6493 16.7663
v  -5.3126 -19.5012 16.7674
v  -5.7564 -19.3563 16.7677
v  -6.1847 -19.2165 16.7683
v  -6.2925 -19.1521 16.7681
v  -6.3644 -19.0517 16.7684
v  -6.3904 -18.9330 16.7685
v  -6.3688 -18.8163 16.7683
v  -6.3066 -18.7195 16.7678
v  -6.2162 -18.6543 16.7672
v  -3.5065 -24.7478 16.6174
v  -3.6034 -24.8190 16.6174
v  -3.7232 -24.8482 16.6174
v  -3.8403 -24.8302 16.6174
v  -3.9450 -24.7670 16.6174
v  -4.0171 -24.6682 16.6174
v  -4.0453 -24.5531 16.6174
v  -4.0267 -24.4312 16.6174
v  -3.9642 -24.3285 16.6174
v  -3.1685 -24.3794 16.6174
v  -3.2441 -23.5774 16.6174
v  -3.1288 -23.5503 16.6174
v  -3.0167 -23.5664 16.6174
v  -2.9138 -23.6246 16.6174
v  -2.8446 -23.7065 16.6174
v  -2.8057 -23.8200 16.6174
v  -2.8141 -23.9460 16.6174
v  -2.8830 -24.0689 16.6174
v  -3.3450 -23.6512 16.6174
v  -3.6113 -23.9428 16.6174
v  -3.5275 -24.7244 16.5353
v  -3.6169 -24.7901 16.5348
v  -3.7246 -24.8164 16.5348
v  -3.8294 -24.8002 16.5348
v  -3.9234 -24.7435 16.5348
v  -3.9882 -24.6548 16.5348
v  -4.0135 -24.5517 16.5348
v  -3.9967 -24.4421 16.5347
v  -3.9390 -24.3474 16.5353
v  -3.1916 -24.3582 16.5356
v  -3.2265 -23.6157 16.5450
v  -3.1273 -23.5826 16.5354
v  -3.0271 -23.5969 16.5353
v  -2.9343 -23.6494 16.5353
v  -2.8731 -23.7226 16.5357
v  -2.8383 -23.8247 16.5359
v  -2.8461 -23.9365 16.5359
v  -2.9090 -24.0501 16.5359
v  -3.3237 -23.6750 16.5358
v  -3.5882 -23.9639 16.5356
v  -3.8718 -24.3979 16.5014
v  -3.5265 -24.0203 16.5014
v  -3.2679 -23.7372 16.5014
v  -3.1950 -23.6840 16.5014
v  -3.1236 -23.6672 16.5014
v  -3.0545 -23.6772 16.5014
v  -2.9883 -23.7146 16.5014
v  -2.9464 -23.7642 16.5014
v  -2.9220 -23.8354 16.5014
v  -2.9272 -23.9124 16.5014
v  -2.9767 -24.0010 16.5014
v  -3.2532 -24.3016 16.5014
v  -3.5837 -24.6618 16.5014
v  -3.6530 -24.7127 16.5014
v  -3.7283 -24.7311 16.5014
v  -3.8003 -24.7200 16.5014
v  -3.8657 -24.6805 16.5014
v  -3.9108 -24.6188 16.5014
v  -3.9282 -24.5480 16.5014
v  -3.9165 -24.4713 16.5014
v  -3.9104 -24.3688 16.5109
v  -3.5619 -23.9879 16.5111
v  -3.2999 -23.7015 16.5112
v  -3.2128 -23.6454 16.5166
v  -3.1257 -23.6187 16.5110
v  -3.0388 -23.6311 16.5109
v  -2.9573 -23.6772 16.5109
v  -2.9043 -23.7403 16.5111
v  -2.8740 -23.8294 16.5112
v  -2.8807 -23.9262 16.5112
v  -2.9378 -24.0292 16.5113
v  -3.2178 -24.3341 16.5111
v  -3.5514 -24.6978 16.5109
v  -3.6322 -24.7572 16.5106
v  -3.7262 -24.7801 16.5106
v  -3.8171 -24.7661 16.5106
v  -3.8989 -24.7166 16.5106
v  -3.9553 -24.6395 16.5106
v  -3.9772 -24.5501 16.5106
v  -3.9626 -24.4546 16.5106
v  -3.5128 -24.7408 16.5730
v  -3.6074 -24.8104 16.5726
v  -3.7236 -24.8388 16.5726
v  -3.8371 -24.8213 16.5727
v  -3.9386 -24.7600 16.5726
v  -4.0085 -24.6642 16.5727
v  -4.0358 -24.5527 16.5726
v  -4.0178 -24.4345 16.5726
v  -3.9567 -24.3341 16.5730
v  -3.1754 -24.3730 16.5732
v  -3.2376 -23.5915 16.5787
v  -3.1283 -23.5601 16.5730
v  -3.0198 -23.5756 16.5729
v  -2.9200 -23.6321 16.5730
v  -2.8533 -23.7114 16.5732
v  -2.8157 -23.8216 16.5733
v  -2.8240 -23.9431 16.5733
v  -2.8909 -24.0632 16.5733
v  -3.3386 -23.6584 16.5733
v  -3.6044 -23.9491 16.5732
v  -3.8597 -24.4069 16.5014
v  -3.5154 -24.0305 16.5014
v  -3.2578 -23.7485 16.5014
v  -3.1887 -23.6979 16.5014
v  -3.1229 -23.6824 16.5014
v  -3.0594 -23.6916 16.5014
v  -2.9981 -23.7263 16.5014
v  -2.9597 -23.7717 16.5014
v  -2.9372 -23.8374 16.5014
v  -2.9419 -23.9081 16.5014
v  -2.9890 -23.9921 16.5014
v  -3.2642 -24.2914 16.5014
v  -3.5937 -24.6506 16.5014
v  -3.6594 -24.6989 16.5014
v  -3.7289 -24.7158 16.5014
v  -3.7951 -24.7056 16.5014
v  -3.8554 -24.6692 16.5014
v  -3.8970 -24.6123 16.5014
v  -3.9129 -24.5473 16.5014
v  -3.9021 -24.4766 16.5014
v  -5.4682 -13.0253 18.5715
v  -5.4682 -13.0264 18.5965
v  -5.4640 -13.0487 18.5640
v  -4.3035 -12.7427 18.6661
v  -4.2933 -12.7644 18.6592
v  -4.3036 -12.7411 18.6911
v  -1.2244 -12.4457 18.7669
v  -1.2244 -12.4442 18.7919
v  -1.2209 -12.4692 18.7592
v  -2.1839 -12.4929 18.7511
v  -2.1840 -12.4912 18.7761
v  -2.1794 -12.5163 18.7437
v  -3.3023 -12.5958 18.7159
v  -3.3023 -12.5942 18.7409
v  -3.2934 -12.6181 18.7089
v  -5.8322 -12.6813 18.6957
v  -5.8321 -12.6892 18.7195
v  -5.8583 -12.6852 18.6946
v  -5.8029 -12.8470 18.6338
v  -5.8027 -12.8499 18.6586
v  -5.7181 -12.9744 18.5896
v  -5.7179 -12.9757 18.6146
v  -5.6106 -13.0329 18.5685
v  -5.6104 -13.0342 18.5934
v  -5.8347 -12.2480 18.8431
v  -5.8347 -12.2561 18.8668
v  -5.8597 -12.2480 18.8431
v  -5.8317 -11.4052 19.1339
v  -5.8317 -11.4134 19.1575
v  -5.8567 -11.4052 19.1339
v  -5.8317 -11.0583 19.2544
v  -5.8317 -11.0669 19.2779
v  -5.8567 -11.0583 19.2544
v  -5.8317 -10.6798 19.4385
v  -5.8316 -10.6951 19.4582
v  -5.8567 -10.6798 19.4385
v  -5.8317 -10.8464 19.3345
v  -5.8567 -10.8464 19.3345
v  -5.8317 -10.8574 19.3569
v  -5.8317 -10.5437 19.5700
v  -5.8316 -10.5632 19.5856
v  -5.8567 -10.5437 19.5700
v  -5.8316 -10.4179 19.8920
v  -5.8566 -10.4179 19.8920
v  -5.8316 -10.4425 19.8964
v  -5.8317 -10.4472 19.7270
v  -5.8567 -10.4473 19.7270
v  -5.8317 -10.4706 19.7359
v  -5.8267 -12.8556 18.6311
v  -5.7359 -12.9921 18.5840
v  -5.6166 -13.0570 18.5606
v  0.0011 -25.2096 16.7766
v  0.0011 -27.0269 16.8926
v  0.0011 -25.8094 16.8635
v  0.0011 -12.4510 18.7657
v  0.0011 -12.4181 18.9269
v  0.0011 -12.4257 18.7984
v  0.0011 -12.4272 18.7735
v  -6.2328 -19.3848 17.0681
v  -5.7903 -19.5125 17.0531
v  -5.3347 -19.6436 17.0405
v  -4.8618 -19.7777 16.9989
v  -4.6651 -19.7878 16.9519
v  -4.4985 -19.7331 16.8995
v  -4.3765 -19.6213 16.8481
v  -4.2969 -19.4636 16.8094
v  -4.2890 -19.3083 16.8006
v  -4.3412 -19.1472 16.8245
v  -4.4482 -19.0252 16.8782
v  -4.5810 -18.9571 16.9423
v  -4.9871 -18.8272 17.0925
v  -5.4560 -18.6652 17.1579
v  -5.9431 -18.4981 17.1823
v  -6.1218 -18.4767 17.1855
v  -6.2983 -18.5259 17.1784
v  -6.4419 -18.6381 17.1623
v  -6.5318 -18.7973 17.1406
v  -6.5534 -18.9787 17.1168
v  -6.5041 -19.1532 17.0950
v  -6.3906 -19.2967 17.0781
v  0.9249 -26.9976 16.9330
v  0.9233 -26.9847 16.9046
v  0.0011 -27.0537 16.9034
v  0.0011 -27.0657 16.9328
v  0.9193 -26.9594 16.8926
v  1.7009 -26.7721 16.9045
v  1.6938 -26.7471 16.8925
v  2.4792 -26.4158 16.9043
v  2.4655 -26.3940 16.8924
v  3.1167 -26.0095 16.9042
v  3.1017 -25.9880 16.8921
v  3.7389 -25.4943 16.9037
v  3.7212 -25.4739 16.8917
v  4.3561 -24.8359 16.9034
v  4.3362 -24.8183 16.8910
v  4.8594 -24.1063 16.8904
v  4.8810 -24.1217 16.9020
v  5.3018 -23.4238 16.9024
v  5.2791 -23.4089 16.8906
v  5.6793 -22.6767 16.9050
v  5.6545 -22.6648 16.8925
v  6.0341 -21.8412 16.9163
v  6.0061 -21.8286 16.9030
v  6.3406 -20.9534 16.9488
v  6.3155 -20.9432 16.9376
v  6.5794 -20.1341 17.0059
v  6.5534 -20.1252 16.9946
v  6.7878 -19.2874 17.0932
v  6.7608 -19.2794 17.0802
v  6.9726 -18.3681 17.2155
v  6.9447 -18.3598 17.2034
v  7.1181 -17.4119 17.3757
v  7.0893 -17.4057 17.3637
v  7.2094 -16.3957 17.5860
v  7.1802 -16.3923 17.5749
v  7.2764 -15.2842 17.8706
v  7.2478 -15.2771 17.8587
v  7.3110 -14.3800 18.1455
v  7.2834 -14.3755 18.1324
v  7.3108 -13.4934 18.4364
v  7.2814 -13.4915 18.4238
v  7.2031 -12.2512 18.8556
v  7.1758 -12.2480 18.8431
v  7.0492 -11.4047 19.1468
v  7.0204 -11.4051 19.1335
v  6.9645 -11.0559 19.2679
v  6.9357 -11.0583 19.2544
v  6.9081 -10.8486 19.3482
v  6.8805 -10.8467 19.3352
v  6.8197 -10.6798 19.4385
v  6.8470 -10.6840 19.4495
v  6.7822 -10.5507 19.5788
v  6.7570 -10.5437 19.5700
v  6.7171 -10.4557 19.7325
v  6.6934 -10.4476 19.7272
v  4.8930 -24.1285 16.9307
v  4.3663 -24.8428 16.9325
v  6.8589 -10.7025 19.4734
v  6.9172 -10.8626 19.3786
v  6.6799 -10.4466 19.8920
v  6.6620 -10.4231 19.8920
v  6.7317 -10.4779 19.7412
v  3.9038 -15.5372 17.3476
v  4.0939 -16.1768 17.1805
v  4.1044 -16.1670 17.1539
v  3.9133 -15.5254 17.3209
v  0.5363 -25.1749 16.7631
v  0.5297 -25.1474 16.7738
v  0.0011 -13.6386 17.9545
v  1.0061 -13.6716 17.9441
v  1.0062 -13.6548 17.9131
v  0.0011 -13.6248 17.9262
v  3.6162 -14.9383 17.4949
v  3.6075 -14.9537 17.5231
v  1.0238 -24.9333 16.7902
v  0.5273 -25.1352 16.8015
v  1.0279 -24.9455 16.7635
v  1.5222 -24.5580 16.7722
v  1.5279 -24.5693 16.7463
v  1.9331 -24.1224 16.7545
v  1.9407 -24.1331 16.7278
v  2.3670 -23.5535 16.7376
v  2.3750 -23.5633 16.7108
v  2.7221 -22.9879 16.7227
v  2.7313 -22.9968 16.6958
v  3.0303 -22.3986 16.7126
v  3.0394 -22.4076 16.6860
v  3.2990 -21.7778 16.7070
v  3.3094 -21.7840 16.6809
v  3.5110 -21.1796 16.7109
v  3.5219 -21.1846 16.6842
v  3.6865 -20.5735 16.7213
v  3.6977 -20.5769 16.6938
v  3.8418 -19.9322 16.7401
v  3.8540 -19.9327 16.7134
v  3.9653 -19.3265 16.7666
v  3.9764 -19.3268 16.7402
v  4.1525 -18.0897 16.8616
v  4.0693 -18.7116 16.8069
v  4.0803 -18.7103 16.7814
v  4.1652 -18.0877 16.8360
v  4.2013 -17.4810 16.9355
v  4.2140 -17.4747 16.9096
v  4.1899 -16.8709 17.0340
v  4.2016 -16.8627 17.0077
v  3.1842 -14.4210 17.6454
v  3.1662 -14.4481 17.6529
v  3.6373 -14.9164 17.4883
v  2.5672 -14.0822 17.8100
v  3.1625 -14.4652 17.6818
v  2.5687 -14.0652 17.7786
v  1.8511 -13.8170 17.8966
v  1.8526 -13.8017 17.8672
v  4.1312 -16.1575 17.1439
v  3.9396 -15.5117 17.3117
v  0.0011 -25.1970 16.8038
v  1.0087 -13.6213 17.9081
v  0.0011 -13.5877 17.9190
v  1.0398 -24.9705 16.7529
v  1.5437 -24.5913 16.7356
v  1.9608 -24.1538 16.7175
v  2.3950 -23.5809 16.6986
v  2.7533 -23.0129 16.6838
v  3.0617 -22.4227 16.6740
v  3.3335 -21.7956 16.6697
v  3.5465 -21.1943 16.6722
v  3.7240 -20.5847 16.6818
v  3.8803 -19.9367 16.7009
v  4.0027 -19.3308 16.7289
v  4.1056 -18.7123 16.7698
v  4.1914 -18.0886 16.8240
v  4.2410 -17.4708 16.8981
v  4.2288 -16.8561 16.9969
v  2.5818 -14.0331 17.7720
v  1.8612 -13.7676 17.8596
v  0.0011 -25.3668 16.7748
v  0.5679 -25.3004 16.7714
v  3.7391 -14.8379 17.5194
v  3.2763 -14.3446 17.6702
v  4.2548 -16.1203 17.1552
v  4.0557 -15.4551 17.3299
v  1.0245 -13.5083 17.9453
v  1.1024 -25.0834 16.7600
v  1.6283 -24.6886 16.7410
v  2.0574 -24.2379 16.7221
v  2.4985 -23.6542 16.7011
v  2.8619 -23.0765 16.6857
v  3.1751 -22.4775 16.6751
v  3.4510 -21.8419 16.6700
v  3.6670 -21.2325 16.6716
v  3.8461 -20.6159 16.6811
v  4.0036 -19.9620 16.6997
v  4.1269 -19.3505 16.7277
v  4.2308 -18.7267 16.7676
v  4.3168 -18.0964 16.8231
v  4.3673 -17.4669 16.8986
v  4.3553 -16.8365 17.0006
v  2.6348 -13.9305 17.8058
v  1.8911 -13.6554 17.8966
v  0.5736 -25.3233 16.7750
v  0.0011 -25.3904 16.7783
v  0.0011 -25.5924 16.8263
v  0.6221 -25.5249 16.8246
v  1.1132 -25.1043 16.7637
v  1.2050 -25.2989 16.8197
v  1.6426 -24.7072 16.7448
v  1.7692 -24.8990 16.8112
v  2.0738 -24.2545 16.7262
v  2.2319 -24.4416 16.8030
v  2.5162 -23.6692 16.7052
v  2.6891 -23.8050 16.7809
v  3.1951 -22.4893 16.6793
v  2.8808 -23.0899 16.6899
v  3.0888 -23.2667 16.7854
v  3.4233 -22.6516 16.7793
v  3.4719 -21.8521 16.6741
v  3.7174 -22.0020 16.7775
v  3.6884 -21.2414 16.6757
v  3.9489 -21.3776 16.7839
v  3.8680 -20.6231 16.6854
v  4.1446 -20.7371 16.8025
v  4.0258 -19.9678 16.7043
v  4.3092 -20.0589 16.8323
v  4.3391 -18.0984 16.8291
v  4.2531 -18.7301 16.7729
v  4.5519 -18.7862 16.9326
v  4.6435 -18.1336 17.0109
v  4.3893 -17.4666 16.9053
v  4.6961 -17.4690 17.1079
v  4.3769 -16.8336 17.0078
v  4.6938 -16.7983 17.2309
v  4.2756 -16.1144 17.1633
v  4.6153 -16.0249 17.4220
v  4.0754 -15.4467 17.3389
v  4.4344 -15.3188 17.6337
v  3.7563 -14.8263 17.5300
v  4.0974 -14.6336 17.8640
v  0.0011 -26.2452 16.8915
v  0.0011 -26.6562 16.8925
v  0.8509 -26.5876 16.8924
v  0.7661 -26.1768 16.8919
v  1.5848 -26.3665 16.8924
v  1.4480 -25.9500 16.8918
v  2.2828 -26.0083 16.8922
v  2.0916 -25.5740 16.8916
v  2.8823 -25.5813 16.8918
v  2.6419 -25.1296 16.8912
v  3.4045 -24.8458 16.8909
v  3.0750 -24.4564 16.8897
v  2.5124 -24.8927 16.8857
v  4.0734 -24.2334 16.8904
v  4.4814 -23.7292 16.8910
v  4.0783 -23.2981 16.8907
v  3.7092 -23.8540 16.8903
v  4.8738 -23.0405 16.8912
v  4.4326 -22.6222 16.8927
v  5.2103 -22.3408 16.8948
v  4.7268 -21.9552 16.9002
v  5.5362 -21.5474 16.9106
v  5.0041 -21.2209 16.9235
v  5.7953 -20.7021 16.9520
v  5.2201 -20.4386 16.9697
v  6.0043 -19.9274 17.0131
v  5.3370 -19.6436 17.0405
v  5.7925 -19.5125 17.0531
v  6.1240 -18.4767 17.1855
v  6.3478 -18.2679 17.2189
v  5.6847 -18.2013 17.2279
v  5.9453 -18.4981 17.1823
v  6.4680 -17.3843 17.3705
v  5.7766 -17.4088 17.3645
v  6.5237 -16.4533 17.5632
v  5.8064 -16.5790 17.5345
v  6.5597 -15.3651 17.8358
v  5.8022 -15.5905 17.7728
v  6.5334 -14.5137 18.0904
v  5.7111 -14.7856 18.0037
v  6.4852 -13.6107 18.3852
v  5.3184 -13.8654 18.3005
v  3.4587 -25.0499 16.8912
v  6.3929 -19.2967 17.0781
v  6.2350 -19.3848 17.0681
v  0.0011 -26.0267 16.8841
v  0.7194 -25.9589 16.8851
v  0.6713 -25.7417 16.8634
v  1.3717 -25.7298 16.8853
v  1.2910 -25.5128 16.8623
v  1.9903 -25.3448 16.8854
v  1.8837 -25.1185 16.8602
v  2.3766 -24.6620 16.8583
v  2.7870 -24.1177 16.8481
v  3.2692 -23.4635 16.8489
v  3.4220 -23.5660 16.8760
v  3.8635 -23.0722 16.8863
v  3.6454 -22.8545 16.8522
v  4.1999 -22.4034 16.8895
v  3.9641 -22.1948 16.8544
v  4.4696 -21.7515 16.8992
v  4.2146 -21.5583 16.8647
v  4.7168 -21.0498 16.9274
v  4.4352 -20.8888 16.8915
v  4.9118 -20.3057 16.9739
v  4.6071 -20.1744 16.9305
v  4.8641 -19.7777 16.9989
v  4.6673 -19.7878 16.9519
v  4.9894 -18.8272 17.0925
v  5.4582 -18.6652 17.1579
v  5.3224 -18.1870 17.2240
v  4.9724 -18.1688 17.1545
v  5.3976 -17.4361 17.3531
v  5.0334 -17.4595 17.2711
v  5.4148 -16.6633 17.5094
v  5.0399 -16.7412 17.4136
v  5.3943 -15.7456 17.7318
v  4.9890 -15.9031 17.6321
v  5.2606 -14.9682 17.9479
v  4.8295 -15.1625 17.8565
v  4.8933 -14.1406 18.2090
v  4.4989 -14.3996 18.1124
v  4.5007 -19.7332 16.8995
v  4.3787 -19.6213 16.8481
v  3.2915 -14.3313 17.6811
v  3.4917 -14.1441 17.9595
v  1.0277 -13.4897 17.9584
v  1.0581 -13.3491 18.1418
v  1.8964 -13.6373 17.9096
v  1.9456 -13.4848 18.1100
v  2.6444 -13.9138 17.8183
v  2.7553 -13.7443 18.0568
v  4.0727 -13.2414 18.5074
v  3.8798 -13.5814 18.3936
v  1.1329 -13.0177 18.5197
v  1.1723 -12.8101 18.6482
v  2.0548 -13.1138 18.5046
v  2.1111 -12.8797 18.6278
v  3.0061 -13.3020 18.4747
v  3.1355 -13.0205 18.5813
v  5.4662 -13.0487 18.5640
v  4.2955 -12.7644 18.6592
v  1.2231 -12.4693 18.7592
v  2.1816 -12.5163 18.7437
v  3.2956 -12.6181 18.7089
v  3.6855 -13.8966 18.2211
v  1.0942 -13.1939 18.3418
v  1.9992 -13.3123 18.3212
v  2.8773 -13.5435 18.2902
v  5.6188 -13.0570 18.5606
v  5.8589 -11.4052 19.1339
v  5.8619 -12.2480 18.8431
v  5.8589 -11.0583 19.2544
v  5.8589 -10.6798 19.4385
v  5.8589 -10.8464 19.3345
v  5.8589 -10.5437 19.5700
v  6.6408 -10.4175 19.8920
v  5.8588 -10.4179 19.8920
v  5.8589 -10.4473 19.7270
v  0.0011 -25.3787 16.7756
v  0.5708 -25.3120 16.7722
v  3.7484 -14.8308 17.5223
v  3.2853 -14.3370 17.6726
v  4.2663 -16.1168 17.1562
v  4.0664 -15.4499 17.3315
v  1.0261 -13.4970 17.9490
v  1.1082 -25.0938 16.7607
v  1.6362 -24.6976 16.7415
v  2.0664 -24.2458 16.7226
v  2.5083 -23.6611 16.7014
v  2.8722 -23.0825 16.6859
v  3.1859 -22.4827 16.6753
v  3.4622 -21.8463 16.6700
v  3.6784 -21.2362 16.6716
v  3.8577 -20.6189 16.6810
v  4.0153 -19.9644 16.6996
v  4.1388 -19.3523 16.7276
v  4.2427 -18.7281 16.7674
v  4.3288 -18.0972 16.8230
v  4.3793 -17.4665 16.8987
v  4.3671 -16.8347 17.0010
v  2.6401 -13.9203 17.8092
v  1.8941 -13.6444 17.9003
v  4.1502 -19.3549 16.7249
v  1.7037 -26.7849 16.9331
v  2.4881 -26.4257 16.9329
v  3.1254 -26.0199 16.9330
v  3.7487 -25.5034 16.9334
v  5.3133 -23.4302 16.9323
v  5.6909 -22.6801 16.9362
v  6.0425 -21.8451 16.9538
v  6.3523 -20.9593 16.9777
v  6.5913 -20.1401 17.0359
v  6.7997 -19.2938 17.1226
v  6.9834 -18.3773 17.2477
v  7.1288 -17.4210 17.4084
v  7.2203 -16.4042 17.6175
v  7.2857 -15.2993 17.9021
v  7.3202 -14.3926 18.1772
v  7.3224 -13.5036 18.4680
v  7.2143 -12.2620 18.8857
v  7.0597 -11.4126 19.1795
v  6.9740 -11.0623 19.3011
v  6.7959 -10.5718 19.5956
v  0.9271 -27.0098 17.0730
v  4.3763 -24.8509 17.0724
v  4.9033 -24.1354 17.0705
v  6.9133 -10.9251 19.5045
v  6.8619 -10.7859 19.5865
v  6.7580 -10.6018 19.8017
v  6.7135 -10.5780 19.9300
v  1.7083 -26.7974 17.0729
v  2.4947 -26.4379 17.0726
v  3.1335 -26.0312 17.0727
v  3.7578 -25.5131 17.0733
v  5.3211 -23.4352 17.0722
v  5.6937 -22.6834 17.0768
v  6.0429 -21.8486 17.0946
v  6.3554 -20.9670 17.1180
v  6.5970 -20.1537 17.1753
v  6.8048 -19.3116 17.2617
v  6.9854 -18.3988 17.3865
v  7.1279 -17.4467 17.5466
v  7.2170 -16.4357 17.7544
v  7.2804 -15.3370 18.0375
v  7.3152 -14.4347 18.3113
v  7.3198 -13.5478 18.6013
v  7.2131 -12.3074 19.0184
v  7.0574 -11.4592 19.3119
v  6.9692 -11.1120 19.4325
v  6.8087 -10.6760 19.6890
v  3.9038 -15.5372 17.5197
v  4.0939 -16.1768 17.3525
v  0.0011 -13.6386 18.1266
v  1.0061 -13.6716 18.1162
v  3.6075 -14.9537 17.6952
v  1.0238 -24.9333 16.9623
v  0.5273 -25.1352 16.9735
v  1.5222 -24.5580 16.9443
v  1.9331 -24.1224 16.9265
v  2.3670 -23.5535 16.9096
v  2.7221 -22.9879 16.8948
v  3.0303 -22.3986 16.8847
v  3.2990 -21.7778 16.8791
v  3.5110 -21.1796 16.8830
v  3.6865 -20.5735 16.8934
v  3.8418 -19.9322 16.9122
v  3.9653 -19.3265 16.9387
v  4.1525 -18.0897 17.0337
v  4.0693 -18.7116 16.9790
v  4.2013 -17.4810 17.1076
v  4.1899 -16.8709 17.2060
v  2.5672 -14.0822 17.9821
v  3.1625 -14.4652 17.8539
v  1.8511 -13.8170 18.0687
v  0.0011 -25.1970 16.9759
v  3.7177 -24.9915 16.8911
v  3.8927 -24.9646 16.8911
v  4.1488 -24.7300 16.8908
v  4.1910 -24.5581 16.8910
v  2.7057 -23.9639 16.8123
v  2.9594 -23.4590 16.7846
v  2.8215 -23.5381 16.7637
v  3.1110 -23.4308 16.8151
v  4.1641 -24.3830 16.8906
v  3.9664 -24.3285 16.7764
v  3.9956 -24.3025 16.8602
v  3.6423 -23.9206 16.8623
v  3.6136 -23.9428 16.7884
v  3.6056 -24.8190 16.7770
v  3.5088 -24.7478 16.7769
v  3.4797 -24.7723 16.8596
v  3.5919 -24.8571 16.8598
v  3.7230 -24.8865 16.8591
v  3.7254 -24.8482 16.7771
v  3.8562 -24.8660 16.8591
v  3.8425 -24.8302 16.7770
v  3.9732 -24.7952 16.8590
v  3.9472 -24.7670 16.7770
v  4.0554 -24.6856 16.8594
v  4.0193 -24.6682 16.7768
v  4.1257 -24.7193 16.8908
v  4.1655 -24.5570 16.8906
v  4.0924 -24.5428 16.8612
v  4.1402 -24.3917 16.8905
v  4.0654 -24.4186 16.8584
v  4.0535 -24.2487 16.8904
v  3.1707 -24.3794 16.7885
v  2.8852 -24.0689 16.7770
v  2.8536 -24.0739 16.8313
v  3.1470 -24.3962 16.8597
v  2.8469 -23.7065 16.6996
v  2.8145 -23.6902 16.7604
v  2.7751 -23.8104 16.7748
v  2.8079 -23.8200 16.7163
v  3.6914 -23.8714 16.8903
v  3.4060 -23.5853 16.8757
v  3.3661 -23.6291 16.8520
v  3.0957 -24.4389 16.8896
v  3.4217 -24.8274 16.8909
v  2.7296 -23.9561 16.8149
v  2.8077 -24.1034 16.8494
v  2.7854 -23.9434 16.7994
v  2.7138 -23.8065 16.7862
v  2.8374 -23.5568 16.7712
v  2.7563 -23.6648 16.7698
v  2.8848 -23.6016 16.7617
v  2.9672 -23.4824 16.7891
v  2.9850 -23.5404 16.7769
v  3.1101 -23.4561 16.8185
v  3.1164 -23.5170 16.8010
v  3.2592 -23.4869 16.8496
v  3.2451 -23.5428 16.8264
v  3.3472 -23.6512 16.7890
v  3.2463 -23.5774 16.7702
v  3.5564 -24.9262 16.8910
v  3.7188 -24.9660 16.8911
v  3.8840 -24.9406 16.8910
v  4.0269 -24.8540 16.8909
v  4.0475 -24.5532 16.7767
v  4.0289 -24.4312 16.7766
v  2.8164 -23.9460 16.7449
v  2.9160 -23.6246 16.6996
v  3.0189 -23.5664 16.7158
v  3.1310 -23.5503 16.7426
v  4.0441 -24.8728 16.8910
v  3.5456 -24.9493 16.8911
v  2.7346 -23.6542 16.7633
v  6.5556 -18.9787 17.1168
v  6.5340 -18.7973 17.1406
v  6.4441 -18.6381 17.1623
v  6.3005 -18.5259 17.1784
v  4.2991 -19.4636 16.8094
v  4.4504 -19.0252 16.8782
v  4.3434 -19.1472 16.8245
v  4.5832 -18.9571 16.9423
v  5.9862 -18.6129 17.0665
v  5.9721 -18.5854 17.1416
v  5.4896 -18.7430 17.1240
v  5.5059 -18.7685 17.0591
v  6.5146 -18.8035 17.1395
v  6.4391 -18.8241 17.1041
v  6.4534 -18.9667 17.0839
v  6.5353 -18.9771 17.1168
v  6.4286 -18.6512 17.1604
v  6.3705 -18.6971 17.1227
v  6.3796 -19.2813 17.0797
v  6.3235 -19.2122 17.0510
v  6.1981 -19.2811 17.0417
v  6.2272 -19.3663 17.0699
v  6.3402 -18.7133 17.0472
v  6.2576 -18.6062 17.1365
v  6.2392 -18.6331 17.0626
v  6.4881 -19.1440 17.0960
v  6.4126 -19.1023 17.0654
v  6.2913 -18.5438 17.1756
v  6.1225 -18.4968 17.1824
v  6.1173 -18.5661 17.1428
v  5.7641 -19.4174 17.0286
v  5.7869 -19.4933 17.0550
v  4.9955 -18.8463 17.0927
v  4.5897 -18.9759 16.9451
v  4.6173 -19.0303 16.9279
v  5.0210 -18.8997 17.0640
v  4.8496 -19.6789 16.9251
v  4.8499 -19.7040 16.9784
v  5.3112 -19.5598 17.0200
v  5.3037 -19.5304 16.9562
v  4.4618 -19.1985 16.8310
v  4.4221 -19.1932 16.8282
v  4.3815 -19.3150 16.8116
v  4.4220 -19.3115 16.8162
v  4.3092 -19.3111 16.8100
v  4.3169 -19.4577 16.8177
v  4.3864 -19.4432 16.8145
v  4.6450 -19.0491 16.8759
v  4.5076 -19.0889 16.8715
v  4.5479 -19.1004 16.8184
v  4.4794 -19.5598 16.7865
v  4.4278 -19.4441 16.8201
v  4.4457 -19.5689 16.8440
v  4.5684 -19.6451 16.8339
v  4.5416 -19.6641 16.8870
v  4.6798 -19.7167 16.9299
v  4.6942 -19.6914 16.8807
v  5.9499 -18.5175 17.1794
v  5.4649 -18.6840 17.1558
v  5.7549 -19.3832 16.9531
v  6.4026 -18.8256 17.0263
v  6.4175 -18.9530 17.0037
v  6.3030 -19.1776 16.9664
v  6.1905 -19.2407 16.9566
v  6.3826 -19.0765 16.9828
v  6.1147 -18.5977 17.0695
v  5.0422 -18.9198 17.0060
v  4.8606 -19.7579 16.9998
v  5.3314 -19.6244 17.0419
v  4.3587 -19.1581 16.8327
v  4.4608 -19.0418 16.8836
v  4.3933 -19.6083 16.8538
v  4.5099 -19.7153 16.9029
v  4.6696 -19.7677 16.9533
v  5.9971 -18.6206 16.8320
v  6.1149 -18.6083 16.8320
v  5.5257 -18.7730 16.8316
v  5.0625 -18.9228 16.8305
v  4.6574 -19.0493 16.8304
v  4.5581 -19.0964 16.8305
v  4.4899 -19.5447 16.8243
v  4.5726 -19.6206 16.8344
v  4.7004 -19.6858 16.8272
v  4.8650 -19.6679 16.8303
v  5.3182 -19.5187 16.8319
v  5.7628 -19.3735 16.8324
v  6.1935 -19.2328 16.8336
v  6.3058 -19.1660 16.8341
v  6.3820 -19.0604 16.8346
v  6.4101 -18.9352 16.8347
v  6.3881 -18.8115 16.8344
v  6.3227 -18.7083 16.8335
v  6.2268 -18.6385 16.8326
v  6.0014 -18.6378 16.7673
v  6.1135 -18.6263 16.7668
v  5.5325 -18.7895 16.7672
v  5.0696 -18.9392 16.7663
v  4.6664 -19.0653 16.7664
v  4.5730 -19.1087 16.7663
v  4.4849 -19.2111 16.7630
v  4.4513 -19.3125 16.7576
v  4.4575 -19.4379 16.7580
v  4.5062 -19.5289 16.7609
v  4.5795 -19.6026 16.7641
v  4.7049 -19.6663 16.7631
v  4.8637 -19.6494 16.7663
v  5.3148 -19.5012 16.7674
v  5.7586 -19.3563 16.7677
v  6.1870 -19.2165 16.7683
v  6.2948 -19.1521 16.7681
v  6.3666 -19.0517 16.7684
v  6.3926 -18.9330 16.7685
v  6.3710 -18.8163 16.7683
v  6.3088 -18.7195 16.7678
v  6.2185 -18.6543 16.7672
v  6.0365 -18.8075 16.6635
v  6.1145 -19.0587 16.6635
v  6.1748 -19.0228 16.6635
v  6.0995 -18.8009 16.6635
v  6.1104 -18.6650 16.7131
v  6.0094 -18.6753 16.7137
v  6.0203 -18.7287 16.6775
v  6.1060 -18.7199 16.6771
v  5.5443 -18.8257 16.7137
v  5.5603 -18.8774 16.6776
v  5.0812 -18.9755 16.7132
v  5.0968 -19.0274 16.6773
v  4.6804 -19.1010 16.7133
v  4.6990 -19.1518 16.6774
v  4.5959 -19.1402 16.7131
v  4.6263 -19.1859 16.6772
v  4.5179 -19.2310 16.7111
v  4.5622 -19.2586 16.6757
v  4.4901 -19.3182 16.7090
v  4.5400 -19.3272 16.6755
v  4.4951 -19.4292 16.7091
v  4.5438 -19.4173 16.6754
v  4.5346 -19.5076 16.7088
v  4.5750 -19.4790 16.6737
v  4.5990 -19.5715 16.7092
v  4.6285 -19.5276 16.6730
v  4.7123 -19.6265 16.7107
v  4.7221 -19.5713 16.6761
v  4.8557 -19.6118 16.7133
v  4.8429 -19.5590 16.6774
v  5.3030 -19.4650 16.7139
v  5.2851 -19.4139 16.6776
v  5.7469 -19.3201 16.7140
v  5.7294 -19.2688 16.6776
v  6.1712 -19.1817 16.7142
v  6.1483 -19.1321 16.6776
v  6.2686 -19.1234 16.7137
v  6.2307 -19.0829 16.6771
v  6.3313 -19.0357 16.7139
v  6.2805 -19.0137 16.6772
v  6.3539 -18.9321 16.7140
v  6.2985 -18.9318 16.6772
v  6.3349 -18.8303 16.7139
v  6.2837 -18.8511 16.6772
v  6.2806 -18.7459 16.7136
v  6.2407 -18.7841 16.6772
v  6.2017 -18.6893 16.7133
v  6.1783 -18.7391 16.6771
v  6.1003 -18.7908 16.6635
v  6.0345 -18.7976 16.6635
v  5.5811 -18.9443 16.6635
v  5.5842 -18.9538 16.6635
v  5.1170 -19.0943 16.6635
v  5.1201 -19.1038 16.6635
v  4.7232 -19.2173 16.6635
v  4.7268 -19.2267 16.6635
v  4.6658 -19.2445 16.6635
v  4.6718 -19.2527 16.6635
v  4.6189 -19.2943 16.6635
v  4.6276 -19.2996 16.6635
v  4.6033 -19.3384 16.6635
v  4.6134 -19.3399 16.6635
v  4.6061 -19.4016 16.6635
v  4.6160 -19.3992 16.6635
v  4.6308 -19.4386 16.6635
v  4.6413 -19.4314 16.6635
v  4.6690 -19.4670 16.6635
v  4.6743 -19.4585 16.6635
v  4.7348 -19.5010 16.6635
v  4.7367 -19.4907 16.6635
v  4.8268 -19.4910 16.6635
v  4.8246 -19.4811 16.6635
v  5.2622 -19.3477 16.6635
v  5.2591 -19.3382 16.6635
v  5.7069 -19.2024 16.6635
v  5.7038 -19.1929 16.6635
v  6.1186 -19.0679 16.6635
v  6.1817 -19.0303 16.6635
v  6.2145 -18.9850 16.6635
v  6.2052 -18.9808 16.6635
v  6.2266 -18.9312 16.6635
v  6.2164 -18.9309 16.6635
v  6.2171 -18.8780 16.6635
v  6.2076 -18.8817 16.6635
v  6.1890 -18.8336 16.6635
v  6.1816 -18.8406 16.6635
v  6.1478 -18.8036 16.6635
v  6.1434 -18.8128 16.6635
v  3.6136 -23.9428 16.6174
v  3.9664 -24.3285 16.6174
v  3.6056 -24.8190 16.6174
v  3.5088 -24.7478 16.6174
v  3.7254 -24.8482 16.6174
v  3.8425 -24.8302 16.6174
v  3.9472 -24.7670 16.6174
v  4.0193 -24.6682 16.6174
v  4.0475 -24.5531 16.6174
v  4.0289 -24.4312 16.6174
v  3.1707 -24.3794 16.6174
v  2.8852 -24.0689 16.6174
v  3.2463 -23.5774 16.6174
v  3.3472 -23.6512 16.6174
v  3.1310 -23.5503 16.6174
v  3.0189 -23.5664 16.6174
v  2.9160 -23.6246 16.6174
v  2.8469 -23.7065 16.6174
v  2.8079 -23.8200 16.6174
v  2.8164 -23.9460 16.6174
v  3.6066 -23.9491 16.5732
v  3.9589 -24.3341 16.5730
v  3.6096 -24.8104 16.5726
v  3.5150 -24.7408 16.5730
v  3.7258 -24.8388 16.5726
v  3.8393 -24.8213 16.5727
v  3.9408 -24.7600 16.5726
v  4.0107 -24.6642 16.5727
v  4.0381 -24.5527 16.5726
v  4.0200 -24.4345 16.5726
v  3.1776 -24.3730 16.5732
v  2.8931 -24.0632 16.5733
v  3.2398 -23.5915 16.5787
v  3.3408 -23.6584 16.5733
v  3.1305 -23.5601 16.5730
v  3.0221 -23.5756 16.5729
v  2.9222 -23.6321 16.5730
v  2.8555 -23.7114 16.5732
v  2.8179 -23.8216 16.5733
v  2.8263 -23.9431 16.5733
v  3.5176 -24.0305 16.5014
v  3.2664 -24.2914 16.5014
v  3.5960 -24.6506 16.5014
v  3.8619 -24.4069 16.5014
v  3.9413 -24.3474 16.5353
v  3.5904 -23.9639 16.5356
v  3.5642 -23.9879 16.5111
v  3.9127 -24.3688 16.5109
v  3.3259 -23.6750 16.5358
v  3.3022 -23.7015 16.5112
v  3.2287 -23.6157 16.5450
v  3.2151 -23.6454 16.5166
v  3.1296 -23.5826 16.5354
v  3.1280 -23.6187 16.5110
v  3.0293 -23.5969 16.5353
v  3.0410 -23.6311 16.5109
v  2.9365 -23.6494 16.5353
v  2.9595 -23.6772 16.5109
v  2.8753 -23.7226 16.5357
v  2.9066 -23.7403 16.5111
v  2.8405 -23.8247 16.5359
v  2.8762 -23.8294 16.5112
v  2.8484 -23.9365 16.5359
v  2.8830 -23.9262 16.5112
v  2.9112 -24.0501 16.5359
v  2.9401 -24.0292 16.5113
v  3.1938 -24.3582 16.5356
v  3.2200 -24.3341 16.5111
v  3.5297 -24.7244 16.5353
v  3.5536 -24.6978 16.5109
v  3.6191 -24.7901 16.5348
v  3.6345 -24.7572 16.5106
v  3.7268 -24.8164 16.5348
v  3.7284 -24.7801 16.5106
v  3.8317 -24.8002 16.5348
v  3.8193 -24.7661 16.5106
v  3.9257 -24.7435 16.5348
v  3.9011 -24.7166 16.5106
v  3.9904 -24.6548 16.5348
v  3.9575 -24.6395 16.5106
v  4.0157 -24.5517 16.5348
v  3.9794 -24.5501 16.5106
v  3.9990 -24.4421 16.5347
v  3.9648 -24.4546 16.5106
v  3.5287 -24.0203 16.5014
v  3.8740 -24.3979 16.5014
v  3.2701 -23.7372 16.5014
v  3.1973 -23.6840 16.5014
v  3.1258 -23.6672 16.5014
v  3.0567 -23.6772 16.5014
v  2.9906 -23.7146 16.5014
v  2.9486 -23.7642 16.5014
v  2.9242 -23.8354 16.5014
v  2.9294 -23.9124 16.5014
v  2.9790 -24.0010 16.5014
v  3.2554 -24.3016 16.5014
v  3.5859 -24.6618 16.5014
v  3.6552 -24.7127 16.5014
v  3.7305 -24.7311 16.5014
v  3.8025 -24.7200 16.5014
v  3.8680 -24.6805 16.5014
v  3.9130 -24.6188 16.5014
v  3.9304 -24.5480 16.5014
v  3.9187 -24.4713 16.5014
v  3.2600 -23.7485 16.5014
v  3.1909 -23.6979 16.5014
v  3.1252 -23.6824 16.5014
v  3.0616 -23.6916 16.5014
v  3.0003 -23.7263 16.5014
v  2.9619 -23.7717 16.5014
v  2.9394 -23.8374 16.5014
v  2.9441 -23.9081 16.5014
v  2.9912 -23.9921 16.5014
v  3.6617 -24.6989 16.5014
v  3.7312 -24.7158 16.5014
v  3.7973 -24.7056 16.5014
v  3.8576 -24.6692 16.5014
v  3.8992 -24.6123 16.5014
v  3.9151 -24.5473 16.5014
v  3.9043 -24.4766 16.5014
v  5.4704 -13.0264 18.5965
v  5.4702 -13.0319 18.7251
v  4.3062 -12.7328 18.8199
v  4.3058 -12.7411 18.6911
v  1.2266 -12.4442 18.7919
v  1.2266 -12.4363 18.9205
v  2.1862 -12.4912 18.7761
v  2.1863 -12.4829 18.9049
v  3.3045 -12.5942 18.7409
v  3.3048 -12.5857 18.8697
v  5.8344 -12.6892 18.7195
v  5.8339 -12.7252 18.8275
v  5.8041 -12.8642 18.7806
v  5.8049 -12.8499 18.6586
v  5.7192 -12.9823 18.7427
v  5.7201 -12.9757 18.6146
v  5.6117 -13.0408 18.7215
v  5.6126 -13.0342 18.5934
v  5.8369 -12.2561 18.8668
v  5.8369 -12.2928 18.9745
v  5.8339 -11.4134 19.1575
v  5.8339 -11.4506 19.2651
v  5.8339 -11.0669 19.2779
v  5.8339 -11.1058 19.3849
v  5.8339 -10.6951 19.4582
v  5.8338 -10.7651 19.5479
v  5.8338 -10.9079 19.4589
v  5.8339 -10.8575 19.3569
v  5.8339 -10.5632 19.5856
v  5.8339 -10.6520 19.6569
v  5.8338 -10.4426 19.8964
v  5.8338 -10.5546 19.9166
v  5.8339 -10.5770 19.7765
v  5.8339 -10.4706 19.7359
v  5.4705 -13.0253 18.5715
v  4.3057 -12.7427 18.6661
v  1.2267 -12.4457 18.7669
v  2.1862 -12.4929 18.7511
v  3.3045 -12.5958 18.7159
v  5.8290 -12.8556 18.6311
v  5.8606 -12.6852 18.6946
v  5.8344 -12.6813 18.6957
v  5.8051 -12.8470 18.6338
v  5.7381 -12.9921 18.5840
v  5.7203 -12.9744 18.5896
v  5.6128 -13.0329 18.5685
v  5.8369 -12.2480 18.8431
v  5.8339 -11.4052 19.1339
v  5.8339 -11.0583 19.2544
v  5.8339 -10.6798 19.4385
v  5.8339 -10.8464 19.3345
v  5.8339 -10.5437 19.5700
v  5.8338 -10.4179 19.8920
v  5.8339 -10.4472 19.7270
v  4.2912 -19.3083 16.8006
v  6.5063 -19.1532 17.0950
v  -3.3898 -24.1609 16.5014
v  -3.1234 -23.8703 16.5014
v  -3.7267 -24.5287 16.5014
v  -6.0733 -18.9331 16.6635
v  -5.6418 -19.0733 16.6635
v  -5.1873 -19.2210 16.6635
v  -4.7735 -19.3539 16.6635
v  3.3920 -24.1609 16.5014
v  3.7289 -24.5287 16.5014
v  3.0675 -23.8030 16.5014
v  3.1256 -23.8703 16.5014
v  3.0323 -23.7599 16.5014
v  3.7830 -24.5877 16.5014
v  3.8231 -24.6315 16.5014
v  6.0755 -18.9331 16.6635
v  5.6440 -19.0733 16.6635
v  5.1896 -19.2210 16.6635
v  4.7757 -19.3539 16.6635
# 16752 vertices

o 5172_HC
g 5172_HC
s 1
f 2 15 1 
f 6 2120 2121 5 
f 16 17 2120 6 
f 7 2124 2126 8 
f 8 2126 2114 9 
f 10 9 2114 2129 
f 11 2131 2133 12 
f 13 2115 2136 14 
f 14 2136 2138 15 
f 18 19 17 16 
f 20 21 19 18 
f 22 2142 21 20 
f 23 24 2142 22 
f 25 26 24 23 
f 27 28 26 25 
f 29 30 28 27 
f 31 32 30 29 
f 33 34 32 31 
f 35 2150 34 33 
f 36 2152 2150 35 
f 1902 1903 36 
f 5 1890 1891 6 
f 6 1891 1892 16 
f 2121 2124 7 5 
f 7 1889 1890 5 
f 8 1888 1889 7 
f 9 1887 1888 8 
f 10 1886 1887 9 
f 2129 2131 11 10 
f 11 1885 1886 10 
f 12 1884 1885 11 
f 2133 2115 13 12 
f 13 1883 1884 12 
f 14 1882 1883 13 
f 15 3 1882 14 
f 16 1892 1893 18 
f 18 1893 4 20 
f 20 4 1894 22 
f 22 1894 1895 23 
f 23 1895 1896 25 
f 25 1896 1897 27 
f 27 1897 1898 29 
f 29 1898 1899 31 
f 31 1899 1900 33 
f 33 1900 1901 35 
f 35 1901 1902 36 
f 2 3 15 
f 15 2138 2177 1 
f 1903 1904 36 
f 1904 2179 2152 36 
s 2
f 37 183 185 40 
f 41 39 37 40 
f 62 115 58 
f 46 42 43 
f 51 50 48 49 
f 50 51 52 53 
f 57 60 111 59 
f 56 47 44 
f 58 47 56 
f 45 116 117 61 
f 68 184 63 64 
f 1653 192 195 1652 
f 63 184 180 179 
f 1656 194 192 1655 
f 40 73 71 41 
f 73 68 72 71 
f 68 74 72 
f 68 75 74 
f 64 77 68 
f 83 148 1790 1789 
f 125 90 119 121 
f 96 190 1662 1663 
f 89 90 125 
f 94 93 134 
f 99 98 1687 1698 
f 101 100 1689 1688 
f 103 102 1691 1690 
f 105 104 1693 1692 
f 107 106 1695 1694 
f 107 1696 1697 106 
f 52 54 53 
f 55 53 54 60 
f 111 113 110 59 
f 114 45 61 108 
f 112 114 108 109 
f 113 112 109 110 
f 116 115 62 117 
f 146 147 120 148 
f 83 84 148 
f 85 118 81 120 
f 90 86 119 
f 86 81 118 119 
f 121 78 126 125 
f 125 126 91 89 
f 78 122 133 126 
f 126 133 134 92 
f 123 124 130 127 
f 127 130 131 128 
f 128 131 189 188 
f 124 79 82 130 
f 130 82 95 131 
f 131 95 187 189 
f 122 123 127 133 
f 133 127 128 134 
f 134 128 188 190 
f 126 92 91 
f 93 92 134 
f 42 115 161 150 
f 119 118 169 170 
f 121 119 170 171 
f 78 121 171 172 
f 122 78 172 173 
f 123 122 173 174 
f 124 123 174 175 
f 79 124 175 176 
f 46 43 141 143 
f 47 46 143 144 
f 44 47 144 142 
f 136 141 145 218 
f 141 136 138 143 
f 143 138 139 144 
f 144 139 137 142 
f 141 43 140 145 
f 147 85 120 
f 148 84 146 
f 147 146 1309 1312 
f 85 147 1312 1308 
f 145 140 158 160 
f 219 145 160 220 
f 149 169 1308 150 
f 149 161 162 151 
f 151 162 163 152 
f 152 163 164 153 
f 153 164 165 154 
f 154 165 166 155 
f 155 166 167 156 
f 156 167 168 157 
f 158 140 43 159 
f 159 43 42 150 
f 158 1309 1310 160 
f 160 1310 1311 220 
f 169 149 151 170 
f 170 151 152 171 
f 171 152 153 172 
f 172 153 154 173 
f 173 154 155 174 
f 174 155 156 175 
f 175 156 157 176 
f 161 115 116 162 
f 162 116 45 163 
f 163 45 114 164 
f 164 114 112 165 
f 165 112 113 166 
f 166 113 111 167 
f 167 111 60 168 
f 161 149 150 
f 168 60 1319 1320 
f 157 168 1320 1321 
f 176 157 1321 1322 
f 79 176 1322 1323 
f 51 49 1324 1325 
f 52 51 1325 1326 
f 54 52 1326 1327 
f 60 54 1327 1319 
f 82 79 1323 1328 
f 37 39 1368 1372 
f 39 1324 1343 1368 
f 49 48 1336 1342 
f 178 183 199 197 
f 178 193 195 181 
f 182 186 185 181 
f 180 194 191 179 
f 180 184 186 182 
f 183 178 181 185 
f 183 37 196 199 
f 186 73 40 185 
f 184 68 73 186 
f 1660 1661 188 189 
f 1659 1660 189 187 
f 1661 1662 190 188 
f 96 94 134 190 
f 192 182 181 195 
f 194 180 182 192 
f 1651 1652 195 193 
f 1656 1657 191 194 
f 193 178 197 200 
f 95 82 1328 1329 
f 187 95 1329 1330 
f 1659 187 1330 1658 
f 199 204 203 197 
f 1674 1651 193 200 
f 196 202 204 199 
f 197 203 205 200 
f 1673 1674 200 205 
f 204 2385 2386 203 
f 202 2387 2385 204 
f 203 2386 2388 205 
f 196 37 1369 1370 
f 202 196 1370 1371 
f 209 212 213 210 
f 210 213 214 211 
f 211 216 2399 
f 212 206 207 213 
f 213 207 208 214 
f 214 208 215 
f 211 214 215 216 
f 212 209 1306 1305 
f 206 212 1305 1283 
f 209 1363 1367 1306 
f 145 545 218 
f 145 219 545 
f 221 1792 1791 290 
f 286 246 1752 1717 
f 223 1913 1910 222 
f 223 224 1915 1913 
f 226 1921 1919 225 
f 228 1928 1925 227 
f 229 1930 1928 228 
f 230 231 1936 1934 
f 234 1946 1942 233 
f 2442 1710 1699 2445 
f 219 1792 1799 293 
f 1955 247 1700 1948 
f 1961 248 1701 1951 
f 1967 249 1702 1957 
f 1973 250 1703 1963 
f 1979 291 1747 1969 
f 250 1747 1704 252 
f 2470 2471 1700 1705 
f 2473 2470 1705 1706 
f 2475 2473 1706 1707 
f 2477 2475 1707 1708 
f 2479 2477 1708 1709 
f 2442 2479 1709 1710 
f 246 286 1744 1711 
f 235 1946 234 
f 237 1981 236 
f 1985 292 1746 1975 
f 237 238 1798 1981 
f 239 240 1794 1793 
f 240 241 1795 1794 
f 241 242 1796 1795 
f 242 243 1797 1796 
f 282 295 1749 1738 
f 244 296 1750 1715 
f 245 297 1751 1740 
f 254 263 1718 1711 
f 263 264 1719 1718 
f 264 265 1720 1719 
f 266 267 1722 1721 
f 269 271 1722 1723 
f 262 268 1724 1716 
f 268 271 1725 1724 
f 265 274 1726 1720 
f 274 275 1727 1726 
f 275 247 1701 1727 
f 270 276 1728 1723 
f 276 248 1702 1728 
f 271 269 1729 1725 
f 269 277 1730 1729 
f 277 249 1703 1730 
f 261 272 1731 1714 
f 272 273 1732 1731 
f 260 279 1733 1713 
f 279 280 1734 1733 
f 273 278 1735 1732 
f 278 252 1704 1735 
f 280 281 1736 1734 
f 281 251 1712 1736 
f 283 282 1738 1737 
f 284 1741 1740 244 
f 285 1742 1717 245 
f 289 288 1744 1743 
f 289 1745 1699 288 
f 224 225 1919 1915 
f 226 227 1925 1921 
f 229 230 1934 1930 
f 232 233 1942 1940 
f 231 232 1940 1936 
f 292 255 1712 1746 
f 238 239 1793 1798 
f 253 266 1721 1748 
f 283 1739 1715 282 
f 294 259 1797 1799 
f 295 260 1713 1749 
f 296 261 1714 1750 
f 297 262 1716 1751 
f 246 253 1748 1752 
f 314 299 300 
f 4338 4339 304 337 
f 4343 311 308 4342 
f 1301 314 311 4344 
f 316 1301 315 
f 321 317 318 
f 322 324 319 320 
f 325 317 321 
f 336 323 324 322 
f 326 325 321 328 
f 327 328 330 
f 330 328 331 332 
f 335 329 323 336 
f 331 334 333 332 
f 334 329 335 333 
f 320 319 342 345 
f 303 301 302 338 
f 304 303 338 337 
f 308 304 4340 4341 
f 311 4343 4344 
f 308 4341 4342 
f 304 4339 4340 
f 340 344 343 341 
f 342 340 341 345 
f 344 302 301 343 
f 318 317 588 644 
f 322 320 589 590 
f 336 322 590 591 
f 335 336 591 592 
f 333 335 592 593 
f 332 333 593 594 
f 330 332 594 595 
f 327 330 595 596 
f 326 327 596 597 
f 325 326 597 598 
f 317 325 598 588 
f 304 308 599 600 
f 303 304 600 601 
f 301 303 601 602 
f 343 301 602 603 
f 341 343 603 604 
f 345 341 604 605 
f 320 345 605 589 
f 314 300 606 607 
f 311 314 607 608 
f 308 311 608 599 
f 328 327 326 
f 4358 756 4357 
f 456 457 455 458 
f 722 4362 475 470 
f 4351 473 474 4350 
f 4358 4359 773 756 
f 4359 4360 357 773 
f 4360 359 357 
f 4361 361 677 4360 
f 671 361 4361 
f 671 4361 4362 722 
f 4349 472 477 4348 
f 386 459 609 377 
f 611 610 612 613 
f 609 459 610 611 
f 395 387 388 
f 395 396 387 
f 394 389 390 391 
f 398 399 406 
f 404 469 401 
f 404 403 402 
f 403 404 399 398 
f 419 633 632 409 
f 408 406 399 
f 408 631 406 
f 413 630 629 412 
f 414 635 630 413 
f 418 634 635 414 
f 421 422 629 411 
f 408 409 632 631 
f 418 405 633 634 
f 393 390 389 387 
f 4351 4352 471 473 
f 404 401 437 438 
f 399 404 438 439 
f 408 399 439 440 
f 409 408 440 441 
f 419 409 441 
f 417 419 441 
f 416 417 441 442 
f 410 416 442 
f 411 410 442 443 
f 421 411 443 444 
f 392 393 387 
f 397 392 387 
f 396 397 387 
f 389 394 460 461 
f 387 389 461 462 
f 388 387 462 463 
f 422 421 464 465 
f 429 452 445 430 
f 430 445 446 431 
f 431 446 447 432 
f 432 447 448 433 
f 433 448 449 434 
f 434 449 450 435 
f 435 450 451 436 
f 437 429 430 438 
f 438 430 431 439 
f 439 431 432 440 
f 440 432 433 441 
f 441 433 434 442 
f 442 434 435 443 
f 443 435 436 444 
f 452 391 390 445 
f 445 390 393 446 
f 446 393 392 447 
f 447 392 397 448 
f 448 397 396 449 
f 449 396 395 450 
f 450 395 388 451 
f 451 388 463 466 
f 436 451 466 467 
f 444 436 467 468 
f 421 444 468 464 
f 4363 4364 457 476 
f 4362 4363 476 475 
f 677 359 4360 
f 455 4368 4369 
f 457 4367 455 
f 458 4356 4345 456 
f 457 4365 4366 
f 456 4345 4346 
f 610 382 379 612 
f 455 4369 4370 613 
f 459 384 382 610 
f 4371 4375 609 611 
f 459 385 384 
f 383 376 609 4375 
f 457 456 477 476 
f 456 4346 4347 477 
f 386 385 459 
f 609 376 377 
f 4370 4371 611 613 
f 460 354 353 461 
f 461 353 372 462 
f 462 372 370 463 
f 464 355 378 465 
f 463 370 369 466 
f 466 369 368 467 
f 467 368 367 468 
f 468 367 355 464 
f 404 402 400 469 
f 469 400 479 480 
f 401 469 480 481 
f 437 401 481 482 
f 429 437 482 483 
f 452 429 483 484 
f 391 452 484 485 
f 394 391 485 486 
f 475 641 652 470 
f 473 636 637 474 
f 474 637 638 472 
f 471 478 636 473 
f 476 640 641 475 
f 477 639 640 476 
f 472 638 639 477 
f 478 373 636 
f 373 374 636 
f 374 375 636 
f 375 346 636 
f 346 371 636 
f 371 427 636 
f 471 4352 4353 488 
f 478 471 488 489 
f 373 478 489 490 
f 374 373 490 491 
f 375 374 491 492 
f 346 375 492 493 
f 371 346 493 494 
f 427 371 494 495 
f 428 427 495 496 
f 364 428 496 497 
f 453 364 497 498 
f 350 453 498 499 
f 454 350 499 500 
f 351 454 500 501 
f 394 486 502 460 
f 305 487 502 
f 479 313 339 480 
f 480 339 312 481 
f 481 312 310 482 
f 482 310 309 483 
f 483 309 307 484 
f 484 307 306 485 
f 485 306 305 486 
f 4353 4338 337 488 
f 488 337 338 489 
f 489 338 302 490 
f 490 302 344 491 
f 491 344 340 492 
f 492 340 342 493 
f 493 342 319 494 
f 494 319 324 495 
f 495 324 323 496 
f 496 323 329 497 
f 497 329 334 498 
f 498 334 331 499 
f 499 331 328 500 
f 500 328 321 501 
f 486 305 502 
f 487 354 460 502 
f 4349 4350 474 472 
f 507 533 538 504 
f 518 505 506 
f 507 508 534 533 
f 509 534 508 
f 535 527 536 537 
f 504 1304 511 
f 512 541 526 
f 528 541 514 515 
f 505 518 534 517 
f 519 535 534 518 
f 538 520 510 
f 539 521 520 538 
f 539 540 522 521 
f 540 542 524 523 
f 524 542 541 528 
f 530 529 542 
f 540 536 543 542 
f 531 543 544 
f 532 543 536 527 
f 541 542 529 526 
f 542 543 531 530 
f 535 537 533 534 
f 536 540 539 537 
f 537 539 538 533 
f 509 517 534 
f 535 503 527 
f 535 519 503 
f 543 532 544 
f 541 525 516 
f 541 516 514 
f 540 523 522 
f 512 513 525 541 
f 513 512 547 624 
f 518 506 548 549 
f 519 518 549 550 
f 503 519 550 551 
f 527 503 551 552 
f 532 527 552 553 
f 544 532 553 554 
f 531 544 554 555 
f 530 531 555 556 
f 529 530 556 557 
f 526 529 557 558 
f 512 526 558 547 
f 508 507 559 560 
f 509 508 560 561 
f 517 509 561 562 
f 505 517 562 563 
f 506 505 563 4355 
f 400 548 564 479 
f 506 4355 564 
f 504 511 565 
f 545 587 546 
f 504 565 559 507 
f 300 546 587 606 
f 547 412 423 624 
f 548 400 402 549 
f 549 402 403 550 
f 550 403 398 551 
f 551 398 406 552 
f 552 406 407 553 
f 553 407 415 554 
f 554 415 405 555 
f 555 405 418 556 
f 556 418 414 557 
f 557 414 413 558 
f 558 413 412 547 
f 559 300 299 560 
f 560 299 298 561 
f 561 298 316 562 
f 562 316 315 563 
f 563 315 4354 4355 
f 548 506 564 
f 4355 313 479 564 
f 565 546 300 559 
f 566 223 222 647 
f 567 233 232 568 
f 568 232 231 569 
f 569 231 230 570 
f 570 230 229 571 
f 571 229 228 572 
f 572 228 227 573 
f 573 227 226 574 
f 574 226 225 575 
f 575 225 224 576 
f 576 224 223 566 
f 577 240 239 578 
f 578 239 238 579 
f 579 238 237 580 
f 580 237 236 581 
f 581 236 235 582 
f 582 235 234 583 
f 583 234 233 567 
f 584 243 242 585 
f 585 242 241 586 
f 586 241 240 577 
f 587 293 243 584 
f 584 606 587 
f 588 566 647 646 
f 589 567 568 590 
f 590 568 569 591 
f 591 569 570 592 
f 592 570 571 593 
f 593 571 572 594 
f 594 572 573 595 
f 595 573 574 596 
f 596 574 575 597 
f 597 575 576 598 
f 598 576 566 588 
f 599 577 578 600 
f 600 578 579 601 
f 601 579 580 602 
f 602 580 581 603 
f 603 581 582 604 
f 604 582 583 605 
f 605 583 567 589 
f 606 584 585 607 
f 607 585 586 608 
f 608 586 577 599 
f 379 4356 458 612 
f 612 458 455 613 
f 516 525 620 623 
f 514 516 623 619 
f 615 620 614 
f 378 379 621 617 
f 616 620 615 
f 618 622 382 384 
f 619 623 622 618 
f 620 621 622 623 
f 621 379 382 622 
f 620 525 513 614 
f 616 617 621 620 
f 614 513 624 625 
f 615 614 625 626 
f 616 615 626 627 
f 617 616 627 628 
f 378 617 628 465 
f 624 423 426 625 
f 625 426 420 626 
f 626 420 425 627 
f 627 425 424 628 
f 628 424 422 465 
f 633 405 415 632 
f 630 410 411 629 
f 635 416 410 630 
f 634 417 416 635 
f 632 415 407 631 
f 633 419 417 634 
f 631 407 406 
f 422 424 629 
f 423 412 629 
f 426 423 629 
f 420 426 629 
f 425 420 629 
f 424 425 629 
f 636 427 428 637 
f 637 428 364 638 
f 638 364 453 639 
f 639 453 350 640 
f 640 350 454 641 
f 641 454 351 642 
f 457 4366 4367 
f 4367 4368 455 
f 457 4364 4365 
f 588 646 644 
f 649 650 651 
f 1906 2942 2943 648 
f 648 222 1910 1906 
f 648 2943 2945 651 
f 651 647 222 648 
f 650 646 647 651 
f 651 2945 645 649 
f 641 642 652 
f 657 661 653 
f 660 655 654 
f 660 656 655 
f 661 657 656 660 
f 772 771 660 654 
f 661 660 771 770 
f 666 663 664 
f 667 663 666 
f 674 685 668 669 
f 685 674 775 688 
f 685 686 670 668 
f 678 694 361 671 
f 670 686 681 
f 687 682 681 686 
f 672 2974 2975 
f 359 692 673 357 
f 675 689 688 775 
f 676 690 689 675 
f 776 691 690 676 
f 776 673 692 691 
f 359 677 693 692 
f 361 694 693 677 
f 679 695 694 678 
f 726 696 695 679 
f 727 697 696 726 
f 728 698 697 727 
f 680 687 698 728 
f 694 695 699 693 
f 695 696 700 699 
f 696 697 701 700 
f 693 699 691 692 
f 699 700 690 691 
f 700 701 689 690 
f 697 698 702 701 
f 698 687 686 702 
f 701 702 688 689 
f 702 686 685 688 
f 351 703 708 642 
f 707 710 716 706 
f 710 707 3004 3005 
f 713 708 703 704 
f 709 713 704 705 
f 716 709 705 706 
f 642 708 711 652 
f 708 718 711 
f 713 712 718 708 
f 709 719 712 713 
f 709 716 714 719 
f 716 710 715 714 
f 710 3005 3016 715 
f 3017 721 935 3020 
f 652 711 931 470 
f 711 718 932 931 
f 718 712 936 932 
f 714 934 933 719 
f 715 935 934 714 
f 723 717 679 678 
f 720 721 680 728 
f 678 671 722 723 
f 717 724 726 679 
f 724 725 727 726 
f 725 720 728 727 
f 721 3017 3031 680 
f 3032 3033 729 730 
f 736 735 732 731 
f 737 778 734 
f 739 780 735 736 
f 738 741 733 740 
f 752 746 745 
f 754 749 743 779 
f 752 753 750 746 
f 763 767 756 773 
f 756 767 4374 4357 
f 4373 766 759 4372 
f 767 766 4373 4374 
f 766 765 761 759 
f 767 763 765 766 
f 662 768 769 777 
f 661 662 659 653 
f 357 673 763 773 
f 774 674 669 
f 755 775 674 774 
f 675 775 755 762 
f 762 761 676 675 
f 761 765 776 676 
f 765 763 673 776 
f 777 897 658 662 
f 712 719 933 936 
f 687 680 3031 2974 
f 684 687 2974 672 
f 683 687 684 
f 683 682 687 
f 761 762 759 
f 753 742 751 750 
f 742 749 754 751 
f 737 740 733 778 
f 747 779 743 744 
f 747 748 779 
f 739 741 738 780 
f 667 665 663 
f 782 785 786 
f 661 770 768 662 
f 662 658 659 
f 783 666 664 784 
f 782 783 784 785 
f 787 730 729 781 
f 786 787 781 782 
f 668 670 901 902 
f 669 668 902 903 
f 784 664 901 904 
f 785 784 904 905 
f 786 785 905 906 
f 787 786 906 907 
f 730 787 907 908 
f 3032 730 908 3100 
f 667 666 915 909 
f 665 667 909 910 
f 771 772 916 917 
f 770 771 917 918 
f 768 770 918 919 
f 769 768 919 920 
f 665 930 903 
f 764 760 937 938 
f 757 764 938 939 
f 758 757 939 940 
f 754 779 795 803 
f 751 754 803 804 
f 750 751 804 805 
f 746 750 805 806 
f 745 810 807 
f 779 748 801 795 
f 788 802 796 789 
f 789 796 797 790 
f 790 797 798 791 
f 791 798 799 792 
f 792 799 811 809 
f 794 808 802 788 
f 795 788 789 803 
f 803 789 790 804 
f 804 790 791 805 
f 805 791 792 806 
f 806 792 809 810 
f 814 794 788 
f 802 735 780 796 
f 796 780 738 797 
f 797 738 740 798 
f 798 740 737 799 
f 799 737 734 811 
f 808 732 735 802 
f 811 800 812 809 
f 809 813 807 810 
f 734 800 811 
f 745 746 806 810 
f 788 795 801 814 
f 817 832 844 816 
f 815 818 832 817 
f 838 840 820 819 
f 837 821 820 840 
f 837 865 863 821 
f 836 818 815 822 
f 825 847 842 824 
f 816 844 827 828 
f 827 844 829 
f 826 847 825 
f 832 831 830 844 
f 832 818 833 831 
f 836 834 833 818 
f 836 865 864 834 
f 837 840 839 835 
f 840 838 841 839 
f 838 3172 3173 841 
f 854 842 847 
f 830 846 823 844 
f 846 845 847 823 
f 850 848 849 
f 851 856 854 852 
f 854 853 852 
f 853 854 847 845 
f 857 856 850 
f 857 858 862 856 
f 856 862 859 843 
f 860 862 1088 861 
f 829 844 823 
f 826 829 823 
f 826 823 847 
f 855 1089 1088 862 
f 854 856 843 842 
f 851 848 850 856 
f 858 855 862 
f 825 824 961 921 
f 826 825 921 922 
f 829 826 922 923 
f 827 829 923 924 
f 865 836 822 863 
f 865 837 835 864 
f 816 828 876 886 
f 819 820 878 884 
f 817 816 886 888 
f 815 817 888 889 
f 822 815 889 890 
f 863 822 890 891 
f 821 863 891 892 
f 820 821 892 878 
f 3209 898 900 3212 
f 867 885 877 868 
f 869 887 893 875 
f 868 877 879 870 
f 870 879 880 871 
f 871 880 881 872 
f 872 881 882 873 
f 873 882 883 874 
f 874 883 887 869 
f 875 895 896 899 
f 876 867 868 886 
f 878 869 875 884 
f 886 868 870 888 
f 888 870 871 889 
f 889 871 872 890 
f 890 872 873 891 
f 891 873 874 892 
f 892 874 869 878 
f 884 875 899 900 
f 885 772 654 877 
f 887 658 866 893 
f 877 654 655 879 
f 879 655 656 880 
f 880 656 657 881 
f 881 657 653 882 
f 882 653 659 883 
f 883 659 658 887 
f 893 894 895 
f 893 866 894 
f 875 893 895 
f 3236 896 911 3238 
f 781 729 911 912 
f 782 781 912 913 
f 783 782 913 914 
f 897 866 658 
f 666 783 914 915 
f 898 819 884 900 
f 899 3236 3212 900 
f 896 3236 899 
f 828 827 924 925 
f 876 828 925 926 
f 867 876 926 927 
f 885 867 927 928 
f 772 885 4376 916 
f 760 929 941 937 
f 901 664 663 902 
f 902 663 665 903 
f 901 670 681 904 
f 904 681 682 905 
f 905 682 683 906 
f 906 683 684 907 
f 907 684 672 908 
f 908 672 2975 3100 
f 915 897 777 909 
f 909 777 769 910 
f 910 769 920 930 
f 911 729 3033 3238 
f 911 896 895 912 
f 912 895 894 913 
f 913 894 866 914 
f 914 866 897 915 
f 916 759 762 917 
f 917 762 755 918 
f 918 755 774 919 
f 919 774 669 920 
f 921 732 808 922 
f 922 808 794 923 
f 923 794 814 924 
f 924 814 801 925 
f 925 801 748 926 
f 926 748 747 927 
f 927 747 744 928 
f 4376 4372 759 916 
f 929 885 941 
f 920 669 903 930 
f 665 910 930 
f 860 859 862 
f 935 715 3016 3020 
f 931 723 722 470 
f 932 717 723 931 
f 936 724 717 932 
f 934 720 725 933 
f 935 721 720 934 
f 933 725 724 936 
f 859 860 974 942 
f 843 859 942 943 
f 842 843 943 944 
f 824 842 944 945 
f 736 731 946 947 
f 739 736 947 948 
f 741 739 948 949 
f 733 741 949 950 
f 778 733 950 951 
f 734 778 951 952 
f 800 734 952 953 
f 812 800 953 954 
f 793 812 954 955 
f 813 793 955 956 
f 807 813 956 957 
f 745 807 957 958 
f 752 745 958 959 
f 753 752 959 960 
f 742 753 960 940 
f 824 945 962 961 
f 976 977 975 974 
f 978 979 968 969 
f 969 968 970 971 
f 971 970 977 976 
f 972 973 979 978 
f 937 744 743 938 
f 938 743 749 939 
f 939 749 742 940 
f 941 928 744 937 
f 942 386 377 943 
f 943 377 376 944 
f 944 376 383 945 
f 946 383 381 947 
f 947 381 380 948 
f 948 380 348 949 
f 949 348 347 950 
f 950 347 643 951 
f 951 643 349 952 
f 952 349 352 953 
f 953 352 366 954 
f 954 366 365 955 
f 955 365 363 956 
f 956 363 362 957 
f 957 362 360 958 
f 958 360 358 959 
f 959 358 356 960 
f 960 356 758 940 
f 945 383 962 
f 885 928 941 
f 962 946 731 961 
f 383 946 962 
f 961 731 732 921 
f 703 351 501 964 
f 704 703 964 965 
f 705 704 965 966 
f 706 705 966 967 
f 707 706 967 963 
f 501 321 318 964 
f 964 318 644 965 
f 965 644 646 966 
f 966 646 650 967 
f 967 650 649 963 
f 977 384 385 975 
f 974 860 861 976 
f 979 514 619 968 
f 969 861 978 
f 968 619 618 970 
f 971 861 969 
f 970 618 384 977 
f 976 861 971 
f 973 515 514 979 
f 978 861 1088 972 
f 974 975 942 
f 975 385 386 942 
f 988 1102 1099 983 
f 1003 1002 1000 1001 
f 1006 1004 1002 1003 
f 1006 1007 1005 1004 
f 1225 1008 1227 
f 1280 1090 1011 
f 1012 1031 1334 1143 
f 1012 1143 1014 1013 
f 1014 1144 1017 1013 
f 1090 1281 1015 1016 
f 1090 1280 1281 
f 1334 1031 1029 1030 
f 1022 1021 1020 1055 
f 1021 1022 1024 1023 
f 1023 1024 1026 1025 
f 1028 1027 1025 1026 
f 1030 1029 1027 1028 
f 1033 1032 1038 1039 
f 1034 1035 1037 1036 
f 1036 1037 1039 1038 
f 1040 1032 1033 1041 
f 1040 1041 1043 1042 
f 1042 1043 1045 1044 
f 1044 1045 1047 1046 
f 1046 1047 1049 1048 
f 1020 1061 1122 1055 
f 1105 1106 1103 1104 
f 1056 1057 1058 
f 2006 1147 1148 2005 
f 1992 1999 1073 1991 
f 177 1332 217 1086 
f 1087 1307 1035 1034 
f 1088 1089 1093 1094 
f 1092 1091 1090 1016 
f 1094 1093 1091 1092 
f 984 985 991 1098 
f 986 981 207 1097 
f 1097 980 1101 
f 982 1096 1100 1101 
f 1097 989 986 
f 981 208 207 
f 1097 1095 993 989 
f 1095 992 993 
f 991 992 1095 1098 
f 1098 1095 1100 1102 
f 1100 1095 1097 1101 
f 1100 1096 1099 1102 
f 988 990 1102 
f 990 984 1098 1102 
f 980 999 1101 
f 999 998 1101 
f 998 997 1101 
f 997 996 1101 
f 996 995 1101 
f 995 994 1101 
f 994 982 1101 
f 207 206 987 
f 1087 1034 1282 1283 
f 1106 1048 1049 1103 
f 1104 1057 1056 1105 
f 983 1099 1284 1285 
f 1106 1105 1284 1286 
f 1048 1106 1286 1287 
f 1046 1048 1287 1288 
f 1044 1046 1288 1289 
f 1042 1044 1289 1290 
f 1040 1042 1290 1291 
f 1032 1040 1291 1292 
f 1038 1032 1292 1293 
f 1036 1038 1293 1294 
f 1034 1036 1294 1282 
f 1008 1005 1007 2016 
f 1008 1009 1010 
f 1005 1008 1112 1118 
f 1004 1005 1118 1119 
f 1002 1004 1119 1120 
f 1000 1002 1120 1121 
f 1062 1052 1295 1296 
f 1107 1117 1113 1108 
f 1108 1113 1114 1109 
f 1109 1114 1115 1110 
f 1110 1115 1116 1111 
f 1112 1107 1108 1118 
f 1118 1108 1109 1119 
f 1119 1109 1110 1120 
f 1120 1110 1111 1121 
f 1117 985 984 1113 
f 1113 984 990 1114 
f 1114 990 988 1115 
f 1115 988 983 1116 
f 1057 1054 1059 1058 
f 1054 1051 1062 1060 
f 1054 1060 1059 
f 1051 1052 1062 
f 1116 983 1285 1297 
f 1111 1116 1297 1298 
f 1121 1111 1298 1299 
f 1000 1121 1299 1296 
f 1061 1050 1122 
f 1050 1053 1054 1122 
f 1053 1051 1054 
f 1069 2010 2011 1134 
f 1074 1069 1134 1137 
f 1991 1073 1136 1990 
f 1073 1074 1137 1136 
f 2012 2013 1139 1129 
f 1129 1139 1142 1132 
f 1131 1141 1988 1989 
f 1132 1142 1141 1131 
f 2011 2012 1129 1134 
f 1134 1129 1132 1137 
f 1136 1131 1989 1990 
f 1137 1132 1131 1136 
f 2013 2014 1124 1139 
f 1139 1124 1127 1142 
f 1141 1126 1987 1988 
f 1142 1127 1126 1141 
f 1135 1125 1228 1229 
f 1130 1135 1229 1230 
f 1140 1130 1230 1231 
f 1072 1140 1231 1232 
f 1075 1072 1232 1233 
f 2014 2015 1235 1124 
f 1127 1124 1235 1236 
f 1126 1127 1236 1237 
f 1987 1126 1237 1986 
f 1144 1015 1281 1017 
f 1076 1075 1233 1239 
f 1077 1076 1239 1240 
f 1078 1077 1240 1241 
f 1079 1078 1241 1242 
f 1080 1079 1242 1243 
f 1081 1080 1243 1244 
f 1082 1081 1244 1245 
f 1070 1082 1245 1246 
f 1071 1070 1246 1247 
f 1999 2000 1074 1073 
f 1992 1993 1999 
f 1993 1994 1999 
f 1994 1995 1999 
f 1995 1996 1999 
f 1996 1997 1999 
f 1997 1998 1999 
f 2020 2022 1146 1145 
f 2022 2025 1147 1146 
f 2025 2028 1148 1147 
f 2028 2031 1149 1148 
f 2031 2034 1150 1149 
f 2034 2037 1151 1150 
f 2037 2040 1152 1151 
f 2040 2043 1153 1152 
f 2043 2046 1154 1153 
f 2046 2049 1155 1154 
f 2049 2052 1156 1155 
f 2052 2055 1157 1156 
f 2055 2058 1158 1157 
f 2058 2061 1159 1158 
f 2061 2064 1160 1159 
f 2064 2020 1145 1160 
f 1152 1153 1074 
f 2004 1074 2003 
f 2006 2007 1145 1146 
f 2007 2008 1160 1145 
f 2008 2009 1159 1160 
f 2009 2010 1158 1159 
f 2006 1146 1147 
f 1168 1162 1163 
f 1170 1169 1167 1168 
f 1173 1171 1169 1170 
f 1173 1174 1172 1171 
f 1174 1161 1175 1172 
f 1179 1178 1176 1177 
f 1181 1180 1178 1179 
f 1183 1182 1180 1181 
f 1175 1161 1182 1183 
f 1168 1167 1166 1165 
f 1168 1165 1164 1162 
f 1165 1166 1198 1212 
f 1164 1165 1212 1213 
f 1162 1164 1213 1214 
f 1163 1162 1214 1215 
f 1166 1167 1203 1198 
f 1171 1172 1204 1218 
f 1169 1171 1218 1219 
f 1167 1169 1219 1203 
f 1179 1177 1226 1221 
f 1181 1179 1221 1222 
f 1183 1181 1222 1223 
f 1175 1183 1223 1224 
f 1172 1175 1224 1204 
f 1177 1271 1272 1226 
f 1184 1211 1199 1185 
f 1185 1199 1200 1186 
f 1186 1200 1201 1187 
f 1187 1201 1202 1188 
f 1189 1216 1211 1184 
f 1190 1217 1205 1191 
f 1191 1205 1206 1192 
f 1192 1206 1216 1189 
f 1193 1220 1207 1194 
f 1194 1207 1208 1195 
f 1195 1208 1209 1196 
f 1196 1209 1210 1197 
f 1197 1210 1217 1190 
f 1198 1184 1185 1212 
f 1212 1185 1186 1213 
f 1213 1186 1187 1214 
f 1214 1187 1188 1215 
f 1203 1189 1184 1198 
f 1204 1190 1191 1218 
f 1218 1191 1192 1219 
f 1219 1192 1189 1203 
f 1226 1193 1194 1221 
f 1221 1194 1195 1222 
f 1222 1195 1196 1223 
f 1223 1196 1197 1224 
f 1224 1197 1190 1204 
f 1211 1068 1085 1199 
f 1199 1085 1084 1200 
f 1200 1084 1083 1201 
f 1201 1083 1071 1202 
f 1216 1065 1068 1211 
f 1217 1064 1067 1205 
f 1205 1067 1066 1206 
f 1206 1066 1065 1216 
f 1220 1123 1138 1207 
f 1207 1138 1128 1208 
f 1208 1128 1133 1209 
f 1209 1133 1063 1210 
f 1210 1063 1064 1217 
f 1168 1163 1249 1250 
f 1202 1071 1247 1251 
f 1188 1202 1251 1252 
f 1215 1188 1252 1253 
f 1215 1253 1249 1163 
f 1052 1228 1300 1295 
f 1170 1168 1250 1254 
f 1173 1170 1254 1255 
f 1174 1173 1255 1256 
f 1123 1220 1257 1234 
f 208 981 1258 1259 
f 1008 1225 1260 1261 
f 1112 1008 1261 1262 
f 1107 1112 1262 1263 
f 1117 1107 1263 1264 
f 985 1117 1264 1265 
f 991 985 1265 1266 
f 992 991 1266 1267 
f 993 992 1267 1268 
f 989 993 1268 1269 
f 986 989 1269 1270 
f 981 986 1270 1258 
f 1177 1176 1248 1271 
f 1227 1273 1272 
f 1227 1010 1257 1273 
f 1008 1010 1227 
f 1161 1174 1256 1274 
f 1182 1161 1274 1275 
f 1180 1182 1275 1276 
f 1178 1180 1276 1277 
f 1176 1178 1277 1278 
f 1278 1279 1248 1176 
f 1228 1052 1051 1229 
f 1229 1051 1053 1230 
f 1230 1053 1050 1231 
f 1231 1050 1061 1232 
f 1232 1061 1020 1233 
f 2015 2016 1007 1235 
f 1235 1007 1006 1236 
f 1236 1006 1003 1237 
f 1233 1020 1021 1239 
f 1239 1021 1023 1240 
f 1240 1023 1025 1241 
f 1241 1025 1027 1242 
f 1242 1027 1029 1243 
f 1243 1029 1031 1244 
f 1244 1031 1012 1245 
f 1245 1012 1013 1246 
f 1246 1013 1017 1247 
f 1271 1227 1272 
f 1249 1011 1090 1250 
f 1247 1017 1018 1251 
f 1251 1018 1019 1252 
f 1252 1019 1011 1253 
f 1253 1011 1249 
f 1228 1125 1300 
f 1250 1090 1091 1254 
f 1254 1091 1093 1255 
f 1255 1093 1089 1256 
f 1257 1010 1009 1234 
f 1258 864 835 1259 
f 1260 849 848 1261 
f 1261 848 851 1262 
f 1262 851 852 1263 
f 1263 852 853 1264 
f 1264 853 845 1265 
f 1265 845 846 1266 
f 1266 846 830 1267 
f 1267 830 831 1268 
f 1268 831 833 1269 
f 1269 833 834 1270 
f 1270 834 864 1258 
f 1248 1225 1227 1271 
f 1273 1193 1226 1272 
f 1257 1220 1193 1273 
f 1256 1089 855 1274 
f 1274 855 858 1275 
f 1275 858 857 1276 
f 1276 857 850 1277 
f 1277 850 849 1278 
f 1260 1225 1279 
f 1278 849 1260 1279 
f 1225 1248 1279 
f 1011 1019 1280 
f 1280 1019 1018 1281 
f 1018 1017 1281 
f 1282 987 206 1283 
f 1284 1105 1056 1285 
f 1284 1099 1096 1286 
f 1286 1096 982 1287 
f 1287 982 994 1288 
f 1288 994 995 1289 
f 1289 995 996 1290 
f 1290 996 997 1291 
f 1291 997 998 1292 
f 1292 998 999 1293 
f 1293 999 980 1294 
f 1294 980 987 1282 
f 1295 1001 1000 1296 
f 1285 1056 1058 1297 
f 1297 1058 1059 1298 
f 1298 1059 1060 1299 
f 1299 1060 1062 1296 
f 1300 1238 1001 1295 
f 1125 1238 1300 
f 2005 1151 1152 1074 
f 2004 2005 1074 
f 2000 2001 2002 
f 1074 2002 2003 
f 1074 2000 2002 
f 2005 1150 1151 
f 1153 1154 1074 
f 1154 1155 1069 1074 
f 1156 1157 1069 
f 1069 1155 1156 
f 2010 1069 1157 1158 
f 2005 1149 1150 
f 1148 1149 2005 
f 809 793 813 
f 812 793 809 
f 1097 207 987 980 
f 314 298 299 
f 4344 4354 1301 
f 316 298 314 1301 
f 1301 4354 315 
f 835 839 1302 1259 
f 839 841 1303 1302 
f 841 3173 3659 1303 
f 1302 215 208 1259 
f 1303 216 215 1302 
f 545 219 293 587 
f 511 545 546 565 
f 504 538 510 1304 
f 1306 1086 217 1305 
f 1305 217 1087 1283 
f 37 1372 1373 
f 3661 1745 1753 3663 
f 290 1791 1800 1314 
f 283 1737 1754 1315 
f 284 1739 1755 1316 
f 285 1741 1756 1317 
f 287 1742 1757 1318 
f 289 1743 1758 1313 
f 1309 158 159 1312 
f 1312 159 150 1308 
f 1309 146 84 1310 
f 1310 84 83 1311 
f 1313 99 1698 1753 
f 1311 83 1789 1800 
f 1314 97 1696 1754 
f 1315 107 1694 1755 
f 1316 105 1692 1756 
f 1317 103 1690 1757 
f 1318 101 1688 1758 
f 169 118 85 1308 
f 77 76 68 
f 76 75 68 
f 192 1653 1654 
f 1319 74 75 1320 
f 1320 75 76 1321 
f 1321 76 77 1322 
f 1322 77 64 1323 
f 1324 39 41 1325 
f 1325 41 71 1326 
f 1326 71 72 1327 
f 1327 72 74 1319 
f 1323 64 63 1328 
f 1324 49 1342 1343 
f 1328 63 179 1329 
f 1329 179 191 1330 
f 1330 191 1657 1658 
f 1332 1307 1087 217 
f 1041 1033 1344 1345 
f 48 1347 1336 
f 48 1344 1346 
f 48 1346 1347 
f 1055 1122 1348 1349 
f 1043 1041 1345 1350 
f 1045 1043 1350 1351 
f 1047 1045 1351 1352 
f 1049 1047 1352 1353 
f 1103 1049 1353 1354 
f 1104 1103 1354 1355 
f 1057 1104 1355 1356 
f 1054 1057 1356 1357 
f 1122 1054 1357 1348 
f 1022 1055 1349 1358 
f 1024 1022 1358 1359 
f 1026 1024 1359 1360 
f 1028 1026 1360 1361 
f 1030 1362 1334 
f 44 142 1333 
f 137 1334 1335 
f 1030 1028 1361 1362 
f 1335 1333 142 137 
f 1368 1366 1340 
f 1343 1332 177 1368 
f 1336 1035 1307 1342 
f 1337 1363 1364 1338 
f 1338 1364 1365 1339 
f 1339 1365 3708 3709 
f 1337 1369 1373 1341 
f 1340 1366 1367 1341 
f 1342 1307 1332 1343 
f 1344 48 50 1345 
f 1347 1037 1035 1336 
f 1344 1033 1039 1346 
f 1346 1039 1037 1347 
f 1348 117 62 1349 
f 1345 50 53 1350 
f 1350 53 55 1351 
f 1351 55 57 1352 
f 1352 57 59 1353 
f 1353 59 110 1354 
f 1354 110 109 1355 
f 1355 109 108 1356 
f 1356 108 61 1357 
f 1357 61 117 1348 
f 1349 62 58 1358 
f 1358 58 56 1359 
f 1359 56 44 1360 
f 1360 44 1333 1361 
f 1361 1333 1335 1362 
f 1363 1337 1341 1367 
f 1363 209 210 1364 
f 1364 210 211 1365 
f 1365 211 2399 3708 
f 1366 1086 1306 1367 
f 1368 177 1086 1366 
f 1362 1335 1334 
f 1368 1340 1372 
f 1369 1337 1338 1370 
f 1370 1338 1339 1371 
f 1371 1339 3709 3711 
f 1372 1340 1341 1373 
f 1369 37 1373 
f 46 47 58 
f 115 42 46 58 
f 520 521 137 139 
f 510 520 139 138 
f 1304 510 138 136 
f 511 1304 136 218 
f 1334 137 521 522 
f 1143 1334 522 
f 1014 1143 522 523 
f 1144 1014 523 524 
f 1015 1144 524 528 
f 1016 1015 528 515 
f 1092 1016 515 973 
f 1094 1092 973 972 
f 1088 1094 972 
f 545 511 218 
f 1376 1375 1759 1760 
f 1375 1376 1802 1801 
f 1383 1382 1762 1761 
f 1386 1384 1764 1763 
f 1386 1766 1765 1384 
f 1387 1767 1768 1385 
f 3732 3733 1770 1769 
f 1379 1390 1392 1391 
f 1411 1427 1670 1671 
f 1412 1398 1401 1413 
f 1412 1414 1399 1398 
f 1414 1400 1399 
f 1667 1668 1413 1401 
f 1669 1415 1413 1668 
f 1414 1405 1404 1400 
f 1414 1416 1406 1405 
f 1416 1425 1407 1406 
f 1407 1425 1408 1409 
f 1417 1426 1425 1416 
f 1417 1415 1427 1426 
f 1413 1415 1417 1412 
f 1412 1417 1416 1414 
f 3765 3766 1419 1422 
f 1672 1423 1411 1671 
f 1408 1422 1419 1409 
f 3771 1421 1423 3773 
f 1422 1408 1410 1421 
f 1422 1421 3771 3765 
f 3775 1395 1429 3778 
f 1672 3779 3773 1423 
f 1423 1421 1410 1411 
f 1427 1415 1669 1670 
f 1426 1410 1408 1425 
f 1427 1411 1410 1426 
f 1428 1430 1378 1377 
f 1395 1393 1374 1429 
f 1374 1393 1396 
f 1391 1392 1394 
f 1393 1391 1394 1396 
f 1430 1390 1379 1378 
f 1419 3766 3788 1443 
f 1409 1419 1443 1444 
f 1407 1409 1444 1445 
f 1406 1407 1445 1446 
f 1405 1406 1446 1447 
f 1404 1405 1447 1448 
f 3795 3796 1437 1431 
f 1431 1437 1438 1432 
f 1432 1438 1439 1433 
f 1433 1439 1440 1434 
f 1434 1440 1441 1435 
f 1435 1441 1442 1436 
f 3788 3795 1431 1443 
f 1443 1431 1432 1444 
f 1444 1432 1433 1445 
f 1445 1433 1434 1446 
f 1446 1434 1435 1447 
f 1447 1435 1436 1448 
f 3796 3778 1429 1437 
f 1437 1429 1374 1438 
f 1438 1374 1396 1439 
f 1439 1396 1394 1440 
f 1440 1394 1392 1441 
f 1441 1392 1390 1442 
f 1667 1401 1467 1666 
f 1388 1770 1777 1487 
f 1385 1768 1778 1488 
f 1384 1765 1779 1489 
f 1382 1764 1780 1490 
f 1380 1762 1781 1491 
f 1376 1760 1782 1492 
f 1428 1802 1804 1493 
f 1430 1428 1493 1494 
f 1390 1430 1494 1495 
f 1442 1390 1495 1496 
f 1436 1442 1496 1497 
f 1448 1436 1497 1498 
f 1404 1448 1498 1499 
f 1400 1404 1499 1500 
f 1399 1400 1500 1501 
f 1398 1399 1501 1502 
f 1401 1398 1502 1467 
f 1449 1485 1664 1665 
f 3840 3841 1783 1771 
f 1451 1469 1784 1772 
f 1452 1470 1785 1773 
f 1453 1471 1786 1774 
f 1454 1472 1787 1775 
f 1455 1473 1788 1776 
f 1456 1474 1805 1803 
f 1457 1475 1476 1458 
f 1458 1476 1477 1459 
f 1459 1477 1478 1460 
f 1460 1478 1479 1461 
f 1461 1479 1480 1462 
f 1462 1480 1481 1463 
f 1463 1481 1482 1464 
f 1464 1482 1483 1465 
f 1465 1483 1484 1466 
f 1466 1484 1485 1449 
f 1467 1449 1665 1666 
f 3888 3840 1771 1777 
f 1487 1451 1772 1778 
f 1488 1452 1773 1779 
f 1489 1453 1774 1780 
f 1490 1454 1775 1781 
f 1491 1455 1776 1782 
f 1492 1456 1803 1804 
f 1493 1457 1458 1494 
f 1494 1458 1459 1495 
f 1495 1459 1460 1496 
f 1496 1460 1461 1497 
f 1497 1461 1462 1498 
f 1498 1462 1463 1499 
f 1499 1463 1464 1500 
f 1500 1464 1465 1501 
f 1501 1465 1466 1502 
f 1502 1466 1449 1467 
f 1485 96 1663 1664 
f 3841 3889 1687 1783 
f 1469 98 1689 1784 
f 1470 100 1691 1785 
f 1471 102 1693 1786 
f 1472 104 1695 1787 
f 1473 106 1697 1788 
f 1474 80 1790 1805 
f 1475 148 120 1476 
f 1476 120 81 1477 
f 1477 81 86 1478 
f 1478 86 90 1479 
f 1479 90 89 1480 
f 1480 89 91 1481 
f 1481 91 92 1482 
f 1482 92 93 1483 
f 1483 93 94 1484 
f 1484 94 96 1485 
f 1505 1506 1503 1504 
f 1507 1503 1506 
f 1509 1508 1503 1507 
f 1508 1509 1512 1510 
f 1525 1526 1527 1528 
f 1515 1516 1511 1514 
f 1518 1521 1523 1519 
f 1513 1514 1511 1524 
f 1526 1513 1524 1527 
f 1528 1510 1512 1525 
f 1517 1516 1515 1520 
f 1518 1517 1520 1521 
f 1531 1533 1532 1522 
f 1529 1519 1523 1530 
f 1522 1529 1530 1531 
f 1533 1534 1535 1532 
f 1534 1537 1536 1535 
f 1537 3926 3927 1536 
f 1536 3927 3928 1559 
f 1535 1536 1559 1560 
f 1519 1529 1561 1562 
f 1532 1535 1560 1563 
f 1522 1532 1563 1564 
f 1529 1522 1564 1561 
f 1538 1503 1565 1575 
f 1518 1519 1562 1566 
f 1517 1518 1566 1567 
f 1516 1517 1567 1568 
f 1511 1516 1568 1569 
f 1524 1511 1569 1570 
f 1527 1524 1570 1571 
f 1528 1527 1571 1572 
f 1510 1528 1572 1573 
f 1508 1510 1573 1574 
f 1503 1508 1574 1565 
f 67 1602 1623 1575 
f 1503 1538 1504 
f 1504 1538 1622 1603 
f 1505 1504 1603 1604 
f 1506 1505 1604 1605 
f 1507 1506 1605 1606 
f 1509 1507 1606 1607 
f 1512 1509 1607 1608 
f 1525 1512 1608 1615 
f 1514 1513 1609 1610 
f 1515 1514 1610 1611 
f 1520 1515 1611 1612 
f 1521 1520 1612 1613 
f 1523 1521 1613 1614 
f 1530 1523 1614 1617 
f 1526 1525 1615 1616 
f 1513 1526 1616 1609 
f 1531 1530 1617 1618 
f 1533 1531 1618 1619 
f 1534 1533 1619 1620 
f 1537 1534 1620 1621 
f 3926 1537 1621 3970 
f 1559 1420 1418 1560 
f 1561 1403 1402 1562 
f 1560 1418 1424 1563 
f 1563 1424 1397 1564 
f 1564 1397 1403 1561 
f 1565 66 67 1575 
f 1562 1402 1486 1566 
f 1566 1486 1450 1567 
f 1567 1450 1468 1568 
f 1568 1468 88 1569 
f 1569 88 135 1570 
f 1570 135 129 1571 
f 1571 129 132 1572 
f 1572 132 87 1573 
f 1573 87 1331 1574 
f 1574 1331 66 1565 
f 1576 1539 1622 1623 
f 65 38 1644 1645 
f 69 65 1645 1646 
f 201 3996 3997 1648 
f 38 198 1647 1644 
f 198 201 1648 1647 
f 1576 70 1650 1649 
f 1541 1540 1624 1625 
f 1542 1541 1625 1626 
f 1543 1542 1626 1627 
f 1544 1543 1627 1628 
f 1545 1544 1628 1629 
f 1552 1545 1629 1636 
f 1547 1546 1630 1631 
f 1548 1547 1631 1632 
f 1549 1548 1632 1633 
f 1550 1549 1633 1634 
f 1551 1550 1634 1635 
f 1554 1551 1635 1638 
f 1553 1552 1636 1637 
f 1546 1553 1637 1630 
f 1555 1554 1638 1639 
f 1556 1555 1639 1640 
f 1557 1556 1640 1641 
f 1558 1557 1641 1642 
f 1539 1643 1624 1540 
f 70 69 1646 1650 
f 1539 1576 1649 1643 
f 1602 70 1576 1623 
f 1622 1539 1540 1603 
f 1603 1540 1541 1604 
f 1604 1541 1542 1605 
f 1605 1542 1543 1606 
f 1606 1543 1544 1607 
f 1607 1544 1545 1608 
f 1608 1545 1552 1615 
f 1609 1546 1547 1610 
f 1610 1547 1548 1611 
f 1611 1548 1549 1612 
f 1612 1549 1550 1613 
f 1613 1550 1551 1614 
f 1614 1551 1554 1617 
f 1615 1552 1553 1616 
f 1616 1553 1546 1609 
f 1617 1554 1555 1618 
f 1618 1555 1556 1619 
f 1619 1556 1557 1620 
f 1620 1557 1558 1621 
f 1621 1558 4043 3970 
f 1622 1538 1575 1623 
f 192 1654 1655 
f 1624 1582 1583 1625 
f 1625 1583 1584 1626 
f 1626 1584 1585 1627 
f 1627 1585 1586 1628 
f 1628 1586 1587 1629 
f 1629 1587 1594 1636 
f 1630 1588 1589 1631 
f 1631 1589 1590 1632 
f 1632 1590 1591 1633 
f 1633 1591 1592 1634 
f 1634 1592 1593 1635 
f 1635 1593 1596 1638 
f 1636 1594 1595 1637 
f 1637 1595 1588 1630 
f 1638 1596 1597 1639 
f 1639 1597 1598 1640 
f 1640 1598 1599 1641 
f 1641 1599 1600 1642 
f 1642 1600 4063 4064 
f 1643 1601 1582 1624 
f 1644 1577 1578 1645 
f 1645 1578 1579 1646 
f 1647 1580 1577 1644 
f 1648 1581 1580 1647 
f 1650 1601 1649 
f 1646 1579 1601 1650 
f 1649 1601 1643 
f 38 65 1652 1651 
f 65 69 1653 1652 
f 69 70 1654 1653 
f 70 1602 1655 1654 
f 1602 67 1656 1655 
f 67 66 1657 1656 
f 66 1331 1658 1657 
f 1331 87 1659 1658 
f 87 132 1660 1659 
f 132 129 1661 1660 
f 129 135 1662 1661 
f 135 88 1663 1662 
f 88 1468 1664 1663 
f 1468 1450 1665 1664 
f 1450 1486 1666 1665 
f 1486 1402 1667 1666 
f 1402 1403 1668 1667 
f 1403 1397 1669 1668 
f 1397 1424 1670 1669 
f 1424 1418 1671 1670 
f 1418 1420 1672 1671 
f 1420 4071 3779 1672 
f 201 198 1674 1673 
f 198 38 1651 1674 
f 1675 1676 4074 4075 
f 1681 1682 1685 1686 
f 1677 1676 1679 1678 
f 1678 1679 1682 1681 
f 1597 1596 1684 
f 1677 1581 4084 4085 
f 1676 1677 4085 4074 
f 1683 1598 1597 1684 
f 1682 1683 1684 1685 
f 1686 1578 1577 1681 
f 1675 1600 1599 1680 
f 1676 1675 1680 1679 
f 1678 1580 1581 1677 
f 1680 1599 1598 1683 
f 1679 1680 1683 1682 
f 1681 1577 1580 1678 
f 1595 1594 1686 1685 
f 1588 1595 1685 1684 
f 1594 1587 1686 
f 1579 1578 1686 
f 1582 1601 1579 1686 
f 1584 1583 1686 
f 1583 1582 1686 
f 1585 1584 1686 
f 1586 1585 1686 
f 1587 1586 1686 
f 1596 1593 1684 
f 1593 1592 1684 
f 1592 1591 1684 
f 1591 1590 1684 
f 1590 1589 1684 
f 1589 1588 1684 
f 1687 3889 4088 1698 
f 1689 98 99 1688 
f 1691 100 101 1690 
f 1693 102 103 1692 
f 1695 104 105 1694 
f 1696 97 80 1697 
f 1752 297 245 1717 
f 1710 254 288 1699 
f 1700 2471 4089 1948 
f 1701 247 1955 1951 
f 1702 248 1961 1957 
f 1703 249 1967 1963 
f 1747 250 1973 1969 
f 1747 291 251 1704 
f 1700 247 275 1705 
f 1705 275 274 1706 
f 1706 274 265 1707 
f 1707 265 264 1708 
f 1708 264 263 1709 
f 1709 263 254 1710 
f 1744 288 254 1711 
f 1746 291 1979 1975 
f 1749 294 221 1738 
f 1750 295 282 1715 
f 1751 296 244 1740 
f 1718 253 246 1711 
f 1719 266 253 1718 
f 1720 267 266 1719 
f 1722 271 268 1721 
f 1722 267 270 1723 
f 1724 272 261 1716 
f 1725 273 272 1724 
f 1726 270 267 1720 
f 1727 276 270 1726 
f 1701 248 276 1727 
f 1728 277 269 1723 
f 1702 249 277 1728 
f 1729 278 273 1725 
f 1730 252 278 1729 
f 1703 250 252 1730 
f 1731 279 260 1714 
f 1732 280 279 1731 
f 1733 258 259 1713 
f 1734 257 258 1733 
f 1735 281 280 1732 
f 1704 251 281 1735 
f 1736 256 257 1734 
f 1712 255 256 1736 
f 1738 221 290 1737 
f 1741 285 245 1740 
f 1742 287 286 1717 
f 1744 286 287 1743 
f 1745 3661 2445 1699 
f 1712 251 291 1746 
f 1721 268 262 1748 
f 1739 284 244 1715 
f 1713 259 294 1749 
f 1714 260 295 1750 
f 1716 261 296 1751 
f 1748 262 297 1752 
f 1745 289 1313 1753 
f 1737 290 1314 1754 
f 1739 283 1315 1755 
f 1741 284 1316 1756 
f 1742 285 1317 1757 
f 1743 287 1318 1758 
f 1698 4088 3663 1753 
f 1696 107 1315 1754 
f 1694 105 1316 1755 
f 1692 103 1317 1756 
f 1690 101 1318 1757 
f 1688 99 1313 1758 
f 1759 1381 1380 1760 
f 1762 1380 1381 1761 
f 1764 1382 1383 1763 
f 1766 1387 1385 1765 
f 1767 1389 1388 1768 
f 1770 1388 1389 1769 
f 1770 3733 3888 1777 
f 1768 1388 1487 1778 
f 1765 1385 1488 1779 
f 1764 1384 1489 1780 
f 1762 1382 1490 1781 
f 1760 1380 1491 1782 
f 1783 1469 1451 1771 
f 1784 1470 1452 1772 
f 1785 1471 1453 1773 
f 1786 1472 1454 1774 
f 1787 1473 1455 1775 
f 1788 1474 1456 1776 
f 1771 1451 1487 1777 
f 1772 1452 1488 1778 
f 1773 1453 1489 1779 
f 1774 1454 1490 1780 
f 1775 1455 1491 1781 
f 1776 1456 1492 1782 
f 1687 98 1469 1783 
f 1689 100 1470 1784 
f 1691 102 1471 1785 
f 1693 104 1472 1786 
f 1695 106 1473 1787 
f 1697 80 1474 1788 
f 1790 80 97 1789 
f 1792 219 220 1791 
f 1792 221 294 1799 
f 1798 292 1985 1981 
f 1794 256 255 1793 
f 1795 257 256 1794 
f 1796 258 257 1795 
f 1797 259 258 1796 
f 1793 255 292 1798 
f 1797 243 293 1799 
f 1791 220 1311 1800 
f 1789 97 1314 1800 
f 1802 1428 1377 1801 
f 1802 1376 1492 1804 
f 1805 1475 1457 1803 
f 1803 1457 1493 1804 
f 1790 148 1475 1805 
f 1981 1946 235 236 
f 57 55 60 
f 4095 1673 205 2388 
f 2387 202 1371 3711 
f 3172 898 3209 
f 3172 838 819 898 
f 3004 707 963 3286 
f 2399 216 1303 3659 
f 4071 1420 1559 3928 
f 4043 1558 1642 4064 
f 4084 1581 1648 3997 
f 3996 201 1673 4095 
f 4063 1600 1675 4075 
f 1759 1375 1844 1856 
f 1375 1801 1862 1844 
f 1801 1377 1845 1862 
f 1377 1378 1846 1845 
f 1378 1379 1847 1846 
f 1379 1391 1853 1847 
f 1391 1393 1854 1853 
f 1393 1395 1855 1854 
f 1395 3775 4105 1855 
f 3732 1769 1861 4107 
f 1769 1389 1852 1861 
f 1389 1767 1860 1852 
f 1767 1387 1851 1860 
f 1387 1766 1859 1851 
f 1766 1386 1850 1859 
f 1386 1763 1858 1850 
f 1763 1383 1849 1858 
f 1383 1761 1857 1849 
f 1761 1381 1848 1857 
f 1381 1759 1856 1848 
f 1806 1807 4380 4382 
f 1807 1808 4386 4380 
f 1808 1809 4389 4386 
f 1809 1810 4392 4389 
f 1810 1811 4395 4392 
f 1811 1812 4398 4395 
f 1812 1813 4401 4398 
f 1813 1814 4404 4401 
f 1814 4126 4407 4404 
f 4127 1815 4410 4412 
f 1815 1816 4416 4410 
f 1816 1817 4419 4416 
f 1817 1818 4422 4419 
f 1818 1819 4425 4422 
f 1819 1820 4428 4425 
f 1820 1821 4431 4428 
f 1821 1822 4434 4431 
f 1822 1823 4437 4434 
f 1823 1824 4440 4437 
f 1824 1806 4382 4440 
f 1825 1863 1875 1837 
f 1843 1881 1863 1825 
f 1826 1864 1881 1843 
f 1827 1865 1864 1826 
f 1828 1866 1865 1827 
f 1834 1872 1866 1828 
f 1835 1873 1872 1834 
f 1836 1874 1873 1835 
f 4156 4157 1874 1836 
f 1842 1880 4160 4161 
f 1833 1871 1880 1842 
f 1841 1879 1871 1833 
f 1832 1870 1879 1841 
f 1840 1878 1870 1832 
f 1831 1869 1878 1840 
f 1839 1877 1869 1831 
f 1830 1868 1877 1839 
f 1838 1876 1868 1830 
f 1829 1867 1876 1838 
f 1837 1875 1867 1829 
f 1844 1825 1837 1856 
f 1862 1843 1825 1844 
f 1845 1826 1843 1862 
f 1846 1827 1826 1845 
f 1847 1828 1827 1846 
f 1853 1834 1828 1847 
f 1854 1835 1834 1853 
f 1855 1836 1835 1854 
f 4105 4156 1836 1855 
f 1861 1842 4161 4107 
f 1852 1833 1842 1861 
f 1860 1841 1833 1852 
f 1851 1832 1841 1860 
f 1859 1840 1832 1851 
f 1850 1831 1840 1859 
f 1858 1839 1831 1850 
f 1849 1830 1839 1858 
f 1857 1838 1830 1849 
f 1848 1829 1838 1857 
f 1856 1837 1829 1848 
f 1863 1807 1806 1875 
f 1881 1808 1807 1863 
f 1864 1809 1808 1881 
f 1865 1810 1809 1864 
f 1866 1811 1810 1865 
f 1872 1812 1811 1866 
f 1873 1813 1812 1872 
f 1874 1814 1813 1873 
f 4157 4126 1814 1874 
f 1880 1815 4127 4160 
f 1871 1816 1815 1880 
f 1879 1817 1816 1871 
f 1870 1818 1817 1879 
f 1878 1819 1818 1870 
f 1869 1820 1819 1878 
f 1877 1821 1820 1869 
f 1868 1822 1821 1877 
f 1876 1823 1822 1868 
f 1867 1824 1823 1876 
f 1875 1806 1824 1867 
s 1
f 1907 1909 2 1 
f 1909 1912 3 2 
f 1912 1916 1882 3 
f 1916 1918 1883 1882 
f 1918 1922 1884 1883 
f 1922 1924 1885 1884 
f 1924 1927 1886 1885 
f 1927 1931 1887 1886 
f 1931 1933 1888 1887 
f 1933 1937 1889 1888 
f 1937 1939 1890 1889 
f 1939 1943 1891 1890 
f 1943 1945 1892 1891 
f 1945 1982 1893 1892 
f 1982 1984 4 1893 
f 1984 1976 1894 4 
f 1976 1978 1895 1894 
f 1978 1970 1896 1895 
f 1970 1972 1897 1896 
f 1972 1964 1898 1897 
f 1964 1966 1899 1898 
f 1966 1958 1900 1899 
f 1958 1960 1901 1900 
f 1960 1952 1902 1901 
f 1952 1954 1903 1902 
f 1954 1949 1904 1903 
f 1949 4207 2179 1904 
f 4208 1907 1 2177 
s 2
f 1910 1913 1911 1908 
f 1913 1915 1914 1911 
f 1919 1921 1920 1917 
f 1925 1928 1926 1923 
f 1928 1930 1929 1926 
f 1934 1936 1935 1932 
f 1942 1946 1944 1941 
f 1955 1948 1947 1953 
f 1961 1951 1950 1959 
f 1967 1957 1956 1965 
f 1973 1963 1962 1971 
f 1979 1969 1968 1977 
f 1985 1975 1974 1983 
f 1915 1919 1917 1914 
f 1921 1925 1923 1920 
f 1930 1934 1932 1929 
f 1940 1942 1941 1938 
f 1936 1940 1938 1935 
f 2942 1906 1905 4235 
f 1906 1910 1908 1905 
f 1948 4089 4236 1947 
f 1951 1955 1953 1950 
f 1957 1961 1959 1956 
f 1963 1967 1965 1962 
f 1969 1973 1971 1968 
f 1975 1979 1977 1974 
f 1981 1985 1983 1980 
f 1946 1981 1980 1944 
s 1
f 1909 1907 1905 1908 
f 1912 1909 1908 1911 
f 1916 1912 1911 1914 
f 1918 1916 1914 1917 
f 1922 1918 1917 1920 
f 1924 1922 1920 1923 
f 1927 1924 1923 1926 
f 1931 1927 1926 1929 
f 1933 1931 1929 1932 
f 1937 1933 1932 1935 
f 1939 1937 1935 1938 
f 1943 1939 1938 1941 
f 1945 1943 1941 1944 
f 1982 1945 1944 1980 
f 1984 1982 1980 1983 
f 1976 1984 1983 1974 
f 1978 1976 1974 1977 
f 1970 1978 1977 1968 
f 1972 1970 1968 1971 
f 1964 1972 1971 1962 
f 1966 1964 1962 1965 
f 1958 1966 1965 1956 
f 1960 1958 1956 1959 
f 1952 1960 1959 1950 
f 1954 1952 1950 1953 
f 1949 1954 1953 1947 
f 1907 4208 4235 1905 
s 2
f 1001 1238 1986 
f 1238 1125 1987 1986 
f 1125 1135 1988 1987 
f 1135 1130 1989 1988 
f 1130 1140 1990 1989 
f 1140 1072 1991 1990 
f 1072 1075 1992 1991 
f 1075 1076 1993 1992 
f 1076 1077 1994 1993 
f 1077 1078 1995 1994 
f 1078 1079 1996 1995 
f 1079 1080 1997 1996 
f 1080 1081 1998 1997 
f 1081 1082 1999 1998 
f 1082 1070 2000 1999 
f 1070 1071 2001 2000 
f 1071 1083 2002 2001 
f 1083 1084 2003 2002 
f 1084 1085 2004 2003 
f 1085 1068 2005 2004 
f 1068 1065 2006 2005 
f 1065 1066 2007 2006 
f 1066 1067 2008 2007 
f 1067 1064 2009 2008 
f 1064 1063 2010 2009 
f 1063 1133 2011 2010 
f 1133 1128 2012 2011 
f 1128 1138 2013 2012 
f 1138 1123 2014 2013 
f 1123 1234 2015 2014 
f 1234 1009 2016 2015 
f 1009 1008 2016 
f 1237 1003 1001 1986 
s 1
f 2023 2019 2068 2070 
f 2026 2023 2070 2073 
f 2029 2026 2073 2076 
f 2032 2029 2076 2079 
f 2035 2032 2079 2082 
f 2038 2035 2082 2085 
f 2041 2038 2085 2088 
f 2044 2041 2088 2091 
f 2047 2044 2091 2094 
f 2050 2047 2094 2097 
f 2053 2050 2097 2100 
f 2056 2053 2100 2103 
f 2059 2056 2103 2106 
f 2062 2059 2106 2109 
f 2065 2062 2109 2112 
f 2019 2065 2112 2068 
s 2
f 2071 2067 2017 
f 2074 2071 2017 
f 2077 2074 2017 
f 2080 2077 2017 
f 2083 2080 2017 
f 2086 2083 2017 
f 2089 2086 2017 
f 2092 2089 2017 
f 2095 2092 2017 
f 2098 2095 2017 
f 2101 2098 2017 
f 2104 2101 2017 
f 2107 2104 2017 
f 2110 2107 2017 
f 2113 2110 2017 
f 2067 2113 2017 
f 2022 2020 2018 2021 
f 2025 2022 2021 2024 
f 2028 2025 2024 2027 
f 2031 2028 2027 2030 
f 2034 2031 2030 2033 
f 2037 2034 2033 2036 
f 2040 2037 2036 2039 
f 2043 2040 2039 2042 
f 2046 2043 2042 2045 
f 2049 2046 2045 2048 
f 2052 2049 2048 2051 
f 2055 2052 2051 2054 
f 2058 2055 2054 2057 
f 2061 2058 2057 2060 
f 2064 2061 2060 2063 
f 2020 2064 2063 2018 
s 1
f 2019 2023 2021 2018 
f 2070 2068 2066 2069 
f 2023 2026 2024 2021 
f 2073 2070 2069 2072 
f 2026 2029 2027 2024 
f 2076 2073 2072 2075 
f 2029 2032 2030 2027 
f 2079 2076 2075 2078 
f 2032 2035 2033 2030 
f 2082 2079 2078 2081 
f 2035 2038 2036 2033 
f 2085 2082 2081 2084 
f 2038 2041 2039 2036 
f 2088 2085 2084 2087 
f 2041 2044 2042 2039 
f 2091 2088 2087 2090 
f 2044 2047 2045 2042 
f 2094 2091 2090 2093 
f 2047 2050 2048 2045 
f 2097 2094 2093 2096 
f 2050 2053 2051 2048 
f 2100 2097 2096 2099 
f 2053 2056 2054 2051 
f 2103 2100 2099 2102 
f 2056 2059 2057 2054 
f 2106 2103 2102 2105 
f 2059 2062 2060 2057 
f 2109 2106 2105 2108 
f 2062 2065 2063 2060 
f 2112 2109 2108 2111 
f 2065 2019 2018 2063 
f 2068 2112 2111 2066 
s 2
f 2067 2071 2069 2066 
f 2071 2074 2072 2069 
f 2074 2077 2075 2072 
f 2077 2080 2078 2075 
f 2080 2083 2081 2078 
f 2083 2086 2084 2081 
f 2086 2089 2087 2084 
f 2089 2092 2090 2087 
f 2092 2095 2093 2090 
f 2095 2098 2096 2093 
f 2098 2101 2099 2096 
f 2101 2104 2102 2099 
f 2104 2107 2105 2102 
f 2107 2110 2108 2105 
f 2110 2113 2111 2108 
f 2113 2067 2066 2111 
s 1
f 4207 1949 1947 4236 
f 2116 2118 2117 
f 2119 2122 2121 2120 
f 2123 2119 2120 17 
f 2125 2127 2126 2124 
f 2127 2128 2114 2126 
f 2132 2134 2133 2131 
f 2135 2137 2136 2115 
f 2137 2117 2138 2136 
f 2139 2123 17 19 
f 2140 2139 19 21 
f 2141 2140 21 2142 
f 2143 2141 2142 24 
f 2144 2143 24 26 
f 2145 2144 26 28 
f 2146 2145 28 30 
f 2147 2146 30 32 
f 2148 2147 32 34 
f 2149 2148 34 2150 
f 2151 2149 2150 2152 
f 2153 2151 2154 
f 2122 2119 2156 2155 
f 2119 2123 2157 2156 
f 2125 2122 2155 2158 
f 2127 2125 2158 2159 
f 2128 2127 2159 2160 
f 2130 2128 2160 2161 
f 2132 2130 2161 2162 
f 2134 2132 2162 2163 
f 2135 2134 2163 2164 
f 2137 2135 2164 2165 
f 2117 2137 2165 2166 
f 2123 2139 2167 2157 
f 2139 2140 2168 2167 
f 2140 2141 2169 2168 
f 2141 2143 2170 2169 
f 2143 2144 2171 2170 
f 2144 2145 2172 2171 
f 2145 2146 2173 2172 
f 2146 2147 2174 2173 
f 2147 2148 2175 2174 
f 2148 2149 2176 2175 
f 2149 2151 2153 2176 
f 2116 2117 2166 
f 2117 2118 2177 2138 
f 2154 2151 2178 
f 2178 2151 2152 2179 
s 2
f 2180 2183 2182 2181 
f 2184 2183 2180 2185 
f 2186 2188 2187 
f 2189 2191 2190 
f 2192 2195 2194 2193 
f 2193 2197 2196 2192 
f 2198 2201 2200 2199 
f 2202 2204 2203 
f 2188 2202 2203 
f 2205 2208 2207 2206 
f 2209 2212 2211 2210 
f 2213 2216 2215 2214 
f 2211 2218 2217 2210 
f 2219 2221 2214 2220 
f 2183 2184 2223 2222 
f 2222 2223 2224 2209 
f 2209 2224 2225 
f 2209 2225 2226 
f 2212 2209 2227 
f 2228 2231 2230 2229 
f 2232 2235 2234 2233 
f 2236 2239 2238 2237 
f 2240 2232 2233 
f 2241 2243 2242 
f 2244 2247 2246 2245 
f 2248 2251 2250 2249 
f 2252 2255 2254 2253 
f 2256 2259 2258 2257 
f 2260 2263 2262 2261 
f 2260 2261 2265 2264 
f 2196 2197 2266 
f 2267 2199 2266 2197 
f 2200 2201 2269 2268 
f 2270 2271 2208 2205 
f 2272 2273 2271 2270 
f 2268 2269 2273 2272 
f 2206 2207 2186 2187 
f 2274 2229 2276 2275 
f 2228 2229 2277 
f 2278 2276 2280 2279 
f 2233 2234 2281 
f 2281 2234 2279 2280 
f 2235 2232 2283 2282 
f 2232 2240 2284 2283 
f 2282 2283 2286 2285 
f 2283 2287 2243 2286 
f 2288 2291 2290 2289 
f 2291 2293 2292 2290 
f 2293 2295 2294 2292 
f 2289 2290 2297 2296 
f 2290 2292 2298 2297 
f 2292 2294 2299 2298 
f 2285 2286 2291 2288 
f 2286 2243 2293 2291 
f 2243 2237 2295 2293 
f 2283 2284 2287 
f 2242 2243 2287 
f 2190 2301 2300 2187 
f 2234 2303 2302 2279 
f 2235 2304 2303 2234 
f 2282 2305 2304 2235 
f 2285 2306 2305 2282 
f 2288 2307 2306 2285 
f 2289 2308 2307 2288 
f 2296 2309 2308 2289 
f 2189 2311 2310 2191 
f 2203 2312 2311 2189 
f 2204 2313 2312 2203 
f 2314 2316 2315 2310 
f 2310 2311 2317 2314 
f 2311 2312 2318 2317 
f 2312 2313 2319 2318 
f 2310 2315 2320 2191 
f 2275 2276 2278 
f 2229 2274 2277 
f 2275 2322 2321 2274 
f 2278 2323 2322 2275 
f 2315 2325 2324 2320 
f 2326 2327 2325 2315 
f 2328 2301 2323 2302 
f 2328 2330 2329 2300 
f 2330 2332 2331 2329 
f 2332 2334 2333 2331 
f 2334 2336 2335 2333 
f 2336 2338 2337 2335 
f 2338 2340 2339 2337 
f 2340 2342 2341 2339 
f 2324 2343 2191 2320 
f 2343 2301 2190 2191 
f 2324 2325 2344 2321 
f 2325 2327 2345 2344 
f 2302 2303 2330 2328 
f 2303 2304 2332 2330 
f 2304 2305 2334 2332 
f 2305 2306 2336 2334 
f 2306 2307 2338 2336 
f 2307 2308 2340 2338 
f 2308 2309 2342 2340 
f 2300 2329 2206 2187 
f 2329 2331 2205 2206 
f 2331 2333 2270 2205 
f 2333 2335 2272 2270 
f 2335 2337 2268 2272 
f 2337 2339 2200 2268 
f 2339 2341 2199 2200 
f 2300 2301 2328 
f 2341 2347 2346 2199 
f 2342 2348 2347 2341 
f 2309 2349 2348 2342 
f 2296 2350 2349 2309 
f 2192 2352 2351 2195 
f 2196 2353 2352 2192 
f 2266 2354 2353 2196 
f 2199 2346 2354 2266 
f 2297 2355 2350 2296 
f 2180 2357 2356 2185 
f 2185 2356 2358 2351 
f 2195 2360 2359 2194 
f 2361 2363 2362 2181 
f 2361 2365 2215 2364 
f 2366 2365 2182 2367 
f 2217 2218 2368 2220 
f 2217 2366 2367 2210 
f 2181 2182 2365 2361 
f 2181 2362 2369 2180 
f 2367 2182 2183 2222 
f 2210 2367 2222 2209 
f 2370 2294 2295 2371 
f 2372 2299 2294 2370 
f 2371 2295 2237 2238 
f 2236 2237 2243 2241 
f 2214 2215 2365 2366 
f 2220 2214 2366 2217 
f 2373 2364 2215 2216 
f 2219 2220 2368 2374 
f 2364 2375 2363 2361 
f 2298 2376 2355 2297 
f 2299 2377 2376 2298 
f 2372 2378 2377 2299 
f 2362 2363 2380 2379 
f 2381 2375 2364 2373 
f 2369 2362 2379 2382 
f 2363 2375 2383 2380 
f 2384 2383 2375 2381 
f 2379 2380 2386 2385 
f 2382 2379 2385 2387 
f 2380 2383 2388 2386 
f 2369 2390 2389 2180 
f 2382 2391 2390 2369 
f 2392 2395 2394 2393 
f 2395 2397 2396 2394 
f 2397 2399 2398 
f 2393 2394 2401 2400 
f 2394 2396 2402 2401 
f 2396 2403 2402 
f 2397 2398 2403 2396 
f 2393 2405 2404 2392 
f 2400 2406 2405 2393 
f 2392 2404 2408 2407 
f 2315 2316 2409 
f 2315 2409 2326 
f 2410 2413 2412 2411 
f 2414 2417 2416 2415 
f 2418 2421 2420 2419 
f 2418 2419 2423 2422 
f 2424 2427 2426 2425 
f 2428 2431 2430 2429 
f 2432 2428 2429 2433 
f 2434 2437 2436 2435 
f 2438 2441 2440 2439 
f 2442 2445 2444 2443 
f 2326 2447 2446 2411 
f 2448 2451 2450 2449 
f 2452 2455 2454 2453 
f 2456 2459 2458 2457 
f 2460 2463 2462 2461 
f 2464 2467 2466 2465 
f 2461 2469 2468 2466 
f 2470 2472 2450 2471 
f 2473 2474 2472 2470 
f 2475 2476 2474 2473 
f 2477 2478 2476 2475 
f 2479 2480 2478 2477 
f 2442 2443 2480 2479 
f 2415 2482 2481 2414 
f 2483 2438 2439 
f 2484 2486 2485 
f 2487 2490 2489 2488 
f 2484 2485 2492 2491 
f 2493 2496 2495 2494 
f 2494 2495 2498 2497 
f 2497 2498 2500 2499 
f 2499 2500 2502 2501 
f 2503 2506 2505 2504 
f 2507 2510 2509 2508 
f 2511 2514 2513 2512 
f 2515 2482 2517 2516 
f 2516 2517 2519 2518 
f 2518 2519 2521 2520 
f 2522 2525 2524 2523 
f 2526 2528 2524 2527 
f 2529 2532 2531 2530 
f 2530 2531 2533 2527 
f 2520 2521 2535 2534 
f 2534 2535 2537 2536 
f 2536 2537 2454 2449 
f 2538 2528 2540 2539 
f 2539 2540 2458 2453 
f 2527 2533 2541 2526 
f 2526 2541 2543 2542 
f 2542 2543 2462 2457 
f 2544 2547 2546 2545 
f 2545 2546 2549 2548 
f 2550 2553 2552 2551 
f 2551 2552 2555 2554 
f 2548 2549 2557 2556 
f 2556 2557 2468 2469 
f 2554 2555 2559 2558 
f 2558 2559 2561 2560 
f 2562 2563 2506 2503 
f 2564 2507 2514 2565 
f 2566 2511 2417 2567 
f 2568 2570 2481 2569 
f 2568 2569 2444 2571 
f 2422 2423 2426 2427 
f 2424 2425 2430 2431 
f 2432 2433 2437 2434 
f 2572 2573 2440 2441 
f 2435 2436 2573 2572 
f 2488 2489 2561 2574 
f 2491 2492 2496 2493 
f 2575 2576 2525 2522 
f 2562 2503 2510 2577 
f 2578 2446 2502 2579 
f 2504 2505 2553 2550 
f 2508 2509 2547 2544 
f 2512 2513 2532 2529 
f 2415 2416 2576 2575 
f 2580 2582 2581 
f 4325 2586 2585 4324 
f 4320 4321 2589 2588 
f 2591 4319 2588 2580 
f 2593 2594 2591 
f 2595 2597 2596 
f 2598 2601 2600 2599 
f 2602 2595 2596 
f 2603 2598 2599 2604 
f 2605 2606 2595 2602 
f 2607 2608 2606 
f 2608 2610 2609 2606 
f 2611 2603 2604 2612 
f 2609 2610 2614 2613 
f 2613 2614 2611 2612 
f 2601 2616 2615 2600 
f 2617 2620 2619 2618 
f 2585 2586 2620 2617 
f 2589 4322 4323 2585 
f 2588 4319 4320 
f 2589 4321 4322 
f 2585 4323 4324 
f 2623 2626 2625 2624 
f 2615 2616 2626 2623 
f 2624 2625 2618 2619 
f 2597 2628 2627 2596 
f 2598 2630 2629 2601 
f 2603 2631 2630 2598 
f 2611 2632 2631 2603 
f 2614 2633 2632 2611 
f 2610 2634 2633 2614 
f 2608 2635 2634 2610 
f 2607 2636 2635 2608 
f 2605 2637 2636 2607 
f 2602 2638 2637 2605 
f 2596 2627 2638 2602 
f 2585 2640 2639 2589 
f 2617 2641 2640 2585 
f 2618 2642 2641 2617 
f 2625 2643 2642 2618 
f 2626 2644 2643 2625 
f 2616 2645 2644 2626 
f 2601 2629 2645 2616 
f 2580 2647 2646 2582 
f 2588 2648 2647 2580 
f 2589 2639 2648 2588 
f 2606 2605 2607 
f 2649 2651 2650 
f 2652 2655 2654 2653 
f 2656 2659 2658 2657 
f 4328 4329 2662 2661 
f 2649 2650 2665 2664 
f 2664 2665 2667 2666 
f 2666 2667 2668 
f 2669 2666 2671 2670 
f 2672 2669 2670 
f 2672 2656 2657 2669 
f 4330 4331 2674 
f 2676 2678 2677 2683 
f 2679 2682 2681 2680 
f 2677 2679 2680 2683 
f 2684 2686 2685 
f 2684 2685 2687 
f 2688 2691 2690 2689 
f 2692 2694 2693 
f 2695 2697 2696 
f 2695 2699 2698 
f 2698 2692 2693 2695 
f 2700 2703 2702 2701 
f 2704 2693 2694 
f 2704 2694 2705 
f 2706 2709 2708 2707 
f 2710 2706 2707 2711 
f 2712 2710 2711 2713 
f 2714 2716 2708 2715 
f 2704 2705 2702 2703 
f 2712 2713 2701 2717 
f 2718 2685 2689 2690 
f 4328 2661 2720 4327 
f 2695 2722 2721 2697 
f 2693 2723 2722 2695 
f 2704 2724 2723 2693 
f 2703 2725 2724 2704 
f 2700 2725 2703 
f 2726 2725 2700 
f 2727 2728 2725 2726 
f 2729 2728 2727 
f 2716 2730 2728 2729 
f 2714 2731 2730 2716 
f 2732 2685 2718 
f 2733 2685 2732 
f 2687 2685 2733 
f 2689 2735 2734 2688 
f 2685 2736 2735 2689 
f 2686 2737 2736 2685 
f 2715 2739 2738 2714 
f 2740 2743 2742 2741 
f 2743 2745 2744 2742 
f 2745 2747 2746 2744 
f 2747 2749 2748 2746 
f 2749 2751 2750 2748 
f 2751 2753 2752 2750 
f 2753 2755 2754 2752 
f 2721 2722 2743 2740 
f 2722 2723 2745 2743 
f 2723 2724 2747 2745 
f 2724 2725 2749 2747 
f 2725 2728 2751 2749 
f 2728 2730 2753 2751 
f 2730 2731 2755 2753 
f 2741 2742 2690 2691 
f 2742 2744 2718 2690 
f 2744 2746 2732 2718 
f 2746 2748 2733 2732 
f 2748 2750 2687 2733 
f 2750 2752 2684 2687 
f 2752 2754 2686 2684 
f 2754 2756 2737 2686 
f 2755 2757 2756 2754 
f 2731 2758 2757 2755 
f 2714 2738 2758 2731 
f 2759 2761 2653 2760 
f 2657 2658 2761 2759 
f 2671 2666 2668 
f 2654 2763 2762 
f 2653 2654 2764 
f 2655 2652 4334 4337 
f 2653 2768 2767 
f 2652 4333 4334 
f 2680 2681 2771 2770 
f 2654 2682 2772 2763 
f 2683 2680 2770 2773 
f 2774 2679 2677 2775 
f 2683 2773 2776 
f 2775 2677 2777 
f 2653 2761 2778 2652 
f 2652 2778 4331 4332 
f 2676 2683 2776 
f 2677 2678 2777 
f 2772 2682 2679 2774 
f 2734 2735 2660 2719 
f 2735 2736 2663 2660 
f 2736 2737 2673 2663 
f 2738 2739 2765 2766 
f 2737 2756 2675 2673 
f 2756 2757 2779 2675 
f 2757 2758 2769 2779 
f 2758 2738 2766 2769 
f 2695 2696 2780 2699 
f 2696 2782 2781 2780 
f 2697 2783 2782 2696 
f 2721 2784 2783 2697 
f 2740 2785 2784 2721 
f 2741 2786 2785 2740 
f 2691 2787 2786 2741 
f 2688 2788 2787 2691 
f 2658 2659 2790 2789 
f 2661 2662 2792 2791 
f 2662 2674 2793 2792 
f 2720 2661 2791 2794 
f 2761 2658 2789 2795 
f 2778 2761 2795 2796 
f 2674 2778 2796 2793 
f 2794 2791 2797 
f 2797 2791 2798 
f 2798 2791 2799 
f 2799 2791 2800 
f 2800 2791 2801 
f 2801 2791 2802 
f 2720 2804 4326 4327 
f 2794 2805 2804 2720 
f 2797 2806 2805 2794 
f 2798 2807 2806 2797 
f 2799 2808 2807 2798 
f 2800 2809 2808 2799 
f 2801 2810 2809 2800 
f 2802 2811 2810 2801 
f 2812 2813 2811 2802 
f 2814 2815 2813 2812 
f 2816 2817 2815 2814 
f 2818 2819 2817 2816 
f 2820 2821 2819 2818 
f 2822 2823 2821 2820 
f 2688 2734 2824 2788 
f 2583 2824 2803 
f 2781 2782 2592 2825 
f 2782 2783 2587 2592 
f 2783 2784 2590 2587 
f 2784 2785 2622 2590 
f 2785 2786 2621 2622 
f 2786 2787 2584 2621 
f 2787 2788 2583 2584 
f 4326 2804 2586 4325 
f 2804 2805 2620 2586 
f 2805 2806 2619 2620 
f 2806 2807 2624 2619 
f 2807 2808 2623 2624 
f 2808 2809 2615 2623 
f 2809 2810 2600 2615 
f 2810 2811 2599 2600 
f 2811 2813 2604 2599 
f 2813 2815 2612 2604 
f 2815 2817 2613 2612 
f 2817 2819 2609 2613 
f 2819 2821 2606 2609 
f 2821 2823 2595 2606 
f 2788 2824 2583 
f 2803 2824 2734 2719 
f 2652 4332 4333 
f 4330 2674 2662 4329 
f 4331 2778 2674 
f 2826 2829 2828 2827 
f 2830 2832 2831 
f 2826 2827 2834 2833 
f 2835 2833 2834 
f 2836 2839 2838 2837 
f 2829 2841 2840 
f 2842 2844 2843 
f 2845 2847 2846 2843 
f 2831 2848 2834 2830 
f 2849 2830 2834 2836 
f 2828 2851 2850 
f 2852 2828 2850 2853 
f 2852 2853 2855 2854 
f 2854 2858 2857 2856 
f 2857 2845 2843 2856 
f 2859 2856 2860 
f 2854 2856 2861 2838 
f 2862 2863 2861 
f 2864 2837 2838 2861 
f 2843 2844 2860 2856 
f 2856 2859 2862 2861 
f 2836 2834 2827 2839 
f 2838 2839 2852 2854 
f 2839 2827 2828 2852 
f 2835 2834 2848 
f 2836 2837 2865 
f 2836 2865 2849 
f 2861 2863 2864 
f 2843 2867 2866 
f 2843 2846 2867 
f 2854 2855 2858 
f 2842 2843 2866 2868 
f 2868 2870 2869 2842 
f 2830 2872 2871 2832 
f 2849 2873 2872 2830 
f 2865 2874 2873 2849 
f 2837 2875 2874 2865 
f 2864 2876 2875 2837 
f 2863 2877 2876 2864 
f 2862 2878 2877 2863 
f 2859 2879 2878 2862 
f 2860 2880 2879 2859 
f 2844 2881 2880 2860 
f 2842 2869 2881 2844 
f 2833 2883 2882 2826 
f 2835 2884 2883 2833 
f 2848 2885 2884 2835 
f 2831 2886 2885 2848 
f 2832 4336 2886 2831 
f 2780 2781 2888 2871 
f 2832 2888 2887 
f 2829 2889 2841 
f 2409 2891 2890 
f 2829 2826 2882 2889 
f 2582 2646 2890 2891 
f 2869 2870 2892 2709 
f 2871 2872 2699 2780 
f 2872 2873 2698 2699 
f 2873 2874 2692 2698 
f 2874 2875 2694 2692 
f 2875 2876 2893 2694 
f 2876 2877 2894 2893 
f 2877 2878 2717 2894 
f 2878 2879 2712 2717 
f 2879 2880 2710 2712 
f 2880 2881 2706 2710 
f 2881 2869 2709 2706 
f 2882 2883 2581 2582 
f 2883 2884 2895 2581 
f 2884 2885 2593 2895 
f 2885 2886 2594 2593 
f 2886 4336 4335 2594 
f 2871 2888 2832 
f 2887 2888 2781 2825 
f 2889 2882 2582 2891 
f 2896 2897 2421 2418 
f 2898 2899 2572 2441 
f 2899 2900 2435 2572 
f 2900 2901 2434 2435 
f 2901 2902 2432 2434 
f 2902 2903 2428 2432 
f 2903 2904 2431 2428 
f 2904 2905 2424 2431 
f 2905 2906 2427 2424 
f 2906 2907 2422 2427 
f 2907 2896 2418 2422 
f 2908 2909 2493 2494 
f 2909 2910 2491 2493 
f 2910 2911 2484 2491 
f 2911 2912 2486 2484 
f 2912 2913 2483 2486 
f 2913 2914 2438 2483 
f 2914 2898 2441 2438 
f 2915 2916 2499 2501 
f 2916 2917 2497 2499 
f 2917 2908 2494 2497 
f 2890 2915 2501 2447 
f 2915 2890 2646 
f 2627 2918 2897 2896 
f 2629 2630 2899 2898 
f 2630 2631 2900 2899 
f 2631 2632 2901 2900 
f 2632 2633 2902 2901 
f 2633 2634 2903 2902 
f 2634 2635 2904 2903 
f 2635 2636 2905 2904 
f 2636 2637 2906 2905 
f 2637 2638 2907 2906 
f 2638 2627 2896 2907 
f 2639 2640 2909 2908 
f 2640 2641 2910 2909 
f 2641 2642 2911 2910 
f 2642 2643 2912 2911 
f 2643 2644 2913 2912 
f 2644 2645 2914 2913 
f 2645 2629 2898 2914 
f 2646 2647 2916 2915 
f 2647 2648 2917 2916 
f 2648 2639 2908 2917 
f 2771 4337 2765 
f 2681 2682 2654 2655 
f 2867 2920 2919 2866 
f 2846 2921 2920 2867 
f 2922 2923 2919 
f 2765 2925 2924 2771 
f 2926 2922 2919 
f 2927 2773 2770 2928 
f 2921 2927 2928 2920 
f 2919 2920 2928 2924 
f 2924 2928 2770 2771 
f 2919 2923 2868 2866 
f 2926 2919 2924 2925 
f 2923 2929 2870 2868 
f 2922 2930 2929 2923 
f 2926 2931 2930 2922 
f 2925 2932 2931 2926 
f 2765 2739 2932 2925 
f 2870 2929 2933 2892 
f 2929 2930 2934 2933 
f 2930 2931 2935 2934 
f 2931 2932 2936 2935 
f 2932 2739 2715 2936 
f 2701 2702 2894 2717 
f 2707 2708 2716 2729 
f 2711 2707 2729 2727 
f 2713 2711 2727 2726 
f 2702 2705 2893 2894 
f 2701 2713 2726 2700 
f 2705 2694 2893 
f 2715 2708 2936 
f 2892 2708 2709 
f 2933 2708 2892 
f 2934 2708 2933 
f 2935 2708 2934 
f 2936 2708 2935 
f 2791 2792 2812 2802 
f 2792 2793 2814 2812 
f 2793 2796 2816 2814 
f 2796 2795 2818 2816 
f 2795 2789 2820 2818 
f 2789 2937 2822 2820 
f 2653 2764 2768 
f 2764 2654 2762 
f 2653 2767 2760 
f 2627 2628 2918 
f 2938 2940 2939 
f 2941 2944 2943 2942 
f 2944 2941 2420 2421 
f 2944 2940 2945 2943 
f 2940 2944 2421 2897 
f 2939 2940 2897 2918 
f 2940 2938 645 2945 
f 2789 2790 2937 
f 2946 2948 2947 
f 2949 2951 2950 
f 2949 2950 2952 
f 2947 2949 2952 2946 
f 2953 2951 2949 2954 
f 2947 2955 2954 2949 
f 2956 2958 2957 
f 2959 2956 2957 
f 2960 2963 2962 2961 
f 2961 2965 2964 2960 
f 2961 2962 2967 2966 
f 2968 2672 2670 2969 
f 2967 2970 2966 
f 2971 2966 2970 2972 
f 2973 2975 2974 
f 2668 2667 2977 2976 
f 2978 2964 2965 2979 
f 2980 2978 2979 2981 
f 2982 2980 2981 2983 
f 2982 2983 2976 2977 
f 2668 2976 2984 2671 
f 2670 2671 2984 2969 
f 2985 2968 2969 2986 
f 2987 2985 2986 2988 
f 2989 2987 2988 2990 
f 2991 2989 2990 2992 
f 2993 2991 2992 2971 
f 2969 2984 2994 2986 
f 2986 2994 2995 2988 
f 2988 2995 2996 2990 
f 2984 2976 2983 2994 
f 2994 2983 2981 2995 
f 2995 2981 2979 2996 
f 2990 2996 2997 2992 
f 2992 2997 2966 2971 
f 2996 2979 2965 2997 
f 2997 2965 2961 2966 
f 2822 2937 2999 2998 
f 3000 3003 3002 3001 
f 3001 3005 3004 3000 
f 3006 3007 2998 2999 
f 3008 3009 3007 3006 
f 3002 3003 3009 3008 
f 2937 2790 3010 2999 
f 2999 3010 3011 
f 3006 2999 3011 3012 
f 3008 3006 3012 3013 
f 3008 3013 3014 3002 
f 3002 3014 3015 3001 
f 3001 3015 3016 3005 
f 3017 3020 3019 3018 
f 2790 2659 3021 3010 
f 3010 3021 3022 3011 
f 3011 3022 3023 3012 
f 3014 3013 3025 3024 
f 3015 3014 3024 3019 
f 3026 2968 2985 3027 
f 3028 2991 2993 3018 
f 2968 3026 2656 2672 
f 3027 2985 2987 3029 
f 3029 2987 2989 3030 
f 3030 2989 2991 3028 
f 3018 2993 3031 3017 
f 3032 3035 3034 3033 
f 3036 3039 3038 3037 
f 3040 3042 3041 
f 3043 3036 3037 3044 
f 3045 3048 3047 3046 
f 3049 3051 3050 
f 3052 3055 3054 3053 
f 3049 3050 3057 3056 
f 3058 2665 2650 3059 
f 2650 2651 3060 3059 
f 3061 3064 3063 3062 
f 3059 3060 3061 3062 
f 3062 3063 3066 3065 
f 3059 3062 3065 3058 
f 3067 3070 3069 3068 
f 2947 2948 3071 3067 
f 2667 2665 3058 2977 
f 3072 2963 2960 
f 3073 3072 2960 2964 
f 2978 3074 3073 2964 
f 3074 2978 2980 3066 
f 3066 2980 2982 3065 
f 3065 2982 2977 3058 
f 3070 3067 3076 3075 
f 3012 3023 3025 3013 
f 2971 2974 3031 2993 
f 3077 2973 2974 2971 
f 3078 3077 2971 
f 3078 2971 2972 
f 3066 3063 3074 
f 3056 3057 3080 3079 
f 3079 3080 3052 3053 
f 3040 3041 3047 3048 
f 3081 3082 3054 3055 
f 3081 3055 3083 
f 3043 3044 3045 3046 
f 2959 2957 3084 
f 3085 3087 3086 
f 2947 3067 3068 2955 
f 3067 3071 3076 
f 3088 3089 2958 2956 
f 3085 3086 3089 3088 
f 3090 3091 3034 3035 
f 3087 3085 3091 3090 
f 2962 3093 3092 2967 
f 2963 3094 3093 2962 
f 3089 3095 3092 2958 
f 3086 3096 3095 3089 
f 3087 3097 3096 3086 
f 3090 3098 3097 3087 
f 3035 3099 3098 3090 
f 3032 3100 3099 3035 
f 2959 3102 3101 2956 
f 3084 3103 3102 2959 
f 2954 3105 3104 2953 
f 2955 3106 3105 2954 
f 3068 3107 3106 2955 
f 3069 3108 3107 3068 
f 3084 3094 3109 
f 3061 3111 3110 3064 
f 3060 3112 3111 3061 
f 2651 3113 3112 3060 
f 3052 3115 3114 3055 
f 3080 3116 3115 3052 
f 3057 3117 3116 3080 
f 3050 3118 3117 3057 
f 3051 3120 3119 
f 3055 3114 3121 3083 
f 3122 3125 3124 3123 
f 3125 3127 3126 3124 
f 3127 3129 3128 3126 
f 3129 3131 3130 3128 
f 3131 3133 3132 3130 
f 3134 3122 3123 3135 
f 3114 3115 3125 3122 
f 3115 3116 3127 3125 
f 3116 3117 3129 3127 
f 3117 3118 3131 3129 
f 3118 3119 3133 3131 
f 3136 3122 3134 
f 3123 3124 3044 3037 
f 3124 3126 3045 3044 
f 3126 3128 3048 3045 
f 3128 3130 3040 3048 
f 3130 3132 3042 3040 
f 3135 3123 3037 3038 
f 3132 3133 3138 3137 
f 3133 3119 3120 3139 
f 3042 3132 3137 
f 3051 3119 3118 3050 
f 3122 3136 3121 3114 
f 3140 3143 3142 3141 
f 3144 3140 3141 3145 
f 3146 3149 3148 3147 
f 3150 3147 3148 3151 
f 3150 3151 3153 3152 
f 3154 3155 3144 3145 
f 3156 3159 3158 3157 
f 3143 3161 3160 3142 
f 3160 3162 3142 
f 3163 3156 3157 
f 3141 3142 3165 3164 
f 3141 3164 3166 3145 
f 3154 3145 3166 3167 
f 3154 3167 3168 3152 
f 3150 3170 3169 3147 
f 3147 3169 3171 3146 
f 3146 3171 3173 3172 
f 3174 3157 3158 
f 3165 3142 3176 3175 
f 3175 3176 3157 3177 
f 3178 3180 3179 
f 3181 3183 3174 3182 
f 3174 3183 3184 
f 3184 3177 3157 3174 
f 3185 3178 3182 
f 3185 3182 3187 3186 
f 3182 3189 3188 3187 
f 3190 3192 3191 3187 
f 3162 3176 3142 
f 3163 3176 3162 
f 3163 3157 3176 
f 3193 3187 3191 3194 
f 3174 3158 3189 3182 
f 3181 3182 3178 3179 
f 3186 3187 3193 
f 3156 3196 3195 3159 
f 3163 3197 3196 3156 
f 3162 3198 3197 3163 
f 3160 3199 3198 3162 
f 3152 3153 3155 3154 
f 3152 3168 3170 3150 
f 3143 3201 3200 3161 
f 3149 3203 3202 3148 
f 3140 3204 3201 3143 
f 3144 3205 3204 3140 
f 3155 3206 3205 3144 
f 3153 3207 3206 3155 
f 3151 3208 3207 3153 
f 3148 3202 3208 3151 
f 3209 3212 3211 3210 
f 3213 3216 3215 3214 
f 3217 3220 3219 3218 
f 3216 3222 3221 3215 
f 3222 3224 3223 3221 
f 3224 3226 3225 3223 
f 3226 3228 3227 3225 
f 3228 3230 3229 3227 
f 3230 3217 3218 3229 
f 3220 3233 3232 3231 
f 3200 3201 3216 3213 
f 3202 3203 3220 3217 
f 3201 3204 3222 3216 
f 3204 3205 3224 3222 
f 3205 3206 3226 3224 
f 3206 3207 3228 3226 
f 3207 3208 3230 3228 
f 3208 3202 3217 3230 
f 3203 3211 3233 3220 
f 3214 3215 2951 2953 
f 3218 3219 3234 3076 
f 3215 3221 2950 2951 
f 3221 3223 2952 2950 
f 3223 3225 2946 2952 
f 3225 3227 2948 2946 
f 3227 3229 3071 2948 
f 3229 3218 3076 3071 
f 3219 3231 3235 
f 3219 3235 3234 
f 3220 3231 3219 
f 3236 3238 3237 3232 
f 3091 3239 3237 3034 
f 3085 3240 3239 3091 
f 3088 3241 3240 3085 
f 3075 3076 3234 
f 2956 3101 3241 3088 
f 3210 3211 3203 3149 
f 3233 3211 3212 3236 
f 3232 3233 3236 
f 3161 3242 3199 3160 
f 3200 3243 3242 3161 
f 3213 3244 3243 3200 
f 3214 3245 3244 3213 
f 2953 3104 3246 3214 
f 3064 3110 3247 3246 
f 3092 3093 2957 2958 
f 3093 3094 3084 2957 
f 3092 3095 2970 2967 
f 3095 3096 2972 2970 
f 3096 3097 3078 2972 
f 3097 3098 3077 3078 
f 3098 3099 2973 3077 
f 3099 3100 2975 2973 
f 3101 3102 3070 3075 
f 3102 3103 3069 3070 
f 3103 3109 3108 3069 
f 3237 3238 3033 3034 
f 3237 3239 3231 3232 
f 3239 3240 3235 3231 
f 3240 3241 3234 3235 
f 3241 3101 3075 3234 
f 3104 3105 3074 3063 
f 3105 3106 3073 3074 
f 3106 3107 3072 3073 
f 3107 3108 2963 3072 
f 3196 3197 3135 3038 
f 3197 3198 3134 3135 
f 3198 3199 3136 3134 
f 3199 3242 3121 3136 
f 3242 3243 3083 3121 
f 3243 3244 3081 3083 
f 3244 3245 3082 3081 
f 3246 3104 3063 3064 
f 3246 3247 3214 
f 3108 3109 3094 2963 
f 3084 3109 3103 
f 3190 3187 3188 
f 3019 3020 3016 3015 
f 3021 2659 2656 3026 
f 3022 3021 3026 3027 
f 3023 3022 3027 3029 
f 3024 3025 3030 3028 
f 3019 3024 3028 3018 
f 3025 3023 3029 3030 
f 3188 3249 3248 3190 
f 3189 3250 3249 3188 
f 3158 3251 3250 3189 
f 3159 3252 3251 3158 
f 3036 3254 3253 3039 
f 3043 3255 3254 3036 
f 3046 3256 3255 3043 
f 3047 3257 3256 3046 
f 3041 3258 3257 3047 
f 3042 3259 3258 3041 
f 3137 3260 3259 3042 
f 3138 3261 3260 3137 
f 3262 3263 3261 3138 
f 3139 3264 3263 3262 
f 3120 3265 3264 3139 
f 3051 3266 3265 3120 
f 3049 3267 3266 3051 
f 3056 3268 3267 3049 
f 3079 3113 3268 3056 
f 3159 3195 3269 3252 
f 3270 3248 3272 3271 
f 3273 3276 3275 3274 
f 3276 3278 3277 3275 
f 3278 3270 3271 3277 
f 3279 3273 3274 3280 
f 3110 3111 3054 3082 
f 3111 3112 3053 3054 
f 3112 3113 3079 3053 
f 3247 3110 3082 3245 
f 3249 3250 2678 2676 
f 3250 3251 2777 2678 
f 3251 3252 2775 2777 
f 3253 3254 2774 2775 
f 3254 3255 2772 2774 
f 3255 3256 2763 2772 
f 3256 3257 2762 2763 
f 3257 3258 2764 2762 
f 3258 3259 2768 2764 
f 3259 3260 2767 2768 
f 3260 3261 2760 2767 
f 3261 3263 2759 2760 
f 3263 3264 2657 2759 
f 3264 3265 2669 2657 
f 3265 3266 2666 2669 
f 3266 3267 2664 2666 
f 3267 3268 2649 2664 
f 3268 3113 2651 2649 
f 3252 3269 2775 
f 3214 3247 3245 
f 3269 3195 3039 3253 
f 2775 3269 3253 
f 3195 3196 3038 3039 
f 2998 3281 2823 2822 
f 3007 3282 3281 2998 
f 3009 3283 3282 3007 
f 3003 3284 3283 3009 
f 3000 3285 3284 3003 
f 2938 3285 3286 645 
f 2823 3281 2597 2595 
f 3281 3282 2628 2597 
f 3282 3283 2918 2628 
f 3283 3284 2939 2918 
f 3284 3285 2938 2939 
f 3271 3272 2776 2773 
f 3248 3270 3192 3190 
f 3274 3275 2921 2846 
f 3276 3273 3192 
f 3275 3277 2927 2921 
f 3278 3276 3192 
f 3277 3271 2773 2927 
f 3270 3278 3192 
f 3280 3274 2846 2847 
f 3273 3279 3191 3192 
f 3248 3249 3272 
f 3272 3249 2676 2776 
f 3287 3290 3289 3288 
f 3291 3294 3293 3292 
f 3295 3291 3292 3296 
f 3295 3296 3298 3297 
f 3299 3301 3300 
f 3302 3304 3303 
f 3305 3308 3307 3306 
f 3305 3310 3309 3308 
f 3309 3310 3312 3311 
f 3303 3315 3314 3313 
f 3303 3313 3302 
f 3307 3317 3316 3306 
f 3318 3321 3320 3319 
f 3319 3323 3322 3318 
f 3323 3325 3324 3322 
f 3326 3324 3325 3327 
f 3317 3326 3327 3316 
f 3328 3331 3330 3329 
f 3332 3335 3334 3333 
f 3335 3330 3331 3334 
f 3336 3337 3328 3329 
f 3336 3339 3338 3337 
f 3339 3341 3340 3338 
f 3341 3343 3342 3340 
f 3343 3345 3344 3342 
f 3320 3321 3347 3346 
f 3348 3351 3350 3349 
f 3352 3354 3353 
f 3355 3358 3357 3356 
f 3359 3362 3361 3360 
f 3363 3366 3365 3364 
f 3367 3332 3333 3368 
f 3191 3370 3369 3194 
f 3371 3315 3303 3372 
f 3370 3371 3372 3369 
f 3373 3376 3375 3374 
f 3377 3379 2401 3378 
f 3379 3381 3380 
f 3382 3381 3384 3383 
f 3379 3377 3385 
f 3378 2401 2402 
f 3379 3385 3387 3386 
f 3386 3387 3388 
f 3375 3376 3386 3388 
f 3376 3288 3384 3386 
f 3384 3381 3379 3386 
f 3384 3288 3289 3383 
f 3287 3288 3389 
f 3389 3288 3376 3373 
f 3380 3381 3390 
f 3390 3381 3391 
f 3391 3381 3392 
f 3392 3381 3393 
f 3393 3381 3394 
f 3394 3381 3395 
f 3395 3381 3382 
f 2401 3396 2400 
f 3367 2406 3397 3332 
f 3349 3350 3344 3345 
f 3351 3348 3352 3353 
f 3290 3399 3398 3289 
f 3349 3400 3398 3348 
f 3345 3401 3400 3349 
f 3343 3402 3401 3345 
f 3341 3403 3402 3343 
f 3339 3404 3403 3341 
f 3336 3405 3404 3339 
f 3329 3406 3405 3336 
f 3330 3407 3406 3329 
f 3335 3408 3407 3330 
f 3332 3397 3408 3335 
f 3300 3409 3297 3298 
f 3300 3411 3410 
f 3298 3413 3412 3300 
f 3296 3414 3413 3298 
f 3292 3415 3414 3296 
f 3293 3416 3415 3292 
f 3417 3420 3419 3418 
f 3421 3424 3423 3422 
f 3424 3426 3425 3423 
f 3426 3428 3427 3425 
f 3428 3430 3429 3427 
f 3412 3413 3424 3421 
f 3413 3414 3426 3424 
f 3414 3415 3428 3426 
f 3415 3416 3430 3428 
f 3422 3423 3373 3374 
f 3423 3425 3389 3373 
f 3425 3427 3287 3389 
f 3427 3429 3290 3287 
f 3353 3354 3432 3431 
f 3431 3434 3417 3433 
f 3431 3432 3434 
f 3433 3417 3418 
f 3429 3435 3399 3290 
f 3430 3436 3435 3429 
f 3416 3437 3436 3430 
f 3293 3420 3437 3416 
f 3346 3347 3438 
f 3438 3347 3431 3439 
f 3439 3431 3433 
f 3440 3443 3442 3441 
f 3444 3445 3443 3440 
f 3362 3447 3446 3361 
f 3361 3446 3445 3444 
f 3448 3451 3450 3449 
f 3451 3453 3452 3450 
f 3454 3457 3456 3455 
f 3453 3454 3455 3452 
f 3442 3443 3451 3448 
f 3443 3445 3453 3451 
f 3446 3447 3457 3454 
f 3445 3446 3454 3453 
f 3449 3450 3459 3458 
f 3450 3452 3460 3459 
f 3455 3456 3462 3461 
f 3452 3455 3461 3460 
f 3463 3466 3465 3464 
f 3467 3468 3466 3463 
f 3469 3470 3468 3467 
f 3471 3472 3470 3469 
f 3473 3474 3472 3471 
f 3458 3459 3476 3475 
f 3460 3477 3476 3459 
f 3461 3478 3477 3460 
f 3462 3479 3478 3461 
f 3311 3312 3313 3314 
f 3480 3481 3474 3473 
f 3482 3483 3481 3480 
f 3484 3485 3483 3482 
f 3486 3487 3485 3484 
f 3488 3489 3487 3486 
f 3490 3491 3489 3488 
f 3492 3493 3491 3490 
f 3494 3495 3493 3492 
f 3496 3497 3495 3494 
f 3360 3361 3444 3498 
f 3359 3360 3499 
f 3499 3360 3500 
f 3500 3360 3501 
f 3501 3360 3502 
f 3502 3360 3503 
f 3503 3360 3504 
f 3505 3508 3507 3506 
f 3506 3507 3356 3509 
f 3509 3356 3357 3510 
f 3510 3357 3512 3511 
f 3511 3512 3514 3513 
f 3513 3514 3516 3515 
f 3515 3516 3518 3517 
f 3517 3518 3520 3519 
f 3519 3520 3522 3521 
f 3521 3522 3524 3523 
f 3523 3524 3526 3525 
f 3525 3526 3528 3527 
f 3527 3528 3530 3529 
f 3529 3530 3532 3531 
f 3531 3532 3534 3533 
f 3533 3534 3508 3505 
f 3518 3444 3520 
f 3535 3536 3444 
f 3355 3507 3508 3537 
f 3537 3508 3534 3538 
f 3538 3534 3532 3539 
f 3539 3532 3530 3441 
f 3355 3356 3507 
f 3540 3542 3541 
f 3543 3540 3545 3544 
f 3546 3543 3544 3547 
f 3546 3547 3549 3548 
f 3548 3549 3551 3550 
f 3552 3555 3554 3553 
f 3556 3552 3553 3557 
f 3558 3556 3557 3559 
f 3551 3558 3559 3550 
f 3540 3561 3560 3545 
f 3540 3541 3562 3561 
f 3561 3564 3563 3560 
f 3562 3565 3564 3561 
f 3541 3566 3565 3562 
f 3542 3567 3566 3541 
f 3560 3563 3568 3545 
f 3547 3570 3569 3549 
f 3544 3571 3570 3547 
f 3545 3568 3571 3544 
f 3552 3573 3572 3555 
f 3556 3574 3573 3552 
f 3558 3575 3574 3556 
f 3551 3576 3575 3558 
f 3549 3569 3576 3551 
f 3555 3572 3578 3577 
f 3579 3582 3581 3580 
f 3582 3584 3583 3581 
f 3584 3586 3585 3583 
f 3586 3588 3587 3585 
f 3589 3579 3580 3590 
f 3591 3594 3593 3592 
f 3594 3596 3595 3593 
f 3596 3589 3590 3595 
f 3597 3600 3599 3598 
f 3600 3602 3601 3599 
f 3602 3604 3603 3601 
f 3604 3606 3605 3603 
f 3606 3591 3592 3605 
f 3563 3564 3582 3579 
f 3564 3565 3584 3582 
f 3565 3566 3586 3584 
f 3566 3567 3588 3586 
f 3568 3563 3579 3589 
f 3569 3570 3594 3591 
f 3570 3571 3596 3594 
f 3571 3568 3589 3596 
f 3572 3573 3600 3597 
f 3573 3574 3602 3600 
f 3574 3575 3604 3602 
f 3575 3576 3606 3604 
f 3576 3569 3591 3606 
f 3580 3581 3608 3607 
f 3581 3583 3609 3608 
f 3583 3585 3610 3609 
f 3585 3587 3496 3610 
f 3590 3580 3607 3611 
f 3592 3593 3613 3612 
f 3593 3595 3614 3613 
f 3595 3590 3611 3614 
f 3598 3599 3616 3615 
f 3599 3601 3617 3616 
f 3601 3603 3618 3617 
f 3603 3605 3619 3618 
f 3605 3592 3612 3619 
f 3540 3621 3620 3542 
f 3587 3622 3497 3496 
f 3588 3623 3622 3587 
f 3567 3624 3623 3588 
f 3567 3542 3620 3624 
f 3418 3419 3625 3465 
f 3543 3626 3621 3540 
f 3546 3627 3626 3543 
f 3548 3628 3627 3546 
f 3615 3630 3629 3598 
f 2402 3632 3631 3378 
f 3300 3634 3633 3299 
f 3412 3635 3634 3300 
f 3421 3636 3635 3412 
f 3422 3637 3636 3421 
f 3374 3638 3637 3422 
f 3375 3639 3638 3374 
f 3388 3640 3639 3375 
f 3387 3641 3640 3388 
f 3385 3642 3641 3387 
f 3377 3643 3642 3385 
f 3378 3631 3643 3377 
f 3555 3577 3644 3554 
f 3301 3578 3645 
f 3301 3645 3629 3411 
f 3300 3301 3411 
f 3550 3646 3628 3548 
f 3559 3647 3646 3550 
f 3557 3648 3647 3559 
f 3553 3649 3648 3557 
f 3554 3650 3649 3553 
f 3650 3554 3644 3651 
f 3465 3466 3433 3418 
f 3466 3468 3439 3433 
f 3468 3470 3438 3439 
f 3470 3472 3346 3438 
f 3472 3474 3320 3346 
f 3475 3476 3297 3409 
f 3476 3477 3295 3297 
f 3477 3478 3291 3295 
f 3474 3481 3319 3320 
f 3481 3483 3323 3319 
f 3483 3485 3325 3323 
f 3485 3487 3327 3325 
f 3487 3489 3316 3327 
f 3489 3491 3306 3316 
f 3491 3493 3305 3306 
f 3493 3495 3310 3305 
f 3495 3497 3312 3310 
f 3577 3578 3301 
f 3620 3621 3303 3304 
f 3497 3622 3652 3312 
f 3622 3623 3653 3652 
f 3623 3624 3304 3653 
f 3624 3620 3304 
f 3465 3625 3464 
f 3621 3626 3372 3303 
f 3626 3627 3369 3372 
f 3627 3628 3194 3369 
f 3629 3630 3410 3411 
f 3631 3632 3170 3168 
f 3633 3634 3179 3180 
f 3634 3635 3181 3179 
f 3635 3636 3183 3181 
f 3636 3637 3184 3183 
f 3637 3638 3177 3184 
f 3638 3639 3175 3177 
f 3639 3640 3165 3175 
f 3640 3641 3164 3165 
f 3641 3642 3166 3164 
f 3642 3643 3167 3166 
f 3643 3631 3168 3167 
f 3644 3577 3301 3299 
f 3645 3578 3572 3597 
f 3629 3645 3597 3598 
f 3628 3646 3193 3194 
f 3646 3647 3186 3193 
f 3647 3648 3185 3186 
f 3648 3649 3178 3185 
f 3649 3650 3180 3178 
f 3633 3651 3299 
f 3650 3651 3633 3180 
f 3299 3651 3644 
f 3304 3302 3653 
f 3302 3313 3652 3653 
f 3652 3313 3312 
f 3397 2406 2400 3396 
f 3398 3399 3352 3348 
f 3398 3400 3383 3289 
f 3400 3401 3382 3383 
f 3401 3402 3395 3382 
f 3402 3403 3394 3395 
f 3403 3404 3393 3394 
f 3404 3405 3392 3393 
f 3405 3406 3391 3392 
f 3406 3407 3390 3391 
f 3407 3408 3380 3390 
f 3408 3397 3396 3380 
f 3419 3420 3293 3294 
f 3399 3435 3354 3352 
f 3435 3436 3432 3354 
f 3436 3437 3434 3432 
f 3437 3420 3417 3434 
f 3625 3419 3294 3654 
f 3464 3625 3654 
f 3358 3444 3518 3516 
f 3535 3444 3358 
f 3498 3656 3655 
f 3444 3536 3656 
f 3444 3656 3498 
f 3358 3516 3514 
f 3520 3444 3522 
f 3522 3444 3440 3524 
f 3526 3440 3528 
f 3440 3526 3524 
f 3441 3530 3528 3440 
f 3358 3514 3512 
f 3357 3358 3512 
f 3133 3139 3262 
f 3138 3133 3262 
f 3379 3380 3396 2401 
f 2580 2581 2895 
f 4319 2591 4335 
f 2593 2591 2580 2895 
f 2591 2594 4335 
f 3170 3632 3657 3169 
f 3169 3657 3658 3171 
f 3171 3658 3659 3173 
f 3657 3632 2402 2403 
f 3658 3657 2403 2398 
f 2409 2890 2447 2326 
f 2841 2889 2891 2409 
f 2829 2840 2851 2828 
f 2404 2405 3365 3366 
f 2405 2406 3367 3365 
f 2180 3660 2357 
f 3661 3663 3662 2571 
f 2413 3665 3664 2412 
f 2562 3667 3666 2563 
f 2564 3669 3668 2577 
f 2566 3671 3670 2565 
f 3672 3674 3673 2567 
f 2568 3676 3675 2570 
f 2321 2322 2343 2324 
f 2322 2323 2301 2343 
f 2321 2344 2277 2274 
f 2344 2345 2228 2277 
f 3676 3662 2247 2244 
f 2345 3664 2231 2228 
f 3665 3666 2264 3677 
f 3667 3668 2263 2260 
f 3669 3670 2259 2256 
f 3671 3673 2255 2252 
f 3674 3675 2251 2248 
f 2302 2323 2278 2279 
f 2227 2209 3678 
f 3678 2209 2226 
f 2214 3679 2213 
f 2346 2347 2226 2225 
f 2347 2348 3678 2226 
f 2348 2349 2227 3678 
f 2349 2350 2212 2227 
f 2351 2352 2184 2185 
f 2352 2353 2223 2184 
f 2353 2354 2224 2223 
f 2354 2346 2225 2224 
f 2350 2355 2211 2212 
f 2351 2358 2360 2195 
f 2355 2376 2218 2211 
f 2376 2377 2368 2218 
f 2377 2378 2374 2368 
f 3364 3365 3367 3368 
f 3337 3681 3680 3328 
f 2194 2359 3682 
f 2194 3683 3680 
f 2194 3682 3683 
f 3321 3685 3684 3347 
f 3338 3686 3681 3337 
f 3340 3687 3686 3338 
f 3342 3688 3687 3340 
f 3344 3689 3688 3342 
f 3350 3690 3689 3344 
f 3351 3691 3690 3350 
f 3353 3692 3691 3351 
f 3431 3693 3692 3353 
f 3347 3684 3693 3431 
f 3318 3694 3685 3321 
f 3322 3695 3694 3318 
f 3324 3696 3695 3322 
f 3326 3697 3696 3324 
f 3317 3307 3698 
f 2204 3699 2313 
f 2319 3700 3307 
f 3317 3698 3697 3326 
f 3700 2319 2313 3699 
f 2356 3702 3701 
f 2358 2356 3363 3364 
f 2359 2360 3368 3333 
f 3703 3705 3704 2407 
f 3705 3707 3706 3704 
f 3707 3709 3708 3706 
f 3703 3710 3660 2389 
f 3702 3710 2408 3701 
f 2360 2358 3364 3368 
f 3680 3681 2193 2194 
f 3682 2359 3333 3334 
f 3680 3683 3331 3328 
f 3683 3682 3334 3331 
f 3684 3685 2186 2207 
f 3681 3686 2197 2193 
f 3686 3687 2267 2197 
f 3687 3688 2198 2267 
f 3688 3689 2201 2198 
f 3689 3690 2269 2201 
f 3690 3691 2273 2269 
f 3691 3692 2271 2273 
f 3692 3693 2208 2271 
f 3693 3684 2207 2208 
f 3685 3694 2188 2186 
f 3694 3695 2202 2188 
f 3695 3696 2204 2202 
f 3696 3697 3699 2204 
f 3697 3698 3700 3699 
f 2407 2408 3710 3703 
f 2407 3704 2395 2392 
f 3704 3706 2397 2395 
f 3706 3708 2399 2397 
f 3701 2408 2404 3366 
f 2356 3701 3366 3363 
f 3698 3307 3700 
f 2356 2357 3702 
f 2389 2390 3705 3703 
f 2390 2391 3707 3705 
f 2391 3711 3709 3707 
f 2357 3660 3710 3702 
f 2389 3660 2180 
f 2189 2188 2203 
f 2187 2188 2189 2190 
f 2850 2318 2319 2853 
f 2851 2317 2318 2850 
f 2840 2314 2317 2851 
f 2841 2316 2314 2840 
f 3307 2855 2853 2319 
f 3308 2855 3307 
f 3309 2858 2855 3308 
f 3311 2857 2858 3309 
f 3314 2845 2857 3311 
f 3315 2847 2845 3314 
f 3371 3280 2847 3315 
f 3370 3279 3280 3371 
f 3191 3279 3370 
f 2409 2316 2841 
f 3712 3715 3714 3713 
f 3713 3717 3716 3712 
f 3718 3721 3720 3719 
f 3722 3725 3724 3723 
f 3722 3723 3727 3726 
f 3728 3731 3730 3729 
f 3732 3735 3734 3733 
f 3736 3739 3738 3737 
f 3740 3743 3742 3741 
f 3744 3747 3746 3745 
f 3744 3745 3749 3748 
f 3748 3749 3750 
f 3751 3746 3747 3752 
f 3753 3752 3747 3754 
f 3748 3750 3756 3755 
f 3748 3755 3758 3757 
f 3757 3758 3760 3759 
f 3760 3762 3761 3759 
f 3763 3757 3759 3764 
f 3763 3764 3741 3754 
f 3747 3744 3763 3754 
f 3744 3748 3757 3763 
f 3765 3768 3767 3766 
f 3769 3743 3740 3770 
f 3761 3762 3767 3768 
f 3771 3773 3770 3772 
f 3768 3772 3774 3761 
f 3768 3765 3771 3772 
f 3775 3778 3777 3776 
f 3769 3770 3773 3779 
f 3770 3740 3774 3772 
f 3741 3742 3753 3754 
f 3764 3759 3761 3774 
f 3741 3764 3774 3740 
f 3780 3783 3782 3781 
f 3776 3777 3785 3784 
f 3785 3786 3784 
f 3739 3787 3738 
f 3784 3786 3787 3739 
f 3781 3782 3736 3737 
f 3767 3789 3788 3766 
f 3762 3790 3789 3767 
f 3760 3791 3790 3762 
f 3758 3792 3791 3760 
f 3755 3793 3792 3758 
f 3756 3794 3793 3755 
f 3795 3798 3797 3796 
f 3798 3800 3799 3797 
f 3800 3802 3801 3799 
f 3802 3804 3803 3801 
f 3804 3806 3805 3803 
f 3806 3808 3807 3805 
f 3788 3789 3798 3795 
f 3789 3790 3800 3798 
f 3790 3791 3802 3800 
f 3791 3792 3804 3802 
f 3792 3793 3806 3804 
f 3793 3794 3808 3806 
f 3796 3797 3777 3778 
f 3797 3799 3785 3777 
f 3799 3801 3786 3785 
f 3801 3803 3787 3786 
f 3803 3805 3738 3787 
f 3805 3807 3737 3738 
f 3751 3810 3809 3746 
f 3811 3813 3812 3734 
f 3731 3815 3814 3730 
f 3723 3817 3816 3727 
f 3719 3819 3818 3724 
f 3820 3822 3821 3720 
f 3712 3824 3823 3715 
f 3780 3826 3825 3716 
f 3781 3827 3826 3780 
f 3737 3828 3827 3781 
f 3807 3829 3828 3737 
f 3808 3830 3829 3807 
f 3794 3831 3830 3808 
f 3756 3832 3831 3794 
f 3750 3833 3832 3756 
f 3749 3834 3833 3750 
f 3745 3835 3834 3749 
f 3746 3809 3835 3745 
f 3836 3839 3838 3837 
f 3840 3843 3842 3841 
f 3844 3847 3846 3845 
f 3848 3851 3850 3849 
f 3852 3855 3854 3853 
f 3856 3859 3858 3857 
f 3860 3863 3862 3861 
f 3864 3867 3866 3865 
f 3868 3871 3870 3869 
f 3871 3873 3872 3870 
f 3873 3875 3874 3872 
f 3875 3877 3876 3874 
f 3877 3879 3878 3876 
f 3879 3881 3880 3878 
f 3881 3883 3882 3880 
f 3883 3885 3884 3882 
f 3885 3887 3886 3884 
f 3887 3836 3837 3886 
f 3809 3810 3839 3836 
f 3888 3812 3843 3840 
f 3813 3814 3847 3844 
f 3815 3816 3851 3848 
f 3817 3818 3855 3852 
f 3819 3821 3859 3856 
f 3822 3823 3863 3860 
f 3824 3825 3867 3864 
f 3826 3827 3871 3868 
f 3827 3828 3873 3871 
f 3828 3829 3875 3873 
f 3829 3830 3877 3875 
f 3830 3831 3879 3877 
f 3831 3832 3881 3879 
f 3832 3833 3883 3881 
f 3833 3834 3885 3883 
f 3834 3835 3887 3885 
f 3835 3809 3836 3887 
f 3837 3838 2239 2236 
f 3841 3842 2246 3889 
f 3845 3846 2250 2245 
f 3849 3850 2254 2249 
f 3853 3854 2258 2253 
f 3857 3858 2262 2257 
f 3861 3862 2265 2261 
f 3865 3866 2230 3890 
f 3869 3870 2276 2229 
f 3870 3872 2280 2276 
f 3872 3874 2281 2280 
f 3874 3876 2233 2281 
f 3876 3878 2240 2233 
f 3878 3880 2284 2240 
f 3880 3882 2287 2284 
f 3882 3884 2242 2287 
f 3884 3886 2241 2242 
f 3886 3837 2236 2241 
f 3891 3894 3893 3892 
f 3895 3892 3893 
f 3896 3895 3893 3897 
f 3897 3899 3898 3896 
f 3900 3903 3902 3901 
f 3904 3907 3906 3905 
f 3908 3911 3910 3909 
f 3912 3913 3906 3907 
f 3901 3902 3913 3912 
f 3903 3900 3898 3899 
f 3914 3915 3904 3905 
f 3908 3909 3915 3914 
f 3916 3919 3918 3917 
f 3920 3921 3910 3911 
f 3919 3916 3921 3920 
f 3917 3918 3923 3922 
f 3922 3923 3925 3924 
f 3924 3925 3927 3926 
f 3925 3929 3928 3927 
f 3923 3930 3929 3925 
f 3911 3932 3931 3920 
f 3918 3933 3930 3923 
f 3919 3934 3933 3918 
f 3920 3931 3934 3919 
f 3935 3937 3936 3893 
f 3908 3938 3932 3911 
f 3914 3939 3938 3908 
f 3905 3940 3939 3914 
f 3906 3941 3940 3905 
f 3913 3942 3941 3906 
f 3902 3943 3942 3913 
f 3903 3944 3943 3902 
f 3899 3945 3944 3903 
f 3897 3946 3945 3899 
f 3893 3936 3946 3897 
f 3947 3937 3949 3948 
f 3893 3894 3935 
f 3894 3951 3950 3935 
f 3891 3952 3951 3894 
f 3892 3953 3952 3891 
f 3895 3954 3953 3892 
f 3896 3955 3954 3895 
f 3898 3956 3955 3896 
f 3900 3957 3956 3898 
f 3907 3959 3958 3912 
f 3904 3960 3959 3907 
f 3915 3961 3960 3904 
f 3909 3962 3961 3915 
f 3910 3963 3962 3909 
f 3921 3964 3963 3910 
f 3901 3965 3957 3900 
f 3912 3958 3965 3901 
f 3916 3966 3964 3921 
f 3917 3967 3966 3916 
f 3922 3968 3967 3917 
f 3924 3969 3968 3922 
f 3926 3970 3969 3924 
f 3929 3930 3972 3971 
f 3931 3932 3974 3973 
f 3930 3933 3975 3972 
f 3933 3934 3976 3975 
f 3934 3931 3973 3976 
f 3936 3937 3947 3977 
f 3932 3938 3978 3974 
f 3938 3939 3979 3978 
f 3939 3940 3980 3979 
f 3940 3941 3981 3980 
f 3941 3942 3982 3981 
f 3942 3943 3983 3982 
f 3943 3944 3984 3983 
f 3944 3945 3985 3984 
f 3945 3946 3986 3985 
f 3946 3936 3977 3986 
f 3987 3949 3950 3988 
f 3989 3992 3991 3990 
f 3993 3994 3992 3989 
f 3995 3998 3997 3996 
f 3990 3991 4000 3999 
f 3999 4000 3998 3995 
f 3987 4003 4002 4001 
f 4004 4007 4006 4005 
f 4008 4009 4007 4004 
f 4010 4011 4009 4008 
f 4012 4013 4011 4010 
f 4014 4015 4013 4012 
f 4016 4017 4015 4014 
f 4018 4021 4020 4019 
f 4022 4023 4021 4018 
f 4024 4025 4023 4022 
f 4026 4027 4025 4024 
f 4028 4029 4027 4026 
f 4030 4031 4029 4028 
f 4032 4033 4017 4016 
f 4019 4020 4033 4032 
f 4034 4035 4031 4030 
f 4036 4037 4035 4034 
f 4038 4039 4037 4036 
f 4040 4041 4039 4038 
f 3988 4005 4006 4042 
f 4001 4002 3994 3993 
f 3988 4042 4003 3987 
f 3948 3949 3987 4001 
f 3950 3951 4005 3988 
f 3951 3952 4004 4005 
f 3952 3953 4008 4004 
f 3953 3954 4010 4008 
f 3954 3955 4012 4010 
f 3955 3956 4014 4012 
f 3956 3957 4016 4014 
f 3958 3959 4018 4019 
f 3959 3960 4022 4018 
f 3960 3961 4024 4022 
f 3961 3962 4026 4024 
f 3962 3963 4028 4026 
f 3963 3964 4030 4028 
f 3957 3965 4032 4016 
f 3965 3958 4019 4032 
f 3964 3966 4034 4030 
f 3966 3967 4036 4034 
f 3967 3968 4038 4036 
f 3968 3969 4040 4038 
f 3969 3970 4043 4040 
f 3950 3949 3937 3935 
f 2214 2221 3679 
f 4006 4007 4045 4044 
f 4007 4009 4046 4045 
f 4009 4011 4047 4046 
f 4011 4013 4048 4047 
f 4013 4015 4049 4048 
f 4015 4017 4050 4049 
f 4020 4021 4052 4051 
f 4021 4023 4053 4052 
f 4023 4025 4054 4053 
f 4025 4027 4055 4054 
f 4027 4029 4056 4055 
f 4029 4031 4057 4056 
f 4017 4033 4058 4050 
f 4033 4020 4051 4058 
f 4031 4035 4059 4057 
f 4035 4037 4060 4059 
f 4037 4039 4061 4060 
f 4039 4041 4062 4061 
f 4041 4064 4063 4062 
f 4042 4006 4044 4065 
f 3991 3992 4067 4066 
f 3992 3994 4068 4067 
f 4000 3991 4066 4069 
f 3998 4000 4069 4070 
f 4002 4003 4065 
f 3994 4002 4065 4068 
f 4003 4042 4065 
f 3990 2373 2216 3989 
f 3989 2216 2213 3993 
f 3993 2213 3679 4001 
f 4001 3679 2221 3948 
f 3948 2221 2219 3947 
f 3947 2219 2374 3977 
f 3977 2374 2378 3986 
f 3986 2378 2372 3985 
f 3985 2372 2370 3984 
f 3984 2370 2371 3983 
f 3983 2371 2238 3982 
f 3982 2238 2239 3981 
f 3981 2239 3838 3980 
f 3980 3838 3839 3979 
f 3979 3839 3810 3978 
f 3978 3810 3751 3974 
f 3974 3751 3752 3973 
f 3973 3752 3753 3976 
f 3976 3753 3742 3975 
f 3975 3742 3743 3972 
f 3972 3743 3769 3971 
f 3971 3769 3779 4071 
f 3995 2384 2381 3999 
f 3999 2381 2373 3990 
f 4072 4075 4074 4073 
f 4076 4079 4078 4077 
f 4080 4082 4081 4073 
f 4082 4076 4077 4081 
f 4059 4083 4057 
f 4080 4085 4084 4070 
f 4073 4074 4085 4080 
f 4086 4083 4059 4060 
f 4077 4078 4083 4086 
f 4079 4076 4066 4067 
f 4072 4087 4061 4062 
f 4073 4081 4087 4072 
f 4082 4080 4070 4069 
f 4087 4086 4060 4061 
f 4081 4077 4086 4087 
f 4076 4082 4069 4066 
f 4058 4078 4079 4050 
f 4051 4083 4078 4058 
f 4050 4079 4049 
f 4068 4079 4067 
f 4044 4079 4068 4065 
f 4046 4079 4045 
f 4045 4079 4044 
f 4047 4079 4046 
f 4048 4079 4047 
f 4049 4079 4048 
f 4057 4083 4056 
f 4056 4083 4055 
f 4055 4083 4054 
f 4054 4083 4053 
f 4053 4083 4052 
f 4052 4083 4051 
f 2246 2247 4088 3889 
f 2250 2251 2244 2245 
f 2254 2255 2248 2249 
f 2258 2259 2252 2253 
f 2262 2263 2256 2257 
f 2264 2265 3890 3677 
f 2416 2417 2511 2512 
f 2443 2444 2569 2515 
f 2450 2451 4089 2471 
f 2454 2455 2448 2449 
f 2458 2459 2452 2453 
f 2462 2463 2456 2457 
f 2466 2467 2460 2461 
f 2466 2468 2560 2465 
f 2450 2472 2536 2449 
f 2472 2474 2534 2536 
f 2474 2476 2520 2534 
f 2476 2478 2518 2520 
f 2478 2480 2516 2518 
f 2480 2443 2515 2516 
f 2481 2482 2515 2569 
f 2489 2490 2464 2465 
f 2505 2506 2410 2578 
f 2509 2510 2503 2504 
f 2513 2514 2507 2508 
f 2517 2482 2415 2575 
f 2519 2517 2575 2522 
f 2521 2519 2522 2523 
f 2524 2525 2530 2527 
f 2524 2528 2538 2523 
f 2531 2532 2544 2545 
f 2533 2531 2545 2548 
f 2535 2521 2523 2538 
f 2537 2535 2538 2539 
f 2454 2537 2539 2453 
f 2540 2528 2526 2542 
f 2458 2540 2542 2457 
f 2541 2533 2548 2556 
f 2543 2541 2556 2469 
f 2462 2543 2469 2461 
f 2546 2547 2550 2551 
f 2549 2546 2551 2554 
f 2552 2553 2579 4090 
f 2555 2552 4090 4091 
f 2557 2549 2554 2558 
f 2468 2557 2558 2560 
f 2559 2555 4091 4092 
f 2561 2559 4092 2574 
f 2506 2563 2413 2410 
f 2565 2514 2511 2566 
f 2567 2417 2414 3672 
f 2481 2570 3672 2414 
f 2571 2444 2445 3661 
f 2561 2489 2465 2560 
f 2525 2576 2529 2530 
f 2577 2510 2507 2564 
f 2553 2505 2578 2579 
f 2547 2509 2504 2550 
f 2532 2513 2508 2544 
f 2576 2416 2512 2529 
f 2571 3662 3676 2568 
f 2563 3666 3665 2413 
f 2577 3668 3667 2562 
f 2565 3670 3669 2564 
f 2567 3673 3671 2566 
f 2570 3675 3674 3672 
f 2247 3662 3663 4088 
f 2264 3666 3667 2260 
f 2263 3668 3669 2256 
f 2259 3670 3671 2252 
f 2255 3673 3674 2248 
f 2251 3675 3676 2244 
f 3714 3715 3820 4093 
f 3720 3721 4093 3820 
f 3724 3725 3718 3719 
f 3726 3727 3731 3728 
f 3729 3730 3811 4094 
f 3734 3735 4094 3811 
f 3734 3812 3888 3733 
f 3730 3814 3813 3811 
f 3727 3816 3815 3731 
f 3724 3818 3817 3723 
f 3720 3821 3819 3719 
f 3715 3823 3822 3820 
f 3842 3843 3844 3845 
f 3846 3847 3848 3849 
f 3850 3851 3852 3853 
f 3854 3855 3856 3857 
f 3858 3859 3860 3861 
f 3862 3863 3864 3865 
f 3843 3812 3813 3844 
f 3847 3814 3815 3848 
f 3851 3816 3817 3852 
f 3855 3818 3819 3856 
f 3859 3821 3822 3860 
f 3863 3823 3824 3864 
f 2246 3842 3845 2245 
f 2250 3846 3849 2249 
f 2254 3850 3853 2253 
f 2258 3854 3857 2257 
f 2262 3858 3861 2261 
f 2265 3862 3865 3890 
f 2230 2231 3677 3890 
f 2411 2412 2327 2326 
f 2411 2446 2578 2410 
f 2492 2485 2487 2488 
f 2495 2496 2574 4092 
f 2498 2495 4092 4091 
f 2500 2498 4091 4090 
f 2502 2500 4090 2579 
f 2496 2492 2488 2574 
f 2502 2446 2447 2501 
f 2412 3664 2345 2327 
f 2231 3664 3665 3677 
f 3716 3717 3783 3780 
f 3716 3825 3824 3712 
f 3866 3867 3868 3869 
f 3867 3825 3826 3868 
f 2230 3866 3869 2229 
f 2485 2486 2483 2439 
f 2198 2199 2267 
f 4095 2388 2383 2384 
f 2387 3711 2391 2382 
f 3172 3209 3210 
f 3172 3210 3149 3146 
f 3004 3286 3285 3000 
f 2399 3659 3658 2398 
f 4071 3928 3929 3971 
f 4043 4064 4041 4040 
f 4084 3997 3998 4070 
f 3996 4095 2384 3995 
f 4063 4075 4072 4062 
f 3714 4097 4096 3713 
f 3713 4096 4098 3717 
f 3717 4098 4099 3783 
f 3783 4099 4100 3782 
f 3782 4100 4101 3736 
f 3736 4101 4102 3739 
f 3739 4102 4103 3784 
f 3784 4103 4104 3776 
f 3776 4104 4105 3775 
f 3732 4107 4106 3735 
f 3735 4106 4108 4094 
f 4094 4108 4109 3729 
f 3729 4109 4110 3728 
f 3728 4110 4111 3726 
f 3726 4111 4112 3722 
f 3722 4112 4113 3725 
f 3725 4113 4114 3718 
f 3718 4114 4115 3721 
f 3721 4115 4116 4093 
f 4093 4116 4097 3714 
f 4117 4443 4445 4118 
f 4118 4445 4448 4119 
f 4119 4448 4451 4120 
f 4120 4451 4454 4121 
f 4121 4454 4457 4122 
f 4122 4457 4460 4123 
f 4123 4460 4463 4124 
f 4124 4463 4466 4125 
f 4125 4466 4407 4126 
f 4127 4412 4469 4128 
f 4128 4469 4472 4129 
f 4129 4472 4475 4130 
f 4130 4475 4478 4131 
f 4131 4478 4481 4132 
f 4132 4481 4484 4133 
f 4133 4484 4487 4134 
f 4134 4487 4490 4135 
f 4135 4490 4493 4136 
f 4136 4493 4496 4137 
f 4137 4496 4443 4117 
f 4138 4141 4140 4139 
f 4142 4138 4139 4143 
f 4144 4142 4143 4145 
f 4146 4144 4145 4147 
f 4148 4146 4147 4149 
f 4150 4148 4149 4151 
f 4152 4150 4151 4153 
f 4154 4152 4153 4155 
f 4156 4154 4155 4157 
f 4158 4161 4160 4159 
f 4162 4158 4159 4163 
f 4164 4162 4163 4165 
f 4166 4164 4165 4167 
f 4168 4166 4167 4169 
f 4170 4168 4169 4171 
f 4172 4170 4171 4173 
f 4174 4172 4173 4175 
f 4176 4174 4175 4177 
f 4178 4176 4177 4179 
f 4141 4178 4179 4140 
f 4096 4097 4141 4138 
f 4098 4096 4138 4142 
f 4099 4098 4142 4144 
f 4100 4099 4144 4146 
f 4101 4100 4146 4148 
f 4102 4101 4148 4150 
f 4103 4102 4150 4152 
f 4104 4103 4152 4154 
f 4105 4104 4154 4156 
f 4106 4107 4161 4158 
f 4108 4106 4158 4162 
f 4109 4108 4162 4164 
f 4110 4109 4164 4166 
f 4111 4110 4166 4168 
f 4112 4111 4168 4170 
f 4113 4112 4170 4172 
f 4114 4113 4172 4174 
f 4115 4114 4174 4176 
f 4116 4115 4176 4178 
f 4097 4116 4178 4141 
f 4139 4140 4117 4118 
f 4143 4139 4118 4119 
f 4145 4143 4119 4120 
f 4147 4145 4120 4121 
f 4149 4147 4121 4122 
f 4151 4149 4122 4123 
f 4153 4151 4123 4124 
f 4155 4153 4124 4125 
f 4157 4155 4125 4126 
f 4159 4160 4127 4128 
f 4163 4159 4128 4129 
f 4165 4163 4129 4130 
f 4167 4165 4130 4131 
f 4169 4167 4131 4132 
f 4171 4169 4132 4133 
f 4173 4171 4133 4134 
f 4175 4173 4134 4135 
f 4177 4175 4135 4136 
f 4179 4177 4136 4137 
f 4140 4179 4137 4117 
s 1
f 4180 2118 2116 4181 
f 4181 2116 2166 4182 
f 4182 2166 2165 4183 
f 4183 2165 2164 4184 
f 4184 2164 2163 4185 
f 4185 2163 2162 4186 
f 4186 2162 2161 4187 
f 4187 2161 2160 4188 
f 4188 2160 2159 4189 
f 4189 2159 2158 4190 
f 4190 2158 2155 4191 
f 4191 2155 2156 4192 
f 4192 2156 2157 4193 
f 4193 2157 2167 4194 
f 4194 2167 2168 4195 
f 4195 2168 2169 4196 
f 4196 2169 2170 4197 
f 4197 2170 2171 4198 
f 4198 2171 2172 4199 
f 4199 2172 2173 4200 
f 4200 2173 2174 4201 
f 4201 2174 2175 4202 
f 4202 2175 2176 4203 
f 4203 2176 2153 4204 
f 4204 2153 2154 4205 
f 4205 2154 2178 4206 
f 4206 2178 2179 4207 
f 4208 2177 2118 4180 
s 2
f 2420 4210 4209 2419 
f 2419 4209 4211 2423 
f 2426 4213 4212 2425 
f 2430 4215 4214 2429 
f 2429 4214 4216 2433 
f 2437 4218 4217 2436 
f 2440 4220 4219 2439 
f 2448 4222 4221 2451 
f 2452 4224 4223 2455 
f 2456 4226 4225 2459 
f 2460 4228 4227 2463 
f 2464 4230 4229 2467 
f 2487 4232 4231 2490 
f 2423 4211 4213 2426 
f 2425 4212 4215 2430 
f 2433 4216 4218 2437 
f 2573 4233 4220 2440 
f 2436 4217 4233 2573 
f 2942 4235 4234 2941 
f 2941 4234 4210 2420 
f 2451 4221 4236 4089 
f 2455 4223 4222 2448 
f 2459 4225 4224 2452 
f 2463 4227 4226 2456 
f 2467 4229 4228 2460 
f 2490 4231 4230 2464 
f 2485 4237 4232 2487 
f 2439 4219 4237 2485 
s 1
f 4181 4210 4234 4180 
f 4182 4209 4210 4181 
f 4183 4211 4209 4182 
f 4184 4213 4211 4183 
f 4185 4212 4213 4184 
f 4186 4215 4212 4185 
f 4187 4214 4215 4186 
f 4188 4216 4214 4187 
f 4189 4218 4216 4188 
f 4190 4217 4218 4189 
f 4191 4233 4217 4190 
f 4192 4220 4233 4191 
f 4193 4219 4220 4192 
f 4194 4237 4219 4193 
f 4195 4232 4237 4194 
f 4196 4231 4232 4195 
f 4197 4230 4231 4196 
f 4198 4229 4230 4197 
f 4199 4228 4229 4198 
f 4200 4227 4228 4199 
f 4201 4226 4227 4200 
f 4202 4225 4226 4201 
f 4203 4224 4225 4202 
f 4204 4223 4224 4203 
f 4205 4222 4223 4204 
f 4206 4221 4222 4205 
f 4180 4234 4235 4208 
s 2
f 3294 3479 3654 
f 3654 3479 3462 3464 
f 3464 3462 3456 3463 
f 3463 3456 3457 3467 
f 3467 3457 3447 3469 
f 3469 3447 3362 3471 
f 3471 3362 3359 3473 
f 3473 3359 3499 3480 
f 3480 3499 3500 3482 
f 3482 3500 3501 3484 
f 3484 3501 3502 3486 
f 3486 3502 3503 3488 
f 3488 3503 3504 3490 
f 3490 3504 3360 3492 
f 3492 3360 3498 3494 
f 3494 3498 3655 3496 
f 3496 3655 3656 3610 
f 3610 3656 3536 3609 
f 3609 3536 3535 3608 
f 3608 3535 3358 3607 
f 3607 3358 3355 3611 
f 3611 3355 3537 3614 
f 3614 3537 3538 3613 
f 3613 3538 3539 3612 
f 3612 3539 3441 3619 
f 3619 3441 3442 3618 
f 3618 3442 3448 3617 
f 3617 3448 3449 3616 
f 3616 3449 3458 3615 
f 3615 3458 3475 3630 
f 3630 3475 3409 3410 
f 3410 3409 3300 
f 3478 3479 3294 3291 
s 1
f 4238 4241 4240 4239 
f 4242 4243 4241 4238 
f 4244 4245 4243 4242 
f 4246 4247 4245 4244 
f 4248 4249 4247 4246 
f 4250 4251 4249 4248 
f 4252 4253 4251 4250 
f 4254 4255 4253 4252 
f 4256 4257 4255 4254 
f 4258 4259 4257 4256 
f 4260 4261 4259 4258 
f 4262 4263 4261 4260 
f 4264 4265 4263 4262 
f 4266 4267 4265 4264 
f 4268 4269 4267 4266 
f 4239 4240 4269 4268 
s 2
f 4270 4272 4271 
f 4273 4272 4270 
f 4274 4272 4273 
f 4275 4272 4274 
f 4276 4272 4275 
f 4277 4272 4276 
f 4278 4272 4277 
f 4279 4272 4278 
f 4280 4272 4279 
f 4281 4272 4280 
f 4282 4272 4281 
f 4283 4272 4282 
f 4284 4272 4283 
f 4285 4272 4284 
f 4286 4272 4285 
f 4271 4272 4286 
f 3506 4288 4287 3505 
f 3509 4289 4288 3506 
f 3510 4290 4289 3509 
f 3511 4291 4290 3510 
f 3513 4292 4291 3511 
f 3515 4293 4292 3513 
f 3517 4294 4293 3515 
f 3519 4295 4294 3517 
f 3521 4296 4295 3519 
f 3523 4297 4296 3521 
f 3525 4298 4297 3523 
f 3527 4299 4298 3525 
f 3529 4300 4299 3527 
f 3531 4301 4300 3529 
f 3533 4302 4301 3531 
f 3505 4287 4302 3533 
s 1
f 4239 4287 4288 4238 
f 4241 4304 4303 4240 
f 4238 4288 4289 4242 
f 4243 4305 4304 4241 
f 4242 4289 4290 4244 
f 4245 4306 4305 4243 
f 4244 4290 4291 4246 
f 4247 4307 4306 4245 
f 4246 4291 4292 4248 
f 4249 4308 4307 4247 
f 4248 4292 4293 4250 
f 4251 4309 4308 4249 
f 4250 4293 4294 4252 
f 4253 4310 4309 4251 
f 4252 4294 4295 4254 
f 4255 4311 4310 4253 
f 4254 4295 4296 4256 
f 4257 4312 4311 4255 
f 4256 4296 4297 4258 
f 4259 4313 4312 4257 
f 4258 4297 4298 4260 
f 4261 4314 4313 4259 
f 4260 4298 4299 4262 
f 4263 4315 4314 4261 
f 4262 4299 4300 4264 
f 4265 4316 4315 4263 
f 4264 4300 4301 4266 
f 4267 4317 4316 4265 
f 4266 4301 4302 4268 
f 4269 4318 4317 4267 
f 4268 4302 4287 4239 
f 4240 4303 4318 4269 
s 2
f 4271 4303 4304 4270 
f 4270 4304 4305 4273 
f 4273 4305 4306 4274 
f 4274 4306 4307 4275 
f 4275 4307 4308 4276 
f 4276 4308 4309 4277 
f 4277 4309 4310 4278 
f 4278 4310 4311 4279 
f 4279 4311 4312 4280 
f 4280 4312 4313 4281 
f 4281 4313 4314 4282 
f 4282 4314 4315 4283 
f 4283 4315 4316 4284 
f 4284 4316 4317 4285 
f 4285 4317 4318 4286 
f 4286 4318 4303 4271 
s 1
f 4207 4236 4221 4206 
s 2
f 3286 963 649 645 
s 1
f 2133 2134 2135 2115 
f 2114 2128 2130 2129 
f 2129 2130 2132 2131 
f 2121 2122 2125 2124 
s 2
f 4347 4348 477 
f 2825 2592 4319 4335 
f 2592 2587 4320 4319 
f 2587 2590 4321 4320 
f 2590 2622 4322 4321 
f 2622 2621 4323 4322 
f 2621 2584 4324 4323 
f 2584 2583 4325 4324 
f 2583 2803 4326 4325 
f 2803 2719 4327 4326 
f 2719 2660 4328 4327 
f 2660 2663 4329 4328 
f 2663 2673 4330 4329 
f 2673 2675 4331 4330 
f 2675 2779 4332 4331 
f 2779 2769 4333 4332 
f 2769 2766 4334 4333 
f 2766 2765 4337 4334 
f 4336 2887 2825 4335 
f 2832 2887 4336 
f 2771 2681 2655 4337 
f 305 306 4339 4338 
f 306 307 4340 4339 
f 307 309 4341 4340 
f 309 310 4342 4341 
f 310 312 4343 4342 
f 312 339 4344 4343 
f 339 313 4354 4344 
f 378 355 4345 4356 
f 355 367 4346 4345 
f 367 368 4347 4346 
f 368 369 4348 4347 
f 369 370 4349 4348 
f 370 372 4350 4349 
f 372 353 4351 4350 
f 353 354 4352 4351 
f 354 487 4353 4352 
f 487 305 4338 4353 
f 4354 313 4355 
f 379 378 4356 
f 758 356 4358 4357 
f 356 358 4359 4358 
f 358 360 4360 4359 
f 360 362 4361 4360 
f 362 363 4362 4361 
f 363 365 4363 4362 
f 365 366 4364 4363 
f 366 352 4365 4364 
f 352 349 4366 4365 
f 349 643 4367 4366 
f 643 347 4368 4367 
f 347 348 4369 4368 
f 348 380 4370 4369 
f 380 381 4371 4370 
f 381 383 4375 4371 
f 929 760 4372 4376 
f 760 764 4373 4372 
f 764 757 4374 4373 
f 757 758 4357 4374 
f 885 929 4376 
f 4383 4379 4377 
f 4379 4385 4377 
f 4385 4388 4377 
f 4388 4391 4377 
f 4391 4394 4377 
f 4394 4397 4377 
f 4397 4400 4377 
f 4400 4403 4377 
f 4403 4406 4377 
f 4413 4409 4377 
f 4409 4415 4377 
f 4415 4418 4377 
f 4418 4421 4377 
f 4421 4424 4377 
f 4424 4427 4377 
f 4427 4430 4377 
f 4430 4433 4377 
f 4433 4436 4377 
f 4436 4439 4377 
f 4439 4383 4377 
f 4446 4442 4377 
f 4449 4446 4377 
f 4452 4449 4377 
f 4455 4452 4377 
f 4458 4455 4377 
f 4461 4458 4377 
f 4464 4461 4377 
f 4467 4464 4377 
f 4406 4467 4377 
f 4470 4413 4377 
f 4473 4470 4377 
f 4476 4473 4377 
f 4479 4476 4377 
f 4482 4479 4377 
f 4485 4482 4377 
f 4488 4485 4377 
f 4491 4488 4377 
f 4494 4491 4377 
f 4497 4494 4377 
f 4442 4497 4377 
f 4382 4380 4378 4381 
f 4380 4386 4384 4378 
f 4386 4389 4387 4384 
f 4389 4392 4390 4387 
f 4392 4395 4393 4390 
f 4395 4398 4396 4393 
f 4398 4401 4399 4396 
f 4401 4404 4402 4399 
f 4404 4407 4405 4402 
f 4412 4410 4408 4411 
f 4410 4416 4414 4408 
f 4416 4419 4417 4414 
f 4419 4422 4420 4417 
f 4422 4425 4423 4420 
f 4425 4428 4426 4423 
f 4428 4431 4429 4426 
f 4431 4434 4432 4429 
f 4434 4437 4435 4432 
f 4437 4440 4438 4435 
f 4440 4382 4381 4438 
f 4445 4443 4441 4444 
f 4448 4445 4444 4447 
f 4451 4448 4447 4450 
f 4454 4451 4450 4453 
f 4457 4454 4453 4456 
f 4460 4457 4456 4459 
f 4463 4460 4459 4462 
f 4466 4463 4462 4465 
f 4407 4466 4465 4405 
f 4469 4412 4411 4468 
f 4472 4469 4468 4471 
f 4475 4472 4471 4474 
f 4478 4475 4474 4477 
f 4481 4478 4477 4480 
f 4484 4481 4480 4483 
f 4487 4484 4483 4486 
f 4490 4487 4486 4489 
f 4493 4490 4489 4492 
f 4496 4493 4492 4495 
f 4443 4496 4495 4441 
f 4379 4383 4381 4378 
f 4385 4379 4378 4384 
f 4388 4385 4384 4387 
f 4391 4388 4387 4390 
f 4394 4391 4390 4393 
f 4397 4394 4393 4396 
f 4400 4397 4396 4399 
f 4403 4400 4399 4402 
f 4406 4403 4402 4405 
f 4409 4413 4411 4408 
f 4415 4409 4408 4414 
f 4418 4415 4414 4417 
f 4421 4418 4417 4420 
f 4424 4421 4420 4423 
f 4427 4424 4423 4426 
f 4430 4427 4426 4429 
f 4433 4430 4429 4432 
f 4436 4433 4432 4435 
f 4439 4436 4435 4438 
f 4383 4439 4438 4381 
f 4442 4446 4444 4441 
f 4446 4449 4447 4444 
f 4449 4452 4450 4447 
f 4452 4455 4453 4450 
f 4455 4458 4456 4453 
f 4458 4461 4459 4456 
f 4461 4464 4462 4459 
f 4464 4467 4465 4462 
f 4467 4406 4405 4465 
f 4413 4470 4468 4411 
f 4470 4473 4471 4468 
f 4473 4476 4474 4471 
f 4476 4479 4477 4474 
f 4479 4482 4480 4477 
f 4482 4485 4483 4480 
f 4485 4488 4486 4483 
f 4488 4491 4489 4486 
f 4491 4494 4492 4489 
f 4494 4497 4495 4492 
f 4497 4442 4441 4495 
s 1
f 4498 4499 4500 4501 
f 4502 4499 4503 4504 
f 4505 4506 4507 4508 
f 4509 4510 4511 4512 
f 4510 4513 4514 4511 
f 4515 4516 4517 4518 
f 4519 4520 4515 4518 
f 4521 4522 4523 4524 
f 4525 4526 4522 4521 
f 4527 4528 4529 4530 
f 4531 4509 4507 4532 
f 4533 4534 4503 4535 
f 4536 4506 4534 4533 
f 4530 4529 4500 4537 
f 4538 4539 4540 4541 
f 4542 4543 4528 4527 
f 4544 4545 4526 4513 
f 4524 4523 4516 4546 
f 4520 4547 4548 4549 
f 4550 4551 4552 4553 
f 4551 4554 4555 4552 
f 4555 4554 4556 4557 
f 4557 4556 4558 4559 
f 4558 4560 4561 4559 
f 4560 4562 4563 4561 
f 4562 4564 4565 4563 
f 4564 4566 4567 4565 
f 4568 4569 4570 4571 
f 4572 4573 4569 4568 
f 4571 4570 4566 4574 
f 4575 4573 4576 
f 4577 4578 4579 4580 
f 4578 4581 4582 4579 
f 4581 4583 4584 4582 
f 4583 4585 4586 4584 
f 4585 4587 4588 4586 
f 4587 4589 4590 4588 
f 4589 4591 4592 4590 
f 4591 4593 4594 4592 
f 4593 4595 4596 4594 
f 4597 4598 4599 4600 
f 4597 4601 4602 4598 
f 4603 4604 4605 4606 
f 4604 4603 4607 4608 
f 4607 4609 4610 4608 
f 4611 4612 4613 4614 
f 4613 4615 4616 4614 
f 4615 4617 4618 4616 
f 4617 4619 4620 4618 
f 4619 4621 4622 4620 
f 4623 4612 4609 4624 
f 4625 4626 4627 4628 
f 4626 4629 4630 4627 
f 4629 4631 4632 4630 
f 4631 4633 4634 4632 
f 4635 4636 4637 
f 4638 4639 4640 4637 
f 4641 4642 4643 4644 
f 4642 4645 4646 4643 
f 4646 4647 4648 4643 
f 4647 4649 4650 4648 
f 4649 4651 4652 4650 
f 4651 4653 4654 4652 
f 4655 4656 4657 4658 
f 4656 4659 4660 4657 
f 4659 4661 4662 4660 
f 4661 4663 4664 4662 
f 4663 4665 4666 4664 
f 4665 4667 4668 4666 
f 4667 4669 4670 4668 
f 4671 4672 4673 
f 4671 4673 4669 4567 
f 4548 4674 4675 4549 
f 4674 4676 4677 4675 
f 4678 4679 4680 4676 
f 4680 4681 4682 4683 
f 4681 4684 4685 4682 
f 4684 4686 4687 4685 
f 4687 4686 4688 4689 
f 4689 4688 4690 4691 
f 4690 4692 4693 4691 
f 4693 4692 4694 4695 
f 4695 4694 4696 4697 
f 4698 4699 4700 4701 
f 4701 4700 4696 4702 
f 4703 4704 4699 4698 
f 4705 4704 4706 4707 
f 4697 4708 4709 4710 
f 4695 4697 4710 4711 
f 4712 4705 4713 4714 
f 4708 4712 4714 4709 
f 4709 4715 4716 4710 
f 4710 4716 4717 4711 
f 4714 4713 4718 4719 
f 4709 4714 4719 4715 
f 4720 4718 4721 4722 
f 4539 4723 4724 4725 
f 4726 4727 4728 4729 
f 4728 4727 4730 4731 
f 4732 4733 4734 4735 
f 4735 4734 4730 4736 
f 4737 4738 4733 4732 
f 4738 4739 4740 4741 
f 4739 4742 4743 4740 
f 4742 4744 4745 4743 
f 4746 4747 4748 4749 
f 4750 4751 4748 4752 
f 4753 4754 4747 4744 
f 4725 4724 4755 4756 
f 4550 4553 4547 
f 4519 4757 4551 4550 
f 4757 4758 4554 4551 
f 4554 4758 4759 4556 
f 4556 4759 4760 4558 
f 4760 4761 4560 4558 
f 4761 4762 4562 4560 
f 4762 4763 4564 4562 
f 4564 4763 4574 4566 
f 4569 4672 4671 4570 
f 4573 4575 4672 4569 
f 4570 4671 4567 4566 
f 4573 4572 4577 4576 
f 4764 4597 4600 4765 
f 4764 4766 4601 4597 
f 4553 4767 4674 4548 
f 4767 4678 4676 4674 
f 4683 4677 4676 4680 
f 4679 4768 4681 4680 
f 4768 4769 4684 4681 
f 4769 4770 4686 4684 
f 4686 4770 4771 4688 
f 4688 4771 4772 4690 
f 4772 4773 4692 4690 
f 4692 4773 4774 4694 
f 4694 4774 4702 4696 
f 4699 4712 4708 4700 
f 4700 4708 4697 4696 
f 4704 4705 4712 4699 
f 4703 4775 4706 4704 
f 4499 4502 4537 4500 
f 4499 4498 4535 4503 
f 4536 4532 4507 4506 
f 4531 4776 4510 4509 
f 4776 4544 4513 4510 
f 4515 4777 4546 4516 
f 4520 4549 4777 4515 
f 4522 4778 4779 4523 
f 4545 4778 4522 4526 
f 4780 4781 4529 4528 
f 4512 4508 4507 4509 
f 4534 4782 4504 4503 
f 4506 4505 4782 4534 
f 4529 4781 4501 4500 
f 4539 4725 4783 4540 
f 4784 4780 4528 4543 
f 4525 4514 4513 4526 
f 4523 4779 4517 4516 
f 4520 4519 4550 4547 
f 4539 4538 4723 
f 4538 5316 4727 4726 
f 4727 5316 4736 4730 
f 4733 4785 4786 4734 
f 4734 4786 4731 4730 
f 4738 4741 4785 4733 
f 4737 4787 4739 4738 
f 4787 4788 4742 4739 
f 4788 4753 4744 4742 
f 4754 4752 4748 4747 
f 4789 4749 4748 4751 
f 4746 4745 4744 4747 
f 4553 4548 4547 
f 4790 4791 4645 
f 4792 4793 4647 4646 
f 4793 4794 4649 4647 
f 4794 4795 4651 4649 
f 4795 4796 4653 4651 
f 4797 4798 4656 4655 
f 4798 4799 4659 4656 
f 4799 4800 4661 4659 
f 4800 4801 4663 4661 
f 4801 4802 4665 4663 
f 4802 4565 4667 4665 
f 4667 4565 4567 4669 
f 4672 4803 4673 
f 4803 4670 4669 4673 
f 4601 4804 4602 
f 4805 4806 4603 4606 
f 4806 4807 4607 4603 
f 4807 4624 4609 4607 
f 4623 4808 4613 4612 
f 4808 4809 4615 4613 
f 4809 4810 4617 4615 
f 4810 4811 4619 4617 
f 4811 4812 4621 4619 
f 4611 4610 4609 4612 
f 4813 4626 4625 4814 
f 4813 4815 4629 4626 
f 4815 4816 4631 4629 
f 4816 4817 4633 4631 
f 4818 4819 4636 4635 
f 4638 4820 4821 4639 
f 4822 4790 4642 4641 
f 4642 4790 4645 
f 4766 4804 4601 
f 4791 4792 4646 4645 
f 4576 4823 4575 
f 4572 4824 4578 4577 
f 4824 4825 4581 4578 
f 4825 4826 4583 4581 
f 4826 4827 4585 4583 
f 4827 4828 4587 4585 
f 4828 4829 4589 4587 
f 4829 4830 4591 4589 
f 4830 4831 4593 4591 
f 4831 4832 4595 4593 
f 4577 4580 4823 4576 
f 4717 4833 4834 4711 
f 4833 4835 4836 4834 
f 4835 4837 4838 4836 
f 4837 4839 4840 4838 
f 4840 4839 4841 4842 
f 4842 4841 4843 4844 
f 4844 4843 4677 4683 
f 4845 4846 4716 4715 
f 4716 4846 4847 4717 
f 4720 4848 4719 4718 
f 4848 4845 4715 4719 
f 4713 4849 4721 4718 
f 4847 4850 4833 4717 
f 4850 4851 4835 4833 
f 4851 4852 4837 4835 
f 4837 4852 4853 4839 
f 4839 4853 4854 4841 
f 4841 4854 4855 4843 
f 4843 4855 4675 4677 
f 4856 4857 4858 4859 
f 4856 4860 4861 4862 
f 4863 4864 4865 4866 
f 4867 4868 4869 4870 
f 4869 4871 4872 4870 
f 4873 4874 4875 4876 
f 4877 4878 4879 4880 
f 4881 4882 4883 4884 
f 4885 4886 4887 4888 
f 4889 4890 4891 4892 
f 4893 4866 4867 4894 
f 4895 4896 4862 4897 
f 4898 4895 4897 4863 
f 4899 4859 4891 4890 
f 4889 4892 4900 4901 
f 4902 4903 4872 4888 
f 4904 4905 4880 4876 
f 4884 4906 4907 4908 
f 4909 4910 4911 4912 
f 4913 4914 4915 4916 
f 4915 4917 4918 4916 
f 4917 4919 4920 4918 
f 4919 4921 4922 4920 
f 4922 4921 4923 4924 
f 4924 4923 4925 4926 
f 4926 4925 4927 4928 
f 4928 4927 4929 4930 
f 4931 4932 4933 4934 
f 4935 4931 4934 4936 
f 4932 4937 4930 4933 
f 4938 4939 4936 
f 4940 4941 4942 4943 
f 4944 4945 4943 4942 
f 4945 4944 4946 4947 
f 4947 4946 4948 4949 
f 4949 4948 4950 4951 
f 4952 4953 4951 4950 
f 4954 4955 4953 4952 
f 4956 4957 4955 4954 
f 4596 4595 4957 4956 
f 4958 4959 4960 4938 
f 4961 4962 4963 4964 
f 4965 4966 4967 4968 
f 4969 4970 4966 4965 
f 4970 4969 4971 4972 
f 4973 4974 4975 4976 
f 4977 4978 4976 4975 
f 4979 4980 4978 4977 
f 4981 4982 4980 4979 
f 4622 4621 4982 4981 
f 4983 4984 4972 4973 
f 4985 4986 4987 4988 
f 4986 4985 4989 4990 
f 4990 4989 4991 4992 
f 4993 4994 4995 4996 
f 4994 4993 4997 
f 4998 4999 5000 5001 
f 5002 5003 5004 5005 
f 5005 5004 5006 5007 
f 5006 5004 5008 5009 
f 5009 5008 5010 5011 
f 5011 5010 5012 5013 
f 5014 5015 5013 5012 
f 5016 5017 5018 5019 
f 5019 5018 5020 5021 
f 5021 5020 5022 5023 
f 5023 5022 5024 5025 
f 5025 5024 5026 5027 
f 5027 5026 5028 5029 
f 5029 5028 5030 5031 
f 5032 5033 5034 
f 5032 4929 5031 5033 
f 4907 4906 5035 5036 
f 5036 5035 5037 5038 
f 5039 5038 5040 5041 
f 5040 5042 5043 5044 
f 5044 5043 5045 5046 
f 5046 5045 5047 5048 
f 5047 5049 5050 5048 
f 5049 5051 5052 5050 
f 5052 5051 5053 5054 
f 5053 5055 5056 5054 
f 5055 5057 5058 5056 
f 5059 5060 5061 5062 
f 5060 5063 5058 5061 
f 5064 5059 5062 5065 
f 5065 5066 5067 5068 
f 5057 5069 5070 5071 
f 5055 5072 5069 5057 
f 5073 5074 5075 5066 
f 5071 5070 5074 5073 
f 5070 5069 5076 5077 
f 5069 5072 5078 5076 
f 5074 5079 5080 5075 
f 5070 5077 5079 5074 
f 5080 5081 5082 5083 
f 5084 5085 5086 5087 
f 5086 5088 5089 5087 
f 5090 5091 5092 5093 
f 5091 5094 5089 5092 
f 5095 5090 5093 5096 
f 5097 5098 5096 5099 
f 5100 5101 5098 5097 
f 5102 5103 5104 5105 
f 5106 5107 5103 5108 
f 5109 5101 5104 5110 
f 4911 4908 4912 
f 4910 5111 4881 4911 
f 5112 4913 4916 5113 
f 4916 4918 5114 5113 
f 4918 4920 5115 5114 
f 4920 4922 5116 5115 
f 5116 4922 4924 5117 
f 5117 4924 4926 5118 
f 5118 4926 4928 5119 
f 4928 4930 4937 5119 
f 4934 4933 5032 5034 
f 4936 4934 5034 4938 
f 4933 4930 4929 5032 
f 4936 4939 4940 4935 
f 4960 4959 5120 4941 
f 5121 4961 4964 5122 
f 4912 4907 5036 5123 
f 5123 5036 5038 5039 
f 5042 5040 5038 5037 
f 5041 5040 5044 5124 
f 5124 5044 5046 5125 
f 5125 5046 5048 5126 
f 5048 5050 5127 5126 
f 5050 5052 5128 5127 
f 5128 5052 5054 5129 
f 5054 5056 5130 5129 
f 5056 5058 5063 5130 
f 5062 5061 5071 5073 
f 5061 5058 5057 5071 
f 5065 5062 5073 5066 
f 5064 5065 5068 5131 
f 4904 4876 4875 5132 
f 4877 4880 4905 5133 
f 4884 4883 5134 4906 
f 4876 4880 4879 4873 
f 4884 4908 4911 4881 
f 5135 5084 5087 5136 
f 5087 5089 5094 5136 
f 5093 5092 5137 5138 
f 5092 5089 5088 5137 
f 5096 5093 5138 5099 
f 5098 5139 5095 5096 
f 5101 5109 5139 5098 
f 5103 5107 5110 5104 
f 5140 5108 5103 5102 
f 5105 5104 5101 5100 
f 4908 4907 4912 
f 5141 5007 5142 
f 5143 5006 5009 5144 
f 5144 5009 5011 5145 
f 5145 5011 5013 5146 
f 5015 5147 5146 5013 
f 5148 5016 5019 5149 
f 5149 5019 5021 5150 
f 5150 5021 5023 5151 
f 5151 5023 5025 5152 
f 5152 5025 5027 5153 
f 5153 5027 5029 4927 
f 5029 5031 4929 4927 
f 5034 5033 5154 
f 5154 5033 5031 5030 
f 4964 4963 5155 
f 4966 5156 5157 4967 
f 4966 4970 5158 5156 
f 5158 4970 4972 4984 
f 4983 4973 4976 5159 
f 4976 4978 5160 5159 
f 4978 4980 5161 5160 
f 4980 4982 5162 5161 
f 4982 4621 4812 5162 
f 4974 4973 4972 4971 
f 4987 4986 5163 5164 
f 5163 4986 4990 5165 
f 5165 4990 4992 5166 
f 4995 4994 5167 5168 
f 4997 5169 5167 4994 
f 4999 5170 5171 5000 
f 5172 5002 5005 5141 
f 5005 5007 5141 
f 5122 4964 5155 
f 5142 5007 5006 5143 
f 4939 4938 4960 
f 4935 4940 4943 5173 
f 4945 5174 5173 4943 
f 5174 4945 4947 5175 
f 5175 4947 4949 5176 
f 5176 4949 4951 5177 
f 4953 5178 5177 4951 
f 4955 5179 5178 4953 
f 4957 5180 5179 4955 
f 4595 4832 5180 4957 
f 4940 4939 4960 4941 
f 5078 5072 5181 5182 
f 5182 5181 5183 5184 
f 5184 5183 5185 5186 
f 5186 5185 5187 5188 
f 5187 5189 5190 5188 
f 5189 5191 5192 5190 
f 5193 5042 5037 5194 
f 5195 5077 5076 5196 
f 5076 5078 5197 5196 
f 5081 5080 5079 5198 
f 5198 5079 5077 5195 
f 5075 5080 5083 5199 
f 5197 5078 5182 5200 
f 5200 5182 5184 5201 
f 5201 5184 5186 5202 
f 5186 5188 5203 5202 
f 5188 5190 5204 5203 
f 5190 5192 5205 5204 
f 5194 5037 5035 5206 
f 4887 4875 4874 5207 
f 5132 4875 4887 4886 
f 5208 5209 7079 7078 
f 5209 5208 5211 5212 
f 5212 5211 5213 5214 
f 5214 5213 5215 5216 
f 5216 5215 5217 5218 
f 5218 5217 5219 5220 
f 5220 5219 5221 5222 
f 4860 4856 4859 4899 
f 4857 4856 4862 4896 
f 4898 4863 4866 4893 
f 4894 4867 4870 5223 
f 4870 4872 4903 5223 
f 5224 4892 4891 5225 
f 4868 4867 4866 4865 
f 5226 4897 4862 4861 
f 4864 4863 4897 5226 
f 4859 4858 5225 4891 
f 4892 5224 5210 4900 
f 4885 4888 4872 4871 
f 4900 7079 7080 4901 
f 5209 5212 5228 5227 
f 5212 5214 5229 5228 
f 5229 5214 5216 5230 
f 5230 5216 5218 5231 
f 5231 5218 5220 5232 
f 5232 5220 5222 5233 
f 4902 4888 4887 5207 
f 5233 5222 5084 5135 
f 5222 5221 5085 5084 
f 5234 5235 5236 5237 
f 5237 5236 5238 5239 
f 5240 5239 5238 5241 
f 5240 5241 5242 5243 
f 5243 5242 5244 5245 
f 5245 5244 5246 5247 
f 5247 5246 5248 5249 
f 5249 5248 5250 5251 
f 5252 5251 5250 5253 
f 5252 5253 5254 5255 
f 5255 5254 5256 5257 
f 5257 5256 5258 5259 
f 5259 5258 5260 5261 
f 5261 5260 5262 5263 
f 5263 5262 5264 5265 
f 5265 5264 5266 5267 
f 5267 5266 5268 5269 
f 5269 5268 5270 5271 
f 5272 5273 5274 5275 
f 4682 4844 4683 
f 4849 4713 4705 4707 
f 5276 5277 5278 5279 
f 5280 5281 5282 5283 
f 5280 5284 5285 
f 5284 5286 5285 
f 5287 5288 5289 5290 
f 5288 5291 5292 5289 
f 5291 5293 5294 5292 
f 5293 5295 5296 5294 
f 5295 5297 5298 5296 
f 5297 5299 5298 
f 5017 5016 5015 5014 
f 5016 5148 5147 5015 
f 5300 5287 5290 5281 
f 5301 5302 5290 5289 
f 5303 5301 5289 5292 
f 5304 5303 5292 5294 
f 5305 5304 5294 5296 
f 5306 5305 5296 5298 
f 5302 5282 5281 5290 
f 5285 5300 5281 5280 
f 5299 5306 5298 
f 5307 5308 5309 5310 
f 5308 5279 5311 5309 
f 5279 5278 5311 
f 5312 5313 5314 5315 
f 4752 4754 4537 4502 
f 4549 4675 4855 4777 
f 4777 4855 4854 4546 
f 4546 4854 4853 4524 
f 4521 4524 4853 4852 
f 4521 4852 4851 4525 
f 4525 4851 4850 4514 
f 4505 4508 4847 
f 4508 4512 4847 
f 4511 4850 4847 4512 
f 4511 4514 4850 
f 4505 4847 4846 4782 
f 4782 4846 4845 4504 
f 4848 4720 4750 4752 
f 4753 4530 4537 4754 
f 4753 4788 4527 4530 
f 4788 4787 4527 
f 4737 4542 4527 4787 
f 4737 4732 4542 
f 4732 4735 4542 
f 4735 4736 4542 
f 5316 4542 4736 
f 4504 4845 4752 4502 
f 4845 4848 4752 
f 5206 5035 4906 5134 
f 5107 5195 5317 5318 
f 5204 5205 5133 4905 
f 5204 4905 4904 5203 
f 5202 5203 4904 5132 
f 5202 5132 4886 
f 4886 5319 5320 
f 5321 5322 5200 
f 5319 5323 5321 5320 
f 5324 5325 5197 
f 5326 5324 5197 
f 5327 5326 5197 
f 5327 5197 5200 5322 
f 5325 5328 5196 5197 
f 5317 5195 5196 5328 
f 5106 5081 5198 5107 
f 5110 5107 5318 5329 
f 5107 5198 5195 
f 5109 5110 5329 5330 
f 5139 5109 5330 5331 
f 5227 5228 5332 
f 5095 5139 5331 5333 
f 5334 5335 5318 5317 
f 5323 5336 5322 5321 
f 5337 5338 5325 5324 
f 5326 5339 5337 5324 
f 5327 5340 5339 5326 
f 5336 5340 5327 5322 
f 5338 5341 5328 5325 
f 5341 5334 5317 5328 
f 5335 5342 5329 5318 
f 5342 5343 5330 5329 
f 5343 5344 5331 5330 
f 5344 5345 5333 5331 
f 5135 5136 5333 
f 5136 5094 5333 
f 5094 5091 5333 
f 5091 5090 5333 
f 5090 5095 5333 
f 5321 5200 5201 5320 
f 5201 5202 4886 5320 
f 5346 5347 5348 5349 
f 5350 5351 5352 5353 
f 5347 5354 5355 5348 
f 5356 5357 5358 5359 
f 5360 5357 5356 5361 
f 5362 5360 5361 5363 
f 5354 5362 5363 5355 
f 5358 5364 5365 5359 
f 5364 5350 5353 5365 
f 5351 5366 5367 5352 
f 5366 5368 5369 5367 
f 5368 5370 5371 5369 
f 5370 5332 5372 5371 
f 4886 5346 5349 
f 4885 4871 5347 5346 
f 4860 4899 5351 5350 
f 4871 4869 5354 5347 
f 4864 5226 5358 5357 
f 4865 4864 5357 5360 
f 4868 4865 5360 5362 
f 4869 4868 5362 5354 
f 5226 4861 5364 5358 
f 4861 4860 5350 5364 
f 4899 4890 5366 5351 
f 4890 4889 5368 5366 
f 4889 4901 5370 5368 
f 4901 7080 5332 5370 
f 5349 5348 5323 5319 
f 5353 5352 5335 5334 
f 5348 5355 5336 5323 
f 5356 5359 5338 5337 
f 5361 5356 5337 5339 
f 5363 5361 5339 5340 
f 5355 5363 5340 5336 
f 5359 5365 5341 5338 
f 5365 5353 5334 5341 
f 5352 5367 5342 5335 
f 5367 5369 5343 5342 
f 5369 5371 5344 5343 
f 5371 5372 5345 5344 
f 4886 5349 5319 
f 4886 4885 5346 
f 5229 5230 5332 
f 5233 5135 5333 
f 5232 5233 5333 5345 
f 5231 5232 5345 5372 
f 5230 5231 5372 5332 
f 5228 5229 5332 
f 5286 5307 5310 5285 
f 5042 5193 5043 
f 5373 5374 5375 5376 
f 5373 5376 5377 5378 
f 5379 5380 5381 5382 
f 5383 5384 5385 
f 5383 5385 5386 5387 
f 5387 5386 5388 5389 
f 5389 5388 5390 5391 
f 5392 5391 5390 5393 
f 5392 5393 5380 5379 
f 4655 4658 4654 4653 
f 4797 4655 4653 4796 
f 5394 5395 5396 5397 
f 5397 5396 5398 5399 
f 5400 5401 5402 5403 
f 5404 5405 5406 5407 
f 5407 5406 5408 5409 
f 5408 5410 5411 5409 
f 5411 5410 5412 5413 
f 5413 5412 5414 5415 
f 5415 5414 5416 5417 
f 5417 5416 5418 5419 
f 5419 5418 5401 5400 
f 5420 5421 5422 5423 
f 5424 5425 5426 5427 
f 5428 5429 5430 5431 
f 5432 5433 5434 5435 
f 5431 5430 5421 5420 
f 5427 5426 5429 5428 
f 5435 5434 5425 5424 
f 5436 4820 4819 5437 
f 5438 5439 5433 5432 
f 5422 5440 5441 5423 
f 5442 5443 5444 5445 
f 5446 5447 5448 5449 
f 5450 5451 5452 5453 
f 5440 5446 5449 5441 
f 5447 5442 5445 5448 
f 5443 5450 5453 5444 
f 5454 5455 5456 5457 
f 5451 5454 5457 5452 
f 5403 5402 5458 5459 
f 5459 5458 5460 5461 
f 5461 5460 5462 5463 
f 5463 5462 5464 5465 
f 5465 5464 5466 5467 
f 5467 5466 5468 5469 
f 5469 5468 5470 5471 
f 5471 5470 5472 5473 
f 5473 5472 5474 5475 
f 5476 5477 5478 5479 
f 5401 5479 5478 5402 
f 5403 5480 5481 5400 
f 5482 5483 5484 5485 
f 5485 5484 5406 5405 
f 5486 5487 5404 5407 
f 5483 5488 5489 5484 
f 5484 5489 5408 5406 
f 5490 5486 5407 5409 
f 5488 5491 5492 5489 
f 5489 5492 5410 5408 
f 5493 5490 5409 5411 
f 5491 5494 5495 5492 
f 5492 5495 5412 5410 
f 5496 5493 5411 5413 
f 5494 5497 5498 5495 
f 5495 5498 5414 5412 
f 5499 5496 5413 5415 
f 5497 5500 5501 5498 
f 5498 5501 5416 5414 
f 5502 5499 5415 5417 
f 5500 5503 5504 5501 
f 5501 5504 5418 5416 
f 5505 5502 5417 5419 
f 5503 5476 5479 5504 
f 5504 5479 5401 5418 
f 5481 5505 5419 5400 
f 5477 5506 5507 5478 
f 5478 5507 5458 5402 
f 5508 5480 5403 5459 
f 5507 5506 5509 5510 
f 5458 5507 5510 5460 
f 5461 5511 5508 5459 
f 5510 5509 5512 5513 
f 5460 5510 5513 5462 
f 5463 5514 5511 5461 
f 5513 5512 5515 5516 
f 5462 5513 5516 5464 
f 5465 5517 5514 5463 
f 5516 5515 5518 5519 
f 5464 5516 5519 5466 
f 5467 5520 5517 5465 
f 5519 5518 5521 5522 
f 5466 5519 5522 5468 
f 5469 5523 5520 5467 
f 5522 5521 5524 5525 
f 5468 5522 5525 5470 
f 5471 5526 5523 5469 
f 5525 5524 5527 5528 
f 5470 5525 5528 5472 
f 5473 5529 5526 5471 
f 5528 5527 5530 5531 
f 5472 5528 5531 5474 
f 5475 5532 5529 5473 
f 5276 5533 5534 5277 
f 4707 4706 5535 5536 
f 5537 5538 5539 5540 
f 5539 5538 5541 5542 
f 5543 5544 5545 5546 
f 5547 5548 5549 5550 
f 5551 5552 5549 5553 
f 5554 5548 5545 5555 
f 4722 4721 5556 5557 
f 5558 5559 5560 5561 
f 5560 5559 5562 5563 
f 5564 5565 5566 5567 
f 5567 5566 5568 5569 
f 5569 5568 5570 5571 
f 5570 5572 5573 5571 
f 4789 4751 5574 5575 
f 5575 5574 5576 5577 
f 5578 5579 5580 5581 
f 5582 5583 5584 5585 
f 5585 5584 5586 5587 
f 5588 5589 5586 5590 
f 5591 5583 5592 5593 
f 5594 5579 5595 5596 
f 4775 5597 5535 4706 
f 5598 5599 5538 5537 
f 5599 5600 5541 5538 
f 5601 5555 5545 5544 
f 5554 5553 5549 5548 
f 5602 5550 5549 5552 
f 5547 5546 5545 5548 
f 4751 4750 5603 5574 
f 5574 5603 5604 5576 
f 5579 5594 5605 5580 
f 5591 5606 5584 5583 
f 5606 5590 5586 5584 
f 5607 5587 5586 5589 
f 5582 5608 5592 5583 
f 5578 5609 5595 5579 
f 4721 4849 5610 5556 
f 5611 5612 5559 5558 
f 5612 5613 5562 5559 
f 5614 5615 5566 5565 
f 5615 5616 5568 5566 
f 5616 5617 5570 5568 
f 5617 5618 5572 5570 
f 5611 5610 5536 5540 
f 5612 5611 5540 5539 
f 5614 5613 5542 5543 
f 5615 5614 5543 5546 
f 5616 5615 5546 5547 
f 5617 5616 5547 5550 
f 5618 5617 5550 5602 
f 5603 4750 4720 4722 
f 5596 5604 5557 5561 
f 5594 5596 5561 5560 
f 5593 5605 5563 5564 
f 5591 5593 5564 5567 
f 5606 5591 5567 5569 
f 5590 5606 5569 5571 
f 5590 5571 5573 5588 
f 5619 5620 5621 5622 
f 5621 5620 5623 5624 
f 5624 5623 5625 5626 
f 5626 5625 5627 5628 
f 5629 5630 5631 5632 
f 5544 5543 5542 5541 
f 5565 5564 5563 5562 
f 5592 5608 5581 5580 
f 5600 5601 5544 5541 
f 5593 5592 5580 5605 
f 5613 5614 5565 5562 
f 5613 5612 5539 5542 
f 5605 5594 5560 5563 
f 5628 5627 5630 5629 
f 5633 5632 5631 5634 
f 5537 5540 5536 5535 
f 5558 5561 5557 5556 
f 5595 5609 5577 5576 
f 5597 5598 5537 5535 
f 5596 5595 5576 5604 
f 5611 5558 5556 5610 
f 5610 4849 4707 5536 
f 5604 5603 4722 5557 
f 5635 5636 5633 5634 
f 5068 5067 5637 5638 
f 5639 5640 5641 5642 
f 5641 5643 5644 5642 
f 5645 5646 5647 5648 
f 5649 5650 5651 5652 
f 5650 5552 5551 5653 
f 5646 5651 5654 5655 
f 5083 5082 5656 5657 
f 5658 5659 5660 5661 
f 5661 5660 5662 5663 
f 5664 5665 5666 5667 
f 5668 5669 5665 5664 
f 5670 5671 5669 5668 
f 5573 5572 5671 5670 
f 5108 5140 5672 5673 
f 5672 5674 5675 5673 
f 5676 5677 5678 5679 
f 5680 5681 5682 5683 
f 5684 5685 5681 5680 
f 5686 5685 5589 5588 
f 5687 5688 5682 5689 
f 5690 5691 5692 5676 
f 5131 5068 5638 5693 
f 5694 5639 5642 5695 
f 5642 5644 5696 5695 
f 5647 5646 5655 5697 
f 5651 5650 5653 5654 
f 5650 5649 5602 5552 
f 5646 5645 5652 5651 
f 5106 5108 5673 5698 
f 5673 5675 5699 5698 
f 5676 5679 5700 5690 
f 5681 5701 5689 5682 
f 5685 5686 5701 5681 
f 5685 5684 5607 5589 
f 5688 5702 5683 5682 
f 5677 5676 5692 5703 
f 5199 5083 5657 5704 
f 5705 5658 5661 5706 
f 5706 5661 5663 5707 
f 5665 5708 5709 5666 
f 5669 5710 5708 5665 
f 5671 5711 5710 5669 
f 5572 5618 5711 5671 
f 5640 5637 5704 5705 
f 5706 5641 5640 5705 
f 5709 5648 5643 5707 
f 5645 5648 5709 5708 
f 5652 5645 5708 5710 
f 5649 5652 5710 5711 
f 5602 5649 5711 5618 
f 5698 5082 5081 5106 
f 5659 5656 5699 5691 
f 5690 5660 5659 5691 
f 5687 5667 5662 5700 
f 5664 5667 5687 5689 
f 5668 5664 5689 5701 
f 5670 5668 5701 5686 
f 5573 5670 5686 5588 
f 5712 5713 5619 5622 
f 5714 5715 5713 5712 
f 5716 5717 5715 5714 
f 5718 5719 5717 5716 
f 5720 5721 5722 5723 
f 5647 5644 5643 5648 
f 5663 5662 5667 5666 
f 5688 5679 5678 5702 
f 5697 5696 5644 5647 
f 5700 5679 5688 5687 
f 5707 5663 5666 5709 
f 5707 5643 5641 5706 
f 5700 5662 5660 5690 
f 5723 5722 5719 5718 
f 5721 5720 5724 5725 
f 5638 5637 5640 5639 
f 5657 5656 5659 5658 
f 5675 5674 5703 5692 
f 5638 5639 5694 5693 
f 5675 5692 5691 5699 
f 5704 5657 5658 5705 
f 5704 5637 5067 5199 
f 5699 5656 5082 5698 
f 5725 5724 5726 5727 
f 4820 5436 5728 4821 
f 5729 5730 5731 5732 
f 5733 5734 5735 5736 
f 5736 5735 5620 5619 
f 5737 5738 5739 5740 
f 5740 5739 5622 5621 
f 5734 5741 5742 5735 
f 5735 5742 5623 5620 
f 5743 5737 5740 5744 
f 5744 5740 5621 5624 
f 5741 5745 5746 5742 
f 5742 5746 5625 5623 
f 5747 5743 5744 5748 
f 5748 5744 5624 5626 
f 5745 5749 5750 5746 
f 5746 5750 5627 5625 
f 5751 5747 5748 5752 
f 5752 5748 5626 5628 
f 5753 5754 5755 5756 
f 5756 5755 5631 5630 
f 5757 5758 5759 5760 
f 5760 5759 5629 5632 
f 5749 5753 5756 5750 
f 5750 5756 5630 5627 
f 5758 5751 5752 5759 
f 5759 5752 5628 5629 
f 5761 5757 5760 5762 
f 5762 5760 5632 5633 
f 5754 5763 5764 5755 
f 5755 5764 5634 5631 
f 5765 5761 5762 5766 
f 5766 5762 5633 5636 
f 5763 5767 5768 5764 
f 5764 5768 5635 5634 
f 5769 5770 5733 5736 
f 5713 5769 5736 5619 
f 5739 5738 5771 5772 
f 5739 5772 5712 5622 
f 5773 5774 5770 5769 
f 5715 5773 5769 5713 
f 5772 5771 5775 5776 
f 5712 5772 5776 5714 
f 5777 5778 5774 5773 
f 5717 5777 5773 5715 
f 5776 5775 5779 5780 
f 5714 5776 5780 5716 
f 5781 5782 5778 5777 
f 5719 5781 5777 5717 
f 5780 5779 5783 5784 
f 5716 5780 5784 5718 
f 5785 5786 5787 5788 
f 5721 5785 5788 5722 
f 5789 5790 5791 5792 
f 5723 5789 5792 5720 
f 5788 5787 5782 5781 
f 5722 5788 5781 5719 
f 5784 5783 5790 5789 
f 5718 5784 5789 5723 
f 5792 5791 5793 5794 
f 5720 5792 5794 5724 
f 5795 5796 5786 5785 
f 5725 5795 5785 5721 
f 5794 5793 5730 5729 
f 5724 5794 5729 5726 
f 5797 5798 5796 5795 
f 5727 5797 5795 5725 
f 5767 5799 5800 5768 
f 5800 5801 5802 
f 5803 4790 5804 
f 5804 4790 4822 5805 
f 5726 5729 5732 5806 
f 5727 5726 5806 5534 
f 5807 5808 5798 5797 
f 5534 5807 5797 5727 
f 5533 5809 5807 5534 
f 5809 5810 5807 
f 4641 4644 5811 5812 
f 4822 4641 5812 5813 
f 4998 5003 5002 4999 
f 4999 5002 5172 5170 
f 4822 5813 5814 5805 
f 5730 5815 5816 5731 
f 5817 5818 5738 5737 
f 5819 5817 5737 5743 
f 5820 5819 5743 5747 
f 5821 5820 5747 5751 
f 5822 5823 5758 5757 
f 5823 5821 5751 5758 
f 5824 5822 5757 5761 
f 5825 5824 5761 5765 
f 5738 5818 5826 5771 
f 5771 5826 5827 5775 
f 5775 5827 5828 5779 
f 5779 5828 5829 5783 
f 5790 5830 5831 5791 
f 5783 5829 5830 5790 
f 5791 5831 5832 5793 
f 5793 5832 5815 5730 
f 4819 4820 4638 4636 
f 5833 5834 5169 4997 
f 5835 5836 5422 5421 
f 5837 5838 5426 5425 
f 5839 5840 5430 5429 
f 5841 5842 5434 5433 
f 5840 5835 5421 5430 
f 5838 5839 5429 5426 
f 5842 5837 5425 5434 
f 4818 5843 5437 4819 
f 5844 5841 5433 5439 
f 5836 5845 5440 5422 
f 5846 5847 5443 5442 
f 5848 5849 5447 5446 
f 5850 5851 5451 5450 
f 5845 5848 5446 5440 
f 5849 5846 5442 5447 
f 5847 5850 5450 5443 
f 5852 5853 5455 5454 
f 5851 5852 5454 5451 
f 4993 5833 4997 
f 4636 4638 4637 
f 5066 5075 5199 5067 
f 5854 5375 5374 
f 5854 5374 5855 5856 
f 5856 5855 5395 5394 
f 5857 5858 5859 
f 5860 5857 5859 
f 5860 5859 5862 5861 
f 5861 5862 5863 5864 
f 5865 5866 5867 
f 5864 5863 5866 5865 
f 5865 5867 5868 
f 5868 5869 5273 5865 
f 5273 5869 5870 
f 5273 5870 5871 
f 5273 5871 5872 
f 5273 5872 5873 
f 5273 5873 5874 
f 5273 5874 5875 
f 5273 5875 5274 
f 5876 5877 5878 5879 
f 5876 5880 5881 
f 5881 5877 5876 
f 5879 5878 5883 5882 
f 5884 5882 5883 
f 5884 5883 5885 5886 
f 5887 5886 5885 
f 5887 5885 5313 5888 
f 5889 5888 5313 
f 5890 5889 5313 
f 5891 5890 5313 
f 5892 5891 5313 
f 5893 5892 5313 
f 5894 5893 5313 
f 5312 5894 5313 
f 5187 5045 5043 5189 
f 5185 5047 5045 5187 
f 5183 5049 5047 5185 
f 5181 5051 5049 5183 
f 5181 5053 5051 
f 5181 5072 5055 5053 
f 5191 5189 5043 
f 4685 4840 4842 4682 
f 4682 4842 4844 
f 4685 4687 4838 4840 
f 4836 4838 4687 4689 
f 4689 4691 4834 4836 
f 4691 4693 4834 
f 4695 4711 4834 4693 
f 5399 5398 5381 5380 
f 5810 5895 5807 
f 5895 5896 5807 
f 5896 5897 5807 
f 5897 5898 5807 
f 5898 5808 5807 
f 5800 5799 5899 
f 5800 5899 5900 
f 5800 5900 5901 
f 5800 5901 5902 
f 5800 5902 5801 
f 4672 4575 5275 5274 
f 4598 4628 5272 4599 
f 4628 4627 5273 5272 
f 4627 4630 5865 5273 
f 4630 4632 5864 5865 
f 4632 4634 5861 5864 
f 4637 4640 5861 
f 4644 5857 5860 5811 
f 4644 4643 5858 5857 
f 4648 5859 5858 4643 
f 4648 4650 5862 5859 
f 4650 4652 5863 5862 
f 4652 4654 5866 5863 
f 4654 4658 5867 5866 
f 4658 4657 5868 5867 
f 4657 4660 5869 5868 
f 4660 4662 5870 5869 
f 4664 5871 5870 4662 
f 4664 4666 5872 5871 
f 4668 5873 5872 4666 
f 4670 5874 5873 4668 
f 4670 4803 5875 5874 
f 4803 4672 5274 5875 
f 5272 5275 5903 4599 
f 5903 5904 4600 4599 
f 5904 5905 4765 4600 
f 5275 4575 5903 
f 5903 4575 4823 5904 
f 4823 4580 5905 5904 
f 4938 5034 5312 5315 
f 5034 5154 5894 5312 
f 5154 5030 5893 5894 
f 5030 5028 5892 5893 
f 5028 5026 5891 5892 
f 5024 5890 5891 5026 
f 5024 5022 5889 5890 
f 5020 5888 5889 5022 
f 5018 5887 5888 5020 
f 5018 5017 5886 5887 
f 5017 5014 5884 5886 
f 5014 5012 5882 5884 
f 5012 5010 5879 5882 
f 5008 5876 5879 5010 
f 5008 5004 5880 5876 
f 5004 5003 5881 5880 
f 5003 4998 5877 5881 
f 4998 5001 5878 5877 
f 4993 4996 5878 
f 4989 5885 5883 4991 
f 4989 4985 5313 5885 
f 4985 4988 5314 5313 
f 4958 4938 5315 
f 5906 4962 4961 5907 
f 5907 4961 5121 5908 
f 5906 4958 5315 5314 
f 5906 5907 4959 4958 
f 5907 5908 5120 4959 
f 4582 4584 5241 5238 
f 4586 5242 5241 4584 
f 4588 5244 5242 4586 
f 4590 5246 5244 4588 
f 4592 5248 5246 4590 
f 4594 5250 5248 4592 
f 4594 4596 5253 5250 
f 4956 5254 5253 4596 
f 4954 5256 5254 4956 
f 4952 5258 5256 4954 
f 4950 5260 5258 4952 
f 4950 4948 5262 5260 
f 4948 4946 5264 5262 
f 4946 4944 5266 5264 
f 4942 5268 5266 4944 
f 4942 4941 5270 5268 
f 4941 5120 5270 
f 5120 5908 5271 5270 
f 5121 5157 5271 5908 
f 5156 5269 5271 5157 
f 5158 5267 5269 5156 
f 5158 4984 5265 5267 
f 4984 4983 5263 5265 
f 4983 5159 5261 5263 
f 5160 5259 5261 5159 
f 5161 5257 5259 5160 
f 5162 5255 5257 5161 
f 4812 5252 5255 5162 
f 4812 4811 5251 5252 
f 4810 5249 5251 4811 
f 4809 5247 5249 4810 
f 4808 5245 5247 4809 
f 4623 5243 5245 4808 
f 4624 5240 5243 4623 
f 4624 4807 5239 5240 
f 4806 5237 5239 4807 
f 4579 5236 5235 4580 
f 4765 5905 5235 5234 
f 5905 4580 5235 
f 4806 4805 5234 5237 
f 4579 4582 5238 5236 
f 4605 4604 5483 5482 
f 4608 5488 5483 4604 
f 4608 4610 5491 5488 
f 4611 5494 5491 4610 
f 4614 5497 5494 4611 
f 4616 5500 5497 4614 
f 4618 5503 5500 4616 
f 4620 5476 5503 4618 
f 4620 4622 5477 5476 
f 4981 5506 5477 4622 
f 4979 5509 5506 4981 
f 4977 5512 5509 4979 
f 4975 5515 5512 4977 
f 4975 4974 5518 5515 
f 4974 4971 5521 5518 
f 4971 4969 5524 5521 
f 4965 5527 5524 4969 
f 4965 4968 5530 5527 
f 5164 5163 5531 5530 
f 5163 5165 5474 5531 
f 5165 5166 5475 5474 
f 5167 5853 5532 5168 
f 5852 5529 5532 5853 
f 5851 5526 5529 5852 
f 5851 5850 5523 5526 
f 5850 5847 5520 5523 
f 5847 5846 5517 5520 
f 5849 5514 5517 5846 
f 5848 5511 5514 5849 
f 5845 5508 5511 5848 
f 5836 5480 5508 5845 
f 5836 5835 5481 5480 
f 5840 5505 5481 5835 
f 5839 5502 5505 5840 
f 5838 5499 5502 5839 
f 5837 5496 5499 5838 
f 5842 5493 5496 5837 
f 5842 5841 5490 5493 
f 5844 5486 5490 5841 
f 4818 4817 5487 5843 
f 4816 5404 5487 4817 
f 4816 4815 5405 5404 
f 4815 4813 5485 5405 
f 4813 4814 5482 5485 
f 5121 5122 4967 5157 
f 4967 5122 5155 4968 
f 5155 5164 5530 4968 
f 5164 5155 4963 4987 
f 4963 4962 4988 4987 
f 4962 5906 5314 4988 
f 4628 4598 4602 4625 
f 4602 4804 4814 4625 
f 4804 4605 5482 4814 
f 4804 4766 4606 4605 
f 4606 4766 4764 4805 
f 4764 4765 5234 4805 
f 4817 4818 4635 4633 
f 4633 4635 4637 4634 
f 4634 4637 5861 
f 5487 5486 5844 5843 
f 5843 5844 5439 5437 
f 5437 5439 5438 5436 
f 5825 5765 5814 5728 
f 5765 5766 5805 5814 
f 5636 5804 5805 5766 
f 5635 5803 5804 5636 
f 5853 5167 5169 5455 
f 5455 5169 5834 5456 
f 5171 5170 5731 5816 
f 5170 5172 5732 5731 
f 5172 5141 5806 5732 
f 5806 5277 5534 
f 5166 5168 5532 5475 
f 5166 4992 4995 5168 
f 4992 4991 4996 4995 
f 4996 4991 5883 5878 
f 4553 4552 5379 5382 
f 4552 4555 5392 5379 
f 4555 4557 5391 5392 
f 4557 4559 5389 5391 
f 4559 4561 5387 5389 
f 4561 4563 5383 5387 
f 4563 4565 5384 5383 
f 4565 4802 5385 5384 
f 4802 4801 5386 5385 
f 4801 4800 5388 5386 
f 4800 4799 5390 5388 
f 4799 4798 5393 5390 
f 4798 4797 5380 5393 
f 4797 4796 5399 5380 
f 4796 4795 5397 5399 
f 4795 4794 5394 5397 
f 4794 4793 5856 5394 
f 4793 4792 5854 5856 
f 4792 4791 5375 5854 
f 4791 4790 5376 5375 
f 5803 5377 5376 4790 
f 5436 5438 5825 5728 
f 5432 5824 5825 5438 
f 5432 5435 5822 5824 
f 5424 5823 5822 5435 
f 5427 5821 5823 5424 
f 5428 5820 5821 5427 
f 5431 5819 5820 5428 
f 5420 5817 5819 5431 
f 5420 5423 5818 5817 
f 5441 5826 5818 5423 
f 5449 5827 5826 5441 
f 5448 5828 5827 5449 
f 5445 5829 5828 5448 
f 5445 5444 5830 5829 
f 5444 5453 5831 5830 
f 5453 5452 5832 5831 
f 5457 5815 5832 5452 
f 5457 5456 5816 5815 
f 5806 5141 5277 
f 5141 5142 5278 5277 
f 5142 5143 5311 5278 
f 5143 5144 5309 5311 
f 5144 5145 5310 5309 
f 5145 5146 5285 5310 
f 5146 5147 5300 5285 
f 5147 5148 5287 5300 
f 5148 5149 5288 5287 
f 5150 5291 5288 5149 
f 5150 5151 5293 5291 
f 5151 5152 5295 5293 
f 5152 5153 5297 5295 
f 5153 4927 5299 5297 
f 4927 4925 5306 5299 
f 4925 4923 5305 5306 
f 4923 4921 5304 5305 
f 4921 4919 5303 5304 
f 4919 4917 5301 5303 
f 4917 4915 5302 5301 
f 4915 4914 5282 5302 
f 4909 4912 5283 
f 4912 5123 5280 5283 
f 5123 5039 5284 5280 
f 5039 5041 5286 5284 
f 5041 5124 5307 5286 
f 5124 5125 5308 5307 
f 5125 5126 5279 5308 
f 5126 5127 5276 5279 
f 5127 5128 5533 5276 
f 5128 5129 5809 5533 
f 5129 5130 5810 5809 
f 5130 5063 5895 5810 
f 5063 5060 5896 5895 
f 5060 5059 5897 5896 
f 5059 5064 5898 5897 
f 5064 5131 5808 5898 
f 5131 5693 5798 5808 
f 5694 5796 5798 5693 
f 5694 5695 5786 5796 
f 5695 5696 5787 5786 
f 5696 5697 5782 5787 
f 5655 5778 5782 5697 
f 5654 5774 5778 5655 
f 5653 5770 5774 5654 
f 5551 5733 5770 5653 
f 5551 5553 5734 5733 
f 5554 5741 5734 5553 
f 5555 5745 5741 5554 
f 5601 5749 5745 5555 
f 5600 5753 5749 5601 
f 5599 5754 5753 5600 
f 5599 5598 5763 5754 
f 5597 5767 5763 5598 
f 4775 5799 5767 5597 
f 4703 5899 5799 4775 
f 4703 4698 5900 5899 
f 4698 4701 5901 5900 
f 4701 4702 5902 5901 
f 4702 4774 5801 5902 
f 4774 4773 5802 5801 
f 4773 4772 5378 5802 
f 4772 4771 5373 5378 
f 4771 4770 5374 5373 
f 4770 4769 5855 5374 
f 4769 4768 5395 5855 
f 4768 4679 5396 5395 
f 4679 4678 5398 5396 
f 4678 4767 5381 5398 
f 4767 4553 5382 5381 
f 5814 5813 4821 5728 
f 5813 5812 4639 4821 
f 5812 5811 4640 4639 
f 4640 5811 5860 5861 
f 5816 5456 5834 5171 
f 5834 5833 5000 5171 
f 5833 4993 5001 5000 
f 5001 4993 5878 
f 5768 5800 5803 5635 
f 5800 5802 5378 5377 
f 5803 5800 5377 
f 5909 5910 5911 5912 
f 5913 5914 5915 5916 
f 5917 5918 5919 5920 
f 5921 5922 5923 5924 
f 5924 5923 5925 5926 
f 5927 5928 5929 5930 
f 5930 5929 5931 5932 
f 5933 5934 5935 
f 5932 5931 5935 5936 
f 5937 5938 5939 5940 
f 5920 5919 5922 5921 
f 5916 5915 5941 5942 
f 5942 5941 5918 5917 
f 5940 5939 5914 5913 
f 5912 5911 5943 5944 
f 5944 5943 5938 5937 
f 5934 5936 5935 
f 5945 5933 5935 5946 
f 5947 5945 5946 5948 
f 5949 5947 5948 5950 
f 5951 5949 5950 5952 
f 5951 5952 5953 5954 
f 5954 5953 5955 5956 
f 5957 5956 5955 5958 
f 5959 5957 5958 
f 5960 5961 5958 
f 5962 5960 5958 
f 5961 5959 5958 
f 5963 5962 5958 5964 
f 5965 5963 5964 5966 
f 5965 5966 5967 5968 
f 5968 5967 5969 5970 
f 5970 5969 5971 5972 
f 5972 5971 5973 5974 
f 5974 5973 5975 5976 
f 5976 5975 5977 5978 
f 5978 5977 5979 5980 
f 5981 5982 5983 
f 5984 5985 5986 5987 
f 5988 5989 5990 5991 
f 5981 5988 5991 5992 
f 5989 5984 5987 5990 
f 5985 5993 5994 5986 
f 5993 5995 5996 5994 
f 5997 5998 5999 6000 
f 6001 6002 6003 6004 
f 5998 6001 6005 5999 
f 5995 5997 6000 5996 
f 6011 6012 6013 6014 
f 6012 6015 6016 6013 
f 6017 6018 6019 6020 
f 6018 6021 6022 6019 
f 6008 7077 7035 
f 6015 6017 6020 6016 
f 6028 6029 6030 6031 
f 6029 6032 6033 6030 
f 6032 6034 6035 6033 
f 6034 6036 6037 6035 
f 6036 6038 6039 6037 
f 6038 6040 6041 6039 
f 6040 6042 6043 6041 
f 6042 6044 6043 
f 6045 6046 6047 6043 
f 6044 6045 6043 
f 6048 6049 6047 6050 
f 6048 6051 6052 6049 
f 6051 6053 6054 6052 
f 6055 6056 6054 6053 
f 6055 6057 6058 6056 
f 6060 6058 6057 6059 
f 6062 6060 6059 6061 
f 5979 6062 6061 5980 
f 6063 6064 6065 6066 
f 6067 6068 6069 6070 
f 6071 6072 6073 6074 
f 6066 6065 6072 6071 
f 6074 6073 6068 6067 
f 6070 6075 6076 6077 
f 6077 6078 6079 6080 
f 6080 6079 6081 6082 
f 6083 6084 6085 6086 
f 6083 6087 6084 
f 6021 6088 6089 6022 
f 6094 6093 6095 6096 
f 6096 6095 6097 6098 
f 6098 6097 6099 6100 
f 6100 6099 6101 6102 
f 6102 6101 6103 6104 
f 6104 6103 6064 6063 
f 6002 6105 6003 
f 6106 6107 6108 6109 
f 6110 6111 6112 
f 6113 6114 6115 
f 6116 6117 6118 6119 
f 6120 6121 6122 
f 6123 6110 6124 6125 
f 6126 6109 6127 6128 
f 6106 6129 6107 
f 6130 6126 6131 6132 
f 6086 6085 6133 6134 
f 6134 6133 6135 6136 
f 6137 6138 6139 6140 
f 6141 6142 6143 6144 
f 6144 6145 6146 6147 
f 6116 6147 6148 6117 
f 6149 6150 6151 6141 
f 6138 6152 6153 6139 
f 6137 6140 6154 6149 
f 6152 6155 6153 
f 4726 4729 4724 4723 
f 4729 5983 4755 4724 
f 4538 4726 4723 
f 5926 5925 5928 5927 
f 6046 6156 6050 6047 
s 2
f 6158 11778 11768 6160 
f 6161 6162 6163 6164 
f 6165 6166 6167 6168 
f 6169 6170 6171 6172 
f 6170 6173 6174 6171 
f 6175 6176 6177 6178 
f 6178 6177 6179 6180 
f 6179 6181 6182 6180 
f 6183 6184 6185 6186 
f 6166 6169 6172 6167 
f 6162 6187 6188 6163 
f 6187 6165 6168 6188 
f 6184 6161 6164 6185 
f 11768 6189 6190 6160 
f 6189 6183 6186 6190 
f 6181 6191 6192 6182 
f 6191 6193 6194 6192 
f 6193 6195 6196 6194 
f 6195 6197 6198 6196 
f 6197 6199 6200 6198 
f 6199 6201 6202 6200 
f 6201 6203 6204 6202 
f 6203 6205 6206 6204 
f 6205 6207 6208 6206 
f 6207 6209 6210 6208 
f 6209 6211 6212 6210 
f 6211 6213 6214 6212 
f 6213 6215 6216 6214 
f 6215 6217 6218 6216 
f 6217 6219 6220 6218 
f 6221 6222 6220 6219 
f 6223 6224 6225 6226 
s 4
f 6227 6228 6229 6230 
s 2
f 6231 6232 6233 6234 
f 6235 6236 6237 6238 
f 6236 6223 6226 6237 
f 6232 6235 6238 6233 
f 6239 6240 6231 6234 
f 6241 6242 6240 6239 
f 6243 6244 6245 6246 
f 6248 6249 6250 6247 
f 6248 6251 6252 6249 
f 6245 6244 6242 6241 
f 6253 6254 6255 6256 
f 6257 6258 6259 6260 
f 6261 6262 6263 6264 
f 6265 6261 6264 6266 
f 6267 6268 6269 6270 
f 6271 6272 6273 6274 
f 6275 6276 6277 6278 
f 6262 6258 6257 6263 
f 6279 6253 6256 6280 
f 6259 6279 6280 6260 
f 6254 6275 6278 6255 
f 6281 6282 6283 6284 
f 6276 6282 6281 6277 
f 6269 6268 6265 6266 
f 6285 6272 6271 6286 
f 6287 6285 6286 6288 
f 6289 6290 6287 6288 
f 6291 6292 6290 6289 
f 6293 6294 6292 6291 
f 6295 6296 6294 6293 
f 6297 6298 6296 6295 
f 6299 6300 6298 6297 
f 6301 6300 6299 6302 
f 6303 6301 6302 6304 
f 6305 6303 6304 6306 
f 6307 6305 6306 6308 
f 6309 6307 6308 6310 
f 6311 6309 6310 6312 
f 6313 6311 6312 6314 
f 6221 6313 6314 6222 
f 6315 6316 6317 6318 
f 6319 6320 6321 6322 
f 6323 6324 6325 6326 
f 6316 6323 6326 6317 
f 6324 6320 6319 6325 
f 6327 6328 6322 6321 
f 6329 6330 6331 6332 
f 6334 6335 6336 6333 
f 6337 6338 6339 6340 
f 6334 6341 6342 6335 
f 6274 6273 6343 6344 
f 6345 6346 6347 6348 
f 6346 6349 6350 6347 
f 6349 6351 6352 6350 
f 6351 6353 6354 6352 
f 6354 6353 6355 6356 
f 6356 6355 6357 6358 
f 6358 6357 6359 6360 
f 6360 6359 6315 6318 
f 6362 6363 6364 6361 
f 6366 6367 6368 6365 
f 6369 6370 6371 6372 
f 6374 6375 6376 6373 
f 6377 6378 6379 6380 
f 6381 6382 6379 6378 
f 6383 6384 6385 6386 
f 6366 6387 6388 6367 
f 6390 6391 6392 6389 
f 6393 6394 6395 6396 
f 6397 6398 6339 6338 
f 6399 6400 6398 6397 
f 6402 6403 6404 6401 
f 6406 6407 6408 6405 
f 6410 6411 6412 6409 
f 6413 6414 6415 6416 
f 6418 6419 6420 6417 
f 6422 6402 6401 6421 
f 6417 6420 6404 6403 
f 6399 6423 6424 6400 
f 6174 6173 6176 6175 
f 6284 6283 6425 6426 
f 6425 6345 6348 6426 
f 6246 6252 6251 6243 
s 1
f 6001 6004 6005 
s 2
f 6247 6250 6363 6362 
s 1
f 6002 6130 6132 6105 
s 2
f 6361 6364 6395 6394 
s 1
f 6126 6128 6131 
s 2
f 6396 6388 6387 6393 
s 1
f 6109 6108 6127 
s 2
f 6365 6368 6391 6390 
s 1
f 6123 6125 6129 6106 
s 2
f 6392 6385 6384 6389 
s 1
f 6110 6112 6124 
s 2
f 6386 6371 6370 6383 
s 1
f 6113 6115 6111 6110 
s 2
f 6372 6375 6374 6369 
s 1
f 6120 6122 6114 6113 
s 2
f 6373 6376 6382 6381 
s 1
f 6119 6118 6121 6120 
s 2
f 6380 6415 6414 6377 
s 1
f 6147 6146 6148 
s 2
f 6411 6410 6413 6416 
s 1
f 6144 6143 6145 
s 2
f 6412 6408 6407 6409 
s 1
f 6141 6151 6142 
s 2
f 6406 6405 6419 6418 
s 1
f 6149 6154 6150 
s 2
f 6421 6424 6423 6422 
s 1
f 6136 6135 6155 6152 
s 2
f 6342 6341 6337 6340 
s 1
f 6082 6081 6087 6083 
s 2
f 6336 6331 6330 6333 
s 1
f 6077 6076 6078 
s 2
f 6332 6328 6327 6329 
s 1
f 6070 6069 6075 
s 8
f 6427 6428 6429 6430 
s 2
f 6344 6343 6267 6270 
f 6431 6432 6224 6223 
f 6231 6433 6434 6232 
f 6435 6436 6236 6235 
f 6436 6431 6223 6236 
f 6434 6435 6235 6232 
f 6437 6433 6231 6240 
f 6438 6437 6240 6242 
f 6439 6440 6244 6243 
f 6441 6442 6248 6247 
f 6248 6442 6443 6251 
f 6440 6438 6242 6244 
f 6444 6445 6254 6253 
f 6446 6447 6259 6258 
f 6448 6449 6262 6261 
f 6450 6448 6261 6265 
f 6451 6452 6268 6267 
f 6453 6454 6276 6275 
f 6449 6446 6258 6262 
f 6455 6444 6253 6279 
f 6447 6455 6279 6259 
f 6445 6453 6275 6254 
f 6456 6457 6283 6282 
f 6454 6456 6282 6276 
f 6452 6450 6265 6268 
f 6458 6459 6316 6315 
f 6460 6461 6321 6320 
f 6462 6463 6324 6323 
f 6459 6462 6323 6316 
f 6463 6460 6320 6324 
f 6321 6461 6464 6327 
f 6465 6466 6330 6329 
f 6467 6468 6334 6333 
f 6469 6470 6338 6337 
f 6334 6468 6471 6341 
f 6345 6472 6473 6346 
f 6473 6474 6349 6346 
f 6474 6475 6351 6349 
f 6475 6476 6353 6351 
f 6476 6477 6355 6353 
f 6477 6478 6357 6355 
f 6478 6479 6359 6357 
f 6479 6458 6315 6359 
f 6361 6480 6481 6362 
f 6482 6483 6366 6365 
f 6484 6485 6370 6369 
f 6373 6486 6487 6374 
f 6488 6489 6378 6377 
f 6378 6489 6490 6381 
f 6383 6491 6492 6384 
f 6366 6483 6493 6387 
f 6389 6494 6495 6390 
f 6393 6496 6497 6394 
f 6470 6498 6397 6338 
f 6498 6499 6399 6397 
f 6500 6501 6403 6402 
f 6406 6502 6503 6407 
f 6504 6505 6410 6409 
f 6413 6506 6507 6414 
f 6417 6508 6509 6418 
f 6500 6402 6422 6510 
f 6501 6508 6417 6403 
f 6399 6499 6511 6423 
f 6457 6512 6425 6283 
f 6512 6472 6345 6425 
f 6443 6439 6243 6251 
f 6481 6441 6247 6362 
f 6497 6480 6361 6394 
f 6493 6496 6393 6387 
f 6482 6365 6390 6495 
f 6492 6494 6389 6384 
f 6485 6491 6383 6370 
f 6487 6484 6369 6374 
f 6490 6486 6373 6381 
f 6507 6488 6377 6414 
f 6505 6506 6413 6410 
f 6503 6504 6409 6407 
f 6509 6502 6406 6418 
f 6511 6510 6422 6423 
f 6471 6469 6337 6341 
f 6466 6467 6333 6330 
f 6464 6465 6329 6327 
s 8
f 6513 6514 6515 6516 
f 6517 6518 6519 6520 
f 6518 6521 6522 6519 
f 6514 6517 6520 6515 
f 6523 6513 6516 6524 
f 6523 6524 6526 6525 
f 6527 6528 6529 6530 
f 6531 6532 6533 6534 
f 6532 6535 6536 6533 
f 6525 6526 6529 6528 
f 6537 6538 6539 6540 
f 6541 6542 6543 6544 
f 6545 6546 6547 6548 
f 6549 6545 6548 6550 
f 6551 6552 6553 6554 
f 6555 6556 6557 6558 
f 6546 6541 6544 6547 
f 6559 6537 6540 6560 
f 6542 6559 6560 6543 
f 6538 6555 6558 6539 
f 6561 6562 6563 6564 
f 6556 6561 6564 6557 
f 6552 6549 6550 6553 
f 6565 6566 6567 6568 
f 6569 6570 6571 6572 
f 6573 6574 6575 6576 
f 6566 6573 6576 6567 
f 6574 6569 6572 6575 
f 6571 6570 6577 6578 
f 6580 6581 6582 6579 
f 6583 6584 6585 6586 
f 6587 6588 6589 6590 
f 6584 6591 6592 6585 
f 6593 6594 6595 6596 
f 6596 6595 6597 6598 
f 6597 6599 6600 6598 
f 6599 6601 6602 6600 
f 6601 6603 6604 6602 
f 6603 6605 6606 6604 
f 6605 6607 6608 6606 
f 6607 6565 6568 6608 
f 6610 6611 6612 6609 
f 6613 6614 6615 6616 
f 6618 6619 6620 6617 
f 6621 6622 6623 6624 
f 6625 6626 6627 6628 
f 6627 6626 6629 6630 
f 6631 6632 6633 6634 
f 6614 6635 6636 6615 
f 6638 6639 6640 6637 
f 6641 6642 6643 6644 
f 6588 6645 6646 6589 
f 6645 6647 6648 6646 
f 6650 6651 6652 6649 
f 6653 6654 6655 6656 
f 6658 6659 6660 6657 
f 6661 6662 6663 6664 
f 6665 6666 6667 6668 
f 6649 6652 6670 6669 
f 6650 6666 6665 6651 
f 6648 6647 6671 6672 
f 6562 6673 6674 6563 
f 6673 6594 6593 6674 
f 6535 6527 6530 6536 
f 6611 6531 6534 6612 
f 6610 6609 6644 6643 
f 6635 6642 6641 6636 
f 6613 6616 6640 6639 
f 6633 6638 6637 6634 
f 6619 6632 6631 6620 
f 6623 6618 6617 6624 
f 6629 6622 6621 6630 
f 6663 6625 6628 6664 
f 6659 6662 6661 6660 
f 6658 6657 6656 6655 
f 6654 6653 6668 6667 
f 6671 6669 6670 6672 
f 6591 6587 6590 6592 
f 6581 6583 6586 6582 
f 6577 6580 6579 6578 
s 1
f 6675 6514 6513 6676 
f 6518 6517 6678 6677 
f 6521 6518 6677 6679 
f 6517 6514 6675 6678 
f 6676 6513 6523 6680 
f 6680 6523 6525 6681 
f 6682 6528 6527 6683 
f 6532 6531 6685 6684 
f 6535 6532 6684 6686 
f 6681 6525 6528 6682 
f 6687 6538 6537 6688 
f 6689 6542 6541 6690 
f 6691 6546 6545 6692 
f 6692 6545 6549 6693 
f 6694 6552 6551 6695 
f 6696 6556 6555 6697 
f 6690 6541 6546 6691 
f 6688 6537 6559 6698 
f 6698 6559 6542 6689 
f 6697 6555 6538 6687 
f 6699 6562 6561 6700 
f 6700 6561 6556 6696 
f 6693 6549 6552 6694 
f 6701 6566 6565 6702 
f 6570 6569 6704 6703 
f 6705 6574 6573 6706 
f 6706 6573 6566 6701 
f 6704 6569 6574 6705 
f 6577 6570 6703 6707 
f 6581 6580 6709 6708 
f 6584 6583 6711 6710 
f 6712 6588 6587 6713 
f 6591 6584 6710 6714 
f 6715 6595 6594 6716 
f 6717 6597 6595 6715 
f 6718 6599 6597 6717 
f 6719 6601 6599 6718 
f 6720 6603 6601 6719 
f 6721 6605 6603 6720 
f 6722 6607 6605 6721 
f 6702 6565 6607 6722 
f 6611 6610 6724 6723 
f 6614 6613 6726 6725 
f 6619 6618 6728 6727 
f 6729 6623 6622 6730 
f 6626 6625 6732 6731 
f 6733 6629 6626 6731 
f 6633 6632 6735 6734 
f 6635 6614 6725 6736 
f 6639 6638 6738 6737 
f 6739 6643 6642 6740 
f 6645 6588 6712 6741 
f 6647 6645 6741 6742 
f 6743 6650 6649 6744 
f 6745 6655 6654 6746 
f 6659 6658 6748 6747 
f 6663 6662 6750 6749 
f 6751 6667 6666 6752 
f 6744 6649 6669 6753 
f 6666 6650 6743 6752 
f 6754 6671 6647 6742 
f 6755 6673 6562 6699 
f 6716 6594 6673 6755 
f 6527 6535 6686 6683 
f 6531 6611 6723 6685 
f 6724 6610 6643 6739 
f 6642 6635 6736 6740 
f 6726 6613 6639 6737 
f 6738 6638 6633 6734 
f 6632 6619 6727 6735 
f 6618 6623 6729 6728 
f 6622 6629 6733 6730 
f 6732 6625 6663 6749 
f 6662 6659 6747 6750 
f 6748 6658 6655 6745 
f 6746 6654 6667 6751 
f 6753 6669 6671 6754 
f 6587 6591 6714 6713 
f 6583 6581 6708 6711 
f 6580 6577 6707 6709 
s 8
f 6522 6756 6432 6431 
f 6516 6515 6434 6433 
f 6520 6519 6436 6435 
f 6519 6522 6431 6436 
f 6515 6520 6435 6434 
f 6524 6516 6433 6437 
f 6526 6524 6437 6438 
f 6530 6529 6440 6439 
f 6534 6533 6442 6441 
f 6533 6536 6443 6442 
f 6529 6526 6438 6440 
f 6540 6539 6445 6444 
f 6544 6543 6447 6446 
f 6548 6547 6449 6448 
f 6550 6548 6448 6450 
f 6554 6553 6452 6451 
f 6558 6557 6454 6453 
f 6547 6544 6446 6449 
f 6560 6540 6444 6455 
f 6543 6560 6455 6447 
f 6539 6558 6453 6445 
f 6564 6563 6457 6456 
f 6557 6564 6456 6454 
f 6553 6550 6450 6452 
f 6568 6567 6459 6458 
f 6572 6571 6461 6460 
f 6576 6575 6463 6462 
f 6567 6576 6462 6459 
f 6575 6572 6460 6463 
f 6571 6578 6464 6461 
f 6579 6582 6466 6465 
f 6586 6585 6468 6467 
f 6590 6589 6470 6469 
f 6585 6592 6471 6468 
f 6593 6596 6473 6472 
f 6596 6598 6474 6473 
f 6598 6600 6475 6474 
f 6600 6602 6476 6475 
f 6602 6604 6477 6476 
f 6604 6606 6478 6477 
f 6606 6608 6479 6478 
f 6608 6568 6458 6479 
f 6609 6612 6481 6480 
f 6616 6615 6483 6482 
f 6617 6620 6485 6484 
f 6624 6487 6486 6621 
f 6628 6627 6489 6488 
f 6630 6490 6489 6627 
f 6631 6634 6492 6491 
f 6615 6636 6493 6483 
f 6637 6640 6495 6494 
f 6641 6644 6497 6496 
f 6589 6646 6498 6470 
f 6646 6648 6499 6498 
f 6652 6651 6501 6500 
f 6656 6503 6502 6653 
f 6657 6660 6505 6504 
f 6664 6507 6506 6661 
f 6665 6668 6509 6508 
f 6652 6500 6510 6670 
f 6651 6665 6508 6501 
f 6648 6672 6511 6499 
f 6563 6674 6512 6457 
f 6674 6593 6472 6512 
f 6536 6530 6439 6443 
f 6612 6534 6441 6481 
f 6644 6609 6480 6497 
f 6636 6641 6496 6493 
f 6640 6616 6482 6495 
f 6634 6637 6494 6492 
f 6620 6631 6491 6485 
f 6624 6617 6484 6487 
f 6630 6621 6486 6490 
f 6628 6488 6507 6664 
f 6660 6661 6506 6505 
f 6657 6504 6503 6656 
f 6668 6653 6502 6509 
f 6672 6670 6510 6511 
f 6592 6590 6469 6471 
f 6582 6586 6467 6466 
f 6578 6579 6465 6464 
f 6521 11762 6430 6429 
f 6756 6522 6521 6429 
s 1
f 6757 6758 6759 6760 
f 6761 6762 6763 6764 
s 2
f 6765 6759 6758 6225 
s 4
f 6230 6760 6759 6765 
f 6228 6766 6767 6768 
f 6229 6769 6770 6771 
s 2
f 6772 6773 6770 6769 
f 6774 6768 6767 6775 
f 6774 6775 6763 6762 
s 8
f 6428 6764 6763 6775 
s 1
f 6776 6777 6773 6778 
f 5911 5910 6779 6780 
f 5915 5914 6781 6782 
f 5919 5918 6783 6784 
f 5923 5922 6785 6786 
f 5925 5923 6786 6787 
f 5929 5928 6788 6789 
f 5931 5929 6789 6790 
f 5935 5931 6790 6791 
f 5939 5938 6792 6793 
f 5922 5919 6784 6785 
f 5941 5915 6782 6794 
f 5918 5941 6794 6783 
f 5914 5939 6793 6781 
f 5943 5911 6780 6795 
f 5938 5943 6795 6792 
f 5946 5935 6791 6796 
f 5948 5946 6796 6797 
f 5950 5948 6797 6798 
f 5952 5950 6798 6799 
f 5953 5952 6799 6800 
f 5955 5953 6800 6801 
f 5958 5955 6801 6802 
f 5964 5958 6802 6803 
f 5966 5964 6803 6804 
f 5966 6804 6805 5967 
f 5967 6805 6806 5969 
f 5969 6806 6807 5971 
f 5971 6807 6808 5973 
f 5973 6808 6809 5975 
f 5975 6809 6810 5977 
f 5977 6810 6811 5979 
f 6757 5992 6812 6758 
f 6757 6760 6771 5982 
f 5987 5986 6813 6814 
f 5991 5990 6815 6816 
f 5992 5991 6816 6812 
f 5990 5987 6814 6815 
f 5986 5994 6817 6813 
f 5994 5996 6818 6817 
f 6000 5999 6819 6820 
f 6004 6003 6821 6822 
f 5999 6005 6823 6819 
f 5996 6000 6820 6818 
f 6007 6006 6824 6825 
f 6010 6009 6826 6827 
f 6014 6013 6828 6829 
f 6013 6016 6830 6828 
f 6020 6019 6831 6832 
f 6089 6031 6833 6834 
f 6019 6022 6835 6831 
f 6024 6023 6836 6837 
f 6009 6014 6829 6826 
f 6006 6025 6838 6824 
f 6025 6010 6827 6838 
f 6023 6007 6825 6836 
f 6027 6026 6839 6840 
f 6026 6024 6837 6839 
f 6016 6020 6832 6830 
f 6031 6030 6841 6833 
f 6030 6033 6842 6841 
f 6033 6035 6843 6842 
f 6035 6037 6844 6843 
f 6037 6039 6845 6844 
f 6039 6041 6846 6845 
f 6041 6043 6847 6846 
f 6043 6047 6848 6847 
f 6047 6049 6849 6848 
f 6049 6052 6850 6849 
f 6052 6054 6851 6850 
f 6054 6056 6852 6851 
f 6056 6058 6853 6852 
f 6058 6060 6854 6853 
f 6060 6062 6855 6854 
f 6062 5979 6811 6855 
f 6065 6064 6856 6857 
f 6069 6068 6858 6859 
f 6073 6072 6860 6861 
f 6072 6065 6857 6860 
f 6068 6073 6861 6858 
f 6076 6075 6862 6863 
f 6079 6078 6864 6865 
f 6081 6079 6865 6866 
f 6085 6084 6867 6868 
f 6084 6087 6869 6867 
f 6022 6089 6834 6835 
f 6092 6091 6870 6871 
f 6093 6092 6871 6872 
f 6095 6093 6872 6873 
f 6097 6095 6873 6874 
f 6099 6097 6874 6875 
f 6101 6099 6875 6876 
f 6103 6101 6876 6877 
f 6064 6103 6877 6856 
f 6105 6878 6821 6003 
f 6108 6107 6879 6880 
f 6111 6881 6882 6112 
f 6114 6883 6884 6115 
f 6118 6117 6885 6886 
f 6121 6887 6888 6122 
f 6125 6124 6889 6890 
f 6128 6127 6891 6892 
f 6129 6893 6879 6107 
f 6132 6131 6894 6895 
f 6133 6085 6868 6896 
f 6135 6133 6896 6897 
f 6140 6139 6898 6899 
f 6143 6142 6900 6901 
f 6146 6145 6902 6903 
f 6117 6148 6904 6885 
f 6151 6150 6905 6906 
f 6139 6153 6907 6898 
f 6154 6140 6899 6908 
f 6153 6155 6909 6907 
f 6910 6911 6762 6761 
f 6761 6764 6912 5910 
f 6777 5982 6770 6773 
f 5928 5925 6787 6788 
f 6027 6840 6913 6157 
f 6091 6157 6913 6870 
s 2
f 6160 6780 6779 6158 
f 6164 6163 6782 6781 
f 6168 6167 6784 6783 
f 6172 6171 6786 6785 
f 6171 6174 6787 6786 
f 6175 6178 6789 6788 
f 6178 6180 6790 6789 
f 6180 6182 6791 6790 
f 6186 6185 6793 6792 
f 6167 6172 6785 6784 
f 6163 6188 6794 6782 
f 6188 6168 6783 6794 
f 6185 6164 6781 6793 
f 6160 6190 6795 6780 
f 6190 6186 6792 6795 
f 6182 6192 6796 6791 
f 6192 6194 6797 6796 
f 6194 6196 6798 6797 
f 6196 6198 6799 6798 
f 6198 6200 6800 6799 
f 6200 6202 6801 6800 
f 6202 6204 6802 6801 
f 6204 6206 6803 6802 
f 6206 6208 6804 6803 
f 6208 6210 6805 6804 
f 6210 6212 6806 6805 
f 6212 6214 6807 6806 
f 6214 6216 6808 6807 
f 6216 6218 6809 6808 
f 6218 6220 6810 6809 
f 6222 6811 6810 6220 
f 6225 6224 6914 6765 
f 6226 6225 6758 6812 
s 4
f 6227 6230 6765 6914 
f 6227 6914 6915 
f 6227 6915 6916 
f 6228 6227 6916 6766 
f 6229 6228 6768 6769 
f 6229 6771 6760 6230 
s 2
f 6234 6233 6814 6813 
f 6238 6237 6816 6815 
f 6237 6226 6812 6816 
f 6233 6238 6815 6814 
f 6234 6813 6817 6239 
f 6239 6817 6818 6241 
f 6246 6245 6820 6819 
f 6249 6822 6821 6250 
f 6249 6252 6823 6822 
f 6241 6818 6820 6245 
f 6256 6255 6825 6824 
f 6257 6260 6827 6826 
f 6264 6263 6829 6828 
f 6266 6264 6828 6830 
f 6270 6269 6832 6831 
f 6271 6274 6834 6833 
f 6278 6277 6837 6836 
f 6263 6257 6826 6829 
f 6280 6256 6824 6838 
f 6260 6280 6838 6827 
f 6255 6278 6836 6825 
f 6281 6284 6840 6839 
f 6277 6281 6839 6837 
f 6269 6266 6830 6832 
f 6286 6271 6833 6841 
f 6288 6286 6841 6842 
f 6289 6288 6842 6843 
f 6291 6289 6843 6844 
f 6293 6291 6844 6845 
f 6295 6293 6845 6846 
f 6297 6295 6846 6847 
f 6299 6297 6847 6848 
f 6302 6299 6848 6849 
f 6304 6302 6849 6850 
f 6306 6304 6850 6851 
f 6308 6306 6851 6852 
f 6310 6308 6852 6853 
f 6312 6310 6853 6854 
f 6314 6312 6854 6855 
f 6222 6314 6855 6811 
f 6318 6317 6857 6856 
f 6322 6859 6858 6319 
f 6326 6325 6861 6860 
f 6317 6326 6860 6857 
f 6325 6319 6858 6861 
f 6322 6328 6862 6859 
f 6332 6331 6864 6863 
f 6336 6335 6866 6865 
f 6340 6339 6868 6867 
f 6335 6342 6869 6866 
f 6274 6344 6835 6834 
f 6348 6347 6871 6870 
f 6347 6350 6872 6871 
f 6350 6352 6873 6872 
f 6352 6354 6874 6873 
f 6354 6356 6875 6874 
f 6356 6358 6876 6875 
f 6358 6360 6877 6876 
f 6360 6318 6856 6877 
f 6363 6878 6895 6364 
f 6367 6880 6879 6368 
f 6372 6371 6881 6884 
f 6375 6883 6888 6376 
f 6380 6379 6886 6885 
f 6382 6887 6886 6379 
f 6386 6385 6889 6882 
f 6367 6388 6891 6880 
f 6391 6893 6890 6392 
f 6396 6395 6894 6892 
f 6339 6398 6896 6868 
f 6398 6400 6897 6896 
f 6404 6899 6898 6401 
f 6408 6900 6906 6405 
f 6412 6411 6902 6901 
f 6416 6415 6904 6903 
f 6419 6905 6908 6420 
f 6401 6898 6907 6421 
f 6420 6908 6899 6404 
f 6400 6424 6909 6897 
f 6174 6175 6788 6787 
f 6284 6426 6913 6840 
f 6426 6348 6870 6913 
f 6252 6246 6819 6823 
s 1
f 6005 6004 6822 6823 
s 2
f 6250 6821 6878 6363 
s 1
f 6105 6132 6895 6878 
s 2
f 6364 6895 6894 6395 
s 1
f 6131 6128 6892 6894 
s 2
f 6388 6396 6892 6891 
s 1
f 6108 6880 6891 6127 
s 2
f 6368 6879 6893 6391 
s 1
f 6129 6125 6890 6893 
s 2
f 6385 6392 6890 6889 
s 1
f 6124 6112 6882 6889 
s 2
f 6371 6386 6882 6881 
s 1
f 6111 6115 6884 6881 
s 2
f 6375 6372 6884 6883 
s 1
f 6114 6122 6888 6883 
s 2
f 6376 6888 6887 6382 
s 1
f 6121 6118 6886 6887 
s 2
f 6415 6380 6885 6904 
s 1
f 6148 6146 6903 6904 
s 2
f 6411 6416 6903 6902 
s 1
f 6143 6901 6902 6145 
s 2
f 6408 6412 6901 6900 
s 1
f 6151 6906 6900 6142 
s 2
f 6405 6906 6905 6419 
s 1
f 6154 6908 6905 6150 
s 2
f 6421 6907 6909 6424 
s 1
f 6155 6135 6897 6909 
s 2
f 6342 6340 6867 6869 
s 1
f 6087 6081 6866 6869 
s 2
f 6331 6336 6865 6864 
s 1
f 6076 6863 6864 6078 
s 2
f 6328 6332 6863 6862 
s 1
f 6075 6069 6859 6862 
s 2
f 6774 6772 6769 6768 
f 6772 6774 6762 6911 
f 6772 6778 6773 
s 8
f 6427 6912 6764 6428 
f 6429 6428 6775 
s 2
f 6344 6270 6831 6835 
f 6224 6432 6915 6914 
s 8
f 6432 6756 6916 6915 
f 6756 6429 6766 6916 
f 6429 6767 6766 
s 1
f 5982 6771 6770 
s 8
f 6429 6775 6767 
s 1
f 5992 6757 5982 5981 
s 2
f 6159 6158 6917 11761 
s 8
f 6427 6430 11761 6917 
s 1
f 6779 5910 6918 
s 2
f 6158 6779 6918 6917 
s 8
f 6912 6427 6917 6918 
s 1
f 6912 6918 5910 
f 4728 4731 5988 5981 
f 4731 4786 5989 5988 
f 4786 4785 5984 5989 
f 4785 4741 5985 5984 
f 4741 4740 5993 5985 
f 4740 4743 5995 5993 
f 4743 4745 5997 5995 
f 4745 4746 5998 5997 
f 4746 4749 6001 5998 
f 4749 4789 6002 6001 
f 4789 5575 6130 6002 
f 5575 5577 6126 6130 
f 5577 5609 6109 6126 
f 5609 5578 6106 6109 
f 5578 5581 6123 6106 
f 5581 5608 6110 6123 
f 5608 5582 6113 6110 
f 5582 5585 6120 6113 
f 5585 5587 6119 6120 
f 5587 5607 6116 6119 
f 5607 5684 6147 6116 
f 5684 5680 6144 6147 
f 5680 5683 6141 6144 
f 5683 5702 6149 6141 
f 5702 5678 6137 6149 
f 5678 5677 6138 6137 
f 5677 5703 6152 6138 
f 5703 5674 6136 6152 
f 5674 5672 6134 6136 
f 5672 5140 6086 6134 
f 5140 5102 6083 6086 
f 5102 5105 6082 6083 
f 5105 5100 6080 6082 
f 5100 5097 6077 6080 
f 5097 5099 6070 6077 
f 5099 5138 6067 6070 
f 5138 5137 6074 6067 
f 5137 5088 6071 6074 
f 5088 5086 6066 6071 
f 5086 5085 6063 6066 
f 5085 5221 6104 6063 
f 5221 5219 6102 6104 
f 5219 5217 6100 6102 
f 5217 5215 6098 6100 
f 5215 5213 6096 6098 
f 5213 5211 6094 6096 
f 5211 5208 6090 6094 
f 4857 4896 6993 6985 
f 6991 4895 4898 7035 
f 4898 4893 6008 7035 
f 4893 4894 6011 6008 
f 4894 5223 6012 6011 
f 5223 4903 6015 6012 
f 4903 4902 6017 6015 
f 4902 5207 6018 6017 
f 5207 4874 6021 6018 
f 4874 4873 6088 6021 
f 4873 4879 6919 6088 
f 4879 4878 6920 6919 
f 4882 4881 5111 6921 
f 4729 4728 5981 5983 
f 5982 6777 4755 5983 
f 6777 6776 4756 4755 
f 4914 4909 5283 5282 
f 4914 4913 4910 4909 
f 4913 5112 5111 4910 
f 6920 6921 6028 
f 6920 6028 6031 6919 
f 6088 6919 6031 6089 
f 4498 4501 5940 5913 
f 4501 4781 5937 5940 
f 4781 4780 5944 5937 
f 4780 4784 5912 5944 
f 4725 4756 5909 4783 
f 5111 5112 6028 6921 
f 5112 5113 6029 6028 
f 5113 5114 6032 6029 
f 5114 5115 6034 6032 
f 5115 5116 6036 6034 
f 5116 5117 6038 6036 
f 5117 5118 6040 6038 
f 5118 5119 6042 6040 
f 5119 4937 6044 6042 
f 4937 4932 6045 6044 
f 4932 4931 6046 6045 
f 4931 4935 6156 6046 
f 4935 5173 6050 6156 
f 5173 5174 6048 6050 
f 5174 5175 6051 6048 
f 5175 5176 6053 6051 
f 5176 5177 6055 6053 
f 5177 5178 6057 6055 
f 5178 5179 6059 6057 
f 5179 5180 6061 6059 
f 5180 4832 5980 6061 
f 4832 4831 5978 5980 
f 4831 4830 5976 5978 
f 4830 4829 5974 5976 
f 4829 4828 5972 5974 
f 4828 4827 5970 5972 
f 4827 4826 5968 5970 
f 4826 4825 5965 5968 
f 4825 4824 5963 5965 
f 4824 4572 5962 5963 
f 4572 4568 5960 5962 
f 4568 4571 5961 5960 
f 4571 4574 5959 5961 
f 4574 4763 5957 5959 
f 4763 4762 5956 5957 
f 4762 4761 5954 5956 
f 4761 4760 5951 5954 
f 4760 4759 5949 5951 
f 4759 4758 5947 5949 
f 4758 4757 5945 5947 
f 4757 4519 5933 5945 
f 4519 4518 5934 5933 
f 4518 4517 5936 5934 
f 4517 4779 5932 5936 
f 4779 4778 5930 5932 
f 4778 4545 5927 5930 
f 4545 4544 5926 5927 
f 4544 4776 5924 5926 
f 4776 4531 5921 5924 
f 4531 4532 5920 5921 
f 4532 4536 5917 5920 
f 4536 4533 5942 5917 
f 4533 4535 5916 5942 
f 4535 4498 5913 5916 
f 6921 6920 4878 4882 
f 4882 4878 4877 4883 
f 4883 4877 5133 5134 
f 5134 5133 5205 5206 
f 5206 5205 5192 5194 
f 5194 5192 5191 5193 
f 5193 5191 5043 
f 6910 6761 5910 5909 
f 4784 4783 5909 5912 
f 4784 4543 4540 4783 
f 4543 4542 4541 4540 
f 4541 4542 5316 4538 
f 4756 6776 6910 5909 
f 6776 6778 6911 6910 
s 2
f 6911 6778 6772 
s 1
f 7026 6091 6092 7055 
f 6980 5210 5224 7030 
f 7053 5225 4858 6987 
f 7030 5224 5225 7053 
f 6993 4896 4895 6991 
f 6969 7032 6025 6006 
f 7032 6010 6025 
f 6967 6969 6007 6023 
f 6967 6024 6026 6973 
f 6973 6027 6157 7026 
f 6093 7059 6092 
f 7065 7078 5210 6980 
f 6987 4858 4857 6985 
f 6007 6969 6006 
f 6024 6967 6023 
f 7026 6157 6091 
f 6027 6973 6026 
f 6923 7027 7024 6942 
f 6926 7033 6970 6922 
f 6924 6972 7027 6923 
f 6925 6966 6972 6924 
f 6922 6970 6966 6925 
f 6927 6962 7033 6926 
f 6932 7018 7006 6928 
f 7036 7014 6929 6933 
f 7014 7012 6930 6929 
f 7016 6931 6930 7012 
f 7018 6932 6931 7016 
f 6988 6956 6957 7054 
f 6996 6941 6940 6998 
f 6935 6936 7039 6982 
f 6937 7041 7039 6936 
f 6937 6941 6996 7041 
f 7022 6938 6934 7044 
f 7022 7020 6939 6938 
f 7020 6998 6940 6939 
f 7046 7044 6934 6943 
f 6977 6946 6947 7051 
f 7048 6945 6942 7024 
f 6944 6975 7046 6943 
f 6946 6977 6975 6944 
f 7051 6947 6945 7048 
f 7004 6950 6928 7006 
f 6927 6948 6964 6962 
f 7004 7002 6949 6950 
f 7000 6951 6949 7002 
f 7000 7008 6952 6951 
f 7010 6953 6952 7008 
f 6964 6948 6953 7010 
f 6994 6990 6960 6954 
f 6955 6935 6982 6979 
f 6988 6984 6959 6956 
f 6957 6958 7029 7054 
f 6958 6955 6979 7029 
f 6984 6994 6954 6959 
f 6990 7036 6933 6960 
f 6985 6993 6992 6983 
f 6991 7035 7034 6989 
f 7055 7049 7047 7023 
f 7026 7055 7023 7025 
f 6980 7030 7028 6978 
f 7053 6987 6986 7052 
f 7030 7053 7052 7028 
f 6993 6991 6989 6992 
f 7032 6969 6968 7031 
f 6969 6967 6965 6968 
f 6967 6973 6971 6965 
f 6973 7026 7025 6971 
f 7056 7043 7042 7045 
f 7057 7056 7045 6974 
f 7058 7057 6974 6976 
f 7059 7058 6976 7050 
f 7049 7059 7050 7047 
f 7060 7038 7037 7040 
f 7061 7060 7040 6995 
f 7062 7061 6995 6997 
f 7063 7062 6997 7019 
f 7064 7063 7019 7021 
f 7043 7064 7021 7042 
f 7038 7065 6981 7037 
f 7065 6980 6978 6981 
f 6987 6985 6983 6986 
f 7066 7032 7031 6961 
f 7067 7066 6961 6963 
f 7068 7067 6963 7009 
f 7069 7068 7009 7007 
f 7070 7069 7007 6999 
f 7071 7070 6999 7001 
f 7072 7071 7001 7003 
f 7073 7072 7003 7005 
f 7074 7073 7005 7017 
f 7075 7074 7017 7015 
f 7076 7075 7015 7011 
f 7077 7076 7011 7013 
f 7035 7077 7013 7034 
f 7024 7027 7025 7023 
f 6970 7033 7031 6968 
f 7027 6972 6971 7025 
f 6972 6966 6965 6971 
f 6966 6970 6968 6965 
f 7033 6962 6961 7031 
f 7006 7018 7017 7005 
f 7014 7036 7034 7013 
f 7012 7014 7013 7011 
f 7016 7012 7011 7015 
f 7018 7016 7015 7017 
f 6988 7054 7052 6986 
f 6996 6998 6997 6995 
f 6982 7039 7037 6981 
f 7039 7041 7040 7037 
f 7041 6996 6995 7040 
f 7022 7044 7042 7021 
f 7020 7022 7021 7019 
f 6998 7020 7019 6997 
f 7044 7046 7045 7042 
f 6977 7051 7050 6976 
f 7048 7024 7023 7047 
f 7046 6975 6974 7045 
f 6975 6977 6976 6974 
f 7051 7048 7047 7050 
f 7004 7006 7005 7003 
f 6962 6964 6963 6961 
f 7002 7004 7003 7001 
f 7000 7002 7001 6999 
f 7008 7000 6999 7007 
f 7010 7008 7007 7009 
f 6964 7010 7009 6963 
f 6990 6994 6992 6989 
f 6979 6982 6981 6978 
f 6984 6988 6986 6983 
f 7054 7029 7028 7052 
f 7029 6979 6978 7028 
f 6994 6984 6983 6992 
f 7036 6990 6989 7034 
f 7079 4900 5210 7078 
f 7079 5209 5227 7080 
f 7065 7038 5208 7078 
f 7080 5227 5332 
f 7038 6090 5208 
f 6090 7038 7060 
f 6090 7060 7061 
f 6090 7061 7062 
f 6090 7062 7063 
f 7063 7064 6090 
f 6093 6094 7043 7056 
f 6093 7056 7057 
f 6093 7057 7058 
f 6093 7058 7059 
f 7059 7049 6092 
f 6092 7049 7055 
f 6014 7070 7071 
f 6009 7069 7070 
f 6014 6009 7070 
f 6009 7068 7069 
f 6009 7067 7068 
f 6009 7066 7067 
f 6009 6010 7032 7066 
f 6014 7071 7072 
f 6008 6011 6014 7072 
f 6008 7072 7073 
f 6008 7073 7074 
f 6008 7074 7075 
f 6008 7075 7076 
f 6008 7076 7077 
f 6094 6090 7064 7043 
f 7828 7106 7087 7829 
f 7880 7081 7083 7881 
f 7881 7083 7085 7882 
f 7883 7882 7085 7091 
f 7884 7883 7091 7093 
f 7885 7884 7093 7096 
f 7885 7096 7097 7886 
f 7129 7890 7889 7104 
f 7887 7886 7097 7100 
f 7887 7100 7101 7888 
f 7889 7888 7101 7104 
f 7861 7860 7876 7875 
f 7111 7879 7878 7116 
f 7879 7111 7081 7880 
f 7864 7863 7873 7872 
f 7869 7868 7867 
f 7869 7867 7866 7870 
f 7870 7866 7865 7871 
f 7871 7865 7864 7872 
f 7861 7875 7874 7862 
f 7890 7129 7105 7891 
f 7106 7828 7891 7105 
f 7862 7874 7873 7863 
f 7876 7860 7859 7877 
f 7158 7830 7829 7087 
f 7842 7841 7137 7135 
f 7841 7840 7139 7137 
f 7840 7839 7143 7139 
f 7838 7145 7143 7839 
f 7837 7148 7145 7838 
f 7837 7836 7149 7148 
f 7832 7187 7155 7833 
f 7835 7151 7149 7836 
f 7835 7834 7152 7151 
f 7833 7155 7152 7834 
f 7160 7898 7847 7191 
f 7892 7161 7167 
f 8078 7161 7892 
f 8081 7161 8078 
f 8084 7161 8081 
f 7846 7162 7186 7899 
f 7161 7843 7842 7135 
f 7845 7163 7162 7846 
f 7167 7163 8087 8074 
f 7844 8101 8098 7845 
f 7163 8092 8089 
f 7844 7843 8104 8101 
f 7843 8108 8116 
f 8113 7161 8084 
f 7181 7849 7848 7183 
f 7855 7171 7194 7856 
f 7855 7854 7172 7171 
f 7853 7174 7172 7854 
f 7853 7852 7175 7174 
f 7852 7851 7178 7175 
f 7851 7850 7179 7178 
f 7850 7849 7181 7179 
f 7898 7160 7189 
f 7832 7831 7156 7187 
f 7830 7158 7156 7831 
f 7897 7189 7183 7848 
f 7847 7900 7159 7191 
f 7856 7194 7894 7857 
f 7133 7217 7206 7108 
f 8121 8120 7680 7678 
f 7124 7213 7214 7126 
f 7118 7209 7210 7119 
f 7119 7210 7211 7121 
f 7121 7211 7212 7122 
f 7122 7212 7213 7124 
f 7131 7216 7207 7109 
f 7108 7206 7215 7128 
f 7126 7214 7216 7131 
f 7109 7207 7217 7133 
f 7206 7217 7205 7195 
f 7208 7680 7682 7681 
f 7214 7213 7201 7202 
f 7210 7209 7197 7198 
f 7211 7210 7198 7199 
f 7212 7211 7199 7200 
f 7213 7212 7200 7201 
f 7207 7216 7204 7196 
f 7215 7206 7195 7203 
f 7216 7214 7202 7204 
f 7217 7207 7196 7205 
f 7084 7273 7272 7082 
f 7086 7274 7273 7084 
f 7130 7295 7275 7088 
f 7102 7283 7277 7090 
f 7092 7278 7274 7086 
f 7094 7279 7278 7092 
f 7095 7280 7279 7094 
f 7090 7277 7280 7095 
f 7099 7282 7281 7098 
f 7103 7284 7283 7102 
f 7098 7281 7284 7103 
f 7088 7275 7282 7099 
f 7134 7297 7286 7110 
f 7082 7272 7287 7114 
f 7114 7287 7288 7115 
f 7115 7288 8401 8358 
f 7127 7294 7289 7117 
f 7120 7291 7290 7118 
f 7123 7292 7291 7120 
f 7125 7293 7292 7123 
f 7117 7289 7293 7125 
f 7132 7296 7294 7127 
f 7089 7276 7295 7130 
f 7110 7286 7296 7132 
f 7107 7285 7297 7134 
f 7136 7298 7299 7138 
f 7138 7299 7300 7140 
f 7141 7301 7323 7188 
f 7142 7302 7307 7153 
f 7140 7300 7303 7144 
f 7144 7303 7304 7146 
f 7146 7304 7305 7147 
f 7147 7305 7302 7142 
f 7150 7306 7309 7157 
f 7153 7307 7308 7154 
f 7154 7308 7306 7150 
f 7157 7309 7301 7141 
f 7765 7763 7322 7185 
f 7164 7310 7298 7136 
f 7165 7311 7310 7164 
f 7166 7312 7313 7168 
f 7168 7313 7311 7165 
f 7169 7314 7321 7184 
f 8062 8061 7326 7193 
f 7173 7316 7325 7192 
f 7176 7317 7318 7177 
f 7177 7318 7319 7180 
f 7180 7319 7320 7182 
f 7182 7320 7314 7169 
f 7184 7321 7324 7190 
f 7185 7322 7312 7166 
f 7188 7323 7276 7089 
f 7190 7324 7772 7790 
f 7192 7325 7317 7176 
f 7193 7326 7316 7173 
f 7272 7273 7219 7218 
f 7273 7274 7220 7219 
f 7275 7295 7241 7221 
f 7277 7283 7229 7223 
f 7274 7278 7224 7220 
f 7278 7279 7225 7224 
f 7279 7280 7226 7225 
f 7280 7277 7223 7226 
f 7281 7282 7228 7227 
f 7283 7284 7230 7229 
f 7284 7281 7227 7230 
f 7282 7275 7221 7228 
f 7286 7297 7243 7232 
f 7287 7272 7218 7233 
f 7288 7287 7233 7234 
f 8362 8401 7288 7234 
f 7289 7294 7240 7235 
f 7290 7291 7237 7236 
f 7291 7292 7238 7237 
f 7292 7293 7239 7238 
f 7293 7289 7235 7239 
f 7294 7296 7242 7240 
f 7295 7276 7222 7241 
f 7296 7286 7232 7242 
f 7297 7285 7231 7243 
f 7299 7298 7244 7245 
f 7300 7299 7245 7246 
f 7323 7301 7247 7268 
f 7307 7302 7248 7253 
f 7303 7300 7246 7249 
f 7304 7303 7249 7250 
f 7305 7304 7250 7251 
f 7302 7305 7251 7248 
f 7309 7306 7252 7255 
f 7308 7307 7253 7254 
f 7306 7308 7254 7252 
f 7301 7309 7255 7247 
f 7322 7763 7769 7267 
f 7298 7310 7256 7244 
f 7310 7311 7257 7256 
f 7313 7312 7258 7259 
f 7311 7313 7259 7257 
f 7321 7314 7260 7266 
f 7326 8061 8060 7271 
f 7325 7316 7261 7270 
f 7318 7317 7262 7263 
f 7319 7318 7263 7264 
f 7320 7319 7264 7265 
f 7314 7320 7265 7260 
f 7324 7321 7266 7269 
f 7312 7322 7267 7258 
f 7276 7323 7268 7222 
f 7772 7324 7269 7774 
f 7317 7325 7270 7262 
f 7316 7326 7271 7261 
f 7118 7685 7209 
f 7236 7687 7688 7290 
f 7290 7688 7685 7118 
f 7690 7693 7692 7691 
f 8049 7937 7936 7693 
f 7679 7758 7756 7683 
f 7336 7333 7580 7581 
f 7338 7336 7581 7582 
f 7340 7338 7582 7583 
f 7342 7340 7583 7584 
f 7344 7342 7584 7585 
f 7346 7344 7585 7586 
f 7348 7346 7586 7587 
f 7350 7348 7587 7588 
f 7352 7350 7588 7589 
f 7354 7352 7589 7590 
f 7356 7354 7590 7591 
f 7358 7356 7591 7592 
f 7359 7358 7592 7593 
f 7361 7359 7593 7594 
f 7363 7361 7594 7595 
f 7365 7363 7595 7596 
f 7367 7365 7596 7597 
f 7369 7367 7597 7598 
f 7371 7369 7598 7599 
f 7373 7371 7599 7600 
f 7375 7373 7600 7601 
f 7377 7375 7601 7602 
f 7379 7377 7602 7603 
f 7381 7379 7603 7604 
f 7383 7381 7604 7605 
f 7385 7383 7605 7606 
f 7386 7385 7606 7607 
f 7388 7386 7607 7608 
f 7389 7388 7608 7609 
f 7390 7389 7609 7610 
f 7391 7390 7610 7611 
f 7393 7391 7611 7612 
f 7395 7393 7612 7613 
f 7397 7395 7613 7614 
f 7399 7397 7614 7615 
f 7401 7399 7615 7616 
f 7404 7618 7616 7402 
f 7403 7617 7618 7404 
f 7407 7406 7617 7619 
f 7409 7407 7619 7620 
f 7410 7412 7621 7620 
f 7412 7414 7622 7621 
f 7414 7415 7623 7622 
f 7417 7416 7623 7624 
f 7419 7556 7655 7625 
f 7421 7559 7656 7626 
f 7544 7654 7659 7567 
f 8065 8064 7627 7423 
f 7427 7629 7628 7425 
f 7429 7630 7629 7427 
f 7431 7631 7630 7429 
f 7433 7632 7631 7431 
f 7435 7633 7632 7433 
f 7437 7634 7633 7435 
f 7439 7635 7634 7437 
f 7441 7636 7635 7439 
f 7443 7637 7636 7441 
f 7445 7638 7637 7443 
f 7451 7640 7638 7445 
f 7449 7447 7640 7639 
f 7452 7449 7639 7641 
f 7453 7642 7641 7448 
f 7455 7643 7642 7453 
f 7457 7644 7643 7455 
f 7458 7644 7645 7460 
f 7460 7645 7646 7462 
f 7462 7646 7666 7664 
f 7465 7648 7650 7470 
f 7467 7649 7662 7577 
f 7470 7650 7670 7668 
f 7333 7471 7755 7757 
f 7336 7473 7471 7333 
f 7338 7474 7473 7336 
f 7340 7475 7474 7338 
f 7342 7476 7475 7340 
f 7344 7477 7476 7342 
f 7346 7478 7477 7344 
f 7348 7479 7478 7346 
f 7350 7480 7479 7348 
f 7352 7481 7480 7350 
f 7354 7482 7481 7352 
f 7356 7483 7482 7354 
f 7358 7484 7483 7356 
f 7359 7485 7484 7358 
f 7361 7486 7485 7359 
f 7363 7487 7486 7361 
f 7365 7488 7487 7363 
f 7367 7489 7488 7365 
f 7369 7490 7489 7367 
f 7371 7491 7490 7369 
f 7373 7492 7491 7371 
f 7375 7493 7492 7373 
f 7377 7494 7493 7375 
f 7379 7495 7494 7377 
f 7381 7496 7495 7379 
f 7383 7497 7496 7381 
f 7385 7498 7497 7383 
f 7386 7499 7498 7385 
f 7388 7500 7499 7386 
f 7389 7501 7500 7388 
f 7390 7502 7501 7389 
f 7391 7503 7502 7390 
f 7393 7504 7503 7391 
f 7395 7505 7504 7393 
f 7397 7506 7505 7395 
f 7399 7507 7506 7397 
f 7401 7508 7507 7399 
f 7406 7510 7509 7405 
f 7405 7509 7508 7401 
f 7407 7511 7510 7406 
f 7409 7512 7511 7407 
f 7411 7513 7512 7409 
f 7413 7514 7513 7411 
f 7416 7515 7514 7413 
f 7417 7516 7515 7416 
f 7419 7517 7557 7556 
f 7421 7518 7560 7559 
f 7423 7519 8065 
f 7425 7520 7521 7427 
f 7427 7521 7522 7429 
f 7429 7522 7523 7431 
f 7431 7523 7524 7433 
f 7433 7524 7525 7435 
f 7435 7525 7526 7437 
f 7437 7526 7527 7439 
f 7439 7527 7528 7441 
f 7441 7528 7529 7443 
f 7443 7529 7530 7445 
f 7445 7530 7533 7451 
f 7450 7532 7531 7448 
f 7451 7533 7532 7450 
f 7448 7531 7534 7453 
f 7453 7534 7535 7455 
f 7455 7535 7536 7457 
f 7457 7536 7537 7459 
f 7459 7537 7538 7461 
f 7461 7538 7665 7663 
f 7470 7542 7540 7465 
f 7465 7540 7578 7577 
f 7545 7553 7569 7567 
f 7464 7539 7669 7668 
f 7546 7651 7661 7574 
f 7545 7652 7660 7570 
f 7550 7653 7657 7563 
f 7549 7654 7658 7565 
f 7543 7551 7562 7561 
f 7544 7552 7566 7564 
f 7554 7546 7574 7575 
f 7553 7545 7570 7572 
f 7555 7655 7624 7418 
f 7556 7557 7516 7417 
f 7558 7656 7625 7420 
f 7559 7560 7517 7419 
f 7563 7657 7626 7422 
f 7561 7562 7518 7421 
f 7565 7658 7653 7550 
f 7564 7566 7551 7543 
f 7567 7659 7652 7545 
f 7567 7569 7552 7544 
f 7570 7660 7651 7546 
f 7572 7570 7546 7554 
f 7574 7661 7649 7467 
f 7575 7574 7467 7541 
f 7577 7662 7648 7465 
f 7577 7578 7541 7467 
f 7579 7683 7684 7334 
f 7581 7580 7335 7337 
f 7582 7581 7337 7339 
f 7583 7582 7339 7341 
f 7584 7583 7341 7343 
f 7585 7584 7343 7345 
f 7586 7585 7345 7347 
f 7587 7586 7347 7349 
f 7588 7587 7349 7351 
f 7589 7588 7351 7353 
f 7590 7589 7353 7355 
f 7591 7590 7355 7357 
f 7592 7591 7357 7689 
f 7593 7592 7689 7360 
f 7594 7593 7360 7362 
f 7595 7594 7362 7364 
f 7596 7595 7364 7366 
f 7597 7596 7366 7368 
f 7598 7597 7368 7370 
f 7599 7598 7370 7372 
f 7600 7599 7372 7374 
f 7601 7600 7374 7376 
f 7602 7601 7376 7378 
f 7603 7602 7378 7380 
f 7604 7603 7380 7382 
f 7605 7604 7382 7384 
f 7606 7605 7384 7330 
f 7607 7606 7330 7387 
f 7608 7607 7387 7331 
f 7609 7608 7331 7332 
f 7610 7609 7332 7329 
f 7611 7610 7329 7392 
f 7612 7611 7392 7394 
f 7613 7612 7394 7396 
f 7614 7613 7396 7398 
f 7615 7614 7398 7400 
f 7616 7615 7400 7402 
f 7616 7618 7405 7401 
f 7618 7617 7406 7405 
f 7619 7617 7403 7408 
f 7620 7619 7408 7410 
f 7620 7621 7411 7409 
f 7621 7622 7413 7411 
f 7622 7623 7416 7413 
f 7624 7623 7415 7418 
f 7625 7655 7555 7420 
f 7626 7656 7558 7422 
f 7659 7654 7549 7568 
f 7627 8064 8063 7424 
f 7628 7629 7428 7426 
f 7629 7630 7430 7428 
f 7630 7631 7432 7430 
f 7631 7632 7434 7432 
f 7632 7633 7436 7434 
f 7633 7634 7438 7436 
f 7634 7635 7440 7438 
f 7635 7636 7442 7440 
f 7636 7637 7444 7442 
f 7637 7638 7446 7444 
f 7638 7640 7447 7446 
f 7639 7640 7451 7450 
f 7641 7639 7450 7448 
f 7641 7642 7454 7452 
f 7642 7643 7456 7454 
f 7643 7644 7458 7456 
f 7645 7644 7457 7459 
f 7646 7645 7459 7461 
f 7647 7666 7663 7464 
f 7650 7648 7466 7469 
f 7662 7649 7468 7576 
f 7647 7670 7667 7463 
f 7661 7651 7547 7573 
f 7660 7652 7548 7571 
f 7657 7653 7543 7561 
f 7658 7654 7544 7564 
f 7624 7655 7556 7417 
f 7625 7656 7559 7419 
f 7626 7657 7561 7421 
f 7653 7658 7564 7543 
f 7652 7659 7568 7548 
f 7651 7660 7571 7547 
f 7649 7661 7573 7468 
f 7648 7662 7576 7466 
f 7664 7666 7647 7463 
f 7663 7665 7539 7464 
f 7663 7666 7646 7461 
f 7668 7670 7647 7464 
f 7668 7669 7542 7470 
f 7667 7670 7650 7469 
f 7315 7674 7627 7424 
f 7170 7673 7674 7315 
f 7674 7673 7671 7672 
f 7627 7674 7672 7423 
f 8068 8067 7676 11754 
f 8067 8066 7675 7676 
f 7672 7519 7423 
f 7678 7680 7208 7112 
s 2
f 7472 7681 7334 
s 1
f 7679 7683 7579 7682 
f 7684 7683 7756 7757 
f 7684 7472 7334 
f 7694 7699 7698 7695 
f 7726 7702 7701 7727 
f 7702 7705 7704 7701 
f 7705 7708 7707 7704 
f 7708 7711 7710 7707 
f 7711 7714 7713 7710 
f 7714 7717 7716 7713 
f 8140 7722 7721 
f 7722 7725 7724 7721 
f 7725 7694 7695 7724 
f 7686 7685 7327 
f 7688 7687 7328 7327 
f 7685 7688 7327 
f 7729 7726 7727 7730 
f 7691 7692 7930 7929 
f 7693 7690 8050 8049 
f 7732 7729 7730 7733 
f 7734 7736 8243 8310 
f 7736 7739 8312 8311 
f 7696 7697 7903 7902 
f 7695 7698 7697 7696 
f 7699 7694 7740 7905 
f 7728 7700 8052 8051 
f 7727 7701 7700 7728 
f 7702 7726 7741 7746 
f 7700 7703 8053 8052 
f 7701 7704 7703 7700 
f 7705 7702 7746 7747 
f 7703 7706 8054 8053 
f 7704 7707 7706 7703 
f 7708 7705 7747 7748 
f 7706 7709 8055 8054 
f 7707 7710 7709 7706 
f 7711 7708 7748 7749 
f 7709 7712 8056 8055 
f 7710 7713 7712 7709 
f 7714 7711 7749 7750 
f 7712 7715 8057 8056 
f 7713 7716 7715 7712 
f 7717 7714 7750 7751 
f 7715 7718 8058 8057 
f 7719 7717 7751 7752 
f 7718 8155 8058 
f 7722 7719 7752 7753 
f 7720 7723 7901 8059 
f 7721 7724 7723 8156 
f 7725 7722 7753 7754 
f 7723 7696 7902 7901 
f 7724 7695 7696 7723 
f 7694 7725 7754 7740 
f 7731 7728 8051 8050 
f 7730 7727 7728 7731 
f 7726 7729 7742 7741 
f 7734 7731 8050 7690 
f 7733 7730 7731 7734 
f 7729 7732 7743 7742 
f 7732 7735 7744 7743 
f 7733 8253 8316 
f 7736 7734 7690 7691 
f 7735 7737 7745 7744 
f 8248 7738 8317 
f 7739 7736 7691 7929 
f 7698 7904 7697 
f 7905 7740 7906 
f 7746 7741 7916 7915 
f 7747 7746 7915 7914 
f 7748 7747 7914 7913 
f 7749 7748 7913 7912 
f 7750 7749 7912 7911 
f 7751 7750 7911 7910 
f 7752 7751 7910 7909 
f 7753 7752 7909 7908 
f 7754 7753 7908 7907 
f 7740 7754 7907 7906 
f 7741 7742 7917 7916 
f 7742 7743 7918 7917 
f 7743 7744 7919 7918 
f 7744 7745 7920 7919 
f 7905 7904 7699 
f 7921 7920 7745 
f 7923 7745 7737 7924 
f 7924 7737 7925 
f 7927 7738 7739 7928 
f 7928 7739 7929 
f 7692 7935 7934 
f 7692 7934 7933 
f 7692 7933 7932 
f 7692 7932 7931 
f 7692 7931 7930 
f 7693 7936 7935 7692 
f 8048 7938 7937 8049 
f 8120 8119 7682 7680 
f 7580 7756 7758 7335 
f 7333 7757 7756 7580 
f 7757 7755 7472 7684 
f 7699 7904 7698 
f 8118 7904 7758 7679 
s 2
f 7681 7682 7579 
f 7681 7579 7334 
s 1
f 7783 7787 7759 7677 
f 7677 7759 7780 7778 
f 7789 7771 7786 7784 
s 2
f 7781 7762 7766 7776 
s 1
f 7775 7816 7815 7799 
f 7787 7800 7760 7759 
f 7759 7760 7796 7780 
s 4
f 7781 7797 7768 7762 
s 1
f 7760 7800 7819 7810 
f 7796 7760 7810 7820 
s 4
f 7768 7797 7822 7821 
s 1
f 7775 7799 7786 7771 
s 2
f 7823 7827 7826 
s 1
f 7899 7186 7900 7895 
f 7896 7898 7189 7897 
f 7815 7814 7811 7813 
f 7816 7792 7791 7794 
f 7817 7793 7791 7792 
f 7818 7804 7801 7803 
f 7819 7813 7811 7812 
f 7820 7808 7805 7807 
s 4
f 7821 7802 7801 7804 
f 7822 7807 7805 7806 
s 2
f 7823 7803 7801 7802 
f 7824 7794 7791 7793 
f 7825 7812 7811 7814 
f 7827 7806 7805 7808 
s 1
f 7765 7764 7761 7763 
f 7772 7770 7788 7790 
f 7763 7761 7767 7769 
f 7774 7773 7770 7772 
f 7783 7782 7785 7787 
f 7780 7779 7777 7778 
f 7786 7785 7782 7784 
f 7789 7788 7770 7771 
s 2
f 7776 7777 7779 7781 
f 7762 7761 7764 7766 
s 1
f 7815 7813 7798 7799 
f 7816 7794 7814 7815 
f 7775 7773 7792 7816 
f 7787 7785 7798 7800 
f 7796 7795 7779 7780 
s 4
f 7768 7767 7761 7762 
f 7781 7779 7795 7797 
s 1
f 7817 7792 7773 7774 
f 7818 7803 7793 7817 
f 7769 7767 7804 7818 
f 7819 7812 7809 7810 
f 7800 7798 7813 7819 
f 7820 7807 7795 7796 
f 7810 7809 7808 7820 
s 4
f 7821 7804 7767 7768 
f 7822 7806 7802 7821 
f 7797 7795 7807 7822 
s 1
f 7771 7770 7773 7775 
f 7799 7798 7785 7786 
s 2
f 7824 7793 7803 7823 
f 7825 7814 7794 7824 
f 7826 7809 7812 7825 
f 7827 7808 7809 7826 
f 7823 7802 7806 7827 
s 1
f 7130 7828 7829 7089 
f 7089 7829 7830 7188 
f 7188 7830 7831 7141 
f 7141 7831 7832 7157 
f 7157 7832 7833 7150 
f 7150 7833 7834 7154 
f 7154 7834 7835 7153 
f 7153 7835 7836 7142 
f 7142 7836 7837 7147 
f 7147 7837 7838 7146 
f 7146 7838 7839 7144 
f 7144 7839 7840 7140 
f 7140 7840 7841 7138 
f 7138 7841 7842 7136 
f 7136 7842 7843 7164 
f 7164 7843 7844 7165 
f 7165 7844 7845 7168 
f 7168 7845 7846 7166 
f 7166 7846 7899 7185 
f 7777 7900 7778 
f 7677 7847 7898 7783 
f 7184 7848 7849 7169 
f 7169 7849 7850 7182 
f 7182 7850 7851 7180 
f 7180 7851 7852 7177 
f 7177 7852 7853 7176 
f 7176 7853 7854 7192 
f 7192 7854 7855 7173 
f 7173 7855 7856 7193 
f 7193 7856 7857 8062 
f 8066 7857 7894 7675 
f 7678 8122 8121 
f 7128 7858 7859 7108 
f 7108 7859 7860 7133 
f 7133 7860 7861 7109 
f 7109 7861 7862 7131 
f 7131 7862 7863 7126 
f 7126 7863 7864 7124 
f 7124 7864 7865 7122 
f 7122 7865 7866 7121 
f 7121 7866 7867 7119 
f 7119 7867 7868 7118 
f 7118 7868 7869 7120 
f 7120 7869 7870 7123 
f 7123 7870 7871 7125 
f 7125 7871 7872 7117 
f 7117 7872 7873 7127 
f 7127 7873 7874 7132 
f 7132 7874 7875 7110 
f 7110 7875 7876 7134 
f 7134 7876 7877 7107 
f 8358 8323 7878 7115 
f 7115 7878 7879 7114 
f 7114 7879 7880 7082 
f 7082 7880 7881 7084 
f 7084 7881 7882 7086 
f 7086 7882 7883 7092 
f 7092 7883 7884 7094 
f 7094 7884 7885 7095 
f 7095 7885 7886 7090 
f 7090 7886 7887 7102 
f 7102 7887 7888 7103 
f 7103 7888 7889 7098 
f 7098 7889 7890 7099 
f 7099 7890 7891 7088 
f 7088 7891 7828 7130 
f 8074 7892 7167 
f 8092 7163 7845 8095 
f 8095 7845 8098 
f 8104 7843 8116 
f 8108 7843 8110 
f 8110 7843 8113 
f 7893 8122 7678 7112 
f 8113 7843 7161 
f 7765 7895 7766 7764 
f 7766 7895 7900 7776 
f 7789 7896 7790 7788 
f 7790 7896 7897 7190 
f 7897 7848 7184 7190 
f 7898 7896 7789 7784 
f 7899 7895 7765 7185 
f 7778 7900 7847 7677 
f 7776 7900 7777 
f 7783 7898 7782 
f 7898 7784 7782 
f 7900 7186 7159 
s 2
f 7823 7826 7825 7824 
s 1
f 7926 7737 7738 7927 
f 7925 7737 7926 
f 7921 7745 7922 
f 7922 7745 7923 
f 7205 7901 7902 7195 
f 7195 7902 7903 7203 
f 8119 8118 7679 7682 
f 7758 7904 7905 7335 
f 7335 7905 7906 7337 
f 7337 7906 7907 7339 
f 7339 7907 7908 7341 
f 7341 7908 7909 7343 
f 7343 7909 7910 7345 
f 7345 7910 7911 7347 
f 7347 7911 7912 7349 
f 7349 7912 7913 7351 
f 7351 7913 7914 7353 
f 7353 7914 7915 7355 
f 7355 7915 7916 7357 
f 7357 7916 7917 7689 
f 7689 7917 7918 7360 
f 7360 7918 7919 7362 
f 7362 7919 7920 7364 
f 7364 7920 7921 7366 
f 7366 7921 7922 7368 
f 7368 7922 7923 7370 
f 7370 7923 7924 7372 
f 7372 7924 7925 7374 
f 7374 7925 7926 7376 
f 7376 7926 7927 7378 
f 7378 7927 7928 7380 
f 7380 7928 7929 7382 
f 7382 7929 7930 7384 
f 7384 7930 7931 7330 
f 7330 7931 7932 7387 
f 7387 7932 7933 7331 
f 7331 7933 7934 7332 
f 7332 7934 7935 7329 
f 7329 7935 7936 7392 
f 7392 7936 7937 7394 
f 7394 7937 7938 7396 
f 7396 7938 7939 7398 
f 7398 7939 7940 7400 
f 7400 7940 7941 7402 
f 7402 7941 7942 7404 
f 7404 7942 7943 7403 
f 7403 7943 7944 7408 
f 7408 7944 7945 7410 
f 7410 7945 7946 7412 
f 7412 7946 7947 7414 
f 7414 7947 7948 7415 
f 7415 7948 7949 7418 
f 7418 7949 7950 7555 
f 7555 7950 7951 7420 
f 7420 7951 7952 7558 
f 7558 7952 7953 7422 
f 7422 7953 7954 7563 
f 7563 7954 7955 7550 
f 7550 7955 7956 7565 
f 7565 7956 7957 7549 
f 7549 7957 7958 7568 
f 7568 7958 7959 7548 
f 7548 7959 7960 7571 
f 7571 7960 7961 7547 
f 7547 7961 7962 7573 
f 7573 7962 7963 7468 
f 7468 7963 7964 7576 
f 7576 7964 7965 7466 
f 7466 7965 7966 7469 
f 7469 7966 7967 7667 
f 7667 7967 7968 7463 
f 7463 7968 7969 7664 
f 7664 7969 7970 7462 
f 7462 7970 7971 7460 
f 7460 7971 7972 7458 
f 7458 7972 7973 7456 
f 7456 7973 7974 7454 
f 7454 7974 7975 7452 
f 7452 7975 7976 7449 
f 7449 7976 7977 7447 
f 7447 7977 7978 7446 
f 7446 7978 7979 7444 
f 7444 7979 7980 7442 
f 7442 7980 7981 7440 
f 7440 7981 7982 7438 
f 7438 7982 7983 7436 
f 7436 7983 7984 7434 
f 7434 7984 7985 7432 
f 7432 7985 7986 7430 
f 7430 7986 7987 7428 
f 7428 7987 7988 7426 
f 8063 7989 8060 7424 
f 8060 7989 7990 7271 
f 7271 7990 7991 7261 
f 7261 7991 7992 7270 
f 7270 7992 7993 7262 
f 7262 7993 7994 7263 
f 7263 7994 7995 7264 
f 7264 7995 7996 7265 
f 7265 7996 7997 7260 
f 7260 7997 7998 7266 
f 7266 7998 7999 7269 
f 7269 7999 8000 7774 
f 7774 8000 8001 7817 
f 7817 8001 8002 7818 
f 7818 8002 8003 7769 
f 7769 8003 8004 7267 
f 7267 8004 8005 7258 
f 7258 8005 8006 7259 
f 7259 8006 8007 7257 
f 7257 8007 8008 7256 
f 7256 8008 8009 7244 
f 7244 8009 8010 7245 
f 7245 8010 8011 7246 
f 7246 8011 8012 7249 
f 7249 8012 8013 7250 
f 7250 8013 8014 7251 
f 7251 8014 8015 7248 
f 7248 8015 8016 7253 
f 7253 8016 8017 7254 
f 7254 8017 8018 7252 
f 7252 8018 8019 7255 
f 7255 8019 8020 7247 
f 7247 8020 8021 7268 
f 7268 8021 8022 7222 
f 7222 8022 8023 7241 
f 7241 8023 8024 7221 
f 7221 8024 8025 7228 
f 7228 8025 8026 7227 
f 7227 8026 8027 7230 
f 7230 8027 8028 7229 
f 7229 8028 8029 7223 
f 7223 8029 8030 7226 
f 7226 8030 8031 7225 
f 7225 8031 8032 7224 
f 7224 8032 8033 7220 
f 7220 8033 8034 7219 
f 7219 8034 8035 7218 
f 7218 8035 8036 7233 
f 7233 8036 8037 7234 
f 7234 8037 8363 8362 
f 7231 8038 8039 7243 
f 7243 8039 8040 7232 
f 7232 8040 8041 7242 
f 7242 8041 8042 7240 
f 7240 8042 8043 7235 
f 7235 8043 8044 7239 
f 7239 8044 8045 7238 
f 7238 8045 8046 7237 
f 7237 8046 8047 7236 
f 7236 8047 8048 7687 
f 7687 8048 8049 7328 
f 7328 8049 8050 7327 
f 7327 8050 8051 7686 
f 7686 8051 8052 7197 
f 7197 8052 8053 7198 
f 7198 8053 8054 7199 
f 7199 8054 8055 7200 
f 7200 8055 8056 7201 
f 7201 8056 8057 7202 
f 7202 8057 8058 7204 
f 7204 8058 8059 7196 
f 7196 8059 7901 7205 
f 7983 7990 7984 
f 7984 7990 7985 
f 7985 7990 7986 
f 7986 7990 7987 
f 7987 7990 7988 
f 7988 7990 7989 
f 8060 8061 7315 7424 
f 8061 8062 7170 7315 
f 8062 7857 8066 7170 
f 7989 8063 7426 7988 
f 8063 8064 7628 7426 
f 8064 8065 7425 7628 
f 8065 7519 7520 7425 
f 7671 7519 7672 
f 8066 8067 7673 7170 
f 8067 8068 7671 7673 
f 8068 7519 7671 
f 8047 7939 7938 8048 
f 8046 7940 7939 8047 
f 8045 7941 7940 8046 
f 8044 7942 7941 8045 
f 7982 7991 7990 7983 
f 7981 7992 7991 7982 
f 7980 7993 7992 7981 
f 7979 7994 7993 7980 
f 7978 7995 7994 7979 
f 7977 7996 7995 7978 
f 7976 7997 7996 7977 
f 7975 7998 7997 7976 
f 8043 7943 7942 8044 
f 8042 7944 7943 8043 
f 8041 7945 7944 8042 
f 7972 8001 8000 7973 
f 7973 8000 7999 7974 
f 7974 7999 7998 7975 
f 8040 7946 7945 8041 
f 8039 7947 7946 8040 
f 7947 8069 7948 
f 7948 8069 7949 
f 7949 8069 7950 
f 7950 8069 7951 
f 7951 8069 7952 
f 7952 8069 7953 
f 7953 8069 7954 
f 7954 8069 7955 
f 7955 8069 7956 
f 7956 8069 7957 
f 7957 8069 7958 
f 7958 8069 7959 
f 7959 8069 7960 
f 7960 8069 7961 
f 7961 8069 7962 
f 7962 8069 7963 
f 7963 8069 7964 
f 7964 8069 7965 
f 7965 8069 7966 
f 7966 8069 7967 
f 7967 8069 7968 
f 7968 8069 7969 
f 7969 8069 7970 
f 7970 8069 7971 
f 7971 8069 7972 
f 7972 8069 8001 
f 8001 8069 8002 
f 8002 8069 8004 
f 8004 8069 8005 
f 8005 8069 8006 
f 8006 8069 8007 
f 8007 8069 8008 
f 8008 8069 8009 
f 8009 8069 8010 
f 8010 8069 8011 
f 8011 8069 8012 
f 8012 8069 8013 
f 8013 8069 8014 
f 8014 8069 8015 
f 8015 8069 8016 
f 8016 8069 8017 
f 8017 8069 8018 
f 8018 8069 8019 
f 8019 8069 8020 
f 8020 8069 8021 
f 8021 8069 8022 
f 8022 8069 8023 
f 8023 8069 8024 
f 8024 8069 8025 
f 8025 8069 8026 
f 8026 8069 8027 
f 8027 8069 8028 
f 8028 8069 8029 
f 8029 8069 8030 
f 8030 8069 8031 
f 8031 8069 8032 
f 8032 8069 8033 
f 8033 8069 8034 
f 8034 8069 8035 
f 8035 8069 8036 
f 8036 8069 8037 
f 8037 8069 8363 
f 8363 8069 8351 
f 8351 8069 8038 
f 8038 8069 8039 
f 8039 8069 7947 
f 8002 8004 8003 
s 2
f 8075 14817 14819 8072 
f 8072 14819 14822 8077 
f 8077 14822 14825 8080 
f 8080 14825 14828 8083 
f 8090 14832 14834 8086 
f 8086 14834 14817 8075 
f 8093 14838 14832 8090 
f 8096 14841 14838 8093 
f 8099 14844 14841 8096 
f 8102 14847 14844 8099 
f 8105 14850 14847 8102 
f 8111 14853 14855 8107 
f 8114 14859 14853 8111 
f 8117 14862 14850 8105 
f 8107 14855 14862 8117 
f 8083 14828 14859 8114 
s 1
f 14816 8070 14820 
f 14820 8070 14823 
f 14823 8070 14826 
f 14826 8070 14829 
f 14829 8070 14858 
f 14858 8070 14852 
f 14852 8070 14856 
f 14856 8070 14861 
f 14861 8070 14849 
f 14849 8070 14846 
f 14846 8070 14843 
f 14843 8070 14840 
f 14840 8070 14837 
f 14837 8070 14831 
f 14831 8070 14835 
f 14835 8070 14816 
f 8074 8073 8071 7892 
f 8087 8085 8073 8074 
f 8089 8088 8085 8087 
f 8092 8091 8088 8089 
f 8095 8094 8091 8092 
f 8098 8097 8094 8095 
f 8101 8100 8097 8098 
f 8104 8103 8100 8101 
f 8116 8115 8103 8104 
f 8108 8106 8115 8116 
f 8110 8109 8106 8108 
f 8113 8112 8109 8110 
f 8084 8082 8112 8113 
f 8081 8079 8082 8084 
f 8078 8076 8079 8081 
f 7892 8071 8076 8078 
s 2
f 8072 8071 8073 8075 
f 8077 8076 8071 8072 
f 8080 8079 8076 8077 
f 8083 8082 8079 8080 
f 8086 8085 8088 8090 
f 8075 8073 8085 8086 
f 8090 8088 8091 8093 
f 8093 8091 8094 8096 
f 8096 8094 8097 8099 
f 8099 8097 8100 8102 
f 8102 8100 8103 8105 
f 8107 8106 8109 8111 
f 8111 8109 8112 8114 
f 8105 8103 8115 8117 
f 8117 8115 8106 8107 
f 8114 8112 8082 8083 
s 1
f 8087 7163 8089 
f 7209 7685 7686 7197 
f 7904 8118 7903 7697 
f 8118 8119 7203 7903 
f 8119 8120 7215 7203 
f 8120 8121 7128 7215 
f 8121 8122 7858 7128 
f 8154 8153 7719 
f 8153 8152 7717 7719 
f 8149 8148 7718 7715 
f 8141 8140 7721 
f 8124 8139 8140 8123 
f 8123 8140 8141 8138 
f 8138 8141 8142 8137 
f 8137 8142 8143 8136 
f 8136 8143 8144 8135 
f 8135 8144 8145 8134 
f 8134 8145 8146 8133 
f 8133 8146 8147 8132 
f 8132 8147 8148 8131 
f 8131 8148 8149 8130 
f 8130 8149 8150 8129 
f 8129 8150 8151 8128 
f 8128 8151 8152 8127 
f 8127 8152 8153 8126 
f 8126 8153 8154 8125 
f 8125 8154 8139 8124 
f 8149 7715 7716 8150 
f 8151 7716 8152 
f 7716 8151 8150 
f 7717 8152 7716 
f 8139 7722 8140 
f 8154 7719 7722 8139 
f 8141 7721 8156 8142 
f 8143 7720 8144 
f 8144 7720 8157 8145 
f 8146 8155 7718 8147 
f 8147 7718 8148 
f 8142 8156 7720 8143 
f 8156 7723 7720 
f 8145 8157 8155 8146 
f 8059 8157 7720 
f 8058 8155 8157 8059 
s 2
f 8159 8179 8177 8160 
f 8160 8177 8183 8161 
f 8161 8183 8186 8162 
f 8162 8186 8189 8163 
f 8163 8189 8192 8164 
f 8164 8192 8195 8165 
f 8165 8195 8198 8166 
f 8166 8198 8201 8167 
f 8167 8201 8204 8168 
f 8168 8204 8207 8169 
f 8169 8207 8210 8170 
f 8170 8210 8213 8171 
f 8171 8213 8216 8172 
f 8172 8216 8219 8173 
f 8173 8219 8222 8174 
f 8174 8222 8179 8159 
s 1
f 8180 8158 8176 
f 8176 8158 8182 
f 8182 8158 8185 
f 8185 8158 8188 
f 8188 8158 8191 
f 8191 8158 8194 
f 8194 8158 8197 
f 8197 8158 8200 
f 8200 8158 8203 
f 8203 8158 8206 
f 8206 8158 8209 
f 8209 8158 8212 
f 8212 8158 8215 
f 8215 8158 8218 
f 8218 8158 8221 
f 8221 8158 8180 
s 2
f 8123 8159 8160 8124 
f 8124 8160 8161 8125 
f 8125 8161 8162 8126 
f 8126 8162 8163 8127 
f 8127 8163 8164 8128 
f 8128 8164 8165 8129 
f 8129 8165 8166 8130 
f 8130 8166 8167 8131 
f 8131 8167 8168 8132 
f 8132 8168 8169 8133 
f 8133 8169 8170 8134 
f 8134 8170 8171 8135 
f 8135 8171 8172 8136 
f 8136 8172 8173 8137 
f 8137 8173 8174 8138 
f 8138 8174 8159 8123 
f 8179 8178 8175 8177 
f 8177 8175 8181 8183 
f 8183 8181 8184 8186 
f 8186 8184 8187 8189 
f 8189 8187 8190 8192 
f 8192 8190 8193 8195 
f 8195 8193 8196 8198 
f 8198 8196 8199 8201 
f 8201 8199 8202 8204 
f 8204 8202 8205 8207 
f 8207 8205 8208 8210 
f 8210 8208 8211 8213 
f 8213 8211 8214 8216 
f 8216 8214 8217 8219 
f 8219 8217 8220 8222 
f 8222 8220 8178 8179 
s 1
f 8176 8175 8178 8180 
f 8182 8181 8175 8176 
f 8185 8184 8181 8182 
f 8188 8187 8184 8185 
f 8191 8190 8187 8188 
f 8194 8193 8190 8191 
f 8197 8196 8193 8194 
f 8200 8199 8196 8197 
f 8203 8202 8199 8200 
f 8206 8205 8202 8203 
f 8209 8208 8205 8206 
f 8212 8211 8208 8209 
f 8215 8214 8211 8212 
f 8218 8217 8214 8215 
f 8221 8220 8217 8218 
f 8180 8178 8220 8221 
s 2
f 8245 8265 8262 8242 
f 8234 8268 8265 8245 
f 8236 8271 8268 8234 
f 8236 8247 8274 8271 
f 8247 8250 8277 8274 
f 8250 8257 8280 8277 
f 8257 8229 8283 8280 
f 8229 8232 8286 8283 
f 8232 8289 8291 8286 
f 8289 8225 8294 8291 
f 8225 8227 8297 8294 
f 8227 8252 8300 8297 
f 8252 8255 8303 8300 
f 8255 8238 8306 8303 
f 8238 8240 8260 8306 
f 8240 8242 8262 8260 
s 1
f 8263 8223 8259 
f 8266 8223 8263 
f 8269 8223 8266 
f 8272 8223 8269 
f 8275 8223 8272 
f 8278 8223 8275 
f 8281 8223 8278 
f 8284 8223 8281 
f 8287 8223 8284 
f 8292 8223 8287 
f 8295 8223 8292 
f 8298 8223 8295 
f 8301 8223 8298 
f 8304 8223 8301 
f 8307 8223 8304 
f 8259 8223 8307 
f 8308 8254 8251 8253 
f 8309 8237 8254 8308 
f 8310 8239 8237 8309 
f 8243 8241 8239 8310 
f 8311 8244 8241 8243 
f 8312 8233 8244 8311 
f 8313 8235 8233 8312 
f 8248 8246 8235 8313 
f 8314 8288 8230 8231 
f 8315 8224 8288 8314 
f 8316 8226 8224 8315 
f 8253 8251 8226 8316 
f 8317 8249 8246 8248 
f 8318 8256 8249 8317 
f 8319 8228 8256 8318 
f 8231 8230 8228 8319 
s 2
f 8242 8241 8244 8245 
f 8265 8264 8261 8262 
f 8245 8244 8233 8234 
f 8268 8267 8264 8265 
f 8234 8233 8235 8236 
f 8271 8270 8267 8268 
f 8274 8273 8270 8271 
f 8236 8235 8246 8247 
f 8277 8276 8273 8274 
f 8247 8246 8249 8250 
f 8280 8279 8276 8277 
f 8250 8249 8256 8257 
f 8283 8282 8279 8280 
f 8257 8256 8228 8229 
f 8286 8285 8282 8283 
f 8229 8228 8230 8232 
f 8291 8290 8285 8286 
f 8232 8230 8288 8289 
f 8294 8293 8290 8291 
f 8289 8288 8224 8225 
f 8297 8296 8293 8294 
f 8225 8224 8226 8227 
f 8300 8299 8296 8297 
f 8227 8226 8251 8252 
f 8303 8302 8299 8300 
f 8252 8251 8254 8255 
f 8306 8305 8302 8303 
f 8255 8254 8237 8238 
f 8260 8258 8305 8306 
f 8238 8237 8239 8240 
f 8262 8261 8258 8260 
f 8240 8239 8241 8242 
s 1
f 8259 8258 8261 8263 
f 8263 8261 8264 8266 
f 8266 8264 8267 8269 
f 8269 8267 8270 8272 
f 8272 8270 8273 8275 
f 8275 8273 8276 8278 
f 8278 8276 8279 8281 
f 8281 8279 8282 8284 
f 8284 8282 8285 8287 
f 8287 8285 8290 8292 
f 8292 8290 8293 8295 
f 8295 8293 8296 8298 
f 8298 8296 8299 8301 
f 8301 8299 8302 8304 
f 8304 8302 8305 8307 
f 8307 8305 8258 8259 
f 8317 7738 7737 8318 
f 8318 7737 8319 
f 8319 7737 7735 8231 
f 7732 8314 8231 7735 
f 7732 8315 8314 
f 7733 8316 8315 7732 
f 7733 8308 8253 
f 7734 8309 8308 7733 
f 7734 8310 8309 
f 7736 8311 8243 
f 8312 7739 8313 
f 8313 7739 7738 8248 
f 8402 8406 7113 7116 
f 8407 8378 7858 8122 
f 8408 8350 7877 
f 8350 8348 7107 7877 
f 8348 8369 7285 7107 
f 8353 8351 8038 7231 
f 7285 8369 8353 7231 
s 2
f 8367 8414 8413 
f 8367 8365 8346 8371 
f 8342 8382 8371 8346 
f 8375 8340 8335 8392 
f 8375 8373 8377 8340 
f 8373 8380 8344 8377 
f 8380 8382 8342 8344 
f 8386 8384 8329 8331 
f 8388 8333 8329 8384 
f 8388 8390 8338 8333 
f 8390 8392 8335 8338 
f 8325 8394 8386 8331 
f 8396 8327 8321 8398 
f 8327 8396 8394 8325 
f 8415 8417 8398 
s 4
f 8360 8356 8428 8429 
f 8368 8427 8418 8399 
s 1
f 8360 8363 8351 8356 
s 2
f 8414 8355 8352 8354 
f 8416 8400 8359 8361 
s 1
f 8401 8400 8357 8358 
f 8362 8359 8400 8401 
f 8358 8357 8322 8323 
f 8403 8330 8328 8402 
f 8404 8324 8330 8403 
f 8404 8326 8324 
f 8404 8320 8326 
f 8323 8322 8320 8404 
f 8405 8337 8334 8336 
f 8406 8332 8337 8405 
f 8402 8328 8332 8406 
f 8336 8334 8339 8407 
f 8407 8339 8376 8378 
f 8409 8345 8364 8408 
f 8410 8341 8345 8409 
f 8411 8343 8341 8410 
f 8378 8376 8343 8411 
f 8408 8364 8349 8350 
f 8350 8349 8347 8348 
f 8348 8347 8354 8369 
f 8369 8354 8352 8353 
s 2
f 8412 8349 8364 8365 
f 8413 8347 8349 8412 
f 8414 8354 8347 8413 
f 8367 8366 8355 8414 
f 8371 8370 8366 8367 
f 8365 8364 8345 8346 
f 8346 8345 8341 8342 
f 8382 8381 8370 8371 
f 8392 8391 8374 8375 
f 8340 8339 8334 8335 
f 8377 8376 8339 8340 
f 8375 8374 8372 8373 
f 8344 8343 8376 8377 
f 8373 8372 8379 8380 
f 8342 8341 8343 8344 
f 8380 8379 8381 8382 
f 8329 8328 8330 8331 
f 8386 8385 8383 8384 
f 8384 8383 8387 8388 
f 8333 8332 8328 8329 
f 8338 8337 8332 8333 
f 8388 8387 8389 8390 
f 8335 8334 8337 8338 
f 8390 8389 8391 8392 
f 8331 8330 8324 8325 
f 8394 8393 8385 8386 
f 8398 8397 8395 8396 
f 8327 8326 8320 8321 
f 8325 8324 8326 8327 
f 8396 8395 8393 8394 
f 8321 8320 8322 8415 
f 8416 8361 8397 8398 
f 8417 8357 8400 8416 
f 8415 8322 8357 8417 
s 4
f 8399 8397 8361 8429 
f 8356 8352 8355 8428 
f 8399 8395 8397 
f 8399 8393 8395 
f 8418 8385 8393 8399 
f 8419 8383 8385 8418 
f 8420 8387 8383 8419 
f 8421 8389 8387 8420 
f 8422 8391 8389 8421 
f 8423 8374 8391 8422 
f 8424 8372 8374 8423 
f 8425 8379 8372 8424 
f 8426 8381 8379 8425 
f 8427 8370 8381 8426 
f 8368 8366 8370 8427 
s 1
f 8362 8363 8359 
f 8356 8351 8352 
f 8360 8359 8363 
f 8353 8352 8351 
s 4
f 8428 8355 8366 8368 
f 8429 8428 8368 8399 
f 8429 8361 8359 8360 
f 8418 8427 8426 8419 
f 8419 8426 8425 8420 
f 8420 8425 8424 8421 
f 8421 8424 8423 8422 
s 1
f 8402 7116 8403 
f 7113 8406 8405 
f 7113 8405 8336 7893 
f 8407 8122 7893 8336 
f 8411 7859 7858 8378 
f 8410 7859 8411 
f 8409 7859 8410 
f 8403 7116 7878 8404 
f 8404 7878 8323 
f 8408 7877 7859 8409 
s 2
f 8415 8398 8321 
f 8398 8417 8416 
f 8367 8412 8365 
f 8367 8413 8412 
s 1
f 8433 8472 8544 8431 
f 8435 8430 8492 
f 8435 8492 8510 8470 
f 8436 8493 8494 8438 
f 8438 8494 8495 8440 
f 8440 8495 8509 8468 
f 8442 8496 8508 8466 
f 8444 8497 8507 8464 
f 8446 8498 8506 8462 
f 8448 8499 8505 8460 
f 8450 8500 8503 8456 
f 8452 8501 8502 8454 
f 8455 9013 9014 8521 
f 8457 8459 8523 8522 
f 8459 8453 8520 8523 
f 8461 8451 8519 8524 
f 8463 8449 8518 8525 
f 8465 8447 8517 8526 
f 8467 8445 8516 8527 
f 8469 8443 8515 8528 
f 8471 8437 8512 8529 
f 8472 8433 8511 8473 
f 8473 8511 8529 8491 
f 8474 8512 8513 8475 
f 8475 8513 8514 8476 
f 8476 8514 8528 8490 
f 8477 8515 8527 8489 
f 8478 8516 8526 8488 
f 8479 8517 8525 8487 
f 8480 8518 8524 8486 
f 8481 8519 8522 8484 
f 8482 8520 8521 8483 
f 9015 9134 8502 8483 
f 8485 8504 8503 8484 
f 8482 8501 8504 8485 
f 8481 8500 8505 8486 
f 8480 8499 8506 8487 
f 8479 8498 8507 8488 
f 8478 8497 8508 8489 
f 8477 8496 8509 8490 
f 8474 8493 8510 8491 
f 8492 8473 8491 8510 
f 8493 8474 8475 8494 
f 8494 8475 8476 8495 
f 8495 8476 8490 8509 
f 8496 8477 8489 8508 
f 8497 8478 8488 8507 
f 8498 8479 8487 8506 
f 8499 8480 8486 8505 
f 8500 8481 8484 8503 
f 8501 8482 8483 8502 
f 9134 9016 8454 8502 
f 8504 8458 8456 8503 
f 8501 8452 8458 8504 
f 8500 8450 8460 8505 
f 8499 8448 8462 8506 
f 8498 8446 8464 8507 
f 8497 8444 8466 8508 
f 8496 8442 8468 8509 
f 8493 8436 8470 8510 
f 9014 9015 8483 8521 
f 8523 8485 8484 8522 
f 8520 8482 8485 8523 
f 8519 8481 8486 8524 
f 8518 8480 8487 8525 
f 8517 8479 8488 8526 
f 8516 8478 8489 8527 
f 8515 8477 8490 8528 
f 8512 8474 8491 8529 
f 8511 8434 8471 8529 
f 8512 8437 8439 8513 
f 8513 8439 8441 8514 
f 8514 8441 8469 8528 
f 8515 8443 8467 8527 
f 8516 8445 8465 8526 
f 8517 8447 8463 8525 
f 8518 8449 8461 8524 
f 8519 8451 8457 8522 
f 8520 8453 8455 8521 
f 8431 8544 8545 8530 
f 8530 8545 8546 8532 
f 8532 8546 8547 8534 
f 8534 8547 8548 8536 
f 8536 8548 8550 8541 
f 8539 8543 8551 8549 
f 8540 8539 8549 8550 
f 8543 8795 8797 8551 
f 8544 8432 8531 8545 
f 8545 8531 8533 8546 
f 8546 8533 8535 8547 
f 8547 8535 8537 8548 
f 8548 8537 8540 8550 
f 8551 8542 8538 8549 
f 8549 8538 8541 8550 
f 8797 8800 8542 8551 
f 8472 8430 8432 8544 
f 8554 8566 8722 8723 
f 8581 8738 9017 9018 
f 8579 8580 8708 8709 
f 8578 8579 8709 8710 
f 8577 8578 8710 8711 
f 8576 8577 8711 8712 
f 8575 8576 8712 8713 
f 8574 8575 8713 8714 
f 8573 8574 8714 8715 
f 8572 8573 8715 8716 
f 8571 8572 8716 8717 
f 8570 8571 8717 8718 
f 8569 8570 8718 8719 
f 8568 8569 8719 8720 
f 8567 8568 8720 8721 
f 8566 8567 8721 8722 
f 8554 8723 8724 8584 
f 8584 8724 8725 8586 
f 8586 8725 8726 8588 
f 8588 8726 9028 9029 
f 8590 8727 8728 8592 
f 8592 8728 8729 8594 
f 8594 8729 9214 9215 
f 8584 8586 8632 8633 
f 8554 8584 8633 8634 
f 8566 8554 8634 8635 
f 8567 8566 8635 8636 
f 8568 8567 8636 8637 
f 8569 8568 8637 8638 
f 8570 8569 8638 8639 
f 8571 8570 8639 8640 
f 8572 8571 8640 8641 
f 8573 8572 8641 8642 
f 8574 8573 8642 8643 
f 8575 8574 8643 8644 
f 8576 8575 8644 8645 
f 8577 8576 8645 8646 
f 8578 8577 8646 8647 
f 8579 8578 8647 8648 
f 8580 8579 8648 8649 
f 9019 8580 8649 9234 
f 8586 8588 8684 8632 
f 8596 8631 8614 8597 
f 8597 8614 8615 8598 
f 8598 8615 8616 8599 
f 8599 8616 8617 8600 
f 8600 8617 8618 8601 
f 8601 8618 8619 8602 
f 8602 8619 8620 8603 
f 8603 8620 8621 8604 
f 8604 8621 8622 8605 
f 8605 8622 8623 8606 
f 8606 8623 8624 8607 
f 8607 8624 8625 8608 
f 8608 8625 8626 8609 
f 8609 8626 8627 8610 
f 8610 8627 8628 8611 
f 8611 8628 8629 8612 
f 8612 8629 8630 8613 
f 8613 8630 9020 9021 
f 8672 8677 8631 8596 
f 8631 8470 8436 8614 
f 8614 8436 8438 8615 
f 8615 8438 8440 8616 
f 8616 8440 8468 8617 
f 8617 8468 8442 8618 
f 8618 8442 8466 8619 
f 8619 8466 8444 8620 
f 8620 8444 8464 8621 
f 8621 8464 8446 8622 
f 8622 8446 8462 8623 
f 8623 8462 8448 8624 
f 8624 8448 8460 8625 
f 8625 8460 8450 8626 
f 8626 8450 8456 8627 
f 8627 8456 8458 8628 
f 8628 8458 8452 8629 
f 8629 8452 8454 8630 
f 8630 8454 9016 9020 
f 8632 8596 8597 8633 
f 8633 8597 8598 8634 
f 8634 8598 8599 8635 
f 8635 8599 8600 8636 
f 8636 8600 8601 8637 
f 8637 8601 8602 8638 
f 8638 8602 8603 8639 
f 8639 8603 8604 8640 
f 8640 8604 8605 8641 
f 8641 8605 8606 8642 
f 8642 8606 8607 8643 
f 8643 8607 8608 8644 
f 8644 8608 8609 8645 
f 8645 8609 8610 8646 
f 8646 8610 8611 8647 
f 8647 8611 8612 8648 
f 8648 8612 8613 8649 
f 8649 8613 9021 9234 
f 8684 8672 8596 8632 
f 8555 8552 8812 8814 
f 8552 8553 8818 8812 
f 8581 9018 9022 8820 
f 8553 8582 8824 8818 
f 8556 8555 8814 8826 
f 8557 8556 8826 8829 
f 8558 8557 8829 8832 
f 8559 8558 8832 8835 
f 8583 8559 8835 8838 
f 8560 8583 8838 8841 
f 8561 8560 8841 8844 
f 8562 8561 8844 8847 
f 8563 8562 8847 8850 
f 8564 8563 8850 8853 
f 8565 8564 8853 8856 
f 8582 8581 8820 8824 
f 8585 8565 8856 8859 
f 8587 8585 8859 8862 
f 8589 8587 8862 8865 
f 8591 9030 9031 8868 
f 8593 8591 8868 8871 
f 8595 8593 8871 8874 
f 9319 8595 8874 9320 
f 8588 9029 9032 8684 
f 8590 8592 8682 8681 
f 8592 8594 8683 8682 
f 8594 9215 9325 8683 
f 8673 8678 9033 9034 
f 8674 8679 8678 8673 
f 8675 8680 8679 8674 
f 8676 9334 8680 8675 
f 8678 8952 8954 9033 
f 8679 8958 8952 8678 
f 8680 8961 8958 8679 
f 9334 9339 8961 8680 
f 8681 8673 9034 9032 
f 8682 8674 8673 8681 
f 8683 8675 8674 8682 
f 9325 8676 8675 8683 
f 8677 9007 9008 
f 8432 8430 8972 8975 
f 8531 8432 8975 8978 
f 8533 8531 8978 8981 
f 8535 8533 8981 8984 
f 8537 8535 8984 8987 
f 8540 8537 8987 8990 
f 8543 8539 8994 8996 
f 8539 8540 8990 8994 
f 8795 8543 8996 8999 
f 8700 8752 8730 8685 
f 8686 8708 9023 9357 
f 8686 8738 8739 8687 
f 8687 8739 8740 8688 
f 8688 8740 8741 8689 
f 8689 8741 8742 8690 
f 8690 8742 8743 8691 
f 8691 8743 8744 8692 
f 8692 8744 8745 8693 
f 8693 8745 8746 8694 
f 8694 8746 8747 8695 
f 8695 8747 8748 8696 
f 8696 8748 8749 8697 
f 8697 8749 8750 8698 
f 8698 8750 8751 8699 
f 8699 8751 8752 8700 
f 8685 8730 8731 8701 
f 8701 8731 8732 8702 
f 8702 8732 8733 8703 
f 8703 8733 9035 9036 
f 8704 8734 8735 8705 
f 8705 8735 8736 8706 
f 8706 8736 8737 8707 
f 8722 8700 8685 8723 
f 8708 8686 8687 8709 
f 8709 8687 8688 8710 
f 8710 8688 8689 8711 
f 8711 8689 8690 8712 
f 8712 8690 8691 8713 
f 8713 8691 8692 8714 
f 8714 8692 8693 8715 
f 8715 8693 8694 8716 
f 8716 8694 8695 8717 
f 8717 8695 8696 8718 
f 8718 8696 8697 8719 
f 8719 8697 8698 8720 
f 8720 8698 8699 8721 
f 8721 8699 8700 8722 
f 8723 8685 8701 8724 
f 8724 8701 8702 8725 
f 8725 8702 8703 8726 
f 8726 8703 9036 9028 
f 8727 8704 8705 8728 
f 8728 8705 8706 8729 
f 8729 8706 8707 9214 
f 8708 8580 9019 9023 
f 8738 8686 9357 9017 
f 8752 8564 8565 8730 
f 8738 8581 8582 8739 
f 8739 8582 8553 8740 
f 8740 8553 8552 8741 
f 8741 8552 8555 8742 
f 8742 8555 8556 8743 
f 8743 8556 8557 8744 
f 8744 8557 8558 8745 
f 8745 8558 8559 8746 
f 8746 8559 8583 8747 
f 8747 8583 8560 8748 
f 8748 8560 8561 8749 
f 8749 8561 8562 8750 
f 8750 8562 8563 8751 
f 8751 8563 8564 8752 
f 8730 8565 8585 8731 
f 8731 8585 8587 8732 
f 8732 8587 8589 8733 
f 8733 8589 9030 9035 
f 8734 8591 8593 8735 
f 8735 8593 8595 8736 
f 8736 8595 9319 8737 
f 8433 8431 8878 8880 
f 8434 8433 8880 8883 
f 8471 8434 8883 8886 
f 8439 8437 8890 8892 
f 8441 8439 8892 8895 
f 8469 8441 8895 8898 
f 8467 8443 8902 8904 
f 8465 8445 8908 8910 
f 8463 8447 8914 8916 
f 8461 8449 8920 8922 
f 8457 8451 8926 8928 
f 8455 8453 8932 8934 
f 9013 8455 8934 9024 
f 8459 8457 8928 8937 
f 8453 8459 8937 8932 
f 8451 8461 8922 8926 
f 8449 8463 8916 8920 
f 8447 8465 8910 8914 
f 8445 8467 8904 8908 
f 8443 8469 8898 8902 
f 8437 8471 8886 8890 
f 8431 8530 8941 8878 
f 8542 8800 8804 
f 8541 8538 8804 
f 8536 8541 8804 
f 8538 8542 8804 
f 8534 8536 8804 8943 
f 8532 8534 8943 8946 
f 8530 8532 8946 8941 
s 2
f 8798 8794 8808 
f 8801 8798 8808 
f 8794 9001 9004 8808 
f 8801 8808 8948 
s 4
f 8955 8951 8778 8777 
f 8951 8957 8779 8778 
f 8957 8960 8780 8779 
f 8960 9438 8781 8780 
f 8964 8955 8777 8782 
f 8966 8964 8782 8783 
f 8968 8966 8783 8784 
f 8970 8968 8784 8785 
f 8973 8970 8785 8786 
f 8976 8973 8786 8787 
f 8979 8976 8787 8788 
f 8982 8979 8788 8789 
f 8985 8982 8789 8790 
f 8988 8985 9012 
f 9003 8997 8993 
f 8988 9012 9003 8991 
f 9003 8993 8991 
f 9003 9011 8997 
s 2
f 8811 8650 8652 8815 
f 8817 8651 8650 8811 
f 9470 9025 8663 8821 
f 8823 8664 8651 8817 
f 8815 8652 8653 8827 
f 8827 8653 8654 8830 
f 8830 8654 8655 8833 
f 8833 8655 8656 8836 
f 8836 8656 8665 8839 
f 8839 8665 8657 8842 
f 8842 8657 8658 8845 
f 8845 8658 8659 8848 
f 8848 8659 8660 8851 
f 8851 8660 8661 8854 
f 8854 8661 8662 8857 
f 8821 8663 8664 8823 
f 8857 8662 8666 8860 
f 8860 8666 8667 8863 
f 8863 8667 8668 8866 
f 8866 8668 9037 9038 
f 8869 8669 8670 8872 
f 8872 8670 8671 8875 
f 8875 8671 9511 9512 
s 4
f 8877 8773 8753 8881 
f 8881 8753 8754 8884 
f 8884 8754 8772 8887 
f 8889 8755 8756 8893 
f 8893 8756 8757 8896 
f 8896 8757 8771 8899 
f 8901 8758 8770 8905 
f 8907 8759 8769 8911 
f 8913 8760 8768 8917 
f 8919 8761 8767 8923 
f 8925 8762 8765 8929 
f 8931 8763 8764 8935 
f 8935 8764 9026 9027 
f 8929 8765 8766 8938 
f 8938 8766 8763 8931 
f 8923 8767 8762 8925 
f 8917 8768 8761 8919 
f 8911 8769 8760 8913 
f 8905 8770 8759 8907 
f 8899 8771 8758 8901 
f 8887 8772 8755 8889 
f 8940 8774 8773 8877 
f 8949 8809 8776 8944 
f 8944 8776 8775 8947 
f 8947 8775 8774 8940 
s 2
f 8948 8806 8802 8803 
s 4
f 8949 8805 8802 8806 
s 1
f 8797 8795 8793 8796 
f 8800 8797 8796 8799 
f 8814 8812 8810 8813 
f 8812 8818 8816 8810 
f 8820 9022 9573 8819 
f 8818 8824 8822 8816 
f 8826 8814 8813 8825 
f 8829 8826 8825 8828 
f 8832 8829 8828 8831 
f 8835 8832 8831 8834 
f 8838 8835 8834 8837 
f 8841 8838 8837 8840 
f 8844 8841 8840 8843 
f 8847 8844 8843 8846 
f 8850 8847 8846 8849 
f 8853 8850 8849 8852 
f 8856 8853 8852 8855 
f 8824 8820 8819 8822 
f 8859 8856 8855 8858 
f 8862 8859 8858 8861 
f 8865 8862 8861 8864 
f 8868 9031 9039 8867 
f 8871 8868 8867 8870 
f 8874 8871 8870 8873 
f 9320 8874 8873 9594 
f 8795 8999 9006 8793 
f 8880 8878 8876 8879 
f 8883 8880 8879 8882 
f 8886 8883 8882 8885 
f 8892 8890 8888 8891 
f 8895 8892 8891 8894 
f 8898 8895 8894 8897 
f 8904 8902 8900 8903 
f 8910 8908 8906 8909 
f 8916 8914 8912 8915 
f 8922 8920 8918 8921 
f 8928 8926 8924 8927 
f 8934 8932 8930 8933 
f 9024 8934 8933 9616 
f 8937 8928 8927 8936 
f 8932 8937 8936 8930 
f 8926 8922 8921 8924 
f 8920 8916 8915 8918 
f 8914 8910 8909 8912 
f 8908 8904 8903 8906 
f 8902 8898 8897 8900 
f 8890 8886 8885 8888 
f 8878 8941 8939 8876 
f 8804 8800 8799 8803 
f 8943 8804 8805 8942 
f 8946 8943 8942 8945 
f 8941 8946 8945 8939 
s 2
f 8794 8798 8796 8793 
f 8798 8801 8799 8796 
f 9001 8794 8793 9006 
f 8948 8808 8807 8806 
f 8801 8948 8803 8799 
f 8811 8815 8813 8810 
f 8817 8811 8810 8816 
f 9470 8821 8819 9573 
f 8823 8817 8816 8822 
f 8815 8827 8825 8813 
f 8827 8830 8828 8825 
f 8830 8833 8831 8828 
f 8833 8836 8834 8831 
f 8836 8839 8837 8834 
f 8839 8842 8840 8837 
f 8842 8845 8843 8840 
f 8845 8848 8846 8843 
f 8848 8851 8849 8846 
f 8851 8854 8852 8849 
f 8854 8857 8855 8852 
f 8821 8823 8822 8819 
f 8857 8860 8858 8855 
f 8860 8863 8861 8858 
f 8863 8866 8864 8861 
f 8866 9038 9039 8864 
f 8869 8872 8870 8867 
f 8872 8875 8873 8870 
f 8875 9512 9594 8873 
s 4
f 8877 8881 8879 8876 
f 8881 8884 8882 8879 
f 8884 8887 8885 8882 
f 8889 8893 8891 8888 
f 8893 8896 8894 8891 
f 8896 8899 8897 8894 
f 8901 8905 8903 8900 
f 8907 8911 8909 8906 
f 8913 8917 8915 8912 
f 8919 8923 8921 8918 
f 8925 8929 8927 8924 
f 8931 8935 8933 8930 
f 8935 9027 9616 8933 
f 8929 8938 8936 8927 
f 8938 8931 8930 8936 
f 8923 8925 8924 8921 
f 8917 8919 8918 8915 
f 8911 8913 8912 8909 
f 8905 8907 8906 8903 
f 8899 8901 8900 8897 
f 8887 8889 8888 8885 
f 8940 8877 8876 8939 
f 8809 8949 8806 8807 
f 8949 8944 8942 8805 
f 8944 8947 8945 8942 
f 8947 8940 8939 8945 
s 1
f 8804 8802 8805 
f 8804 8803 8802 
f 8954 8952 8950 8953 
f 8952 8958 8956 8950 
f 8958 8961 8959 8956 
f 8961 9339 8962 8959 
f 9007 8954 8953 8963 
f 9008 9007 8963 8965 
f 9009 9008 8965 8967 
f 9010 9009 8967 8969 
f 8972 9010 8969 8971 
f 8975 8972 8971 8974 
f 8978 8975 8974 8977 
f 8981 8978 8977 8980 
f 8984 8981 8980 8983 
f 8987 8984 8983 8986 
f 8990 8987 8986 8989 
f 8996 8994 8992 8995 
f 8994 8990 8989 8992 
f 8999 8996 8995 8998 
s 2
f 9004 9001 9000 9002 
s 4
f 8951 8955 8953 8950 
f 8957 8951 8950 8956 
f 8960 8957 8956 8959 
f 9438 8960 8959 8962 
f 8955 8964 8963 8953 
f 8964 8966 8965 8963 
f 8966 8968 8967 8965 
f 8968 8970 8969 8967 
f 8970 8973 8971 8969 
f 8973 8976 8974 8971 
f 8976 8979 8977 8974 
f 8979 8982 8980 8977 
f 8982 8985 8983 8980 
f 8985 8988 8986 8983 
f 8993 8997 8995 8992 
f 8988 8991 8989 8986 
f 8991 8993 8992 8989 
f 9011 9003 9002 9000 
f 9011 9000 9005 8998 
f 8997 9011 8998 8995 
s 1
f 9006 8999 8998 9005 
s 2
f 9001 9006 9005 9000 
s 4
f 9012 8792 9002 9003 
f 9012 8791 8792 
f 8985 8790 8791 9012 
s 1
f 8677 8435 8470 8631 
f 9008 9009 8435 8677 
f 9010 8972 8430 8435 
s 2
f 9004 8807 8808 
s 1
f 9009 9010 8435 
f 8430 8472 8473 8492 
f 8433 8434 8511 
f 9028 8727 8590 9029 
f 9030 8589 8865 9031 
f 9029 8590 8681 9032 
f 9033 8677 8672 9034 
f 9034 8672 8684 9032 
f 9035 8734 8704 9036 
f 9036 8704 8727 9028 
f 9030 8591 8734 9035 
s 2
f 9037 8669 8869 9038 
s 1
f 9031 8865 8864 9039 
s 2
f 9038 8869 8867 9039 
s 1
f 8954 9007 8677 9033 
f 9040 9043 9042 9041 
f 9044 9046 9045 
f 9044 9048 9047 9046 
f 9049 9052 9051 9050 
f 9052 9054 9053 9051 
f 9054 9056 9055 9053 
f 9057 9060 9059 9058 
f 9061 9064 9063 9062 
f 9065 9068 9067 9066 
f 9069 9072 9071 9070 
f 9073 9076 9075 9074 
f 9077 9080 9079 9078 
f 9081 9082 9014 9013 
f 9083 9086 9085 9084 
f 9084 9085 9088 9087 
f 9089 9092 9091 9090 
f 9093 9096 9095 9094 
f 9097 9100 9099 9098 
f 9101 9104 9103 9102 
f 9105 9108 9107 9106 
f 9109 9112 9111 9110 
f 9041 9114 9113 9040 
f 9114 9115 9112 9113 
f 9116 9118 9117 9111 
f 9118 9120 9119 9117 
f 9120 9121 9108 9119 
f 9122 9123 9104 9107 
f 9124 9125 9100 9103 
f 9126 9127 9096 9099 
f 9128 9129 9092 9095 
f 9130 9131 9086 9091 
f 9132 9133 9082 9088 
f 9015 9133 9079 9134 
f 9135 9131 9075 9136 
f 9132 9135 9136 9078 
f 9130 9129 9071 9074 
f 9128 9127 9067 9070 
f 9126 9125 9063 9066 
f 9124 9123 9059 9062 
f 9122 9121 9055 9058 
f 9116 9115 9047 9050 
f 9046 9047 9115 9114 
f 9050 9051 9118 9116 
f 9051 9053 9120 9118 
f 9053 9055 9121 9120 
f 9058 9059 9123 9122 
f 9062 9063 9125 9124 
f 9066 9067 9127 9126 
f 9070 9071 9129 9128 
f 9074 9075 9131 9130 
f 9078 9079 9133 9132 
f 9134 9079 9080 9016 
f 9136 9075 9076 9137 
f 9078 9136 9137 9077 
f 9074 9071 9072 9073 
f 9070 9067 9068 9069 
f 9066 9063 9064 9065 
f 9062 9059 9060 9061 
f 9058 9055 9056 9057 
f 9050 9047 9048 9049 
f 9014 9082 9133 9015 
f 9085 9086 9131 9135 
f 9088 9085 9135 9132 
f 9091 9092 9129 9130 
f 9095 9096 9127 9128 
f 9099 9100 9125 9126 
f 9103 9104 9123 9124 
f 9107 9108 9121 9122 
f 9111 9112 9115 9116 
f 9113 9112 9109 9138 
f 9111 9117 9139 9110 
f 9117 9119 9140 9139 
f 9119 9108 9105 9140 
f 9107 9104 9101 9106 
f 9103 9100 9097 9102 
f 9099 9096 9093 9098 
f 9095 9092 9089 9094 
f 9091 9086 9083 9090 
f 9088 9082 9081 9087 
f 9043 9142 9141 9042 
f 9142 9144 9143 9141 
f 9144 9146 9145 9143 
f 9146 9148 9147 9145 
f 9148 9150 9149 9147 
f 9151 9154 9153 9152 
f 9155 9149 9154 9151 
f 9152 9153 9157 9156 
f 9042 9141 9159 9158 
f 9141 9143 9160 9159 
f 9143 9145 9161 9160 
f 9145 9147 9162 9161 
f 9147 9149 9155 9162 
f 9153 9154 9164 9163 
f 9154 9149 9150 9164 
f 9157 9153 9163 9165 
f 9041 9042 9158 9045 
f 9166 9169 9168 9167 
f 9170 9018 9017 9171 
f 9172 9175 9174 9173 
f 9176 9177 9175 9172 
f 9178 9179 9177 9176 
f 9180 9181 9179 9178 
f 9182 9183 9181 9180 
f 9184 9185 9183 9182 
f 9186 9187 9185 9184 
f 9188 9189 9187 9186 
f 9190 9191 9189 9188 
f 9192 9193 9191 9190 
f 9194 9195 9193 9192 
f 9196 9197 9195 9194 
f 9198 9199 9197 9196 
f 9167 9168 9199 9198 
f 9166 9201 9200 9169 
f 9201 9203 9202 9200 
f 9203 9205 9204 9202 
f 9205 9207 9206 9204 
f 9208 9211 9210 9209 
f 9211 9213 9212 9210 
f 9213 9215 9214 9212 
f 9201 9217 9216 9203 
f 9166 9218 9217 9201 
f 9167 9219 9218 9166 
f 9198 9220 9219 9167 
f 9196 9221 9220 9198 
f 9194 9222 9221 9196 
f 9192 9223 9222 9194 
f 9190 9224 9223 9192 
f 9188 9225 9224 9190 
f 9186 9226 9225 9188 
f 9184 9227 9226 9186 
f 9182 9228 9227 9184 
f 9180 9229 9228 9182 
f 9178 9230 9229 9180 
f 9176 9231 9230 9178 
f 9172 9232 9231 9176 
f 9173 9233 9232 9172 
f 9019 9234 9233 9173 
f 9203 9216 9235 9205 
f 9236 9239 9238 9237 
f 9239 9241 9240 9238 
f 9241 9243 9242 9240 
f 9243 9245 9244 9242 
f 9245 9247 9246 9244 
f 9247 9249 9248 9246 
f 9249 9251 9250 9248 
f 9251 9253 9252 9250 
f 9253 9255 9254 9252 
f 9255 9257 9256 9254 
f 9257 9259 9258 9256 
f 9259 9261 9260 9258 
f 9261 9263 9262 9260 
f 9263 9265 9264 9262 
f 9265 9267 9266 9264 
f 9267 9269 9268 9266 
f 9269 9271 9270 9268 
f 9271 9021 9020 9270 
f 9272 9236 9237 9273 
f 9237 9238 9049 9048 
f 9238 9240 9052 9049 
f 9240 9242 9054 9052 
f 9242 9244 9056 9054 
f 9244 9246 9057 9056 
f 9246 9248 9060 9057 
f 9248 9250 9061 9060 
f 9250 9252 9064 9061 
f 9252 9254 9065 9064 
f 9254 9256 9068 9065 
f 9256 9258 9069 9068 
f 9258 9260 9072 9069 
f 9260 9262 9073 9072 
f 9262 9264 9076 9073 
f 9264 9266 9137 9076 
f 9266 9268 9077 9137 
f 9268 9270 9080 9077 
f 9270 9020 9016 9080 
f 9216 9217 9239 9236 
f 9217 9218 9241 9239 
f 9218 9219 9243 9241 
f 9219 9220 9245 9243 
f 9220 9221 9247 9245 
f 9221 9222 9249 9247 
f 9222 9223 9251 9249 
f 9223 9224 9253 9251 
f 9224 9225 9255 9253 
f 9225 9226 9257 9255 
f 9226 9227 9259 9257 
f 9227 9228 9261 9259 
f 9228 9229 9263 9261 
f 9229 9230 9265 9263 
f 9230 9231 9267 9265 
f 9231 9232 9269 9267 
f 9232 9233 9271 9269 
f 9233 9234 9021 9271 
f 9235 9216 9236 9272 
f 9274 9277 9276 9275 
f 9275 9276 9279 9278 
f 9170 9280 9022 9018 
f 9278 9279 9282 9281 
f 9283 9284 9277 9274 
f 9285 9286 9284 9283 
f 9287 9288 9286 9285 
f 9289 9290 9288 9287 
f 9291 9292 9290 9289 
f 9293 9294 9292 9291 
f 9295 9296 9294 9293 
f 9297 9298 9296 9295 
f 9299 9300 9298 9297 
f 9301 9302 9300 9299 
f 9303 9304 9302 9301 
f 9281 9282 9280 9170 
f 9305 9306 9304 9303 
f 9307 9308 9306 9305 
f 9309 9310 9308 9307 
f 9311 9314 9313 9312 
f 9315 9316 9314 9311 
f 9317 9318 9316 9315 
f 9319 9320 9318 9317 
f 9205 9235 9321 9207 
f 9208 9323 9322 9211 
f 9211 9322 9324 9213 
f 9213 9324 9325 9215 
f 9326 9329 9328 9327 
f 9330 9326 9327 9331 
f 9332 9330 9331 9333 
f 8676 9332 9333 9334 
f 9327 9328 9336 9335 
f 9331 9327 9335 9337 
f 9333 9331 9337 9338 
f 9334 9333 9338 9339 
f 9323 9321 9329 9326 
f 9322 9323 9326 9330 
f 9324 9322 9330 9332 
f 9325 9324 9332 8676 
f 9273 9341 9340 
f 9158 9343 9342 9045 
f 9159 9344 9343 9158 
f 9160 9345 9344 9159 
f 9161 9346 9345 9160 
f 9162 9347 9346 9161 
f 9155 9348 9347 9162 
f 9152 9350 9349 9151 
f 9151 9349 9348 9155 
f 9156 9351 9350 9152 
f 9352 9355 9354 9353 
f 9356 9357 9023 9174 
f 9356 9359 9358 9171 
f 9359 9361 9360 9358 
f 9361 9363 9362 9360 
f 9363 9365 9364 9362 
f 9365 9367 9366 9364 
f 9367 9369 9368 9366 
f 9369 9371 9370 9368 
f 9371 9373 9372 9370 
f 9373 9375 9374 9372 
f 9375 9377 9376 9374 
f 9377 9379 9378 9376 
f 9379 9381 9380 9378 
f 9381 9383 9382 9380 
f 9383 9352 9353 9382 
f 9355 9385 9384 9354 
f 9385 9387 9386 9384 
f 9387 9389 9388 9386 
f 9389 9391 9390 9388 
f 9392 9395 9394 9393 
f 9395 9397 9396 9394 
f 9397 8707 8737 9396 
f 9168 9169 9355 9352 
f 9174 9175 9359 9356 
f 9175 9177 9361 9359 
f 9177 9179 9363 9361 
f 9179 9181 9365 9363 
f 9181 9183 9367 9365 
f 9183 9185 9369 9367 
f 9185 9187 9371 9369 
f 9187 9189 9373 9371 
f 9189 9191 9375 9373 
f 9191 9193 9377 9375 
f 9193 9195 9379 9377 
f 9195 9197 9381 9379 
f 9197 9199 9383 9381 
f 9199 9168 9352 9383 
f 9169 9200 9385 9355 
f 9200 9202 9387 9385 
f 9202 9204 9389 9387 
f 9204 9206 9391 9389 
f 9209 9210 9395 9392 
f 9210 9212 9397 9395 
f 9212 9214 8707 9397 
f 9174 9023 9019 9173 
f 9171 9017 9357 9356 
f 9353 9354 9303 9301 
f 9171 9358 9281 9170 
f 9358 9360 9278 9281 
f 9360 9362 9275 9278 
f 9362 9364 9274 9275 
f 9364 9366 9283 9274 
f 9366 9368 9285 9283 
f 9368 9370 9287 9285 
f 9370 9372 9289 9287 
f 9372 9374 9291 9289 
f 9374 9376 9293 9291 
f 9376 9378 9295 9293 
f 9378 9380 9297 9295 
f 9380 9382 9299 9297 
f 9382 9353 9301 9299 
f 9354 9384 9305 9303 
f 9384 9386 9307 9305 
f 9386 9388 9309 9307 
f 9388 9390 9312 9309 
f 9393 9394 9315 9311 
f 9394 9396 9317 9315 
f 9396 8737 9319 9317 
f 9040 9399 9398 9043 
f 9138 9400 9399 9040 
f 9109 9401 9400 9138 
f 9139 9403 9402 9110 
f 9140 9404 9403 9139 
f 9105 9405 9404 9140 
f 9101 9407 9406 9106 
f 9097 9409 9408 9102 
f 9093 9411 9410 9098 
f 9089 9413 9412 9094 
f 9083 9415 9414 9090 
f 9081 9417 9416 9087 
f 9013 9024 9417 9081 
f 9084 9418 9415 9083 
f 9087 9416 9418 9084 
f 9090 9414 9413 9089 
f 9094 9412 9411 9093 
f 9098 9410 9409 9097 
f 9102 9408 9407 9101 
f 9106 9406 9405 9105 
f 9110 9402 9401 9109 
f 9043 9398 9419 9142 
f 9163 9420 9165 
f 9150 9420 9164 
f 9148 9420 9150 
f 9164 9420 9163 
f 9146 9421 9420 9148 
f 9144 9422 9421 9146 
f 9142 9419 9422 9144 
s 2
f 9423 9425 9424 
f 9426 9425 9423 
f 9424 9425 9428 9427 
f 9426 9429 9425 
s 4
f 9430 9433 9432 9431 
f 9431 9432 9435 9434 
f 9434 9435 9437 9436 
f 9436 9437 8781 9438 
f 9439 9440 9433 9430 
f 9441 9442 9440 9439 
f 9443 9444 9442 9441 
f 9445 9446 9444 9443 
f 9447 9448 9446 9445 
f 9449 9450 9448 9447 
f 9451 9452 9450 9449 
f 9453 9454 9452 9451 
f 9455 9456 9454 9453 
f 9457 9458 9455 
f 9459 9461 9460 
f 9457 9462 9459 9458 
f 9459 9462 9461 
f 9459 9460 9463 
s 2
f 9464 9467 9466 9465 
f 9468 9464 9465 9469 
f 9470 9472 9471 9025 
f 9473 9468 9469 9474 
f 9467 9476 9475 9466 
f 9476 9478 9477 9475 
f 9478 9480 9479 9477 
f 9480 9482 9481 9479 
f 9482 9484 9483 9481 
f 9484 9486 9485 9483 
f 9486 9488 9487 9485 
f 9488 9490 9489 9487 
f 9490 9492 9491 9489 
f 9492 9494 9493 9491 
f 9494 9496 9495 9493 
f 9472 9473 9474 9471 
f 9496 9498 9497 9495 
f 9498 9500 9499 9497 
f 9500 9502 9501 9499 
f 9502 9504 9503 9501 
f 9505 9508 9507 9506 
f 9508 9510 9509 9507 
f 9510 9512 9511 9509 
s 4
f 9513 9516 9515 9514 
f 9516 9518 9517 9515 
f 9518 9520 9519 9517 
f 9521 9524 9523 9522 
f 9524 9526 9525 9523 
f 9526 9528 9527 9525 
f 9529 9532 9531 9530 
f 9533 9536 9535 9534 
f 9537 9540 9539 9538 
f 9541 9544 9543 9542 
f 9545 9548 9547 9546 
f 9549 9552 9551 9550 
f 9552 9027 9026 9551 
f 9548 9554 9553 9547 
f 9554 9549 9550 9553 
f 9544 9545 9546 9543 
f 9540 9541 9542 9539 
f 9536 9537 9538 9535 
f 9532 9533 9534 9531 
f 9528 9529 9530 9527 
f 9520 9521 9522 9519 
f 9555 9513 9514 9556 
f 9557 9560 9559 9558 
f 9560 9562 9561 9559 
f 9562 9555 9556 9561 
s 2
f 9429 9565 9564 9563 
s 4
f 9557 9563 9564 9566 
s 1
f 9157 9568 9567 9156 
f 9165 9569 9568 9157 
f 9277 9571 9570 9276 
f 9276 9570 9572 9279 
f 9280 9574 9573 9022 
f 9279 9572 9575 9282 
f 9284 9576 9571 9277 
f 9286 9577 9576 9284 
f 9288 9578 9577 9286 
f 9290 9579 9578 9288 
f 9292 9580 9579 9290 
f 9294 9581 9580 9292 
f 9296 9582 9581 9294 
f 9298 9583 9582 9296 
f 9300 9584 9583 9298 
f 9302 9585 9584 9300 
f 9304 9586 9585 9302 
f 9282 9575 9574 9280 
f 9306 9587 9586 9304 
f 9308 9588 9587 9306 
f 9310 9589 9588 9308 
f 9314 9591 9590 9313 
f 9316 9592 9591 9314 
f 9318 9593 9592 9316 
f 9320 9594 9593 9318 
f 9156 9567 9595 9351 
f 9399 9597 9596 9398 
f 9400 9598 9597 9399 
f 9401 9599 9598 9400 
f 9403 9601 9600 9402 
f 9404 9602 9601 9403 
f 9405 9603 9602 9404 
f 9407 9605 9604 9406 
f 9409 9607 9606 9408 
f 9411 9609 9608 9410 
f 9413 9611 9610 9412 
f 9415 9613 9612 9414 
f 9417 9615 9614 9416 
f 9024 9616 9615 9417 
f 9418 9617 9613 9415 
f 9416 9614 9617 9418 
f 9414 9612 9611 9413 
f 9412 9610 9609 9411 
f 9410 9608 9607 9409 
f 9408 9606 9605 9407 
f 9406 9604 9603 9405 
f 9402 9600 9599 9401 
f 9398 9596 9618 9419 
f 9420 9565 9569 9165 
f 9421 9619 9566 9420 
f 9422 9620 9619 9421 
f 9419 9618 9620 9422 
s 2
f 9424 9567 9568 9423 
f 9423 9568 9569 9426 
f 9427 9595 9567 9424 
f 9429 9563 9621 9425 
f 9426 9569 9565 9429 
f 9464 9570 9571 9467 
f 9468 9572 9570 9464 
f 9470 9573 9574 9472 
f 9473 9575 9572 9468 
f 9467 9571 9576 9476 
f 9476 9576 9577 9478 
f 9478 9577 9578 9480 
f 9480 9578 9579 9482 
f 9482 9579 9580 9484 
f 9484 9580 9581 9486 
f 9486 9581 9582 9488 
f 9488 9582 9583 9490 
f 9490 9583 9584 9492 
f 9492 9584 9585 9494 
f 9494 9585 9586 9496 
f 9472 9574 9575 9473 
f 9496 9586 9587 9498 
f 9498 9587 9588 9500 
f 9500 9588 9589 9502 
f 9502 9589 9590 9504 
f 9505 9591 9592 9508 
f 9508 9592 9593 9510 
f 9510 9593 9594 9512 
s 4
f 9513 9596 9597 9516 
f 9516 9597 9598 9518 
f 9518 9598 9599 9520 
f 9521 9600 9601 9524 
f 9524 9601 9602 9526 
f 9526 9602 9603 9528 
f 9529 9604 9605 9532 
f 9533 9606 9607 9536 
f 9537 9608 9609 9540 
f 9541 9610 9611 9544 
f 9545 9612 9613 9548 
f 9549 9614 9615 9552 
f 9552 9615 9616 9027 
f 9548 9613 9617 9554 
f 9554 9617 9614 9549 
f 9544 9611 9612 9545 
f 9540 9609 9610 9541 
f 9536 9607 9608 9537 
f 9532 9605 9606 9533 
f 9528 9603 9604 9529 
f 9520 9599 9600 9521 
f 9555 9618 9596 9513 
f 9558 9621 9563 9557 
f 9557 9566 9619 9560 
f 9560 9619 9620 9562 
f 9562 9620 9618 9555 
s 1
f 9420 9566 9564 
f 9420 9564 9565 
f 9336 9623 9622 9335 
f 9335 9622 9624 9337 
f 9337 9624 9625 9338 
f 9338 9625 8962 9339 
f 9340 9626 9623 9336 
f 9341 9627 9626 9340 
f 9628 9629 9627 9341 
f 9630 9631 9629 9628 
f 9342 9632 9631 9630 
f 9343 9633 9632 9342 
f 9344 9634 9633 9343 
f 9345 9635 9634 9344 
f 9346 9636 9635 9345 
f 9347 9637 9636 9346 
f 9348 9638 9637 9347 
f 9350 9640 9639 9349 
f 9349 9639 9638 9348 
f 9351 9641 9640 9350 
s 2
f 9428 9643 9642 9427 
s 4
f 9431 9622 9623 9430 
f 9434 9624 9622 9431 
f 9436 9625 9624 9434 
f 9438 8962 9625 9436 
f 9430 9623 9626 9439 
f 9439 9626 9627 9441 
f 9441 9627 9629 9443 
f 9443 9629 9631 9445 
f 9445 9631 9632 9447 
f 9447 9632 9633 9449 
f 9449 9633 9634 9451 
f 9451 9634 9635 9453 
f 9453 9635 9636 9455 
f 9455 9636 9637 9457 
f 9461 9639 9640 9460 
f 9457 9637 9638 9462 
f 9462 9638 9639 9461 
f 9463 9642 9643 9459 
f 9463 9641 9644 9642 
f 9460 9640 9641 9463 
s 1
f 9595 9644 9641 9351 
s 2
f 9427 9642 9644 9595 
s 4
f 9458 9459 9643 9645 
f 9458 9645 9646 
f 9455 9458 9646 9456 
s 1
f 9273 9237 9048 9044 
f 9341 9273 9044 9628 
f 9630 9044 9045 9342 
s 2
f 9428 9425 9621 
s 1
f 9628 9044 9630 
f 9045 9046 9114 9041 
f 9040 9113 9138 
f 9206 9207 9208 9209 
f 9312 9313 9310 9309 
f 9207 9321 9323 9208 
f 9328 9329 9272 9273 
f 9329 9321 9235 9272 
f 9390 9391 9392 9393 
f 9391 9206 9209 9392 
f 9312 9390 9393 9311 
s 2
f 9503 9504 9505 9506 
s 1
f 9313 9590 9589 9310 
s 2
f 9504 9590 9591 9505 
s 1
f 9336 9328 9273 9340 
f 9694 9686 9692 
s 2
f 9648 9667 9695 9691 
f 9667 9670 9698 9695 
f 9670 9672 9701 9698 
f 9672 9671 9704 9701 
f 9671 9669 9707 9704 
f 9669 9668 9710 9707 
f 9668 9659 9713 9710 
f 9659 9663 9716 9713 
f 9663 9664 9719 9716 
f 9664 9665 9722 9719 
f 9665 9666 9725 9722 
f 9666 9662 9728 9725 
f 9662 9661 9731 9728 
f 9661 9660 9734 9731 
f 9660 9680 9737 9734 
f 9680 9683 9740 9737 
f 9683 9682 9743 9740 
f 9682 9681 9746 9743 
f 9681 9684 9749 9746 
f 9684 9679 9752 9749 
f 9679 9685 9755 9752 
f 9685 9658 9758 9755 
f 9658 9654 9761 9758 
f 9654 9655 9764 9761 
f 9655 9656 9767 9764 
f 9656 9657 9770 9767 
f 9657 9653 9773 9770 
f 9653 9675 9776 9773 
f 9675 9674 9779 9776 
f 9674 9676 9782 9779 
f 9676 9677 9785 9782 
f 9677 9678 9788 9785 
f 9678 9673 9791 9788 
f 9673 9652 9794 9791 
f 9652 9651 9797 9794 
f 9651 9647 9800 9797 
f 9647 9650 9803 9800 
f 9650 9649 9806 9803 
f 9649 9648 9691 9806 
s 1
f 9754 9689 9688 9796 
f 9751 9754 9796 9799 
f 9748 9751 9799 9802 
f 9745 9748 9802 
f 9742 9745 9802 9805 
f 9739 9742 9805 9692 
f 9736 9739 9692 
f 9694 9697 9686 
f 9709 9712 9687 9686 
f 9706 9709 9686 
f 9703 9706 9686 
f 9700 9703 9686 
f 9697 9700 9686 
f 9712 9715 9687 
f 9715 9718 9687 
f 9718 9721 9687 
f 9721 9724 9687 
f 9724 9727 9687 
f 9727 9730 9687 
f 9730 9733 9687 
f 9757 9760 9689 
f 9775 9778 9688 
f 9778 9781 9688 
f 9781 9784 9688 
f 9784 9787 9688 
f 9787 9790 9688 
f 9790 9793 9688 
f 9772 9775 9688 9689 
f 9769 9772 9689 
f 9766 9769 9689 
f 9763 9766 9689 
f 9760 9763 9689 
f 9736 9733 9732 9735 
f 9694 9692 9690 9693 
s 2
f 9691 9695 9693 9690 
f 9695 9698 9696 9693 
f 9698 9701 9699 9696 
f 9701 9704 9702 9699 
f 9704 9707 9705 9702 
f 9707 9710 9708 9705 
f 9710 9713 9711 9708 
f 9713 9716 9714 9711 
f 9716 9719 9717 9714 
f 9719 9722 9720 9717 
f 9722 9725 9723 9720 
f 9725 9728 9726 9723 
f 9728 9731 9729 9726 
f 9731 9734 9732 9729 
f 9734 9737 9735 9732 
f 9737 9740 9738 9735 
f 9740 9743 9741 9738 
f 9743 9746 9744 9741 
f 9746 9749 9747 9744 
f 9749 9752 9750 9747 
f 9752 9755 9753 9750 
f 9755 9758 9756 9753 
f 9758 9761 9759 9756 
f 9761 9764 9762 9759 
f 9764 9767 9765 9762 
f 9767 9770 9768 9765 
f 9770 9773 9771 9768 
f 9773 9776 9774 9771 
f 9776 9779 9777 9774 
f 9779 9782 9780 9777 
f 9782 9785 9783 9780 
f 9785 9788 9786 9783 
f 9788 9791 9789 9786 
f 9791 9794 9792 9789 
f 9794 9797 9795 9792 
f 9797 9800 9798 9795 
f 9800 9803 9801 9798 
f 9803 9806 9804 9801 
f 9806 9691 9690 9804 
s 1
f 9757 9754 9753 9756 
f 9796 9793 9792 9795 
f 9754 9751 9750 9753 
f 9799 9796 9795 9798 
f 9751 9748 9747 9750 
f 9802 9799 9798 9801 
f 9748 9745 9744 9747 
f 9745 9742 9741 9744 
f 9805 9802 9801 9804 
f 9742 9739 9738 9741 
f 9692 9805 9804 9690 
f 9739 9736 9735 9738 
f 9697 9694 9693 9696 
f 9712 9709 9708 9711 
f 9709 9706 9705 9708 
f 9706 9703 9702 9705 
f 9703 9700 9699 9702 
f 9700 9697 9696 9699 
f 9715 9712 9711 9714 
f 9718 9715 9714 9717 
f 9721 9718 9717 9720 
f 9724 9721 9720 9723 
f 9727 9724 9723 9726 
f 9730 9727 9726 9729 
f 9733 9730 9729 9732 
f 9760 9757 9756 9759 
f 9778 9775 9774 9777 
f 9781 9778 9777 9780 
f 9784 9781 9780 9783 
f 9787 9784 9783 9786 
f 9790 9787 9786 9789 
f 9793 9790 9789 9792 
f 9775 9772 9771 9774 
f 9772 9769 9768 9771 
f 9769 9766 9765 9768 
f 9766 9763 9762 9765 
f 9763 9760 9759 9762 
f 9754 9757 9689 
f 9688 9793 9796 
f 9687 9733 9736 
f 9686 9687 9736 9692 
f 9816 9815 9827 9823 
f 9813 9812 9824 9825 
f 9814 9813 9825 9826 
f 9815 9814 9826 9827 
f 9811 9824 9828 9817 
f 9828 9819 9818 9822 
f 9822 9821 9817 9828 
f 9821 9822 9818 9820 
f 9827 9807 9808 9823 
f 9824 9811 9810 9825 
f 9825 9810 9809 9826 
f 9826 9809 9807 9827 
f 9824 9812 9819 9828 
f 9823 9808 9829 9831 
f 9816 9823 9831 9830 
f 9875 9876 9878 9877 
f 9879 9880 9876 9875 
f 9881 9882 9880 9879 
f 9883 9884 9882 9881 
f 9872 9871 9884 9883 
f 9877 9878 9885 9886 
f 9832 9855 9852 9833 
f 9834 9853 9836 9835 
f 9837 9854 9853 9834 
f 9833 9852 9854 9837 
f 9838 9840 9839 9836 
f 9839 9843 9842 9841 
f 9843 9839 9840 9844 
f 9844 9845 9842 9843 
f 9871 9872 9873 9874 
f 9874 9873 9869 9870 
f 9836 9839 9841 9835 
f 9832 9851 9856 9855 
f 9855 9847 9846 9852 
f 9854 9849 9848 9853 
f 9852 9846 9849 9854 
f 9856 9850 9847 9855 
f 9853 9848 9838 9836 
f 9812 9813 9857 
f 9813 9814 9857 
f 9814 9815 9857 
f 9815 9816 9857 
f 9819 9812 9857 
f 9820 9818 9858 9859 
f 9818 9819 9857 9858 
f 9870 9869 9887 9888 
f 9816 9830 9857 
f 9831 9829 9860 9862 
f 9830 9831 9862 9861 
f 9832 9833 9863 
f 9834 9835 9863 
f 9837 9834 9863 
f 9833 9837 9863 
f 9841 9842 9864 9863 
f 9842 9845 9865 9864 
f 9835 9841 9863 
f 9856 9851 9867 9868 
f 9851 9832 9863 9867 
f 9886 9885 9889 9890 
f 9850 9856 9868 9866 
f 9830 9861 9857 
f 9876 9846 9847 9878 
f 9877 9808 9807 9875 
f 9880 9849 9846 9876 
f 9875 9807 9809 9879 
f 9882 9848 9849 9880 
f 9879 9809 9810 9881 
f 9884 9838 9848 9882 
f 9881 9810 9811 9883 
f 9871 9840 9838 9884 
f 9883 9811 9817 9872 
f 9878 9847 9850 9885 
f 9886 9829 9808 9877 
f 9872 9817 9821 9873 
f 9874 9844 9840 9871 
f 9873 9821 9820 9869 
f 9870 9845 9844 9874 
f 9869 9820 9859 9887 
f 9888 9865 9845 9870 
f 9885 9850 9866 9889 
f 9890 9860 9829 9886 
f 10166 10167 10158 10159 
f 10167 10166 10170 10171 
f 10690 10215 10213 10689 
f 10718 10719 10214 10213 
f 10719 10720 10214 
f 10174 10175 10171 10170 
f 10178 10179 10175 10174 
f 10806 10807 10712 10153 
f 10194 10195 10135 10134 
f 10191 10190 10139 10138 
f 10187 10186 10143 10142 
f 10183 10182 10147 10146 
f 10198 10199 10151 10150 
f 10586 10587 10588 10589 
f 10590 10591 10592 10593 
f 10594 10595 10596 10597 
f 10598 10599 10600 10601 
f 10602 10603 10604 10605 
f 10606 10607 10608 10609 
f 10610 10611 10612 10613 
f 10614 10615 10616 10617 
f 10618 10619 10620 10621 
f 10622 10623 10624 10625 
f 10625 10624 10626 10627 
f 10591 10590 10623 10622 
f 10587 10586 10628 10629 
f 10630 10631 10632 10633 
f 10633 10632 10629 10628 
f 10686 9936 10684 10682 
f 9920 10116 10115 9895 
f 9919 10108 10106 9894 
f 9923 10098 10097 9893 
f 9917 10090 10088 9892 
f 9926 10080 10079 9896 
f 9925 10072 10070 9897 
f 9929 10062 10061 9898 
f 9915 10054 10052 9891 
f 9932 9915 9891 9900 
f 9930 9932 9900 9901 
f 9934 9930 9901 9902 
f 9914 10126 10124 9903 
f 9940 9914 9903 9904 
f 9938 9940 9904 9905 
f 9942 9938 9905 9906 
f 9936 10686 10687 10565 
f 9933 10125 10127 9953 
f 9928 10053 10055 9951 
f 9922 10089 10091 9948 
f 9921 10107 10109 9947 
f 10117 10118 10950 10951 
f 9918 10099 10100 9946 
f 9927 10071 10073 9950 
f 9916 10081 10082 9945 
f 9924 10063 10064 9949 
f 9935 9931 9952 9954 
f 9931 9933 9953 9952 
f 9913 9935 9954 9944 
f 10783 10463 9955 10782 
f 9941 9937 9956 9958 
f 9937 9939 9957 9956 
f 9912 9941 9958 9943 
f 10634 10635 10636 10637 
f 10638 10639 10640 10641 
f 10642 10643 10644 10645 
f 10646 10647 10648 10649 
f 10650 10651 11004 11005 
f 10652 10653 10654 10655 
f 10656 10657 10658 10659 
f 10660 10661 10662 10663 
f 10664 10665 10666 10667 
f 10668 10669 10670 10671 
f 10637 10636 10669 10668 
f 10671 10670 10672 10673 
f 10782 9955 10777 10781 
f 10676 10677 10678 10679 
f 10675 10674 10677 10676 
f 10679 10678 10680 10681 
f 9969 10128 10130 10007 
f 9967 10056 10058 10005 
f 9964 10092 10094 10002 
f 9963 10110 10112 10001 
f 10119 10121 11056 11057 
f 9962 10101 10103 10000 
f 9966 10074 10076 10004 
f 9961 10083 10085 9999 
f 9965 10065 10067 10003 
f 9970 9968 10006 10008 
f 9968 9969 10007 10006 
f 9960 9970 10008 9998 
f 10777 9955 9996 10776 
f 9973 9971 10009 10011 
f 9971 9972 10010 10009 
f 9959 9973 10011 9997 
f 9975 9974 10012 10013 
f 9976 9975 10013 10014 
f 9972 9976 10014 10010 
f 9997 9978 10129 10130 
f 9998 9979 10057 10058 
f 9999 9980 10093 10094 
f 10000 9981 10111 10112 
f 10001 9982 10120 10121 
f 10002 9983 10102 10103 
f 10003 9984 10075 10076 
f 10004 9985 10084 10085 
f 10005 9986 10066 10067 
f 10006 9987 9989 10008 
f 10007 9988 9987 10006 
f 10008 9989 9979 9998 
f 9996 9977 10775 10776 
f 10009 9990 9992 10011 
f 10010 9991 9990 10009 
f 10011 9992 9978 9997 
f 10012 9993 9994 10013 
f 10013 9994 9995 10014 
f 10014 9995 9991 10010 
f 9988 10129 10131 10025 
f 9986 10057 10059 10023 
f 9983 10093 10095 10020 
f 9982 10111 10113 10019 
f 10120 10122 11134 11135 
f 9981 10102 10104 10018 
f 9985 10075 10077 10022 
f 9980 10084 10086 10017 
f 9984 10066 10068 10021 
f 9989 9987 10024 10026 
f 9987 9988 10025 10024 
f 9979 9989 10026 10016 
f 10775 9977 10462 10774 
f 9992 9990 10027 10029 
f 9990 9991 10028 10027 
f 9978 9992 10029 10015 
f 9994 9993 10030 10031 
f 9995 9994 10031 10032 
f 9991 9995 10032 10028 
f 10025 10131 10132 10044 
f 10023 10059 10060 10042 
f 10020 10095 10096 10039 
f 10019 10113 10114 10038 
f 10122 10123 11165 11134 
f 10018 10104 10105 10037 
f 10022 10077 10078 10041 
f 10017 10086 10087 10036 
f 10021 10068 10069 10040 
f 10026 10024 10043 10045 
f 10024 10025 10044 10043 
f 10016 10026 10045 10035 
f 10029 10027 10046 10048 
f 10027 10028 10047 10046 
f 10015 10029 10048 10034 
f 10031 10030 10049 10050 
f 10032 10031 10050 10051 
f 10028 10032 10051 10047 
f 10350 10483 10485 10335 
f 10342 10489 10491 10333 
f 10346 10495 10497 10330 
f 10348 10501 10503 10329 
f 10349 10507 11202 11203 
f 10347 10510 10512 10328 
f 10344 10516 10518 10332 
f 10345 10522 10524 10327 
f 10343 10528 10530 10331 
f 10334 10534 10536 10336 
f 10335 10485 10534 10334 
f 10336 10536 10539 10326 
f 10337 10543 10545 10339 
f 10338 10549 10543 10337 
f 10339 10545 10551 10325 
f 10050 10049 10371 10340 
f 10340 10354 10367 10341 
f 10341 10360 10549 10338 
f 10486 10482 10374 10376 
f 10492 10488 10380 10382 
f 10498 10494 10386 10388 
f 10504 10500 10392 10394 
f 10506 10398 11258 11259 
f 10513 10509 10401 10403 
f 10519 10515 10407 10409 
f 10525 10521 10413 10415 
f 10531 10527 10419 10421 
f 10537 10533 10425 10427 
f 10533 10486 10376 10425 
f 10540 10537 10427 10430 
f 10546 10542 10434 10436 
f 10542 10369 10439 10434 
f 10552 10546 10436 10441 
f 10722 10295 10296 11293 
f 10259 10260 10247 10248 
f 10279 10280 10251 10252 
f 10240 10239 10235 10236 
f 10244 10243 10239 10240 
f 10248 10247 10243 10244 
f 10271 10272 10232 10231 
f 10267 10268 10219 10220 
f 10263 10264 10223 10224 
f 10252 10251 10755 10756 
f 10276 10275 10256 10255 
f 10146 10147 10159 10158 
f 10621 10620 10593 10592 
f 10054 9929 9898 10052 
f 10053 9913 9944 10055 
f 10673 10672 10639 10638 
f 10056 9960 9998 10058 
f 10057 9986 10005 10058 
f 10057 9979 10016 10059 
f 10059 10016 10035 10060 
f 10326 10539 10489 10342 
f 10488 10540 10430 10380 
f 10142 10143 10182 10183 
f 10613 10612 10619 10618 
f 10062 9925 9897 10061 
f 10063 9928 9951 10064 
f 10641 10640 10665 10664 
f 10065 9967 10005 10067 
f 10066 9984 10003 10067 
f 10066 9986 10023 10068 
f 10068 10023 10042 10069 
f 10333 10491 10528 10343 
f 10527 10492 10382 10419 
f 10138 10139 10186 10187 
f 10617 10616 10611 10610 
f 10072 9926 9896 10070 
f 10071 9924 9949 10073 
f 10667 10666 10657 10656 
f 10074 9965 10003 10076 
f 10075 9985 10004 10076 
f 10075 9984 10021 10077 
f 10077 10021 10040 10078 
f 10331 10530 10516 10344 
f 10515 10531 10421 10407 
f 10134 10135 10190 10191 
f 10595 10594 10615 10614 
f 10080 9917 9892 10079 
f 10081 9927 9950 10082 
f 10659 10658 10661 10660 
f 10083 9966 10004 10085 
f 10084 9980 9999 10085 
f 10084 9985 10022 10086 
f 10086 10022 10041 10087 
f 10332 10518 10522 10345 
f 10521 10519 10409 10413 
f 10609 10608 10597 10596 
f 10090 9923 9893 10088 
f 10089 9916 9945 10091 
f 10663 10662 10643 10642 
f 10092 9961 9999 10094 
f 10093 9983 10002 10094 
f 10093 9980 10017 10095 
f 10095 10017 10036 10096 
f 10327 10524 10495 10346 
f 10494 10525 10415 10386 
f 10601 10600 10607 10606 
f 10098 9919 9894 10097 
f 10099 9922 9948 10100 
f 10645 10644 10653 10652 
f 10101 9964 10002 10103 
f 10102 9981 10000 10103 
f 10102 9983 10020 10104 
f 10104 10020 10039 10105 
f 10330 10497 10510 10347 
f 10509 10498 10388 10401 
f 10605 10604 10599 10598 
f 10108 9920 9895 10106 
f 10107 9918 9946 10109 
f 10655 10654 10647 10646 
f 10110 9962 10000 10112 
f 10111 9982 10001 10112 
f 10111 9981 10018 10113 
f 10113 10018 10037 10114 
f 10328 10512 10501 10348 
f 10500 10513 10403 10392 
f 11326 11327 10603 10602 
f 10116 11328 11329 10115 
f 10117 9921 9947 10118 
f 10649 10648 10651 10650 
f 10119 9963 10001 10121 
f 11135 11056 10121 10120 
f 10120 9982 10019 10122 
f 10122 10019 10038 10123 
f 10329 10503 10507 10349 
f 10506 10504 10394 10398 
f 10227 10228 10260 10259 
f 10228 10227 10264 10263 
f 10224 10223 10268 10267 
f 10220 10219 10272 10271 
f 10231 10232 10275 10276 
f 10154 10155 10162 10163 
f 10179 10178 10163 10162 
f 10627 10626 10589 10588 
f 10126 9934 9902 10124 
f 10125 9912 9943 10127 
f 10681 10680 10635 10634 
f 10128 9959 9997 10130 
f 10129 9988 10007 10130 
f 10129 9978 10015 10131 
f 10131 10015 10034 10132 
f 10325 10551 10483 10350 
f 10482 10552 10441 10374 
f 10236 10235 10280 10279 
f 10150 10151 10195 10194 
f 10255 10256 10284 10283 
f 10283 10284 10288 10287 
f 10287 10288 10292 10291 
f 10291 10292 10295 10294 
f 10202 10203 10199 10198 
f 10206 10207 10203 10202 
f 10209 10322 10207 10206 
f 10710 10711 10209 
f 10168 10696 10697 10157 
f 10167 10168 10157 10158 
f 10160 11356 11357 10165 
f 10159 10160 10165 10166 
f 10165 11357 11359 10169 
f 10166 10165 10169 10170 
f 10172 10695 10696 10168 
f 10171 10172 10168 10167 
f 10176 10694 10695 10172 
f 10175 10176 10172 10171 
f 10169 11359 11365 10173 
f 10170 10169 10173 10174 
f 10180 10693 10694 10176 
f 10179 10180 10176 10175 
f 10173 11365 11369 10177 
f 10174 10173 10177 10178 
f 10196 11372 11373 10136 
f 10195 10196 10136 10135 
f 10133 10704 10705 10193 
f 10134 10133 10193 10194 
f 10189 11380 11381 10140 
f 10190 10189 10140 10139 
f 10137 10702 10703 10192 
f 10138 10137 10192 10191 
f 10185 11388 11389 10144 
f 10186 10185 10144 10143 
f 10141 10700 10701 10188 
f 10142 10141 10188 10187 
f 10181 11396 11397 10148 
f 10182 10181 10148 10147 
f 10145 10698 10699 10184 
f 10146 10145 10184 10183 
f 10200 11404 11405 10152 
f 10199 10200 10152 10151 
f 10149 10706 10707 10197 
f 10150 10149 10197 10198 
f 10148 11397 11356 10160 
f 10147 10148 10160 10159 
f 10157 10697 10698 10145 
f 10158 10157 10145 10146 
f 10144 11389 11396 10181 
f 10143 10144 10181 10182 
f 10184 10699 10700 10141 
f 10183 10184 10141 10142 
f 10140 11381 11388 10185 
f 10139 10140 10185 10186 
f 10188 10701 10702 10137 
f 10187 10188 10137 10138 
f 10136 11373 11380 10189 
f 10135 10136 10189 10190 
f 10192 10703 10704 10133 
f 10191 10192 10133 10134 
f 10156 10691 10692 10161 
f 10155 10156 10161 10162 
f 10164 11416 10806 10153 
f 10163 10164 10153 10154 
f 10177 11369 11416 10164 
f 10178 10177 10164 10163 
f 10161 10692 10693 10180 
f 10162 10161 10180 10179 
f 10152 11405 11372 10196 
f 10151 10152 10196 10195 
f 10193 10705 10706 10149 
f 10194 10193 10149 10150 
f 10204 11418 11404 10200 
f 10203 10204 10200 10199 
f 10197 10707 10708 10201 
f 10198 10197 10201 10202 
f 10208 11422 11418 10204 
f 10207 10208 10204 10203 
f 10201 10708 10709 10205 
f 10202 10201 10205 10206 
f 10210 11426 11422 10208 
f 10206 10205 10710 10209 
f 10712 10713 10154 10153 
f 10713 10714 10155 10154 
f 10714 10715 10156 10155 
f 10215 10717 10718 10213 
f 10214 10721 10689 10213 
f 10215 10690 10691 10156 
f 10261 10736 10737 10246 
f 10260 10261 10246 10247 
f 10249 11437 11438 10258 
f 10248 10249 10258 10259 
f 10281 10741 10742 10250 
f 10280 10281 10553 10251 
f 10253 11446 11447 10278 
f 10252 10253 10278 10279 
f 10238 10739 10740 10234 
f 10239 10238 10234 10235 
f 10237 11454 11455 10241 
f 10236 10237 10241 10240 
f 10242 10738 10739 10238 
f 10243 10242 10238 10239 
f 10241 11455 11459 10245 
f 10240 10241 10245 10244 
f 10246 10737 10738 10242 
f 10247 10246 10242 10243 
f 10245 11459 11437 10249 
f 10244 10245 10249 10248 
f 10273 11462 11463 10233 
f 10272 10273 10233 10232 
f 10230 10729 10730 10270 
f 10231 10230 10270 10271 
f 10269 11470 11471 10218 
f 10268 10269 10218 10219 
f 10221 10731 10732 10266 
f 10220 10221 10266 10267 
f 10265 11478 11479 10222 
f 10264 10265 10222 10223 
f 10225 10733 10734 10262 
f 10224 10225 10262 10263 
f 10250 10742 10743 10306 
f 10757 11488 11446 10253 
f 10756 10757 10253 10252 
f 10274 11490 11491 10257 
f 10275 10274 10257 10256 
f 10254 10727 10728 10277 
f 10255 10254 10277 10276 
f 10229 10735 10736 10261 
f 10228 10229 10261 10260 
f 10258 11438 11499 10226 
f 10259 10258 10226 10227 
f 10226 11499 11478 10265 
f 10227 10226 10265 10264 
f 10262 10734 10735 10229 
f 10263 10262 10229 10228 
f 10222 11479 11470 10269 
f 10223 10222 10269 10268 
f 10266 10732 10733 10225 
f 10267 10266 10225 10224 
f 10218 11471 11462 10273 
f 10219 10218 10273 10272 
f 10270 10730 10731 10221 
f 10271 10270 10221 10220 
f 10233 11463 11490 10274 
f 10232 10233 10274 10275 
f 10277 10728 10729 10230 
f 10276 10277 10230 10231 
f 10234 10740 10741 10281 
f 10235 10234 10281 10280 
f 10278 11447 11454 10237 
f 10279 10278 10237 10236 
f 10257 11491 11501 10285 
f 10256 10257 10285 10284 
f 10282 10726 10727 10254 
f 10283 10282 10254 10255 
f 10285 11501 11505 10289 
f 10284 10285 10289 10288 
f 10286 10725 10726 10282 
f 10287 10286 10282 10283 
f 10289 11505 11509 10293 
f 10288 10289 10293 10292 
f 10290 10724 10725 10286 
f 10291 10290 10286 10287 
f 10293 11509 11513 10296 
f 10292 10293 10296 10295 
f 10294 10723 10290 10291 
f 10722 10723 10294 
f 10723 10724 10290 
f 10722 10294 10295 
f 10754 10251 10553 10753 
f 10754 10755 10251 
f 10298 10297 10465 10466 
f 10303 10298 10466 
f 10784 10785 10555 10300 
f 10305 10786 10302 10301 
f 10743 10744 10747 10306 
f 10748 10306 10747 
f 10301 10465 10467 10307 
f 10352 10370 10309 
f 10355 10352 10309 10310 
f 10357 10355 10310 10313 
f 10362 10359 10311 10308 
f 10364 10362 10308 10312 
f 10445 10366 10450 10443 
f 10366 10364 10312 10450 
f 10359 10357 10313 10311 
f 10745 10746 10747 10744 
f 10565 9908 10568 10576 
f 9908 9907 10569 10568 
f 9907 9909 10570 10569 
f 9911 9899 10571 10572 
f 9910 9911 10572 10573 
f 9909 9910 10573 10570 
f 10211 11568 11569 10574 
f 10212 10211 10574 10575 
f 9899 10212 10575 10571 
f 10205 10709 10710 
f 10711 10322 10209 
f 11573 11426 10210 
f 10322 10210 10208 10207 
f 10711 11573 10210 10322 
f 10216 10300 10556 10323 
f 10217 10216 10323 10324 
f 11579 10217 10324 11580 
f 11580 10324 10320 11582 
f 10556 10319 10321 10323 
f 10320 10324 10323 10321 
f 10250 10750 10751 
f 10250 10749 10750 
f 10250 10306 10748 10749 
f 10335 10044 10132 10350 
f 10333 10042 10060 10342 
f 10330 10039 10096 10346 
f 10329 10038 10114 10348 
f 11203 11165 10123 10349 
f 10328 10037 10105 10347 
f 10332 10041 10078 10344 
f 10327 10036 10087 10345 
f 10331 10040 10069 10343 
f 10336 10045 10043 10334 
f 10334 10043 10044 10335 
f 10326 10035 10045 10336 
f 10339 10048 10046 10337 
f 10337 10046 10047 10338 
f 10325 10034 10048 10339 
f 10341 10051 10050 10340 
f 10338 10047 10051 10341 
f 10342 10060 10035 10326 
f 10343 10069 10042 10333 
f 10344 10078 10040 10331 
f 10345 10087 10041 10332 
f 10346 10096 10036 10327 
f 10347 10105 10039 10330 
f 10348 10114 10037 10328 
f 10349 10123 10038 10329 
f 10350 10132 10034 10325 
f 10367 10354 10353 10356 
f 10360 10367 10356 10358 
f 10360 10358 10361 10547 
f 10368 10548 10361 10363 
f 10369 10368 10363 10365 
f 10439 10369 10365 10447 
f 10352 10355 10353 10351 
f 10355 10357 10356 10353 
f 10359 10362 10361 10358 
f 10362 10364 10363 10361 
f 10366 10445 10447 10365 
f 10364 10366 10365 10363 
f 10357 10359 10358 10356 
f 10354 10351 10353 
f 10371 10351 10354 10340 
f 10033 10370 10772 
f 10460 10033 10772 10773 
f 10462 10460 10773 10774 
f 10367 10360 10341 
f 10376 10374 10372 10375 
f 10382 10380 10378 10381 
f 10388 10386 10384 10387 
f 10394 10392 10390 10393 
f 11258 10398 10396 11612 
f 10403 10401 10399 10402 
f 10409 10407 10405 10408 
f 10415 10413 10411 10414 
f 10421 10419 10417 10420 
f 10427 10425 10423 10426 
f 10425 10376 10375 10423 
f 10430 10427 10426 10429 
f 10436 10434 10432 10435 
f 10434 10439 10438 10432 
f 10441 10436 10435 10440 
f 10397 11629 11612 10396 
f 10380 10430 10429 10378 
f 10419 10382 10381 10417 
f 10407 10421 10420 10405 
f 10413 10409 10408 10411 
f 10386 10415 10414 10384 
f 10401 10388 10387 10399 
f 10392 10403 10402 10390 
f 10398 10394 10393 10396 
f 10374 10441 10440 10372 
f 10431 10379 10378 10429 
f 10442 10373 10372 10440 
f 10377 10424 10423 10375 
f 10424 10428 10426 10423 
f 10428 10431 10429 10426 
f 10412 10416 10414 10411 
f 10406 10410 10408 10405 
f 10418 10422 10420 10417 
f 10437 10442 10440 10435 
f 10385 10389 10387 10384 
f 10379 10383 10381 10378 
f 10383 10418 10417 10381 
f 10422 10406 10405 10420 
f 10410 10412 10411 10408 
f 10416 10385 10384 10414 
f 10373 10377 10375 10372 
f 10389 10400 10399 10387 
f 10400 10404 10402 10399 
f 10404 10391 10390 10402 
f 10395 10397 10396 10393 
f 10391 10395 10393 10390 
f 10433 10437 10435 10432 
f 10445 10443 10449 10444 
f 10448 10438 10446 10444 
f 10584 10448 10444 10449 
f 10448 10433 10432 10438 
f 10439 10447 10446 10438 
f 10447 10445 10444 10446 
f 10307 10467 10579 10581 
f 10582 10578 10468 10456 
f 10309 10370 10476 10471 
f 10310 10309 10471 10472 
f 10313 10310 10472 10475 
f 10308 10311 10473 10470 
f 10312 10308 10470 10474 
f 10450 10312 10474 10468 
f 10311 10313 10475 10473 
f 10370 10033 10469 10476 
f 10451 10469 10477 10461 
f 10461 10477 10480 10464 
f 9996 9955 10463 10478 
f 9977 9996 10478 10479 
f 10462 9977 10479 10480 
f 10465 10301 10302 10466 
f 10466 10302 10303 
f 10465 10297 10314 10467 
f 10467 10314 10584 10579 
f 10578 10443 10450 10468 
f 10476 10459 10453 10471 
f 10471 10453 10454 10472 
f 10472 10454 10458 10475 
f 10473 10455 10452 10470 
f 10470 10452 10457 10474 
f 10474 10457 10456 10468 
f 10475 10458 10455 10473 
f 10469 10451 10459 10476 
f 10469 10033 10460 10477 
f 10477 10460 10462 10480 
f 10478 10567 10564 10479 
f 10479 10564 10464 10480 
f 10548 10547 10361 
f 10485 10483 10481 10484 
f 10491 10489 10487 10490 
f 10497 10495 10493 10496 
f 10503 10501 10499 10502 
f 11202 10507 10505 11697 
f 10512 10510 10508 10511 
f 10518 10516 10514 10517 
f 10524 10522 10520 10523 
f 10530 10528 10526 10529 
f 10536 10534 10532 10535 
f 10534 10485 10484 10532 
f 10539 10536 10535 10538 
f 10545 10543 10541 10544 
f 10543 10549 10547 10541 
f 10551 10545 10544 10550 
f 10482 10486 10484 10481 
f 10488 10492 10490 10487 
f 10494 10498 10496 10493 
f 10500 10504 10502 10499 
f 10506 11259 11697 10505 
f 10509 10513 10511 10508 
f 10515 10519 10517 10514 
f 10521 10525 10523 10520 
f 10527 10531 10529 10526 
f 10533 10537 10535 10532 
f 10486 10533 10532 10484 
f 10537 10540 10538 10535 
f 10542 10546 10544 10541 
f 10548 10542 10541 10547 
f 10546 10552 10550 10544 
f 10489 10539 10538 10487 
f 10540 10488 10487 10538 
f 10528 10491 10490 10526 
f 10492 10527 10526 10490 
f 10516 10530 10529 10514 
f 10531 10515 10514 10529 
f 10522 10518 10517 10520 
f 10519 10521 10520 10517 
f 10495 10524 10523 10493 
f 10525 10494 10493 10523 
f 10510 10497 10496 10508 
f 10498 10509 10508 10496 
f 10501 10512 10511 10499 
f 10513 10500 10499 10511 
f 10507 10503 10502 10505 
f 10504 10506 10505 10502 
f 10483 10551 10550 10481 
f 10552 10482 10481 10550 
f 10360 10547 10549 
f 10542 10548 10368 
f 10542 10368 10369 
f 10307 10581 10585 10315 
f 10553 10752 10753 
f 10787 10560 10555 10785 
f 10281 10250 10553 
f 10555 10560 10561 10558 
f 10300 10555 10558 10556 
f 10556 10558 10318 10319 
f 10786 10305 10560 10787 
f 10560 10305 10557 10561 
f 10553 10250 10751 10752 
f 10561 10557 10316 10317 
f 10318 10558 10561 10317 
f 10557 10305 10301 10307 
f 10316 10557 10307 10315 
f 9936 10565 10576 10566 
f 10683 10567 10563 10684 
f 10685 10564 10567 10683 
f 10684 10563 10688 10682 
f 10463 10563 10567 10478 
f 10771 10758 10770 
f 10568 10585 10562 10576 
f 10569 10315 10585 10568 
f 10570 10316 10315 10569 
f 10571 10319 10318 10572 
f 10572 10318 10317 10573 
f 10573 10317 10316 10570 
f 11569 11582 10320 10574 
f 10574 10320 10321 10575 
f 10575 10321 10319 10571 
f 10576 10562 10566 
f 10716 10717 10215 10156 
f 10715 10716 10156 
f 10581 10579 10577 10580 
f 10578 10582 10580 10577 
f 10579 10584 10583 10577 
f 10443 10578 10577 10583 
f 10585 10581 10580 
f 10582 10585 10580 
f 10587 9912 10125 10588 
f 10589 10126 9914 10586 
f 10591 9913 10053 10592 
f 10593 10054 9915 10590 
f 10595 9916 10089 10596 
f 10597 10090 9917 10594 
f 10599 10108 9919 10600 
f 10601 9918 10107 10598 
f 10603 10116 9920 10604 
f 10605 9921 10117 10602 
f 10607 10098 9923 10608 
f 10609 9922 10099 10606 
f 10611 10072 9925 10612 
f 10613 9924 10071 10610 
f 10615 10080 9926 10616 
f 10617 9927 10081 10614 
f 10619 10062 9929 10620 
f 10621 9928 10063 10618 
f 10623 9932 9930 10624 
f 10625 9931 9935 10622 
f 10624 9930 9934 10626 
f 10627 9933 9931 10625 
f 10590 9915 9932 10623 
f 10622 9935 9913 10591 
f 10586 9914 9940 10628 
f 10629 9941 9912 10587 
f 10631 9939 9937 10632 
f 10633 9938 9942 10630 
f 10632 9937 9941 10629 
f 10628 9940 9938 10633 
f 10620 9929 10054 10593 
f 10592 10053 9928 10621 
f 10612 9925 10062 10619 
f 10618 10063 9924 10613 
f 10616 9926 10072 10611 
f 10610 10071 9927 10617 
f 10594 9917 10080 10615 
f 10614 10081 9916 10595 
f 10608 9923 10090 10597 
f 10596 10089 9922 10609 
f 10600 9919 10098 10607 
f 10606 10099 9918 10601 
f 10604 9920 10108 10599 
f 10598 10107 9921 10605 
f 11327 11328 10116 10603 
f 10602 10117 10951 11326 
f 10626 9934 10126 10589 
f 10588 10125 9933 10627 
f 10635 10128 9969 10636 
f 10637 9953 10127 10634 
f 10639 10056 9967 10640 
f 10641 9951 10055 10638 
f 10643 10092 9964 10644 
f 10645 9948 10091 10642 
f 10647 10110 9963 10648 
f 10649 9947 10109 10646 
f 10651 10119 11057 11004 
f 11005 10950 10118 10650 
f 10653 10101 9962 10654 
f 10655 9946 10100 10652 
f 10657 10074 9966 10658 
f 10659 9950 10073 10656 
f 10661 10083 9961 10662 
f 10663 9945 10082 10660 
f 10665 10065 9965 10666 
f 10667 9949 10064 10664 
f 10669 9968 9970 10670 
f 10671 9954 9952 10668 
f 10636 9969 9968 10669 
f 10668 9952 9953 10637 
f 10670 9970 9960 10672 
f 10673 9944 9954 10671 
f 10677 9971 9973 10678 
f 10679 9958 9956 10676 
f 10674 9972 9971 10677 
f 10676 9956 9957 10675 
f 10678 9973 9959 10680 
f 10681 9943 9958 10679 
f 10672 9960 10056 10639 
f 10638 10055 9944 10673 
f 10640 9967 10065 10665 
f 10664 10064 9951 10641 
f 10666 9965 10074 10657 
f 10656 10073 9949 10667 
f 10658 9966 10083 10661 
f 10660 10082 9950 10659 
f 10662 9961 10092 10643 
f 10642 10091 9945 10663 
f 10644 9964 10101 10653 
f 10652 10100 9948 10645 
f 10654 9962 10110 10647 
f 10646 10109 9946 10655 
f 10648 9963 10119 10651 
f 10650 10118 9947 10649 
f 10680 9959 10128 10635 
f 10634 10127 9943 10681 
f 10684 9936 10566 10683 
f 10683 10566 10562 10685 
f 10682 10688 10631 10630 
f 10682 10630 9942 10686 
f 10686 9942 9906 10687 
f 10688 10563 10463 10783 
f 9905 9904 10690 10689 
f 9904 9903 10691 10690 
f 9903 10124 10692 10691 
f 10124 9902 10693 10692 
f 9902 9901 10694 10693 
f 9901 9900 10695 10694 
f 9900 9891 10696 10695 
f 9891 10052 10697 10696 
f 10052 9898 10698 10697 
f 9898 10061 10699 10698 
f 10061 9897 10700 10699 
f 9897 10070 10701 10700 
f 10070 9896 10702 10701 
f 9896 10079 10703 10702 
f 10079 9892 10704 10703 
f 9892 10088 10705 10704 
f 10088 9893 10706 10705 
f 9893 10097 10707 10706 
f 10097 9894 10708 10707 
f 9894 10106 10709 10708 
f 10106 9895 10710 10709 
f 9895 10115 10711 10710 
f 10115 11329 11573 10711 
f 11568 10211 10712 10807 
f 10211 10212 10713 10712 
f 10212 9899 10714 10713 
f 9899 9911 10715 10714 
f 9911 9910 10716 10715 
f 9910 9909 10717 10716 
f 9909 9907 10718 10717 
f 9907 9908 10719 10718 
f 9908 10565 10720 10719 
f 10565 10687 10720 
f 10687 9906 10721 10720 
f 9906 9905 10689 10721 
f 10397 10395 10723 10722 
f 10395 10391 10724 10723 
f 10391 10404 10725 10724 
f 10404 10400 10726 10725 
f 10400 10389 10727 10726 
f 10389 10385 10728 10727 
f 10385 10416 10729 10728 
f 10416 10412 10730 10729 
f 10412 10410 10731 10730 
f 10410 10406 10732 10731 
f 10406 10422 10733 10732 
f 10422 10418 10734 10733 
f 10418 10383 10735 10734 
f 10383 10379 10736 10735 
f 10379 10431 10737 10736 
f 10431 10428 10738 10737 
f 10428 10424 10739 10738 
f 10424 10377 10740 10739 
f 10377 10373 10741 10740 
f 10373 10442 10742 10741 
f 10442 10437 10743 10742 
f 10437 10433 10744 10743 
f 10433 10448 10745 10744 
f 10448 10584 10746 10745 
f 10584 10314 10747 10746 
f 10314 10297 10748 10747 
f 10297 10298 10749 10748 
f 10298 10303 10750 10749 
f 10303 10304 10751 10750 
f 10304 10559 10752 10751 
f 10559 10554 10753 10752 
f 10554 10299 10754 10753 
f 10784 10300 10755 10754 
f 10300 10216 10756 10755 
f 10216 10217 10757 10756 
f 10217 11579 11488 10757 
f 10720 10721 10214 
f 10582 10456 10759 10758 
f 10456 10457 10760 10759 
f 10457 10452 10761 10760 
f 10452 10455 10762 10761 
f 10455 10458 10763 10762 
f 10458 10454 10764 10763 
f 10454 10453 10765 10764 
f 10453 10459 10766 10765 
f 10459 10451 10767 10766 
f 10451 10461 10768 10767 
f 10461 10464 10768 
f 10464 10564 10769 10768 
f 10564 10685 10770 10769 
f 10685 10562 10770 
f 10562 10585 10771 10770 
f 10585 10582 10758 10771 
f 10767 10768 10769 
f 10767 10769 10770 
f 10758 10759 10770 
f 10759 10760 10770 
f 10760 10761 10770 
f 10761 10762 10770 
f 10762 10763 10770 
f 10763 10764 10770 
f 10764 10765 10770 
f 10765 10766 10770 
f 10766 10767 10770 
f 10370 10352 10351 10772 
f 10772 10371 10049 10773 
f 10773 10049 10030 10774 
f 10774 10030 9993 10775 
f 10775 9993 10012 10776 
f 10776 10012 9974 10777 
f 10781 10777 9974 10780 
f 10780 10675 10781 
f 9974 9975 10779 10780 
f 10780 10779 10675 
f 9975 9976 10778 10779 
f 9976 9972 10674 10778 
f 10778 10674 10675 
f 10779 10778 10675 
f 10781 10675 9957 10782 
f 10782 9957 9939 10783 
f 10783 9939 10631 10688 
f 11293 11629 10397 10722 
f 10296 11513 11293 
f 10784 10299 10554 10785 
f 10785 10554 10559 10787 
f 10787 10559 10304 10786 
f 10754 10299 10784 
f 10786 10304 10303 10302 
f 10351 10371 10772 
f 10788 10791 10790 10789 
f 10789 10793 10792 10788 
f 10794 10797 10796 10795 
f 10798 10796 10800 10799 
f 10799 10800 10801 
f 10802 10792 10793 10803 
f 10804 10802 10803 10805 
f 10806 10809 10808 10807 
f 10810 10813 10812 10811 
f 10814 10817 10816 10815 
f 10818 10821 10820 10819 
f 10822 10825 10824 10823 
f 10826 10829 10828 10827 
f 10830 10833 10832 10831 
f 10834 10837 10836 10835 
f 10838 10841 10840 10839 
f 10842 10845 10844 10843 
f 10846 10849 10848 10847 
f 10850 10853 10852 10851 
f 10854 10857 10856 10855 
f 10858 10861 10860 10859 
f 10862 10865 10864 10863 
f 10866 10869 10868 10867 
f 10869 10871 10870 10868 
f 10835 10866 10867 10834 
f 10831 10873 10872 10830 
f 10874 10877 10876 10875 
f 10877 10872 10873 10876 
f 10878 10881 10880 10879 
f 10882 10885 10884 10883 
f 10886 10889 10888 10887 
f 10890 10893 10892 10891 
f 10894 10897 10896 10895 
f 10898 10901 10900 10899 
f 10902 10905 10904 10903 
f 10906 10909 10908 10907 
f 10910 10913 10912 10911 
f 10914 10915 10913 10910 
f 10916 10917 10915 10914 
f 10918 10919 10917 10916 
f 10920 10923 10922 10921 
f 10924 10925 10923 10920 
f 10926 10927 10925 10924 
f 10928 10929 10927 10926 
f 10879 10931 10930 10878 
f 10932 10935 10934 10933 
f 10936 10939 10938 10937 
f 10940 10943 10942 10941 
f 10944 10947 10946 10945 
f 10948 10951 10950 10949 
f 10952 10955 10954 10953 
f 10956 10959 10958 10957 
f 10960 10963 10962 10961 
f 10964 10967 10966 10965 
f 10968 10971 10970 10969 
f 10969 10970 10935 10932 
f 10972 10973 10971 10968 
f 10974 10977 10976 10975 
f 10978 10981 10980 10979 
f 10979 10980 10983 10982 
f 10984 10985 10981 10978 
f 10986 10989 10988 10987 
f 10990 10993 10992 10991 
f 10994 10997 10996 10995 
f 10998 11001 11000 10999 
f 11002 11005 11004 11003 
f 11006 11009 11008 11007 
f 11010 11013 11012 11011 
f 11014 11017 11016 11015 
f 11018 11021 11020 11019 
f 11022 11025 11024 11023 
f 10989 11022 11023 10988 
f 11025 11027 11026 11024 
f 10977 11029 11028 10976 
f 11030 11033 11032 11031 
f 11034 11030 11031 11035 
f 11033 11037 11036 11032 
f 11038 11041 11040 11039 
f 11042 11045 11044 11043 
f 11046 11049 11048 11047 
f 11050 11053 11052 11051 
f 11054 11057 11056 11055 
f 11058 11061 11060 11059 
f 11062 11065 11064 11063 
f 11066 11069 11068 11067 
f 11070 11073 11072 11071 
f 11074 11077 11076 11075 
f 11075 11076 11041 11038 
f 11078 11079 11077 11074 
f 11028 11081 11080 10976 
f 11082 11085 11084 11083 
f 11083 11084 11087 11086 
f 11088 11089 11085 11082 
f 11090 11093 11092 11091 
f 11094 11095 11093 11090 
f 11086 11087 11095 11094 
f 11089 11040 11097 11096 
f 11079 11044 11099 11098 
f 11069 11048 11101 11100 
f 11061 11052 11103 11102 
f 11053 11055 11105 11104 
f 11049 11060 11107 11106 
f 11073 11064 11109 11108 
f 11065 11068 11111 11110 
f 11045 11072 11113 11112 
f 11076 11077 11115 11114 
f 11041 11076 11114 11116 
f 11077 11079 11098 11115 
f 11080 11081 11118 11117 
f 11084 11085 11120 11119 
f 11087 11084 11119 11121 
f 11085 11089 11096 11120 
f 11092 11093 11123 11122 
f 11093 11095 11124 11123 
f 11095 11087 11121 11124 
f 11116 11126 11125 11097 
f 11112 11128 11127 11099 
f 11106 11130 11129 11101 
f 11104 11132 11131 11103 
f 11105 11135 11134 11133 
f 11102 11137 11136 11107 
f 11110 11139 11138 11109 
f 11100 11141 11140 11111 
f 11108 11143 11142 11113 
f 11115 11145 11144 11114 
f 11114 11144 11126 11116 
f 11098 11146 11145 11115 
f 11118 11148 11147 11117 
f 11120 11150 11149 11119 
f 11119 11149 11151 11121 
f 11096 11152 11150 11120 
f 11123 11154 11153 11122 
f 11124 11155 11154 11123 
f 11121 11151 11155 11124 
f 11126 11157 11156 11125 
f 11128 11159 11158 11127 
f 11130 11161 11160 11129 
f 11132 11163 11162 11131 
f 11133 11134 11165 11164 
f 11137 11167 11166 11136 
f 11139 11169 11168 11138 
f 11141 11171 11170 11140 
f 11143 11173 11172 11142 
f 11145 11175 11174 11144 
f 11144 11174 11157 11126 
f 11146 11176 11175 11145 
f 11150 11178 11177 11149 
f 11149 11177 11179 11151 
f 11152 11180 11178 11150 
f 11154 11182 11181 11153 
f 11155 11183 11182 11154 
f 11151 11179 11183 11155 
f 11184 11187 11186 11185 
f 11188 11191 11190 11189 
f 11192 11195 11194 11193 
f 11196 11199 11198 11197 
f 11200 11203 11202 11201 
f 11204 11207 11206 11205 
f 11208 11211 11210 11209 
f 11212 11215 11214 11213 
f 11216 11219 11218 11217 
f 11220 11223 11222 11221 
f 11187 11220 11221 11186 
f 11223 11225 11224 11222 
f 11226 11229 11228 11227 
f 11230 11226 11227 11231 
f 11229 11233 11232 11228 
f 11182 11235 11234 11181 
f 11235 11238 11237 11236 
f 11238 11230 11231 11239 
f 11240 11243 11242 11241 
f 11244 11247 11246 11245 
f 11248 11251 11250 11249 
f 11252 11255 11254 11253 
f 11256 11259 11258 11257 
f 11260 11263 11262 11261 
f 11264 11267 11266 11265 
f 11268 11271 11270 11269 
f 11272 11275 11274 11273 
f 11276 11279 11278 11277 
f 11277 11278 11243 11240 
f 11280 11281 11279 11276 
f 11282 11285 11284 11283 
f 11283 11284 11287 11286 
f 11288 11289 11285 11282 
f 11290 11293 11292 11291 
f 11294 11297 11296 11295 
f 11298 11301 11300 11299 
f 11302 11305 11304 11303 
f 11306 11302 11303 11307 
f 11297 11306 11307 11296 
f 11308 11311 11310 11309 
f 11312 11315 11314 11313 
f 11316 11319 11318 11317 
f 11301 11321 11320 11300 
f 11322 11325 11324 11323 
f 10825 10790 10791 10824 
f 10865 10836 10837 10864 
f 10911 10912 10909 10906 
f 10937 10938 10973 10972 
f 11027 10990 10991 11026 
f 11043 11044 11079 11078 
f 11099 11044 11045 11112 
f 11099 11127 11146 11098 
f 11127 11158 11176 11146 
f 11225 11188 11189 11224 
f 11245 11246 11281 11280 
f 10821 10822 10823 10820 
f 10857 10862 10863 10856 
f 10907 10908 10905 10902 
f 10965 10966 10939 10936 
f 10993 11018 11019 10992 
f 11071 11072 11045 11042 
f 11113 11072 11073 11108 
f 11113 11142 11128 11112 
f 11142 11172 11159 11128 
f 11191 11216 11217 11190 
f 11273 11274 11247 11244 
f 10817 10818 10819 10816 
f 10861 10854 10855 10860 
f 10903 10904 10901 10898 
f 10957 10958 10967 10964 
f 11021 11010 11011 11020 
f 11063 11064 11073 11070 
f 11109 11064 11065 11110 
f 11109 11138 11143 11108 
f 11138 11168 11173 11143 
f 11219 11208 11209 11218 
f 11265 11266 11275 11272 
f 10813 10814 10815 10812 
f 10839 10858 10859 10838 
f 10899 10900 10897 10894 
f 10961 10962 10959 10956 
f 11013 11014 11015 11012 
f 11067 11068 11065 11062 
f 11111 11068 11069 11100 
f 11111 11140 11139 11110 
f 11140 11170 11169 11139 
f 11211 11212 11213 11210 
f 11269 11270 11267 11264 
f 10853 10840 10841 10852 
f 10895 10896 10893 10890 
f 10941 10942 10963 10960 
f 11017 10994 10995 11016 
f 11047 11048 11069 11066 
f 11101 11048 11049 11106 
f 11101 11129 11141 11100 
f 11129 11160 11171 11141 
f 11215 11192 11193 11214 
f 11249 11250 11271 11268 
f 10845 10850 10851 10844 
f 10891 10892 10889 10886 
f 10953 10954 10943 10940 
f 10997 11006 11007 10996 
f 11059 11060 11049 11046 
f 11107 11060 11061 11102 
f 11107 11136 11130 11106 
f 11136 11166 11161 11130 
f 11195 11204 11205 11194 
f 11261 11262 11251 11248 
f 10849 10842 10843 10848 
f 10887 10888 10885 10882 
f 10945 10946 10955 10952 
f 11009 10998 10999 11008 
f 11051 11052 11061 11058 
f 11103 11052 11053 11104 
f 11103 11131 11137 11102 
f 11131 11162 11167 11137 
f 11207 11196 11197 11206 
f 11253 11254 11263 11260 
f 11326 10846 10847 11327 
f 10883 10884 11329 11328 
f 10948 10949 10947 10944 
f 11001 11002 11003 11000 
f 11054 11055 11053 11050 
f 11135 11105 11055 11056 
f 11105 11133 11132 11104 
f 11133 11164 11163 11132 
f 11199 11200 11201 11198 
f 11256 11257 11255 11252 
f 11330 11294 11295 11331 
f 11331 11316 11317 11330 
f 11319 11312 11313 11318 
f 11315 11308 11309 11314 
f 11311 11322 11323 11310 
f 11332 11335 11334 11333 
f 10805 11334 11335 10804 
f 10871 10832 10833 10870 
f 10921 10922 10919 10918 
f 10933 10934 10985 10984 
f 11037 10986 10987 11036 
f 11039 11040 11089 11088 
f 11097 11040 11041 11116 
f 11097 11125 11152 11096 
f 11125 11156 11180 11152 
f 11233 11184 11185 11232 
f 11241 11242 11289 11288 
f 11305 11298 11299 11304 
f 10829 10810 10811 10828 
f 11325 11337 11336 11324 
f 11337 11339 11338 11336 
f 11339 11341 11340 11338 
f 11341 11342 11291 11340 
f 11343 10826 10827 11344 
f 11345 11343 11344 11346 
f 11347 11345 11346 11348 
f 11349 11347 11350 
f 11351 11354 11353 11352 
f 10789 10790 11354 11351 
f 11355 11358 11357 11356 
f 10791 10788 11358 11355 
f 11358 11360 11359 11357 
f 10788 10792 11360 11358 
f 11361 11351 11352 11362 
f 10793 10789 11351 11361 
f 11363 11361 11362 11364 
f 10803 10793 11361 11363 
f 11360 11366 11365 11359 
f 10792 10802 11366 11360 
f 11367 11363 11364 11368 
f 10805 10803 11363 11367 
f 11366 11370 11369 11365 
f 10802 10804 11370 11366 
f 11371 11374 11373 11372 
f 10811 10812 11374 11371 
f 11375 11378 11377 11376 
f 10813 10810 11378 11375 
f 11379 11382 11381 11380 
f 10815 10816 11382 11379 
f 11383 11386 11385 11384 
f 10817 10814 11386 11383 
f 11387 11390 11389 11388 
f 10819 10820 11390 11387 
f 11391 11394 11393 11392 
f 10821 10818 11394 11391 
f 11395 11398 11397 11396 
f 10823 10824 11398 11395 
f 11399 11402 11401 11400 
f 10825 10822 11402 11399 
f 11403 11406 11405 11404 
f 10827 10828 11406 11403 
f 11407 11410 11409 11408 
f 10829 10826 11410 11407 
f 11398 11355 11356 11397 
f 10824 10791 11355 11398 
f 11354 11399 11400 11353 
f 10790 10825 11399 11354 
f 11390 11395 11396 11389 
f 10820 10823 11395 11390 
f 11402 11391 11392 11401 
f 10822 10821 11391 11402 
f 11382 11387 11388 11381 
f 10816 10819 11387 11382 
f 11394 11383 11384 11393 
f 10818 10817 11383 11394 
f 11374 11379 11380 11373 
f 10812 10815 11379 11374 
f 11386 11375 11376 11385 
f 10814 10813 11375 11386 
f 11411 11414 11413 11412 
f 11333 11334 11414 11411 
f 11415 10809 10806 11416 
f 11335 11332 10809 11415 
f 11370 11415 11416 11369 
f 10804 11335 11415 11370 
f 11414 11367 11368 11413 
f 11334 10805 11367 11414 
f 11406 11371 11372 11405 
f 10828 10811 11371 11406 
f 11378 11407 11408 11377 
f 10810 10829 11407 11378 
f 11417 11403 11404 11418 
f 11344 10827 11403 11417 
f 11410 11420 11419 11409 
f 10826 11343 11420 11410 
f 11421 11417 11418 11422 
f 11346 11344 11417 11421 
f 11420 11424 11423 11419 
f 11343 11345 11424 11420 
f 11425 11421 11422 11426 
f 11345 11347 11349 11424 
f 10808 10809 11332 11427 
f 11427 11332 11333 11428 
f 11428 11333 11411 11429 
f 10795 10796 10798 11430 
f 10800 10796 10797 11431 
f 10795 11411 11412 10794 
f 11432 11435 11434 11433 
f 11295 11296 11435 11432 
f 11436 11439 11438 11437 
f 11297 11294 11439 11436 
f 11440 11443 11442 11441 
f 11299 11300 11444 11440 
f 11445 11448 11447 11446 
f 11301 11298 11448 11445 
f 11449 11452 11451 11450 
f 11303 11304 11452 11449 
f 11453 11456 11455 11454 
f 11305 11302 11456 11453 
f 11457 11449 11450 11458 
f 11307 11303 11449 11457 
f 11456 11460 11459 11455 
f 11302 11306 11460 11456 
f 11435 11457 11458 11434 
f 11296 11307 11457 11435 
f 11460 11436 11437 11459 
f 11306 11297 11436 11460 
f 11461 11464 11463 11462 
f 11309 11310 11464 11461 
f 11465 11468 11467 11466 
f 11311 11308 11468 11465 
f 11469 11472 11471 11470 
f 11313 11314 11472 11469 
f 11473 11476 11475 11474 
f 11315 11312 11476 11473 
f 11477 11480 11479 11478 
f 11317 11318 11480 11477 
f 11481 11484 11483 11482 
f 11319 11316 11484 11481 
f 11443 11486 11485 11442 
f 11487 11445 11446 11488 
f 11321 11301 11445 11487 
f 11489 11492 11491 11490 
f 11323 11324 11492 11489 
f 11493 11496 11495 11494 
f 11325 11322 11496 11493 
f 11497 11432 11433 11498 
f 11331 11295 11432 11497 
f 11439 11500 11499 11438 
f 11294 11330 11500 11439 
f 11500 11477 11478 11499 
f 11330 11317 11477 11500 
f 11484 11497 11498 11483 
f 11316 11331 11497 11484 
f 11480 11469 11470 11479 
f 11318 11313 11469 11480 
f 11476 11481 11482 11475 
f 11312 11319 11481 11476 
f 11472 11461 11462 11471 
f 11314 11309 11461 11472 
f 11468 11473 11474 11467 
f 11308 11315 11473 11468 
f 11464 11489 11490 11463 
f 11310 11323 11489 11464 
f 11496 11465 11466 11495 
f 11322 11311 11465 11496 
f 11452 11440 11441 11451 
f 11304 11299 11440 11452 
f 11448 11453 11454 11447 
f 11298 11305 11453 11448 
f 11492 11502 11501 11491 
f 11324 11336 11502 11492 
f 11503 11493 11494 11504 
f 11337 11325 11493 11503 
f 11502 11506 11505 11501 
f 11336 11338 11506 11502 
f 11507 11503 11504 11508 
f 11339 11337 11503 11507 
f 11506 11510 11509 11505 
f 11338 11340 11510 11506 
f 11511 11507 11508 11512 
f 11341 11339 11507 11511 
f 11510 11292 11513 11509 
f 11340 11291 11292 11510 
f 11342 11341 11511 11514 
f 11290 11342 11514 
f 11514 11511 11512 
f 11290 11291 11342 
f 11515 11516 11444 11300 
f 11515 11300 11320 
f 11517 11520 11519 11518 
f 11521 11520 11517 
f 11522 11525 11524 11523 
f 11526 11529 11528 11527 
f 11485 11486 11531 11530 
f 11532 11531 11486 
f 11529 11534 11533 11519 
f 11535 11537 11536 
f 11538 11539 11537 11535 
f 11540 11541 11539 11538 
f 11542 11545 11544 11543 
f 11546 11547 11545 11542 
f 11548 11551 11550 11549 
f 11549 11550 11547 11546 
f 11543 11544 11541 11540 
f 11552 11530 11531 11553 
f 10931 11556 11555 11554 
f 11554 11555 11558 11557 
f 11557 11558 11560 11559 
f 11561 11564 11563 11562 
f 11565 11566 11564 11561 
f 11559 11560 11566 11565 
f 11567 11570 11569 11568 
f 11571 11572 11570 11567 
f 11562 11563 11572 11571 
f 11424 11349 11423 
f 11350 11347 11348 
f 11573 11425 11426 
f 11348 11346 11421 11425 
f 11350 11348 11425 11573 
f 11574 11576 11575 11525 
f 11577 11578 11576 11574 
f 11579 11580 11578 11577 
f 11580 11582 11581 11578 
f 11575 11576 11584 11583 
f 11581 11584 11576 11578 
f 11443 11586 11585 
f 11443 11585 11587 
f 11443 11587 11532 11486 
f 11187 11184 11156 11157 
f 11191 11188 11158 11159 
f 11195 11192 11160 11161 
f 11199 11196 11162 11163 
f 11203 11200 11164 11165 
f 11207 11204 11166 11167 
f 11211 11208 11168 11169 
f 11215 11212 11170 11171 
f 11219 11216 11172 11173 
f 11223 11220 11174 11175 
f 11220 11187 11157 11174 
f 11225 11223 11175 11176 
f 11229 11226 11177 11178 
f 11226 11230 11179 11177 
f 11233 11229 11178 11180 
f 11238 11235 11182 11183 
f 11230 11238 11183 11179 
f 11188 11225 11176 11158 
f 11216 11191 11159 11172 
f 11208 11219 11173 11168 
f 11212 11211 11169 11170 
f 11192 11215 11171 11160 
f 11204 11195 11161 11166 
f 11196 11207 11167 11162 
f 11200 11199 11163 11164 
f 11184 11233 11180 11156 
f 11237 11589 11588 11236 
f 11239 11590 11589 11237 
f 11239 11592 11591 11590 
f 11593 11595 11591 11594 
f 11286 11596 11595 11593 
f 11287 11597 11596 11286 
f 11535 11598 11588 11538 
f 11538 11588 11589 11540 
f 11543 11590 11591 11542 
f 11542 11591 11595 11546 
f 11549 11596 11597 11548 
f 11546 11595 11596 11549 
f 11540 11589 11590 11543 
f 11236 11588 11598 
f 11234 11235 11236 11598 
f 11599 11600 11536 
f 11601 11602 11600 11599 
f 11147 11148 11602 11601 
f 11237 11238 11239 
f 11243 11604 11603 11242 
f 11247 11606 11605 11246 
f 11251 11608 11607 11250 
f 11255 11610 11609 11254 
f 11258 11612 11611 11257 
f 11263 11614 11613 11262 
f 11267 11616 11615 11266 
f 11271 11618 11617 11270 
f 11275 11620 11619 11274 
f 11279 11622 11621 11278 
f 11278 11621 11604 11243 
f 11281 11623 11622 11279 
f 11285 11625 11624 11284 
f 11284 11624 11626 11287 
f 11289 11627 11625 11285 
f 11628 11611 11612 11629 
f 11246 11605 11623 11281 
f 11274 11619 11606 11247 
f 11266 11615 11620 11275 
f 11270 11617 11616 11267 
f 11250 11607 11618 11271 
f 11262 11613 11608 11251 
f 11254 11609 11614 11263 
f 11257 11611 11610 11255 
f 11242 11603 11627 11289 
f 11630 11623 11605 11631 
f 11632 11627 11603 11633 
f 11634 11604 11621 11635 
f 11635 11621 11622 11636 
f 11636 11622 11623 11630 
f 11637 11617 11618 11638 
f 11639 11615 11616 11640 
f 11641 11619 11620 11642 
f 11643 11625 11627 11632 
f 11644 11607 11608 11645 
f 11631 11605 11606 11646 
f 11646 11606 11619 11641 
f 11642 11620 11615 11639 
f 11640 11616 11617 11637 
f 11638 11618 11607 11644 
f 11633 11603 11604 11634 
f 11645 11608 11613 11647 
f 11647 11613 11614 11648 
f 11648 11614 11609 11649 
f 11650 11610 11611 11628 
f 11649 11609 11610 11650 
f 11651 11624 11625 11643 
f 11548 11653 11652 11551 
f 11654 11653 11655 11626 
f 11656 11652 11653 11654 
f 11654 11626 11624 11651 
f 11287 11626 11655 11597 
f 11597 11655 11653 11548 
f 11534 11658 11657 11533 
f 11659 11662 11661 11660 
f 11537 11664 11663 11536 
f 11539 11665 11664 11537 
f 11541 11666 11665 11539 
f 11545 11668 11667 11544 
f 11547 11669 11668 11545 
f 11550 11661 11669 11547 
f 11544 11667 11666 11541 
f 11536 11663 11670 11599 
f 11671 11673 11672 11670 
f 11673 11675 11674 11672 
f 11080 11676 10975 10976 
f 11117 11677 11676 11080 
f 11147 11674 11677 11117 
f 11519 11520 11528 11529 
f 11520 11521 11528 
f 11519 11533 11678 11518 
f 11533 11657 11656 11678 
f 11660 11661 11550 11551 
f 11663 11664 11680 11679 
f 11664 11665 11681 11680 
f 11665 11666 11682 11681 
f 11667 11668 11684 11683 
f 11668 11669 11685 11684 
f 11669 11661 11662 11685 
f 11666 11667 11683 11682 
f 11670 11663 11679 11671 
f 11670 11672 11601 11599 
f 11672 11674 11147 11601 
f 11676 11677 11687 11686 
f 11677 11674 11675 11687 
f 11594 11591 11592 
f 11186 11689 11688 11185 
f 11190 11691 11690 11189 
f 11194 11693 11692 11193 
f 11198 11695 11694 11197 
f 11202 11697 11696 11201 
f 11206 11699 11698 11205 
f 11210 11701 11700 11209 
f 11214 11703 11702 11213 
f 11218 11705 11704 11217 
f 11222 11707 11706 11221 
f 11221 11706 11689 11186 
f 11224 11708 11707 11222 
f 11228 11710 11709 11227 
f 11227 11709 11592 11231 
f 11232 11711 11710 11228 
f 11241 11688 11689 11240 
f 11245 11690 11691 11244 
f 11249 11692 11693 11248 
f 11253 11694 11695 11252 
f 11256 11696 11697 11259 
f 11261 11698 11699 11260 
f 11265 11700 11701 11264 
f 11269 11702 11703 11268 
f 11273 11704 11705 11272 
f 11277 11706 11707 11276 
f 11240 11689 11706 11277 
f 11276 11707 11708 11280 
f 11283 11709 11710 11282 
f 11594 11592 11709 11283 
f 11282 11710 11711 11288 
f 11189 11690 11708 11224 
f 11280 11708 11690 11245 
f 11217 11704 11691 11190 
f 11244 11691 11704 11273 
f 11209 11700 11705 11218 
f 11272 11705 11700 11265 
f 11213 11702 11701 11210 
f 11264 11701 11702 11269 
f 11193 11692 11703 11214 
f 11268 11703 11692 11249 
f 11205 11698 11693 11194 
f 11248 11693 11698 11261 
f 11197 11694 11699 11206 
f 11260 11699 11694 11253 
f 11201 11696 11695 11198 
f 11252 11695 11696 11256 
f 11185 11688 11711 11232 
f 11288 11711 11688 11241 
f 11239 11231 11592 
f 11283 11593 11594 
f 11283 11286 11593 
f 11534 11713 11712 11658 
f 11444 11516 11714 
f 11715 11523 11524 11716 
f 11440 11444 11443 
f 11524 11718 11717 11716 
f 11525 11575 11718 11524 
f 11575 11583 11719 11718 
f 11527 11715 11716 11526 
f 11716 11717 11720 11526 
f 11444 11714 11586 11443 
f 11717 11722 11721 11720 
f 11719 11722 11717 11718 
f 11720 11534 11529 11526 
f 11721 11713 11534 11720 
f 10879 11723 11556 10931 
f 11724 10880 11725 11686 
f 11726 11724 11686 11687 
f 10880 10881 11727 11725 
f 10975 11676 11686 11725 
f 11728 11730 11729 
f 11555 11556 11731 11712 
f 11558 11555 11712 11713 
f 11560 11558 11713 11721 
f 11563 11564 11719 11583 
f 11564 11566 11722 11719 
f 11566 11560 11721 11722 
f 11569 11570 11581 11582 
f 11570 11572 11584 11581 
f 11572 11563 11583 11584 
f 11556 11723 11731 
f 11732 11411 10795 11430 
f 11429 11411 11732 
f 11658 11734 11733 11657 
f 11660 11733 11734 11659 
f 11657 11733 11735 11656 
f 11551 11735 11733 11660 
f 11712 11734 11658 
f 11659 11734 11712 
f 10831 10832 10933 10984 
f 10833 10830 10920 10921 
f 10835 10836 10937 10972 
f 10837 10834 10910 10911 
f 10839 10840 10941 10960 
f 10841 10838 10894 10895 
f 10843 10844 10886 10887 
f 10845 10842 10945 10952 
f 10847 10848 10882 10883 
f 10849 10846 10948 10944 
f 10851 10852 10890 10891 
f 10853 10850 10953 10940 
f 10855 10856 10902 10903 
f 10857 10854 10957 10964 
f 10859 10860 10898 10899 
f 10861 10858 10961 10956 
f 10863 10864 10906 10907 
f 10865 10862 10965 10936 
f 10867 10868 10916 10914 
f 10869 10866 10968 10969 
f 10868 10870 10918 10916 
f 10871 10869 10969 10932 
f 10834 10867 10914 10910 
f 10866 10835 10972 10968 
f 10830 10872 10924 10920 
f 10873 10831 10984 10978 
f 10875 10876 10979 10982 
f 10877 10874 10928 10926 
f 10876 10873 10978 10979 
f 10872 10877 10926 10924 
f 10864 10837 10911 10906 
f 10836 10865 10936 10937 
f 10856 10863 10907 10902 
f 10862 10857 10964 10965 
f 10860 10855 10903 10898 
f 10854 10861 10956 10957 
f 10838 10859 10899 10894 
f 10858 10839 10960 10961 
f 10852 10841 10895 10890 
f 10840 10853 10940 10941 
f 10844 10851 10891 10886 
f 10850 10845 10952 10953 
f 10848 10843 10887 10882 
f 10842 10849 10944 10945 
f 11327 10847 10883 11328 
f 10846 11326 10951 10948 
f 10870 10833 10921 10918 
f 10832 10871 10932 10933 
f 10987 10988 11038 11039 
f 10989 10986 10934 10935 
f 10991 10992 11042 11043 
f 10993 10990 10938 10939 
f 10995 10996 11046 11047 
f 10997 10994 10942 10943 
f 10999 11000 11050 11051 
f 11001 10998 10946 10947 
f 11003 11004 11057 11054 
f 11005 11002 10949 10950 
f 11007 11008 11058 11059 
f 11009 11006 10954 10955 
f 11011 11012 11062 11063 
f 11013 11010 10958 10959 
f 11015 11016 11066 11067 
f 11017 11014 10962 10963 
f 11019 11020 11070 11071 
f 11021 11018 10966 10967 
f 11023 11024 11074 11075 
f 11025 11022 10970 10971 
f 10988 11023 11075 11038 
f 11022 10989 10935 10970 
f 11024 11026 11078 11074 
f 11027 11025 10971 10973 
f 11031 11032 11082 11083 
f 11033 11030 10980 10981 
f 11035 11031 11083 11086 
f 11030 11034 10983 10980 
f 11032 11036 11088 11082 
f 11037 11033 10981 10985 
f 11026 10991 11043 11078 
f 10990 11027 10973 10938 
f 10992 11019 11071 11042 
f 11018 10993 10939 10966 
f 11020 11011 11063 11070 
f 11010 11021 10967 10958 
f 11012 11015 11067 11062 
f 11014 11013 10959 10962 
f 11016 10995 11047 11066 
f 10994 11017 10963 10942 
f 10996 11007 11059 11046 
f 11006 10997 10943 10954 
f 11008 10999 11051 11058 
f 10998 11009 10955 10946 
f 11000 11003 11054 11050 
f 11002 11001 10947 10949 
f 11036 10987 11039 11088 
f 10986 11037 10985 10934 
f 10880 11724 11723 10879 
f 11724 11726 11731 11723 
f 10881 10874 10875 11727 
f 10881 10878 10928 10874 
f 10878 10930 10929 10928 
f 11727 10974 10975 11725 
f 10927 10797 10794 10925 
f 10925 10794 11412 10923 
f 10923 11412 11413 10922 
f 10922 11413 11368 10919 
f 10919 11368 11364 10917 
f 10917 11364 11362 10915 
f 10915 11362 11352 10913 
f 10913 11352 11353 10912 
f 10912 11353 11400 10909 
f 10909 11400 11401 10908 
f 10908 11401 11392 10905 
f 10905 11392 11393 10904 
f 10904 11393 11384 10901 
f 10901 11384 11385 10900 
f 10900 11385 11376 10897 
f 10897 11376 11377 10896 
f 10896 11377 11408 10893 
f 10893 11408 11409 10892 
f 10892 11409 11419 10889 
f 10889 11419 11423 10888 
f 10888 11423 11349 10885 
f 10885 11349 11350 10884 
f 10884 11350 11573 11329 
f 11568 10807 10808 11567 
f 11567 10808 11427 11571 
f 11571 11427 11428 11562 
f 11562 11428 11429 11561 
f 11561 11429 11732 11565 
f 11565 11732 11430 11559 
f 11559 11430 10798 11557 
f 11557 10798 10799 11554 
f 11554 10799 10801 10931 
f 10931 10801 10930 
f 10930 10801 11431 10929 
f 10929 11431 10797 10927 
f 11628 11290 11514 11650 
f 11650 11514 11512 11649 
f 11649 11512 11508 11648 
f 11648 11508 11504 11647 
f 11647 11504 11494 11645 
f 11645 11494 11495 11644 
f 11644 11495 11466 11638 
f 11638 11466 11467 11637 
f 11637 11467 11474 11640 
f 11640 11474 11475 11639 
f 11639 11475 11482 11642 
f 11642 11482 11483 11641 
f 11641 11483 11498 11646 
f 11646 11498 11433 11631 
f 11631 11433 11434 11630 
f 11630 11434 11458 11636 
f 11636 11458 11450 11635 
f 11635 11450 11451 11634 
f 11634 11451 11441 11633 
f 11633 11441 11442 11632 
f 11632 11442 11485 11643 
f 11643 11485 11530 11651 
f 11651 11530 11552 11654 
f 11654 11552 11553 11656 
f 11656 11553 11531 11678 
f 11678 11531 11532 11518 
f 11518 11532 11587 11517 
f 11517 11587 11585 11521 
f 11521 11585 11586 11736 
f 11736 11586 11714 11737 
f 11737 11714 11516 11738 
f 11738 11516 11515 11739 
f 11522 11515 11320 11525 
f 11525 11320 11321 11574 
f 11574 11321 11487 11577 
f 11577 11487 11488 11579 
f 10801 10800 11431 
f 11659 11729 11740 11662 
f 11662 11740 11741 11685 
f 11685 11741 11742 11684 
f 11684 11742 11743 11683 
f 11683 11743 11744 11682 
f 11682 11744 11745 11681 
f 11681 11745 11746 11680 
f 11680 11746 11747 11679 
f 11679 11747 11748 11671 
f 11671 11748 11749 11673 
f 11673 11749 11675 
f 11675 11749 11750 11687 
f 11687 11750 11730 11726 
f 11726 11730 11731 
f 11731 11730 11728 11712 
f 11712 11728 11729 11659 
f 11748 11750 11749 
f 11748 11730 11750 
f 11729 11730 11740 
f 11740 11730 11741 
f 11741 11730 11742 
f 11742 11730 11743 
f 11743 11730 11744 
f 11744 11730 11745 
f 11745 11730 11746 
f 11746 11730 11747 
f 11747 11730 11748 
f 11536 11600 11598 11535 
f 11600 11602 11181 11234 
f 11602 11148 11153 11181 
f 11148 11118 11122 11153 
f 11118 11081 11092 11122 
f 11081 11028 11091 11092 
f 11029 11751 11091 11028 
f 11751 11029 11034 
f 11091 11751 11752 11090 
f 11751 11034 11752 
f 11090 11752 11753 11094 
f 11094 11753 11035 11086 
f 11753 11034 11035 
f 11752 11034 11753 
f 11029 10977 10983 11034 
f 10977 10974 10982 10983 
f 10974 11727 10875 10982 
f 11293 11290 11628 11629 
f 11292 11293 11513 
f 11522 11523 11738 11739 
f 11523 11715 11737 11738 
f 11715 11527 11736 11737 
f 11515 11522 11739 
f 11527 11528 11521 11736 
f 11598 11600 11234 
f 7521 7520 11755 11756 
f 7522 7521 11756 11757 
f 7523 7522 11757 11758 
f 7524 7523 11758 11759 
f 7520 7519 11760 11755 
f 7519 8068 11754 11760 
s 8
f 6430 11762 11765 11761 
s 4
f 6677 6678 11773 11763 
f 6679 6677 11763 11764 
s 16
f 6521 6679 11764 11762 
s 4
f 11763 11773 11776 11766 
f 11764 11763 11766 11767 
s 16
f 11762 11764 11767 11765 
s 2
f 11765 11767 6159 11761 
f 11766 11776 11783 11779 
f 11767 11766 11779 11780 
f 6159 11767 11780 11778 
s 4
f 6675 6676 11772 11771 
f 6678 6675 11771 11773 
f 11771 11772 11775 11774 
f 11773 11771 11774 11776 
s 2
f 11774 11775 11782 11781 
f 11776 11774 11781 11783 
f 11783 11777 11769 11779 
f 11779 11769 11770 11780 
f 11780 11770 11768 11778 
f 11782 11777 11781 
f 11781 11777 11783 
f 6158 6159 11778 
s 1
f 11784 11788 11789 11785 
f 11785 11789 11790 11786 
f 11786 11790 11791 11787 
f 11788 11792 11793 11789 
f 11789 11793 11794 11790 
f 11790 11794 11795 11791 
f 11792 11796 11797 11793 
f 11793 11797 11798 11794 
f 11794 11798 11799 11795 
f 11796 11800 11801 11797 
f 11797 11801 11802 11798 
f 11798 11802 11803 11799 
f 11800 11804 11805 11801 
f 11801 11805 11806 11802 
f 11802 11806 11807 11803 
f 11804 11808 11809 11805 
f 11805 11809 11810 11806 
f 11806 11810 11811 11807 
f 11808 11812 11813 11809 
f 11809 11813 11814 11810 
f 11810 11814 11815 11811 
f 11812 11816 11817 11813 
f 11813 11817 11818 11814 
f 11814 11818 11819 11815 
f 11816 11820 11821 11817 
f 11817 11821 11822 11818 
f 11818 11822 11823 11819 
f 11820 11824 11825 11821 
f 11821 11825 11826 11822 
f 11822 11826 11827 11823 
f 11824 11828 11829 11825 
f 11825 11829 11830 11826 
f 11826 11830 11831 11827 
f 11828 11832 11833 11829 
f 11829 11833 11834 11830 
f 11830 11834 11835 11831 
f 11832 11836 11837 11833 
f 11833 11837 11838 11834 
f 11834 11838 11839 11835 
f 11836 11840 11841 11837 
f 11837 11841 11842 11838 
f 11838 11842 11843 11839 
f 11840 11844 11845 11841 
f 11841 11845 11846 11842 
f 11842 11846 11847 11843 
f 11844 11848 11849 11845 
f 11845 11849 11850 11846 
f 11846 11850 11851 11847 
f 11848 11852 11853 11849 
f 11849 11853 11854 11850 
f 11850 11854 11855 11851 
f 11852 11856 11857 11853 
f 11853 11857 11858 11854 
f 11854 11858 11859 11855 
f 11856 11860 11861 11857 
f 11857 11861 11862 11858 
f 11858 11862 11863 11859 
f 11860 11864 11865 11861 
f 11861 11865 11866 11862 
f 11862 11866 11867 11863 
f 11864 11868 11869 11865 
f 11865 11869 11870 11866 
f 11866 11870 11871 11867 
f 11868 11872 11873 11869 
f 11869 11873 11874 11870 
f 11870 11874 11875 11871 
f 11872 11876 11877 11873 
f 11873 11877 11878 11874 
f 11874 11878 11879 11875 
f 11876 11880 11881 11877 
f 11877 11881 11882 11878 
f 11878 11882 11883 11879 
f 11880 11884 11885 11881 
f 11881 11885 11886 11882 
f 11882 11886 11887 11883 
f 11884 11888 11889 11885 
f 11885 11889 11890 11886 
f 11886 11890 11891 11887 
f 11888 11892 11893 11889 
f 11889 11893 11894 11890 
f 11890 11894 11895 11891 
f 11892 11896 11897 11893 
f 11893 11897 11898 11894 
f 11894 11898 11899 11895 
f 11896 11900 11901 11897 
f 11897 11901 11902 11898 
f 11898 11902 11903 11899 
f 11900 11904 11905 11901 
f 11901 11905 11906 11902 
f 11902 11906 11907 11903 
f 11904 11908 11909 11905 
f 11905 11909 11910 11906 
f 11906 11910 11911 11907 
f 11908 11784 11785 11909 
f 11909 11785 11786 11910 
f 11910 11786 11787 11911 
f 11788 11784 11912 
f 11792 11788 11912 
f 11796 11792 11912 
f 11800 11796 11912 
f 11804 11800 11912 
f 11808 11804 11912 
f 11812 11808 11912 
f 11816 11812 11912 
f 11820 11816 11912 
f 11824 11820 11912 
f 11828 11824 11912 
f 11832 11828 11912 
f 11836 11832 11912 
f 11840 11836 11912 
f 11844 11840 11912 
f 11848 11844 11912 
f 11852 11848 11912 
f 11856 11852 11912 
f 11860 11856 11912 
f 11864 11860 11912 
f 11868 11864 11912 
f 11872 11868 11912 
f 11876 11872 11912 
f 11880 11876 11912 
f 11884 11880 11912 
f 11888 11884 11912 
f 11892 11888 11912 
f 11896 11892 11912 
f 11900 11896 11912 
f 11904 11900 11912 
f 11908 11904 11912 
f 11784 11908 11912 
f 12120 11913 11988 12125 
f 11914 11989 12131 12174 
f 11913 12135 12129 
f 12152 11919 11915 12150 
f 11917 12156 12123 11916 
f 11918 12159 12156 11917 
f 11919 12152 12159 11918 
f 12181 11987 12245 12246 
f 12181 12246 12149 12105 
f 11965 12119 12126 11990 
f 12245 11987 12249 12325 
f 12437 11964 12436 
f 12244 11935 12242 12243 
f 12168 12108 12336 12332 
f 12316 11993 12315 
f 11935 12244 12324 12250 
f 12178 12342 12338 12176 
f 12109 12336 12108 
f 12106 12180 12181 12105 
f 12183 12185 12107 
f 12111 12336 12110 
f 12237 12345 12336 12111 
f 12347 12187 12189 12351 
f 12353 12191 12193 12357 
f 12353 12359 12195 12191 
f 12366 12362 12197 12199 
f 12372 12368 12201 12203 
f 12374 12205 12207 12378 
f 12380 12209 12211 12384 
f 12380 12386 12213 12209 
f 12393 12389 12215 12217 
f 12395 12219 12221 12399 
f 12401 12223 12225 12405 
f 12342 12178 12227 12408 
f 11952 11953 11937 11936 
f 11953 11938 11965 11937 
f 11939 11938 11953 11955 
f 11940 11939 11955 11956 
f 11941 11940 11956 11957 
f 11942 11941 11957 11958 
f 11943 11942 11958 11959 
f 11959 11954 11944 11943 
f 11954 12005 11966 11944 
f 11945 11946 12005 11954 
f 11947 11945 11954 11959 
f 11948 11947 11959 11958 
f 11949 11948 11958 11957 
f 11950 11949 11957 11956 
f 11956 11955 11951 11950 
f 11955 11953 11952 11951 
f 11963 12171 12167 11960 
f 12174 12165 11961 11914 
f 12161 11962 11961 12165 
f 12171 11963 11962 12161 
f 12440 12441 11964 
f 12441 12442 11964 
f 12442 12443 11964 
f 12443 12444 11964 
f 12439 12440 11964 
f 12438 12439 11964 
f 12437 12438 11964 
f 11913 12146 12144 
f 11913 12144 12138 
f 11913 12138 12140 
f 11913 12140 12135 
f 11913 12116 12146 
f 11913 12114 12116 
f 11913 12120 12114 
f 11944 11966 12128 12134 
f 11943 11944 12134 12141 
f 11942 11943 12141 12137 
f 11941 11942 12137 12143 
f 11940 11941 12143 12147 
f 11939 11940 12147 12117 
f 11938 11939 12117 12113 
f 11965 11938 12113 12119 
f 12456 12457 11994 11967 
f 12446 12447 11967 
f 12447 12448 11967 
f 12448 12449 11967 
f 12449 12450 11967 
f 12450 12451 11967 
f 12451 12452 11967 
f 12452 12453 11967 
f 12453 12454 11967 
f 12455 12456 11967 
f 11964 12444 12445 11994 
f 12008 12006 12315 11993 
f 12009 12460 12461 11991 
f 12177 12175 12074 11986 
f 12228 12230 11971 11973 
f 12179 12184 11970 11969 
f 12184 12182 11972 11970 
f 12232 12228 11973 11974 
f 12234 12236 12075 11968 
f 12182 12188 12076 11972 
f 12186 12192 12077 11975 
f 12190 12194 12078 11976 
f 12198 12196 12079 11977 
f 12202 12200 12080 11978 
f 12238 12206 12081 11979 
f 12204 12210 12082 11980 
f 12208 12212 12083 11981 
f 12216 12214 12084 11982 
f 12240 12220 12085 11983 
f 12218 12224 12086 11984 
f 12222 12226 12087 11985 
f 11987 11969 12247 12249 
f 11971 11935 12250 12251 
f 11968 12253 12255 12074 
f 11971 12251 12257 11973 
f 11970 12259 12247 11969 
f 11972 12261 12259 11970 
f 11973 12257 12263 11974 
f 11974 12263 12265 12075 
f 11975 12267 12269 12076 
f 11976 12271 12273 12077 
f 11977 12275 12277 12078 
f 11978 12279 12281 12079 
f 11979 12283 12285 12080 
f 11980 12287 12289 12081 
f 11981 12291 12293 12082 
f 11982 12295 12297 12083 
f 11983 12299 12301 12084 
f 11984 12303 12305 12085 
f 11985 12307 12309 12086 
f 11986 12311 12313 12087 
f 11971 12230 12242 11935 
f 11987 12181 12179 11969 
f 11988 11916 12123 12125 
f 11989 11913 12129 12131 
f 12126 12325 11990 
f 12132 12128 11966 11993 
f 12457 12436 11964 11994 
f 12445 12463 11967 11994 
f 12005 12008 11993 11966 
f 11937 12009 11991 11936 
f 12329 11990 12328 
f 12328 11990 12327 
f 12327 11990 12326 
f 12326 11990 12325 
f 12319 12321 11993 
f 12316 12319 11993 
f 12321 12323 11993 
f 12323 12322 12250 12324 
f 12454 12455 11967 
f 12007 12017 11932 11934 
f 12017 12016 11931 11932 
f 12016 12015 11930 11931 
f 12015 12014 11929 11930 
f 12014 12013 11928 11929 
f 12013 12012 11927 11928 
f 12012 12010 11925 11927 
f 12010 12018 11995 11925 
f 12011 12006 11933 11926 
f 12018 12011 11926 11995 
f 11992 11933 12006 12008 
f 11990 12462 12460 12009 
f 11946 11992 12008 12005 
f 11965 11990 12009 11937 
f 11921 12003 12017 12007 
f 12003 12002 12016 12017 
f 12002 12001 12015 12016 
f 12001 12000 12014 12015 
f 12000 11999 12013 12014 
f 11999 11998 12012 12013 
f 11998 11996 12010 12012 
f 11996 12004 12018 12010 
f 11997 12315 12006 12011 
f 12004 11997 12011 12018 
f 12315 11997 12041 12032 
f 12003 11921 12043 12033 
f 12002 12003 12033 12034 
f 12001 12002 12034 12035 
f 12000 12001 12035 12036 
f 11999 12000 12036 12037 
f 11998 11999 12037 12038 
f 11996 11998 12038 12039 
f 12004 11996 12039 12040 
f 11997 12004 12040 12041 
f 12054 12052 12088 12019 
f 12055 12053 12028 12020 
f 12020 12028 12089 12021 
f 12021 12089 12029 12022 
f 12022 12029 12090 12023 
f 12023 12090 12030 12024 
f 12024 12030 12091 12025 
f 12025 12091 12031 12026 
f 12026 12031 12092 12027 
f 12027 12092 12052 12054 
f 12041 12054 12019 12032 
f 12043 12055 12020 12033 
f 12033 12020 12021 12034 
f 12034 12021 12022 12035 
f 12035 12022 12023 12036 
f 12036 12023 12024 12037 
f 12037 12024 12025 12038 
f 12038 12025 12026 12039 
f 12039 12026 12027 12040 
f 12040 12027 12054 12041 
f 12052 12056 12093 12088 
f 12053 12057 12094 
f 12028 12044 12095 12089 
f 12089 12045 12096 
f 12029 12046 12097 12090 
f 12090 12047 12098 
f 12030 12048 12099 12091 
f 12091 12049 12100 
f 12031 12050 12101 12092 
f 12092 12051 12102 
f 12056 12308 12314 12093 
f 12057 12272 12278 12094 
f 12044 12276 12282 12095 
f 12045 12280 12286 12096 
f 12046 12284 12290 12097 
f 12047 12288 12294 12098 
f 12048 12292 12298 12099 
f 12049 12296 12302 12100 
f 12050 12300 12306 12101 
f 12051 12304 12310 12102 
f 12058 12268 12274 12103 
f 12058 12103 12053 12060 
f 12262 12459 12059 12260 
f 11924 12249 12248 12059 
f 12059 12459 12458 12061 
f 12061 12458 12063 
f 12063 12062 12064 12065 
f 12043 11921 12064 
f 12061 11923 11924 12059 
f 12060 12053 12055 12062 
f 12063 11922 11923 12061 
f 12062 12055 12043 12064 
f 12065 11920 11922 12063 
f 11921 12462 11920 12065 
f 11921 12065 12064 
f 12248 12260 12059 
f 12073 12317 12315 
f 12042 12312 12256 12104 
f 12066 12067 12068 12071 
f 12071 12068 12070 12069 
f 12069 12070 12073 12072 
f 12067 12322 12320 12068 
f 12071 12088 12104 12066 
f 12068 12320 12318 12070 
f 12069 12019 12088 12071 
f 12070 12318 12317 12073 
f 12072 12032 12019 12069 
f 12254 12266 12067 12066 
f 12264 12258 12067 
f 12258 12252 12067 
f 12252 12250 12322 12067 
f 12315 12032 12072 
f 12315 12072 12073 
f 12338 12410 12235 12176 
f 12237 12235 12410 12345 
f 12189 12183 12414 12351 
f 12193 12187 12347 12357 
f 12359 12366 12199 12195 
f 12362 12372 12203 12197 
f 12368 12416 12239 12201 
f 12207 12239 12416 12378 
f 12211 12205 12374 12384 
f 12386 12393 12217 12213 
f 12389 12419 12241 12215 
f 12221 12241 12419 12399 
f 12225 12219 12395 12405 
f 12227 12223 12401 12408 
f 12175 12234 11968 12074 
f 12236 12232 11974 12075 
f 12188 12186 11975 12076 
f 12192 12190 11976 12077 
f 12194 12198 11977 12078 
f 12196 12202 11978 12079 
f 12200 12238 11979 12080 
f 12206 12204 11980 12081 
f 12210 12208 11981 12082 
f 12212 12216 11982 12083 
f 12214 12240 11983 12084 
f 12220 12218 11984 12085 
f 12224 12222 11985 12086 
f 12226 12177 11986 12087 
f 12255 12311 11986 12074 
f 12265 12253 11968 12075 
f 12269 12261 11972 12076 
f 12273 12267 11975 12077 
f 12277 12271 11976 12078 
f 12281 12275 11977 12079 
f 12285 12279 11978 12080 
f 12289 12283 11979 12081 
f 12293 12287 11980 12082 
f 12297 12291 11981 12083 
f 12301 12295 11982 12084 
f 12305 12299 11983 12085 
f 12309 12303 11984 12086 
f 12313 12307 11985 12087 
f 12093 12042 12088 
f 12094 12044 12028 12053 
f 12095 12045 12089 
f 12096 12046 12029 12089 
f 12097 12047 12090 
f 12098 12048 12030 12090 
f 12099 12049 12091 
f 12100 12050 12031 12091 
f 12101 12051 12092 
f 12102 12056 12052 12092 
f 12314 12312 12042 12093 
f 12278 12276 12044 12094 
f 12282 12280 12045 12095 
f 12286 12284 12046 12096 
f 12290 12288 12047 12097 
f 12294 12292 12048 12098 
f 12298 12296 12049 12099 
f 12302 12300 12050 12100 
f 12306 12304 12051 12101 
f 12310 12308 12056 12102 
f 12274 12272 12057 12103 
f 12103 12057 12053 
f 12256 12254 12066 12104 
f 12088 12042 12104 
f 12110 12336 12109 
f 12150 11915 12426 12422 
f 11960 12167 12432 12428 
f 11960 12428 12426 11915 
f 12107 12185 12180 12106 
f 11963 11960 11915 11919 
f 11962 11963 11919 11918 
f 11961 11962 11918 11917 
f 11914 11961 11917 11916 
f 11989 11914 11916 11988 
f 11989 11988 11913 
f 12149 12435 12105 
f 12105 12435 12106 
f 12106 12435 12107 
f 12107 12435 12414 12183 
f 12168 12243 12242 12108 
f 12108 12242 12231 12109 
f 12109 12231 12229 12110 
f 12110 12229 12233 12111 
f 12111 12233 12237 
f 12120 12125 12124 12118 
f 12174 12131 12130 12172 
f 12129 12135 12133 12127 
f 12152 12150 12148 12151 
f 12123 12156 12154 12121 
f 12156 12159 12157 12154 
f 12159 12152 12151 12157 
f 12158 12155 12154 12157 
f 12149 12153 12151 12148 
f 12126 12119 12118 12124 
f 12153 12158 12157 12151 
f 12155 12122 12121 12154 
f 12164 12162 12160 12163 
f 12168 12332 12166 
f 12162 12170 12169 12160 
f 12173 12164 12163 12172 
f 12167 12171 12169 12166 
f 12165 12174 12172 12163 
f 12161 12165 12163 12160 
f 12171 12161 12160 12169 
f 12144 12146 12145 12142 
f 12138 12144 12142 12136 
f 12140 12138 12136 12139 
f 12135 12140 12139 12133 
f 12146 12116 12115 12145 
f 12116 12114 12112 12115 
f 12114 12120 12118 12112 
f 12134 12128 12127 12133 
f 12141 12134 12133 12139 
f 12137 12141 12139 12136 
f 12143 12137 12136 12142 
f 12147 12143 12142 12145 
f 12117 12147 12145 12115 
f 12113 12117 12115 12112 
f 12119 12113 12112 12118 
f 12125 12123 12121 12124 
f 12131 12129 12127 12130 
f 12122 12126 12124 12121 
f 12128 12132 12130 12127 
f 12132 12173 12172 12130 
f 12150 12422 12148 
f 12432 12167 12166 12332 
f 12170 12168 12166 12169 
f 12422 12435 12149 12148 
f 12178 12176 12175 12177 
f 12181 12180 12179 
f 12185 12183 12182 12184 
f 12189 12187 12186 12188 
f 12193 12191 12190 12192 
f 12191 12195 12194 12190 
f 12199 12197 12196 12198 
f 12203 12201 12200 12202 
f 12207 12205 12204 12206 
f 12211 12209 12208 12210 
f 12209 12213 12212 12208 
f 12217 12215 12214 12216 
f 12221 12219 12218 12220 
f 12225 12223 12222 12224 
f 12227 12178 12177 12226 
f 12176 12235 12234 12175 
f 12235 12237 12236 12234 
f 12183 12189 12188 12182 
f 12187 12193 12192 12186 
f 12195 12199 12198 12194 
f 12197 12203 12202 12196 
f 12201 12239 12238 12200 
f 12239 12207 12206 12238 
f 12205 12211 12210 12204 
f 12213 12217 12216 12212 
f 12215 12241 12240 12214 
f 12241 12221 12220 12240 
f 12219 12225 12224 12218 
f 12223 12227 12226 12222 
f 12180 12185 12184 12179 
f 12231 12242 12230 
f 12229 12231 12230 12228 
f 12233 12229 12228 12232 
f 12237 12233 12232 12236 
f 12246 12153 12149 
f 12168 12170 12243 
f 12243 12170 12162 
f 12243 12162 12164 12244 
f 12266 12264 12067 
f 12325 12122 12155 12245 
f 12245 12155 12158 12246 
f 12246 12158 12153 
f 12314 12308 12307 12313 
f 12278 12272 12271 12277 
f 12282 12276 12275 12281 
f 12286 12280 12279 12285 
f 12290 12284 12283 12289 
f 12294 12288 12287 12293 
f 12298 12292 12291 12297 
f 12302 12296 12295 12301 
f 12306 12300 12299 12305 
f 12310 12304 12303 12309 
f 12274 12268 12267 12273 
f 12270 12262 12261 12269 
f 12248 12249 12247 
f 12262 12260 12259 12261 
f 12260 12248 12247 12259 
f 12256 12312 12311 12255 
f 12266 12254 12253 12265 
f 12258 12264 12263 12257 
f 12252 12258 12257 12251 
f 12252 12251 12250 
f 12312 12314 12313 12311 
f 12276 12278 12277 12275 
f 12280 12282 12281 12279 
f 12284 12286 12285 12283 
f 12288 12290 12289 12287 
f 12292 12294 12293 12291 
f 12296 12298 12297 12295 
f 12300 12302 12301 12299 
f 12304 12306 12305 12303 
f 12308 12310 12309 12307 
f 12272 12274 12273 12271 
f 12268 12270 12269 12267 
f 12254 12256 12255 12253 
f 12264 12266 12265 12263 
f 12316 12315 12317 
f 12321 12319 12318 12320 
f 12319 12316 12317 12318 
f 12323 12321 12320 12322 
f 12244 12164 12173 12324 
f 12324 12173 12132 11993 
f 12324 11993 12323 
f 12325 12249 11924 12326 
f 12326 11924 11923 12327 
f 12327 11923 11922 12328 
f 12328 11922 11920 12329 
s 2
f 12333 12335 12330 
f 12335 12344 12330 
f 12344 12411 12330 
f 12411 12339 12330 
f 12339 12341 12330 
f 12341 12407 12330 
f 12407 12402 12330 
f 12402 12404 12330 
f 12404 12396 12330 
f 12396 12398 12330 
f 12398 12420 12330 
f 12420 12390 12330 
f 12390 12392 12330 
f 12392 12387 12330 
f 12387 12381 12330 
f 12381 12383 12330 
f 12383 12375 12330 
f 12375 12377 12330 
f 12377 12417 12330 
f 12417 12369 12330 
f 12369 12371 12330 
f 12371 12363 12330 
f 12363 12365 12330 
f 12365 12360 12330 
f 12360 12354 12330 
f 12354 12356 12330 
f 12356 12348 12330 
f 12348 12350 12330 
f 12350 12413 12330 
f 12413 12434 12330 
f 12434 12423 12330 
f 12423 12425 12330 
f 12425 12429 12330 
f 12429 12431 12330 
f 12431 12333 12330 
s 1
f 12332 12336 12334 12331 
f 12338 12342 12340 12337 
f 12336 12345 12343 12334 
f 12347 12351 12349 12346 
f 12353 12357 12355 12352 
f 12359 12353 12352 12358 
f 12362 12366 12364 12361 
f 12368 12372 12370 12367 
f 12374 12378 12376 12373 
f 12380 12384 12382 12379 
f 12386 12380 12379 12385 
f 12389 12393 12391 12388 
f 12395 12399 12397 12394 
f 12401 12405 12403 12400 
f 12342 12408 12406 12340 
f 12410 12338 12337 12409 
f 12345 12410 12409 12343 
f 12351 12414 12412 12349 
f 12357 12347 12346 12355 
f 12366 12359 12358 12364 
f 12372 12362 12361 12370 
f 12416 12368 12367 12415 
f 12378 12416 12415 12376 
f 12384 12374 12373 12382 
f 12393 12386 12385 12391 
f 12419 12389 12388 12418 
f 12399 12419 12418 12397 
f 12405 12395 12394 12403 
f 12408 12401 12400 12406 
f 12422 12426 12424 12421 
f 12428 12432 12430 12427 
f 12426 12428 12427 12424 
f 12414 12435 12433 12412 
f 12432 12332 12331 12430 
f 12435 12422 12421 12433 
s 2
f 12335 12333 12331 12334 
f 12344 12335 12334 12343 
f 12411 12344 12343 12409 
f 12339 12411 12409 12337 
f 12341 12339 12337 12340 
f 12407 12341 12340 12406 
f 12402 12407 12406 12400 
f 12404 12402 12400 12403 
f 12396 12404 12403 12394 
f 12398 12396 12394 12397 
f 12420 12398 12397 12418 
f 12390 12420 12418 12388 
f 12392 12390 12388 12391 
f 12387 12392 12391 12385 
f 12381 12387 12385 12379 
f 12383 12381 12379 12382 
f 12375 12383 12382 12373 
f 12377 12375 12373 12376 
f 12417 12377 12376 12415 
f 12369 12417 12415 12367 
f 12371 12369 12367 12370 
f 12363 12371 12370 12361 
f 12365 12363 12361 12364 
f 12360 12365 12364 12358 
f 12354 12360 12358 12352 
f 12356 12354 12352 12355 
f 12348 12356 12355 12346 
f 12350 12348 12346 12349 
f 12413 12350 12349 12412 
f 12434 12413 12412 12433 
f 12423 12434 12433 12421 
f 12425 12423 12421 12424 
f 12429 12425 12424 12427 
f 12431 12429 12427 12430 
f 12333 12431 12430 12331 
s 1
f 11946 11945 12437 12436 
f 11945 11947 12438 12437 
f 11947 11948 12439 12438 
f 11948 11949 12440 12439 
f 11949 11950 12441 12440 
f 11950 11951 12442 12441 
f 11951 11952 12443 12442 
f 11952 11936 12444 12443 
f 11936 11991 12445 12444 
f 11991 12461 12463 12445 
f 11934 11932 12447 12446 
f 11932 11931 12448 12447 
f 11931 11930 12449 12448 
f 11930 11929 12450 12449 
f 11929 11928 12451 12450 
f 11928 11927 12452 12451 
f 11927 11925 12453 12452 
f 11925 11995 12454 12453 
f 11995 11926 12455 12454 
f 11926 11933 12456 12455 
f 11933 11992 12457 12456 
f 11992 11946 12436 12457 
f 12459 12058 12060 12458 
f 12458 12060 12062 12063 
f 12262 12270 12459 
f 12270 12268 12058 12459 
f 12126 12122 12325 
f 12460 12007 11934 12461 
f 12462 11921 12007 12460 
f 12461 11934 12446 12463 
f 12462 11990 12329 
f 12462 12329 11920 
f 12463 12446 11967 
f 12468 12471 12474 12464 
f 12466 12465 12469 12470 
f 12470 12467 12501 12466 
f 12471 12468 12467 12470 
f 12474 12471 12476 
f 12471 12470 12469 12476 
f 12477 12469 12465 12472 
f 12476 12475 12473 12474 
f 12476 12469 12477 12475 
f 12482 12480 12481 12478 
f 12562 12479 12486 12483 
f 12481 12480 12486 12479 
f 12485 12490 12492 12488 
f 12484 12483 12486 12487 
f 12489 12484 12487 12494 
f 12488 12492 12494 12487 
f 12482 12485 12488 12480 
f 12488 12487 12486 12480 
f 12491 12493 12492 12490 
f 12495 12494 12492 12493 
f 12496 12489 12494 12495 
f 12500 12501 12467 12499 
f 12497 12498 12468 12464 
f 12499 12467 12468 12498 
f 12502 12504 12503 12530 
f 12505 12535 12503 12504 
f 12506 12534 12535 12505 
f 12511 12517 12513 12507 
f 12510 12509 12558 12508 
f 12510 12517 12511 12509 
f 12515 12519 12516 12512 
f 12514 12513 12517 12518 
f 12518 12522 12525 12514 
f 12519 12515 12522 12518 
f 12508 12516 12519 12510 
f 12519 12518 12517 12510 
f 12524 12525 12522 12523 
f 12520 12521 12515 12512 
f 12523 12522 12515 12521 
f 12531 12528 12529 12526 
f 12555 12527 12537 12532 
f 12529 12528 12537 12527 
f 12536 12530 12503 12539 
f 12533 12532 12537 12538 
f 12534 12533 12538 12535 
f 12539 12503 12535 12538 
f 12531 12536 12539 12528 
f 12537 12528 12539 12538 
f 12525 12524 12502 12530 
f 12514 12525 12530 12536 
f 12513 12514 12536 12531 
f 12507 12513 12531 12526 
f 12482 12478 12472 12465 
f 12485 12482 12465 12466 
f 12490 12485 12466 12501 
f 12491 12490 12501 12500 
f 12477 12472 12540 12543 
f 12473 12475 12542 12541 
f 12475 12477 12543 12542 
f 12479 12562 12561 12545 
f 12481 12479 12545 12546 
f 12478 12481 12546 12544 
f 12472 12478 12544 12540 
f 12511 12507 12547 12549 
f 12558 12509 12548 12557 
f 12509 12511 12549 12548 
f 12527 12555 12554 12551 
f 12529 12527 12551 12552 
f 12526 12529 12552 12550 
f 12507 12526 12550 12547 
f 12534 12553 12533 
f 12520 12512 12556 
f 12497 12464 12559 
f 12489 12560 12484 
f 12563 12566 12565 12564 
f 12567 12570 12569 12568 
f 12570 12567 12572 12571 
f 12564 12570 12571 12563 
f 12573 12564 12565 
f 12564 12573 12569 12570 
f 12574 12575 12568 12569 
f 12573 12565 12577 12576 
f 12573 12576 12574 12569 
f 12578 12581 12580 12579 
f 12582 12585 12584 12583 
f 12580 12583 12584 12579 
f 12586 12589 12588 12587 
f 12590 12591 12584 12585 
f 12592 12593 12591 12590 
f 12589 12591 12593 12588 
f 12578 12579 12589 12586 
f 12589 12579 12584 12591 
f 12594 12587 12588 12595 
f 12596 12595 12588 12593 
f 12597 12596 12593 12592 
f 12598 12599 12571 12572 
f 12600 12566 12563 12601 
f 12599 12601 12563 12571 
f 12602 12605 12604 12603 
f 12606 12603 12604 12607 
f 12608 12606 12607 12609 
f 12610 12613 12612 12611 
f 12614 12617 12616 12615 
f 12614 12615 12610 12611 
f 12618 12621 12620 12619 
f 12622 12623 12611 12612 
f 12623 12622 12625 12624 
f 12619 12623 12624 12618 
f 12617 12614 12619 12620 
f 12619 12614 12611 12623 
f 12626 12627 12624 12625 
f 12628 12621 12618 12629 
f 12627 12629 12618 12624 
f 12630 12633 12632 12631 
f 12634 12637 12636 12635 
f 12632 12635 12636 12631 
f 12638 12639 12604 12605 
f 12640 12641 12636 12637 
f 12609 12607 12641 12640 
f 12639 12641 12607 12604 
f 12630 12631 12639 12638 
f 12636 12641 12639 12631 
f 12625 12605 12602 12626 
f 12622 12638 12605 12625 
f 12612 12630 12638 12622 
f 12613 12633 12630 12612 
f 12578 12568 12575 12581 
f 12586 12567 12568 12578 
f 12587 12572 12567 12586 
f 12594 12598 12572 12587 
f 12574 12643 12642 12575 
f 12577 12645 12644 12576 
f 12576 12644 12643 12574 
f 12583 12647 12646 12582 
f 12580 12648 12647 12583 
f 12581 12649 12648 12580 
f 12575 12642 12649 12581 
f 12610 12651 12650 12613 
f 12616 12653 12652 12615 
f 12615 12652 12651 12610 
f 12635 12655 12654 12634 
f 12632 12656 12655 12635 
f 12633 12657 12656 12632 
f 12613 12650 12657 12633 
f 12609 12658 12608 
f 12628 12659 12621 
f 12600 12661 12566 
f 12592 12662 12597 
f 12592 12590 12662 
f 12590 12585 12662 
f 12585 12582 12662 
f 12582 12646 12662 
f 12661 12660 12645 12577 
f 12661 12577 12565 
f 12661 12565 12566 
f 12560 12561 12562 
f 12560 12562 12483 
f 12560 12483 12484 
f 12489 12496 12560 
f 12464 12474 12559 
f 12474 12473 12559 
f 12473 12541 12559 
f 12659 12653 12616 
f 12659 12616 12617 
f 12659 12617 12620 
f 12659 12620 12621 
f 12609 12640 12658 
f 12640 12637 12658 
f 12637 12634 12658 
f 12634 12654 12658 
f 12512 12516 12556 
f 12516 12508 12556 
f 12508 12558 12556 
f 12558 12557 12556 
f 12534 12506 12553 
f 12553 12532 12533 
f 12553 12555 12532 
f 12553 12554 12555 
f 13809 13810 12663 12680 
f 12666 13760 12665 
f 12668 13760 12667 
f 12669 13760 12668 
f 12671 13759 13760 12669 
f 12673 13812 13759 12671 
f 12675 13811 13812 12673 
f 13814 13839 13840 13813 
f 12680 12682 13808 13809 
f 12682 13807 13808 
f 13833 13834 12682 
f 13835 13807 13834 
f 13836 13807 13835 
f 13836 13837 13806 13807 
f 13837 13816 13805 13806 
f 13838 13815 13816 13837 
f 13839 13814 13815 13838 
f 13765 13766 12712 12713 
f 13772 13773 12704 12705 
f 12700 13775 13776 12710 
f 12702 13774 13775 12700 
f 12704 13773 13774 12702 
f 13777 12708 12710 13776 
f 13257 12708 13777 13778 
f 13767 13768 12695 12711 
f 13766 13767 12711 12712 
f 12713 12696 13764 13765 
f 12675 12663 13810 13811 
f 13764 12696 12720 13763 
f 12718 12722 13761 13762 
f 12720 12718 13762 13763 
f 12722 12665 13760 13761 
f 13772 12705 12726 13771 
f 12724 12728 13769 13770 
f 12726 12724 13770 13771 
f 12728 12695 13768 13769 
f 12756 12757 12759 12760 
f 12770 12771 12774 12775 
f 12758 12757 12762 12761 
f 12761 12762 12764 12766 
f 12766 12764 12768 12767 
f 12767 12768 12771 12770 
f 12744 12745 12773 
f 12664 12670 12805 12804 
f 12670 12672 12806 12805 
f 12672 12717 12807 12806 
f 12717 12674 12808 12807 
f 12674 12676 12809 12808 
f 12676 12679 12810 12809 
f 12679 12681 12811 12810 
f 12681 12686 12812 12811 
f 12686 13238 13301 12812 
f 12707 12706 12813 13303 
f 12706 12709 12814 12813 
f 12709 12699 12815 12814 
f 12699 12701 12816 12815 
f 12701 12703 12817 12816 
f 12703 12698 12818 12817 
f 12698 12729 12819 12818 
f 12729 12725 12820 12819 
f 12725 12727 12821 12820 
f 12727 12694 12822 12821 
f 12694 12716 12823 12822 
f 12716 12715 12824 12823 
f 12715 12714 12825 12824 
f 12714 12697 12826 12825 
f 12697 12723 12827 12826 
f 12723 12719 12828 12827 
f 12719 12721 12829 12828 
f 12721 12664 12804 12829 
f 12758 12738 13321 13322 
f 12757 12758 13322 12759 
f 12760 13323 12739 12756 
f 12772 12743 12744 12773 
f 12771 12772 12773 12774 
f 12775 12730 12731 12770 
f 12756 12739 12740 12763 
f 12757 12756 12763 12762 
f 12761 12737 12738 12758 
f 12763 12740 12741 12765 
f 12762 12763 12765 12764 
f 12766 12736 12737 12761 
f 12766 12735 12736 
f 12765 12741 12742 12769 
f 12764 12765 12769 12768 
f 12767 12734 12735 12766 
f 12769 12742 12743 12772 
f 12768 12769 12772 12771 
f 12770 12733 12734 12767 
f 12751 12752 12753 12775 
f 12749 12750 12774 12773 
f 12750 12751 12775 12774 
f 12731 12732 12770 
f 12770 12732 12733 
f 12745 12746 12773 
f 12746 12747 12773 
f 12747 12748 12749 12773 
f 12753 12754 12775 
f 12754 12755 12775 
f 12755 12730 12775 
f 12777 12831 12830 12776 
f 12778 12832 12831 12777 
f 12779 12833 12832 12778 
f 12780 12834 12833 12779 
f 12781 12835 12834 12780 
f 12782 12836 12835 12781 
f 12783 12837 12836 12782 
f 12784 12838 12837 12783 
f 12785 13369 12838 12784 
f 12786 12839 13372 12803 
f 12787 12840 12839 12786 
f 12788 12841 12840 12787 
f 12789 12842 12841 12788 
f 12790 12843 12842 12789 
f 12791 12844 12843 12790 
f 12792 12845 12844 12791 
f 12793 12846 12845 12792 
f 12794 12847 12846 12793 
f 12795 12848 12847 12794 
f 12796 12849 12848 12795 
f 12797 12850 12849 12796 
f 12798 12851 12850 12797 
f 12799 12852 12851 12798 
f 12800 12853 12852 12799 
f 12801 12854 12853 12800 
f 12802 12855 12854 12801 
f 12776 12830 12855 12802 
f 12805 12777 12776 12804 
f 12806 12778 12777 12805 
f 12807 12779 12778 12806 
f 12808 12780 12779 12807 
f 12809 12781 12780 12808 
f 12810 12782 12781 12809 
f 12811 12783 12782 12810 
f 12812 12784 12783 12811 
f 13301 12785 12784 12812 
f 12813 12786 12803 13303 
f 12814 12787 12786 12813 
f 12815 12788 12787 12814 
f 12816 12789 12788 12815 
f 12817 12790 12789 12816 
f 12818 12791 12790 12817 
f 12819 12792 12791 12818 
f 12820 12793 12792 12819 
f 12821 12794 12793 12820 
f 12822 12795 12794 12821 
f 12823 12796 12795 12822 
f 12824 12797 12796 12823 
f 12825 12798 12797 12824 
f 12826 12799 12798 12825 
f 12827 12800 12799 12826 
f 12828 12801 12800 12827 
f 12829 12802 12801 12828 
f 12804 12776 12802 12829 
f 12831 12731 12730 12830 
f 12832 12732 12731 12831 
f 12833 12733 12732 12832 
f 12834 12734 12733 12833 
f 12835 12735 12734 12834 
f 12836 12736 12735 12835 
f 12837 12737 12736 12836 
f 12838 12738 12737 12837 
f 13369 13321 12738 12838 
f 12839 12739 13323 13372 
f 12840 12740 12739 12839 
f 12841 12741 12740 12840 
f 12842 12742 12741 12841 
f 12843 12743 12742 12842 
f 12844 12744 12743 12843 
f 12845 12745 12744 12844 
f 12846 12746 12745 12845 
f 12847 12747 12746 12846 
f 12848 12748 12747 12847 
f 12849 12749 12748 12848 
f 12850 12750 12749 12849 
f 12851 12751 12750 12850 
f 12852 12752 12751 12851 
f 12853 12753 12752 12852 
f 12854 12754 12753 12853 
f 12855 12755 12754 12854 
f 12830 12730 12755 12855 
f 13760 12666 12667 
f 13813 13840 13841 13832 
f 12680 12663 12911 12920 
f 12666 12665 12912 12913 
f 12667 12666 12913 12914 
f 12668 12667 12914 12915 
f 12669 12668 12915 12916 
f 12671 12669 12916 12917 
f 12673 12671 12917 12918 
f 12675 12673 12918 12919 
f 12663 12675 12919 12911 
f 12682 12680 12920 12921 
f 13833 12682 12921 13852 
f 12711 12695 12923 12931 
f 12702 12700 12925 12926 
f 12704 12702 12926 12927 
f 12705 12704 12927 12928 
f 12708 13257 13425 12929 
f 12710 12708 12929 12930 
f 12700 12710 12930 12925 
f 12712 12711 12931 12932 
f 12713 12712 12932 12933 
f 12696 12713 12933 12924 
f 12720 12696 12924 12935 
f 12722 12718 12934 12936 
f 12718 12720 12935 12934 
f 12665 12722 12936 12912 
f 12726 12705 12928 12938 
f 12728 12724 12937 12939 
f 12724 12726 12938 12937 
f 12695 12728 12939 12923 
f 12881 12940 12949 12890 
f 12882 12941 12942 12883 
f 12883 12942 12943 12884 
f 12884 12943 12944 12885 
f 12885 12944 12945 12886 
f 12886 12945 12946 12887 
f 12887 12946 12947 12888 
f 12888 12947 12948 12889 
f 12889 12948 12940 12881 
f 12890 12949 12950 12891 
f 12891 12950 13850 13851 
f 12893 12952 12960 12902 
f 12895 12954 12955 12896 
f 12896 12955 12956 12897 
f 12897 12956 12957 12898 
f 12899 13473 12958 12900 
f 12900 12958 12959 12901 
f 12901 12959 12954 12895 
f 12902 12960 12961 12903 
f 12903 12961 12962 12904 
f 12904 12962 12953 12894 
f 12894 12953 12964 12906 
f 12905 12963 12965 12907 
f 12906 12964 12963 12905 
f 12907 12965 12941 12882 
f 12898 12957 12967 12909 
f 12908 12966 12968 12910 
f 12909 12967 12966 12908 
f 12910 12968 12952 12893 
f 12911 12881 12890 12920 
f 12912 12882 12883 12913 
f 12913 12883 12884 12914 
f 12914 12884 12885 12915 
f 12915 12885 12886 12916 
f 12916 12886 12887 12917 
f 12917 12887 12888 12918 
f 12918 12888 12889 12919 
f 12919 12889 12881 12911 
f 12920 12890 12891 12921 
f 12921 12891 13851 13852 
f 12923 12893 12902 12931 
f 12925 12895 12896 12926 
f 12926 12896 12897 12927 
f 12927 12897 12898 12928 
f 13425 12899 12900 12929 
f 12929 12900 12901 12930 
f 12930 12901 12895 12925 
f 12931 12902 12903 12932 
f 12932 12903 12904 12933 
f 12933 12904 12894 12924 
f 12924 12894 12906 12935 
f 12934 12905 12907 12936 
f 12935 12906 12905 12934 
f 12936 12907 12882 12912 
f 12928 12898 12909 12938 
f 12937 12908 12910 12939 
f 12938 12909 12908 12937 
f 12939 12910 12893 12923 
f 12940 13025 12981 12949 
f 12941 12858 12859 12942 
f 12942 12859 12860 12943 
f 12943 12860 12861 12944 
f 12944 12861 12983 12945 
f 12945 12983 13026 12946 
f 12946 13026 13027 12947 
f 12947 13027 12862 12948 
f 12948 12862 13025 12940 
f 12949 12981 13024 12950 
f 12950 13024 13849 13850 
f 12952 12864 12872 12960 
f 12954 12866 12867 12955 
f 12955 12867 12868 12956 
f 12956 12868 12869 12957 
f 13473 13514 12870 12958 
f 12958 12870 12871 12959 
f 12959 12871 12866 12954 
f 12960 12872 12873 12961 
f 12961 12873 12874 12962 
f 12962 12874 12865 12953 
f 12953 12865 12876 12964 
f 12963 12875 12877 12965 
f 12964 12876 12875 12963 
f 12965 12877 12858 12941 
f 12957 12869 12879 12967 
f 12966 12878 12880 12968 
f 12967 12879 12878 12966 
f 12968 12880 12864 12952 
f 13834 13807 12682 
f 13842 13843 13830 13831 
f 13841 13842 13831 13832 
f 13843 13844 13829 13830 
f 13828 13845 13846 13827 
f 13160 12979 12978 13159 
f 13160 13161 12980 12979 
f 13162 12982 12980 13161 
f 13165 13166 12986 13164 
f 13167 12986 13166 
f 13167 13168 12986 
f 13169 12986 13168 
f 13171 12986 13170 
f 13172 12986 13171 
f 13173 12986 13172 
f 13176 13177 12994 
f 13177 13178 12994 
f 13180 12995 13179 
f 13181 12995 13180 
f 13182 12995 13181 
f 13183 13032 12995 13182 
f 13185 13004 13003 13184 
f 13185 13186 13006 13004 
f 13572 13008 13006 13186 
f 13190 13203 13189 
f 13149 13196 13197 13148 
f 12978 13847 13848 13159 
f 12986 12982 13162 13163 
f 12986 13163 13164 
f 13169 13170 12986 
f 12993 12986 13173 13174 
f 13029 12993 13174 13175 
f 13178 13179 12995 12994 
f 13183 13184 13003 13032 
f 13151 13199 13198 13150 
f 13156 13207 13023 
f 13187 13188 13204 13202 
f 13194 13205 13015 
f 13194 13015 13203 
f 13193 13194 13203 
f 13192 13193 13203 
f 13191 13192 13203 
f 13190 13191 13203 
f 13018 13017 13046 13047 
f 13033 13018 13047 13048 
f 13019 13033 13048 13049 
f 13020 13019 13049 13050 
f 13021 13020 13050 13051 
f 13034 13021 13051 13052 
f 13035 13034 13052 13053 
f 13022 13035 13053 13044 
f 13152 13199 13151 
f 13156 13023 13199 
f 13155 13156 13199 
f 13154 13155 13199 
f 13153 13154 13199 
f 13152 13153 13199 
f 13145 13146 13200 
f 13141 13200 13042 
f 13142 13200 13141 
f 13143 13200 13142 
f 13144 13200 13143 
f 13145 13200 13144 
f 13146 13147 13201 13200 
f 13141 13042 13206 
f 13147 13148 13197 13201 
f 13040 13041 13055 13056 
f 13039 13040 13056 13057 
f 13038 13039 13057 13058 
f 13037 13038 13058 13059 
f 13036 13037 13059 13060 
f 13043 13036 13060 13061 
f 13017 13043 13061 13046 
f 13157 13158 12977 13045 
f 13046 12689 12687 13047 
f 13047 12687 12685 13048 
f 13048 12685 12684 13049 
f 13049 12684 12683 13050 
f 13050 12683 12951 13051 
f 13051 12951 12892 13052 
f 13052 12892 12922 13053 
f 13053 12922 12863 13044 
f 13054 12975 13139 13140 
f 13055 12856 12973 13056 
f 13056 12973 12969 13057 
f 13057 12969 12971 13058 
f 13058 12971 12677 13059 
f 13059 12677 12693 13060 
f 13060 12693 12691 13061 
f 13061 12691 12689 13046 
f 13188 13189 13203 13204 
f 13062 13016 13065 13066 
f 13009 13062 13066 13067 
f 13010 13009 13067 13068 
f 13011 13010 13068 13069 
f 13012 13011 13069 13070 
f 13013 13012 13070 13071 
f 13014 13013 13071 13063 
f 13195 13138 12976 13064 
f 13065 12688 12690 13066 
f 13066 12690 12692 13067 
f 13067 12692 12678 13068 
f 13068 12678 12974 13069 
f 13069 12974 12970 13070 
f 13070 12970 12972 13071 
f 13071 12972 12857 13063 
f 13673 13007 13095 13117 
f 12985 12984 13096 13119 
f 12871 12870 13116 13120 
f 12866 12871 13120 13121 
f 12867 12866 13121 13122 
f 12868 12867 13122 13123 
f 12869 12868 13123 13124 
f 12879 12869 13124 13125 
f 12878 12879 13125 13126 
f 12880 12878 13126 13127 
f 12864 12880 13127 13128 
f 12872 13109 13130 12873 
f 12865 13107 13111 12876 
f 12876 13111 13134 12875 
f 12877 13113 13136 12858 
f 12859 13115 13097 12860 
f 13030 13028 13110 13108 
f 12994 13029 13175 13176 
f 12872 12864 13128 13109 
f 13028 12992 13129 13110 
f 12990 12989 13135 13112 
f 12988 12987 13137 13114 
f 13073 13116 13714 13074 
f 13075 13118 13097 13076 
f 13073 13095 13098 13077 
f 13077 13098 13099 13078 
f 13078 13099 13100 13079 
f 13079 13100 13101 13080 
f 13080 13101 13102 13081 
f 13081 13102 13103 13082 
f 13082 13103 13104 13083 
f 13083 13104 13105 13084 
f 13084 13105 13106 13085 
f 13088 13131 13108 13087 
f 13086 13129 13133 13090 
f 13090 13133 13112 13091 
f 13092 13135 13114 13093 
f 13094 13137 13119 13076 
f 13089 13132 13130 13087 
f 13085 13106 13131 13088 
f 13086 13107 13132 13089 
f 13092 13113 13134 13091 
f 13094 13115 13136 13093 
f 13095 13073 13074 13117 
f 13096 13075 13076 13119 
f 13116 13073 13077 13120 
f 13120 13077 13078 13121 
f 13121 13078 13079 13122 
f 13122 13079 13080 13123 
f 13123 13080 13081 13124 
f 13124 13081 13082 13125 
f 13125 13082 13083 13126 
f 13126 13083 13084 13127 
f 13127 13084 13085 13128 
f 13109 13088 13087 13130 
f 13107 13086 13090 13111 
f 13111 13090 13091 13134 
f 13113 13092 13093 13136 
f 13115 13094 13076 13097 
f 13110 13089 13087 13108 
f 13128 13085 13088 13109 
f 13129 13086 13089 13110 
f 13135 13092 13091 13112 
f 13137 13094 13093 13114 
f 13116 12870 13514 13714 
f 13118 12861 12860 13097 
f 13095 13007 13005 13098 
f 13098 13005 13031 13099 
f 13099 13031 13002 13100 
f 13100 13002 13001 13101 
f 13101 13001 13000 13102 
f 13102 13000 12999 13103 
f 13103 12999 12998 13104 
f 13104 12998 12997 13105 
f 13105 12997 12996 13106 
f 13131 13072 13030 13108 
f 13129 12992 12991 13133 
f 13133 12991 12990 13112 
f 13135 12989 12988 13114 
f 13137 12987 12985 13119 
f 13132 12874 12873 13130 
f 13106 12996 13072 13131 
f 13107 12865 12874 13132 
f 13113 12877 12875 13134 
f 13115 12859 12858 13136 
f 12861 13118 12983 
f 13075 13096 12983 
f 13096 12984 12983 
f 13118 13075 12983 
f 13829 13844 13845 13828 
f 12856 13055 13140 13139 
f 13055 13041 13206 13140 
f 13040 13039 13143 13142 
f 13039 13038 13144 13143 
f 13038 13037 13145 13144 
f 13037 13036 13146 13145 
f 13036 13043 13147 13146 
f 13043 13017 13148 13147 
f 13017 13018 13149 13148 
f 13018 13033 13150 13149 
f 13033 13019 13151 13150 
f 13019 13020 13152 13151 
f 13020 13021 13153 13152 
f 13021 13034 13154 13153 
f 13034 13035 13155 13154 
f 13035 13022 13155 
f 13044 12863 13158 13157 
f 13849 13024 13159 13848 
f 13024 12981 13160 13159 
f 12981 13025 13161 13160 
f 13025 12862 13162 13161 
f 12862 13027 13163 13162 
f 13027 13026 13164 13163 
f 13026 12983 13165 13164 
f 12983 12984 13166 13165 
f 12984 12985 13167 13166 
f 12985 12987 13168 13167 
f 12987 12988 13169 13168 
f 12988 12989 13170 13169 
f 12989 12990 13171 13170 
f 12990 12991 13172 13171 
f 12991 12992 13173 13172 
f 12992 13028 13174 13173 
f 13028 13030 13175 13174 
f 13030 13072 13176 13175 
f 13072 12996 13177 13176 
f 12996 12997 13178 13177 
f 12997 12998 13179 13178 
f 12998 12999 13180 13179 
f 12999 13000 13181 13180 
f 13000 13001 13182 13181 
f 13001 13002 13183 13182 
f 13002 13031 13184 13183 
f 13031 13005 13185 13184 
f 13005 13007 13186 13185 
f 13007 13673 13572 13186 
f 13016 13187 13594 13655 
f 13016 13062 13188 13187 
f 13062 13009 13189 13188 
f 13009 13010 13190 13189 
f 13010 13011 13191 13190 
f 13011 13012 13192 13191 
f 13012 13013 13193 13192 
f 13013 13014 13193 
f 13063 12857 13138 13195 
f 13196 13149 13150 13198 
f 13014 13063 13195 13205 
f 13205 13195 13064 13015 
f 13041 13142 13141 13206 
f 13042 13054 13140 13206 
f 13022 13044 13157 13207 
f 13207 13157 13045 13023 
f 13022 13207 13156 13155 
f 13041 13040 13142 
f 13014 13205 13194 13193 
s 4
f 13054 13042 13023 13045 
f 12975 13054 13045 12977 
f 13196 13198 13201 13197 
f 13199 13023 13042 13200 
f 13198 13199 13200 13201 
s 1
f 13801 13211 13210 13800 
f 13212 13214 13796 
f 13215 13216 13796 
f 13217 13215 13796 
f 13218 13217 13796 13797 
f 13220 13218 13797 13798 
f 13222 13220 13798 13799 
f 13819 13820 13853 13854 
f 13211 13801 13802 13228 
f 13228 13802 13803 
f 13860 13228 13859 
f 13858 13859 13803 
f 13857 13858 13803 
f 13857 13803 13804 13856 
f 13856 13804 13805 13817 
f 13855 13856 13817 13818 
f 13854 13855 13818 13819 
f 13791 13244 13243 13790 
f 13784 13248 13247 13783 
f 13249 13252 13780 13781 
f 13253 13249 13781 13782 
f 13247 13253 13782 13783 
f 13779 13780 13252 13256 
f 13257 13778 13779 13256 
f 13789 13261 13260 13788 
f 13790 13243 13261 13789 
f 13244 13791 13792 13262 
f 13222 13799 13800 13210 
f 13817 13805 13816 
f 13792 13793 13264 13262 
f 13266 13794 13795 13267 
f 13264 13793 13794 13266 
f 13267 13795 13796 13214 
f 13784 13785 13270 13248 
f 13272 13786 13787 13273 
f 13270 13785 13786 13272 
f 13273 13787 13788 13260 
f 13276 12760 12759 13277 
f 13278 13281 13280 13279 
f 13282 13284 13283 13277 
f 13284 13286 13285 13283 
f 13286 13288 13287 13285 
f 13288 13278 13279 13287 
f 13289 13291 13290 
f 13213 13293 13292 13219 
f 13219 13292 13294 13221 
f 13221 13294 13295 13223 
f 13223 13295 13296 13209 
f 13209 13296 13297 13208 
f 13208 13297 13298 13229 
f 13229 13298 13299 13230 
f 13230 13299 13300 13236 
f 13236 13300 13301 13238 
f 12707 13303 13302 13255 
f 13255 13302 13304 13251 
f 13251 13304 13305 13250 
f 13250 13305 13306 13254 
f 13254 13306 13307 13246 
f 13246 13307 13308 13245 
f 13245 13308 13309 13271 
f 13271 13309 13310 13275 
f 13275 13310 13311 13274 
f 13274 13311 13312 13259 
f 13259 13312 13313 13258 
f 13258 13313 13314 13242 
f 13242 13314 13315 13241 
f 13241 13315 13316 13263 
f 13263 13316 13317 13265 
f 13265 13317 13318 13269 
f 13269 13318 13319 13268 
f 13268 13319 13293 13213 
f 13282 13322 13321 13320 
f 13277 12759 13322 13282 
f 12760 13276 13324 13323 
f 13325 13291 13289 13326 
f 13279 13280 13291 13325 
f 13281 13278 13328 13327 
f 13276 13330 13329 13324 
f 13277 13283 13330 13276 
f 13284 13282 13320 13331 
f 13330 13333 13332 13329 
f 13283 13285 13333 13330 
f 13286 13284 13331 13334 
f 13286 13334 13335 
f 13333 13337 13336 13332 
f 13285 13287 13337 13333 
f 13288 13286 13335 13338 
f 13337 13325 13326 13336 
f 13287 13279 13325 13337 
f 13278 13288 13338 13339 
f 13340 13281 13342 13341 
f 13343 13291 13280 13344 
f 13344 13280 13281 13340 
f 13328 13278 13345 
f 13278 13339 13345 
f 13290 13291 13346 
f 13346 13291 13347 
f 13347 13291 13343 13348 
f 13342 13281 13349 
f 13349 13281 13350 
f 13350 13281 13327 
f 13351 13354 13353 13352 
f 13355 13351 13352 13356 
f 13357 13355 13356 13358 
f 13359 13357 13358 13360 
f 13361 13359 13360 13362 
f 13363 13361 13362 13364 
f 13365 13363 13364 13366 
f 13367 13365 13366 13368 
f 12785 13367 13368 13369 
f 13370 12803 13372 13371 
f 13373 13370 13371 13374 
f 13375 13373 13374 13376 
f 13377 13375 13376 13378 
f 13379 13377 13378 13380 
f 13381 13379 13380 13382 
f 13383 13381 13382 13384 
f 13385 13383 13384 13386 
f 13387 13385 13386 13388 
f 13389 13387 13388 13390 
f 13391 13389 13390 13392 
f 13393 13391 13392 13394 
f 13395 13393 13394 13396 
f 13397 13395 13396 13398 
f 13399 13397 13398 13400 
f 13401 13399 13400 13402 
f 13403 13401 13402 13404 
f 13354 13403 13404 13353 
f 13292 13293 13354 13351 
f 13294 13292 13351 13355 
f 13295 13294 13355 13357 
f 13296 13295 13357 13359 
f 13297 13296 13359 13361 
f 13298 13297 13361 13363 
f 13299 13298 13363 13365 
f 13300 13299 13365 13367 
f 13301 13300 13367 12785 
f 13302 13303 12803 13370 
f 13304 13302 13370 13373 
f 13305 13304 13373 13375 
f 13306 13305 13375 13377 
f 13307 13306 13377 13379 
f 13308 13307 13379 13381 
f 13309 13308 13381 13383 
f 13310 13309 13383 13385 
f 13311 13310 13385 13387 
f 13312 13311 13387 13389 
f 13313 13312 13389 13391 
f 13314 13313 13391 13393 
f 13315 13314 13393 13395 
f 13316 13315 13395 13397 
f 13317 13316 13397 13399 
f 13318 13317 13399 13401 
f 13319 13318 13401 13403 
f 13293 13319 13403 13354 
f 13352 13353 13327 13328 
f 13356 13352 13328 13345 
f 13358 13356 13345 13339 
f 13360 13358 13339 13338 
f 13362 13360 13338 13335 
f 13364 13362 13335 13334 
f 13366 13364 13334 13331 
f 13368 13366 13331 13320 
f 13369 13368 13320 13321 
f 13371 13372 13323 13324 
f 13374 13371 13324 13329 
f 13376 13374 13329 13332 
f 13378 13376 13332 13336 
f 13380 13378 13336 13326 
f 13382 13380 13326 13289 
f 13384 13382 13289 13290 
f 13386 13384 13290 13346 
f 13388 13386 13346 13347 
f 13390 13388 13347 13348 
f 13392 13390 13348 13343 
f 13394 13392 13343 13344 
f 13396 13394 13344 13340 
f 13398 13396 13340 13341 
f 13400 13398 13341 13342 
f 13402 13400 13342 13349 
f 13404 13402 13349 13350 
f 13353 13404 13350 13327 
f 13796 13216 13212 
f 13820 13821 13872 13853 
f 13211 13408 13407 13210 
f 13212 13410 13409 13214 
f 13216 13411 13410 13212 
f 13215 13412 13411 13216 
f 13217 13413 13412 13215 
f 13218 13414 13413 13217 
f 13220 13415 13414 13218 
f 13222 13416 13415 13220 
f 13210 13407 13416 13222 
f 13228 13417 13408 13211 
f 13860 13861 13417 13228 
f 13261 13420 13419 13260 
f 13253 13422 13421 13249 
f 13247 13423 13422 13253 
f 13248 13424 13423 13247 
f 13256 13426 13425 13257 
f 13252 13427 13426 13256 
f 13249 13421 13427 13252 
f 13243 13428 13420 13261 
f 13244 13429 13428 13243 
f 13262 13430 13429 13244 
f 13264 13431 13430 13262 
f 13267 13433 13432 13266 
f 13266 13432 13431 13264 
f 13214 13409 13433 13267 
f 13270 13434 13424 13248 
f 13273 13436 13435 13272 
f 13272 13435 13434 13270 
f 13260 13419 13436 13273 
f 13437 13440 13439 13438 
f 13441 13444 13443 13442 
f 13444 13446 13445 13443 
f 13446 13448 13447 13445 
f 13448 13450 13449 13447 
f 13450 13452 13451 13449 
f 13452 13454 13453 13451 
f 13454 13456 13455 13453 
f 13456 13437 13438 13455 
f 13440 13458 13457 13439 
f 13458 13862 13863 13457 
f 13461 13464 13463 13462 
f 13465 13468 13467 13466 
f 13468 13470 13469 13467 
f 13470 13472 13471 13469 
f 12899 13475 13474 13473 
f 13475 13477 13476 13474 
f 13477 13465 13466 13476 
f 13464 13479 13478 13463 
f 13479 13481 13480 13478 
f 13481 13483 13482 13480 
f 13483 13485 13484 13482 
f 13486 13489 13488 13487 
f 13485 13486 13487 13484 
f 13489 13441 13442 13488 
f 13472 13491 13490 13471 
f 13492 13495 13494 13493 
f 13491 13492 13493 13490 
f 13495 13461 13462 13494 
f 13407 13408 13440 13437 
f 13409 13410 13444 13441 
f 13410 13411 13446 13444 
f 13411 13412 13448 13446 
f 13412 13413 13450 13448 
f 13413 13414 13452 13450 
f 13414 13415 13454 13452 
f 13415 13416 13456 13454 
f 13416 13407 13437 13456 
f 13408 13417 13458 13440 
f 13417 13861 13862 13458 
f 13419 13420 13464 13461 
f 13421 13422 13468 13465 
f 13422 13423 13470 13468 
f 13423 13424 13472 13470 
f 13425 13426 13475 12899 
f 13426 13427 13477 13475 
f 13427 13421 13465 13477 
f 13420 13428 13479 13464 
f 13428 13429 13481 13479 
f 13429 13430 13483 13481 
f 13430 13431 13485 13483 
f 13432 13433 13489 13486 
f 13431 13432 13486 13485 
f 13433 13409 13441 13489 
f 13424 13434 13491 13472 
f 13435 13436 13495 13492 
f 13434 13435 13492 13491 
f 13436 13419 13461 13495 
f 13438 13439 13497 13496 
f 13442 13443 13499 13498 
f 13443 13445 13500 13499 
f 13445 13447 13501 13500 
f 13447 13449 13502 13501 
f 13449 13451 13503 13502 
f 13451 13453 13504 13503 
f 13453 13455 13505 13504 
f 13455 13438 13496 13505 
f 13439 13457 13506 13497 
f 13457 13863 13864 13506 
f 13462 13463 13509 13508 
f 13466 13467 13511 13510 
f 13467 13469 13512 13511 
f 13469 13471 13513 13512 
f 13473 13474 13515 13514 
f 13474 13476 13516 13515 
f 13476 13466 13510 13516 
f 13463 13478 13517 13509 
f 13478 13480 13518 13517 
f 13480 13482 13519 13518 
f 13482 13484 13520 13519 
f 13487 13488 13522 13521 
f 13484 13487 13521 13520 
f 13488 13442 13498 13522 
f 13471 13490 13523 13513 
f 13493 13494 13525 13524 
f 13490 13493 13524 13523 
f 13494 13462 13508 13525 
f 13859 13228 13803 
f 13871 13822 13823 13870 
f 13872 13821 13822 13871 
f 13870 13823 13824 13869 
f 13825 13826 13867 13868 
f 13536 13539 13538 13537 
f 13536 13537 13541 13540 
f 13542 13540 13541 13543 
f 13544 13547 13546 13545 
f 13548 13545 13546 
f 13548 13546 13549 
f 13550 13549 13546 
f 13551 13552 13546 
f 13553 13551 13546 
f 13554 13553 13546 
f 13555 13557 13556 
f 13556 13557 13558 
f 13559 13561 13560 
f 13562 13559 13560 
f 13563 13562 13560 
f 13564 13563 13560 13565 
f 13566 13569 13568 13567 
f 13566 13567 13571 13570 
f 13572 13570 13571 13008 
f 13573 13575 13574 
f 13576 13579 13578 13577 
f 13538 13539 13865 13866 
f 13546 13582 13542 13543 
f 13546 13547 13582 
f 13550 13546 13552 
f 13583 13584 13554 13546 
f 13585 13586 13584 13583 
f 13558 13557 13560 13561 
f 13564 13565 13568 13569 
f 13587 13590 13589 13588 
f 13591 13593 13592 
f 13594 13597 13596 13595 
f 13598 13600 13599 
f 13598 13574 13600 
f 13601 13574 13598 
f 13602 13574 13601 
f 13603 13574 13602 
f 13573 13574 13603 
f 13604 13607 13606 13605 
f 13608 13609 13607 13604 
f 13610 13611 13609 13608 
f 13612 13613 13611 13610 
f 13614 13615 13613 13612 
f 13616 13617 13615 13614 
f 13618 13619 13617 13616 
f 13620 13621 13619 13618 
f 13622 13587 13588 
f 13591 13588 13593 
f 13623 13588 13591 
f 13624 13588 13623 
f 13625 13588 13624 
f 13622 13588 13625 
f 13626 13628 13627 
f 13629 13630 13628 
f 13631 13629 13628 
f 13632 13631 13628 
f 13633 13632 13628 
f 13626 13633 13628 
f 13627 13628 13635 13634 
f 13629 13636 13630 
f 13634 13635 13578 13579 
f 13637 13640 13639 13638 
f 13641 13642 13640 13637 
f 13643 13644 13642 13641 
f 13645 13646 13644 13643 
f 13647 13648 13646 13645 
f 13649 13650 13648 13647 
f 13605 13606 13650 13649 
f 13651 13652 13580 13581 
f 13606 13607 13234 13235 
f 13607 13609 13233 13234 
f 13609 13611 13232 13233 
f 13611 13613 13231 13232 
f 13613 13615 13418 13231 
f 13615 13617 13460 13418 
f 13617 13619 13459 13460 
f 13619 13621 13507 13459 
f 13653 13654 13533 13534 
f 13639 13640 13527 13530 
f 13640 13642 13526 13527 
f 13642 13644 13405 13526 
f 13644 13646 13226 13405 
f 13646 13648 13225 13226 
f 13648 13650 13239 13225 
f 13650 13606 13235 13239 
f 13187 13202 13597 13594 
f 13655 13656 13065 13016 
f 13595 13596 13574 13575 
f 13657 13658 13656 13655 
f 13659 13660 13658 13657 
f 13661 13662 13660 13659 
f 13663 13664 13662 13661 
f 13665 13666 13664 13663 
f 13667 13668 13666 13665 
f 13669 13670 13668 13667 
f 13671 13672 13535 13532 
f 13656 13237 12688 13065 
f 13656 13658 13240 13237 
f 13658 13660 13224 13240 
f 13660 13662 13227 13224 
f 13662 13664 13406 13227 
f 13664 13666 13529 13406 
f 13666 13668 13528 13529 
f 13668 13670 13531 13528 
f 13673 13117 13675 13674 
f 13676 13679 13678 13677 
f 13516 13681 13680 13515 
f 13510 13682 13681 13516 
f 13511 13683 13682 13510 
f 13512 13684 13683 13511 
f 13513 13685 13684 13512 
f 13523 13686 13685 13513 
f 13524 13687 13686 13523 
f 13525 13688 13687 13524 
f 13508 13689 13688 13525 
f 13509 13517 13691 13690 
f 13519 13520 13693 13692 
f 13520 13521 13694 13693 
f 13522 13498 13696 13695 
f 13499 13500 13698 13697 
f 13699 13702 13701 13700 
f 13557 13555 13586 13585 
f 13509 13690 13689 13508 
f 13700 13701 13704 13703 
f 13705 13708 13707 13706 
f 13709 13712 13711 13710 
f 13713 13074 13714 13680 
f 13715 13717 13698 13716 
f 13713 13719 13718 13675 
f 13719 13721 13720 13718 
f 13721 13723 13722 13720 
f 13723 13725 13724 13722 
f 13725 13727 13726 13724 
f 13727 13729 13728 13726 
f 13729 13731 13730 13728 
f 13731 13733 13732 13730 
f 13733 13735 13734 13732 
f 13736 13738 13702 13737 
f 13739 13741 13740 13704 
f 13741 13742 13708 13740 
f 13743 13744 13712 13707 
f 13745 13717 13679 13711 
f 13746 13738 13691 13747 
f 13735 13736 13737 13734 
f 13739 13746 13747 13692 
f 13743 13742 13694 13695 
f 13745 13744 13696 13697 
f 13675 13117 13074 13713 
f 13678 13679 13717 13715 
f 13680 13681 13719 13713 
f 13681 13682 13721 13719 
f 13682 13683 13723 13721 
f 13683 13684 13725 13723 
f 13684 13685 13727 13725 
f 13685 13686 13729 13727 
f 13686 13687 13731 13729 
f 13687 13688 13733 13731 
f 13688 13689 13735 13733 
f 13690 13691 13738 13736 
f 13692 13693 13741 13739 
f 13693 13694 13742 13741 
f 13695 13696 13744 13743 
f 13697 13698 13717 13745 
f 13701 13702 13738 13746 
f 13689 13690 13736 13735 
f 13704 13701 13746 13739 
f 13707 13708 13742 13743 
f 13711 13712 13744 13745 
f 13680 13714 13514 13515 
f 13716 13698 13500 13501 
f 13675 13718 13748 13674 
f 13718 13720 13749 13748 
f 13720 13722 13750 13749 
f 13722 13724 13751 13750 
f 13724 13726 13752 13751 
f 13726 13728 13753 13752 
f 13728 13730 13754 13753 
f 13730 13732 13755 13754 
f 13732 13734 13756 13755 
f 13737 13702 13699 13757 
f 13704 13740 13758 13703 
f 13740 13708 13705 13758 
f 13707 13712 13709 13706 
f 13711 13679 13676 13710 
f 13747 13691 13517 13518 
f 13734 13737 13757 13756 
f 13692 13747 13518 13519 
f 13695 13694 13521 13522 
f 13697 13696 13498 13499 
f 13501 13502 13716 
f 13715 13502 13678 
f 13678 13502 13677 
f 13716 13502 13715 
f 13824 13825 13868 13869 
f 13530 13533 13654 13639 
f 13639 13654 13636 13638 
f 13637 13631 13632 13641 
f 13641 13632 13633 13643 
f 13643 13633 13626 13645 
f 13645 13626 13627 13647 
f 13647 13627 13634 13649 
f 13649 13634 13579 13605 
f 13605 13579 13576 13604 
f 13604 13576 13590 13608 
f 13608 13590 13587 13610 
f 13610 13587 13622 13612 
f 13612 13622 13625 13614 
f 13614 13625 13624 13616 
f 13616 13624 13623 13618 
f 13618 13623 13620 
f 13621 13651 13581 13507 
f 13864 13865 13539 13506 
f 13506 13539 13536 13497 
f 13497 13536 13540 13496 
f 13496 13540 13542 13505 
f 13505 13542 13582 13504 
f 13504 13582 13547 13503 
f 13503 13547 13544 13502 
f 13502 13544 13545 13677 
f 13677 13545 13548 13676 
f 13676 13548 13549 13710 
f 13710 13549 13550 13709 
f 13709 13550 13552 13706 
f 13706 13552 13551 13705 
f 13705 13551 13553 13758 
f 13758 13553 13554 13703 
f 13703 13554 13584 13700 
f 13700 13584 13586 13699 
f 13699 13586 13555 13757 
f 13757 13555 13556 13756 
f 13756 13556 13558 13755 
f 13755 13558 13561 13754 
f 13754 13561 13559 13753 
f 13753 13559 13562 13752 
f 13752 13562 13563 13751 
f 13751 13563 13564 13750 
f 13750 13564 13569 13749 
f 13749 13569 13566 13748 
f 13748 13566 13570 13674 
f 13674 13570 13572 13673 
f 13655 13594 13595 13657 
f 13657 13595 13575 13659 
f 13659 13575 13573 13661 
f 13661 13573 13603 13663 
f 13663 13603 13602 13665 
f 13665 13602 13601 13667 
f 13667 13601 13669 
f 13670 13671 13532 13531 
f 13577 13589 13590 13576 
f 13669 13599 13671 13670 
f 13599 13600 13672 13671 
f 13638 13636 13629 13631 
f 13630 13636 13654 13653 
f 13620 13592 13651 13621 
f 13592 13593 13652 13651 
f 13620 13623 13591 13592 
f 13638 13631 13637 
f 13669 13601 13598 13599 
s 4
f 13653 13652 13593 13630 
f 13534 13580 13652 13653 
f 13577 13578 13635 13589 
f 13588 13628 13630 13593 
f 13589 13635 13628 13588 
f 13672 13600 13015 13064 
f 13535 13672 13064 12976 
f 13596 13597 13202 13204 
f 13574 13596 13204 13203 
f 13600 13574 13203 13015 
s 1
f 12670 12664 13760 13759 
f 12664 12721 13761 13760 
f 12721 12719 13762 13761 
f 12719 12723 13763 13762 
f 12723 12697 13764 13763 
f 12697 12714 13765 13764 
f 12714 12715 13766 13765 
f 12715 12716 13767 13766 
f 12716 12694 13768 13767 
f 12694 12727 13769 13768 
f 12727 12725 13770 13769 
f 12725 12729 13771 13770 
f 12729 12698 13772 13771 
f 12698 12703 13773 13772 
f 12703 12701 13774 13773 
f 12701 12699 13775 13774 
f 12699 12709 13776 13775 
f 12709 12706 13777 13776 
f 12706 12707 13778 13777 
f 12707 13255 13779 13778 
f 13255 13251 13780 13779 
f 13251 13250 13781 13780 
f 13250 13254 13782 13781 
f 13254 13246 13783 13782 
f 13246 13245 13784 13783 
f 13245 13271 13785 13784 
f 13271 13275 13786 13785 
f 13275 13274 13787 13786 
f 13274 13259 13788 13787 
f 13259 13258 13789 13788 
f 13258 13242 13790 13789 
f 13242 13241 13791 13790 
f 13241 13263 13792 13791 
f 13263 13265 13793 13792 
f 13265 13269 13794 13793 
f 13269 13268 13795 13794 
f 13268 13213 13796 13795 
f 13213 13219 13797 13796 
f 13219 13221 13798 13797 
f 13221 13223 13799 13798 
f 13223 13209 13800 13799 
f 13209 13208 13801 13800 
f 13208 13229 13802 13801 
f 13229 13230 13803 13802 
f 13230 13236 13804 13803 
f 13236 13238 13805 13804 
f 13238 12686 13806 13805 
f 12686 12681 13807 13806 
f 12681 12679 13808 13807 
f 12679 12676 13809 13808 
f 12676 12674 13810 13809 
f 12674 12717 13811 13810 
f 12717 12672 13812 13811 
f 12672 12670 13759 13812 
f 12678 12692 13814 13813 
f 12692 12690 13815 13814 
f 12690 12688 13816 13815 
f 12688 13237 13817 13816 
f 13237 13240 13818 13817 
f 13240 13224 13819 13818 
f 13224 13227 13820 13819 
f 13227 13406 13821 13820 
f 13406 13529 13822 13821 
f 13529 13528 13823 13822 
f 13528 13531 13824 13823 
f 13531 13532 13825 13824 
f 13532 13535 13826 13825 
s 4
f 13535 12976 13827 13826 
s 1
f 12976 13138 13828 13827 
f 13138 12857 13829 13828 
f 12857 12972 13830 13829 
f 12972 12970 13831 13830 
f 12970 12974 13832 13831 
f 12974 12678 13813 13832 
f 12683 12684 13834 13833 
f 12684 12685 13835 13834 
f 12685 12687 13836 13835 
f 12687 12689 13837 13836 
f 12689 12691 13838 13837 
f 12691 12693 13839 13838 
f 12693 12677 13840 13839 
f 12677 12971 13841 13840 
f 12971 12969 13842 13841 
f 12969 12973 13843 13842 
f 12973 12856 13844 13843 
f 12856 13139 13845 13844 
f 13139 12975 13846 13845 
s 4
f 12975 12977 13847 13846 
s 1
f 12977 13158 13848 13847 
f 13158 12863 13849 13848 
f 12863 12922 13850 13849 
f 12922 12892 13851 13850 
f 12892 12951 13852 13851 
f 12951 12683 13833 13852 
f 13226 13225 13854 13853 
f 13225 13239 13855 13854 
f 13239 13235 13856 13855 
f 13235 13234 13857 13856 
f 13234 13233 13858 13857 
f 13233 13232 13859 13858 
f 13232 13231 13860 13859 
f 13231 13418 13861 13860 
f 13418 13460 13862 13861 
f 13460 13459 13863 13862 
f 13459 13507 13864 13863 
f 13507 13581 13865 13864 
f 13581 13580 13866 13865 
s 4
f 13580 13534 13867 13866 
s 1
f 13534 13533 13868 13867 
f 13533 13530 13869 13868 
f 13530 13527 13870 13869 
f 13527 13526 13871 13870 
f 13526 13405 13872 13871 
f 13405 13226 13853 13872 
f 13560 13557 13585 13873 
f 13873 13874 13875 13876 
f 13876 13875 13878 13877 
f 13877 13878 13880 13879 
f 13879 13880 13882 13881 
f 13881 13882 13884 13883 
f 13883 13884 13885 13886 
f 13887 13888 13886 13885 
f 13889 13890 13888 13887 
f 13891 13892 13890 13889 
f 13893 13894 13892 13891 
f 12982 12986 12993 13893 
f 13885 13827 13846 
f 13874 13543 13541 13875 
f 13876 13565 13560 13873 
f 13875 13541 13537 
f 13875 13537 13538 13878 
f 13877 13568 13565 13876 
f 13878 13538 13866 13880 
f 13879 13567 13568 13877 
f 13880 13866 13867 13882 
f 13881 13571 13567 13879 
f 13882 13867 13826 13884 
f 13883 13008 13571 13881 
f 13884 13826 13827 13885 
f 13886 13006 13008 13883 
f 13888 13004 13006 13886 
f 13885 13846 13847 13887 
f 13890 13003 13004 13888 
f 13887 13847 12978 13889 
f 13892 13032 13003 13890 
f 13889 12978 12979 13891 
f 13894 12995 13032 13892 
f 13891 12979 12980 13893 
f 13893 12980 12982 
f 13583 13546 13543 13874 
f 13585 13583 13874 13873 
f 13029 12994 12995 13894 
f 12993 13029 13894 13893 
f 13933 13909 13908 13986 
f 13934 13936 13895 13913 
f 13936 13938 13896 13895 
f 13938 13940 13897 13896 
f 13940 13950 13898 13897 
f 13950 13952 13899 13898 
f 13952 13954 13900 13899 
f 13954 13956 13901 13900 
f 13956 13966 13902 13901 
f 13966 13968 13903 13902 
f 13968 13970 13904 13903 
f 13970 13972 13905 13904 
f 13972 13982 13906 13905 
f 13982 13984 13907 13906 
f 13984 13986 13908 13907 
f 13913 13912 13994 13934 
f 13914 13935 13934 13994 
f 13915 13942 13935 13914 
f 13916 13943 13942 13915 
f 13911 13917 13943 13916 
f 13918 13945 13943 13917 
f 13919 13947 13945 13918 
f 13920 13949 13947 13919 
f 13921 13959 13949 13920 
f 13921 13922 13961 13959 
f 13922 13923 13963 13961 
f 13923 13924 13965 13963 
f 13924 13925 13975 13965 
f 13925 13926 13977 13975 
f 13926 13927 13979 13977 
f 13927 13928 13981 13979 
f 13928 13929 13989 13981 
f 13929 13930 13991 13989 
f 13930 13931 13993 13991 
f 13931 13910 14010 13993 
f 14010 14011 13992 13993 
f 13932 13987 13992 14011 
f 13932 13933 13986 13987 
f 13934 13935 13937 13936 
f 13936 13937 13939 13938 
f 13938 13939 13941 13940 
f 13935 13942 13944 13937 
f 13942 13943 13945 13944 
f 13937 13944 13946 13939 
f 13944 13945 13947 13946 
f 13939 13946 13948 13941 
f 13946 13947 13949 13948 
f 13940 13941 13951 13950 
f 13950 13951 13953 13952 
f 13952 13953 13955 13954 
f 13954 13955 13957 13956 
f 13941 13948 13958 13951 
f 13948 13949 13959 13958 
f 13951 13958 13960 13953 
f 13958 13959 13961 13960 
f 13953 13960 13962 13955 
f 13960 13961 13963 13962 
f 13955 13962 13964 13957 
f 13962 13963 13965 13964 
f 13956 13957 13967 13966 
f 13966 13967 13969 13968 
f 13968 13969 13971 13970 
f 13970 13971 13973 13972 
f 13957 13964 13974 13967 
f 13964 13965 13975 13974 
f 13967 13974 13976 13969 
f 13974 13975 13977 13976 
f 13969 13976 13978 13971 
f 13976 13977 13979 13978 
f 13971 13978 13980 13973 
f 13978 13979 13981 13980 
f 13972 13973 13983 13982 
f 13982 13983 13985 13984 
f 13984 13985 13987 13986 
f 13973 13980 13988 13983 
f 13980 13981 13989 13988 
f 13983 13988 13990 13985 
f 13988 13989 13991 13990 
f 13985 13990 13992 13987 
f 13990 13991 13993 13992 
f 14026 14079 13994 13912 
f 14079 14080 13914 13994 
f 14080 14085 13915 13914 
f 14085 14086 13916 13915 
f 13916 14086 13995 13911 
f 13996 13995 14086 14084 
f 14084 14082 13997 13996 
f 14082 14074 13998 13997 
f 14074 14072 13999 13998 
f 14072 14070 14000 13999 
f 14070 14068 14001 14000 
f 14068 14058 14002 14001 
f 14058 14056 14003 14002 
f 14056 14054 14004 14003 
f 14054 14052 14005 14004 
f 14052 14042 14006 14005 
f 14042 14040 14007 14006 
f 14040 14038 14008 14007 
f 14038 14036 14009 14008 
f 14036 14010 13910 14009 
f 14036 14035 14011 14010 
f 14035 14028 13932 14011 
f 14028 14027 13933 13932 
f 14027 14012 13909 13933 
f 14027 14029 14013 14012 
f 14029 14031 14014 14013 
f 14031 14033 14015 14014 
f 14033 14043 14016 14015 
f 14043 14045 14017 14016 
f 14045 14047 14018 14017 
f 14047 14049 14019 14018 
f 14049 14059 14020 14019 
f 14059 14061 14021 14020 
f 14061 14063 14022 14021 
f 14063 14065 14023 14022 
f 14065 14075 14024 14023 
f 14075 14077 14025 14024 
f 14077 14079 14026 14025 
f 14027 14028 14030 14029 
f 14029 14030 14032 14031 
f 14031 14032 14034 14033 
f 14028 14035 14037 14030 
f 14035 14036 14038 14037 
f 14030 14037 14039 14032 
f 14037 14038 14040 14039 
f 14032 14039 14041 14034 
f 14039 14040 14042 14041 
f 14033 14034 14044 14043 
f 14043 14044 14046 14045 
f 14045 14046 14048 14047 
f 14047 14048 14050 14049 
f 14034 14041 14051 14044 
f 14041 14042 14052 14051 
f 14044 14051 14053 14046 
f 14051 14052 14054 14053 
f 14046 14053 14055 14048 
f 14053 14054 14056 14055 
f 14048 14055 14057 14050 
f 14055 14056 14058 14057 
f 14049 14050 14060 14059 
f 14059 14060 14062 14061 
f 14061 14062 14064 14063 
f 14063 14064 14066 14065 
f 14050 14057 14067 14060 
f 14057 14058 14068 14067 
f 14060 14067 14069 14062 
f 14067 14068 14070 14069 
f 14062 14069 14071 14064 
f 14069 14070 14072 14071 
f 14064 14071 14073 14066 
f 14071 14072 14074 14073 
f 14065 14066 14076 14075 
f 14075 14076 14078 14077 
f 14077 14078 14080 14079 
f 14066 14073 14081 14076 
f 14073 14074 14082 14081 
f 14076 14081 14083 14078 
f 14081 14082 14084 14083 
f 14078 14083 14085 14080 
f 14083 14084 14086 14085 
f 13913 13895 14087 
f 13895 13896 14087 
f 13896 13897 14087 
f 13897 13898 14087 
f 13898 13899 14087 
f 13899 13900 14087 
f 13900 13901 14087 
f 13901 13902 14087 
f 13902 13903 14087 
f 13903 13904 14087 
f 13904 13905 14087 
f 13905 13906 14087 
f 13906 13907 14087 
f 13907 13908 14087 
f 13908 13909 14087 
f 13912 13913 14087 
f 14026 13912 14087 
f 13909 14012 14087 
f 14012 14013 14087 
f 14013 14014 14087 
f 14014 14015 14087 
f 14015 14016 14087 
f 14016 14017 14087 
f 14017 14018 14087 
f 14018 14019 14087 
f 14019 14020 14087 
f 14020 14021 14087 
f 14021 14022 14087 
f 14022 14023 14087 
f 14023 14024 14087 
f 14024 14025 14087 
f 14025 14026 14087 
f 14126 14102 14101 14179 
f 14127 14129 14088 14106 
f 14129 14131 14089 14088 
f 14131 14133 14090 14089 
f 14133 14143 14091 14090 
f 14143 14145 14092 14091 
f 14145 14147 14093 14092 
f 14147 14149 14094 14093 
f 14149 14159 14095 14094 
f 14159 14161 14096 14095 
f 14161 14163 14097 14096 
f 14163 14165 14098 14097 
f 14165 14175 14099 14098 
f 14175 14177 14100 14099 
f 14177 14179 14101 14100 
f 14106 14105 14187 14127 
f 14107 14128 14127 14187 
f 14108 14135 14128 14107 
f 14109 14136 14135 14108 
f 14104 14110 14136 14109 
f 14111 14138 14136 14110 
f 14112 14140 14138 14111 
f 14113 14142 14140 14112 
f 14114 14152 14142 14113 
f 14114 14115 14154 14152 
f 14115 14116 14156 14154 
f 14116 14117 14158 14156 
f 14117 14118 14168 14158 
f 14118 14119 14170 14168 
f 14119 14120 14172 14170 
f 14120 14121 14174 14172 
f 14121 14122 14182 14174 
f 14122 14123 14184 14182 
f 14123 14124 14186 14184 
f 14124 14103 14203 14186 
f 14203 14204 14185 14186 
f 14125 14180 14185 14204 
f 14125 14126 14179 14180 
f 14127 14128 14130 14129 
f 14129 14130 14132 14131 
f 14131 14132 14134 14133 
f 14128 14135 14137 14130 
f 14135 14136 14138 14137 
f 14130 14137 14139 14132 
f 14137 14138 14140 14139 
f 14132 14139 14141 14134 
f 14139 14140 14142 14141 
f 14133 14134 14144 14143 
f 14143 14144 14146 14145 
f 14145 14146 14148 14147 
f 14147 14148 14150 14149 
f 14134 14141 14151 14144 
f 14141 14142 14152 14151 
f 14144 14151 14153 14146 
f 14151 14152 14154 14153 
f 14146 14153 14155 14148 
f 14153 14154 14156 14155 
f 14148 14155 14157 14150 
f 14155 14156 14158 14157 
f 14149 14150 14160 14159 
f 14159 14160 14162 14161 
f 14161 14162 14164 14163 
f 14163 14164 14166 14165 
f 14150 14157 14167 14160 
f 14157 14158 14168 14167 
f 14160 14167 14169 14162 
f 14167 14168 14170 14169 
f 14162 14169 14171 14164 
f 14169 14170 14172 14171 
f 14164 14171 14173 14166 
f 14171 14172 14174 14173 
f 14165 14166 14176 14175 
f 14175 14176 14178 14177 
f 14177 14178 14180 14179 
f 14166 14173 14181 14176 
f 14173 14174 14182 14181 
f 14176 14181 14183 14178 
f 14181 14182 14184 14183 
f 14178 14183 14185 14180 
f 14183 14184 14186 14185 
f 14219 14272 14187 14105 
f 14272 14273 14107 14187 
f 14273 14278 14108 14107 
f 14278 14279 14109 14108 
f 14109 14279 14188 14104 
f 14189 14188 14279 14277 
f 14277 14275 14190 14189 
f 14275 14267 14191 14190 
f 14267 14265 14192 14191 
f 14265 14263 14193 14192 
f 14263 14261 14194 14193 
f 14261 14251 14195 14194 
f 14251 14249 14196 14195 
f 14249 14247 14197 14196 
f 14247 14245 14198 14197 
f 14245 14235 14199 14198 
f 14235 14233 14200 14199 
f 14233 14231 14201 14200 
f 14231 14229 14202 14201 
f 14229 14203 14103 14202 
f 14229 14228 14204 14203 
f 14228 14221 14125 14204 
f 14221 14220 14126 14125 
f 14220 14205 14102 14126 
f 14220 14222 14206 14205 
f 14222 14224 14207 14206 
f 14224 14226 14208 14207 
f 14226 14236 14209 14208 
f 14236 14238 14210 14209 
f 14238 14240 14211 14210 
f 14240 14242 14212 14211 
f 14242 14252 14213 14212 
f 14252 14254 14214 14213 
f 14254 14256 14215 14214 
f 14256 14258 14216 14215 
f 14258 14268 14217 14216 
f 14268 14270 14218 14217 
f 14270 14272 14219 14218 
f 14220 14221 14223 14222 
f 14222 14223 14225 14224 
f 14224 14225 14227 14226 
f 14221 14228 14230 14223 
f 14228 14229 14231 14230 
f 14223 14230 14232 14225 
f 14230 14231 14233 14232 
f 14225 14232 14234 14227 
f 14232 14233 14235 14234 
f 14226 14227 14237 14236 
f 14236 14237 14239 14238 
f 14238 14239 14241 14240 
f 14240 14241 14243 14242 
f 14227 14234 14244 14237 
f 14234 14235 14245 14244 
f 14237 14244 14246 14239 
f 14244 14245 14247 14246 
f 14239 14246 14248 14241 
f 14246 14247 14249 14248 
f 14241 14248 14250 14243 
f 14248 14249 14251 14250 
f 14242 14243 14253 14252 
f 14252 14253 14255 14254 
f 14254 14255 14257 14256 
f 14256 14257 14259 14258 
f 14243 14250 14260 14253 
f 14250 14251 14261 14260 
f 14253 14260 14262 14255 
f 14260 14261 14263 14262 
f 14255 14262 14264 14257 
f 14262 14263 14265 14264 
f 14257 14264 14266 14259 
f 14264 14265 14267 14266 
f 14258 14259 14269 14268 
f 14268 14269 14271 14270 
f 14270 14271 14273 14272 
f 14259 14266 14274 14269 
f 14266 14267 14275 14274 
f 14269 14274 14276 14271 
f 14274 14275 14277 14276 
f 14271 14276 14278 14273 
f 14276 14277 14279 14278 
f 14106 14088 14280 
f 14088 14089 14280 
f 14089 14090 14280 
f 14090 14091 14280 
f 14091 14092 14280 
f 14092 14093 14280 
f 14093 14094 14280 
f 14094 14095 14280 
f 14095 14096 14280 
f 14096 14097 14280 
f 14097 14098 14280 
f 14098 14099 14280 
f 14099 14100 14280 
f 14100 14101 14280 
f 14101 14102 14280 
f 14105 14106 14280 
f 14219 14105 14280 
f 14102 14205 14280 
f 14205 14206 14280 
f 14206 14207 14280 
f 14207 14208 14280 
f 14208 14209 14280 
f 14209 14210 14280 
f 14210 14211 14280 
f 14211 14212 14280 
f 14212 14213 14280 
f 14213 14214 14280 
f 14214 14215 14280 
f 14215 14216 14280 
f 14216 14217 14280 
f 14217 14218 14280 
f 14218 14219 14280 
f 14290 14570 14383 14281 
f 14361 14615 14616 14282 
f 14284 14375 14618 14283 
f 14359 14283 14618 14617 
f 14361 14359 14617 14615 
f 14611 14612 14616 14615 
f 14607 14608 14612 14611 
f 14603 14604 14608 14607 
f 14600 14599 14604 14603 
f 14591 14592 14596 14595 
f 14587 14588 14592 14591 
f 14583 14584 14588 14587 
f 14579 14580 14584 14583 
f 14575 14576 14580 14579 
f 14571 14572 14576 14575 
f 14568 14567 14572 14571 
f 14571 14573 14569 14568 
f 14573 14574 14570 14569 
f 14295 14289 14291 14298 
f 14294 14290 14281 14292 
f 14294 14301 14293 14290 
f 14301 14291 14289 14293 
f 14302 14566 14430 14296 
f 14291 14564 14563 14298 
f 14301 14565 14564 14291 
f 14294 14566 14565 14301 
f 14681 14682 14679 14680 
f 14661 14662 14660 14659 
f 14663 14664 14662 14661 
f 14665 14666 14664 14663 
f 14667 14668 14666 14665 
f 14669 14670 14668 14667 
f 14671 14672 14670 14669 
f 14691 14692 14673 14674 
f 14687 14688 14689 14690 
f 14677 14678 14675 14676 
f 14672 14671 14678 14677 
f 14676 14675 14683 14684 
f 14457 14758 14759 14325 
f 14327 14630 14351 14326 
f 14654 14629 14657 14658 
f 14632 14633 14630 14631 
f 14634 14635 14633 14632 
f 14636 14637 14635 14634 
f 14638 14639 14637 14636 
f 14640 14641 14639 14638 
f 14642 14643 14641 14640 
f 14644 14645 14643 14642 
f 14646 14647 14645 14644 
f 14648 14649 14647 14646 
f 14650 14651 14649 14648 
f 14652 14653 14651 14650 
f 14629 14654 14653 14652 
f 14357 14622 14332 14352 
f 14353 14355 14620 14619 
f 14355 14328 14621 14620 
f 14328 14332 14622 14621 
f 14360 14361 14282 14358 
f 14283 14356 14469 14284 
f 14359 14354 14356 14283 
f 14361 14360 14354 14359 
f 14468 14374 14284 14469 
f 14471 14373 14374 14468 
f 14471 14363 14372 14373 
f 14363 14362 14371 14372 
f 14383 14384 14427 14281 
f 14384 14385 14425 14427 
f 14385 14386 14423 14425 
f 14423 14386 14477 14364 
f 14387 14478 14477 14386 
f 14388 14480 14478 14387 
f 14389 14482 14480 14388 
f 14389 14390 14484 14482 
f 14390 14391 14365 14484 
f 14391 14392 14366 14365 
f 14392 14487 14366 
f 14393 14489 14487 14392 
f 14394 14490 14489 14393 
f 14395 14367 14490 14394 
f 14395 14396 14368 14367 
f 14396 14493 14368 
f 14397 14369 14493 14396 
f 14398 14370 14369 14397 
f 14370 14398 14372 14371 
f 14399 14373 14372 14398 
f 14400 14374 14373 14399 
f 14374 14400 14375 14284 
f 14400 14401 14376 14375 
f 14401 14402 14377 14376 
f 14402 14403 14285 14377 
f 14403 14404 14286 14285 
f 14404 14405 14287 14286 
f 14405 14406 14378 14287 
f 14407 14379 14378 14406 
f 14408 14380 14379 14407 
f 14408 14409 14381 14380 
f 14409 14410 14288 14381 
f 14410 14411 14382 14288 
f 14384 14383 14382 14411 
f 14386 14385 14412 14387 
f 14385 14384 14411 14412 
f 14387 14412 14413 14388 
f 14388 14413 14414 14389 
f 14412 14411 14410 14413 
f 14413 14410 14409 14414 
f 14389 14414 14415 14390 
f 14390 14415 14416 14391 
f 14414 14409 14408 14415 
f 14415 14408 14407 14416 
f 14391 14416 14417 14392 
f 14392 14417 14418 14393 
f 14416 14407 14406 14417 
f 14417 14406 14405 14418 
f 14393 14418 14419 14394 
f 14394 14419 14420 14395 
f 14418 14405 14404 14419 
f 14419 14404 14403 14420 
f 14395 14420 14421 14396 
f 14396 14421 14422 14397 
f 14420 14403 14402 14421 
f 14421 14402 14401 14422 
f 14397 14422 14399 14398 
f 14422 14401 14400 14399 
f 14427 14428 14292 14281 
f 14424 14423 14364 14485 
f 14426 14425 14423 14424 
f 14428 14427 14425 14426 
f 14428 14434 14430 14292 
f 14430 14434 14431 14296 
f 14429 14556 14424 14485 
f 14424 14556 14555 14426 
f 14433 14431 14434 14555 
f 14437 14552 14432 14449 
f 14435 14445 14558 14304 
f 14431 14554 14306 14296 
f 14447 14448 14554 14553 
f 14446 14439 14438 14448 
f 14319 14446 14441 
f 14448 14447 14445 14446 
f 14467 14559 14437 14449 
f 14325 14436 14451 14457 
f 14464 14466 14461 14463 
f 14458 14560 14559 14467 
f 14464 14465 14466 
f 14464 14456 14331 
f 14451 14465 14457 
f 14460 14562 14470 14352 
f 14459 14561 14560 14458 
f 14470 14562 14561 14459 
f 14330 14464 14463 
f 14473 14474 14471 14468 
f 14475 14472 14458 14467 
f 14357 14473 14468 14469 
f 14470 14473 14357 14352 
f 14472 14363 14471 14474 
f 14473 14470 14459 14474 
f 14472 14474 14459 14458 
f 14475 14429 14485 14362 
f 14449 14429 14475 14467 
f 14362 14738 14739 
f 14726 14727 14364 14477 
f 14725 14726 14477 14478 
f 14756 14725 14478 14480 
f 14755 14756 14480 14482 
f 14754 14755 14482 14484 
f 14754 14484 14365 
f 14365 14366 14753 14754 
f 14727 14728 14485 14364 
f 14729 14485 14728 
f 14731 14485 14730 
f 14752 14753 14366 14487 
f 14751 14752 14487 14489 
f 14751 14489 14490 
f 14490 14367 14750 14751 
f 14367 14368 14749 14750 
f 14368 14493 14748 14749 
f 14747 14748 14493 14369 
f 14746 14747 14369 14370 
f 14745 14746 14370 14371 
f 14744 14745 14371 14362 
f 14362 14743 14744 
f 14362 14741 14742 
f 14733 14734 14485 14732 
f 14362 14739 14740 
f 14735 14485 14734 
f 14735 14736 14362 14485 
f 14737 14362 14736 
f 14694 14695 14504 14505 
f 14709 14710 14506 14507 
f 14708 14709 14507 14508 
f 14707 14708 14508 14510 
f 14510 14511 14706 14707 
f 14705 14706 14511 14512 
f 14704 14705 14512 14513 
f 14703 14704 14513 14514 
f 14514 14516 14702 14703 
f 14516 14517 14701 14702 
f 14517 14518 14700 14701 
f 14699 14700 14518 14520 
f 14520 14521 14698 14699 
f 14521 14522 14697 14698 
f 14696 14697 14522 14523 
f 14695 14696 14523 14504 
f 14693 14694 14505 14549 
f 14711 14525 14506 14710 
f 14712 14527 14525 14711 
f 14713 14529 14527 14712 
f 14714 14530 14529 14713 
f 14715 14532 14530 14714 
f 14716 14534 14532 14715 
f 14717 14535 14534 14716 
f 14718 14536 14535 14717 
f 14719 14537 14536 14718 
f 14720 14539 14537 14719 
f 14721 14541 14539 14720 
f 14722 14543 14541 14721 
f 14723 14545 14543 14722 
f 14724 14547 14545 14723 
f 14693 14549 14547 14724 
f 14659 14660 14680 14679 
f 14684 14683 14686 14685 
f 14685 14686 14688 14687 
f 14674 14673 14690 14689 
f 14303 14297 14299 14691 
f 14553 14433 14432 14552 
f 14554 14431 14433 14553 
f 14554 14448 14438 14306 
f 14437 14454 14557 14552 
f 14445 14447 14557 14558 
f 14556 14432 14433 14555 
f 14429 14449 14432 14556 
f 14434 14428 14426 14555 
f 14557 14454 14436 14558 
f 14557 14447 14553 14552 
f 14558 14436 14325 14304 
f 14436 14454 14455 14451 
f 14560 14625 14455 14559 
f 14561 14626 14625 14560 
f 14562 14627 14626 14561 
f 14559 14455 14454 14437 
f 14564 14299 14297 14563 
f 14565 14300 14299 14564 
f 14566 14302 14300 14565 
f 14566 14294 14292 14430 
f 14568 14289 14295 14567 
f 14569 14293 14289 14568 
f 14570 14290 14293 14569 
f 14382 14383 14570 14574 
f 14571 14575 14577 14573 
f 14573 14577 14578 14574 
f 14288 14382 14574 14578 
f 14575 14579 14581 14577 
f 14577 14581 14582 14578 
f 14381 14288 14578 14582 
f 14579 14583 14585 14581 
f 14581 14585 14586 14582 
f 14380 14381 14582 14586 
f 14583 14587 14589 14585 
f 14585 14589 14590 14586 
f 14379 14380 14586 14590 
f 14587 14591 14593 14589 
f 14589 14593 14594 14590 
f 14378 14379 14590 14594 
f 14591 14595 14597 14593 
f 14593 14597 14598 14594 
f 14287 14378 14594 14598 
f 14595 14600 14601 14597 
f 14597 14601 14602 14598 
f 14286 14287 14598 14602 
f 14600 14595 14596 14599 
f 14600 14603 14605 14601 
f 14601 14605 14606 14602 
f 14285 14286 14602 14606 
f 14603 14607 14609 14605 
f 14605 14609 14610 14606 
f 14377 14285 14606 14610 
f 14607 14611 14613 14609 
f 14609 14613 14614 14610 
f 14376 14377 14610 14614 
f 14611 14615 14617 14613 
f 14613 14617 14618 14614 
f 14375 14376 14614 14618 
f 14620 14360 14358 14619 
f 14621 14354 14360 14620 
f 14622 14356 14354 14621 
f 14357 14469 14356 14622 
f 14327 14326 14757 14453 
f 14460 14352 14332 14655 
f 14460 14624 14627 14562 
f 14655 14656 14658 14657 
f 14626 14465 14451 14625 
f 14627 14466 14465 14626 
f 14624 14461 14466 14627 
f 14625 14451 14455 
f 14629 14461 14624 14657 
f 14658 14628 14343 14654 
f 14633 14329 14351 14630 
f 14631 14331 14456 14632 
f 14635 14333 14329 14633 
f 14632 14456 14334 14634 
f 14637 14335 14333 14635 
f 14634 14334 14337 14636 
f 14639 14336 14335 14637 
f 14636 14337 14338 14638 
f 14641 14339 14336 14639 
f 14638 14338 14462 14640 
f 14643 14340 14339 14641 
f 14640 14462 14341 14642 
f 14645 14342 14340 14643 
f 14642 14341 14345 14644 
f 14647 14344 14342 14645 
f 14644 14345 14346 14646 
f 14649 14347 14344 14647 
f 14646 14346 14348 14648 
f 14651 14349 14347 14649 
f 14648 14348 14330 14650 
f 14653 14350 14349 14651 
f 14650 14330 14463 14652 
f 14654 14343 14350 14653 
f 14652 14463 14461 14629 
f 14656 14623 14628 14658 
f 14657 14624 14460 14655 
f 14355 14353 14623 14656 
f 14332 14328 14655 
f 14328 14355 14656 14655 
f 14327 14758 14631 14630 
f 14682 14452 14450 14679 
f 14680 14435 14304 14681 
f 14662 14309 14308 14660 
f 14659 14307 14310 14661 
f 14664 14311 14309 14662 
f 14661 14310 14312 14663 
f 14666 14313 14311 14664 
f 14663 14312 14314 14665 
f 14668 14315 14313 14666 
f 14665 14314 14316 14667 
f 14670 14443 14315 14668 
f 14667 14316 14317 14669 
f 14672 14442 14443 14670 
f 14669 14317 14320 14671 
f 14692 14306 14438 14673 
f 14674 14305 14303 14691 
f 14688 14551 14321 14689 
f 14690 14439 14440 14687 
f 14678 14318 14324 14675 
f 14676 14319 14441 14677 
f 14671 14320 14318 14678 
f 14677 14441 14442 14672 
f 14675 14324 14323 14683 
f 14684 14444 14319 14676 
f 14660 14308 14435 14680 
f 14679 14450 14307 14659 
f 14683 14323 14322 14686 
f 14685 14550 14444 14684 
f 14686 14322 14551 14688 
f 14687 14440 14550 14685 
f 14673 14438 14439 14690 
f 14689 14321 14305 14674 
f 14299 14300 14691 
f 14302 14296 14306 14692 
f 14300 14302 14692 14691 
f 14435 14308 14446 14445 
f 14472 14475 14362 14363 
f 14440 14439 14446 
f 14550 14440 14446 
f 14444 14550 14446 
f 14319 14444 14446 
f 14446 14442 14441 
f 14446 14443 14442 
f 14446 14315 14443 
f 14446 14313 14315 
f 14446 14311 14313 
f 14446 14309 14311 
f 14446 14308 14309 
f 14464 14331 14457 14465 
f 14464 14334 14456 
f 14330 14348 14464 
f 14348 14346 14464 
f 14346 14345 14464 
f 14345 14341 14464 
f 14341 14462 14464 
f 14462 14338 14464 
f 14338 14337 14464 
f 14337 14334 14464 
f 14362 14742 14743 
f 14362 14740 14741 
f 14362 14737 14738 
f 14731 14732 14485 
f 14729 14730 14485 
f 14453 14682 14681 14759 
f 14476 14524 14694 14693 
f 14524 14479 14695 14694 
f 14479 14481 14696 14695 
f 14481 14483 14697 14696 
f 14483 14519 14698 14697 
f 14519 14486 14699 14698 
f 14486 14488 14700 14699 
f 14488 14515 14701 14700 
f 14515 14491 14702 14701 
f 14491 14492 14703 14702 
f 14492 14494 14704 14703 
f 14494 14495 14705 14704 
f 14495 14496 14706 14705 
f 14496 14509 14707 14706 
f 14509 14497 14708 14707 
f 14497 14498 14709 14708 
f 14498 14499 14710 14709 
f 14499 14526 14711 14710 
f 14526 14528 14712 14711 
f 14528 14501 14713 14712 
f 14501 14531 14714 14713 
f 14531 14533 14715 14714 
f 14533 14503 14716 14715 
f 14503 14502 14717 14716 
f 14502 14500 14718 14717 
f 14500 14538 14719 14718 
f 14538 14540 14720 14719 
f 14540 14542 14721 14720 
f 14542 14544 14722 14721 
f 14544 14546 14723 14722 
f 14546 14548 14724 14723 
f 14548 14476 14693 14724 
f 14524 14476 14726 14725 
f 14476 14548 14727 14726 
f 14548 14546 14728 14727 
f 14546 14544 14729 14728 
f 14544 14542 14730 14729 
f 14542 14540 14731 14730 
f 14540 14538 14732 14731 
f 14538 14500 14733 14732 
f 14500 14502 14734 14733 
f 14502 14503 14735 14734 
f 14503 14533 14736 14735 
f 14533 14531 14737 14736 
f 14531 14501 14738 14737 
f 14501 14528 14739 14738 
f 14528 14526 14740 14739 
f 14526 14499 14741 14740 
f 14499 14498 14742 14741 
f 14498 14497 14743 14742 
f 14497 14509 14744 14743 
f 14509 14496 14745 14744 
f 14496 14495 14746 14745 
f 14495 14494 14747 14746 
f 14494 14492 14748 14747 
f 14492 14491 14749 14748 
f 14491 14515 14750 14749 
f 14515 14488 14751 14750 
f 14488 14486 14752 14751 
f 14486 14519 14753 14752 
f 14519 14483 14754 14753 
f 14483 14481 14755 14754 
f 14481 14479 14756 14755 
f 14479 14524 14725 14756 
f 14453 14757 14452 14682 
f 14758 14327 14453 14759 
f 14681 14304 14325 14759 
f 14758 14457 14331 14631 
f 14567 14295 14761 14798 
f 14295 14298 14763 14761 
f 14563 14297 14762 14797 
f 14297 14303 14764 14762 
f 14307 14450 14794 14766 
f 14303 14305 14765 14764 
f 14310 14307 14766 14767 
f 14312 14310 14767 14768 
f 14314 14312 14768 14769 
f 14316 14314 14769 14770 
f 14317 14316 14770 14771 
f 14320 14317 14771 14773 
f 14305 14321 14774 14765 
f 14324 14318 14772 14777 
f 14318 14320 14773 14772 
f 14551 14322 14775 14796 
f 14322 14323 14776 14775 
f 14323 14324 14777 14776 
f 14757 14326 14778 14814 
f 14623 14353 14792 14812 
f 14326 14351 14791 14778 
f 14351 14329 14779 14791 
f 14329 14333 14780 14779 
f 14333 14335 14781 14780 
f 14335 14336 14782 14781 
f 14336 14339 14783 14782 
f 14339 14340 14784 14783 
f 14340 14342 14785 14784 
f 14350 14343 14786 14790 
f 14342 14344 14787 14785 
f 14344 14347 14788 14787 
f 14347 14349 14789 14788 
f 14349 14350 14790 14789 
f 14619 14358 14793 14811 
f 14358 14282 14760 14793 
f 14450 14452 14795 14794 
f 14321 14551 14796 14774 
f 14298 14563 14797 14763 
f 14572 14567 14798 14799 
f 14576 14572 14799 14800 
f 14580 14576 14800 14801 
f 14584 14580 14801 14802 
f 14588 14584 14802 14803 
f 14592 14588 14803 14804 
f 14596 14592 14804 14805 
f 14599 14596 14805 14806 
f 14604 14599 14806 14807 
f 14608 14604 14807 14808 
f 14612 14608 14808 14809 
f 14616 14612 14809 14810 
f 14282 14616 14810 14760 
f 14353 14619 14811 14792 
f 14628 14623 14812 14813 
f 14343 14628 14813 14786 
f 14452 14757 14814 14795 
s 2
f 14819 14817 14815 14818 
f 14822 14819 14818 14821 
f 14825 14822 14821 14824 
f 14828 14825 14824 14827 
f 14834 14832 14830 14833 
f 14817 14834 14833 14815 
f 14832 14838 14836 14830 
f 14838 14841 14839 14836 
f 14841 14844 14842 14839 
f 14844 14847 14845 14842 
f 14847 14850 14848 14845 
f 14855 14853 14851 14854 
f 14853 14859 14857 14851 
f 14850 14862 14860 14848 
f 14862 14855 14854 14860 
f 14859 14828 14827 14857 
s 1
f 14816 14820 14818 14815 
f 14820 14823 14821 14818 
f 14823 14826 14824 14821 
f 14826 14829 14827 14824 
f 14829 14858 14857 14827 
f 14858 14852 14851 14857 
f 14852 14856 14854 14851 
f 14856 14861 14860 14854 
f 14861 14849 14848 14860 
f 14849 14846 14845 14848 
f 14846 14843 14842 14845 
f 14843 14840 14839 14842 
f 14840 14837 14836 14839 
f 14837 14831 14830 14836 
f 14831 14835 14833 14830 
f 14835 14816 14815 14833 
f 14982 14886 14981 
f 14984 14887 14886 14983 
f 14986 14887 14984 14985 
f 14990 14889 14988 14989 
f 14986 14987 14888 14887 
f 14987 14988 14889 14888 
f 14990 14991 14890 14889 
f 14886 14982 14983 
f 14992 14890 14991 
f 14994 14890 14993 
f 14996 14891 14890 14995 
f 14997 14891 14996 
f 14999 14891 14998 
f 15002 14886 15001 
f 15003 14886 15002 
f 15004 15005 14886 
f 14887 14888 14891 14886 
f 14888 14889 14890 14891 
f 15003 15004 14886 
f 14999 15000 14886 14891 
f 14997 14998 14891 
f 15000 15001 14886 
f 14994 14995 14890 
f 14992 14993 14890 
f 14886 15005 14981 
f 14864 14863 14915 14916 
f 14871 14864 14916 14923 
f 14866 14865 14917 14918 
f 14961 14866 14918 14964 
f 14867 14961 14963 14919 
f 14965 14869 14921 14968 
f 14870 14965 14967 14922 
f 14868 14867 14919 14920 
f 14869 14868 14920 14921 
f 14872 14870 14922 14924 
f 14865 14871 14923 14917 
f 14873 14872 14924 14925 
f 14874 14873 14925 14926 
f 14875 14874 14926 14927 
f 14876 14875 14927 14928 
f 14877 14876 14928 14929 
f 14878 14877 14929 14930 
f 14879 14878 14930 14931 
f 14880 14879 14931 14932 
f 14881 14880 14932 14933 
f 14882 14881 14933 14934 
f 14883 14882 14934 14935 
f 14884 14883 14935 14936 
f 14885 14884 14936 14937 
f 14863 14885 14937 14915 
f 14915 14892 14893 14916 
f 14916 14893 14900 14923 
f 14917 14894 14895 14918 
f 14918 14895 14971 14964 
f 14963 14970 14896 14919 
f 14921 14898 14974 14968 
f 14967 14973 14899 14922 
f 14919 14896 14897 14920 
f 14920 14897 14898 14921 
f 14922 14899 14901 14924 
f 14923 14900 14894 14917 
f 14924 14901 14902 14925 
f 14925 14902 14903 14926 
f 14926 14903 14904 14927 
f 14927 14904 14905 14928 
f 14928 14905 14906 14929 
f 14929 14906 14907 14930 
f 14930 14907 14908 14931 
f 14931 14908 14909 14932 
f 14932 14909 14910 14933 
f 14933 14910 14911 14934 
f 14934 14911 14912 14935 
f 14935 14912 14913 14936 
f 14936 14913 14914 14937 
f 14937 14914 14892 14915 
f 14893 14892 14938 14939 
f 14900 14893 14939 14946 
f 14895 14894 14940 14941 
f 14971 14895 14941 14976 
f 14896 14970 14977 14942 
f 14974 14898 14944 14979 
f 14899 14973 14980 14945 
f 14897 14896 14942 14943 
f 14898 14897 14943 14944 
f 14901 14899 14945 14947 
f 14894 14900 14946 14940 
f 14902 14901 14947 14948 
f 14903 14902 14948 14949 
f 14904 14903 14949 14950 
f 14905 14904 14950 14951 
f 14906 14905 14951 14952 
f 14907 14906 14952 14953 
f 14908 14907 14953 14954 
f 14909 14908 14954 14955 
f 14910 14909 14955 14956 
f 14911 14910 14956 14957 
f 14912 14911 14957 14958 
f 14913 14912 14958 14959 
f 14914 14913 14959 14960 
f 14892 14914 14960 14938 
f 14961 14964 14962 
f 14963 14961 14962 
f 14965 14968 14966 
f 14967 14965 14966 
f 14964 14971 14969 14962 
f 14970 14963 14962 14969 
f 14968 14974 14972 14966 
f 14973 14967 14966 14972 
f 14971 14976 14975 14969 
f 14977 14970 14969 14975 
f 14974 14979 14978 14972 
f 14980 14973 14972 14978 
f 14864 14871 14982 14981 
f 14871 14865 14983 14982 
f 14865 14866 14984 14983 
f 14866 14961 14985 14984 
f 14961 14867 14986 14985 
f 14867 14868 14987 14986 
f 14868 14869 14988 14987 
f 14869 14965 14989 14988 
f 14965 14870 14990 14989 
f 14870 14872 14991 14990 
f 14872 14873 14992 14991 
f 14873 14874 14993 14992 
f 14874 14875 14994 14993 
f 14875 14876 14995 14994 
f 14876 14877 14996 14995 
f 14877 14878 14997 14996 
f 14878 14879 14998 14997 
f 14879 14880 14999 14998 
f 14880 14881 15000 14999 
f 14881 14882 15001 15000 
f 14882 14883 15002 15001 
f 14883 14884 15003 15002 
f 14884 14885 15004 15003 
f 14885 14863 15005 15004 
f 14863 14864 14981 15005 
f 15347 15320 15873 15874 
f 15006 15320 15321 15009 
f 15009 15321 15322 15011 
f 15011 15322 15323 15013 
f 15013 15323 15324 15015 
f 15015 15324 15325 15055 
f 15017 15326 15327 15019 
f 15019 15327 15328 15021 
f 15021 15328 15329 15023 
f 15023 15329 15330 15025 
f 15025 15330 15331 15027 
f 15027 15331 15332 15029 
f 15029 15332 15333 15031 
f 15031 15333 15334 15033 
f 15033 15334 15335 15035 
f 15035 15335 15336 15037 
f 15037 15336 15337 15039 
f 15039 15337 15338 15041 
f 15041 15338 15339 15043 
f 15043 15339 15340 15045 
f 15045 15340 15341 15047 
f 15047 15341 15342 15057 
f 15049 15343 15344 15051 
f 15051 15344 15345 15059 
f 15372 15326 15325 15352 
f 15373 15343 15342 15368 
f 15371 15346 15345 15370 
f 15061 15062 15100 15084 
f 15110 15085 15842 15108 
f 15939 15082 15105 15942 
f 15061 15084 15101 15078 
f 15076 15077 15085 15086 
f 15075 15076 15086 15087 
f 15074 15075 15087 15088 
f 15073 15074 15088 15089 
f 15072 15073 15089 15090 
f 15071 15072 15090 15091 
f 15070 15071 15091 15092 
f 15069 15070 15092 15093 
f 15068 15069 15093 15094 
f 15067 15068 15094 15095 
f 15066 15067 15095 15096 
f 15065 15083 15106 15097 
f 15064 15065 15097 15098 
f 15063 15064 15098 15099 
f 15062 15063 15099 15100 
f 15126 15102 15101 15107 
f 15080 15079 15102 15103 
f 15081 15080 15103 15104 
f 15082 15081 15104 15105 
f 15083 15066 15096 15106 
f 15100 15125 15109 15084 
f 15085 15077 15986 15842 
f 15105 15129 15988 15942 
f 15084 15109 15107 15101 
f 15085 15110 15111 15086 
f 15086 15111 15112 15087 
f 15087 15112 15113 15088 
f 15088 15113 15114 15089 
f 15089 15114 15115 15090 
f 15090 15115 15116 15091 
f 15091 15116 15117 15092 
f 15092 15117 15118 15093 
f 15093 15118 15119 15094 
f 15094 15119 15120 15095 
f 15095 15120 15121 15096 
f 15106 15130 15122 15097 
f 15097 15122 15123 15098 
f 15098 15123 15124 15099 
f 15099 15124 15125 15100 
f 15102 15079 15078 15101 
f 15102 15126 15127 15103 
f 15103 15127 15128 15104 
f 15104 15128 15129 15105 
f 15096 15121 15130 15106 
f 15108 16006 15300 15110 
f 15107 15304 15306 15126 
f 15125 15295 15297 15109 
f 15129 15310 15313 15988 
f 15109 15297 15304 15107 
f 15110 15300 15250 15111 
f 15111 15250 15252 15112 
f 15112 15252 15292 15113 
f 15113 15292 15289 15114 
f 15114 15289 15286 15115 
f 15115 15286 15283 15116 
f 15116 15283 15280 15117 
f 15117 15280 15277 15118 
f 15118 15277 15262 15119 
f 15119 15262 15256 15120 
f 15120 15256 15258 15121 
f 15130 15264 15268 15122 
f 15122 15268 15270 15123 
f 15123 15270 15273 15124 
f 15124 15273 15295 15125 
f 15126 15306 15319 15127 
f 15127 15319 15316 15128 
f 15128 15316 15310 15129 
f 15121 15258 15264 15130 
f 15301 16031 16032 15176 
f 15249 15301 15176 15177 
f 15253 15249 15177 15178 
f 15291 15253 15178 15179 
f 15288 15291 15179 15466 
f 15282 15285 15180 15181 
f 15279 15282 15181 15182 
f 15276 15279 15182 15183 
f 15261 15276 15183 15184 
f 15255 15261 15184 15185 
f 15267 15265 15186 15187 
f 15271 15267 15187 15188 
f 15274 15271 15188 15189 
f 15294 15274 15189 15190 
f 15298 15294 15190 15191 
f 15303 15298 15191 15224 
f 16068 16069 15145 15131 
f 15131 15145 15146 15132 
f 15132 15146 15147 15133 
f 15133 15147 15148 15134 
f 15134 15462 15463 15195 
f 15474 15150 15135 15473 
f 15135 15150 15151 15136 
f 15136 15151 15152 15137 
f 15137 15152 15153 15138 
f 15138 15153 15154 15139 
f 15139 15154 15155 15851 
f 15851 15155 15850 
f 15864 15156 15140 15863 
f 15140 15156 15157 15141 
f 15141 15157 15158 15142 
f 15142 15158 15159 15143 
f 15143 15159 15160 15144 
f 15144 15160 15236 15219 
f 16069 15843 15006 15145 
f 15145 15006 15009 15146 
f 15146 15009 15011 15147 
f 15147 15011 15013 15148 
f 15148 15013 15015 15149 
f 15150 15017 15019 15151 
f 15151 15019 15021 15152 
f 15152 15021 15023 15153 
f 15153 15023 15025 15154 
f 15154 15025 15027 15155 
f 15155 15027 15870 15849 
f 15156 15031 15033 15157 
f 15157 15033 15035 15158 
f 15158 15035 15037 15159 
f 15159 15037 15039 15160 
f 15160 15039 15041 15236 
f 15844 16113 15192 15161 
f 15161 15192 15193 15162 
f 15162 15193 15194 15163 
f 15163 15194 15195 15164 
f 15164 15195 15463 15464 
f 15471 15472 15196 15165 
f 15165 15196 15197 15166 
f 15166 15197 15198 15167 
f 15167 15198 15199 15168 
f 15168 15199 15200 15169 
f 15169 15200 15852 15853 
f 15861 15862 15201 15171 
f 15171 15201 15202 15172 
f 15172 15202 15203 15173 
f 15173 15203 15204 15174 
f 15174 15204 15205 15175 
f 15175 15205 15212 15231 
f 16032 15844 15161 15176 
f 15176 15161 15162 15177 
f 15177 15162 15163 15178 
f 15178 15163 15164 15179 
f 15180 15471 15165 15181 
f 15181 15165 15166 15182 
f 15182 15166 15167 15183 
f 15183 15167 15168 15184 
f 15184 15168 15169 15185 
f 15185 15854 15855 
f 15186 15861 15171 15187 
f 15187 15171 15172 15188 
f 15188 15172 15173 15189 
f 15189 15173 15174 15190 
f 15190 15174 15175 15191 
f 15191 15175 15231 15224 
f 16113 16068 15131 15192 
f 15192 15131 15132 15193 
f 15193 15132 15133 15194 
f 15194 15133 15134 15195 
f 15196 15135 15136 15197 
f 15197 15136 15137 15198 
f 15198 15137 15138 15199 
f 15199 15138 15139 15200 
f 15200 15139 15851 15852 
f 15863 15140 15201 15862 
f 15201 15140 15141 15202 
f 15202 15141 15142 15203 
f 15203 15142 15143 15204 
f 15204 15143 15144 15205 
f 15205 15144 15219 15212 
f 15307 15303 15224 15223 
f 15312 15309 15225 15228 
f 15309 15315 15226 15225 
f 15315 15318 15227 15226 
f 15318 15307 15223 15227 
f 15212 15219 15218 15211 
f 15214 15220 15217 15213 
f 15215 15221 15220 15214 
f 15216 15222 15221 15215 
f 15211 15218 15222 15216 
f 15219 15793 15795 15218 
f 15220 15799 15845 15217 
f 15221 15802 15799 15220 
f 15222 15805 15802 15221 
f 15218 15795 15805 15222 
f 15224 15231 15230 15223 
f 15225 15232 15229 15228 
f 15226 15233 15232 15225 
f 15227 15234 15233 15226 
f 15223 15230 15234 15227 
f 15231 15212 15211 15230 
f 15232 15214 15213 15229 
f 15233 15215 15214 15232 
f 15234 15216 15215 15233 
f 15230 15211 15216 15234 
f 15793 15219 15236 15841 
f 15043 15045 15820 15817 
f 15045 15047 15823 15820 
f 15057 15049 15826 15828 
f 15049 15051 15832 15826 
f 15059 15053 15834 15837 
f 15047 15057 15828 15823 
f 15051 15059 15837 15832 
f 15300 16006 16187 15299 
f 15306 15304 15302 15305 
f 15297 15295 15293 15296 
f 15313 15310 15308 15311 
f 15304 15297 15296 15302 
f 15250 15300 15299 15248 
f 15252 15250 15248 15251 
f 15292 15252 15251 15290 
f 15289 15292 15290 15287 
f 15286 15289 15287 15284 
f 15283 15286 15284 15281 
f 15280 15283 15281 15278 
f 15277 15280 15278 15275 
f 15262 15277 15275 15260 
f 15256 15262 15260 15254 
f 15258 15256 15254 15257 
f 15268 15264 15263 15266 
f 15270 15268 15266 15269 
f 15273 15270 15269 15272 
f 15295 15273 15272 15293 
f 15319 15306 15305 15317 
f 15316 15319 15317 15314 
f 15310 15316 15314 15308 
f 15264 15258 15257 15263 
f 16031 15301 15299 16187 
f 15301 15249 15248 15299 
f 15249 15253 15251 15248 
f 15253 15291 15290 15251 
f 15291 15288 15287 15290 
f 15288 15285 15284 15287 
f 15285 15282 15281 15284 
f 15282 15279 15278 15281 
f 15279 15276 15275 15278 
f 15276 15261 15260 15275 
f 15261 15255 15254 15260 
f 15255 15259 15257 15254 
f 15259 15265 15263 15257 
f 15265 15267 15266 15263 
f 15267 15271 15269 15266 
f 15271 15274 15272 15269 
f 15274 15294 15293 15272 
f 15294 15298 15296 15293 
f 15298 15303 15302 15296 
f 15303 15307 15305 15302 
f 15309 15312 15311 15308 
f 15315 15309 15308 15314 
f 15318 15315 15314 15317 
f 15307 15318 15317 15305 
f 15320 15006 15843 15873 
f 15320 15347 15348 15321 
f 15321 15348 15349 15322 
f 15322 15349 15350 15323 
f 15323 15350 15351 15324 
f 15324 15351 15352 15325 
f 15326 15372 15353 15327 
f 15327 15353 15354 15328 
f 15328 15354 15355 15329 
f 15329 15355 15356 15330 
f 15330 15356 15357 15331 
f 15331 15357 15358 15332 
f 15332 15358 15359 15333 
f 15333 15359 15360 15334 
f 15334 15360 15361 15335 
f 15335 15361 15362 15336 
f 15336 15362 15363 15337 
f 15337 15363 15364 15338 
f 15338 15364 15365 15339 
f 15339 15365 15366 15340 
f 15340 15366 15367 15341 
f 15341 15367 15368 15342 
f 15343 15373 15369 15344 
f 15344 15369 15370 15345 
f 15326 15017 15055 15325 
f 15343 15049 15057 15342 
f 15346 15053 15059 15345 
f 15874 15008 15007 15347 
f 15352 15056 15018 15372 
f 15368 15058 15050 15373 
f 15370 15060 15054 15371 
f 15347 15007 15010 15348 
f 15348 15010 15012 15349 
f 15349 15012 15014 15350 
f 15350 15014 15016 15351 
f 15351 15016 15056 15352 
f 15372 15018 15020 15353 
f 15353 15020 15022 15354 
f 15354 15022 15024 15355 
f 15355 15024 15026 15356 
f 15356 15026 15028 15357 
f 15357 15028 15030 15358 
f 15358 15030 15032 15359 
f 15359 15032 15034 15360 
f 15360 15034 15036 15361 
f 15361 15036 15038 15362 
f 15362 15038 15040 15363 
f 15363 15040 15042 15364 
f 15364 15042 15044 15365 
f 15365 15044 15046 15366 
f 15366 15046 15048 15367 
f 15367 15048 15058 15368 
f 15373 15050 15052 15369 
f 15369 15052 15060 15370 
f 15062 15061 15374 15375 
f 15082 15939 16261 15395 
f 15061 15078 15391 15374 
f 15077 15076 15389 15390 
f 15076 15075 15388 15389 
f 15075 15074 15387 15388 
f 15074 15073 15386 15387 
f 15073 15072 15385 15386 
f 15072 15071 15384 15385 
f 15071 15070 15383 15384 
f 15070 15069 15382 15383 
f 15069 15068 15381 15382 
f 15068 15067 15380 15381 
f 15067 15066 15379 15380 
f 15083 15065 15378 15396 
f 15065 15064 15377 15378 
f 15064 15063 15376 15377 
f 15063 15062 15375 15376 
f 15079 15080 15393 15392 
f 15080 15081 15394 15393 
f 15081 15082 15395 15394 
f 15066 15083 15396 15379 
f 15986 15077 15390 16283 
f 15078 15079 15392 15391 
f 15460 15015 15459 
f 15457 15055 15476 
f 15466 15179 15465 
f 15469 15180 15285 15468 
f 15471 15180 15470 
f 15476 15017 15475 
f 15472 15473 15135 15196 
f 15420 15438 15437 15436 
f 15413 15412 15446 15439 
f 15413 15439 15440 15414 
f 15414 15440 15441 15415 
f 15415 15441 15442 15416 
f 15416 15442 15443 15417 
f 15397 15411 15444 15443 
f 15411 15410 15445 15444 
f 15410 15409 15438 15445 
f 15423 15432 15448 15447 
f 15429 15451 15450 15430 
f 15408 15407 15456 15437 
f 15401 15422 15446 15447 
f 15402 15424 15448 15449 
f 15403 15402 15449 15450 
f 15434 15404 15451 15452 
f 15405 15434 15452 15453 
f 15406 15405 15453 15454 
f 15433 15406 15454 15455 
f 15435 15456 15455 15425 
f 15438 15409 15408 15437 
f 15446 15422 15400 15439 
f 15439 15400 15421 15440 
f 15440 15421 15399 15441 
f 15441 15399 15398 15442 
f 15442 15398 15397 15443 
f 15444 15418 15417 15443 
f 15445 15419 15418 15444 
f 15438 15420 15419 15445 
f 15448 15424 15401 15447 
f 15451 15404 15403 15450 
f 15456 15435 15436 15437 
f 15446 15412 15423 15447 
f 15448 15432 15431 15449 
f 15449 15431 15430 15450 
f 15451 15429 15428 15452 
f 15452 15428 15427 15453 
f 15453 15427 15426 15454 
f 15454 15426 15425 15455 
f 15456 15407 15433 15455 
f 15397 15398 15458 15457 
f 15398 15399 15459 15458 
f 15399 15421 15460 15459 
f 15421 15400 15461 15460 
f 15400 15422 15462 15461 
f 15422 15401 15463 15462 
f 15401 15424 15464 15463 
f 15424 15402 15465 15464 
f 15402 15403 15466 15465 
f 15403 15404 15467 15466 
f 15404 15434 15468 15467 
f 15434 15405 15469 15468 
f 15405 15406 15470 15469 
f 15406 15433 15471 15470 
f 15433 15407 15472 15471 
f 15407 15408 15473 15472 
f 15408 15409 15474 15473 
f 15409 15410 15475 15474 
f 15410 15411 15476 15475 
f 15411 15397 15457 15476 
f 15476 15055 15017 
f 15017 15150 15474 15475 
f 15055 15457 15458 
f 15015 15055 15458 15459 
f 15460 15461 15149 15015 
f 15149 15461 15462 
f 15134 15148 15149 15462 
f 15180 15469 15470 
f 15285 15288 15467 15468 
f 15288 15466 15467 
f 15179 15164 15464 15465 
f 15868 15029 15031 15867 
f 15866 15031 15156 15865 
f 15856 15255 15185 15855 
f 15859 15265 15858 
f 15861 15186 15860 
f 15492 15538 15540 15519 
f 15478 15520 15526 15479 
f 15477 15521 15520 15478 
f 15500 15524 15523 15480 
f 15495 15521 15522 15494 
f 15501 15525 15524 15500 
f 15479 15526 15525 15501 
f 15490 15491 15539 15522 
f 15480 15523 15541 15517 
f 15170 15506 15528 15529 
f 15504 15537 15527 15503 
f 15514 15530 15531 15515 
f 15486 15485 15532 15531 
f 15508 15528 15533 15516 
f 15516 15533 15530 15514 
f 15511 15512 15532 15534 
f 15510 15511 15534 15535 
f 15510 15535 15536 15509 
f 15504 15509 15536 15537 
f 15491 15489 15538 15539 
f 15488 15170 15529 15540 
f 15518 15503 15527 15541 
f 15538 15489 15488 15540 
f 15520 15496 15497 15526 
f 15521 15495 15496 15520 
f 15524 15499 15502 15523 
f 15521 15477 15490 15522 
f 15525 15498 15499 15524 
f 15526 15497 15498 15525 
f 15539 15493 15494 15522 
f 15523 15502 15518 15541 
f 15528 15508 15507 15529 
f 15537 15481 15505 15527 
f 15530 15513 15486 15531 
f 15532 15512 15515 15531 
f 15528 15506 15487 15533 
f 15533 15487 15513 15530 
f 15532 15485 15484 15534 
f 15534 15484 15483 15535 
f 15535 15483 15482 15536 
f 15536 15482 15481 15537 
f 15538 15492 15493 15539 
f 15529 15507 15519 15540 
f 15527 15505 15517 15541 
f 15493 15492 15543 15542 
f 15492 15519 15544 15543 
f 15519 15507 15545 15544 
f 15507 15508 15546 15545 
f 15508 15516 15547 15546 
f 15516 15514 15547 
f 15512 15511 15548 
f 15511 15510 15549 15548 
f 15510 15509 15550 15549 
f 15509 15504 15551 15550 
f 15504 15503 15552 15551 
f 15503 15518 15553 15552 
f 15518 15502 15554 15553 
f 15502 15499 15555 15554 
f 15499 15498 15556 15555 
f 15498 15497 15557 15556 
f 15497 15496 15558 15557 
f 15496 15495 15559 15558 
f 15495 15494 15560 15559 
f 15494 15493 15542 15560 
f 15542 15543 15653 15652 
f 15543 15544 15654 15653 
f 15544 15545 15655 15654 
f 15545 15546 15656 15655 
f 15546 15547 15657 15656 
f 15547 15514 15650 15657 
f 15514 15515 15651 15650 
f 15515 15512 15649 15651 
f 15512 15548 15658 15649 
f 15548 15549 15659 15658 
f 15549 15550 15660 15659 
f 15550 15551 15661 15660 
f 15551 15552 15662 15661 
f 15552 15553 15663 15662 
f 15553 15554 15664 15663 
f 15554 15555 15665 15664 
f 15555 15556 15666 15665 
f 15556 15557 15667 15666 
f 15557 15558 15668 15667 
f 15558 15559 15669 15668 
f 15559 15560 15670 15669 
f 15560 15542 15652 15670 
f 15606 16738 15605 
f 15564 15565 15628 15627 
f 15565 15566 15629 15628 
f 15566 15567 15630 15629 
f 15567 15568 15631 15630 
f 15568 15569 15632 15631 
f 15569 15562 15633 15632 
f 15562 15563 15634 15633 
f 15563 15561 15635 15634 
f 15561 15570 15636 15635 
f 15570 15571 15637 15636 
f 15571 15572 15638 15637 
f 15572 15573 15639 15638 
f 15573 15574 15640 15639 
f 15574 15575 15641 15640 
f 15575 15576 15642 15641 
f 15576 15577 15643 15642 
f 15577 15578 15644 15643 
f 15578 15579 15645 15644 
f 15579 15580 15646 15645 
f 15580 15581 15647 15646 
f 15581 15582 15648 15647 
f 15582 15564 15627 15648 
f 15583 15584 15606 15605 
f 15584 15585 15607 15606 
f 15585 15586 15608 15607 
f 15586 15587 15609 15608 
f 15587 15588 15610 15609 
f 15588 15589 15611 15610 
f 15589 15590 15612 15611 
f 15590 15591 15613 15612 
f 15591 15592 15614 15613 
f 15592 15593 15615 15614 
f 15593 15594 15616 15615 
f 15594 15595 15617 15616 
f 15595 15596 15618 15617 
f 15596 15597 15619 15618 
f 15597 15598 15620 15619 
f 15598 15599 15621 15620 
f 15599 15600 15622 15621 
f 15600 15601 15623 15622 
f 15601 15602 15624 15623 
f 15602 15603 15625 15624 
f 15603 15604 15626 15625 
f 15604 15583 15605 15626 
f 15606 15607 16739 16738 
f 15621 15622 16738 
f 15622 15623 16738 
f 15607 15608 16740 16739 
f 15608 15609 16741 16740 
f 15609 15610 16741 
f 15610 15611 16741 
f 15611 15612 16741 
f 15628 15584 15583 15627 
f 15629 15585 15584 15628 
f 15630 15586 15585 15629 
f 15631 15587 15586 15630 
f 15632 15588 15587 15631 
f 15633 15589 15588 15632 
f 15634 15590 15589 15633 
f 15635 15591 15590 15634 
f 15636 15592 15591 15635 
f 15637 15593 15592 15636 
f 15638 15594 15593 15637 
f 15639 15595 15594 15638 
f 15640 15596 15595 15639 
f 15641 15597 15596 15640 
f 15642 15598 15597 15641 
f 15643 15599 15598 15642 
f 15644 15600 15599 15643 
f 15645 15601 15600 15644 
f 15646 15602 15601 15645 
f 15647 15603 15602 15646 
f 15648 15604 15603 15647 
f 15627 15583 15604 15648 
f 15653 15565 15564 15652 
f 15654 15566 15565 15653 
f 15655 15567 15566 15654 
f 15656 15568 15567 15655 
f 15657 15569 15568 15656 
f 15650 15562 15569 15657 
f 15651 15563 15562 15650 
f 15649 15561 15563 15651 
f 15658 15570 15561 15649 
f 15659 15571 15570 15658 
f 15660 15572 15571 15659 
f 15661 15573 15572 15660 
f 15662 15574 15573 15661 
f 15663 15575 15574 15662 
f 15664 15576 15575 15663 
f 15665 15577 15576 15664 
f 15666 15578 15577 15665 
f 15667 15579 15578 15666 
f 15668 15580 15579 15667 
f 15669 15581 15580 15668 
f 15670 15582 15581 15669 
f 15652 15564 15582 15670 
f 15420 15436 15690 15679 
f 15412 15413 15672 15671 
f 15413 15414 15673 15672 
f 15414 15415 15674 15673 
f 15415 15416 15675 15674 
f 15416 15417 15676 15675 
f 15417 15418 15677 15676 
f 15418 15419 15678 15677 
f 15419 15420 15679 15678 
f 15423 15412 15671 15680 
f 15432 15423 15680 15688 
f 15435 15425 15681 15689 
f 15425 15426 15682 15681 
f 15426 15427 15683 15682 
f 15427 15428 15684 15683 
f 15428 15429 15685 15684 
f 15429 15430 15686 15685 
f 15430 15431 15687 15686 
f 15431 15432 15688 15687 
f 15436 15435 15689 15690 
f 15679 15690 15770 15759 
f 15671 15672 15752 15751 
f 15672 15673 15753 15752 
f 15673 15674 15754 15753 
f 15674 15675 15755 15754 
f 15675 15676 15756 15755 
f 15676 15677 15757 15756 
f 15677 15678 15758 15757 
f 15678 15679 15759 15758 
f 15680 15671 15751 15760 
f 15688 15680 15760 15768 
f 15689 15681 15761 15769 
f 15681 15682 15762 15761 
f 15682 15683 15763 15762 
f 15683 15684 15764 15763 
f 15684 15685 15765 15764 
f 15685 15686 15766 15765 
f 15686 15687 15767 15766 
f 15687 15688 15768 15767 
f 15690 15689 15769 15770 
f 15772 16735 16737 15771 
f 15699 15710 15732 15731 
f 15710 15709 15733 15732 
f 15709 15701 15734 15733 
f 15701 15702 15735 15734 
f 15702 15703 15736 15735 
f 15703 15704 15737 15736 
f 15704 15705 15738 15737 
f 15705 15706 15739 15738 
f 15706 15707 15740 15739 
f 15707 15708 15741 15740 
f 15708 15700 15742 15741 
f 15700 15691 15743 15742 
f 15691 15692 15744 15743 
f 15692 15693 15745 15744 
f 15693 15694 15746 15745 
f 15694 15695 15747 15746 
f 15695 15696 15748 15747 
f 15696 15697 15749 15748 
f 15697 15698 15750 15749 
f 15698 15699 15731 15750 
f 15732 15712 15711 15731 
f 15733 15713 15712 15732 
f 15734 15714 15713 15733 
f 15735 15715 15714 15734 
f 15736 15716 15715 15735 
f 15737 15717 15716 15736 
f 15738 15718 15717 15737 
f 15739 15719 15718 15738 
f 15740 15720 15719 15739 
f 15741 15721 15720 15740 
f 15742 15722 15721 15741 
f 15743 15723 15722 15742 
f 15744 15724 15723 15743 
f 15745 15725 15724 15744 
f 15746 15726 15725 15745 
f 15747 15727 15726 15746 
f 15748 15728 15727 15747 
f 15749 15729 15728 15748 
f 15750 15730 15729 15749 
f 15731 15711 15730 15750 
f 15770 15710 15699 15759 
f 15752 15692 15691 15751 
f 15753 15693 15692 15752 
f 15754 15694 15693 15753 
f 15755 15695 15694 15754 
f 15756 15696 15695 15755 
f 15757 15697 15696 15756 
f 15758 15698 15697 15757 
f 15759 15699 15698 15758 
f 15751 15691 15700 15760 
f 15760 15700 15708 15768 
f 15761 15701 15709 15769 
f 15762 15702 15701 15761 
f 15763 15703 15702 15762 
f 15764 15704 15703 15763 
f 15765 15705 15704 15764 
f 15766 15706 15705 15765 
f 15767 15707 15706 15766 
f 15768 15708 15707 15767 
f 15769 15709 15710 15770 
f 15711 15712 15772 15771 
f 15712 15713 15773 15772 
f 15713 15714 15774 15773 
f 15714 15715 15775 15774 
f 15715 15716 15776 15775 
f 15716 15717 15777 15776 
f 15717 15718 15778 15777 
f 15718 15719 15779 15778 
f 15719 15720 15780 15779 
f 15720 15721 15781 15780 
f 15721 15722 15782 15781 
f 15722 15723 15783 15782 
f 15723 15724 15784 15783 
f 15724 15725 15785 15784 
f 15725 15726 15786 15785 
f 15726 15727 15787 15786 
f 15727 15728 15788 15787 
f 15728 15729 15789 15788 
f 15729 15730 15790 15789 
f 15730 15711 15771 15790 
f 15773 15774 16736 
f 15774 15775 16736 
f 15775 15776 16736 
f 15772 15773 16736 16735 
f 15783 15784 16737 
f 15784 15785 16737 
f 15785 15786 16737 
s 2
f 15792 15207 15206 15796 
f 15798 15208 15846 15847 
f 15801 15209 15208 15798 
f 15804 15210 15209 15801 
f 15796 15206 15210 15804 
f 15807 15235 15239 15810 
f 15810 15239 15237 15812 
f 15812 15237 15238 15814 
f 15814 15238 15207 15792 
f 15816 15240 15235 15807 
f 15819 15241 15240 15816 
f 15822 15242 15241 15819 
f 15825 15243 15246 15829 
f 15831 15244 15243 15825 
f 15835 15245 15247 15838 
f 15829 15246 15242 15822 
f 15838 15247 15244 15831 
s 1
f 15795 15793 15791 15794 
f 15845 15799 15797 15848 
f 15799 15802 15800 15797 
f 15802 15805 15803 15800 
f 15805 15795 15794 15803 
f 15839 15808 15806 15809 
f 15840 15839 15809 15811 
f 15841 15840 15811 15813 
f 15793 15841 15813 15791 
f 15808 15817 15815 15806 
f 15817 15820 15818 15815 
f 15820 15823 15821 15818 
f 15828 15826 15824 15827 
f 15826 15832 15830 15824 
f 15837 15834 15833 15836 
f 15823 15828 15827 15821 
f 15832 15837 15836 15830 
s 2
f 15792 15796 15794 15791 
f 15798 15847 15848 15797 
f 15801 15798 15797 15800 
f 15804 15801 15800 15803 
f 15796 15804 15803 15794 
f 15807 15810 15809 15806 
f 15810 15812 15811 15809 
f 15812 15814 15813 15811 
f 15814 15792 15791 15813 
f 15816 15807 15806 15815 
f 15819 15816 15815 15818 
f 15822 15819 15818 15821 
f 15825 15829 15827 15824 
f 15831 15825 15824 15830 
f 15835 15838 15836 15833 
f 15829 15822 15821 15827 
f 15838 15831 15830 15836 
s 1
f 15043 15817 15808 
f 15236 15041 15043 15808 
f 15236 15808 15839 
f 15236 15839 15840 
f 15236 15840 15841 
f 15864 15865 15156 
f 15859 15860 15186 15265 
f 15265 15259 15857 15858 
f 15856 15857 15259 15255 
f 15185 15169 15853 15854 
f 15155 15849 15850 
f 15027 15029 15869 15870 
f 15868 15869 15029 
f 15031 15866 15867 
f 15480 15517 15850 15849 
f 15517 15505 15851 15850 
f 15505 15481 15852 15851 
f 15481 15482 15853 15852 
f 15482 15483 15854 15853 
f 15483 15484 15855 15854 
f 15484 15485 15856 15855 
f 15485 15486 15857 15856 
f 15486 15513 15858 15857 
f 15513 15487 15859 15858 
f 15487 15506 15860 15859 
f 15506 15170 15861 15860 
f 15170 15488 15862 15861 
f 15488 15489 15863 15862 
f 15489 15491 15864 15863 
f 15491 15490 15865 15864 
f 15490 15477 15866 15865 
f 15477 15478 15867 15866 
f 15478 15479 15868 15867 
f 15479 15501 15869 15868 
f 15501 15500 15870 15869 
f 15500 15480 15849 15870 
f 15871 15874 15873 15872 
f 15875 15877 15876 15872 
f 15877 15879 15878 15876 
f 15879 15881 15880 15878 
f 15881 15883 15882 15880 
f 15883 15885 15884 15882 
f 15886 15889 15888 15887 
f 15889 15891 15890 15888 
f 15891 15893 15892 15890 
f 15893 15895 15894 15892 
f 15895 15897 15896 15894 
f 15897 15899 15898 15896 
f 15899 15901 15900 15898 
f 15901 15903 15902 15900 
f 15903 15905 15904 15902 
f 15905 15907 15906 15904 
f 15907 15909 15908 15906 
f 15909 15911 15910 15908 
f 15911 15913 15912 15910 
f 15913 15915 15914 15912 
f 15915 15917 15916 15914 
f 15917 15919 15918 15916 
f 15920 15923 15922 15921 
f 15923 15925 15924 15922 
f 15926 15927 15884 15887 
f 15928 15929 15918 15921 
f 15930 15932 15924 15931 
f 15933 15936 15935 15934 
f 15937 15108 15842 15938 
f 15939 15942 15941 15940 
f 15933 15944 15943 15936 
f 15945 15947 15938 15946 
f 15948 15949 15947 15945 
f 15950 15951 15949 15948 
f 15952 15953 15951 15950 
f 15954 15955 15953 15952 
f 15956 15957 15955 15954 
f 15958 15959 15957 15956 
f 15960 15961 15959 15958 
f 15962 15963 15961 15960 
f 15964 15965 15963 15962 
f 15966 15967 15965 15964 
f 15968 15971 15970 15969 
f 15972 15973 15971 15968 
f 15974 15975 15973 15972 
f 15934 15935 15975 15974 
f 15976 15978 15943 15977 
f 15979 15981 15977 15980 
f 15982 15983 15981 15979 
f 15940 15941 15983 15982 
f 15969 15970 15967 15966 
f 15935 15936 15985 15984 
f 15938 15842 15986 15946 
f 15941 15942 15988 15987 
f 15936 15943 15978 15985 
f 15938 15947 15989 15937 
f 15947 15949 15990 15989 
f 15949 15951 15991 15990 
f 15951 15953 15992 15991 
f 15953 15955 15993 15992 
f 15955 15957 15994 15993 
f 15957 15959 15995 15994 
f 15959 15961 15996 15995 
f 15961 15963 15997 15996 
f 15963 15965 15998 15997 
f 15965 15967 15999 15998 
f 15970 15971 16001 16000 
f 15971 15973 16002 16001 
f 15973 15975 16003 16002 
f 15975 15935 15984 16003 
f 15977 15943 15944 15980 
f 15977 15981 16004 15976 
f 15981 15983 16005 16004 
f 15983 15941 15987 16005 
f 15967 15970 16000 15999 
f 15108 15937 16007 16006 
f 15978 15976 16009 16008 
f 15984 15985 16011 16010 
f 15987 15988 15313 16012 
f 15985 15978 16008 16011 
f 15937 15989 16013 16007 
f 15989 15990 16014 16013 
f 15990 15991 16015 16014 
f 15991 15992 16016 16015 
f 15992 15993 16017 16016 
f 15993 15994 16018 16017 
f 15994 15995 16019 16018 
f 15995 15996 16020 16019 
f 15996 15997 16021 16020 
f 15997 15998 16022 16021 
f 15998 15999 16023 16022 
f 16000 16001 16025 16024 
f 16001 16002 16026 16025 
f 16002 16003 16027 16026 
f 16003 15984 16010 16027 
f 15976 16004 16028 16009 
f 16004 16005 16029 16028 
f 16005 15987 16012 16029 
f 15999 16000 16024 16023 
f 16030 16033 16032 16031 
f 16034 16035 16033 16030 
f 16036 16037 16035 16034 
f 16038 16039 16037 16036 
f 16040 16041 16039 16038 
f 16042 16045 16044 16043 
f 16046 16047 16045 16042 
f 16048 16049 16047 16046 
f 16050 16051 16049 16048 
f 16052 16053 16051 16050 
f 16054 16057 16056 16055 
f 16058 16059 16057 16054 
f 16060 16061 16059 16058 
f 16062 16063 16061 16060 
f 16064 16065 16063 16062 
f 16066 16067 16065 16064 
f 16068 16071 16070 16069 
f 16071 16073 16072 16070 
f 16073 16075 16074 16072 
f 16075 16077 16076 16074 
f 16077 16080 16079 16078 
f 16081 16084 16083 16082 
f 16083 16086 16085 16082 
f 16086 16088 16087 16085 
f 16088 16090 16089 16087 
f 16090 16092 16091 16089 
f 16092 16094 16093 16091 
f 16094 16095 16093 
f 16096 16099 16098 16097 
f 16098 16101 16100 16097 
f 16101 16103 16102 16100 
f 16103 16105 16104 16102 
f 16105 16107 16106 16104 
f 16107 16109 16108 16106 
f 16069 16070 15875 15843 
f 16070 16072 15877 15875 
f 16072 16074 15879 15877 
f 16074 16076 15881 15879 
f 16076 16110 15883 15881 
f 16082 16085 15889 15886 
f 16085 16087 15891 15889 
f 16087 16089 15893 15891 
f 16089 16091 15895 15893 
f 16091 16093 15897 15895 
f 16093 16112 16111 15897 
f 16097 16100 15903 15901 
f 16100 16102 15905 15903 
f 16102 16104 15907 15905 
f 16104 16106 15909 15907 
f 16106 16108 15911 15909 
f 15844 16115 16114 16113 
f 16115 16117 16116 16114 
f 16117 16119 16118 16116 
f 16119 16120 16080 16118 
f 16120 16121 16079 16080 
f 16122 16125 16124 16123 
f 16125 16127 16126 16124 
f 16127 16129 16128 16126 
f 16129 16131 16130 16128 
f 16131 16133 16132 16130 
f 16133 16135 16134 16132 
f 16136 16139 16138 16137 
f 16139 16141 16140 16138 
f 16141 16143 16142 16140 
f 16143 16145 16144 16142 
f 16145 16147 16146 16144 
f 16147 16149 16148 16146 
f 16032 16033 16115 15844 
f 16033 16035 16117 16115 
f 16035 16037 16119 16117 
f 16037 16039 16120 16119 
f 16044 16045 16125 16122 
f 16045 16047 16127 16125 
f 16047 16049 16129 16127 
f 16049 16051 16131 16129 
f 16051 16053 16133 16131 
f 16053 16151 16150 
f 16056 16057 16139 16136 
f 16057 16059 16141 16139 
f 16059 16061 16143 16141 
f 16061 16063 16145 16143 
f 16063 16065 16147 16145 
f 16065 16067 16149 16147 
f 16113 16114 16071 16068 
f 16114 16116 16073 16071 
f 16116 16118 16075 16073 
f 16118 16080 16077 16075 
f 16124 16126 16086 16083 
f 16126 16128 16088 16086 
f 16128 16130 16090 16088 
f 16130 16132 16092 16090 
f 16132 16134 16094 16092 
f 16099 16137 16138 16098 
f 16138 16140 16101 16098 
f 16140 16142 16103 16101 
f 16142 16144 16105 16103 
f 16144 16146 16107 16105 
f 16146 16148 16109 16107 
f 16152 16153 16067 16066 
f 15312 15228 16155 16154 
f 16154 16155 16157 16156 
f 16156 16157 16159 16158 
f 16158 16159 16153 16152 
f 16148 16161 16160 16109 
f 16162 15213 15217 16163 
f 16164 16162 16163 16165 
f 16166 16164 16165 16167 
f 16161 16166 16167 16160 
f 16109 16160 16169 16168 
f 16163 15217 15845 16170 
f 16165 16163 16170 16171 
f 16167 16165 16171 16172 
f 16160 16167 16172 16169 
f 16067 16153 16173 16149 
f 16155 15228 15229 16174 
f 16157 16155 16174 16175 
f 16159 16157 16175 16176 
f 16153 16159 16176 16173 
f 16149 16173 16161 16148 
f 16174 15229 15213 16162 
f 16175 16174 16162 16164 
f 16176 16175 16164 16166 
f 16173 16176 16166 16161 
f 16168 16177 16108 16109 
f 15913 16179 16178 15915 
f 15915 16178 16180 15917 
f 15919 16182 16181 15920 
f 15920 16181 16183 15923 
f 15925 16186 16185 16184 
f 15917 16180 16182 15919 
f 15923 16183 16186 15925 
f 16007 16188 16187 16006 
f 16009 16190 16189 16008 
f 16011 16192 16191 16010 
f 15313 15311 16193 16012 
f 16008 16189 16192 16011 
f 16013 16194 16188 16007 
f 16014 16195 16194 16013 
f 16015 16196 16195 16014 
f 16016 16197 16196 16015 
f 16017 16198 16197 16016 
f 16018 16199 16198 16017 
f 16019 16200 16199 16018 
f 16020 16201 16200 16019 
f 16021 16202 16201 16020 
f 16022 16203 16202 16021 
f 16023 16204 16203 16022 
f 16025 16206 16205 16024 
f 16026 16207 16206 16025 
f 16027 16208 16207 16026 
f 16010 16191 16208 16027 
f 16028 16209 16190 16009 
f 16029 16210 16209 16028 
f 16012 16193 16210 16029 
f 16024 16205 16204 16023 
f 16031 16187 16188 16030 
f 16030 16188 16194 16034 
f 16034 16194 16195 16036 
f 16036 16195 16196 16038 
f 16038 16196 16197 16040 
f 16040 16197 16198 16043 
f 16043 16198 16199 16042 
f 16042 16199 16200 16046 
f 16046 16200 16201 16048 
f 16048 16201 16202 16050 
f 16050 16202 16203 16052 
f 16052 16203 16204 16211 
f 16211 16204 16205 16055 
f 16055 16205 16206 16054 
f 16054 16206 16207 16058 
f 16058 16207 16208 16060 
f 16060 16208 16191 16062 
f 16062 16191 16192 16064 
f 16064 16192 16189 16066 
f 16066 16189 16190 16152 
f 16154 16193 15311 15312 
f 16156 16210 16193 16154 
f 16158 16209 16210 16156 
f 16152 16190 16209 16158 
f 15872 15873 15843 15875 
f 15872 15876 16212 15871 
f 15876 15878 16213 16212 
f 15878 15880 16214 16213 
f 15880 15882 16215 16214 
f 15882 15884 15927 16215 
f 15887 15888 16216 15926 
f 15888 15890 16217 16216 
f 15890 15892 16218 16217 
f 15892 15894 16219 16218 
f 15894 15896 16220 16219 
f 15896 15898 16221 16220 
f 15898 15900 16222 16221 
f 15900 15902 16223 16222 
f 15902 15904 16224 16223 
f 15904 15906 16225 16224 
f 15906 15908 16226 16225 
f 15908 15910 16227 16226 
f 15910 15912 16228 16227 
f 15912 15914 16229 16228 
f 15914 15916 16230 16229 
f 15916 15918 15929 16230 
f 15921 15922 16231 15928 
f 15922 15924 15932 16231 
f 15887 15884 15885 15886 
f 15921 15918 15919 15920 
f 15931 15924 15925 16184 
f 15874 15871 16232 15008 
f 15927 15926 16234 16233 
f 15929 15928 16236 16235 
f 15932 15930 16238 16237 
f 15871 16212 16239 16232 
f 16212 16213 16240 16239 
f 16213 16214 16241 16240 
f 16214 16215 16242 16241 
f 16215 15927 16233 16242 
f 15926 16216 16243 16234 
f 16216 16217 16244 16243 
f 16217 16218 16245 16244 
f 16218 16219 16246 16245 
f 16219 16220 16247 16246 
f 16220 16221 16248 16247 
f 16221 16222 16249 16248 
f 16222 16223 16250 16249 
f 16223 16224 16251 16250 
f 16224 16225 16252 16251 
f 16225 16226 16253 16252 
f 16226 16227 16254 16253 
f 16227 16228 16255 16254 
f 16228 16229 16256 16255 
f 16229 16230 16257 16256 
f 16230 15929 16235 16257 
f 15928 16231 16258 16236 
f 16231 15932 16237 16258 
f 15934 16260 16259 15933 
f 15940 16262 16261 15939 
f 15933 16259 16263 15944 
f 15946 16265 16264 15945 
f 15945 16264 16266 15948 
f 15948 16266 16267 15950 
f 15950 16267 16268 15952 
f 15952 16268 16269 15954 
f 15954 16269 16270 15956 
f 15956 16270 16271 15958 
f 15958 16271 16272 15960 
f 15960 16272 16273 15962 
f 15962 16273 16274 15964 
f 15964 16274 16275 15966 
f 15969 16277 16276 15968 
f 15968 16276 16278 15972 
f 15972 16278 16279 15974 
f 15974 16279 16260 15934 
f 15980 16281 16280 15979 
f 15979 16280 16282 15982 
f 15982 16282 16262 15940 
f 15966 16275 16277 15969 
f 15986 16283 16265 15946 
f 15944 16263 16281 15980 
f 16284 16285 15883 
f 16286 16287 15885 
f 16041 16288 16039 
f 16289 16290 16043 16044 
f 16122 16291 16044 
f 16287 16292 15886 
f 16123 16124 16083 16084 
f 16293 16296 16295 16294 
f 16297 16300 16299 16298 
f 16297 16302 16301 16300 
f 16302 16304 16303 16301 
f 16304 16306 16305 16303 
f 16306 16308 16307 16305 
f 16309 16307 16311 16310 
f 16310 16311 16313 16312 
f 16312 16313 16294 16314 
f 16315 16318 16317 16316 
f 16319 16322 16321 16320 
f 16323 16295 16325 16324 
f 16326 16318 16299 16327 
f 16328 16330 16317 16329 
f 16331 16321 16330 16328 
f 16332 16334 16320 16333 
f 16335 16336 16334 16332 
f 16337 16338 16336 16335 
f 16339 16340 16338 16337 
f 16341 16342 16340 16325 
f 16294 16295 16323 16314 
f 16299 16300 16343 16327 
f 16300 16301 16344 16343 
f 16301 16303 16345 16344 
f 16303 16305 16346 16345 
f 16305 16307 16309 16346 
f 16311 16307 16308 16347 
f 16313 16311 16347 16348 
f 16294 16313 16348 16293 
f 16317 16318 16326 16329 
f 16320 16321 16331 16333 
f 16325 16295 16296 16341 
f 16299 16318 16315 16298 
f 16317 16330 16349 16316 
f 16330 16321 16322 16349 
f 16320 16334 16350 16319 
f 16334 16336 16351 16350 
f 16336 16338 16352 16351 
f 16338 16340 16342 16352 
f 16325 16340 16339 16324 
f 16309 16286 16353 16346 
f 16346 16353 16285 16345 
f 16345 16285 16284 16344 
f 16344 16284 16354 16343 
f 16343 16354 16078 16327 
f 16327 16078 16079 16326 
f 16326 16079 16121 16329 
f 16329 16121 16288 16328 
f 16328 16288 16041 16331 
f 16331 16041 16355 16333 
f 16333 16355 16290 16332 
f 16332 16290 16289 16335 
f 16335 16289 16291 16337 
f 16337 16291 16122 16339 
f 16339 16122 16123 16324 
f 16324 16123 16084 16323 
f 16323 16084 16081 16314 
f 16314 16081 16292 16312 
f 16312 16292 16287 16310 
f 16310 16287 16286 16309 
f 16287 15886 15885 
f 15886 16292 16081 16082 
f 15885 16353 16286 
f 15883 16285 16353 15885 
f 16284 15883 16110 16354 
f 16110 16078 16354 
f 16077 16078 16110 16076 
f 16044 16291 16289 
f 16043 16290 16355 16040 
f 16040 16355 16041 
f 16039 16288 16121 16120 
f 16356 16357 15901 15899 
f 16358 16359 16097 15901 
f 16360 16151 16053 16052 
f 16361 16362 16055 
f 16136 16363 16056 
f 16364 16367 16366 16365 
f 16368 16371 16370 16369 
f 16372 16368 16369 16373 
f 16374 16377 16376 16375 
f 16378 16380 16379 16373 
f 16381 16374 16375 16382 
f 16371 16381 16382 16370 
f 16383 16379 16385 16384 
f 16377 16387 16386 16376 
f 16388 16391 16390 16389 
f 16392 16395 16394 16393 
f 16396 16399 16398 16397 
f 16400 16398 16402 16401 
f 16403 16405 16404 16390 
f 16405 16396 16397 16404 
f 16406 16408 16402 16407 
f 16409 16410 16408 16406 
f 16409 16412 16411 16410 
f 16392 16393 16411 16412 
f 16384 16385 16365 16413 
f 16414 16366 16391 16388 
f 16415 16386 16394 16395 
f 16365 16366 16414 16413 
f 16369 16370 16417 16416 
f 16373 16369 16416 16378 
f 16375 16376 16419 16418 
f 16373 16379 16383 16372 
f 16382 16375 16418 16420 
f 16370 16382 16420 16417 
f 16385 16379 16380 16421 
f 16376 16386 16415 16419 
f 16390 16391 16422 16403 
f 16393 16394 16424 16423 
f 16397 16398 16400 16425 
f 16402 16398 16399 16407 
f 16390 16404 16426 16389 
f 16404 16397 16425 16426 
f 16402 16408 16427 16401 
f 16408 16410 16428 16427 
f 16410 16411 16429 16428 
f 16411 16393 16423 16429 
f 16365 16385 16421 16364 
f 16391 16366 16367 16422 
f 16394 16386 16387 16424 
f 16421 16431 16430 16364 
f 16364 16430 16432 16367 
f 16367 16432 16433 16422 
f 16422 16433 16434 16403 
f 16403 16434 16435 16405 
f 16405 16435 16396 
f 16407 16436 16406 
f 16406 16436 16437 16409 
f 16409 16437 16438 16412 
f 16412 16438 16439 16392 
f 16392 16439 16440 16395 
f 16395 16440 16441 16415 
f 16415 16441 16442 16419 
f 16419 16442 16443 16418 
f 16418 16443 16444 16420 
f 16420 16444 16445 16417 
f 16417 16445 16446 16416 
f 16416 16446 16447 16378 
f 16378 16447 16448 16380 
f 16380 16448 16431 16421 
f 16431 16450 16449 16430 
f 16430 16449 16451 16432 
f 16432 16451 16452 16433 
f 16433 16452 16453 16434 
f 16434 16453 16454 16435 
f 16435 16454 16455 16396 
f 16396 16455 16456 16399 
f 16399 16456 16457 16407 
f 16407 16457 16458 16436 
f 16436 16458 16459 16437 
f 16437 16459 16460 16438 
f 16438 16460 16461 16439 
f 16439 16461 16462 16440 
f 16440 16462 16463 16441 
f 16441 16463 16464 16442 
f 16442 16464 16465 16443 
f 16443 16465 16466 16444 
f 16444 16466 16467 16445 
f 16445 16467 16468 16446 
f 16446 16468 16469 16447 
f 16447 16469 16470 16448 
f 16448 16470 16450 16431 
f 16471 16474 16749 
f 16475 16478 16477 16476 
f 16476 16477 16480 16479 
f 16479 16480 16482 16481 
f 16481 16482 16484 16483 
f 16483 16484 16486 16485 
f 16485 16486 16488 16487 
f 16487 16488 16490 16489 
f 16489 16490 16492 16491 
f 16491 16492 16494 16493 
f 16493 16494 16496 16495 
f 16495 16496 16498 16497 
f 16497 16498 16500 16499 
f 16499 16500 16502 16501 
f 16501 16502 16504 16503 
f 16503 16504 16506 16505 
f 16505 16506 16508 16507 
f 16507 16508 16510 16509 
f 16509 16510 16512 16511 
f 16511 16512 16514 16513 
f 16513 16514 16516 16515 
f 16515 16516 16518 16517 
f 16517 16518 16478 16475 
f 16519 16474 16471 16520 
f 16520 16471 16522 16521 
f 16521 16522 16524 16523 
f 16523 16524 16526 16525 
f 16525 16526 16528 16527 
f 16527 16528 16530 16529 
f 16529 16530 16532 16531 
f 16531 16532 16534 16533 
f 16533 16534 16536 16535 
f 16535 16536 16538 16537 
f 16537 16538 16540 16539 
f 16539 16540 16542 16541 
f 16541 16542 16544 16543 
f 16543 16544 16546 16545 
f 16545 16546 16472 16547 
f 16547 16472 16473 16548 
f 16548 16473 16550 16549 
f 16549 16550 16552 16551 
f 16551 16552 16554 16553 
f 16553 16554 16556 16555 
f 16555 16556 16558 16557 
f 16557 16558 16474 16519 
f 16471 16749 16750 16522 
f 16473 16749 16550 
f 16550 16749 16552 
f 16522 16750 16751 16524 
f 16524 16751 16752 16526 
f 16526 16752 16528 
f 16528 16752 16530 
f 16530 16752 16532 
f 16477 16478 16519 16520 
f 16480 16477 16520 16521 
f 16482 16480 16521 16523 
f 16484 16482 16523 16525 
f 16486 16484 16525 16527 
f 16488 16486 16527 16529 
f 16490 16488 16529 16531 
f 16492 16490 16531 16533 
f 16494 16492 16533 16535 
f 16496 16494 16535 16537 
f 16498 16496 16537 16539 
f 16500 16498 16539 16541 
f 16502 16500 16541 16543 
f 16504 16502 16543 16545 
f 16506 16504 16545 16547 
f 16508 16506 16547 16548 
f 16510 16508 16548 16549 
f 16512 16510 16549 16551 
f 16514 16512 16551 16553 
f 16516 16514 16553 16555 
f 16518 16516 16555 16557 
f 16478 16518 16557 16519 
f 16449 16450 16475 16476 
f 16451 16449 16476 16479 
f 16452 16451 16479 16481 
f 16453 16452 16481 16483 
f 16454 16453 16483 16485 
f 16455 16454 16485 16487 
f 16456 16455 16487 16489 
f 16457 16456 16489 16491 
f 16458 16457 16491 16493 
f 16459 16458 16493 16495 
f 16460 16459 16495 16497 
f 16461 16460 16497 16499 
f 16462 16461 16499 16501 
f 16463 16462 16501 16503 
f 16464 16463 16503 16505 
f 16465 16464 16505 16507 
f 16466 16465 16507 16509 
f 16467 16466 16509 16511 
f 16468 16467 16511 16513 
f 16469 16468 16513 16515 
f 16470 16469 16515 16517 
f 16450 16470 16517 16475 
f 16293 16560 16559 16296 
f 16298 16562 16561 16297 
f 16297 16561 16563 16302 
f 16302 16563 16564 16304 
f 16304 16564 16565 16306 
f 16306 16565 16566 16308 
f 16308 16566 16567 16347 
f 16347 16567 16568 16348 
f 16348 16568 16560 16293 
f 16315 16569 16562 16298 
f 16316 16570 16569 16315 
f 16341 16572 16571 16342 
f 16342 16571 16573 16352 
f 16352 16573 16574 16351 
f 16351 16574 16575 16350 
f 16350 16575 16576 16319 
f 16319 16576 16577 16322 
f 16322 16577 16578 16349 
f 16349 16578 16570 16316 
f 16296 16559 16572 16341 
f 16560 16580 16579 16559 
f 16562 16582 16581 16561 
f 16561 16581 16583 16563 
f 16563 16583 16584 16564 
f 16564 16584 16585 16565 
f 16565 16585 16586 16566 
f 16566 16586 16587 16567 
f 16567 16587 16588 16568 
f 16568 16588 16580 16560 
f 16569 16589 16582 16562 
f 16570 16590 16589 16569 
f 16572 16592 16591 16571 
f 16571 16591 16593 16573 
f 16573 16593 16594 16574 
f 16574 16594 16595 16575 
f 16575 16595 16596 16576 
f 16576 16596 16597 16577 
f 16577 16597 16598 16578 
f 16578 16598 16590 16570 
f 16559 16579 16592 16572 
f 16599 16602 16743 16742 
f 16603 16606 16605 16604 
f 16604 16605 16608 16607 
f 16607 16608 16610 16609 
f 16609 16610 16612 16611 
f 16611 16612 16614 16613 
f 16613 16614 16616 16615 
f 16615 16616 16618 16617 
f 16617 16618 16620 16619 
f 16619 16620 16622 16621 
f 16621 16622 16624 16623 
f 16623 16624 16626 16625 
f 16625 16626 16628 16627 
f 16627 16628 16630 16629 
f 16629 16630 16632 16631 
f 16631 16632 16634 16633 
f 16633 16634 16636 16635 
f 16635 16636 16638 16637 
f 16637 16638 16640 16639 
f 16639 16640 16642 16641 
f 16641 16642 16606 16603 
f 16605 16606 16644 16643 
f 16608 16605 16643 16645 
f 16610 16608 16645 16646 
f 16612 16610 16646 16647 
f 16614 16612 16647 16648 
f 16616 16614 16648 16649 
f 16618 16616 16649 16650 
f 16620 16618 16650 16651 
f 16622 16620 16651 16652 
f 16624 16622 16652 16653 
f 16626 16624 16653 16654 
f 16628 16626 16654 16655 
f 16630 16628 16655 16656 
f 16632 16630 16656 16657 
f 16634 16632 16657 16658 
f 16636 16634 16658 16659 
f 16638 16636 16659 16660 
f 16640 16638 16660 16661 
f 16642 16640 16661 16662 
f 16606 16642 16662 16644 
f 16579 16580 16603 16604 
f 16581 16582 16627 16629 
f 16583 16581 16629 16631 
f 16584 16583 16631 16633 
f 16585 16584 16633 16635 
f 16586 16585 16635 16637 
f 16587 16586 16637 16639 
f 16588 16587 16639 16641 
f 16580 16588 16641 16603 
f 16582 16589 16625 16627 
f 16589 16590 16623 16625 
f 16591 16592 16607 16609 
f 16593 16591 16609 16611 
f 16594 16593 16611 16613 
f 16595 16594 16613 16615 
f 16596 16595 16615 16617 
f 16597 16596 16617 16619 
f 16598 16597 16619 16621 
f 16590 16598 16621 16623 
f 16592 16579 16604 16607 
f 16644 16602 16599 16643 
f 16643 16599 16663 16645 
f 16645 16663 16664 16646 
f 16646 16664 16665 16647 
f 16647 16665 16666 16648 
f 16648 16666 16667 16649 
f 16649 16667 16668 16650 
f 16650 16668 16669 16651 
f 16651 16669 16670 16652 
f 16652 16670 16671 16653 
f 16653 16671 16600 16654 
f 16654 16600 16601 16655 
f 16655 16601 16672 16656 
f 16656 16672 16673 16657 
f 16657 16673 16674 16658 
f 16658 16674 16675 16659 
f 16659 16675 16676 16660 
f 16660 16676 16677 16661 
f 16661 16677 16678 16662 
f 16662 16678 16602 16644 
f 16663 16745 16744 16664 
f 16664 16744 16746 16665 
f 16665 16746 16666 
f 16599 16742 16745 16663 
f 16601 16743 16747 16672 
f 16672 16747 16748 16673 
f 16673 16748 16674 
s 2
f 16679 16682 16681 16680 
f 16683 15847 15846 16684 
f 16685 16683 16684 16686 
f 16687 16685 16686 16688 
f 16682 16687 16688 16681 
f 16689 16692 16691 16690 
f 16692 16694 16693 16691 
f 16694 16696 16695 16693 
f 16696 16679 16680 16695 
f 16697 16689 16690 16698 
f 16699 16697 16698 16700 
f 16701 16699 16700 16702 
f 16703 16706 16705 16704 
f 16707 16703 16704 16708 
f 16709 16712 16711 16710 
f 16706 16701 16702 16705 
f 16712 16707 16708 16711 
s 1
f 16169 16714 16713 16168 
f 15845 15848 16715 16170 
f 16170 16715 16716 16171 
f 16171 16716 16717 16172 
f 16172 16717 16714 16169 
f 16718 16721 16720 16719 
f 16722 16723 16721 16718 
f 16177 16724 16723 16722 
f 16168 16713 16724 16177 
f 16719 16720 16725 16179 
f 16179 16725 16726 16178 
f 16178 16726 16727 16180 
f 16182 16729 16728 16181 
f 16181 16728 16730 16183 
f 16186 16732 16731 16185 
f 16180 16727 16729 16182 
f 16183 16730 16732 16186 
s 2
f 16679 16713 16714 16682 
f 16683 16715 15848 15847 
f 16685 16716 16715 16683 
f 16687 16717 16716 16685 
f 16682 16714 16717 16687 
f 16689 16720 16721 16692 
f 16692 16721 16723 16694 
f 16694 16723 16724 16696 
f 16696 16724 16713 16679 
f 16697 16725 16720 16689 
f 16699 16726 16725 16697 
f 16701 16727 16726 16699 
f 16703 16728 16729 16706 
f 16707 16730 16728 16703 
f 16709 16731 16732 16712 
f 16706 16729 16727 16701 
f 16712 16732 16730 16707 
s 1
f 15913 16719 16179 
f 16108 16719 15913 15911 
f 16108 16718 16719 
f 16108 16722 16718 
f 16108 16177 16722 
f 16096 16097 16359 
f 16361 16055 16056 16363 
f 16055 16362 16733 16211 
f 16360 16052 16211 16733 
f 16053 16150 16135 16133 
f 16093 16095 16112 
f 15897 16111 16734 15899 
f 16356 15899 16734 
f 15901 16357 16358 
f 16377 16112 16095 16387 
f 16387 16095 16094 16424 
f 16424 16094 16134 16423 
f 16423 16134 16135 16429 
f 16429 16135 16150 16428 
f 16428 16150 16151 16427 
f 16427 16151 16360 16401 
f 16401 16360 16733 16400 
f 16400 16733 16362 16425 
f 16425 16362 16361 16426 
f 16426 16361 16363 16389 
f 16389 16363 16136 16388 
f 16388 16136 16137 16414 
f 16414 16137 16099 16413 
f 16413 16099 16096 16384 
f 16384 16096 16359 16383 
f 16383 16359 16358 16372 
f 16372 16358 16357 16368 
f 16368 16357 16356 16371 
f 16371 16356 16734 16381 
f 16381 16734 16111 16374 
f 16374 16111 16112 16377 
f 16735 15782 15783 16737 
f 16736 15780 15781 
f 16736 15779 15780 
f 16736 15781 15782 16735 
f 16737 15790 15771 
f 16737 15789 15790 
f 15787 15788 16737 
f 15788 15789 16737 
f 15786 15787 16737 
f 15777 15778 16736 
f 15776 15777 16736 
f 15778 15779 16736 
f 16738 15620 15621 
f 16739 15619 15620 16738 
f 16738 15626 15605 
f 16740 15618 15619 16739 
f 16741 15617 15618 16740 
f 16741 15616 15617 
f 16741 15615 15616 
f 15624 15625 16738 
f 15623 15624 16738 
f 15625 15626 16738 
f 15613 15614 16741 
f 15612 15613 16741 
f 15614 15615 16741 
f 16743 16601 16600 16742 
f 16745 16671 16670 16744 
f 16744 16670 16669 16746 
f 16742 16600 16671 16745 
f 16743 16602 16678 16747 
f 16747 16678 16677 16748 
f 16746 16668 16667 
f 16746 16669 16668 
f 16746 16667 16666 
f 16748 16676 16675 
f 16748 16675 16674 
f 16748 16677 16676 
f 16749 16473 16472 
f 16749 16472 16546 16750 
f 16749 16474 16558 
f 16750 16546 16544 16751 
f 16751 16544 16542 16752 
f 16752 16542 16540 
f 16752 16540 16538 
f 16752 16536 16534 
f 16752 16534 16532 
f 16752 16538 16536 
f 16749 16556 16554 
f 16749 16554 16552 
f 16749 16558 16556 
# 15407 polygons - 1702 triangles

