# 3ds Max Wavefront OBJ Exporter v0.97b - (c)2007 guruware
# File Created: 16.07.2018 13:07:22

#
# object 77983_4
#

v  -0.0000 4.3341 -6.4115
v  -0.0000 0.7424 -6.4115
v  0.1466 0.7424 -6.4260
v  0.1466 4.3341 -6.4260
v  -0.0000 0.7328 -6.4115
v  -0.0000 0.7156 -6.4088
v  0.1471 0.7156 -6.4233
v  0.1466 0.7328 -6.4260
v  -0.0000 0.6994 -6.4002
v  0.1488 0.6994 -6.4148
v  -0.0000 0.6868 -6.3867
v  0.1514 0.6868 -6.4016
v  -0.0000 0.6797 -6.3708
v  0.1545 0.6797 -6.3860
v  -0.0000 0.6773 -6.3619
v  -0.0000 0.6235 -6.1625
v  0.1951 0.6235 -6.1817
v  0.1562 0.6773 -6.3773
v  -0.0000 0.6212 -6.1536
v  -0.0000 0.6140 -6.1372
v  0.2001 0.6140 -6.1569
v  0.1969 0.6212 -6.1730
v  -0.0000 0.6015 -6.1236
v  0.2027 0.6015 -6.1435
v  -0.0000 0.5845 -6.1146
v  0.2045 0.5845 -6.1347
v  -0.0000 0.5681 -6.1115
v  0.2051 0.5681 -6.1317
v  -0.0000 0.5572 -6.1115
v  -0.0000 0.1388 -6.1115
v  0.2051 0.1388 -6.1317
v  0.2051 0.5572 -6.1317
v  -0.0000 0.1279 -6.1115
v  -0.0000 0.1095 -6.1150
v  0.2044 0.1095 -6.1352
v  0.2051 0.1279 -6.1317
v  -0.0000 0.0925 -6.1262
v  0.2022 0.0925 -6.1461
v  -0.0000 0.0814 -6.1431
v  0.1989 0.0814 -6.1627
v  -0.0000 0.0779 -6.1656
v  0.1945 0.0779 -6.1847
v  0.2875 0.7424 -6.4687
v  0.2875 4.3341 -6.4687
v  0.2885 0.7156 -6.4662
v  0.2875 0.7328 -6.4687
v  0.2918 0.6994 -6.4582
v  0.2970 0.6868 -6.4458
v  0.3031 0.6797 -6.4311
v  0.3828 0.6235 -6.2386
v  0.3065 0.6773 -6.4229
v  0.3925 0.6140 -6.2153
v  0.3862 0.6212 -6.2304
v  0.3977 0.6015 -6.2027
v  0.4011 0.5845 -6.1944
v  0.4023 0.5681 -6.1916
v  0.4023 0.1388 -6.1916
v  0.4023 0.5572 -6.1916
v  0.4009 0.1095 -6.1948
v  0.4023 0.1279 -6.1916
v  0.3967 0.0925 -6.2051
v  0.3902 0.0814 -6.2207
v  0.3816 0.0779 -6.2415
v  0.4174 0.7424 -6.5381
v  0.4174 4.3341 -6.5381
v  0.4189 0.7156 -6.5359
v  0.4174 0.7328 -6.5381
v  0.4237 0.6994 -6.5287
v  0.4312 0.6868 -6.5175
v  0.4400 0.6797 -6.5043
v  0.5557 0.6235 -6.3311
v  0.4449 0.6773 -6.4969
v  0.5698 0.6140 -6.3100
v  0.5607 0.6212 -6.3237
v  0.5773 0.6015 -6.2987
v  0.5823 0.5845 -6.2913
v  0.5840 0.5681 -6.2887
v  0.5840 0.1388 -6.2887
v  0.5840 0.5572 -6.2887
v  0.5821 0.1095 -6.2916
v  0.5840 0.1279 -6.2887
v  0.5759 0.0925 -6.3009
v  0.5665 0.0814 -6.3150
v  0.5540 0.0779 -6.3336
v  0.5312 0.7424 -6.6316
v  0.5312 4.3341 -6.6316
v  0.5332 0.7156 -6.6296
v  0.5312 0.7328 -6.6316
v  0.5392 0.6994 -6.6235
v  0.5488 0.6868 -6.6140
v  0.5600 0.6797 -6.6028
v  0.7073 0.6235 -6.4555
v  0.5663 0.6773 -6.5965
v  0.7252 0.6140 -6.4376
v  0.7136 0.6212 -6.4492
v  0.7348 0.6015 -6.4280
v  0.7412 0.5845 -6.4216
v  0.7433 0.5681 -6.4194
v  0.7433 0.1388 -6.4194
v  0.7433 0.5572 -6.4194
v  0.7409 0.1095 -6.4219
v  0.7433 0.1279 -6.4194
v  0.7330 0.0925 -6.4298
v  0.7210 0.0814 -6.4418
v  0.7051 0.0779 -6.4577
v  0.6246 0.7424 -6.7454
v  0.6246 4.3341 -6.7454
v  0.6269 0.7156 -6.7439
v  0.6246 0.7328 -6.7454
v  0.6341 0.6994 -6.7391
v  0.6453 0.6868 -6.7316
v  0.6585 0.6797 -6.7228
v  0.8317 0.6235 -6.6070
v  0.6659 0.6773 -6.7178
v  0.8528 0.6140 -6.5930
v  0.8391 0.6212 -6.6021
v  0.8641 0.6015 -6.5854
v  0.8715 0.5845 -6.5805
v  0.8741 0.5681 -6.5787
v  0.8741 0.1388 -6.5787
v  0.8741 0.5572 -6.5787
v  0.8712 0.1095 -6.5807
v  0.8741 0.1279 -6.5787
v  0.8619 0.0925 -6.5869
v  0.8478 0.0814 -6.5963
v  0.8291 0.0779 -6.6088
v  0.6941 0.7424 -6.8753
v  0.6941 4.3341 -6.8753
v  0.6966 0.7156 -6.8742
v  0.6941 0.7328 -6.8753
v  0.7046 0.6994 -6.8710
v  0.7170 0.6868 -6.8658
v  0.7317 0.6797 -6.8597
v  0.9242 0.6235 -6.7800
v  0.7399 0.6773 -6.8563
v  0.9475 0.6140 -6.7703
v  0.9324 0.6212 -6.7766
v  0.9601 0.6015 -6.7651
v  0.9684 0.5845 -6.7617
v  0.9712 0.5681 -6.7605
v  0.9712 0.1388 -6.7605
v  0.9712 0.5572 -6.7605
v  0.9680 0.1095 -6.7618
v  0.9712 0.1279 -6.7605
v  0.9577 0.0925 -6.7661
v  0.9420 0.0814 -6.7726
v  0.9213 0.0779 -6.7812
v  0.7368 0.7424 -7.0162
v  0.7368 4.3341 -7.0162
v  0.7395 0.7156 -7.0157
v  0.7368 0.7328 -7.0162
v  0.7480 0.6994 -7.0140
v  0.7612 0.6868 -7.0114
v  0.7768 0.6797 -7.0083
v  0.9811 0.6235 -6.9676
v  0.7855 0.6773 -7.0065
v  1.0059 0.6140 -6.9627
v  0.9898 0.6212 -6.9659
v  1.0192 0.6015 -6.9601
v  1.0280 0.5845 -6.9583
v  1.0311 0.5681 -6.9577
v  1.0311 0.1388 -6.9577
v  1.0311 0.5572 -6.9577
v  1.0276 0.1095 -6.9584
v  1.0311 0.1279 -6.9577
v  1.0167 0.0925 -6.9606
v  1.0001 0.0814 -6.9639
v  0.9780 0.0779 -6.9682
v  0.7513 0.7424 -7.1628
v  0.7513 4.3341 -7.1628
v  0.7540 0.7156 -7.1628
v  0.7513 0.7328 -7.1628
v  0.7626 0.6994 -7.1628
v  0.7761 0.6868 -7.1628
v  0.7920 0.6797 -7.1628
v  1.0003 0.6235 -7.1628
v  0.8009 0.6773 -7.1628
v  1.0256 0.6140 -7.1628
v  1.0092 0.6212 -7.1628
v  1.0392 0.6015 -7.1628
v  1.0482 0.5845 -7.1628
v  1.0513 0.5681 -7.1628
v  1.0513 0.1388 -7.1628
v  1.0513 0.5572 -7.1628
v  1.0477 0.1095 -7.1628
v  1.0513 0.1279 -7.1628
v  1.0366 0.0925 -7.1628
v  1.0197 0.0814 -7.1628
v  0.9972 0.0779 -7.1628
v  0.7368 0.7424 -7.3094
v  0.7368 4.3341 -7.3094
v  0.7395 0.7156 -7.3099
v  0.7368 0.7328 -7.3094
v  0.7480 0.6994 -7.3116
v  0.7612 0.6868 -7.3142
v  0.7768 0.6797 -7.3173
v  0.9811 0.6235 -7.3579
v  0.7855 0.6773 -7.3190
v  1.0059 0.6140 -7.3629
v  0.9898 0.6212 -7.3597
v  1.0192 0.6015 -7.3655
v  1.0280 0.5845 -7.3673
v  1.0311 0.5681 -7.3679
v  1.0311 0.1388 -7.3679
v  1.0311 0.5572 -7.3679
v  1.0276 0.1095 -7.3672
v  1.0311 0.1279 -7.3679
v  1.0167 0.0925 -7.3650
v  1.0001 0.0814 -7.3617
v  0.9780 0.0779 -7.3573
v  0.6941 0.7424 -7.4503
v  0.6941 4.3341 -7.4503
v  0.6966 0.7156 -7.4513
v  0.6941 0.7328 -7.4503
v  0.7046 0.6994 -7.4546
v  0.7170 0.6868 -7.4598
v  0.7317 0.6797 -7.4659
v  0.9242 0.6235 -7.5456
v  0.7399 0.6773 -7.4693
v  0.9475 0.6140 -7.5553
v  0.9324 0.6212 -7.5490
v  0.9601 0.6015 -7.5605
v  0.9684 0.5845 -7.5639
v  0.9712 0.5681 -7.5651
v  0.9712 0.1388 -7.5651
v  0.9712 0.5572 -7.5651
v  0.9680 0.1095 -7.5638
v  0.9712 0.1279 -7.5651
v  0.9577 0.0925 -7.5595
v  0.9420 0.0814 -7.5530
v  0.9213 0.0779 -7.5444
v  0.6246 0.7424 -7.5802
v  0.6246 4.3341 -7.5802
v  0.6269 0.7156 -7.5817
v  0.6246 0.7328 -7.5802
v  0.6341 0.6994 -7.5865
v  0.6453 0.6868 -7.5940
v  0.6585 0.6797 -7.6028
v  0.8317 0.6235 -7.7185
v  0.6659 0.6773 -7.6077
v  0.8528 0.6140 -7.7326
v  0.8391 0.6212 -7.7235
v  0.8641 0.6015 -7.7402
v  0.8715 0.5845 -7.7451
v  0.8741 0.5681 -7.7468
v  0.8741 0.1388 -7.7468
v  0.8741 0.5572 -7.7468
v  0.8712 0.1095 -7.7449
v  0.8741 0.1279 -7.7468
v  0.8619 0.0925 -7.7387
v  0.8478 0.0814 -7.7293
v  0.8291 0.0779 -7.7168
v  0.5312 0.7424 -7.6940
v  0.5312 4.3341 -7.6940
v  0.5332 0.7156 -7.6960
v  0.5312 0.7328 -7.6940
v  0.5393 0.6994 -7.7021
v  0.5488 0.6868 -7.7116
v  0.5600 0.6797 -7.7228
v  0.7073 0.6235 -7.8701
v  0.5663 0.6773 -7.7291
v  0.7252 0.6140 -7.8880
v  0.7136 0.6212 -7.8764
v  0.7348 0.6015 -7.8976
v  0.7412 0.5845 -7.9040
v  0.7433 0.5681 -7.9061
v  0.7433 0.1388 -7.9061
v  0.7433 0.5572 -7.9061
v  0.7409 0.1095 -7.9037
v  0.7433 0.1279 -7.9061
v  0.7330 0.0925 -7.8958
v  0.7210 0.0814 -7.8838
v  0.7051 0.0779 -7.8679
v  0.4174 0.7424 -7.7874
v  0.4174 4.3341 -7.7874
v  0.4189 0.7156 -7.7897
v  0.4174 0.7328 -7.7874
v  0.4237 0.6994 -7.7969
v  0.4312 0.6868 -7.8081
v  0.4400 0.6797 -7.8213
v  0.5557 0.6235 -7.9945
v  0.4449 0.6773 -7.8287
v  0.5698 0.6140 -8.0156
v  0.5607 0.6212 -8.0019
v  0.5773 0.6015 -8.0269
v  0.5823 0.5845 -8.0343
v  0.5840 0.5681 -8.0369
v  0.5840 0.1388 -8.0369
v  0.5840 0.5572 -8.0369
v  0.5821 0.1095 -8.0340
v  0.5840 0.1279 -8.0369
v  0.5759 0.0925 -8.0247
v  0.5665 0.0814 -8.0106
v  0.5540 0.0779 -7.9919
v  0.2875 0.7424 -7.8569
v  0.2875 4.3341 -7.8569
v  0.2885 0.7156 -7.8594
v  0.2875 0.7328 -7.8569
v  0.2918 0.6994 -7.8674
v  0.2970 0.6868 -7.8798
v  0.3031 0.6797 -7.8945
v  0.3828 0.6235 -8.0870
v  0.3065 0.6773 -7.9027
v  0.3925 0.6140 -8.1103
v  0.3862 0.6212 -8.0952
v  0.3977 0.6015 -8.1229
v  0.4011 0.5845 -8.1312
v  0.4023 0.5681 -8.1340
v  0.4023 0.1388 -8.1340
v  0.4023 0.5572 -8.1340
v  0.4009 0.1095 -8.1308
v  0.4023 0.1279 -8.1340
v  0.3967 0.0925 -8.1205
v  0.3902 0.0814 -8.1048
v  0.3816 0.0779 -8.0841
v  0.1466 0.7424 -7.8996
v  0.1466 4.3341 -7.8996
v  0.1471 0.7156 -7.9023
v  0.1466 0.7328 -7.8996
v  0.1488 0.6994 -7.9108
v  0.1514 0.6868 -7.9240
v  0.1545 0.6797 -7.9396
v  0.1951 0.6235 -8.1439
v  0.1562 0.6773 -7.9483
v  0.2001 0.6140 -8.1687
v  0.1969 0.6212 -8.1526
v  0.2027 0.6015 -8.1820
v  0.2045 0.5845 -8.1908
v  0.2051 0.5681 -8.1939
v  0.2051 0.1388 -8.1939
v  0.2051 0.5572 -8.1939
v  0.2044 0.1095 -8.1904
v  0.2051 0.1279 -8.1939
v  0.2022 0.0925 -8.1795
v  0.1989 0.0814 -8.1629
v  0.1945 0.0779 -8.1408
v  -0.0000 0.7424 -7.9141
v  -0.0000 4.3341 -7.9141
v  -0.0000 0.7156 -7.9168
v  -0.0000 0.7328 -7.9141
v  -0.0000 0.6994 -7.9254
v  -0.0000 0.6868 -7.9389
v  -0.0000 0.6797 -7.9548
v  -0.0000 0.6235 -8.1631
v  -0.0000 0.6773 -7.9637
v  -0.0000 0.6140 -8.1884
v  -0.0000 0.6212 -8.1720
v  -0.0000 0.6015 -8.2020
v  -0.0000 0.5845 -8.2110
v  -0.0000 0.5681 -8.2141
v  -0.0000 0.1388 -8.2141
v  -0.0000 0.5572 -8.2141
v  -0.0000 0.1095 -8.2105
v  -0.0000 0.1279 -8.2141
v  -0.0000 0.0925 -8.1994
v  -0.0000 0.0814 -8.1825
v  -0.0000 0.0779 -8.1600
v  -0.1466 0.7424 -7.8996
v  -0.1466 4.3341 -7.8996
v  -0.1471 0.7156 -7.9023
v  -0.1466 0.7328 -7.8996
v  -0.1488 0.6994 -7.9108
v  -0.1514 0.6868 -7.9240
v  -0.1545 0.6797 -7.9396
v  -0.1952 0.6235 -8.1439
v  -0.1563 0.6773 -7.9483
v  -0.2001 0.6140 -8.1687
v  -0.1969 0.6212 -8.1526
v  -0.2027 0.6015 -8.1820
v  -0.2045 0.5845 -8.1908
v  -0.2051 0.5681 -8.1939
v  -0.2051 0.1388 -8.1939
v  -0.2051 0.5572 -8.1939
v  -0.2044 0.1095 -8.1904
v  -0.2051 0.1279 -8.1939
v  -0.2022 0.0925 -8.1795
v  -0.1989 0.0814 -8.1629
v  -0.1946 0.0779 -8.1408
v  -0.2875 0.7424 -7.8569
v  -0.2875 4.3341 -7.8569
v  -0.2886 0.7156 -7.8594
v  -0.2875 0.7328 -7.8569
v  -0.2919 0.6994 -7.8674
v  -0.2970 0.6868 -7.8798
v  -0.3031 0.6797 -7.8945
v  -0.3828 0.6235 -8.0870
v  -0.3065 0.6773 -7.9027
v  -0.3925 0.6140 -8.1103
v  -0.3862 0.6212 -8.0952
v  -0.3977 0.6015 -8.1229
v  -0.4011 0.5845 -8.1312
v  -0.4023 0.5681 -8.1340
v  -0.4023 0.1388 -8.1340
v  -0.4023 0.5572 -8.1340
v  -0.4010 0.1095 -8.1308
v  -0.4023 0.1279 -8.1340
v  -0.3967 0.0925 -8.1205
v  -0.3902 0.0814 -8.1048
v  -0.3816 0.0779 -8.0841
v  -0.4174 0.7424 -7.7874
v  -0.4174 4.3341 -7.7874
v  -0.4189 0.7156 -7.7897
v  -0.4174 0.7328 -7.7874
v  -0.4237 0.6994 -7.7969
v  -0.4312 0.6868 -7.8081
v  -0.4400 0.6797 -7.8213
v  -0.5558 0.6235 -7.9945
v  -0.4450 0.6773 -7.8287
v  -0.5698 0.6140 -8.0156
v  -0.5607 0.6212 -8.0019
v  -0.5774 0.6015 -8.0269
v  -0.5823 0.5845 -8.0343
v  -0.5841 0.5681 -8.0369
v  -0.5841 0.1388 -8.0369
v  -0.5841 0.5572 -8.0369
v  -0.5821 0.1095 -8.0340
v  -0.5841 0.1279 -8.0369
v  -0.5759 0.0925 -8.0247
v  -0.5665 0.0814 -8.0106
v  -0.5540 0.0779 -7.9920
v  -0.5312 0.7424 -7.6940
v  -0.5312 4.3341 -7.6940
v  -0.5332 0.7156 -7.6960
v  -0.5312 0.7328 -7.6940
v  -0.5393 0.6994 -7.7021
v  -0.5488 0.6868 -7.7116
v  -0.5601 0.6797 -7.7228
v  -0.7073 0.6235 -7.8701
v  -0.5663 0.6773 -7.7291
v  -0.7252 0.6140 -7.8880
v  -0.7136 0.6212 -7.8764
v  -0.7348 0.6015 -7.8976
v  -0.7412 0.5845 -7.9040
v  -0.7434 0.5681 -7.9061
v  -0.7434 0.1388 -7.9061
v  -0.7434 0.5572 -7.9061
v  -0.7409 0.1095 -7.9037
v  -0.7434 0.1279 -7.9061
v  -0.7330 0.0925 -7.8958
v  -0.7210 0.0814 -7.8838
v  -0.7051 0.0779 -7.8679
v  -0.6247 0.7424 -7.5802
v  -0.6247 4.3341 -7.5802
v  -0.6270 0.7156 -7.5817
v  -0.6247 0.7328 -7.5802
v  -0.6341 0.6994 -7.5865
v  -0.6453 0.6868 -7.5940
v  -0.6586 0.6797 -7.6028
v  -0.8317 0.6235 -7.7185
v  -0.6659 0.6773 -7.6077
v  -0.8528 0.6140 -7.7326
v  -0.8391 0.6212 -7.7235
v  -0.8641 0.6015 -7.7402
v  -0.8715 0.5845 -7.7451
v  -0.8741 0.5681 -7.7468
v  -0.8741 0.1388 -7.7468
v  -0.8741 0.5572 -7.7468
v  -0.8712 0.1095 -7.7449
v  -0.8741 0.1279 -7.7468
v  -0.8619 0.0925 -7.7387
v  -0.8478 0.0814 -7.7293
v  -0.8292 0.0779 -7.7168
v  -0.6941 0.7424 -7.4503
v  -0.6941 4.3341 -7.4503
v  -0.6966 0.7156 -7.4513
v  -0.6941 0.7328 -7.4503
v  -0.7046 0.6994 -7.4546
v  -0.7170 0.6868 -7.4598
v  -0.7317 0.6797 -7.4659
v  -0.9242 0.6235 -7.5456
v  -0.7399 0.6773 -7.4693
v  -0.9475 0.6140 -7.5553
v  -0.9324 0.6212 -7.5490
v  -0.9601 0.6015 -7.5605
v  -0.9684 0.5845 -7.5639
v  -0.9712 0.5681 -7.5651
v  -0.9712 0.1388 -7.5651
v  -0.9712 0.5572 -7.5651
v  -0.9680 0.1095 -7.5638
v  -0.9712 0.1279 -7.5651
v  -0.9577 0.0925 -7.5595
v  -0.9421 0.0814 -7.5530
v  -0.9213 0.0779 -7.5444
v  -0.7368 0.7424 -7.3094
v  -0.7368 4.3341 -7.3094
v  -0.7395 0.7156 -7.3099
v  -0.7368 0.7328 -7.3094
v  -0.7480 0.6994 -7.3116
v  -0.7612 0.6868 -7.3142
v  -0.7768 0.6797 -7.3173
v  -0.9811 0.6235 -7.3580
v  -0.7855 0.6773 -7.3190
v  -1.0059 0.6140 -7.3629
v  -0.9898 0.6212 -7.3597
v  -1.0193 0.6015 -7.3655
v  -1.0281 0.5845 -7.3673
v  -1.0311 0.5681 -7.3679
v  -1.0311 0.1388 -7.3679
v  -1.0311 0.5572 -7.3679
v  -1.0276 0.1095 -7.3672
v  -1.0311 0.1279 -7.3679
v  -1.0167 0.0925 -7.3650
v  -1.0001 0.0814 -7.3617
v  -0.9781 0.0779 -7.3573
v  -0.7513 0.7424 -7.1628
v  -0.7513 4.3341 -7.1628
v  -0.7540 0.7156 -7.1628
v  -0.7513 0.7328 -7.1628
v  -0.7626 0.6994 -7.1628
v  -0.7761 0.6868 -7.1628
v  -0.7920 0.6797 -7.1628
v  -1.0003 0.6235 -7.1628
v  -0.8009 0.6773 -7.1628
v  -1.0256 0.6140 -7.1628
v  -1.0092 0.6212 -7.1628
v  -1.0392 0.6015 -7.1628
v  -1.0482 0.5845 -7.1628
v  -1.0513 0.5681 -7.1628
v  -1.0513 0.1388 -7.1628
v  -1.0513 0.5572 -7.1628
v  -1.0478 0.1095 -7.1628
v  -1.0513 0.1279 -7.1628
v  -1.0366 0.0925 -7.1628
v  -1.0197 0.0814 -7.1628
v  -0.9972 0.0779 -7.1628
v  -0.7368 0.7424 -7.0162
v  -0.7368 4.3341 -7.0162
v  -0.7395 0.7156 -7.0157
v  -0.7368 0.7328 -7.0162
v  -0.7480 0.6994 -7.0140
v  -0.7612 0.6868 -7.0114
v  -0.7768 0.6797 -7.0083
v  -0.9811 0.6235 -6.9676
v  -0.7855 0.6773 -7.0066
v  -1.0059 0.6140 -6.9627
v  -0.9898 0.6212 -6.9659
v  -1.0193 0.6015 -6.9601
v  -1.0281 0.5845 -6.9583
v  -1.0311 0.5681 -6.9577
v  -1.0311 0.1388 -6.9577
v  -1.0311 0.5572 -6.9577
v  -1.0276 0.1095 -6.9584
v  -1.0311 0.1279 -6.9577
v  -1.0167 0.0925 -6.9606
v  -1.0001 0.0814 -6.9639
v  -0.9781 0.0779 -6.9682
v  -0.6941 0.7424 -6.8753
v  -0.6941 4.3341 -6.8753
v  -0.6966 0.7156 -6.8742
v  -0.6941 0.7328 -6.8753
v  -0.7046 0.6994 -6.8710
v  -0.7170 0.6868 -6.8658
v  -0.7317 0.6797 -6.8597
v  -0.9242 0.6235 -6.7800
v  -0.7399 0.6773 -6.8563
v  -0.9475 0.6140 -6.7703
v  -0.9324 0.6212 -6.7766
v  -0.9601 0.6015 -6.7651
v  -0.9684 0.5845 -6.7617
v  -0.9712 0.5681 -6.7605
v  -0.9712 0.1388 -6.7605
v  -0.9712 0.5572 -6.7605
v  -0.9680 0.1095 -6.7618
v  -0.9712 0.1279 -6.7605
v  -0.9577 0.0925 -6.7661
v  -0.9421 0.0814 -6.7726
v  -0.9213 0.0779 -6.7812
v  -0.6247 0.7424 -6.7454
v  -0.6247 4.3341 -6.7454
v  -0.6270 0.7156 -6.7439
v  -0.6247 0.7328 -6.7454
v  -0.6341 0.6994 -6.7391
v  -0.6453 0.6868 -6.7316
v  -0.6586 0.6797 -6.7228
v  -0.8317 0.6235 -6.6070
v  -0.6659 0.6773 -6.7178
v  -0.8528 0.6140 -6.5930
v  -0.8391 0.6212 -6.6021
v  -0.8641 0.6015 -6.5854
v  -0.8715 0.5845 -6.5805
v  -0.8741 0.5681 -6.5787
v  -0.8741 0.1388 -6.5787
v  -0.8741 0.5572 -6.5787
v  -0.8712 0.1095 -6.5807
v  -0.8741 0.1279 -6.5787
v  -0.8619 0.0925 -6.5869
v  -0.8478 0.0814 -6.5963
v  -0.8292 0.0779 -6.6088
v  -0.5312 0.7424 -6.6316
v  -0.5312 4.3341 -6.6316
v  -0.5332 0.7156 -6.6296
v  -0.5312 0.7328 -6.6316
v  -0.5393 0.6994 -6.6235
v  -0.5488 0.6868 -6.6140
v  -0.5601 0.6797 -6.6028
v  -0.7073 0.6235 -6.4555
v  -0.5663 0.6773 -6.5965
v  -0.7252 0.6140 -6.4376
v  -0.7136 0.6212 -6.4492
v  -0.7348 0.6015 -6.4280
v  -0.7412 0.5845 -6.4216
v  -0.7434 0.5681 -6.4194
v  -0.7434 0.1388 -6.4194
v  -0.7434 0.5572 -6.4194
v  -0.7409 0.1095 -6.4219
v  -0.7434 0.1279 -6.4194
v  -0.7330 0.0925 -6.4298
v  -0.7210 0.0814 -6.4418
v  -0.7051 0.0779 -6.4577
v  -0.4174 0.7424 -6.5381
v  -0.4174 4.3341 -6.5381
v  -0.4189 0.7156 -6.5359
v  -0.4174 0.7328 -6.5381
v  -0.4237 0.6994 -6.5287
v  -0.4312 0.6868 -6.5175
v  -0.4400 0.6797 -6.5043
v  -0.5558 0.6235 -6.3311
v  -0.4450 0.6773 -6.4969
v  -0.5698 0.6140 -6.3100
v  -0.5607 0.6212 -6.3237
v  -0.5774 0.6015 -6.2987
v  -0.5824 0.5845 -6.2913
v  -0.5841 0.5681 -6.2887
v  -0.5841 0.1388 -6.2887
v  -0.5841 0.5572 -6.2887
v  -0.5821 0.1095 -6.2916
v  -0.5841 0.1279 -6.2887
v  -0.5759 0.0925 -6.3009
v  -0.5665 0.0814 -6.3150
v  -0.5540 0.0779 -6.3336
v  -0.2875 0.7424 -6.4687
v  -0.2875 4.3341 -6.4687
v  -0.2886 0.7156 -6.4662
v  -0.2875 0.7328 -6.4687
v  -0.2919 0.6994 -6.4582
v  -0.2970 0.6868 -6.4458
v  -0.3031 0.6797 -6.4311
v  -0.3828 0.6235 -6.2386
v  -0.3065 0.6773 -6.4229
v  -0.3925 0.6140 -6.2153
v  -0.3862 0.6212 -6.2304
v  -0.3977 0.6015 -6.2027
v  -0.4011 0.5845 -6.1944
v  -0.4023 0.5681 -6.1916
v  -0.4023 0.1388 -6.1916
v  -0.4023 0.5572 -6.1916
v  -0.4010 0.1095 -6.1948
v  -0.4023 0.1279 -6.1916
v  -0.3967 0.0925 -6.2051
v  -0.3902 0.0814 -6.2207
v  -0.3816 0.0779 -6.2415
v  -0.1466 0.7424 -6.4260
v  -0.1466 4.3341 -6.4260
v  -0.1471 0.7156 -6.4233
v  -0.1466 0.7328 -6.4260
v  -0.1488 0.6994 -6.4148
v  -0.1514 0.6868 -6.4016
v  -0.1545 0.6797 -6.3860
v  -0.1952 0.6235 -6.1817
v  -0.1563 0.6773 -6.3773
v  -0.2001 0.6140 -6.1569
v  -0.1969 0.6212 -6.1730
v  -0.2027 0.6015 -6.1435
v  -0.2045 0.5845 -6.1347
v  -0.2051 0.5681 -6.1317
v  -0.2051 0.1388 -6.1317
v  -0.2051 0.5572 -6.1317
v  -0.2044 0.1095 -6.1352
v  -0.2051 0.1279 -6.1317
v  -0.2022 0.0925 -6.1461
v  -0.1989 0.0814 -6.1627
v  -0.1946 0.0779 -6.1847
v  -0.0000 0.0779 -6.1756
v  -0.1926 0.0779 -6.1946
v  -0.3778 0.0779 -6.2508
v  -0.5484 0.0779 -6.3420
v  -0.6980 0.0779 -6.4648
v  -0.8208 0.0779 -6.6144
v  -0.9120 0.0779 -6.7850
v  -0.9682 0.0779 -6.9702
v  -0.9872 0.0779 -7.1628
v  -0.9682 0.0779 -7.3554
v  -0.9120 0.0779 -7.5406
v  -0.8208 0.0779 -7.7112
v  -0.6980 0.0779 -7.8608
v  -0.5484 0.0779 -7.9836
v  -0.3778 0.0779 -8.0748
v  -0.1926 0.0779 -8.1310
v  -0.0000 0.0779 -8.1500
v  0.1926 0.0779 -8.1310
v  0.3778 0.0779 -8.0748
v  0.5484 0.0779 -7.9836
v  0.6980 0.0779 -7.8608
v  0.8208 0.0779 -7.7112
v  0.9120 0.0779 -7.5406
v  0.9682 0.0779 -7.3554
v  0.9872 0.0779 -7.1628
v  0.9682 0.0779 -6.9702
v  0.9120 0.0779 -6.7850
v  0.8208 0.0779 -6.6144
v  0.6980 0.0779 -6.4648
v  0.5484 0.0779 -6.3420
v  0.3778 0.0779 -6.2508
v  0.1926 0.0779 -6.1946
v  0.0007 3.4949 -8.0538
v  -0.1720 3.4949 -8.0366
v  -0.1720 3.5044 -8.0366
v  0.0007 3.5044 -8.0538
v  -0.3393 3.4949 -7.9861
v  -0.3392 3.5044 -7.9861
v  -0.4936 3.4949 -7.9042
v  -0.4936 3.5044 -7.9041
v  -0.6292 3.4949 -7.7937
v  -0.6291 3.5044 -7.7937
v  -0.7401 3.4949 -7.6584
v  -0.7400 3.5044 -7.6584
v  -0.8225 3.4949 -7.5041
v  -0.8224 3.5044 -7.5041
v  -0.8735 3.4949 -7.3368
v  -0.8734 3.5044 -7.3368
v  -0.8909 3.4949 -7.1627
v  -0.8909 3.5044 -7.1627
v  -0.8733 3.4949 -6.9886
v  -0.8732 3.5044 -6.9886
v  -0.8223 3.4949 -6.8213
v  -0.8222 3.5044 -6.8214
v  -0.7398 3.4949 -6.6672
v  -0.7397 3.5044 -6.6672
v  -0.6289 3.4949 -6.5320
v  -0.6289 3.5044 -6.5320
v  -0.4937 3.4949 -6.4212
v  -0.4936 3.5044 -6.4212
v  -0.3393 3.4949 -6.3392
v  -0.3392 3.5044 -6.3393
v  -0.1720 3.4949 -6.2887
v  -0.1710 3.5044 -6.2885
v  0.0007 3.7241 -6.2737
v  0.0007 3.8023 -6.2743
v  -0.0442 3.8243 -6.2756
v  -0.1391 3.7915 -6.2857
v  -0.1716 3.8023 -8.0343
v  -0.1715 3.8539 -8.0339
v  0.0007 3.8539 -8.0509
v  0.0007 3.8023 -8.0513
v  -0.3384 3.8023 -7.9840
v  -0.3382 3.8539 -7.9836
v  -0.4923 3.8023 -7.9021
v  -0.4920 3.8539 -7.9018
v  -0.6273 3.8023 -7.7918
v  -0.6270 3.8539 -7.7915
v  -0.7381 3.8023 -7.6571
v  -0.7377 3.8539 -7.6568
v  -0.8203 3.8023 -7.5032
v  -0.8199 3.8539 -7.5030
v  -0.8712 3.8023 -7.3363
v  -0.8708 3.8539 -7.3363
v  -0.8884 3.8023 -7.1627
v  -0.8880 3.8539 -7.1627
v  -0.8709 3.8023 -6.9891
v  -0.8705 3.8539 -6.9892
v  -0.8200 3.8023 -6.8223
v  -0.8196 3.8539 -6.8224
v  -0.7379 3.8023 -6.6685
v  -0.7375 3.8539 -6.6687
v  -0.6273 3.8023 -6.5336
v  -0.6270 3.8539 -6.5339
v  -0.4923 3.8023 -6.4232
v  -0.4921 3.8539 -6.4235
v  -0.3384 3.8023 -6.3413
v  -0.3414 3.8539 -6.3430
v  -0.3855 4.3274 -6.3674
v  -0.3752 4.2169 -6.3615
v  -0.3341 4.2177 -6.3436
v  0.0007 3.5044 -6.2719
v  -0.1605 3.8539 -6.2895
v  -0.0780 3.8765 -6.2784
v  -0.1714 3.9195 -8.0333
v  0.0007 3.9195 -8.0503
v  -0.3380 3.9195 -7.9832
v  -0.4917 3.9195 -7.9013
v  -0.6266 3.9195 -7.7911
v  -0.7373 3.9195 -7.6565
v  -0.8194 3.9195 -7.5028
v  -0.8703 3.9195 -7.3362
v  -0.8874 3.9195 -7.1627
v  -0.8700 3.9194 -6.9893
v  -0.8191 3.9195 -6.8226
v  -0.7371 3.9195 -6.6690
v  -0.6266 3.9195 -6.5343
v  -0.4918 3.9195 -6.4240
v  -0.0959 3.9056 -6.2808
v  -0.1797 3.9049 -6.2941
v  -0.4900 4.3035 -6.4267
v  -0.4905 4.2032 -6.4260
v  -0.4095 4.4341 -6.3806
v  -0.4024 4.3801 -6.3764
v  -0.3603 4.3946 -6.3559
v  -0.3636 4.4341 -6.3578
v  -0.4897 4.3688 -6.4271
v  -0.3636 4.4441 -6.3579
v  -0.3705 5.0378 -6.3665
v  -0.4117 5.0382 -6.3876
v  -0.4095 4.4441 -6.3807
v  -0.4865 5.0377 -6.4318
v  -0.4893 4.4441 -6.4277
v  -0.1705 4.4441 -8.0289
v  -0.1695 5.0377 -8.0239
v  0.0007 5.0377 -8.0411
v  0.0007 4.4441 -8.0460
v  -0.3363 4.4441 -7.9791
v  -0.3344 5.0377 -7.9743
v  -0.4894 4.4441 -7.8979
v  -0.4867 5.0377 -7.8939
v  -0.6234 4.4441 -7.7879
v  -0.6198 5.0377 -7.7843
v  -0.7334 4.4441 -7.6540
v  -0.7291 5.0377 -7.6511
v  -0.8154 4.4441 -7.5012
v  -0.8108 5.0377 -7.4993
v  -0.8659 4.4441 -7.3353
v  -0.8609 5.0377 -7.3343
v  -0.8828 4.4441 -7.1627
v  -0.8777 5.0377 -7.1627
v  -0.8659 4.4441 -6.9901
v  -0.8614 5.0377 -6.9910
v  -0.8151 4.4441 -6.8243
v  -0.8106 5.0377 -6.8262
v  -0.7333 4.4441 -6.6715
v  -0.7290 5.0377 -6.6744
v  -0.6233 4.4441 -6.5375
v  -0.6197 5.0377 -6.5412
v  -0.1707 4.3012 -8.0301
v  -0.1706 4.3676 -8.0295
v  0.0007 4.3676 -8.0466
v  0.0007 4.3012 -8.0472
v  -0.3368 4.3012 -7.9803
v  -0.3366 4.3676 -7.9797
v  -0.4900 4.3012 -7.8988
v  -0.4898 4.3676 -7.8984
v  -0.6243 4.3012 -7.7888
v  -0.6239 4.3676 -7.7884
v  -0.7345 4.3012 -7.6547
v  -0.7340 4.3676 -7.6543
v  -0.8165 4.3012 -7.5016
v  -0.8159 4.3676 -7.5014
v  -0.8672 4.3012 -7.3355
v  -0.8666 4.3676 -7.3354
v  -0.8841 4.3012 -7.1627
v  -0.8835 4.3676 -7.1627
v  -0.8670 4.3012 -6.9899
v  -0.8665 4.3676 -6.9900
v  -0.8162 4.3012 -6.8238
v  -0.8157 4.3676 -6.8241
v  -0.7343 4.3012 -6.6708
v  -0.7339 4.3676 -6.6711
v  -0.6242 4.3012 -6.5367
v  -0.6238 4.3676 -6.5371
v  -0.3649 4.1063 -6.3559
v  -0.3459 3.9197 -6.3456
v  -0.2815 4.1080 -6.3229
v  -0.1711 4.1018 -8.0318
v  -0.1709 4.2015 -8.0309
v  0.0007 4.2015 -8.0480
v  0.0007 4.1018 -8.0488
v  -0.3375 4.1018 -7.9819
v  -0.3372 4.2015 -7.9811
v  -0.4909 4.1018 -7.9001
v  -0.4905 4.2015 -7.8995
v  -0.6255 4.1018 -7.7900
v  -0.6249 4.2015 -7.7894
v  -0.7359 4.1018 -7.6556
v  -0.7352 4.2015 -7.6552
v  -0.8180 4.1018 -7.5023
v  -0.8172 4.2015 -7.5019
v  -0.8689 4.1018 -7.3359
v  -0.8680 4.2015 -7.3357
v  -0.8858 4.1018 -7.1627
v  -0.8850 4.2015 -7.1627
v  -0.8686 4.1018 -6.9896
v  -0.8678 4.2015 -6.9897
v  -0.8177 4.1018 -6.8232
v  -0.8170 4.2015 -6.8235
v  -0.7358 4.1018 -6.6698
v  -0.7351 4.2015 -6.6703
v  -0.6254 4.1018 -6.5354
v  -0.6248 4.2015 -6.5360
v  -0.4909 4.1030 -6.4253
v  -0.2236 4.1208 -6.3056
v  -0.2914 4.2375 -6.3273
v  -0.3489 4.3579 -6.3506
v  -0.4894 4.4341 -6.4276
v  -0.1705 4.4341 -8.0290
v  0.0007 4.4341 -8.0461
v  -0.3364 4.4341 -7.9792
v  -0.4895 4.4341 -7.8979
v  -0.6235 4.4341 -7.7880
v  -0.7335 4.4341 -7.6540
v  -0.8154 4.4341 -7.5012
v  -0.8660 4.4341 -7.3353
v  -0.8829 4.4341 -7.1627
v  -0.8660 4.4341 -6.9901
v  -0.8152 4.4341 -6.8243
v  -0.7334 4.4341 -6.6714
v  -0.6234 4.4341 -6.5375
v  -0.3036 4.3944 -6.3227
v  -0.3112 4.4137 -6.3258
v  0.0007 3.8168 -6.2730
v  -0.0297 3.8358 -6.2721
v  -0.0571 3.8929 -6.2714
v  -0.0679 3.9147 -6.2723
v  -0.1824 4.1504 -6.2852
v  -0.3143 4.4449 -6.3280
v  -0.3223 5.0347 -6.3374
v  -0.2430 4.2724 -6.2992
v  -0.3142 4.4349 -6.3278
v  -0.2699 4.4266 -6.2845
v  -0.2641 4.4173 -6.2801
v  -0.2441 4.4176 -6.2555
v  -0.2499 4.4268 -6.2599
v  0.0007 4.1542 -6.1129
v  0.0007 4.2852 -6.0499
v  -0.0219 4.2858 -6.0547
v  -0.0219 4.1538 -6.1182
v  -0.0403 4.2878 -6.0684
v  -0.0410 4.1556 -6.1334
v  -0.2823 5.0284 -6.2986
v  -0.2731 4.4459 -6.2875
v  -0.2532 4.4460 -6.2629
v  -0.2624 5.0227 -6.2740
v  -0.2021 4.2968 -6.2573
v  -0.1811 4.2957 -6.2327
v  -0.2731 4.4359 -6.2874
v  -0.2532 4.4360 -6.2628
v  -0.0415 4.0328 -6.1937
v  -0.0492 4.1569 -6.1423
v  -0.0473 4.0466 -6.1935
v  -0.0219 4.0199 -6.1825
v  0.0007 4.0137 -6.1806
v  -0.0221 4.4177 -5.9910
v  0.0007 4.4162 -5.9868
v  0.0007 4.4291 -5.9824
v  -0.0231 4.4291 -5.9877
v  -0.0397 4.4200 -6.0034
v  -0.0394 4.4292 -5.9999
v  0.0007 4.4427 -5.9808
v  -0.0232 4.4409 -5.9863
v  -0.0403 4.4372 -6.0000
v  -0.0243 4.4508 -5.9869
v  0.0007 4.4528 -5.9810
v  0.0007 4.9485 -5.9808
v  -0.0232 4.9485 -5.9863
v  -0.0410 4.4471 -6.0005
v  -0.0414 4.9484 -6.0012
v  -0.1494 4.1730 -6.2509
v  -0.1269 4.1694 -6.2263
v  -0.1695 5.0708 -8.0185
v  -0.1679 5.0879 -8.0056
v  0.0007 5.0880 -8.0223
v  0.0007 5.0708 -8.0355
v  -0.3320 5.0706 -7.9695
v  -0.3267 5.0877 -7.9577
v  -0.4830 5.0708 -7.8893
v  -0.4751 5.0881 -7.8786
v  -0.6158 5.0712 -7.7809
v  -0.6061 5.0883 -7.7718
v  -0.7254 5.0712 -7.6481
v  -0.7148 5.0881 -7.6404
v  -0.8059 5.0708 -7.4978
v  -0.7936 5.0879 -7.4934
v  -0.8558 5.0708 -7.3342
v  -0.8429 5.0878 -7.3325
v  -0.8727 5.0709 -7.1628
v  -0.8596 5.0880 -7.1629
v  -0.8560 5.0705 -6.9937
v  -0.8436 5.0877 -6.9979
v  -0.8056 5.0706 -6.8281
v  -0.7936 5.0876 -6.8329
v  -0.7250 5.0708 -6.6777
v  -0.7144 5.0879 -6.6853
v  -0.6159 5.0710 -6.5448
v  -0.6065 5.0882 -6.5541
v  -0.4843 5.0712 -6.4367
v  -0.4774 5.0884 -6.4482
v  -0.3684 5.0716 -6.3716
v  -0.3624 5.0889 -6.3841
v  -0.4030 5.0887 -6.4043
v  -0.4094 5.0717 -6.3923
v  -0.2742 5.0616 -6.2979
v  -0.2620 5.0784 -6.3047
v  -0.3085 5.0847 -6.3489
v  -0.3172 5.0677 -6.3397
v  -0.0325 4.9813 -5.9994
v  -0.0190 4.9978 -6.0046
v  -0.0292 5.0016 -6.0173
v  -0.0425 4.9850 -6.0117
v  0.0007 4.9800 -5.9856
v  0.0007 4.9965 -5.9973
v  -0.0111 4.9970 -5.9996
v  -0.0187 4.9804 -5.9897
v  -0.1649 5.0992 -7.9851
v  0.0007 5.0992 -8.0012
v  0.0007 5.0477 -8.0410
v  -0.1695 5.0477 -8.0238
v  -0.3185 5.0990 -7.9389
v  -0.3343 5.0477 -7.9742
v  -0.4629 5.0993 -7.8613
v  -0.4867 5.0477 -7.8938
v  -0.5908 5.0993 -7.7570
v  -0.6198 5.0477 -7.7843
v  -0.6976 5.0992 -7.6284
v  -0.7291 5.0477 -7.6510
v  -0.7742 5.0991 -7.4859
v  -0.8107 5.0477 -7.4993
v  -0.8224 5.0990 -7.3292
v  -0.8608 5.0477 -7.3343
v  -0.8387 5.0991 -7.1630
v  -0.8776 5.0477 -7.1627
v  -0.8237 5.0991 -7.0035
v  -0.8613 5.0477 -6.9910
v  -0.7747 5.0990 -6.8406
v  -0.8105 5.0477 -6.8262
v  -0.6975 5.0992 -6.6973
v  -0.7289 5.0477 -6.6744
v  -0.5915 5.0993 -6.5690
v  -0.6196 5.0477 -6.5412
v  -0.4659 5.0993 -6.4663
v  -0.4865 5.0477 -6.4319
v  -0.3520 5.0996 -6.4037
v  -0.3929 5.0994 -6.4233
v  -0.4117 5.0482 -6.3877
v  -0.3702 5.0478 -6.3664
v  -0.2447 5.0888 -6.3180
v  -0.2948 5.0962 -6.3651
v  -0.3216 5.0447 -6.3369
v  0.0007 5.0080 -6.0161
v  -0.0079 5.0113 -6.0268
v  -0.2813 5.0383 -6.2975
v  -0.2614 5.0326 -6.2729
v  -0.2543 5.0558 -6.2733
v  -0.0232 4.9585 -5.9863
v  0.0007 4.9585 -5.9808
v  -0.0406 4.9584 -6.0003
v  0.0007 3.8306 -6.2687
v  -0.0219 3.8504 -6.2639
v  -0.0420 3.9072 -6.2554
v  -0.0515 3.9297 -6.2547
v  0.1735 3.5044 -8.0364
v  0.1735 3.4949 -8.0365
v  0.3405 3.5044 -7.9857
v  0.3406 3.4949 -7.9857
v  0.4947 3.5044 -7.9035
v  0.4947 3.4949 -7.9036
v  0.6298 3.5044 -7.7928
v  0.6298 3.4949 -7.7929
v  0.7403 3.5044 -7.6576
v  0.7404 3.4948 -7.6576
v  0.8225 3.5044 -7.5035
v  0.8226 3.4948 -7.5036
v  0.8734 3.5044 -7.3365
v  0.8734 3.4948 -7.3365
v  0.8910 3.5044 -7.1627
v  0.8910 3.4948 -7.1627
v  0.8733 3.5044 -6.9889
v  0.8734 3.4948 -6.9889
v  0.8225 3.5044 -6.8219
v  0.8226 3.4949 -6.8218
v  0.7403 3.5044 -6.6678
v  0.7404 3.4949 -6.6678
v  0.6298 3.5044 -6.5326
v  0.6298 3.4949 -6.5325
v  0.4945 3.5044 -6.4221
v  0.4945 3.4949 -6.4221
v  0.3404 3.5044 -6.3400
v  0.3404 3.4949 -6.3400
v  0.1723 3.5044 -6.2891
v  0.1734 3.4949 -6.2893
v  0.1405 3.7915 -6.2859
v  0.0456 3.8243 -6.2757
v  0.1730 3.8023 -8.0341
v  0.1729 3.8539 -8.0336
v  0.3397 3.8023 -7.9836
v  0.3395 3.8539 -7.9832
v  0.4934 3.8022 -7.9016
v  0.4931 3.8539 -7.9012
v  0.6281 3.8022 -7.7912
v  0.6278 3.8539 -7.7909
v  0.7385 3.8022 -7.6564
v  0.7382 3.8539 -7.6561
v  0.8204 3.8022 -7.5027
v  0.8200 3.8539 -7.5025
v  0.8711 3.8022 -7.3360
v  0.8707 3.8539 -7.3360
v  0.8884 3.8022 -7.1627
v  0.8879 3.8539 -7.1627
v  0.8710 3.8022 -6.9894
v  0.8706 3.8539 -6.9894
v  0.8203 3.8022 -6.8228
v  0.8199 3.8539 -6.8229
v  0.7384 3.8022 -6.6691
v  0.7380 3.8539 -6.6693
v  0.6280 3.8022 -6.5344
v  0.6276 3.8539 -6.5347
v  0.4932 3.8022 -6.4241
v  0.4930 3.8539 -6.4244
v  0.3395 3.8023 -6.3420
v  0.3425 3.8539 -6.3438
v  0.3867 4.3274 -6.3679
v  0.3354 4.2177 -6.3440
v  0.3764 4.2169 -6.3621
v  0.1619 3.8539 -6.2899
v  0.0795 3.8765 -6.2785
v  0.1728 3.9195 -8.0331
v  0.3393 3.9195 -7.9828
v  0.4928 3.9194 -7.9008
v  0.6274 3.9195 -7.7905
v  0.7377 3.9195 -7.6559
v  0.8195 3.9194 -7.5023
v  0.8702 3.9195 -7.3359
v  0.8873 3.9195 -7.1627
v  0.8701 3.9194 -6.9895
v  0.8194 3.9194 -6.8231
v  0.7376 3.9195 -6.6696
v  0.6272 3.9195 -6.5351
v  0.4927 3.9195 -6.4249
v  0.1810 3.9049 -6.2944
v  0.0973 3.9057 -6.2810
v  0.4910 4.3035 -6.4274
v  0.4914 4.2032 -6.4267
v  0.4107 4.4341 -6.3812
v  0.3647 4.4341 -6.3584
v  0.3614 4.3946 -6.3565
v  0.4036 4.3801 -6.3770
v  0.4907 4.3688 -6.4278
v  0.3648 4.4441 -6.3585
v  0.4106 4.4441 -6.3812
v  0.4129 5.0381 -6.3882
v  0.3717 5.0377 -6.3671
v  0.4904 4.4441 -6.4283
v  0.4875 5.0376 -6.4324
v  0.1719 4.4441 -8.0287
v  0.1709 5.0377 -8.0237
v  0.3376 4.4441 -7.9785
v  0.3356 5.0377 -7.9737
v  0.4904 4.4441 -7.8972
v  0.4876 5.0376 -7.8930
v  0.6242 4.4440 -7.7873
v  0.6206 5.0376 -7.7837
v  0.7339 4.4440 -7.6533
v  0.7296 5.0376 -7.6504
v  0.8155 4.4440 -7.5006
v  0.8109 5.0376 -7.4987
v  0.8661 4.4440 -7.3350
v  0.8610 5.0376 -7.3340
v  0.8828 4.4440 -7.1627
v  0.8776 5.0376 -7.1627
v  0.8661 4.4440 -6.9903
v  0.8613 5.0375 -6.9913
v  0.8154 4.4440 -6.8248
v  0.8109 5.0376 -6.8267
v  0.7338 4.4440 -6.6722
v  0.7295 5.0376 -6.6750
v  0.6240 4.4440 -6.5383
v  0.6204 5.0376 -6.5420
v  0.1721 4.3012 -8.0299
v  0.1720 4.3676 -8.0293
v  0.3380 4.3012 -7.9797
v  0.3378 4.3676 -7.9791
v  0.4911 4.3012 -7.8982
v  0.4908 4.3676 -7.8978
v  0.6251 4.3012 -7.7881
v  0.6247 4.3676 -7.7877
v  0.7350 4.3012 -7.6540
v  0.7345 4.3676 -7.6537
v  0.8166 4.3012 -7.5011
v  0.8161 4.3676 -7.5009
v  0.8673 4.3012 -7.3353
v  0.8667 4.3676 -7.3352
v  0.8840 4.3012 -7.1627
v  0.8834 4.3676 -7.1627
v  0.8672 4.3012 -6.9901
v  0.8667 4.3676 -6.9902
v  0.8165 4.3012 -6.8243
v  0.8160 4.3676 -6.8245
v  0.7348 4.3012 -6.6715
v  0.7343 4.3676 -6.6718
v  0.6249 4.3012 -6.5374
v  0.6245 4.3676 -6.5379
v  0.3661 4.1063 -6.3565
v  0.2828 4.1080 -6.3234
v  0.3471 3.9197 -6.3464
v  0.1725 4.1018 -8.0316
v  0.1723 4.2015 -8.0307
v  0.3387 4.1018 -7.9813
v  0.3384 4.2015 -7.9805
v  0.4920 4.1018 -7.8996
v  0.4916 4.2015 -7.8989
v  0.6263 4.1018 -7.7894
v  0.6257 4.2015 -7.7887
v  0.7364 4.1018 -7.6550
v  0.7357 4.2015 -7.6545
v  0.8181 4.1018 -7.5017
v  0.8174 4.2015 -7.5014
v  0.8689 4.1018 -7.3356
v  0.8681 4.2015 -7.3354
v  0.8858 4.1018 -7.1627
v  0.8849 4.2015 -7.1627
v  0.8687 4.1018 -6.9898
v  0.8680 4.2015 -6.9900
v  0.8180 4.1018 -6.8237
v  0.8173 4.2015 -6.8240
v  0.7362 4.1018 -6.6705
v  0.7355 4.2015 -6.6710
v  0.6261 4.1018 -6.5362
v  0.6255 4.2015 -6.5368
v  0.4919 4.1030 -6.4261
v  0.2249 4.1208 -6.3060
v  0.2926 4.2376 -6.3278
v  0.3501 4.3579 -6.3512
v  0.4904 4.4341 -6.4282
v  0.1719 4.4341 -8.0288
v  0.3376 4.4341 -7.9786
v  0.4905 4.4341 -7.8973
v  0.6243 4.4340 -7.7873
v  0.7340 4.4340 -7.6534
v  0.8156 4.4340 -7.5007
v  0.8661 4.4340 -7.3350
v  0.8829 4.4340 -7.1627
v  0.8662 4.4340 -6.9903
v  0.8155 4.4340 -6.8248
v  0.7338 4.4340 -6.6721
v  0.6241 4.4340 -6.5383
v  0.3122 4.4137 -6.3265
v  0.3047 4.3945 -6.3233
v  0.0311 3.8359 -6.2725
v  0.0584 3.8930 -6.2720
v  0.1835 4.1505 -6.2858
v  0.0691 3.9149 -6.2728
v  0.3233 5.0347 -6.3380
v  0.3152 4.4450 -6.3287
v  0.2440 4.2725 -6.2999
v  0.3151 4.4350 -6.3286
v  0.2706 4.4267 -6.2852
v  0.2506 4.4269 -6.2606
v  0.2448 4.4178 -6.2563
v  0.2648 4.4175 -6.2808
v  0.0231 4.1540 -6.1188
v  0.0234 4.2858 -6.0547
v  0.0417 4.1559 -6.1341
v  0.0418 4.2878 -6.0684
v  0.2830 5.0283 -6.2993
v  0.2630 5.0226 -6.2748
v  0.2539 4.4460 -6.2637
v  0.2738 4.4459 -6.2883
v  0.1813 4.2961 -6.2336
v  0.2028 4.2971 -6.2580
v  0.2737 4.4359 -6.2882
v  0.2538 4.4360 -6.2636
v  0.0803 4.1620 -6.1755
v  0.0498 4.1573 -6.1430
v  0.0481 4.0518 -6.1918
v  0.0230 4.0240 -6.1812
v  0.0423 4.0384 -6.1918
v  0.0233 4.4179 -5.9916
v  0.0243 4.4292 -5.9882
v  0.0404 4.4204 -6.0042
v  0.0400 4.4294 -6.0008
v  0.0244 4.4409 -5.9870
v  0.0410 4.4372 -6.0008
v  0.0254 4.4509 -5.9877
v  0.0243 4.9485 -5.9869
v  0.0416 4.4472 -6.0014
v  0.0420 4.9482 -6.0021
v  0.1270 4.1698 -6.2272
v  0.1501 4.1733 -6.2516
v  0.1710 5.0709 -8.0187
v  0.1694 5.0880 -8.0056
v  0.3334 5.0706 -7.9695
v  0.3282 5.0877 -7.9577
v  0.4844 5.0707 -7.8892
v  0.4765 5.0880 -7.8785
v  0.6166 5.0707 -7.7803
v  0.6072 5.0877 -7.7715
v  0.7257 5.0705 -7.6473
v  0.7156 5.0872 -7.6400
v  0.8059 5.0701 -7.4973
v  0.7944 5.0870 -7.4931
v  0.8557 5.0701 -7.3338
v  0.8436 5.0869 -7.3323
v  0.8729 5.0704 -7.1628
v  0.8605 5.0872 -7.1629
v  0.8568 5.0701 -6.9939
v  0.8448 5.0873 -6.9980
v  0.8064 5.0703 -6.8283
v  0.7948 5.0873 -6.8330
v  0.7261 5.0706 -6.6779
v  0.7157 5.0876 -6.6854
v  0.6168 5.0707 -6.5454
v  0.6077 5.0877 -6.5544
v  0.4851 5.0707 -6.4377
v  0.4785 5.0876 -6.4487
v  0.3697 5.0714 -6.3721
v  0.4103 5.0712 -6.3933
v  0.4042 5.0880 -6.4048
v  0.3637 5.0886 -6.3843
v  0.2751 5.0612 -6.2985
v  0.3183 5.0674 -6.3403
v  0.3097 5.0843 -6.3492
v  0.2633 5.0780 -6.3050
v  0.0412 4.9838 -6.0095
v  0.1540 5.0263 -6.1494
v  0.1416 5.0428 -6.1552
v  0.0283 5.0005 -6.0147
v  0.0200 4.9802 -5.9903
v  0.0125 4.9967 -5.9999
v  0.0334 4.9809 -5.9999
v  0.0203 4.9975 -6.0048
v  0.1664 5.0991 -7.9851
v  0.1709 5.0477 -8.0236
v  0.3200 5.0989 -7.9388
v  0.3356 5.0477 -7.9736
v  0.4643 5.0991 -7.8612
v  0.4876 5.0476 -7.8929
v  0.5921 5.0991 -7.7569
v  0.6206 5.0476 -7.7836
v  0.6989 5.0988 -7.6283
v  0.7295 5.0476 -7.6504
v  0.7754 5.0985 -7.4858
v  0.8109 5.0476 -7.4987
v  0.8237 5.0986 -7.3292
v  0.8609 5.0476 -7.3340
v  0.8400 5.0987 -7.1630
v  0.8775 5.0476 -7.1627
v  0.8249 5.0987 -7.0036
v  0.8612 5.0475 -6.9913
v  0.7760 5.0986 -6.8407
v  0.8108 5.0476 -6.8267
v  0.6988 5.0988 -6.6974
v  0.7294 5.0476 -6.6751
v  0.5929 5.0990 -6.5691
v  0.6203 5.0476 -6.5420
v  0.4673 5.0992 -6.4664
v  0.4875 5.0476 -6.4325
v  0.3943 5.0993 -6.4233
v  0.3535 5.0995 -6.4038
v  0.3714 5.0477 -6.3670
v  0.4128 5.0481 -6.3883
v  0.2963 5.0961 -6.3652
v  0.2462 5.0887 -6.3181
v  0.3226 5.0446 -6.3375
v  0.1235 5.0541 -6.1670
v  0.0089 5.0111 -6.0262
v  0.2551 5.0554 -6.2739
v  0.2621 5.0325 -6.2737
v  0.2820 5.0382 -6.2983
v  0.0244 4.9585 -5.9870
v  0.0413 4.9583 -6.0012
v  0.0231 3.8506 -6.2644
v  0.0429 3.9075 -6.2561
v  0.0522 3.9300 -6.2555
v  -0.1403 5.0433 -6.1549
v  -0.2421 5.0726 -6.2802
v  -0.1532 5.0267 -6.1488
v  -0.1221 5.0543 -6.1669
v  -0.2248 5.0832 -6.2935
v  -0.0484 4.9613 -6.0099
v  0.2433 5.0722 -6.2804
v  0.2262 5.0831 -6.2935
v  0.0485 4.9610 -6.0100
v  0.1616 5.0036 -6.1497
v  -0.1516 4.4188 -6.1420
v  -0.0468 4.4200 -6.0123
v  -0.0465 4.4291 -6.0087
v  -0.1544 4.4279 -6.1424
v  -0.1149 4.2919 -6.1552
v  -0.0479 4.2882 -6.0773
v  -0.0475 4.4371 -6.0088
v  -0.1567 4.4365 -6.1437
v  -0.0795 4.1617 -6.1747
v  0.1549 4.4281 -6.1431
v  0.0471 4.4293 -6.0096
v  0.0475 4.4203 -6.0130
v  0.1523 4.4190 -6.1426
v  0.0491 4.2883 -6.0773
v  0.1150 4.2925 -6.1566
v  0.1573 4.4366 -6.1444
v  0.0481 4.4372 -6.0096
v  -0.1567 4.4465 -6.1437
v  -0.0481 4.4471 -6.0094
v  -0.0486 4.9511 -6.0102
v  -0.1623 4.9940 -6.1505
v  0.1629 4.9938 -6.1513
v  0.0497 4.9512 -6.0116
v  0.0488 4.4472 -6.0102
v  0.1573 4.4466 -6.1444
v  -0.0493 3.9752 -6.2303
v  -0.0418 3.9573 -6.2308
v  -0.0219 3.9016 -6.2393
v  0.0007 3.8817 -6.2441
v  0.0231 3.9019 -6.2398
v  0.0427 3.9575 -6.2316
v  0.0500 3.9755 -6.2310
v  0.0002 5.0476 -6.1386
v  0.0429 5.0673 -6.2056
v  -0.0003 5.0725 -6.2255
v  -0.0447 5.0670 -6.2047
v  0.1567 5.1086 -6.3791
v  0.0007 5.1080 -6.3639
v  0.0001 5.0884 -6.2824
v  0.0990 5.0880 -6.2901
v  0.0007 5.1015 -7.9914
v  -0.1630 5.1015 -7.9755
v  -0.1550 5.1087 -7.9463
v  0.0007 5.1084 -7.9615
v  -0.3148 5.1014 -7.9299
v  -0.3048 5.1087 -7.9009
v  -0.4575 5.1017 -7.8532
v  -0.4429 5.1088 -7.8272
v  -0.5839 5.1017 -7.7501
v  -0.5639 5.1088 -7.7280
v  -0.6895 5.1015 -7.6229
v  -0.6633 5.1088 -7.6071
v  -0.7652 5.1014 -7.4821
v  -0.7373 5.1088 -7.4691
v  -0.8129 5.1014 -7.3273
v  -0.7829 5.1088 -7.3192
v  -0.8290 5.1015 -7.1630
v  -0.7984 5.1088 -7.1634
v  -0.8141 5.1014 -7.0054
v  -0.7831 5.1088 -7.0075
v  -0.7657 5.1014 -6.8444
v  -0.7377 5.1088 -6.8575
v  -0.6894 5.1015 -6.7027
v  -0.6640 5.1088 -6.7193
v  -0.5846 5.1016 -6.5759
v  -0.5646 5.1088 -6.5981
v  -0.4603 5.1017 -6.4743
v  -0.4435 5.1087 -6.4987
v  -0.3883 5.1018 -6.4319
v  -0.3472 5.1020 -6.4122
v  -0.2886 5.0985 -6.3726
v  -0.3053 5.1087 -6.4247
v  -0.1553 5.1087 -6.3791
v  -0.0985 5.0881 -6.2901
v  0.1645 5.1014 -7.9755
v  0.1564 5.1087 -7.9463
v  0.3163 5.1013 -7.9298
v  0.3062 5.1086 -7.9009
v  0.4589 5.1015 -7.8531
v  0.4442 5.1086 -7.8272
v  0.5853 5.1015 -7.7500
v  0.5653 5.1086 -7.7280
v  0.6908 5.1012 -7.6228
v  0.6647 5.1085 -7.6071
v  0.7664 5.1012 -7.4820
v  0.7386 5.1085 -7.4691
v  0.8142 5.1011 -7.3273
v  0.7842 5.1085 -7.3193
v  0.8303 5.1012 -7.1630
v  0.7997 5.1085 -7.1634
v  0.8154 5.1011 -7.0054
v  0.7845 5.1085 -7.0075
v  0.7670 5.1011 -6.8444
v  0.7391 5.1085 -6.8575
v  0.6907 5.1013 -6.7028
v  0.6653 5.1085 -6.7193
v  0.5860 5.1014 -6.5760
v  0.5660 5.1086 -6.5981
v  0.4618 5.1015 -6.4744
v  0.4448 5.1086 -6.4987
v  0.3898 5.1016 -6.4319
v  0.3066 5.1086 -6.4247
v  -0.2374 5.0909 -6.3245
v  0.2388 5.0908 -6.3246
v  0.2900 5.0984 -6.3727
v  0.3486 5.1018 -6.4122
v  -0.1241 5.1420 -7.7909
v  0.0007 5.1419 -7.8031
v  -0.2442 5.1420 -7.7545
v  -0.3549 5.1420 -7.6954
v  -0.4519 5.1420 -7.6159
v  -0.5316 5.1420 -7.5190
v  -0.5909 5.1420 -7.4083
v  -0.6274 5.1420 -7.2883
v  -0.6398 5.1421 -7.1633
v  -0.6276 5.1420 -7.0383
v  -0.5912 5.1420 -6.9181
v  -0.5321 5.1420 -6.8073
v  -0.4525 5.1420 -6.7102
v  -0.3554 5.1420 -6.6305
v  -0.1244 5.1419 -6.5347
v  -0.2446 5.1420 -6.5712
v  0.1255 5.1419 -7.7909
v  0.2456 5.1419 -7.7545
v  0.3562 5.1418 -7.6954
v  0.4533 5.1418 -7.6159
v  0.5330 5.1418 -7.5190
v  0.5922 5.1418 -7.4084
v  0.6288 5.1418 -7.2883
v  0.6412 5.1418 -7.1633
v  0.6290 5.1418 -7.0383
v  0.5926 5.1418 -6.9181
v  0.5335 5.1418 -6.8073
v  0.4538 5.1418 -6.7102
v  0.3567 5.1418 -6.6305
v  0.2460 5.1419 -6.5712
v  0.1257 5.1419 -6.5346
v  0.0007 5.1413 -6.5224
v  0.0007 5.1971 -7.3217
v  -0.0302 5.1974 -7.3187
v  0.0007 5.2009 -7.1630
v  -0.0600 5.1974 -7.3097
v  -0.0875 5.1974 -7.2950
v  -0.1115 5.1974 -7.2753
v  -0.1313 5.1975 -7.2513
v  -0.1460 5.1975 -7.2239
v  -0.1550 5.1975 -7.1941
v  -0.1581 5.1975 -7.1631
v  -0.1551 5.1975 -7.1321
v  -0.1461 5.1975 -7.1023
v  -0.1314 5.1975 -7.0749
v  -0.1117 5.1975 -7.0508
v  -0.0876 5.1975 -7.0310
v  -0.0601 5.1974 -7.0163
v  -0.0303 5.1974 -7.0072
v  0.0316 5.1974 -7.3187
v  0.0614 5.1974 -7.3097
v  0.0888 5.1974 -7.2950
v  0.1129 5.1974 -7.2753
v  0.1327 5.1974 -7.2513
v  0.1474 5.1974 -7.2239
v  0.1564 5.1974 -7.1941
v  0.1595 5.1974 -7.1631
v  0.1565 5.1974 -7.1321
v  0.1475 5.1974 -7.1023
v  0.1328 5.1974 -7.0748
v  0.1130 5.1974 -7.0508
v  0.0890 5.1974 -7.0310
v  0.0317 5.1974 -7.0072
v  0.0615 5.1974 -7.0163
v  0.0007 5.1973 -7.0042
v  -0.0930 5.1678 -7.6345
v  -0.0617 5.1863 -7.4771
v  0.0007 5.1863 -7.4833
v  0.0007 5.1675 -7.6437
v  -0.1832 5.1678 -7.6072
v  -0.1218 5.1863 -7.4589
v  -0.2663 5.1678 -7.5628
v  -0.1772 5.1863 -7.4293
v  -0.3392 5.1678 -7.5031
v  -0.2257 5.1863 -7.3896
v  -0.3990 5.1678 -7.4303
v  -0.2656 5.1863 -7.3411
v  -0.4435 5.1678 -7.3472
v  -0.2952 5.1863 -7.2857
v  -0.4709 5.1679 -7.2571
v  -0.3135 5.1863 -7.2257
v  -0.4803 5.1679 -7.1633
v  -0.3197 5.1863 -7.1632
v  -0.4711 5.1679 -7.0694
v  -0.3136 5.1863 -7.1007
v  -0.4438 5.1679 -6.9791
v  -0.2954 5.1863 -7.0405
v  -0.3994 5.1679 -6.8959
v  -0.2658 5.1863 -6.9851
v  -0.3396 5.1679 -6.8230
v  -0.2260 5.1863 -6.9365
v  -0.2667 5.1678 -6.7631
v  -0.1774 5.1863 -6.8966
v  -0.0932 5.1678 -6.6912
v  -0.0618 5.1863 -6.8487
v  -0.1220 5.1863 -6.8670
v  -0.1835 5.1678 -6.7186
v  0.0631 5.1862 -7.4771
v  0.0944 5.1677 -7.6345
v  0.1232 5.1862 -7.4589
v  0.1846 5.1677 -7.6072
v  0.1785 5.1862 -7.4294
v  0.2677 5.1677 -7.5628
v  0.2271 5.1862 -7.3896
v  0.3405 5.1677 -7.5031
v  0.2670 5.1862 -7.3411
v  0.4004 5.1677 -7.4303
v  0.2966 5.1862 -7.2858
v  0.4449 5.1676 -7.3472
v  0.3149 5.1862 -7.2257
v  0.4723 5.1676 -7.2571
v  0.3211 5.1862 -7.1632
v  0.4817 5.1677 -7.1633
v  0.3150 5.1862 -7.1007
v  0.4725 5.1676 -7.0694
v  0.2968 5.1862 -7.0405
v  0.4452 5.1676 -6.9791
v  0.2672 5.1862 -6.9851
v  0.4008 5.1677 -6.8959
v  0.2274 5.1862 -6.9365
v  0.3410 5.1677 -6.8230
v  0.1788 5.1862 -6.8966
v  0.2680 5.1677 -6.7631
v  0.1849 5.1677 -6.7186
v  0.1234 5.1862 -6.8670
v  0.0632 5.1863 -6.8487
v  0.0945 5.1677 -6.6912
v  0.0007 5.1859 -6.8426
v  0.0007 5.1673 -6.6820
v  -0.2174 5.0859 -6.2998
v  0.0007 5.0130 -6.0316
v  0.1157 5.0562 -6.1728
v  0.2188 5.0852 -6.3000
v  -0.1610 5.0038 -6.1489
v  -0.1142 5.0562 -6.1728
v  0.0007 3.4590 -8.0379
v  -0.1689 3.4589 -8.0210
v  -0.3332 3.4589 -7.9714
v  -0.4848 3.4589 -7.8909
v  -0.6179 3.4589 -7.7824
v  -0.7268 3.4586 -7.6495
v  -0.8077 3.4586 -7.4980
v  -0.8578 3.4587 -7.3337
v  -0.8750 3.4589 -7.1627
v  -0.8576 3.4589 -6.9917
v  -0.8075 3.4589 -6.8275
v  -0.7265 3.4589 -6.6760
v  -0.6177 3.4589 -6.5432
v  -0.4848 3.4588 -6.4344
v  -0.3332 3.4588 -6.3540
v  -0.1696 3.4589 -6.3045
v  0.0007 3.4949 -6.2718
v  0.0007 3.4588 -6.2877
v  0.1704 3.4588 -8.0209
v  0.3345 3.4588 -7.9710
v  0.4859 3.4588 -7.8904
v  0.6186 3.4589 -7.7816
v  0.7272 3.4589 -7.6488
v  0.8079 3.4589 -7.4975
v  0.8578 3.4589 -7.3334
v  0.8751 3.4588 -7.1627
v  0.8578 3.4587 -6.9920
v  0.8078 3.4586 -6.8279
v  0.7271 3.4586 -6.6766
v  0.6185 3.4590 -6.5438
v  0.4857 3.4590 -6.4353
v  0.3343 3.4590 -6.3547
v  0.1709 3.4590 -6.3050
v  0.0007 3.4471 -8.0078
v  0.0007 3.4546 -7.9818
v  -0.1581 3.4546 -7.9660
v  -0.1631 3.4471 -7.9914
v  -0.3118 3.4546 -7.9196
v  -0.3217 3.4471 -7.9436
v  -0.4537 3.4546 -7.8442
v  -0.4681 3.4471 -7.8658
v  -0.5783 3.4547 -7.7426
v  -0.5966 3.4471 -7.7611
v  -0.6797 3.4554 -7.6179
v  -0.7019 3.4471 -7.6328
v  -0.7552 3.4555 -7.4762
v  -0.7800 3.4471 -7.4865
v  -0.8023 3.4553 -7.3226
v  -0.8284 3.4471 -7.3278
v  -0.8188 3.4547 -7.1627
v  -0.8448 3.4471 -7.1627
v  -0.8026 3.4547 -7.0027
v  -0.8281 3.4471 -6.9976
v  -0.7557 3.4548 -6.8490
v  -0.7797 3.4471 -6.8390
v  -0.6799 3.4547 -6.7073
v  -0.7015 3.4471 -6.6928
v  -0.5780 3.4548 -6.5830
v  -0.5964 3.4471 -6.5646
v  -0.4536 3.4549 -6.4813
v  -0.4681 3.4471 -6.4595
v  -0.3117 3.4549 -6.4060
v  -0.3217 3.4471 -6.3818
v  -0.1581 3.4549 -6.3596
v  -0.1631 3.4471 -6.3339
v  0.0007 3.4548 -6.3439
v  0.0007 3.4471 -6.3178
v  0.1645 3.4471 -7.9913
v  0.1595 3.4548 -7.9657
v  0.3230 3.4471 -7.9432
v  0.3130 3.4549 -7.9190
v  0.4692 3.4471 -7.8653
v  0.4546 3.4549 -7.8435
v  0.5973 3.4471 -7.7603
v  0.5789 3.4546 -7.7419
v  0.7021 3.4471 -7.6321
v  0.6806 3.4546 -7.6176
v  0.7801 3.4471 -7.4859
v  0.7562 3.4546 -7.4760
v  0.8283 3.4471 -7.3275
v  0.8028 3.4546 -7.3224
v  0.8450 3.4471 -7.1627
v  0.8189 3.4548 -7.1627
v  0.8283 3.4471 -6.9979
v  0.8023 3.4553 -7.0030
v  0.7801 3.4471 -6.8394
v  0.7554 3.4555 -6.8497
v  0.7022 3.4471 -6.6933
v  0.6801 3.4554 -6.7081
v  0.5973 3.4471 -6.5651
v  0.5789 3.4546 -6.5835
v  0.4690 3.4471 -6.4604
v  0.4546 3.4546 -6.4819
v  0.3229 3.4471 -6.3825
v  0.3130 3.4546 -6.4065
v  0.1644 3.4471 -6.3344
v  0.1594 3.4546 -6.3599
v  0.0007 3.4846 -7.9615
v  -0.1542 3.4847 -7.9461
v  -0.3041 3.4848 -7.9008
v  -0.4425 3.4847 -7.8274
v  -0.5640 3.4848 -7.7283
v  -0.6634 3.4881 -7.6071
v  -0.7373 3.4884 -7.4688
v  -0.7830 3.4874 -7.3188
v  -0.7986 3.4851 -7.1627
v  -0.7828 3.4851 -7.0067
v  -0.7370 3.4852 -6.8567
v  -0.6631 3.4851 -6.7185
v  -0.5637 3.4852 -6.5973
v  -0.4425 3.4860 -6.4980
v  -0.3041 3.4859 -6.4245
v  -0.1542 3.4856 -6.3793
v  0.0007 3.4854 -6.3641
v  0.1555 3.4855 -7.9460
v  0.3053 3.4859 -7.9005
v  0.4435 3.4860 -7.8269
v  0.5646 3.4848 -7.7276
v  0.6638 3.4847 -7.6064
v  0.7375 3.4846 -7.4683
v  0.7830 3.4846 -7.3185
v  0.7988 3.4852 -7.1627
v  0.7830 3.4875 -7.0069
v  0.7374 3.4882 -6.8571
v  0.6637 3.4878 -6.7190
v  0.5646 3.4844 -6.5978
v  0.4433 3.4844 -6.4988
v  0.3052 3.4846 -6.4252
v  0.1555 3.4846 -6.3797
v  0.0007 3.5057 -7.9606
v  -0.1541 3.5057 -7.9456
v  -0.3040 3.5058 -7.9005
v  -0.4422 3.5058 -7.8270
v  -0.5635 3.5058 -7.7278
v  -0.6630 3.5092 -7.6068
v  -0.7370 3.5095 -7.4687
v  -0.7826 3.5084 -7.3187
v  -0.7980 3.5061 -7.1627
v  -0.7821 3.5062 -7.0068
v  -0.7364 3.5062 -6.8570
v  -0.6626 3.5062 -6.7189
v  -0.5633 3.5062 -6.5978
v  -0.4421 3.5070 -6.4986
v  -0.3038 3.5069 -6.4252
v  -0.1540 3.5067 -6.3800
v  0.0007 3.5064 -6.3648
v  0.1554 3.5065 -7.9453
v  0.3050 3.5069 -7.8998
v  0.4431 3.5070 -7.8262
v  0.5641 3.5058 -7.7271
v  0.6631 3.5057 -7.6060
v  0.7367 3.5057 -7.4680
v  0.7822 3.5057 -7.3183
v  0.7980 3.5063 -7.1627
v  0.7826 3.5085 -7.0070
v  0.7372 3.5093 -6.8572
v  0.6633 3.5089 -6.7193
v  0.5641 3.5055 -6.5984
v  0.4431 3.5055 -6.4992
v  0.3051 3.5056 -6.4254
v  0.1554 3.5057 -6.3801
v  0.0007 4.0109 -7.9611
v  -0.1541 4.0110 -7.9458
v  -0.3040 4.0111 -7.9007
v  -0.4424 4.0110 -7.8273
v  -0.5639 4.0111 -7.7282
v  -0.6633 4.0144 -7.6070
v  -0.7372 4.0147 -7.4687
v  -0.7827 4.0137 -7.3187
v  -0.7982 4.0114 -7.1627
v  -0.7825 4.0114 -7.0067
v  -0.7366 4.0115 -6.8569
v  -0.6628 4.0114 -6.7187
v  -0.5634 4.0114 -6.5976
v  -0.4421 4.0123 -6.4985
v  -0.3039 4.0122 -6.4251
v  -0.1541 4.0119 -6.3794
v  0.0007 4.0117 -6.3645
v  0.1554 4.0118 -7.9455
v  0.3051 4.0122 -7.9000
v  0.4433 4.0123 -7.8265
v  0.5645 4.0111 -7.7275
v  0.6635 4.0110 -7.6062
v  0.7372 4.0109 -7.4682
v  0.7826 4.0109 -7.3184
v  0.7986 4.0115 -7.1627
v  0.7826 4.0138 -7.0070
v  0.7371 4.0145 -6.8573
v  0.6634 4.0141 -6.7193
v  0.5642 4.0107 -6.5982
v  0.4431 4.0107 -6.4991
v  0.3051 4.0109 -6.4255
v  0.1554 4.0109 -6.3801
v  -0.1026 0.3790 -4.7828
v  -0.1026 0.3932 -4.7828
v  -0.0991 0.3932 -4.7562
v  -0.0991 0.3790 -4.7562
v  -0.1079 0.4134 -4.7828
v  -0.1042 0.4134 -4.7549
v  -0.1210 0.4320 -4.7828
v  -0.1169 0.4320 -4.7515
v  -0.1388 0.4430 -4.7828
v  -0.1340 0.4430 -4.7469
v  -0.1609 0.4467 -4.7828
v  -0.1554 0.4467 -4.7412
v  -0.1734 0.4459 -4.7828
v  -0.1674 0.4459 -4.7379
v  -0.3115 0.4371 -4.7828
v  -0.3008 0.4371 -4.7022
v  -0.4748 0.4184 -4.7828
v  -0.4586 0.4184 -4.6599
v  -0.6377 0.3920 -4.7828
v  -0.6160 0.3920 -4.6177
v  -0.7568 0.3672 -4.7828
v  -0.7310 0.3672 -4.5869
v  -0.7659 0.3653 -4.7828
v  -0.7398 0.3653 -4.5846
v  -0.7855 0.3542 -4.7828
v  -0.7587 0.3542 -4.5795
v  -0.7977 0.3356 -4.7828
v  -0.7706 0.3356 -4.5763
v  -0.8016 0.3126 -4.7828
v  -0.7743 0.3126 -4.5753
v  -0.8016 0.3024 -4.7828
v  -0.7743 0.3024 -4.5753
v  -0.8016 0.1461 -4.7828
v  -0.7743 0.1461 -4.5753
v  -0.8016 0.1340 -4.7828
v  -0.7743 0.1340 -4.5753
v  -0.7953 0.1081 -4.7828
v  -0.7682 0.1081 -4.5770
v  -0.7753 0.0859 -4.7828
v  -0.7489 0.0859 -4.5821
v  -0.0889 0.3932 -4.7315
v  -0.0889 0.3790 -4.7315
v  -0.0934 0.4134 -4.7289
v  -0.1048 0.4320 -4.7223
v  -0.1202 0.4430 -4.7134
v  -0.1393 0.4467 -4.7024
v  -0.1501 0.4459 -4.6961
v  -0.2697 0.4371 -4.6271
v  -0.4112 0.4184 -4.5454
v  -0.5523 0.3920 -4.4639
v  -0.6554 0.3672 -4.4044
v  -0.6633 0.3653 -4.3998
v  -0.6803 0.3542 -4.3901
v  -0.6909 0.3356 -4.3839
v  -0.6942 0.3126 -4.3820
v  -0.6942 0.3024 -4.3820
v  -0.6942 0.1461 -4.3820
v  -0.6942 0.1340 -4.3820
v  -0.6887 0.1081 -4.3852
v  -0.6715 0.0859 -4.3951
v  -0.0726 0.3932 -4.7102
v  -0.0726 0.3790 -4.7102
v  -0.0763 0.4134 -4.7065
v  -0.0855 0.4320 -4.6973
v  -0.0981 0.4430 -4.6847
v  -0.1138 0.4467 -4.6690
v  -0.1226 0.4459 -4.6602
v  -0.2202 0.4371 -4.5626
v  -0.3357 0.4184 -4.4471
v  -0.4510 0.3920 -4.3319
v  -0.5351 0.3672 -4.2477
v  -0.5416 0.3653 -4.2412
v  -0.5554 0.3542 -4.2274
v  -0.5641 0.3356 -4.2187
v  -0.5668 0.3126 -4.2160
v  -0.5668 0.3024 -4.2160
v  -0.5668 0.1461 -4.2160
v  -0.5668 0.1340 -4.2160
v  -0.5624 0.1081 -4.2204
v  -0.5482 0.0859 -4.2346
v  -0.0513 0.3932 -4.6939
v  -0.0513 0.3790 -4.6939
v  -0.0539 0.4134 -4.6894
v  -0.0605 0.4320 -4.6780
v  -0.0694 0.4430 -4.6626
v  -0.0805 0.4467 -4.6435
v  -0.0867 0.4459 -4.6327
v  -0.1557 0.4371 -4.5131
v  -0.2374 0.4184 -4.3716
v  -0.3189 0.3920 -4.2305
v  -0.3784 0.3672 -4.1274
v  -0.3830 0.3653 -4.1195
v  -0.3928 0.3542 -4.1025
v  -0.3989 0.3356 -4.0919
v  -0.4008 0.3126 -4.0886
v  -0.4008 0.3024 -4.0886
v  -0.4008 0.1461 -4.0886
v  -0.4008 0.1340 -4.0886
v  -0.3977 0.1081 -4.0941
v  -0.3877 0.0859 -4.1114
v  -0.0266 0.3932 -4.6837
v  -0.0266 0.3790 -4.6837
v  -0.0279 0.4134 -4.6786
v  -0.0313 0.4320 -4.6660
v  -0.0359 0.4430 -4.6488
v  -0.0416 0.4467 -4.6274
v  -0.0449 0.4459 -4.6154
v  -0.0806 0.4371 -4.4820
v  -0.1229 0.4184 -4.3242
v  -0.1651 0.3920 -4.1668
v  -0.1959 0.3672 -4.0518
v  -0.1982 0.3653 -4.0430
v  -0.2033 0.3542 -4.0241
v  -0.2065 0.3356 -4.0122
v  -0.2075 0.3126 -4.0085
v  -0.2075 0.3024 -4.0085
v  -0.2075 0.1461 -4.0085
v  -0.2075 0.1340 -4.0085
v  -0.2058 0.1081 -4.0146
v  -0.2007 0.0859 -4.0339
v  -0.0000 0.3932 -4.6802
v  -0.0000 0.3790 -4.6802
v  -0.0000 0.4134 -4.6749
v  -0.0000 0.4320 -4.6618
v  -0.0000 0.4430 -4.6440
v  -0.0000 0.4467 -4.6219
v  -0.0000 0.4459 -4.6095
v  -0.0000 0.4371 -4.4714
v  -0.0000 0.4184 -4.3080
v  -0.0000 0.3920 -4.1451
v  -0.0000 0.3672 -4.0260
v  -0.0000 0.3653 -4.0169
v  -0.0000 0.3542 -3.9973
v  -0.0000 0.3356 -3.9851
v  -0.0000 0.3126 -3.9812
v  -0.0000 0.3024 -3.9812
v  -0.0000 0.1461 -3.9812
v  -0.0000 0.1340 -3.9812
v  -0.0000 0.1081 -3.9875
v  -0.0000 0.0859 -4.0075
v  0.0266 0.3932 -4.6837
v  0.0266 0.3790 -4.6837
v  0.0279 0.4134 -4.6786
v  0.0313 0.4320 -4.6660
v  0.0359 0.4430 -4.6488
v  0.0416 0.4467 -4.6274
v  0.0449 0.4459 -4.6154
v  0.0806 0.4371 -4.4820
v  0.1229 0.4184 -4.3242
v  0.1650 0.3920 -4.1668
v  0.1959 0.3672 -4.0518
v  0.1982 0.3653 -4.0430
v  0.2033 0.3542 -4.0241
v  0.2065 0.3356 -4.0122
v  0.2075 0.3126 -4.0085
v  0.2075 0.3024 -4.0085
v  0.2075 0.1461 -4.0085
v  0.2075 0.1340 -4.0085
v  0.2058 0.1081 -4.0146
v  0.2007 0.0859 -4.0339
v  0.0513 0.3932 -4.6939
v  0.0513 0.3790 -4.6939
v  0.0539 0.4134 -4.6894
v  0.0605 0.4320 -4.6780
v  0.0694 0.4430 -4.6626
v  0.0804 0.4467 -4.6435
v  0.0867 0.4459 -4.6327
v  0.1557 0.4371 -4.5131
v  0.2374 0.4184 -4.3716
v  0.3189 0.3920 -4.2305
v  0.3784 0.3672 -4.1274
v  0.3829 0.3653 -4.1195
v  0.3927 0.3542 -4.1025
v  0.3989 0.3356 -4.0919
v  0.4008 0.3126 -4.0886
v  0.4008 0.3024 -4.0886
v  0.4008 0.1461 -4.0886
v  0.4008 0.1340 -4.0886
v  0.3976 0.1081 -4.0941
v  0.3877 0.0859 -4.1114
v  0.0726 0.3932 -4.7102
v  0.0726 0.3790 -4.7102
v  0.0763 0.4134 -4.7065
v  0.0855 0.4320 -4.6973
v  0.0981 0.4430 -4.6847
v  0.1138 0.4467 -4.6690
v  0.1226 0.4459 -4.6602
v  0.2202 0.4371 -4.5626
v  0.3357 0.4184 -4.4471
v  0.4509 0.3920 -4.3319
v  0.5351 0.3672 -4.2477
v  0.5416 0.3653 -4.2412
v  0.5554 0.3542 -4.2274
v  0.5641 0.3356 -4.2187
v  0.5668 0.3126 -4.2160
v  0.5668 0.3024 -4.2160
v  0.5668 0.1461 -4.2160
v  0.5668 0.1340 -4.2160
v  0.5623 0.1081 -4.2204
v  0.5482 0.0859 -4.2346
v  0.0889 0.3932 -4.7315
v  0.0889 0.3790 -4.7315
v  0.0934 0.4134 -4.7289
v  0.1048 0.4320 -4.7223
v  0.1202 0.4430 -4.7134
v  0.1393 0.4467 -4.7024
v  0.1501 0.4459 -4.6961
v  0.2697 0.4371 -4.6271
v  0.4112 0.4184 -4.5454
v  0.5523 0.3920 -4.4639
v  0.6554 0.3672 -4.4044
v  0.6633 0.3653 -4.3998
v  0.6802 0.3542 -4.3901
v  0.6909 0.3356 -4.3839
v  0.6942 0.3126 -4.3820
v  0.6942 0.3024 -4.3820
v  0.6942 0.1461 -4.3820
v  0.6942 0.1340 -4.3820
v  0.6887 0.1081 -4.3852
v  0.6714 0.0859 -4.3951
v  0.0991 0.3932 -4.7562
v  0.0991 0.3790 -4.7562
v  0.1042 0.4134 -4.7549
v  0.1168 0.4320 -4.7515
v  0.1340 0.4430 -4.7469
v  0.1554 0.4467 -4.7412
v  0.1674 0.4459 -4.7379
v  0.3008 0.4371 -4.7022
v  0.4586 0.4184 -4.6599
v  0.6160 0.3920 -4.6177
v  0.7310 0.3672 -4.5869
v  0.7398 0.3653 -4.5846
v  0.7587 0.3542 -4.5795
v  0.7705 0.3356 -4.5763
v  0.7743 0.3126 -4.5753
v  0.7743 0.3024 -4.5753
v  0.7743 0.1461 -4.5753
v  0.7743 0.1340 -4.5753
v  0.7682 0.1081 -4.5770
v  0.7489 0.0859 -4.5821
v  0.1026 0.3932 -4.7828
v  0.1026 0.3790 -4.7828
v  0.1078 0.4134 -4.7828
v  0.1210 0.4320 -4.7828
v  0.1387 0.4430 -4.7828
v  0.1609 0.4467 -4.7828
v  0.1733 0.4459 -4.7828
v  0.3114 0.4371 -4.7828
v  0.4748 0.4184 -4.7828
v  0.6377 0.3920 -4.7828
v  0.7568 0.3672 -4.7828
v  0.7659 0.3653 -4.7828
v  0.7855 0.3542 -4.7828
v  0.7977 0.3356 -4.7828
v  0.8016 0.3126 -4.7828
v  0.8016 0.3024 -4.7828
v  0.8016 0.1461 -4.7828
v  0.8016 0.1340 -4.7828
v  0.7953 0.1081 -4.7828
v  0.7753 0.0859 -4.7828
v  0.0991 0.3932 -4.8094
v  0.0991 0.3790 -4.8094
v  0.1042 0.4134 -4.8107
v  0.1168 0.4320 -4.8141
v  0.1340 0.4430 -4.8187
v  0.1554 0.4467 -4.8244
v  0.1674 0.4459 -4.8277
v  0.3008 0.4371 -4.8634
v  0.4586 0.4184 -4.9057
v  0.6160 0.3920 -4.9479
v  0.7310 0.3672 -4.9787
v  0.7398 0.3653 -4.9810
v  0.7587 0.3542 -4.9861
v  0.7705 0.3356 -4.9893
v  0.7743 0.3126 -4.9903
v  0.7743 0.3024 -4.9903
v  0.7743 0.1461 -4.9903
v  0.7743 0.1340 -4.9903
v  0.7682 0.1081 -4.9886
v  0.7489 0.0859 -4.9835
v  0.0889 0.3932 -4.8341
v  0.0889 0.3790 -4.8341
v  0.0934 0.4134 -4.8367
v  0.1048 0.4320 -4.8433
v  0.1202 0.4430 -4.8522
v  0.1393 0.4467 -4.8632
v  0.1501 0.4459 -4.8695
v  0.2697 0.4371 -4.9385
v  0.4112 0.4184 -5.0202
v  0.5523 0.3920 -5.1017
v  0.6554 0.3672 -5.1612
v  0.6633 0.3653 -5.1657
v  0.6802 0.3542 -5.1755
v  0.6909 0.3356 -5.1817
v  0.6942 0.3126 -5.1836
v  0.6942 0.3024 -5.1836
v  0.6942 0.1461 -5.1836
v  0.6942 0.1340 -5.1836
v  0.6887 0.1081 -5.1804
v  0.6714 0.0859 -5.1705
v  0.0726 0.3932 -4.8554
v  0.0726 0.3790 -4.8554
v  0.0763 0.4134 -4.8591
v  0.0855 0.4320 -4.8683
v  0.0981 0.4430 -4.8809
v  0.1138 0.4467 -4.8966
v  0.1226 0.4459 -4.9054
v  0.2202 0.4371 -5.0030
v  0.3357 0.4184 -5.1185
v  0.4509 0.3920 -5.2337
v  0.5351 0.3672 -5.3179
v  0.5416 0.3653 -5.3244
v  0.5554 0.3542 -5.3382
v  0.5641 0.3356 -5.3469
v  0.5668 0.3126 -5.3496
v  0.5668 0.3024 -5.3496
v  0.5668 0.1461 -5.3496
v  0.5668 0.1340 -5.3496
v  0.5623 0.1081 -5.3452
v  0.5482 0.0859 -5.3310
v  0.0513 0.3932 -4.8717
v  0.0513 0.3790 -4.8717
v  0.0539 0.4134 -4.8762
v  0.0605 0.4320 -4.8876
v  0.0694 0.4430 -4.9030
v  0.0804 0.4467 -4.9221
v  0.0867 0.4459 -4.9329
v  0.1557 0.4371 -5.0525
v  0.2374 0.4184 -5.1940
v  0.3189 0.3920 -5.3351
v  0.3784 0.3672 -5.4382
v  0.3829 0.3653 -5.4461
v  0.3927 0.3542 -5.4630
v  0.3989 0.3356 -5.4737
v  0.4008 0.3126 -5.4770
v  0.4008 0.3024 -5.4770
v  0.4008 0.1461 -5.4770
v  0.4008 0.1340 -5.4770
v  0.3976 0.1081 -5.4715
v  0.3877 0.0859 -5.4542
v  0.0266 0.3932 -4.8819
v  0.0266 0.3790 -4.8819
v  0.0279 0.4134 -4.8870
v  0.0313 0.4320 -4.8996
v  0.0359 0.4430 -4.9168
v  0.0416 0.4467 -4.9382
v  0.0449 0.4459 -4.9502
v  0.0806 0.4371 -5.0836
v  0.1229 0.4184 -5.2414
v  0.1650 0.3920 -5.3988
v  0.1959 0.3672 -5.5138
v  0.1982 0.3653 -5.5226
v  0.2033 0.3542 -5.5415
v  0.2065 0.3356 -5.5533
v  0.2075 0.3126 -5.5571
v  0.2075 0.3024 -5.5571
v  0.2075 0.1461 -5.5571
v  0.2075 0.1340 -5.5571
v  0.2058 0.1081 -5.5510
v  0.2007 0.0859 -5.5317
v  -0.0000 0.3932 -4.8854
v  -0.0000 0.3790 -4.8854
v  -0.0000 0.4134 -4.8907
v  -0.0000 0.4320 -4.9038
v  -0.0000 0.4430 -4.9215
v  -0.0000 0.4467 -4.9437
v  -0.0000 0.4459 -4.9561
v  -0.0000 0.4371 -5.0942
v  -0.0000 0.4184 -5.2576
v  -0.0000 0.3920 -5.4205
v  -0.0000 0.3672 -5.5396
v  -0.0000 0.3653 -5.5487
v  -0.0000 0.3542 -5.5683
v  -0.0000 0.3356 -5.5805
v  -0.0000 0.3126 -5.5844
v  -0.0000 0.3024 -5.5844
v  -0.0000 0.1461 -5.5844
v  -0.0000 0.1340 -5.5844
v  -0.0000 0.1081 -5.5781
v  -0.0000 0.0859 -5.5581
v  -0.0266 0.3932 -4.8819
v  -0.0266 0.3790 -4.8819
v  -0.0279 0.4134 -4.8870
v  -0.0313 0.4320 -4.8996
v  -0.0359 0.4430 -4.9168
v  -0.0416 0.4467 -4.9382
v  -0.0449 0.4459 -4.9502
v  -0.0806 0.4371 -5.0836
v  -0.1229 0.4184 -5.2414
v  -0.1651 0.3920 -5.3988
v  -0.1959 0.3672 -5.5138
v  -0.1982 0.3653 -5.5226
v  -0.2033 0.3542 -5.5415
v  -0.2065 0.3356 -5.5533
v  -0.2075 0.3126 -5.5571
v  -0.2075 0.3024 -5.5571
v  -0.2075 0.1461 -5.5571
v  -0.2075 0.1340 -5.5571
v  -0.2058 0.1081 -5.5510
v  -0.2007 0.0859 -5.5317
v  -0.0513 0.3932 -4.8717
v  -0.0513 0.3790 -4.8717
v  -0.0539 0.4134 -4.8762
v  -0.0605 0.4320 -4.8876
v  -0.0694 0.4430 -4.9030
v  -0.0805 0.4467 -4.9221
v  -0.0867 0.4459 -4.9329
v  -0.1557 0.4371 -5.0525
v  -0.2374 0.4184 -5.1940
v  -0.3189 0.3920 -5.3351
v  -0.3784 0.3672 -5.4382
v  -0.3830 0.3653 -5.4461
v  -0.3928 0.3542 -5.4630
v  -0.3989 0.3356 -5.4737
v  -0.4008 0.3126 -5.4770
v  -0.4008 0.3024 -5.4770
v  -0.4008 0.1461 -5.4770
v  -0.4008 0.1340 -5.4770
v  -0.3977 0.1081 -5.4715
v  -0.3877 0.0859 -5.4542
v  -0.0726 0.3932 -4.8554
v  -0.0726 0.3790 -4.8554
v  -0.0763 0.4134 -4.8591
v  -0.0855 0.4320 -4.8683
v  -0.0981 0.4430 -4.8809
v  -0.1138 0.4467 -4.8966
v  -0.1226 0.4459 -4.9054
v  -0.2202 0.4371 -5.0030
v  -0.3357 0.4184 -5.1185
v  -0.4510 0.3920 -5.2337
v  -0.5351 0.3672 -5.3179
v  -0.5416 0.3653 -5.3244
v  -0.5554 0.3542 -5.3382
v  -0.5641 0.3356 -5.3469
v  -0.5668 0.3126 -5.3496
v  -0.5668 0.3024 -5.3496
v  -0.5668 0.1461 -5.3496
v  -0.5668 0.1340 -5.3496
v  -0.5624 0.1081 -5.3452
v  -0.5482 0.0859 -5.3310
v  -0.0889 0.3932 -4.8341
v  -0.0889 0.3790 -4.8341
v  -0.0934 0.4134 -4.8367
v  -0.1048 0.4320 -4.8433
v  -0.1202 0.4430 -4.8522
v  -0.1393 0.4467 -4.8632
v  -0.1501 0.4459 -4.8695
v  -0.2697 0.4371 -4.9385
v  -0.4112 0.4184 -5.0202
v  -0.5523 0.3920 -5.1017
v  -0.6554 0.3672 -5.1612
v  -0.6633 0.3653 -5.1657
v  -0.6803 0.3542 -5.1755
v  -0.6909 0.3356 -5.1817
v  -0.6942 0.3126 -5.1836
v  -0.6942 0.3024 -5.1836
v  -0.6942 0.1461 -5.1836
v  -0.6942 0.1340 -5.1836
v  -0.6887 0.1081 -5.1804
v  -0.6715 0.0859 -5.1705
v  -0.0991 0.3932 -4.8094
v  -0.0991 0.3790 -4.8094
v  -0.1042 0.4134 -4.8107
v  -0.1169 0.4320 -4.8141
v  -0.1340 0.4430 -4.8187
v  -0.1554 0.4467 -4.8244
v  -0.1674 0.4459 -4.8277
v  -0.3008 0.4371 -4.8634
v  -0.4586 0.4184 -4.9057
v  -0.6160 0.3920 -4.9479
v  -0.7310 0.3672 -4.9787
v  -0.7398 0.3653 -4.9810
v  -0.7587 0.3542 -4.9861
v  -0.7706 0.3356 -4.9893
v  -0.7743 0.3126 -4.9903
v  -0.7743 0.3024 -4.9903
v  -0.7743 0.1461 -4.9903
v  -0.7743 0.1340 -4.9903
v  -0.7682 0.1081 -4.9886
v  -0.7489 0.0859 -4.9835
v  0.0884 0.2135 -4.8198
v  0.0884 0.9246 -4.8198
v  0.0958 0.9246 -4.7831
v  0.0958 0.2135 -4.7831
v  0.0676 0.2135 -4.8508
v  0.0675 0.9246 -4.8507
v  0.0365 0.2135 -4.8714
v  0.0365 0.9246 -4.8714
v  -0.0001 0.2135 -4.8786
v  -0.0001 0.9246 -4.8785
v  -0.0366 0.2135 -4.8712
v  -0.0366 0.9246 -4.8713
v  -0.0676 0.2135 -4.8507
v  -0.0676 0.9246 -4.8507
v  -0.0883 0.2135 -4.8197
v  -0.0883 0.9246 -4.8197
v  -0.0958 0.2135 -4.7831
v  -0.0958 0.9246 -4.7831
v  -0.0886 0.2135 -4.7465
v  -0.0886 0.9246 -4.7465
v  -0.0680 0.2135 -4.7152
v  -0.0679 0.9246 -4.7152
v  -0.0368 0.2135 -4.6945
v  -0.0368 0.9246 -4.6945
v  -0.0001 0.2135 -4.6870
v  -0.0001 0.9246 -4.6870
v  0.0367 0.2135 -4.6943
v  0.0367 0.9246 -4.6943
v  0.0679 0.2135 -4.7152
v  0.0679 0.9246 -4.7151
v  0.0886 0.2135 -4.7464
v  0.0886 0.9246 -4.7464
v  0.0907 0.2051 -4.7831
v  0.0602 0.1745 -4.7831
v  0.0555 0.1746 -4.8062
v  0.0838 0.2051 -4.8178
v  0.0839 0.2050 -4.7484
v  0.0557 0.1745 -4.7600
v  0.0642 0.2050 -4.7188
v  0.0426 0.1744 -4.7404
v  0.0347 0.2050 -4.6991
v  0.0230 0.1744 -4.7273
v  -0.0001 0.2049 -4.6922
v  -0.0001 0.1744 -4.7227
v  -0.0348 0.2050 -4.6992
v  -0.0232 0.1745 -4.7273
v  -0.0643 0.2050 -4.7189
v  -0.0428 0.1745 -4.7404
v  -0.0839 0.2051 -4.7484
v  -0.0558 0.1745 -4.7600
v  -0.0908 0.2051 -4.7831
v  -0.0603 0.1746 -4.7831
v  -0.0838 0.2053 -4.8178
v  -0.0554 0.1749 -4.8060
v  -0.0642 0.2052 -4.8472
v  -0.0426 0.1747 -4.8256
v  -0.0347 0.2053 -4.8668
v  -0.0231 0.1747 -4.8386
v  -0.0001 0.2053 -4.8737
v  -0.0001 0.1748 -4.8432
v  0.0346 0.2052 -4.8669
v  0.0229 0.1747 -4.8387
v  0.0640 0.2053 -4.8472
v  0.0425 0.1746 -4.8257
v  0.0475 0.1691 -4.7831
v  0.0045 0.1691 -4.7831
v  0.0042 0.1691 -4.7849
v  0.0439 0.1691 -4.8013
v  0.0439 0.1691 -4.7649
v  0.0042 0.1691 -4.7814
v  0.0336 0.1692 -4.7494
v  0.0032 0.1691 -4.7799
v  0.0182 0.1691 -4.7391
v  0.0017 0.1691 -4.7789
v  -0.0001 0.1691 -4.7355
v  -0.0001 0.1691 -4.7785
v  -0.0183 0.1691 -4.7391
v  -0.0018 0.1691 -4.7789
v  -0.0337 0.1691 -4.7494
v  -0.0033 0.1691 -4.7799
v  -0.0441 0.1691 -4.7649
v  -0.0043 0.1691 -4.7814
v  -0.0477 0.1691 -4.7831
v  -0.0046 0.1691 -4.7831
v  -0.0441 0.1690 -4.8013
v  -0.0043 0.1690 -4.7849
v  -0.0337 0.1691 -4.8168
v  -0.0033 0.1691 -4.7864
v  -0.0183 0.1691 -4.8271
v  -0.0018 0.1691 -4.7873
v  -0.0001 0.1691 -4.8307
v  -0.0001 0.1691 -4.7877
v  0.0182 0.1691 -4.8271
v  0.0017 0.1691 -4.7873
v  0.0336 0.1692 -4.8168
v  0.0032 0.1691 -4.7864
v  0.0958 0.2106 -4.7831
v  0.0884 0.2106 -4.8198
v  0.0676 0.2107 -4.8508
v  0.0365 0.2107 -4.8714
v  -0.0001 0.2108 -4.8786
v  -0.0366 0.2108 -4.8712
v  -0.0676 0.2107 -4.8507
v  -0.0883 0.2108 -4.8197
v  -0.0958 0.2107 -4.7831
v  -0.0886 0.2106 -4.7465
v  -0.0680 0.2106 -4.7152
v  -0.0368 0.2106 -4.6945
v  -0.0001 0.2105 -4.6870
v  0.0367 0.2105 -4.6943
v  0.0679 0.2105 -4.7152
v  0.0886 0.2106 -4.7464
v  0.0570 0.1713 -4.7831
v  0.0550 0.1693 -4.7831
v  0.0507 0.1694 -4.8042
v  0.0525 0.1714 -4.8049
v  0.0868 0.2084 -4.8191
v  0.0940 0.2083 -4.7831
v  0.0527 0.1712 -4.7613
v  0.0508 0.1692 -4.7620
v  0.0869 0.2083 -4.7471
v  0.0404 0.1712 -4.7427
v  0.0389 0.1692 -4.7442
v  0.0665 0.2082 -4.7165
v  0.0218 0.1712 -4.7303
v  0.0210 0.1692 -4.7322
v  0.0360 0.2082 -4.6961
v  -0.0001 0.1711 -4.7259
v  -0.0001 0.1692 -4.7280
v  -0.0001 0.2082 -4.6889
v  -0.0219 0.1712 -4.7303
v  -0.0212 0.1692 -4.7322
v  -0.0361 0.2083 -4.6962
v  -0.0405 0.1712 -4.7427
v  -0.0390 0.1692 -4.7442
v  -0.0666 0.2083 -4.7166
v  -0.0528 0.1713 -4.7613
v  -0.0509 0.1693 -4.7621
v  -0.0869 0.2084 -4.7471
v  -0.0571 0.1713 -4.7831
v  -0.0551 0.1693 -4.7831
v  -0.0941 0.2084 -4.7831
v  -0.0524 0.1717 -4.8048
v  -0.0507 0.1698 -4.8041
v  -0.0868 0.2085 -4.8190
v  -0.0403 0.1714 -4.8233
v  -0.0389 0.1695 -4.8220
v  -0.0665 0.2085 -4.8495
v  -0.0218 0.1715 -4.8357
v  -0.0211 0.1695 -4.8339
v  -0.0360 0.2086 -4.8698
v  -0.0001 0.1715 -4.8399
v  -0.0001 0.1696 -4.8380
v  -0.0001 0.2085 -4.8770
v  0.0217 0.1715 -4.8357
v  0.0210 0.1695 -4.8339
v  0.0359 0.2085 -4.8699
v  0.0402 0.1714 -4.8234
v  0.0388 0.1694 -4.8220
v  0.0663 0.2085 -4.8495
v  0.0481 0.1692 -4.8031
v  0.0521 0.1692 -4.7831
v  0.0481 0.1692 -4.7631
v  0.0368 0.1692 -4.7462
v  0.0199 0.1692 -4.7349
v  -0.0001 0.1692 -4.7309
v  -0.0200 0.1692 -4.7349
v  -0.0370 0.1691 -4.7462
v  -0.0483 0.1691 -4.7631
v  -0.0523 0.1691 -4.7831
v  -0.0483 0.1690 -4.8031
v  -0.0370 0.1691 -4.8200
v  -0.0200 0.1691 -4.8313
v  -0.0001 0.1691 -4.8353
v  0.0199 0.1692 -4.8313
v  0.0368 0.1692 -4.8200
v  -0.0001 0.1691 -4.7831
v  -0.0000 1.4007 -4.7828
v  -0.0000 1.4007 -4.9819
v  -0.0515 1.4007 -4.9751
v  -0.0000 1.4007 -4.9934
v  -0.0545 1.4007 -4.9862
v  -0.0000 1.3979 -5.0089
v  -0.0585 1.3979 -5.0012
v  -0.0000 1.3890 -5.0225
v  -0.0620 1.3890 -5.0143
v  -0.0000 1.3754 -5.0314
v  -0.0643 1.3754 -5.0229
v  -0.0000 1.3607 -5.0342
v  -0.0651 1.3607 -5.0256
v  -0.0000 1.3481 -5.0342
v  -0.0651 1.3481 -5.0256
v  -0.0000 0.6265 -5.0342
v  -0.0651 0.6265 -5.0256
v  -0.0000 0.6177 -5.0342
v  -0.0651 0.6177 -5.0256
v  -0.0000 0.6030 -5.0314
v  -0.0643 0.6030 -5.0229
v  -0.0000 0.5894 -5.0225
v  -0.0620 0.5894 -5.0143
v  -0.0000 0.5805 -5.0089
v  -0.0585 0.5805 -5.0012
v  -0.0000 0.5777 -4.9942
v  -0.0547 0.5777 -4.9870
v  -0.0000 0.5777 -4.9866
v  -0.0528 0.5777 -4.9797
v  -0.0000 0.5777 -4.9009
v  -0.0306 0.5777 -4.8969
v  -0.0000 0.5777 -4.8977
v  -0.0297 0.5777 -4.8938
v  -0.0000 0.5798 -4.8956
v  -0.0292 0.5798 -4.8917
v  -0.0000 0.6153 -4.8602
v  -0.0200 0.6153 -4.8576
v  -0.0000 0.6174 -4.8580
v  -0.0195 0.6174 -4.8555
v  -0.0000 0.6206 -4.8580
v  -0.0195 0.6206 -4.8555
v  -0.0000 1.0055 -4.8568
v  -0.0192 1.0055 -4.8543
v  -0.0996 1.4007 -4.9552
v  -0.1053 1.4007 -4.9651
v  -0.1131 1.3979 -4.9786
v  -0.1199 1.3890 -4.9904
v  -0.1243 1.3754 -4.9981
v  -0.1257 1.3607 -5.0005
v  -0.1257 1.3481 -5.0005
v  -0.1257 0.6265 -5.0005
v  -0.1257 0.6177 -5.0005
v  -0.1243 0.6030 -4.9981
v  -0.1199 0.5894 -4.9904
v  -0.1131 0.5805 -4.9786
v  -0.1057 0.5777 -4.9659
v  -0.1019 0.5777 -4.9593
v  -0.0590 0.5777 -4.8851
v  -0.0575 0.5777 -4.8823
v  -0.0564 0.5798 -4.8805
v  -0.0387 0.6153 -4.8498
v  -0.0376 0.6174 -4.8480
v  -0.0376 0.6206 -4.8480
v  -0.0370 1.0055 -4.8469
v  -0.1408 1.4007 -4.9236
v  -0.1489 1.4007 -4.9317
v  -0.1599 1.3979 -4.9427
v  -0.1695 1.3890 -4.9523
v  -0.1758 1.3754 -4.9586
v  -0.1778 1.3607 -4.9606
v  -0.1778 1.3481 -4.9606
v  -0.1778 0.6265 -4.9606
v  -0.1778 0.6177 -4.9606
v  -0.1758 0.6030 -4.9586
v  -0.1695 0.5894 -4.9523
v  -0.1599 0.5805 -4.9427
v  -0.1495 0.5777 -4.9323
v  -0.1441 0.5777 -4.9269
v  -0.0835 0.5777 -4.8663
v  -0.0813 0.5777 -4.8641
v  -0.0798 0.5798 -4.8625
v  -0.0547 0.6153 -4.8375
v  -0.0532 0.6174 -4.8360
v  -0.0532 0.6206 -4.8360
v  -0.0523 1.0055 -4.8351
v  -0.1724 1.4007 -4.8823
v  -0.1824 1.4007 -4.8881
v  -0.1958 1.3979 -4.8959
v  -0.2076 1.3890 -4.9026
v  -0.2153 1.3754 -4.9071
v  -0.2177 1.3607 -4.9085
v  -0.2177 1.3481 -4.9085
v  -0.2177 0.6265 -4.9085
v  -0.2177 0.6177 -4.9085
v  -0.2153 0.6030 -4.9071
v  -0.2076 0.5894 -4.9026
v  -0.1958 0.5805 -4.8959
v  -0.1831 0.5777 -4.8885
v  -0.1765 0.5777 -4.8847
v  -0.1023 0.5777 -4.8418
v  -0.0995 0.5777 -4.8403
v  -0.0977 0.5798 -4.8392
v  -0.0670 0.6153 -4.8215
v  -0.0652 0.6174 -4.8204
v  -0.0652 0.6206 -4.8204
v  -0.0641 1.0055 -4.8198
v  -0.1923 1.4007 -4.8343
v  -0.2034 1.4007 -4.8373
v  -0.2184 1.3979 -4.8413
v  -0.2315 1.3890 -4.8448
v  -0.2401 1.3754 -4.8471
v  -0.2428 1.3607 -4.8479
v  -0.2428 1.3481 -4.8479
v  -0.2428 0.6265 -4.8479
v  -0.2428 0.6177 -4.8479
v  -0.2401 0.6030 -4.8471
v  -0.2315 0.5894 -4.8448
v  -0.2184 0.5805 -4.8413
v  -0.2042 0.5777 -4.8375
v  -0.1969 0.5777 -4.8355
v  -0.1141 0.5777 -4.8134
v  -0.1110 0.5777 -4.8125
v  -0.1089 0.5798 -4.8120
v  -0.0748 0.6153 -4.8028
v  -0.0727 0.6174 -4.8023
v  -0.0727 0.6206 -4.8023
v  -0.0715 1.0055 -4.8019
v  -0.1991 1.4007 -4.7828
v  -0.2106 1.4007 -4.7828
v  -0.2261 1.3979 -4.7828
v  -0.2397 1.3890 -4.7828
v  -0.2486 1.3754 -4.7828
v  -0.2514 1.3607 -4.7828
v  -0.2514 1.3481 -4.7828
v  -0.2514 0.6265 -4.7828
v  -0.2514 0.6177 -4.7828
v  -0.2486 0.6030 -4.7828
v  -0.2397 0.5894 -4.7828
v  -0.2261 0.5805 -4.7828
v  -0.2114 0.5777 -4.7828
v  -0.2038 0.5777 -4.7828
v  -0.1181 0.5777 -4.7828
v  -0.1149 0.5777 -4.7828
v  -0.1128 0.5798 -4.7828
v  -0.0774 0.6153 -4.7828
v  -0.0753 0.6174 -4.7828
v  -0.0753 0.6206 -4.7828
v  -0.0740 1.0055 -4.7828
v  -0.1923 1.4007 -4.7313
v  -0.2034 1.4007 -4.7283
v  -0.2184 1.3979 -4.7243
v  -0.2315 1.3890 -4.7208
v  -0.2401 1.3754 -4.7185
v  -0.2428 1.3607 -4.7177
v  -0.2428 1.3481 -4.7177
v  -0.2428 0.6265 -4.7177
v  -0.2428 0.6177 -4.7177
v  -0.2401 0.6030 -4.7185
v  -0.2315 0.5894 -4.7208
v  -0.2184 0.5805 -4.7243
v  -0.2042 0.5777 -4.7281
v  -0.1969 0.5777 -4.7300
v  -0.1141 0.5777 -4.7522
v  -0.1110 0.5777 -4.7531
v  -0.1089 0.5798 -4.7536
v  -0.0748 0.6153 -4.7628
v  -0.0727 0.6174 -4.7633
v  -0.0727 0.6206 -4.7633
v  -0.0715 1.0055 -4.7636
v  -0.1724 1.4007 -4.6832
v  -0.1824 1.4007 -4.6775
v  -0.1958 1.3979 -4.6697
v  -0.2076 1.3890 -4.6630
v  -0.2153 1.3754 -4.6585
v  -0.2177 1.3607 -4.6571
v  -0.2177 1.3481 -4.6571
v  -0.2177 0.6265 -4.6571
v  -0.2177 0.6177 -4.6571
v  -0.2153 0.6030 -4.6585
v  -0.2076 0.5894 -4.6630
v  -0.1958 0.5805 -4.6697
v  -0.1831 0.5777 -4.6771
v  -0.1765 0.5777 -4.6809
v  -0.1023 0.5777 -4.7238
v  -0.0995 0.5777 -4.7253
v  -0.0977 0.5798 -4.7264
v  -0.0670 0.6153 -4.7441
v  -0.0652 0.6174 -4.7452
v  -0.0652 0.6206 -4.7452
v  -0.0641 1.0055 -4.7458
v  -0.1408 1.4007 -4.6420
v  -0.1489 1.4007 -4.6339
v  -0.1599 1.3979 -4.6229
v  -0.1695 1.3890 -4.6133
v  -0.1758 1.3754 -4.6070
v  -0.1778 1.3607 -4.6050
v  -0.1778 1.3481 -4.6050
v  -0.1778 0.6265 -4.6050
v  -0.1778 0.6177 -4.6050
v  -0.1758 0.6030 -4.6070
v  -0.1695 0.5894 -4.6133
v  -0.1599 0.5805 -4.6229
v  -0.1495 0.5777 -4.6333
v  -0.1441 0.5777 -4.6387
v  -0.0835 0.5777 -4.6993
v  -0.0813 0.5777 -4.7015
v  -0.0798 0.5798 -4.7030
v  -0.0547 0.6153 -4.7281
v  -0.0532 0.6174 -4.7296
v  -0.0532 0.6206 -4.7296
v  -0.0523 1.0055 -4.7305
v  -0.0996 1.4007 -4.6104
v  -0.1053 1.4007 -4.6004
v  -0.1131 1.3979 -4.5870
v  -0.1199 1.3890 -4.5752
v  -0.1243 1.3754 -4.5675
v  -0.1257 1.3607 -4.5651
v  -0.1257 1.3481 -4.5651
v  -0.1257 0.6265 -4.5651
v  -0.1257 0.6177 -4.5651
v  -0.1243 0.6030 -4.5675
v  -0.1199 0.5894 -4.5752
v  -0.1131 0.5805 -4.5870
v  -0.1057 0.5777 -4.5997
v  -0.1019 0.5777 -4.6063
v  -0.0590 0.5777 -4.6805
v  -0.0575 0.5777 -4.6833
v  -0.0564 0.5798 -4.6851
v  -0.0387 0.6153 -4.7158
v  -0.0376 0.6174 -4.7176
v  -0.0376 0.6206 -4.7176
v  -0.0370 1.0055 -4.7187
v  -0.0515 1.4007 -4.5905
v  -0.0545 1.4007 -4.5794
v  -0.0585 1.3979 -4.5644
v  -0.0620 1.3890 -4.5513
v  -0.0643 1.3754 -4.5427
v  -0.0651 1.3607 -4.5400
v  -0.0651 1.3481 -4.5400
v  -0.0651 0.6265 -4.5400
v  -0.0651 0.6177 -4.5400
v  -0.0643 0.6030 -4.5427
v  -0.0620 0.5894 -4.5513
v  -0.0585 0.5805 -4.5644
v  -0.0547 0.5777 -4.5786
v  -0.0528 0.5777 -4.5859
v  -0.0306 0.5777 -4.6687
v  -0.0298 0.5777 -4.6718
v  -0.0292 0.5798 -4.6739
v  -0.0200 0.6153 -4.7080
v  -0.0195 0.6174 -4.7101
v  -0.0195 0.6206 -4.7101
v  -0.0192 1.0055 -4.7113
v  -0.0000 1.4007 -4.5837
v  -0.0000 1.4007 -4.5722
v  -0.0000 1.3979 -4.5567
v  -0.0000 1.3890 -4.5431
v  -0.0000 1.3754 -4.5342
v  -0.0000 1.3607 -4.5314
v  -0.0000 1.3481 -4.5314
v  -0.0000 0.6265 -4.5314
v  -0.0000 0.6177 -4.5314
v  -0.0000 0.6030 -4.5342
v  -0.0000 0.5894 -4.5431
v  -0.0000 0.5805 -4.5567
v  -0.0000 0.5777 -4.5714
v  -0.0000 0.5777 -4.5790
v  -0.0000 0.5777 -4.6647
v  -0.0000 0.5777 -4.6679
v  -0.0000 0.5798 -4.6700
v  -0.0000 0.6153 -4.7054
v  -0.0000 0.6174 -4.7075
v  -0.0000 0.6206 -4.7076
v  -0.0000 1.0055 -4.7088
v  0.0515 1.4007 -4.5905
v  0.0545 1.4007 -4.5794
v  0.0585 1.3979 -4.5644
v  0.0620 1.3890 -4.5513
v  0.0643 1.3754 -4.5427
v  0.0651 1.3607 -4.5400
v  0.0651 1.3481 -4.5400
v  0.0651 0.6265 -4.5400
v  0.0651 0.6177 -4.5400
v  0.0643 0.6030 -4.5427
v  0.0620 0.5894 -4.5513
v  0.0585 0.5805 -4.5644
v  0.0547 0.5777 -4.5786
v  0.0527 0.5777 -4.5859
v  0.0306 0.5777 -4.6687
v  0.0297 0.5777 -4.6718
v  0.0292 0.5798 -4.6739
v  0.0200 0.6153 -4.7080
v  0.0195 0.6174 -4.7101
v  0.0195 0.6206 -4.7101
v  0.0191 1.0055 -4.7113
v  0.0995 1.4007 -4.6104
v  0.1053 1.4007 -4.6004
v  0.1131 1.3979 -4.5870
v  0.1198 1.3890 -4.5752
v  0.1243 1.3754 -4.5675
v  0.1257 1.3607 -4.5651
v  0.1257 1.3481 -4.5651
v  0.1257 0.6265 -4.5651
v  0.1257 0.6177 -4.5651
v  0.1243 0.6030 -4.5675
v  0.1198 0.5894 -4.5752
v  0.1131 0.5805 -4.5870
v  0.1057 0.5777 -4.5997
v  0.1019 0.5777 -4.6063
v  0.0590 0.5777 -4.6805
v  0.0574 0.5777 -4.6833
v  0.0564 0.5798 -4.6851
v  0.0387 0.6153 -4.7158
v  0.0376 0.6174 -4.7176
v  0.0376 0.6206 -4.7176
v  0.0370 1.0055 -4.7187
v  0.1408 1.4007 -4.6420
v  0.1489 1.4007 -4.6339
v  0.1599 1.3979 -4.6229
v  0.1695 1.3890 -4.6133
v  0.1758 1.3754 -4.6070
v  0.1778 1.3607 -4.6050
v  0.1778 1.3481 -4.6050
v  0.1778 0.6265 -4.6050
v  0.1778 0.6177 -4.6050
v  0.1758 0.6030 -4.6070
v  0.1695 0.5894 -4.6133
v  0.1599 0.5805 -4.6229
v  0.1495 0.5777 -4.6333
v  0.1441 0.5777 -4.6387
v  0.0835 0.5777 -4.6993
v  0.0812 0.5777 -4.7015
v  0.0797 0.5798 -4.7030
v  0.0547 0.6153 -4.7281
v  0.0532 0.6174 -4.7296
v  0.0532 0.6206 -4.7296
v  0.0523 1.0055 -4.7305
v  0.1724 1.4007 -4.6832
v  0.1823 1.4007 -4.6775
v  0.1958 1.3979 -4.6697
v  0.2076 1.3890 -4.6630
v  0.2153 1.3754 -4.6585
v  0.2177 1.3607 -4.6571
v  0.2177 1.3481 -4.6571
v  0.2177 0.6265 -4.6571
v  0.2177 0.6177 -4.6571
v  0.2153 0.6030 -4.6585
v  0.2076 0.5894 -4.6630
v  0.1958 0.5805 -4.6697
v  0.1831 0.5777 -4.6771
v  0.1765 0.5777 -4.6809
v  0.1023 0.5777 -4.7238
v  0.0995 0.5777 -4.7253
v  0.0977 0.5798 -4.7264
v  0.0670 0.6153 -4.7441
v  0.0652 0.6174 -4.7452
v  0.0652 0.6206 -4.7452
v  0.0641 1.0055 -4.7458
v  0.1923 1.4007 -4.7313
v  0.2034 1.4007 -4.7283
v  0.2184 1.3979 -4.7243
v  0.2315 1.3890 -4.7208
v  0.2401 1.3754 -4.7185
v  0.2428 1.3607 -4.7177
v  0.2428 1.3481 -4.7177
v  0.2428 0.6265 -4.7177
v  0.2428 0.6177 -4.7177
v  0.2401 0.6030 -4.7185
v  0.2315 0.5894 -4.7208
v  0.2184 0.5805 -4.7243
v  0.2042 0.5777 -4.7281
v  0.1969 0.5777 -4.7300
v  0.1140 0.5777 -4.7522
v  0.1110 0.5777 -4.7531
v  0.1089 0.5798 -4.7536
v  0.0747 0.6153 -4.7628
v  0.0727 0.6174 -4.7633
v  0.0727 0.6206 -4.7633
v  0.0715 1.0055 -4.7636
v  0.1991 1.4007 -4.7828
v  0.2105 1.4007 -4.7828
v  0.2261 1.3979 -4.7828
v  0.2397 1.3890 -4.7828
v  0.2486 1.3754 -4.7828
v  0.2514 1.3607 -4.7828
v  0.2514 1.3481 -4.7828
v  0.2514 0.6265 -4.7828
v  0.2514 0.6177 -4.7828
v  0.2486 0.6030 -4.7828
v  0.2397 0.5894 -4.7828
v  0.2261 0.5805 -4.7828
v  0.2114 0.5777 -4.7828
v  0.2038 0.5777 -4.7828
v  0.1181 0.5777 -4.7828
v  0.1149 0.5777 -4.7828
v  0.1128 0.5798 -4.7828
v  0.0774 0.6153 -4.7828
v  0.0752 0.6174 -4.7828
v  0.0752 0.6206 -4.7828
v  0.0740 1.0055 -4.7828
v  0.1923 1.4007 -4.8343
v  0.2034 1.4007 -4.8373
v  0.2184 1.3979 -4.8413
v  0.2315 1.3890 -4.8448
v  0.2401 1.3754 -4.8471
v  0.2428 1.3607 -4.8479
v  0.2428 1.3481 -4.8479
v  0.2428 0.6265 -4.8479
v  0.2428 0.6177 -4.8479
v  0.2401 0.6030 -4.8471
v  0.2315 0.5894 -4.8448
v  0.2184 0.5805 -4.8413
v  0.2042 0.5777 -4.8375
v  0.1969 0.5777 -4.8355
v  0.1140 0.5777 -4.8134
v  0.1110 0.5777 -4.8125
v  0.1089 0.5798 -4.8120
v  0.0748 0.6153 -4.8028
v  0.0727 0.6174 -4.8023
v  0.0727 0.6206 -4.8023
v  0.0715 1.0055 -4.8019
v  0.1724 1.4007 -4.8823
v  0.1823 1.4007 -4.8881
v  0.1958 1.3979 -4.8959
v  0.2076 1.3890 -4.9026
v  0.2153 1.3754 -4.9071
v  0.2177 1.3607 -4.9085
v  0.2177 1.3481 -4.9085
v  0.2177 0.6265 -4.9085
v  0.2177 0.6177 -4.9085
v  0.2153 0.6030 -4.9071
v  0.2076 0.5894 -4.9026
v  0.1958 0.5805 -4.8959
v  0.1831 0.5777 -4.8885
v  0.1765 0.5777 -4.8847
v  0.1023 0.5777 -4.8418
v  0.0995 0.5777 -4.8403
v  0.0977 0.5798 -4.8392
v  0.0670 0.6153 -4.8215
v  0.0652 0.6174 -4.8204
v  0.0652 0.6206 -4.8204
v  0.0641 1.0055 -4.8198
v  0.1408 1.4007 -4.9236
v  0.1489 1.4007 -4.9317
v  0.1599 1.3979 -4.9427
v  0.1695 1.3890 -4.9523
v  0.1758 1.3754 -4.9586
v  0.1778 1.3607 -4.9606
v  0.1778 1.3481 -4.9606
v  0.1778 0.6265 -4.9606
v  0.1778 0.6177 -4.9606
v  0.1758 0.6030 -4.9586
v  0.1695 0.5894 -4.9523
v  0.1599 0.5805 -4.9427
v  0.1495 0.5777 -4.9323
v  0.1441 0.5777 -4.9269
v  0.0835 0.5777 -4.8663
v  0.0812 0.5777 -4.8641
v  0.0797 0.5798 -4.8625
v  0.0547 0.6153 -4.8375
v  0.0532 0.6174 -4.8360
v  0.0532 0.6206 -4.8360
v  0.0523 1.0055 -4.8351
v  0.0995 1.4007 -4.9552
v  0.1053 1.4007 -4.9651
v  0.1131 1.3979 -4.9786
v  0.1198 1.3890 -4.9904
v  0.1243 1.3754 -4.9981
v  0.1257 1.3607 -5.0005
v  0.1257 1.3481 -5.0005
v  0.1257 0.6265 -5.0005
v  0.1257 0.6177 -5.0005
v  0.1243 0.6030 -4.9981
v  0.1198 0.5894 -4.9904
v  0.1131 0.5805 -4.9786
v  0.1057 0.5777 -4.9659
v  0.1019 0.5777 -4.9593
v  0.0590 0.5777 -4.8851
v  0.0574 0.5777 -4.8823
v  0.0564 0.5798 -4.8805
v  0.0387 0.6153 -4.8498
v  0.0376 0.6174 -4.8480
v  0.0376 0.6206 -4.8480
v  0.0370 1.0055 -4.8469
v  0.0515 1.4007 -4.9751
v  0.0545 1.4007 -4.9862
v  0.0585 1.3979 -5.0012
v  0.0620 1.3890 -5.0143
v  0.0643 1.3754 -5.0229
v  0.0651 1.3607 -5.0256
v  0.0651 1.3481 -5.0256
v  0.0651 0.6265 -5.0256
v  0.0651 0.6177 -5.0256
v  0.0643 0.6030 -5.0229
v  0.0620 0.5894 -5.0143
v  0.0585 0.5805 -5.0012
v  0.0547 0.5777 -4.9870
v  0.0527 0.5777 -4.9797
v  0.0306 0.5777 -4.8969
v  0.0297 0.5777 -4.8938
v  0.0292 0.5798 -4.8917
v  0.0200 0.6153 -4.8576
v  0.0195 0.6174 -4.8555
v  0.0195 0.6206 -4.8555
v  0.0191 1.0055 -4.8543
v  -0.6400 -5.0001 7.5272
v  -0.6182 -5.0001 7.6928
v  -0.6450 -4.9925 7.7000
v  -0.6678 -4.9925 7.5272
v  -0.6608 -4.9730 7.7043
v  -0.6841 -4.9730 7.5272
v  -0.6635 -4.9445 7.7050
v  -0.6869 -4.9445 7.5272
v  -0.6477 -4.9189 7.7008
v  -0.6706 -4.9189 7.5272
v  -0.6309 -4.9053 7.6963
v  -0.5408 -4.8324 7.6721
v  -0.5599 -4.8324 7.5272
v  -0.6532 -4.9053 7.5272
v  -0.5425 -4.8188 7.5272
v  -0.5240 -4.8188 7.6676
v  -0.5152 -4.8132 7.6653
v  -0.5334 -4.8132 7.5272
v  -0.5053 -4.8100 7.6626
v  -0.5231 -4.8100 7.5272
v  -0.4950 -4.8092 7.6598
v  -0.5124 -4.8092 7.5272
v  -0.0000 -4.8092 7.5272
v  -0.5542 -5.0001 7.8472
v  -0.5783 -4.9925 7.8611
v  -0.5925 -4.9730 7.8693
v  -0.5948 -4.9445 7.8706
v  -0.5807 -4.9189 7.8625
v  -0.5657 -4.9053 7.8538
v  -0.4848 -4.8324 7.8071
v  -0.4698 -4.8188 7.7984
v  -0.4619 -4.8132 7.7939
v  -0.4530 -4.8100 7.7888
v  -0.4438 -4.8092 7.7834
v  -0.4525 -5.0001 7.9797
v  -0.4722 -4.9925 7.9994
v  -0.4838 -4.9730 8.0110
v  -0.4857 -4.9445 8.0129
v  -0.4742 -4.9189 8.0014
v  -0.4619 -4.9053 7.9891
v  -0.3959 -4.8324 7.9231
v  -0.3836 -4.8188 7.9108
v  -0.3772 -4.8132 7.9044
v  -0.3699 -4.8100 7.8971
v  -0.3624 -4.8092 7.8896
v  -0.3200 -5.0001 8.0814
v  -0.3339 -4.9925 8.1055
v  -0.3421 -4.9730 8.1197
v  -0.3434 -4.9445 8.1220
v  -0.3353 -4.9189 8.1079
v  -0.3266 -4.9053 8.0929
v  -0.2799 -4.8324 8.0120
v  -0.2712 -4.8188 7.9970
v  -0.2667 -4.8132 7.9891
v  -0.2616 -4.8100 7.9802
v  -0.2562 -4.8092 7.9710
v  -0.1656 -5.0001 8.1454
v  -0.1728 -4.9925 8.1722
v  -0.1771 -4.9730 8.1880
v  -0.1778 -4.9445 8.1907
v  -0.1736 -4.9189 8.1749
v  -0.1691 -4.9053 8.1581
v  -0.1449 -4.8324 8.0680
v  -0.1404 -4.8188 8.0512
v  -0.1381 -4.8132 8.0424
v  -0.1354 -4.8100 8.0325
v  -0.1326 -4.8092 8.0222
v  -0.0000 -5.0001 8.1672
v  -0.0000 -4.9925 8.1950
v  -0.0000 -4.9730 8.2113
v  -0.0000 -4.9445 8.2141
v  -0.0000 -4.9189 8.1978
v  -0.0000 -4.9053 8.1804
v  -0.0000 -4.8324 8.0870
v  -0.0000 -4.8188 8.0697
v  -0.0000 -4.8132 8.0606
v  -0.0000 -4.8100 8.0503
v  -0.0000 -4.8092 8.0396
v  0.1656 -5.0001 8.1454
v  0.1728 -4.9925 8.1722
v  0.1771 -4.9730 8.1880
v  0.1778 -4.9445 8.1907
v  0.1735 -4.9189 8.1749
v  0.1690 -4.9053 8.1581
v  0.1449 -4.8324 8.0680
v  0.1404 -4.8188 8.0512
v  0.1380 -4.8132 8.0424
v  0.1354 -4.8100 8.0325
v  0.1326 -4.8092 8.0222
v  0.3200 -5.0001 8.0814
v  0.3339 -4.9925 8.1055
v  0.3421 -4.9730 8.1197
v  0.3434 -4.9445 8.1220
v  0.3353 -4.9189 8.1079
v  0.3266 -4.9053 8.0929
v  0.2799 -4.8324 8.0120
v  0.2712 -4.8188 7.9970
v  0.2667 -4.8132 7.9891
v  0.2616 -4.8100 7.9802
v  0.2562 -4.8092 7.9710
v  0.4525 -5.0001 7.9797
v  0.4722 -4.9925 7.9994
v  0.4837 -4.9730 8.0110
v  0.4857 -4.9445 8.0129
v  0.4741 -4.9189 8.0014
v  0.4619 -4.9053 7.9891
v  0.3959 -4.8324 7.9231
v  0.3836 -4.8188 7.9108
v  0.3771 -4.8132 7.9044
v  0.3699 -4.8100 7.8971
v  0.3623 -4.8092 7.8896
v  0.5542 -5.0001 7.8472
v  0.5783 -4.9925 7.8611
v  0.5925 -4.9730 7.8693
v  0.5948 -4.9445 7.8706
v  0.5807 -4.9189 7.8625
v  0.5657 -4.9053 7.8538
v  0.4848 -4.8324 7.8071
v  0.4698 -4.8188 7.7984
v  0.4619 -4.8132 7.7939
v  0.4530 -4.8100 7.7888
v  0.4438 -4.8092 7.7834
v  0.6181 -5.0001 7.6928
v  0.6450 -4.9925 7.7000
v  0.6608 -4.9730 7.7043
v  0.6634 -4.9445 7.7050
v  0.6477 -4.9189 7.7008
v  0.6309 -4.9053 7.6963
v  0.5408 -4.8324 7.6721
v  0.5240 -4.8188 7.6676
v  0.5152 -4.8132 7.6653
v  0.5053 -4.8100 7.6626
v  0.4950 -4.8092 7.6598
v  0.6400 -5.0001 7.5272
v  0.6677 -4.9925 7.5272
v  0.6841 -4.9730 7.5272
v  0.6868 -4.9445 7.5272
v  0.6705 -4.9189 7.5272
v  0.6532 -4.9053 7.5272
v  0.5598 -4.8324 7.5272
v  0.5425 -4.8188 7.5272
v  0.5334 -4.8132 7.5272
v  0.5231 -4.8100 7.5272
v  0.5124 -4.8092 7.5272
v  0.6181 -5.0001 7.3616
v  0.6450 -4.9925 7.3544
v  0.6608 -4.9730 7.3501
v  0.6634 -4.9445 7.3494
v  0.6477 -4.9189 7.3537
v  0.6309 -4.9053 7.3581
v  0.5408 -4.8324 7.3823
v  0.5240 -4.8188 7.3868
v  0.5152 -4.8132 7.3892
v  0.5053 -4.8100 7.3918
v  0.4950 -4.8092 7.3946
v  0.5542 -5.0001 7.2072
v  0.5783 -4.9925 7.1933
v  0.5925 -4.9730 7.1851
v  0.5948 -4.9445 7.1838
v  0.5807 -4.9189 7.1919
v  0.5657 -4.9053 7.2006
v  0.4848 -4.8324 7.2473
v  0.4698 -4.8188 7.2560
v  0.4619 -4.8132 7.2605
v  0.4530 -4.8100 7.2656
v  0.4438 -4.8092 7.2710
v  0.4525 -5.0001 7.0747
v  0.4722 -4.9925 7.0550
v  0.4837 -4.9730 7.0435
v  0.4857 -4.9445 7.0415
v  0.4741 -4.9189 7.0531
v  0.4619 -4.9053 7.0653
v  0.3959 -4.8324 7.1313
v  0.3836 -4.8188 7.1436
v  0.3771 -4.8132 7.1501
v  0.3699 -4.8100 7.1573
v  0.3623 -4.8092 7.1649
v  0.3200 -5.0001 6.9730
v  0.3339 -4.9925 6.9489
v  0.3421 -4.9730 6.9347
v  0.3434 -4.9445 6.9324
v  0.3353 -4.9189 6.9465
v  0.3266 -4.9053 6.9615
v  0.2799 -4.8324 7.0424
v  0.2712 -4.8188 7.0574
v  0.2667 -4.8132 7.0653
v  0.2616 -4.8100 7.0742
v  0.2562 -4.8092 7.0834
v  0.1656 -5.0001 6.9090
v  0.1728 -4.9925 6.8822
v  0.1771 -4.9730 6.8664
v  0.1778 -4.9445 6.8638
v  0.1735 -4.9189 6.8795
v  0.1690 -4.9053 6.8963
v  0.1449 -4.8324 6.9864
v  0.1404 -4.8188 7.0032
v  0.1380 -4.8132 7.0120
v  0.1354 -4.8100 7.0219
v  0.1326 -4.8092 7.0322
v  -0.0000 -5.0001 6.8872
v  -0.0000 -4.9925 6.8595
v  -0.0000 -4.9730 6.8431
v  -0.0000 -4.9445 6.8404
v  -0.0000 -4.9189 6.8567
v  -0.0000 -4.9053 6.8740
v  -0.0000 -4.8324 6.9674
v  -0.0000 -4.8188 6.9847
v  -0.0000 -4.8132 6.9938
v  -0.0000 -4.8100 7.0041
v  -0.0000 -4.8092 7.0148
v  -0.1656 -5.0001 6.9090
v  -0.1728 -4.9925 6.8822
v  -0.1771 -4.9730 6.8664
v  -0.1778 -4.9445 6.8638
v  -0.1736 -4.9189 6.8795
v  -0.1691 -4.9053 6.8963
v  -0.1449 -4.8324 6.9864
v  -0.1404 -4.8188 7.0032
v  -0.1381 -4.8132 7.0120
v  -0.1354 -4.8100 7.0219
v  -0.1326 -4.8092 7.0322
v  -0.3200 -5.0001 6.9730
v  -0.3339 -4.9925 6.9489
v  -0.3421 -4.9730 6.9347
v  -0.3434 -4.9445 6.9324
v  -0.3353 -4.9189 6.9465
v  -0.3266 -4.9053 6.9615
v  -0.2799 -4.8324 7.0424
v  -0.2712 -4.8188 7.0574
v  -0.2667 -4.8132 7.0653
v  -0.2616 -4.8100 7.0742
v  -0.2562 -4.8092 7.0834
v  -0.4525 -5.0001 7.0747
v  -0.4722 -4.9925 7.0550
v  -0.4838 -4.9730 7.0435
v  -0.4857 -4.9445 7.0415
v  -0.4742 -4.9189 7.0531
v  -0.4619 -4.9053 7.0653
v  -0.3959 -4.8324 7.1313
v  -0.3836 -4.8188 7.1436
v  -0.3772 -4.8132 7.1501
v  -0.3699 -4.8100 7.1573
v  -0.3624 -4.8092 7.1649
v  -0.5542 -5.0001 7.2072
v  -0.5783 -4.9925 7.1933
v  -0.5925 -4.9730 7.1851
v  -0.5948 -4.9445 7.1838
v  -0.5807 -4.9189 7.1919
v  -0.5657 -4.9053 7.2006
v  -0.4848 -4.8324 7.2473
v  -0.4698 -4.8188 7.2560
v  -0.4619 -4.8132 7.2605
v  -0.4530 -4.8100 7.2656
v  -0.4438 -4.8092 7.2710
v  -0.6182 -5.0001 7.3616
v  -0.6450 -4.9925 7.3544
v  -0.6608 -4.9730 7.3501
v  -0.6635 -4.9445 7.3494
v  -0.6477 -4.9189 7.3537
v  -0.6309 -4.9053 7.3581
v  -0.5408 -4.8324 7.3823
v  -0.5240 -4.8188 7.3868
v  -0.5152 -4.8132 7.3892
v  -0.5053 -4.8100 7.3918
v  -0.4950 -4.8092 7.3946
v  -0.6198 -5.0001 7.5272
v  -0.5987 -5.0001 7.3668
v  -0.5368 -5.0001 7.2173
v  -0.4383 -5.0001 7.0889
v  -0.3099 -5.0001 6.9904
v  -0.1604 -5.0001 6.9285
v  -0.0000 -5.0001 6.9074
v  0.1604 -5.0001 6.9285
v  0.3099 -5.0001 6.9904
v  0.4383 -5.0001 7.0889
v  0.5367 -5.0001 7.2173
v  0.5987 -5.0001 7.3668
v  0.6198 -5.0001 7.5272
v  0.5987 -5.0001 7.6876
v  0.5367 -5.0001 7.8371
v  0.4383 -5.0001 7.9655
v  0.3099 -5.0001 8.0640
v  0.1604 -5.0001 8.1259
v  -0.0000 -5.0001 8.1470
v  -0.1604 -5.0001 8.1259
v  -0.3099 -5.0001 8.0640
v  -0.4383 -5.0001 7.9655
v  -0.5368 -5.0001 7.8371
v  -0.5987 -5.0001 7.6876
v  -0.0000 -4.8101 7.5272
v  0.4260 -4.8101 7.4131
v  0.4410 -4.8101 7.5272
v  0.4494 -4.8069 7.4068
v  0.4652 -4.8069 7.5272
v  0.4699 -4.7895 7.4013
v  0.4865 -4.7895 7.5272
v  0.4771 -4.7646 7.3994
v  0.4939 -4.7646 7.5272
v  0.4702 -4.7401 7.4012
v  0.4867 -4.7401 7.5272
v  0.4548 -4.7232 7.4053
v  0.4708 -4.7232 7.5272
v  0.4267 -4.6970 7.4129
v  0.4418 -4.6970 7.5272
v  0.3451 -4.5693 7.4347
v  0.3573 -4.5693 7.5272
v  0.3192 -4.4296 7.4417
v  0.3304 -4.4296 7.5272
v  0.3454 -4.2886 7.4346
v  0.3576 -4.2886 7.5272
v  0.4174 -4.1726 7.4154
v  0.4321 -4.1726 7.5272
v  0.4354 -4.1615 7.5272
v  0.4206 -4.1615 7.4145
v  0.4206 -4.0896 7.4145
v  0.4354 -4.0896 7.5272
v  0.3819 -4.8101 7.3067
v  0.4029 -4.8069 7.2946
v  0.4213 -4.7895 7.2839
v  0.4277 -4.7646 7.2802
v  0.4215 -4.7401 7.2838
v  0.4077 -4.7232 7.2918
v  0.3826 -4.6970 7.3063
v  0.3094 -4.5693 7.3486
v  0.2862 -4.4296 7.3620
v  0.3097 -4.2886 7.3484
v  0.3742 -4.1726 7.3111
v  0.3771 -4.1615 7.3095
v  0.3771 -4.0896 7.3095
v  0.3118 -4.8101 7.2154
v  0.3289 -4.8069 7.1983
v  0.3440 -4.7895 7.1832
v  0.3492 -4.7646 7.1779
v  0.3442 -4.7401 7.1830
v  0.3329 -4.7232 7.1943
v  0.3124 -4.6970 7.2148
v  0.2526 -4.5693 7.2746
v  0.2336 -4.4296 7.2935
v  0.2529 -4.2886 7.2743
v  0.3056 -4.1726 7.2216
v  0.3079 -4.1615 7.2193
v  0.3079 -4.0896 7.2193
v  0.2205 -4.8101 7.1453
v  0.2326 -4.8069 7.1243
v  0.2432 -4.7895 7.1059
v  0.2470 -4.7646 7.0995
v  0.2434 -4.7401 7.1057
v  0.2354 -4.7232 7.1195
v  0.2209 -4.6970 7.1446
v  0.1786 -4.5693 7.2178
v  0.1652 -4.4296 7.2410
v  0.1788 -4.2886 7.2175
v  0.2161 -4.1726 7.1530
v  0.2177 -4.1615 7.1501
v  0.2177 -4.0896 7.1501
v  0.1141 -4.8101 7.1012
v  0.1204 -4.8069 7.0778
v  0.1259 -4.7895 7.0573
v  0.1278 -4.7646 7.0501
v  0.1260 -4.7401 7.0570
v  0.1218 -4.7232 7.0724
v  0.1143 -4.6970 7.1005
v  0.0925 -4.5693 7.1821
v  0.0855 -4.4296 7.2080
v  0.0926 -4.2886 7.1818
v  0.1118 -4.1726 7.1098
v  0.1127 -4.1615 7.1066
v  0.1127 -4.0896 7.1066
v  -0.0000 -4.8101 7.0862
v  -0.0000 -4.8069 7.0620
v  -0.0000 -4.7895 7.0407
v  -0.0000 -4.7646 7.0333
v  -0.0000 -4.7401 7.0405
v  -0.0000 -4.7232 7.0564
v  -0.0000 -4.6970 7.0854
v  -0.0000 -4.5693 7.1699
v  -0.0000 -4.4296 7.1968
v  -0.0000 -4.2886 7.1696
v  -0.0000 -4.1726 7.0951
v  -0.0000 -4.1615 7.0918
v  -0.0000 -4.0896 7.0918
v  -0.1141 -4.8101 7.1012
v  -0.1204 -4.8069 7.0778
v  -0.1259 -4.7895 7.0573
v  -0.1278 -4.7646 7.0501
v  -0.1260 -4.7401 7.0570
v  -0.1219 -4.7232 7.0724
v  -0.1143 -4.6970 7.1005
v  -0.0925 -4.5693 7.1821
v  -0.0855 -4.4296 7.2080
v  -0.0926 -4.2886 7.1818
v  -0.1119 -4.1726 7.1098
v  -0.1127 -4.1615 7.1066
v  -0.1127 -4.0896 7.1066
v  -0.2205 -4.8101 7.1453
v  -0.2326 -4.8069 7.1243
v  -0.2433 -4.7895 7.1059
v  -0.2470 -4.7646 7.0995
v  -0.2434 -4.7401 7.1057
v  -0.2354 -4.7232 7.1195
v  -0.2209 -4.6970 7.1446
v  -0.1786 -4.5693 7.2178
v  -0.1652 -4.4296 7.2410
v  -0.1788 -4.2886 7.2175
v  -0.2161 -4.1726 7.1530
v  -0.2177 -4.1615 7.1501
v  -0.2177 -4.0896 7.1501
v  -0.3118 -4.8101 7.2154
v  -0.3290 -4.8069 7.1983
v  -0.3440 -4.7895 7.1832
v  -0.3493 -4.7646 7.1779
v  -0.3442 -4.7401 7.1830
v  -0.3329 -4.7232 7.1943
v  -0.3124 -4.6970 7.2148
v  -0.2526 -4.5693 7.2746
v  -0.2337 -4.4296 7.2935
v  -0.2529 -4.2886 7.2743
v  -0.3056 -4.1726 7.2216
v  -0.3079 -4.1615 7.2193
v  -0.3079 -4.0896 7.2193
v  -0.3819 -4.8101 7.3067
v  -0.4029 -4.8069 7.2946
v  -0.4213 -4.7895 7.2839
v  -0.4278 -4.7646 7.2802
v  -0.4215 -4.7401 7.2838
v  -0.4077 -4.7232 7.2918
v  -0.3826 -4.6970 7.3063
v  -0.3094 -4.5693 7.3486
v  -0.2862 -4.4296 7.3620
v  -0.3097 -4.2886 7.3484
v  -0.3743 -4.1726 7.3111
v  -0.3771 -4.1615 7.3095
v  -0.3771 -4.0896 7.3095
v  -0.4260 -4.8101 7.4131
v  -0.4494 -4.8069 7.4068
v  -0.4699 -4.7895 7.4013
v  -0.4771 -4.7646 7.3994
v  -0.4702 -4.7401 7.4012
v  -0.4548 -4.7232 7.4053
v  -0.4267 -4.6970 7.4129
v  -0.3451 -4.5693 7.4347
v  -0.3192 -4.4296 7.4417
v  -0.3455 -4.2886 7.4346
v  -0.4174 -4.1726 7.4154
v  -0.4206 -4.1615 7.4145
v  -0.4206 -4.0896 7.4145
v  -0.4410 -4.8101 7.5272
v  -0.4652 -4.8069 7.5272
v  -0.4865 -4.7895 7.5272
v  -0.4939 -4.7646 7.5272
v  -0.4868 -4.7401 7.5272
v  -0.4708 -4.7232 7.5272
v  -0.4418 -4.6970 7.5272
v  -0.3573 -4.5693 7.5272
v  -0.3304 -4.4296 7.5272
v  -0.3576 -4.2886 7.5272
v  -0.4322 -4.1726 7.5272
v  -0.4354 -4.1615 7.5272
v  -0.4354 -4.0896 7.5272
v  -0.4260 -4.8101 7.6413
v  -0.4494 -4.8069 7.6476
v  -0.4699 -4.7895 7.6531
v  -0.4771 -4.7646 7.6550
v  -0.4702 -4.7401 7.6532
v  -0.4548 -4.7232 7.6491
v  -0.4267 -4.6970 7.6415
v  -0.3451 -4.5693 7.6197
v  -0.3192 -4.4296 7.6127
v  -0.3455 -4.2886 7.6198
v  -0.4174 -4.1726 7.6391
v  -0.4206 -4.1615 7.6399
v  -0.4206 -4.0896 7.6399
v  -0.3819 -4.8101 7.7477
v  -0.4029 -4.8069 7.7598
v  -0.4213 -4.7895 7.7705
v  -0.4278 -4.7646 7.7742
v  -0.4215 -4.7401 7.7706
v  -0.4077 -4.7232 7.7626
v  -0.3826 -4.6970 7.7481
v  -0.3094 -4.5693 7.7058
v  -0.2862 -4.4296 7.6924
v  -0.3097 -4.2886 7.7060
v  -0.3743 -4.1726 7.7433
v  -0.3771 -4.1615 7.7449
v  -0.3771 -4.0896 7.7449
v  -0.3118 -4.8101 7.8390
v  -0.3290 -4.8069 7.8562
v  -0.3440 -4.7895 7.8712
v  -0.3493 -4.7646 7.8765
v  -0.3442 -4.7401 7.8714
v  -0.3329 -4.7232 7.8601
v  -0.3124 -4.6970 7.8396
v  -0.2526 -4.5693 7.7798
v  -0.2337 -4.4296 7.7609
v  -0.2529 -4.2886 7.7801
v  -0.3056 -4.1726 7.8328
v  -0.3079 -4.1615 7.8351
v  -0.3079 -4.0896 7.8351
v  -0.2205 -4.8101 7.9091
v  -0.2326 -4.8069 7.9301
v  -0.2433 -4.7895 7.9485
v  -0.2470 -4.7646 7.9550
v  -0.2434 -4.7401 7.9487
v  -0.2354 -4.7232 7.9349
v  -0.2209 -4.6970 7.9098
v  -0.1786 -4.5693 7.8366
v  -0.1652 -4.4296 7.8134
v  -0.1788 -4.2886 7.8369
v  -0.2161 -4.1726 7.9015
v  -0.2177 -4.1615 7.9043
v  -0.2177 -4.0896 7.9043
v  -0.1141 -4.8101 7.9532
v  -0.1204 -4.8069 7.9766
v  -0.1259 -4.7895 7.9971
v  -0.1278 -4.7646 8.0043
v  -0.1260 -4.7401 7.9974
v  -0.1219 -4.7232 7.9820
v  -0.1143 -4.6970 7.9539
v  -0.0925 -4.5693 7.8723
v  -0.0855 -4.4296 7.8464
v  -0.0926 -4.2886 7.8727
v  -0.1119 -4.1726 7.9446
v  -0.1127 -4.1615 7.9478
v  -0.1127 -4.0896 7.9478
v  -0.0000 -4.8101 7.9682
v  -0.0000 -4.8069 7.9924
v  -0.0000 -4.7895 8.0137
v  -0.0000 -4.7646 8.0211
v  -0.0000 -4.7401 8.0140
v  -0.0000 -4.7232 7.9980
v  -0.0000 -4.6970 7.9690
v  -0.0000 -4.5693 7.8845
v  -0.0000 -4.4296 7.8576
v  -0.0000 -4.2886 7.8848
v  -0.0000 -4.1726 7.9594
v  -0.0000 -4.1615 7.9626
v  -0.0000 -4.0896 7.9626
v  0.1141 -4.8101 7.9532
v  0.1204 -4.8069 7.9766
v  0.1259 -4.7895 7.9971
v  0.1278 -4.7646 8.0043
v  0.1260 -4.7401 7.9974
v  0.1218 -4.7232 7.9820
v  0.1143 -4.6970 7.9539
v  0.0925 -4.5693 7.8723
v  0.0855 -4.4296 7.8464
v  0.0926 -4.2886 7.8727
v  0.1118 -4.1726 7.9446
v  0.1127 -4.1615 7.9478
v  0.1127 -4.0896 7.9478
v  0.2205 -4.8101 7.9091
v  0.2326 -4.8069 7.9301
v  0.2432 -4.7895 7.9485
v  0.2470 -4.7646 7.9550
v  0.2434 -4.7401 7.9487
v  0.2354 -4.7232 7.9349
v  0.2209 -4.6970 7.9098
v  0.1786 -4.5693 7.8366
v  0.1652 -4.4296 7.8134
v  0.1788 -4.2886 7.8369
v  0.2161 -4.1726 7.9015
v  0.2177 -4.1615 7.9043
v  0.2177 -4.0896 7.9043
v  0.3118 -4.8101 7.8390
v  0.3289 -4.8069 7.8562
v  0.3440 -4.7895 7.8712
v  0.3492 -4.7646 7.8765
v  0.3442 -4.7401 7.8714
v  0.3329 -4.7232 7.8601
v  0.3124 -4.6970 7.8396
v  0.2526 -4.5693 7.7798
v  0.2336 -4.4296 7.7609
v  0.2529 -4.2886 7.7801
v  0.3056 -4.1726 7.8328
v  0.3079 -4.1615 7.8351
v  0.3079 -4.0896 7.8351
v  0.3819 -4.8101 7.7477
v  0.4029 -4.8069 7.7598
v  0.4213 -4.7895 7.7705
v  0.4277 -4.7646 7.7742
v  0.4215 -4.7401 7.7706
v  0.4077 -4.7232 7.7626
v  0.3826 -4.6970 7.7481
v  0.3094 -4.5693 7.7058
v  0.2862 -4.4296 7.6924
v  0.3097 -4.2886 7.7060
v  0.3742 -4.1726 7.7433
v  0.3771 -4.1615 7.7449
v  0.3771 -4.0896 7.7449
v  0.4260 -4.8101 7.6413
v  0.4494 -4.8069 7.6476
v  0.4699 -4.7895 7.6531
v  0.4771 -4.7646 7.6550
v  0.4702 -4.7401 7.6532
v  0.4548 -4.7232 7.6491
v  0.4267 -4.6970 7.6415
v  0.3451 -4.5693 7.6197
v  0.3192 -4.4296 7.6127
v  0.3454 -4.2886 7.6198
v  0.4174 -4.1726 7.6391
v  0.4206 -4.1615 7.6399
v  0.4206 -4.0896 7.6399
v  0.4206 -4.1675 7.4145
v  0.4354 -4.1675 7.5272
v  0.3771 -4.1675 7.3095
v  0.3079 -4.1675 7.2193
v  0.2177 -4.1675 7.1501
v  0.1127 -4.1675 7.1066
v  -0.0000 -4.1675 7.0918
v  -0.1127 -4.1675 7.1066
v  -0.2177 -4.1675 7.1501
v  -0.3079 -4.1675 7.2193
v  -0.3771 -4.1675 7.3095
v  -0.4206 -4.1675 7.4145
v  -0.4354 -4.1675 7.5272
v  -0.4206 -4.1675 7.6399
v  -0.3771 -4.1675 7.7449
v  -0.3079 -4.1675 7.8351
v  -0.2177 -4.1675 7.9043
v  -0.1127 -4.1675 7.9478
v  -0.0000 -4.1675 7.9626
v  0.1127 -4.1675 7.9478
v  0.2177 -4.1675 7.9043
v  0.3079 -4.1675 7.8351
v  0.3771 -4.1675 7.7449
v  0.4206 -4.1675 7.6399
v  -0.0048 -3.9881 7.4407
v  -0.0435 -3.9881 7.4522
v  -0.0216 -3.9882 7.4898
v  -0.0002 -3.9882 7.4840
v  -0.0649 -3.9882 7.4851
v  -0.0373 -3.9882 7.5054
v  -0.0884 -3.9881 7.5272
v  -0.0432 -3.9882 7.5272
v  -0.0649 -3.9882 7.5693
v  -0.0373 -3.9882 7.5490
v  -0.0435 -3.9881 7.6022
v  -0.0216 -3.9882 7.5646
v  -0.0048 -3.9881 7.6137
v  -0.0002 -3.9882 7.5704
v  0.0313 -3.9882 7.5976
v  0.0212 -3.9882 7.5649
v  0.0729 -3.9881 7.5769
v  0.0373 -3.9881 7.5491
v  0.0774 -3.9882 7.5272
v  0.0432 -3.9882 7.5272
v  0.0729 -3.9881 7.4775
v  0.0373 -3.9882 7.5053
v  0.0313 -3.9884 7.4568
v  0.0212 -3.9883 7.4895
v  0.1632 -3.9881 7.4086
v  0.1079 -3.9882 7.4488
v  0.1332 -3.9881 7.4898
v  0.1551 -3.9882 7.4840
v  0.1175 -3.9881 7.5055
v  0.1117 -3.9882 7.5272
v  0.1175 -3.9882 7.5489
v  0.1079 -3.9882 7.6056
v  0.1332 -3.9882 7.5646
v  0.1632 -3.9881 7.6458
v  0.1551 -3.9882 7.5704
v  0.2065 -3.9882 7.6165
v  0.1765 -3.9882 7.5646
v  0.2325 -3.9881 7.5659
v  0.1924 -3.9881 7.5486
v  0.2325 -3.9881 7.5272
v  0.1981 -3.9880 7.5272
v  0.2325 -3.9881 7.4885
v  0.1924 -3.9882 7.5058
v  0.2065 -3.9884 7.4379
v  0.1765 -3.9882 7.4898
v  0.0767 -3.9882 7.6424
v  0.0890 -3.9881 7.6614
v  0.0570 -3.9880 7.6323
v  0.0350 -3.9882 7.6333
v  0.0161 -3.9881 7.6452
v  -0.0412 -3.9882 7.6541
v  0.0056 -3.9882 7.6655
v  -0.0592 -3.9880 7.7092
v  0.0068 -3.9880 7.6879
v  -0.0211 -3.9882 7.7512
v  0.0189 -3.9882 7.7066
v  0.0350 -3.9881 7.7602
v  0.0391 -3.9881 7.7168
v  0.0718 -3.9880 7.7483
v  0.0612 -3.9880 7.7156
v  0.1086 -3.9880 7.7363
v  0.0798 -3.9882 7.7036
v  0.1487 -3.9882 7.6960
v  0.0901 -3.9882 7.6835
v  -0.0858 -3.9882 7.6358
v  -0.0999 -3.9881 7.6532
v  -0.0824 -3.9881 7.6133
v  -0.0905 -3.9880 7.5927
v  -0.1079 -3.9880 7.5787
v  -0.1334 -3.9882 7.5272
v  -0.1298 -3.9882 7.5753
v  -0.2017 -3.9881 7.5272
v  -0.1509 -3.9882 7.5834
v  -0.2195 -3.9882 7.5763
v  -0.1648 -3.9882 7.6007
v  -0.2108 -3.9882 7.6325
v  -0.1683 -3.9881 7.6230
v  -0.1881 -3.9884 7.6638
v  -0.1603 -3.9883 7.6436
v  -0.1653 -3.9881 7.6951
v  -0.1431 -3.9882 7.6576
v  -0.1146 -3.9882 7.7208
v  -0.1208 -3.9882 7.6612
v  -0.1298 -3.9882 7.4791
v  -0.1509 -3.9881 7.4710
v  -0.1079 -3.9881 7.4757
v  -0.0905 -3.9882 7.4618
v  -0.0824 -3.9881 7.4411
v  -0.0412 -3.9882 7.4003
v  -0.0858 -3.9884 7.4186
v  -0.0623 -3.9880 7.3354
v  -0.1001 -3.9881 7.4011
v  -0.1146 -3.9881 7.3336
v  -0.1208 -3.9883 7.3932
v  -0.1653 -3.9881 7.3593
v  -0.1431 -3.9882 7.3968
v  -0.1881 -3.9881 7.3906
v  -0.1603 -3.9880 7.4108
v  -0.2108 -3.9881 7.4219
v  -0.1683 -3.9882 7.4314
v  -0.2195 -3.9882 7.4781
v  -0.1648 -3.9882 7.4537
v  0.0056 -3.9881 7.3889
v  0.0068 -3.9882 7.3663
v  0.0161 -3.9881 7.4092
v  0.0350 -3.9880 7.4211
v  0.0570 -3.9880 7.4221
v  0.0767 -3.9884 7.4120
v  0.0890 -3.9881 7.3930
v  0.1487 -3.9882 7.3584
v  0.0901 -3.9883 7.3709
v  0.1086 -3.9881 7.3181
v  0.0798 -3.9882 7.3508
v  0.0718 -3.9881 7.3061
v  0.0612 -3.9882 7.3388
v  0.0350 -3.9881 7.2942
v  0.0391 -3.9881 7.3376
v  -0.0211 -3.9882 7.3033
v  0.0189 -3.9882 7.3478
v  0.3032 -3.9882 7.4287
v  0.2651 -3.9881 7.4411
v  0.2886 -3.9882 7.4897
v  0.3098 -3.9883 7.4840
v  0.2725 -3.9882 7.5058
v  0.2668 -3.9882 7.5272
v  0.2725 -3.9882 7.5486
v  0.2651 -3.9881 7.6133
v  0.2886 -3.9882 7.5647
v  0.3032 -3.9882 7.6257
v  0.3098 -3.9882 7.5704
v  0.4217 -3.9877 7.6642
v  0.3320 -3.9882 7.5644
v  0.4387 -3.9877 7.5936
v  0.3475 -3.9884 7.5487
v  0.4437 -3.9877 7.5272
v  0.3532 -3.9879 7.5272
v  0.4387 -3.9877 7.4609
v  0.3475 -3.9884 7.5057
v  0.4217 -3.9877 7.3902
v  0.3320 -3.9881 7.4900
v  0.2555 -3.9882 7.6665
v  0.2760 -3.9884 7.6743
v  0.2331 -3.9882 7.6700
v  0.2159 -3.9880 7.6840
v  0.2079 -3.9882 7.7048
v  0.1638 -3.9882 7.7527
v  0.2114 -3.9883 7.7272
v  0.1874 -3.9881 7.7851
v  0.2252 -3.9882 7.7442
v  0.2606 -3.9877 7.8860
v  0.2468 -3.9883 7.7525
v  0.3160 -3.9877 7.8388
v  0.2685 -3.9883 7.7488
v  0.3590 -3.9877 7.7880
v  0.2858 -3.9884 7.7348
v  0.3940 -3.9877 7.7314
v  0.2938 -3.9883 7.7141
v  0.2905 -3.9879 7.6923
v  0.1248 -3.9883 7.7901
v  0.1368 -3.9882 7.8085
v  0.1045 -3.9879 7.7797
v  0.0824 -3.9880 7.7810
v  0.0639 -3.9882 7.7930
v  -0.0000 -3.9881 7.8060
v  0.0535 -3.9882 7.8132
v  -0.0000 -3.9879 7.8460
v  0.0546 -3.9883 7.8352
v  -0.0000 -3.9877 7.9707
v  0.0672 -3.9885 7.8545
v  0.0725 -3.9877 7.9650
v  0.0870 -3.9882 7.8644
v  0.1371 -3.9877 7.9492
v  0.1091 -3.9885 7.8632
v  0.1987 -3.9877 7.9240
v  0.1278 -3.9885 7.8511
v  0.1380 -3.9885 7.8315
v  -0.0535 -3.9882 7.8132
v  -0.0546 -3.9880 7.8352
v  -0.0638 -3.9882 7.7931
v  -0.0825 -3.9878 7.7810
v  -0.1047 -3.9882 7.7798
v  -0.1639 -3.9882 7.7527
v  -0.1248 -3.9882 7.7901
v  -0.1874 -3.9880 7.7851
v  -0.1368 -3.9883 7.8085
v  -0.2607 -3.9877 7.8860
v  -0.1380 -3.9883 7.8315
v  -0.1987 -3.9877 7.9240
v  -0.1278 -3.9884 7.8511
v  -0.1371 -3.9877 7.9492
v  -0.1092 -3.9882 7.8632
v  -0.0725 -3.9877 7.9650
v  -0.0870 -3.9883 7.8644
v  -0.0672 -3.9882 7.8545
v  -0.2114 -3.9882 7.7272
v  -0.2252 -3.9883 7.7442
v  -0.2079 -3.9881 7.7047
v  -0.2159 -3.9884 7.6840
v  -0.2330 -3.9884 7.6701
v  -0.2651 -3.9881 7.6133
v  -0.2555 -3.9882 7.6665
v  -0.3032 -3.9878 7.6257
v  -0.2760 -3.9886 7.6743
v  -0.4218 -3.9877 7.6642
v  -0.2905 -3.9885 7.6923
v  -0.3940 -3.9877 7.7314
v  -0.2938 -3.9880 7.7141
v  -0.3590 -3.9877 7.7880
v  -0.2858 -3.9886 7.7348
v  -0.3160 -3.9877 7.8388
v  -0.2685 -3.9885 7.7488
v  -0.2468 -3.9884 7.7525
v  -0.2886 -3.9882 7.5647
v  -0.3098 -3.9881 7.5704
v  -0.2726 -3.9882 7.5487
v  -0.2668 -3.9880 7.5272
v  -0.2726 -3.9882 7.5057
v  -0.2651 -3.9882 7.4411
v  -0.2886 -3.9882 7.4897
v  -0.3032 -3.9879 7.4287
v  -0.3098 -3.9882 7.4840
v  -0.4218 -3.9877 7.3902
v  -0.3320 -3.9884 7.4900
v  -0.4388 -3.9877 7.4609
v  -0.3475 -3.9884 7.5057
v  -0.4437 -3.9877 7.5272
v  -0.3532 -3.9879 7.5272
v  -0.4388 -3.9877 7.5936
v  -0.3475 -3.9884 7.5487
v  -0.3320 -3.9884 7.5644
v  -0.2555 -3.9882 7.3879
v  -0.2760 -3.9885 7.3801
v  -0.2330 -3.9881 7.3843
v  -0.2159 -3.9882 7.3704
v  -0.2079 -3.9881 7.3497
v  -0.1639 -3.9881 7.3017
v  -0.2114 -3.9882 7.3272
v  -0.1874 -3.9879 7.2693
v  -0.2252 -3.9885 7.3102
v  -0.2607 -3.9877 7.1684
v  -0.2468 -3.9885 7.3019
v  -0.3160 -3.9877 7.2156
v  -0.2685 -3.9882 7.3056
v  -0.3590 -3.9877 7.2664
v  -0.2858 -3.9885 7.3196
v  -0.3940 -3.9877 7.3230
v  -0.2938 -3.9885 7.3403
v  -0.2905 -3.9880 7.3621
v  -0.1248 -3.9883 7.2643
v  -0.1368 -3.9881 7.2460
v  -0.1047 -3.9881 7.2746
v  -0.0825 -3.9878 7.2734
v  -0.0638 -3.9882 7.2613
v  -0.0000 -3.9882 7.2484
v  -0.0535 -3.9882 7.2412
v  -0.0000 -3.9880 7.2084
v  -0.0546 -3.9880 7.2192
v  -0.0000 -3.9877 7.0837
v  -0.0672 -3.9882 7.1999
v  -0.0725 -3.9877 7.0894
v  -0.0870 -3.9883 7.1901
v  -0.1371 -3.9877 7.1052
v  -0.1092 -3.9884 7.1913
v  -0.1987 -3.9877 7.1304
v  -0.1278 -3.9885 7.2033
v  -0.1380 -3.9882 7.2229
v  0.0535 -3.9882 7.2412
v  0.0546 -3.9882 7.2192
v  0.0639 -3.9882 7.2615
v  0.0824 -3.9880 7.2734
v  0.1045 -3.9881 7.2747
v  0.1638 -3.9881 7.3017
v  0.1248 -3.9882 7.2643
v  0.1874 -3.9879 7.2693
v  0.1368 -3.9887 7.2460
v  0.2606 -3.9877 7.1684
v  0.1380 -3.9885 7.2229
v  0.1987 -3.9877 7.1304
v  0.1278 -3.9882 7.2033
v  0.1371 -3.9877 7.1052
v  0.1091 -3.9882 7.1913
v  0.0725 -3.9877 7.0894
v  0.0870 -3.9885 7.1901
v  0.0672 -3.9882 7.1999
v  0.2114 -3.9882 7.3272
v  0.2252 -3.9880 7.3102
v  0.2079 -3.9882 7.3496
v  0.2159 -3.9881 7.3704
v  0.2331 -3.9883 7.3844
v  0.2555 -3.9882 7.3879
v  0.2760 -3.9884 7.3801
v  0.2905 -3.9881 7.3621
v  0.3940 -3.9877 7.3230
v  0.2938 -3.9882 7.3403
v  0.3590 -3.9877 7.2664
v  0.2858 -3.9886 7.3196
v  0.3160 -3.9877 7.2156
v  0.2685 -3.9883 7.3056
v  0.2468 -3.9883 7.3019
v  0.4316 -3.9877 7.6674
v  0.4482 -3.9877 7.5982
v  0.4538 -3.9877 7.5269
v  0.4482 -3.9877 7.4562
v  0.4316 -3.9877 7.3870
v  0.2667 -3.9877 7.8943
v  0.3209 -3.9877 7.8481
v  0.3671 -3.9877 7.7939
v  0.4043 -3.9877 7.7332
v  -0.0000 -3.9877 7.9810
v  0.0710 -3.9877 7.9754
v  0.1402 -3.9877 7.9588
v  0.2060 -3.9877 7.9315
v  -0.2667 -3.9877 7.8943
v  -0.2060 -3.9877 7.9315
v  -0.1402 -3.9877 7.9588
v  -0.0710 -3.9877 7.9754
v  -0.4316 -3.9877 7.6674
v  -0.4043 -3.9877 7.7332
v  -0.3671 -3.9877 7.7939
v  -0.3209 -3.9877 7.8481
v  -0.4316 -3.9877 7.3870
v  -0.4482 -3.9877 7.4562
v  -0.4538 -3.9877 7.5276
v  -0.4482 -3.9877 7.5982
v  -0.2667 -3.9877 7.1601
v  -0.3209 -3.9877 7.2063
v  -0.3671 -3.9877 7.2605
v  -0.4043 -3.9877 7.3212
v  -0.0000 -3.9877 7.0734
v  -0.0710 -3.9877 7.0790
v  -0.1402 -3.9877 7.0956
v  -0.2060 -3.9877 7.1229
v  0.2667 -3.9877 7.1601
v  0.2060 -3.9877 7.1229
v  0.1402 -3.9877 7.0956
v  0.0710 -3.9877 7.0790
v  0.4043 -3.9877 7.3212
v  0.3671 -3.9877 7.2605
v  0.3209 -3.9877 7.2063
v  0.4550 -3.9944 7.6751
v  0.4701 -4.0100 7.6799
v  0.4883 -4.0098 7.6045
v  0.4726 -3.9944 7.6021
v  0.4726 -3.9944 7.4524
v  0.4883 -4.0099 7.4499
v  0.4701 -4.0099 7.3744
v  0.4550 -3.9944 7.3794
v  0.2812 -3.9945 7.9143
v  0.2905 -4.0100 7.9271
v  0.3497 -4.0097 7.8769
v  0.3384 -3.9943 7.8656
v  0.3998 -4.0100 7.8177
v  0.3870 -3.9945 7.8084
v  0.4407 -4.0096 7.7518
v  0.4264 -3.9943 7.7445
v  -0.0000 -3.9943 8.0058
v  -0.0000 -4.0096 8.0218
v  0.0773 -4.0099 8.0155
v  0.0748 -3.9944 7.9998
v  0.1527 -4.0099 7.9973
v  0.1478 -3.9944 7.9822
v  0.2245 -4.0097 7.9678
v  0.2173 -3.9943 7.9536
v  -0.2812 -3.9945 7.9143
v  -0.2905 -4.0100 7.9271
v  -0.2246 -4.0096 7.9679
v  -0.2173 -3.9943 7.9537
v  -0.1528 -4.0100 7.9973
v  -0.1479 -3.9944 7.9822
v  -0.0774 -4.0098 8.0155
v  -0.0749 -3.9944 7.9998
v  -0.4551 -3.9944 7.6751
v  -0.4701 -4.0099 7.6800
v  -0.4406 -4.0097 7.7517
v  -0.4264 -3.9943 7.7445
v  -0.3999 -4.0100 7.8177
v  -0.3871 -3.9945 7.8084
v  -0.3497 -4.0097 7.8769
v  -0.3384 -3.9943 7.8656
v  -0.4550 -3.9944 7.3794
v  -0.4701 -4.0100 7.3745
v  -0.4883 -4.0098 7.4499
v  -0.4726 -3.9944 7.4523
v  -0.4726 -3.9944 7.6021
v  -0.4883 -4.0099 7.6045
v  -0.2812 -3.9945 7.1402
v  -0.2905 -4.0100 7.1274
v  -0.3497 -4.0097 7.1775
v  -0.3384 -3.9943 7.1888
v  -0.3999 -4.0100 7.2367
v  -0.3871 -3.9945 7.2460
v  -0.4407 -4.0096 7.3026
v  -0.4265 -3.9943 7.3099
v  -0.0000 -3.9943 7.0486
v  -0.0000 -4.0096 7.0326
v  -0.0773 -4.0099 7.0389
v  -0.0749 -3.9944 7.0546
v  -0.1528 -4.0099 7.0571
v  -0.1479 -3.9944 7.0722
v  -0.2245 -4.0097 7.0866
v  -0.2173 -3.9943 7.1008
v  0.2812 -3.9945 7.1402
v  0.2905 -4.0100 7.1274
v  0.2246 -4.0096 7.0865
v  0.2173 -3.9943 7.1008
v  0.1527 -4.0100 7.0571
v  0.1478 -3.9944 7.0722
v  0.0773 -4.0098 7.0389
v  0.0748 -3.9944 7.0546
v  0.4406 -4.0097 7.3027
v  0.4264 -3.9943 7.3099
v  0.3998 -4.0100 7.2367
v  0.3870 -3.9945 7.2460
v  0.3497 -4.0097 7.1775
v  0.3384 -3.9943 7.1888
v  0.4769 -4.0342 7.6821
v  0.4953 -4.0341 7.6057
v  0.4953 -4.0341 7.4488
v  0.4769 -4.0341 7.3723
v  0.2947 -4.0343 7.9328
v  0.3549 -4.0337 7.8821
v  0.4056 -4.0343 7.8219
v  0.4471 -4.0338 7.7550
v  -0.0000 -4.0337 8.0291
v  0.0784 -4.0341 8.0225
v  0.1549 -4.0342 8.0041
v  0.2278 -4.0338 7.9743
v  -0.2947 -4.0343 7.9328
v  -0.2278 -4.0337 7.9743
v  -0.1549 -4.0342 8.0041
v  -0.0785 -4.0340 8.0226
v  -0.4769 -4.0342 7.6822
v  -0.4470 -4.0339 7.7550
v  -0.4056 -4.0343 7.8219
v  -0.3549 -4.0337 7.8821
v  -0.4769 -4.0342 7.3723
v  -0.4954 -4.0341 7.4487
v  -0.4953 -4.0341 7.6057
v  -0.2947 -4.0343 7.1216
v  -0.3549 -4.0337 7.1723
v  -0.4056 -4.0343 7.2325
v  -0.4471 -4.0338 7.2994
v  -0.0000 -4.0337 7.0253
v  -0.0785 -4.0341 7.0319
v  -0.1550 -4.0342 7.0503
v  -0.2278 -4.0338 7.0801
v  0.2947 -4.0343 7.1216
v  0.2278 -4.0337 7.0801
v  0.1549 -4.0342 7.0504
v  0.0785 -4.0340 7.0318
v  0.4470 -4.0339 7.2994
v  0.4056 -4.0343 7.2325
v  0.3548 -4.0337 7.1723
v  0.4784 -3.9941 7.5267
v  0.4946 -4.0095 7.5267
v  0.5019 -4.0338 7.5267
v  -0.4784 -3.9941 7.5276
v  -0.4946 -4.0095 7.5276
v  -0.5019 -4.0338 7.5276
v  0.4769 -4.0460 7.6822
v  0.4769 -4.0931 7.6822
v  0.4954 -4.0930 7.6057
v  0.4953 -4.0459 7.6057
v  0.4953 -4.0459 7.4488
v  0.4953 -4.0930 7.4487
v  0.4769 -4.0931 7.3722
v  0.4769 -4.0460 7.3723
v  0.2947 -4.0461 7.9328
v  0.2947 -4.0932 7.9328
v  0.3549 -4.0926 7.8821
v  0.3549 -4.0455 7.8821
v  0.4056 -4.0932 7.8219
v  0.4056 -4.0461 7.8219
v  0.4472 -4.0927 7.7550
v  0.4471 -4.0456 7.7550
v  -0.0000 -4.0455 8.0291
v  -0.0000 -4.0926 8.0291
v  0.0784 -4.0930 8.0226
v  0.0784 -4.0459 8.0225
v  0.1549 -4.0931 8.0041
v  0.1549 -4.0460 8.0041
v  0.2278 -4.0927 7.9743
v  0.2278 -4.0456 7.9743
v  -0.2947 -4.0461 7.9328
v  -0.2947 -4.0932 7.9328
v  -0.2279 -4.0927 7.9744
v  -0.2278 -4.0456 7.9744
v  -0.1549 -4.0931 8.0041
v  -0.1549 -4.0460 8.0041
v  -0.0785 -4.0930 8.0226
v  -0.0785 -4.0459 8.0226
v  -0.4769 -4.0460 7.6822
v  -0.4769 -4.0931 7.6822
v  -0.4471 -4.0928 7.7550
v  -0.4470 -4.0457 7.7550
v  -0.4056 -4.0932 7.8219
v  -0.4056 -4.0461 7.8219
v  -0.3549 -4.0927 7.8821
v  -0.3549 -4.0456 7.8821
v  -0.4769 -4.0460 7.3723
v  -0.4769 -4.0931 7.3723
v  -0.4954 -4.0930 7.4487
v  -0.4954 -4.0459 7.4487
v  -0.4953 -4.0459 7.6057
v  -0.4953 -4.0930 7.6057
v  -0.2947 -4.0461 7.1216
v  -0.2947 -4.0932 7.1216
v  -0.3549 -4.0926 7.1723
v  -0.3549 -4.0455 7.1723
v  -0.4056 -4.0932 7.2325
v  -0.4056 -4.0461 7.2325
v  -0.4472 -4.0927 7.2994
v  -0.4471 -4.0456 7.2994
v  -0.0000 -4.0455 7.0253
v  -0.0000 -4.0926 7.0253
v  -0.0785 -4.0930 7.0319
v  -0.0785 -4.0459 7.0319
v  -0.1550 -4.0931 7.0503
v  -0.1550 -4.0460 7.0503
v  -0.2278 -4.0927 7.0801
v  -0.2278 -4.0457 7.0801
v  0.2947 -4.0461 7.1216
v  0.2947 -4.0932 7.1216
v  0.2279 -4.0927 7.0800
v  0.2278 -4.0456 7.0800
v  0.1549 -4.0931 7.0503
v  0.1549 -4.0460 7.0504
v  0.0785 -4.0930 7.0318
v  0.0785 -4.0459 7.0318
v  0.4470 -4.0928 7.2994
v  0.4470 -4.0457 7.2994
v  0.4056 -4.0932 7.2325
v  0.4056 -4.0461 7.2325
v  0.3549 -4.0927 7.1723
v  0.3549 -4.0456 7.1723
v  0.5020 -4.0927 7.5267
v  0.5019 -4.0456 7.5267
v  -0.5020 -4.0927 7.5276
v  -0.5019 -4.0456 7.5276
v  0.4698 -4.1299 7.6799
v  0.4542 -4.1453 7.6748
v  0.4720 -4.1453 7.6020
v  0.4881 -4.1299 7.6045
v  0.4880 -4.1299 7.4499
v  0.4719 -4.1453 7.4525
v  0.4543 -4.1453 7.3796
v  0.4699 -4.1299 7.3745
v  0.2903 -4.1300 7.9268
v  0.2807 -4.1454 7.9135
v  0.3383 -4.1451 7.8655
v  0.3497 -4.1295 7.8770
v  0.3863 -4.1454 7.8079
v  0.3996 -4.1300 7.8175
v  0.4262 -4.1452 7.7444
v  0.4407 -4.1297 7.7518
v  -0.0000 -4.1296 8.0218
v  -0.0000 -4.1452 8.0056
v  0.0747 -4.1453 7.9991
v  0.0773 -4.1298 8.0153
v  0.1476 -4.1453 7.9815
v  0.1527 -4.1299 7.9971
v  0.2171 -4.1452 7.9533
v  0.2245 -4.1296 7.9678
v  -0.2903 -4.1300 7.9268
v  -0.2807 -4.1454 7.9135
v  -0.2172 -4.1452 7.9534
v  -0.2246 -4.1297 7.9680
v  -0.1476 -4.1453 7.9814
v  -0.1527 -4.1299 7.9970
v  -0.0748 -4.1453 7.9992
v  -0.0773 -4.1299 8.0154
v  -0.4699 -4.1299 7.6799
v  -0.4543 -4.1453 7.6748
v  -0.4260 -4.1452 7.7443
v  -0.4406 -4.1297 7.7517
v  -0.3863 -4.1454 7.8079
v  -0.3996 -4.1300 7.8175
v  -0.3382 -4.1452 7.8654
v  -0.3497 -4.1296 7.8769
v  -0.4698 -4.1299 7.3745
v  -0.4543 -4.1453 7.3796
v  -0.4720 -4.1453 7.4524
v  -0.4882 -4.1299 7.4499
v  -0.4881 -4.1298 7.6045
v  -0.4719 -4.1453 7.6019
v  -0.2903 -4.1300 7.1276
v  -0.2807 -4.1454 7.1409
v  -0.3383 -4.1451 7.1889
v  -0.3498 -4.1295 7.1775
v  -0.3863 -4.1454 7.2465
v  -0.3996 -4.1300 7.2369
v  -0.4262 -4.1452 7.3101
v  -0.4408 -4.1298 7.3026
v  -0.0000 -4.1296 7.0326
v  -0.0000 -4.1452 7.0488
v  -0.0747 -4.1453 7.0553
v  -0.0773 -4.1298 7.0391
v  -0.1476 -4.1453 7.0729
v  -0.1527 -4.1299 7.0573
v  -0.2171 -4.1452 7.1011
v  -0.2245 -4.1296 7.0866
v  0.2903 -4.1300 7.1276
v  0.2807 -4.1454 7.1409
v  0.2172 -4.1452 7.1010
v  0.2246 -4.1297 7.0864
v  0.1476 -4.1453 7.0730
v  0.1527 -4.1299 7.0574
v  0.0747 -4.1453 7.0552
v  0.0773 -4.1299 7.0390
v  0.4260 -4.1452 7.3101
v  0.4405 -4.1297 7.3027
v  0.3863 -4.1454 7.2465
v  0.3996 -4.1300 7.2369
v  0.3382 -4.1452 7.1890
v  0.3497 -4.1296 7.1775
v  0.4783 -4.1452 7.5267
v  0.4946 -4.1297 7.5267
v  -0.4784 -4.1452 7.5276
v  -0.4947 -4.1297 7.5276
v  0.4287 -4.1501 7.6665
v  0.4130 -4.1349 7.6614
v  0.4290 -4.1349 7.5951
v  0.4453 -4.1501 7.5977
v  0.4452 -4.1501 7.4567
v  0.4290 -4.1349 7.4593
v  0.4130 -4.1349 7.3930
v  0.4287 -4.1501 7.3879
v  0.2649 -4.1501 7.8918
v  0.2552 -4.1349 7.8784
v  0.3074 -4.1348 7.8346
v  0.3190 -4.1501 7.8462
v  0.3512 -4.1349 7.7824
v  0.3646 -4.1501 7.7921
v  0.3872 -4.1349 7.7245
v  0.4019 -4.1501 7.7320
v  -0.0000 -4.1501 7.9783
v  -0.0000 -4.1348 7.9619
v  0.0679 -4.1349 7.9562
v  0.0705 -4.1501 7.9725
v  0.1342 -4.1349 7.9402
v  0.1393 -4.1501 7.9559
v  0.1973 -4.1348 7.9144
v  0.2048 -4.1501 7.9291
v  -0.2649 -4.1501 7.8918
v  -0.2552 -4.1349 7.8784
v  -0.1973 -4.1349 7.9144
v  -0.2048 -4.1501 7.9291
v  -0.1342 -4.1349 7.9402
v  -0.1393 -4.1501 7.9559
v  -0.0679 -4.1349 7.9562
v  -0.0705 -4.1501 7.9725
v  -0.4287 -4.1501 7.6665
v  -0.4130 -4.1349 7.6614
v  -0.3872 -4.1348 7.7245
v  -0.4019 -4.1501 7.7320
v  -0.3512 -4.1349 7.7824
v  -0.3646 -4.1501 7.7921
v  -0.3074 -4.1348 7.8346
v  -0.3190 -4.1501 7.8462
v  -0.4287 -4.1501 7.3879
v  -0.4130 -4.1349 7.3930
v  -0.4290 -4.1349 7.4593
v  -0.4453 -4.1501 7.4567
v  -0.4453 -4.1501 7.5977
v  -0.4290 -4.1349 7.5951
v  -0.2649 -4.1501 7.1626
v  -0.2552 -4.1349 7.1760
v  -0.3074 -4.1348 7.2198
v  -0.3190 -4.1501 7.2082
v  -0.3512 -4.1349 7.2720
v  -0.3646 -4.1501 7.2623
v  -0.3872 -4.1349 7.3299
v  -0.4019 -4.1501 7.3224
v  -0.0000 -4.1502 7.0761
v  -0.0000 -4.1348 7.0925
v  -0.0679 -4.1349 7.0982
v  -0.0705 -4.1501 7.0819
v  -0.1342 -4.1349 7.1142
v  -0.1393 -4.1501 7.0985
v  -0.1973 -4.1348 7.1400
v  -0.2048 -4.1501 7.1253
v  0.2649 -4.1501 7.1626
v  0.2552 -4.1349 7.1760
v  0.1973 -4.1349 7.1400
v  0.2048 -4.1501 7.1253
v  0.1342 -4.1349 7.1142
v  0.1393 -4.1501 7.0985
v  0.0679 -4.1349 7.0982
v  0.0705 -4.1501 7.0819
v  0.3872 -4.1348 7.3299
v  0.4018 -4.1501 7.3225
v  0.3512 -4.1349 7.2720
v  0.3646 -4.1501 7.2623
v  0.3074 -4.1348 7.2198
v  0.3190 -4.1501 7.2082
v  0.4347 -4.1349 7.5268
v  0.4512 -4.1501 7.5267
v  -0.4347 -4.1349 7.5275
v  -0.4512 -4.1501 7.5276
v  0.4115 -4.1313 7.6609
v  0.4119 -4.0971 7.6610
v  0.4282 -4.0971 7.5950
v  0.4275 -4.1313 7.5949
v  0.4275 -4.1313 7.4595
v  0.4281 -4.0971 7.4594
v  0.4119 -4.0971 7.3933
v  0.4115 -4.1313 7.3935
v  0.2543 -4.1313 7.8772
v  0.2546 -4.0971 7.8776
v  0.3068 -4.0971 7.8340
v  0.3063 -4.1313 7.8335
v  0.3502 -4.0971 7.7817
v  0.3500 -4.1313 7.7815
v  0.3864 -4.0971 7.7241
v  0.3859 -4.1313 7.7238
v  -0.0000 -4.1313 7.9604
v  -0.0000 -4.0971 7.9609
v  0.0678 -4.0971 7.9552
v  0.0677 -4.1313 7.9547
v  0.1338 -4.0971 7.9391
v  0.1337 -4.1313 7.9387
v  0.1968 -4.0971 7.9135
v  0.1966 -4.1313 7.9131
v  -0.2543 -4.1313 7.8772
v  -0.2547 -4.0971 7.8777
v  -0.1969 -4.0971 7.9135
v  -0.1966 -4.1313 7.9131
v  -0.1338 -4.0971 7.9390
v  -0.1337 -4.1313 7.9387
v  -0.0678 -4.0971 7.9552
v  -0.0677 -4.1313 7.9547
v  -0.4115 -4.1313 7.6609
v  -0.4120 -4.0971 7.6611
v  -0.3865 -4.0971 7.7241
v  -0.3859 -4.1313 7.7238
v  -0.3503 -4.0971 7.7817
v  -0.3500 -4.1313 7.7815
v  -0.3068 -4.0971 7.8340
v  -0.3063 -4.1313 7.8335
v  -0.4116 -4.1313 7.3935
v  -0.4121 -4.0971 7.3933
v  -0.4280 -4.0971 7.4594
v  -0.4275 -4.1313 7.4595
v  -0.4275 -4.1313 7.5949
v  -0.4280 -4.0971 7.5950
v  -0.2543 -4.1313 7.1772
v  -0.2546 -4.0971 7.1768
v  -0.3068 -4.0971 7.2204
v  -0.3063 -4.1313 7.2209
v  -0.3502 -4.0971 7.2728
v  -0.3500 -4.1313 7.2729
v  -0.3865 -4.0971 7.3303
v  -0.3859 -4.1313 7.3306
v  -0.0000 -4.1313 7.0940
v  -0.0000 -4.0971 7.0932
v  -0.0678 -4.0971 7.0992
v  -0.0677 -4.1313 7.0997
v  -0.1338 -4.0971 7.1153
v  -0.1337 -4.1313 7.1157
v  -0.1969 -4.0971 7.1409
v  -0.1966 -4.1313 7.1413
v  0.2543 -4.1313 7.1772
v  0.2546 -4.0971 7.1768
v  0.1968 -4.0971 7.1409
v  0.1966 -4.1313 7.1413
v  0.1338 -4.0971 7.1154
v  0.1337 -4.1313 7.1157
v  0.0678 -4.0971 7.0993
v  0.0677 -4.1313 7.0997
v  0.3865 -4.0971 7.3303
v  0.3859 -4.1313 7.3306
v  0.3503 -4.0971 7.2727
v  0.3500 -4.1313 7.2729
v  0.3068 -4.0971 7.2204
v  0.3063 -4.1313 7.2209
v  0.4339 -4.0971 7.5268
v  0.4332 -4.1313 7.5268
v  -0.4333 -4.0971 7.5275
v  -0.4332 -4.1313 7.5275
v  0.4321 -4.1511 7.6676
v  0.4489 -4.1511 7.5983
v  0.4954 -4.1048 7.6057
v  0.4769 -4.1049 7.6822
v  0.4488 -4.1511 7.4561
v  0.4321 -4.1511 7.3868
v  0.4769 -4.1049 7.3722
v  0.4953 -4.1048 7.4487
v  0.2670 -4.1511 7.8947
v  0.3216 -4.1511 7.8488
v  0.3549 -4.1045 7.8821
v  0.2947 -4.1050 7.9328
v  0.3675 -4.1511 7.7942
v  0.4056 -4.1050 7.8219
v  0.4051 -4.1511 7.7336
v  0.4472 -4.1045 7.7551
v  -0.0000 -4.1511 7.9820
v  0.0711 -4.1511 7.9761
v  0.0784 -4.1048 8.0226
v  -0.0000 -4.1045 8.0291
v  0.1404 -4.1511 7.9593
v  0.1549 -4.1049 8.0041
v  0.2064 -4.1511 7.9323
v  0.2278 -4.1046 7.9743
v  -0.2670 -4.1511 7.8947
v  -0.2065 -4.1511 7.9324
v  -0.2279 -4.1045 7.9744
v  -0.2947 -4.1050 7.9328
v  -0.1404 -4.1511 7.9593
v  -0.1550 -4.1049 8.0041
v  -0.0711 -4.1511 7.9761
v  -0.0785 -4.1048 8.0226
v  -0.4322 -4.1511 7.6676
v  -0.4051 -4.1511 7.7336
v  -0.4471 -4.1046 7.7550
v  -0.4769 -4.1049 7.6822
v  -0.3675 -4.1511 7.7942
v  -0.4056 -4.1050 7.8219
v  -0.3216 -4.1511 7.8488
v  -0.3549 -4.1045 7.8821
v  -0.4321 -4.1510 7.3868
v  -0.4489 -4.1511 7.4561
v  -0.4954 -4.1048 7.4487
v  -0.4769 -4.1049 7.3723
v  -0.4488 -4.1511 7.5983
v  -0.4953 -4.1048 7.6057
v  -0.2670 -4.1510 7.1597
v  -0.3216 -4.1511 7.2056
v  -0.3549 -4.1045 7.1723
v  -0.2947 -4.1050 7.1216
v  -0.3675 -4.1511 7.2602
v  -0.4056 -4.1050 7.2325
v  -0.4052 -4.1511 7.3208
v  -0.4472 -4.1045 7.2994
v  -0.0000 -4.1511 7.0724
v  -0.0711 -4.1511 7.0784
v  -0.0785 -4.1048 7.0318
v  -0.0000 -4.1045 7.0253
v  -0.1404 -4.1511 7.0951
v  -0.1550 -4.1049 7.0503
v  -0.2064 -4.1511 7.1221
v  -0.2278 -4.1046 7.0801
v  0.2670 -4.1510 7.1597
v  0.2064 -4.1511 7.1220
v  0.2279 -4.1045 7.0800
v  0.2947 -4.1050 7.1216
v  0.1404 -4.1511 7.0951
v  0.1549 -4.1049 7.0503
v  0.0711 -4.1511 7.0783
v  0.0785 -4.1048 7.0318
v  0.4051 -4.1511 7.3208
v  0.4471 -4.1046 7.2994
v  0.3675 -4.1511 7.2602
v  0.4056 -4.1050 7.2325
v  0.3215 -4.1511 7.2057
v  0.3549 -4.1045 7.1723
v  0.4548 -4.1511 7.5267
v  0.5020 -4.1046 7.5267
v  -0.4548 -4.1511 7.5276
v  -0.5020 -4.1046 7.5276
v  0.4115 -4.1334 7.6609
v  0.4275 -4.1334 7.5949
v  0.4468 -4.1516 7.5980
v  0.4301 -4.1516 7.6670
v  0.4274 -4.1334 7.4595
v  0.4115 -4.1334 7.3935
v  0.4302 -4.1516 7.3874
v  0.4468 -4.1516 7.4564
v  0.2543 -4.1334 7.8772
v  0.3063 -4.1334 7.8335
v  0.3201 -4.1516 7.8473
v  0.2658 -4.1516 7.8930
v  0.3500 -4.1334 7.7815
v  0.3658 -4.1516 7.7930
v  0.3858 -4.1334 7.7238
v  0.4033 -4.1516 7.7327
v  -0.0000 -4.1334 7.9604
v  0.0677 -4.1334 7.9547
v  0.0708 -4.1516 7.9740
v  -0.0000 -4.1516 7.9799
v  0.1337 -4.1334 7.9387
v  0.1398 -4.1516 7.9574
v  0.1966 -4.1334 7.9130
v  0.2055 -4.1516 7.9305
v  -0.2543 -4.1334 7.8772
v  -0.1966 -4.1334 7.9130
v  -0.2055 -4.1516 7.9305
v  -0.2658 -4.1516 7.8930
v  -0.1337 -4.1334 7.9387
v  -0.1398 -4.1516 7.9573
v  -0.0677 -4.1334 7.9547
v  -0.0708 -4.1516 7.9740
v  -0.4115 -4.1334 7.6609
v  -0.3858 -4.1334 7.7238
v  -0.4032 -4.1516 7.7327
v  -0.4302 -4.1516 7.6670
v  -0.3500 -4.1334 7.7815
v  -0.3659 -4.1516 7.7930
v  -0.3063 -4.1334 7.8335
v  -0.3201 -4.1516 7.8473
v  -0.4115 -4.1334 7.3935
v  -0.4275 -4.1334 7.4595
v  -0.4468 -4.1516 7.4564
v  -0.4302 -4.1515 7.3874
v  -0.4275 -4.1334 7.5949
v  -0.4468 -4.1516 7.5980
v  -0.2543 -4.1334 7.1772
v  -0.3063 -4.1334 7.2209
v  -0.3201 -4.1516 7.2071
v  -0.2658 -4.1516 7.1614
v  -0.3500 -4.1334 7.2729
v  -0.3659 -4.1516 7.2614
v  -0.3858 -4.1334 7.3306
v  -0.4033 -4.1516 7.3217
v  -0.0000 -4.1334 7.0941
v  -0.0677 -4.1334 7.0997
v  -0.0708 -4.1516 7.0804
v  -0.0000 -4.1516 7.0745
v  -0.1337 -4.1334 7.1157
v  -0.1398 -4.1516 7.0970
v  -0.1966 -4.1334 7.1414
v  -0.2055 -4.1516 7.1239
v  0.2543 -4.1334 7.1772
v  0.1966 -4.1334 7.1414
v  0.2055 -4.1516 7.1239
v  0.2658 -4.1516 7.1614
v  0.1337 -4.1334 7.1157
v  0.1398 -4.1516 7.0971
v  0.0677 -4.1334 7.0997
v  0.0708 -4.1516 7.0804
v  0.3858 -4.1334 7.3306
v  0.4032 -4.1516 7.3217
v  0.3500 -4.1334 7.2729
v  0.3658 -4.1516 7.2614
v  0.3063 -4.1334 7.2209
v  0.3201 -4.1516 7.2071
v  0.4332 -4.1334 7.5268
v  0.4527 -4.1516 7.5267
v  -0.4331 -4.1334 7.5275
v  -0.4528 -4.1516 7.5276
v  -0.0205 -3.9903 7.4917
v  -0.0205 -4.0900 7.4917
v  -0.0000 -4.0900 7.4862
v  -0.0000 -3.9904 7.4862
v  -0.0355 -3.9904 7.5067
v  -0.0355 -4.0900 7.5067
v  -0.0410 -3.9904 7.5272
v  -0.0410 -4.0900 7.5272
v  -0.0355 -3.9904 7.5477
v  -0.0355 -4.0900 7.5477
v  -0.0205 -3.9903 7.5627
v  -0.0205 -4.0900 7.5627
v  -0.0000 -3.9904 7.5682
v  -0.0000 -4.0900 7.5682
v  0.0205 -3.9904 7.5627
v  0.0205 -4.0900 7.5627
v  0.0355 -3.9902 7.5477
v  0.0355 -4.0900 7.5477
v  0.0410 -3.9904 7.5272
v  0.0410 -4.0900 7.5272
v  0.0355 -3.9904 7.5067
v  0.0355 -4.0900 7.5067
v  0.0205 -3.9904 7.4917
v  0.0205 -4.0900 7.4917
v  0.1344 -3.9902 7.4917
v  0.1344 -4.0900 7.4917
v  0.1549 -4.0900 7.4862
v  0.1549 -3.9904 7.4862
v  0.1194 -3.9902 7.5067
v  0.1194 -4.0900 7.5067
v  0.1139 -3.9904 7.5272
v  0.1139 -4.0900 7.5272
v  0.1194 -3.9904 7.5477
v  0.1194 -4.0900 7.5477
v  0.1344 -3.9904 7.5627
v  0.1344 -4.0900 7.5627
v  0.1549 -3.9904 7.5682
v  0.1549 -4.0900 7.5682
v  0.1754 -3.9904 7.5627
v  0.1754 -4.0900 7.5627
v  0.1904 -3.9902 7.5477
v  0.1904 -4.0900 7.5477
v  0.1959 -3.9901 7.5272
v  0.1959 -4.0900 7.5272
v  0.1904 -3.9904 7.5067
v  0.1904 -4.0900 7.5067
v  0.1754 -3.9904 7.4917
v  0.1754 -4.0900 7.4917
v  0.0753 -3.9904 7.6440
v  0.0753 -4.0900 7.6440
v  0.0869 -4.0900 7.6618
v  0.0869 -3.9902 7.6618
v  0.0564 -3.9901 7.6344
v  0.0564 -4.0900 7.6344
v  0.0352 -3.9904 7.6355
v  0.0352 -4.0900 7.6355
v  0.0174 -3.9902 7.6471
v  0.0174 -4.0900 7.6471
v  0.0077 -3.9904 7.6660
v  0.0077 -4.0900 7.6660
v  0.0089 -3.9901 7.6872
v  0.0089 -4.0900 7.6872
v  0.0204 -3.9904 7.7050
v  0.0204 -4.0900 7.7050
v  0.0393 -3.9902 7.7146
v  0.0393 -4.0900 7.7146
v  0.0605 -3.9901 7.7135
v  0.0605 -4.0900 7.7135
v  0.0783 -3.9904 7.7020
v  0.0783 -4.0900 7.7020
v  0.0880 -3.9904 7.6830
v  0.0880 -4.0900 7.6830
v  -0.0879 -3.9904 7.6349
v  -0.0879 -4.0900 7.6349
v  -0.1012 -4.0900 7.6514
v  -0.1012 -3.9902 7.6514
v  -0.0845 -3.9902 7.6140
v  -0.0845 -4.0900 7.6140
v  -0.0921 -3.9901 7.5941
v  -0.0921 -4.0900 7.5941
v  -0.1086 -3.9901 7.5808
v  -0.1086 -4.0900 7.5808
v  -0.1296 -3.9904 7.5775
v  -0.1296 -4.0900 7.5775
v  -0.1494 -3.9904 7.5851
v  -0.1494 -4.0900 7.5851
v  -0.1628 -3.9904 7.6016
v  -0.1628 -4.0900 7.6016
v  -0.1661 -3.9902 7.6225
v  -0.1661 -4.0900 7.6225
v  -0.1585 -3.9904 7.6424
v  -0.1585 -4.0900 7.6424
v  -0.1420 -3.9904 7.6557
v  -0.1420 -4.0900 7.6557
v  -0.1210 -3.9904 7.6590
v  -0.1210 -4.0900 7.6590
v  -0.1296 -3.9904 7.4769
v  -0.1296 -4.0900 7.4769
v  -0.1494 -4.0900 7.4693
v  -0.1494 -3.9902 7.4693
v  -0.1086 -3.9902 7.4736
v  -0.1086 -4.0900 7.4736
v  -0.0921 -3.9904 7.4603
v  -0.0921 -4.0900 7.4603
v  -0.0845 -3.9902 7.4404
v  -0.0845 -4.0900 7.4404
v  -0.0879 -3.9905 7.4195
v  -0.0879 -4.0900 7.4195
v  -0.1012 -3.9902 7.4030
v  -0.1012 -4.0900 7.4030
v  -0.1210 -3.9905 7.3954
v  -0.1210 -4.0900 7.3954
v  -0.1420 -3.9904 7.3987
v  -0.1420 -4.0900 7.3987
v  -0.1585 -3.9901 7.4121
v  -0.1585 -4.0900 7.4121
v  -0.1661 -3.9904 7.4319
v  -0.1661 -4.0900 7.4319
v  -0.1628 -3.9904 7.4528
v  -0.1628 -4.0900 7.4528
v  0.0077 -3.9902 7.3884
v  0.0077 -4.0900 7.3884
v  0.0089 -4.0900 7.3672
v  0.0089 -3.9904 7.3672
v  0.0174 -3.9902 7.4073
v  0.0174 -4.0900 7.4073
v  0.0352 -3.9901 7.4189
v  0.0352 -4.0900 7.4189
v  0.0564 -3.9901 7.4200
v  0.0564 -4.0900 7.4200
v  0.0753 -3.9905 7.4104
v  0.0753 -4.0900 7.4104
v  0.0869 -3.9902 7.3926
v  0.0869 -4.0900 7.3926
v  0.0880 -3.9905 7.3714
v  0.0880 -4.0900 7.3714
v  0.0783 -3.9904 7.3525
v  0.0783 -4.0900 7.3525
v  0.0605 -3.9904 7.3409
v  0.0605 -4.0900 7.3409
v  0.0393 -3.9902 7.3398
v  0.0393 -4.0900 7.3398
v  0.0204 -3.9904 7.3494
v  0.0204 -4.0900 7.3494
v  0.2895 -3.9904 7.4917
v  0.2895 -4.0900 7.4917
v  0.3100 -4.0900 7.4862
v  0.3100 -3.9904 7.4862
v  0.2745 -3.9904 7.5067
v  0.2745 -4.0900 7.5067
v  0.2690 -3.9904 7.5272
v  0.2690 -4.0900 7.5272
v  0.2745 -3.9904 7.5477
v  0.2745 -4.0900 7.5477
v  0.2895 -3.9904 7.5627
v  0.2895 -4.0900 7.5627
v  0.3100 -3.9904 7.5682
v  0.3100 -4.0900 7.5682
v  0.3305 -3.9904 7.5627
v  0.3305 -4.0900 7.5627
v  0.3455 -3.9906 7.5477
v  0.3455 -4.0900 7.5477
v  0.3510 -3.9900 7.5272
v  0.3510 -4.0900 7.5272
v  0.3455 -3.9906 7.5067
v  0.3455 -4.0900 7.5067
v  0.3305 -3.9902 7.4917
v  0.3305 -4.0900 7.4917
v  0.2551 -3.9904 7.6687
v  0.2551 -4.0900 7.6687
v  0.2749 -4.0900 7.6763
v  0.2749 -3.9905 7.6763
v  0.2341 -3.9904 7.6720
v  0.2341 -4.0900 7.6720
v  0.2176 -3.9901 7.6853
v  0.2176 -4.0900 7.6853
v  0.2100 -3.9904 7.7051
v  0.2100 -4.0900 7.7051
v  0.2133 -3.9904 7.7261
v  0.2133 -4.0900 7.7261
v  0.2267 -3.9903 7.7426
v  0.2267 -4.0900 7.7426
v  0.2465 -3.9905 7.7502
v  0.2465 -4.0900 7.7502
v  0.2675 -3.9904 7.7469
v  0.2675 -4.0900 7.7469
v  0.2840 -3.9906 7.7335
v  0.2840 -4.0900 7.7335
v  0.2916 -3.9904 7.7137
v  0.2916 -4.0900 7.7137
v  0.2883 -3.9901 7.6928
v  0.2883 -4.0900 7.6928
v  0.1232 -3.9904 7.7916
v  0.1232 -4.0900 7.7916
v  0.1348 -4.0900 7.8094
v  0.1348 -3.9904 7.8094
v  0.1043 -3.9900 7.7819
v  0.1043 -4.0900 7.7819
v  0.0831 -3.9901 7.7831
v  0.0831 -4.0900 7.7831
v  0.0653 -3.9904 7.7946
v  0.0653 -4.0900 7.7946
v  0.0557 -3.9904 7.8135
v  0.0557 -4.0900 7.8135
v  0.0568 -3.9905 7.8347
v  0.0568 -4.0900 7.8347
v  0.0684 -3.9906 7.8525
v  0.0684 -4.0900 7.8525
v  0.0873 -3.9904 7.8622
v  0.0873 -4.0900 7.8622
v  0.1085 -3.9906 7.8611
v  0.1085 -4.0900 7.8611
v  0.1263 -3.9907 7.8495
v  0.1263 -4.0900 7.8495
v  0.1359 -3.9906 7.8306
v  0.1359 -4.0900 7.8306
v  -0.0557 -3.9904 7.8135
v  -0.0557 -4.0900 7.8135
v  -0.0568 -4.0900 7.8347
v  -0.0568 -3.9901 7.8347
v  -0.0653 -3.9904 7.7946
v  -0.0653 -4.0900 7.7946
v  -0.0831 -3.9899 7.7831
v  -0.0831 -4.0900 7.7831
v  -0.1043 -3.9904 7.7819
v  -0.1043 -4.0900 7.7819
v  -0.1233 -3.9904 7.7916
v  -0.1233 -4.0900 7.7916
v  -0.1348 -3.9905 7.8094
v  -0.1348 -4.0900 7.8094
v  -0.1359 -3.9905 7.8306
v  -0.1359 -4.0900 7.8306
v  -0.1263 -3.9906 7.8495
v  -0.1263 -4.0900 7.8495
v  -0.1085 -3.9904 7.8611
v  -0.1085 -4.0900 7.8611
v  -0.0873 -3.9904 7.8622
v  -0.0873 -4.0900 7.8622
v  -0.0684 -3.9904 7.8525
v  -0.0684 -4.0900 7.8525
v  -0.2134 -3.9904 7.7261
v  -0.2134 -4.0900 7.7261
v  -0.2267 -4.0900 7.7426
v  -0.2267 -3.9904 7.7426
v  -0.2100 -3.9902 7.7051
v  -0.2100 -4.0900 7.7051
v  -0.2177 -3.9906 7.6853
v  -0.2177 -4.0900 7.6853
v  -0.2341 -3.9906 7.6720
v  -0.2341 -4.0900 7.6720
v  -0.2551 -3.9904 7.6687
v  -0.2551 -4.0900 7.6687
v  -0.2749 -3.9908 7.6763
v  -0.2749 -4.0900 7.6763
v  -0.2883 -3.9906 7.6928
v  -0.2883 -4.0900 7.6928
v  -0.2916 -3.9901 7.7137
v  -0.2916 -4.0900 7.7137
v  -0.2840 -3.9908 7.7335
v  -0.2840 -4.0900 7.7335
v  -0.2675 -3.9906 7.7469
v  -0.2675 -4.0900 7.7469
v  -0.2465 -3.9905 7.7502
v  -0.2465 -4.0900 7.7502
v  -0.2895 -3.9904 7.5627
v  -0.2895 -4.0900 7.5627
v  -0.3100 -4.0900 7.5682
v  -0.3100 -3.9903 7.5682
v  -0.2745 -3.9904 7.5477
v  -0.2745 -4.0900 7.5477
v  -0.2690 -3.9901 7.5272
v  -0.2690 -4.0900 7.5272
v  -0.2745 -3.9904 7.5067
v  -0.2745 -4.0900 7.5067
v  -0.2895 -3.9904 7.4917
v  -0.2895 -4.0900 7.4917
v  -0.3100 -3.9903 7.4862
v  -0.3100 -4.0900 7.4862
v  -0.3305 -3.9905 7.4917
v  -0.3305 -4.0900 7.4917
v  -0.3456 -3.9906 7.5067
v  -0.3456 -4.0900 7.5067
v  -0.3510 -3.9900 7.5272
v  -0.3510 -4.0900 7.5272
v  -0.3456 -3.9906 7.5477
v  -0.3456 -4.0900 7.5477
v  -0.3305 -3.9905 7.5627
v  -0.3305 -4.0900 7.5627
v  -0.2551 -3.9904 7.3858
v  -0.2551 -4.0900 7.3858
v  -0.2749 -4.0900 7.3781
v  -0.2749 -3.9907 7.3781
v  -0.2341 -3.9902 7.3824
v  -0.2341 -4.0900 7.3824
v  -0.2177 -3.9904 7.3691
v  -0.2177 -4.0900 7.3691
v  -0.2100 -3.9902 7.3493
v  -0.2100 -4.0900 7.3493
v  -0.2134 -3.9904 7.3283
v  -0.2134 -4.0900 7.3283
v  -0.2267 -3.9906 7.3118
v  -0.2267 -4.0900 7.3118
v  -0.2465 -3.9906 7.3042
v  -0.2465 -4.0900 7.3042
v  -0.2675 -3.9904 7.3075
v  -0.2675 -4.0900 7.3075
v  -0.2840 -3.9906 7.3209
v  -0.2840 -4.0900 7.3209
v  -0.2916 -3.9906 7.3407
v  -0.2916 -4.0900 7.3407
v  -0.2883 -3.9902 7.3617
v  -0.2883 -4.0900 7.3617
v  -0.1233 -3.9904 7.2628
v  -0.1233 -4.0900 7.2628
v  -0.1348 -4.0900 7.2450
v  -0.1348 -3.9903 7.2450
v  -0.1043 -3.9902 7.2725
v  -0.1043 -4.0900 7.2725
v  -0.0831 -3.9899 7.2713
v  -0.0831 -4.0900 7.2713
v  -0.0653 -3.9904 7.2598
v  -0.0653 -4.0900 7.2598
v  -0.0557 -3.9904 7.2409
v  -0.0557 -4.0900 7.2409
v  -0.0568 -3.9901 7.2197
v  -0.0568 -4.0900 7.2197
v  -0.0684 -3.9904 7.2019
v  -0.0684 -4.0900 7.2019
v  -0.0873 -3.9904 7.1922
v  -0.0873 -4.0900 7.1922
v  -0.1085 -3.9906 7.1933
v  -0.1085 -4.0900 7.1933
v  -0.1263 -3.9906 7.2049
v  -0.1263 -4.0900 7.2049
v  -0.1359 -3.9904 7.2238
v  -0.1359 -4.0900 7.2238
v  0.0557 -3.9904 7.2409
v  0.0557 -4.0900 7.2409
v  0.0568 -4.0900 7.2197
v  0.0568 -3.9904 7.2197
v  0.0653 -3.9904 7.2598
v  0.0653 -4.0900 7.2598
v  0.0831 -3.9901 7.2713
v  0.0831 -4.0900 7.2713
v  0.1043 -3.9902 7.2725
v  0.1043 -4.0900 7.2725
v  0.1232 -3.9904 7.2628
v  0.1232 -4.0900 7.2628
v  0.1348 -3.9908 7.2450
v  0.1348 -4.0900 7.2450
v  0.1359 -3.9906 7.2238
v  0.1359 -4.0900 7.2238
v  0.1263 -3.9904 7.2049
v  0.1263 -4.0900 7.2049
v  0.1085 -3.9904 7.1933
v  0.1085 -4.0900 7.1933
v  0.0873 -3.9906 7.1922
v  0.0873 -4.0900 7.1922
v  0.0684 -3.9903 7.2019
v  0.0684 -4.0900 7.2019
v  0.2133 -3.9904 7.3283
v  0.2133 -4.0900 7.3283
v  0.2267 -4.0900 7.3118
v  0.2267 -3.9901 7.3118
v  0.2100 -3.9903 7.3493
v  0.2100 -4.0900 7.3493
v  0.2176 -3.9902 7.3691
v  0.2176 -4.0900 7.3691
v  0.2341 -3.9905 7.3824
v  0.2341 -4.0900 7.3824
v  0.2551 -3.9904 7.3858
v  0.2551 -4.0900 7.3858
v  0.2749 -3.9905 7.3781
v  0.2749 -4.0900 7.3781
v  0.2883 -3.9902 7.3617
v  0.2883 -4.0900 7.3617
v  0.2916 -3.9903 7.3407
v  0.2916 -4.0900 7.3407
v  0.2840 -3.9907 7.3209
v  0.2840 -4.0900 7.3209
v  0.2675 -3.9904 7.3075
v  0.2675 -4.0900 7.3075
v  0.2465 -3.9905 7.3042
v  0.2465 -4.0900 7.3042
v  -0.0205 -3.9882 7.4917
v  -0.0000 -3.9882 7.4862
v  -0.0355 -3.9882 7.5067
v  -0.0410 -3.9882 7.5272
v  -0.0355 -3.9882 7.5477
v  -0.0205 -3.9882 7.5627
v  -0.0000 -3.9882 7.5682
v  0.0205 -3.9882 7.5627
v  0.0355 -3.9881 7.5477
v  0.0410 -3.9882 7.5272
v  0.0355 -3.9882 7.5067
v  0.0205 -3.9883 7.4917
v  0.1344 -3.9881 7.4917
v  0.1549 -3.9882 7.4862
v  0.1194 -3.9881 7.5067
v  0.1139 -3.9882 7.5272
v  0.1194 -3.9882 7.5477
v  0.1344 -3.9882 7.5627
v  0.1549 -3.9882 7.5682
v  0.1754 -3.9882 7.5627
v  0.1904 -3.9881 7.5477
v  0.1959 -3.9880 7.5272
v  0.1904 -3.9882 7.5067
v  0.1754 -3.9882 7.4917
v  0.0753 -3.9882 7.6440
v  0.0869 -3.9881 7.6618
v  0.0564 -3.9880 7.6344
v  0.0352 -3.9882 7.6355
v  0.0174 -3.9881 7.6471
v  0.0077 -3.9882 7.6660
v  0.0089 -3.9880 7.6872
v  0.0204 -3.9882 7.7050
v  0.0393 -3.9881 7.7146
v  0.0605 -3.9880 7.7135
v  0.0783 -3.9882 7.7020
v  0.0880 -3.9882 7.6830
v  -0.0879 -3.9882 7.6349
v  -0.1012 -3.9881 7.6514
v  -0.0845 -3.9881 7.6140
v  -0.0921 -3.9880 7.5941
v  -0.1086 -3.9880 7.5808
v  -0.1296 -3.9882 7.5775
v  -0.1494 -3.9882 7.5851
v  -0.1628 -3.9882 7.6016
v  -0.1661 -3.9881 7.6225
v  -0.1585 -3.9883 7.6424
v  -0.1420 -3.9882 7.6557
v  -0.1210 -3.9882 7.6590
v  -0.1296 -3.9882 7.4769
v  -0.1494 -3.9881 7.4693
v  -0.1086 -3.9881 7.4736
v  -0.0921 -3.9882 7.4603
v  -0.0845 -3.9881 7.4404
v  -0.0879 -3.9884 7.4195
v  -0.1012 -3.9881 7.4030
v  -0.1210 -3.9883 7.3954
v  -0.1420 -3.9882 7.3987
v  -0.1585 -3.9880 7.4121
v  -0.1661 -3.9882 7.4319
v  -0.1628 -3.9882 7.4528
v  0.0077 -3.9881 7.3884
v  0.0089 -3.9882 7.3672
v  0.0174 -3.9881 7.4073
v  0.0352 -3.9880 7.4189
v  0.0564 -3.9880 7.4200
v  0.0753 -3.9884 7.4104
v  0.0869 -3.9881 7.3926
v  0.0880 -3.9883 7.3714
v  0.0783 -3.9882 7.3525
v  0.0605 -3.9882 7.3409
v  0.0393 -3.9881 7.3398
v  0.0204 -3.9882 7.3494
v  0.2895 -3.9882 7.4917
v  0.3100 -3.9883 7.4862
v  0.2745 -3.9882 7.5067
v  0.2690 -3.9882 7.5272
v  0.2745 -3.9882 7.5477
v  0.2895 -3.9882 7.5627
v  0.3100 -3.9882 7.5682
v  0.3305 -3.9882 7.5627
v  0.3455 -3.9884 7.5477
v  0.3510 -3.9879 7.5272
v  0.3455 -3.9884 7.5067
v  0.3305 -3.9881 7.4917
v  0.2551 -3.9882 7.6687
v  0.2749 -3.9884 7.6763
v  0.2341 -3.9882 7.6720
v  0.2176 -3.9880 7.6853
v  0.2100 -3.9882 7.7051
v  0.2133 -3.9883 7.7261
v  0.2267 -3.9882 7.7426
v  0.2465 -3.9883 7.7502
v  0.2675 -3.9883 7.7469
v  0.2840 -3.9885 7.7335
v  0.2916 -3.9883 7.7137
v  0.2883 -3.9880 7.6928
v  0.1232 -3.9883 7.7916
v  0.1348 -3.9882 7.8094
v  0.1043 -3.9879 7.7819
v  0.0831 -3.9880 7.7831
v  0.0653 -3.9882 7.7946
v  0.0557 -3.9882 7.8135
v  0.0568 -3.9883 7.8347
v  0.0684 -3.9885 7.8525
v  0.0873 -3.9882 7.8622
v  0.1085 -3.9885 7.8611
v  0.1263 -3.9885 7.8495
v  0.1359 -3.9885 7.8306
v  -0.0557 -3.9882 7.8135
v  -0.0568 -3.9880 7.8347
v  -0.0653 -3.9882 7.7946
v  -0.0831 -3.9878 7.7831
v  -0.1043 -3.9882 7.7819
v  -0.1233 -3.9882 7.7916
v  -0.1348 -3.9883 7.8094
v  -0.1359 -3.9883 7.8306
v  -0.1263 -3.9884 7.8495
v  -0.1085 -3.9882 7.8611
v  -0.0873 -3.9883 7.8622
v  -0.0684 -3.9882 7.8525
v  -0.2134 -3.9882 7.7261
v  -0.2267 -3.9883 7.7426
v  -0.2100 -3.9881 7.7051
v  -0.2177 -3.9885 7.6853
v  -0.2341 -3.9884 7.6720
v  -0.2551 -3.9882 7.6687
v  -0.2749 -3.9887 7.6763
v  -0.2883 -3.9885 7.6928
v  -0.2916 -3.9880 7.7137
v  -0.2840 -3.9886 7.7335
v  -0.2675 -3.9885 7.7469
v  -0.2465 -3.9884 7.7502
v  -0.2895 -3.9882 7.5627
v  -0.3100 -3.9882 7.5682
v  -0.2745 -3.9882 7.5477
v  -0.2690 -3.9880 7.5272
v  -0.2745 -3.9882 7.5067
v  -0.2895 -3.9882 7.4917
v  -0.3100 -3.9882 7.4862
v  -0.3305 -3.9884 7.4917
v  -0.3456 -3.9884 7.5067
v  -0.3510 -3.9879 7.5272
v  -0.3456 -3.9884 7.5477
v  -0.3305 -3.9884 7.5627
v  -0.2551 -3.9882 7.3858
v  -0.2749 -3.9886 7.3781
v  -0.2341 -3.9881 7.3824
v  -0.2177 -3.9882 7.3691
v  -0.2100 -3.9881 7.3493
v  -0.2134 -3.9883 7.3283
v  -0.2267 -3.9885 7.3118
v  -0.2465 -3.9885 7.3042
v  -0.2675 -3.9882 7.3075
v  -0.2840 -3.9885 7.3209
v  -0.2916 -3.9885 7.3407
v  -0.2883 -3.9881 7.3617
v  -0.1233 -3.9883 7.2628
v  -0.1348 -3.9881 7.2450
v  -0.1043 -3.9881 7.2725
v  -0.0831 -3.9878 7.2713
v  -0.0653 -3.9882 7.2598
v  -0.0557 -3.9882 7.2409
v  -0.0568 -3.9880 7.2197
v  -0.0684 -3.9882 7.2019
v  -0.0873 -3.9883 7.1922
v  -0.1085 -3.9885 7.1933
v  -0.1263 -3.9885 7.2049
v  -0.1359 -3.9882 7.2238
v  0.0557 -3.9882 7.2409
v  0.0568 -3.9882 7.2197
v  0.0653 -3.9882 7.2598
v  0.0831 -3.9880 7.2713
v  0.1043 -3.9881 7.2725
v  0.1232 -3.9882 7.2628
v  0.1348 -3.9887 7.2450
v  0.1359 -3.9885 7.2238
v  0.1263 -3.9882 7.2049
v  0.1085 -3.9883 7.1933
v  0.0873 -3.9885 7.1922
v  0.0684 -3.9882 7.2019
v  0.2133 -3.9882 7.3283
v  0.2267 -3.9880 7.3118
v  0.2100 -3.9882 7.3493
v  0.2176 -3.9881 7.3691
v  0.2341 -3.9883 7.3824
v  0.2551 -3.9882 7.3858
v  0.2749 -3.9884 7.3781
v  0.2883 -3.9881 7.3617
v  0.2916 -3.9882 7.3407
v  0.2840 -3.9886 7.3209
v  0.2675 -3.9883 7.3075
v  0.2465 -3.9883 7.3042
v  3.6160 0.7700 -4.7835
v  3.6160 0.4486 -4.7835
v  3.6234 0.4486 -4.7085
v  3.6234 0.7700 -4.7085
v  3.6133 0.4342 -4.7835
v  3.6207 0.4342 -4.7080
v  3.6045 0.4209 -4.7835
v  3.6121 0.4209 -4.7063
v  3.5839 0.4100 -4.7835
v  3.5919 0.4100 -4.7023
v  3.5778 0.4100 -4.7835
v  3.5248 0.4095 -4.7835
v  3.5339 0.4095 -4.6906
v  3.5860 0.4100 -4.7011
v  3.4918 0.4057 -4.7835
v  2.8401 0.2568 -4.7835
v  2.8624 0.2568 -4.5572
v  3.5016 0.4057 -4.6844
v  2.8341 0.2554 -4.7835
v  2.8254 0.2509 -4.7835
v  2.8480 0.2509 -4.5543
v  2.8565 0.2554 -4.5560
v  2.8201 0.2434 -4.7835
v  2.8428 0.2434 -4.5533
v  2.8187 0.2361 -4.7835
v  2.8414 0.2361 -4.5530
v  2.8187 0.2300 -4.7835
v  2.8187 0.1102 -4.7835
v  2.8414 0.1102 -4.5530
v  2.8414 0.2300 -4.5530
v  2.8187 0.1041 -4.7835
v  2.8195 0.1003 -4.7835
v  2.8422 0.1003 -4.5532
v  2.8414 0.1041 -4.5530
v  2.8232 0.0958 -4.7835
v  2.8458 0.0958 -4.5539
v  2.8287 0.0941 -4.7835
v  2.8512 0.0941 -4.5550
v  3.6452 0.4486 -4.6365
v  3.6452 0.7700 -4.6365
v  3.6427 0.4342 -4.6355
v  3.6346 0.4209 -4.6321
v  3.6156 0.4100 -4.6242
v  3.5610 0.4095 -4.6013
v  3.6100 0.4100 -4.6219
v  2.9284 0.2568 -4.3396
v  3.5305 0.4057 -4.5891
v  2.9149 0.2509 -4.3340
v  2.9229 0.2554 -4.3373
v  2.9100 0.2434 -4.3319
v  2.9087 0.2361 -4.3314
v  2.9087 0.1102 -4.3314
v  2.9087 0.2300 -4.3314
v  2.9094 0.1003 -4.3317
v  2.9087 0.1041 -4.3314
v  2.9127 0.0958 -4.3331
v  2.9179 0.0941 -4.3352
v  3.6807 0.4486 -4.5701
v  3.6807 0.7700 -4.5701
v  3.6784 0.4342 -4.5686
v  3.6712 0.4209 -4.5637
v  3.6541 0.4100 -4.5523
v  3.6050 0.4095 -4.5190
v  3.6490 0.4100 -4.5489
v  3.0356 0.2568 -4.1390
v  3.5774 0.4057 -4.5013
v  3.0234 0.2509 -4.1309
v  3.0306 0.2554 -4.1357
v  3.0190 0.2434 -4.1280
v  3.0178 0.2361 -4.1272
v  3.0178 0.1102 -4.1272
v  3.0178 0.2300 -4.1272
v  3.0185 0.1003 -4.1276
v  3.0178 0.1041 -4.1272
v  3.0215 0.0958 -4.1296
v  3.0261 0.0941 -4.1327
v  3.7285 0.4486 -4.5119
v  3.7285 0.7700 -4.5119
v  3.7265 0.4342 -4.5100
v  3.7203 0.4209 -4.5038
v  3.7058 0.4100 -4.4893
v  3.6642 0.4095 -4.4469
v  3.7015 0.4100 -4.4849
v  3.1798 0.2568 -3.9633
v  3.6406 0.4057 -4.4244
v  3.1695 0.2509 -3.9529
v  3.1756 0.2554 -3.9591
v  3.1657 0.2434 -3.9492
v  3.1647 0.2361 -3.9482
v  3.1647 0.1102 -3.9482
v  3.1647 0.2300 -3.9482
v  3.1653 0.1003 -3.9487
v  3.1647 0.1041 -3.9482
v  3.1679 0.0958 -3.9513
v  3.1718 0.0941 -3.9552
v  3.7867 0.4486 -4.4642
v  3.7867 0.7700 -4.4642
v  3.7851 0.4342 -4.4619
v  3.7803 0.4209 -4.4546
v  3.7688 0.4100 -4.4375
v  3.7363 0.4095 -4.3877
v  3.7655 0.4100 -4.4324
v  3.3556 0.2568 -3.8190
v  3.7175 0.4057 -4.3612
v  3.3475 0.2509 -3.8069
v  3.3523 0.2554 -3.8141
v  3.3445 0.2434 -3.8024
v  3.3437 0.2361 -3.8013
v  3.3437 0.1102 -3.8013
v  3.3437 0.2300 -3.8013
v  3.3442 0.1003 -3.8019
v  3.3437 0.1041 -3.8013
v  3.3462 0.0958 -3.8050
v  3.3493 0.0941 -3.8096
v  3.8531 0.4486 -4.4287
v  3.8530 0.7700 -4.4287
v  3.8520 0.4342 -4.4262
v  3.8486 0.4209 -4.4181
v  3.8408 0.4100 -4.3991
v  3.8186 0.4095 -4.3437
v  3.8384 0.4100 -4.3934
v  3.5561 0.2568 -3.7118
v  3.8053 0.4057 -4.3143
v  3.5505 0.2509 -3.6983
v  3.5538 0.2554 -3.7063
v  3.5485 0.2434 -3.6934
v  3.5480 0.2361 -3.6921
v  3.5480 0.1102 -3.6921
v  3.5480 0.2300 -3.6921
v  3.5482 0.1003 -3.6928
v  3.5480 0.1041 -3.6921
v  3.5496 0.0958 -3.6962
v  3.5518 0.0941 -3.7013
v  3.9251 0.4486 -4.4069
v  3.9251 0.7700 -4.4068
v  3.9246 0.4342 -4.4042
v  3.9228 0.4209 -4.3956
v  3.9188 0.4100 -4.3754
v  3.9079 0.4095 -4.3167
v  3.9176 0.4100 -4.3694
v  3.7737 0.2568 -3.6458
v  3.9006 0.4057 -4.2854
v  3.7709 0.2509 -3.6315
v  3.7726 0.2554 -3.6400
v  3.7698 0.2434 -3.6263
v  3.7695 0.2361 -3.6249
v  3.7695 0.1102 -3.6249
v  3.7695 0.2300 -3.6249
v  3.7697 0.1003 -3.6256
v  3.7695 0.1041 -3.6249
v  3.7704 0.0958 -3.6292
v  3.7715 0.0941 -3.6347
v  4.0000 0.4486 -4.3995
v  4.0000 0.7700 -4.3994
v  4.0000 0.4342 -4.3967
v  4.0000 0.4209 -4.3880
v  4.0000 0.4100 -4.3674
v  4.0007 0.4095 -4.3075
v  4.0000 0.4100 -4.3613
v  4.0000 0.2568 -3.6235
v  3.9996 0.4057 -4.2756
v  4.0000 0.2509 -3.6089
v  4.0000 0.2554 -3.6176
v  4.0000 0.2434 -3.6036
v  4.0000 0.2361 -3.6022
v  4.0000 0.1102 -3.6022
v  4.0000 0.2300 -3.6022
v  4.0000 0.1003 -3.6030
v  4.0000 0.1041 -3.6022
v  4.0000 0.0958 -3.6066
v  4.0000 0.0941 -3.6122
v  4.0749 0.4486 -4.4069
v  4.0749 0.7700 -4.4068
v  4.0754 0.4342 -4.4042
v  4.0772 0.4209 -4.3956
v  4.0812 0.4100 -4.3754
v  4.0936 0.4095 -4.3167
v  4.0824 0.4100 -4.3694
v  4.2263 0.2568 -3.6458
v  4.0987 0.4057 -4.2854
v  4.2291 0.2509 -3.6315
v  4.2274 0.2554 -3.6400
v  4.2302 0.2434 -3.6263
v  4.2305 0.2361 -3.6249
v  4.2305 0.1102 -3.6249
v  4.2305 0.2300 -3.6249
v  4.2303 0.1003 -3.6256
v  4.2305 0.1041 -3.6249
v  4.2296 0.0958 -3.6292
v  4.2285 0.0941 -3.6347
v  4.1469 0.4486 -4.4287
v  4.1470 0.7700 -4.4287
v  4.1480 0.4342 -4.4262
v  4.1513 0.4209 -4.4181
v  4.1592 0.4100 -4.3991
v  4.1828 0.4095 -4.3437
v  4.1616 0.4100 -4.3934
v  4.4439 0.2568 -3.7118
v  4.1940 0.4057 -4.3143
v  4.4495 0.2509 -3.6983
v  4.4462 0.2554 -3.7063
v  4.4515 0.2434 -3.6934
v  4.4520 0.2361 -3.6921
v  4.4520 0.1102 -3.6921
v  4.4520 0.2300 -3.6921
v  4.4518 0.1003 -3.6928
v  4.4520 0.1041 -3.6921
v  4.4504 0.0958 -3.6962
v  4.4482 0.0941 -3.7013
v  4.2133 0.4486 -4.4642
v  4.2133 0.7700 -4.4642
v  4.2149 0.4342 -4.4619
v  4.2197 0.4209 -4.4546
v  4.2312 0.4100 -4.4375
v  4.2651 0.4095 -4.3877
v  4.2345 0.4100 -4.4324
v  4.6444 0.2568 -3.8190
v  4.2818 0.4057 -4.3612
v  4.6525 0.2509 -3.8069
v  4.6477 0.2554 -3.8141
v  4.6555 0.2434 -3.8024
v  4.6563 0.2361 -3.8013
v  4.6563 0.1102 -3.8013
v  4.6563 0.2300 -3.8013
v  4.6558 0.1003 -3.8019
v  4.6563 0.1041 -3.8013
v  4.6538 0.0958 -3.8050
v  4.6507 0.0941 -3.8096
v  4.2715 0.4486 -4.5119
v  4.2715 0.7700 -4.5119
v  4.2735 0.4342 -4.5100
v  4.2797 0.4209 -4.5038
v  4.2942 0.4100 -4.4893
v  4.3373 0.4095 -4.4469
v  4.2985 0.4100 -4.4849
v  4.8202 0.2568 -3.9633
v  4.3587 0.4057 -4.4244
v  4.8305 0.2509 -3.9529
v  4.8244 0.2554 -3.9591
v  4.8343 0.2434 -3.9492
v  4.8353 0.2361 -3.9482
v  4.8353 0.1102 -3.9482
v  4.8353 0.2300 -3.9482
v  4.8347 0.1003 -3.9487
v  4.8353 0.1041 -3.9482
v  4.8321 0.0958 -3.9513
v  4.8282 0.0941 -3.9552
v  4.3193 0.4486 -4.5701
v  4.3193 0.7700 -4.5701
v  4.3216 0.4342 -4.5686
v  4.3288 0.4209 -4.5637
v  4.3459 0.4100 -4.5523
v  4.3964 0.4095 -4.5190
v  4.3510 0.4100 -4.5489
v  4.9644 0.2568 -4.1390
v  4.4219 0.4057 -4.5013
v  4.9766 0.2509 -4.1309
v  4.9694 0.2554 -4.1357
v  4.9810 0.2434 -4.1280
v  4.9822 0.2361 -4.1272
v  4.9822 0.1102 -4.1272
v  4.9822 0.2300 -4.1272
v  4.9815 0.1003 -4.1276
v  4.9822 0.1041 -4.1272
v  4.9785 0.0958 -4.1296
v  4.9739 0.0941 -4.1327
v  4.3548 0.4486 -4.6365
v  4.3548 0.7700 -4.6365
v  4.3573 0.4342 -4.6355
v  4.3654 0.4209 -4.6321
v  4.3844 0.4100 -4.6242
v  4.4404 0.4095 -4.6013
v  4.3900 0.4100 -4.6219
v  5.0716 0.2568 -4.3396
v  4.4688 0.4057 -4.5891
v  5.0851 0.2509 -4.3340
v  5.0771 0.2554 -4.3373
v  5.0900 0.2434 -4.3319
v  5.0913 0.2361 -4.3314
v  5.0913 0.1102 -4.3314
v  5.0913 0.2300 -4.3314
v  5.0906 0.1003 -4.3317
v  5.0913 0.1041 -4.3314
v  5.0873 0.0958 -4.3331
v  5.0821 0.0941 -4.3352
v  4.3766 0.4486 -4.7085
v  4.3766 0.7700 -4.7085
v  4.3793 0.4342 -4.7080
v  4.3879 0.4209 -4.7063
v  4.4081 0.4100 -4.7023
v  4.4675 0.4095 -4.6906
v  4.4140 0.4100 -4.7011
v  5.1376 0.2568 -4.5572
v  4.4977 0.4057 -4.6844
v  5.1520 0.2509 -4.5543
v  5.1435 0.2554 -4.5560
v  5.1572 0.2434 -4.5533
v  5.1586 0.2361 -4.5530
v  5.1586 0.1102 -4.5530
v  5.1586 0.2300 -4.5530
v  5.1578 0.1003 -4.5532
v  5.1586 0.1041 -4.5530
v  5.1542 0.0958 -4.5539
v  5.1488 0.0941 -4.5550
v  4.3840 0.4486 -4.7835
v  4.3840 0.7700 -4.7835
v  4.3867 0.4342 -4.7835
v  4.3955 0.4209 -4.7835
v  4.4161 0.4100 -4.7835
v  4.4767 0.4095 -4.7835
v  4.4222 0.4100 -4.7835
v  5.1599 0.2568 -4.7835
v  4.5075 0.4057 -4.7835
v  5.1745 0.2509 -4.7835
v  5.1659 0.2554 -4.7835
v  5.1798 0.2434 -4.7835
v  5.1813 0.2361 -4.7835
v  5.1813 0.1102 -4.7835
v  5.1813 0.2300 -4.7835
v  5.1805 0.1003 -4.7835
v  5.1813 0.1041 -4.7835
v  5.1768 0.0958 -4.7835
v  5.1713 0.0941 -4.7835
v  4.3766 0.4486 -4.8584
v  4.3766 0.7700 -4.8584
v  4.3793 0.4342 -4.8589
v  4.3879 0.4209 -4.8606
v  4.4081 0.4100 -4.8646
v  4.4675 0.4095 -4.8763
v  4.4140 0.4100 -4.8658
v  5.1376 0.2568 -5.0097
v  4.4977 0.4057 -4.8825
v  5.1520 0.2509 -5.0126
v  5.1435 0.2554 -5.0109
v  5.1572 0.2434 -5.0136
v  5.1586 0.2361 -5.0139
v  5.1586 0.1102 -5.0139
v  5.1586 0.2300 -5.0139
v  5.1578 0.1003 -5.0138
v  5.1586 0.1041 -5.0139
v  5.1542 0.0958 -5.0130
v  5.1488 0.0941 -5.0120
v  4.3548 0.4486 -4.9304
v  4.3548 0.7700 -4.9304
v  4.3573 0.4342 -4.9315
v  4.3654 0.4209 -4.9348
v  4.3844 0.4100 -4.9427
v  4.4404 0.4095 -4.9656
v  4.3900 0.4100 -4.9450
v  5.0716 0.2568 -5.2273
v  4.4688 0.4057 -4.9778
v  5.0851 0.2509 -5.2329
v  5.0771 0.2554 -5.2296
v  5.0900 0.2434 -5.2350
v  5.0913 0.2361 -5.2355
v  5.0913 0.1102 -5.2355
v  5.0913 0.2300 -5.2355
v  5.0906 0.1003 -5.2352
v  5.0913 0.1041 -5.2355
v  5.0873 0.0958 -5.2338
v  5.0821 0.0941 -5.2317
v  4.3193 0.4486 -4.9968
v  4.3193 0.7700 -4.9968
v  4.3216 0.4342 -4.9983
v  4.3288 0.4209 -5.0032
v  4.3459 0.4100 -5.0146
v  4.3964 0.4095 -5.0479
v  4.3510 0.4100 -5.0180
v  4.9644 0.2568 -5.4279
v  4.4219 0.4057 -5.0656
v  4.9766 0.2509 -5.4360
v  4.9694 0.2554 -5.4312
v  4.9810 0.2434 -5.4389
v  4.9822 0.2361 -5.4397
v  4.9822 0.1102 -5.4397
v  4.9822 0.2300 -5.4397
v  4.9815 0.1003 -5.4393
v  4.9822 0.1041 -5.4397
v  4.9785 0.0958 -5.4373
v  4.9739 0.0941 -5.4342
v  4.2715 0.4486 -5.0550
v  4.2715 0.7700 -5.0550
v  4.2735 0.4342 -5.0569
v  4.2797 0.4209 -5.0631
v  4.2942 0.4100 -5.0777
v  4.3373 0.4095 -5.1200
v  4.2985 0.4100 -5.0820
v  4.8202 0.2568 -5.6036
v  4.3587 0.4057 -5.1425
v  4.8305 0.2509 -5.6140
v  4.8244 0.2554 -5.6078
v  4.8343 0.2434 -5.6177
v  4.8353 0.2361 -5.6187
v  4.8353 0.1102 -5.6187
v  4.8353 0.2300 -5.6187
v  4.8347 0.1003 -5.6182
v  4.8353 0.1041 -5.6187
v  4.8321 0.0958 -5.6156
v  4.8282 0.0941 -5.6117
v  4.2133 0.4486 -5.1027
v  4.2133 0.7700 -5.1028
v  4.2149 0.4342 -5.1050
v  4.2197 0.4209 -5.1123
v  4.2312 0.4100 -5.1294
v  4.2651 0.4095 -5.1792
v  4.2345 0.4100 -5.1345
v  4.6444 0.2568 -5.7479
v  4.2818 0.4057 -5.2057
v  4.6525 0.2509 -5.7601
v  4.6477 0.2554 -5.7528
v  4.6555 0.2434 -5.7645
v  4.6563 0.2361 -5.7656
v  4.6563 0.1102 -5.7656
v  4.6563 0.2300 -5.7656
v  4.6558 0.1003 -5.7650
v  4.6563 0.1041 -5.7656
v  4.6538 0.0958 -5.7620
v  4.6507 0.0941 -5.7573
v  4.1469 0.4486 -5.1382
v  4.1470 0.7700 -5.1382
v  4.1480 0.4342 -5.1408
v  4.1513 0.4209 -5.1488
v  4.1592 0.4100 -5.1679
v  4.1828 0.4095 -5.2232
v  4.1616 0.4100 -5.1735
v  4.4439 0.2568 -5.8551
v  4.1940 0.4057 -5.2526
v  4.4495 0.2509 -5.8686
v  4.4462 0.2554 -5.8606
v  4.4515 0.2434 -5.8735
v  4.4520 0.2361 -5.8748
v  4.4520 0.1102 -5.8748
v  4.4520 0.2300 -5.8748
v  4.4518 0.1003 -5.8741
v  4.4520 0.1041 -5.8748
v  4.4504 0.0958 -5.8707
v  4.4482 0.0941 -5.8656
v  4.0749 0.4486 -5.1601
v  4.0749 0.7700 -5.1601
v  4.0754 0.4342 -5.1628
v  4.0772 0.4209 -5.1714
v  4.0812 0.4100 -5.1915
v  4.0936 0.4095 -5.2503
v  4.0824 0.4100 -5.1975
v  4.2263 0.2568 -5.9211
v  4.0987 0.4057 -5.2815
v  4.2291 0.2509 -5.9354
v  4.2274 0.2554 -5.9269
v  4.2302 0.2434 -5.9406
v  4.2305 0.2361 -5.9420
v  4.2305 0.1102 -5.9420
v  4.2305 0.2300 -5.9420
v  4.2303 0.1003 -5.9413
v  4.2305 0.1041 -5.9420
v  4.2296 0.0958 -5.9377
v  4.2285 0.0941 -5.9322
v  4.0000 0.4486 -5.1674
v  4.0000 0.7700 -5.1675
v  4.0000 0.4342 -5.1702
v  4.0000 0.4209 -5.1790
v  4.0000 0.4100 -5.1995
v  4.0007 0.4095 -5.2594
v  4.0000 0.4100 -5.2056
v  4.0000 0.2568 -5.9434
v  3.9996 0.4057 -5.2913
v  4.0000 0.2509 -5.9580
v  4.0000 0.2554 -5.9493
v  4.0000 0.2434 -5.9633
v  4.0000 0.2361 -5.9647
v  4.0000 0.1102 -5.9647
v  4.0000 0.2300 -5.9647
v  4.0000 0.1003 -5.9640
v  4.0000 0.1041 -5.9647
v  4.0000 0.0958 -5.9603
v  4.0000 0.0941 -5.9547
v  3.9251 0.4486 -5.1601
v  3.9251 0.7700 -5.1601
v  3.9246 0.4342 -5.1628
v  3.9228 0.4209 -5.1714
v  3.9188 0.4100 -5.1915
v  3.9079 0.4095 -5.2503
v  3.9176 0.4100 -5.1975
v  3.7737 0.2568 -5.9211
v  3.9006 0.4057 -5.2815
v  3.7709 0.2509 -5.9354
v  3.7726 0.2554 -5.9269
v  3.7698 0.2434 -5.9406
v  3.7695 0.2361 -5.9420
v  3.7695 0.1102 -5.9420
v  3.7695 0.2300 -5.9420
v  3.7697 0.1003 -5.9413
v  3.7695 0.1041 -5.9420
v  3.7704 0.0958 -5.9377
v  3.7715 0.0941 -5.9322
v  3.8531 0.4486 -5.1382
v  3.8530 0.7700 -5.1382
v  3.8520 0.4342 -5.1408
v  3.8486 0.4209 -5.1488
v  3.8408 0.4100 -5.1679
v  3.8186 0.4095 -5.2232
v  3.8384 0.4100 -5.1735
v  3.5561 0.2568 -5.8551
v  3.8053 0.4057 -5.2526
v  3.5505 0.2509 -5.8686
v  3.5538 0.2554 -5.8606
v  3.5485 0.2434 -5.8735
v  3.5480 0.2361 -5.8748
v  3.5480 0.1102 -5.8748
v  3.5480 0.2300 -5.8748
v  3.5482 0.1003 -5.8741
v  3.5480 0.1041 -5.8748
v  3.5496 0.0958 -5.8707
v  3.5518 0.0941 -5.8656
v  3.7867 0.4486 -5.1027
v  3.7867 0.7700 -5.1028
v  3.7851 0.4342 -5.1050
v  3.7803 0.4209 -5.1123
v  3.7688 0.4100 -5.1294
v  3.7363 0.4095 -5.1792
v  3.7655 0.4100 -5.1345
v  3.3556 0.2568 -5.7479
v  3.7175 0.4057 -5.2057
v  3.3475 0.2509 -5.7601
v  3.3523 0.2554 -5.7528
v  3.3445 0.2434 -5.7645
v  3.3437 0.2361 -5.7656
v  3.3437 0.1102 -5.7656
v  3.3437 0.2300 -5.7656
v  3.3442 0.1003 -5.7650
v  3.3437 0.1041 -5.7656
v  3.3462 0.0958 -5.7620
v  3.3493 0.0941 -5.7573
v  3.7285 0.4486 -5.0550
v  3.7285 0.7700 -5.0550
v  3.7265 0.4342 -5.0569
v  3.7203 0.4209 -5.0631
v  3.7058 0.4100 -5.0777
v  3.6642 0.4095 -5.1200
v  3.7015 0.4100 -5.0820
v  3.1798 0.2568 -5.6036
v  3.6406 0.4057 -5.1425
v  3.1695 0.2509 -5.6140
v  3.1756 0.2554 -5.6078
v  3.1657 0.2434 -5.6177
v  3.1647 0.2361 -5.6187
v  3.1647 0.1102 -5.6187
v  3.1647 0.2300 -5.6187
v  3.1653 0.1003 -5.6182
v  3.1647 0.1041 -5.6187
v  3.1679 0.0958 -5.6156
v  3.1718 0.0941 -5.6117
v  3.6807 0.4486 -4.9968
v  3.6807 0.7700 -4.9968
v  3.6784 0.4342 -4.9983
v  3.6712 0.4209 -5.0032
v  3.6541 0.4100 -5.0146
v  3.6050 0.4095 -5.0479
v  3.6490 0.4100 -5.0180
v  3.0356 0.2568 -5.4279
v  3.5774 0.4057 -5.0656
v  3.0234 0.2509 -5.4360
v  3.0306 0.2554 -5.4312
v  3.0190 0.2434 -5.4389
v  3.0178 0.2361 -5.4397
v  3.0178 0.1102 -5.4397
v  3.0178 0.2300 -5.4397
v  3.0185 0.1003 -5.4393
v  3.0178 0.1041 -5.4397
v  3.0215 0.0958 -5.4373
v  3.0261 0.0941 -5.4342
v  3.6452 0.4486 -4.9304
v  3.6452 0.7700 -4.9304
v  3.6427 0.4342 -4.9315
v  3.6346 0.4209 -4.9348
v  3.6156 0.4100 -4.9427
v  3.5610 0.4095 -4.9656
v  3.6100 0.4100 -4.9450
v  2.9284 0.2568 -5.2273
v  3.5305 0.4057 -4.9778
v  2.9149 0.2509 -5.2329
v  2.9229 0.2554 -5.2296
v  2.9100 0.2434 -5.2350
v  2.9087 0.2361 -5.2355
v  2.9087 0.1102 -5.2355
v  2.9087 0.2300 -5.2355
v  2.9094 0.1003 -5.2352
v  2.9087 0.1041 -5.2355
v  2.9127 0.0958 -5.2338
v  2.9179 0.0941 -5.2317
v  3.6234 0.4486 -4.8584
v  3.6234 0.7700 -4.8584
v  3.6207 0.4342 -4.8589
v  3.6121 0.4209 -4.8606
v  3.5919 0.4100 -4.8646
v  3.5339 0.4095 -4.8763
v  3.5860 0.4100 -4.8658
v  2.8624 0.2568 -5.0097
v  3.5016 0.4057 -4.8825
v  2.8480 0.2509 -5.0126
v  2.8565 0.2554 -5.0109
v  2.8428 0.2434 -5.0136
v  2.8414 0.2361 -5.0139
v  2.8414 0.1102 -5.0139
v  2.8414 0.2300 -5.0139
v  2.8422 0.1003 -5.0138
v  2.8414 0.1041 -5.0139
v  2.8458 0.0958 -5.0130
v  2.8512 0.0941 -5.0120
v  2.8409 0.0941 -4.7835
v  2.8632 0.0941 -5.0096
v  2.9292 0.0941 -5.2270
v  3.0363 0.0941 -5.4274
v  3.1804 0.0941 -5.6030
v  3.3561 0.0941 -5.7472
v  3.5564 0.0941 -5.8543
v  3.7739 0.0941 -5.9203
v  4.0000 0.0941 -5.9425
v  4.2261 0.0941 -5.9203
v  4.4436 0.0941 -5.8543
v  4.6439 0.0941 -5.7472
v  4.8196 0.0941 -5.6030
v  4.9637 0.0941 -5.4274
v  5.0708 0.0941 -5.2270
v  5.1368 0.0941 -5.0096
v  5.1591 0.0941 -4.7835
v  5.1368 0.0941 -4.5573
v  5.0708 0.0941 -4.3399
v  4.9637 0.0941 -4.1395
v  4.8196 0.0941 -3.9639
v  4.6439 0.0941 -3.8197
v  4.4436 0.0941 -3.7126
v  4.2261 0.0941 -3.6467
v  4.0000 0.0941 -3.6244
v  3.7739 0.0941 -3.6467
v  3.5564 0.0941 -3.7126
v  3.3561 0.0941 -3.8197
v  3.1804 0.0941 -3.9639
v  3.0363 0.0941 -4.1395
v  2.9292 0.0941 -4.3399
v  2.8632 0.0941 -4.5573
v  2.8348 0.0941 -4.7835
v  2.8572 0.0941 -4.5561
v  2.8572 0.0941 -5.0108
v  2.9235 0.0941 -5.2293
v  3.0312 0.0941 -5.4308
v  3.1761 0.0941 -5.6074
v  3.3527 0.0941 -5.7523
v  3.5541 0.0941 -5.8599
v  3.7727 0.0941 -5.9262
v  4.0000 0.0941 -5.9486
v  4.2273 0.0941 -5.9262
v  4.4459 0.0941 -5.8599
v  4.6473 0.0941 -5.7523
v  4.8239 0.0941 -5.6074
v  4.9688 0.0941 -5.4308
v  5.0765 0.0941 -5.2293
v  5.1428 0.0941 -5.0108
v  5.1652 0.0941 -4.7835
v  5.1428 0.0941 -4.5561
v  5.0765 0.0941 -4.3376
v  4.9688 0.0941 -4.1361
v  4.8239 0.0941 -3.9596
v  4.6473 0.0941 -3.8147
v  4.4459 0.0941 -3.7070
v  4.2273 0.0941 -3.6407
v  4.0000 0.0941 -3.6183
v  3.7727 0.0941 -3.6407
v  3.5541 0.0941 -3.7070
v  3.3527 0.0941 -3.8147
v  3.1761 0.0941 -3.9596
v  3.0312 0.0941 -4.1361
v  2.9235 0.0941 -4.3376
v  3.5187 0.4094 -4.7835
v  3.5079 0.4089 -4.7835
v  3.5174 0.4089 -4.6875
v  3.5279 0.4094 -4.6894
v  3.5074 0.4071 -4.6855
v  3.4978 0.4071 -4.7835
v  3.5454 0.4089 -4.5951
v  3.5554 0.4094 -4.5990
v  3.5360 0.4071 -4.5914
v  3.5908 0.4089 -4.5101
v  3.5999 0.4094 -4.5156
v  3.5823 0.4071 -4.5046
v  3.6520 0.4089 -4.4355
v  3.6599 0.4094 -4.4426
v  3.6448 0.4071 -4.4286
v  3.7266 0.4089 -4.3743
v  3.7329 0.4094 -4.3827
v  3.7208 0.4071 -4.3662
v  3.8117 0.4089 -4.3288
v  3.8162 0.4094 -4.3381
v  3.8076 0.4071 -4.3198
v  3.9040 0.4089 -4.3008
v  3.9067 0.4094 -4.3107
v  3.9017 0.4071 -4.2912
v  4.0000 0.4089 -4.2914
v  4.0007 0.4094 -4.3014
v  3.9996 0.4071 -4.2816
v  4.0960 0.4089 -4.3008
v  4.0947 0.4094 -4.3107
v  4.0976 0.4071 -4.2912
v  4.1883 0.4089 -4.3288
v  4.1852 0.4094 -4.3381
v  4.1917 0.4071 -4.3198
v  4.2734 0.4089 -4.3743
v  4.2685 0.4094 -4.3827
v  4.2785 0.4071 -4.3662
v  4.3480 0.4089 -4.4355
v  4.3416 0.4094 -4.4426
v  4.3545 0.4071 -4.4286
v  4.4092 0.4089 -4.5101
v  4.4015 0.4094 -4.5156
v  4.4169 0.4071 -4.5046
v  4.4546 0.4089 -4.5951
v  4.4461 0.4094 -4.5990
v  4.4633 0.4071 -4.5914
v  4.4826 0.4089 -4.6875
v  4.4735 0.4094 -4.6894
v  4.4919 0.4071 -4.6855
v  4.4921 0.4089 -4.7835
v  4.4827 0.4094 -4.7835
v  4.5015 0.4071 -4.7835
v  4.4826 0.4089 -4.8795
v  4.4735 0.4094 -4.8775
v  4.4919 0.4071 -4.8814
v  4.4546 0.4089 -4.9718
v  4.4461 0.4094 -4.9679
v  4.4633 0.4071 -4.9755
v  4.4092 0.4089 -5.0568
v  4.4015 0.4094 -5.0513
v  4.4169 0.4071 -5.0623
v  4.3480 0.4089 -5.1314
v  4.3416 0.4094 -5.1243
v  4.3545 0.4071 -5.1383
v  4.2734 0.4089 -5.1926
v  4.2685 0.4094 -5.1843
v  4.2785 0.4071 -5.2008
v  4.1883 0.4089 -5.2381
v  4.1852 0.4094 -5.2288
v  4.1917 0.4071 -5.2471
v  4.0960 0.4089 -5.2661
v  4.0947 0.4094 -5.2562
v  4.0976 0.4071 -5.2757
v  4.0000 0.4089 -5.2755
v  4.0007 0.4094 -5.2655
v  3.9996 0.4071 -5.2853
v  3.9040 0.4089 -5.2661
v  3.9067 0.4094 -5.2562
v  3.9017 0.4071 -5.2757
v  3.8117 0.4089 -5.2381
v  3.8162 0.4094 -5.2288
v  3.8076 0.4071 -5.2471
v  3.7266 0.4089 -5.1926
v  3.7329 0.4094 -5.1843
v  3.7208 0.4071 -5.2008
v  3.6520 0.4089 -5.1314
v  3.6599 0.4094 -5.1243
v  3.6448 0.4071 -5.1383
v  3.5908 0.4089 -5.0568
v  3.5999 0.4094 -5.0513
v  3.5823 0.4071 -5.0623
v  3.5454 0.4089 -4.9718
v  3.5554 0.4094 -4.9679
v  3.5360 0.4071 -4.9755
v  3.5174 0.4089 -4.8795
v  3.5279 0.4094 -4.8775
v  3.5074 0.4071 -4.8814
v  -4.3840 0.7700 -4.7836
v  -4.3840 0.4486 -4.7836
v  -4.3766 0.4486 -4.7087
v  -4.3766 0.7700 -4.7087
v  -4.3867 0.4342 -4.7836
v  -4.3793 0.4342 -4.7081
v  -4.3955 0.4209 -4.7836
v  -4.3879 0.4209 -4.7064
v  -4.4161 0.4100 -4.7836
v  -4.4081 0.4100 -4.7024
v  -4.4222 0.4100 -4.7836
v  -4.4752 0.4095 -4.7836
v  -4.4661 0.4095 -4.6907
v  -4.4140 0.4100 -4.7012
v  -4.5082 0.4057 -4.7836
v  -5.1599 0.2568 -4.7836
v  -5.1376 0.2568 -4.5573
v  -4.4984 0.4057 -4.6845
v  -5.1659 0.2554 -4.7836
v  -5.1746 0.2509 -4.7836
v  -5.1520 0.2509 -4.5544
v  -5.1435 0.2554 -4.5561
v  -5.1799 0.2434 -4.7836
v  -5.1572 0.2434 -4.5534
v  -5.1813 0.2361 -4.7836
v  -5.1586 0.2361 -4.5531
v  -5.1813 0.2300 -4.7836
v  -5.1813 0.1102 -4.7836
v  -5.1586 0.1102 -4.5531
v  -5.1586 0.2300 -4.5531
v  -5.1813 0.1041 -4.7836
v  -5.1805 0.1003 -4.7836
v  -5.1578 0.1003 -4.5533
v  -5.1586 0.1041 -4.5531
v  -5.1768 0.0958 -4.7836
v  -5.1542 0.0958 -4.5540
v  -5.1713 0.0941 -4.7836
v  -5.1488 0.0941 -4.5551
v  -4.3548 0.4486 -4.6366
v  -4.3548 0.7700 -4.6366
v  -4.3573 0.4342 -4.6356
v  -4.3654 0.4209 -4.6322
v  -4.3844 0.4100 -4.6244
v  -4.4390 0.4095 -4.6014
v  -4.3900 0.4100 -4.6220
v  -5.0716 0.2568 -4.3397
v  -4.4695 0.4057 -4.5892
v  -5.0851 0.2509 -4.3341
v  -5.0771 0.2554 -4.3374
v  -5.0900 0.2434 -4.3321
v  -5.0913 0.2361 -4.3315
v  -5.0913 0.1102 -4.3315
v  -5.0913 0.2300 -4.3315
v  -5.0906 0.1003 -4.3318
v  -5.0913 0.1041 -4.3315
v  -5.0873 0.0958 -4.3332
v  -5.0821 0.0941 -4.3354
v  -4.3193 0.4486 -4.5703
v  -4.3193 0.7700 -4.5702
v  -4.3216 0.4342 -4.5687
v  -4.3288 0.4209 -4.5639
v  -4.3459 0.4100 -4.5524
v  -4.3950 0.4095 -4.5192
v  -4.3510 0.4100 -4.5490
v  -4.9644 0.2568 -4.1392
v  -4.4226 0.4057 -4.5015
v  -4.9766 0.2509 -4.1310
v  -4.9694 0.2554 -4.1359
v  -4.9810 0.2434 -4.1281
v  -4.9822 0.2361 -4.1273
v  -4.9822 0.1102 -4.1273
v  -4.9822 0.2300 -4.1273
v  -4.9815 0.1003 -4.1277
v  -4.9822 0.1041 -4.1273
v  -4.9785 0.0958 -4.1298
v  -4.9739 0.0941 -4.1329
v  -4.2715 0.4486 -4.5121
v  -4.2715 0.7700 -4.5120
v  -4.2735 0.4342 -4.5101
v  -4.2797 0.4209 -4.5039
v  -4.2942 0.4100 -4.4894
v  -4.3358 0.4095 -4.4470
v  -4.2985 0.4100 -4.4851
v  -4.8202 0.2568 -3.9634
v  -4.3594 0.4057 -4.4245
v  -4.8305 0.2509 -3.9530
v  -4.8244 0.2554 -3.9592
v  -4.8343 0.2434 -3.9493
v  -4.8353 0.2361 -3.9483
v  -4.8353 0.1102 -3.9483
v  -4.8353 0.2300 -3.9483
v  -4.8347 0.1003 -3.9488
v  -4.8353 0.1041 -3.9483
v  -4.8321 0.0958 -3.9514
v  -4.8282 0.0941 -3.9554
v  -4.2133 0.4486 -4.4643
v  -4.2133 0.7700 -4.4643
v  -4.2149 0.4342 -4.4620
v  -4.2197 0.4209 -4.4547
v  -4.2312 0.4100 -4.4376
v  -4.2637 0.4095 -4.3878
v  -4.2345 0.4100 -4.4326
v  -4.6444 0.2568 -3.8191
v  -4.2825 0.4057 -4.3613
v  -4.6525 0.2509 -3.8070
v  -4.6477 0.2554 -3.8142
v  -4.6555 0.2434 -3.8026
v  -4.6563 0.2361 -3.8014
v  -4.6563 0.1102 -3.8014
v  -4.6563 0.2300 -3.8014
v  -4.6558 0.1003 -3.8020
v  -4.6563 0.1041 -3.8014
v  -4.6538 0.0958 -3.8051
v  -4.6507 0.0941 -3.8097
v  -4.1469 0.4486 -4.4288
v  -4.1470 0.7700 -4.4288
v  -4.1480 0.4342 -4.4263
v  -4.1514 0.4209 -4.4182
v  -4.1592 0.4100 -4.3992
v  -4.1814 0.4095 -4.3439
v  -4.1616 0.4100 -4.3936
v  -4.4439 0.2568 -3.7120
v  -4.1947 0.4057 -4.3144
v  -4.4495 0.2509 -3.6984
v  -4.4462 0.2554 -3.7065
v  -4.4515 0.2434 -3.6935
v  -4.4520 0.2361 -3.6922
v  -4.4520 0.1102 -3.6922
v  -4.4520 0.2300 -3.6922
v  -4.4518 0.1003 -3.6929
v  -4.4520 0.1041 -3.6922
v  -4.4504 0.0958 -3.6963
v  -4.4482 0.0941 -3.7015
v  -4.0749 0.4486 -4.4070
v  -4.0749 0.7700 -4.4069
v  -4.0754 0.4342 -4.4043
v  -4.0772 0.4209 -4.3957
v  -4.0812 0.4100 -4.3755
v  -4.0921 0.4095 -4.3168
v  -4.0824 0.4100 -4.3695
v  -4.2263 0.2568 -3.6459
v  -4.0994 0.4057 -4.2855
v  -4.2291 0.2509 -3.6316
v  -4.2274 0.2554 -3.6401
v  -4.2302 0.2434 -3.6264
v  -4.2305 0.2361 -3.6250
v  -4.2305 0.1102 -3.6250
v  -4.2305 0.2300 -3.6250
v  -4.2303 0.1003 -3.6258
v  -4.2305 0.1041 -3.6250
v  -4.2296 0.0958 -3.6294
v  -4.2285 0.0941 -3.6348
v  -4.0000 0.4486 -4.3996
v  -4.0000 0.7700 -4.3996
v  -4.0000 0.4342 -4.3968
v  -4.0000 0.4209 -4.3881
v  -4.0000 0.4100 -4.3675
v  -3.9993 0.4095 -4.3076
v  -4.0000 0.4100 -4.3614
v  -4.0000 0.2568 -3.6237
v  -4.0004 0.4057 -4.2758
v  -4.0000 0.2509 -3.6090
v  -4.0000 0.2554 -3.6177
v  -4.0000 0.2434 -3.6037
v  -4.0000 0.2361 -3.6023
v  -4.0000 0.1102 -3.6023
v  -4.0000 0.2300 -3.6023
v  -4.0000 0.1003 -3.6031
v  -4.0000 0.1041 -3.6023
v  -4.0000 0.0958 -3.6067
v  -4.0000 0.0941 -3.6123
v  -3.9251 0.4486 -4.4070
v  -3.9251 0.7700 -4.4069
v  -3.9246 0.4342 -4.4043
v  -3.9228 0.4209 -4.3957
v  -3.9188 0.4100 -4.3755
v  -3.9064 0.4095 -4.3168
v  -3.9176 0.4100 -4.3695
v  -3.7737 0.2568 -3.6459
v  -3.9013 0.4057 -4.2855
v  -3.7709 0.2509 -3.6316
v  -3.7726 0.2554 -3.6401
v  -3.7698 0.2434 -3.6264
v  -3.7695 0.2361 -3.6250
v  -3.7695 0.1102 -3.6250
v  -3.7695 0.2300 -3.6250
v  -3.7697 0.1003 -3.6258
v  -3.7695 0.1041 -3.6250
v  -3.7704 0.0958 -3.6294
v  -3.7715 0.0941 -3.6348
v  -3.8531 0.4486 -4.4288
v  -3.8530 0.7700 -4.4288
v  -3.8520 0.4342 -4.4263
v  -3.8487 0.4209 -4.4182
v  -3.8408 0.4100 -4.3992
v  -3.8172 0.4095 -4.3439
v  -3.8384 0.4100 -4.3936
v  -3.5561 0.2568 -3.7120
v  -3.8060 0.4057 -4.3144
v  -3.5505 0.2509 -3.6984
v  -3.5538 0.2554 -3.7065
v  -3.5485 0.2434 -3.6935
v  -3.5480 0.2361 -3.6922
v  -3.5480 0.1102 -3.6922
v  -3.5480 0.2300 -3.6922
v  -3.5482 0.1003 -3.6929
v  -3.5480 0.1041 -3.6922
v  -3.5496 0.0958 -3.6963
v  -3.5518 0.0941 -3.7015
v  -3.7867 0.4486 -4.4643
v  -3.7867 0.7700 -4.4643
v  -3.7851 0.4342 -4.4620
v  -3.7803 0.4209 -4.4547
v  -3.7688 0.4100 -4.4376
v  -3.7349 0.4095 -4.3878
v  -3.7655 0.4100 -4.4326
v  -3.3556 0.2568 -3.8191
v  -3.7182 0.4057 -4.3613
v  -3.3475 0.2509 -3.8070
v  -3.3523 0.2554 -3.8142
v  -3.3445 0.2434 -3.8026
v  -3.3437 0.2361 -3.8014
v  -3.3437 0.1102 -3.8014
v  -3.3437 0.2300 -3.8014
v  -3.3442 0.1003 -3.8020
v  -3.3437 0.1041 -3.8014
v  -3.3462 0.0958 -3.8051
v  -3.3493 0.0941 -3.8097
v  -3.7285 0.4486 -4.5121
v  -3.7285 0.7700 -4.5120
v  -3.7265 0.4342 -4.5101
v  -3.7203 0.4209 -4.5039
v  -3.7058 0.4100 -4.4894
v  -3.6627 0.4095 -4.4470
v  -3.7015 0.4100 -4.4851
v  -3.1798 0.2568 -3.9634
v  -3.6413 0.4057 -4.4245
v  -3.1695 0.2509 -3.9530
v  -3.1756 0.2554 -3.9592
v  -3.1657 0.2434 -3.9493
v  -3.1647 0.2361 -3.9483
v  -3.1647 0.1102 -3.9483
v  -3.1647 0.2300 -3.9483
v  -3.1653 0.1003 -3.9488
v  -3.1647 0.1041 -3.9483
v  -3.1679 0.0958 -3.9514
v  -3.1718 0.0941 -3.9554
v  -3.6807 0.4486 -4.5703
v  -3.6807 0.7700 -4.5702
v  -3.6784 0.4342 -4.5687
v  -3.6712 0.4209 -4.5639
v  -3.6541 0.4100 -4.5524
v  -3.6036 0.4095 -4.5192
v  -3.6490 0.4100 -4.5490
v  -3.0356 0.2568 -4.1392
v  -3.5781 0.4057 -4.5015
v  -3.0234 0.2509 -4.1310
v  -3.0306 0.2554 -4.1359
v  -3.0190 0.2434 -4.1281
v  -3.0178 0.2361 -4.1273
v  -3.0178 0.1102 -4.1273
v  -3.0178 0.2300 -4.1273
v  -3.0185 0.1003 -4.1277
v  -3.0178 0.1041 -4.1273
v  -3.0215 0.0958 -4.1298
v  -3.0261 0.0941 -4.1329
v  -3.6452 0.4486 -4.6366
v  -3.6452 0.7700 -4.6366
v  -3.6427 0.4342 -4.6356
v  -3.6346 0.4209 -4.6322
v  -3.6156 0.4100 -4.6244
v  -3.5596 0.4095 -4.6014
v  -3.6100 0.4100 -4.6220
v  -2.9284 0.2568 -4.3397
v  -3.5312 0.4057 -4.5892
v  -2.9149 0.2509 -4.3341
v  -2.9229 0.2554 -4.3374
v  -2.9100 0.2434 -4.3321
v  -2.9087 0.2361 -4.3315
v  -2.9087 0.1102 -4.3315
v  -2.9087 0.2300 -4.3315
v  -2.9094 0.1003 -4.3318
v  -2.9087 0.1041 -4.3315
v  -2.9127 0.0958 -4.3332
v  -2.9179 0.0941 -4.3354
v  -3.6234 0.4486 -4.7087
v  -3.6234 0.7700 -4.7087
v  -3.6207 0.4342 -4.7081
v  -3.6121 0.4209 -4.7064
v  -3.5919 0.4100 -4.7024
v  -3.5325 0.4095 -4.6907
v  -3.5860 0.4100 -4.7012
v  -2.8624 0.2568 -4.5573
v  -3.5023 0.4057 -4.6845
v  -2.8480 0.2509 -4.5544
v  -2.8565 0.2554 -4.5561
v  -2.8428 0.2434 -4.5534
v  -2.8414 0.2361 -4.5531
v  -2.8414 0.1102 -4.5531
v  -2.8414 0.2300 -4.5531
v  -2.8422 0.1003 -4.5533
v  -2.8414 0.1041 -4.5531
v  -2.8458 0.0958 -4.5540
v  -2.8512 0.0941 -4.5551
v  -3.6160 0.4486 -4.7836
v  -3.6160 0.7700 -4.7836
v  -3.6133 0.4342 -4.7836
v  -3.6045 0.4209 -4.7836
v  -3.5839 0.4100 -4.7836
v  -3.5233 0.4095 -4.7836
v  -3.5778 0.4100 -4.7836
v  -2.8401 0.2568 -4.7836
v  -3.4925 0.4057 -4.7836
v  -2.8255 0.2509 -4.7836
v  -2.8341 0.2554 -4.7836
v  -2.8202 0.2434 -4.7836
v  -2.8187 0.2361 -4.7836
v  -2.8187 0.1102 -4.7836
v  -2.8187 0.2300 -4.7836
v  -2.8195 0.1003 -4.7836
v  -2.8187 0.1041 -4.7836
v  -2.8232 0.0958 -4.7836
v  -2.8287 0.0941 -4.7836
v  -3.6234 0.4486 -4.8585
v  -3.6234 0.7700 -4.8585
v  -3.6207 0.4342 -4.8590
v  -3.6121 0.4209 -4.8607
v  -3.5919 0.4100 -4.8648
v  -3.5325 0.4095 -4.8764
v  -3.5860 0.4100 -4.8659
v  -2.8624 0.2568 -5.0099
v  -3.5023 0.4057 -4.8827
v  -2.8480 0.2509 -5.0127
v  -2.8565 0.2554 -5.0110
v  -2.8428 0.2434 -5.0138
v  -2.8414 0.2361 -5.0140
v  -2.8414 0.1102 -5.0140
v  -2.8414 0.2300 -5.0140
v  -2.8422 0.1003 -5.0139
v  -2.8414 0.1041 -5.0140
v  -2.8458 0.0958 -5.0132
v  -2.8512 0.0941 -5.0121
v  -3.6452 0.4486 -4.9305
v  -3.6452 0.7700 -4.9305
v  -3.6427 0.4342 -4.9316
v  -3.6346 0.4209 -4.9349
v  -3.6156 0.4100 -4.9428
v  -3.5596 0.4095 -4.9657
v  -3.6100 0.4100 -4.9451
v  -2.9284 0.2568 -5.2275
v  -3.5312 0.4057 -4.9779
v  -2.9149 0.2509 -5.2331
v  -2.9229 0.2554 -5.2297
v  -2.9100 0.2434 -5.2351
v  -2.9087 0.2361 -5.2356
v  -2.9087 0.1102 -5.2356
v  -2.9087 0.2300 -5.2356
v  -2.9094 0.1003 -5.2353
v  -2.9087 0.1041 -5.2356
v  -2.9127 0.0958 -5.2339
v  -2.9179 0.0941 -5.2318
v  -3.6807 0.4486 -4.9969
v  -3.6807 0.7700 -4.9969
v  -3.6784 0.4342 -4.9984
v  -3.6712 0.4209 -5.0033
v  -3.6541 0.4100 -5.0147
v  -3.6036 0.4095 -5.0480
v  -3.6490 0.4100 -5.0181
v  -3.0356 0.2568 -5.4280
v  -3.5781 0.4057 -5.0657
v  -3.0234 0.2509 -5.4361
v  -3.0306 0.2554 -5.4313
v  -3.0190 0.2434 -5.4391
v  -3.0178 0.2361 -5.4399
v  -3.0178 0.1102 -5.4399
v  -3.0178 0.2300 -5.4399
v  -3.0185 0.1003 -5.4394
v  -3.0178 0.1041 -5.4399
v  -3.0215 0.0958 -5.4374
v  -3.0261 0.0941 -5.4343
v  -3.7285 0.4486 -5.0551
v  -3.7285 0.7700 -5.0551
v  -3.7265 0.4342 -5.0570
v  -3.7203 0.4209 -5.0632
v  -3.7058 0.4100 -5.0778
v  -3.6627 0.4095 -5.1201
v  -3.7015 0.4100 -5.0821
v  -3.1798 0.2568 -5.6038
v  -3.6413 0.4057 -5.1427
v  -3.1695 0.2509 -5.6141
v  -3.1756 0.2554 -5.6080
v  -3.1657 0.2434 -5.6179
v  -3.1647 0.2361 -5.6189
v  -3.1647 0.1102 -5.6189
v  -3.1647 0.2300 -5.6189
v  -3.1653 0.1003 -5.6183
v  -3.1647 0.1041 -5.6189
v  -3.1679 0.0958 -5.6157
v  -3.1718 0.0941 -5.6118
v  -3.7867 0.4486 -5.1029
v  -3.7867 0.7700 -5.1029
v  -3.7851 0.4342 -5.1051
v  -3.7803 0.4209 -5.1124
v  -3.7688 0.4100 -5.1295
v  -3.7349 0.4095 -5.1793
v  -3.7655 0.4100 -5.1346
v  -3.3556 0.2568 -5.7480
v  -3.7182 0.4057 -5.2058
v  -3.3475 0.2509 -5.7602
v  -3.3523 0.2554 -5.7530
v  -3.3445 0.2434 -5.7646
v  -3.3437 0.2361 -5.7658
v  -3.3437 0.1102 -5.7658
v  -3.3437 0.2300 -5.7658
v  -3.3442 0.1003 -5.7651
v  -3.3437 0.1041 -5.7658
v  -3.3462 0.0958 -5.7621
v  -3.3493 0.0941 -5.7575
v  -3.8531 0.4486 -5.1383
v  -3.8530 0.7700 -5.1384
v  -3.8520 0.4342 -5.1409
v  -3.8487 0.4209 -5.1490
v  -3.8408 0.4100 -5.1680
v  -3.8172 0.4095 -5.2233
v  -3.8384 0.4100 -5.1736
v  -3.5561 0.2568 -5.8552
v  -3.8060 0.4057 -5.2527
v  -3.5505 0.2509 -5.8687
v  -3.5538 0.2554 -5.8607
v  -3.5485 0.2434 -5.8736
v  -3.5480 0.2361 -5.8749
v  -3.5480 0.1102 -5.8749
v  -3.5480 0.2300 -5.8749
v  -3.5482 0.1003 -5.8742
v  -3.5480 0.1041 -5.8749
v  -3.5496 0.0958 -5.8708
v  -3.5518 0.0941 -5.8657
v  -3.9251 0.4486 -5.1602
v  -3.9251 0.7700 -5.1602
v  -3.9246 0.4342 -5.1629
v  -3.9228 0.4209 -5.1715
v  -3.9188 0.4100 -5.1917
v  -3.9064 0.4095 -5.2504
v  -3.9176 0.4100 -5.1976
v  -3.7737 0.2568 -5.9212
v  -3.9013 0.4057 -5.2816
v  -3.7709 0.2509 -5.9356
v  -3.7726 0.2554 -5.9270
v  -3.7698 0.2434 -5.9408
v  -3.7695 0.2361 -5.9421
v  -3.7695 0.1102 -5.9421
v  -3.7695 0.2300 -5.9421
v  -3.7697 0.1003 -5.9414
v  -3.7695 0.1041 -5.9421
v  -3.7704 0.0958 -5.9378
v  -3.7715 0.0941 -5.9324
v  -4.0000 0.4486 -5.1676
v  -4.0000 0.7700 -5.1676
v  -4.0000 0.4342 -5.1703
v  -4.0000 0.4209 -5.1791
v  -4.0000 0.4100 -5.1997
v  -3.9993 0.4095 -5.2595
v  -4.0000 0.4100 -5.2057
v  -4.0000 0.2568 -5.9435
v  -4.0004 0.4057 -5.2914
v  -4.0000 0.2509 -5.9581
v  -4.0000 0.2554 -5.9494
v  -4.0000 0.2434 -5.9634
v  -4.0000 0.2361 -5.9648
v  -4.0000 0.1102 -5.9648
v  -4.0000 0.2300 -5.9648
v  -4.0000 0.1003 -5.9641
v  -4.0000 0.1041 -5.9648
v  -4.0000 0.0958 -5.9604
v  -4.0000 0.0941 -5.9549
v  -4.0749 0.4486 -5.1602
v  -4.0749 0.7700 -5.1602
v  -4.0754 0.4342 -5.1629
v  -4.0772 0.4209 -5.1715
v  -4.0812 0.4100 -5.1917
v  -4.0921 0.4095 -5.2504
v  -4.0824 0.4100 -5.1976
v  -4.2263 0.2568 -5.9212
v  -4.0994 0.4057 -5.2816
v  -4.2291 0.2509 -5.9356
v  -4.2274 0.2554 -5.9270
v  -4.2302 0.2434 -5.9408
v  -4.2305 0.2361 -5.9421
v  -4.2305 0.1102 -5.9421
v  -4.2305 0.2300 -5.9421
v  -4.2303 0.1003 -5.9414
v  -4.2305 0.1041 -5.9421
v  -4.2296 0.0958 -5.9378
v  -4.2285 0.0941 -5.9324
v  -4.1469 0.4486 -5.1383
v  -4.1470 0.7700 -5.1384
v  -4.1480 0.4342 -5.1409
v  -4.1514 0.4209 -5.1490
v  -4.1592 0.4100 -5.1680
v  -4.1814 0.4095 -5.2233
v  -4.1616 0.4100 -5.1736
v  -4.4439 0.2568 -5.8552
v  -4.1947 0.4057 -5.2527
v  -4.4495 0.2509 -5.8687
v  -4.4462 0.2554 -5.8607
v  -4.4515 0.2434 -5.8736
v  -4.4520 0.2361 -5.8749
v  -4.4520 0.1102 -5.8749
v  -4.4520 0.2300 -5.8749
v  -4.4518 0.1003 -5.8742
v  -4.4520 0.1041 -5.8749
v  -4.4504 0.0958 -5.8708
v  -4.4482 0.0941 -5.8657
v  -4.2133 0.4486 -5.1029
v  -4.2133 0.7700 -5.1029
v  -4.2149 0.4342 -5.1051
v  -4.2197 0.4209 -5.1124
v  -4.2312 0.4100 -5.1295
v  -4.2637 0.4095 -5.1793
v  -4.2345 0.4100 -5.1346
v  -4.6444 0.2568 -5.7480
v  -4.2825 0.4057 -5.2058
v  -4.6525 0.2509 -5.7602
v  -4.6477 0.2554 -5.7530
v  -4.6555 0.2434 -5.7646
v  -4.6563 0.2361 -5.7658
v  -4.6563 0.1102 -5.7658
v  -4.6563 0.2300 -5.7658
v  -4.6558 0.1003 -5.7651
v  -4.6563 0.1041 -5.7658
v  -4.6538 0.0958 -5.7621
v  -4.6507 0.0941 -5.7575
v  -4.2715 0.4486 -5.0551
v  -4.2715 0.7700 -5.0551
v  -4.2735 0.4342 -5.0570
v  -4.2797 0.4209 -5.0632
v  -4.2942 0.4100 -5.0778
v  -4.3358 0.4095 -5.1201
v  -4.2985 0.4100 -5.0821
v  -4.8202 0.2568 -5.6038
v  -4.3594 0.4057 -5.1427
v  -4.8305 0.2509 -5.6141
v  -4.8244 0.2554 -5.6080
v  -4.8343 0.2434 -5.6179
v  -4.8353 0.2361 -5.6189
v  -4.8353 0.1102 -5.6189
v  -4.8353 0.2300 -5.6189
v  -4.8347 0.1003 -5.6183
v  -4.8353 0.1041 -5.6189
v  -4.8321 0.0958 -5.6157
v  -4.8282 0.0941 -5.6118
v  -4.3193 0.4486 -4.9969
v  -4.3193 0.7700 -4.9969
v  -4.3216 0.4342 -4.9984
v  -4.3288 0.4209 -5.0033
v  -4.3459 0.4100 -5.0147
v  -4.3950 0.4095 -5.0480
v  -4.3510 0.4100 -5.0181
v  -4.9644 0.2568 -5.4280
v  -4.4226 0.4057 -5.0657
v  -4.9766 0.2509 -5.4361
v  -4.9694 0.2554 -5.4313
v  -4.9810 0.2434 -5.4391
v  -4.9822 0.2361 -5.4399
v  -4.9822 0.1102 -5.4399
v  -4.9822 0.2300 -5.4399
v  -4.9815 0.1003 -5.4394
v  -4.9822 0.1041 -5.4399
v  -4.9785 0.0958 -5.4374
v  -4.9739 0.0941 -5.4343
v  -4.3548 0.4486 -4.9305
v  -4.3548 0.7700 -4.9305
v  -4.3573 0.4342 -4.9316
v  -4.3654 0.4209 -4.9349
v  -4.3844 0.4100 -4.9428
v  -4.4390 0.4095 -4.9657
v  -4.3900 0.4100 -4.9451
v  -5.0716 0.2568 -5.2275
v  -4.4695 0.4057 -4.9779
v  -5.0851 0.2509 -5.2331
v  -5.0771 0.2554 -5.2297
v  -5.0900 0.2434 -5.2351
v  -5.0913 0.2361 -5.2356
v  -5.0913 0.1102 -5.2356
v  -5.0913 0.2300 -5.2356
v  -5.0906 0.1003 -5.2353
v  -5.0913 0.1041 -5.2356
v  -5.0873 0.0958 -5.2339
v  -5.0821 0.0941 -5.2318
v  -4.3766 0.4486 -4.8585
v  -4.3766 0.7700 -4.8585
v  -4.3793 0.4342 -4.8590
v  -4.3879 0.4209 -4.8607
v  -4.4081 0.4100 -4.8648
v  -4.4661 0.4095 -4.8764
v  -4.4140 0.4100 -4.8659
v  -5.1376 0.2568 -5.0099
v  -4.4984 0.4057 -4.8827
v  -5.1520 0.2509 -5.0127
v  -5.1435 0.2554 -5.0110
v  -5.1572 0.2434 -5.0138
v  -5.1586 0.2361 -5.0140
v  -5.1586 0.1102 -5.0140
v  -5.1586 0.2300 -5.0140
v  -5.1578 0.1003 -5.0139
v  -5.1586 0.1041 -5.0140
v  -5.1542 0.0958 -5.0132
v  -5.1488 0.0941 -5.0121
v  -5.1591 0.0941 -4.7836
v  -5.1368 0.0941 -5.0097
v  -5.0708 0.0941 -5.2271
v  -4.9637 0.0941 -5.4275
v  -4.8196 0.0941 -5.6032
v  -4.6439 0.0941 -5.7473
v  -4.4436 0.0941 -5.8544
v  -4.2261 0.0941 -5.9204
v  -4.0000 0.0941 -5.9427
v  -3.7739 0.0941 -5.9204
v  -3.5564 0.0941 -5.8544
v  -3.3561 0.0941 -5.7473
v  -3.1804 0.0941 -5.6032
v  -3.0363 0.0941 -5.4275
v  -2.9292 0.0941 -5.2271
v  -2.8632 0.0941 -5.0097
v  -2.8409 0.0941 -4.7836
v  -2.8632 0.0941 -4.5575
v  -2.9292 0.0941 -4.3400
v  -3.0363 0.0941 -4.1396
v  -3.1804 0.0941 -3.9640
v  -3.3561 0.0941 -3.8198
v  -3.5564 0.0941 -3.7127
v  -3.7739 0.0941 -3.6468
v  -4.0000 0.0941 -3.6245
v  -4.2261 0.0941 -3.6468
v  -4.4436 0.0941 -3.7127
v  -4.6439 0.0941 -3.8198
v  -4.8196 0.0941 -3.9640
v  -4.9637 0.0941 -4.1396
v  -5.0708 0.0941 -4.3400
v  -5.1368 0.0941 -4.5575
v  -5.1652 0.0941 -4.7836
v  -5.1428 0.0941 -4.5563
v  -5.1428 0.0941 -5.0109
v  -5.0765 0.0941 -5.2295
v  -4.9688 0.0941 -5.4309
v  -4.8239 0.0941 -5.6075
v  -4.6473 0.0941 -5.7524
v  -4.4459 0.0941 -5.8601
v  -4.2273 0.0941 -5.9264
v  -4.0000 0.0941 -5.9487
v  -3.7727 0.0941 -5.9264
v  -3.5541 0.0941 -5.8601
v  -3.3527 0.0941 -5.7524
v  -3.1761 0.0941 -5.6075
v  -3.0312 0.0941 -5.4309
v  -2.9235 0.0941 -5.2295
v  -2.8572 0.0941 -5.0109
v  -2.8348 0.0941 -4.7836
v  -2.8572 0.0941 -4.5563
v  -2.9235 0.0941 -4.3377
v  -3.0312 0.0941 -4.1362
v  -3.1761 0.0941 -3.9597
v  -3.3527 0.0941 -3.8148
v  -3.5541 0.0941 -3.7071
v  -3.7727 0.0941 -3.6408
v  -4.0000 0.0941 -3.6184
v  -4.2273 0.0941 -3.6408
v  -4.4459 0.0941 -3.7071
v  -4.6473 0.0941 -3.8148
v  -4.8239 0.0941 -3.9597
v  -4.9688 0.0941 -4.1362
v  -5.0765 0.0941 -4.3377
v  -4.4813 0.4094 -4.7836
v  -4.4921 0.4089 -4.7836
v  -4.4826 0.4089 -4.6876
v  -4.4721 0.4094 -4.6895
v  -4.4926 0.4070 -4.6857
v  -4.5022 0.4070 -4.7836
v  -4.4546 0.4089 -4.5953
v  -4.4446 0.4094 -4.5991
v  -4.4640 0.4070 -4.5915
v  -4.4092 0.4089 -4.5102
v  -4.4001 0.4094 -4.5158
v  -4.4177 0.4070 -4.5047
v  -4.3480 0.4089 -4.4356
v  -4.3401 0.4094 -4.4427
v  -4.3552 0.4070 -4.4287
v  -4.2734 0.4089 -4.3744
v  -4.2671 0.4094 -4.3828
v  -4.2792 0.4070 -4.3663
v  -4.1883 0.4089 -4.3290
v  -4.1838 0.4094 -4.3382
v  -4.1924 0.4070 -4.3199
v  -4.0960 0.4089 -4.3009
v  -4.0933 0.4094 -4.3108
v  -4.0983 0.4070 -4.2913
v  -4.0000 0.4089 -4.2915
v  -3.9993 0.4094 -4.3015
v  -4.0004 0.4070 -4.2817
v  -3.9040 0.4089 -4.3009
v  -3.9053 0.4094 -4.3108
v  -3.9024 0.4070 -4.2913
v  -3.8117 0.4089 -4.3290
v  -3.8148 0.4094 -4.3382
v  -3.8083 0.4070 -4.3199
v  -3.7266 0.4089 -4.3744
v  -3.7315 0.4094 -4.3828
v  -3.7215 0.4070 -4.3663
v  -3.6520 0.4089 -4.4356
v  -3.6584 0.4094 -4.4427
v  -3.6455 0.4070 -4.4287
v  -3.5908 0.4089 -4.5102
v  -3.5985 0.4094 -4.5158
v  -3.5831 0.4070 -4.5047
v  -3.5454 0.4089 -4.5953
v  -3.5539 0.4094 -4.5991
v  -3.5367 0.4070 -4.5915
v  -3.5174 0.4089 -4.6876
v  -3.5265 0.4094 -4.6895
v  -3.5081 0.4070 -4.6857
v  -3.5079 0.4089 -4.7836
v  -3.5172 0.4094 -4.7836
v  -3.4985 0.4070 -4.7836
v  -3.5174 0.4089 -4.8796
v  -3.5265 0.4094 -4.8776
v  -3.5081 0.4070 -4.8815
v  -3.5454 0.4089 -4.9719
v  -3.5539 0.4094 -4.9681
v  -3.5367 0.4070 -4.9756
v  -3.5908 0.4089 -5.0570
v  -3.5985 0.4094 -5.0514
v  -3.5831 0.4070 -5.0624
v  -3.6520 0.4089 -5.1315
v  -3.6584 0.4094 -5.1244
v  -3.6455 0.4070 -5.1385
v  -3.7266 0.4089 -5.1927
v  -3.7315 0.4094 -5.1844
v  -3.7215 0.4070 -5.2009
v  -3.8117 0.4089 -5.2382
v  -3.8148 0.4094 -5.2289
v  -3.8083 0.4070 -5.2473
v  -3.9040 0.4089 -5.2662
v  -3.9053 0.4094 -5.2564
v  -3.9024 0.4070 -5.2758
v  -4.0000 0.4089 -5.2757
v  -3.9993 0.4094 -5.2656
v  -4.0004 0.4070 -5.2855
v  -4.0960 0.4089 -5.2662
v  -4.0933 0.4094 -5.2564
v  -4.0983 0.4070 -5.2758
v  -4.1883 0.4089 -5.2382
v  -4.1838 0.4094 -5.2289
v  -4.1924 0.4070 -5.2473
v  -4.2734 0.4089 -5.1927
v  -4.2671 0.4094 -5.1844
v  -4.2792 0.4070 -5.2009
v  -4.3480 0.4089 -5.1315
v  -4.3401 0.4094 -5.1244
v  -4.3552 0.4070 -5.1385
v  -4.4092 0.4089 -5.0570
v  -4.4001 0.4094 -5.0514
v  -4.4177 0.4070 -5.0624
v  -4.4546 0.4089 -4.9719
v  -4.4446 0.4094 -4.9681
v  -4.4640 0.4070 -4.9756
v  -4.4826 0.4089 -4.8796
v  -4.4721 0.4094 -4.8776
v  -4.4926 0.4070 -4.8815
v  -4.6882 0.4836 -4.9389
v  -6.2458 0.4836 -4.9389
v  -6.2368 1.6418 -4.9288
v  -4.6877 1.6414 -4.9288
v  -4.5049 1.6416 -4.9788
v  -4.5123 0.4834 -4.9856
v  -4.5693 0.4834 -4.9520
v  -4.5653 1.6420 -4.9427
v  -4.1612 1.6368 -5.2810
v  -4.1650 0.4835 -5.2905
v  -4.2569 0.4835 -5.2507
v  -4.2513 1.6379 -5.2422
v  -3.9670 1.6368 -5.3049
v  -3.9670 0.4835 -5.3154
v  -4.0672 0.4835 -5.3122
v  -4.0652 1.6366 -5.3012
v  -4.4675 0.4836 -5.0399
v  -4.4584 1.6400 -5.0356
v  -4.4022 1.6397 -5.1175
v  -4.4104 0.4836 -5.1234
v  -3.8698 1.6366 -5.2903
v  -3.8679 0.4835 -5.3002
v  -3.5144 1.6401 -4.9768
v  -3.5050 0.4836 -4.9807
v  -3.5504 0.4835 -5.0700
v  -3.5589 1.6398 -5.0644
v  -3.6192 1.6393 -5.1419
v  -3.6120 0.4836 -5.1491
v  -3.6868 0.4835 -5.2146
v  -3.6924 1.6380 -5.2063
v  -3.4769 1.6414 -4.7837
v  -3.4668 0.4836 -4.7837
v  -3.4768 0.4835 -4.8839
v  -3.4871 1.6409 -4.8819
v  -4.6385 0.4836 -4.9389
v  -4.6380 1.6414 -4.9289
v  -4.6877 1.6561 -4.9287
v  -6.2367 1.6566 -4.9286
v  -6.2370 1.6713 -4.9225
v  -4.6881 1.6709 -4.9228
v  -4.5653 1.6568 -4.9425
v  -4.6380 1.6561 -4.9287
v  -4.6388 1.6709 -4.9228
v  -4.5634 1.6711 -4.9368
v  -4.3317 1.6540 -5.1860
v  -4.4012 1.6552 -5.1166
v  -4.3947 1.6707 -5.1114
v  -4.3280 1.6679 -5.1807
v  -4.1612 1.6515 -5.2809
v  -4.2511 1.6520 -5.2421
v  -4.2478 1.6649 -5.2371
v  -4.1574 1.6659 -5.2748
v  -3.9670 1.6515 -5.3052
v  -4.0652 1.6504 -5.3014
v  -4.0638 1.6637 -5.2974
v  -3.9677 1.6655 -5.2989
v  -3.7775 1.6515 -5.2566
v  -3.8698 1.6507 -5.2902
v  -3.8716 1.6637 -5.2848
v  -3.7808 1.6662 -5.2503
v  -3.5145 1.6548 -4.9768
v  -3.5590 1.6538 -5.0643
v  -3.5637 1.6673 -5.0610
v  -3.5204 1.6700 -4.9741
v  -3.6193 1.6540 -5.1418
v  -3.6925 1.6524 -5.2061
v  -3.6966 1.6665 -5.2008
v  -3.6246 1.6683 -5.1366
v  -3.4770 1.6561 -4.7837
v  -3.4872 1.6548 -4.8819
v  -3.4914 1.6690 -4.8809
v  -3.4831 1.6715 -4.7837
v  -4.5048 1.6563 -4.9787
v  -4.5001 1.6708 -4.9747
v  -4.4583 1.6548 -5.0355
v  -4.4526 1.6700 -5.0333
v  -6.2459 0.4688 -4.9390
v  -4.6882 0.4688 -4.9390
v  -4.6881 0.4528 -4.9325
v  -6.2460 0.4532 -4.9329
v  -4.5124 0.4687 -4.9857
v  -4.4676 0.4688 -5.0399
v  -4.4615 0.4531 -5.0382
v  -4.5082 0.4528 -4.9814
v  -4.1650 0.4688 -5.2906
v  -4.0672 0.4695 -5.3123
v  -4.0668 0.4554 -5.3078
v  -4.1631 0.4534 -5.2847
v  -4.3397 0.4688 -5.1942
v  -4.2570 0.4694 -5.2508
v  -4.2550 0.4550 -5.2468
v  -4.3362 0.4534 -5.1896
v  -4.4105 0.4680 -5.1235
v  -4.4034 0.4514 -5.1184
v  -3.5048 0.4688 -4.9807
v  -3.4767 0.4695 -4.8840
v  -3.4808 0.4551 -4.8831
v  -3.5103 0.4535 -4.9783
v  -3.7736 0.4688 -5.2661
v  -3.6867 0.4692 -5.2147
v  -3.6902 0.4546 -5.2097
v  -3.7764 0.4538 -5.2597
v  -3.6119 0.4688 -5.1492
v  -3.5503 0.4695 -5.0701
v  -3.5541 0.4554 -5.0672
v  -3.6168 0.4543 -5.1443
v  -3.9670 0.4688 -5.3155
v  -3.8679 0.4694 -5.3004
v  -3.8696 0.4560 -5.2947
v  -3.9678 0.4536 -5.3096
v  -4.5693 0.4687 -4.9521
v  -4.5689 0.4537 -4.9458
v  -4.6385 0.4688 -4.9391
v  -4.6389 0.4528 -4.9325
v  -6.2502 1.6418 -4.9288
v  -6.2593 0.4836 -4.9389
v  -6.2745 0.4836 -4.9329
v  -6.2649 1.6419 -4.9229
v  -6.2500 1.6566 -4.9286
v  -6.2647 1.6565 -4.9227
v  -6.2620 1.6688 -4.9196
v  -6.2501 1.6713 -4.9225
v  -6.2594 0.4688 -4.9390
v  -6.2597 0.4535 -4.9334
v  -6.2718 0.4581 -4.9310
v  -6.2748 0.4687 -4.9329
v  -4.6885 1.6778 -4.8986
v  -6.2374 1.6778 -4.8978
v  -6.2374 1.6778 -4.8408
v  -4.6885 1.6778 -4.8412
v  -6.2461 0.4466 -4.9075
v  -4.6881 0.4466 -4.9063
v  -4.7075 0.4466 -4.8446
v  -6.2481 0.4466 -4.8456
v  -4.5619 0.4466 -4.9224
v  -4.4911 0.4466 -4.9615
v  -4.5185 0.4466 -4.8703
v  -4.5792 0.4466 -4.8534
v  -4.6372 0.4466 -4.9062
v  -4.6563 0.4466 -4.8446
v  -6.2719 1.6419 -4.8985
v  -6.2815 0.4836 -4.9080
v  -6.2833 0.4836 -4.8459
v  -6.2735 1.6421 -4.8411
v  -6.2502 1.6779 -4.8978
v  -6.2655 1.6715 -4.8982
v  -6.2665 1.6722 -4.8410
v  -6.2503 1.6779 -4.8408
v  -6.2815 0.4687 -4.9082
v  -6.2756 0.4534 -4.9080
v  -6.2772 0.4531 -4.8459
v  -6.2838 0.4685 -4.8459
v  -4.5551 1.6777 -4.9139
v  -4.6379 1.6778 -4.8986
v  -4.6376 1.6778 -4.8412
v  -4.5532 1.6777 -4.8496
v  -4.4834 1.6773 -4.9568
v  -4.4880 1.6774 -4.8680
v  -4.3133 1.6745 -5.1619
v  -4.3756 1.6756 -5.0935
v  -4.2492 1.6758 -5.0774
v  -4.1932 1.6750 -5.1192
v  -4.1481 1.6726 -5.2517
v  -4.2365 1.6734 -5.2173
v  -4.1291 1.6745 -5.1468
v  -4.0668 1.6742 -5.1651
v  -3.9695 1.6720 -5.2748
v  -4.0602 1.6720 -5.2748
v  -3.9996 1.6741 -5.1732
v  -3.9323 1.6743 -5.1651
v  -3.7918 1.6732 -5.2279
v  -3.8777 1.6724 -5.2628
v  -3.8701 1.6747 -5.1468
v  -3.8059 1.6753 -5.1192
v  -3.5433 1.6771 -4.9647
v  -3.5830 1.6764 -5.0484
v  -3.6623 1.6768 -4.9785
v  -3.6356 1.6768 -4.9162
v  -3.6426 1.6753 -5.1194
v  -3.7110 1.6742 -5.1811
v  -3.7499 1.6760 -5.0774
v  -3.7029 1.6766 -5.0327
v  -3.5085 1.6780 -4.7837
v  -3.5141 1.6778 -4.8765
v  -3.6160 1.6768 -4.8514
v  -3.6123 1.6768 -4.7837
v  -4.4323 1.6767 -5.0190
v  -4.3635 1.6767 -4.9162
v  -4.2963 1.6766 -5.0327
v  -4.3831 1.6767 -4.8514
v  -4.1030 1.6768 -4.7837
v  -3.9771 1.6768 -4.7837
v  -3.9793 1.6768 -4.8448
v  -4.1039 1.6768 -4.8449
v  -4.1028 1.6768 -4.9059
v  -3.9846 1.6768 -4.9059
v  -3.9904 1.6768 -4.9688
v  -4.0989 1.6768 -4.9698
v  -3.8512 1.6768 -4.7837
v  -3.7317 1.6768 -4.7837
v  -3.7348 1.6768 -4.8442
v  -3.8545 1.6768 -4.8466
v  -4.2344 1.6767 -4.9035
v  -4.2437 1.6767 -4.8440
v  -3.8663 1.6768 -4.9088
v  -3.7486 1.6768 -4.9033
v  -3.7674 1.6768 -4.9616
v  -3.8818 1.6768 -4.9698
v  -4.0910 1.6766 -5.0332
v  -4.1937 1.6766 -5.0350
v  -4.2190 1.6767 -4.9708
v  -3.9954 1.6766 -5.0317
v  -3.9922 1.6756 -5.1041
v  -4.0698 1.6756 -5.1023
v  -4.1486 1.6757 -5.0955
v  -3.9154 1.6757 -5.0980
v  -3.8360 1.6759 -5.0811
v  -6.2458 0.4836 -4.6288
v  -4.6882 0.4836 -4.6285
v  -4.6877 1.6414 -4.6386
v  -6.2368 1.6418 -4.6386
v  -4.5654 1.6421 -4.6247
v  -4.5693 0.4834 -4.6154
v  -4.5124 0.4834 -4.5818
v  -4.5050 1.6416 -4.5886
v  -4.3325 1.6393 -4.3805
v  -4.3398 0.4836 -4.3732
v  -4.2569 0.4835 -4.3169
v  -4.2514 1.6379 -4.3252
v  -4.1613 1.6369 -4.2863
v  -4.1650 0.4835 -4.2769
v  -4.0672 0.4835 -4.2549
v  -4.0652 1.6367 -4.2661
v  -4.4022 1.6397 -4.4499
v  -4.4107 0.4836 -4.4439
v  -3.7736 0.4835 -4.3013
v  -3.7774 1.6369 -4.3107
v  -3.8698 1.6366 -4.2771
v  -3.8679 0.4835 -4.2674
v  -3.6191 1.6393 -4.4255
v  -3.6122 0.4836 -4.4186
v  -3.5505 0.4835 -4.4976
v  -3.5588 1.6398 -4.5030
v  -3.6867 0.4835 -4.3526
v  -3.6924 1.6380 -4.3611
v  -3.5143 1.6401 -4.5906
v  -3.5048 0.4836 -4.5867
v  -3.4773 0.4835 -4.6836
v  -3.4871 1.6409 -4.6856
v  -4.4676 0.4836 -4.5275
v  -4.4585 1.6401 -4.5319
v  -4.6380 1.6414 -4.6385
v  -4.6385 0.4836 -4.6285
v  -4.6885 1.6778 -4.6589
v  -6.2374 1.6778 -4.6596
v  -6.2370 1.6713 -4.6449
v  -4.6881 1.6710 -4.6446
v  -4.5653 1.6568 -4.6248
v  -4.5634 1.6711 -4.6307
v  -4.6388 1.6710 -4.6446
v  -4.6380 1.6562 -4.6387
v  -4.3317 1.6540 -4.3814
v  -4.3281 1.6679 -4.3867
v  -4.3947 1.6707 -4.4561
v  -4.4013 1.6552 -4.4508
v  -4.1612 1.6516 -4.2864
v  -4.1574 1.6659 -4.2926
v  -4.2478 1.6649 -4.3303
v  -4.2512 1.6521 -4.3252
v  -3.9670 1.6516 -4.2622
v  -3.9676 1.6656 -4.2685
v  -4.0638 1.6637 -4.2700
v  -4.0652 1.6505 -4.2659
v  -3.7775 1.6516 -4.3108
v  -3.7808 1.6663 -4.3171
v  -3.8716 1.6638 -4.2826
v  -3.8698 1.6507 -4.2772
v  -3.5144 1.6549 -4.5907
v  -3.5204 1.6700 -4.5933
v  -3.5636 1.6673 -4.5065
v  -3.5589 1.6538 -4.5031
v  -3.6192 1.6540 -4.4256
v  -3.6246 1.6684 -4.4308
v  -3.6965 1.6665 -4.3666
v  -3.6924 1.6524 -4.3613
v  -3.4914 1.6690 -4.6866
v  -3.4872 1.6549 -4.6856
v  -4.5049 1.6563 -4.5887
v  -4.5001 1.6708 -4.5927
v  -4.4584 1.6548 -4.5319
v  -4.4526 1.6700 -4.5341
v  -6.2461 0.4466 -4.6499
v  -4.6880 0.4466 -4.6512
v  -4.6881 0.4527 -4.6349
v  -6.2460 0.4531 -4.6345
v  -4.5125 0.4686 -4.5817
v  -4.5080 0.4530 -4.5863
v  -4.4616 0.4531 -4.5292
v  -4.4678 0.4688 -4.5274
v  -4.1651 0.4688 -4.2768
v  -4.1632 0.4533 -4.2827
v  -4.0668 0.4554 -4.2596
v  -4.0672 0.4694 -4.2548
v  -4.3399 0.4687 -4.3731
v  -4.3361 0.4537 -4.3781
v  -4.2548 0.4553 -4.3209
v  -4.2570 0.4695 -4.3168
v  -4.4037 0.4511 -4.4489
v  -4.4107 0.4679 -4.4439
v  -3.5047 0.4687 -4.5867
v  -3.5111 0.4543 -4.5895
v  -3.4820 0.4564 -4.6847
v  -3.4772 0.4697 -4.6836
v  -3.7735 0.4687 -4.3012
v  -3.7762 0.4531 -4.3072
v  -3.6899 0.4539 -4.3572
v  -3.6866 0.4691 -4.3525
v  -3.6121 0.4689 -4.4185
v  -3.6169 0.4546 -4.4234
v  -3.5549 0.4562 -4.5006
v  -3.5504 0.4696 -4.4976
v  -3.9670 0.4687 -4.2516
v  -3.9678 0.4535 -4.2578
v  -3.8693 0.4552 -4.2720
v  -3.8679 0.4694 -4.2673
v  -4.5694 0.4686 -4.6153
v  -4.5690 0.4532 -4.6212
v  -4.6385 0.4688 -4.6283
v  -4.6389 0.4527 -4.6349
v  -6.2716 1.6419 -4.6589
v  -6.2812 0.4836 -4.6494
v  -6.2745 0.4836 -4.6345
v  -6.2649 1.6420 -4.6445
v  -6.2501 1.6566 -4.6388
v  -6.2501 1.6713 -4.6449
v  -6.2621 1.6688 -4.6479
v  -6.2648 1.6566 -4.6447
v  -6.2593 0.4689 -4.6286
v  -6.2746 0.4687 -4.6344
v  -6.2723 0.4562 -4.6373
v  -6.2598 0.4533 -4.6343
v  -4.6885 1.6778 -4.7837
v  -6.2375 1.6778 -4.7837
v  -6.2374 1.6778 -4.7267
v  -4.6885 1.6778 -4.7263
v  -6.2495 0.4466 -4.7837
v  -4.7211 0.4466 -4.7837
v  -4.7075 0.4466 -4.7229
v  -6.2481 0.4466 -4.7218
v  -4.5619 0.4466 -4.6451
v  -4.5792 0.4466 -4.7140
v  -4.5185 0.4466 -4.6972
v  -4.4911 0.4466 -4.6059
v  -4.6372 0.4466 -4.6613
v  -4.6563 0.4466 -4.7229
v  -6.2750 1.6425 -4.7837
v  -6.2852 0.4836 -4.7837
v  -6.2833 0.4836 -4.7216
v  -6.2735 1.6421 -4.7264
v  -6.2502 1.6779 -4.6697
v  -6.2503 1.6779 -4.7267
v  -6.2665 1.6722 -4.7265
v  -6.2655 1.6715 -4.6693
v  -6.2816 0.4687 -4.6593
v  -6.2835 0.4686 -4.7216
v  -6.2775 0.4533 -4.7216
v  -6.2756 0.4534 -4.6595
v  -4.5551 1.6777 -4.6535
v  -4.5532 1.6777 -4.7179
v  -4.6376 1.6778 -4.7263
v  -4.6380 1.6778 -4.6689
v  -4.4834 1.6773 -4.6107
v  -4.4880 1.6774 -4.6995
v  -4.3133 1.6746 -4.4056
v  -4.1932 1.6753 -4.4483
v  -4.2493 1.6760 -4.4901
v  -4.3756 1.6758 -4.4740
v  -4.1481 1.6726 -4.3158
v  -4.0668 1.6743 -4.4023
v  -4.1291 1.6747 -4.4207
v  -4.2365 1.6734 -4.3502
v  -3.9695 1.6720 -4.2927
v  -3.9323 1.6742 -4.4023
v  -3.9996 1.6741 -4.3943
v  -4.0602 1.6721 -4.2927
v  -3.7918 1.6731 -4.3396
v  -3.8059 1.6750 -4.4483
v  -3.8701 1.6745 -4.4207
v  -3.8777 1.6723 -4.3046
v  -3.5433 1.6771 -4.6028
v  -3.6356 1.6768 -4.6513
v  -3.6623 1.6768 -4.5890
v  -3.5830 1.6763 -4.5191
v  -3.6426 1.6752 -4.4481
v  -3.7029 1.6766 -4.5348
v  -3.7499 1.6758 -4.4901
v  -3.7110 1.6741 -4.3864
v  -3.6160 1.6768 -4.7161
v  -3.5141 1.6778 -4.6910
v  -4.4323 1.6767 -4.5485
v  -4.2963 1.6766 -4.5348
v  -4.3635 1.6767 -4.6513
v  -4.3831 1.6767 -4.7161
v  -4.1039 1.6768 -4.7226
v  -3.9793 1.6768 -4.7227
v  -4.1028 1.6768 -4.6615
v  -4.0989 1.6768 -4.5977
v  -3.9904 1.6768 -4.5987
v  -3.9846 1.6768 -4.6616
v  -3.8545 1.6768 -4.7209
v  -3.7348 1.6768 -4.7233
v  -4.2437 1.6767 -4.7234
v  -4.2344 1.6767 -4.6640
v  -3.8663 1.6768 -4.6587
v  -3.8818 1.6768 -4.5977
v  -3.7674 1.6768 -4.6059
v  -3.7486 1.6768 -4.6641
v  -4.0910 1.6766 -4.5343
v  -4.2190 1.6767 -4.5967
v  -4.1937 1.6766 -4.5325
v  -4.0698 1.6755 -4.4652
v  -3.9922 1.6755 -4.4633
v  -3.9954 1.6766 -4.5358
v  -4.1486 1.6757 -4.4720
v  -3.8360 1.6758 -4.4864
v  -3.9154 1.6755 -4.4695
v  -4.4402 0.4466 -5.0241
v  -4.3589 0.4467 -5.0642
v  -4.4275 0.4466 -4.9390
v  -4.1553 0.4466 -5.2605
v  -4.0640 0.4466 -5.2847
v  -4.0089 0.4467 -5.2405
v  -4.0887 0.4467 -5.2295
v  -4.3205 0.4466 -5.1701
v  -4.2438 0.4466 -5.2259
v  -4.1669 0.4467 -5.2095
v  -4.2381 0.4466 -5.1714
v  -4.3833 0.4466 -5.1002
v  -4.3042 0.4467 -5.1235
v  -3.5336 0.4466 -4.9687
v  -3.5040 0.4466 -4.8785
v  -3.5513 0.4466 -4.8638
v  -3.5747 0.4467 -4.9405
v  -3.7871 0.4466 -5.2368
v  -3.7042 0.4466 -5.1898
v  -3.7111 0.4467 -5.1347
v  -3.7781 0.4467 -5.1795
v  -3.6342 0.4466 -5.1275
v  -3.5736 0.4466 -5.0547
v  -3.6066 0.4466 -5.0141
v  -3.6550 0.4467 -5.0780
v  -3.9697 0.4466 -5.2849
v  -3.8755 0.4466 -5.2726
v  -3.8503 0.4467 -5.2150
v  -3.9288 0.4467 -5.2322
v  -4.5309 0.4466 -4.7837
v  -4.4502 0.4466 -4.8628
v  -4.4549 0.4467 -4.7837
v  -4.4402 0.4466 -4.5434
v  -4.4275 0.4466 -4.6285
v  -4.3589 0.4467 -4.5032
v  -3.9697 0.4466 -4.2826
v  -4.0640 0.4466 -4.2828
v  -4.0089 0.4466 -4.3270
v  -3.9288 0.4466 -4.3353
v  -4.1553 0.4466 -4.3070
v  -4.2438 0.4466 -4.3416
v  -4.1669 0.4467 -4.3580
v  -4.0887 0.4466 -4.3380
v  -4.3205 0.4466 -4.3974
v  -4.3833 0.4466 -4.4673
v  -4.3042 0.4467 -4.4439
v  -4.2381 0.4467 -4.3961
v  -3.4983 0.4466 -4.7837
v  -3.5040 0.4466 -4.6890
v  -3.5513 0.4466 -4.7037
v  -3.5468 0.4467 -4.7837
v  -3.6342 0.4466 -4.4400
v  -3.7042 0.4466 -4.3777
v  -3.7111 0.4467 -4.4328
v  -3.6550 0.4467 -4.4895
v  -3.5336 0.4466 -4.5987
v  -3.5736 0.4466 -4.5128
v  -3.6066 0.4467 -4.5534
v  -3.5747 0.4467 -4.6270
v  -3.7871 0.4466 -4.3307
v  -3.8755 0.4466 -4.2949
v  -3.8503 0.4466 -4.3525
v  -3.7781 0.4466 -4.3880
v  -4.4502 0.4466 -4.7046
v  -4.3325 1.6393 -5.1869
v  -4.3396 0.4836 -5.1941
v  -3.7737 0.4835 -5.2659
v  -3.7775 1.6368 -5.2567
v  -3.4667 0.4688 -4.7837
v  -6.2716 1.6419 -4.9086
v  -6.2714 1.6567 -4.9084
v  -6.2748 1.6570 -4.7837
v  -6.2733 1.6567 -4.8411
v  -6.2459 0.4689 -4.6286
v  -4.6882 0.4688 -4.6283
v  -4.6877 1.6562 -4.6387
v  -6.2367 1.6566 -4.6387
v  -3.9670 1.6369 -4.2625
v  -3.9670 0.4835 -4.2517
v  -6.2813 0.4688 -4.6494
v  -6.2502 1.6418 -4.6386
v  -6.2853 0.4685 -4.7837
v  -6.2719 1.6419 -4.6689
v  -6.2718 1.6567 -4.6691
v  -6.2733 1.6567 -4.7264
v  -4.6885 1.6777 -4.9086
v  -4.6389 1.6777 -4.9086
v  -6.2461 0.4466 -4.9175
v  -6.2596 0.4466 -4.9176
v  -4.6389 1.6778 -4.7837
v  -6.2627 0.4466 -4.7837
v  -6.2616 0.4466 -4.8456
v  -6.2592 0.4836 -4.6288
v  -6.2500 1.6778 -4.6596
v  -4.6383 0.4466 -4.6513
v  -6.2501 1.6779 -4.7837
v  -4.6885 1.6778 -4.6689
v  -4.6716 0.4466 -4.7837
v  -6.2461 0.4466 -4.6599
v  -6.2597 0.4466 -4.6599
v  -6.2616 0.4466 -4.7218
v  -6.2374 1.6778 -4.9079
v  -6.2500 1.6778 -4.9078
v  -6.2651 1.6712 -4.9100
v  -6.2717 1.6566 -4.8984
v  -6.2812 0.4836 -4.9180
v  -6.2813 0.4688 -4.9181
v  -6.2755 0.4536 -4.9181
v  -6.2597 0.4466 -4.9076
v  -4.6880 0.4466 -4.9163
v  -4.6383 0.4466 -4.9162
v  -4.5655 0.4467 -4.9319
v  -4.4976 0.4466 -4.9693
v  -4.4480 0.4466 -5.0304
v  -4.3905 0.4466 -5.1073
v  -4.3270 0.4466 -5.1780
v  -4.2487 0.4469 -5.2348
v  -4.1584 0.4466 -5.2701
v  -4.0653 0.4470 -5.2948
v  -3.9691 0.4467 -5.2950
v  -3.8730 0.4472 -5.2824
v  -3.7828 0.4466 -5.2460
v  -3.6983 0.4468 -5.1981
v  -3.6268 0.4467 -5.1345
v  -3.5651 0.4470 -5.0601
v  -3.5241 0.4466 -4.9725
v  -3.4940 0.4469 -4.8804
v  -3.4881 0.4466 -4.7837
v  -3.4941 0.4474 -4.6871
v  -3.5242 0.4468 -4.5950
v  -3.5652 0.4474 -4.5074
v  -3.6268 0.4467 -4.4330
v  -3.6982 0.4467 -4.3694
v  -3.7827 0.4466 -4.3215
v  -3.8729 0.4469 -4.2850
v  -3.9691 0.4466 -4.2724
v  -4.0653 0.4470 -4.2727
v  -4.1584 0.4466 -4.2974
v  -4.2487 0.4469 -4.3327
v  -4.3269 0.4467 -4.3895
v  -4.3905 0.4466 -4.4602
v  -4.4480 0.4466 -4.5371
v  -4.4976 0.4466 -4.5981
v  -4.5655 0.4467 -4.6356
v  -4.6881 0.4466 -4.6612
v  -6.2596 0.4466 -4.6499
v  -6.2752 0.4535 -4.6474
v  -6.2815 0.4836 -4.6594
v  -6.2715 1.6567 -4.6590
v  -6.2651 1.6712 -4.6575
v  -6.2374 1.6778 -4.6697
v  -4.6389 1.6778 -4.6589
v  -4.5587 1.6777 -4.6440
v  -4.4901 1.6773 -4.6030
v  -4.4400 1.6767 -4.5421
v  -4.3828 1.6757 -4.4668
v  -4.3197 1.6743 -4.3978
v  -4.2413 1.6728 -4.3413
v  -4.1512 1.6724 -4.3061
v  -4.0614 1.6714 -4.2826
v  -3.9688 1.6718 -4.2825
v  -3.8751 1.6717 -4.2948
v  -3.7874 1.6730 -4.3304
v  -3.7050 1.6739 -4.3782
v  -3.6352 1.6752 -4.4411
v  -3.5745 1.6758 -4.5137
v  -3.5339 1.6772 -4.5990
v  -3.5042 1.6774 -4.6891
v  -3.4983 1.6782 -4.7837
v  -3.5042 1.6774 -4.8784
v  -3.5339 1.6772 -4.9685
v  -3.5745 1.6758 -5.0538
v  -3.6352 1.6752 -5.1264
v  -3.7050 1.6739 -5.1893
v  -3.7874 1.6730 -5.2371
v  -3.8751 1.6717 -5.2727
v  -3.9688 1.6718 -5.2850
v  -4.0614 1.6714 -5.2849
v  -4.1512 1.6724 -5.2614
v  -4.2413 1.6728 -5.2262
v  -4.3197 1.6743 -5.1697
v  -4.3827 1.6756 -5.1006
v  -4.4400 1.6767 -5.0254
v  -4.4900 1.6773 -4.9645
v  -4.5587 1.6776 -4.9234
v  -6.2673 1.6730 -4.7837
v  -3.4729 0.4534 -4.7837
v  -6.2787 0.4528 -4.7837
v  -4.3380 0.4467 -5.0668
v  -4.3310 0.4549 -5.0609
v  -4.4066 0.4553 -4.9313
v  -4.4146 0.4469 -4.9341
v  -3.9243 0.4479 -5.2177
v  -3.9257 0.4561 -5.2097
v  -4.0008 0.4549 -5.2176
v  -4.0008 0.4467 -5.2257
v  -4.0773 0.4478 -5.2177
v  -4.0759 0.4560 -5.2096
v  -4.1489 0.4542 -5.1910
v  -4.1521 0.4467 -5.1994
v  -4.2208 0.4467 -5.1649
v  -4.2166 0.4551 -5.1575
v  -4.2786 0.4543 -5.1142
v  -4.2848 0.4467 -5.1214
v  -3.5598 0.4486 -4.7837
v  -3.5677 0.4567 -4.7837
v  -3.5733 0.4552 -4.8590
v  -3.5653 0.4473 -4.8605
v  -3.6636 0.4470 -5.0667
v  -3.6700 0.4554 -5.0613
v  -3.7227 0.4548 -5.1146
v  -3.7171 0.4467 -5.1212
v  -3.5867 0.4480 -4.9344
v  -3.5943 0.4562 -4.9317
v  -3.6254 0.4544 -5.0004
v  -3.6179 0.4467 -5.0048
v  -3.7807 0.4472 -5.1650
v  -3.7849 0.4555 -5.1578
v  -3.8527 0.4545 -5.1911
v  -3.8496 0.4467 -5.1992
v  -4.4277 0.4543 -4.8589
v  -4.4364 0.4466 -4.8605
v  -4.4146 0.4469 -4.6333
v  -4.4064 0.4552 -4.6363
v  -4.3311 0.4549 -4.5065
v  -4.3380 0.4467 -4.5007
v  -4.0774 0.4479 -4.3497
v  -4.0759 0.4558 -4.3580
v  -4.0008 0.4549 -4.3498
v  -4.0008 0.4468 -4.3416
v  -4.2208 0.4467 -4.4026
v  -4.2166 0.4552 -4.4100
v  -4.1489 0.4541 -4.3766
v  -4.1521 0.4467 -4.3680
v  -4.2787 0.4545 -4.4532
v  -4.2847 0.4467 -4.4461
v  -3.5867 0.4480 -4.6330
v  -3.5946 0.4560 -4.6359
v  -3.5735 0.4551 -4.7085
v  -3.5653 0.4472 -4.7070
v  -3.7807 0.4473 -4.4023
v  -3.7849 0.4555 -4.4096
v  -3.7225 0.4550 -4.4528
v  -3.7171 0.4467 -4.4463
v  -3.6636 0.4471 -4.5008
v  -3.6699 0.4555 -4.5061
v  -3.6255 0.4544 -4.5671
v  -3.6178 0.4467 -4.5626
v  -3.9243 0.4480 -4.3496
v  -3.9258 0.4559 -4.3579
v  -3.8526 0.4544 -4.3764
v  -3.8496 0.4467 -4.3682
v  -4.4413 0.4475 -4.7837
v  -4.4332 0.4557 -4.7837
v  -4.4276 0.4541 -4.7086
v  -4.4365 0.4466 -4.7070
v  -4.3287 0.4671 -5.0588
v  -4.3242 0.8241 -5.0551
v  -4.3986 0.8249 -4.9285
v  -4.4040 0.4679 -4.9305
v  -3.9261 0.4690 -5.2077
v  -3.9271 0.8261 -5.2020
v  -4.0008 0.8262 -5.2086
v  -4.0008 0.4691 -5.2145
v  -4.0756 0.4689 -5.2076
v  -4.0745 0.8260 -5.2019
v  -4.1456 0.8253 -5.1820
v  -4.1476 0.4683 -5.1875
v  -4.2152 0.4676 -5.1550
v  -4.2122 0.8247 -5.1500
v  -4.2726 0.8242 -5.1070
v  -4.2763 0.4672 -5.1114
v  -3.5692 0.4699 -4.7837
v  -3.5750 0.8270 -4.7837
v  -3.5817 0.8267 -4.8576
v  -3.5760 0.4697 -4.8585
v  -3.6720 0.4681 -5.0597
v  -3.6764 0.8251 -5.0559
v  -3.7284 0.8250 -5.1078
v  -3.7247 0.4680 -5.1122
v  -3.5962 0.4691 -4.9310
v  -3.6014 0.8261 -4.9291
v  -3.6335 0.8255 -4.9956
v  -3.6285 0.4684 -4.9986
v  -3.7861 0.4682 -5.1557
v  -3.7890 0.8253 -5.1507
v  -3.8559 0.8257 -5.1824
v  -3.8538 0.4686 -5.1879
v  -4.4183 0.8254 -4.8572
v  -4.4241 0.4684 -4.8583
v  -4.4037 0.4676 -4.6371
v  -4.3986 0.8246 -4.6390
v  -4.3242 0.8244 -4.5124
v  -4.3289 0.4674 -4.5084
v  -4.0755 0.4687 -4.3601
v  -4.0745 0.8257 -4.3655
v  -4.0008 0.8259 -4.3564
v  -4.0008 0.4689 -4.3529
v  -4.2152 0.4676 -4.4125
v  -4.2123 0.8247 -4.4173
v  -4.1457 0.8252 -4.3853
v  -4.1475 0.4681 -4.3803
v  -4.2732 0.8244 -4.4597
v  -4.2765 0.4674 -4.4558
v  -3.5965 0.4688 -4.6366
v  -3.6015 0.8259 -4.6384
v  -3.5818 0.8265 -4.7099
v  -3.5764 0.4694 -4.7091
v  -3.7861 0.4682 -4.4118
v  -3.7889 0.8252 -4.4167
v  -3.7283 0.8252 -4.4596
v  -3.7245 0.4681 -4.4551
v  -3.6718 0.4683 -4.5076
v  -3.6764 0.8253 -4.5116
v  -3.6336 0.8255 -4.5719
v  -3.6286 0.4684 -4.5689
v  -3.9261 0.4688 -4.3600
v  -3.9271 0.8258 -4.3654
v  -3.8558 0.8255 -4.3849
v  -3.8539 0.4684 -4.3799
v  -4.4309 0.4686 -4.7837
v  -4.4250 0.8256 -4.7837
v  -4.4207 0.8252 -4.7098
v  -4.4237 0.4681 -4.7093
v  -4.3439 0.4467 -5.0716
v  -4.4217 0.4467 -4.9369
v  -3.9231 0.4467 -5.2248
v  -4.0008 0.4467 -5.2341
v  -4.0786 0.4467 -5.2248
v  -4.1549 0.4467 -5.2070
v  -4.2248 0.4466 -5.1716
v  -4.2897 0.4467 -5.1273
v  -3.5530 0.4468 -4.7837
v  -3.5573 0.4466 -4.8619
v  -3.6577 0.4467 -5.0716
v  -3.7120 0.4467 -5.1273
v  -3.5800 0.4467 -4.9369
v  -3.6108 0.4466 -5.0089
v  -3.7769 0.4467 -5.1716
v  -3.8468 0.4467 -5.2069
v  -4.4444 0.4466 -4.8619
v  -4.4217 0.4466 -4.6306
v  -4.3439 0.4467 -4.4959
v  -4.0786 0.4466 -4.3427
v  -4.0008 0.4466 -4.3334
v  -4.2248 0.4467 -4.3959
v  -4.1549 0.4467 -4.3605
v  -4.2897 0.4467 -4.4402
v  -3.5800 0.4467 -4.6306
v  -3.5573 0.4466 -4.7055
v  -3.7769 0.4466 -4.3959
v  -3.7120 0.4467 -4.4402
v  -3.6577 0.4467 -4.4959
v  -3.6108 0.4467 -4.5586
v  -3.9231 0.4466 -4.3427
v  -3.8468 0.4466 -4.3605
v  -4.4488 0.4468 -4.7837
v  -4.4444 0.4466 -4.7055
v  -4.3287 0.4610 -5.0589
v  -4.4041 0.4619 -4.9305
v  -3.9261 0.4630 -5.2078
v  -4.0008 0.4621 -5.2146
v  -4.0756 0.4629 -5.2077
v  -4.1477 0.4611 -5.1876
v  -4.2153 0.4616 -5.1551
v  -4.2764 0.4606 -5.1115
v  -3.5691 0.4639 -4.7837
v  -3.5759 0.4626 -4.8586
v  -3.6719 0.4620 -5.0597
v  -3.7246 0.4615 -5.1123
v  -3.5961 0.4630 -4.9310
v  -3.6284 0.4613 -4.9986
v  -3.7860 0.4622 -5.1558
v  -3.8538 0.4615 -5.1880
v  -4.4242 0.4612 -4.8583
v  -4.4037 0.4615 -4.6371
v  -4.3290 0.4613 -4.5084
v  -4.0755 0.4626 -4.3600
v  -4.0008 0.4619 -4.3528
v  -4.2152 0.4616 -4.4124
v  -4.1476 0.4609 -4.3802
v  -4.2766 0.4609 -4.4557
v  -3.5964 0.4628 -4.6365
v  -3.5763 0.4624 -4.7090
v  -3.7861 0.4621 -4.4117
v  -3.7244 0.4617 -4.4550
v  -3.6717 0.4622 -4.5076
v  -3.6285 0.4613 -4.5688
v  -3.9261 0.4627 -4.3599
v  -3.8539 0.4613 -4.3798
v  -4.4310 0.4625 -4.7837
v  -4.4238 0.4609 -4.7093
v  -3.8999 1.6767 -5.0304
v  -3.7940 1.6768 -5.0172
v  -3.8999 1.6767 -4.5371
v  -4.2450 1.6767 -4.7837
v  -4.3869 1.6767 -4.7837
v  -3.7940 1.6768 -4.5503
v  -4.5988 0.4466 -4.7837
v  -4.5587 1.6777 -4.7837
v  -4.4900 1.6774 -4.7837
v  4.6882 0.4836 -4.6282
v  6.2458 0.4836 -4.6282
v  6.2368 1.6418 -4.6384
v  4.6877 1.6414 -4.6383
v  4.5049 1.6416 -4.5884
v  4.5123 0.4834 -4.5815
v  4.5693 0.4834 -4.6152
v  4.5653 1.6420 -4.6245
v  4.1612 1.6368 -4.2862
v  4.1650 0.4835 -4.2766
v  4.2569 0.4835 -4.3165
v  4.2513 1.6379 -4.3250
v  3.9670 1.6368 -4.2623
v  3.9670 0.4835 -4.2517
v  4.0672 0.4835 -4.2550
v  4.0652 1.6366 -4.2659
v  4.4675 0.4836 -4.5273
v  4.4584 1.6400 -4.5316
v  4.4022 1.6397 -4.4496
v  4.4104 0.4836 -4.4438
v  3.8698 1.6366 -4.2768
v  3.8679 0.4835 -4.2669
v  3.5144 1.6401 -4.5903
v  3.5050 0.4836 -4.5865
v  3.5504 0.4835 -4.4971
v  3.5589 1.6398 -4.5027
v  3.6192 1.6393 -4.4252
v  3.6120 0.4836 -4.4181
v  3.6868 0.4835 -4.3525
v  3.6924 1.6380 -4.3609
v  3.4769 1.6414 -4.7834
v  3.4668 0.4836 -4.7834
v  3.4768 0.4835 -4.6832
v  3.4871 1.6409 -4.6852
v  4.6385 0.4836 -4.6282
v  4.6380 1.6414 -4.6383
v  4.6877 1.6561 -4.6385
v  6.2367 1.6566 -4.6385
v  6.2370 1.6713 -4.6446
v  4.6881 1.6709 -4.6443
v  4.5653 1.6568 -4.6246
v  4.6380 1.6561 -4.6384
v  4.6388 1.6709 -4.6443
v  4.5634 1.6711 -4.6304
v  4.3317 1.6540 -4.3811
v  4.4012 1.6552 -4.4505
v  4.3947 1.6707 -4.4558
v  4.3280 1.6679 -4.3864
v  4.1612 1.6515 -4.2863
v  4.2511 1.6520 -4.3250
v  4.2478 1.6649 -4.3300
v  4.1574 1.6659 -4.2923
v  3.9670 1.6515 -4.2620
v  4.0652 1.6504 -4.2657
v  4.0638 1.6637 -4.2697
v  3.9677 1.6655 -4.2682
v  3.7775 1.6515 -4.3106
v  3.8698 1.6507 -4.2769
v  3.8716 1.6637 -4.2823
v  3.7808 1.6662 -4.3168
v  3.5145 1.6548 -4.5903
v  3.5590 1.6538 -4.5028
v  3.5637 1.6673 -4.5061
v  3.5204 1.6700 -4.5930
v  3.6193 1.6540 -4.4253
v  3.6925 1.6524 -4.3610
v  3.6966 1.6665 -4.3663
v  3.6246 1.6683 -4.4305
v  3.4770 1.6561 -4.7834
v  3.4872 1.6548 -4.6853
v  3.4914 1.6690 -4.6862
v  3.4831 1.6715 -4.7834
v  4.5048 1.6563 -4.5885
v  4.5001 1.6708 -4.5924
v  4.4583 1.6548 -4.5316
v  4.4526 1.6700 -4.5338
v  6.2459 0.4688 -4.6281
v  4.6882 0.4688 -4.6281
v  4.6881 0.4528 -4.6346
v  6.2460 0.4532 -4.6342
v  4.5124 0.4687 -4.5814
v  4.4676 0.4688 -4.5272
v  4.4615 0.4531 -4.5289
v  4.5082 0.4528 -4.5858
v  4.1650 0.4688 -4.2765
v  4.0672 0.4695 -4.2549
v  4.0668 0.4554 -4.2593
v  4.1631 0.4534 -4.2824
v  4.3397 0.4688 -4.3729
v  4.2570 0.4694 -4.3164
v  4.2550 0.4550 -4.3204
v  4.3362 0.4534 -4.3776
v  4.4105 0.4680 -4.4437
v  4.4034 0.4514 -4.4488
v  3.5048 0.4688 -4.5864
v  3.4767 0.4695 -4.6832
v  3.4808 0.4551 -4.6841
v  3.5103 0.4535 -4.5889
v  3.7736 0.4688 -4.3011
v  3.6867 0.4692 -4.3524
v  3.6902 0.4546 -4.3575
v  3.7764 0.4538 -4.3074
v  3.6119 0.4688 -4.4180
v  3.5503 0.4695 -4.4971
v  3.5541 0.4555 -4.4999
v  3.6168 0.4543 -4.4229
v  3.9670 0.4688 -4.2516
v  3.8679 0.4694 -4.2668
v  3.8696 0.4560 -4.2724
v  3.9678 0.4536 -4.2576
v  4.5693 0.4687 -4.6151
v  4.5689 0.4537 -4.6213
v  4.6385 0.4688 -4.6281
v  4.6389 0.4528 -4.6346
v  6.2502 1.6418 -4.6384
v  6.2593 0.4836 -4.6282
v  6.2745 0.4836 -4.6342
v  6.2649 1.6420 -4.6443
v  6.2500 1.6566 -4.6385
v  6.2647 1.6566 -4.6444
v  6.2620 1.6688 -4.6475
v  6.2501 1.6713 -4.6446
v  6.2594 0.4688 -4.6281
v  6.2597 0.4536 -4.6337
v  6.2718 0.4581 -4.6362
v  6.2748 0.4687 -4.6343
v  4.6885 1.6778 -4.6686
v  6.2374 1.6778 -4.6693
v  6.2374 1.6778 -4.7264
v  4.6885 1.6778 -4.7260
v  6.2461 0.4466 -4.6596
v  4.6881 0.4466 -4.6609
v  4.7075 0.4466 -4.7225
v  6.2481 0.4466 -4.7215
v  4.5619 0.4466 -4.6447
v  4.4911 0.4466 -4.6056
v  4.5185 0.4466 -4.6968
v  4.5792 0.4466 -4.7137
v  4.6372 0.4466 -4.6609
v  4.6563 0.4466 -4.7225
v  6.2719 1.6419 -4.6686
v  6.2815 0.4836 -4.6591
v  6.2833 0.4836 -4.7213
v  6.2735 1.6421 -4.7260
v  6.2502 1.6779 -4.6693
v  6.2655 1.6715 -4.6689
v  6.2665 1.6722 -4.7262
v  6.2503 1.6779 -4.7264
v  6.2815 0.4687 -4.6590
v  6.2756 0.4534 -4.6591
v  6.2772 0.4531 -4.7213
v  6.2838 0.4685 -4.7212
v  4.5551 1.6777 -4.6532
v  4.6379 1.6778 -4.6686
v  4.6376 1.6778 -4.7259
v  4.5532 1.6777 -4.7176
v  4.4834 1.6773 -4.6103
v  4.4880 1.6774 -4.6991
v  4.3133 1.6745 -4.4053
v  4.3756 1.6756 -4.4737
v  4.2492 1.6758 -4.4897
v  4.1932 1.6750 -4.4480
v  4.1481 1.6726 -4.3155
v  4.2365 1.6734 -4.3498
v  4.1291 1.6745 -4.4204
v  4.0668 1.6742 -4.4020
v  3.9695 1.6720 -4.2923
v  4.0602 1.6721 -4.2923
v  3.9996 1.6741 -4.3939
v  3.9323 1.6743 -4.4020
v  3.7918 1.6732 -4.3393
v  3.8777 1.6724 -4.3043
v  3.8701 1.6747 -4.4204
v  3.8059 1.6753 -4.4480
v  3.5433 1.6771 -4.6025
v  3.5830 1.6764 -4.5188
v  3.6623 1.6768 -4.5887
v  3.6356 1.6768 -4.6509
v  3.6426 1.6753 -4.4477
v  3.7110 1.6742 -4.3860
v  3.7499 1.6760 -4.4897
v  3.7029 1.6766 -4.5344
v  3.5085 1.6780 -4.7834
v  3.5141 1.6778 -4.6907
v  3.6160 1.6768 -4.7158
v  3.6123 1.6768 -4.7834
v  4.4323 1.6767 -4.5481
v  4.3635 1.6767 -4.6509
v  4.2963 1.6766 -4.5344
v  4.3831 1.6767 -4.7158
v  4.1030 1.6768 -4.7834
v  3.9771 1.6768 -4.7834
v  3.9793 1.6768 -4.7223
v  4.1039 1.6768 -4.7223
v  4.1028 1.6768 -4.6612
v  3.9846 1.6768 -4.6613
v  3.9904 1.6768 -4.5984
v  4.0989 1.6768 -4.5974
v  3.8512 1.6768 -4.7834
v  3.7317 1.6768 -4.7834
v  3.7348 1.6768 -4.7230
v  3.8545 1.6768 -4.7206
v  4.2344 1.6767 -4.6637
v  4.2437 1.6767 -4.7231
v  3.8663 1.6768 -4.6584
v  3.7486 1.6768 -4.6638
v  3.7674 1.6768 -4.6055
v  3.8818 1.6768 -4.5973
v  4.0910 1.6766 -4.5339
v  4.1937 1.6766 -4.5321
v  4.2190 1.6768 -4.5963
v  3.9954 1.6766 -4.5355
v  3.9922 1.6756 -4.4630
v  4.0698 1.6756 -4.4648
v  4.1486 1.6757 -4.4716
v  3.9154 1.6757 -4.4692
v  3.8360 1.6759 -4.4861
v  6.2458 0.4836 -4.9384
v  4.6882 0.4836 -4.9387
v  4.6877 1.6414 -4.9285
v  6.2368 1.6418 -4.9286
v  4.5654 1.6421 -4.9424
v  4.5693 0.4834 -4.9517
v  4.5124 0.4834 -4.9854
v  4.5050 1.6416 -4.9785
v  4.3325 1.6393 -5.1867
v  4.3398 0.4836 -5.1939
v  4.2569 0.4835 -5.2503
v  4.2514 1.6379 -5.2419
v  4.1613 1.6369 -5.2808
v  4.1650 0.4835 -5.2902
v  4.0672 0.4835 -5.3122
v  4.0652 1.6367 -5.3010
v  4.4022 1.6397 -5.1173
v  4.4107 0.4837 -5.1233
v  3.7736 0.4835 -5.2658
v  3.7774 1.6369 -5.2564
v  3.8698 1.6367 -5.2900
v  3.8679 0.4835 -5.2997
v  3.6191 1.6393 -5.1416
v  3.6122 0.4836 -5.1485
v  3.5505 0.4835 -5.0695
v  3.5588 1.6398 -5.0641
v  3.6867 0.4835 -5.2146
v  3.6924 1.6380 -5.2060
v  3.5143 1.6401 -4.9765
v  3.5048 0.4836 -4.9804
v  3.4773 0.4835 -4.8835
v  3.4871 1.6409 -4.8816
v  4.4676 0.4836 -5.0397
v  4.4585 1.6401 -5.0353
v  4.6380 1.6414 -4.9286
v  4.6385 0.4836 -4.9387
v  4.6885 1.6778 -4.9082
v  6.2374 1.6778 -4.9075
v  6.2370 1.6713 -4.9222
v  4.6881 1.6710 -4.9226
v  4.5653 1.6568 -4.9423
v  4.5634 1.6711 -4.9365
v  4.6388 1.6710 -4.9226
v  4.6380 1.6562 -4.9285
v  4.3317 1.6540 -5.1857
v  4.3281 1.6679 -5.1804
v  4.3947 1.6707 -5.1111
v  4.4013 1.6552 -5.1163
v  4.1612 1.6516 -5.2807
v  4.1574 1.6660 -5.2745
v  4.2478 1.6649 -5.2368
v  4.2512 1.6521 -5.2419
v  3.9670 1.6516 -5.3049
v  3.9676 1.6656 -5.2986
v  4.0638 1.6637 -5.2971
v  4.0652 1.6505 -5.3013
v  3.7775 1.6516 -5.2563
v  3.7808 1.6663 -5.2501
v  3.8716 1.6638 -5.2846
v  3.8698 1.6507 -5.2899
v  3.5144 1.6549 -4.9765
v  3.5204 1.6700 -4.9738
v  3.5636 1.6674 -5.0607
v  3.5589 1.6538 -5.0640
v  3.6192 1.6540 -5.1415
v  3.6246 1.6684 -5.1363
v  3.6965 1.6665 -5.2005
v  3.6924 1.6524 -5.2059
v  3.4914 1.6690 -4.8806
v  3.4872 1.6549 -4.8815
v  4.5049 1.6564 -4.9784
v  4.5001 1.6708 -4.9744
v  4.4584 1.6548 -5.0352
v  4.4526 1.6700 -5.0330
v  6.2461 0.4466 -4.9172
v  4.6880 0.4466 -4.9159
v  4.6881 0.4527 -4.9322
v  6.2460 0.4531 -4.9326
v  4.5125 0.4686 -4.9855
v  4.5080 0.4530 -4.9808
v  4.4616 0.4531 -5.0379
v  4.4678 0.4688 -5.0397
v  4.1651 0.4688 -5.2903
v  4.1632 0.4533 -5.2845
v  4.0668 0.4554 -5.3075
v  4.0672 0.4694 -5.3123
v  4.3399 0.4688 -5.1940
v  4.3361 0.4537 -5.1890
v  4.2548 0.4553 -5.2462
v  4.2570 0.4695 -5.2504
v  4.4037 0.4511 -5.1182
v  4.4107 0.4679 -5.1233
v  3.5047 0.4688 -4.9805
v  3.5111 0.4543 -4.9776
v  3.4820 0.4564 -4.8824
v  3.4772 0.4697 -4.8835
v  3.7735 0.4687 -5.2659
v  3.7762 0.4531 -5.2600
v  3.6899 0.4539 -5.2099
v  3.6866 0.4691 -5.2147
v  3.6121 0.4689 -5.1486
v  3.6169 0.4546 -5.1437
v  3.5549 0.4562 -5.0665
v  3.5504 0.4696 -5.0696
v  3.9670 0.4687 -5.3155
v  3.9678 0.4535 -5.3094
v  3.8693 0.4552 -5.2951
v  3.8679 0.4694 -5.2999
v  4.5694 0.4686 -4.9518
v  4.5690 0.4532 -4.9459
v  4.6385 0.4688 -4.9388
v  4.6389 0.4527 -4.9322
v  6.2716 1.6419 -4.9082
v  6.2812 0.4836 -4.9177
v  6.2745 0.4836 -4.9326
v  6.2649 1.6420 -4.9226
v  6.2501 1.6566 -4.9283
v  6.2501 1.6713 -4.9222
v  6.2621 1.6688 -4.9193
v  6.2648 1.6566 -4.9225
v  6.2593 0.4689 -4.9386
v  6.2746 0.4687 -4.9328
v  6.2723 0.4562 -4.9298
v  6.2598 0.4533 -4.9328
v  4.6885 1.6778 -4.7834
v  6.2375 1.6778 -4.7834
v  6.2374 1.6778 -4.8404
v  4.6885 1.6778 -4.8408
v  6.2495 0.4466 -4.7834
v  4.7211 0.4466 -4.7834
v  4.7075 0.4466 -4.8443
v  6.2481 0.4466 -4.8453
v  4.5619 0.4466 -4.9221
v  4.5792 0.4466 -4.8531
v  4.5185 0.4466 -4.8700
v  4.4911 0.4466 -4.9612
v  4.6372 0.4466 -4.9059
v  4.6563 0.4466 -4.8443
v  6.2750 1.6425 -4.7834
v  6.2852 0.4836 -4.7834
v  6.2833 0.4836 -4.8455
v  6.2735 1.6421 -4.8408
v  6.2502 1.6779 -4.8975
v  6.2503 1.6779 -4.8404
v  6.2665 1.6722 -4.8406
v  6.2655 1.6715 -4.8978
v  6.2816 0.4687 -4.9078
v  6.2835 0.4686 -4.8456
v  6.2775 0.4533 -4.8455
v  6.2756 0.4534 -4.9077
v  4.5551 1.6777 -4.9136
v  4.5532 1.6777 -4.8492
v  4.6376 1.6778 -4.8409
v  4.6380 1.6778 -4.8982
v  4.4834 1.6773 -4.9565
v  4.4880 1.6774 -4.8677
v  4.3133 1.6746 -5.1615
v  4.1932 1.6753 -5.1188
v  4.2493 1.6760 -5.0771
v  4.3756 1.6758 -5.0931
v  4.1481 1.6726 -5.2513
v  4.0668 1.6743 -5.1648
v  4.1291 1.6747 -5.1464
v  4.2365 1.6734 -5.2170
v  3.9695 1.6720 -5.2745
v  3.9323 1.6742 -5.1648
v  3.9996 1.6741 -5.1729
v  4.0602 1.6721 -5.2745
v  3.7918 1.6731 -5.2275
v  3.8059 1.6750 -5.1188
v  3.8701 1.6745 -5.1464
v  3.8777 1.6723 -5.2625
v  3.5433 1.6771 -4.9643
v  3.6356 1.6768 -4.9159
v  3.6623 1.6768 -4.9781
v  3.5830 1.6763 -5.0480
v  3.6426 1.6752 -5.1191
v  3.7029 1.6766 -5.0324
v  3.7499 1.6758 -5.0771
v  3.7110 1.6741 -5.1808
v  3.6160 1.6768 -4.8510
v  3.5141 1.6778 -4.8761
v  4.4323 1.6767 -5.0187
v  4.2963 1.6766 -5.0324
v  4.3635 1.6767 -4.9159
v  4.3831 1.6767 -4.8510
v  4.1039 1.6768 -4.8445
v  3.9793 1.6768 -4.8445
v  4.1028 1.6768 -4.9056
v  4.0989 1.6768 -4.9694
v  3.9904 1.6768 -4.9684
v  3.9846 1.6768 -4.9055
v  3.8545 1.6768 -4.8462
v  3.7348 1.6768 -4.8438
v  4.2437 1.6767 -4.8437
v  4.2344 1.6767 -4.9031
v  3.8663 1.6768 -4.9084
v  3.8818 1.6768 -4.9695
v  3.7674 1.6768 -4.9613
v  3.7486 1.6768 -4.9030
v  4.0910 1.6766 -5.0329
v  4.2190 1.6768 -4.9705
v  4.1937 1.6766 -5.0347
v  4.0698 1.6755 -5.1020
v  3.9922 1.6755 -5.1038
v  3.9954 1.6766 -5.0313
v  4.1486 1.6757 -5.0952
v  3.8360 1.6758 -5.0807
v  3.9154 1.6755 -5.0976
v  4.4402 0.4466 -4.5430
v  4.3589 0.4467 -4.5029
v  4.4275 0.4467 -4.6282
v  4.1553 0.4466 -4.3067
v  4.0640 0.4466 -4.2824
v  4.0089 0.4467 -4.3266
v  4.0887 0.4467 -4.3376
v  4.3205 0.4466 -4.3970
v  4.2438 0.4466 -4.3413
v  4.1669 0.4467 -4.3576
v  4.2381 0.4466 -4.3957
v  4.3833 0.4466 -4.4669
v  4.3042 0.4467 -4.4436
v  3.5336 0.4466 -4.5984
v  3.5040 0.4466 -4.6886
v  3.5513 0.4466 -4.7033
v  3.5747 0.4467 -4.6266
v  3.7871 0.4466 -4.3304
v  3.7042 0.4466 -4.3773
v  3.7111 0.4467 -4.4325
v  3.7781 0.4467 -4.3876
v  3.6342 0.4466 -4.4397
v  3.5736 0.4466 -4.5124
v  3.6066 0.4466 -4.5530
v  3.6550 0.4467 -4.4891
v  3.9697 0.4466 -4.2823
v  3.8755 0.4466 -4.2946
v  3.8503 0.4467 -4.3522
v  3.9288 0.4467 -4.3349
v  4.5309 0.4466 -4.7834
v  4.4502 0.4466 -4.7043
v  4.4549 0.4467 -4.7834
v  4.4402 0.4466 -5.0238
v  4.4275 0.4466 -4.9386
v  4.3589 0.4467 -5.0639
v  3.9697 0.4466 -5.2845
v  4.0640 0.4466 -5.2844
v  4.0089 0.4466 -5.2402
v  3.9288 0.4466 -5.2319
v  4.1553 0.4466 -5.2601
v  4.2438 0.4466 -5.2255
v  4.1669 0.4467 -5.2092
v  4.0887 0.4466 -5.2291
v  4.3205 0.4466 -5.1698
v  4.3833 0.4466 -5.0999
v  4.3042 0.4467 -5.1232
v  4.2381 0.4467 -5.1711
v  3.4983 0.4466 -4.7834
v  3.5040 0.4466 -4.8782
v  3.5513 0.4466 -4.8635
v  3.5468 0.4467 -4.7834
v  3.6342 0.4466 -5.1271
v  3.7042 0.4466 -5.1895
v  3.7111 0.4467 -5.1343
v  3.6550 0.4467 -5.0777
v  3.5336 0.4466 -4.9684
v  3.5736 0.4466 -5.0543
v  3.6066 0.4467 -5.0138
v  3.5747 0.4467 -4.9402
v  3.7871 0.4466 -5.2364
v  3.8755 0.4466 -5.2722
v  3.8503 0.4466 -5.2146
v  3.7781 0.4466 -5.1792
v  4.4502 0.4466 -4.8625
v  4.3325 1.6393 -4.3802
v  4.3396 0.4836 -4.3730
v  3.7737 0.4835 -4.3012
v  3.7775 1.6368 -4.3104
v  3.4667 0.4688 -4.7834
v  6.2716 1.6419 -4.6586
v  6.2714 1.6567 -4.6587
v  6.2748 1.6570 -4.7834
v  6.2733 1.6567 -4.7261
v  6.2459 0.4689 -4.9385
v  4.6882 0.4688 -4.9388
v  4.6877 1.6562 -4.9284
v  6.2367 1.6566 -4.9284
v  3.9670 1.6369 -5.3047
v  3.9670 0.4835 -5.3154
v  6.2813 0.4688 -4.9178
v  6.2502 1.6418 -4.9286
v  6.2853 0.4685 -4.7834
v  6.2719 1.6419 -4.8982
v  6.2718 1.6567 -4.8981
v  6.2733 1.6567 -4.8407
v  4.6885 1.6777 -4.6586
v  4.6389 1.6777 -4.6586
v  6.2461 0.4466 -4.6496
v  6.2596 0.4466 -4.6496
v  4.6389 1.6778 -4.7834
v  6.2627 0.4466 -4.7834
v  6.2616 0.4466 -4.7215
v  6.2592 0.4836 -4.9384
v  6.2500 1.6778 -4.9075
v  4.6383 0.4466 -4.9159
v  6.2501 1.6779 -4.7834
v  4.6885 1.6778 -4.8982
v  4.6716 0.4466 -4.7834
v  6.2461 0.4466 -4.9072
v  6.2597 0.4466 -4.9072
v  6.2616 0.4466 -4.8453
v  6.2374 1.6778 -4.6593
v  6.2500 1.6778 -4.6593
v  6.2651 1.6712 -4.6571
v  6.2717 1.6567 -4.6687
v  6.2812 0.4836 -4.6491
v  6.2813 0.4688 -4.6490
v  6.2755 0.4536 -4.6490
v  6.2597 0.4466 -4.6596
v  4.6880 0.4466 -4.6509
v  4.6383 0.4466 -4.6509
v  4.5655 0.4467 -4.6353
v  4.4976 0.4466 -4.5978
v  4.4480 0.4466 -4.5367
v  4.3905 0.4466 -4.4598
v  4.3270 0.4466 -4.3892
v  4.2487 0.4469 -4.3323
v  4.1584 0.4466 -4.2970
v  4.0653 0.4470 -4.2724
v  3.9691 0.4467 -4.2721
v  3.8730 0.4472 -4.2848
v  3.7828 0.4467 -4.3212
v  3.6983 0.4468 -4.3691
v  3.6268 0.4467 -4.4327
v  3.5651 0.4471 -4.5070
v  3.5241 0.4466 -4.5946
v  3.4940 0.4469 -4.6867
v  3.4881 0.4466 -4.7834
v  3.4941 0.4474 -4.8800
v  3.5242 0.4468 -4.9721
v  3.5652 0.4474 -5.0597
v  3.6268 0.4467 -5.1341
v  3.6982 0.4467 -5.1977
v  3.7827 0.4466 -5.2457
v  3.8729 0.4469 -5.2821
v  3.9691 0.4466 -5.2947
v  4.0653 0.4470 -5.2945
v  4.1584 0.4466 -5.2698
v  4.2487 0.4469 -5.2344
v  4.3269 0.4467 -5.1776
v  4.3905 0.4466 -5.1070
v  4.4480 0.4466 -5.0301
v  4.4976 0.4466 -4.9690
v  4.5655 0.4467 -4.9315
v  4.6881 0.4466 -4.9059
v  6.2596 0.4466 -4.9172
v  6.2752 0.4535 -4.9197
v  6.2815 0.4836 -4.9077
v  6.2715 1.6567 -4.9081
v  6.2651 1.6712 -4.9097
v  6.2374 1.6778 -4.8975
v  4.6389 1.6778 -4.9082
v  4.5587 1.6777 -4.9231
v  4.4901 1.6773 -4.9642
v  4.4400 1.6767 -5.0250
v  4.3828 1.6757 -5.1003
v  4.3197 1.6743 -5.1694
v  4.2413 1.6728 -5.2258
v  4.1512 1.6724 -5.2610
v  4.0614 1.6714 -5.2845
v  3.9688 1.6718 -5.2846
v  3.8751 1.6717 -5.2723
v  3.7874 1.6730 -5.2367
v  3.7050 1.6739 -5.1890
v  3.6352 1.6752 -5.1260
v  3.5745 1.6758 -5.0535
v  3.5339 1.6772 -4.9681
v  3.5042 1.6774 -4.8780
v  3.4983 1.6782 -4.7834
v  3.5042 1.6774 -4.6888
v  3.5339 1.6772 -4.5987
v  3.5745 1.6758 -4.5133
v  3.6352 1.6752 -4.4408
v  3.7050 1.6739 -4.3778
v  3.7874 1.6730 -4.3301
v  3.8751 1.6717 -4.2945
v  3.9688 1.6718 -4.2822
v  4.0614 1.6714 -4.2823
v  4.1512 1.6724 -4.3058
v  4.2413 1.6728 -4.3410
v  4.3197 1.6743 -4.3974
v  4.3827 1.6756 -4.4665
v  4.4400 1.6767 -4.5418
v  4.4900 1.6773 -4.6026
v  4.5587 1.6776 -4.6437
v  6.2673 1.6730 -4.7834
v  3.4729 0.4535 -4.7834
v  6.2787 0.4528 -4.7834
v  4.3380 0.4467 -4.5003
v  4.3310 0.4549 -4.5062
v  4.4066 0.4553 -4.6359
v  4.4146 0.4469 -4.6330
v  3.9243 0.4479 -4.3495
v  3.9257 0.4561 -4.3574
v  4.0008 0.4549 -4.3495
v  4.0008 0.4467 -4.3414
v  4.0773 0.4478 -4.3495
v  4.0759 0.4560 -4.3575
v  4.1489 0.4542 -4.3761
v  4.1521 0.4467 -4.3677
v  4.2208 0.4467 -4.4022
v  4.2166 0.4551 -4.4097
v  4.2786 0.4543 -4.4529
v  4.2848 0.4467 -4.4457
v  3.5598 0.4486 -4.7834
v  3.5677 0.4567 -4.7834
v  3.5733 0.4552 -4.7081
v  3.5653 0.4473 -4.7066
v  3.6636 0.4470 -4.5005
v  3.6700 0.4554 -4.5059
v  3.7227 0.4549 -4.4525
v  3.7171 0.4467 -4.4459
v  3.5867 0.4480 -4.6327
v  3.5943 0.4562 -4.6355
v  3.6254 0.4544 -4.5668
v  3.6179 0.4467 -4.5623
v  3.7807 0.4472 -4.4021
v  3.7849 0.4555 -4.4093
v  3.8527 0.4545 -4.3760
v  3.8496 0.4467 -4.3679
v  4.4277 0.4543 -4.7082
v  4.4364 0.4466 -4.7066
v  4.4146 0.4469 -4.9338
v  4.4064 0.4552 -4.9309
v  4.3311 0.4549 -5.0606
v  4.3380 0.4467 -5.0665
v  4.0774 0.4479 -5.2175
v  4.0759 0.4558 -5.2092
v  4.0008 0.4549 -5.2174
v  4.0008 0.4468 -5.2256
v  4.2208 0.4467 -5.1646
v  4.2166 0.4552 -5.1571
v  4.1489 0.4541 -5.1906
v  4.1521 0.4467 -5.1992
v  4.2787 0.4545 -5.1139
v  4.2847 0.4467 -5.1210
v  3.5867 0.4480 -4.9341
v  3.5946 0.4560 -4.9312
v  3.5735 0.4551 -4.8586
v  3.5653 0.4472 -4.8602
v  3.7807 0.4473 -5.1648
v  3.7849 0.4555 -5.1575
v  3.7225 0.4550 -5.1144
v  3.7171 0.4467 -5.1208
v  3.6636 0.4471 -5.0663
v  3.6699 0.4556 -5.0610
v  3.6255 0.4544 -5.0001
v  3.6178 0.4467 -5.0045
v  3.9243 0.4480 -5.2175
v  3.9258 0.4559 -5.2093
v  3.8526 0.4544 -5.1908
v  3.8496 0.4467 -5.1990
v  4.4413 0.4475 -4.7834
v  4.4332 0.4557 -4.7834
v  4.4276 0.4541 -4.8585
v  4.4365 0.4466 -4.8602
v  4.3287 0.4671 -4.5083
v  4.3242 0.8241 -4.5120
v  4.3986 0.8250 -4.6387
v  4.4040 0.4679 -4.6366
v  3.9261 0.4690 -4.3594
v  3.9271 0.8261 -4.3651
v  4.0008 0.8262 -4.3585
v  4.0008 0.4691 -4.3527
v  4.0756 0.4689 -4.3595
v  4.0745 0.8260 -4.3653
v  4.1456 0.8253 -4.3851
v  4.1476 0.4683 -4.3797
v  4.2152 0.4677 -4.4121
v  4.2122 0.8247 -4.4171
v  4.2726 0.8242 -4.4601
v  4.2763 0.4672 -4.4557
v  3.5692 0.4699 -4.7834
v  3.5750 0.8270 -4.7834
v  3.5817 0.8267 -4.7096
v  3.5760 0.4697 -4.7086
v  3.6720 0.4681 -4.5075
v  3.6764 0.8251 -4.5112
v  3.7284 0.8250 -4.4594
v  3.7247 0.4680 -4.4549
v  3.5962 0.4691 -4.6361
v  3.6014 0.8261 -4.6381
v  3.6335 0.8255 -4.5715
v  3.6285 0.4684 -4.5686
v  3.7861 0.4683 -4.4115
v  3.7890 0.8253 -4.4165
v  3.8559 0.8257 -4.3847
v  3.8538 0.4686 -4.3792
v  4.4183 0.8254 -4.7099
v  4.4241 0.4684 -4.7089
v  4.4037 0.4676 -4.9300
v  4.3986 0.8246 -4.9282
v  4.3242 0.8244 -5.0548
v  4.3289 0.4674 -5.0587
v  4.0755 0.4687 -5.2070
v  4.0745 0.8257 -5.2016
v  4.0008 0.8259 -5.2108
v  4.0008 0.4689 -5.2142
v  4.2152 0.4676 -5.1546
v  4.2123 0.8247 -5.1498
v  4.1457 0.8252 -5.1818
v  4.1475 0.4681 -5.1868
v  4.2732 0.8244 -5.1074
v  4.2765 0.4674 -5.1113
v  3.5965 0.4688 -4.9306
v  3.6015 0.8259 -4.9287
v  3.5818 0.8265 -4.8572
v  3.5764 0.4694 -4.8581
v  3.7861 0.4682 -5.1553
v  3.7889 0.8252 -5.1504
v  3.7283 0.8252 -5.1075
v  3.7245 0.4681 -5.1121
v  3.6718 0.4683 -5.0595
v  3.6764 0.8253 -5.0556
v  3.6336 0.8255 -4.9953
v  3.6286 0.4684 -4.9983
v  3.9261 0.4688 -5.2071
v  3.9271 0.8258 -5.2018
v  3.8558 0.8255 -5.1822
v  3.8539 0.4685 -5.1873
v  4.4309 0.4686 -4.7834
v  4.4250 0.8256 -4.7834
v  4.4207 0.8252 -4.8573
v  4.4237 0.4681 -4.8578
v  4.3439 0.4467 -4.4955
v  4.4217 0.4467 -4.6302
v  3.9231 0.4467 -4.3423
v  4.0008 0.4467 -4.3330
v  4.0786 0.4467 -4.3423
v  4.1549 0.4467 -4.3602
v  4.2248 0.4466 -4.3955
v  4.2897 0.4467 -4.4399
v  3.5530 0.4468 -4.7834
v  3.5573 0.4466 -4.7052
v  3.6577 0.4467 -4.4955
v  3.7120 0.4467 -4.4399
v  3.5800 0.4467 -4.6302
v  3.6108 0.4466 -4.5582
v  3.7769 0.4467 -4.3955
v  3.8468 0.4467 -4.3602
v  4.4444 0.4466 -4.7052
v  4.4217 0.4466 -4.9366
v  4.3439 0.4467 -5.0713
v  4.0786 0.4466 -5.2245
v  4.0008 0.4466 -5.2338
v  4.2248 0.4467 -5.1713
v  4.1549 0.4467 -5.2066
v  4.2897 0.4467 -5.1269
v  3.5800 0.4467 -4.9366
v  3.5573 0.4466 -4.8616
v  3.7769 0.4466 -5.1713
v  3.7120 0.4467 -5.1269
v  3.6577 0.4467 -5.0713
v  3.6108 0.4467 -5.0086
v  3.9231 0.4466 -5.2245
v  3.8468 0.4466 -5.2066
v  4.4488 0.4468 -4.7834
v  4.4444 0.4466 -4.8616
v  4.3287 0.4610 -4.5083
v  4.4041 0.4619 -4.6366
v  3.9261 0.4630 -4.3593
v  4.0008 0.4621 -4.3526
v  4.0756 0.4629 -4.3594
v  4.1477 0.4611 -4.3796
v  4.2153 0.4616 -4.4120
v  4.2764 0.4607 -4.4556
v  3.5691 0.4639 -4.7834
v  3.5759 0.4626 -4.7086
v  3.6719 0.4620 -4.5074
v  3.7246 0.4615 -4.4549
v  3.5961 0.4630 -4.6361
v  3.6284 0.4613 -4.5685
v  3.7860 0.4622 -4.4114
v  3.8538 0.4615 -4.3791
v  4.4242 0.4612 -4.7089
v  4.4037 0.4615 -4.9300
v  4.3290 0.4613 -5.0588
v  4.0755 0.4626 -5.2071
v  4.0008 0.4619 -5.2143
v  4.2152 0.4616 -5.1547
v  4.1476 0.4609 -5.1869
v  4.2766 0.4609 -5.1114
v  3.5964 0.4628 -4.9306
v  3.5763 0.4624 -4.8581
v  3.7861 0.4621 -5.1554
v  3.7244 0.4617 -5.1121
v  3.6717 0.4623 -5.0596
v  3.6285 0.4613 -4.9983
v  3.9261 0.4627 -5.2072
v  3.8539 0.4613 -5.1874
v  4.4310 0.4625 -4.7834
v  4.4238 0.4609 -4.8578
v  3.8999 1.6767 -4.5367
v  3.7940 1.6768 -4.5500
v  3.8999 1.6767 -5.0301
v  4.2450 1.6767 -4.7834
v  4.3869 1.6767 -4.7834
v  3.7940 1.6768 -5.0168
v  4.5988 0.4466 -4.7834
v  4.5587 1.6777 -4.7834
v  4.4900 1.6774 -4.7834
# 8296 vertices

vn -0.0000 -0.0000 1.0000
vn 0.1951 -0.0000 0.9808
vn 0.0000 0.0799 0.9968
vn -0.0000 0.3203 0.9473
vn 0.1848 0.3203 0.9291
vn 0.1945 0.0799 0.9777
vn -0.0000 0.6139 0.7894
vn 0.1540 0.6139 0.7742
vn -0.0000 0.8387 0.5447
vn 0.1063 0.8387 0.5342
vn -0.0000 0.9436 0.3312
vn 0.0646 0.9436 0.3248
vn -0.0000 0.9655 0.2604
vn 0.0508 0.9655 0.2554
vn -0.0000 0.9426 0.3339
vn -0.0000 0.8338 0.5520
vn 0.1077 0.8338 0.5414
vn 0.0651 0.9426 0.3275
vn 0.0000 0.6048 0.7964
vn 0.1554 0.6048 0.7811
vn -0.0000 0.3256 0.9455
vn 0.1845 0.3256 0.9273
vn -0.0000 0.0918 0.9958
vn 0.1943 0.0918 0.9766
vn 0.1951 0.0000 0.9808
vn -0.0000 -0.0936 0.9956
vn -0.0000 -0.3712 0.9285
vn 0.1811 -0.3712 0.9107
vn 0.1942 -0.0936 0.9765
vn -0.0000 -0.7008 0.7133
vn 0.1392 -0.7008 0.6996
vn -0.0000 -0.9285 0.3713
vn 0.0724 -0.9285 0.3641
vn -0.0000 -0.9966 0.0823
vn 0.0161 -0.9966 0.0807
vn 0.3827 -0.0000 0.9239
vn 0.3625 0.3203 0.8752
vn 0.3815 0.0799 0.9209
vn 0.3021 0.6139 0.7293
vn 0.2084 0.8387 0.5032
vn 0.1267 0.9436 0.3060
vn 0.0997 0.9655 0.2406
vn 0.2112 0.8338 0.5100
vn 0.1278 0.9426 0.3085
vn 0.3048 0.6048 0.7358
vn 0.3618 0.3256 0.8735
vn 0.3811 0.0918 0.9200
vn 0.3827 0.0000 0.9239
vn 0.3553 -0.3712 0.8579
vn 0.3810 -0.0936 0.9198
vn 0.2730 -0.7008 0.6590
vn 0.1421 -0.9285 0.3430
vn 0.0315 -0.9966 0.0760
vn 0.5556 0.0000 0.8315
vn 0.5556 -0.0000 0.8315
vn 0.5263 0.3203 0.7877
vn 0.5538 0.0799 0.8288
vn 0.4386 0.6139 0.6564
vn 0.3026 0.8387 0.4529
vn 0.1840 0.9436 0.2753
vn 0.1447 0.9655 0.2165
vn 0.3067 0.8338 0.4590
vn 0.1855 0.9426 0.2776
vn 0.4424 0.6048 0.6622
vn 0.5253 0.3256 0.7862
vn 0.5532 0.0918 0.8280
vn 0.5159 -0.3712 0.7721
vn 0.5531 -0.0935 0.8278
vn 0.3963 -0.7008 0.5931
vn 0.2063 -0.9285 0.3087
vn 0.0457 -0.9966 0.0684
vn 0.7071 -0.0000 0.7071
vn 0.6699 0.3203 0.6699
vn 0.7048 0.0799 0.7048
vn 0.5582 0.6139 0.5582
vn 0.3851 0.8387 0.3851
vn 0.2342 0.9436 0.2342
vn 0.1841 0.9655 0.1841
vn 0.3903 0.8338 0.3903
vn 0.2361 0.9426 0.2361
vn 0.5631 0.6048 0.5631
vn 0.6686 0.3256 0.6686
vn 0.7041 0.0918 0.7041
vn 0.7071 0.0000 0.7071
vn 0.6566 -0.3712 0.6566
vn 0.7040 -0.0936 0.7040
vn 0.5044 -0.7008 0.5044
vn 0.2625 -0.9285 0.2625
vn 0.0582 -0.9966 0.0582
vn 0.8315 -0.0000 0.5556
vn 0.7877 0.3203 0.5263
vn 0.8288 0.0799 0.5538
vn 0.6564 0.6139 0.4386
vn 0.4529 0.8387 0.3026
vn 0.2753 0.9436 0.1840
vn 0.2165 0.9655 0.1447
vn 0.4590 0.8338 0.3067
vn 0.2776 0.9426 0.1855
vn 0.6622 0.6048 0.4424
vn 0.7862 0.3256 0.5253
vn 0.8280 0.0918 0.5532
vn 0.8315 0.0000 0.5556
vn 0.7721 -0.3712 0.5159
vn 0.8278 -0.0936 0.5531
vn 0.5931 -0.7008 0.3963
vn 0.3087 -0.9285 0.2063
vn 0.0684 -0.9966 0.0457
vn 0.9239 -0.0000 0.3827
vn 0.8752 0.3203 0.3625
vn 0.9209 0.0799 0.3815
vn 0.7293 0.6139 0.3021
vn 0.5032 0.8387 0.2084
vn 0.3059 0.9436 0.1267
vn 0.2406 0.9655 0.0997
vn 0.5100 0.8338 0.2112
vn 0.3085 0.9426 0.1278
vn 0.7358 0.6048 0.3048
vn 0.8735 0.3256 0.3618
vn 0.9200 0.0918 0.3811
vn 0.9239 0.0000 0.3827
vn 0.8579 -0.3712 0.3553
vn 0.9198 -0.0936 0.3810
vn 0.6590 -0.7008 0.2730
vn 0.3430 -0.9285 0.1421
vn 0.0760 -0.9966 0.0315
vn 0.9808 -0.0000 0.1951
vn 0.9291 0.3203 0.1848
vn 0.9777 0.0799 0.1945
vn 0.7742 0.6139 0.1540
vn 0.5342 0.8387 0.1063
vn 0.3248 0.9436 0.0646
vn 0.2554 0.9655 0.0508
vn 0.5414 0.8338 0.1077
vn 0.3275 0.9426 0.0651
vn 0.7811 0.6048 0.1554
vn 0.9273 0.3256 0.1845
vn 0.9766 0.0918 0.1943
vn 0.9808 0.0000 0.1951
vn 0.9107 -0.3712 0.1812
vn 0.9765 -0.0936 0.1942
vn 0.6996 -0.7008 0.1392
vn 0.3641 -0.9285 0.0724
vn 0.0807 -0.9966 0.0161
vn 1.0000 -0.0000 -0.0000
vn 1.0000 -0.0000 0.0000
vn 0.9473 0.3203 -0.0000
vn 0.9968 0.0799 -0.0000
vn 0.7894 0.6139 -0.0000
vn 0.5447 0.8387 -0.0000
vn 0.3312 0.9436 -0.0000
vn 0.2604 0.9655 0.0000
vn 0.2604 0.9655 -0.0000
vn 0.5520 0.8338 0.0000
vn 0.3339 0.9426 0.0000
vn 0.7964 0.6048 0.0000
vn 0.9455 0.3256 0.0000
vn 0.9958 0.0918 0.0000
vn 1.0000 0.0000 -0.0000
vn 1.0000 0.0000 0.0000
vn 0.9285 -0.3712 -0.0000
vn 0.9956 -0.0936 -0.0000
vn 0.7133 -0.7008 -0.0000
vn 0.3713 -0.9285 -0.0000
vn 0.0823 -0.9966 0.0000
vn 0.9808 -0.0000 -0.1951
vn 0.9291 0.3203 -0.1848
vn 0.9777 0.0799 -0.1945
vn 0.7742 0.6139 -0.1540
vn 0.5342 0.8387 -0.1063
vn 0.3248 0.9436 -0.0646
vn 0.2554 0.9655 -0.0508
vn 0.5414 0.8338 -0.1077
vn 0.3275 0.9426 -0.0651
vn 0.7811 0.6048 -0.1554
vn 0.9273 0.3256 -0.1845
vn 0.9766 0.0918 -0.1943
vn 0.9107 -0.3712 -0.1811
vn 0.9765 -0.0936 -0.1942
vn 0.6996 -0.7008 -0.1392
vn 0.3641 -0.9285 -0.0724
vn 0.0807 -0.9966 -0.0161
vn 0.9239 -0.0000 -0.3827
vn 0.8752 0.3203 -0.3625
vn 0.9209 0.0799 -0.3815
vn 0.7293 0.6139 -0.3021
vn 0.5032 0.8387 -0.2084
vn 0.3059 0.9436 -0.1267
vn 0.2406 0.9655 -0.0997
vn 0.5100 0.8338 -0.2112
vn 0.3085 0.9426 -0.1278
vn 0.7358 0.6048 -0.3048
vn 0.8735 0.3256 -0.3618
vn 0.9200 0.0918 -0.3811
vn 0.8579 -0.3712 -0.3553
vn 0.9198 -0.0936 -0.3810
vn 0.6590 -0.7008 -0.2730
vn 0.3430 -0.9285 -0.1421
vn 0.0760 -0.9966 -0.0315
vn 0.8315 -0.0000 -0.5556
vn 0.7877 0.3203 -0.5263
vn 0.8288 0.0799 -0.5538
vn 0.6564 0.6139 -0.4386
vn 0.4529 0.8387 -0.3026
vn 0.2753 0.9436 -0.1840
vn 0.2165 0.9655 -0.1447
vn 0.4590 0.8338 -0.3067
vn 0.2776 0.9426 -0.1855
vn 0.6622 0.6048 -0.4425
vn 0.7862 0.3256 -0.5253
vn 0.8280 0.0918 -0.5532
vn 0.8315 0.0000 -0.5556
vn 0.7721 -0.3712 -0.5159
vn 0.8278 -0.0936 -0.5531
vn 0.5931 -0.7008 -0.3963
vn 0.3087 -0.9285 -0.2063
vn 0.0684 -0.9966 -0.0457
vn 0.7071 -0.0000 -0.7071
vn 0.6699 0.3203 -0.6699
vn 0.7048 0.0799 -0.7049
vn 0.5582 0.6139 -0.5582
vn 0.3851 0.8387 -0.3851
vn 0.2342 0.9436 -0.2342
vn 0.1841 0.9655 -0.1841
vn 0.3903 0.8338 -0.3903
vn 0.2361 0.9426 -0.2361
vn 0.5631 0.6048 -0.5631
vn 0.6686 0.3256 -0.6686
vn 0.7041 0.0918 -0.7041
vn 0.6566 -0.3712 -0.6566
vn 0.7040 -0.0936 -0.7040
vn 0.5044 -0.7008 -0.5044
vn 0.2625 -0.9285 -0.2625
vn 0.0582 -0.9966 -0.0582
vn 0.5556 -0.0000 -0.8315
vn 0.5263 0.3203 -0.7877
vn 0.5538 0.0799 -0.8288
vn 0.4386 0.6139 -0.6564
vn 0.3026 0.8387 -0.4529
vn 0.1840 0.9436 -0.2753
vn 0.1447 0.9655 -0.2165
vn 0.3067 0.8338 -0.4590
vn 0.1855 0.9426 -0.2776
vn 0.4424 0.6048 -0.6622
vn 0.5253 0.3256 -0.7862
vn 0.5532 0.0918 -0.8280
vn 0.5159 -0.3712 -0.7721
vn 0.5531 -0.0935 -0.8278
vn 0.3963 -0.7008 -0.5931
vn 0.2063 -0.9285 -0.3087
vn 0.0457 -0.9966 -0.0684
vn 0.3827 0.0000 -0.9239
vn 0.3827 -0.0000 -0.9239
vn 0.3625 0.3203 -0.8752
vn 0.3815 0.0799 -0.9209
vn 0.3021 0.6139 -0.7293
vn 0.2084 0.8387 -0.5032
vn 0.1267 0.9436 -0.3060
vn 0.0996 0.9655 -0.2406
vn 0.0997 0.9655 -0.2406
vn 0.2112 0.8338 -0.5100
vn 0.1278 0.9426 -0.3085
vn 0.3048 0.6048 -0.7358
vn 0.3618 0.3256 -0.8735
vn 0.3811 0.0918 -0.9200
vn 0.3553 -0.3712 -0.8579
vn 0.3810 -0.0935 -0.9198
vn 0.2730 -0.7008 -0.6590
vn 0.1421 -0.9285 -0.3430
vn 0.0315 -0.9966 -0.0760
vn 0.1951 -0.0000 -0.9808
vn 0.1848 0.3203 -0.9291
vn 0.1945 0.0799 -0.9777
vn 0.1540 0.6139 -0.7743
vn 0.1063 0.8387 -0.5342
vn 0.0646 0.9436 -0.3248
vn 0.0508 0.9655 -0.2554
vn 0.1077 0.8338 -0.5414
vn 0.0651 0.9426 -0.3275
vn 0.1554 0.6048 -0.7811
vn 0.1845 0.3256 -0.9273
vn 0.1943 0.0918 -0.9766
vn 0.1811 -0.3712 -0.9107
vn 0.1942 -0.0935 -0.9765
vn 0.1392 -0.7008 -0.6996
vn 0.0724 -0.9285 -0.3641
vn 0.0161 -0.9966 -0.0807
vn -0.0000 -0.0000 -1.0000
vn 0.0000 -0.0000 -1.0000
vn -0.0000 0.3203 -0.9473
vn -0.0000 0.0799 -0.9968
vn -0.0000 0.6139 -0.7894
vn 0.0000 0.8387 -0.5447
vn 0.0000 0.9436 -0.3312
vn -0.0000 0.9655 -0.2604
vn 0.0000 0.8338 -0.5520
vn 0.0000 0.9426 -0.3339
vn 0.0000 0.6048 -0.7964
vn 0.0000 0.3256 -0.9455
vn 0.0000 0.0918 -0.9958
vn -0.0000 -0.3712 -0.9285
vn 0.0000 -0.0936 -0.9956
vn 0.0000 -0.7008 -0.7133
vn -0.0000 -0.9285 -0.3713
vn 0.0000 -0.9966 -0.0823
vn -0.1951 -0.0000 -0.9808
vn -0.1848 0.3203 -0.9291
vn -0.1945 0.0799 -0.9776
vn -0.1540 0.6139 -0.7742
vn -0.1063 0.8387 -0.5342
vn -0.0646 0.9436 -0.3248
vn -0.0508 0.9655 -0.2554
vn -0.1077 0.8338 -0.5414
vn -0.0651 0.9426 -0.3275
vn -0.1554 0.6048 -0.7811
vn -0.1845 0.3256 -0.9273
vn -0.1943 0.0918 -0.9766
vn -0.1951 0.0000 -0.9808
vn -0.1811 -0.3712 -0.9107
vn -0.1942 -0.0936 -0.9765
vn -0.1392 -0.7008 -0.6996
vn -0.0724 -0.9285 -0.3641
vn -0.0161 -0.9966 -0.0807
vn -0.3827 -0.0000 -0.9239
vn -0.3625 0.3203 -0.8752
vn -0.3815 0.0799 -0.9209
vn -0.3021 0.6139 -0.7293
vn -0.2084 0.8387 -0.5032
vn -0.1267 0.9436 -0.3060
vn -0.0996 0.9655 -0.2406
vn -0.0997 0.9655 -0.2406
vn -0.2112 0.8338 -0.5100
vn -0.1278 0.9426 -0.3085
vn -0.3048 0.6048 -0.7358
vn -0.3618 0.3256 -0.8735
vn -0.3811 0.0918 -0.9200
vn -0.3827 0.0000 -0.9239
vn -0.3553 -0.3712 -0.8579
vn -0.3810 -0.0935 -0.9198
vn -0.2730 -0.7008 -0.6590
vn -0.1421 -0.9285 -0.3430
vn -0.0315 -0.9966 -0.0760
vn -0.5556 -0.0000 -0.8315
vn -0.5263 0.3203 -0.7877
vn -0.5538 0.0799 -0.8288
vn -0.4386 0.6139 -0.6564
vn -0.3026 0.8387 -0.4529
vn -0.1840 0.9436 -0.2754
vn -0.1447 0.9655 -0.2165
vn -0.3067 0.8338 -0.4590
vn -0.1855 0.9426 -0.2776
vn -0.4424 0.6048 -0.6622
vn -0.5253 0.3256 -0.7862
vn -0.5532 0.0918 -0.8280
vn -0.5556 0.0000 -0.8315
vn -0.5159 -0.3712 -0.7721
vn -0.5531 -0.0935 -0.8278
vn -0.3963 -0.7008 -0.5931
vn -0.2063 -0.9285 -0.3087
vn -0.0457 -0.9966 -0.0684
vn -0.7071 0.0000 -0.7071
vn -0.7071 -0.0000 -0.7071
vn -0.6699 0.3203 -0.6699
vn -0.7049 0.0799 -0.7048
vn -0.5582 0.6139 -0.5582
vn -0.3851 0.8387 -0.3851
vn -0.2342 0.9436 -0.2342
vn -0.1841 0.9655 -0.1841
vn -0.3903 0.8338 -0.3903
vn -0.2361 0.9426 -0.2361
vn -0.5631 0.6048 -0.5631
vn -0.6686 0.3256 -0.6686
vn -0.7041 0.0918 -0.7041
vn -0.6566 -0.3712 -0.6566
vn -0.7040 -0.0936 -0.7040
vn -0.5044 -0.7008 -0.5044
vn -0.2625 -0.9285 -0.2625
vn -0.0582 -0.9966 -0.0582
vn -0.8315 -0.0000 -0.5556
vn -0.7877 0.3203 -0.5263
vn -0.8288 0.0799 -0.5538
vn -0.6564 0.6139 -0.4386
vn -0.4529 0.8387 -0.3026
vn -0.2753 0.9436 -0.1840
vn -0.2165 0.9655 -0.1447
vn -0.4590 0.8338 -0.3067
vn -0.2776 0.9426 -0.1855
vn -0.6622 0.6048 -0.4424
vn -0.7862 0.3256 -0.5253
vn -0.8280 0.0918 -0.5532
vn -0.8315 0.0000 -0.5556
vn -0.7721 -0.3712 -0.5159
vn -0.8278 -0.0936 -0.5531
vn -0.5931 -0.7008 -0.3963
vn -0.3087 -0.9285 -0.2063
vn -0.0684 -0.9966 -0.0457
vn -0.9239 -0.0000 -0.3827
vn -0.8752 0.3203 -0.3625
vn -0.9209 0.0799 -0.3815
vn -0.7293 0.6139 -0.3021
vn -0.5032 0.8387 -0.2084
vn -0.3059 0.9436 -0.1267
vn -0.2406 0.9655 -0.0997
vn -0.5100 0.8338 -0.2112
vn -0.3085 0.9426 -0.1278
vn -0.7358 0.6048 -0.3048
vn -0.8735 0.3256 -0.3618
vn -0.9200 0.0918 -0.3811
vn -0.9239 0.0000 -0.3827
vn -0.8579 -0.3712 -0.3553
vn -0.9198 -0.0936 -0.3810
vn -0.6590 -0.7008 -0.2730
vn -0.3430 -0.9285 -0.1421
vn -0.0760 -0.9966 -0.0315
vn -0.9808 0.0000 -0.1951
vn -0.9808 -0.0000 -0.1951
vn -0.9291 0.3203 -0.1848
vn -0.9777 0.0799 -0.1945
vn -0.7742 0.6139 -0.1540
vn -0.5342 0.8387 -0.1063
vn -0.3248 0.9436 -0.0646
vn -0.2554 0.9655 -0.0508
vn -0.5414 0.8338 -0.1077
vn -0.3275 0.9426 -0.0651
vn -0.7811 0.6048 -0.1554
vn -0.9273 0.3256 -0.1845
vn -0.9766 0.0918 -0.1943
vn -0.9107 -0.3712 -0.1811
vn -0.9765 -0.0936 -0.1942
vn -0.6996 -0.7008 -0.1392
vn -0.3641 -0.9285 -0.0724
vn -0.0807 -0.9966 -0.0161
vn -1.0000 -0.0000 -0.0000
vn -0.9473 0.3203 -0.0000
vn -0.9968 0.0799 -0.0000
vn -0.7894 0.6139 -0.0000
vn -0.5447 0.8387 -0.0000
vn -0.3312 0.9436 -0.0000
vn -0.2604 0.9655 -0.0000
vn -0.2604 0.9655 0.0000
vn -0.5520 0.8338 -0.0000
vn -0.3339 0.9426 -0.0000
vn -0.7964 0.6048 -0.0000
vn -0.9455 0.3256 -0.0000
vn -0.9958 0.0918 -0.0000
vn -0.9285 -0.3712 0.0000
vn -0.9956 -0.0936 -0.0000
vn -0.7133 -0.7008 0.0000
vn -0.3713 -0.9285 0.0000
vn -0.0823 -0.9966 -0.0000
vn -0.9808 -0.0000 0.1951
vn -0.9291 0.3203 0.1848
vn -0.9777 0.0799 0.1945
vn -0.7742 0.6139 0.1540
vn -0.5342 0.8387 0.1063
vn -0.3248 0.9436 0.0646
vn -0.2554 0.9655 0.0508
vn -0.5414 0.8338 0.1077
vn -0.3275 0.9426 0.0651
vn -0.7811 0.6048 0.1554
vn -0.9273 0.3256 0.1845
vn -0.9766 0.0918 0.1943
vn -0.9808 0.0000 0.1951
vn -0.9107 -0.3712 0.1811
vn -0.9765 -0.0936 0.1942
vn -0.6996 -0.7008 0.1392
vn -0.3641 -0.9285 0.0724
vn -0.0807 -0.9966 0.0161
vn -0.9239 0.0000 0.3827
vn -0.9239 -0.0000 0.3827
vn -0.8752 0.3203 0.3625
vn -0.9209 0.0799 0.3815
vn -0.7293 0.6139 0.3021
vn -0.5032 0.8387 0.2084
vn -0.3059 0.9436 0.1267
vn -0.2406 0.9655 0.0997
vn -0.5100 0.8338 0.2112
vn -0.3085 0.9426 0.1278
vn -0.7358 0.6048 0.3048
vn -0.8735 0.3256 0.3618
vn -0.9200 0.0918 0.3811
vn -0.8579 -0.3712 0.3553
vn -0.9198 -0.0936 0.3810
vn -0.6590 -0.7008 0.2730
vn -0.3430 -0.9285 0.1421
vn -0.0760 -0.9966 0.0315
vn -0.8315 -0.0000 0.5556
vn -0.7877 0.3203 0.5263
vn -0.8288 0.0799 0.5538
vn -0.6564 0.6139 0.4386
vn -0.4529 0.8387 0.3026
vn -0.2753 0.9436 0.1840
vn -0.2165 0.9655 0.1447
vn -0.4590 0.8338 0.3067
vn -0.2776 0.9426 0.1855
vn -0.6622 0.6048 0.4425
vn -0.7862 0.3256 0.5253
vn -0.8280 0.0918 0.5532
vn -0.8315 0.0000 0.5556
vn -0.7721 -0.3712 0.5159
vn -0.8278 -0.0936 0.5531
vn -0.5931 -0.7008 0.3963
vn -0.3087 -0.9285 0.2063
vn -0.0684 -0.9966 0.0457
vn -0.7071 -0.0000 0.7071
vn -0.6699 0.3203 0.6699
vn -0.7048 0.0799 0.7048
vn -0.5582 0.6139 0.5582
vn -0.3851 0.8387 0.3851
vn -0.2342 0.9436 0.2342
vn -0.1841 0.9655 0.1841
vn -0.3903 0.8338 0.3903
vn -0.2361 0.9426 0.2361
vn -0.5631 0.6048 0.5631
vn -0.6686 0.3256 0.6686
vn -0.7041 0.0918 0.7041
vn -0.7071 0.0000 0.7071
vn -0.6566 -0.3712 0.6566
vn -0.7040 -0.0936 0.7040
vn -0.5044 -0.7008 0.5044
vn -0.2625 -0.9285 0.2625
vn -0.0582 -0.9966 0.0582
vn -0.5556 -0.0000 0.8315
vn -0.5263 0.3203 0.7877
vn -0.5538 0.0799 0.8288
vn -0.4386 0.6139 0.6564
vn -0.3026 0.8387 0.4529
vn -0.1840 0.9436 0.2754
vn -0.1447 0.9655 0.2165
vn -0.3067 0.8338 0.4590
vn -0.1855 0.9426 0.2776
vn -0.4424 0.6048 0.6622
vn -0.5253 0.3256 0.7862
vn -0.5532 0.0918 0.8280
vn -0.5159 -0.3712 0.7721
vn -0.5531 -0.0936 0.8278
vn -0.3963 -0.7008 0.5931
vn -0.2063 -0.9285 0.3087
vn -0.0457 -0.9966 0.0684
vn -0.3827 -0.0000 0.9239
vn -0.3625 0.3203 0.8752
vn -0.3815 0.0799 0.9209
vn -0.3021 0.6139 0.7293
vn -0.2084 0.8387 0.5032
vn -0.1267 0.9436 0.3059
vn -0.0997 0.9655 0.2406
vn -0.2112 0.8338 0.5100
vn -0.1278 0.9426 0.3085
vn -0.3048 0.6048 0.7358
vn -0.3618 0.3256 0.8735
vn -0.3811 0.0918 0.9200
vn -0.3553 -0.3712 0.8579
vn -0.3810 -0.0936 0.9198
vn -0.2730 -0.7008 0.6590
vn -0.1421 -0.9285 0.3430
vn -0.0315 -0.9966 0.0760
vn -0.1951 -0.0000 0.9808
vn -0.1848 0.3203 0.9291
vn -0.1945 0.0799 0.9777
vn -0.1540 0.6139 0.7742
vn -0.1063 0.8387 0.5342
vn -0.0646 0.9436 0.3248
vn -0.0508 0.9655 0.2554
vn -0.1077 0.8338 0.5414
vn -0.0651 0.9426 0.3275
vn -0.1554 0.6048 0.7811
vn -0.1845 0.3256 0.9273
vn -0.1943 0.0918 0.9766
vn -0.1811 -0.3712 0.9107
vn -0.1942 -0.0936 0.9765
vn -0.1392 -0.7008 0.6996
vn -0.0724 -0.9285 0.3641
vn -0.0161 -0.9966 0.0807
vn 0.0000 -1.0000 -0.0000
vn 0.0004 -0.2012 -0.9796
vn -0.1910 -0.2013 -0.9607
vn -0.1950 0.0076 -0.9808
vn 0.0004 0.0082 -1.0000
vn -0.3731 -0.2012 -0.9057
vn -0.3809 0.0076 -0.9246
vn -0.5416 -0.2011 -0.8162
vn -0.5529 0.0079 -0.8332
vn -0.6917 -0.2013 -0.6936
vn -0.7061 0.0084 -0.7081
vn -0.8149 -0.2002 -0.5440
vn -0.8317 0.0075 -0.5552
vn -0.9049 -0.2004 -0.3754
vn -0.9236 0.0078 -0.3832
vn -0.9607 -0.2002 -0.1925
vn -0.9805 0.0077 -0.1965
vn -0.9796 -0.2010 0.0007
vn -1.0000 0.0080 0.0007
vn -0.9604 -0.2006 0.1932
vn -0.9803 0.0078 0.1973
vn -0.9048 -0.2005 0.3757
vn -0.9235 0.0079 0.3835
vn -0.8146 -0.2007 0.5442
vn -0.8315 0.0075 0.5555
vn -0.6926 -0.2007 0.6929
vn -0.7069 0.0077 0.7072
vn -0.5428 -0.2000 0.8157
vn -0.5540 0.0080 0.8325
vn -0.3730 -0.2006 0.9059
vn -0.3806 0.0072 0.9247
vn -0.1932 -0.2026 0.9600
vn -0.1936 0.0069 0.9811
vn 0.0008 0.0082 1.0000
vn 0.0009 -0.0269 0.9996
vn -0.1112 -0.0820 0.9904
vn -0.1734 0.0008 0.9849
vn -0.1944 0.0081 -0.9809
vn -0.1943 0.0086 -0.9809
vn 0.0007 0.0082 -1.0000
vn -0.3811 0.0076 -0.9245
vn -0.3810 0.0076 -0.9245
vn -0.5537 0.0079 -0.8327
vn -0.5538 0.0079 -0.8326
vn -0.7059 0.0086 -0.7083
vn -0.7059 0.0086 -0.7082
vn -0.8313 0.0082 -0.5557
vn -0.8313 0.0087 -0.5557
vn -0.9237 0.0081 -0.3832
vn -0.9236 0.0083 -0.3833
vn -0.9805 0.0077 -0.1963
vn -0.9805 0.0077 -0.1962
vn -1.0000 0.0084 0.0008
vn -1.0000 0.0087 0.0009
vn -0.9804 0.0078 0.1971
vn -0.9804 0.0078 0.1969
vn -0.9236 0.0079 0.3832
vn -0.9236 0.0081 0.3832
vn -0.8316 0.0075 0.5553
vn -0.8316 0.0077 0.5553
vn -0.7067 0.0077 0.7075
vn -0.7066 0.0082 0.7075
vn -0.5542 0.0080 0.8324
vn -0.5548 0.0080 0.8319
vn -0.3690 0.0088 0.9294
vn -0.3790 0.0096 0.9253
vn -0.4538 0.0030 0.8911
vn -0.4447 0.0054 0.8957
vn -0.3811 0.0051 0.9245
vn 0.0016 0.0082 1.0000
vn -0.2118 -0.0030 0.9773
vn -0.1897 -0.0548 0.9803
vn -0.1942 0.0086 -0.9809
vn -0.5539 0.0079 -0.8325
vn -0.7060 0.0086 -0.7081
vn -0.8313 0.0087 -0.5558
vn -0.9235 0.0083 -0.3835
vn -0.9805 0.0078 -0.1961
vn -0.9236 0.0082 0.3832
vn -0.8316 0.0083 0.5554
vn -0.7066 0.0087 0.7075
vn -0.5559 0.0082 0.8312
vn -0.2137 -0.0339 0.9763
vn -0.2256 0.0150 0.9741
vn -0.5663 0.0085 0.8241
vn -0.5635 0.0085 0.8260
vn -0.4780 0.0065 0.8784
vn -0.4733 0.0021 0.8809
vn -0.4748 -0.0098 0.8800
vn -0.4811 0.0037 0.8766
vn -0.5703 0.0085 0.8214
vn -0.4824 0.0074 0.8759
vn -0.4862 0.0068 0.8738
vn -0.4825 0.0085 0.8758
vn -0.4764 0.0084 0.8792
vn -0.5733 0.0083 0.8193
vn -0.5722 0.0084 0.8201
vn -0.1944 0.0086 -0.9809
vn -0.1953 0.0086 -0.9807
vn 0.0006 0.0083 -1.0000
vn 0.0007 0.0083 -1.0000
vn -0.3799 0.0088 -0.9250
vn -0.3792 0.0086 -0.9253
vn -0.5542 0.0080 -0.8323
vn -0.5540 0.0082 -0.8325
vn -0.7069 0.0085 -0.7073
vn -0.7076 0.0085 -0.7065
vn -0.8310 0.0086 -0.5562
vn -0.8307 0.0086 -0.5567
vn -0.9233 0.0083 -0.3839
vn -0.9233 0.0083 -0.3840
vn -0.9807 0.0086 -0.1955
vn -0.9808 0.0086 -0.1948
vn -1.0000 0.0085 0.0000
vn -1.0000 0.0086 -0.0013
vn -0.9805 0.0080 0.1962
vn -0.9807 0.0080 0.1955
vn -0.9231 0.0082 0.3844
vn -0.9226 0.0082 0.3857
vn -0.8312 0.0086 0.5559
vn -0.8308 0.0086 0.5565
vn -0.7069 0.0086 0.7073
vn -0.7072 0.0086 0.7070
vn -0.3802 0.0088 -0.9249
vn -0.3801 0.0088 -0.9249
vn -0.5543 0.0080 -0.8323
vn -0.7067 0.0086 -0.7075
vn -0.7068 0.0086 -0.7074
vn -0.8311 0.0087 -0.5561
vn -0.8310 0.0087 -0.5561
vn -0.9806 0.0087 -0.1957
vn -0.9806 0.0087 -0.1956
vn -1.0000 0.0087 0.0003
vn -1.0000 0.0087 0.0002
vn -0.9805 0.0078 0.1964
vn -0.9805 0.0078 0.1963
vn -0.9233 0.0083 0.3841
vn -0.9232 0.0083 0.3842
vn -0.8313 0.0087 0.5557
vn -0.8313 0.0087 0.5558
vn -0.7068 0.0087 0.7073
vn -0.7069 0.0087 0.7073
vn -0.4262 0.0063 0.9046
vn -0.3846 0.0107 0.9230
vn -0.3286 -0.0068 0.9444
vn -0.1939 0.0086 -0.9810
vn -0.1940 0.0086 -0.9810
vn -0.3806 0.0082 -0.9247
vn -0.3804 0.0088 -0.9248
vn -0.5544 0.0079 -0.8322
vn -0.5543 0.0079 -0.8323
vn -0.7063 0.0086 -0.7078
vn -0.7065 0.0086 -0.7077
vn -0.8312 0.0087 -0.5559
vn -0.8311 0.0087 -0.5560
vn -0.9234 0.0083 -0.3838
vn -0.9234 0.0083 -0.3839
vn -0.9806 0.0083 -0.1959
vn -0.9806 0.0087 -0.1958
vn -1.0000 0.0087 0.0008
vn -1.0000 0.0087 0.0006
vn -0.9804 0.0078 0.1966
vn -0.9805 0.0078 0.1965
vn -0.9235 0.0083 0.3836
vn -0.9234 0.0083 0.3838
vn -0.8314 0.0087 0.5555
vn -0.8314 0.0087 0.5556
vn -0.7067 0.0087 0.7074
vn -0.7068 0.0087 0.7074
vn -0.5604 0.0084 0.8282
vn -0.3357 -0.0597 0.9401
vn -0.4052 -0.0418 0.9133
vn -0.4527 -0.0272 0.8913
vn -0.3800 0.0088 -0.9250
vn -0.5844 -0.1155 0.8032
vn -0.6011 -0.0540 0.7974
vn 0.0061 -0.1593 0.9872
vn -0.2054 -0.2224 0.9531
vn -0.4166 -0.1896 0.8891
vn -0.4368 -0.1719 0.8830
vn -0.5054 -0.1760 0.8447
vn -0.6141 0.0043 0.7892
vn -0.6075 0.0025 0.7943
vn -0.5520 -0.1469 0.8208
vn -0.6094 -0.0026 0.7929
vn -0.7324 -0.0826 0.6759
vn -0.7227 -0.1856 0.6658
vn -0.7542 -0.2266 0.6163
vn -0.7690 -0.1309 0.6257
vn 0.0145 -0.4337 0.9009
vn 0.0000 -0.4337 0.9011
vn -0.4017 -0.3977 0.8249
vn -0.4124 -0.3947 0.8211
vn -0.6607 -0.3285 0.6749
vn -0.6637 -0.3273 0.6726
vn -0.7355 0.0001 0.6775
vn -0.7406 0.0009 0.6719
vn -0.7771 -0.0000 0.6293
vn -0.7764 0.0030 0.6302
vn -0.6922 -0.2425 0.6798
vn -0.7376 -0.2754 0.6165
vn -0.7350 -0.0199 0.6778
vn -0.7764 -0.0397 0.6290
vn -0.6673 -0.3260 0.6697
vn -0.7188 -0.3027 0.6259
vn -0.7112 -0.3060 0.6329
vn -0.4212 -0.3927 0.8176
vn 0.0159 -0.4337 0.9009
vn -0.3835 -0.3460 0.8563
vn 0.0134 -0.3806 0.9246
vn 0.0107 -0.2174 0.9760
vn -0.4094 -0.2007 0.8900
vn -0.6661 -0.2896 0.6873
vn -0.6739 -0.1634 0.7205
vn 0.0162 -0.0437 0.9989
vn -0.4187 -0.0492 0.9068
vn -0.7026 -0.0414 0.7104
vn -0.4495 0.0048 0.8932
vn 0.0160 0.0083 0.9998
vn 0.0139 -0.0000 0.9999
vn -0.4406 0.0003 0.8977
vn -0.7101 -0.0046 0.7040
vn -0.7125 -0.0053 0.7017
vn -0.6753 -0.2648 0.6884
vn -0.7263 -0.2915 0.6225
vn -0.1777 0.4172 -0.8913
vn -0.1296 0.7519 -0.6464
vn -0.0004 0.7573 -0.6531
vn -0.0006 0.4250 -0.9052
vn -0.3459 0.4170 -0.8405
vn -0.2515 0.7498 -0.6120
vn -0.4988 0.4301 -0.7525
vn -0.3603 0.7573 -0.5447
vn -0.6397 0.4194 -0.6441
vn -0.4554 0.7627 -0.4592
vn -0.7583 0.4087 -0.5079
vn -0.5405 0.7596 -0.3617
vn -0.8402 0.4151 -0.3489
vn -0.6057 0.7547 -0.2521
vn -0.8933 0.4123 -0.1787
vn -0.6434 0.7544 -0.1298
vn -0.9105 0.4135 0.0006
vn -0.6545 0.7560 -0.0003
vn -0.8876 0.4253 0.1770
vn -0.6507 0.7484 0.1282
vn -0.8392 0.4177 0.3482
vn -0.6127 0.7484 0.2539
vn -0.7563 0.4157 0.5052
vn -0.5479 0.7525 0.3655
vn -0.6424 0.4193 0.6415
vn -0.4604 0.7595 0.4596
vn -0.5217 0.4218 0.7416
vn -0.3703 0.7662 0.5252
vn -0.4269 0.4399 0.7901
vn -0.2845 0.7876 0.5466
vn -0.3042 0.7754 0.5533
vn -0.4345 0.4288 0.7920
vn -0.6195 0.4392 0.6506
vn -0.3798 0.7785 0.4998
vn -0.3528 0.7590 0.5472
vn -0.5319 0.4185 0.7362
vn -0.5826 0.3895 0.7134
vn -0.3481 0.7339 0.5833
vn -0.3693 0.7638 0.5294
vn -0.6331 0.4313 0.6428
vn 0.0151 0.3941 0.9189
vn 0.0162 0.7167 0.6972
vn -0.2058 0.7263 0.6559
vn -0.3509 0.4016 0.8459
vn -0.0724 0.9299 -0.3605
vn 0.0003 0.9343 -0.3564
vn 0.0006 0.1203 -0.9927
vn -0.1928 0.1135 -0.9747
vn -0.1414 0.9285 -0.3432
vn -0.3771 0.1157 -0.9189
vn -0.1993 0.9326 -0.3008
vn -0.5503 0.1258 -0.8254
vn -0.2507 0.9345 -0.2528
vn -0.7036 0.1111 -0.7018
vn -0.2980 0.9335 -0.1997
vn -0.8262 0.1010 -0.5543
vn -0.3357 0.9314 -0.1403
vn -0.9179 0.1109 -0.3810
vn -0.3584 0.9307 -0.0728
vn -0.9753 0.1078 -0.1926
vn -0.3631 0.9318 -0.0009
vn -0.9941 0.1082 -0.0012
vn -0.3631 0.9291 0.0702
vn -0.9725 0.1258 0.1961
vn -0.3451 0.9276 0.1428
vn -0.9164 0.1169 0.3829
vn -0.3050 0.9303 0.2037
vn -0.8253 0.1120 0.5536
vn -0.2538 0.9331 0.2547
vn -0.7028 0.1124 0.7024
vn -0.2027 0.9358 0.2883
vn -0.5693 0.1115 0.8145
vn -0.1455 0.9436 0.2974
vn -0.1647 0.9385 0.3035
vn -0.4794 0.1118 0.8704
vn -0.4825 0.1168 0.8681
vn -0.1420 0.9384 0.3150
vn -0.1605 0.9341 0.3188
vn -0.6023 0.1086 0.7909
vn 0.0061 0.9028 0.4299
vn -0.1134 0.9202 0.3747
vn -0.7219 0.1155 0.6823
vn -0.7572 0.1216 0.6418
vn -0.6448 0.4387 0.6259
vn -0.4409 0.1126 0.8905
vn 0.0143 0.1076 0.9941
vn -0.6971 0.0911 0.7111
vn 0.0129 -0.3367 0.9415
vn -0.2993 -0.3666 0.8809
vn -0.6127 -0.3068 0.7283
vn -0.6473 -0.2851 0.7069
vn 0.1962 0.0079 -0.9805
vn 0.1922 -0.2002 -0.9607
vn 0.3823 0.0076 -0.9240
vn 0.3746 -0.2002 -0.9053
vn 0.5547 0.0079 -0.8320
vn 0.5436 -0.1997 -0.8153
vn 0.7075 0.0078 -0.7067
vn 0.6930 -0.2009 -0.6923
vn 0.8322 0.0075 -0.5545
vn 0.8152 -0.2010 -0.5432
vn 0.9239 0.0078 -0.3827
vn 0.9051 -0.2008 -0.3749
vn 0.9804 0.0077 -0.1968
vn 0.9604 -0.2011 -0.1927
vn 1.0000 0.0084 0.0001
vn 0.9798 -0.2000 0.0001
vn 0.9804 0.0078 0.1969
vn 0.9607 -0.1994 0.1930
vn 0.9238 0.0079 0.3827
vn 0.9052 -0.1997 0.3750
vn 0.8322 0.0075 0.5544
vn 0.8155 -0.1994 0.5433
vn 0.7069 0.0082 0.7073
vn 0.6924 -0.2016 0.6928
vn 0.5539 0.0080 0.8325
vn 0.5426 -0.2012 0.8155
vn 0.3820 0.0072 0.9242
vn 0.3743 -0.2014 0.9052
vn 0.1959 0.0070 0.9806
vn 0.1954 -0.2029 0.9595
vn 0.1757 0.0011 0.9844
vn 0.1079 -0.0770 0.9912
vn 0.1956 0.0083 -0.9806
vn 0.1955 0.0086 -0.9807
vn 0.3822 0.0076 -0.9241
vn 0.3821 0.0077 -0.9241
vn 0.5549 0.0079 -0.8319
vn 0.5550 0.0079 -0.8318
vn 0.7072 0.0082 -0.7070
vn 0.7072 0.0086 -0.7070
vn 0.8321 0.0075 -0.5545
vn 0.8321 0.0077 -0.5546
vn 0.9239 0.0079 -0.3825
vn 0.9239 0.0082 -0.3825
vn 0.9806 0.0077 -0.1960
vn 0.9806 0.0077 -0.1959
vn 1.0000 0.0087 0.0002
vn 1.0000 0.0087 0.0003
vn 0.9805 0.0078 0.1963
vn 0.9805 0.0078 0.1962
vn 0.9239 0.0081 0.3825
vn 0.9239 0.0083 0.3827
vn 0.8319 0.0082 0.5549
vn 0.8318 0.0087 0.5550
vn 0.7067 0.0086 0.7075
vn 0.7068 0.0087 0.7074
vn 0.5549 0.0079 0.8319
vn 0.5556 0.0078 0.8314
vn 0.3710 0.0089 0.9286
vn 0.3808 0.0099 0.9246
vn 0.4547 0.0035 0.8906
vn 0.3824 0.0045 0.9240
vn 0.4466 0.0045 0.8947
vn 0.2146 -0.0029 0.9767
vn 0.1840 -0.0493 0.9817
vn 0.3819 0.0083 -0.9241
vn 0.5551 0.0079 -0.8317
vn 0.8321 0.0084 -0.5546
vn 0.9239 0.0083 -0.3825
vn 0.9805 0.0078 0.1961
vn 0.9238 0.0083 0.3828
vn 0.7069 0.0087 0.7073
vn 0.5567 0.0078 0.8307
vn 0.2279 0.0141 0.9736
vn 0.2094 -0.0289 0.9774
vn 0.5680 0.0078 0.8230
vn 0.5649 0.0078 0.8251
vn 0.4779 0.0065 0.8784
vn 0.4789 0.0051 0.8778
vn 0.4739 -0.0079 0.8805
vn 0.4744 0.0029 0.8803
vn 0.5716 0.0078 0.8205
vn 0.4802 0.0073 0.8771
vn 0.4763 0.0084 0.8792
vn 0.4834 0.0084 0.8753
vn 0.4848 0.0067 0.8746
vn 0.5735 0.0084 0.8191
vn 0.5746 0.0083 0.8184
vn 0.1962 0.0086 -0.9805
vn 0.1971 0.0086 -0.9803
vn 0.3815 0.0088 -0.9243
vn 0.3814 0.0088 -0.9244
vn 0.5549 0.0085 -0.8319
vn 0.5546 0.0085 -0.8320
vn 0.7077 0.0085 -0.7064
vn 0.7080 0.0086 -0.7062
vn 0.8318 0.0086 -0.5550
vn 0.8316 0.0088 -0.5554
vn 0.9235 0.0084 -0.3835
vn 0.9235 0.0083 -0.3836
vn 0.9807 0.0086 -0.1953
vn 0.9808 0.0087 -0.1946
vn 1.0000 0.0087 -0.0001
vn 1.0000 0.0086 -0.0007
vn 0.9807 0.0081 0.1956
vn 0.9808 0.0083 0.1949
vn 0.9233 0.0083 0.3840
vn 0.9230 0.0083 0.3847
vn 0.8315 0.0087 0.5555
vn 0.8311 0.0086 0.5560
vn 0.7078 0.0086 0.7063
vn 0.7081 0.0086 0.7060
vn 0.1960 0.0086 -0.9806
vn 0.1961 0.0086 -0.9805
vn 0.5550 0.0085 -0.8318
vn 0.7077 0.0086 -0.7065
vn 0.8319 0.0088 -0.5549
vn 0.9235 0.0083 -0.3834
vn 0.9807 0.0085 -0.1954
vn 0.9807 0.0087 -0.1954
vn 1.0000 0.0087 0.0001
vn 0.9806 0.0078 0.1957
vn 0.9806 0.0078 0.1956
vn 0.9234 0.0083 0.3837
vn 0.9234 0.0083 0.3838
vn 0.8316 0.0087 0.5554
vn 0.8315 0.0087 0.5554
vn 0.7076 0.0087 0.7066
vn 0.7077 0.0087 0.7065
vn 0.4279 0.0054 0.9038
vn 0.3302 -0.0072 0.9439
vn 0.3865 0.0103 0.9222
vn 0.1957 0.0086 -0.9806
vn 0.1959 0.0086 -0.9806
vn 0.3816 0.0088 -0.9243
vn 0.5551 0.0080 -0.8318
vn 0.5550 0.0083 -0.8318
vn 0.7075 0.0086 -0.7067
vn 0.7076 0.0086 -0.7066
vn 0.8320 0.0088 -0.5547
vn 0.8319 0.0088 -0.5548
vn 0.9237 0.0083 -0.3831
vn 0.9236 0.0083 -0.3833
vn 0.9806 0.0077 -0.1957
vn 0.9807 0.0081 -0.1956
vn 1.0000 0.0087 0.0004
vn 0.9806 0.0078 0.1959
vn 0.9806 0.0078 0.1958
vn 0.9236 0.0083 0.3832
vn 0.9235 0.0083 0.3835
vn 0.8317 0.0087 0.5552
vn 0.8316 0.0087 0.5553
vn 0.7072 0.0087 0.7069
vn 0.7074 0.0087 0.7068
vn 0.5616 0.0078 0.8274
vn 0.3340 -0.0578 0.9408
vn 0.4039 -0.0403 0.9139
vn 0.4513 -0.0258 0.8920
vn 0.5735 0.0081 0.8191
vn 1.0000 0.0087 -0.0000
vn 0.9807 0.0078 0.1956
vn 0.5993 -0.0496 0.7990
vn 0.5822 -0.1126 0.8052
vn 0.2009 -0.2075 0.9574
vn 0.4042 -0.1817 0.8965
vn 0.5014 -0.1733 0.8477
vn 0.4234 -0.1653 0.8907
vn 0.6041 0.0024 0.7969
vn 0.6112 0.0042 0.7914
vn 0.5486 -0.1448 0.8235
vn 0.6065 -0.0002 0.7951
vn 0.7312 -0.0786 0.6776
vn 0.7685 -0.1286 0.6268
vn 0.7534 -0.2307 0.6158
vn 0.7205 -0.1884 0.6674
vn 0.4325 -0.3930 0.8115
vn 0.4017 -0.3977 0.8249
vn 0.6733 -0.3266 0.6633
vn 0.6678 -0.3253 0.6695
vn 0.7338 -0.0000 0.6794
vn 0.7762 0.0030 0.6305
vn 0.7771 -0.0001 0.6294
vn 0.7394 0.0009 0.6733
vn 0.7319 -0.2741 0.6238
vn 0.6860 -0.2383 0.6875
vn 0.7336 -0.0135 0.6794
vn 0.7765 -0.0357 0.6291
vn 0.7246 -0.2935 0.6236
vn 0.7216 -0.3039 0.6220
vn 0.7128 -0.3051 0.6315
vn 0.4402 -0.3886 0.8095
vn 0.6722 -0.3238 0.6658
vn 0.4058 -0.3454 0.8462
vn 0.4364 -0.1918 0.8791
vn 0.6769 -0.2735 0.6834
vn 0.6889 -0.1596 0.7070
vn 0.4426 -0.0375 0.8959
vn 0.7078 -0.0488 0.7047
vn 0.4711 0.0047 0.8821
vn 0.4618 0.0002 0.8870
vn 0.7159 -0.0042 0.6982
vn 0.7191 -0.0049 0.6949
vn 0.7236 -0.2892 0.6267
vn 0.6675 -0.2613 0.6972
vn 0.1783 0.4107 -0.8942
vn 0.1287 0.7562 -0.6415
vn 0.3491 0.4044 -0.8453
vn 0.2518 0.7511 -0.6103
vn 0.5055 0.4133 -0.7574
vn 0.3616 0.7579 -0.5429
vn 0.6440 0.4156 -0.6423
vn 0.4658 0.7525 -0.4655
vn 0.7600 0.4070 -0.5067
vn 0.5575 0.7424 -0.3716
vn 0.8430 0.4087 -0.3498
vn 0.6222 0.7389 -0.2588
vn 0.8948 0.4086 -0.1801
vn 0.6642 0.7354 -0.1347
vn 0.9161 0.4010 -0.0024
vn 0.6686 0.7436 -0.0024
vn 0.8976 0.4036 0.1772
vn 0.6559 0.7440 0.1278
vn 0.8462 0.4015 0.3502
vn 0.6182 0.7433 0.2556
vn 0.7626 0.3981 0.5099
vn 0.5489 0.7513 0.3665
vn 0.6438 0.4094 0.6465
vn 0.4655 0.7515 0.4674
vn 0.5203 0.4248 0.7408
vn 0.3805 0.7503 0.5407
vn 0.4334 0.4348 0.7894
vn 0.4408 0.4318 0.7869
vn 0.3176 0.7611 0.5656
vn 0.2917 0.7823 0.5504
vn 0.6240 0.4272 0.6543
vn 0.5320 0.4114 0.7401
vn 0.3585 0.7505 0.5551
vn 0.3894 0.7689 0.5071
vn 0.6418 0.4159 0.6443
vn 0.6402 0.4329 0.6346
vn 0.3986 0.7526 0.5242
vn 0.3824 0.7533 0.5351
vn 0.3719 0.3974 0.8389
vn 0.2229 0.7192 0.6581
vn 0.5938 0.3752 0.7118
vn 0.3578 0.7213 0.5931
vn 0.0720 0.9315 -0.3566
vn 0.1948 0.1050 -0.9752
vn 0.1406 0.9297 -0.3404
vn 0.3798 0.1025 -0.9194
vn 0.1991 0.9330 -0.2997
vn 0.5521 0.1081 -0.8268
vn 0.2584 0.9305 -0.2596
vn 0.7039 0.1128 -0.7013
vn 0.3157 0.9252 -0.2104
vn 0.8263 0.1099 -0.5525
vn 0.3572 0.9220 -0.1493
vn 0.9177 0.1149 -0.3804
vn 0.3784 0.9224 -0.0774
vn 0.9745 0.1156 -0.1922
vn 0.3767 0.9263 -0.0009
vn 0.9947 0.1031 -0.0006
vn 0.3682 0.9270 0.0709
vn 0.9747 0.1080 0.1959
vn 0.3489 0.9260 0.1441
vn 0.9181 0.1041 0.3824
vn 0.3069 0.9294 0.2048
vn 0.8270 0.0958 0.5540
vn 0.2597 0.9301 0.2598
vn 0.7042 0.1073 0.7019
vn 0.2118 0.9299 0.3006
vn 0.5698 0.1232 0.8125
vn 0.1713 0.9334 0.3154
vn 0.1476 0.9422 0.3007
vn 0.4811 0.1156 0.8690
vn 0.4797 0.1233 0.8687
vn 0.1658 0.9309 0.3255
vn 0.1499 0.9348 0.3219
vn 0.5992 0.1059 0.7936
vn 0.1485 0.9188 0.3659
vn 0.1198 0.9180 0.3780
vn 0.6504 0.4273 0.6280
vn 0.7579 0.1174 0.6418
vn 0.7210 0.1109 0.6840
vn 0.4630 0.1114 0.8793
vn 0.7052 0.0862 0.7037
vn 0.3079 -0.3583 0.8814
vn 0.6160 -0.3002 0.7283
vn 0.6458 -0.2797 0.7104
vn -0.3874 0.7625 0.5183
vn -0.3929 0.7718 0.4999
vn -0.6341 0.4441 0.6330
vn -0.1363 0.9237 0.3579
vn -0.1666 0.9232 0.3464
vn -0.7543 0.1159 0.6462
vn 0.4032 0.7622 0.5065
vn 0.1505 0.9301 0.3350
vn 0.7560 0.1088 0.6454
vn 0.7557 0.1185 0.6441
vn -0.7525 -0.2413 0.6127
vn -0.7508 -0.2550 0.6093
vn -0.7686 -0.1506 0.6217
vn -0.7670 -0.1561 0.6223
vn -0.7346 -0.2846 0.6160
vn -0.7309 -0.2970 0.6145
vn -0.7761 -0.0497 0.6287
vn -0.7759 -0.0543 0.6285
vn -0.7221 -0.2969 0.6248
vn 0.7667 -0.1553 0.6229
vn 0.7688 -0.1482 0.6220
vn 0.7535 -0.2427 0.6111
vn 0.7530 -0.2389 0.6131
vn 0.7435 -0.2911 0.6021
vn 0.7388 -0.2851 0.6106
vn 0.7756 -0.0596 0.6284
vn 0.7758 -0.0560 0.6285
vn -0.7775 -0.0000 0.6289
vn -0.7777 -0.0083 0.6285
vn -0.7772 -0.0001 0.6293
vn -0.7769 -0.0001 0.6296
vn 0.7768 -0.0001 0.6297
vn 0.7772 -0.0003 0.6293
vn 0.7777 -0.0077 0.6286
vn 0.7774 -0.0000 0.6290
vn -0.7103 -0.3064 0.6337
vn -0.6723 -0.3240 0.6656
vn -0.4246 -0.3917 0.8162
vn 0.0136 -0.4335 0.9011
vn 0.4428 -0.3873 0.8086
vn 0.6814 -0.3201 0.6583
vn 0.7164 -0.3043 0.6279
vn 0.0010 0.9530 0.3031
vn 0.0104 0.9638 0.2664
vn -0.0002 0.9648 0.2630
vn -0.0110 0.9637 0.2669
vn 0.0406 0.9744 0.2213
vn 0.0002 0.9753 0.2207
vn 0.0000 0.9678 0.2518
vn 0.0334 0.9671 0.2522
vn 0.0003 0.9744 -0.2249
vn -0.0457 0.9724 -0.2288
vn -0.0410 0.9756 -0.2156
vn 0.0002 0.9763 -0.2166
vn -0.0899 0.9715 -0.2194
vn -0.0843 0.9755 -0.2030
vn -0.1285 0.9724 -0.1947
vn -0.1221 0.9756 -0.1822
vn -0.1651 0.9722 -0.1662
vn -0.1558 0.9755 -0.1555
vn -0.1933 0.9726 -0.1290
vn -0.1821 0.9757 -0.1222
vn -0.2158 0.9723 -0.0901
vn -0.2031 0.9756 -0.0840
vn -0.2304 0.9720 -0.0469
vn -0.2154 0.9756 -0.0426
vn -0.2347 0.9721 -0.0005
vn -0.2201 0.9755 -0.0003
vn -0.2301 0.9722 0.0445
vn -0.2151 0.9756 0.0438
vn -0.2200 0.9712 0.0912
vn -0.2032 0.9756 0.0836
vn -0.1940 0.9724 0.1296
vn -0.1823 0.9757 0.1217
vn -0.1654 0.9722 0.1660
vn -0.1561 0.9754 0.1555
vn -0.1341 0.9724 0.1909
vn -0.1216 0.9756 0.1826
vn -0.1044 0.9771 0.1855
vn 0.4813 0.2896 -0.8273
vn -0.0691 0.9736 0.2174
vn -0.0841 0.9756 0.2028
vn -0.0403 0.9744 0.2213
vn -0.0302 0.9677 0.2502
vn 0.0464 0.9720 -0.2302
vn 0.0414 0.9755 -0.2158
vn 0.0900 0.9717 -0.2185
vn 0.0847 0.9755 -0.2030
vn 0.1293 0.9722 -0.1952
vn 0.1226 0.9755 -0.1826
vn 0.1661 0.9719 -0.1668
vn 0.1563 0.9754 -0.1557
vn 0.1997 0.9708 -0.1331
vn 0.1828 0.9755 -0.1225
vn 0.2284 0.9689 -0.0952
vn 0.2036 0.9754 -0.0840
vn 0.2360 0.9706 -0.0479
vn 0.2160 0.9755 -0.0427
vn 0.2395 0.9709 -0.0005
vn 0.2207 0.9753 -0.0003
vn 0.2355 0.9708 0.0455
vn 0.2159 0.9754 0.0440
vn 0.2216 0.9708 0.0917
vn 0.2038 0.9754 0.0838
vn 0.1978 0.9713 0.1319
vn 0.1830 0.9755 0.1220
vn 0.1670 0.9717 0.1672
vn 0.1565 0.9753 0.1556
vn 0.1345 0.9724 0.1909
vn 0.1220 0.9756 0.1826
vn 0.1049 0.9770 0.1857
vn 0.0845 0.9756 0.2028
vn -0.0597 0.9712 0.2307
vn 0.0570 0.9689 0.2407
vn 0.0707 0.9732 0.2186
vn -0.4813 0.2893 -0.8274
vn -0.0356 0.9829 -0.1805
vn 0.0002 0.9829 -0.1844
vn -0.0702 0.9829 -0.1701
vn -0.1019 0.9829 -0.1532
vn -0.1299 0.9829 -0.1302
vn -0.1529 0.9829 -0.1023
vn -0.1699 0.9829 -0.0706
vn -0.1804 0.9829 -0.0362
vn -0.1839 0.9829 -0.0002
vn -0.1804 0.9829 0.0359
vn -0.1700 0.9829 0.0703
vn -0.1531 0.9829 0.1021
vn -0.1300 0.9829 0.1301
vn -0.1020 0.9829 0.1531
vn -0.0333 0.9829 0.1810
vn -0.0703 0.9829 0.1701
vn 0.0361 0.9829 -0.1805
vn 0.0706 0.9829 -0.1700
vn 0.1023 0.9829 -0.1531
vn 0.1302 0.9829 -0.1301
vn 0.1532 0.9829 -0.1022
vn 0.1701 0.9829 -0.0705
vn 0.1806 0.9829 -0.0362
vn 0.1841 0.9829 -0.0002
vn 0.1806 0.9829 0.0359
vn 0.1702 0.9829 0.0703
vn 0.1533 0.9829 0.1020
vn 0.1303 0.9829 0.1300
vn 0.1024 0.9829 0.1530
vn 0.0707 0.9829 0.1700
vn 0.0338 0.9829 0.1810
vn 0.0002 0.9828 0.1847
vn 0.0003 0.9989 -0.0465
vn -0.0032 0.9989 -0.0471
vn 0.0003 1.0000 -0.0002
vn -0.0176 0.9989 -0.0434
vn -0.0257 0.9989 -0.0390
vn -0.0328 0.9989 -0.0332
vn -0.0387 0.9989 -0.0261
vn -0.0430 0.9989 -0.0181
vn -0.0457 0.9989 -0.0093
vn -0.0466 0.9989 -0.0001
vn -0.0457 0.9989 0.0091
vn -0.0431 0.9989 0.0178
vn -0.0387 0.9989 0.0259
vn -0.0329 0.9989 0.0330
vn -0.0257 0.9989 0.0389
vn -0.0176 0.9989 0.0432
vn -0.0061 0.9989 0.0464
vn 0.0038 0.9989 -0.0471
vn 0.0182 0.9989 -0.0433
vn 0.0263 0.9989 -0.0390
vn 0.0333 0.9989 -0.0332
vn 0.0392 0.9989 -0.0261
vn 0.0435 0.9989 -0.0180
vn 0.0462 0.9989 -0.0093
vn 0.0471 0.9989 -0.0001
vn 0.0462 0.9989 0.0091
vn 0.0436 0.9989 0.0178
vn 0.0393 0.9989 0.0259
vn 0.0334 0.9989 0.0330
vn 0.0263 0.9989 0.0389
vn 0.0067 0.9989 0.0464
vn 0.0182 0.9989 0.0432
vn 0.0003 0.9989 0.0478
vn -0.0256 0.9903 -0.1362
vn -0.0186 0.9957 -0.0912
vn 0.0003 0.9957 -0.0929
vn 0.0002 0.9903 -0.1388
vn -0.0528 0.9904 -0.1281
vn -0.0354 0.9957 -0.0861
vn -0.0767 0.9904 -0.1154
vn -0.0514 0.9957 -0.0775
vn -0.0977 0.9904 -0.0981
vn -0.0656 0.9957 -0.0659
vn -0.1151 0.9904 -0.0770
vn -0.0772 0.9957 -0.0518
vn -0.1279 0.9904 -0.0532
vn -0.0858 0.9957 -0.0358
vn -0.1357 0.9904 -0.0273
vn -0.0911 0.9957 -0.0184
vn -0.1384 0.9904 -0.0001
vn -0.0929 0.9957 -0.0001
vn -0.1358 0.9904 0.0270
vn -0.0912 0.9957 0.0181
vn -0.1280 0.9904 0.0530
vn -0.0859 0.9957 0.0356
vn -0.1152 0.9904 0.0769
vn -0.0773 0.9957 0.0516
vn -0.0978 0.9904 0.0979
vn -0.0657 0.9957 0.0658
vn -0.0768 0.9904 0.1153
vn -0.0515 0.9957 0.0774
vn -0.0243 0.9903 0.1365
vn -0.0153 0.9957 0.0919
vn -0.0354 0.9957 0.0860
vn -0.0529 0.9904 0.1281
vn 0.0191 0.9956 -0.0912
vn 0.0260 0.9903 -0.1362
vn 0.0358 0.9956 -0.0861
vn 0.0532 0.9903 -0.1281
vn 0.0519 0.9956 -0.0775
vn 0.0771 0.9903 -0.1154
vn 0.0660 0.9956 -0.0659
vn 0.0981 0.9903 -0.0980
vn 0.0777 0.9956 -0.0518
vn 0.1155 0.9903 -0.0770
vn 0.0862 0.9956 -0.0357
vn 0.1283 0.9903 -0.0532
vn 0.0915 0.9956 -0.0184
vn 0.1362 0.9903 -0.0273
vn 0.0933 0.9956 -0.0001
vn 0.1388 0.9903 -0.0001
vn 0.0916 0.9956 0.0181
vn 0.1362 0.9903 0.0270
vn 0.0863 0.9956 0.0355
vn 0.1284 0.9903 0.0529
vn 0.0777 0.9956 0.0516
vn 0.1156 0.9903 0.0768
vn 0.0661 0.9956 0.0657
vn 0.0983 0.9903 0.0979
vn 0.0520 0.9956 0.0774
vn 0.0772 0.9903 0.1153
vn 0.0533 0.9903 0.1281
vn 0.0359 0.9956 0.0860
vn 0.0158 0.9956 0.0918
vn 0.0248 0.9903 0.1365
vn 0.0003 0.9956 0.0941
vn 0.0002 0.9902 0.1395
vn -0.0681 0.9632 0.2602
vn 0.0002 0.9476 0.3196
vn 0.0329 0.9595 0.2798
vn 0.0471 0.9650 0.2581
vn -0.7546 0.1234 0.6444
vn -0.0263 0.9603 0.2778
vn -0.0001 -0.7108 -0.7034
vn -0.1371 -0.7111 -0.6896
vn -0.2678 -0.7110 -0.6502
vn -0.3888 -0.7110 -0.5859
vn -0.4962 -0.7109 -0.4984
vn -0.5833 -0.7125 -0.3900
vn -0.6479 -0.7127 -0.2687
vn -0.6883 -0.7122 -0.1376
vn -0.7032 -0.7110 0.0008
vn -0.6891 -0.7113 0.1386
vn -0.6492 -0.7112 0.2696
vn -0.5845 -0.7112 0.3905
vn -0.4971 -0.7112 0.4971
vn -0.3894 -0.7115 0.5849
vn -0.2675 -0.7117 0.6496
vn -0.1375 -0.7111 0.6895
vn 0.0016 -0.2000 0.9798
vn 0.0014 -0.7112 0.7030
vn 0.1375 -0.7114 -0.6892
vn 0.2685 -0.7116 -0.6493
vn 0.3901 -0.7115 -0.5845
vn 0.4979 -0.7109 -0.4968
vn 0.5852 -0.7109 -0.3900
vn 0.6498 -0.7109 -0.2691
vn 0.6894 -0.7110 -0.1386
vn 0.7033 -0.7109 -0.0005
vn 0.6883 -0.7122 0.1380
vn 0.6483 -0.7125 0.2685
vn 0.5837 -0.7123 0.3897
vn 0.4969 -0.7106 0.4982
vn 0.3897 -0.7108 0.5856
vn 0.2689 -0.7109 0.6498
vn 0.1396 -0.7107 0.6895
vn -0.0000 -0.9977 -0.0674
vn 0.0001 -0.8195 0.5731
vn 0.1120 -0.8185 0.5635
vn -0.0130 -0.9978 -0.0651
vn 0.2191 -0.8180 0.5318
vn -0.0252 -0.9978 -0.0611
vn 0.3178 -0.8184 0.4788
vn -0.0367 -0.9978 -0.0554
vn 0.4050 -0.8185 0.4074
vn -0.0470 -0.9978 -0.0473
vn 0.5025 -0.7965 0.3363
vn -0.0443 -0.9986 -0.0296
vn 0.5609 -0.7945 0.2326
vn -0.0487 -0.9986 -0.0202
vn 0.5868 -0.8012 0.1170
vn -0.0544 -0.9985 -0.0109
vn 0.5775 -0.8164 -0.0009
vn -0.0645 -0.9979 0.0001
vn 0.5673 -0.8156 -0.1141
vn -0.0624 -0.9980 0.0126
vn 0.5350 -0.8151 -0.2221
vn -0.0585 -0.9980 0.0243
vn 0.4812 -0.8155 -0.3215
vn -0.0529 -0.9980 0.0353
vn 0.4092 -0.8156 -0.4090
vn -0.0450 -0.9980 0.0449
vn 0.3248 -0.8103 -0.4878
vn -0.0333 -0.9982 0.0501
vn 0.2228 -0.8107 -0.5414
vn -0.0229 -0.9982 0.0558
vn 0.1132 -0.8123 -0.5721
vn -0.0117 -0.9981 0.0606
vn -0.0013 -0.8142 -0.5806
vn 0.0002 -0.9980 0.0625
vn 0.0121 -0.9981 -0.0605
vn -0.1138 -0.8132 0.5708
vn 0.0230 -0.9982 -0.0556
vn -0.2237 -0.8106 0.5411
vn 0.0331 -0.9982 -0.0496
vn -0.3256 -0.8101 0.4876
vn 0.0468 -0.9978 -0.0467
vn -0.4070 -0.8183 0.4059
vn 0.0551 -0.9978 -0.0367
vn -0.4780 -0.8185 0.3186
vn 0.0612 -0.9978 -0.0253
vn -0.5306 -0.8186 0.2198
vn 0.0651 -0.9978 -0.0131
vn -0.5627 -0.8189 0.1132
vn 0.0629 -0.9980 -0.0001
vn -0.5793 -0.8151 0.0007
vn 0.0529 -0.9985 0.0106
vn -0.5882 -0.8001 -0.1176
vn 0.0481 -0.9986 0.0199
vn -0.5601 -0.7953 -0.2320
vn 0.0440 -0.9986 0.0294
vn -0.5012 -0.7979 -0.3349
vn 0.0481 -0.9977 0.0482
vn -0.4035 -0.8205 -0.4050
vn 0.0376 -0.9977 0.0565
vn -0.3169 -0.8203 -0.4761
vn 0.0256 -0.9978 0.0618
vn -0.2192 -0.8192 -0.5300
vn 0.0129 -0.9978 0.0655
vn -0.1131 -0.8187 -0.5629
vn 0.0005 -0.3195 0.9476
vn 0.1853 -0.3095 0.9327
vn 0.3628 -0.3041 0.8809
vn 0.5265 -0.3056 0.7933
vn 0.6676 -0.3148 0.6747
vn 0.7963 -0.2808 0.5357
vn 0.8888 -0.2732 0.3680
vn 0.9405 -0.2849 0.1852
vn 0.9512 -0.3086 -0.0030
vn 0.9327 -0.3082 -0.1875
vn 0.8787 -0.3080 -0.3649
vn 0.7909 -0.3087 -0.5284
vn 0.6730 -0.3091 -0.6720
vn 0.5283 -0.3045 -0.7926
vn 0.3622 -0.3050 -0.8808
vn 0.1844 -0.3070 -0.9337
vn -0.0025 -0.3091 -0.9510
vn -0.1855 -0.3080 0.9331
vn -0.3637 -0.3048 0.8802
vn -0.5293 -0.3043 0.7919
vn -0.6726 -0.3141 0.6700
vn -0.7899 -0.3148 0.5263
vn -0.8769 -0.3150 0.3631
vn -0.9303 -0.3154 0.1873
vn -0.9503 -0.3113 0.0029
vn -0.9405 -0.2842 -0.1860
vn -0.8885 -0.2747 -0.3676
vn -0.7964 -0.2824 -0.5349
vn -0.6677 -0.3176 -0.6733
vn -0.5266 -0.3109 -0.7912
vn -0.3642 -0.3039 -0.8803
vn -0.1879 -0.3062 -0.9332
vn -0.0010 -0.0217 0.9998
vn 0.1931 -0.0128 0.9811
vn 0.3804 -0.0079 0.9248
vn 0.5541 -0.0089 0.8324
vn 0.7061 -0.0172 0.7079
vn 0.8307 -0.0120 0.5566
vn 0.9235 -0.0063 0.3835
vn 0.9807 -0.0095 0.1953
vn 0.9999 -0.0135 -0.0016
vn 0.9802 -0.0146 -0.1974
vn 0.9234 -0.0151 -0.3835
vn 0.8314 -0.0152 -0.5555
vn 0.7067 -0.0152 -0.7074
vn 0.5537 -0.0182 -0.8325
vn 0.3807 -0.0177 -0.9245
vn 0.1942 -0.0171 -0.9808
vn -0.0005 -0.0174 -0.9998
vn -0.1955 -0.0176 0.9805
vn -0.3823 -0.0174 0.9239
vn -0.5547 -0.0179 0.8318
vn -0.7074 -0.0173 0.7066
vn -0.8321 -0.0179 0.5544
vn -0.9237 -0.0181 0.3826
vn -0.9803 -0.0181 0.1968
vn -0.9998 -0.0175 0.0012
vn -0.9807 -0.0100 -0.1952
vn -0.9238 -0.0066 -0.3828
vn -0.8312 -0.0115 -0.5559
vn -0.7066 -0.0178 -0.7074
vn -0.5553 -0.0120 -0.8316
vn -0.3824 -0.0063 -0.9240
vn -0.1950 -0.0089 -0.9808
vn -0.0012 0.0009 1.0000
vn 0.1942 0.0005 0.9810
vn 0.3803 0.0002 0.9248
vn 0.5528 0.0005 0.8333
vn 0.7066 0.0012 0.7076
vn 0.8320 0.0008 0.5548
vn 0.9238 0.0004 0.3828
vn 0.9806 0.0002 0.1962
vn 1.0000 0.0004 -0.0002
vn 0.9803 0.0007 -0.1975
vn 0.9234 0.0004 -0.3839
vn 0.8316 0.0005 -0.5554
vn 0.7063 0.0005 -0.7079
vn 0.5532 0.0002 -0.8330
vn 0.3823 0.0002 -0.9241
vn 0.1951 0.0012 -0.9808
vn -0.0021 0.0007 -1.0000
vn -0.1965 0.0005 0.9805
vn -0.3821 0.0005 0.9241
vn -0.5536 0.0007 0.8328
vn -0.7070 0.0012 0.7072
vn -0.8324 0.0010 0.5541
vn -0.9241 0.0010 0.3822
vn -0.9804 0.0007 0.1971
vn -1.0000 0.0012 -0.0006
vn -0.9802 -0.0000 -0.1981
vn -0.9239 -0.0002 -0.3828
vn -0.8322 0.0001 -0.5544
vn -0.7074 0.0004 -0.7068
vn -0.5546 0.0002 -0.8321
vn -0.3821 -0.0002 -0.9241
vn -0.1961 -0.0000 -0.9806
vn 0.9918 0.1277 -0.0000
vn 0.9580 0.1277 -0.2567
vn 0.9659 0.0000 -0.2588
vn 0.9048 0.4258 -0.0000
vn 0.8740 0.4258 -0.2342
vn 0.6764 0.7366 -0.0000
vn 0.6533 0.7366 -0.1751
vn 0.3371 0.9415 -0.0000
vn 0.3256 0.9415 -0.0873
vn 0.0411 0.9992 -0.0000
vn 0.0397 0.9992 -0.0106
vn -0.0638 0.9980 0.0000
vn -0.0616 0.9980 0.0165
vn -0.0908 0.9959 0.0000
vn -0.0877 0.9959 0.0235
vn -0.1387 0.9903 0.0000
vn -0.1339 0.9903 0.0359
vn -0.1840 0.9829 0.0000
vn -0.1777 0.9829 0.0476
vn -0.2044 0.9789 0.0000
vn -0.1974 0.9789 0.0529
vn -0.3628 0.9319 0.0000
vn -0.3504 0.9319 0.0939
vn -0.6928 0.7211 0.0000
vn -0.6692 0.7211 0.1793
vn -0.9329 0.3602 -0.0000
vn -0.9011 0.3602 0.2414
vn -0.9965 0.0833 0.0000
vn -0.9626 0.0833 0.2579
vn -1.0000 -0.0001 -0.0000
vn -0.9659 -0.0001 0.2588
vn -1.0000 -0.0001 0.0000
vn -0.9930 -0.1184 0.0000
vn -0.9591 -0.1184 0.2570
vn -0.8882 -0.4594 0.0000
vn -0.8580 -0.4594 0.2299
vn -0.4339 -0.9009 0.0000
vn -0.4192 -0.9009 0.1123
vn 0.8589 0.1277 -0.4959
vn 0.8660 0.0000 -0.5000
vn 0.7836 0.4258 -0.4524
vn 0.5857 0.7366 -0.3382
vn 0.2920 0.9415 -0.1686
vn 0.0356 0.9992 -0.0205
vn -0.0552 0.9980 0.0319
vn -0.0787 0.9959 0.0454
vn -0.1201 0.9903 0.0693
vn -0.1593 0.9829 0.0920
vn -0.1770 0.9789 0.1022
vn -0.3142 0.9319 0.1814
vn -0.6000 0.7211 0.3464
vn -0.8079 0.3602 0.4664
vn -0.8630 0.0833 0.4983
vn -0.8660 -0.0001 0.5000
vn -0.8599 -0.1184 0.4965
vn -0.7692 -0.4594 0.4441
vn -0.3758 -0.9009 0.2170
vn 0.7013 0.1277 -0.7013
vn 0.6398 0.4258 -0.6398
vn 0.4783 0.7366 -0.4783
vn 0.2384 0.9415 -0.2384
vn 0.0291 0.9992 -0.0291
vn -0.0451 0.9980 0.0451
vn -0.0642 0.9959 0.0642
vn -0.0980 0.9903 0.0980
vn -0.1301 0.9829 0.1301
vn -0.1445 0.9789 0.1445
vn -0.2565 0.9319 0.2565
vn -0.4899 0.7211 0.4899
vn -0.6596 0.3602 0.6596
vn -0.7047 0.0833 0.7047
vn -0.7071 -0.0001 0.7071
vn -0.7021 -0.1184 0.7021
vn -0.6281 -0.4594 0.6281
vn -0.3068 -0.9009 0.3068
vn 0.4959 0.1277 -0.8589
vn 0.5000 0.0000 -0.8660
vn 0.4524 0.4258 -0.7836
vn 0.3382 0.7366 -0.5857
vn 0.1686 0.9415 -0.2920
vn 0.0205 0.9992 -0.0356
vn -0.0319 0.9980 0.0552
vn -0.0454 0.9959 0.0787
vn -0.0693 0.9903 0.1201
vn -0.0920 0.9829 0.1593
vn -0.1022 0.9789 0.1770
vn -0.1814 0.9319 0.3142
vn -0.3464 0.7211 0.6000
vn -0.4664 0.3602 0.8079
vn -0.4983 0.0833 0.8630
vn -0.5000 -0.0001 0.8660
vn -0.4965 -0.1183 0.8599
vn -0.4441 -0.4594 0.7692
vn -0.2170 -0.9009 0.3758
vn 0.2567 0.1277 -0.9580
vn 0.2588 0.0000 -0.9659
vn 0.2342 0.4258 -0.8740
vn 0.1751 0.7366 -0.6533
vn 0.0873 0.9415 -0.3256
vn 0.0106 0.9992 -0.0397
vn -0.0165 0.9980 0.0616
vn -0.0235 0.9959 0.0877
vn -0.0359 0.9903 0.1339
vn -0.0476 0.9829 0.1777
vn -0.0529 0.9789 0.1974
vn -0.0939 0.9319 0.3504
vn -0.1793 0.7211 0.6692
vn -0.2414 0.3602 0.9011
vn -0.2579 0.0833 0.9626
vn -0.2588 -0.0001 0.9659
vn -0.2570 -0.1183 0.9591
vn -0.2299 -0.4594 0.8580
vn -0.1123 -0.9009 0.4192
vn 0.0000 0.1277 -0.9918
vn 0.0000 0.4258 -0.9048
vn 0.0000 0.7366 -0.6764
vn -0.0000 0.9415 -0.3371
vn -0.0000 0.9992 -0.0411
vn 0.0000 0.9980 0.0638
vn 0.0000 0.9959 0.0908
vn 0.0000 0.9903 0.1387
vn 0.0000 0.9829 0.1840
vn 0.0000 0.9789 0.2044
vn 0.0000 0.9319 0.3628
vn 0.0000 0.7211 0.6928
vn 0.0000 0.3602 0.9329
vn -0.0000 0.0833 0.9965
vn 0.0000 -0.0001 1.0000
vn 0.0000 -0.1183 0.9930
vn 0.0000 -0.4594 0.8882
vn 0.0000 -0.9009 0.4339
vn -0.2567 0.1277 -0.9580
vn -0.2588 -0.0000 -0.9659
vn -0.2342 0.4258 -0.8740
vn -0.1751 0.7366 -0.6533
vn -0.0873 0.9415 -0.3256
vn -0.0106 0.9992 -0.0397
vn 0.0165 0.9980 0.0616
vn 0.0235 0.9959 0.0877
vn 0.0359 0.9903 0.1339
vn 0.0476 0.9829 0.1777
vn 0.0529 0.9789 0.1974
vn 0.0939 0.9319 0.3504
vn 0.1793 0.7211 0.6692
vn 0.2414 0.3602 0.9011
vn 0.2579 0.0833 0.9626
vn 0.2588 -0.0001 0.9659
vn 0.2570 -0.1184 0.9591
vn 0.2299 -0.4594 0.8580
vn 0.1123 -0.9009 0.4192
vn -0.4959 0.1277 -0.8589
vn -0.5000 -0.0000 -0.8660
vn -0.4524 0.4258 -0.7836
vn -0.3382 0.7366 -0.5857
vn -0.1686 0.9415 -0.2920
vn -0.0205 0.9992 -0.0356
vn 0.0319 0.9980 0.0552
vn 0.0454 0.9959 0.0787
vn 0.0693 0.9903 0.1201
vn 0.0920 0.9829 0.1593
vn 0.1022 0.9789 0.1770
vn 0.1814 0.9319 0.3142
vn 0.3464 0.7211 0.6000
vn 0.4664 0.3602 0.8079
vn 0.4983 0.0833 0.8630
vn 0.5000 -0.0001 0.8660
vn 0.4965 -0.1183 0.8599
vn 0.4441 -0.4594 0.7692
vn 0.2170 -0.9009 0.3758
vn -0.7013 0.1277 -0.7013
vn -0.6398 0.4258 -0.6398
vn -0.4783 0.7366 -0.4783
vn -0.2384 0.9415 -0.2384
vn -0.0291 0.9992 -0.0291
vn 0.0451 0.9980 0.0451
vn 0.0642 0.9959 0.0642
vn 0.0980 0.9903 0.0980
vn 0.1301 0.9829 0.1301
vn 0.1445 0.9789 0.1445
vn 0.2565 0.9319 0.2565
vn 0.4899 0.7211 0.4899
vn 0.6596 0.3602 0.6596
vn 0.7046 0.0833 0.7047
vn 0.7071 -0.0001 0.7071
vn 0.7021 -0.1184 0.7021
vn 0.6281 -0.4594 0.6281
vn 0.3068 -0.9009 0.3068
vn -0.8589 0.1277 -0.4959
vn -0.8660 0.0000 -0.5000
vn -0.7836 0.4258 -0.4524
vn -0.5857 0.7366 -0.3382
vn -0.2920 0.9415 -0.1686
vn -0.0356 0.9992 -0.0205
vn 0.0552 0.9980 0.0319
vn 0.0787 0.9959 0.0454
vn 0.1201 0.9903 0.0693
vn 0.1593 0.9829 0.0920
vn 0.1770 0.9789 0.1022
vn 0.3142 0.9319 0.1814
vn 0.6000 0.7211 0.3464
vn 0.8079 0.3602 0.4664
vn 0.8630 0.0833 0.4983
vn 0.8660 -0.0001 0.5000
vn 0.8599 -0.1184 0.4965
vn 0.7692 -0.4594 0.4441
vn 0.3758 -0.9009 0.2170
vn -0.9580 0.1277 -0.2567
vn -0.9659 0.0000 -0.2588
vn -0.8740 0.4258 -0.2342
vn -0.6533 0.7366 -0.1751
vn -0.3256 0.9415 -0.0873
vn -0.0397 0.9992 -0.0106
vn 0.0616 0.9980 0.0165
vn 0.0877 0.9959 0.0235
vn 0.1339 0.9903 0.0359
vn 0.1777 0.9829 0.0476
vn 0.1974 0.9789 0.0529
vn 0.3504 0.9319 0.0939
vn 0.6692 0.7211 0.1793
vn 0.9011 0.3602 0.2414
vn 0.9626 0.0833 0.2579
vn 0.9659 -0.0001 0.2588
vn 0.9591 -0.1184 0.2570
vn 0.8580 -0.4594 0.2299
vn 0.4192 -0.9009 0.1123
vn -0.9918 0.1277 -0.0000
vn -1.0000 0.0000 -0.0000
vn -0.9048 0.4258 -0.0000
vn -0.6764 0.7366 -0.0000
vn -0.3371 0.9415 0.0000
vn -0.0411 0.9992 -0.0000
vn 0.0638 0.9980 0.0000
vn 0.0908 0.9959 0.0000
vn 0.1387 0.9903 0.0000
vn 0.1840 0.9829 0.0000
vn 0.2044 0.9789 0.0000
vn 0.3628 0.9319 -0.0000
vn 0.6928 0.7211 0.0000
vn 0.9329 0.3602 0.0000
vn 0.9965 0.0833 0.0000
vn 1.0000 -0.0001 0.0000
vn 0.9930 -0.1184 0.0000
vn 0.8882 -0.4594 0.0000
vn 0.4339 -0.9009 0.0000
vn -0.9580 0.1277 0.2567
vn -0.9659 0.0000 0.2588
vn -0.8740 0.4258 0.2342
vn -0.6533 0.7366 0.1751
vn -0.3257 0.9415 0.0873
vn -0.0397 0.9992 0.0106
vn 0.0616 0.9980 -0.0165
vn 0.0877 0.9959 -0.0235
vn 0.1339 0.9903 -0.0359
vn 0.1777 0.9829 -0.0476
vn 0.1974 0.9789 -0.0529
vn 0.3504 0.9319 -0.0939
vn 0.6692 0.7211 -0.1793
vn 0.9011 0.3602 -0.2414
vn 0.9626 0.0833 -0.2579
vn 0.9659 -0.0001 -0.2588
vn 0.9591 -0.1184 -0.2570
vn 0.8580 -0.4594 -0.2299
vn 0.4192 -0.9009 -0.1123
vn -0.8589 0.1277 0.4959
vn -0.8660 -0.0000 0.5000
vn -0.7836 0.4258 0.4524
vn -0.5857 0.7366 0.3382
vn -0.2920 0.9415 0.1686
vn -0.0356 0.9992 0.0205
vn 0.0552 0.9980 -0.0319
vn 0.0787 0.9959 -0.0454
vn 0.1201 0.9903 -0.0693
vn 0.1593 0.9829 -0.0920
vn 0.1770 0.9789 -0.1022
vn 0.3142 0.9319 -0.1814
vn 0.6000 0.7211 -0.3464
vn 0.8079 0.3602 -0.4664
vn 0.8630 0.0833 -0.4983
vn 0.8660 -0.0001 -0.5000
vn 0.8599 -0.1183 -0.4965
vn 0.7692 -0.4594 -0.4441
vn 0.3758 -0.9009 -0.2170
vn -0.7013 0.1277 0.7013
vn -0.6398 0.4258 0.6398
vn -0.4783 0.7366 0.4783
vn -0.2384 0.9415 0.2384
vn -0.0291 0.9992 0.0291
vn 0.0451 0.9980 -0.0451
vn 0.0642 0.9959 -0.0642
vn 0.0980 0.9903 -0.0980
vn 0.1301 0.9829 -0.1301
vn 0.1445 0.9789 -0.1445
vn 0.2565 0.9319 -0.2565
vn 0.4899 0.7211 -0.4899
vn 0.6596 0.3602 -0.6596
vn 0.7047 0.0833 -0.7047
vn 0.7071 -0.0001 -0.7071
vn 0.7021 -0.1183 -0.7021
vn 0.6281 -0.4594 -0.6281
vn 0.3068 -0.9009 -0.3068
vn -0.4959 0.1277 0.8589
vn -0.5000 -0.0000 0.8660
vn -0.4524 0.4258 0.7836
vn -0.3382 0.7366 0.5857
vn -0.1686 0.9415 0.2920
vn -0.0205 0.9992 0.0356
vn 0.0319 0.9980 -0.0552
vn 0.0454 0.9959 -0.0787
vn 0.0693 0.9903 -0.1201
vn 0.0920 0.9829 -0.1593
vn 0.1022 0.9789 -0.1770
vn 0.1814 0.9319 -0.3142
vn 0.3464 0.7211 -0.6000
vn 0.4664 0.3602 -0.8079
vn 0.4983 0.0833 -0.8630
vn 0.5000 -0.0001 -0.8660
vn 0.4965 -0.1184 -0.8599
vn 0.4441 -0.4594 -0.7692
vn 0.2170 -0.9009 -0.3758
vn -0.2567 0.1277 0.9580
vn -0.2588 -0.0000 0.9659
vn -0.2342 0.4258 0.8740
vn -0.1751 0.7366 0.6533
vn -0.0873 0.9415 0.3256
vn -0.0106 0.9992 0.0397
vn 0.0165 0.9980 -0.0616
vn 0.0235 0.9959 -0.0877
vn 0.0359 0.9903 -0.1339
vn 0.0476 0.9829 -0.1777
vn 0.0529 0.9789 -0.1974
vn 0.0939 0.9319 -0.3504
vn 0.1793 0.7211 -0.6692
vn 0.2414 0.3602 -0.9011
vn 0.2579 0.0833 -0.9626
vn 0.2588 -0.0001 -0.9659
vn 0.2570 -0.1183 -0.9591
vn 0.2299 -0.4594 -0.8580
vn 0.1123 -0.9009 -0.4192
vn 0.0000 0.1277 0.9918
vn -0.0000 0.4258 0.9048
vn -0.0000 0.7366 0.6764
vn -0.0000 0.9415 0.3371
vn -0.0000 0.9992 0.0411
vn 0.0000 0.9980 -0.0638
vn 0.0000 0.9959 -0.0908
vn -0.0000 0.9903 -0.1387
vn 0.0000 0.9829 -0.1840
vn 0.0000 0.9789 -0.2044
vn 0.0000 0.9319 -0.3628
vn 0.0000 0.7211 -0.6928
vn -0.0000 0.3602 -0.9329
vn 0.0000 0.0833 -0.9965
vn -0.0000 -0.0001 -1.0000
vn 0.0000 -0.0001 -1.0000
vn -0.0000 -0.1183 -0.9930
vn 0.0000 -0.4594 -0.8882
vn 0.0000 -0.9009 -0.4339
vn 0.2567 0.1277 0.9580
vn 0.2588 0.0000 0.9659
vn 0.2342 0.4258 0.8740
vn 0.1751 0.7366 0.6533
vn 0.0873 0.9415 0.3256
vn 0.0106 0.9992 0.0397
vn -0.0165 0.9980 -0.0616
vn -0.0235 0.9959 -0.0877
vn -0.0359 0.9903 -0.1339
vn -0.0476 0.9829 -0.1777
vn -0.0529 0.9789 -0.1974
vn -0.0939 0.9319 -0.3504
vn -0.1793 0.7211 -0.6692
vn -0.2414 0.3602 -0.9011
vn -0.2579 0.0833 -0.9626
vn -0.2588 -0.0001 -0.9659
vn -0.2570 -0.1183 -0.9591
vn -0.2299 -0.4594 -0.8580
vn -0.1123 -0.9009 -0.4192
vn 0.4959 0.1277 0.8589
vn 0.5000 0.0000 0.8660
vn 0.4524 0.4258 0.7836
vn 0.3382 0.7366 0.5857
vn 0.1686 0.9415 0.2920
vn 0.0205 0.9992 0.0356
vn -0.0319 0.9980 -0.0552
vn -0.0454 0.9959 -0.0787
vn -0.0693 0.9903 -0.1201
vn -0.0920 0.9829 -0.1593
vn -0.1022 0.9789 -0.1770
vn -0.1814 0.9319 -0.3142
vn -0.3464 0.7211 -0.6000
vn -0.4664 0.3602 -0.8079
vn -0.4983 0.0833 -0.8630
vn -0.5000 -0.0001 -0.8660
vn -0.4965 -0.1183 -0.8599
vn -0.4441 -0.4594 -0.7692
vn -0.2170 -0.9009 -0.3758
vn 0.7013 0.1277 0.7013
vn 0.6398 0.4258 0.6398
vn 0.4783 0.7366 0.4783
vn 0.2384 0.9415 0.2384
vn 0.0291 0.9992 0.0291
vn -0.0451 0.9980 -0.0451
vn -0.0642 0.9959 -0.0642
vn -0.0980 0.9903 -0.0980
vn -0.1301 0.9829 -0.1301
vn -0.1445 0.9789 -0.1445
vn -0.2565 0.9319 -0.2565
vn -0.4899 0.7211 -0.4899
vn -0.6596 0.3602 -0.6596
vn -0.7047 0.0833 -0.7047
vn -0.7071 -0.0001 -0.7071
vn -0.7021 -0.1184 -0.7021
vn -0.6281 -0.4594 -0.6281
vn -0.3068 -0.9009 -0.3068
vn 0.8589 0.1277 0.4959
vn 0.8660 0.0000 0.5000
vn 0.7836 0.4258 0.4524
vn 0.5857 0.7366 0.3382
vn 0.2920 0.9415 0.1686
vn 0.0356 0.9992 0.0205
vn -0.0552 0.9980 -0.0319
vn -0.0787 0.9959 -0.0454
vn -0.1201 0.9903 -0.0693
vn -0.1593 0.9829 -0.0920
vn -0.1770 0.9789 -0.1022
vn -0.3142 0.9319 -0.1814
vn -0.6000 0.7211 -0.3464
vn -0.8079 0.3602 -0.4664
vn -0.8630 0.0833 -0.4983
vn -0.8660 -0.0001 -0.5000
vn -0.8599 -0.1184 -0.4965
vn -0.7692 -0.4594 -0.4441
vn -0.3758 -0.9009 -0.2170
vn 0.9580 0.1277 0.2567
vn 0.9659 0.0000 0.2588
vn 0.8740 0.4258 0.2342
vn 0.6533 0.7366 0.1751
vn 0.3257 0.9415 0.0873
vn 0.0397 0.9992 0.0106
vn -0.0616 0.9980 -0.0165
vn -0.0877 0.9959 -0.0235
vn -0.1339 0.9903 -0.0359
vn -0.1777 0.9829 -0.0476
vn -0.1974 0.9789 -0.0529
vn -0.3504 0.9319 -0.0939
vn -0.6692 0.7211 -0.1793
vn -0.9011 0.3602 -0.2414
vn -0.9626 0.0833 -0.2579
vn -0.9659 -0.0001 -0.2588
vn -0.9591 -0.1184 -0.2570
vn -0.8580 -0.4594 -0.2299
vn -0.4192 -0.9009 -0.1123
vn 0.9228 0.0000 -0.3854
vn 0.9224 0.0000 -0.3862
vn 1.0000 -0.0000 -0.0026
vn 1.0000 -0.0000 -0.0024
vn 0.7052 0.0000 -0.7090
vn 0.7052 0.0001 -0.7091
vn 0.3811 0.0000 -0.9245
vn 0.3803 0.0000 -0.9249
vn -0.0024 0.0001 -1.0000
vn -0.0023 0.0002 -1.0000
vn -0.3822 0.0000 -0.9241
vn -0.3809 -0.0000 -0.9246
vn -0.7060 0.0000 -0.7082
vn -0.7062 0.0000 -0.7080
vn -0.9229 0.0000 -0.3851
vn -1.0000 0.0000 -0.0039
vn -1.0000 0.0000 -0.0040
vn -0.9251 -0.0000 0.3797
vn -0.7086 0.0000 0.7056
vn -0.7085 0.0000 0.7057
vn -0.3846 0.0000 0.9231
vn -0.3847 0.0000 0.9231
vn -0.0022 0.0000 1.0000
vn -0.0024 0.0000 1.0000
vn 0.3835 -0.0000 0.9235
vn 0.3828 -0.0000 0.9238
vn 0.7087 -0.0000 0.7055
vn 0.7087 -0.0001 0.7055
vn 0.9250 -0.0000 0.3800
vn 0.9252 -0.0000 0.3795
vn 0.7079 -0.7063 -0.0020
vn 0.7079 -0.7063 -0.0043
vn 0.6517 -0.7074 -0.2736
vn 0.6517 -0.7074 -0.2737
vn 0.6549 -0.7063 0.2688
vn 0.6553 -0.7063 0.2679
vn 0.5016 -0.7064 0.4993
vn 0.5017 -0.7064 0.4993
vn 0.2713 -0.7069 0.6532
vn 0.2716 -0.7070 0.6530
vn -0.0016 -0.7064 0.7078
vn -0.0010 -0.7064 0.7078
vn -0.2725 -0.7059 0.6538
vn -0.2733 -0.7059 0.6535
vn -0.5017 -0.7064 0.4993
vn -0.5023 -0.7064 0.4987
vn -0.6553 -0.7060 0.2688
vn -0.6558 -0.7059 0.2676
vn -0.7078 -0.7064 -0.0036
vn -0.7077 -0.7064 -0.0115
vn -0.6493 -0.7106 -0.2711
vn -0.6489 -0.7106 -0.2720
vn -0.5002 -0.7064 -0.5008
vn -0.5050 -0.7064 -0.4960
vn -0.2708 -0.7052 -0.6553
vn -0.2686 -0.7053 -0.6561
vn -0.0016 -0.7079 -0.7063
vn -0.0001 -0.7079 -0.7063
vn 0.2705 -0.7070 -0.6535
vn 0.2666 -0.7069 -0.6551
vn 0.5001 -0.7048 -0.5031
vn 0.4998 -0.7048 -0.5035
vn 0.0019 -1.0000 0.0001
vn 0.0019 -1.0000 0.0000
vn 0.0014 -1.0000 -0.0017
vn 0.0018 -1.0000 0.0008
vn 0.0017 -1.0000 0.0010
vn 0.0015 -1.0000 0.0014
vn 0.0015 -1.0000 0.0015
vn 0.0009 -1.0000 0.0017
vn 0.0010 -1.0000 0.0017
vn 0.0001 -1.0000 0.0020
vn 0.0003 -1.0000 0.0019
vn -0.0005 -1.0000 0.0017
vn -0.0004 -1.0000 0.0018
vn -0.0009 -1.0000 0.0017
vn -0.0008 -1.0000 0.0016
vn -0.0008 -1.0000 0.0022
vn -0.0007 -1.0000 0.0020
vn -0.0006 -1.0000 0.0045
vn -0.0005 -1.0000 0.0044
vn 0.0020 -1.0000 0.0000
vn 0.0021 -1.0000 0.0003
vn 0.0018 -1.0000 -0.0031
vn 0.0018 -1.0000 -0.0032
vn -0.0013 -1.0000 -0.0003
vn -0.0013 -1.0000 -0.0002
vn 0.0016 -1.0000 -0.0002
vn 0.0014 -1.0000 -0.0001
vn 0.0038 -1.0000 -0.0005
vn 0.0040 -1.0000 -0.0003
vn 0.0020 -1.0000 -0.0019
vn 0.0022 -1.0000 -0.0018
vn 0.9471 -0.3210 -0.0025
vn 0.8753 -0.3162 -0.3659
vn 0.6667 -0.3251 -0.6707
vn 0.3627 -0.3058 -0.8803
vn -0.0024 -0.3035 -0.9528
vn -0.3651 -0.2952 -0.8829
vn -0.6723 -0.3050 -0.6745
vn -0.8791 -0.3041 -0.3671
vn -0.9489 -0.3155 -0.0040
vn -0.8774 -0.3173 0.3598
vn -0.6696 -0.3278 0.6664
vn -0.3638 -0.3255 0.8727
vn -0.0023 -0.3353 0.9421
vn 0.3617 -0.3336 0.8706
vn 0.6687 -0.3317 0.6654
vn 0.8749 -0.3250 0.3591
vn 0.7078 -0.7064 -0.0047
vn 0.4369 -0.8995 -0.0052
vn 0.4213 -0.8892 -0.1784
vn 0.6517 -0.7074 -0.2735
vn 0.6917 -0.6613 -0.2903
vn 0.7468 -0.6651 -0.0018
vn 0.6549 -0.7068 0.2675
vn 0.3956 -0.9042 0.1612
vn 0.6877 -0.6688 0.2825
vn 0.4973 -0.7126 0.4949
vn 0.2929 -0.9106 0.2917
vn 0.5229 -0.6750 0.5206
vn 0.2699 -0.7116 0.6487
vn 0.1593 -0.9093 0.3844
vn 0.2823 -0.6769 0.6798
vn -0.0009 -0.7177 0.6963
vn -0.0000 -0.9139 0.4060
vn -0.0016 -0.6781 0.7349
vn -0.2732 -0.7065 0.6529
vn -0.1623 -0.9059 0.3911
vn -0.2858 -0.6691 0.6861
vn -0.5024 -0.7064 0.4986
vn -0.3032 -0.9048 0.2991
vn -0.5252 -0.6713 0.5230
vn -0.6559 -0.7059 0.2674
vn -0.4109 -0.8965 0.1655
vn -0.6937 -0.6616 0.2848
vn -0.7078 -0.7063 -0.0129
vn -0.4594 -0.8881 -0.0140
vn -0.7512 -0.6601 -0.0030
vn -0.6513 -0.7079 -0.2732
vn -0.5069 -0.8351 -0.2138
vn -0.7000 -0.6517 -0.2920
vn -0.5058 -0.7064 -0.4952
vn -0.3422 -0.8795 -0.3306
vn -0.5365 -0.6504 -0.5377
vn -0.2683 -0.7052 -0.6563
vn -0.1812 -0.8758 -0.4474
vn -0.2933 -0.6409 -0.7093
vn 0.0001 -0.7080 -0.7062
vn 0.0004 -0.8642 -0.5031
vn -0.0017 -0.6499 -0.7601
vn 0.2659 -0.7070 -0.6553
vn 0.1763 -0.8801 -0.4408
vn 0.2904 -0.6515 -0.7009
vn 0.4995 -0.7051 -0.5033
vn 0.3175 -0.8921 -0.3216
vn 0.5247 -0.6681 -0.5275
vn 0.0471 -0.9987 -0.0207
vn 0.0215 -0.9998 0.0001
vn 0.0078 -1.0000 0.0033
vn 0.0011 -1.0000 0.0010
vn 0.0009 -1.0000 0.0019
vn 0.0001 -1.0000 0.0024
vn -0.0009 -1.0000 0.0028
vn -0.0038 -1.0000 0.0045
vn -0.0264 -0.9996 0.0128
vn -0.0531 -0.9986 0.0045
vn -0.1679 -0.9833 -0.0703
vn -0.0520 -0.9970 -0.0569
vn -0.0336 -0.9963 -0.0786
vn 0.0016 -0.9931 -0.1173
vn 0.0322 -0.9971 -0.0691
vn 0.0299 -0.9991 -0.0299
vn 0.0010 -1.0000 0.0006
vn 0.0000 1.0000 -0.0000
vn 0.0000 0.9953 -0.0964
vn -0.0250 0.9953 -0.0932
vn 0.0000 0.9229 -0.3849
vn -0.0996 0.9229 -0.3718
vn 0.0000 0.6988 -0.7153
vn -0.1851 0.6988 -0.6910
vn 0.0000 0.3699 -0.9291
vn -0.2405 0.3699 -0.8974
vn -0.0000 0.0934 -0.9956
vn -0.2577 0.0934 -0.9617
vn -0.2588 0.0000 -0.9659
vn 0.0000 0.0000 -1.0000
vn 0.0000 -0.0934 -0.9956
vn -0.2577 -0.0934 -0.9617
vn 0.0000 -0.3699 -0.9291
vn -0.2405 -0.3699 -0.8974
vn 0.0000 -0.6988 -0.7154
vn -0.1851 -0.6988 -0.6910
vn 0.0000 -0.9212 -0.3892
vn -0.1007 -0.9212 -0.3759
vn 0.0000 -0.9948 -0.1019
vn -0.0264 -0.9948 -0.0984
vn -0.0000 -0.9347 0.3553
vn 0.0919 -0.9348 0.3431
vn -0.0000 -0.7063 0.7079
vn 0.1832 -0.7064 0.6837
vn 0.1832 -0.7063 0.6838
vn -0.0000 -0.3950 0.9187
vn 0.2378 -0.3950 0.8874
vn 0.0000 -0.0029 1.0000
vn 0.2588 -0.0029 0.9659
vn -0.0000 -0.0032 1.0000
vn 0.2588 -0.0032 0.9659
vn -0.0482 0.9953 -0.0835
vn -0.1925 0.9229 -0.3334
vn -0.3577 0.6988 -0.6195
vn -0.4645 0.3699 -0.8046
vn -0.4978 0.0934 -0.8622
vn -0.4978 -0.0934 -0.8622
vn -0.4645 -0.3699 -0.8046
vn -0.3577 -0.6988 -0.6195
vn -0.1946 -0.9212 -0.3370
vn -0.0509 -0.9948 -0.0882
vn 0.1777 -0.9348 0.3077
vn 0.3539 -0.7063 0.6130
vn 0.3539 -0.7064 0.6130
vn 0.4593 -0.3950 0.7956
vn 0.5000 -0.0028 0.8660
vn 0.5000 -0.0032 0.8660
vn -0.0682 0.9953 -0.0682
vn -0.2722 0.9229 -0.2722
vn -0.5058 0.6988 -0.5058
vn -0.6570 0.3699 -0.6570
vn -0.7040 0.0934 -0.7040
vn -0.7040 -0.0934 -0.7040
vn -0.6570 -0.3699 -0.6570
vn -0.5058 -0.6988 -0.5058
vn -0.2752 -0.9212 -0.2752
vn -0.0720 -0.9948 -0.0720
vn 0.2512 -0.9348 0.2512
vn 0.5005 -0.7063 0.5005
vn 0.5006 -0.7063 0.5006
vn 0.6496 -0.3950 0.6496
vn 0.7071 -0.0029 0.7071
vn 0.7071 -0.0032 0.7071
vn -0.0835 0.9953 -0.0482
vn -0.3334 0.9229 -0.1925
vn -0.6195 0.6988 -0.3577
vn -0.8046 0.3699 -0.4645
vn -0.8622 0.0934 -0.4978
vn -0.8660 -0.0000 -0.5000
vn -0.8622 -0.0934 -0.4978
vn -0.8046 -0.3699 -0.4645
vn -0.6195 -0.6988 -0.3577
vn -0.3370 -0.9212 -0.1946
vn -0.0882 -0.9948 -0.0509
vn 0.3077 -0.9348 0.1776
vn 0.6130 -0.7064 0.3539
vn 0.6130 -0.7063 0.3539
vn 0.7956 -0.3950 0.4593
vn 0.8660 -0.0028 0.5000
vn 0.8660 -0.0032 0.5000
vn -0.0932 0.9953 -0.0250
vn -0.3718 0.9229 -0.0996
vn -0.6910 0.6988 -0.1851
vn -0.8974 0.3699 -0.2405
vn -0.9617 0.0934 -0.2577
vn -0.9617 -0.0934 -0.2577
vn -0.8974 -0.3699 -0.2405
vn -0.6910 -0.6988 -0.1851
vn -0.3759 -0.9212 -0.1007
vn -0.0984 -0.9948 -0.0264
vn 0.3432 -0.9348 0.0920
vn 0.6837 -0.7064 0.1832
vn 0.6838 -0.7063 0.1832
vn 0.8874 -0.3950 0.2378
vn 0.9659 -0.0029 0.2588
vn 0.9659 -0.0032 0.2588
vn -0.0964 0.9953 -0.0000
vn -0.3849 0.9229 -0.0000
vn -0.7153 0.6988 0.0000
vn -0.9291 0.3699 -0.0000
vn -0.9956 0.0934 -0.0000
vn -0.9956 -0.0934 -0.0000
vn -0.9291 -0.3699 -0.0000
vn -0.7154 -0.6988 -0.0000
vn -0.3892 -0.9212 -0.0000
vn -0.1019 -0.9948 -0.0000
vn 0.3553 -0.9348 0.0000
vn 0.7079 -0.7064 0.0000
vn 0.7079 -0.7063 0.0000
vn 0.9187 -0.3950 0.0000
vn 1.0000 -0.0028 0.0000
vn 1.0000 -0.0032 -0.0000
vn -0.0932 0.9953 0.0250
vn -0.3718 0.9229 0.0996
vn -0.6910 0.6988 0.1851
vn -0.8974 0.3699 0.2405
vn -0.9617 0.0934 0.2577
vn -0.9617 -0.0934 0.2577
vn -0.8974 -0.3699 0.2405
vn -0.6910 -0.6988 0.1851
vn -0.3759 -0.9212 0.1007
vn -0.0984 -0.9948 0.0264
vn 0.3432 -0.9348 -0.0920
vn 0.6837 -0.7063 -0.1832
vn 0.6838 -0.7063 -0.1832
vn 0.8874 -0.3950 -0.2378
vn 0.9659 -0.0028 -0.2588
vn 0.9659 -0.0032 -0.2588
vn -0.0835 0.9953 0.0482
vn -0.3334 0.9229 0.1925
vn -0.6195 0.6988 0.3577
vn -0.8046 0.3699 0.4645
vn -0.8622 0.0934 0.4978
vn -0.8660 0.0000 0.5000
vn -0.8622 -0.0934 0.4978
vn -0.8046 -0.3699 0.4645
vn -0.6195 -0.6988 0.3577
vn -0.3370 -0.9212 0.1946
vn -0.0882 -0.9948 0.0509
vn 0.3077 -0.9347 -0.1777
vn 0.6130 -0.7063 -0.3539
vn 0.7956 -0.3950 -0.4593
vn 0.8660 -0.0028 -0.5000
vn 0.8660 -0.0032 -0.5000
vn -0.0682 0.9953 0.0682
vn -0.2722 0.9229 0.2722
vn -0.5058 0.6988 0.5058
vn -0.6570 0.3699 0.6570
vn -0.7040 0.0934 0.7040
vn -0.7040 -0.0934 0.7040
vn -0.6570 -0.3699 0.6570
vn -0.5058 -0.6988 0.5058
vn -0.2752 -0.9212 0.2752
vn -0.0720 -0.9948 0.0720
vn 0.2512 -0.9348 -0.2512
vn 0.5005 -0.7064 -0.5005
vn 0.5005 -0.7063 -0.5005
vn 0.6496 -0.3950 -0.6496
vn 0.7071 -0.0028 -0.7071
vn 0.7071 -0.0032 -0.7071
vn -0.0482 0.9953 0.0835
vn -0.1925 0.9229 0.3334
vn -0.3577 0.6988 0.6195
vn -0.4645 0.3699 0.8046
vn -0.4978 0.0934 0.8622
vn -0.5000 0.0000 0.8660
vn -0.4978 -0.0934 0.8622
vn -0.4645 -0.3699 0.8046
vn -0.3577 -0.6988 0.6195
vn -0.1946 -0.9212 0.3370
vn -0.0509 -0.9948 0.0882
vn 0.1776 -0.9348 -0.3077
vn 0.3539 -0.7063 -0.6130
vn 0.3539 -0.7064 -0.6130
vn 0.4593 -0.3950 -0.7956
vn 0.5000 -0.0028 -0.8660
vn 0.5000 -0.0032 -0.8660
vn -0.0250 0.9953 0.0932
vn -0.0996 0.9229 0.3718
vn -0.1851 0.6988 0.6910
vn -0.2405 0.3699 0.8974
vn -0.2577 0.0934 0.9617
vn -0.2588 0.0000 0.9659
vn -0.2577 -0.0934 0.9617
vn -0.2405 -0.3699 0.8974
vn -0.1851 -0.6988 0.6910
vn -0.1007 -0.9212 0.3759
vn -0.0264 -0.9948 0.0984
vn 0.0920 -0.9348 -0.3432
vn 0.1832 -0.7063 -0.6837
vn 0.1832 -0.7063 -0.6838
vn 0.2378 -0.3950 -0.8874
vn 0.2588 -0.0029 -0.9659
vn 0.2588 -0.0032 -0.9659
vn -0.0000 0.9953 0.0964
vn -0.0000 0.9229 0.3849
vn -0.0000 0.6988 0.7153
vn 0.0000 0.3699 0.9291
vn -0.0000 0.0934 0.9956
vn -0.0000 0.0000 1.0000
vn -0.0000 -0.0934 0.9956
vn -0.0000 -0.3699 0.9291
vn -0.0000 -0.6988 0.7154
vn -0.0000 -0.9212 0.3892
vn -0.0000 -0.9948 0.1019
vn 0.0000 -0.9347 -0.3553
vn 0.0000 -0.7063 -0.7079
vn 0.0000 -0.3950 -0.9187
vn -0.0000 -0.0029 -1.0000
vn 0.0000 -0.0032 -1.0000
vn 0.0250 0.9953 0.0932
vn 0.0996 0.9229 0.3718
vn 0.1851 0.6988 0.6910
vn 0.2405 0.3699 0.8974
vn 0.2577 0.0934 0.9617
vn 0.2588 -0.0000 0.9659
vn 0.2577 -0.0934 0.9617
vn 0.2405 -0.3699 0.8974
vn 0.1851 -0.6988 0.6910
vn 0.1007 -0.9212 0.3759
vn 0.0264 -0.9948 0.0984
vn -0.0919 -0.9348 -0.3431
vn -0.1832 -0.7064 -0.6837
vn -0.1832 -0.7063 -0.6838
vn -0.2378 -0.3950 -0.8874
vn -0.2588 -0.0029 -0.9659
vn -0.2588 -0.0032 -0.9659
vn 0.0482 0.9953 0.0835
vn 0.1925 0.9229 0.3334
vn 0.3577 0.6988 0.6195
vn 0.4645 0.3699 0.8046
vn 0.4978 0.0934 0.8622
vn 0.5000 -0.0000 0.8660
vn 0.4978 -0.0934 0.8622
vn 0.4645 -0.3699 0.8046
vn 0.3577 -0.6988 0.6195
vn 0.1946 -0.9212 0.3370
vn 0.0509 -0.9948 0.0882
vn -0.1777 -0.9348 -0.3077
vn -0.3539 -0.7063 -0.6130
vn -0.3539 -0.7064 -0.6130
vn -0.4593 -0.3950 -0.7956
vn -0.5000 -0.0028 -0.8660
vn -0.5000 -0.0032 -0.8660
vn 0.0682 0.9953 0.0682
vn 0.2722 0.9229 0.2722
vn 0.5058 0.6988 0.5058
vn 0.6570 0.3699 0.6570
vn 0.7040 0.0934 0.7040
vn 0.7040 -0.0934 0.7040
vn 0.6570 -0.3699 0.6570
vn 0.5058 -0.6988 0.5058
vn 0.2752 -0.9212 0.2752
vn 0.0720 -0.9948 0.0720
vn -0.2512 -0.9348 -0.2512
vn -0.5005 -0.7063 -0.5005
vn -0.5006 -0.7063 -0.5006
vn -0.6496 -0.3950 -0.6496
vn -0.7071 -0.0029 -0.7071
vn -0.7071 -0.0032 -0.7071
vn 0.0835 0.9953 0.0482
vn 0.3334 0.9229 0.1925
vn 0.6195 0.6988 0.3577
vn 0.8046 0.3699 0.4645
vn 0.8622 0.0934 0.4978
vn 0.8660 -0.0000 0.5000
vn 0.8622 -0.0934 0.4978
vn 0.8046 -0.3699 0.4645
vn 0.6195 -0.6988 0.3577
vn 0.3370 -0.9212 0.1946
vn 0.0882 -0.9948 0.0509
vn -0.3077 -0.9348 -0.1776
vn -0.6130 -0.7064 -0.3539
vn -0.6130 -0.7063 -0.3539
vn -0.7956 -0.3950 -0.4593
vn -0.8660 -0.0028 -0.5000
vn -0.8660 -0.0032 -0.5000
vn 0.0932 0.9953 0.0250
vn 0.3718 0.9229 0.0996
vn 0.6910 0.6988 0.1851
vn 0.8974 0.3699 0.2405
vn 0.9617 0.0934 0.2577
vn 0.9617 -0.0934 0.2577
vn 0.8974 -0.3699 0.2405
vn 0.6910 -0.6988 0.1851
vn 0.3759 -0.9212 0.1007
vn 0.0984 -0.9948 0.0264
vn -0.3432 -0.9348 -0.0920
vn -0.6837 -0.7064 -0.1832
vn -0.6838 -0.7063 -0.1832
vn -0.8874 -0.3950 -0.2378
vn -0.9659 -0.0029 -0.2588
vn -0.9659 -0.0032 -0.2588
vn 0.0964 0.9953 -0.0000
vn 0.3849 0.9229 -0.0000
vn 0.7153 0.6988 -0.0000
vn 0.9291 0.3699 -0.0000
vn 0.9956 0.0934 0.0000
vn 0.9956 -0.0934 -0.0000
vn 0.9291 -0.3699 0.0000
vn 0.7154 -0.6988 0.0000
vn 0.3892 -0.9212 0.0000
vn 0.1019 -0.9948 0.0000
vn -0.3553 -0.9348 -0.0000
vn -0.7079 -0.7064 -0.0000
vn -0.7079 -0.7063 0.0000
vn -0.9187 -0.3950 0.0000
vn -1.0000 -0.0028 0.0000
vn -1.0000 -0.0032 0.0000
vn 0.0932 0.9953 -0.0250
vn 0.3718 0.9229 -0.0996
vn 0.6910 0.6988 -0.1851
vn 0.8974 0.3699 -0.2405
vn 0.9617 0.0934 -0.2577
vn 0.9659 -0.0000 -0.2588
vn 0.9617 -0.0934 -0.2577
vn 0.8974 -0.3699 -0.2405
vn 0.6910 -0.6988 -0.1851
vn 0.3759 -0.9212 -0.1007
vn 0.0984 -0.9948 -0.0264
vn -0.3432 -0.9348 0.0920
vn -0.6837 -0.7064 0.1832
vn -0.6838 -0.7063 0.1832
vn -0.8874 -0.3950 0.2378
vn -0.9659 -0.0028 0.2588
vn -0.9659 -0.0032 0.2588
vn 0.0835 0.9953 -0.0482
vn 0.3334 0.9229 -0.1925
vn 0.6195 0.6988 -0.3577
vn 0.8046 0.3699 -0.4645
vn 0.8622 0.0934 -0.4978
vn 0.8622 -0.0934 -0.4978
vn 0.8046 -0.3699 -0.4645
vn 0.6195 -0.6988 -0.3577
vn 0.3370 -0.9212 -0.1946
vn 0.0882 -0.9948 -0.0509
vn -0.3077 -0.9347 0.1777
vn -0.6130 -0.7063 0.3539
vn -0.7956 -0.3950 0.4593
vn -0.8660 -0.0028 0.5000
vn -0.8660 -0.0032 0.5000
vn 0.0682 0.9953 -0.0682
vn 0.2722 0.9229 -0.2722
vn 0.5058 0.6988 -0.5058
vn 0.6570 0.3699 -0.6570
vn 0.7040 0.0934 -0.7040
vn 0.7071 0.0000 -0.7071
vn 0.7040 -0.0934 -0.7040
vn 0.6570 -0.3699 -0.6570
vn 0.5058 -0.6988 -0.5058
vn 0.2752 -0.9212 -0.2752
vn 0.0720 -0.9948 -0.0720
vn -0.2512 -0.9348 0.2512
vn -0.5005 -0.7064 0.5005
vn -0.5005 -0.7063 0.5005
vn -0.6496 -0.3950 0.6496
vn -0.7071 -0.0028 0.7071
vn -0.7071 -0.0032 0.7071
vn 0.0482 0.9953 -0.0835
vn 0.1925 0.9229 -0.3334
vn 0.3577 0.6988 -0.6195
vn 0.4645 0.3699 -0.8046
vn 0.4978 0.0934 -0.8622
vn 0.4978 -0.0934 -0.8622
vn 0.4645 -0.3699 -0.8046
vn 0.3577 -0.6988 -0.6195
vn 0.1946 -0.9212 -0.3370
vn 0.0509 -0.9948 -0.0882
vn -0.1776 -0.9348 0.3077
vn -0.3539 -0.7063 0.6130
vn -0.3539 -0.7064 0.6130
vn -0.4593 -0.3950 0.7956
vn -0.5000 -0.0028 0.8660
vn -0.5000 -0.0032 0.8660
vn 0.0250 0.9953 -0.0932
vn 0.0996 0.9229 -0.3718
vn 0.1851 0.6988 -0.6910
vn 0.2405 0.3699 -0.8974
vn 0.2577 0.0934 -0.9617
vn 0.2588 -0.0000 -0.9659
vn 0.2577 -0.0934 -0.9617
vn 0.2405 -0.3699 -0.8974
vn 0.1851 -0.6988 -0.6910
vn 0.1007 -0.9212 -0.3759
vn 0.0264 -0.9948 -0.0984
vn -0.0920 -0.9348 0.3432
vn -0.1832 -0.7063 0.6837
vn -0.1832 -0.7063 0.6838
vn -0.2378 -0.3950 0.8874
vn -0.2588 -0.0029 0.9659
vn -0.2588 -0.0032 0.9659
vn -0.1445 -0.9895 -0.0000
vn -0.1396 -0.9895 0.0374
vn -0.5377 -0.8307 0.1441
vn -0.5567 -0.8307 -0.0000
vn -0.8941 -0.3784 0.2396
vn -0.9257 -0.3783 0.0000
vn -0.9407 0.2270 0.2521
vn -0.9739 0.2270 -0.0000
vn -0.7215 0.6649 0.1933
vn -0.7470 0.6649 0.0000
vn -0.5947 0.7880 0.1593
vn -0.6157 0.7880 0.0000
vn -0.6157 0.7880 -0.0000
vn -0.5728 0.8197 -0.0000
vn -0.5533 0.8197 0.1483
vn -0.4097 0.9056 0.1098
vn -0.4242 0.9056 0.0000
vn -0.1925 0.9800 0.0516
vn -0.1992 0.9800 -0.0000
vn -0.0380 0.9992 0.0102
vn -0.0394 0.9992 0.0000
vn 0.0000 1.0000 0.0000
vn -0.1251 -0.9895 0.0722
vn -0.4821 -0.8307 0.2784
vn -0.8016 -0.3783 0.4628
vn -0.8434 0.2270 0.4870
vn -0.6469 0.6649 0.3735
vn -0.5332 0.7880 0.3078
vn -0.4961 0.8197 0.2864
vn -0.3673 0.9056 0.2121
vn -0.1725 0.9800 0.0996
vn -0.0341 0.9992 0.0197
vn -0.1022 -0.9895 0.1022
vn -0.3937 -0.8307 0.3937
vn -0.6545 -0.3783 0.6545
vn -0.6887 0.2270 0.6887
vn -0.5282 0.6649 0.5282
vn -0.4353 0.7880 0.4353
vn -0.4051 0.8197 0.4051
vn -0.2999 0.9056 0.2999
vn -0.1409 0.9800 0.1409
vn -0.0278 0.9992 0.0278
vn -0.0722 -0.9895 0.1251
vn -0.2784 -0.8307 0.4821
vn -0.4628 -0.3784 0.8016
vn -0.4870 0.2270 0.8434
vn -0.3735 0.6649 0.6469
vn -0.3078 0.7880 0.5332
vn -0.2864 0.8197 0.4961
vn -0.2121 0.9056 0.3673
vn -0.0996 0.9800 0.1725
vn -0.0197 0.9992 0.0341
vn -0.0374 -0.9895 0.1396
vn -0.1441 -0.8307 0.5377
vn -0.2396 -0.3783 0.8941
vn -0.2521 0.2270 0.9407
vn -0.1933 0.6649 0.7215
vn -0.1593 0.7880 0.5947
vn -0.1483 0.8197 0.5533
vn -0.1098 0.9056 0.4097
vn -0.0516 0.9800 0.1924
vn -0.0102 0.9992 0.0380
vn 0.0000 -0.9895 0.1445
vn 0.0000 -0.8307 0.5567
vn 0.0000 -0.3784 0.9257
vn 0.0000 0.2270 0.9739
vn 0.0000 0.6649 0.7470
vn 0.0000 0.7880 0.6157
vn 0.0000 0.8197 0.5728
vn 0.0000 0.9056 0.4242
vn 0.0000 0.9800 0.1992
vn 0.0000 0.9992 0.0394
vn 0.0374 -0.9895 0.1396
vn 0.1441 -0.8307 0.5377
vn 0.2396 -0.3783 0.8941
vn 0.2521 0.2270 0.9407
vn 0.1933 0.6649 0.7215
vn 0.1593 0.7880 0.5947
vn 0.1483 0.8197 0.5533
vn 0.1098 0.9056 0.4097
vn 0.0516 0.9800 0.1924
vn 0.0102 0.9992 0.0380
vn 0.0722 -0.9895 0.1251
vn 0.2784 -0.8307 0.4821
vn 0.4628 -0.3784 0.8016
vn 0.4870 0.2270 0.8434
vn 0.3735 0.6649 0.6469
vn 0.3078 0.7880 0.5332
vn 0.2864 0.8197 0.4961
vn 0.2121 0.9056 0.3673
vn 0.0996 0.9799 0.1726
vn 0.0197 0.9992 0.0341
vn 0.1022 -0.9895 0.1022
vn 0.3937 -0.8307 0.3937
vn 0.6545 -0.3783 0.6545
vn 0.6887 0.2270 0.6887
vn 0.5282 0.6649 0.5282
vn 0.4353 0.7880 0.4353
vn 0.4051 0.8197 0.4051
vn 0.2999 0.9056 0.2999
vn 0.1409 0.9800 0.1409
vn 0.0278 0.9992 0.0278
vn 0.1251 -0.9895 0.0722
vn 0.4821 -0.8307 0.2784
vn 0.8016 -0.3784 0.4628
vn 0.8434 0.2270 0.4870
vn 0.6469 0.6649 0.3735
vn 0.5332 0.7880 0.3078
vn 0.4961 0.8197 0.2864
vn 0.3673 0.9056 0.2121
vn 0.1725 0.9800 0.0996
vn 0.0341 0.9992 0.0197
vn 0.1396 -0.9895 0.0374
vn 0.5377 -0.8307 0.1441
vn 0.8941 -0.3783 0.2396
vn 0.9407 0.2270 0.2521
vn 0.7215 0.6649 0.1933
vn 0.5947 0.7880 0.1593
vn 0.5533 0.8197 0.1483
vn 0.4097 0.9056 0.1098
vn 0.1925 0.9800 0.0516
vn 0.0380 0.9992 0.0102
vn 0.1445 -0.9895 -0.0000
vn 0.5567 -0.8307 0.0000
vn 0.9257 -0.3783 -0.0000
vn 0.9739 0.2270 0.0000
vn 0.7470 0.6649 -0.0000
vn 0.6157 0.7880 -0.0000
vn 0.5728 0.8197 0.0000
vn 0.4242 0.9056 -0.0000
vn 0.1992 0.9800 0.0000
vn 0.0394 0.9992 0.0000
vn 0.1396 -0.9895 -0.0374
vn 0.5377 -0.8307 -0.1441
vn 0.8941 -0.3783 -0.2396
vn 0.9407 0.2270 -0.2521
vn 0.7215 0.6649 -0.1933
vn 0.5947 0.7880 -0.1593
vn 0.5533 0.8197 -0.1483
vn 0.4097 0.9056 -0.1098
vn 0.1925 0.9800 -0.0516
vn 0.0380 0.9992 -0.0102
vn 0.1251 -0.9895 -0.0722
vn 0.4821 -0.8307 -0.2784
vn 0.8016 -0.3783 -0.4628
vn 0.8434 0.2270 -0.4870
vn 0.6469 0.6649 -0.3735
vn 0.5332 0.7880 -0.3078
vn 0.4961 0.8197 -0.2864
vn 0.3673 0.9056 -0.2121
vn 0.1725 0.9800 -0.0996
vn 0.0341 0.9992 -0.0197
vn 0.1022 -0.9895 -0.1022
vn 0.3937 -0.8307 -0.3937
vn 0.6545 -0.3784 -0.6545
vn 0.6887 0.2270 -0.6887
vn 0.5282 0.6649 -0.5282
vn 0.4353 0.7880 -0.4353
vn 0.4050 0.8197 -0.4050
vn 0.2999 0.9056 -0.2999
vn 0.1409 0.9800 -0.1409
vn 0.0278 0.9992 -0.0278
vn 0.0722 -0.9895 -0.1251
vn 0.2784 -0.8307 -0.4821
vn 0.4628 -0.3783 -0.8016
vn 0.4870 0.2270 -0.8434
vn 0.3735 0.6649 -0.6469
vn 0.3078 0.7880 -0.5332
vn 0.2864 0.8197 -0.4961
vn 0.2121 0.9056 -0.3673
vn 0.0996 0.9800 -0.1725
vn 0.0197 0.9992 -0.0341
vn 0.0374 -0.9895 -0.1396
vn 0.1441 -0.8307 -0.5377
vn 0.2396 -0.3783 -0.8941
vn 0.2521 0.2270 -0.9407
vn 0.1933 0.6649 -0.7215
vn 0.1593 0.7880 -0.5947
vn 0.1483 0.8197 -0.5533
vn 0.1098 0.9056 -0.4097
vn 0.0516 0.9800 -0.1924
vn 0.0102 0.9992 -0.0380
vn 0.0000 -0.9895 -0.1445
vn 0.0000 -0.8307 -0.5567
vn 0.0000 -0.3784 -0.9257
vn 0.0000 0.2270 -0.9739
vn 0.0000 0.6649 -0.7470
vn 0.0000 0.7880 -0.6157
vn -0.0000 0.8197 -0.5728
vn 0.0000 0.9056 -0.4242
vn 0.0000 0.9800 -0.1992
vn 0.0000 0.9992 -0.0394
vn -0.0374 -0.9895 -0.1396
vn -0.1441 -0.8307 -0.5377
vn -0.2396 -0.3783 -0.8941
vn -0.2521 0.2270 -0.9407
vn -0.1933 0.6649 -0.7215
vn -0.1593 0.7880 -0.5947
vn -0.1483 0.8197 -0.5533
vn -0.1098 0.9056 -0.4097
vn -0.0516 0.9800 -0.1924
vn -0.0102 0.9992 -0.0380
vn -0.0722 -0.9895 -0.1251
vn -0.2784 -0.8307 -0.4821
vn -0.4628 -0.3783 -0.8016
vn -0.4870 0.2270 -0.8434
vn -0.3735 0.6649 -0.6469
vn -0.3078 0.7880 -0.5332
vn -0.2864 0.8197 -0.4961
vn -0.2121 0.9056 -0.3673
vn -0.0996 0.9800 -0.1725
vn -0.0197 0.9992 -0.0341
vn -0.1022 -0.9895 -0.1022
vn -0.3937 -0.8307 -0.3937
vn -0.6545 -0.3783 -0.6545
vn -0.6887 0.2270 -0.6887
vn -0.5282 0.6649 -0.5282
vn -0.4353 0.7880 -0.4353
vn -0.4051 0.8197 -0.4051
vn -0.2999 0.9056 -0.2999
vn -0.1409 0.9800 -0.1409
vn -0.0278 0.9992 -0.0278
vn -0.1251 -0.9895 -0.0722
vn -0.4821 -0.8307 -0.2784
vn -0.8016 -0.3784 -0.4628
vn -0.8434 0.2270 -0.4870
vn -0.6469 0.6649 -0.3735
vn -0.5332 0.7880 -0.3078
vn -0.4961 0.8197 -0.2864
vn -0.3673 0.9056 -0.2121
vn -0.1725 0.9800 -0.0996
vn -0.0341 0.9992 -0.0197
vn -0.1396 -0.9895 -0.0374
vn -0.5377 -0.8307 -0.1441
vn -0.8941 -0.3783 -0.2396
vn -0.9407 0.2270 -0.2521
vn -0.7215 0.6649 -0.1933
vn -0.5947 0.7880 -0.1593
vn -0.5533 0.8197 -0.1483
vn -0.4097 0.9056 -0.1098
vn -0.1924 0.9800 -0.0516
vn -0.0380 0.9992 -0.0102
vn -0.0000 -1.0000 0.0000
vn 0.0683 -0.9975 -0.0183
vn 0.0707 -0.9975 0.0000
vn 0.4010 -0.9097 -0.1075
vn 0.4152 -0.9097 -0.0000
vn 0.8107 -0.5437 -0.2172
vn 0.8393 -0.5437 0.0000
vn 0.9659 -0.0024 -0.2588
vn 1.0000 -0.0024 0.0000
vn 0.8425 0.4891 -0.2257
vn 0.8722 0.4891 0.0000
vn 0.6775 0.7127 -0.1815
vn 0.7014 0.7127 -0.0000
vn 0.7282 0.6570 -0.1951
vn 0.7539 0.6570 0.0000
vn 0.8920 0.3836 -0.2390
vn 0.9235 0.3836 0.0000
vn 0.9659 -0.0003 -0.2588
vn 1.0000 -0.0003 0.0000
vn 0.8945 -0.3773 -0.2397
vn 0.9261 -0.3773 0.0000
vn 0.8125 -0.5408 -0.2177
vn 0.8412 -0.5408 0.0000
vn 0.0612 -0.9975 -0.0353
vn 0.3595 -0.9097 -0.2076
vn 0.7269 -0.5437 -0.4196
vn 0.8660 -0.0024 -0.5000
vn 0.7554 0.4891 -0.4361
vn 0.6075 0.7127 -0.3507
vn 0.6529 0.6570 -0.3769
vn 0.7998 0.3836 -0.4618
vn 0.8660 -0.0003 -0.5000
vn 0.8020 -0.3773 -0.4630
vn 0.7285 -0.5408 -0.4206
vn 0.0500 -0.9975 -0.0500
vn 0.2936 -0.9097 -0.2936
vn 0.5935 -0.5437 -0.5935
vn 0.7071 -0.0024 -0.7071
vn 0.6168 0.4891 -0.6168
vn 0.4960 0.7127 -0.4960
vn 0.5331 0.6570 -0.5331
vn 0.6530 0.3836 -0.6530
vn 0.7071 -0.0003 -0.7071
vn 0.6548 -0.3773 -0.6548
vn 0.5948 -0.5408 -0.5948
vn 0.0353 -0.9975 -0.0612
vn 0.2076 -0.9097 -0.3595
vn 0.4196 -0.5437 -0.7268
vn 0.5000 -0.0024 -0.8660
vn 0.4361 0.4891 -0.7554
vn 0.3507 0.7127 -0.6075
vn 0.3769 0.6570 -0.6529
vn 0.4618 0.3836 -0.7998
vn 0.5000 -0.0003 -0.8660
vn 0.4630 -0.3773 -0.8020
vn 0.4206 -0.5408 -0.7285
vn 0.0183 -0.9975 -0.0683
vn 0.1075 -0.9097 -0.4010
vn 0.2172 -0.5437 -0.8107
vn 0.2588 -0.0024 -0.9659
vn 0.2257 0.4891 -0.8425
vn 0.1815 0.7127 -0.6775
vn 0.1951 0.6570 -0.7282
vn 0.2390 0.3836 -0.8920
vn 0.2588 -0.0003 -0.9659
vn 0.2397 -0.3773 -0.8945
vn 0.2177 -0.5408 -0.8125
vn 0.0000 -0.9975 -0.0707
vn -0.0000 -0.9097 -0.4152
vn -0.0000 -0.5437 -0.8393
vn -0.0000 -0.0024 -1.0000
vn 0.0000 0.4891 -0.8722
vn -0.0000 0.7127 -0.7014
vn -0.0000 0.6570 -0.7539
vn -0.0000 0.3836 -0.9235
vn 0.0000 -0.0003 -1.0000
vn -0.0000 -0.3773 -0.9261
vn -0.0000 -0.5408 -0.8411
vn -0.0183 -0.9975 -0.0683
vn -0.1075 -0.9097 -0.4010
vn -0.2172 -0.5437 -0.8107
vn -0.2588 -0.0024 -0.9659
vn -0.2257 0.4891 -0.8425
vn -0.1815 0.7127 -0.6775
vn -0.1951 0.6570 -0.7282
vn -0.2390 0.3836 -0.8920
vn -0.2588 -0.0003 -0.9659
vn -0.2397 -0.3773 -0.8945
vn -0.2177 -0.5408 -0.8125
vn -0.0353 -0.9975 -0.0612
vn -0.2076 -0.9097 -0.3595
vn -0.4196 -0.5437 -0.7269
vn -0.5000 -0.0024 -0.8660
vn -0.4361 0.4891 -0.7554
vn -0.3507 0.7127 -0.6075
vn -0.3769 0.6570 -0.6529
vn -0.4618 0.3836 -0.7998
vn -0.5000 -0.0003 -0.8660
vn -0.4630 -0.3773 -0.8020
vn -0.4206 -0.5408 -0.7285
vn -0.0500 -0.9975 -0.0500
vn -0.2936 -0.9097 -0.2936
vn -0.5935 -0.5437 -0.5935
vn -0.7071 -0.0024 -0.7071
vn -0.6168 0.4891 -0.6168
vn -0.4960 0.7127 -0.4960
vn -0.5331 0.6570 -0.5331
vn -0.6530 0.3836 -0.6530
vn -0.7071 -0.0003 -0.7071
vn -0.6548 -0.3773 -0.6548
vn -0.5948 -0.5408 -0.5948
vn -0.0612 -0.9975 -0.0353
vn -0.3595 -0.9097 -0.2076
vn -0.7269 -0.5437 -0.4197
vn -0.8660 -0.0024 -0.5000
vn -0.7554 0.4891 -0.4361
vn -0.6075 0.7127 -0.3507
vn -0.6529 0.6570 -0.3769
vn -0.7998 0.3836 -0.4618
vn -0.8660 -0.0003 -0.5000
vn -0.8020 -0.3773 -0.4630
vn -0.7285 -0.5408 -0.4206
vn -0.0683 -0.9975 -0.0183
vn -0.4010 -0.9097 -0.1075
vn -0.8107 -0.5437 -0.2172
vn -0.9659 -0.0024 -0.2588
vn -0.8425 0.4891 -0.2257
vn -0.6775 0.7127 -0.1815
vn -0.7282 0.6570 -0.1951
vn -0.8920 0.3836 -0.2390
vn -0.9659 -0.0003 -0.2588
vn -0.8945 -0.3773 -0.2397
vn -0.8125 -0.5408 -0.2177
vn -0.9659 -0.0000 -0.2588
vn -0.0707 -0.9975 0.0000
vn -0.4152 -0.9097 0.0000
vn -0.8393 -0.5437 0.0000
vn -1.0000 -0.0024 0.0000
vn -0.8722 0.4891 -0.0000
vn -0.7014 0.7127 -0.0000
vn -0.7539 0.6570 0.0000
vn -0.9235 0.3836 -0.0000
vn -1.0000 -0.0003 -0.0000
vn -0.9261 -0.3773 -0.0000
vn -0.8412 -0.5408 -0.0000
vn -0.0683 -0.9975 0.0183
vn -0.4010 -0.9097 0.1075
vn -0.8107 -0.5437 0.2172
vn -0.9659 -0.0024 0.2588
vn -0.8425 0.4891 0.2257
vn -0.6775 0.7127 0.1815
vn -0.7282 0.6570 0.1951
vn -0.8920 0.3836 0.2390
vn -0.9659 -0.0003 0.2588
vn -0.8945 -0.3773 0.2397
vn -0.8125 -0.5408 0.2177
vn -0.0612 -0.9975 0.0353
vn -0.3595 -0.9097 0.2076
vn -0.7269 -0.5437 0.4197
vn -0.8660 -0.0024 0.5000
vn -0.7554 0.4891 0.4361
vn -0.6075 0.7127 0.3507
vn -0.6529 0.6570 0.3769
vn -0.7998 0.3836 0.4618
vn -0.8660 -0.0003 0.5000
vn -0.8020 -0.3773 0.4630
vn -0.7285 -0.5408 0.4206
vn -0.0500 -0.9975 0.0500
vn -0.2936 -0.9097 0.2936
vn -0.5935 -0.5437 0.5935
vn -0.7071 -0.0024 0.7071
vn -0.6168 0.4891 0.6168
vn -0.4960 0.7127 0.4960
vn -0.5331 0.6570 0.5331
vn -0.6530 0.3836 0.6530
vn -0.7071 -0.0003 0.7071
vn -0.6548 -0.3773 0.6548
vn -0.5948 -0.5408 0.5948
vn -0.0353 -0.9975 0.0612
vn -0.2076 -0.9097 0.3595
vn -0.4196 -0.5437 0.7269
vn -0.5000 -0.0024 0.8660
vn -0.4361 0.4891 0.7554
vn -0.3507 0.7127 0.6075
vn -0.3769 0.6570 0.6529
vn -0.4618 0.3836 0.7998
vn -0.5000 -0.0003 0.8660
vn -0.4630 -0.3773 0.8020
vn -0.4206 -0.5408 0.7285
vn -0.0183 -0.9975 0.0683
vn -0.1075 -0.9097 0.4010
vn -0.2172 -0.5437 0.8107
vn -0.2588 -0.0024 0.9659
vn -0.2257 0.4891 0.8425
vn -0.1815 0.7127 0.6775
vn -0.1951 0.6570 0.7282
vn -0.2390 0.3836 0.8920
vn -0.2588 -0.0003 0.9659
vn -0.2397 -0.3773 0.8945
vn -0.2177 -0.5408 0.8125
vn -0.0000 -0.9975 0.0707
vn -0.0000 -0.9097 0.4152
vn -0.0000 -0.5437 0.8393
vn -0.0000 -0.0024 1.0000
vn 0.0000 0.4891 0.8722
vn -0.0000 0.7127 0.7014
vn -0.0000 0.6570 0.7539
vn 0.0000 0.3836 0.9235
vn -0.0000 -0.0003 1.0000
vn -0.0000 -0.3773 0.9261
vn -0.0000 -0.5408 0.8411
vn 0.0183 -0.9975 0.0683
vn 0.1075 -0.9097 0.4010
vn 0.2172 -0.5437 0.8107
vn 0.2588 -0.0024 0.9659
vn 0.2257 0.4891 0.8425
vn 0.1815 0.7127 0.6775
vn 0.1951 0.6570 0.7282
vn 0.2390 0.3836 0.8920
vn 0.2588 -0.0003 0.9659
vn 0.2397 -0.3773 0.8945
vn 0.2177 -0.5408 0.8125
vn 0.0353 -0.9975 0.0612
vn 0.2076 -0.9097 0.3595
vn 0.4197 -0.5437 0.7269
vn 0.5000 -0.0024 0.8660
vn 0.4361 0.4891 0.7554
vn 0.3507 0.7127 0.6075
vn 0.3769 0.6570 0.6529
vn 0.4618 0.3836 0.7998
vn 0.5000 -0.0003 0.8660
vn 0.4630 -0.3773 0.8020
vn 0.4206 -0.5408 0.7285
vn 0.0500 -0.9975 0.0500
vn 0.2936 -0.9097 0.2936
vn 0.5935 -0.5437 0.5935
vn 0.7071 -0.0024 0.7071
vn 0.6168 0.4891 0.6168
vn 0.4960 0.7127 0.4960
vn 0.5331 0.6570 0.5331
vn 0.6530 0.3836 0.6530
vn 0.7071 -0.0003 0.7071
vn 0.6548 -0.3773 0.6548
vn 0.5948 -0.5408 0.5948
vn 0.0612 -0.9975 0.0353
vn 0.3595 -0.9097 0.2076
vn 0.7269 -0.5437 0.4196
vn 0.8660 -0.0024 0.5000
vn 0.7554 0.4891 0.4361
vn 0.6075 0.7127 0.3507
vn 0.6529 0.6570 0.3769
vn 0.7998 0.3836 0.4618
vn 0.8660 -0.0003 0.5000
vn 0.8020 -0.3773 0.4630
vn 0.7285 -0.5408 0.4206
vn 0.0683 -0.9975 0.0183
vn 0.4010 -0.9097 0.1075
vn 0.8107 -0.5437 0.2172
vn 0.9659 -0.0024 0.2588
vn 0.8425 0.4891 0.2257
vn 0.6775 0.7127 0.1815
vn 0.7282 0.6570 0.1951
vn 0.8920 0.3836 0.2390
vn 0.9659 -0.0003 0.2588
vn 0.8945 -0.3773 0.2397
vn 0.8125 -0.5408 0.2177
vn 0.9285 -0.2757 -0.2488
vn 0.9612 -0.2757 0.0000
vn 0.8325 -0.2757 -0.4806
vn 0.6797 -0.2757 -0.6797
vn 0.4806 -0.2757 -0.8325
vn 0.2488 -0.2757 -0.9285
vn -0.0000 -0.2757 -0.9612
vn -0.2488 -0.2757 -0.9285
vn -0.4806 -0.2757 -0.8325
vn -0.6797 -0.2757 -0.6797
vn -0.8325 -0.2757 -0.4806
vn -0.9285 -0.2757 -0.2488
vn -0.9612 -0.2757 -0.0000
vn -0.9285 -0.2757 0.2488
vn -0.8325 -0.2757 0.4806
vn -0.6797 -0.2757 0.6797
vn -0.4806 -0.2757 0.8325
vn -0.2488 -0.2757 0.9285
vn -0.0000 -0.2757 0.9612
vn 0.2488 -0.2757 0.9285
vn 0.4806 -0.2757 0.8325
vn 0.6797 -0.2757 0.6797
vn 0.8325 -0.2757 0.4806
vn 0.9285 -0.2757 0.2488
vn 0.0021 1.0000 0.0014
vn -0.0007 1.0000 0.0008
vn 0.0008 1.0000 0.0019
vn 0.0025 1.0000 0.0038
vn -0.0003 1.0000 0.0004
vn -0.0010 1.0000 0.0014
vn 0.0012 1.0000 -0.0006
vn 0.0033 1.0000 -0.0000
vn 0.0026 1.0000 -0.0021
vn -0.0008 1.0000 -0.0015
vn -0.0007 1.0000 -0.0005
vn 0.0009 1.0000 -0.0020
vn 0.0010 1.0000 -0.0009
vn 0.0021 1.0000 -0.0039
vn 0.0004 1.0000 -0.0001
vn -0.0040 1.0000 0.0012
vn 0.0012 1.0000 -0.0007
vn 0.0006 1.0000 -0.0000
vn 0.0000 1.0000 0.0001
vn 0.0000 1.0000 -0.0037
vn -0.0016 1.0000 0.0008
vn -0.0030 1.0000 0.0014
vn -0.0012 1.0000 0.0034
vn 0.0011 1.0000 -0.0024
vn 0.0010 1.0000 0.0009
vn -0.0012 1.0000 -0.0028
vn 0.0023 1.0000 -0.0039
vn 0.0028 1.0000 0.0018
vn -0.0017 1.0000 0.0023
vn 0.0000 1.0000 0.0037
vn 0.0024 1.0000 -0.0014
vn 0.0002 1.0000 0.0002
vn -0.0003 1.0000 -0.0009
vn 0.0000 1.0000 -0.0023
vn 0.0005 1.0000 -0.0002
vn -0.0032 1.0000 0.0019
vn 0.0010 1.0000 0.0006
vn -0.0012 1.0000 0.0056
vn 0.0031 1.0000 0.0008
vn 0.0032 1.0000 -0.0039
vn -0.0013 1.0000 -0.0003
vn -0.0055 1.0000 -0.0028
vn 0.0000 1.0000 -0.0010
vn 0.0009 1.0000 -0.0016
vn 0.0014 1.0000 0.0012
vn 0.0001 1.0000 -0.0002
vn 0.0002 1.0000 -0.0019
vn -0.0015 1.0000 0.0002
vn -0.0002 1.0000 0.0004
vn 0.0003 1.0000 -0.0008
vn 0.0004 1.0000 -0.0018
vn 0.0000 1.0000 -0.0008
vn 0.0006 1.0000 -0.0002
vn 0.0009 1.0000 0.0010
vn -0.0014 1.0000 0.0015
vn -0.0061 1.0000 0.0005
vn -0.0010 1.0000 0.0003
vn 0.0033 1.0000 -0.0011
vn 0.0011 1.0000 -0.0038
vn 0.0012 1.0000 -0.0066
vn 0.0004 1.0000 0.0004
vn -0.0008 1.0000 0.0036
vn 0.0002 1.0000 -0.0006
vn -0.0009 1.0000 -0.0012
vn 0.0012 1.0000 0.0052
vn 0.0068 1.0000 -0.0018
vn -0.0040 1.0000 -0.0037
vn -0.0004 1.0000 -0.0000
vn 0.0008 1.0000 0.0006
vn 0.0013 1.0000 0.0018
vn -0.0003 1.0000 0.0009
vn 0.0015 1.0000 -0.0033
vn -0.0012 1.0000 0.0031
vn -0.0030 1.0000 0.0005
vn -0.0028 1.0000 0.0006
vn -0.0000 1.0000 0.0046
vn 0.0007 1.0000 -0.0022
vn 0.0008 1.0000 -0.0026
vn -0.0015 1.0000 0.0004
vn -0.0041 1.0000 0.0004
vn 0.0001 1.0000 0.0000
vn 0.0001 1.0000 0.0001
vn -0.0001 1.0000 0.0001
vn 0.0009 1.0000 -0.0041
vn -0.0025 1.0000 0.0008
vn -0.0034 1.0000 0.0020
vn 0.0018 1.0000 0.0011
vn 0.0014 1.0000 0.0017
vn -0.0011 1.0000 0.0017
vn -0.0044 1.0000 0.0030
vn 0.0012 1.0000 0.0009
vn 0.0072 1.0000 -0.0015
vn -0.0025 1.0000 -0.0020
vn -0.0025 1.0000 -0.0018
vn 0.0010 1.0000 0.0017
vn 0.0015 1.0000 0.0055
vn -0.0005 1.0000 -0.0005
vn -0.0016 1.0000 -0.0036
vn -0.0029 1.0000 -0.0031
vn 0.0041 1.0000 -0.0017
vn -0.0018 1.0000 -0.0014
vn -0.0050 1.0000 0.0086
vn 0.0088 1.0000 -0.0007
vn -0.0011 1.0000 -0.0042
vn 0.0004 1.0000 0.0024
vn -0.0007 1.0000 0.0003
vn -0.0022 1.0000 -0.0035
vn 0.0001 1.0000 0.0021
vn -0.0001 1.0000 0.0032
vn -0.0008 1.0000 0.0031
vn 0.0026 1.0000 0.0041
vn -0.0004 1.0000 -0.0013
vn -0.0007 1.0000 -0.0008
vn 0.0008 1.0000 -0.0010
vn -0.0027 1.0000 0.0024
vn -0.0012 1.0000 -0.0012
vn 0.0006 1.0000 -0.0013
vn 0.0018 1.0000 0.0023
vn -0.0044 1.0000 0.0006
vn 0.0036 1.0000 0.0018
vn 0.0031 1.0000 -0.0001
vn 0.0024 1.0000 -0.0011
vn 0.0009 1.0000 0.0008
vn 0.0011 1.0000 -0.0016
vn -0.0016 1.0000 0.0007
vn -0.0004 1.0000 0.0001
vn -0.0027 1.0000 -0.0012
vn 0.0011 1.0000 -0.0063
vn -0.0061 1.0000 -0.0009
vn -0.0096 0.9999 0.0038
vn -0.0019 1.0000 -0.0000
vn -0.0019 1.0000 0.0001
vn -0.0061 1.0000 0.0009
vn -0.0077 1.0000 -0.0002
vn -0.0031 1.0000 0.0012
vn 0.0013 1.0000 0.0047
vn 0.0026 1.0000 0.0024
vn -0.0074 1.0000 -0.0016
vn 0.0059 1.0000 -0.0029
vn -0.0014 1.0000 -0.0010
vn -0.0010 1.0000 0.0067
vn 0.0001 1.0000 -0.0008
vn -0.0018 1.0000 -0.0020
vn 0.0026 1.0000 -0.0006
vn -0.0029 1.0000 -0.0038
vn 0.0027 1.0000 -0.0048
vn -0.0039 1.0000 -0.0038
vn 0.0000 1.0000 -0.0063
vn -0.0047 1.0000 -0.0034
vn -0.0066 1.0000 -0.0047
vn -0.0048 1.0000 -0.0024
vn -0.0074 0.9999 0.0109
vn -0.0023 1.0000 -0.0017
vn 0.0039 1.0000 0.0070
vn -0.0004 1.0000 0.0057
vn 0.0074 1.0000 -0.0025
vn -0.0073 1.0000 0.0024
vn -0.0023 1.0000 0.0054
vn -0.0005 1.0000 -0.0025
vn 0.0016 1.0000 0.0024
vn 0.0032 1.0000 -0.0032
vn 0.0077 1.0000 0.0034
vn 0.0002 1.0000 -0.0043
vn 0.0024 1.0000 -0.0053
vn -0.0008 1.0000 -0.0042
vn 0.0001 1.0000 -0.0052
vn -0.0017 1.0000 -0.0054
vn 0.0036 0.9999 -0.0100
vn -0.0025 1.0000 -0.0052
vn -0.0050 1.0000 -0.0061
vn -0.0087 1.0000 0.0050
vn -0.0028 1.0000 -0.0060
vn 0.0069 1.0000 0.0070
vn 0.0005 1.0000 -0.0017
vn -0.0097 1.0000 0.0016
vn 0.0015 1.0000 -0.0012
vn -0.0002 1.0000 0.0024
vn 0.0022 1.0000 -0.0022
vn 0.0047 1.0000 0.0033
vn 0.0026 1.0000 -0.0036
vn 0.0056 1.0000 0.0013
vn 0.0029 1.0000 -0.0055
vn 0.0036 1.0000 -0.0062
vn 0.0017 1.0000 -0.0052
vn -0.0015 1.0000 -0.0063
vn 0.0008 1.0000 -0.0054
vn -0.0010 1.0000 -0.0055
vn -0.0093 1.0000 0.0010
vn -0.0035 1.0000 0.0034
vn -0.0050 1.0000 -0.0018
vn -0.0000 1.0000 -0.0045
vn -0.0071 1.0000 -0.0052
vn 0.0020 1.0000 0.0072
vn 0.0039 1.0000 -0.0015
vn -0.0048 1.0000 0.0028
vn 0.0052 1.0000 0.0031
vn 0.0041 0.9999 0.0147
vn 0.0042 1.0000 -0.0013
vn 0.0085 0.9999 -0.0119
vn 0.0029 1.0000 -0.0016
vn 0.0034 1.0000 0.0022
vn 0.0053 1.0000 -0.0037
vn 0.0149 0.9999 0.0032
vn 0.0046 1.0000 -0.0044
vn -0.0019 1.0000 -0.0097
vn -0.0060 1.0000 -0.0055
vn 0.0011 1.0000 -0.0026
vn -0.0033 1.0000 -0.0055
vn -0.0030 1.0000 0.0058
vn 0.0016 1.0000 -0.0000
vn -0.0031 1.0000 -0.0059
vn 0.0023 1.0000 0.0013
vn 0.0007 1.0000 0.0019
vn 0.0044 1.0000 -0.0021
vn -0.0031 1.0000 0.0041
vn 0.0036 1.0000 0.0017
vn -0.0019 1.0000 0.0085
vn 0.0062 1.0000 0.0008
vn 0.0112 0.9999 -0.0071
vn 0.0019 1.0000 -0.0000
vn 0.0019 1.0000 -0.0001
vn 0.0062 1.0000 -0.0008
vn 0.0112 0.9999 0.0072
vn -0.0024 1.0000 -0.0088
vn -0.0107 0.9999 -0.0034
vn 0.0107 0.9999 -0.0066
vn 0.0001 1.0000 0.0012
vn -0.0026 1.0000 -0.0019
vn 0.0014 1.0000 -0.0004
vn 0.0017 1.0000 0.0018
vn -0.0066 0.9999 -0.0079
vn -0.0005 1.0000 0.0049
vn -0.0104 0.9999 0.0055
vn 0.0019 1.0000 0.0027
vn 0.0056 1.0000 0.0053
vn 0.0028 1.0000 0.0031
vn 0.0027 1.0000 0.0044
vn 0.0054 1.0000 0.0040
vn 0.0028 0.9999 0.0100
vn 0.0051 1.0000 0.0025
vn 0.0095 0.9999 -0.0090
vn 0.0027 1.0000 0.0008
vn 0.0006 1.0000 -0.0032
vn 0.0050 1.0000 -0.0004
vn -0.0106 0.9999 -0.0008
vn 0.0048 1.0000 0.0014
vn 0.0068 1.0000 -0.0070
vn -0.0005 1.0000 0.0017
vn -0.0021 1.0000 0.0057
vn 0.0022 1.0000 0.0031
vn 0.0005 1.0000 0.0002
vn -0.0001 1.0000 0.0040
vn -0.0090 1.0000 -0.0008
vn 0.0009 1.0000 0.0054
vn -0.0061 1.0000 0.0048
vn 0.0016 1.0000 0.0055
vn -0.0018 1.0000 0.0090
vn 0.0033 1.0000 0.0065
vn 0.0091 1.0000 0.0013
vn 0.0073 1.0000 -0.0065
vn 0.0014 1.0000 -0.0002
vn 0.0034 1.0000 0.0027
vn -0.0018 1.0000 -0.0053
vn -0.0045 1.0000 0.0019
vn 0.0056 1.0000 0.0008
vn -0.0013 1.0000 0.0026
vn 0.0081 0.9999 -0.0111
vn -0.0072 1.0000 -0.0010
vn -0.0105 0.9999 -0.0090
vn -0.0026 1.0000 0.0037
vn -0.0018 0.9999 0.0101
vn -0.0019 1.0000 0.0031
vn 0.0001 1.0000 0.0076
vn -0.0022 1.0000 0.0061
vn -0.0077 1.0000 0.0034
vn -0.0007 1.0000 0.0059
vn 0.0033 1.0000 0.0074
vn 0.0077 1.0000 -0.0005
vn -0.0011 1.0000 0.0059
vn 0.0019 1.0000 -0.0006
vn -0.0011 1.0000 -0.0031
vn 0.0016 1.0000 0.0029
vn 0.0028 1.0000 0.0016
vn 0.0013 1.0000 -0.0031
vn -0.0057 1.0000 -0.0003
vn -0.0038 1.0000 0.0052
vn -0.0033 1.0000 0.0018
vn -0.0066 0.9999 -0.0119
vn -0.0048 1.0000 0.0033
vn -0.0099 0.9999 0.0033
vn -0.0041 1.0000 0.0037
vn 0.0033 1.0000 0.0080
vn 0.0087 0.9999 0.0054
vn 0.1321 0.9903 0.0429
vn 0.1342 0.9907 0.0212
vn 0.1334 0.9911 0.0000
vn 0.1349 0.9906 -0.0214
vn 0.1313 0.9904 -0.0426
vn 0.0814 0.9904 0.1120
vn 0.0945 0.9910 0.0945
vn 0.1123 0.9903 0.0816
vn 0.1186 0.9911 0.0605
vn -0.0000 0.9910 0.1339
vn 0.0215 0.9905 0.1358
vn 0.0427 0.9904 0.1313
vn 0.0615 0.9908 0.1207
vn -0.0814 0.9904 0.1120
vn -0.0604 0.9911 0.1186
vn -0.0424 0.9905 0.1306
vn -0.0213 0.9907 0.1343
vn -0.1307 0.9905 0.0425
vn -0.1207 0.9908 0.0615
vn -0.1125 0.9903 0.0818
vn -0.0947 0.9910 0.0946
vn -0.1312 0.9904 -0.0426
vn -0.1342 0.9907 -0.0212
vn -0.1334 0.9911 0.0001
vn -0.1349 0.9906 0.0214
vn -0.0819 0.9902 -0.1128
vn -0.0951 0.9909 -0.0951
vn -0.1117 0.9904 -0.0811
vn -0.1193 0.9910 -0.0608
vn 0.0000 0.9910 -0.1339
vn -0.0214 0.9906 -0.1350
vn -0.0426 0.9905 -0.1310
vn -0.0606 0.9910 -0.1191
vn 0.0814 0.9904 -0.1120
vn 0.0611 0.9909 -0.1200
vn 0.0421 0.9906 -0.1298
vn 0.0213 0.9907 -0.1347
vn 0.1209 0.9907 -0.0616
vn 0.1129 0.9902 -0.0821
vn 0.0945 0.9910 -0.0945
vn 0.4828 0.8618 0.1558
vn 0.8191 0.5092 0.2641
vn 0.8488 0.5106 0.1375
vn 0.4981 0.8634 0.0804
vn 0.4993 0.8626 -0.0807
vn 0.8489 0.5102 -0.1377
vn 0.8188 0.5095 -0.2646
vn 0.4819 0.8623 -0.1558
vn 0.2985 0.8611 0.4115
vn 0.5059 0.5075 0.6975
vn 0.6052 0.5172 0.6052
vn 0.3536 0.8660 0.3535
vn 0.6969 0.5075 0.5068
vn 0.4113 0.8611 0.2990
vn 0.7635 0.5151 0.3895
vn 0.4445 0.8666 0.2268
vn 0.0003 0.8662 0.4998
vn 0.0005 0.5167 0.8562
vn 0.1369 0.5107 0.8488
vn 0.0804 0.8627 0.4992
vn 0.2646 0.5092 0.8190
vn 0.1558 0.8623 0.4819
vn 0.3898 0.5152 0.7633
vn 0.2282 0.8649 0.4470
vn -0.2991 0.8610 0.4113
vn -0.5068 0.5073 0.6970
vn -0.3893 0.5159 0.7631
vn -0.2268 0.8666 0.4446
vn -0.2642 0.5088 0.8194
vn -0.1558 0.8618 0.4828
vn -0.1372 0.5111 0.8485
vn -0.0803 0.8635 0.4979
vn -0.4819 0.8622 0.1558
vn -0.8189 0.5094 0.2646
vn -0.7639 0.5141 0.3900
vn -0.4471 0.8649 0.2282
vn -0.6975 0.5075 0.5059
vn -0.4116 0.8611 0.2986
vn -0.6056 0.5162 0.6057
vn -0.3536 0.8660 0.3536
vn -0.4829 0.8617 -0.1558
vn -0.8192 0.5091 -0.2641
vn -0.8488 0.5105 -0.1376
vn -0.4982 0.8633 -0.0805
vn -0.4994 0.8626 0.0807
vn -0.8490 0.5101 0.1377
vn -0.2986 0.8611 -0.4116
vn -0.5059 0.5074 -0.6976
vn -0.6053 0.5171 -0.6052
vn -0.3536 0.8660 -0.3536
vn -0.6970 0.5074 -0.5068
vn -0.4114 0.8610 -0.2991
vn -0.7635 0.5150 -0.3896
vn -0.4446 0.8665 -0.2268
vn -0.0003 0.8662 -0.4998
vn -0.0005 0.5167 -0.8562
vn -0.1369 0.5106 -0.8488
vn -0.0804 0.8627 -0.4993
vn -0.2647 0.5091 -0.8190
vn -0.1558 0.8623 -0.4819
vn -0.3898 0.5150 -0.7634
vn -0.2282 0.8649 -0.4471
vn 0.2991 0.8610 -0.4113
vn 0.5068 0.5074 -0.6969
vn 0.3893 0.5160 -0.7630
vn 0.2268 0.8665 -0.4446
vn 0.2642 0.5088 -0.8193
vn 0.1558 0.8618 -0.4828
vn 0.1372 0.5110 -0.8485
vn 0.0803 0.8635 -0.4979
vn 0.7639 0.5142 -0.3900
vn 0.4471 0.8649 -0.2282
vn 0.6975 0.5075 -0.5059
vn 0.4115 0.8611 -0.2985
vn 0.6056 0.5162 -0.6056
vn 0.3535 0.8660 -0.3536
vn 0.9421 0.1414 0.3040
vn 0.9772 0.1414 0.1581
vn 0.9771 0.1417 -0.1585
vn 0.9420 0.1413 -0.3043
vn 0.5813 0.1399 0.8016
vn 0.6995 0.1466 0.6995
vn 0.8014 0.1400 0.5815
vn 0.8815 0.1435 0.4499
vn 0.0003 0.1456 0.9893
vn 0.1580 0.1421 0.9772
vn 0.3042 0.1408 0.9421
vn 0.4498 0.1452 0.8812
vn -0.5820 0.1399 0.8011
vn -0.4497 0.1447 0.8814
vn -0.3039 0.1409 0.9422
vn -0.1582 0.1419 0.9772
vn -0.9420 0.1413 0.3043
vn -0.8814 0.1439 0.4500
vn -0.8016 0.1400 0.5813
vn -0.6996 0.1452 0.6996
vn -0.9421 0.1413 -0.3040
vn -0.9772 0.1414 -0.1582
vn -0.9772 0.1416 0.1584
vn -0.5813 0.1399 -0.8016
vn -0.6995 0.1465 -0.6995
vn -0.8014 0.1399 -0.5815
vn -0.8815 0.1434 -0.4499
vn -0.0003 0.1457 -0.9893
vn -0.1580 0.1421 -0.9772
vn -0.3042 0.1408 -0.9421
vn -0.4499 0.1451 -0.8812
vn 0.5820 0.1399 -0.8010
vn 0.4497 0.1448 -0.8813
vn 0.3039 0.1409 -0.9422
vn 0.1582 0.1419 -0.9772
vn 0.8814 0.1439 -0.4500
vn 0.8016 0.1401 -0.5813
vn 0.6996 0.1452 -0.6996
vn 0.4951 0.8688 -0.0006
vn 0.8546 0.5193 -0.0010
vn 0.9894 0.1453 -0.0008
vn -0.4952 0.8688 0.0005
vn -0.8547 0.5192 0.0008
vn -0.9894 0.1451 0.0007
vn 0.9516 0.0003 0.3073
vn 0.9517 0.0003 0.3071
vn 0.9872 0.0006 0.1597
vn 0.9872 0.0006 0.1595
vn 0.9871 0.0003 -0.1598
vn 0.9871 0.0003 -0.1599
vn 0.9515 0.0007 -0.3076
vn 0.5871 0.0002 0.8095
vn 0.5870 0.0001 0.8096
vn 0.7071 0.0011 0.7071
vn 0.8093 0.0001 0.5874
vn 0.8907 0.0010 0.4546
vn 0.8907 0.0010 0.4545
vn 0.0003 0.0008 1.0000
vn 0.0004 0.0008 1.0000
vn 0.1594 0.0004 0.9872
vn 0.1593 0.0004 0.9872
vn 0.3074 0.0004 0.9516
vn 0.4547 0.0007 0.8906
vn 0.4546 0.0007 0.8907
vn -0.5879 0.0001 0.8090
vn -0.5881 0.0001 0.8088
vn -0.4545 0.0015 0.8907
vn -0.4545 0.0015 0.8908
vn -0.3069 0.0002 0.9517
vn -0.3071 0.0002 0.9517
vn -0.1597 0.0008 0.9872
vn -0.1595 0.0008 0.9872
vn -0.9515 0.0006 0.3076
vn -0.8906 0.0004 0.4548
vn -0.8907 0.0004 0.4547
vn -0.8095 0.0002 0.5871
vn -0.7071 0.0006 0.7072
vn -0.7071 0.0006 0.7071
vn -0.9516 0.0003 -0.3073
vn -0.9517 0.0003 -0.3072
vn -0.9872 0.0006 -0.1597
vn -0.9872 0.0006 -0.1595
vn -0.9872 0.0003 0.1598
vn -0.9871 0.0003 0.1599
vn -0.5871 0.0002 -0.8095
vn -0.5870 0.0001 -0.8096
vn -0.7071 0.0010 -0.7071
vn -0.8093 0.0001 -0.5874
vn -0.8907 0.0010 -0.4546
vn -0.8907 0.0010 -0.4545
vn -0.0003 0.0009 -1.0000
vn -0.0004 0.0009 -1.0000
vn -0.1594 0.0004 -0.9872
vn -0.1593 0.0004 -0.9872
vn -0.3074 0.0004 -0.9516
vn -0.4547 0.0007 -0.8906
vn -0.4546 0.0007 -0.8907
vn 0.5878 0.0001 -0.8090
vn 0.5881 0.0001 -0.8088
vn 0.4545 0.0015 -0.8907
vn 0.4545 0.0015 -0.8908
vn 0.3069 0.0002 -0.9517
vn 0.3071 0.0002 -0.9517
vn 0.1597 0.0008 -0.9872
vn 0.1595 0.0008 -0.9872
vn 0.8906 0.0004 -0.4548
vn 0.8907 0.0004 -0.4547
vn 0.8095 0.0002 -0.5871
vn 0.7071 0.0006 -0.7072
vn 0.7071 0.0006 -0.7071
vn 1.0000 0.0010 -0.0009
vn 1.0000 0.0010 -0.0008
vn -1.0000 0.0010 0.0008
vn -1.0000 0.0010 0.0007
vn 0.8136 -0.5189 0.2624
vn 0.4639 -0.8732 0.1495
vn 0.4810 -0.8733 0.0779
vn 0.8448 -0.5174 0.1365
vn 0.8445 -0.5179 -0.1365
vn 0.4816 -0.8729 -0.0780
vn 0.4633 -0.8734 -0.1498
vn 0.8135 -0.5186 -0.2632
vn 0.5014 -0.5206 0.6911
vn 0.2848 -0.8745 0.3927
vn 0.3502 -0.8687 0.3502
vn 0.6076 -0.5116 0.6075
vn 0.3923 -0.8744 0.2855
vn 0.6902 -0.5206 0.5025
vn 0.4370 -0.8714 0.2229
vn 0.7651 -0.5121 0.3903
vn 0.0007 -0.5120 0.8590
vn 0.0004 -0.8695 0.4939
vn 0.0777 -0.8725 0.4824
vn 0.1357 -0.5176 0.8448
vn 0.1496 -0.8737 0.4629
vn 0.2631 -0.5187 0.8135
vn 0.2244 -0.8698 0.4394
vn 0.3903 -0.5132 0.7644
vn -0.5025 -0.5207 0.6902
vn -0.2855 -0.8745 0.3922
vn -0.2235 -0.8707 0.4380
vn -0.3902 -0.5122 0.7651
vn -0.1493 -0.8735 0.4634
vn -0.2624 -0.5191 0.8134
vn -0.0778 -0.8730 0.4815
vn -0.1362 -0.5171 0.8450
vn -0.8134 -0.5188 0.2631
vn -0.4633 -0.8735 0.1498
vn -0.4382 -0.8706 0.2238
vn -0.7642 -0.5135 0.3902
vn -0.3928 -0.8744 0.2849
vn -0.6911 -0.5206 0.5014
vn -0.3493 -0.8695 0.3494
vn -0.6075 -0.5116 0.6076
vn -0.8135 -0.5191 -0.2624
vn -0.4634 -0.8735 -0.1494
vn -0.4811 -0.8732 -0.0780
vn -0.8450 -0.5170 -0.1366
vn -0.8446 -0.5177 0.1364
vn -0.4817 -0.8729 0.0780
vn -0.5014 -0.5207 -0.6911
vn -0.2847 -0.8746 -0.3925
vn -0.3502 -0.8688 -0.3501
vn -0.6076 -0.5117 -0.6075
vn -0.3922 -0.8745 -0.2855
vn -0.6902 -0.5207 -0.5025
vn -0.4370 -0.8714 -0.2229
vn -0.7651 -0.5122 -0.3902
vn -0.0007 -0.5120 -0.8590
vn -0.0004 -0.8692 -0.4944
vn -0.0777 -0.8725 -0.4823
vn -0.1357 -0.5176 -0.8448
vn -0.1496 -0.8737 -0.4629
vn -0.2631 -0.5187 -0.8134
vn -0.2244 -0.8698 -0.4394
vn -0.3903 -0.5133 -0.7643
vn 0.5025 -0.5207 -0.6902
vn 0.2853 -0.8746 -0.3920
vn 0.2235 -0.8707 -0.4380
vn 0.3902 -0.5121 -0.7651
vn 0.1493 -0.8735 -0.4634
vn 0.2624 -0.5191 -0.8134
vn 0.0778 -0.8730 -0.4815
vn 0.1362 -0.5171 -0.8450
vn 0.4383 -0.8705 -0.2238
vn 0.7643 -0.5134 -0.3902
vn 0.3928 -0.8743 -0.2849
vn 0.6911 -0.5205 -0.5014
vn 0.3493 -0.8694 -0.3494
vn 0.6075 -0.5115 -0.6076
vn 0.4919 -0.8706 -0.0007
vn 0.8578 -0.5140 -0.0012
vn -0.4924 -0.8704 0.0006
vn -0.8581 -0.5134 0.0011
vn -0.6463 -0.7340 -0.2087
vn -0.6463 -0.7340 -0.2089
vn -0.6717 -0.7328 -0.1088
vn -0.6718 -0.7328 -0.1084
vn -0.6714 -0.7331 0.1086
vn -0.6713 -0.7331 0.1090
vn -0.6461 -0.7342 0.2085
vn -0.6460 -0.7343 0.2088
vn -0.3986 -0.7342 -0.5496
vn -0.3985 -0.7342 -0.5496
vn -0.4814 -0.7325 -0.4814
vn -0.4813 -0.7326 -0.4813
vn -0.5497 -0.7342 -0.3985
vn -0.5496 -0.7341 -0.3988
vn -0.6051 -0.7338 -0.3089
vn -0.6052 -0.7337 -0.3088
vn -0.0001 -0.7322 -0.6810
vn 0.0001 -0.7323 -0.6810
vn -0.1088 -0.7335 -0.6710
vn -0.1083 -0.7336 -0.6709
vn -0.2085 -0.7343 -0.6461
vn -0.2087 -0.7343 -0.6459
vn -0.3093 -0.7328 -0.6061
vn 0.3990 -0.7342 -0.5494
vn 0.3984 -0.7342 -0.5497
vn 0.3084 -0.7348 -0.6042
vn 0.3083 -0.7346 -0.6043
vn 0.2088 -0.7338 -0.6465
vn 0.2087 -0.7337 -0.6466
vn 0.1086 -0.7344 -0.6700
vn 0.1082 -0.7343 -0.6701
vn 0.6455 -0.7347 -0.2087
vn 0.6457 -0.7346 -0.2084
vn 0.6070 -0.7319 -0.3097
vn 0.6070 -0.7319 -0.3098
vn 0.5495 -0.7343 -0.3985
vn 0.5495 -0.7343 -0.3986
vn 0.4820 -0.7317 -0.4820
vn 0.4820 -0.7316 -0.4821
vn 0.6463 -0.7339 0.2087
vn 0.6464 -0.7340 0.2087
vn 0.6708 -0.7337 0.1083
vn 0.6707 -0.7338 0.1082
vn 0.6714 -0.7331 -0.1086
vn 0.6713 -0.7331 -0.1089
vn 0.3985 -0.7344 0.5494
vn 0.3985 -0.7343 0.5495
vn 0.4814 -0.7326 0.4813
vn 0.5496 -0.7343 0.3985
vn 0.5495 -0.7342 0.3988
vn 0.6050 -0.7338 0.3090
vn 0.6051 -0.7338 0.3089
vn 0.0001 -0.7317 0.6817
vn 0.0000 -0.7317 0.6816
vn 0.1088 -0.7333 0.6711
vn 0.1082 -0.7333 0.6712
vn 0.2086 -0.7343 0.6460
vn 0.2087 -0.7344 0.6459
vn 0.3093 -0.7328 0.6061
vn 0.3092 -0.7328 0.6061
vn -0.3990 -0.7342 0.5493
vn -0.3984 -0.7342 0.5497
vn -0.3083 -0.7347 0.6043
vn -0.3082 -0.7347 0.6043
vn -0.2089 -0.7337 0.6465
vn -0.2087 -0.7338 0.6465
vn -0.1087 -0.7340 0.6704
vn -0.1081 -0.7340 0.6705
vn -0.6069 -0.7318 0.3099
vn -0.6070 -0.7318 0.3098
vn -0.5495 -0.7343 0.3985
vn -0.5495 -0.7343 0.3986
vn -0.4821 -0.7316 0.4820
vn -0.6806 -0.7326 0.0005
vn -0.6807 -0.7326 0.0005
vn 0.6792 -0.7339 -0.0002
vn 0.6792 -0.7339 -0.0004
vn -0.9515 0.0115 -0.3075
vn -0.9514 0.0115 -0.3079
vn -0.9865 0.0208 -0.1623
vn -0.9869 0.0209 -0.1599
vn -0.9869 0.0186 0.1604
vn -0.9866 0.0186 0.1624
vn -0.9516 0.0131 0.3070
vn -0.9515 0.0131 0.3072
vn -0.5869 0.0154 -0.8095
vn -0.5861 0.0154 -0.8101
vn -0.7082 0.0195 -0.7057
vn -0.7070 0.0195 -0.7069
vn -0.8095 0.0086 -0.5870
vn -0.8902 0.0192 -0.4552
vn -0.8905 0.0193 -0.4545
vn 0.0000 0.0153 -0.9999
vn -0.0000 0.0154 -0.9999
vn -0.1611 0.0153 -0.9868
vn -0.1600 0.0154 -0.9870
vn -0.3072 0.0106 -0.9516
vn -0.3072 0.0107 -0.9516
vn -0.4534 0.0154 -0.8912
vn -0.4545 0.0153 -0.8906
vn 0.5869 0.0178 -0.8094
vn 0.5862 0.0178 -0.8100
vn 0.4522 0.0157 -0.8918
vn 0.4544 0.0159 -0.8907
vn 0.3072 0.0081 -0.9516
vn 0.3072 0.0080 -0.9516
vn 0.1618 0.0154 -0.9867
vn 0.1600 0.0154 -0.9870
vn 0.9515 0.0153 -0.3071
vn 0.9519 0.0154 -0.3062
vn 0.8899 0.0194 -0.4557
vn 0.8905 0.0195 -0.4546
vn 0.8095 0.0105 -0.5870
vn 0.7084 0.0195 -0.7056
vn 0.7071 0.0195 -0.7069
vn 0.9515 0.0180 0.3071
vn 0.9518 0.0180 0.3062
vn 0.9877 0.0154 0.1559
vn 0.9871 0.0154 0.1592
vn 0.9870 0.0154 -0.1598
vn 0.9875 0.0153 -0.1571
vn 0.5869 0.0152 0.8095
vn 0.5861 0.0154 0.8101
vn 0.7083 0.0195 0.7057
vn 0.7071 0.0194 0.7069
vn 0.8095 0.0086 0.5870
vn 0.8095 0.0087 0.5871
vn 0.8893 0.0191 0.4569
vn 0.8904 0.0192 0.4548
vn 0.0001 0.0228 0.9997
vn -0.0004 0.0227 0.9997
vn 0.1631 0.0149 0.9865
vn 0.1601 0.0150 0.9870
vn 0.3072 0.0106 0.9516
vn 0.3073 0.0107 0.9516
vn 0.4534 0.0153 0.8912
vn 0.4544 0.0153 0.8907
vn -0.5869 0.0153 0.8095
vn -0.5862 0.0152 0.8100
vn -0.4528 0.0157 0.8915
vn -0.4544 0.0157 0.8907
vn -0.3067 0.0081 0.9518
vn -0.3073 0.0080 0.9516
vn -0.1637 0.0132 0.9864
vn -0.1601 0.0132 0.9870
vn -0.8902 0.0195 0.4552
vn -0.8905 0.0195 0.4546
vn -0.8095 0.0105 0.5870
vn -0.7079 0.0195 0.7060
vn -0.7071 0.0195 0.7069
vn -0.9998 0.0214 0.0014
vn -0.9998 0.0214 0.0008
vn 1.0000 0.0044 -0.0004
vn 0.2282 -0.9708 0.0738
vn 0.2362 -0.9709 0.0383
vn 0.9774 -0.1405 0.1578
vn 0.9418 -0.1428 0.3042
vn 0.2368 -0.9708 -0.0384
vn 0.2274 -0.9710 -0.0735
vn 0.9418 -0.1420 -0.3046
vn 0.9772 -0.1418 -0.1580
vn 0.1402 -0.9711 0.1933
vn 0.1718 -0.9700 0.1718
vn 0.7002 -0.1395 0.7002
vn 0.5811 -0.1431 0.8012
vn 0.1934 -0.9710 0.1404
vn 0.8009 -0.1433 0.5814
vn 0.2132 -0.9709 0.1088
vn 0.8823 -0.1369 0.4503
vn 0.0001 -0.9702 0.2423
vn 0.0382 -0.9707 0.2372
vn 0.1574 -0.1420 0.9773
vn 0.0004 -0.1392 0.9903
vn 0.0735 -0.9710 0.2273
vn 0.3045 -0.1417 0.9419
vn 0.1101 -0.9702 0.2157
vn 0.4501 -0.1402 0.8819
vn -0.1405 -0.9710 0.1933
vn -0.1091 -0.9708 0.2138
vn -0.4501 -0.1376 0.8823
vn -0.5821 -0.1434 0.8004
vn -0.0736 -0.9709 0.2280
vn -0.3040 -0.1427 0.9419
vn -0.0381 -0.9710 0.2362
vn -0.1577 -0.1407 0.9774
vn -0.2275 -0.9710 0.0736
vn -0.2149 -0.9705 0.1097
vn -0.8819 -0.1397 0.4503
vn -0.9418 -0.1420 0.3046
vn -0.1933 -0.9711 0.1402
vn -0.8011 -0.1432 0.5811
vn -0.1711 -0.9703 0.1711
vn -0.7002 -0.1388 0.7003
vn -0.2273 -0.9710 -0.0735
vn -0.2360 -0.9710 -0.0383
vn -0.9774 -0.1403 -0.1579
vn -0.9418 -0.1429 -0.3042
vn -0.2367 -0.9708 0.0383
vn -0.9772 -0.1418 0.1580
vn -0.1399 -0.9712 -0.1928
vn -0.1717 -0.9700 -0.1718
vn -0.7002 -0.1395 -0.7002
vn -0.5811 -0.1432 -0.8012
vn -0.1934 -0.9710 -0.1404
vn -0.8009 -0.1434 -0.5814
vn -0.2133 -0.9709 -0.1086
vn -0.8823 -0.1369 -0.4503
vn -0.0001 -0.9699 -0.2435
vn -0.0384 -0.9707 -0.2373
vn -0.1574 -0.1421 -0.9773
vn -0.0004 -0.1392 -0.9903
vn -0.0735 -0.9711 -0.2272
vn -0.3045 -0.1418 -0.9419
vn -0.1102 -0.9702 -0.2157
vn -0.4501 -0.1402 -0.8819
vn 0.1401 -0.9712 -0.1927
vn 0.1092 -0.9708 -0.2138
vn 0.4501 -0.1375 -0.8823
vn 0.5821 -0.1433 -0.8004
vn 0.0736 -0.9709 -0.2279
vn 0.3040 -0.1427 -0.9419
vn 0.0383 -0.9710 -0.2361
vn 0.1577 -0.1407 -0.9774
vn 0.2150 -0.9704 -0.1097
vn 0.8819 -0.1397 -0.4503
vn 0.1934 -0.9711 -0.1403
vn 0.8011 -0.1432 -0.5811
vn 0.1711 -0.9703 -0.1713
vn 0.7002 -0.1388 -0.7003
vn 0.2413 -0.9705 -0.0003
vn 0.9902 -0.1399 -0.0009
vn -0.2410 -0.9705 0.0003
vn -0.9902 -0.1398 0.0008
vn -0.8711 -0.4024 -0.2815
vn -0.9058 -0.3975 -0.1467
vn -0.2257 -0.9735 -0.0362
vn -0.2169 -0.9737 -0.0700
vn -0.9052 -0.3987 0.1471
vn -0.8714 -0.4020 0.2812
vn -0.2169 -0.9737 0.0701
vn -0.2256 -0.9735 0.0363
vn -0.5379 -0.4005 -0.7418
vn -0.6485 -0.3987 -0.6485
vn -0.1586 -0.9745 -0.1586
vn -0.1346 -0.9734 -0.1856
vn -0.7407 -0.4036 -0.5371
vn -0.1856 -0.9733 -0.1347
vn -0.8165 -0.3996 -0.4167
vn -0.2013 -0.9741 -0.1027
vn 0.0000 -0.4004 -0.9164
vn -0.1467 -0.4004 -0.9045
vn -0.0362 -0.9738 -0.2247
vn -0.0000 -0.9742 -0.2257
vn -0.2811 -0.4030 -0.8709
vn -0.0701 -0.9737 -0.2170
vn -0.4165 -0.4007 -0.8161
vn -0.1024 -0.9743 -0.2007
vn 0.5381 -0.3994 -0.7423
vn 0.4163 -0.4020 -0.8155
vn 0.1021 -0.9744 -0.2002
vn 0.1348 -0.9734 -0.1855
vn 0.2811 -0.4039 -0.8706
vn 0.0702 -0.9736 -0.2174
vn 0.1466 -0.4012 -0.9042
vn 0.0362 -0.9738 -0.2246
vn 0.8717 -0.4013 -0.2813
vn 0.8171 -0.3981 -0.4170
vn 0.2018 -0.9740 -0.1030
vn 0.2165 -0.9738 -0.0700
vn 0.7409 -0.4029 -0.5373
vn 0.1855 -0.9734 -0.1345
vn 0.6486 -0.3982 -0.6486
vn 0.1596 -0.9742 -0.1596
vn 0.8724 -0.3995 0.2816
vn 0.9045 -0.4007 0.1461
vn 0.2252 -0.9737 0.0361
vn 0.2175 -0.9735 0.0702
vn 0.9046 -0.4001 -0.1467
vn 0.2255 -0.9736 -0.0364
vn 0.5379 -0.4007 0.7417
vn 0.6484 -0.3990 0.6483
vn 0.1587 -0.9745 0.1586
vn 0.1347 -0.9733 0.1857
vn 0.7407 -0.4036 0.5371
vn 0.1856 -0.9733 0.1347
vn 0.8164 -0.3997 0.4169
vn 0.2011 -0.9742 0.1028
vn 0.0001 -0.3965 0.9181
vn 0.1467 -0.4005 0.9045
vn 0.0360 -0.9737 0.2249
vn 0.0000 -0.9743 0.2255
vn 0.2812 -0.4030 0.8709
vn 0.0702 -0.9736 0.2170
vn 0.4164 -0.4007 0.8161
vn 0.1023 -0.9743 0.2006
vn -0.5378 -0.4005 0.7419
vn -0.4162 -0.4020 0.8156
vn -0.1020 -0.9744 0.2002
vn -0.1350 -0.9733 0.1858
vn -0.2812 -0.4038 0.8705
vn -0.0702 -0.9735 0.2174
vn -0.1465 -0.4019 0.9039
vn -0.0360 -0.9737 0.2249
vn -0.8170 -0.3981 0.4171
vn -0.2017 -0.9740 0.1029
vn -0.7409 -0.4029 0.5373
vn -0.1854 -0.9734 0.1345
vn -0.6487 -0.3981 0.6486
vn -0.1596 -0.9742 0.1595
vn -0.9174 -0.3979 0.0007
vn -0.2258 -0.9742 0.0001
vn 0.9136 -0.4065 -0.0003
vn 0.2249 -0.9744 -0.0001
vn 0.0000 0.0000 1.0000
vn 0.8660 -0.0000 -0.5000
vn 0.5000 -0.0000 -0.8660
vn -1.0000 -0.0000 0.0000
vn -0.6691 0.0000 0.7431
vn -0.9511 0.0000 0.3090
vn -0.2079 0.0000 0.9781
vn 0.3090 -0.0000 0.9511
vn 0.7431 -0.0000 0.6691
vn 0.9781 -0.0000 0.2079
vn 0.9511 0.0000 -0.3090
vn 0.9511 -0.0000 -0.3090
vn 0.6691 -0.0000 -0.7431
vn 0.6692 -0.0000 -0.7431
vn 0.2079 -0.0000 -0.9781
vn -0.3090 -0.0000 -0.9511
vn -0.3090 0.0000 -0.9511
vn -0.7431 0.0000 -0.6691
vn -0.9781 0.0000 -0.2079
vn -0.9135 0.0000 -0.4067
vn -0.9135 0.0000 -0.4068
vn -0.5878 0.0000 -0.8090
vn -0.9945 0.0000 0.1045
vn -0.8090 0.0000 0.5878
vn -0.4067 0.0000 0.9135
vn -0.4067 0.0000 0.9136
vn 0.1045 -0.0000 0.9945
vn 0.1046 -0.0000 0.9945
vn 0.5878 -0.0000 0.8090
vn 0.9135 -0.0000 0.4067
vn 0.9136 -0.0000 0.4067
vn 0.9945 -0.0000 -0.1045
vn 0.9945 -0.0000 -0.1046
vn 0.8090 -0.0000 -0.5878
vn 0.4067 0.0000 -0.9135
vn 0.4068 -0.0000 -0.9135
vn -0.1045 0.0000 -0.9945
vn 0.1045 0.0000 -0.9945
vn 0.5877 0.0000 -0.8091
vn 0.5878 0.0000 -0.8090
vn -0.4067 -0.0000 -0.9136
vn -0.8090 -0.0000 -0.5878
vn -0.9945 -0.0000 -0.1045
vn -0.9135 -0.0000 0.4067
vn -0.9136 -0.0000 0.4067
vn -0.5878 0.0000 0.8090
vn -0.1045 0.0000 0.9945
vn 0.4067 0.0000 0.9135
vn 0.8090 0.0000 0.5878
vn 0.9945 0.0000 0.1045
vn 0.9135 0.0000 -0.4067
vn 0.9135 0.0000 -0.4068
vn 0.9781 0.0000 -0.2079
vn 0.9511 0.0000 0.3090
vn 0.7431 0.0000 -0.6691
vn 0.3090 0.0000 -0.9511
vn -0.2079 -0.0000 -0.9781
vn -0.6691 -0.0000 -0.7431
vn -0.9511 -0.0000 -0.3090
vn -0.9781 -0.0000 0.2079
vn -0.9782 -0.0000 0.2079
vn -0.7431 -0.0000 0.6691
vn -0.7432 -0.0000 0.6691
vn -0.3090 -0.0000 0.9511
vn 0.2079 0.0000 0.9781
vn 0.6691 0.0000 0.7431
vn -0.5000 0.0000 -0.8660
vn -0.1045 -0.0000 0.9945
vn -0.5878 -0.0000 0.8090
vn 0.4067 -0.0000 0.9136
vn 0.4068 -0.0000 0.9135
vn 0.8090 -0.0000 0.5878
vn 0.9945 -0.0000 0.1045
vn 0.9135 -0.0000 -0.4067
vn 0.5878 -0.0000 -0.8090
vn 0.1045 -0.0000 -0.9945
vn -0.4067 0.0000 -0.9135
vn -0.8090 0.0000 -0.5878
vn -0.9945 0.0000 -0.1045
vn -0.9945 0.0000 -0.1046
vn -0.6691 -0.0000 0.7432
vn -0.9511 -0.0000 0.3090
vn -0.2079 -0.0000 0.9781
vn 0.3090 0.0000 0.9511
vn 0.7432 0.0000 0.6691
vn 0.9781 0.0000 0.2079
vn 0.6691 0.0000 -0.7431
vn 0.2079 0.0000 -0.9781
vn -0.7431 -0.0000 -0.6691
vn -0.9781 -0.0000 -0.2079
vn 0.6691 0.0000 0.7432
vn 0.7431 0.0000 -0.6692
vn -0.6691 -0.0000 -0.7432
vn 0.1045 0.0000 0.9945
vn 0.5878 0.0000 0.8090
vn 0.9135 0.0000 0.4067
vn 0.9136 0.0000 0.4067
vn 0.9945 0.0000 -0.1045
vn 0.9945 0.0000 -0.1046
vn 0.8090 0.0000 -0.5878
vn 0.4068 0.0000 -0.9135
vn -0.0000 0.0000 -1.0000
vn -0.4067 -0.0000 -0.9135
vn -0.4067 0.0000 -0.9136
vn -0.9135 0.0000 0.4067
vn 0.4067 0.0000 0.9136
vn 0.9945 0.0000 0.1046
vn 0.9136 0.0000 -0.4067
vn 0.7431 0.0000 0.6691
vn 0.7432 -0.0000 -0.6691
vn 0.3090 -0.0000 -0.9511
vn -0.2079 0.0000 -0.9781
vn -0.6691 0.0000 -0.7431
vn 0.9135 0.0000 0.4068
vn 0.4067 0.0000 -0.9136
vn -0.1046 0.0000 -0.9945
vn -0.9945 -0.0000 0.1045
vn -0.8090 -0.0000 0.5878
vn -0.4067 -0.0000 0.9136
vn 0.3188 0.7704 0.5522
vn 0.0019 0.7684 0.6400
vn 0.5519 0.7699 0.3204
vn 0.6391 0.7691 0.0000
vn 0.5520 0.7698 -0.3204
vn 0.3189 0.7703 -0.5523
vn 0.0016 0.7683 -0.6401
vn -0.3235 0.7690 -0.5514
vn -0.5499 0.7721 -0.3184
vn -0.6388 0.7694 -0.0036
vn -0.5535 0.7692 0.3194
vn -0.3185 0.7711 0.5513
vn 0.3214 0.7715 0.5492
vn 0.0028 0.7690 0.6393
vn 0.5496 0.7715 0.3206
vn 0.6388 0.7694 0.0036
vn 0.5533 0.7693 -0.3195
vn 0.3189 0.7702 -0.5524
vn 0.0000 0.7694 -0.6387
vn -0.3225 0.7694 -0.5514
vn -0.5537 0.7715 -0.3135
vn -0.6345 0.7729 -0.0038
vn -0.5570 0.7678 0.3165
vn -0.3183 0.7710 0.5515
vn -0.4273 0.7681 0.4768
vn -0.6046 0.7721 0.1958
vn -0.1324 0.7735 0.6198
vn 0.1974 0.7682 0.6090
vn 0.4715 0.7720 0.4263
vn 0.6266 0.7682 0.1314
vn 0.6041 0.7723 -0.1963
vn 0.4295 0.7682 -0.4747
vn 0.1269 0.7714 -0.6235
vn -0.1933 0.7717 -0.6059
vn -0.4728 0.7679 -0.4322
vn -0.6257 0.7693 -0.1293
vn -0.5842 0.7685 -0.2608
vn -0.3740 0.7715 -0.5148
vn -0.6327 0.7711 0.0719
vn -0.5119 0.7729 0.3751
vn -0.2627 0.7724 0.5783
vn 0.0611 0.7689 0.6364
vn 0.3754 0.7695 0.5167
vn 0.5850 0.7694 0.2565
vn 0.6307 0.7731 -0.0668
vn 0.5180 0.7704 -0.3718
vn 0.2596 0.7694 -0.5836
vn -0.0706 0.7693 -0.6350
vn 0.0672 0.7685 -0.6363
vn 0.3741 0.7720 -0.5139
vn -0.2582 0.7720 -0.5808
vn -0.5178 0.7686 -0.3757
vn -0.6304 0.7730 -0.0714
vn -0.5876 0.7654 0.2623
vn -0.3706 0.7730 0.5149
vn -0.0708 0.7672 0.6375
vn 0.2661 0.7690 0.5812
vn 0.5127 0.7736 0.3725
vn 0.6359 0.7685 0.0715
vn 0.5821 0.7693 -0.2633
vn 0.6216 0.7714 -0.1358
vn 0.6095 0.7685 0.1950
vn 0.4722 0.7704 -0.4284
vn 0.1933 0.7742 -0.6028
vn -0.1238 0.7728 -0.6225
vn -0.4299 0.7650 -0.4796
vn -0.6036 0.7736 -0.1930
vn -0.6272 0.7680 0.1295
vn -0.4729 0.7698 0.4287
vn -0.1944 0.7683 0.6099
vn 0.1313 0.7722 0.6216
vn 0.4248 0.7694 0.4771
vn 0.3196 0.7693 0.5533
vn -0.0044 0.7691 0.6392
vn 0.5540 0.7687 0.3197
vn 0.6391 0.7692 -0.0002
vn 0.5533 0.7693 -0.3193
vn 0.3194 0.7694 -0.5531
vn -0.0003 0.7703 -0.6376
vn -0.3161 0.7694 -0.5550
vn -0.5621 0.7641 -0.3166
vn -0.6321 0.7749 0.0001
vn -0.5611 0.7632 0.3205
vn -0.3160 0.7718 0.5518
vn -0.0641 0.7700 0.6348
vn -0.3835 0.7664 0.5153
vn 0.2656 0.7690 0.5815
vn 0.5126 0.7736 0.3724
vn 0.6351 0.7690 0.0730
vn 0.5832 0.7694 -0.2606
vn 0.3764 0.7704 -0.5146
vn 0.0697 0.7675 -0.6373
vn -0.2577 0.7690 -0.5850
vn -0.5204 0.7657 -0.3780
vn -0.6393 0.7669 -0.0561
vn -0.5807 0.7735 0.2541
vn -0.4234 0.7672 0.4819
vn -0.6039 0.7710 0.2021
vn -0.1247 0.7741 0.6207
vn 0.1898 0.7709 0.6080
vn 0.4723 0.7684 0.4318
vn 0.6239 0.7698 0.1346
vn 0.6105 0.7683 -0.1926
vn 0.4298 0.7660 -0.4780
vn 0.1315 0.7707 -0.6235
vn -0.1928 0.7662 -0.6130
vn -0.4762 0.7671 -0.4299
vn -0.6304 0.7659 -0.1266
vn -0.6272 0.7684 0.1276
vn -0.6041 0.7726 -0.1956
vn -0.4696 0.7683 0.4349
vn -0.1953 0.7749 0.6011
vn 0.1243 0.7683 0.6279
vn 0.4256 0.7700 0.4753
vn 0.6089 0.7678 0.1994
vn 0.6259 0.7688 -0.1308
vn 0.4765 0.7661 -0.4314
vn 0.1944 0.7695 -0.6083
vn -0.1334 0.7674 -0.6271
vn -0.4351 0.7671 -0.4714
vn -0.5860 0.7688 -0.2559
vn -0.3782 0.7690 -0.5154
vn -0.6313 0.7730 0.0629
vn -0.5233 0.7674 0.3705
vn -0.2565 0.7672 0.5879
vn 0.0620 0.7723 0.6322
vn 0.3776 0.7618 0.5264
vn 0.5907 0.7676 0.2487
vn 0.6298 0.7741 -0.0642
vn 0.5293 0.7628 -0.3715
vn 0.2559 0.7671 -0.5882
vn -0.0722 0.7680 -0.6364
vn -0.3180 0.7692 -0.5542
vn -0.0036 0.7697 -0.6384
vn -0.5566 0.7690 -0.3143
vn -0.6337 0.7736 -0.0000
vn -0.5566 0.7690 0.3143
vn -0.3183 0.7695 0.5537
vn -0.0035 0.7699 0.6381
vn 0.3155 0.7670 0.5587
vn 0.5630 0.7649 0.3131
vn 0.6322 0.7748 -0.0001
vn 0.5630 0.7649 -0.3129
vn 0.3151 0.7668 -0.5592
vn 0.0562 0.7700 -0.6356
vn 0.3856 0.7616 -0.5208
vn -0.2591 0.7723 -0.5800
vn -0.5187 0.7674 -0.3768
vn -0.6315 0.7724 -0.0674
vn -0.5873 0.7695 0.2510
vn -0.3822 0.7648 0.5187
vn -0.0618 0.7673 0.6383
vn 0.2599 0.7707 0.5818
vn 0.5163 0.7662 0.3826
vn 0.6420 0.7645 0.0577
vn 0.5799 0.7742 -0.2535
vn 0.4273 0.7675 -0.4779
vn 0.6076 0.7695 -0.1967
vn 0.1227 0.7706 -0.6254
vn -0.1918 0.7745 -0.6028
vn -0.4696 0.7683 -0.4349
vn -0.6267 0.7687 -0.1279
vn -0.6038 0.7728 0.1955
vn -0.4347 0.7672 0.4716
vn -0.1377 0.7683 0.6250
vn 0.1944 0.7667 0.6119
vn 0.4813 0.7658 0.4265
vn 0.6269 0.7689 0.1259
vn 0.6246 0.7696 -0.1328
vn 0.6081 0.7685 0.1990
vn 0.4725 0.7684 -0.4317
vn 0.1927 0.7728 -0.6046
vn -0.1270 0.7715 -0.6234
vn -0.4171 0.7703 -0.4824
vn -0.6143 0.7624 -0.2037
vn -0.6240 0.7685 0.1418
vn -0.4709 0.7696 0.4312
vn -0.2030 0.7693 0.6058
vn 0.1361 0.7644 0.6302
vn 0.4304 0.7703 0.4706
vn 0.5829 0.7682 0.2649
vn 0.3752 0.7732 0.5113
vn 0.6339 0.7703 -0.0697
vn 0.5160 0.7720 -0.3711
vn 0.2627 0.7688 -0.5831
vn -0.0653 0.7704 -0.6342
vn -0.3818 0.7663 -0.5168
vn -0.5834 0.7721 -0.2521
vn -0.6360 0.7697 0.0552
vn -0.5248 0.7628 0.3777
vn -0.2544 0.7695 0.5857
vn 0.0761 0.7657 0.6387
vn -0.9955 0.0945 -0.0000
vn -0.9764 0.0945 0.1942
vn -0.9808 -0.0001 0.1951
vn -0.9249 0.3803 0.0000
vn -0.9071 0.3803 0.1804
vn -0.6630 0.7486 -0.0000
vn -0.6503 0.7486 0.1293
vn -0.2308 0.9730 -0.0000
vn -0.2263 0.9730 0.0450
vn -0.0095 1.0000 0.0000
vn -0.0095 1.0000 -0.0000
vn -0.0093 1.0000 0.0018
vn -0.2237 0.9746 -0.0000
vn -0.2239 0.9746 -0.0000
vn -0.2196 0.9746 0.0437
vn -0.2194 0.9747 0.0436
vn -0.3502 0.9367 -0.0000
vn -0.6656 0.7463 0.0000
vn -0.6528 0.7463 0.1299
vn -0.3435 0.9367 0.0683
vn -0.9226 0.3857 -0.0000
vn -0.9049 0.3857 0.1800
vn -0.9955 0.0948 -0.0000
vn -0.9764 0.0948 0.1942
vn -0.9952 -0.0979 -0.0000
vn -0.9067 -0.4219 0.0000
vn -0.8892 -0.4219 0.1769
vn -0.9761 -0.0979 0.1942
vn -0.5690 -0.8224 -0.0000
vn -0.5580 -0.8224 0.1110
vn -0.1569 -0.9876 0.0000
vn -0.1538 -0.9876 0.0306
vn -0.9197 0.0945 0.3810
vn -0.9239 -0.0001 0.3827
vn -0.8545 0.3803 0.3539
vn -0.6125 0.7486 0.2537
vn -0.2132 0.9730 0.0883
vn -0.0087 1.0000 0.0036
vn -0.2068 0.9746 0.0857
vn -0.2067 0.9747 0.0856
vn -0.6150 0.7463 0.2547
vn -0.3236 0.9367 0.1340
vn -0.8524 0.3857 0.3531
vn -0.9197 0.0948 0.3810
vn -0.8376 -0.4219 0.3470
vn -0.9194 -0.0979 0.3808
vn -0.5256 -0.8224 0.2177
vn -0.1449 -0.9876 0.0600
vn -0.8277 0.0945 0.5531
vn -0.8315 -0.0001 0.5556
vn -0.7690 0.3803 0.5138
vn -0.5513 0.7486 0.3683
vn -0.1918 0.9730 0.1282
vn -0.0078 1.0000 0.0052
vn -0.1861 0.9746 0.1244
vn -0.1860 0.9747 0.1243
vn -0.5535 0.7463 0.3698
vn -0.2912 0.9367 0.1946
vn -0.7671 0.3857 0.5126
vn -0.8277 0.0948 0.5531
vn -0.7538 -0.4219 0.5037
vn -0.8275 -0.0979 0.5529
vn -0.4731 -0.8224 0.3161
vn -0.1304 -0.9876 0.0872
vn -0.7039 0.0945 0.7039
vn -0.6540 0.3803 0.6540
vn -0.4688 0.7486 0.4688
vn -0.1632 0.9730 0.1632
vn -0.0067 1.0000 0.0067
vn -0.1583 0.9746 0.1583
vn -0.1582 0.9747 0.1582
vn -0.4707 0.7463 0.4707
vn -0.2476 0.9367 0.2476
vn -0.6524 0.3857 0.6524
vn -0.7039 0.0948 0.7039
vn -0.6411 -0.4219 0.6411
vn -0.7037 -0.0979 0.7037
vn -0.4023 -0.8224 0.4023
vn -0.1109 -0.9876 0.1109
vn -0.5531 0.0945 0.8277
vn -0.5556 -0.0001 0.8315
vn -0.5138 0.3803 0.7690
vn -0.3683 0.7486 0.5513
vn -0.1282 0.9730 0.1918
vn -0.0052 1.0000 0.0078
vn -0.1243 0.9746 0.1861
vn -0.1243 0.9747 0.1860
vn -0.3698 0.7463 0.5535
vn -0.1946 0.9367 0.2912
vn -0.5126 0.3857 0.7671
vn -0.5531 0.0948 0.8277
vn -0.5556 0.0000 0.8315
vn -0.5037 -0.4219 0.7538
vn -0.5529 -0.0979 0.8275
vn -0.3161 -0.8224 0.4731
vn -0.0872 -0.9876 0.1304
vn -0.3810 0.0945 0.9197
vn -0.3827 -0.0001 0.9239
vn -0.3539 0.3803 0.8545
vn -0.2537 0.7486 0.6125
vn -0.0883 0.9730 0.2132
vn -0.0036 1.0000 0.0087
vn -0.0856 0.9746 0.2068
vn -0.0856 0.9747 0.2067
vn -0.2547 0.7463 0.6150
vn -0.1340 0.9367 0.3235
vn -0.3531 0.3857 0.8524
vn -0.3810 0.0948 0.9197
vn -0.3827 0.0000 0.9239
vn -0.3470 -0.4219 0.8376
vn -0.3809 -0.0979 0.9194
vn -0.2177 -0.8224 0.5256
vn -0.0600 -0.9876 0.1449
vn -0.1942 0.0945 0.9764
vn -0.1951 -0.0001 0.9808
vn -0.1804 0.3803 0.9071
vn -0.1293 0.7486 0.6503
vn -0.0450 0.9730 0.2263
vn -0.0018 1.0000 0.0092
vn -0.0437 0.9746 0.2195
vn -0.0436 0.9747 0.2194
vn -0.1299 0.7463 0.6528
vn -0.0683 0.9367 0.3435
vn -0.1800 0.3857 0.9049
vn -0.1942 0.0948 0.9764
vn -0.1951 0.0000 0.9808
vn -0.1769 -0.4219 0.8892
vn -0.1941 -0.0979 0.9761
vn -0.1110 -0.8224 0.5580
vn -0.0306 -0.9876 0.1538
vn -0.0000 0.0945 0.9955
vn -0.0000 0.3803 0.9249
vn 0.0000 0.7486 0.6630
vn -0.0000 0.9730 0.2307
vn 0.0000 1.0000 0.0093
vn -0.0000 1.0000 0.0093
vn 0.0000 0.9746 0.2238
vn -0.0000 0.9747 0.2236
vn 0.0000 0.7463 0.6656
vn 0.0000 0.9367 0.3502
vn 0.0000 0.3857 0.9226
vn 0.0000 0.0948 0.9955
vn 0.0000 -0.4219 0.9066
vn -0.0000 -0.0979 0.9952
vn 0.0000 -0.8224 0.5689
vn 0.0000 -0.9876 0.1569
vn 0.1942 0.0945 0.9764
vn 0.1951 -0.0001 0.9808
vn 0.1804 0.3803 0.9071
vn 0.1293 0.7486 0.6503
vn 0.0450 0.9730 0.2263
vn 0.0018 1.0000 0.0092
vn 0.0437 0.9746 0.2194
vn 0.0436 0.9747 0.2193
vn 0.1299 0.7463 0.6528
vn 0.0683 0.9367 0.3434
vn 0.1800 0.3857 0.9049
vn 0.1942 0.0948 0.9764
vn 0.1769 -0.4219 0.8892
vn 0.1942 -0.0979 0.9761
vn 0.1110 -0.8224 0.5580
vn 0.0306 -0.9876 0.1539
vn 0.3810 0.0945 0.9197
vn 0.3827 -0.0001 0.9239
vn 0.3539 0.3803 0.8545
vn 0.2537 0.7486 0.6125
vn 0.0883 0.9730 0.2131
vn 0.0036 1.0000 0.0086
vn 0.0856 0.9747 0.2067
vn 0.0856 0.9747 0.2066
vn 0.2547 0.7463 0.6150
vn 0.1340 0.9367 0.3235
vn 0.3531 0.3857 0.8524
vn 0.3810 0.0948 0.9197
vn 0.3470 -0.4219 0.8376
vn 0.3808 -0.0979 0.9194
vn 0.2177 -0.8224 0.5256
vn 0.0600 -0.9876 0.1449
vn 0.5531 0.0945 0.8277
vn 0.5556 -0.0001 0.8315
vn 0.5138 0.3803 0.7690
vn 0.3683 0.7486 0.5513
vn 0.1281 0.9730 0.1918
vn 0.0052 1.0000 0.0077
vn 0.1243 0.9747 0.1860
vn 0.1242 0.9747 0.1859
vn 0.3698 0.7463 0.5535
vn 0.1945 0.9367 0.2911
vn 0.5126 0.3857 0.7671
vn 0.5531 0.0948 0.8277
vn 0.5037 -0.4219 0.7538
vn 0.5529 -0.0979 0.8275
vn 0.3161 -0.8224 0.4731
vn 0.0872 -0.9876 0.1304
vn 0.7039 0.0945 0.7039
vn 0.6540 0.3803 0.6540
vn 0.4688 0.7486 0.4688
vn 0.1631 0.9730 0.1631
vn 0.0066 1.0000 0.0066
vn 0.1582 0.9747 0.1582
vn 0.1581 0.9747 0.1581
vn 0.4707 0.7463 0.4707
vn 0.2476 0.9367 0.2476
vn 0.6524 0.3857 0.6524
vn 0.7039 0.0948 0.7039
vn 0.6411 -0.4219 0.6411
vn 0.7037 -0.0979 0.7037
vn 0.4023 -0.8224 0.4023
vn 0.1109 -0.9876 0.1109
vn 0.8277 0.0945 0.5531
vn 0.8315 -0.0001 0.5556
vn 0.7690 0.3803 0.5138
vn 0.5513 0.7486 0.3683
vn 0.1918 0.9730 0.1281
vn 0.0077 1.0000 0.0051
vn 0.1860 0.9747 0.1243
vn 0.1859 0.9747 0.1242
vn 0.5535 0.7463 0.3698
vn 0.2911 0.9367 0.1945
vn 0.7671 0.3857 0.5126
vn 0.8277 0.0948 0.5531
vn 0.7538 -0.4219 0.5037
vn 0.8275 -0.0979 0.5529
vn 0.4731 -0.8224 0.3161
vn 0.1304 -0.9876 0.0872
vn 0.9197 0.0945 0.3810
vn 0.9239 -0.0001 0.3827
vn 0.8545 0.3803 0.3539
vn 0.6125 0.7486 0.2537
vn 0.2131 0.9730 0.0883
vn 0.0086 1.0000 0.0035
vn 0.2066 0.9747 0.0856
vn 0.2065 0.9747 0.0855
vn 0.6150 0.7463 0.2547
vn 0.3235 0.9367 0.1340
vn 0.8524 0.3857 0.3531
vn 0.9197 0.0948 0.3810
vn 0.8376 -0.4219 0.3470
vn 0.9194 -0.0979 0.3809
vn 0.5256 -0.8224 0.2177
vn 0.1449 -0.9876 0.0600
vn 0.9764 0.0945 0.1942
vn 0.9808 -0.0001 0.1951
vn 0.9071 0.3803 0.1804
vn 0.6503 0.7486 0.1293
vn 0.2262 0.9730 0.0450
vn 0.0091 1.0000 0.0018
vn 0.2193 0.9747 0.0436
vn 0.2192 0.9747 0.0436
vn 0.6528 0.7463 0.1299
vn 0.3434 0.9367 0.0683
vn 0.9049 0.3857 0.1800
vn 0.9764 0.0948 0.1942
vn 0.8892 -0.4219 0.1769
vn 0.9761 -0.0979 0.1942
vn 0.5580 -0.8224 0.1110
vn 0.1538 -0.9876 0.0306
vn 0.9955 0.0945 0.0000
vn 1.0000 -0.0001 -0.0000
vn 0.9249 0.3803 0.0000
vn 0.6630 0.7486 -0.0000
vn 0.2306 0.9730 -0.0000
vn 0.0092 1.0000 0.0000
vn 0.0092 1.0000 -0.0000
vn 0.2236 0.9747 -0.0000
vn 0.2235 0.9747 0.0000
vn 0.6656 0.7463 0.0000
vn 0.3501 0.9367 -0.0000
vn 0.9226 0.3857 0.0000
vn 0.9955 0.0948 -0.0000
vn 0.9066 -0.4219 0.0000
vn 0.9952 -0.0979 0.0000
vn 0.5689 -0.8224 -0.0000
vn 0.1569 -0.9876 -0.0000
vn 0.9764 0.0945 -0.1942
vn 0.9808 -0.0001 -0.1951
vn 0.9071 0.3803 -0.1804
vn 0.6503 0.7486 -0.1293
vn 0.2262 0.9730 -0.0450
vn 0.0091 1.0000 -0.0018
vn 0.2193 0.9747 -0.0436
vn 0.2192 0.9747 -0.0436
vn 0.6528 0.7463 -0.1299
vn 0.3434 0.9367 -0.0683
vn 0.9049 0.3857 -0.1800
vn 0.9764 0.0948 -0.1942
vn 0.8892 -0.4219 -0.1769
vn 0.9761 -0.0979 -0.1942
vn 0.5580 -0.8224 -0.1110
vn 0.1539 -0.9876 -0.0306
vn 0.9197 0.0945 -0.3810
vn 0.9239 -0.0001 -0.3827
vn 0.8545 0.3803 -0.3539
vn 0.6125 0.7486 -0.2537
vn 0.2131 0.9730 -0.0883
vn 0.0086 1.0000 -0.0035
vn 0.2066 0.9747 -0.0856
vn 0.2065 0.9747 -0.0855
vn 0.6150 0.7463 -0.2547
vn 0.3235 0.9367 -0.1340
vn 0.8524 0.3857 -0.3531
vn 0.9197 0.0948 -0.3810
vn 0.9239 0.0000 -0.3827
vn 0.8376 -0.4219 -0.3470
vn 0.9194 -0.0979 -0.3808
vn 0.5256 -0.8224 -0.2177
vn 0.1449 -0.9876 -0.0600
vn 0.8277 0.0945 -0.5531
vn 0.8315 -0.0001 -0.5556
vn 0.7690 0.3803 -0.5138
vn 0.5513 0.7486 -0.3683
vn 0.1918 0.9730 -0.1281
vn 0.0077 1.0000 -0.0051
vn 0.1860 0.9747 -0.1243
vn 0.1859 0.9747 -0.1242
vn 0.5534 0.7463 -0.3698
vn 0.2911 0.9367 -0.1945
vn 0.7672 0.3857 -0.5126
vn 0.8277 0.0948 -0.5531
vn 0.7538 -0.4219 -0.5037
vn 0.8275 -0.0979 -0.5529
vn 0.4731 -0.8224 -0.3161
vn 0.1304 -0.9876 -0.0872
vn 0.7039 0.0945 -0.7039
vn 0.6540 0.3803 -0.6540
vn 0.4688 0.7486 -0.4688
vn 0.1631 0.9730 -0.1631
vn 0.0066 1.0000 -0.0066
vn 0.1582 0.9747 -0.1582
vn 0.1581 0.9747 -0.1581
vn 0.4707 0.7463 -0.4707
vn 0.2476 0.9367 -0.2476
vn 0.6524 0.3857 -0.6524
vn 0.7039 0.0948 -0.7039
vn 0.6411 -0.4219 -0.6411
vn 0.7037 -0.0978 -0.7037
vn 0.4023 -0.8224 -0.4023
vn 0.1109 -0.9876 -0.1109
vn 0.5531 0.0945 -0.8277
vn 0.5556 -0.0001 -0.8315
vn 0.5138 0.3803 -0.7690
vn 0.3683 0.7486 -0.5513
vn 0.1281 0.9730 -0.1918
vn 0.0052 1.0000 -0.0077
vn 0.1243 0.9747 -0.1860
vn 0.1242 0.9747 -0.1859
vn 0.3698 0.7463 -0.5534
vn 0.1945 0.9367 -0.2911
vn 0.5126 0.3857 -0.7671
vn 0.5531 0.0948 -0.8277
vn 0.5037 -0.4219 -0.7539
vn 0.5529 -0.0978 -0.8275
vn 0.3161 -0.8224 -0.4731
vn 0.0872 -0.9876 -0.1304
vn 0.3810 0.0945 -0.9197
vn 0.3827 -0.0001 -0.9239
vn 0.3539 0.3803 -0.8545
vn 0.2537 0.7486 -0.6125
vn 0.0883 0.9730 -0.2131
vn 0.0036 1.0000 -0.0086
vn 0.0856 0.9747 -0.2067
vn 0.0856 0.9747 -0.2066
vn 0.2547 0.7463 -0.6150
vn 0.1340 0.9367 -0.3235
vn 0.3531 0.3857 -0.8524
vn 0.3810 0.0948 -0.9197
vn 0.3470 -0.4219 -0.8376
vn 0.3808 -0.0979 -0.9194
vn 0.2177 -0.8224 -0.5256
vn 0.0600 -0.9876 -0.1449
vn 0.1942 0.0945 -0.9764
vn 0.1951 -0.0001 -0.9808
vn 0.1804 0.3803 -0.9071
vn 0.1293 0.7486 -0.6503
vn 0.0450 0.9730 -0.2263
vn 0.0018 1.0000 -0.0091
vn 0.0018 1.0000 -0.0092
vn 0.0437 0.9747 -0.2194
vn 0.0436 0.9747 -0.2193
vn 0.1299 0.7463 -0.6528
vn 0.0683 0.9367 -0.3434
vn 0.1800 0.3857 -0.9049
vn 0.1942 0.0948 -0.9764
vn 0.1951 0.0000 -0.9808
vn 0.1769 -0.4219 -0.8892
vn 0.1942 -0.0979 -0.9761
vn 0.1110 -0.8224 -0.5580
vn 0.0306 -0.9876 -0.1539
vn -0.0000 0.0945 -0.9955
vn -0.0000 0.3803 -0.9249
vn 0.0000 0.7486 -0.6630
vn -0.0000 0.9730 -0.2307
vn 0.0000 1.0000 -0.0093
vn -0.0000 1.0000 -0.0093
vn 0.0000 0.9746 -0.2237
vn -0.0000 0.9747 -0.2236
vn 0.0000 0.7463 -0.6656
vn -0.0000 0.9367 -0.3502
vn -0.0000 0.3857 -0.9226
vn 0.0000 0.0948 -0.9955
vn -0.0000 -0.4219 -0.9066
vn 0.0000 -0.0979 -0.9952
vn -0.0000 -0.8224 -0.5689
vn -0.0000 -0.9876 -0.1569
vn -0.1942 0.0945 -0.9764
vn -0.1951 -0.0001 -0.9808
vn -0.1804 0.3803 -0.9071
vn -0.1293 0.7486 -0.6503
vn -0.0450 0.9730 -0.2263
vn -0.0018 1.0000 -0.0092
vn -0.0437 0.9746 -0.2195
vn -0.0436 0.9747 -0.2193
vn -0.1299 0.7463 -0.6528
vn -0.0683 0.9367 -0.3435
vn -0.1800 0.3857 -0.9049
vn -0.1942 0.0948 -0.9764
vn -0.1769 -0.4219 -0.8892
vn -0.1942 -0.0979 -0.9761
vn -0.1110 -0.8224 -0.5580
vn -0.0306 -0.9876 -0.1539
vn -0.3810 0.0945 -0.9197
vn -0.3827 -0.0001 -0.9239
vn -0.3539 0.3803 -0.8545
vn -0.2537 0.7486 -0.6125
vn -0.0883 0.9730 -0.2132
vn -0.0036 1.0000 -0.0087
vn -0.0856 0.9746 -0.2068
vn -0.0856 0.9747 -0.2066
vn -0.2547 0.7463 -0.6150
vn -0.1340 0.9367 -0.3235
vn -0.3531 0.3857 -0.8524
vn -0.3810 0.0948 -0.9197
vn -0.3470 -0.4219 -0.8376
vn -0.3808 -0.0979 -0.9194
vn -0.2177 -0.8224 -0.5256
vn -0.0600 -0.9876 -0.1449
vn -0.5531 0.0945 -0.8277
vn -0.5556 -0.0001 -0.8315
vn -0.5138 0.3803 -0.7690
vn -0.3683 0.7486 -0.5513
vn -0.1282 0.9730 -0.1918
vn -0.0052 1.0000 -0.0078
vn -0.1243 0.9746 -0.1861
vn -0.1243 0.9747 -0.1860
vn -0.3698 0.7463 -0.5535
vn -0.1946 0.9367 -0.2912
vn -0.5126 0.3857 -0.7671
vn -0.5531 0.0948 -0.8277
vn -0.5037 -0.4219 -0.7538
vn -0.5529 -0.0979 -0.8275
vn -0.3161 -0.8224 -0.4731
vn -0.0872 -0.9876 -0.1304
vn -0.7039 0.0945 -0.7039
vn -0.6540 0.3803 -0.6540
vn -0.4688 0.7486 -0.4688
vn -0.1632 0.9730 -0.1632
vn -0.0067 1.0000 -0.0067
vn -0.1583 0.9746 -0.1583
vn -0.1582 0.9747 -0.1582
vn -0.4707 0.7463 -0.4707
vn -0.2476 0.9367 -0.2476
vn -0.6524 0.3857 -0.6524
vn -0.7039 0.0948 -0.7039
vn -0.6411 -0.4219 -0.6411
vn -0.7037 -0.0979 -0.7037
vn -0.4023 -0.8224 -0.4023
vn -0.1109 -0.9876 -0.1109
vn -0.8277 0.0945 -0.5531
vn -0.8315 -0.0001 -0.5556
vn -0.7690 0.3803 -0.5138
vn -0.5513 0.7486 -0.3683
vn -0.1918 0.9730 -0.1282
vn -0.0078 1.0000 -0.0052
vn -0.1861 0.9746 -0.1244
vn -0.1860 0.9747 -0.1243
vn -0.5535 0.7463 -0.3698
vn -0.2912 0.9367 -0.1946
vn -0.7671 0.3857 -0.5126
vn -0.8277 0.0948 -0.5531
vn -0.7538 -0.4219 -0.5037
vn -0.8275 -0.0979 -0.5529
vn -0.4731 -0.8224 -0.3161
vn -0.1304 -0.9876 -0.0872
vn -0.9197 0.0945 -0.3810
vn -0.9239 -0.0001 -0.3827
vn -0.8545 0.3803 -0.3539
vn -0.6125 0.7486 -0.2537
vn -0.2132 0.9730 -0.0883
vn -0.0087 1.0000 -0.0036
vn -0.2068 0.9746 -0.0857
vn -0.2067 0.9747 -0.0856
vn -0.6150 0.7463 -0.2547
vn -0.3236 0.9367 -0.1340
vn -0.8524 0.3857 -0.3531
vn -0.9197 0.0948 -0.3810
vn -0.8376 -0.4219 -0.3470
vn -0.9194 -0.0979 -0.3809
vn -0.5257 -0.8224 -0.2177
vn -0.1449 -0.9876 -0.0600
vn -0.9764 0.0945 -0.1942
vn -0.9808 -0.0001 -0.1951
vn -0.9071 0.3803 -0.1804
vn -0.6503 0.7486 -0.1293
vn -0.2263 0.9730 -0.0450
vn -0.0093 1.0000 -0.0018
vn -0.2196 0.9746 -0.0437
vn -0.2194 0.9746 -0.0436
vn -0.6528 0.7463 -0.1299
vn -0.3435 0.9367 -0.0683
vn -0.9049 0.3857 -0.1800
vn -0.9764 0.0948 -0.1942
vn -0.8892 -0.4219 -0.1769
vn -0.9761 -0.0979 -0.1941
vn -0.5580 -0.8224 -0.1110
vn -0.1539 -0.9876 -0.0306
vn -0.0002 -1.0000 -0.0000
vn -0.0002 -1.0000 0.0000
vn -0.0002 -1.0000 -0.0001
vn -0.0001 -1.0000 -0.0001
vn -0.0001 -1.0000 -0.0002
vn -0.0000 -1.0000 -0.0002
vn 0.0000 -1.0000 -0.0002
vn 0.0001 -1.0000 -0.0002
vn 0.0001 -1.0000 -0.0001
vn 0.0002 -1.0000 -0.0001
vn 0.0002 -1.0000 -0.0000
vn 0.0002 -1.0000 0.0000
vn 0.0002 -1.0000 0.0001
vn 0.0001 -1.0000 0.0001
vn 0.0001 -1.0000 0.0002
vn 0.0000 -1.0000 0.0002
vn -0.0000 -1.0000 0.0002
vn -0.0001 -1.0000 0.0002
vn -0.0001 -1.0000 0.0001
vn -0.0002 -1.0000 0.0001
vn -0.0309 0.9995 -0.0000
vn -0.1178 0.9930 -0.0000
vn -0.1156 0.9930 0.0230
vn -0.0303 0.9995 0.0061
vn -0.1988 0.9792 0.0395
vn -0.2027 0.9793 -0.0000
vn -0.1092 0.9930 0.0453
vn -0.0286 0.9995 0.0119
vn -0.1875 0.9792 0.0776
vn -0.0986 0.9929 0.0660
vn -0.0259 0.9995 0.0174
vn -0.1690 0.9792 0.1128
vn -0.0842 0.9929 0.0844
vn -0.0221 0.9995 0.0223
vn -0.1440 0.9791 0.1438
vn -0.0666 0.9928 0.0998
vn -0.0175 0.9995 0.0264
vn -0.1134 0.9790 0.1695
vn -0.0461 0.9927 0.1117
vn -0.0121 0.9995 0.0296
vn -0.0784 0.9789 0.1888
vn -0.0236 0.9926 0.1195
vn -0.0062 0.9995 0.0317
vn -0.0402 0.9788 0.2010
vn 0.0001 0.9924 0.1228
vn 0.0001 0.9995 0.0327
vn -0.0002 0.9786 0.2055
vn 0.0243 0.9923 0.1215
vn 0.0066 0.9995 0.0324
vn 0.0400 0.9785 0.2022
vn 0.0479 0.9922 0.1153
vn 0.0129 0.9994 0.0309
vn 0.0789 0.9784 0.1910
vn 0.0700 0.9921 0.1046
vn 0.0189 0.9994 0.0281
vn 0.1150 0.9783 0.1724
vn 0.0896 0.9919 0.0895
vn 0.0242 0.9994 0.0241
vn 0.1468 0.9782 0.1470
vn 0.1060 0.9919 0.0707
vn 0.0287 0.9994 0.0191
vn 0.1730 0.9781 0.1157
vn 0.1182 0.9918 0.0489
vn 0.0320 0.9994 0.0132
vn 0.1925 0.9780 0.0798
vn 0.1258 0.9917 0.0250
vn 0.0341 0.9994 0.0067
vn 0.2046 0.9780 0.0407
vn 0.1283 0.9917 -0.0000
vn 0.0348 0.9994 -0.0000
vn 0.2087 0.9780 -0.0000
vn 0.1258 0.9917 -0.0250
vn 0.0341 0.9994 -0.0068
vn 0.2046 0.9780 -0.0407
vn 0.1182 0.9918 -0.0489
vn 0.0320 0.9994 -0.0132
vn 0.1925 0.9780 -0.0798
vn 0.1060 0.9919 -0.0707
vn 0.0287 0.9994 -0.0191
vn 0.1730 0.9781 -0.1157
vn 0.0896 0.9919 -0.0895
vn 0.0242 0.9994 -0.0241
vn 0.1468 0.9782 -0.1470
vn 0.0700 0.9921 -0.1045
vn 0.0189 0.9994 -0.0281
vn 0.1150 0.9783 -0.1724
vn 0.0479 0.9922 -0.1153
vn 0.0129 0.9994 -0.0309
vn 0.0789 0.9784 -0.1910
vn 0.0243 0.9923 -0.1215
vn 0.0066 0.9995 -0.0324
vn 0.0400 0.9785 -0.2022
vn 0.0001 0.9924 -0.1228
vn 0.0001 0.9995 -0.0327
vn -0.0002 0.9786 -0.2055
vn -0.0236 0.9926 -0.1195
vn -0.0062 0.9995 -0.0317
vn -0.0402 0.9788 -0.2010
vn -0.0461 0.9927 -0.1117
vn -0.0121 0.9995 -0.0296
vn -0.0784 0.9789 -0.1888
vn -0.0666 0.9928 -0.0998
vn -0.0175 0.9995 -0.0264
vn -0.1134 0.9790 -0.1695
vn -0.0842 0.9929 -0.0844
vn -0.0221 0.9995 -0.0223
vn -0.1440 0.9791 -0.1438
vn -0.0986 0.9929 -0.0660
vn -0.0259 0.9995 -0.0174
vn -0.1690 0.9792 -0.1128
vn -0.1092 0.9930 -0.0453
vn -0.0286 0.9995 -0.0119
vn -0.1875 0.9792 -0.0776
vn -0.1156 0.9930 -0.0230
vn -0.0303 0.9995 -0.0061
vn -0.1988 0.9792 -0.0395
vn -0.9249 0.3803 -0.0000
vn -0.0094 1.0000 -0.0000
vn -0.0093 1.0000 0.0019
vn -0.2194 0.9746 0.0436
vn -0.6656 0.7463 -0.0000
vn -0.9226 0.3856 -0.0000
vn -0.9066 -0.4219 -0.0000
vn -0.9761 -0.0978 0.1942
vn -0.5689 -0.8224 -0.0000
vn -0.1569 -0.9876 -0.0000
vn -0.1539 -0.9876 0.0306
vn -0.8376 -0.4220 0.3470
vn -0.9194 -0.0980 0.3808
vn -0.5257 -0.8224 0.2177
vn -0.1919 0.9730 0.1282
vn -0.0079 1.0000 0.0053
vn -0.0079 1.0000 0.0052
vn -0.5534 0.7463 0.3698
vn -0.4730 -0.8224 0.3161
vn -0.0871 -0.9876 0.1304
vn -0.0856 0.9747 0.2066
vn -0.3808 -0.0979 0.9194
vn -0.1942 -0.0979 0.9761
vn -0.0306 -0.9876 0.1539
vn 0.0000 0.0945 0.9955
vn 0.0000 0.3803 0.9249
vn 0.0000 0.9730 0.2307
vn 0.0000 1.0000 0.0094
vn -0.0000 1.0000 0.0094
vn -0.0000 0.9367 0.3502
vn -0.0000 0.3857 0.9226
vn 0.0000 -0.0979 0.9952
vn -0.0000 -0.8224 0.5689
vn -0.0000 -0.9876 0.1569
vn 0.0450 0.9730 0.2262
vn 0.1941 -0.0979 0.9761
vn 0.0306 -0.9876 0.1538
vn 0.1282 0.9730 0.1918
vn 0.1945 0.9367 0.2912
vn 0.3161 -0.8224 0.4730
vn 0.1918 0.9730 0.1282
vn 0.0077 1.0000 0.0052
vn 0.1304 -0.9876 0.0871
vn 0.0086 1.0000 0.0036
vn 0.1539 -0.9876 0.0306
vn 0.9955 0.0945 -0.0000
vn 0.9249 0.3803 -0.0000
vn 0.0093 1.0000 -0.0000
vn 0.2235 0.9747 -0.0000
vn 0.6656 0.7463 -0.0000
vn 0.9226 0.3857 -0.0000
vn 0.9955 0.0948 0.0000
vn 0.9066 -0.4219 -0.0000
vn 0.9808 0.0000 -0.1951
vn 0.1538 -0.9876 -0.0306
vn 0.0086 1.0000 -0.0036
vn 0.0077 1.0000 -0.0052
vn 0.5535 0.7463 -0.3698
vn 0.7671 0.3857 -0.5126
vn 0.1304 -0.9876 -0.0871
vn 0.7037 -0.0979 -0.7037
vn 0.1282 0.9730 -0.1918
vn 0.3698 0.7463 -0.5535
vn 0.5037 -0.4219 -0.7538
vn 0.5529 -0.0979 -0.8275
vn 0.3809 -0.0979 -0.9194
vn 0.0436 0.9747 -0.2194
vn 0.1941 -0.0979 -0.9761
vn 0.0000 0.9730 -0.2307
vn 0.0000 1.0000 -0.0094
vn -0.0000 1.0000 -0.0094
vn 0.0000 0.9367 -0.3502
vn 0.0000 -0.4219 -0.9066
vn 0.0000 -0.9876 -0.1569
vn -0.0436 0.9747 -0.2194
vn -0.0871 -0.9876 -0.1304
vn -0.2477 0.9367 -0.2477
vn -0.7037 -0.0978 -0.7037
vn -0.1919 0.9730 -0.1282
vn -0.0079 1.0000 -0.0053
vn -0.0079 1.0000 -0.0052
vn -0.5534 0.7463 -0.3698
vn -0.4730 -0.8224 -0.3161
vn -0.1304 -0.9876 -0.0871
vn -0.8376 -0.4220 -0.3469
vn -0.9194 -0.0980 -0.3808
vn -0.0093 1.0000 -0.0019
vn -0.9761 -0.0978 -0.1942
vn -0.0000 -1.0000 -0.0000
vn 0.0000 -1.0000 0.0000
vn -0.1178 0.9930 0.0000
vn -0.1091 0.9930 0.0453
vn -0.1690 0.9791 0.1128
vn -0.0222 0.9995 0.0223
vn -0.0062 0.9995 0.0318
vn 0.0243 0.9923 0.1214
vn 0.0700 0.9921 0.1045
vn 0.1059 0.9919 0.0707
vn 0.0341 0.9994 0.0068
vn 0.1283 0.9917 0.0000
vn 0.0341 0.9994 -0.0067
vn 0.1059 0.9919 -0.0707
vn 0.0243 0.9923 -0.1214
vn -0.1091 0.9930 -0.0453
vn -0.0001 0.0087 -1.0000
vn -0.0000 0.0088 -1.0000
vn -0.0005 0.0093 -1.0000
vn -0.0004 0.0087 -1.0000
vn -0.6530 0.0094 -0.7573
vn -0.6497 0.0087 -0.7602
vn -0.3522 0.0087 -0.9359
vn -0.3553 0.0099 -0.9347
vn -0.3023 0.0078 -0.9532
vn -0.3083 0.0087 -0.9513
vn -0.4830 0.0087 -0.8756
vn -0.4814 0.0087 -0.8764
vn 0.0558 -0.0055 -0.9984
vn 0.0598 0.0089 -0.9982
vn -0.1249 0.0091 -0.9921
vn -0.1222 -0.0021 -0.9925
vn -0.7991 0.0085 -0.6012
vn -0.7998 0.0085 -0.6002
vn -0.7672 0.0473 -0.6396
vn -0.7695 0.0095 -0.6386
vn 0.2465 0.0087 -0.9691
vn 0.2479 0.0087 -0.9688
vn 0.9304 0.0088 -0.3664
vn 0.9297 0.0087 -0.3682
vn 0.8440 0.0087 -0.5363
vn 0.8441 0.0088 -0.5361
vn 0.7278 0.0088 -0.6857
vn 0.7273 0.0087 -0.6863
vn 0.5864 0.0086 -0.8100
vn 0.5875 0.0088 -0.8092
vn 1.0000 0.0087 -0.0002
vn 1.0000 0.0087 0.0027
vn 0.9817 0.0088 -0.1902
vn 0.9817 0.0096 -0.1904
vn -0.0931 0.0087 -0.9956
vn -0.0943 0.0087 -0.9955
vn -0.0004 0.1919 -0.9814
vn -0.0002 0.2013 -0.9795
vn -0.0004 0.6996 -0.7146
vn 0.0000 0.6822 -0.7311
vn -0.3485 0.2102 -0.9134
vn -0.0958 0.1911 -0.9769
vn -0.0657 0.6902 -0.7206
vn -0.2456 0.7165 -0.6529
vn -0.6172 0.2518 -0.7454
vn -0.7329 0.2845 -0.6180
vn -0.4836 0.7676 -0.4206
vn -0.4530 0.6952 -0.5581
vn -0.2973 0.2236 -0.9282
vn -0.4725 0.2186 -0.8538
vn -0.3592 0.6531 -0.6666
vn -0.2127 0.7120 -0.6692
vn 0.0566 0.1980 -0.9786
vn -0.1242 0.1425 -0.9820
vn -0.0979 0.6022 -0.7923
vn 0.0457 0.7007 -0.7119
vn 0.4161 0.2233 -0.8815
vn 0.2439 0.2030 -0.9483
vn 0.1908 0.6392 -0.7450
vn 0.2971 0.7062 -0.6427
vn 0.9104 0.2037 -0.3600
vn 0.8264 0.2002 -0.5263
vn 0.6514 0.6296 -0.4234
vn 0.6776 0.6808 -0.2783
vn 0.7054 0.2398 -0.6670
vn 0.5712 0.2205 -0.7906
vn 0.4236 0.6841 -0.5938
vn 0.5044 0.7152 -0.4838
vn 0.9817 0.1903 -0.0002
vn 0.9706 0.1485 -0.1894
vn 0.7934 0.5874 -0.1595
vn 0.7283 0.6853 -0.0001
vn -0.6343 0.2075 -0.7447
vn -0.4540 0.7167 -0.5294
vn -0.7806 0.1871 -0.5964
vn -0.5723 0.6889 -0.4449
vn -0.0000 -0.1813 -0.9834
vn -0.0001 -0.1877 -0.9822
vn 0.0000 -0.7144 -0.6997
vn 0.0044 -0.6999 -0.7142
vn -0.6381 -0.1788 -0.7489
vn -0.7859 -0.1750 -0.5930
vn -0.5723 -0.6947 -0.4357
vn -0.4471 -0.7295 -0.5177
vn -0.3030 -0.1838 -0.9351
vn -0.1232 -0.1476 -0.9813
vn -0.1010 -0.5953 -0.7971
vn -0.2227 -0.6875 -0.6912
vn -0.6275 -0.1728 -0.7592
vn -0.4778 -0.1429 -0.8668
vn -0.3848 -0.6023 -0.6994
vn -0.4772 -0.6702 -0.5684
vn -0.7491 -0.2321 -0.6204
vn -0.4900 -0.7701 -0.4085
vn 0.9146 -0.1788 -0.3627
vn 0.9728 -0.1346 -0.1886
vn 0.7906 -0.5932 -0.1519
vn 0.6809 -0.6798 -0.2725
vn 0.4173 -0.2087 -0.8845
vn 0.5754 -0.1911 -0.7953
vn 0.4433 -0.6576 -0.6092
vn 0.3029 -0.6971 -0.6499
vn 0.7104 -0.2141 -0.6704
vn 0.8334 -0.1556 -0.5304
vn 0.6717 -0.6012 -0.4329
vn 0.5317 -0.6806 -0.5041
vn 0.0594 -0.1811 -0.9817
vn 0.2434 -0.1977 -0.9496
vn 0.1966 -0.6269 -0.7539
vn 0.0503 -0.6751 -0.7360
vn -0.3517 -0.1898 -0.9167
vn -0.2503 -0.6990 -0.6698
vn -0.0934 -0.1882 -0.9777
vn -0.0586 -0.7268 -0.6843
vn -0.1903 0.0103 -0.9817
vn -0.1862 0.0101 -0.9825
vn -0.6877 0.0113 -0.7259
vn -0.6868 0.0131 -0.7267
vn -0.1829 0.1945 -0.9637
vn -0.6768 0.1623 -0.7181
vn -0.5519 0.5796 -0.5995
vn -0.1496 0.6907 -0.7075
vn -0.1827 -0.1618 -0.9698
vn -0.1792 -0.6777 -0.7131
vn -0.5726 -0.5038 -0.6468
vn -0.6940 -0.1453 -0.7052
vn 0.0000 1.0000 -0.0043
vn 0.0010 1.0000 -0.0032
vn 0.0018 1.0000 -0.0000
vn 0.0000 -1.0000 -0.0005
vn -0.0019 -1.0000 -0.0051
vn 0.0006 -1.0000 0.0004
vn 0.0005 -1.0000 0.0002
vn 0.0003 -1.0000 0.0001
vn -0.9995 0.0101 -0.0292
vn -0.9995 0.0061 -0.0296
vn -0.9993 0.0211 -0.0295
vn -0.9996 0.0095 -0.0276
vn -0.1962 0.9805 -0.0067
vn -0.7052 0.7083 -0.0301
vn -0.6792 0.7337 -0.0208
vn -0.1671 0.9859 0.0001
vn -0.9830 -0.1809 -0.0301
vn -0.7174 -0.6963 -0.0229
vn -0.7039 -0.7099 -0.0209
vn -0.9825 -0.1840 -0.0300
vn 0.0019 1.0000 -0.0041
vn 0.0003 1.0000 -0.0040
vn 0.0007 1.0000 0.0000
vn 0.0033 1.0000 0.0000
vn 0.0048 1.0000 -0.0032
vn 0.0056 1.0000 -0.0001
vn -0.0004 0.9998 -0.0182
vn 0.0043 0.9999 -0.0122
vn -0.0007 0.9998 -0.0192
vn 0.0002 0.9998 -0.0184
vn 0.0008 0.9998 -0.0206
vn -0.0103 0.9992 -0.0398
vn -0.0007 0.9998 -0.0198
vn -0.0009 0.9998 -0.0197
vn -0.0002 0.9997 -0.0225
vn -0.0024 0.9991 -0.0435
vn -0.0010 0.9998 -0.0204
vn -0.0006 0.9998 -0.0207
vn -0.0011 0.9998 -0.0200
vn 0.0058 0.9989 -0.0459
vn -0.0006 0.9998 -0.0191
vn -0.0007 0.9999 -0.0169
vn -0.0089 0.9999 -0.0047
vn 0.0232 0.9994 -0.0267
vn 0.0012 1.0000 -0.0017
vn -0.0017 1.0000 0.0006
vn -0.0001 0.9999 -0.0169
vn 0.0043 0.9997 -0.0258
vn 0.0007 0.9999 -0.0157
vn 0.0029 1.0000 -0.0091
vn -0.0175 0.9998 -0.0000
vn 0.0158 0.9998 -0.0077
vn -0.0054 1.0000 0.0009
vn -0.0060 1.0000 -0.0000
vn 0.0007 0.9999 -0.0112
vn 0.0023 1.0000 0.0007
vn -0.0003 1.0000 -0.0099
vn 0.0032 1.0000 0.0006
vn -0.0000 1.0000 -0.0000
vn -0.0000 1.0000 0.0000
vn -0.0000 1.0000 -0.0009
vn -0.0000 1.0000 -0.0010
vn -0.0000 1.0000 -0.0087
vn -0.0000 1.0000 -0.0090
vn -0.0001 1.0000 -0.0082
vn -0.0006 0.9998 -0.0181
vn -0.0005 0.9998 -0.0186
vn -0.0011 0.9998 -0.0195
vn 0.0004 0.9998 -0.0175
vn 0.0002 0.9999 -0.0156
vn -0.0003 0.0082 1.0000
vn -0.0002 0.0087 1.0000
vn -0.0006 0.0088 1.0000
vn -0.0008 0.0090 1.0000
vn -0.3553 0.0097 0.9347
vn -0.3523 0.0087 0.9358
vn -0.6501 0.0087 0.7598
vn -0.6528 0.0096 0.7575
vn -0.6360 0.0473 0.7703
vn -0.6368 0.0089 0.7710
vn -0.4825 0.0086 0.8759
vn -0.4817 0.0087 0.8763
vn -0.3024 0.0074 0.9532
vn -0.3104 0.0089 0.9505
vn -0.1262 0.0091 0.9920
vn -0.1221 -0.0044 0.9925
vn -0.7673 0.0471 0.6395
vn -0.7696 0.0051 0.6385
vn 0.4250 0.0087 0.9052
vn 0.4279 0.0089 0.9038
vn 0.2467 0.0087 0.9690
vn 0.2484 0.0085 0.9686
vn 0.7279 0.0110 0.6856
vn 0.7290 0.0084 0.6844
vn 0.8427 0.0085 0.5383
vn 0.8443 0.0087 0.5359
vn 0.5883 0.0087 0.8086
vn 0.5874 0.0090 0.8093
vn 0.9305 0.0090 0.3662
vn 0.9304 0.0087 0.3665
vn 0.9819 0.0082 0.1892
vn 0.9817 0.0094 0.1901
vn -0.7999 0.0086 0.6001
vn -0.7998 0.0086 0.6002
vn -0.0947 0.0087 0.9955
vn -0.0930 0.0087 0.9956
vn -0.0001 0.9748 0.2229
vn -0.0006 0.9783 0.2074
vn -0.0005 0.7027 0.7115
vn 0.0000 0.6836 0.7299
vn -0.3484 0.2114 0.9132
vn -0.2446 0.7189 0.6506
vn -0.0655 0.6923 0.7186
vn -0.0962 0.1914 0.9768
vn -0.6170 0.2531 0.7452
vn -0.4529 0.6955 0.5578
vn -0.4831 0.7682 0.4201
vn -0.7325 0.2856 0.6179
vn -0.2975 0.2267 0.9274
vn -0.2115 0.7157 0.6656
vn -0.3582 0.6555 0.6649
vn -0.4730 0.2198 0.8532
vn 0.0571 0.2003 0.9781
vn 0.0455 0.7033 0.7095
vn -0.0975 0.6066 0.7890
vn -0.1239 0.1435 0.9819
vn 0.4159 0.2238 0.8814
vn 0.2962 0.7083 0.6408
vn 0.1905 0.6404 0.7440
vn 0.2440 0.2027 0.9483
vn 0.9104 0.2045 0.3598
vn 0.6767 0.6819 0.2778
vn 0.6503 0.6313 0.4225
vn 0.8262 0.2012 0.5262
vn 0.7051 0.2418 0.6666
vn 0.5038 0.7162 0.4830
vn 0.4225 0.6862 0.5922
vn 0.5712 0.2216 0.7903
vn 0.7930 0.5881 0.1592
vn 0.9706 0.1489 0.1891
vn -0.6338 0.2085 0.7449
vn -0.4526 0.7185 0.5282
vn -0.7805 0.1878 0.5963
vn -0.5712 0.6902 0.4443
vn 0.0002 -0.9800 0.1988
vn 0.0001 -0.9838 0.1795
vn 0.0000 -0.7163 0.6977
vn -0.0008 -0.6928 0.7211
vn -0.6367 -0.1939 0.7463
vn -0.4426 -0.7309 0.5195
vn -0.5722 -0.6990 0.4290
vn -0.7860 -0.1781 0.5921
vn -0.3052 -0.1829 0.9345
vn -0.2241 -0.6898 0.6884
vn -0.1005 -0.6059 0.7891
vn -0.1243 -0.1593 0.9794
vn -0.6242 -0.1901 0.7578
vn -0.4698 -0.6770 0.5665
vn -0.3868 -0.6023 0.6983
vn -0.4767 -0.1522 0.8658
vn -0.4846 -0.7742 0.4072
vn -0.7491 -0.2326 0.6203
vn 0.9074 -0.2202 0.3580
vn 0.6735 -0.6896 0.2662
vn 0.7903 -0.5921 0.1577
vn 0.9679 -0.1679 0.1868
vn 0.4168 -0.1906 0.8888
vn 0.3028 -0.6996 0.6472
vn 0.4464 -0.6614 0.6028
vn 0.5792 -0.1748 0.7962
vn 0.7121 -0.2152 0.6683
vn 0.5430 -0.6742 0.5007
vn 0.6708 -0.6060 0.4276
vn 0.8284 -0.1823 0.5297
vn 0.0620 -0.1872 0.9804
vn 0.0445 -0.6824 0.7296
vn 0.1960 -0.6132 0.7653
vn 0.2455 -0.1599 0.9561
vn -0.3529 -0.1730 0.9195
vn -0.2449 -0.7032 0.6674
vn -0.0933 -0.1889 0.9775
vn -0.0625 -0.7288 0.6818
vn -0.9731 0.0109 0.2301
vn -0.9748 0.0096 0.2228
vn -0.6849 0.0120 0.7286
vn -0.6883 0.0123 0.7253
vn -0.1844 0.1962 0.9631
vn -0.1504 0.6912 0.7069
vn -0.5522 0.5839 0.5951
vn -0.6766 0.1639 0.7178
vn -0.1699 -0.1609 0.9722
vn -0.6784 -0.1352 0.7221
vn -0.5737 -0.5557 0.6017
vn -0.1558 -0.6770 0.7193
vn 0.0010 1.0000 -0.0000
vn 0.0017 1.0000 -0.0000
vn -0.0017 -1.0000 0.0046
vn 0.0004 -1.0000 -0.0001
vn 0.0005 -1.0000 -0.0004
vn -0.9999 0.0122 -0.0001
vn -1.0000 0.0087 -0.0000
vn -0.9995 0.0086 0.0295
vn -0.9996 0.0092 0.0274
vn -0.1961 0.9806 0.0062
vn -0.1670 0.9860 -0.0001
vn -0.6786 0.7342 0.0207
vn -0.7041 0.7094 0.0295
vn -0.9831 -0.1807 0.0302
vn -0.9831 -0.1809 0.0294
vn -0.7182 -0.6955 0.0212
vn -0.7178 -0.6957 0.0278
vn 0.0021 1.0000 0.0034
vn 0.0007 1.0000 -0.0000
vn 0.0004 1.0000 0.0035
vn 0.0051 1.0000 0.0027
vn 0.0056 1.0000 0.0001
vn -0.0033 0.9997 0.0225
vn 0.0016 0.9999 0.0159
vn 0.0005 0.9999 0.0149
vn -0.0005 0.9999 0.0151
vn 0.0006 0.9998 0.0219
vn 0.0009 0.9998 0.0199
vn 0.0009 0.9998 0.0188
vn -0.0114 0.9990 0.0426
vn 0.0000 0.9998 0.0215
vn 0.0009 0.9998 0.0201
vn 0.0010 0.9998 0.0204
vn -0.0023 0.9991 0.0433
vn -0.0029 0.9999 0.0155
vn 0.0000 0.9998 0.0191
vn 0.0006 0.9998 0.0196
vn 0.0053 0.9991 0.0425
vn -0.0095 0.9999 0.0049
vn -0.0017 1.0000 -0.0006
vn 0.0016 1.0000 0.0019
vn 0.0191 0.9995 0.0249
vn -0.0046 0.9999 0.0126
vn 0.0028 0.9999 0.0104
vn -0.0002 0.9998 0.0181
vn 0.0008 0.9998 0.0205
vn -0.0054 1.0000 -0.0009
vn 0.0156 0.9998 0.0076
vn 0.0008 0.9999 0.0103
vn -0.0001 1.0000 0.0078
vn 0.0024 1.0000 -0.0007
vn 0.0032 1.0000 -0.0006
vn -0.0000 1.0000 0.0010
vn -0.0000 1.0000 0.0009
vn -0.0000 1.0000 0.0008
vn -0.0001 1.0000 0.0088
vn -0.0004 1.0000 0.0014
vn -0.0000 1.0000 0.0088
vn 0.0004 0.9998 0.0174
vn 0.0005 0.9998 0.0181
vn -0.0001 1.0000 0.0089
vn 0.0002 0.9999 0.0166
vn 0.0003 0.9998 0.0174
vn 0.0006 0.9998 0.0185
vn 0.0015 -1.0000 0.0010
vn 0.0014 -1.0000 0.0012
vn 0.0013 -1.0000 0.0003
vn -0.0000 -1.0000 -0.0003
vn -0.0029 -0.9998 -0.0221
vn 0.0002 -1.0000 0.0021
vn 0.0003 -1.0000 0.0015
vn -0.0010 -1.0000 -0.0010
vn -0.0075 -0.9999 -0.0139
vn 0.0008 -1.0000 0.0019
vn 0.0009 -1.0000 0.0009
vn 0.0012 -1.0000 0.0010
vn 0.0008 -1.0000 0.0017
vn 0.0007 -1.0000 -0.0003
vn 0.0164 -0.9999 -0.0031
vn -0.0008 -1.0000 0.0004
vn -0.0016 -1.0000 0.0005
vn 0.0011 -1.0000 -0.0021
vn 0.0059 -1.0000 -0.0081
vn -0.0015 -1.0000 0.0016
vn -0.0008 -1.0000 0.0019
vn 0.0021 -1.0000 -0.0021
vn 0.0207 -0.9997 -0.0131
vn -0.0011 -1.0000 0.0008
vn -0.0014 -1.0000 0.0007
vn 0.0003 -1.0000 -0.0035
vn 0.0087 -0.9994 -0.0331
vn -0.0005 -1.0000 0.0013
vn -0.0007 -1.0000 0.0025
vn 0.0009 -1.0000 -0.0001
vn -0.0001 -1.0000 0.0005
vn 0.0035 -1.0000 -0.0000
vn 0.0013 -1.0000 -0.0009
vn 0.0010 -1.0000 -0.0002
vn 0.0017 -1.0000 -0.0010
vn -0.0029 -0.9998 0.0215
vn 0.0001 -1.0000 -0.0012
vn -0.0002 -1.0000 -0.0012
vn -0.0006 -1.0000 0.0020
vn -0.0086 -0.9998 0.0158
vn 0.0005 -1.0000 -0.0027
vn -0.0001 -1.0000 -0.0013
vn -0.0022 -1.0000 0.0024
vn 0.0014 -1.0000 -0.0010
vn 0.0013 -1.0000 -0.0018
vn 0.0010 -1.0000 -0.0015
vn -0.0004 -1.0000 -0.0000
vn 0.0445 -0.9990 0.0085
vn -0.0008 -1.0000 -0.0004
vn -0.0028 -1.0000 -0.0000
vn 0.0014 -1.0000 0.0013
vn 0.0026 -1.0000 0.0034
vn -0.0009 -1.0000 -0.0016
vn -0.0013 -1.0000 -0.0013
vn 0.0077 -1.0000 0.0031
vn 0.0369 -0.9990 0.0235
vn -0.0019 -1.0000 -0.0011
vn -0.0019 -1.0000 -0.0002
vn -0.0005 -1.0000 -0.0010
vn 0.0042 -0.9999 0.0160
vn -0.0004 -1.0000 -0.0012
vn -0.0004 -1.0000 -0.0010
vn 0.0004 -1.0000 -0.0006
vn -0.6359 0.0447 -0.7704
vn -0.6384 0.0087 -0.7696
vn 0.4271 0.0086 -0.9042
vn 0.4280 0.0088 -0.9037
vn 0.9828 -0.1849 0.0028
vn -0.9726 0.0113 -0.2324
vn -0.9570 0.1928 -0.2168
vn -0.9744 0.2247 -0.0002
vn -0.9770 0.2115 -0.0271
vn 0.0027 -0.1728 0.9850
vn -0.0002 -0.1882 0.9821
vn -0.0006 0.1914 0.9815
vn -0.0040 0.2033 0.9791
vn 0.0559 -0.0044 0.9984
vn 0.0625 0.0091 0.9980
vn -0.9636 -0.1657 0.2096
vn -0.1916 0.0133 0.9814
vn -0.9815 -0.1914 0.0030
vn -0.9996 0.0094 0.0281
vn -0.9785 0.2045 0.0273
vn -0.9769 0.2118 0.0267
vn -0.0001 0.9742 -0.2257
vn -0.0181 0.9766 -0.2141
vn 0.0001 -0.9794 -0.2017
vn -0.1935 -0.9612 -0.1966
vn -0.1853 -0.9827 0.0000
vn -0.1972 -0.9804 -0.0047
vn -0.1780 0.0123 0.9839
vn -0.1845 0.9633 0.1950
vn -0.0162 -0.9859 0.1667
vn -0.1361 0.9907 0.0000
vn -0.1991 -0.9800 0.0045
vn -0.2003 -0.9797 0.0048
vn -0.0006 0.9777 -0.2101
vn -0.1844 0.9628 -0.1976
vn -0.6921 0.6895 -0.2137
vn -0.9786 0.2038 -0.0279
vn -0.9743 0.0098 -0.2250
vn -0.9628 -0.1679 -0.2117
vn -0.7043 -0.6772 -0.2131
vn -0.1993 -0.9799 -0.0051
vn 0.0001 -0.9833 -0.1818
vn -0.0164 -0.9855 -0.1688
vn -0.0727 -0.9771 -0.1998
vn -0.1041 -0.9870 -0.1226
vn -0.1547 -0.9806 -0.1202
vn -0.1088 -0.9900 -0.0895
vn -0.1520 -0.9737 -0.1697
vn -0.1448 -0.9536 -0.2638
vn -0.0661 -0.9767 -0.2043
vn -0.0418 -0.9471 -0.3183
vn 0.0158 -0.9724 -0.2328
vn 0.0875 -0.9385 -0.3340
vn 0.0983 -0.9731 -0.2082
vn 0.1601 -0.9616 -0.2230
vn 0.1886 -0.9653 -0.1805
vn 0.2736 -0.9461 -0.1734
vn 0.2055 -0.9752 -0.0819
vn 0.2986 -0.9527 -0.0569
vn 0.2183 -0.9759 0.0028
vn 0.3594 -0.9306 0.0695
vn 0.2413 -0.9658 0.0951
vn 0.3077 -0.9315 0.1940
vn 0.1970 -0.9628 0.1850
vn 0.1434 -0.9695 0.1988
vn 0.0874 -0.9792 0.1832
vn 0.0772 -0.9521 0.2959
vn 0.0138 -0.9737 0.2275
vn -0.0419 -0.9477 0.3163
vn -0.0656 -0.9773 0.2016
vn -0.1509 -0.9497 0.2745
vn -0.1598 -0.9708 0.1788
vn -0.0999 -0.9916 0.0826
vn -0.1533 -0.9810 0.1192
vn -0.1100 -0.9854 0.1297
vn -0.0666 -0.9809 0.1829
vn -0.1857 -0.9645 0.1875
vn -0.7016 -0.6818 0.2072
vn -0.9995 0.0085 0.0296
vn -0.9572 0.1941 0.2145
vn -0.6916 0.6909 0.2104
vn 0.0010 1.0000 0.0027
vn -0.0179 0.9773 0.2113
vn -0.0659 0.9809 0.1828
vn -0.1199 0.9818 0.1470
vn -0.1587 0.9778 0.1372
vn -0.1136 0.9873 0.1108
vn -0.1491 0.9708 0.1877
vn -0.1447 0.9469 0.2871
vn -0.0612 0.9749 0.2140
vn -0.0362 0.9490 0.3131
vn 0.0130 0.9743 0.2249
vn 0.0760 0.9467 0.3129
vn 0.0880 0.9747 0.2053
vn 0.1429 0.9660 0.2155
vn 0.1542 0.9746 0.1625
vn 0.2709 0.9446 0.1854
vn 0.2117 0.9728 0.0936
vn 0.3135 0.9474 0.0653
vn 0.2041 0.9790 -0.0000
vn 0.3142 0.9471 -0.0654
vn 0.2128 0.9725 -0.0941
vn 0.2751 0.9428 -0.1881
vn 0.1599 0.9727 -0.1680
vn 0.1470 0.9641 -0.2210
vn 0.0907 0.9733 -0.2109
vn 0.0771 0.9452 -0.3172
vn 0.0132 0.9737 -0.2274
vn -0.0365 0.9483 -0.3153
vn -0.0615 0.9747 -0.2150
vn -0.1449 0.9468 -0.2873
vn -0.1482 0.9713 -0.1863
vn -0.1089 0.9883 -0.1068
vn -0.1596 0.9774 -0.1383
vn -0.1213 0.9814 -0.1486
vn -0.0668 0.9804 -0.1853
vn -0.6479 0.7617 -0.0000
vn 0.7275 -0.6860 0.0087
vn -0.6998 -0.7143 -0.0001
vn 0.2642 -0.9430 0.2023
vn 0.6269 -0.6116 0.4827
vn 0.7656 -0.5548 0.3257
vn 0.3421 -0.9284 0.1448
vn -0.0782 -0.8928 0.4436
vn -0.1529 -0.5058 0.8490
vn 0.0009 -0.5645 0.8254
vn 0.0006 -0.9324 0.3615
vn 0.0762 -0.8959 0.4376
vn 0.1543 -0.5094 0.8466
vn 0.2713 -0.6374 0.7212
vn 0.1170 -0.9479 0.2964
vn 0.1861 -0.9303 0.3162
vn 0.4209 -0.5619 0.7122
vn 0.4911 -0.6498 0.5801
vn 0.2025 -0.9490 0.2417
vn -0.4982 -0.8671 -0.0002
vn -0.8842 -0.4671 -0.0016
vn -0.8251 -0.5447 0.1501
vn -0.3879 -0.9188 0.0735
vn -0.2981 -0.9202 0.2536
vn -0.6394 -0.5453 0.5420
vn -0.5195 -0.5909 0.6172
vn -0.2255 -0.9370 0.2670
vn -0.4271 -0.8900 0.1594
vn -0.8097 -0.5033 0.3018
vn -0.6781 -0.6169 0.3995
vn -0.2824 -0.9439 0.1710
vn -0.2017 -0.9172 0.3437
vn -0.4270 -0.5359 0.7284
vn -0.2781 -0.6029 0.7478
vn -0.1207 -0.9413 0.3152
vn 0.7674 -0.6257 0.1398
vn 0.3202 -0.9454 0.0608
vn 0.3359 -0.9311 -0.1424
vn 0.7495 -0.5808 -0.3178
vn 0.6400 -0.5914 -0.4906
vn 0.2670 -0.9418 -0.2043
vn 0.0757 -0.8993 -0.4307
vn 0.1539 -0.5302 -0.8338
vn 0.0011 -0.5715 -0.8206
vn 0.0007 -0.9304 -0.3664
vn 0.1870 -0.9296 -0.3177
vn 0.4172 -0.5677 -0.7097
vn 0.2641 -0.6558 -0.7073
vn 0.1151 -0.9499 -0.2906
vn 0.5015 -0.6307 -0.5923
vn 0.2074 -0.9465 -0.2473
vn -0.4151 -0.8966 -0.1543
vn -0.7993 -0.5229 -0.2961
vn -0.8098 -0.5673 -0.1495
vn -0.3753 -0.9242 -0.0711
vn -0.2055 -0.9143 -0.3491
vn -0.4219 -0.5470 -0.7230
vn -0.5281 -0.5711 -0.6285
vn -0.2331 -0.9327 -0.2751
vn -0.3038 -0.9167 -0.2597
vn -0.6484 -0.5283 -0.5481
vn -0.6759 -0.6225 -0.3944
vn -0.2814 -0.9444 -0.1701
vn -0.0781 -0.8949 -0.4393
vn -0.1519 -0.5274 -0.8359
vn -0.2703 -0.6257 -0.7317
vn -0.1189 -0.9428 -0.3114
vn 0.4177 -0.9086 0.0004
vn 0.8535 -0.5211 -0.0010
vn 0.7451 -0.6528 -0.1370
vn 0.3116 -0.9484 -0.0591
vn 0.7917 -0.0162 0.6107
vn 0.7918 -0.0162 0.6105
vn 0.9209 -0.0163 0.3896
vn 0.9205 -0.0163 0.3903
vn -0.1779 -0.0162 0.9839
vn 0.0010 -0.0163 0.9999
vn 0.0007 -0.0163 0.9999
vn 0.1811 -0.0163 0.9833
vn 0.1808 -0.0163 0.9834
vn 0.3521 -0.0163 0.9358
vn 0.3524 -0.0163 0.9357
vn 0.5087 -0.0164 0.8608
vn 0.5082 -0.0164 0.8611
vn 0.6466 -0.0162 0.7627
vn 0.6471 -0.0162 0.7622
vn -0.9999 -0.0162 -0.0027
vn -0.9999 -0.0162 -0.0001
vn -0.9838 -0.0164 0.1784
vn -0.9835 -0.0163 0.1804
vn -0.7629 -0.0162 0.6463
vn -0.7630 -0.0162 0.6461
vn -0.6440 -0.0162 0.7648
vn -0.6442 -0.0162 0.7647
vn -0.9360 -0.0159 0.3516
vn -0.9363 -0.0155 0.3508
vn -0.8607 -0.0162 0.5088
vn -0.8614 -0.0163 0.5076
vn -0.5057 -0.0163 0.8625
vn -0.5051 -0.0163 0.8629
vn -0.3485 -0.0164 0.9372
vn -0.3484 -0.0163 0.9372
vn 0.9836 -0.0164 0.1796
vn 0.9835 -0.0164 0.1799
vn 0.9216 -0.0149 -0.3878
vn 0.9145 -0.0150 -0.4043
vn 0.7956 -0.0170 -0.6055
vn 0.7932 -0.0169 -0.6087
vn 0.1838 -0.0153 -0.9828
vn 0.1960 -0.0153 -0.9805
vn 0.0010 -0.0097 -1.0000
vn 0.0008 -0.0126 -0.9999
vn 0.5050 -0.0154 -0.8630
vn 0.5036 -0.0157 -0.8638
vn 0.3517 -0.0150 -0.9360
vn 0.3512 -0.0149 -0.9362
vn 0.6475 -0.0144 -0.7619
vn 0.6451 -0.0156 -0.7639
vn -0.9368 -0.0149 -0.3494
vn -0.9362 -0.0150 -0.3511
vn -0.9837 -0.0153 -0.1793
vn -0.9831 -0.0153 -0.1825
vn -0.5020 -0.0154 -0.8647
vn -0.5053 -0.0158 -0.8628
vn -0.6450 -0.0167 -0.7640
vn -0.6427 -0.0164 -0.7660
vn -0.7645 -0.0176 -0.6444
vn -0.7639 -0.0170 -0.6451
vn -0.8611 -0.0162 -0.5082
vn -0.8634 -0.0160 -0.5042
vn -0.1807 -0.0152 -0.9834
vn -0.1931 -0.0152 -0.9811
vn -0.3482 -0.0150 -0.9373
vn -0.3471 -0.0149 -0.9377
vn 0.9999 -0.0164 -0.0029
vn 0.9997 -0.0164 0.0163
vn 0.9838 -0.0084 -0.1789
vn 0.9831 -0.0118 -0.1825
vn 0.0014 -1.0000 0.0014
vn 0.0135 -0.9999 0.0055
vn -0.0146 -0.9967 0.0805
vn 0.0001 -1.0000 0.0035
vn 0.0136 -0.9970 0.0763
vn 0.0006 -1.0000 0.0020
vn 0.0017 -1.0000 0.0021
vn 0.0001 -1.0000 0.0005
vn -0.1306 -0.9914 -0.0000
vn -0.0374 -0.9993 0.0070
vn -0.0184 -0.9997 0.0152
vn -0.0016 -1.0000 0.0015
vn -0.0799 -0.9964 0.0289
vn -0.0012 -1.0000 0.0009
vn -0.0158 -0.9995 0.0272
vn -0.0004 -1.0000 0.0012
vn -0.0006 -1.0000 0.0005
vn 0.0149 -0.9999 -0.0061
vn 0.0142 -0.9965 -0.0818
vn 0.0000 -1.0000 -0.0089
vn 0.0012 -1.0000 -0.0018
vn 0.0001 -1.0000 -0.0023
vn 0.0008 -1.0000 -0.0013
vn -0.0810 -0.9963 -0.0289
vn -0.0343 -0.9994 -0.0064
vn -0.0206 -0.9992 -0.0354
vn -0.0010 -1.0000 -0.0017
vn -0.0193 -0.9997 -0.0166
vn -0.0019 -1.0000 -0.0010
vn -0.0156 -0.9960 -0.0882
vn -0.0005 -1.0000 -0.0012
vn 0.0489 -0.9988 0.0000
vn 0.0005 -1.0000 -0.0008
vn 0.7689 -0.2388 0.5932
vn 0.9025 -0.1948 0.3841
vn -0.1766 -0.1436 0.9737
vn 0.0008 -0.2082 0.9781
vn 0.1802 -0.1442 0.9730
vn 0.3429 -0.2536 0.9045
vn 0.4989 -0.2035 0.8424
vn 0.6249 -0.2643 0.7346
vn -0.9949 -0.1008 -0.0029
vn -0.9678 -0.1777 0.1784
vn -0.7495 -0.1872 0.6350
vn -0.6277 -0.2265 0.7447
vn -0.9261 -0.1426 0.3493
vn -0.8354 -0.2405 0.4942
vn -0.4981 -0.1761 0.8490
vn -0.3402 -0.2306 0.9117
vn 0.9527 -0.2481 0.1754
vn 0.8996 -0.2165 -0.3794
vn 0.7749 -0.2163 -0.5939
vn 0.1828 -0.1534 -0.9711
vn 0.0010 -0.2152 -0.9766
vn 0.4935 -0.2128 -0.8433
vn 0.3400 -0.2709 -0.9006
vn 0.6255 -0.2471 -0.7401
vn -0.9262 -0.1484 -0.3466
vn -0.9643 -0.1937 -0.1804
vn -0.4930 -0.1849 -0.8501
vn -0.6275 -0.2148 -0.7484
vn -0.7529 -0.1758 -0.6343
vn -0.8367 -0.2455 -0.4895
vn -0.1793 -0.1534 -0.9718
vn -0.3367 -0.2554 -0.9063
vn 0.9869 -0.1611 -0.0033
vn 0.9455 -0.2729 -0.1774
vn 0.0000 1.0000 -0.0079
vn -0.0002 1.0000 -0.0058
vn 0.0002 1.0000 0.0094
vn -0.0002 1.0000 0.0066
vn 0.0001 -1.0000 -0.0000
vn 0.0029 1.0000 -0.0000
vn 0.0056 1.0000 0.0000
vn 0.0001 0.0087 1.0000
vn 0.0000 0.0088 1.0000
vn 0.0005 0.0093 1.0000
vn 0.0004 0.0087 1.0000
vn 0.6530 0.0094 0.7573
vn 0.6497 0.0087 0.7602
vn 0.3522 0.0087 0.9359
vn 0.3553 0.0099 0.9347
vn 0.3023 0.0078 0.9532
vn 0.3083 0.0088 0.9513
vn 0.4830 0.0087 0.8756
vn 0.4814 0.0087 0.8764
vn -0.0558 -0.0054 0.9984
vn -0.0598 0.0089 0.9982
vn 0.1249 0.0091 0.9921
vn 0.1222 -0.0021 0.9925
vn 0.7991 0.0085 0.6012
vn 0.7998 0.0085 0.6002
vn 0.7672 0.0473 0.6396
vn 0.7695 0.0095 0.6386
vn -0.2466 0.0087 0.9691
vn -0.2479 0.0087 0.9688
vn -0.9304 0.0088 0.3664
vn -0.9297 0.0087 0.3682
vn -0.8440 0.0087 0.5363
vn -0.8441 0.0088 0.5361
vn -0.7278 0.0088 0.6857
vn -0.7273 0.0087 0.6863
vn -0.5864 0.0086 0.8100
vn -0.5875 0.0088 0.8092
vn -1.0000 0.0087 -0.0027
vn -0.9817 0.0088 0.1902
vn -0.9817 0.0096 0.1904
vn 0.0931 0.0087 0.9956
vn 0.0943 0.0087 0.9955
vn 0.0004 0.1919 0.9814
vn 0.0002 0.2013 0.9795
vn 0.0004 0.6996 0.7146
vn -0.0000 0.6822 0.7311
vn 0.3485 0.2102 0.9134
vn 0.0958 0.1911 0.9769
vn 0.0657 0.6902 0.7206
vn 0.2456 0.7165 0.6529
vn 0.6172 0.2518 0.7455
vn 0.7329 0.2845 0.6180
vn 0.4836 0.7676 0.4206
vn 0.4530 0.6952 0.5581
vn 0.2973 0.2236 0.9282
vn 0.4725 0.2186 0.8538
vn 0.3592 0.6531 0.6666
vn 0.2127 0.7120 0.6692
vn -0.0566 0.1980 0.9786
vn 0.1242 0.1425 0.9820
vn 0.0979 0.6022 0.7923
vn -0.0457 0.7007 0.7119
vn -0.4161 0.2233 0.8815
vn -0.2439 0.2030 0.9483
vn -0.1908 0.6392 0.7450
vn -0.2971 0.7062 0.6427
vn -0.9104 0.2037 0.3600
vn -0.8264 0.2002 0.5263
vn -0.6514 0.6296 0.4234
vn -0.6776 0.6807 0.2783
vn -0.7054 0.2398 0.6670
vn -0.5712 0.2205 0.7906
vn -0.4236 0.6841 0.5938
vn -0.5044 0.7152 0.4838
vn -0.9817 0.1903 0.0002
vn -0.9706 0.1485 0.1894
vn -0.7934 0.5874 0.1595
vn -0.7282 0.6853 0.0001
vn 0.6342 0.2075 0.7447
vn 0.4540 0.7167 0.5294
vn 0.7806 0.1871 0.5964
vn 0.5723 0.6889 0.4449
vn 0.0000 -0.1813 0.9834
vn 0.0001 -0.1877 0.9822
vn -0.0000 -0.7144 0.6997
vn -0.0044 -0.6999 0.7142
vn 0.6381 -0.1788 0.7489
vn 0.7859 -0.1750 0.5930
vn 0.5723 -0.6947 0.4357
vn 0.4471 -0.7295 0.5176
vn 0.3030 -0.1838 0.9351
vn 0.1232 -0.1476 0.9813
vn 0.1010 -0.5953 0.7971
vn 0.2227 -0.6875 0.6912
vn 0.6275 -0.1728 0.7592
vn 0.4778 -0.1429 0.8668
vn 0.3848 -0.6023 0.6994
vn 0.4772 -0.6702 0.5684
vn 0.7491 -0.2321 0.6204
vn 0.4900 -0.7701 0.4085
vn -0.9146 -0.1788 0.3627
vn -0.9728 -0.1346 0.1886
vn -0.7906 -0.5932 0.1519
vn -0.6809 -0.6798 0.2725
vn -0.4173 -0.2087 0.8845
vn -0.5754 -0.1911 0.7953
vn -0.4433 -0.6576 0.6092
vn -0.3029 -0.6971 0.6499
vn -0.7104 -0.2141 0.6704
vn -0.8334 -0.1556 0.5304
vn -0.6717 -0.6013 0.4329
vn -0.5317 -0.6806 0.5041
vn -0.0594 -0.1811 0.9817
vn -0.2434 -0.1977 0.9496
vn -0.1966 -0.6269 0.7539
vn -0.0503 -0.6751 0.7360
vn 0.3517 -0.1898 0.9167
vn 0.2503 -0.6990 0.6698
vn 0.0934 -0.1882 0.9777
vn 0.0586 -0.7268 0.6844
vn 0.1903 0.0103 0.9817
vn 0.1862 0.0101 0.9825
vn 0.6877 0.0113 0.7259
vn 0.6868 0.0131 0.7267
vn 0.1829 0.1945 0.9637
vn 0.6768 0.1623 0.7181
vn 0.5520 0.5796 0.5995
vn 0.1496 0.6907 0.7075
vn 0.1828 -0.1618 0.9698
vn 0.1792 -0.6777 0.7131
vn 0.5726 -0.5037 0.6468
vn 0.6939 -0.1453 0.7052
vn 0.0000 1.0000 0.0043
vn -0.0010 1.0000 0.0032
vn -0.0017 1.0000 0.0000
vn -0.0000 -1.0000 0.0005
vn 0.0019 -1.0000 0.0051
vn -0.0006 -1.0000 -0.0004
vn -0.0005 -1.0000 -0.0002
vn -0.0003 -1.0000 -0.0001
vn 0.9995 0.0101 0.0292
vn 0.9995 0.0061 0.0295
vn 0.9993 0.0211 0.0295
vn 0.9996 0.0095 0.0276
vn 0.1962 0.9805 0.0067
vn 0.7052 0.7083 0.0301
vn 0.6792 0.7337 0.0208
vn 0.1671 0.9859 -0.0001
vn 0.9830 -0.1809 0.0301
vn 0.7174 -0.6963 0.0229
vn 0.7040 -0.7099 0.0209
vn 0.9825 -0.1840 0.0300
vn -0.0019 1.0000 0.0041
vn -0.0003 1.0000 0.0040
vn -0.0007 1.0000 -0.0000
vn -0.0033 1.0000 -0.0000
vn -0.0048 1.0000 0.0032
vn -0.0056 1.0000 0.0001
vn 0.0004 0.9998 0.0182
vn -0.0043 0.9999 0.0122
vn 0.0007 0.9998 0.0192
vn -0.0002 0.9998 0.0184
vn -0.0008 0.9998 0.0206
vn 0.0103 0.9992 0.0398
vn 0.0007 0.9998 0.0198
vn 0.0009 0.9998 0.0197
vn 0.0002 0.9997 0.0225
vn 0.0024 0.9991 0.0435
vn 0.0006 0.9998 0.0207
vn 0.0011 0.9998 0.0200
vn -0.0058 0.9989 0.0459
vn 0.0006 0.9998 0.0191
vn 0.0007 0.9999 0.0169
vn 0.0089 0.9999 0.0047
vn -0.0232 0.9994 0.0267
vn -0.0012 1.0000 0.0017
vn 0.0017 1.0000 -0.0006
vn 0.0001 0.9999 0.0169
vn -0.0043 0.9997 0.0257
vn -0.0007 0.9999 0.0157
vn -0.0029 1.0000 0.0091
vn 0.0175 0.9998 -0.0000
vn -0.0158 0.9998 0.0077
vn 0.0054 1.0000 -0.0009
vn 0.0060 1.0000 0.0000
vn -0.0007 0.9999 0.0112
vn -0.0023 1.0000 -0.0007
vn 0.0003 1.0000 0.0099
vn -0.0032 1.0000 -0.0006
vn 0.0000 1.0000 0.0009
vn 0.0000 1.0000 0.0010
vn 0.0000 1.0000 0.0087
vn 0.0000 1.0000 0.0090
vn 0.0004 1.0000 0.0013
vn 0.0001 1.0000 0.0082
vn 0.0006 0.9998 0.0181
vn 0.0005 0.9998 0.0186
vn 0.0011 0.9998 0.0195
vn -0.0004 0.9998 0.0175
vn -0.0002 0.9999 0.0156
vn 0.0002 0.0087 -1.0000
vn 0.0006 0.0088 -1.0000
vn 0.0008 0.0090 -1.0000
vn 0.3553 0.0098 -0.9347
vn 0.3523 0.0087 -0.9358
vn 0.6501 0.0087 -0.7598
vn 0.6528 0.0096 -0.7575
vn 0.6360 0.0473 -0.7703
vn 0.6368 0.0089 -0.7710
vn 0.4825 0.0086 -0.8759
vn 0.4817 0.0087 -0.8763
vn 0.3024 0.0073 -0.9532
vn 0.3105 0.0089 -0.9505
vn 0.1262 0.0091 -0.9920
vn 0.1221 -0.0044 -0.9925
vn 0.7673 0.0471 -0.6395
vn 0.7696 0.0051 -0.6385
vn -0.4250 0.0087 -0.9052
vn -0.4279 0.0089 -0.9038
vn -0.2467 0.0087 -0.9690
vn -0.2484 0.0085 -0.9686
vn -0.7279 0.0110 -0.6856
vn -0.7290 0.0084 -0.6844
vn -0.8427 0.0085 -0.5383
vn -0.8443 0.0087 -0.5359
vn -0.5883 0.0087 -0.8086
vn -0.5874 0.0090 -0.8093
vn -0.9305 0.0090 -0.3662
vn -0.9304 0.0087 -0.3665
vn -0.9819 0.0082 -0.1892
vn -0.9817 0.0094 -0.1901
vn 0.7999 0.0086 -0.6001
vn 0.7998 0.0086 -0.6002
vn 0.0947 0.0087 -0.9955
vn 0.0930 0.0087 -0.9956
vn 0.0001 0.9749 -0.2229
vn 0.0006 0.9783 -0.2074
vn 0.0005 0.7027 -0.7115
vn -0.0000 0.6835 -0.7299
vn 0.3484 0.2115 -0.9132
vn 0.2446 0.7189 -0.6506
vn 0.0655 0.6923 -0.7186
vn 0.0962 0.1914 -0.9768
vn 0.6170 0.2531 -0.7452
vn 0.4529 0.6955 -0.5578
vn 0.4831 0.7682 -0.4201
vn 0.7325 0.2856 -0.6179
vn 0.2975 0.2267 -0.9274
vn 0.2115 0.7158 -0.6655
vn 0.3582 0.6555 -0.6649
vn 0.4730 0.2198 -0.8532
vn -0.0571 0.2003 -0.9781
vn -0.0455 0.7033 -0.7095
vn 0.0975 0.6066 -0.7890
vn 0.1239 0.1434 -0.9819
vn -0.4159 0.2238 -0.8814
vn -0.2962 0.7083 -0.6408
vn -0.1905 0.6404 -0.7441
vn -0.2440 0.2027 -0.9483
vn -0.9104 0.2045 -0.3598
vn -0.6767 0.6819 -0.2778
vn -0.6503 0.6313 -0.4225
vn -0.8262 0.2011 -0.5262
vn -0.7051 0.2418 -0.6666
vn -0.5038 0.7162 -0.4830
vn -0.4225 0.6862 -0.5922
vn -0.5712 0.2216 -0.7903
vn -0.7930 0.5881 -0.1592
vn -0.9706 0.1489 -0.1891
vn 0.6338 0.2085 -0.7449
vn 0.4526 0.7185 -0.5281
vn 0.7805 0.1878 -0.5963
vn 0.5712 0.6902 -0.4443
vn -0.0002 -0.9800 -0.1988
vn -0.0001 -0.9837 -0.1795
vn -0.0000 -0.7163 -0.6977
vn 0.0008 -0.6928 -0.7211
vn 0.6367 -0.1939 -0.7463
vn 0.4426 -0.7309 -0.5195
vn 0.5722 -0.6990 -0.4290
vn 0.7860 -0.1781 -0.5921
vn 0.3052 -0.1829 -0.9345
vn 0.2241 -0.6898 -0.6884
vn 0.1005 -0.6059 -0.7891
vn 0.1243 -0.1593 -0.9794
vn 0.6242 -0.1901 -0.7578
vn 0.4698 -0.6770 -0.5665
vn 0.3868 -0.6023 -0.6983
vn 0.4767 -0.1521 -0.8658
vn 0.4846 -0.7742 -0.4072
vn 0.7491 -0.2326 -0.6203
vn -0.9074 -0.2202 -0.3580
vn -0.6735 -0.6896 -0.2662
vn -0.7903 -0.5921 -0.1577
vn -0.9679 -0.1680 -0.1868
vn -0.4168 -0.1906 -0.8888
vn -0.3028 -0.6996 -0.6472
vn -0.4464 -0.6614 -0.6028
vn -0.5792 -0.1748 -0.7962
vn -0.7121 -0.2152 -0.6683
vn -0.5430 -0.6742 -0.5007
vn -0.6708 -0.6060 -0.4276
vn -0.8284 -0.1823 -0.5297
vn -0.0620 -0.1872 -0.9804
vn -0.0445 -0.6824 -0.7296
vn -0.1960 -0.6132 -0.7653
vn -0.2455 -0.1599 -0.9561
vn 0.3529 -0.1730 -0.9195
vn 0.2450 -0.7032 -0.6674
vn 0.0933 -0.1889 -0.9775
vn 0.0625 -0.7288 -0.6818
vn 0.9731 0.0109 -0.2301
vn 0.9748 0.0096 -0.2228
vn 0.6849 0.0120 -0.7286
vn 0.6883 0.0123 -0.7253
vn 0.1844 0.1962 -0.9631
vn 0.1505 0.6912 -0.7069
vn 0.5522 0.5839 -0.5951
vn 0.6766 0.1639 -0.7178
vn 0.1698 -0.1609 -0.9722
vn 0.6784 -0.1352 -0.7221
vn 0.5737 -0.5557 -0.6017
vn 0.1558 -0.6770 -0.7193
vn -0.0010 1.0000 0.0000
vn 0.0017 -1.0000 -0.0046
vn -0.0004 -1.0000 0.0001
vn -0.0005 -1.0000 0.0004
vn 0.9999 0.0122 0.0001
vn 1.0000 0.0087 0.0000
vn 0.9995 0.0086 -0.0295
vn 0.9996 0.0092 -0.0274
vn 0.1961 0.9806 -0.0062
vn 0.1670 0.9860 0.0001
vn 0.6786 0.7342 -0.0207
vn 0.7041 0.7095 -0.0295
vn 0.9831 -0.1807 -0.0302
vn 0.9831 -0.1809 -0.0294
vn 0.7182 -0.6955 -0.0212
vn 0.7178 -0.6957 -0.0278
vn -0.0021 1.0000 -0.0034
vn -0.0033 1.0000 0.0000
vn -0.0007 1.0000 0.0000
vn -0.0003 1.0000 -0.0035
vn -0.0051 1.0000 -0.0027
vn -0.0056 1.0000 -0.0001
vn 0.0033 0.9997 -0.0225
vn -0.0016 0.9999 -0.0159
vn -0.0005 0.9999 -0.0149
vn 0.0005 0.9999 -0.0151
vn -0.0006 0.9998 -0.0219
vn -0.0009 0.9998 -0.0199
vn -0.0009 0.9998 -0.0188
vn 0.0114 0.9990 -0.0426
vn -0.0000 0.9998 -0.0215
vn -0.0009 0.9998 -0.0201
vn 0.0023 0.9991 -0.0433
vn 0.0029 0.9999 -0.0155
vn -0.0000 0.9998 -0.0191
vn -0.0006 0.9998 -0.0196
vn -0.0053 0.9991 -0.0424
vn 0.0095 0.9999 -0.0049
vn 0.0018 1.0000 0.0006
vn -0.0016 1.0000 -0.0019
vn -0.0191 0.9995 -0.0249
vn 0.0046 0.9999 -0.0126
vn -0.0028 0.9999 -0.0104
vn 0.0002 0.9998 -0.0181
vn -0.0008 0.9998 -0.0206
vn 0.0054 1.0000 0.0009
vn -0.0156 0.9998 -0.0076
vn -0.0008 0.9999 -0.0103
vn 0.0001 1.0000 -0.0078
vn -0.0023 1.0000 0.0007
vn -0.0032 1.0000 0.0006
vn 0.0000 1.0000 -0.0009
vn 0.0001 1.0000 -0.0088
vn 0.0004 1.0000 -0.0014
vn 0.0000 1.0000 -0.0088
vn -0.0004 0.9998 -0.0174
vn -0.0005 0.9998 -0.0181
vn 0.0001 1.0000 -0.0089
vn -0.0002 0.9999 -0.0166
vn -0.0003 0.9998 -0.0174
vn -0.0006 0.9998 -0.0185
vn -0.0016 -1.0000 -0.0010
vn -0.0014 -1.0000 -0.0012
vn 0.0029 -0.9998 0.0221
vn -0.0002 -1.0000 -0.0021
vn -0.0003 -1.0000 -0.0015
vn 0.0010 -1.0000 0.0010
vn 0.0075 -0.9999 0.0139
vn -0.0008 -1.0000 -0.0019
vn -0.0009 -1.0000 -0.0009
vn -0.0012 -1.0000 -0.0010
vn -0.0008 -1.0000 -0.0017
vn -0.0007 -1.0000 0.0003
vn -0.0164 -0.9999 0.0031
vn 0.0008 -1.0000 -0.0004
vn 0.0016 -1.0000 -0.0005
vn -0.0011 -1.0000 0.0021
vn -0.0059 -1.0000 0.0081
vn 0.0015 -1.0000 -0.0016
vn 0.0008 -1.0000 -0.0019
vn -0.0021 -1.0000 0.0021
vn -0.0207 -0.9997 0.0131
vn 0.0011 -1.0000 -0.0008
vn 0.0013 -1.0000 -0.0007
vn -0.0003 -1.0000 0.0034
vn -0.0087 -0.9994 0.0331
vn 0.0005 -1.0000 -0.0013
vn 0.0007 -1.0000 -0.0025
vn -0.0009 -1.0000 0.0001
vn 0.0001 -1.0000 -0.0005
vn -0.0035 -1.0000 0.0000
vn -0.0013 -1.0000 0.0009
vn -0.0010 -1.0000 0.0002
vn -0.0017 -1.0000 0.0010
vn 0.0029 -0.9998 -0.0215
vn -0.0001 -1.0000 0.0012
vn 0.0002 -1.0000 0.0012
vn 0.0006 -1.0000 -0.0020
vn 0.0086 -0.9998 -0.0158
vn -0.0005 -1.0000 0.0027
vn 0.0001 -1.0000 0.0013
vn 0.0022 -1.0000 -0.0024
vn -0.0014 -1.0000 0.0010
vn -0.0013 -1.0000 0.0018
vn -0.0010 -1.0000 0.0015
vn 0.0004 -1.0000 0.0000
vn -0.0445 -0.9990 -0.0085
vn 0.0008 -1.0000 0.0004
vn 0.0028 -1.0000 0.0000
vn -0.0014 -1.0000 -0.0013
vn -0.0026 -1.0000 -0.0034
vn 0.0009 -1.0000 0.0016
vn 0.0013 -1.0000 0.0013
vn -0.0077 -1.0000 -0.0031
vn -0.0369 -0.9990 -0.0235
vn 0.0019 -1.0000 0.0011
vn 0.0019 -1.0000 0.0002
vn 0.0005 -1.0000 0.0010
vn -0.0043 -0.9999 -0.0160
vn 0.0004 -1.0000 0.0012
vn 0.0004 -1.0000 0.0010
vn -0.0004 -1.0000 0.0006
vn 0.6359 0.0447 0.7704
vn 0.6384 0.0087 0.7696
vn -0.4271 0.0086 0.9042
vn -0.4280 0.0088 0.9037
vn -0.9828 -0.1849 -0.0028
vn 0.9726 0.0113 0.2324
vn 0.9570 0.1928 0.2168
vn 0.9744 0.2247 0.0002
vn 0.9770 0.2115 0.0271
vn -0.0027 -0.1728 -0.9850
vn 0.0002 -0.1882 -0.9821
vn 0.0006 0.1914 -0.9815
vn 0.0040 0.2033 -0.9791
vn -0.0559 -0.0044 -0.9984
vn -0.0625 0.0091 -0.9980
vn 0.9637 -0.1657 -0.2096
vn 0.1916 0.0133 -0.9814
vn 0.9815 -0.1914 -0.0030
vn 0.9996 0.0094 -0.0281
vn 0.9785 0.2045 -0.0273
vn 0.9769 0.2118 -0.0267
vn 0.0001 0.9742 0.2257
vn 0.0181 0.9766 0.2141
vn -0.0001 -0.9794 0.2017
vn 0.1935 -0.9612 0.1966
vn -0.0006 1.0000 -0.0000
vn 0.1853 -0.9827 -0.0000
vn 0.1972 -0.9804 0.0047
vn 0.1780 0.0123 -0.9839
vn 0.1845 0.9633 -0.1950
vn 0.0162 -0.9859 -0.1667
vn 0.1361 0.9907 -0.0000
vn 0.1991 -0.9800 -0.0045
vn 0.2003 -0.9797 -0.0048
vn 0.0006 0.9777 0.2101
vn 0.1844 0.9628 0.1976
vn 0.6921 0.6895 0.2137
vn 0.9786 0.2038 0.0279
vn 0.9743 0.0098 0.2250
vn 0.9628 -0.1679 0.2117
vn 0.7042 -0.6772 0.2131
vn 0.1993 -0.9799 0.0051
vn -0.0001 -0.9833 0.1818
vn 0.0164 -0.9855 0.1688
vn 0.0727 -0.9771 0.1999
vn 0.1041 -0.9870 0.1225
vn 0.1547 -0.9806 0.1202
vn 0.1088 -0.9900 0.0895
vn 0.1520 -0.9737 0.1697
vn 0.1448 -0.9536 0.2638
vn 0.0661 -0.9767 0.2043
vn 0.0418 -0.9471 0.3183
vn -0.0158 -0.9724 0.2328
vn -0.0875 -0.9385 0.3340
vn -0.0983 -0.9731 0.2082
vn -0.1601 -0.9616 0.2230
vn -0.1885 -0.9653 0.1805
vn -0.2736 -0.9461 0.1734
vn -0.2055 -0.9752 0.0819
vn -0.2986 -0.9527 0.0569
vn -0.2183 -0.9759 -0.0028
vn -0.3594 -0.9306 -0.0695
vn -0.2413 -0.9658 -0.0951
vn -0.3077 -0.9315 -0.1940
vn -0.1970 -0.9628 -0.1850
vn -0.1434 -0.9695 -0.1988
vn -0.0874 -0.9792 -0.1832
vn -0.0772 -0.9521 -0.2959
vn -0.0138 -0.9737 -0.2275
vn 0.0419 -0.9477 -0.3163
vn 0.0656 -0.9773 -0.2015
vn 0.1509 -0.9497 -0.2745
vn 0.1598 -0.9708 -0.1788
vn 0.0999 -0.9916 -0.0826
vn 0.1533 -0.9810 -0.1191
vn 0.1100 -0.9854 -0.1297
vn 0.0666 -0.9809 -0.1829
vn 0.1857 -0.9645 -0.1875
vn 0.7016 -0.6818 -0.2072
vn 0.9995 0.0085 -0.0296
vn 0.9572 0.1941 -0.2145
vn 0.6916 0.6909 -0.2105
vn -0.0010 1.0000 -0.0027
vn 0.0179 0.9772 -0.2113
vn 0.0659 0.9809 -0.1828
vn 0.1199 0.9818 -0.1470
vn 0.1587 0.9777 -0.1372
vn 0.1136 0.9873 -0.1108
vn 0.1491 0.9708 -0.1877
vn 0.1447 0.9469 -0.2871
vn 0.0612 0.9749 -0.2140
vn 0.0362 0.9490 -0.3131
vn -0.0130 0.9743 -0.2249
vn -0.0760 0.9467 -0.3129
vn -0.0880 0.9747 -0.2053
vn -0.1429 0.9660 -0.2155
vn -0.1542 0.9746 -0.1625
vn -0.2709 0.9446 -0.1854
vn -0.2117 0.9728 -0.0936
vn -0.3135 0.9473 -0.0653
vn -0.2041 0.9790 0.0000
vn -0.3142 0.9471 0.0654
vn -0.2128 0.9725 0.0941
vn -0.2751 0.9428 0.1881
vn -0.1599 0.9727 0.1680
vn -0.1470 0.9641 0.2210
vn -0.0907 0.9733 0.2109
vn -0.0771 0.9452 0.3172
vn -0.0132 0.9737 0.2274
vn 0.0365 0.9483 0.3153
vn 0.0615 0.9747 0.2150
vn 0.1449 0.9468 0.2873
vn 0.1482 0.9713 0.1863
vn 0.1089 0.9883 0.1068
vn 0.1596 0.9774 0.1383
vn 0.1213 0.9814 0.1486
vn 0.0668 0.9804 0.1853
vn 0.6479 0.7617 0.0000
vn -0.7275 -0.6860 -0.0087
vn 0.6998 -0.7143 0.0001
vn -0.2642 -0.9430 -0.2023
vn -0.6269 -0.6116 -0.4826
vn -0.7656 -0.5548 -0.3257
vn -0.3421 -0.9284 -0.1448
vn 0.0782 -0.8928 -0.4436
vn 0.1529 -0.5057 -0.8490
vn -0.0010 -0.5645 -0.8254
vn -0.0006 -0.9324 -0.3615
vn -0.0762 -0.8959 -0.4376
vn -0.1543 -0.5094 -0.8466
vn -0.2713 -0.6374 -0.7212
vn -0.1170 -0.9479 -0.2964
vn -0.1861 -0.9303 -0.3162
vn -0.4209 -0.5619 -0.7121
vn -0.4911 -0.6498 -0.5801
vn -0.2025 -0.9490 -0.2417
vn 0.4981 -0.8671 0.0002
vn 0.8842 -0.4671 0.0016
vn 0.8251 -0.5447 -0.1501
vn 0.3879 -0.9188 -0.0735
vn 0.2981 -0.9202 -0.2536
vn 0.6394 -0.5453 -0.5420
vn 0.5195 -0.5909 -0.6172
vn 0.2255 -0.9370 -0.2670
vn 0.4271 -0.8900 -0.1595
vn 0.8097 -0.5033 -0.3018
vn 0.6781 -0.6169 -0.3995
vn 0.2824 -0.9439 -0.1710
vn 0.2017 -0.9172 -0.3437
vn 0.4270 -0.5359 -0.7283
vn 0.2781 -0.6029 -0.7478
vn 0.1207 -0.9413 -0.3152
vn -0.7674 -0.6257 -0.1398
vn -0.3202 -0.9454 -0.0608
vn -0.3359 -0.9311 0.1424
vn -0.7494 -0.5808 0.3178
vn -0.6400 -0.5914 0.4906
vn -0.2669 -0.9418 0.2043
vn -0.0757 -0.8993 0.4307
vn -0.1539 -0.5302 0.8338
vn -0.0011 -0.5715 0.8206
vn -0.0007 -0.9304 0.3665
vn -0.1870 -0.9296 0.3177
vn -0.4171 -0.5677 0.7097
vn -0.2641 -0.6558 0.7073
vn -0.1151 -0.9499 0.2906
vn -0.5014 -0.6307 0.5923
vn -0.2074 -0.9465 0.2473
vn 0.4151 -0.8966 0.1543
vn 0.7993 -0.5229 0.2961
vn 0.8098 -0.5673 0.1495
vn 0.3753 -0.9242 0.0711
vn 0.2055 -0.9143 0.3491
vn 0.4219 -0.5470 0.7231
vn 0.5281 -0.5711 0.6285
vn 0.2331 -0.9327 0.2751
vn 0.3038 -0.9167 0.2597
vn 0.6484 -0.5283 0.5481
vn 0.6759 -0.6225 0.3944
vn 0.2814 -0.9444 0.1701
vn 0.0781 -0.8949 0.4393
vn 0.1519 -0.5274 0.8359
vn 0.2703 -0.6258 0.7317
vn 0.1189 -0.9428 0.3115
vn -0.4177 -0.9086 -0.0004
vn -0.8535 -0.5211 0.0010
vn -0.7451 -0.6527 0.1370
vn -0.3116 -0.9484 0.0591
vn -0.7917 -0.0162 -0.6108
vn -0.7918 -0.0162 -0.6105
vn -0.9209 -0.0163 -0.3896
vn -0.9205 -0.0163 -0.3903
vn 0.1779 -0.0162 -0.9839
vn -0.0010 -0.0163 -0.9999
vn -0.0007 -0.0163 -0.9999
vn -0.1811 -0.0164 -0.9833
vn -0.1808 -0.0163 -0.9834
vn -0.3521 -0.0163 -0.9358
vn -0.3524 -0.0163 -0.9357
vn -0.5087 -0.0164 -0.8608
vn -0.5082 -0.0164 -0.8611
vn -0.6466 -0.0162 -0.7627
vn -0.6471 -0.0162 -0.7622
vn 0.9999 -0.0162 0.0027
vn 0.9999 -0.0162 0.0001
vn 0.9838 -0.0164 -0.1784
vn 0.9835 -0.0163 -0.1804
vn 0.7629 -0.0162 -0.6463
vn 0.7630 -0.0162 -0.6461
vn 0.6440 -0.0162 -0.7648
vn 0.6442 -0.0162 -0.7647
vn 0.9360 -0.0159 -0.3516
vn 0.9363 -0.0155 -0.3508
vn 0.8607 -0.0162 -0.5088
vn 0.8614 -0.0163 -0.5076
vn 0.5057 -0.0163 -0.8625
vn 0.5051 -0.0163 -0.8629
vn 0.3484 -0.0164 -0.9372
vn 0.3484 -0.0163 -0.9372
vn -0.9836 -0.0164 -0.1796
vn -0.9835 -0.0164 -0.1799
vn -0.9216 -0.0149 0.3878
vn -0.9145 -0.0150 0.4043
vn -0.7956 -0.0170 0.6055
vn -0.7932 -0.0169 0.6087
vn -0.1838 -0.0153 0.9828
vn -0.1960 -0.0153 0.9805
vn -0.0010 -0.0097 1.0000
vn -0.0008 -0.0126 0.9999
vn -0.5050 -0.0154 0.8630
vn -0.5036 -0.0157 0.8638
vn -0.3518 -0.0150 0.9360
vn -0.3512 -0.0149 0.9362
vn -0.6475 -0.0144 0.7619
vn -0.6451 -0.0156 0.7639
vn 0.9368 -0.0149 0.3494
vn 0.9362 -0.0150 0.3511
vn 0.9837 -0.0153 0.1793
vn 0.9831 -0.0153 0.1825
vn 0.5020 -0.0155 0.8647
vn 0.5053 -0.0158 0.8628
vn 0.6450 -0.0167 0.7640
vn 0.6427 -0.0164 0.7660
vn 0.7645 -0.0176 0.6444
vn 0.7639 -0.0170 0.6451
vn 0.8611 -0.0162 0.5082
vn 0.8634 -0.0160 0.5042
vn 0.1807 -0.0152 0.9834
vn 0.1931 -0.0152 0.9811
vn 0.3482 -0.0150 0.9373
vn 0.3471 -0.0149 0.9377
vn -0.9999 -0.0164 0.0029
vn -0.9997 -0.0164 -0.0163
vn -0.9838 -0.0084 0.1789
vn -0.9831 -0.0118 0.1825
vn -0.0014 -1.0000 -0.0014
vn -0.0135 -0.9999 -0.0055
vn 0.0146 -0.9967 -0.0804
vn -0.0001 -1.0000 -0.0035
vn -0.0136 -0.9970 -0.0763
vn -0.0006 -1.0000 -0.0019
vn -0.0017 -1.0000 -0.0021
vn -0.0001 -1.0000 -0.0006
vn 0.1307 -0.9914 0.0000
vn 0.0374 -0.9993 -0.0070
vn 0.0184 -0.9997 -0.0152
vn 0.0016 -1.0000 -0.0016
vn 0.0799 -0.9964 -0.0289
vn 0.0012 -1.0000 -0.0009
vn 0.0158 -0.9995 -0.0272
vn 0.0004 -1.0000 -0.0012
vn 0.0006 -1.0000 -0.0005
vn -0.0149 -0.9999 0.0061
vn -0.0022 -1.0000 0.0018
vn -0.0142 -0.9965 0.0818
vn -0.0000 -1.0000 0.0088
vn -0.0012 -1.0000 0.0018
vn -0.0001 -1.0000 0.0023
vn -0.0008 -1.0000 0.0013
vn 0.0810 -0.9963 0.0289
vn 0.0343 -0.9994 0.0065
vn 0.0206 -0.9992 0.0354
vn 0.0193 -0.9997 0.0166
vn 0.0019 -1.0000 0.0010
vn 0.0156 -0.9960 0.0882
vn 0.0005 -1.0000 0.0012
vn -0.0489 -0.9988 -0.0000
vn -0.0005 -1.0000 0.0008
vn -0.7689 -0.2388 -0.5932
vn -0.9025 -0.1949 -0.3841
vn 0.1766 -0.1437 -0.9737
vn -0.0008 -0.2082 -0.9781
vn -0.1802 -0.1442 -0.9730
vn -0.3430 -0.2536 -0.9045
vn -0.4989 -0.2035 -0.8424
vn -0.6249 -0.2643 -0.7346
vn 0.9949 -0.1008 0.0029
vn 0.9678 -0.1777 -0.1784
vn 0.7495 -0.1872 -0.6350
vn 0.6277 -0.2266 -0.7447
vn 0.9261 -0.1427 -0.3493
vn 0.8354 -0.2405 -0.4942
vn 0.4981 -0.1761 -0.8490
vn 0.3402 -0.2305 -0.9117
vn -0.9527 -0.2481 -0.1754
vn -0.8996 -0.2165 0.3794
vn -0.7749 -0.2163 0.5939
vn -0.1828 -0.1534 0.9711
vn -0.0010 -0.2152 0.9766
vn -0.4935 -0.2128 0.8433
vn -0.3400 -0.2709 0.9006
vn -0.6255 -0.2472 0.7401
vn 0.9262 -0.1484 0.3466
vn 0.9643 -0.1937 0.1804
vn 0.4930 -0.1849 0.8501
vn 0.6275 -0.2148 0.7484
vn 0.7529 -0.1758 0.6343
vn 0.8367 -0.2456 0.4895
vn 0.1793 -0.1534 0.9718
vn 0.3367 -0.2554 0.9063
vn -0.9869 -0.1611 0.0033
vn -0.9455 -0.2729 0.1774
vn -0.0000 1.0000 0.0080
vn 0.0002 1.0000 0.0058
vn -0.0002 1.0000 -0.0094
vn 0.0002 1.0000 -0.0066
vn -0.0001 -1.0000 0.0000
vn -0.0029 1.0000 0.0000
vn -0.0056 1.0000 -0.0000
# 6676 vertex normals

vt -0.1252 3.6641 -0.0000
vt -0.1252 0.0724 0.0000
vt -0.1397 0.0724 -0.1466
vt -0.1397 3.6641 -0.1466
vt -0.1252 0.0628 -0.0000
vt -0.1225 0.0456 -0.0000
vt -0.1370 0.0456 -0.1471
vt -0.1397 0.0628 -0.1466
vt -0.1139 0.0293 -0.0000
vt -0.1285 0.0293 -0.1488
vt -0.1004 0.0168 -0.0000
vt -0.1153 0.0168 -0.1514
vt -0.0845 0.0097 -0.0000
vt -0.0997 0.0097 -0.1545
vt -0.0756 0.0073 -0.0000
vt 0.1238 -0.0465 -0.0000
vt 0.1046 -0.0465 -0.1952
vt -0.0910 0.0073 -0.1562
vt 0.1327 -0.0489 -0.0000
vt 0.1491 -0.0560 -0.0000
vt 0.1294 -0.0560 -0.2001
vt 0.1133 -0.0489 -0.1969
vt 0.1627 -0.0685 0.0000
vt 0.1428 -0.0685 -0.2027
vt 0.1717 -0.0856 -0.0000
vt 0.1516 -0.0856 -0.2045
vt 0.1748 -0.1020 -0.0000
vt 0.1546 -0.1020 -0.2051
vt 0.1748 -0.1128 -0.0000
vt 0.1748 -0.5313 -0.0000
vt 0.1546 -0.5313 -0.2051
vt 0.1546 -0.1128 -0.2051
vt 0.1748 -0.5421 -0.0000
vt 0.1713 -0.5605 -0.0000
vt 0.1511 -0.5605 -0.2044
vt 0.1546 -0.5421 -0.2051
vt 0.1601 -0.5775 -0.0000
vt 0.1402 -0.5775 -0.2022
vt 0.1432 -0.5886 -0.0000
vt 0.1236 -0.5886 -0.1989
vt 0.1207 -0.5921 -0.0000
vt 0.1016 -0.5921 -0.1945
vt -0.1824 0.0724 -0.2875
vt -0.1824 3.6641 -0.2875
vt -0.1799 0.0456 -0.2886
vt -0.1824 0.0628 -0.2875
vt -0.1719 0.0293 -0.2918
vt -0.1595 0.0168 -0.2970
vt -0.1448 0.0097 -0.3031
vt 0.0477 -0.0465 -0.3828
vt -0.1366 0.0073 -0.3065
vt 0.0710 -0.0560 -0.3925
vt 0.0559 -0.0489 -0.3862
vt 0.0836 -0.0685 -0.3977
vt 0.0919 -0.0856 -0.4011
vt 0.0947 -0.1020 -0.4023
vt 0.0947 -0.5313 -0.4023
vt 0.0947 -0.1128 -0.4023
vt 0.0915 -0.5605 -0.4010
vt 0.0947 -0.5421 -0.4023
vt 0.0812 -0.5775 -0.3967
vt 0.0656 -0.5886 -0.3902
vt 0.0448 -0.5921 -0.3816
vt -0.2518 0.0724 -0.4174
vt -0.2518 3.6641 -0.4174
vt -0.2495 0.0456 -0.4189
vt -0.2518 0.0628 -0.4174
vt -0.2424 0.0293 -0.4237
vt -0.2312 0.0168 -0.4312
vt -0.2179 0.0097 -0.4400
vt -0.0448 -0.0465 -0.5557
vt -0.2106 0.0073 -0.4450
vt -0.0237 -0.0560 -0.5698
vt -0.0374 -0.0489 -0.5607
vt -0.0124 -0.0685 -0.5774
vt -0.0050 -0.0856 -0.5823
vt -0.0024 -0.1020 -0.5840
vt -0.0024 -0.5313 -0.5840
vt -0.0024 -0.1128 -0.5840
vt -0.0053 -0.5605 -0.5821
vt -0.0024 -0.5421 -0.5840
vt -0.0146 -0.5775 -0.5759
vt -0.0287 -0.5886 -0.5665
vt -0.0473 -0.5921 -0.5540
vt -0.3453 0.0724 -0.5312
vt -0.3453 3.6641 -0.5312
vt -0.3433 0.0456 -0.5332
vt -0.3453 0.0628 -0.5312
vt -0.3372 0.0293 -0.5393
vt -0.3277 0.0168 -0.5488
vt -0.3164 0.0097 -0.5600
vt -0.1692 -0.0465 -0.7073
vt -0.3102 0.0073 -0.5663
vt -0.1513 -0.0560 -0.7252
vt -0.1629 -0.0489 -0.7136
vt -0.1417 -0.0685 -0.7348
vt -0.1353 -0.0856 -0.7412
vt -0.1331 -0.1020 -0.7434
vt -0.1331 -0.5313 -0.7434
vt -0.1331 -0.1128 -0.7434
vt -0.1356 -0.5605 -0.7409
vt -0.1331 -0.5421 -0.7434
vt -0.1435 -0.5775 -0.7330
vt -0.1555 -0.5886 -0.7210
vt -0.1714 -0.5921 -0.7051
vt -0.4591 0.0724 -0.6246
vt -0.4591 3.6641 -0.6246
vt -0.4576 0.0456 -0.6269
vt -0.4591 0.0628 -0.6246
vt -0.4528 0.0293 -0.6341
vt -0.4453 0.0168 -0.6453
vt -0.4365 0.0097 -0.6585
vt -0.3207 -0.0465 -0.8317
vt -0.4315 0.0073 -0.6659
vt -0.3067 -0.0560 -0.8528
vt -0.3158 -0.0489 -0.8391
vt -0.2991 -0.0685 -0.8641
vt -0.2941 -0.0856 -0.8715
vt -0.2924 -0.1020 -0.8741
vt -0.2924 -0.5313 -0.8741
vt -0.2924 -0.1128 -0.8741
vt -0.2944 -0.5605 -0.8712
vt -0.2924 -0.5421 -0.8741
vt -0.3006 -0.5775 -0.8619
vt -0.3100 -0.5886 -0.8478
vt -0.3225 -0.5921 -0.8292
vt -0.5890 0.0724 -0.6941
vt -0.5890 3.6641 -0.6941
vt -0.5879 0.0456 -0.6966
vt -0.5890 0.0628 -0.6941
vt -0.5846 0.0293 -0.7046
vt -0.5795 0.0168 -0.7170
vt -0.5734 0.0097 -0.7317
vt -0.4937 -0.0465 -0.9242
vt -0.5700 0.0073 -0.7399
vt -0.4840 -0.0560 -0.9475
vt -0.4903 -0.0489 -0.9324
vt -0.4788 -0.0685 -0.9601
vt -0.4754 -0.0856 -0.9684
vt -0.4742 -0.1020 -0.9712
vt -0.4742 -0.5313 -0.9712
vt -0.4742 -0.1128 -0.9712
vt -0.4755 -0.5605 -0.9680
vt -0.4742 -0.5421 -0.9712
vt -0.4798 -0.5775 -0.9577
vt -0.4863 -0.5886 -0.9420
vt -0.4949 -0.5921 -0.9213
vt -0.7299 0.0724 -0.7368
vt -0.7299 3.6641 -0.7368
vt -0.7294 0.0456 -0.7395
vt -0.7299 0.0628 -0.7368
vt -0.7277 0.0293 -0.7480
vt -0.7251 0.0168 -0.7612
vt -0.7220 0.0097 -0.7768
vt -0.6813 -0.0465 -0.9811
vt -0.7202 0.0073 -0.7855
vt -0.6764 -0.0560 -1.0059
vt -0.6796 -0.0489 -0.9898
vt -0.6738 -0.0685 -1.0192
vt -0.6720 -0.0856 -1.0280
vt -0.6714 -0.1020 -1.0311
vt -0.6714 -0.5313 -1.0311
vt -0.6714 -0.1128 -1.0311
vt -0.6721 -0.5605 -1.0276
vt -0.6714 -0.5421 -1.0311
vt -0.6743 -0.5775 -1.0167
vt -0.6776 -0.5886 -1.0001
vt -0.6819 -0.5921 -0.9781
vt -0.8765 0.0724 -0.7513
vt -0.8765 3.6641 -0.7513
vt -0.8765 0.0456 -0.7540
vt -0.8765 0.0628 -0.7513
vt -0.8765 0.0293 -0.7626
vt -0.8765 0.0168 -0.7761
vt -0.8765 0.0097 -0.7920
vt -0.8765 -0.0465 -1.0003
vt -0.8765 0.0073 -0.8009
vt -0.8765 -0.0560 -1.0256
vt -0.8765 -0.0489 -1.0092
vt -0.8765 -0.0685 -1.0392
vt -0.8765 -0.0856 -1.0482
vt -0.8765 -0.1020 -1.0513
vt -0.8765 -0.5313 -1.0513
vt -0.8765 -0.1128 -1.0513
vt -0.8765 -0.5605 -1.0477
vt -0.8765 -0.5421 -1.0513
vt -0.8765 -0.5775 -1.0366
vt -0.8765 -0.5886 -1.0197
vt -0.8765 -0.5921 -0.9972
vt -1.0231 0.0724 -0.7368
vt -1.0231 3.6641 -0.7368
vt -1.0236 0.0456 -0.7395
vt -1.0231 0.0628 -0.7368
vt -1.0253 0.0293 -0.7480
vt -1.0279 0.0168 -0.7612
vt -1.0310 0.0097 -0.7768
vt -1.0716 -0.0465 -0.9811
vt -1.0327 0.0073 -0.7855
vt -1.0766 -0.0560 -1.0059
vt -1.0734 -0.0489 -0.9898
vt -1.0792 -0.0685 -1.0192
vt -1.0810 -0.0856 -1.0280
vt -1.0816 -0.1020 -1.0311
vt -1.0816 -0.5313 -1.0311
vt -1.0816 -0.1128 -1.0311
vt -1.0809 -0.5605 -1.0276
vt -1.0816 -0.5421 -1.0311
vt -1.0787 -0.5775 -1.0167
vt -1.0754 -0.5886 -1.0001
vt -1.0710 -0.5921 -0.9781
vt -1.1640 0.0724 -0.6941
vt -1.1640 3.6641 -0.6941
vt -1.1650 0.0456 -0.6966
vt -1.1640 0.0628 -0.6941
vt -1.1683 0.0293 -0.7046
vt -1.1735 0.0168 -0.7170
vt -1.1796 0.0097 -0.7317
vt -1.2593 -0.0465 -0.9242
vt -1.1830 0.0073 -0.7399
vt -1.2690 -0.0560 -0.9475
vt -1.2627 -0.0489 -0.9324
vt -1.2742 -0.0685 -0.9601
vt -1.2776 -0.0856 -0.9684
vt -1.2788 -0.1020 -0.9712
vt -1.2788 -0.5313 -0.9712
vt -1.2788 -0.1128 -0.9712
vt -1.2774 -0.5605 -0.9680
vt -1.2788 -0.5421 -0.9712
vt -1.2732 -0.5775 -0.9577
vt -1.2667 -0.5886 -0.9420
vt -1.2581 -0.5921 -0.9213
vt -1.2939 0.0724 -0.6246
vt -1.2939 3.6641 -0.6247
vt -1.2954 0.0456 -0.6269
vt -1.2939 0.0628 -0.6246
vt -1.3002 0.0293 -0.6341
vt -1.3077 0.0168 -0.6453
vt -1.3165 0.0097 -0.6585
vt -1.4322 -0.0465 -0.8317
vt -1.3214 0.0073 -0.6659
vt -1.4463 -0.0560 -0.8528
vt -1.4372 -0.0489 -0.8391
vt -1.4538 -0.0685 -0.8641
vt -1.4588 -0.0856 -0.8715
vt -1.4605 -0.1020 -0.8741
vt -1.4605 -0.5313 -0.8741
vt -1.4605 -0.1128 -0.8741
vt -1.4586 -0.5605 -0.8712
vt -1.4605 -0.5421 -0.8741
vt -1.4524 -0.5775 -0.8619
vt -1.4430 -0.5886 -0.8478
vt -1.4305 -0.5921 -0.8292
vt -1.4077 0.0724 -0.5312
vt -1.4077 3.6641 -0.5312
vt -1.4097 0.0456 -0.5332
vt -1.4077 0.0628 -0.5312
vt -1.4157 0.0293 -0.5393
vt -1.4253 0.0168 -0.5488
vt -1.4365 0.0097 -0.5600
vt -1.5838 -0.0465 -0.7073
vt -1.4428 0.0073 -0.5663
vt -1.6017 -0.0560 -0.7252
vt -1.5901 -0.0489 -0.7136
vt -1.6113 -0.0685 -0.7348
vt -1.6177 -0.0856 -0.7412
vt -1.6198 -0.1020 -0.7434
vt -1.6198 -0.5313 -0.7434
vt -1.6198 -0.1128 -0.7434
vt -1.6174 -0.5605 -0.7409
vt -1.6198 -0.5421 -0.7434
vt -1.6095 -0.5775 -0.7330
vt -1.5975 -0.5886 -0.7210
vt -1.5816 -0.5921 -0.7051
vt -1.5011 0.0724 -0.4174
vt -1.5011 3.6641 -0.4174
vt -1.5034 0.0456 -0.4189
vt -1.5011 0.0628 -0.4174
vt -1.5106 0.0293 -0.4237
vt -1.5218 0.0168 -0.4312
vt -1.5350 0.0097 -0.4400
vt -1.7082 -0.0465 -0.5557
vt -1.5424 0.0073 -0.4450
vt -1.7293 -0.0560 -0.5698
vt -1.7156 -0.0489 -0.5607
vt -1.7406 -0.0685 -0.5774
vt -1.7480 -0.0856 -0.5823
vt -1.7506 -0.1020 -0.5840
vt -1.7506 -0.5313 -0.5840
vt -1.7506 -0.1128 -0.5840
vt -1.7477 -0.5605 -0.5821
vt -1.7506 -0.5421 -0.5840
vt -1.7384 -0.5775 -0.5759
vt -1.7243 -0.5886 -0.5665
vt -1.7056 -0.5921 -0.5540
vt -1.5706 0.0724 -0.2875
vt -1.5706 3.6641 -0.2875
vt -1.5731 0.0456 -0.2886
vt -1.5706 0.0628 -0.2875
vt -1.5811 0.0293 -0.2918
vt -1.5935 0.0168 -0.2970
vt -1.6082 0.0097 -0.3031
vt -1.8007 -0.0465 -0.3828
vt -1.6164 0.0073 -0.3065
vt -1.8240 -0.0560 -0.3925
vt -1.8089 -0.0489 -0.3862
vt -1.8366 -0.0685 -0.3977
vt -1.8449 -0.0856 -0.4011
vt -1.8477 -0.1020 -0.4023
vt -1.8477 -0.5313 -0.4023
vt -1.8477 -0.1128 -0.4023
vt -1.8445 -0.5605 -0.4010
vt -1.8477 -0.5421 -0.4023
vt -1.8342 -0.5775 -0.3967
vt -1.8185 -0.5886 -0.3902
vt -1.7978 -0.5921 -0.3816
vt -1.6133 0.0724 -0.1466
vt -1.6133 3.6641 -0.1466
vt -1.6160 0.0456 -0.1471
vt -1.6133 0.0628 -0.1466
vt -1.6245 0.0293 -0.1488
vt -1.6377 0.0168 -0.1514
vt -1.6533 0.0097 -0.1545
vt -1.8576 -0.0465 -0.1952
vt -1.6620 0.0073 -0.1562
vt -1.8824 -0.0560 -0.2001
vt -1.8663 -0.0489 -0.1969
vt -1.8957 -0.0685 -0.2027
vt -1.9045 -0.0856 -0.2045
vt -1.9076 -0.1020 -0.2051
vt -1.9076 -0.5313 -0.2051
vt -1.9076 -0.1128 -0.2051
vt -1.9041 -0.5605 -0.2044
vt -1.9076 -0.5421 -0.2051
vt -1.8932 -0.5775 -0.2022
vt -1.8766 -0.5886 -0.1989
vt -1.8545 -0.5921 -0.1945
vt -1.6278 0.0724 -0.0000
vt -1.6278 3.6641 -0.0000
vt -1.6305 0.0456 -0.0000
vt -1.6278 0.0628 -0.0000
vt -1.6391 0.0293 -0.0000
vt -1.6526 0.0168 -0.0000
vt -1.6685 0.0097 -0.0000
vt -1.8768 -0.0465 -0.0000
vt -1.6774 0.0073 -0.0000
vt -1.9021 -0.0560 -0.0000
vt -1.8857 -0.0489 -0.0000
vt -1.9157 -0.0685 -0.0000
vt -1.9247 -0.0856 -0.0000
vt -1.9278 -0.1020 -0.0000
vt -1.9278 -0.5313 0.0000
vt -1.9278 -0.1128 -0.0000
vt -1.9242 -0.5605 0.0000
vt -1.9278 -0.5421 0.0000
vt -1.9131 -0.5775 0.0000
vt -1.8962 -0.5886 0.0000
vt -1.8737 -0.5921 0.0000
vt -1.6133 0.0724 0.1466
vt -1.6133 3.6641 0.1466
vt -1.6160 0.0456 0.1471
vt -1.6133 0.0628 0.1466
vt -1.6245 0.0293 0.1488
vt -1.6377 0.0168 0.1514
vt -1.6533 0.0097 0.1545
vt -1.8576 -0.0465 0.1952
vt -1.6620 0.0073 0.1562
vt -1.8824 -0.0560 0.2001
vt -1.8663 -0.0489 0.1969
vt -1.8957 -0.0685 0.2027
vt -1.9045 -0.0856 0.2045
vt -1.9076 -0.1020 0.2051
vt -1.9076 -0.5313 0.2051
vt -1.9076 -0.1128 0.2051
vt -1.9041 -0.5605 0.2044
vt -1.9076 -0.5421 0.2051
vt -1.8932 -0.5775 0.2022
vt -1.8766 -0.5886 0.1989
vt -1.8545 -0.5921 0.1945
vt -1.5706 0.0724 0.2875
vt -1.5706 3.6641 0.2875
vt -1.5731 0.0456 0.2886
vt -1.5706 0.0628 0.2875
vt -1.5811 0.0293 0.2918
vt -1.5935 0.0168 0.2970
vt -1.6082 0.0097 0.3031
vt -1.8007 -0.0465 0.3828
vt -1.6164 0.0073 0.3065
vt -1.8240 -0.0560 0.3925
vt -1.8089 -0.0489 0.3862
vt -1.8366 -0.0685 0.3977
vt -1.8449 -0.0856 0.4011
vt -1.8477 -0.1020 0.4023
vt -1.8477 -0.5313 0.4023
vt -1.8477 -0.1128 0.4023
vt -1.8445 -0.5605 0.4010
vt -1.8477 -0.5421 0.4023
vt -1.8342 -0.5775 0.3967
vt -1.8185 -0.5886 0.3902
vt -1.7978 -0.5921 0.3816
vt -1.5011 0.0724 0.4174
vt -1.5011 3.6641 0.4174
vt -1.5034 0.0456 0.4189
vt -1.5011 0.0628 0.4174
vt -1.5106 0.0293 0.4237
vt -1.5218 0.0168 0.4312
vt -1.5350 0.0097 0.4400
vt -1.7082 -0.0465 0.5557
vt -1.5424 0.0073 0.4450
vt -1.7293 -0.0560 0.5698
vt -1.7156 -0.0489 0.5607
vt -1.7406 -0.0685 0.5774
vt -1.7480 -0.0856 0.5823
vt -1.7506 -0.1020 0.5840
vt -1.7506 -0.5313 0.5840
vt -1.7506 -0.1128 0.5840
vt -1.7477 -0.5605 0.5821
vt -1.7506 -0.5421 0.5840
vt -1.7384 -0.5775 0.5759
vt -1.7243 -0.5886 0.5665
vt -1.7056 -0.5921 0.5540
vt -1.4077 0.0724 0.5312
vt -1.4077 3.6641 0.5312
vt -1.4097 0.0456 0.5332
vt -1.4077 0.0628 0.5312
vt -1.4157 0.0293 0.5393
vt -1.4253 0.0168 0.5488
vt -1.4365 0.0097 0.5600
vt -1.5838 -0.0465 0.7073
vt -1.4428 0.0073 0.5663
vt -1.6017 -0.0560 0.7252
vt -1.5901 -0.0489 0.7136
vt -1.6113 -0.0685 0.7348
vt -1.6177 -0.0856 0.7412
vt -1.6198 -0.1020 0.7434
vt -1.6198 -0.5313 0.7434
vt -1.6198 -0.1128 0.7434
vt -1.6174 -0.5605 0.7409
vt -1.6198 -0.5421 0.7434
vt -1.6095 -0.5775 0.7330
vt -1.5975 -0.5886 0.7210
vt -1.5816 -0.5921 0.7051
vt -1.2939 0.0724 0.6246
vt -1.2939 3.6641 0.6246
vt -1.2954 0.0456 0.6269
vt -1.2939 0.0628 0.6246
vt -1.3002 0.0293 0.6341
vt -1.3077 0.0168 0.6453
vt -1.3165 0.0097 0.6585
vt -1.4322 -0.0465 0.8317
vt -1.3214 0.0073 0.6659
vt -1.4463 -0.0560 0.8528
vt -1.4372 -0.0489 0.8391
vt -1.4538 -0.0685 0.8641
vt -1.4588 -0.0856 0.8715
vt -1.4605 -0.1020 0.8741
vt -1.4605 -0.5313 0.8741
vt -1.4605 -0.1128 0.8741
vt -1.4586 -0.5605 0.8712
vt -1.4605 -0.5421 0.8741
vt -1.4524 -0.5775 0.8619
vt -1.4430 -0.5886 0.8478
vt -1.4305 -0.5921 0.8292
vt -1.1640 0.0724 0.6941
vt -1.1640 3.6641 0.6941
vt -1.1650 0.0456 0.6966
vt -1.1640 0.0628 0.6941
vt -1.1683 0.0293 0.7046
vt -1.1735 0.0168 0.7170
vt -1.1796 0.0097 0.7317
vt -1.2593 -0.0465 0.9242
vt -1.1830 0.0073 0.7399
vt -1.2690 -0.0560 0.9475
vt -1.2627 -0.0489 0.9324
vt -1.2742 -0.0685 0.9601
vt -1.2776 -0.0856 0.9684
vt -1.2788 -0.1020 0.9712
vt -1.2788 -0.5313 0.9712
vt -1.2788 -0.1128 0.9712
vt -1.2774 -0.5605 0.9680
vt -1.2788 -0.5421 0.9712
vt -1.2732 -0.5775 0.9577
vt -1.2667 -0.5886 0.9420
vt -1.2581 -0.5921 0.9213
vt -1.0231 0.0724 0.7368
vt -1.0231 3.6641 0.7368
vt -1.0236 0.0456 0.7395
vt -1.0231 0.0628 0.7368
vt -1.0253 0.0293 0.7480
vt -1.0279 0.0168 0.7612
vt -1.0310 0.0097 0.7768
vt -1.0716 -0.0465 0.9811
vt -1.0327 0.0073 0.7855
vt -1.0766 -0.0560 1.0059
vt -1.0734 -0.0489 0.9898
vt -1.0792 -0.0685 1.0192
vt -1.0810 -0.0856 1.0280
vt -1.0816 -0.1020 1.0311
vt -1.0816 -0.5313 1.0311
vt -1.0816 -0.1128 1.0311
vt -1.0809 -0.5605 1.0276
vt -1.0816 -0.5421 1.0311
vt -1.0787 -0.5775 1.0167
vt -1.0754 -0.5886 1.0001
vt -1.0710 -0.5921 0.9781
vt -0.8765 0.0724 0.7513
vt -0.8765 3.6641 0.7513
vt -0.8765 0.0456 0.7540
vt -0.8765 0.0628 0.7513
vt -0.8765 0.0293 0.7626
vt -0.8765 0.0168 0.7761
vt -0.8765 0.0097 0.7920
vt -0.8765 -0.0465 1.0003
vt -0.8765 0.0073 0.8009
vt -0.8765 -0.0560 1.0256
vt -0.8765 -0.0489 1.0092
vt -0.8765 -0.0685 1.0392
vt -0.8765 -0.0856 1.0482
vt -0.8765 -0.1020 1.0513
vt -0.8765 -0.5313 1.0513
vt -0.8765 -0.1128 1.0513
vt -0.8765 -0.5605 1.0477
vt -0.8765 -0.5421 1.0513
vt -0.8765 -0.5775 1.0366
vt -0.8765 -0.5886 1.0197
vt -0.8765 -0.5921 0.9972
vt -0.7299 0.0724 0.7368
vt -0.7299 3.6641 0.7368
vt -0.7294 0.0456 0.7395
vt -0.7299 0.0628 0.7368
vt -0.7277 0.0293 0.7480
vt -0.7251 0.0168 0.7612
vt -0.7220 0.0097 0.7768
vt -0.6813 -0.0465 0.9811
vt -0.7202 0.0073 0.7855
vt -0.6764 -0.0560 1.0059
vt -0.6796 -0.0489 0.9898
vt -0.6738 -0.0685 1.0192
vt -0.6720 -0.0856 1.0280
vt -0.6714 -0.1020 1.0311
vt -0.6714 -0.5313 1.0311
vt -0.6714 -0.1128 1.0311
vt -0.6721 -0.5605 1.0276
vt -0.6714 -0.5421 1.0311
vt -0.6743 -0.5775 1.0167
vt -0.6776 -0.5886 1.0001
vt -0.6819 -0.5921 0.9781
vt -0.5890 0.0724 0.6941
vt -0.5890 3.6641 0.6941
vt -0.5879 0.0456 0.6966
vt -0.5890 0.0628 0.6941
vt -0.5846 0.0293 0.7046
vt -0.5795 0.0168 0.7170
vt -0.5734 0.0097 0.7317
vt -0.4937 -0.0465 0.9242
vt -0.5700 0.0073 0.7399
vt -0.4840 -0.0560 0.9475
vt -0.4903 -0.0489 0.9324
vt -0.4788 -0.0685 0.9601
vt -0.4754 -0.0856 0.9684
vt -0.4742 -0.1020 0.9712
vt -0.4742 -0.5313 0.9712
vt -0.4742 -0.1128 0.9712
vt -0.4755 -0.5605 0.9680
vt -0.4742 -0.5421 0.9712
vt -0.4798 -0.5775 0.9577
vt -0.4863 -0.5886 0.9420
vt -0.4949 -0.5921 0.9213
vt -0.4591 0.0724 0.6246
vt -0.4591 3.6641 0.6246
vt -0.4576 0.0456 0.6269
vt -0.4591 0.0628 0.6246
vt -0.4528 0.0293 0.6341
vt -0.4453 0.0168 0.6453
vt -0.4365 0.0097 0.6585
vt -0.3207 -0.0465 0.8317
vt -0.4315 0.0073 0.6659
vt -0.3067 -0.0560 0.8528
vt -0.3158 -0.0489 0.8391
vt -0.2991 -0.0685 0.8641
vt -0.2941 -0.0856 0.8715
vt -0.2924 -0.1020 0.8741
vt -0.2924 -0.5313 0.8741
vt -0.2924 -0.1128 0.8741
vt -0.2944 -0.5605 0.8712
vt -0.2924 -0.5421 0.8741
vt -0.3006 -0.5775 0.8619
vt -0.3100 -0.5886 0.8478
vt -0.3225 -0.5921 0.8292
vt -0.3453 0.0724 0.5312
vt -0.3453 3.6641 0.5312
vt -0.3433 0.0456 0.5332
vt -0.3453 0.0628 0.5312
vt -0.3372 0.0293 0.5393
vt -0.3277 0.0168 0.5488
vt -0.3164 0.0097 0.5600
vt -0.1692 -0.0465 0.7073
vt -0.3102 0.0073 0.5663
vt -0.1513 -0.0560 0.7252
vt -0.1629 -0.0489 0.7136
vt -0.1417 -0.0685 0.7348
vt -0.1353 -0.0856 0.7412
vt -0.1331 -0.1020 0.7434
vt -0.1331 -0.5313 0.7434
vt -0.1331 -0.1128 0.7434
vt -0.1356 -0.5605 0.7409
vt -0.1331 -0.5421 0.7434
vt -0.1435 -0.5775 0.7330
vt -0.1555 -0.5886 0.7210
vt -0.1714 -0.5921 0.7051
vt -0.2518 0.0724 0.4174
vt -0.2518 3.6641 0.4174
vt -0.2495 0.0456 0.4189
vt -0.2518 0.0628 0.4174
vt -0.2424 0.0293 0.4237
vt -0.2312 0.0168 0.4312
vt -0.2179 0.0097 0.4400
vt -0.0448 -0.0465 0.5557
vt -0.2106 0.0073 0.4450
vt -0.0237 -0.0560 0.5698
vt -0.0374 -0.0489 0.5607
vt -0.0124 -0.0685 0.5774
vt -0.0050 -0.0856 0.5823
vt -0.0024 -0.1020 0.5840
vt -0.0024 -0.5313 0.5840
vt -0.0024 -0.1128 0.5840
vt -0.0053 -0.5605 0.5821
vt -0.0024 -0.5421 0.5840
vt -0.0146 -0.5775 0.5759
vt -0.0287 -0.5886 0.5665
vt -0.0473 -0.5921 0.5540
vt -0.1824 0.0724 0.2875
vt -0.1824 3.6641 0.2875
vt -0.1799 0.0456 0.2886
vt -0.1824 0.0628 0.2875
vt -0.1719 0.0293 0.2918
vt -0.1595 0.0168 0.2970
vt -0.1448 0.0097 0.3031
vt 0.0477 -0.0465 0.3828
vt -0.1366 0.0073 0.3065
vt 0.0710 -0.0560 0.3925
vt 0.0559 -0.0489 0.3862
vt 0.0836 -0.0685 0.3977
vt 0.0919 -0.0856 0.4011
vt 0.0947 -0.1020 0.4023
vt 0.0947 -0.5313 0.4023
vt 0.0947 -0.1128 0.4023
vt 0.0915 -0.5605 0.4010
vt 0.0947 -0.5421 0.4023
vt 0.0812 -0.5775 0.3967
vt 0.0656 -0.5886 0.3902
vt 0.0448 -0.5921 0.3816
vt -0.1397 0.0724 0.1466
vt -0.1397 3.6641 0.1466
vt -0.1370 0.0456 0.1471
vt -0.1397 0.0628 0.1466
vt -0.1285 0.0293 0.1488
vt -0.1153 0.0168 0.1514
vt -0.0997 0.0097 0.1545
vt 0.1046 -0.0465 0.1952
vt -0.0910 0.0073 0.1562
vt 0.1294 -0.0560 0.2001
vt 0.1133 -0.0489 0.1969
vt 0.1428 -0.0685 0.2027
vt 0.1516 -0.0856 0.2045
vt 0.1546 -0.1020 0.2051
vt 0.1546 -0.5313 0.2051
vt 0.1546 -0.1128 0.2051
vt 0.1511 -0.5605 0.2044
vt 0.1546 -0.5421 0.2051
vt 0.1402 -0.5775 0.2022
vt 0.1236 -0.5886 0.1989
vt 0.1016 -0.5921 0.1945
vt 0.1107 -0.5921 0.0000
vt 0.0917 -0.5921 0.1926
vt 0.0355 -0.5921 0.3778
vt -0.0557 -0.5921 0.5484
vt -0.1785 -0.5921 0.6980
vt -0.3281 -0.5921 0.8208
vt -0.4987 -0.5921 0.9120
vt -0.6839 -0.5921 0.9682
vt -0.8765 -0.5921 0.9872
vt -1.0691 -0.5921 0.9682
vt -1.2543 -0.5921 0.9120
vt -1.4249 -0.5921 0.8208
vt -1.5745 -0.5921 0.6980
vt -1.6973 -0.5921 0.5484
vt -1.7885 -0.5921 0.3778
vt -1.8447 -0.5921 0.1926
vt -1.8637 -0.5921 0.0000
vt -1.8447 -0.5921 -0.1926
vt -1.7885 -0.5921 -0.3778
vt -1.6973 -0.5921 -0.5484
vt -1.5745 -0.5921 -0.6980
vt -1.4249 -0.5921 -0.8208
vt -1.2543 -0.5921 -0.9120
vt -1.0691 -0.5921 -0.9682
vt -0.8765 -0.5921 -0.9872
vt -0.6839 -0.5921 -0.9682
vt -0.4987 -0.5921 -0.9120
vt -0.3281 -0.5921 -0.8208
vt -0.1785 -0.5921 -0.6980
vt -0.0557 -0.5921 -0.5484
vt 0.0355 -0.5921 -0.3778
vt 0.0917 -0.5921 -0.1926
vt 0.0000 0.0000 1.0000
vt 0.0313 0.0000 1.0000
vt 0.0313 0.2500 1.0000
vt 0.0000 0.2500 1.0000
vt 0.0625 0.0000 1.0000
vt 0.0625 0.2500 1.0000
vt 0.0938 0.0000 1.0000
vt 0.0938 0.2500 1.0000
vt 0.1250 0.0000 1.0000
vt 0.1250 0.2500 1.0000
vt 0.1563 0.0000 1.0000
vt 0.1563 0.2500 1.0000
vt 0.1875 0.0000 1.0000
vt 0.1875 0.2500 1.0000
vt 0.2188 0.0000 1.0000
vt 0.2188 0.2500 1.0000
vt 0.2500 0.0000 1.0000
vt 0.2500 0.2500 1.0000
vt 0.2813 0.0000 1.0000
vt 0.2813 0.2500 1.0000
vt 0.3125 0.0000 1.0000
vt 0.3125 0.2500 1.0000
vt 0.3438 0.0000 1.0000
vt 0.3438 0.2500 1.0000
vt 0.3750 0.0000 1.0000
vt 0.3750 0.2500 1.0000
vt 0.4063 0.0000 1.0000
vt 0.4063 0.2500 1.0000
vt 0.4375 0.0000 1.0000
vt 0.4375 0.2500 1.0000
vt 0.4688 0.0000 1.0000
vt 0.4688 0.2500 1.0000
vt 0.5000 0.4089 1.0000
vt 0.5000 0.5000 1.0000
vt 0.4910 0.5107 1.0000
vt 0.4688 0.5000 1.0000
vt 0.0313 0.5000 1.0000
vt 0.0313 0.7500 1.0000
vt 0.0000 0.7500 1.0000
vt 0.0000 0.5000 1.0000
vt 0.0625 0.5000 1.0000
vt 0.0625 0.7500 1.0000
vt 0.0938 0.5000 1.0000
vt 0.0938 0.7500 1.0000
vt 0.1250 0.5000 1.0000
vt 0.1250 0.7500 1.0000
vt 0.1563 0.5000 1.0000
vt 0.1563 0.7500 1.0000
vt 0.1875 0.5000 1.0000
vt 0.1875 0.7500 1.0000
vt 0.2188 0.5000 1.0000
vt 0.2188 0.7500 1.0000
vt 0.2500 0.5000 1.0000
vt 0.2500 0.7500 1.0000
vt 0.2813 0.5000 1.0000
vt 0.2813 0.7500 1.0000
vt 0.3125 0.5000 1.0000
vt 0.3125 0.7500 1.0000
vt 0.3438 0.5000 1.0000
vt 0.3438 0.7500 1.0000
vt 0.3750 0.5000 1.0000
vt 0.3750 0.7500 1.0000
vt 0.4063 0.5000 1.0000
vt 0.4063 0.7500 1.0000
vt 0.4375 0.5000 1.0000
vt 0.4375 0.6098 1.0000
vt 0.4375 0.6953 1.0000
vt 0.4375 0.6740 1.0000
vt 0.4453 0.6569 1.0000
vt 0.5000 0.2045 1.0000
vt 0.4688 0.5416 1.0000
vt 0.4817 0.5454 1.0000
vt 0.0313 0.7537 1.0000
vt 0.0000 0.7537 1.0000
vt 0.0625 0.7537 1.0000
vt 0.0938 0.7537 1.0000
vt 0.1250 0.7537 1.0000
vt 0.1563 0.7537 1.0000
vt 0.1875 0.7537 1.0000
vt 0.2188 0.7537 1.0000
vt 0.2500 0.7537 1.0000
vt 0.2813 0.7537 1.0000
vt 0.3125 0.7537 1.0000
vt 0.3438 0.7537 1.0000
vt 0.3750 0.7537 1.0000
vt 0.4063 0.7537 1.0000
vt 0.4798 0.5528 1.0000
vt 0.4674 0.5481 1.0000
vt 0.4063 0.8375 1.0000
vt 0.4063 0.8156 1.0000
vt 0.4250 0.8335 1.0000
vt 0.4312 0.7644 1.0000
vt 0.4375 0.7353 1.0000
vt 0.4375 0.7510 1.0000
vt 0.4063 0.8504 1.0000
vt 0.4375 1.0000 1.0000
vt 0.4224 1.0000 1.0000
vt 0.4063 1.0000 1.0000
vt 0.4063 0.8633 1.0000
vt 0.0313 0.8650 1.0000
vt 0.0313 1.0000 1.0000
vt 0.0000 1.0000 1.0000
vt 0.0000 0.8650 1.0000
vt 0.0625 0.8650 1.0000
vt 0.0625 1.0000 1.0000
vt 0.0938 0.8650 1.0000
vt 0.0938 1.0000 1.0000
vt 0.1250 0.8650 1.0000
vt 0.1250 1.0000 1.0000
vt 0.1563 0.8650 1.0000
vt 0.1563 1.0000 1.0000
vt 0.1875 0.8650 1.0000
vt 0.1875 1.0000 1.0000
vt 0.2188 0.8650 1.0000
vt 0.2188 1.0000 1.0000
vt 0.2500 0.8650 1.0000
vt 0.2500 1.0000 1.0000
vt 0.2813 0.8650 1.0000
vt 0.2813 1.0000 1.0000
vt 0.3125 0.8650 1.0000
vt 0.3125 1.0000 1.0000
vt 0.3438 0.8650 1.0000
vt 0.3438 1.0000 1.0000
vt 0.3750 0.8650 1.0000
vt 0.3750 1.0000 1.0000
vt 0.0313 0.8363 1.0000
vt 0.0313 0.8506 1.0000
vt 0.0000 0.8506 1.0000
vt 0.0000 0.8363 1.0000
vt 0.0625 0.8363 1.0000
vt 0.0625 0.8506 1.0000
vt 0.0938 0.8363 1.0000
vt 0.0938 0.8506 1.0000
vt 0.1250 0.8363 1.0000
vt 0.1250 0.8506 1.0000
vt 0.1563 0.8363 1.0000
vt 0.1563 0.8506 1.0000
vt 0.1875 0.8363 1.0000
vt 0.1875 0.8506 1.0000
vt 0.2188 0.8363 1.0000
vt 0.2188 0.8506 1.0000
vt 0.2500 0.8363 1.0000
vt 0.2500 0.8506 1.0000
vt 0.2813 0.8363 1.0000
vt 0.2813 0.8506 1.0000
vt 0.3125 0.8363 1.0000
vt 0.3125 0.8506 1.0000
vt 0.3438 0.8363 1.0000
vt 0.3438 0.8506 1.0000
vt 0.3750 0.8363 1.0000
vt 0.3750 0.8506 1.0000
vt 0.4375 0.6526 1.0000
vt 0.4375 0.6134 1.0000
vt 0.4531 0.6185 1.0000
vt 0.0313 0.7931 1.0000
vt 0.0313 0.8147 1.0000
vt 0.0000 0.8147 1.0000
vt 0.0000 0.7931 1.0000
vt 0.0625 0.7931 1.0000
vt 0.0625 0.8147 1.0000
vt 0.0938 0.7931 1.0000
vt 0.0938 0.8147 1.0000
vt 0.1250 0.7931 1.0000
vt 0.1250 0.8147 1.0000
vt 0.1563 0.7931 1.0000
vt 0.1563 0.8147 1.0000
vt 0.1875 0.7931 1.0000
vt 0.1875 0.8147 1.0000
vt 0.2188 0.7931 1.0000
vt 0.2188 0.8147 1.0000
vt 0.2500 0.7931 1.0000
vt 0.2500 0.8147 1.0000
vt 0.2813 0.7931 1.0000
vt 0.2813 0.8147 1.0000
vt 0.3125 0.7931 1.0000
vt 0.3125 0.8147 1.0000
vt 0.3438 0.7931 1.0000
vt 0.3438 0.8147 1.0000
vt 0.3750 0.7931 1.0000
vt 0.3750 0.8147 1.0000
vt 0.4063 0.7938 1.0000
vt 0.4596 0.6325 1.0000
vt 0.4485 0.6760 1.0000
vt 0.4375 0.7196 1.0000
vt 0.4430 0.6978 1.0000
vt 0.4527 0.6597 1.0000
vt 0.4734 0.5780 1.0000
vt 0.4807 0.5491 1.0000
vt 0.4623 0.6216 1.0000
vt 0.4970 0.5062 1.0000
vt 0.4939 0.5125 1.0000
vt 0.4909 0.5160 1.0000
vt 0.4910 0.5134 1.0000
vt 0.4878 0.5276 1.0000
vt 0.4847 0.5365 1.0000
vt 0.4909 0.5187 1.0000
vt 0.4706 0.5889 1.0000
vt 0.4789 0.5562 1.0000
vt 0.4651 0.6107 1.0000
vt 0.4692 0.5944 1.0000
vt 0.4761 0.5671 1.0000
vt 0.4775 0.5617 1.0000
vt 0.4800 0.5518 1.0000
vt 0.3475 1.0000 1.0000
vt 0.2864 1.0000 1.0000
vt 0.3045 1.0000 1.0000
vt 0.3437 1.0000 1.0000
vt 0.2284 1.0000 1.0000
vt 0.2226 1.0000 1.0000
vt 0.2598 1.0000 1.0000
vt 0.2656 1.0000 1.0000
vt 0.2133 1.0000 1.0000
vt 0.3522 1.0000 1.0000
vt 0.3849 1.0000 1.0000
vt 0.4504 1.0000 1.0000
vt 0.2315 1.0000 1.0000
vt 0.3170 1.0000 1.0000
vt 0.2574 1.0000 1.0000
vt 0.2422 1.0000 1.0000
vt 0.3205 1.0000 1.0000
vt 0.1794 1.0000 1.0000
vt 0.2078 1.0000 1.0000
vt 0.1507 1.0000 1.0000
vt 0.4247 1.0000 1.0000
vt 0.5000 0.0000 1.0000
vt 0.3574 0.3857 -0.0000
vt 0.3574 0.3999 -0.0000
vt 0.3609 0.3999 0.0266
vt 0.3609 0.3857 0.0266
vt 0.3521 0.4202 -0.0000
vt 0.3558 0.4202 0.0279
vt 0.3390 0.4388 -0.0000
vt 0.3431 0.4388 0.0313
vt 0.3212 0.4498 -0.0000
vt 0.3260 0.4498 0.0359
vt 0.2991 0.4534 -0.0000
vt 0.3046 0.4534 0.0416
vt 0.2866 0.4527 -0.0000
vt 0.2925 0.4527 0.0449
vt 0.1485 0.4438 -0.0000
vt 0.1591 0.4438 0.0806
vt -0.0148 0.4251 -0.0000
vt 0.0014 0.4251 0.1229
vt -0.1778 0.3988 -0.0000
vt -0.1560 0.3988 0.1651
vt -0.2968 0.3739 -0.0000
vt -0.2710 0.3739 0.1959
vt -0.3059 0.3720 -0.0000
vt -0.2798 0.3720 0.1982
vt -0.3255 0.3610 -0.0000
vt -0.2987 0.3610 0.2033
vt -0.3378 0.3423 -0.0000
vt -0.3106 0.3423 0.2065
vt -0.3416 0.3194 -0.0000
vt -0.3143 0.3194 0.2075
vt -0.3416 0.3092 0.0000
vt -0.3143 0.3092 0.2075
vt -0.3416 0.1529 -0.0000
vt -0.3143 0.1529 0.2075
vt -0.3416 0.1407 -0.0000
vt -0.3143 0.1407 0.2075
vt -0.3353 0.1148 0.0000
vt -0.3082 0.1148 0.2058
vt -0.3153 0.0927 0.0000
vt -0.2889 0.0927 0.2007
vt 0.3711 0.3999 0.0513
vt 0.3711 0.3857 0.0513
vt 0.3666 0.4202 0.0539
vt 0.3552 0.4388 0.0605
vt 0.3398 0.4498 0.0694
vt 0.3207 0.4534 0.0804
vt 0.3099 0.4527 0.0867
vt 0.1903 0.4438 0.1557
vt 0.0488 0.4251 0.2374
vt -0.0923 0.3988 0.3189
vt -0.1954 0.3739 0.3784
vt -0.2033 0.3720 0.3829
vt -0.2203 0.3610 0.3927
vt -0.2309 0.3423 0.3989
vt -0.2342 0.3194 0.4008
vt -0.2342 0.3092 0.4008
vt -0.2342 0.1529 0.4008
vt -0.2342 0.1407 0.4008
vt -0.2288 0.1148 0.3976
vt -0.2115 0.0927 0.3877
vt 0.3874 0.3999 0.0726
vt 0.3874 0.3857 0.0726
vt 0.3837 0.4202 0.0763
vt 0.3744 0.4388 0.0855
vt 0.3619 0.4498 0.0981
vt 0.3462 0.4534 0.1138
vt 0.3374 0.4527 0.1226
vt 0.2398 0.4438 0.2202
vt 0.1243 0.4251 0.3357
vt 0.0090 0.3988 0.4509
vt -0.0752 0.3739 0.5351
vt -0.0816 0.3720 0.5416
vt -0.0954 0.3610 0.5554
vt -0.1041 0.3423 0.5641
vt -0.1069 0.3194 0.5668
vt -0.1069 0.3092 0.5668
vt -0.1068 0.1529 0.5668
vt -0.1068 0.1407 0.5668
vt -0.1024 0.1148 0.5624
vt -0.0882 0.0927 0.5482
vt 0.4087 0.3999 0.0889
vt 0.4087 0.3857 0.0889
vt 0.4061 0.4202 0.0934
vt 0.3995 0.4388 0.1048
vt 0.3906 0.4498 0.1202
vt 0.3795 0.4534 0.1393
vt 0.3733 0.4527 0.1501
vt 0.3043 0.4438 0.2697
vt 0.2226 0.4251 0.4112
vt 0.1411 0.3988 0.5523
vt 0.0816 0.3739 0.6554
vt 0.0770 0.3720 0.6633
vt 0.0672 0.3610 0.6803
vt 0.0611 0.3423 0.6909
vt 0.0592 0.3194 0.6942
vt 0.0592 0.3092 0.6942
vt 0.0592 0.1529 0.6942
vt 0.0592 0.1407 0.6942
vt 0.0623 0.1148 0.6887
vt 0.0723 0.0927 0.6714
vt 0.4334 0.3999 0.0991
vt 0.4334 0.3857 0.0991
vt 0.4321 0.4202 0.1042
vt 0.4287 0.4388 0.1168
vt 0.4241 0.4498 0.1340
vt 0.4183 0.4534 0.1554
vt 0.4151 0.4527 0.1674
vt 0.3794 0.4438 0.3008
vt 0.3371 0.4251 0.4586
vt 0.2949 0.3988 0.6160
vt 0.2641 0.3739 0.7310
vt 0.2618 0.3720 0.7398
vt 0.2567 0.3610 0.7587
vt 0.2535 0.3423 0.7706
vt 0.2525 0.3194 0.7743
vt 0.2525 0.3092 0.7743
vt 0.2525 0.1529 0.7743
vt 0.2525 0.1407 0.7743
vt 0.2541 0.1148 0.7682
vt 0.2593 0.0927 0.7489
vt 0.4600 0.3999 0.1026
vt 0.4600 0.3857 0.1026
vt 0.4600 0.4202 0.1079
vt 0.4600 0.4388 0.1210
vt 0.4600 0.4498 0.1387
vt 0.4600 0.4534 0.1609
vt 0.4600 0.4527 0.1733
vt 0.4600 0.4438 0.3114
vt 0.4600 0.4251 0.4748
vt 0.4600 0.3988 0.6377
vt 0.4600 0.3739 0.7568
vt 0.4600 0.3720 0.7659
vt 0.4600 0.3610 0.7855
vt 0.4600 0.3423 0.7977
vt 0.4600 0.3194 0.8016
vt 0.4600 0.3092 0.8016
vt 0.4600 0.1529 0.8016
vt 0.4600 0.1407 0.8016
vt 0.4600 0.1148 0.7953
vt 0.4600 0.0927 0.7753
vt 0.4865 0.3999 0.0991
vt 0.4865 0.3857 0.0991
vt 0.4879 0.4202 0.1042
vt 0.4913 0.4388 0.1168
vt 0.4959 0.4498 0.1340
vt 0.5016 0.4534 0.1554
vt 0.5048 0.4527 0.1674
vt 0.5406 0.4438 0.3008
vt 0.5829 0.4251 0.4586
vt 0.6250 0.3988 0.6160
vt 0.6559 0.3739 0.7310
vt 0.6582 0.3720 0.7398
vt 0.6633 0.3610 0.7587
vt 0.6665 0.3423 0.7706
vt 0.6675 0.3194 0.7743
vt 0.6675 0.3092 0.7743
vt 0.6675 0.1529 0.7743
vt 0.6675 0.1407 0.7743
vt 0.6658 0.1148 0.7682
vt 0.6606 0.0927 0.7489
vt 0.5113 0.3999 0.0889
vt 0.5113 0.3857 0.0889
vt 0.5139 0.4202 0.0934
vt 0.5205 0.4388 0.1048
vt 0.5294 0.4498 0.1202
vt 0.5404 0.4534 0.1393
vt 0.5467 0.4527 0.1501
vt 0.6157 0.4438 0.2697
vt 0.6974 0.4251 0.4112
vt 0.7788 0.3988 0.5523
vt 0.8384 0.3739 0.6554
vt 0.8429 0.3720 0.6633
vt 0.8527 0.3610 0.6803
vt 0.8589 0.3423 0.6909
vt 0.8608 0.3194 0.6942
vt 0.8608 0.3092 0.6942
vt 0.8608 0.1529 0.6942
vt 0.8608 0.1407 0.6942
vt 0.8576 0.1148 0.6887
vt 0.8476 0.0927 0.6714
vt 0.5325 0.3999 0.0726
vt 0.5325 0.3857 0.0726
vt 0.5362 0.4202 0.0763
vt 0.5455 0.4388 0.0855
vt 0.5581 0.4498 0.0981
vt 0.5737 0.4534 0.1138
vt 0.5826 0.4527 0.1226
vt 0.6802 0.4438 0.2202
vt 0.7957 0.4251 0.3357
vt 0.9109 0.3988 0.4509
vt 0.9951 0.3739 0.5351
vt 1.0016 0.3720 0.5416
vt 1.0154 0.3610 0.5554
vt 1.0241 0.3423 0.5641
vt 1.0268 0.3194 0.5668
vt 1.0268 0.3092 0.5668
vt 1.0268 0.1529 0.5668
vt 1.0268 0.1407 0.5668
vt 1.0223 0.1148 0.5624
vt 1.0082 0.0927 0.5482
vt 0.5488 0.3999 0.0513
vt 0.5488 0.3857 0.0513
vt 0.5534 0.4202 0.0539
vt 0.5647 0.4388 0.0605
vt 0.5801 0.4498 0.0694
vt 0.5993 0.4534 0.0804
vt 0.6101 0.4527 0.0867
vt 0.7297 0.4438 0.1557
vt 0.8712 0.4251 0.2374
vt 1.0123 0.3988 0.3189
vt 1.1154 0.3739 0.3784
vt 1.1233 0.3720 0.3829
vt 1.1402 0.3610 0.3927
vt 1.1508 0.3423 0.3989
vt 1.1542 0.3194 0.4008
vt 1.1542 0.3092 0.4008
vt 1.1542 0.1529 0.4008
vt 1.1542 0.1407 0.4008
vt 1.1487 0.1148 0.3976
vt 1.1314 0.0927 0.3877
vt 0.5591 0.3999 0.0266
vt 0.5591 0.3857 0.0266
vt 0.5642 0.4202 0.0279
vt 0.5768 0.4388 0.0313
vt 0.5940 0.4498 0.0359
vt 0.6154 0.4534 0.0416
vt 0.6274 0.4527 0.0449
vt 0.7608 0.4438 0.0806
vt 0.9186 0.4251 0.1229
vt 1.0760 0.3988 0.1651
vt 1.1910 0.3739 0.1959
vt 1.1998 0.3720 0.1982
vt 1.2187 0.3610 0.2033
vt 1.2305 0.3423 0.2065
vt 1.2343 0.3194 0.2075
vt 1.2343 0.3092 0.2075
vt 1.2343 0.1529 0.2075
vt 1.2343 0.1407 0.2075
vt 1.2282 0.1148 0.2058
vt 1.2089 0.0927 0.2007
vt 0.5626 0.3999 -0.0000
vt 0.5626 0.3857 -0.0000
vt 0.5678 0.4202 -0.0000
vt 0.5809 0.4388 -0.0000
vt 0.5987 0.4498 -0.0000
vt 0.6209 0.4534 -0.0000
vt 0.6333 0.4527 -0.0000
vt 0.7714 0.4438 -0.0000
vt 0.9348 0.4251 -0.0000
vt 1.0977 0.3988 -0.0000
vt 1.2168 0.3739 -0.0000
vt 1.2259 0.3720 -0.0000
vt 1.2455 0.3610 -0.0000
vt 1.2577 0.3423 -0.0000
vt 1.2616 0.3194 -0.0000
vt 1.2616 0.3092 -0.0000
vt 1.2616 0.1529 -0.0000
vt 1.2616 0.1407 -0.0000
vt 1.2553 0.1148 -0.0000
vt 1.2353 0.0927 -0.0000
vt 0.5591 0.3999 -0.0266
vt 0.5591 0.3857 -0.0266
vt 0.5642 0.4202 -0.0279
vt 0.5768 0.4388 -0.0313
vt 0.5940 0.4498 -0.0359
vt 0.6154 0.4534 -0.0416
vt 0.6274 0.4527 -0.0449
vt 0.7608 0.4438 -0.0806
vt 0.9186 0.4251 -0.1229
vt 1.0760 0.3988 -0.1651
vt 1.1910 0.3739 -0.1959
vt 1.1998 0.3720 -0.1982
vt 1.2187 0.3610 -0.2033
vt 1.2305 0.3423 -0.2065
vt 1.2343 0.3194 -0.2075
vt 1.2343 0.3092 -0.2075
vt 1.2343 0.1529 -0.2075
vt 1.2343 0.1407 -0.2075
vt 1.2282 0.1148 -0.2058
vt 1.2089 0.0927 -0.2007
vt 0.5488 0.3999 -0.0513
vt 0.5488 0.3857 -0.0513
vt 0.5534 0.4202 -0.0539
vt 0.5647 0.4388 -0.0605
vt 0.5801 0.4498 -0.0694
vt 0.5993 0.4534 -0.0804
vt 0.6101 0.4527 -0.0867
vt 0.7297 0.4438 -0.1557
vt 0.8712 0.4251 -0.2374
vt 1.0123 0.3988 -0.3189
vt 1.1154 0.3739 -0.3784
vt 1.1233 0.3720 -0.3829
vt 1.1402 0.3610 -0.3927
vt 1.1508 0.3423 -0.3989
vt 1.1542 0.3194 -0.4008
vt 1.1542 0.3092 -0.4008
vt 1.1542 0.1529 -0.4008
vt 1.1542 0.1407 -0.4008
vt 1.1487 0.1148 -0.3976
vt 1.1314 0.0927 -0.3877
vt 0.5325 0.3999 -0.0726
vt 0.5325 0.3857 -0.0726
vt 0.5362 0.4202 -0.0763
vt 0.5455 0.4388 -0.0855
vt 0.5581 0.4498 -0.0981
vt 0.5737 0.4534 -0.1138
vt 0.5826 0.4527 -0.1226
vt 0.6802 0.4438 -0.2202
vt 0.7957 0.4251 -0.3357
vt 0.9109 0.3988 -0.4509
vt 0.9951 0.3739 -0.5351
vt 1.0016 0.3720 -0.5416
vt 1.0154 0.3610 -0.5554
vt 1.0241 0.3423 -0.5641
vt 1.0268 0.3194 -0.5668
vt 1.0268 0.3092 -0.5668
vt 1.0268 0.1529 -0.5668
vt 1.0268 0.1407 -0.5668
vt 1.0223 0.1148 -0.5624
vt 1.0082 0.0927 -0.5482
vt 0.5113 0.3999 -0.0889
vt 0.5113 0.3857 -0.0889
vt 0.5139 0.4202 -0.0934
vt 0.5205 0.4388 -0.1048
vt 0.5294 0.4498 -0.1202
vt 0.5404 0.4534 -0.1393
vt 0.5467 0.4527 -0.1501
vt 0.6157 0.4438 -0.2697
vt 0.6974 0.4251 -0.4112
vt 0.7788 0.3988 -0.5523
vt 0.8384 0.3739 -0.6554
vt 0.8429 0.3720 -0.6633
vt 0.8527 0.3610 -0.6803
vt 0.8588 0.3423 -0.6909
vt 0.8608 0.3194 -0.6942
vt 0.8608 0.3092 -0.6942
vt 0.8608 0.1529 -0.6942
vt 0.8608 0.1407 -0.6942
vt 0.8576 0.1148 -0.6887
vt 0.8476 0.0927 -0.6714
vt 0.4865 0.3999 -0.0991
vt 0.4865 0.3857 -0.0991
vt 0.4879 0.4202 -0.1042
vt 0.4913 0.4388 -0.1168
vt 0.4959 0.4498 -0.1340
vt 0.5016 0.4534 -0.1554
vt 0.5048 0.4527 -0.1674
vt 0.5406 0.4438 -0.3008
vt 0.5829 0.4251 -0.4586
vt 0.6250 0.3988 -0.6160
vt 0.6559 0.3739 -0.7310
vt 0.6582 0.3720 -0.7398
vt 0.6633 0.3610 -0.7587
vt 0.6665 0.3423 -0.7706
vt 0.6675 0.3194 -0.7743
vt 0.6675 0.3092 -0.7743
vt 0.6675 0.1529 -0.7743
vt 0.6675 0.1407 -0.7743
vt 0.6658 0.1148 -0.7682
vt 0.6606 0.0927 -0.7489
vt 0.4600 0.3999 -0.1026
vt 0.4600 0.3857 -0.1026
vt 0.4600 0.4202 -0.1079
vt 0.4600 0.4388 -0.1210
vt 0.4600 0.4498 -0.1387
vt 0.4600 0.4534 -0.1609
vt 0.4600 0.4527 -0.1733
vt 0.4600 0.4438 -0.3114
vt 0.4600 0.4251 -0.4748
vt 0.4600 0.3988 -0.6377
vt 0.4600 0.3739 -0.7568
vt 0.4600 0.3720 -0.7659
vt 0.4600 0.3610 -0.7855
vt 0.4600 0.3423 -0.7977
vt 0.4600 0.3194 -0.8016
vt 0.4600 0.3092 -0.8016
vt 0.4600 0.1529 -0.8016
vt 0.4600 0.1407 -0.8016
vt 0.4600 0.1148 -0.7953
vt 0.4600 0.0927 -0.7753
vt 0.4334 0.3999 -0.0991
vt 0.4334 0.3857 -0.0991
vt 0.4321 0.4202 -0.1042
vt 0.4287 0.4388 -0.1168
vt 0.4241 0.4498 -0.1340
vt 0.4183 0.4534 -0.1554
vt 0.4151 0.4527 -0.1674
vt 0.3794 0.4438 -0.3008
vt 0.3371 0.4251 -0.4586
vt 0.2949 0.3988 -0.6160
vt 0.2641 0.3739 -0.7310
vt 0.2618 0.3720 -0.7398
vt 0.2567 0.3610 -0.7587
vt 0.2535 0.3423 -0.7706
vt 0.2525 0.3194 -0.7743
vt 0.2525 0.3092 -0.7743
vt 0.2525 0.1529 -0.7743
vt 0.2525 0.1407 -0.7743
vt 0.2541 0.1148 -0.7682
vt 0.2593 0.0927 -0.7489
vt 0.4087 0.3999 -0.0889
vt 0.4087 0.3857 -0.0889
vt 0.4061 0.4202 -0.0934
vt 0.3995 0.4388 -0.1048
vt 0.3906 0.4498 -0.1202
vt 0.3795 0.4534 -0.1393
vt 0.3733 0.4527 -0.1501
vt 0.3043 0.4438 -0.2697
vt 0.2226 0.4251 -0.4112
vt 0.1411 0.3988 -0.5523
vt 0.0816 0.3739 -0.6554
vt 0.0770 0.3720 -0.6633
vt 0.0672 0.3610 -0.6803
vt 0.0611 0.3423 -0.6909
vt 0.0592 0.3194 -0.6942
vt 0.0592 0.3092 -0.6942
vt 0.0592 0.1529 -0.6942
vt 0.0592 0.1407 -0.6942
vt 0.0623 0.1148 -0.6887
vt 0.0723 0.0927 -0.6714
vt 0.3874 0.3999 -0.0726
vt 0.3874 0.3857 -0.0726
vt 0.3837 0.4202 -0.0763
vt 0.3744 0.4388 -0.0855
vt 0.3619 0.4498 -0.0981
vt 0.3462 0.4534 -0.1138
vt 0.3374 0.4527 -0.1226
vt 0.2398 0.4438 -0.2202
vt 0.1243 0.4251 -0.3357
vt 0.0090 0.3988 -0.4509
vt -0.0752 0.3739 -0.5351
vt -0.0816 0.3720 -0.5416
vt -0.0954 0.3610 -0.5554
vt -0.1041 0.3423 -0.5641
vt -0.1069 0.3194 -0.5668
vt -0.1069 0.3092 -0.5668
vt -0.1068 0.1529 -0.5668
vt -0.1068 0.1407 -0.5668
vt -0.1024 0.1148 -0.5624
vt -0.0882 0.0927 -0.5482
vt 0.3711 0.3999 -0.0513
vt 0.3711 0.3857 -0.0513
vt 0.3666 0.4202 -0.0539
vt 0.3552 0.4388 -0.0605
vt 0.3398 0.4498 -0.0694
vt 0.3207 0.4534 -0.0804
vt 0.3099 0.4527 -0.0867
vt 0.1903 0.4438 -0.1557
vt 0.0488 0.4251 -0.2374
vt -0.0923 0.3988 -0.3189
vt -0.1954 0.3739 -0.3784
vt -0.2033 0.3720 -0.3829
vt -0.2203 0.3610 -0.3927
vt -0.2309 0.3423 -0.3989
vt -0.2342 0.3194 -0.4008
vt -0.2342 0.3092 -0.4008
vt -0.2342 0.1529 -0.4008
vt -0.2342 0.1407 -0.4008
vt -0.2288 0.1148 -0.3976
vt -0.2115 0.0927 -0.3877
vt 0.3609 0.3999 -0.0266
vt 0.3609 0.3857 -0.0266
vt 0.3558 0.4202 -0.0279
vt 0.3431 0.4388 -0.0313
vt 0.3260 0.4498 -0.0359
vt 0.3046 0.4534 -0.0416
vt 0.2925 0.4527 -0.0449
vt 0.1591 0.4438 -0.0806
vt 0.0014 0.4251 -0.1229
vt -0.1560 0.3988 -0.1651
vt -0.2710 0.3739 -0.1959
vt -0.2798 0.3720 -0.1982
vt -0.2987 0.3610 -0.2033
vt -0.3106 0.3423 -0.2065
vt -0.3143 0.3194 -0.2075
vt -0.3143 0.3092 -0.2075
vt -0.3143 0.1529 -0.2075
vt -0.3143 0.1407 -0.2075
vt -0.3082 0.1148 -0.2058
vt -0.2889 0.0927 -0.2007
vt 0.8125 0.0002 1.0000
vt 0.8125 1.0000 1.0000
vt 0.7500 1.0000 1.0000
vt 0.7500 0.0002 1.0000
vt 0.8750 0.0002 1.0000
vt 0.8750 1.0000 1.0000
vt 0.9375 0.0002 1.0000
vt 0.9375 1.0000 1.0000
vt 0.0000 0.0002 1.0000
vt -0.0625 1.0000 1.0000
vt -0.0625 0.0002 1.0000
vt 0.0625 0.0002 1.0000
vt 0.1250 0.0002 1.0000
vt 0.1875 0.0002 1.0000
vt 0.2500 0.0002 1.0000
vt 0.3125 0.0002 1.0000
vt 0.3750 0.0002 1.0000
vt 0.4375 0.0002 1.0000
vt 0.5000 0.0002 1.0000
vt 0.5000 1.0000 1.0000
vt 0.5625 0.0002 1.0000
vt 0.5625 1.0000 1.0000
vt 0.6250 0.0002 1.0000
vt 0.6250 1.0000 1.0000
vt 0.6875 0.0002 1.0000
vt 0.6875 1.0000 1.0000
vt 0.7500 0.0000 1.0000
vt 0.8125 0.0000 1.0000
vt 0.4237 0.0000 0.1989
vt 0.2621 0.0000 -0.1989
vt 0.1367 0.0000 -0.5665
vt 0.0666 0.0000 -0.8478
vt 0.0625 0.0000 -1.0000
vt 0.1250 0.0000 -1.0000
vt 0.2446 0.0000 -0.8478
vt 0.4031 0.0000 -0.5665
vt 0.5763 0.0000 -0.1989
vt 0.7379 0.0000 0.1989
vt 0.8633 0.0000 0.5665
vt 0.9334 0.0000 0.8478
vt 0.9375 0.0000 1.0000
vt 0.8750 0.0000 1.0000
vt 0.7206 0.0000 0.8805
vt 0.5331 0.0000 0.1177
vt 0.5383 0.0000 0.1177
vt 0.7754 0.0000 0.8805
vt 0.4348 0.0000 0.1788
vt 0.5056 0.0000 0.0503
vt 0.2932 0.0000 -0.1697
vt 0.4920 0.0000 0.0168
vt 0.1834 0.0000 -0.4917
vt 0.4815 0.0000 -0.0141
vt 0.1220 0.0000 -0.7381
vt 0.4756 0.0000 -0.0378
vt 0.1184 0.0000 -0.8714
vt 0.4752 0.0000 -0.0506
vt 0.1731 0.0000 -0.8714
vt 0.4805 0.0000 -0.0506
vt 0.2779 0.0000 -0.7381
vt 0.4905 0.0000 -0.0378
vt 0.4167 0.0000 -0.4917
vt 0.5039 0.0000 -0.0141
vt 0.5685 0.0000 -0.1697
vt 0.5184 0.0000 0.0168
vt 0.7100 0.0000 0.1788
vt 0.5320 0.0000 0.0503
vt 0.8199 0.0000 0.5007
vt 0.5426 0.0000 0.0812
vt 0.8813 0.0000 0.7472
vt 0.5485 0.0000 0.1049
vt 0.8849 0.0000 0.8805
vt 0.5488 0.0000 0.1177
vt 0.8301 0.0000 0.8805
vt 0.5436 0.0000 0.1177
vt -0.0625 0.0000 1.0000
vt 0.5625 0.0000 1.0000
vt 0.6250 0.0000 1.0000
vt 0.6875 0.0000 1.0000
vt 0.8006 0.0000 0.9616
vt 0.7406 0.0000 0.9616
vt 0.4273 0.0000 0.1924
vt 0.2721 0.0000 -0.1895
vt 0.1517 0.0000 -0.5424
vt 0.0844 0.0000 -0.8125
vt 0.0805 0.0000 -0.9587
vt 0.1405 0.0000 -0.9587
vt 0.2553 0.0000 -0.8125
vt 0.4075 0.0000 -0.5424
vt 0.5738 0.0000 -0.1895
vt 0.7289 0.0000 0.1924
vt 0.8493 0.0000 0.5453
vt 0.9166 0.0000 0.8154
vt 0.9206 0.0000 0.9616
vt 0.8606 0.0000 0.9616
vt 0.5131 0.0000 0.0366
vt 0.1860 0.4281 -0.0000
vt -0.0131 0.4281 0.0000
vt -0.0063 0.4281 0.0515
vt -0.0246 0.4281 0.0000
vt -0.0174 0.4281 0.0545
vt -0.0402 0.4252 0.0000
vt -0.0324 0.4252 0.0585
vt -0.0537 0.4163 0.0000
vt -0.0455 0.4163 0.0620
vt -0.0626 0.4028 0.0000
vt -0.0541 0.4028 0.0643
vt -0.0654 0.3881 0.0000
vt -0.0569 0.3881 0.0651
vt -0.0654 0.3754 0.0000
vt -0.0569 0.3754 0.0651
vt -0.0654 -0.3461 0.0000
vt -0.0569 -0.3461 0.0651
vt -0.0654 -0.3550 0.0000
vt -0.0569 -0.3550 0.0651
vt -0.0626 -0.3697 0.0000
vt -0.0541 -0.3697 0.0643
vt -0.0537 -0.3832 0.0000
vt -0.0455 -0.3832 0.0620
vt -0.0402 -0.3921 0.0000
vt -0.0324 -0.3921 0.0585
vt -0.0254 -0.3950 0.0000
vt -0.0182 -0.3950 0.0547
vt -0.0178 -0.3950 0.0000
vt -0.0109 -0.3950 0.0527
vt 0.0679 -0.3950 0.0000
vt 0.0719 -0.3950 0.0306
vt 0.0711 -0.3950 0.0000
vt 0.0750 -0.3950 0.0297
vt 0.0732 -0.3928 0.0000
vt 0.0770 -0.3928 0.0292
vt 0.1086 -0.3574 0.0000
vt 0.1112 -0.3574 0.0200
vt 0.1107 -0.3552 0.0000
vt 0.1133 -0.3552 0.0195
vt 0.1107 -0.3520 0.0000
vt 0.1133 -0.3520 0.0195
vt 0.1120 0.0329 0.0000
vt 0.1145 0.0329 0.0192
vt 0.0136 0.4281 0.0995
vt 0.0036 0.4281 0.1053
vt -0.0099 0.4252 0.1131
vt -0.0216 0.4163 0.1198
vt -0.0293 0.4028 0.1243
vt -0.0317 0.3881 0.1257
vt -0.0317 0.3754 0.1257
vt -0.0317 -0.3461 0.1257
vt -0.0317 -0.3550 0.1257
vt -0.0293 -0.3697 0.1243
vt -0.0216 -0.3832 0.1198
vt -0.0099 -0.3921 0.1131
vt 0.0029 -0.3950 0.1057
vt 0.0095 -0.3950 0.1019
vt 0.0837 -0.3950 0.0590
vt 0.0865 -0.3950 0.0575
vt 0.0883 -0.3928 0.0564
vt 0.1190 -0.3574 0.0387
vt 0.1208 -0.3552 0.0376
vt 0.1208 -0.3520 0.0376
vt 0.1219 0.0329 0.0370
vt 0.0452 0.4281 0.1408
vt 0.0371 0.4281 0.1489
vt 0.0261 0.4252 0.1599
vt 0.0165 0.4163 0.1695
vt 0.0102 0.4028 0.1758
vt 0.0082 0.3881 0.1778
vt 0.0082 0.3754 0.1778
vt 0.0082 -0.3461 0.1778
vt 0.0082 -0.3550 0.1778
vt 0.0102 -0.3697 0.1758
vt 0.0165 -0.3832 0.1695
vt 0.0261 -0.3921 0.1599
vt 0.0365 -0.3950 0.1495
vt 0.0419 -0.3950 0.1441
vt 0.1025 -0.3950 0.0835
vt 0.1047 -0.3950 0.0813
vt 0.1062 -0.3928 0.0797
vt 0.1313 -0.3574 0.0547
vt 0.1328 -0.3552 0.0532
vt 0.1328 -0.3520 0.0532
vt 0.1337 0.0329 0.0523
vt 0.0864 0.4281 0.1724
vt 0.0807 0.4281 0.1823
vt 0.0729 0.4252 0.1958
vt 0.0661 0.4163 0.2076
vt 0.0617 0.4028 0.2153
vt 0.0603 0.3881 0.2177
vt 0.0603 0.3754 0.2177
vt 0.0603 -0.3461 0.2177
vt 0.0603 -0.3550 0.2177
vt 0.0617 -0.3697 0.2153
vt 0.0661 -0.3832 0.2076
vt 0.0729 -0.3921 0.1958
vt 0.0803 -0.3950 0.1831
vt 0.0841 -0.3950 0.1765
vt 0.1269 -0.3950 0.1023
vt 0.1285 -0.3950 0.0995
vt 0.1296 -0.3928 0.0977
vt 0.1473 -0.3574 0.0670
vt 0.1484 -0.3552 0.0652
vt 0.1484 -0.3520 0.0652
vt 0.1490 0.0329 0.0641
vt 0.1344 0.4281 0.1923
vt 0.1315 0.4281 0.2034
vt 0.1275 0.4252 0.2184
vt 0.1239 0.4163 0.2315
vt 0.1216 0.4028 0.2401
vt 0.1209 0.3881 0.2428
vt 0.1209 0.3754 0.2428
vt 0.1209 -0.3461 0.2428
vt 0.1209 -0.3550 0.2428
vt 0.1216 -0.3697 0.2401
vt 0.1239 -0.3832 0.2315
vt 0.1275 -0.3921 0.2184
vt 0.1313 -0.3950 0.2042
vt 0.1332 -0.3950 0.1969
vt 0.1554 -0.3950 0.1141
vt 0.1562 -0.3950 0.1110
vt 0.1568 -0.3928 0.1089
vt 0.1659 -0.3574 0.0748
vt 0.1665 -0.3552 0.0727
vt 0.1665 -0.3520 0.0727
vt 0.1668 0.0329 0.0715
vt 0.1860 0.4281 0.1991
vt 0.1860 0.4281 0.2106
vt 0.1860 0.4252 0.2261
vt 0.1860 0.4163 0.2397
vt 0.1860 0.4028 0.2486
vt 0.1860 0.3881 0.2514
vt 0.1860 0.3754 0.2514
vt 0.1860 -0.3461 0.2514
vt 0.1860 -0.3550 0.2514
vt 0.1860 -0.3697 0.2486
vt 0.1860 -0.3832 0.2397
vt 0.1860 -0.3921 0.2261
vt 0.1860 -0.3950 0.2114
vt 0.1860 -0.3950 0.2038
vt 0.1860 -0.3950 0.1181
vt 0.1860 -0.3950 0.1149
vt 0.1860 -0.3928 0.1128
vt 0.1860 -0.3574 0.0774
vt 0.1860 -0.3552 0.0753
vt 0.1860 -0.3520 0.0752
vt 0.1860 0.0329 0.0740
vt 0.2375 0.4281 0.1923
vt 0.2405 0.4281 0.2034
vt 0.2445 0.4252 0.2184
vt 0.2480 0.4163 0.2315
vt 0.2503 0.4028 0.2401
vt 0.2510 0.3881 0.2428
vt 0.2510 0.3754 0.2428
vt 0.2510 -0.3461 0.2428
vt 0.2510 -0.3550 0.2428
vt 0.2503 -0.3697 0.2401
vt 0.2480 -0.3832 0.2315
vt 0.2445 -0.3921 0.2184
vt 0.2407 -0.3950 0.2042
vt 0.2387 -0.3950 0.1969
vt 0.2165 -0.3950 0.1141
vt 0.2157 -0.3950 0.1110
vt 0.2152 -0.3928 0.1089
vt 0.2060 -0.3574 0.0748
vt 0.2055 -0.3552 0.0727
vt 0.2055 -0.3520 0.0727
vt 0.2051 0.0329 0.0715
vt 0.2855 0.4281 0.1724
vt 0.2913 0.4281 0.1823
vt 0.2990 0.4252 0.1958
vt 0.3058 0.4163 0.2076
vt 0.3103 0.4028 0.2153
vt 0.3117 0.3881 0.2177
vt 0.3117 0.3754 0.2177
vt 0.3117 -0.3461 0.2177
vt 0.3117 -0.3550 0.2177
vt 0.3103 -0.3697 0.2153
vt 0.3058 -0.3832 0.2076
vt 0.2990 -0.3921 0.1958
vt 0.2917 -0.3950 0.1831
vt 0.2879 -0.3950 0.1765
vt 0.2450 -0.3950 0.1023
vt 0.2434 -0.3950 0.0995
vt 0.2424 -0.3928 0.0977
vt 0.2247 -0.3574 0.0670
vt 0.2236 -0.3552 0.0652
vt 0.2236 -0.3520 0.0652
vt 0.2230 0.0329 0.0641
vt 0.3268 0.4281 0.1408
vt 0.3349 0.4281 0.1489
vt 0.3459 0.4252 0.1599
vt 0.3555 0.4163 0.1695
vt 0.3618 0.4028 0.1758
vt 0.3638 0.3881 0.1778
vt 0.3638 0.3754 0.1778
vt 0.3638 -0.3461 0.1778
vt 0.3638 -0.3550 0.1778
vt 0.3618 -0.3697 0.1758
vt 0.3555 -0.3832 0.1695
vt 0.3459 -0.3921 0.1599
vt 0.3355 -0.3950 0.1495
vt 0.3301 -0.3950 0.1441
vt 0.2695 -0.3950 0.0835
vt 0.2672 -0.3950 0.0813
vt 0.2657 -0.3928 0.0797
vt 0.2407 -0.3574 0.0547
vt 0.2392 -0.3552 0.0532
vt 0.2392 -0.3520 0.0532
vt 0.2383 0.0329 0.0523
vt 0.3584 0.4281 0.0995
vt 0.3683 0.4281 0.1053
vt 0.3818 0.4252 0.1131
vt 0.3936 0.4163 0.1198
vt 0.4013 0.4028 0.1243
vt 0.4037 0.3881 0.1257
vt 0.4037 0.3754 0.1257
vt 0.4037 -0.3461 0.1257
vt 0.4037 -0.3550 0.1257
vt 0.4013 -0.3697 0.1243
vt 0.3936 -0.3832 0.1198
vt 0.3818 -0.3921 0.1131
vt 0.3691 -0.3950 0.1057
vt 0.3625 -0.3950 0.1019
vt 0.2882 -0.3950 0.0590
vt 0.2855 -0.3950 0.0575
vt 0.2837 -0.3928 0.0564
vt 0.2530 -0.3574 0.0387
vt 0.2511 -0.3552 0.0376
vt 0.2511 -0.3520 0.0376
vt 0.2501 0.0329 0.0370
vt 0.3783 0.4281 0.0515
vt 0.3894 0.4281 0.0545
vt 0.4044 0.4252 0.0585
vt 0.4175 0.4163 0.0620
vt 0.4261 0.4028 0.0643
vt 0.4288 0.3881 0.0651
vt 0.4288 0.3754 0.0651
vt 0.4288 -0.3461 0.0651
vt 0.4288 -0.3550 0.0651
vt 0.4261 -0.3697 0.0643
vt 0.4175 -0.3832 0.0620
vt 0.4044 -0.3921 0.0585
vt 0.3902 -0.3950 0.0547
vt 0.3828 -0.3950 0.0527
vt 0.3000 -0.3950 0.0306
vt 0.2970 -0.3950 0.0297
vt 0.2949 -0.3928 0.0292
vt 0.2607 -0.3574 0.0200
vt 0.2587 -0.3552 0.0195
vt 0.2587 -0.3520 0.0195
vt 0.2575 0.0329 0.0192
vt 0.3851 0.4281 -0.0000
vt 0.3965 0.4281 -0.0000
vt 0.4121 0.4252 -0.0000
vt 0.4257 0.4163 -0.0000
vt 0.4346 0.4028 -0.0000
vt 0.4374 0.3881 -0.0000
vt 0.4374 0.3754 -0.0000
vt 0.4374 -0.3461 0.0000
vt 0.4374 -0.3550 0.0000
vt 0.4346 -0.3697 0.0000
vt 0.4257 -0.3832 0.0000
vt 0.4121 -0.3921 0.0000
vt 0.3974 -0.3950 0.0000
vt 0.3898 -0.3950 0.0000
vt 0.3041 -0.3950 0.0000
vt 0.3009 -0.3950 0.0000
vt 0.2988 -0.3928 0.0000
vt 0.2634 -0.3574 0.0000
vt 0.2612 -0.3552 0.0000
vt 0.2612 -0.3520 0.0000
vt 0.2600 0.0329 0.0000
vt 0.3783 0.4281 -0.0515
vt 0.3894 0.4281 -0.0545
vt 0.4044 0.4252 -0.0585
vt 0.4175 0.4163 -0.0620
vt 0.4261 0.4028 -0.0643
vt 0.4288 0.3881 -0.0651
vt 0.4288 0.3754 -0.0651
vt 0.4288 -0.3461 -0.0651
vt 0.4288 -0.3550 -0.0651
vt 0.4261 -0.3697 -0.0643
vt 0.4175 -0.3832 -0.0620
vt 0.4044 -0.3921 -0.0585
vt 0.3902 -0.3950 -0.0547
vt 0.3828 -0.3950 -0.0527
vt 0.3000 -0.3950 -0.0306
vt 0.2970 -0.3950 -0.0297
vt 0.2949 -0.3928 -0.0292
vt 0.2607 -0.3574 -0.0200
vt 0.2587 -0.3552 -0.0195
vt 0.2587 -0.3520 -0.0195
vt 0.2575 0.0329 -0.0192
vt 0.3584 0.4281 -0.0995
vt 0.3683 0.4281 -0.1053
vt 0.3818 0.4252 -0.1131
vt 0.3936 0.4163 -0.1198
vt 0.4013 0.4028 -0.1243
vt 0.4037 0.3881 -0.1257
vt 0.4037 0.3754 -0.1257
vt 0.4037 -0.3461 -0.1257
vt 0.4037 -0.3550 -0.1257
vt 0.4013 -0.3697 -0.1243
vt 0.3936 -0.3832 -0.1198
vt 0.3818 -0.3921 -0.1131
vt 0.3691 -0.3950 -0.1057
vt 0.3625 -0.3950 -0.1019
vt 0.2882 -0.3950 -0.0590
vt 0.2855 -0.3950 -0.0575
vt 0.2837 -0.3928 -0.0564
vt 0.2530 -0.3574 -0.0387
vt 0.2511 -0.3552 -0.0376
vt 0.2511 -0.3520 -0.0376
vt 0.2501 0.0329 -0.0370
vt 0.3268 0.4281 -0.1408
vt 0.3349 0.4281 -0.1489
vt 0.3459 0.4252 -0.1599
vt 0.3555 0.4163 -0.1695
vt 0.3618 0.4028 -0.1758
vt 0.3638 0.3881 -0.1778
vt 0.3638 0.3754 -0.1778
vt 0.3638 -0.3461 -0.1778
vt 0.3638 -0.3550 -0.1778
vt 0.3618 -0.3697 -0.1758
vt 0.3555 -0.3832 -0.1695
vt 0.3459 -0.3921 -0.1599
vt 0.3355 -0.3950 -0.1495
vt 0.3301 -0.3950 -0.1441
vt 0.2695 -0.3950 -0.0835
vt 0.2672 -0.3950 -0.0813
vt 0.2657 -0.3928 -0.0797
vt 0.2407 -0.3574 -0.0547
vt 0.2392 -0.3552 -0.0532
vt 0.2392 -0.3520 -0.0532
vt 0.2383 0.0329 -0.0523
vt 0.2855 0.4281 -0.1724
vt 0.2913 0.4281 -0.1823
vt 0.2990 0.4252 -0.1958
vt 0.3058 0.4163 -0.2076
vt 0.3103 0.4028 -0.2153
vt 0.3117 0.3881 -0.2177
vt 0.3117 0.3754 -0.2177
vt 0.3117 -0.3461 -0.2177
vt 0.3117 -0.3550 -0.2177
vt 0.3103 -0.3697 -0.2153
vt 0.3058 -0.3832 -0.2076
vt 0.2990 -0.3921 -0.1958
vt 0.2917 -0.3950 -0.1831
vt 0.2879 -0.3950 -0.1765
vt 0.2450 -0.3950 -0.1023
vt 0.2434 -0.3950 -0.0995
vt 0.2424 -0.3928 -0.0977
vt 0.2247 -0.3574 -0.0670
vt 0.2236 -0.3552 -0.0652
vt 0.2236 -0.3520 -0.0652
vt 0.2230 0.0329 -0.0641
vt 0.2375 0.4281 -0.1923
vt 0.2405 0.4281 -0.2034
vt 0.2445 0.4252 -0.2184
vt 0.2480 0.4163 -0.2315
vt 0.2503 0.4028 -0.2401
vt 0.2510 0.3881 -0.2428
vt 0.2510 0.3754 -0.2428
vt 0.2510 -0.3461 -0.2428
vt 0.2510 -0.3550 -0.2428
vt 0.2503 -0.3697 -0.2401
vt 0.2480 -0.3832 -0.2315
vt 0.2445 -0.3921 -0.2184
vt 0.2407 -0.3950 -0.2042
vt 0.2387 -0.3950 -0.1969
vt 0.2165 -0.3950 -0.1141
vt 0.2157 -0.3950 -0.1110
vt 0.2152 -0.3928 -0.1089
vt 0.2060 -0.3574 -0.0748
vt 0.2055 -0.3552 -0.0727
vt 0.2055 -0.3520 -0.0727
vt 0.2051 0.0329 -0.0715
vt 0.1860 0.4281 -0.1991
vt 0.1860 0.4281 -0.2106
vt 0.1860 0.4252 -0.2261
vt 0.1860 0.4163 -0.2397
vt 0.1860 0.4028 -0.2486
vt 0.1860 0.3881 -0.2514
vt 0.1860 0.3754 -0.2514
vt 0.1860 -0.3461 -0.2514
vt 0.1860 -0.3550 -0.2514
vt 0.1860 -0.3697 -0.2486
vt 0.1860 -0.3832 -0.2397
vt 0.1860 -0.3921 -0.2261
vt 0.1860 -0.3950 -0.2114
vt 0.1860 -0.3950 -0.2038
vt 0.1860 -0.3950 -0.1181
vt 0.1860 -0.3950 -0.1149
vt 0.1860 -0.3928 -0.1128
vt 0.1860 -0.3574 -0.0774
vt 0.1860 -0.3552 -0.0753
vt 0.1860 -0.3520 -0.0752
vt 0.1860 0.0329 -0.0740
vt 0.1344 0.4281 -0.1923
vt 0.1315 0.4281 -0.2034
vt 0.1275 0.4252 -0.2184
vt 0.1239 0.4163 -0.2315
vt 0.1216 0.4028 -0.2401
vt 0.1209 0.3881 -0.2428
vt 0.1209 0.3754 -0.2428
vt 0.1209 -0.3461 -0.2428
vt 0.1209 -0.3550 -0.2428
vt 0.1216 -0.3697 -0.2401
vt 0.1239 -0.3832 -0.2315
vt 0.1275 -0.3921 -0.2184
vt 0.1313 -0.3950 -0.2042
vt 0.1332 -0.3950 -0.1969
vt 0.1554 -0.3950 -0.1141
vt 0.1562 -0.3950 -0.1110
vt 0.1568 -0.3928 -0.1089
vt 0.1659 -0.3574 -0.0748
vt 0.1665 -0.3552 -0.0727
vt 0.1665 -0.3520 -0.0727
vt 0.1668 0.0329 -0.0715
vt 0.0864 0.4281 -0.1724
vt 0.0807 0.4281 -0.1823
vt 0.0729 0.4252 -0.1958
vt 0.0661 0.4163 -0.2076
vt 0.0617 0.4028 -0.2153
vt 0.0603 0.3881 -0.2177
vt 0.0603 0.3754 -0.2177
vt 0.0603 -0.3461 -0.2177
vt 0.0603 -0.3550 -0.2177
vt 0.0617 -0.3697 -0.2153
vt 0.0661 -0.3832 -0.2076
vt 0.0729 -0.3921 -0.1958
vt 0.0803 -0.3950 -0.1831
vt 0.0841 -0.3950 -0.1765
vt 0.1269 -0.3950 -0.1023
vt 0.1285 -0.3950 -0.0995
vt 0.1296 -0.3928 -0.0977
vt 0.1473 -0.3574 -0.0670
vt 0.1484 -0.3552 -0.0652
vt 0.1484 -0.3520 -0.0652
vt 0.1490 0.0329 -0.0641
vt 0.0452 0.4281 -0.1408
vt 0.0371 0.4281 -0.1489
vt 0.0261 0.4252 -0.1599
vt 0.0165 0.4163 -0.1695
vt 0.0102 0.4028 -0.1758
vt 0.0082 0.3881 -0.1778
vt 0.0082 0.3754 -0.1778
vt 0.0082 -0.3461 -0.1778
vt 0.0082 -0.3550 -0.1778
vt 0.0102 -0.3697 -0.1758
vt 0.0165 -0.3832 -0.1695
vt 0.0261 -0.3921 -0.1599
vt 0.0365 -0.3950 -0.1495
vt 0.0419 -0.3950 -0.1441
vt 0.1025 -0.3950 -0.0835
vt 0.1047 -0.3950 -0.0813
vt 0.1062 -0.3928 -0.0797
vt 0.1313 -0.3574 -0.0547
vt 0.1328 -0.3552 -0.0532
vt 0.1328 -0.3520 -0.0532
vt 0.1337 0.0329 -0.0523
vt 0.0136 0.4281 -0.0995
vt 0.0036 0.4281 -0.1053
vt -0.0099 0.4252 -0.1131
vt -0.0216 0.4163 -0.1198
vt -0.0293 0.4028 -0.1243
vt -0.0317 0.3881 -0.1257
vt -0.0317 0.3754 -0.1257
vt -0.0317 -0.3461 -0.1257
vt -0.0317 -0.3550 -0.1257
vt -0.0293 -0.3697 -0.1243
vt -0.0216 -0.3832 -0.1198
vt -0.0099 -0.3921 -0.1131
vt 0.0029 -0.3950 -0.1057
vt 0.0095 -0.3950 -0.1019
vt 0.0837 -0.3950 -0.0590
vt 0.0865 -0.3950 -0.0575
vt 0.0883 -0.3928 -0.0564
vt 0.1190 -0.3574 -0.0387
vt 0.1208 -0.3552 -0.0376
vt 0.1208 -0.3520 -0.0376
vt 0.1219 0.0329 -0.0370
vt -0.0063 0.4281 -0.0515
vt -0.0174 0.4281 -0.0545
vt -0.0324 0.4252 -0.0585
vt -0.0455 0.4163 -0.0620
vt -0.0541 0.4028 -0.0643
vt -0.0569 0.3881 -0.0651
vt -0.0569 0.3754 -0.0651
vt -0.0569 -0.3461 -0.0651
vt -0.0569 -0.3550 -0.0651
vt -0.0541 -0.3697 -0.0643
vt -0.0455 -0.3832 -0.0620
vt -0.0324 -0.3921 -0.0585
vt -0.0182 -0.3950 -0.0547
vt -0.0109 -0.3950 -0.0527
vt 0.0719 -0.3950 -0.0306
vt 0.0750 -0.3950 -0.0297
vt 0.0770 -0.3928 -0.0292
vt 0.1112 -0.3574 -0.0200
vt 0.1133 -0.3552 -0.0195
vt 0.1133 -0.3520 -0.0195
vt 0.1145 0.0329 -0.0192
vt -0.1444 -0.1011 0.0000
vt -0.1226 -0.1011 0.1656
vt -0.1494 -0.0934 0.1728
vt -0.1722 -0.0934 0.0000
vt -0.1652 -0.0739 0.1771
vt -0.1885 -0.0739 0.0000
vt -0.1679 -0.0455 0.1778
vt -0.1913 -0.0455 0.0000
vt -0.1521 -0.0198 0.1736
vt -0.1750 -0.0198 0.0000
vt -0.1353 -0.0062 0.1691
vt -0.0452 0.0667 0.1449
vt -0.0642 0.0667 0.0000
vt -0.1576 -0.0062 0.0000
vt -0.0469 0.0802 0.0000
vt -0.0284 0.0802 0.1404
vt -0.0196 0.0858 0.1380
vt -0.0378 0.0858 0.0000
vt -0.0097 0.0891 0.1354
vt -0.0275 0.0891 0.0000
vt 0.0006 0.0899 0.1326
vt -0.0168 0.0899 0.0000
vt 0.4956 0.0899 0.0000
vt -0.0586 -0.1011 0.3200
vt -0.0827 -0.0934 0.3339
vt -0.0969 -0.0739 0.3421
vt -0.0992 -0.0455 0.3434
vt -0.0851 -0.0198 0.3353
vt -0.0701 -0.0062 0.3266
vt 0.0108 0.0667 0.2799
vt 0.0258 0.0802 0.2712
vt 0.0337 0.0858 0.2667
vt 0.0426 0.0891 0.2616
vt 0.0518 0.0899 0.2562
vt 0.0431 -0.1011 0.4525
vt 0.0234 -0.0934 0.4722
vt 0.0119 -0.0739 0.4837
vt 0.0099 -0.0455 0.4857
vt 0.0214 -0.0198 0.4742
vt 0.0337 -0.0062 0.4619
vt 0.0997 0.0667 0.3959
vt 0.1120 0.0802 0.3836
vt 0.1184 0.0858 0.3771
vt 0.1257 0.0891 0.3699
vt 0.1332 0.0899 0.3623
vt 0.1756 -0.1011 0.5542
vt 0.1617 -0.0934 0.5783
vt 0.1535 -0.0739 0.5925
vt 0.1522 -0.0455 0.5948
vt 0.1603 -0.0198 0.5807
vt 0.1690 -0.0062 0.5657
vt 0.2157 0.0667 0.4848
vt 0.2244 0.0802 0.4698
vt 0.2289 0.0858 0.4619
vt 0.2340 0.0891 0.4530
vt 0.2394 0.0899 0.4438
vt 0.3300 -0.1011 0.6182
vt 0.3228 -0.0934 0.6450
vt 0.3185 -0.0739 0.6608
vt 0.3178 -0.0455 0.6634
vt 0.3220 -0.0198 0.6477
vt 0.3265 -0.0062 0.6309
vt 0.3507 0.0667 0.5408
vt 0.3552 0.0802 0.5240
vt 0.3575 0.0858 0.5152
vt 0.3602 0.0891 0.5053
vt 0.3630 0.0899 0.4950
vt 0.4956 -0.1011 0.6400
vt 0.4956 -0.0934 0.6677
vt 0.4956 -0.0739 0.6841
vt 0.4956 -0.0455 0.6869
vt 0.4956 -0.0198 0.6706
vt 0.4956 -0.0062 0.6532
vt 0.4956 0.0667 0.5598
vt 0.4956 0.0802 0.5425
vt 0.4956 0.0858 0.5334
vt 0.4956 0.0891 0.5231
vt 0.4956 0.0899 0.5124
vt 0.6612 -0.1011 0.6182
vt 0.6684 -0.0934 0.6450
vt 0.6727 -0.0739 0.6608
vt 0.6734 -0.0455 0.6634
vt 0.6691 -0.0198 0.6477
vt 0.6647 -0.0062 0.6309
vt 0.6405 0.0667 0.5408
vt 0.6360 0.0802 0.5240
vt 0.6336 0.0858 0.5152
vt 0.6310 0.0891 0.5053
vt 0.6282 0.0899 0.4950
vt 0.8156 -0.1011 0.5542
vt 0.8295 -0.0934 0.5783
vt 0.8377 -0.0739 0.5925
vt 0.8390 -0.0455 0.5948
vt 0.8309 -0.0198 0.5807
vt 0.8222 -0.0062 0.5657
vt 0.7755 0.0667 0.4848
vt 0.7668 0.0802 0.4698
vt 0.7623 0.0858 0.4619
vt 0.7572 0.0891 0.4530
vt 0.7518 0.0899 0.4438
vt 0.9481 -0.1011 0.4525
vt 0.9678 -0.0934 0.4722
vt 0.9793 -0.0739 0.4837
vt 0.9813 -0.0455 0.4857
vt 0.9697 -0.0198 0.4742
vt 0.9575 -0.0062 0.4619
vt 0.8915 0.0667 0.3959
vt 0.8792 0.0802 0.3836
vt 0.8727 0.0858 0.3771
vt 0.8655 0.0891 0.3699
vt 0.8579 0.0899 0.3623
vt 1.0498 -0.1011 0.3200
vt 1.0739 -0.0934 0.3339
vt 1.0881 -0.0739 0.3421
vt 1.0904 -0.0455 0.3434
vt 1.0763 -0.0198 0.3353
vt 1.0613 -0.0062 0.3266
vt 0.9804 0.0667 0.2799
vt 0.9654 0.0802 0.2712
vt 0.9575 0.0858 0.2667
vt 0.9486 0.0891 0.2616
vt 0.9394 0.0899 0.2562
vt 1.1138 -0.1011 0.1656
vt 1.1406 -0.0934 0.1728
vt 1.1564 -0.0739 0.1771
vt 1.1590 -0.0455 0.1778
vt 1.1433 -0.0198 0.1736
vt 1.1265 -0.0062 0.1691
vt 1.0364 0.0667 0.1449
vt 1.0196 0.0802 0.1404
vt 1.0108 0.0858 0.1380
vt 1.0009 0.0891 0.1354
vt 0.9906 0.0899 0.1326
vt 1.1356 -0.1011 -0.0000
vt 1.1633 -0.0934 -0.0000
vt 1.1797 -0.0739 -0.0000
vt 1.1824 -0.0455 -0.0000
vt 1.1661 -0.0198 -0.0000
vt 1.1488 -0.0062 -0.0000
vt 1.0554 0.0667 -0.0000
vt 1.0381 0.0802 -0.0000
vt 1.0290 0.0858 -0.0000
vt 1.0187 0.0891 -0.0000
vt 1.0080 0.0899 -0.0000
vt 1.1138 -0.1011 -0.1656
vt 1.1406 -0.0934 -0.1728
vt 1.1564 -0.0739 -0.1771
vt 1.1590 -0.0455 -0.1778
vt 1.1433 -0.0198 -0.1736
vt 1.1265 -0.0062 -0.1691
vt 1.0364 0.0667 -0.1449
vt 1.0196 0.0802 -0.1404
vt 1.0108 0.0858 -0.1380
vt 1.0009 0.0891 -0.1354
vt 0.9906 0.0899 -0.1326
vt 1.0498 -0.1011 -0.3200
vt 1.0739 -0.0934 -0.3339
vt 1.0881 -0.0739 -0.3421
vt 1.0904 -0.0455 -0.3434
vt 1.0763 -0.0198 -0.3353
vt 1.0613 -0.0062 -0.3266
vt 0.9804 0.0667 -0.2799
vt 0.9654 0.0802 -0.2712
vt 0.9575 0.0858 -0.2667
vt 0.9486 0.0891 -0.2616
vt 0.9394 0.0899 -0.2562
vt 0.9481 -0.1011 -0.4525
vt 0.9678 -0.0934 -0.4722
vt 0.9793 -0.0739 -0.4837
vt 0.9813 -0.0455 -0.4857
vt 0.9697 -0.0198 -0.4742
vt 0.9575 -0.0062 -0.4619
vt 0.8915 0.0667 -0.3959
vt 0.8792 0.0802 -0.3836
vt 0.8727 0.0858 -0.3771
vt 0.8655 0.0891 -0.3699
vt 0.8579 0.0899 -0.3623
vt 0.8156 -0.1011 -0.5542
vt 0.8295 -0.0934 -0.5783
vt 0.8377 -0.0739 -0.5925
vt 0.8390 -0.0455 -0.5948
vt 0.8309 -0.0198 -0.5807
vt 0.8222 -0.0062 -0.5657
vt 0.7755 0.0667 -0.4848
vt 0.7668 0.0802 -0.4698
vt 0.7623 0.0858 -0.4619
vt 0.7572 0.0891 -0.4530
vt 0.7518 0.0899 -0.4438
vt 0.6612 -0.1011 -0.6182
vt 0.6684 -0.0934 -0.6450
vt 0.6727 -0.0739 -0.6608
vt 0.6734 -0.0455 -0.6634
vt 0.6691 -0.0198 -0.6477
vt 0.6647 -0.0062 -0.6309
vt 0.6405 0.0667 -0.5408
vt 0.6360 0.0802 -0.5240
vt 0.6336 0.0858 -0.5152
vt 0.6310 0.0891 -0.5053
vt 0.6282 0.0899 -0.4950
vt 0.4956 -0.1011 -0.6400
vt 0.4956 -0.0934 -0.6677
vt 0.4956 -0.0739 -0.6841
vt 0.4956 -0.0455 -0.6869
vt 0.4956 -0.0198 -0.6706
vt 0.4956 -0.0062 -0.6532
vt 0.4956 0.0667 -0.5598
vt 0.4956 0.0802 -0.5425
vt 0.4956 0.0858 -0.5334
vt 0.4956 0.0891 -0.5231
vt 0.4956 0.0899 -0.5124
vt 0.3300 -0.1011 -0.6182
vt 0.3228 -0.0934 -0.6450
vt 0.3185 -0.0739 -0.6608
vt 0.3178 -0.0455 -0.6634
vt 0.3220 -0.0198 -0.6477
vt 0.3265 -0.0062 -0.6309
vt 0.3507 0.0667 -0.5408
vt 0.3552 0.0802 -0.5240
vt 0.3575 0.0858 -0.5152
vt 0.3602 0.0891 -0.5053
vt 0.3630 0.0899 -0.4950
vt 0.1756 -0.1011 -0.5542
vt 0.1617 -0.0934 -0.5783
vt 0.1535 -0.0739 -0.5925
vt 0.1522 -0.0455 -0.5948
vt 0.1603 -0.0198 -0.5807
vt 0.1690 -0.0062 -0.5657
vt 0.2157 0.0667 -0.4848
vt 0.2244 0.0802 -0.4698
vt 0.2289 0.0858 -0.4619
vt 0.2340 0.0891 -0.4530
vt 0.2394 0.0899 -0.4438
vt 0.0431 -0.1011 -0.4525
vt 0.0234 -0.0934 -0.4722
vt 0.0118 -0.0739 -0.4837
vt 0.0099 -0.0455 -0.4857
vt 0.0214 -0.0198 -0.4742
vt 0.0337 -0.0062 -0.4619
vt 0.0997 0.0667 -0.3959
vt 0.1120 0.0802 -0.3836
vt 0.1184 0.0858 -0.3771
vt 0.1257 0.0891 -0.3699
vt 0.1332 0.0899 -0.3623
vt -0.0586 -0.1011 -0.3200
vt -0.0827 -0.0934 -0.3339
vt -0.0969 -0.0739 -0.3421
vt -0.0992 -0.0455 -0.3434
vt -0.0851 -0.0198 -0.3353
vt -0.0701 -0.0062 -0.3266
vt 0.0108 0.0667 -0.2799
vt 0.0258 0.0802 -0.2712
vt 0.0337 0.0858 -0.2667
vt 0.0426 0.0891 -0.2616
vt 0.0518 0.0899 -0.2562
vt -0.1226 -0.1011 -0.1656
vt -0.1494 -0.0934 -0.1728
vt -0.1652 -0.0739 -0.1771
vt -0.1679 -0.0455 -0.1778
vt -0.1521 -0.0198 -0.1736
vt -0.1353 -0.0062 -0.1691
vt -0.0452 0.0667 -0.1449
vt -0.0284 0.0802 -0.1404
vt -0.0196 0.0858 -0.1380
vt -0.0097 0.0891 -0.1354
vt 0.0006 0.0899 -0.1326
vt -0.1242 -0.1011 -0.0000
vt -0.1031 -0.1011 -0.1604
vt -0.0412 -0.1011 -0.3099
vt 0.0573 -0.1011 -0.4383
vt 0.1857 -0.1011 -0.5368
vt 0.3352 -0.1011 -0.5987
vt 0.4956 -0.1011 -0.6198
vt 0.6560 -0.1011 -0.5987
vt 0.8055 -0.1011 -0.5368
vt 0.9339 -0.1011 -0.4383
vt 1.0323 -0.1011 -0.3099
vt 1.0943 -0.1011 -0.1604
vt 1.1154 -0.1011 -0.0000
vt 1.0943 -0.1011 0.1604
vt 1.0323 -0.1011 0.3099
vt 0.9339 -0.1011 0.4383
vt 0.8055 -0.1011 0.5368
vt 0.6560 -0.1011 0.5987
vt 0.4956 -0.1011 0.6198
vt 0.3352 -0.1011 0.5987
vt 0.1857 -0.1011 0.5368
vt 0.0573 -0.1011 0.4383
vt -0.0412 -0.1011 0.3099
vt -0.1031 -0.1011 0.1604
vt 0.4956 0.0890 0.0000
vt 0.9216 0.0890 -0.1141
vt 0.9366 0.0890 0.0000
vt 0.9450 0.0921 -0.1204
vt 0.9608 0.0921 0.0000
vt 0.9655 0.1095 -0.1259
vt 0.9821 0.1095 0.0000
vt 0.9727 0.1344 -0.1278
vt 0.9895 0.1344 0.0000
vt 0.9658 0.1589 -0.1260
vt 0.9823 0.1589 0.0000
vt 0.9504 0.1758 -0.1219
vt 0.9664 0.1758 -0.0000
vt 0.9223 0.2021 -0.1143
vt 0.9374 0.2021 -0.0000
vt 0.8407 0.3297 -0.0925
vt 0.8529 0.3297 0.0000
vt 0.8148 0.4694 -0.0855
vt 0.8260 0.4694 0.0000
vt 0.8410 0.6105 -0.0926
vt 0.8532 0.6105 0.0000
vt 0.9130 0.7264 -0.1118
vt 0.9277 0.7264 0.0000
vt 0.9310 0.7376 0.0000
vt 0.9162 0.7376 -0.1127
vt 0.9162 0.8094 -0.1127
vt 0.9310 0.8094 0.0000
vt 0.8775 0.0890 -0.2205
vt 0.8985 0.0921 -0.2326
vt 0.9169 0.1095 -0.2433
vt 0.9233 0.1344 -0.2470
vt 0.9171 0.1589 -0.2434
vt 0.9033 0.1758 -0.2354
vt 0.8782 0.2021 -0.2209
vt 0.8050 0.3297 -0.1786
vt 0.7818 0.4694 -0.1652
vt 0.8053 0.6105 -0.1788
vt 0.8698 0.7264 -0.2161
vt 0.8727 0.7376 -0.2177
vt 0.8727 0.8094 -0.2177
vt 0.8074 0.0890 -0.3118
vt 0.8245 0.0921 -0.3290
vt 0.8396 0.1095 -0.3440
vt 0.8449 0.1344 -0.3493
vt 0.8398 0.1589 -0.3442
vt 0.8285 0.1758 -0.3329
vt 0.8080 0.2021 -0.3124
vt 0.7482 0.3297 -0.2526
vt 0.7293 0.4694 -0.2337
vt 0.7485 0.6105 -0.2529
vt 0.8012 0.7264 -0.3056
vt 0.8035 0.7376 -0.3079
vt 0.8035 0.8094 -0.3079
vt 0.7161 0.0890 -0.3819
vt 0.7282 0.0921 -0.4029
vt 0.7389 0.1095 -0.4213
vt 0.7426 0.1344 -0.4277
vt 0.7390 0.1589 -0.4215
vt 0.7310 0.1758 -0.4077
vt 0.7165 0.2021 -0.3826
vt 0.6742 0.3297 -0.3094
vt 0.6608 0.4694 -0.2862
vt 0.6744 0.6105 -0.3097
vt 0.7117 0.7264 -0.3743
vt 0.7133 0.7376 -0.3771
vt 0.7133 0.8094 -0.3771
vt 0.6097 0.0890 -0.4260
vt 0.6160 0.0921 -0.4494
vt 0.6215 0.1095 -0.4699
vt 0.6234 0.1344 -0.4771
vt 0.6216 0.1589 -0.4702
vt 0.6175 0.1758 -0.4548
vt 0.6099 0.2021 -0.4267
vt 0.5881 0.3297 -0.3451
vt 0.5811 0.4694 -0.3192
vt 0.5882 0.6105 -0.3454
vt 0.6074 0.7264 -0.4174
vt 0.6083 0.7376 -0.4206
vt 0.6083 0.8094 -0.4206
vt 0.4956 0.0890 -0.4410
vt 0.4956 0.0921 -0.4652
vt 0.4956 0.1095 -0.4865
vt 0.4956 0.1344 -0.4939
vt 0.4956 0.1589 -0.4868
vt 0.4956 0.1758 -0.4708
vt 0.4956 0.2021 -0.4418
vt 0.4956 0.3297 -0.3573
vt 0.4956 0.4694 -0.3304
vt 0.4956 0.6105 -0.3576
vt 0.4956 0.7264 -0.4321
vt 0.4956 0.7376 -0.4354
vt 0.4956 0.8094 -0.4354
vt 0.3815 0.0890 -0.4260
vt 0.3752 0.0921 -0.4494
vt 0.3697 0.1095 -0.4699
vt 0.3678 0.1344 -0.4771
vt 0.3696 0.1589 -0.4702
vt 0.3737 0.1758 -0.4548
vt 0.3813 0.2021 -0.4267
vt 0.4031 0.3297 -0.3451
vt 0.4101 0.4694 -0.3192
vt 0.4030 0.6105 -0.3454
vt 0.3837 0.7264 -0.4174
vt 0.3829 0.7376 -0.4206
vt 0.3829 0.8094 -0.4206
vt 0.2751 0.0890 -0.3819
vt 0.2630 0.0921 -0.4029
vt 0.2523 0.1095 -0.4213
vt 0.2486 0.1344 -0.4277
vt 0.2522 0.1589 -0.4215
vt 0.2602 0.1758 -0.4077
vt 0.2747 0.2021 -0.3826
vt 0.3170 0.3297 -0.3094
vt 0.3304 0.4694 -0.2862
vt 0.3168 0.6105 -0.3097
vt 0.2795 0.7264 -0.3743
vt 0.2779 0.7376 -0.3771
vt 0.2779 0.8094 -0.3771
vt 0.1838 0.0890 -0.3118
vt 0.1666 0.0921 -0.3290
vt 0.1516 0.1095 -0.3440
vt 0.1463 0.1344 -0.3493
vt 0.1514 0.1589 -0.3442
vt 0.1627 0.1758 -0.3329
vt 0.1832 0.2021 -0.3124
vt 0.2430 0.3297 -0.2526
vt 0.2619 0.4694 -0.2337
vt 0.2427 0.6105 -0.2529
vt 0.1900 0.7264 -0.3056
vt 0.1877 0.7376 -0.3079
vt 0.1877 0.8094 -0.3079
vt 0.1137 0.0890 -0.2205
vt 0.0927 0.0921 -0.2326
vt 0.0743 0.1095 -0.2433
vt 0.0678 0.1344 -0.2470
vt 0.0741 0.1589 -0.2434
vt 0.0879 0.1758 -0.2354
vt 0.1130 0.2021 -0.2209
vt 0.1862 0.3297 -0.1786
vt 0.2094 0.4694 -0.1652
vt 0.1859 0.6105 -0.1788
vt 0.1213 0.7264 -0.2161
vt 0.1185 0.7376 -0.2177
vt 0.1185 0.8094 -0.2177
vt 0.0696 0.0890 -0.1141
vt 0.0462 0.0921 -0.1204
vt 0.0257 0.1095 -0.1259
vt 0.0185 0.1344 -0.1278
vt 0.0254 0.1589 -0.1260
vt 0.0408 0.1758 -0.1219
vt 0.0689 0.2021 -0.1143
vt 0.1505 0.3297 -0.0925
vt 0.1764 0.4694 -0.0855
vt 0.1501 0.6105 -0.0926
vt 0.0782 0.7264 -0.1118
vt 0.0750 0.7376 -0.1127
vt 0.0750 0.8094 -0.1127
vt 0.0546 0.0890 0.0000
vt 0.0304 0.0921 0.0000
vt 0.0091 0.1095 0.0000
vt 0.0017 0.1344 0.0000
vt 0.0088 0.1589 0.0000
vt 0.0248 0.1758 0.0000
vt 0.0538 0.2021 0.0000
vt 0.1383 0.3297 -0.0000
vt 0.1652 0.4694 -0.0000
vt 0.1380 0.6105 -0.0000
vt 0.0634 0.7264 -0.0000
vt 0.0602 0.7376 -0.0000
vt 0.0602 0.8094 -0.0000
vt 0.0696 0.0890 0.1141
vt 0.0462 0.0921 0.1204
vt 0.0257 0.1095 0.1259
vt 0.0185 0.1344 0.1278
vt 0.0254 0.1589 0.1260
vt 0.0408 0.1758 0.1219
vt 0.0689 0.2021 0.1143
vt 0.1505 0.3297 0.0925
vt 0.1764 0.4694 0.0855
vt 0.1501 0.6105 0.0926
vt 0.0782 0.7264 0.1118
vt 0.0750 0.7376 0.1127
vt 0.0750 0.8094 0.1127
vt 0.1137 0.0890 0.2205
vt 0.0927 0.0921 0.2326
vt 0.0743 0.1095 0.2433
vt 0.0678 0.1344 0.2470
vt 0.0741 0.1589 0.2434
vt 0.0879 0.1758 0.2354
vt 0.1130 0.2021 0.2209
vt 0.1862 0.3297 0.1786
vt 0.2094 0.4694 0.1652
vt 0.1859 0.6105 0.1788
vt 0.1213 0.7264 0.2161
vt 0.1185 0.7376 0.2177
vt 0.1185 0.8094 0.2177
vt 0.1838 0.0890 0.3118
vt 0.1666 0.0921 0.3290
vt 0.1516 0.1095 0.3440
vt 0.1463 0.1344 0.3493
vt 0.1514 0.1589 0.3442
vt 0.1627 0.1758 0.3329
vt 0.1832 0.2021 0.3124
vt 0.2430 0.3297 0.2526
vt 0.2619 0.4694 0.2337
vt 0.2427 0.6105 0.2529
vt 0.1900 0.7264 0.3056
vt 0.1877 0.7376 0.3079
vt 0.1877 0.8094 0.3079
vt 0.2751 0.0890 0.3819
vt 0.2630 0.0921 0.4029
vt 0.2523 0.1095 0.4213
vt 0.2486 0.1344 0.4277
vt 0.2522 0.1589 0.4215
vt 0.2602 0.1758 0.4077
vt 0.2747 0.2021 0.3826
vt 0.3170 0.3297 0.3094
vt 0.3304 0.4694 0.2862
vt 0.3168 0.6105 0.3097
vt 0.2795 0.7264 0.3743
vt 0.2779 0.7376 0.3771
vt 0.2779 0.8094 0.3771
vt 0.3815 0.0890 0.4260
vt 0.3752 0.0921 0.4494
vt 0.3697 0.1095 0.4699
vt 0.3678 0.1344 0.4771
vt 0.3696 0.1589 0.4702
vt 0.3737 0.1758 0.4548
vt 0.3813 0.2021 0.4267
vt 0.4031 0.3297 0.3451
vt 0.4101 0.4694 0.3192
vt 0.4030 0.6105 0.3454
vt 0.3837 0.7264 0.4174
vt 0.3829 0.7376 0.4206
vt 0.3829 0.8094 0.4206
vt 0.4956 0.0890 0.4410
vt 0.4956 0.0921 0.4652
vt 0.4956 0.1095 0.4865
vt 0.4956 0.1344 0.4939
vt 0.4956 0.1589 0.4868
vt 0.4956 0.1758 0.4708
vt 0.4956 0.2021 0.4418
vt 0.4956 0.3297 0.3573
vt 0.4956 0.4694 0.3304
vt 0.4956 0.6105 0.3576
vt 0.4956 0.7264 0.4321
vt 0.4956 0.7376 0.4354
vt 0.4956 0.8094 0.4354
vt 0.6097 0.0890 0.4260
vt 0.6160 0.0921 0.4494
vt 0.6215 0.1095 0.4699
vt 0.6234 0.1344 0.4771
vt 0.6216 0.1589 0.4702
vt 0.6175 0.1758 0.4548
vt 0.6099 0.2021 0.4267
vt 0.5881 0.3297 0.3451
vt 0.5811 0.4694 0.3192
vt 0.5882 0.6105 0.3454
vt 0.6074 0.7264 0.4174
vt 0.6083 0.7376 0.4206
vt 0.6083 0.8094 0.4206
vt 0.7161 0.0890 0.3819
vt 0.7282 0.0921 0.4029
vt 0.7389 0.1095 0.4213
vt 0.7426 0.1344 0.4277
vt 0.7390 0.1589 0.4215
vt 0.7310 0.1758 0.4077
vt 0.7165 0.2021 0.3826
vt 0.6742 0.3297 0.3094
vt 0.6608 0.4694 0.2862
vt 0.6744 0.6105 0.3097
vt 0.7117 0.7264 0.3743
vt 0.7133 0.7376 0.3771
vt 0.7133 0.8094 0.3771
vt 0.8074 0.0890 0.3118
vt 0.8245 0.0921 0.3290
vt 0.8396 0.1095 0.3440
vt 0.8449 0.1344 0.3493
vt 0.8398 0.1589 0.3442
vt 0.8285 0.1758 0.3329
vt 0.8080 0.2021 0.3124
vt 0.7482 0.3297 0.2526
vt 0.7293 0.4694 0.2337
vt 0.7485 0.6105 0.2529
vt 0.8012 0.7264 0.3056
vt 0.8035 0.7376 0.3079
vt 0.8035 0.8094 0.3079
vt 0.8775 0.0890 0.2205
vt 0.8985 0.0921 0.2326
vt 0.9169 0.1095 0.2433
vt 0.9233 0.1344 0.2470
vt 0.9171 0.1589 0.2434
vt 0.9033 0.1758 0.2354
vt 0.8782 0.2021 0.2209
vt 0.8050 0.3297 0.1786
vt 0.7818 0.4694 0.1652
vt 0.8053 0.6105 0.1788
vt 0.8698 0.7264 0.2161
vt 0.8727 0.7376 0.2177
vt 0.8727 0.8094 0.2177
vt 0.9216 0.0890 0.1141
vt 0.9450 0.0921 0.1204
vt 0.9655 0.1095 0.1259
vt 0.9727 0.1344 0.1278
vt 0.9658 0.1589 0.1260
vt 0.9504 0.1758 0.1219
vt 0.9223 0.2021 0.1143
vt 0.8407 0.3297 0.0925
vt 0.8148 0.4694 0.0855
vt 0.8410 0.6105 0.0926
vt 0.9130 0.7264 0.1118
vt 0.9162 0.7376 0.1127
vt 0.9162 0.8094 0.1127
vt 0.9162 0.7315 -0.1127
vt 0.9310 0.7315 0.0000
vt 0.8727 0.7315 -0.2177
vt 0.8035 0.7315 -0.3079
vt 0.7133 0.7315 -0.3771
vt 0.6083 0.7315 -0.4206
vt 0.4956 0.7315 -0.4354
vt 0.3829 0.7315 -0.4206
vt 0.2779 0.7315 -0.3771
vt 0.1877 0.7315 -0.3079
vt 0.1185 0.7315 -0.2177
vt 0.0750 0.7315 -0.1127
vt 0.0602 0.7315 -0.0000
vt 0.0750 0.7315 0.1127
vt 0.1185 0.7315 0.2177
vt 0.1877 0.7315 0.3079
vt 0.2779 0.7315 0.3771
vt 0.3829 0.7315 0.4206
vt 0.4956 0.7315 0.4354
vt 0.6083 0.7315 0.4206
vt 0.7133 0.7315 0.3771
vt 0.8035 0.7315 0.3079
vt 0.8727 0.7315 0.2177
vt 0.9162 0.7315 0.1127
vt 0.8333 1.0000 1.0000
vt 0.9167 1.0000 1.0000
vt 0.8884 1.0000 0.7321
vt 0.7560 1.0000 0.2679
vt 0.5550 1.0000 -0.2679
vt 0.3393 1.0000 -0.7321
vt 0.1667 1.0000 -1.0000
vt 0.0833 1.0000 -1.0000
vt 0.1116 1.0000 -0.7321
vt 0.2440 1.0000 -0.2680
vt 0.6667 1.0000 1.0000
vt 0.1731 1.0000 -0.9901
vt 0.1668 1.0000 -0.9998
vt 0.6698 1.0000 1.0000
vt 0.7083 1.0000 1.0000
vt 0.1778 1.0000 -0.5000
vt 0.7217 1.0000 0.2321
vt 0.3907 1.0000 0.1340
vt 0.2085 1.0000 -0.6290
vt 0.3355 0.3852 -0.0901
vt 0.3356 0.0639 -0.0901
vt 0.3430 0.0639 -0.0152
vt 0.3429 0.3852 -0.0152
vt 0.3328 0.0494 -0.0901
vt 0.3402 0.0494 -0.0147
vt 0.3241 0.0361 -0.0901
vt 0.3317 0.0361 -0.0130
vt 0.3035 0.0253 -0.0901
vt 0.3115 0.0253 -0.0090
vt 0.2974 0.0252 -0.0901
vt 0.2443 0.0247 -0.0901
vt 0.2535 0.0247 0.0027
vt 0.3055 0.0252 -0.0078
vt 0.2114 0.0209 -0.0901
vt -0.4404 -0.1280 -0.0901
vt -0.4181 -0.1280 0.1362
vt 0.2211 0.0209 0.0089
vt -0.4463 -0.1294 -0.0901
vt -0.4550 -0.1338 -0.0901
vt -0.4324 -0.1338 0.1390
vt -0.4239 -0.1294 0.1373
vt -0.4603 -0.1414 -0.0901
vt -0.4376 -0.1414 0.1400
vt -0.4617 -0.1487 -0.0901
vt -0.4390 -0.1487 0.1403
vt -0.4617 -0.1547 -0.0901
vt -0.4617 -0.2746 -0.0901
vt -0.4390 -0.2746 0.1403
vt -0.4390 -0.1547 0.1403
vt -0.4617 -0.2806 -0.0901
vt -0.4609 -0.2845 -0.0901
vt -0.4383 -0.2845 0.1402
vt -0.4390 -0.2806 0.1403
vt -0.4573 -0.2889 -0.0901
vt -0.4347 -0.2889 0.1395
vt -0.4517 -0.2906 -0.0901
vt -0.4292 -0.2906 0.1384
vt 0.3648 0.0639 0.0568
vt 0.3648 0.3852 0.0568
vt 0.3623 0.0494 0.0579
vt 0.3542 0.0361 0.0612
vt 0.3352 0.0253 0.0691
vt 0.2805 0.0247 0.0920
vt 0.3295 0.0252 0.0714
vt -0.3521 -0.1280 0.3538
vt 0.2500 0.0209 0.1042
vt -0.3656 -0.1338 0.3594
vt -0.3576 -0.1294 0.3560
vt -0.3705 -0.1414 0.3614
vt -0.3718 -0.1487 0.3619
vt -0.3718 -0.2746 0.3619
vt -0.3718 -0.1547 0.3619
vt -0.3711 -0.2845 0.3616
vt -0.3718 -0.2806 0.3619
vt -0.3677 -0.2889 0.3602
vt -0.3626 -0.2906 0.3581
vt 0.4003 0.0639 0.1232
vt 0.4003 0.3852 0.1232
vt 0.3980 0.0494 0.1247
vt 0.3907 0.0361 0.1296
vt 0.3736 0.0253 0.1410
vt 0.3245 0.0247 0.1743
vt 0.3685 0.0252 0.1444
vt -0.2449 -0.1280 0.5543
vt 0.2970 0.0209 0.1920
vt -0.2570 -0.1338 0.5624
vt -0.2498 -0.1294 0.5576
vt -0.2615 -0.1414 0.5654
vt -0.2626 -0.1487 0.5661
vt -0.2626 -0.2746 0.5661
vt -0.2626 -0.1547 0.5661
vt -0.2620 -0.2845 0.5657
vt -0.2626 -0.2806 0.5661
vt -0.2589 -0.2889 0.5637
vt -0.2543 -0.2906 0.5606
vt 0.4480 0.0639 0.1814
vt 0.4480 0.3852 0.1814
vt 0.4461 0.0494 0.1833
vt 0.4399 0.0361 0.1895
vt 0.4254 0.0253 0.2041
vt 0.3837 0.0247 0.2464
vt 0.4210 0.0252 0.2084
vt -0.1006 -0.1280 0.7301
vt 0.3601 0.0209 0.2690
vt -0.1110 -0.1338 0.7404
vt -0.1048 -0.1294 0.7343
vt -0.1147 -0.1414 0.7441
vt -0.1157 -0.1487 0.7451
vt -0.1157 -0.2746 0.7451
vt -0.1157 -0.1547 0.7451
vt -0.1152 -0.2845 0.7446
vt -0.1157 -0.2806 0.7451
vt -0.1126 -0.2889 0.7420
vt -0.1087 -0.2906 0.7381
vt 0.5062 0.0639 0.2291
vt 0.5062 0.3852 0.2292
vt 0.5047 0.0494 0.2314
vt 0.4998 0.0361 0.2387
vt 0.4884 0.0253 0.2558
vt 0.4558 0.0247 0.3056
vt 0.4850 0.0252 0.2609
vt 0.0751 -0.1280 0.8743
vt 0.4371 0.0209 0.3321
vt 0.0670 -0.1338 0.8865
vt 0.0718 -0.1294 0.8792
vt 0.0641 -0.1414 0.8909
vt 0.0633 -0.1487 0.8921
vt 0.0633 -0.2746 0.8921
vt 0.0633 -0.1547 0.8921
vt 0.0637 -0.2845 0.8914
vt 0.0633 -0.2806 0.8921
vt 0.0657 -0.2889 0.8884
vt 0.0688 -0.2906 0.8838
vt 0.5726 0.0639 0.2646
vt 0.5726 0.3852 0.2647
vt 0.5716 0.0494 0.2672
vt 0.5682 0.0361 0.2753
vt 0.5603 0.0253 0.2943
vt 0.5381 0.0247 0.3496
vt 0.5580 0.0252 0.2999
vt 0.2757 -0.1280 0.9815
vt 0.5249 0.0209 0.3790
vt 0.2701 -0.1338 0.9950
vt 0.2734 -0.1294 0.9870
vt 0.2680 -0.1414 0.9999
vt 0.2675 -0.1487 1.0012
vt 0.2675 -0.2746 1.0012
vt 0.2675 -0.1547 1.0012
vt 0.2678 -0.2845 1.0005
vt 0.2675 -0.2806 1.0012
vt 0.2692 -0.2889 0.9971
vt 0.2713 -0.2906 0.9920
vt 0.6446 0.0639 0.2865
vt 0.6446 0.3852 0.2865
vt 0.6441 0.0494 0.2892
vt 0.6424 0.0361 0.2978
vt 0.6384 0.0253 0.3179
vt 0.6274 0.0247 0.3767
vt 0.6372 0.0252 0.3239
vt 0.4933 -0.1280 1.0475
vt 0.6201 0.0209 0.4079
vt 0.4904 -0.1338 1.0619
vt 0.4921 -0.1294 1.0533
vt 0.4894 -0.1414 1.0670
vt 0.4891 -0.1487 1.0684
vt 0.4891 -0.2746 1.0684
vt 0.4891 -0.1547 1.0684
vt 0.4893 -0.2845 1.0677
vt 0.4891 -0.2806 1.0684
vt 0.4900 -0.2889 1.0641
vt 0.4911 -0.2906 1.0586
vt 0.7196 0.0639 0.2939
vt 0.7196 0.3852 0.2939
vt 0.7196 0.0494 0.2966
vt 0.7196 0.0361 0.3054
vt 0.7196 0.0253 0.3259
vt 0.7203 0.0247 0.3858
vt 0.7196 0.0252 0.3320
vt 0.7196 -0.1280 1.0698
vt 0.7192 0.0209 0.4177
vt 0.7196 -0.1338 1.0844
vt 0.7196 -0.1294 1.0757
vt 0.7196 -0.1414 1.0897
vt 0.7196 -0.1487 1.0911
vt 0.7196 -0.2746 1.0911
vt 0.7196 -0.1547 1.0911
vt 0.7196 -0.2845 1.0904
vt 0.7196 -0.2806 1.0911
vt 0.7196 -0.2889 1.0867
vt 0.7196 -0.2906 1.0812
vt 0.7945 0.0639 0.2865
vt 0.7945 0.3852 0.2865
vt 0.7950 0.0494 0.2892
vt 0.7967 0.0361 0.2978
vt 0.8007 0.0253 0.3179
vt 0.8131 0.0247 0.3767
vt 0.8019 0.0252 0.3239
vt 0.9458 -0.1280 1.0475
vt 0.8183 0.0209 0.4079
vt 0.9487 -0.1338 1.0619
vt 0.9470 -0.1294 1.0533
vt 0.9497 -0.1414 1.0670
vt 0.9500 -0.1487 1.0684
vt 0.9500 -0.2746 1.0684
vt 0.9500 -0.1547 1.0684
vt 0.9499 -0.2845 1.0677
vt 0.9500 -0.2806 1.0684
vt 0.9491 -0.2889 1.0641
vt 0.9481 -0.2906 1.0586
vt 0.8665 0.0639 0.2646
vt 0.8665 0.3852 0.2647
vt 0.8676 0.0494 0.2672
vt 0.8709 0.0361 0.2753
vt 0.8788 0.0253 0.2943
vt 0.9024 0.0247 0.3496
vt 0.8811 0.0252 0.2999
vt 1.1634 -0.1280 0.9815
vt 0.9135 0.0209 0.3790
vt 1.1690 -0.1338 0.9950
vt 1.1657 -0.1294 0.9870
vt 1.1711 -0.1414 0.9999
vt 1.1716 -0.1487 1.0012
vt 1.1716 -0.2746 1.0012
vt 1.1716 -0.1547 1.0012
vt 1.1713 -0.2845 1.0005
vt 1.1716 -0.2806 1.0012
vt 1.1699 -0.2889 0.9971
vt 1.1678 -0.2906 0.9920
vt 0.9329 0.0639 0.2291
vt 0.9329 0.3852 0.2292
vt 0.9344 0.0494 0.2314
vt 0.9393 0.0361 0.2387
vt 0.9507 0.0253 0.2558
vt 0.9847 0.0247 0.3056
vt 0.9541 0.0252 0.2609
vt 1.3640 -0.1280 0.8743
vt 1.0013 0.0209 0.3321
vt 1.3721 -0.1338 0.8865
vt 1.3673 -0.1294 0.8792
vt 1.3750 -0.1414 0.8909
vt 1.3758 -0.1487 0.8921
vt 1.3758 -0.2746 0.8921
vt 1.3758 -0.1547 0.8921
vt 1.3754 -0.2845 0.8914
vt 1.3758 -0.2806 0.8921
vt 1.3734 -0.2889 0.8884
vt 1.3703 -0.2906 0.8838
vt 0.9911 0.0639 0.1814
vt 0.9911 0.3852 0.1814
vt 0.9930 0.0494 0.1833
vt 0.9992 0.0361 0.1895
vt 1.0138 0.0253 0.2041
vt 1.0568 0.0247 0.2464
vt 1.0181 0.0252 0.2084
vt 1.5397 -0.1280 0.7301
vt 1.0783 0.0209 0.2690
vt 1.5501 -0.1338 0.7404
vt 1.5439 -0.1294 0.7343
vt 1.5538 -0.1414 0.7441
vt 1.5548 -0.1487 0.7451
vt 1.5548 -0.2746 0.7451
vt 1.5548 -0.1547 0.7451
vt 1.5543 -0.2845 0.7446
vt 1.5548 -0.2806 0.7451
vt 1.5517 -0.2889 0.7420
vt 1.5478 -0.2906 0.7381
vt 1.0388 0.0639 0.1232
vt 1.0389 0.3852 0.1232
vt 1.0411 0.0494 0.1247
vt 1.0484 0.0361 0.1296
vt 1.0655 0.0253 0.1410
vt 1.1160 0.0247 0.1743
vt 1.0706 0.0252 0.1444
vt 1.6840 -0.1280 0.5543
vt 1.1414 0.0209 0.1920
vt 1.6962 -0.1338 0.5624
vt 1.6889 -0.1294 0.5576
vt 1.7006 -0.1414 0.5654
vt 1.7017 -0.1487 0.5661
vt 1.7017 -0.2746 0.5661
vt 1.7017 -0.1547 0.5661
vt 1.7011 -0.2845 0.5657
vt 1.7017 -0.2806 0.5661
vt 1.6981 -0.2889 0.5637
vt 1.6934 -0.2906 0.5606
vt 1.0743 0.0639 0.0568
vt 1.0743 0.3852 0.0568
vt 1.0769 0.0494 0.0579
vt 1.0849 0.0361 0.0612
vt 1.1040 0.0253 0.0691
vt 1.1600 0.0247 0.0920
vt 1.1096 0.0252 0.0714
vt 1.7912 -0.1280 0.3538
vt 1.1884 0.0209 0.1042
vt 1.8047 -0.1338 0.3594
vt 1.7967 -0.1294 0.3560
vt 1.8096 -0.1414 0.3614
vt 1.8109 -0.1487 0.3619
vt 1.8109 -0.2746 0.3619
vt 1.8109 -0.1547 0.3619
vt 1.8102 -0.2845 0.3616
vt 1.8109 -0.2806 0.3619
vt 1.8068 -0.2889 0.3602
vt 1.8017 -0.2906 0.3581
vt 1.0962 0.0639 -0.0152
vt 1.0962 0.3852 -0.0152
vt 1.0989 0.0494 -0.0147
vt 1.1075 0.0361 -0.0130
vt 1.1276 0.0253 -0.0090
vt 1.1871 0.0247 0.0027
vt 1.1336 0.0252 -0.0078
vt 1.8572 -0.1280 0.1362
vt 1.2173 0.0209 0.0089
vt 1.8715 -0.1338 0.1390
vt 1.8630 -0.1294 0.1373
vt 1.8767 -0.1414 0.1400
vt 1.8781 -0.1487 0.1403
vt 1.8781 -0.2746 0.1403
vt 1.8781 -0.1547 0.1403
vt 1.8774 -0.2845 0.1402
vt 1.8781 -0.2806 0.1403
vt 1.8738 -0.2889 0.1395
vt 1.8683 -0.2906 0.1384
vt 1.1035 0.0639 -0.0901
vt 1.1036 0.3852 -0.0901
vt 1.1063 0.0494 -0.0901
vt 1.1151 0.0361 -0.0901
vt 1.1356 0.0253 -0.0901
vt 1.1962 0.0247 -0.0901
vt 1.1417 0.0252 -0.0901
vt 1.8795 -0.1280 -0.0901
vt 1.2270 0.0209 -0.0901
vt 1.8941 -0.1338 -0.0901
vt 1.8854 -0.1294 -0.0901
vt 1.8994 -0.1414 -0.0901
vt 1.9008 -0.1487 -0.0901
vt 1.9008 -0.2746 -0.0901
vt 1.9008 -0.1547 -0.0901
vt 1.9001 -0.2845 -0.0901
vt 1.9008 -0.2806 -0.0901
vt 1.8964 -0.2889 -0.0901
vt 1.8908 -0.2906 -0.0901
vt 1.0962 0.0639 -0.1650
vt 1.0962 0.3852 -0.1650
vt 1.0989 0.0494 -0.1656
vt 1.1075 0.0361 -0.1673
vt 1.1276 0.0253 -0.1713
vt 1.1871 0.0247 -0.1830
vt 1.1336 0.0252 -0.1725
vt 1.8572 -0.1280 -0.3164
vt 1.2173 0.0209 -0.1892
vt 1.8715 -0.1338 -0.3193
vt 1.8630 -0.1294 -0.3176
vt 1.8767 -0.1414 -0.3203
vt 1.8781 -0.1487 -0.3206
vt 1.8781 -0.2746 -0.3206
vt 1.8781 -0.1547 -0.3206
vt 1.8774 -0.2845 -0.3204
vt 1.8781 -0.2806 -0.3206
vt 1.8738 -0.2889 -0.3197
vt 1.8683 -0.2906 -0.3186
vt 1.0743 0.0639 -0.2371
vt 1.0743 0.3852 -0.2371
vt 1.0769 0.0494 -0.2381
vt 1.0849 0.0361 -0.2415
vt 1.1040 0.0253 -0.2494
vt 1.1600 0.0247 -0.2723
vt 1.1096 0.0252 -0.2517
vt 1.7912 -0.1280 -0.5340
vt 1.1884 0.0209 -0.2845
vt 1.8047 -0.1338 -0.5396
vt 1.7967 -0.1294 -0.5363
vt 1.8096 -0.1414 -0.5416
vt 1.8109 -0.1487 -0.5422
vt 1.8109 -0.2746 -0.5422
vt 1.8109 -0.1547 -0.5422
vt 1.8102 -0.2845 -0.5419
vt 1.8109 -0.2806 -0.5422
vt 1.8068 -0.2889 -0.5405
vt 1.8017 -0.2906 -0.5384
vt 1.0388 0.0639 -0.3035
vt 1.0389 0.3852 -0.3035
vt 1.0411 0.0494 -0.3050
vt 1.0484 0.0361 -0.3099
vt 1.0655 0.0253 -0.3213
vt 1.1160 0.0247 -0.3546
vt 1.0706 0.0252 -0.3247
vt 1.6840 -0.1280 -0.7345
vt 1.1414 0.0209 -0.3723
vt 1.6962 -0.1338 -0.7427
vt 1.6889 -0.1294 -0.7378
vt 1.7006 -0.1414 -0.7456
vt 1.7017 -0.1487 -0.7464
vt 1.7017 -0.2746 -0.7464
vt 1.7017 -0.1547 -0.7464
vt 1.7011 -0.2845 -0.7460
vt 1.7017 -0.2806 -0.7464
vt 1.6981 -0.2889 -0.7439
vt 1.6934 -0.2906 -0.7409
vt 0.9911 0.0639 -0.3616
vt 0.9911 0.3852 -0.3617
vt 0.9930 0.0494 -0.3636
vt 0.9992 0.0361 -0.3698
vt 1.0138 0.0253 -0.3843
vt 1.0568 0.0247 -0.4267
vt 1.0181 0.0252 -0.3886
vt 1.5397 -0.1280 -0.9103
vt 1.0783 0.0209 -0.4492
vt 1.5501 -0.1338 -0.9207
vt 1.5439 -0.1294 -0.9145
vt 1.5538 -0.1414 -0.9244
vt 1.5548 -0.1487 -0.9254
vt 1.5548 -0.2746 -0.9254
vt 1.5548 -0.1547 -0.9254
vt 1.5543 -0.2845 -0.9249
vt 1.5548 -0.2806 -0.9254
vt 1.5517 -0.2889 -0.9223
vt 1.5478 -0.2906 -0.9184
vt 0.9329 0.0639 -0.4094
vt 0.9329 0.3852 -0.4094
vt 0.9344 0.0494 -0.4117
vt 0.9393 0.0361 -0.4190
vt 0.9507 0.0253 -0.4361
vt 0.9847 0.0247 -0.4859
vt 0.9541 0.0252 -0.4411
vt 1.3640 -0.1280 -1.0546
vt 1.0013 0.0209 -0.5124
vt 1.3721 -0.1338 -1.0667
vt 1.3673 -0.1294 -1.0595
vt 1.3750 -0.1414 -1.0711
vt 1.3758 -0.1487 -1.0723
vt 1.3758 -0.2746 -1.0723
vt 1.3758 -0.1547 -1.0723
vt 1.3754 -0.2845 -1.0717
vt 1.3758 -0.2806 -1.0723
vt 1.3734 -0.2889 -1.0686
vt 1.3703 -0.2906 -1.0640
vt 0.8665 0.0639 -0.4449
vt 0.8665 0.3852 -0.4449
vt 0.8676 0.0494 -0.4474
vt 0.8709 0.0361 -0.4555
vt 0.8788 0.0253 -0.4745
vt 0.9024 0.0247 -0.5299
vt 0.8811 0.0252 -0.4802
vt 1.1634 -0.1280 -1.1618
vt 0.9135 0.0209 -0.5593
vt 1.1690 -0.1338 -1.1753
vt 1.1657 -0.1294 -1.1672
vt 1.1711 -0.1414 -1.1802
vt 1.1716 -0.1487 -1.1815
vt 1.1716 -0.2746 -1.1815
vt 1.1716 -0.1547 -1.1815
vt 1.1713 -0.2845 -1.1808
vt 1.1716 -0.2806 -1.1815
vt 1.1699 -0.2889 -1.1774
vt 1.1678 -0.2906 -1.1723
vt 0.7945 0.0639 -0.4667
vt 0.7945 0.3852 -0.4668
vt 0.7950 0.0494 -0.4694
vt 0.7967 0.0361 -0.4780
vt 0.8007 0.0253 -0.4982
vt 0.8131 0.0247 -0.5569
vt 0.8019 0.0252 -0.5042
vt 0.9458 -0.1280 -1.2278
vt 0.8183 0.0209 -0.5882
vt 0.9487 -0.1338 -1.2421
vt 0.9470 -0.1294 -1.2336
vt 0.9497 -0.1414 -1.2473
vt 0.9500 -0.1487 -1.2487
vt 0.9500 -0.2746 -1.2487
vt 0.9500 -0.1547 -1.2487
vt 0.9499 -0.2845 -1.2479
vt 0.9500 -0.2806 -1.2487
vt 0.9491 -0.2889 -1.2444
vt 0.9481 -0.2906 -1.2389
vt 0.7196 0.0639 -0.4741
vt 0.7196 0.3852 -0.4741
vt 0.7196 0.0494 -0.4769
vt 0.7196 0.0361 -0.4856
vt 0.7196 0.0253 -0.5062
vt 0.7203 0.0247 -0.5661
vt 0.7196 0.0252 -0.5123
vt 0.7196 -0.1280 -1.2501
vt 0.7192 0.0209 -0.5980
vt 0.7196 -0.1338 -1.2647
vt 0.7196 -0.1294 -1.2560
vt 0.7196 -0.1414 -1.2700
vt 0.7196 -0.1487 -1.2714
vt 0.7196 -0.2746 -1.2714
vt 0.7196 -0.1547 -1.2714
vt 0.7196 -0.2845 -1.2706
vt 0.7196 -0.2806 -1.2714
vt 0.7196 -0.2889 -1.2670
vt 0.7196 -0.2906 -1.2614
vt 0.6446 0.0639 -0.4667
vt 0.6446 0.3852 -0.4668
vt 0.6441 0.0494 -0.4694
vt 0.6424 0.0361 -0.4780
vt 0.6384 0.0253 -0.4982
vt 0.6274 0.0247 -0.5569
vt 0.6372 0.0252 -0.5042
vt 0.4933 -0.1280 -1.2278
vt 0.6201 0.0209 -0.5882
vt 0.4904 -0.1338 -1.2421
vt 0.4921 -0.1294 -1.2336
vt 0.4894 -0.1414 -1.2473
vt 0.4891 -0.1487 -1.2487
vt 0.4891 -0.2746 -1.2487
vt 0.4891 -0.1547 -1.2487
vt 0.4893 -0.2845 -1.2479
vt 0.4891 -0.2806 -1.2487
vt 0.4900 -0.2889 -1.2444
vt 0.4910 -0.2906 -1.2389
vt 0.5726 0.0639 -0.4449
vt 0.5726 0.3852 -0.4449
vt 0.5716 0.0494 -0.4474
vt 0.5682 0.0361 -0.4555
vt 0.5603 0.0253 -0.4745
vt 0.5381 0.0247 -0.5299
vt 0.5580 0.0252 -0.4802
vt 0.2757 -0.1280 -1.1618
vt 0.5249 0.0209 -0.5593
vt 0.2701 -0.1338 -1.1753
vt 0.2734 -0.1294 -1.1672
vt 0.2680 -0.1414 -1.1802
vt 0.2675 -0.1487 -1.1815
vt 0.2675 -0.2746 -1.1815
vt 0.2675 -0.1547 -1.1815
vt 0.2678 -0.2845 -1.1808
vt 0.2675 -0.2806 -1.1815
vt 0.2692 -0.2889 -1.1774
vt 0.2713 -0.2906 -1.1723
vt 0.5062 0.0639 -0.4094
vt 0.5062 0.3852 -0.4094
vt 0.5047 0.0494 -0.4117
vt 0.4998 0.0361 -0.4190
vt 0.4884 0.0253 -0.4361
vt 0.4558 0.0247 -0.4859
vt 0.4850 0.0252 -0.4411
vt 0.0751 -0.1280 -1.0546
vt 0.4371 0.0209 -0.5124
vt 0.0670 -0.1338 -1.0667
vt 0.0718 -0.1294 -1.0595
vt 0.0641 -0.1414 -1.0711
vt 0.0633 -0.1487 -1.0723
vt 0.0633 -0.2746 -1.0723
vt 0.0633 -0.1547 -1.0723
vt 0.0637 -0.2845 -1.0717
vt 0.0633 -0.2806 -1.0723
vt 0.0657 -0.2889 -1.0686
vt 0.0688 -0.2906 -1.0640
vt 0.4480 0.0639 -0.3616
vt 0.4480 0.3852 -0.3617
vt 0.4461 0.0494 -0.3636
vt 0.4399 0.0361 -0.3698
vt 0.4254 0.0253 -0.3843
vt 0.3837 0.0247 -0.4267
vt 0.4210 0.0252 -0.3886
vt -0.1006 -0.1280 -0.9103
vt 0.3601 0.0209 -0.4492
vt -0.1110 -0.1338 -0.9207
vt -0.1048 -0.1294 -0.9145
vt -0.1147 -0.1414 -0.9244
vt -0.1157 -0.1487 -0.9254
vt -0.1157 -0.2746 -0.9254
vt -0.1157 -0.1547 -0.9254
vt -0.1152 -0.2845 -0.9249
vt -0.1157 -0.2806 -0.9254
vt -0.1126 -0.2889 -0.9223
vt -0.1087 -0.2906 -0.9184
vt 0.4003 0.0639 -0.3035
vt 0.4003 0.3852 -0.3035
vt 0.3980 0.0494 -0.3050
vt 0.3907 0.0361 -0.3099
vt 0.3736 0.0253 -0.3213
vt 0.3245 0.0247 -0.3546
vt 0.3685 0.0252 -0.3247
vt -0.2449 -0.1280 -0.7345
vt 0.2970 0.0209 -0.3723
vt -0.2570 -0.1338 -0.7427
vt -0.2498 -0.1294 -0.7378
vt -0.2615 -0.1414 -0.7456
vt -0.2626 -0.1487 -0.7464
vt -0.2626 -0.2746 -0.7464
vt -0.2626 -0.1547 -0.7464
vt -0.2620 -0.2845 -0.7460
vt -0.2626 -0.2806 -0.7464
vt -0.2589 -0.2889 -0.7439
vt -0.2543 -0.2906 -0.7409
vt 0.3648 0.0639 -0.2371
vt 0.3648 0.3852 -0.2371
vt 0.3623 0.0494 -0.2381
vt 0.3542 0.0361 -0.2415
vt 0.3352 0.0253 -0.2494
vt 0.2805 0.0247 -0.2723
vt 0.3295 0.0252 -0.2517
vt -0.3521 -0.1280 -0.5340
vt 0.2500 0.0209 -0.2845
vt -0.3656 -0.1338 -0.5396
vt -0.3576 -0.1294 -0.5363
vt -0.3705 -0.1414 -0.5416
vt -0.3718 -0.1487 -0.5422
vt -0.3718 -0.2746 -0.5422
vt -0.3718 -0.1547 -0.5422
vt -0.3711 -0.2845 -0.5419
vt -0.3718 -0.2806 -0.5422
vt -0.3677 -0.2889 -0.5405
vt -0.3626 -0.2906 -0.5384
vt 0.3430 0.0639 -0.1650
vt 0.3429 0.3852 -0.1650
vt 0.3402 0.0494 -0.1656
vt 0.3317 0.0361 -0.1673
vt 0.3115 0.0253 -0.1713
vt 0.2535 0.0247 -0.1830
vt 0.3055 0.0252 -0.1725
vt -0.4181 -0.1280 -0.3164
vt 0.2211 0.0209 -0.1892
vt -0.4324 -0.1338 -0.3193
vt -0.4239 -0.1294 -0.3176
vt -0.4376 -0.1414 -0.3203
vt -0.4390 -0.1487 -0.3206
vt -0.4390 -0.2746 -0.3206
vt -0.4390 -0.1547 -0.3206
vt -0.4383 -0.2845 -0.3204
vt -0.4390 -0.2806 -0.3206
vt -0.4347 -0.2889 -0.3197
vt -0.4292 -0.2906 -0.3186
vt -0.4395 -0.2906 -0.0901
vt -0.4172 -0.2906 -0.3163
vt -0.3513 -0.2906 -0.5337
vt -0.2442 -0.2906 -0.7341
vt -0.1000 -0.2906 -0.9097
vt 0.0756 -0.2906 -1.0539
vt 0.2760 -0.2906 -1.1610
vt 0.4934 -0.2906 -1.2269
vt 0.7196 -0.2906 -1.2492
vt 0.9457 -0.2906 -1.2269
vt 1.1631 -0.2906 -1.1610
vt 1.3635 -0.2906 -1.0539
vt 1.5391 -0.2906 -0.9097
vt 1.6833 -0.2906 -0.7341
vt 1.7904 -0.2906 -0.5337
vt 1.8564 -0.2906 -0.3163
vt 1.8786 -0.2906 -0.0901
vt 1.8564 -0.2906 0.1360
vt 1.7904 -0.2906 0.3534
vt 1.6833 -0.2906 0.5538
vt 1.5391 -0.2906 0.7295
vt 1.3635 -0.2906 0.8736
vt 1.1631 -0.2906 0.9807
vt 0.9457 -0.2906 1.0467
vt 0.7196 -0.2906 1.0689
vt 0.4934 -0.2906 1.0467
vt 0.2760 -0.2906 0.9807
vt 0.0756 -0.2906 0.8736
vt -0.1000 -0.2906 0.7295
vt -0.2442 -0.2906 0.5538
vt -0.3513 -0.2906 0.3534
vt -0.4172 -0.2906 0.1360
vt -0.4456 -0.2906 -0.0901
vt -0.4232 -0.2906 0.1372
vt -0.4232 -0.2906 -0.3174
vt -0.3569 -0.2906 -0.5360
vt -0.2492 -0.2906 -0.7375
vt -0.1043 -0.2906 -0.9140
vt 0.0722 -0.2906 -1.0589
vt 0.2737 -0.2906 -1.1666
vt 0.4922 -0.2906 -1.2329
vt 0.7196 -0.2906 -1.2553
vt 0.9469 -0.2906 -1.2329
vt 1.1654 -0.2906 -1.1666
vt 1.3669 -0.2906 -1.0589
vt 1.5435 -0.2906 -0.9140
vt 1.6884 -0.2906 -0.7375
vt 1.7960 -0.2906 -0.5360
vt 1.8623 -0.2906 -0.3174
vt 1.8847 -0.2906 -0.0901
vt 1.8623 -0.2906 0.1372
vt 1.7960 -0.2906 0.3558
vt 1.6884 -0.2906 0.5572
vt 1.5435 -0.2906 0.7338
vt 1.3669 -0.2906 0.8787
vt 1.1654 -0.2906 0.9863
vt 0.9469 -0.2906 1.0526
vt 0.7196 -0.2906 1.0750
vt 0.4922 -0.2906 1.0526
vt 0.2737 -0.2906 0.9863
vt 0.0722 -0.2906 0.8787
vt -0.1043 -0.2906 0.7338
vt -0.2492 -0.2906 0.5572
vt -0.3569 -0.2906 0.3558
vt 0.2382 0.0247 -0.0901
vt 0.2275 0.0241 -0.0901
vt 0.2369 0.0241 0.0059
vt 0.2475 0.0247 0.0039
vt 0.2270 0.0223 0.0078
vt 0.2173 0.0223 -0.0901
vt 0.2649 0.0241 0.0982
vt 0.2749 0.0247 0.0943
vt 0.2555 0.0223 0.1019
vt 0.3104 0.0241 0.1833
vt 0.3195 0.0247 0.1777
vt 0.3019 0.0223 0.1887
vt 0.3716 0.0241 0.2578
vt 0.3794 0.0247 0.2507
vt 0.3643 0.0223 0.2648
vt 0.4462 0.0241 0.3190
vt 0.4525 0.0247 0.3107
vt 0.4404 0.0223 0.3272
vt 0.5312 0.0241 0.3645
vt 0.5358 0.0247 0.3552
vt 0.5271 0.0223 0.3736
vt 0.6236 0.0241 0.3925
vt 0.6262 0.0247 0.3826
vt 0.6213 0.0223 0.4021
vt 0.7196 0.0241 0.4020
vt 0.7203 0.0247 0.3919
vt 0.7192 0.0223 0.4118
vt 0.8156 0.0241 0.3925
vt 0.8143 0.0247 0.3826
vt 0.8171 0.0223 0.4021
vt 0.9079 0.0241 0.3645
vt 0.9047 0.0247 0.3552
vt 0.9113 0.0223 0.3736
vt 0.9929 0.0241 0.3190
vt 0.9881 0.0247 0.3107
vt 0.9980 0.0223 0.3272
vt 1.0675 0.0241 0.2578
vt 1.0611 0.0247 0.2507
vt 1.0741 0.0223 0.2648
vt 1.1287 0.0241 0.1833
vt 1.1211 0.0247 0.1777
vt 1.1365 0.0223 0.1887
vt 1.1742 0.0241 0.0982
vt 1.1656 0.0247 0.0943
vt 1.1829 0.0223 0.1019
vt 1.2022 0.0241 0.0059
vt 1.1930 0.0247 0.0039
vt 1.2114 0.0223 0.0078
vt 1.2116 0.0241 -0.0901
vt 1.2023 0.0247 -0.0901
vt 1.2211 0.0223 -0.0901
vt 1.2022 0.0241 -0.1861
vt 1.1930 0.0247 -0.1842
vt 1.2114 0.0223 -0.1880
vt 1.1742 0.0241 -0.2784
vt 1.1656 0.0247 -0.2746
vt 1.1829 0.0223 -0.2822
vt 1.1287 0.0241 -0.3635
vt 1.1211 0.0247 -0.3579
vt 1.1365 0.0223 -0.3690
vt 1.0675 0.0241 -0.4381
vt 1.0611 0.0247 -0.4310
vt 1.0741 0.0223 -0.4450
vt 0.9929 0.0241 -0.4993
vt 0.9881 0.0247 -0.4909
vt 0.9980 0.0223 -0.5074
vt 0.9079 0.0241 -0.5448
vt 0.9047 0.0247 -0.5355
vt 0.9113 0.0223 -0.5538
vt 0.8156 0.0241 -0.5728
vt 0.8143 0.0247 -0.5629
vt 0.8171 0.0223 -0.5824
vt 0.7196 0.0241 -0.5822
vt 0.7203 0.0247 -0.5722
vt 0.7192 0.0223 -0.5920
vt 0.6236 0.0241 -0.5728
vt 0.6262 0.0247 -0.5629
vt 0.6213 0.0223 -0.5824
vt 0.5312 0.0241 -0.5448
vt 0.5358 0.0247 -0.5355
vt 0.5271 0.0223 -0.5538
vt 0.4462 0.0241 -0.4993
vt 0.4525 0.0247 -0.4909
vt 0.4404 0.0223 -0.5074
vt 0.3716 0.0241 -0.4381
vt 0.3794 0.0247 -0.4310
vt 0.3643 0.0223 -0.4450
vt 0.3104 0.0241 -0.3635
vt 0.3195 0.0247 -0.3579
vt 0.3019 0.0223 -0.3690
vt 0.2649 0.0241 -0.2784
vt 0.2749 0.0247 -0.2746
vt 0.2555 0.0223 -0.2822
vt 0.2369 0.0241 -0.1861
vt 0.2475 0.0247 -0.1842
vt 0.2270 0.0223 -0.1880
vt -7.6645 0.3852 -0.1177
vt -7.6644 0.0639 -0.1177
vt -7.6571 0.0639 -0.0428
vt -7.6571 0.3852 -0.0428
vt -7.6672 0.0494 -0.1177
vt -7.6597 0.0494 -0.0422
vt -7.6759 0.0361 -0.1177
vt -7.6683 0.0361 -0.0405
vt -7.6965 0.0253 -0.1177
vt -7.6885 0.0253 -0.0365
vt -7.7026 0.0252 -0.1177
vt -7.7557 0.0247 -0.1177
vt -7.7465 0.0247 -0.0248
vt -7.6945 0.0252 -0.0353
vt -7.7886 0.0209 -0.1177
vt -8.4404 -0.1280 -0.1177
vt -8.4181 -0.1280 0.1086
vt -7.7789 0.0209 -0.0186
vt -8.4463 -0.1294 -0.1177
vt -8.4550 -0.1338 -0.1177
vt -8.4324 -0.1338 0.1115
vt -8.4239 -0.1294 0.1098
vt -8.4603 -0.1414 -0.1177
vt -8.4376 -0.1414 0.1125
vt -8.4617 -0.1487 -0.1177
vt -8.4390 -0.1487 0.1128
vt -8.4617 -0.1547 -0.1177
vt -8.4617 -0.2746 -0.1177
vt -8.4390 -0.2746 0.1128
vt -8.4390 -0.1547 0.1128
vt -8.4617 -0.2806 -0.1177
vt -8.4609 -0.2845 -0.1177
vt -8.4383 -0.2845 0.1126
vt -8.4390 -0.2806 0.1128
vt -8.4573 -0.2889 -0.1177
vt -8.4347 -0.2889 0.1119
vt -8.4517 -0.2906 -0.1177
vt -8.4292 -0.2906 0.1108
vt -7.6352 0.0639 0.0293
vt -7.6352 0.3852 0.0293
vt -7.6377 0.0494 0.0303
vt -7.6458 0.0361 0.0337
vt -7.6648 0.0253 0.0415
vt -7.7195 0.0247 0.0645
vt -7.6705 0.0252 0.0439
vt -8.3521 -0.1280 0.3262
vt -7.7500 0.0209 0.0767
vt -8.3656 -0.1338 0.3318
vt -8.3576 -0.1294 0.3285
vt -8.3705 -0.1414 0.3338
vt -8.3718 -0.1487 0.3344
vt -8.3718 -0.2746 0.3344
vt -8.3718 -0.1547 0.3344
vt -8.3711 -0.2845 0.3341
vt -8.3718 -0.2806 0.3344
vt -8.3677 -0.2889 0.3327
vt -8.3626 -0.2906 0.3306
vt -7.5997 0.0639 0.0957
vt -7.5997 0.3852 0.0957
vt -7.6020 0.0494 0.0972
vt -7.6093 0.0361 0.1021
vt -7.6264 0.0253 0.1135
vt -7.6755 0.0247 0.1467
vt -7.6315 0.0252 0.1169
vt -8.2449 -0.1280 0.5267
vt -7.7030 0.0209 0.1645
vt -8.2570 -0.1338 0.5349
vt -8.2498 -0.1294 0.5300
vt -8.2615 -0.1414 0.5378
vt -8.2626 -0.1487 0.5386
vt -8.2626 -0.2746 0.5386
vt -8.2626 -0.1547 0.5386
vt -8.2620 -0.2845 0.5382
vt -8.2626 -0.2806 0.5386
vt -8.2589 -0.2889 0.5361
vt -8.2543 -0.2906 0.5331
vt -7.5520 0.0639 0.1538
vt -7.5520 0.3852 0.1539
vt -7.5539 0.0494 0.1558
vt -7.5601 0.0361 0.1620
vt -7.5746 0.0253 0.1765
vt -7.6163 0.0247 0.2189
vt -7.5790 0.0252 0.1808
vt -8.1006 -0.1280 0.7025
vt -7.6399 0.0209 0.2414
vt -8.1110 -0.1338 0.7129
vt -8.1048 -0.1294 0.7067
vt -8.1147 -0.1414 0.7166
vt -8.1157 -0.1487 0.7176
vt -8.1157 -0.2746 0.7176
vt -8.1157 -0.1547 0.7176
vt -8.1152 -0.2845 0.7171
vt -8.1157 -0.2806 0.7176
vt -8.1126 -0.2889 0.7145
vt -8.1087 -0.2906 0.7105
vt -7.4938 0.0639 0.2016
vt -7.4938 0.3852 0.2016
vt -7.4953 0.0494 0.2039
vt -7.5002 0.0361 0.2112
vt -7.5116 0.0253 0.2283
vt -7.5442 0.0247 0.2781
vt -7.5150 0.0252 0.2333
vt -7.9249 -0.1280 0.8468
vt -7.5629 0.0209 0.3046
vt -7.9330 -0.1338 0.8589
vt -7.9282 -0.1294 0.8517
vt -7.9359 -0.1414 0.8633
vt -7.9367 -0.1487 0.8645
vt -7.9367 -0.2746 0.8645
vt -7.9367 -0.1547 0.8645
vt -7.9363 -0.2845 0.8639
vt -7.9367 -0.2806 0.8645
vt -7.9343 -0.2889 0.8608
vt -7.9312 -0.2906 0.8562
vt -7.4274 0.0639 0.2371
vt -7.4274 0.3852 0.2371
vt -7.4284 0.0494 0.2396
vt -7.4318 0.0361 0.2477
vt -7.4397 0.0253 0.2667
vt -7.4619 0.0247 0.3220
vt -7.4420 0.0252 0.2724
vt -7.7243 -0.1280 0.9540
vt -7.4751 0.0209 0.3515
vt -7.7299 -0.1338 0.9675
vt -7.7266 -0.1294 0.9594
vt -7.7320 -0.1414 0.9724
vt -7.7325 -0.1487 0.9737
vt -7.7325 -0.2746 0.9737
vt -7.7325 -0.1547 0.9737
vt -7.7322 -0.2845 0.9730
vt -7.7325 -0.2806 0.9737
vt -7.7308 -0.2889 0.9696
vt -7.7287 -0.2906 0.9645
vt -7.3554 0.0639 0.2589
vt -7.3554 0.3852 0.2590
vt -7.3559 0.0494 0.2616
vt -7.3576 0.0361 0.2702
vt -7.3616 0.0253 0.2904
vt -7.3726 0.0247 0.3491
vt -7.3628 0.0252 0.2964
vt -7.5067 -0.1280 1.0200
vt -7.3799 0.0209 0.3804
vt -7.5096 -0.1338 1.0343
vt -7.5079 -0.1294 1.0258
vt -7.5106 -0.1414 1.0395
vt -7.5109 -0.1487 1.0409
vt -7.5109 -0.2746 1.0409
vt -7.5109 -0.1547 1.0409
vt -7.5107 -0.2845 1.0401
vt -7.5109 -0.2806 1.0409
vt -7.5100 -0.2889 1.0365
vt -7.5089 -0.2906 1.0311
vt -7.2804 0.0639 0.2663
vt -7.2804 0.3852 0.2663
vt -7.2804 0.0494 0.2691
vt -7.2804 0.0361 0.2778
vt -7.2804 0.0253 0.2984
vt -7.2797 0.0247 0.3583
vt -7.2804 0.0252 0.3045
vt -7.2804 -0.1280 1.0422
vt -7.2808 0.0209 0.3901
vt -7.2804 -0.1338 1.0569
vt -7.2804 -0.1294 1.0482
vt -7.2804 -0.1414 1.0622
vt -7.2804 -0.1487 1.0636
vt -7.2804 -0.2746 1.0636
vt -7.2804 -0.1547 1.0636
vt -7.2804 -0.2845 1.0628
vt -7.2804 -0.2806 1.0636
vt -7.2804 -0.2889 1.0592
vt -7.2804 -0.2906 1.0536
vt -7.2055 0.0639 0.2589
vt -7.2055 0.3852 0.2590
vt -7.2050 0.0494 0.2616
vt -7.2033 0.0361 0.2702
vt -7.1993 0.0253 0.2904
vt -7.1869 0.0247 0.3491
vt -7.1981 0.0252 0.2964
vt -7.0542 -0.1280 1.0200
vt -7.1817 0.0209 0.3804
vt -7.0513 -0.1338 1.0343
vt -7.0530 -0.1294 1.0258
vt -7.0503 -0.1414 1.0395
vt -7.0500 -0.1487 1.0409
vt -7.0500 -0.2746 1.0409
vt -7.0500 -0.1547 1.0409
vt -7.0501 -0.2845 1.0401
vt -7.0500 -0.2806 1.0409
vt -7.0509 -0.2889 1.0365
vt -7.0519 -0.2906 1.0311
vt -7.1335 0.0639 0.2371
vt -7.1335 0.3852 0.2371
vt -7.1324 0.0494 0.2396
vt -7.1291 0.0361 0.2477
vt -7.1212 0.0253 0.2667
vt -7.0976 0.0247 0.3220
vt -7.1189 0.0252 0.2724
vt -6.8366 -0.1280 0.9540
vt -7.0865 0.0209 0.3515
vt -6.8310 -0.1338 0.9675
vt -6.8343 -0.1294 0.9594
vt -6.8289 -0.1414 0.9724
vt -6.8284 -0.1487 0.9737
vt -6.8284 -0.2746 0.9737
vt -6.8284 -0.1547 0.9737
vt -6.8287 -0.2845 0.9730
vt -6.8284 -0.2806 0.9737
vt -6.8301 -0.2889 0.9696
vt -6.8322 -0.2906 0.9645
vt -7.0671 0.0639 0.2016
vt -7.0671 0.3852 0.2016
vt -7.0656 0.0494 0.2039
vt -7.0607 0.0361 0.2112
vt -7.0493 0.0253 0.2283
vt -7.0153 0.0247 0.2781
vt -7.0459 0.0252 0.2333
vt -6.6360 -0.1280 0.8468
vt -6.9987 0.0209 0.3046
vt -6.6279 -0.1338 0.8589
vt -6.6327 -0.1294 0.8517
vt -6.6250 -0.1414 0.8633
vt -6.6242 -0.1487 0.8645
vt -6.6242 -0.2746 0.8645
vt -6.6242 -0.1547 0.8645
vt -6.6246 -0.2845 0.8639
vt -6.6242 -0.2806 0.8645
vt -6.6266 -0.2889 0.8608
vt -6.6297 -0.2906 0.8562
vt -7.0089 0.0639 0.1538
vt -7.0089 0.3852 0.1539
vt -7.0070 0.0494 0.1558
vt -7.0008 0.0361 0.1620
vt -6.9862 0.0253 0.1765
vt -6.9432 0.0247 0.2189
vt -6.9819 0.0252 0.1808
vt -6.4603 -0.1280 0.7025
vt -6.9217 0.0209 0.2414
vt -6.4499 -0.1338 0.7129
vt -6.4561 -0.1294 0.7067
vt -6.4462 -0.1414 0.7166
vt -6.4452 -0.1487 0.7176
vt -6.4452 -0.2746 0.7176
vt -6.4452 -0.1547 0.7176
vt -6.4457 -0.2845 0.7171
vt -6.4452 -0.2806 0.7176
vt -6.4483 -0.2889 0.7145
vt -6.4522 -0.2906 0.7105
vt -6.9612 0.0639 0.0957
vt -6.9611 0.3852 0.0957
vt -6.9589 0.0494 0.0972
vt -6.9516 0.0361 0.1021
vt -6.9345 0.0253 0.1135
vt -6.8840 0.0247 0.1467
vt -6.9294 0.0252 0.1169
vt -6.3160 -0.1280 0.5267
vt -6.8586 0.0209 0.1645
vt -6.3038 -0.1338 0.5349
vt -6.3111 -0.1294 0.5300
vt -6.2994 -0.1414 0.5378
vt -6.2983 -0.1487 0.5386
vt -6.2983 -0.2746 0.5386
vt -6.2983 -0.1547 0.5386
vt -6.2989 -0.2845 0.5382
vt -6.2983 -0.2806 0.5386
vt -6.3019 -0.2889 0.5361
vt -6.3066 -0.2906 0.5331
vt -6.9257 0.0639 0.0293
vt -6.9257 0.3852 0.0293
vt -6.9231 0.0494 0.0303
vt -6.9151 0.0361 0.0337
vt -6.8960 0.0253 0.0415
vt -6.8400 0.0247 0.0645
vt -6.8904 0.0252 0.0439
vt -6.2088 -0.1280 0.3262
vt -6.8116 0.0209 0.0767
vt -6.1953 -0.1338 0.3318
vt -6.2033 -0.1294 0.3285
vt -6.1904 -0.1414 0.3338
vt -6.1891 -0.1487 0.3344
vt -6.1891 -0.2746 0.3344
vt -6.1891 -0.1547 0.3344
vt -6.1898 -0.2845 0.3341
vt -6.1891 -0.2806 0.3344
vt -6.1932 -0.2889 0.3327
vt -6.1983 -0.2906 0.3306
vt -6.9038 0.0639 -0.0428
vt -6.9038 0.3852 -0.0428
vt -6.9011 0.0494 -0.0422
vt -6.8925 0.0361 -0.0405
vt -6.8724 0.0253 -0.0365
vt -6.8129 0.0247 -0.0248
vt -6.8664 0.0252 -0.0353
vt -6.1428 -0.1280 0.1086
vt -6.7827 0.0209 -0.0186
vt -6.1285 -0.1338 0.1115
vt -6.1370 -0.1294 0.1098
vt -6.1233 -0.1414 0.1125
vt -6.1219 -0.1487 0.1128
vt -6.1219 -0.2746 0.1128
vt -6.1219 -0.1547 0.1128
vt -6.1226 -0.2845 0.1126
vt -6.1219 -0.2806 0.1128
vt -6.1262 -0.2889 0.1119
vt -6.1317 -0.2906 0.1108
vt -6.8965 0.0639 -0.1177
vt -6.8964 0.3852 -0.1177
vt -6.8937 0.0494 -0.1177
vt -6.8849 0.0361 -0.1177
vt -6.8644 0.0253 -0.1177
vt -6.8038 0.0247 -0.1177
vt -6.8583 0.0252 -0.1177
vt -6.1205 -0.1280 -0.1177
vt -6.7730 0.0209 -0.1177
vt -6.1059 -0.1338 -0.1177
vt -6.1146 -0.1294 -0.1177
vt -6.1006 -0.1414 -0.1177
vt -6.0992 -0.1487 -0.1177
vt -6.0992 -0.2746 -0.1177
vt -6.0992 -0.1547 -0.1177
vt -6.0999 -0.2845 -0.1177
vt -6.0992 -0.2806 -0.1177
vt -6.1036 -0.2889 -0.1177
vt -6.1092 -0.2906 -0.1177
vt -6.9038 0.0639 -0.1926
vt -6.9038 0.3852 -0.1926
vt -6.9011 0.0494 -0.1931
vt -6.8925 0.0361 -0.1948
vt -6.8724 0.0253 -0.1988
vt -6.8129 0.0247 -0.2105
vt -6.8664 0.0252 -0.2000
vt -6.1428 -0.1280 -0.3440
vt -6.7827 0.0209 -0.2167
vt -6.1285 -0.1338 -0.3468
vt -6.1370 -0.1294 -0.3451
vt -6.1233 -0.1414 -0.3479
vt -6.1219 -0.1487 -0.3481
vt -6.1219 -0.2746 -0.3481
vt -6.1219 -0.1547 -0.3481
vt -6.1226 -0.2845 -0.3480
vt -6.1219 -0.2806 -0.3481
vt -6.1262 -0.2889 -0.3473
vt -6.1317 -0.2906 -0.3462
vt -6.9257 0.0639 -0.2646
vt -6.9257 0.3852 -0.2646
vt -6.9231 0.0494 -0.2657
vt -6.9151 0.0361 -0.2690
vt -6.8960 0.0253 -0.2769
vt -6.8400 0.0247 -0.2998
vt -6.8904 0.0252 -0.2792
vt -6.2088 -0.1280 -0.5616
vt -6.8116 0.0209 -0.3120
vt -6.1953 -0.1338 -0.5672
vt -6.2033 -0.1294 -0.5638
vt -6.1904 -0.1414 -0.5692
vt -6.1891 -0.1487 -0.5697
vt -6.1891 -0.2746 -0.5697
vt -6.1891 -0.1547 -0.5697
vt -6.1898 -0.2845 -0.5694
vt -6.1891 -0.2806 -0.5697
vt -6.1932 -0.2889 -0.5680
vt -6.1983 -0.2906 -0.5659
vt -6.9612 0.0639 -0.3310
vt -6.9611 0.3852 -0.3310
vt -6.9589 0.0494 -0.3325
vt -6.9516 0.0361 -0.3374
vt -6.9345 0.0253 -0.3488
vt -6.8840 0.0247 -0.3821
vt -6.9294 0.0252 -0.3522
vt -6.3160 -0.1280 -0.7621
vt -6.8586 0.0209 -0.3998
vt -6.3038 -0.1338 -0.7702
vt -6.3111 -0.1294 -0.7654
vt -6.2994 -0.1414 -0.7732
vt -6.2983 -0.1487 -0.7739
vt -6.2983 -0.2746 -0.7739
vt -6.2983 -0.1547 -0.7739
vt -6.2989 -0.2845 -0.7735
vt -6.2983 -0.2806 -0.7739
vt -6.3019 -0.2889 -0.7715
vt -6.3066 -0.2906 -0.7684
vt -7.0089 0.0639 -0.3892
vt -7.0089 0.3852 -0.3892
vt -7.0070 0.0494 -0.3911
vt -7.0008 0.0361 -0.3973
vt -6.9862 0.0253 -0.4119
vt -6.9432 0.0247 -0.4542
vt -6.9819 0.0252 -0.4162
vt -6.4603 -0.1280 -0.9379
vt -6.9217 0.0209 -0.4768
vt -6.4499 -0.1338 -0.9482
vt -6.4561 -0.1294 -0.9421
vt -6.4462 -0.1414 -0.9520
vt -6.4452 -0.1487 -0.9530
vt -6.4452 -0.2746 -0.9530
vt -6.4452 -0.1547 -0.9530
vt -6.4457 -0.2845 -0.9524
vt -6.4452 -0.2806 -0.9530
vt -6.4483 -0.2889 -0.9498
vt -6.4522 -0.2906 -0.9459
vt -7.0671 0.0639 -0.4369
vt -7.0671 0.3852 -0.4370
vt -7.0656 0.0494 -0.4392
vt -7.0607 0.0361 -0.4465
vt -7.0493 0.0253 -0.4636
vt -7.0153 0.0247 -0.5134
vt -7.0459 0.0252 -0.4687
vt -6.6360 -0.1280 -1.0821
vt -6.9987 0.0209 -0.5399
vt -6.6279 -0.1338 -1.0943
vt -6.6327 -0.1294 -1.0871
vt -6.6250 -0.1414 -1.0987
vt -6.6242 -0.1487 -1.0999
vt -6.6242 -0.2746 -1.0999
vt -6.6242 -0.1547 -1.0999
vt -6.6246 -0.2845 -1.0992
vt -6.6242 -0.2806 -1.0999
vt -6.6266 -0.2889 -1.0962
vt -6.6297 -0.2906 -1.0916
vt -7.1335 0.0639 -0.4724
vt -7.1335 0.3852 -0.4725
vt -7.1324 0.0494 -0.4750
vt -7.1291 0.0361 -0.4831
vt -7.1212 0.0253 -0.5021
vt -7.0976 0.0247 -0.5574
vt -7.1189 0.0252 -0.5077
vt -6.8366 -0.1280 -1.1893
vt -7.0865 0.0209 -0.5868
vt -6.8310 -0.1338 -1.2028
vt -6.8343 -0.1294 -1.1948
vt -6.8289 -0.1414 -1.2077
vt -6.8284 -0.1487 -1.2090
vt -6.8284 -0.2746 -1.2090
vt -6.8284 -0.1547 -1.2090
vt -6.8287 -0.2845 -1.2083
vt -6.8284 -0.2806 -1.2090
vt -6.8301 -0.2889 -1.2049
vt -6.8322 -0.2906 -1.1998
vt -7.2055 0.0639 -0.4943
vt -7.2055 0.3852 -0.4943
vt -7.2050 0.0494 -0.4970
vt -7.2033 0.0361 -0.5056
vt -7.1993 0.0253 -0.5257
vt -7.1869 0.0247 -0.5845
vt -7.1981 0.0252 -0.5317
vt -7.0542 -0.1280 -1.2553
vt -7.1817 0.0209 -0.6157
vt -7.0513 -0.1338 -1.2697
vt -7.0530 -0.1294 -1.2611
vt -7.0503 -0.1414 -1.2749
vt -7.0500 -0.1487 -1.2762
vt -7.0500 -0.2746 -1.2762
vt -7.0500 -0.1547 -1.2762
vt -7.0501 -0.2845 -1.2755
vt -7.0500 -0.2806 -1.2762
vt -7.0509 -0.2889 -1.2719
vt -7.0519 -0.2906 -1.2665
vt -7.2804 0.0639 -0.5017
vt -7.2804 0.3852 -0.5017
vt -7.2804 0.0494 -0.5044
vt -7.2804 0.0361 -0.5132
vt -7.2804 0.0253 -0.5337
vt -7.2797 0.0247 -0.5936
vt -7.2804 0.0252 -0.5398
vt -7.2804 -0.1280 -1.2776
vt -7.2808 0.0209 -0.6255
vt -7.2804 -0.1338 -1.2922
vt -7.2804 -0.1294 -1.2835
vt -7.2804 -0.1414 -1.2975
vt -7.2804 -0.1487 -1.2989
vt -7.2804 -0.2746 -1.2989
vt -7.2804 -0.1547 -1.2989
vt -7.2804 -0.2845 -1.2982
vt -7.2804 -0.2806 -1.2989
vt -7.2804 -0.2889 -1.2945
vt -7.2804 -0.2906 -1.2890
vt -7.3554 0.0639 -0.4943
vt -7.3554 0.3852 -0.4943
vt -7.3559 0.0494 -0.4970
vt -7.3576 0.0361 -0.5056
vt -7.3616 0.0253 -0.5257
vt -7.3726 0.0247 -0.5845
vt -7.3628 0.0252 -0.5317
vt -7.5067 -0.1280 -1.2553
vt -7.3799 0.0209 -0.6157
vt -7.5096 -0.1338 -1.2697
vt -7.5079 -0.1294 -1.2611
vt -7.5106 -0.1414 -1.2749
vt -7.5109 -0.1487 -1.2762
vt -7.5109 -0.2746 -1.2762
vt -7.5109 -0.1547 -1.2762
vt -7.5107 -0.2845 -1.2755
vt -7.5109 -0.2806 -1.2762
vt -7.5100 -0.2889 -1.2719
vt -7.5090 -0.2906 -1.2665
vt -7.4274 0.0639 -0.4724
vt -7.4274 0.3852 -0.4725
vt -7.4284 0.0494 -0.4750
vt -7.4318 0.0361 -0.4831
vt -7.4397 0.0253 -0.5021
vt -7.4619 0.0247 -0.5574
vt -7.4420 0.0252 -0.5077
vt -7.7243 -0.1280 -1.1893
vt -7.4751 0.0209 -0.5868
vt -7.7299 -0.1338 -1.2028
vt -7.7266 -0.1294 -1.1948
vt -7.7320 -0.1414 -1.2077
vt -7.7325 -0.1487 -1.2090
vt -7.7325 -0.2746 -1.2090
vt -7.7325 -0.1547 -1.2090
vt -7.7322 -0.2845 -1.2083
vt -7.7325 -0.2806 -1.2090
vt -7.7308 -0.2889 -1.2049
vt -7.7287 -0.2906 -1.1998
vt -7.4938 0.0639 -0.4369
vt -7.4938 0.3852 -0.4370
vt -7.4953 0.0494 -0.4392
vt -7.5002 0.0361 -0.4465
vt -7.5116 0.0253 -0.4636
vt -7.5442 0.0247 -0.5134
vt -7.5150 0.0252 -0.4687
vt -7.9249 -0.1280 -1.0821
vt -7.5629 0.0209 -0.5399
vt -7.9330 -0.1338 -1.0943
vt -7.9282 -0.1294 -1.0870
vt -7.9359 -0.1414 -1.0987
vt -7.9367 -0.1487 -1.0999
vt -7.9367 -0.2746 -1.0999
vt -7.9367 -0.1547 -1.0999
vt -7.9363 -0.2845 -1.0992
vt -7.9367 -0.2806 -1.0999
vt -7.9343 -0.2889 -1.0962
vt -7.9312 -0.2906 -1.0916
vt -7.5520 0.0639 -0.3892
vt -7.5520 0.3852 -0.3892
vt -7.5539 0.0494 -0.3911
vt -7.5601 0.0361 -0.3973
vt -7.5746 0.0253 -0.4119
vt -7.6163 0.0247 -0.4542
vt -7.5790 0.0252 -0.4162
vt -8.1006 -0.1280 -0.9379
vt -7.6399 0.0209 -0.4768
vt -8.1110 -0.1338 -0.9482
vt -8.1048 -0.1294 -0.9421
vt -8.1147 -0.1414 -0.9520
vt -8.1157 -0.1487 -0.9530
vt -8.1157 -0.2746 -0.9530
vt -8.1157 -0.1547 -0.9530
vt -8.1152 -0.2845 -0.9524
vt -8.1157 -0.2806 -0.9530
vt -8.1126 -0.2889 -0.9498
vt -8.1087 -0.2906 -0.9459
vt -7.5997 0.0639 -0.3310
vt -7.5997 0.3852 -0.3310
vt -7.6020 0.0494 -0.3325
vt -7.6093 0.0361 -0.3374
vt -7.6264 0.0253 -0.3488
vt -7.6755 0.0247 -0.3821
vt -7.6315 0.0252 -0.3522
vt -8.2449 -0.1280 -0.7621
vt -7.7030 0.0209 -0.3998
vt -8.2570 -0.1338 -0.7702
vt -8.2498 -0.1294 -0.7654
vt -8.2615 -0.1414 -0.7732
vt -8.2626 -0.1487 -0.7739
vt -8.2626 -0.2746 -0.7739
vt -8.2626 -0.1547 -0.7739
vt -8.2620 -0.2845 -0.7735
vt -8.2626 -0.2806 -0.7739
vt -8.2589 -0.2889 -0.7715
vt -8.2543 -0.2906 -0.7684
vt -7.6352 0.0639 -0.2646
vt -7.6352 0.3852 -0.2646
vt -7.6377 0.0494 -0.2657
vt -7.6458 0.0361 -0.2690
vt -7.6648 0.0253 -0.2769
vt -7.7195 0.0247 -0.2998
vt -7.6705 0.0252 -0.2792
vt -8.3521 -0.1280 -0.5616
vt -7.7500 0.0209 -0.3120
vt -8.3656 -0.1338 -0.5672
vt -8.3576 -0.1294 -0.5638
vt -8.3705 -0.1414 -0.5692
vt -8.3718 -0.1487 -0.5697
vt -8.3718 -0.2746 -0.5697
vt -8.3718 -0.1547 -0.5697
vt -8.3711 -0.2845 -0.5694
vt -8.3718 -0.2806 -0.5697
vt -8.3677 -0.2889 -0.5680
vt -8.3626 -0.2906 -0.5659
vt -7.6571 0.0639 -0.1926
vt -7.6571 0.3852 -0.1926
vt -7.6597 0.0494 -0.1931
vt -7.6683 0.0361 -0.1948
vt -7.6885 0.0253 -0.1988
vt -7.7465 0.0247 -0.2105
vt -7.6945 0.0252 -0.2000
vt -8.4181 -0.1280 -0.3440
vt -7.7789 0.0209 -0.2167
vt -8.4324 -0.1338 -0.3468
vt -8.4239 -0.1294 -0.3451
vt -8.4376 -0.1414 -0.3479
vt -8.4390 -0.1487 -0.3481
vt -8.4390 -0.2746 -0.3481
vt -8.4390 -0.1547 -0.3481
vt -8.4383 -0.2845 -0.3480
vt -8.4390 -0.2806 -0.3481
vt -8.4347 -0.2889 -0.3473
vt -8.4292 -0.2906 -0.3462
vt -8.4395 -0.2906 -0.1177
vt -8.4172 -0.2906 -0.3438
vt -8.3513 -0.2906 -0.5612
vt -8.2442 -0.2906 -0.7616
vt -8.1000 -0.2906 -0.9373
vt -7.9244 -0.2906 -1.0814
vt -7.7240 -0.2906 -1.1885
vt -7.5066 -0.2906 -1.2545
vt -7.2804 -0.2906 -1.2767
vt -7.0543 -0.2906 -1.2545
vt -6.8369 -0.2906 -1.1885
vt -6.6365 -0.2906 -1.0814
vt -6.4609 -0.2906 -0.9373
vt -6.3167 -0.2906 -0.7616
vt -6.2096 -0.2906 -0.5612
vt -6.1436 -0.2906 -0.3438
vt -6.1214 -0.2906 -0.1177
vt -6.1436 -0.2906 0.1085
vt -6.2096 -0.2906 0.3259
vt -6.3167 -0.2906 0.5263
vt -6.4609 -0.2906 0.7019
vt -6.6365 -0.2906 0.8461
vt -6.8369 -0.2906 0.9532
vt -7.0543 -0.2906 1.0191
vt -7.2804 -0.2906 1.0414
vt -7.5066 -0.2906 1.0191
vt -7.7240 -0.2906 0.9532
vt -7.9244 -0.2906 0.8461
vt -8.1000 -0.2906 0.7019
vt -8.2442 -0.2906 0.5263
vt -8.3513 -0.2906 0.3259
vt -8.4172 -0.2906 0.1085
vt -8.4456 -0.2906 -0.1177
vt -8.4232 -0.2906 0.1096
vt -8.4232 -0.2906 -0.3450
vt -8.3569 -0.2906 -0.5636
vt -8.2492 -0.2906 -0.7650
vt -8.1043 -0.2906 -0.9416
vt -7.9278 -0.2906 -1.0865
vt -7.7263 -0.2906 -1.1941
vt -7.5078 -0.2906 -1.2605
vt -7.2804 -0.2906 -1.2828
vt -7.0531 -0.2906 -1.2605
vt -6.8346 -0.2906 -1.1941
vt -6.6331 -0.2906 -1.0865
vt -6.4565 -0.2906 -0.9416
vt -6.3116 -0.2906 -0.7650
vt -6.2040 -0.2906 -0.5636
vt -6.1377 -0.2906 -0.3450
vt -6.1153 -0.2906 -0.1177
vt -6.1377 -0.2906 0.1096
vt -6.2040 -0.2906 0.3282
vt -6.3116 -0.2906 0.5297
vt -6.4565 -0.2906 0.7062
vt -6.6331 -0.2906 0.8511
vt -6.8346 -0.2906 0.9588
vt -7.0531 -0.2906 1.0251
vt -7.2804 -0.2906 1.0475
vt -7.5078 -0.2906 1.0251
vt -7.7263 -0.2906 0.9588
vt -7.9278 -0.2906 0.8511
vt -8.1043 -0.2906 0.7062
vt -8.2492 -0.2906 0.5297
vt -8.3569 -0.2906 0.3282
vt -7.7618 0.0247 -0.1177
vt -7.7725 0.0241 -0.1177
vt -7.7631 0.0241 -0.0217
vt -7.7525 0.0247 -0.0236
vt -7.7730 0.0223 -0.0198
vt -7.7827 0.0223 -0.1177
vt -7.7351 0.0241 0.0706
vt -7.7251 0.0247 0.0668
vt -7.7445 0.0223 0.0744
vt -7.6896 0.0241 0.1557
vt -7.6805 0.0247 0.1501
vt -7.6981 0.0223 0.1612
vt -7.6284 0.0241 0.2303
vt -7.6206 0.0247 0.2232
vt -7.6357 0.0223 0.2372
vt -7.5538 0.0241 0.2915
vt -7.5475 0.0247 0.2831
vt -7.5596 0.0223 0.2996
vt -7.4688 0.0241 0.3370
vt -7.4642 0.0247 0.3277
vt -7.4729 0.0223 0.3460
vt -7.3764 0.0241 0.3650
vt -7.3738 0.0247 0.3551
vt -7.3787 0.0223 0.3746
vt -7.2804 0.0241 0.3744
vt -7.2797 0.0247 0.3644
vt -7.2808 0.0223 0.3842
vt -7.1844 0.0241 0.3650
vt -7.1857 0.0247 0.3551
vt -7.1829 0.0223 0.3746
vt -7.0921 0.0241 0.3370
vt -7.0953 0.0247 0.3277
vt -7.0887 0.0223 0.3460
vt -7.0071 0.0241 0.2915
vt -7.0119 0.0247 0.2831
vt -7.0020 0.0223 0.2996
vt -6.9325 0.0241 0.2303
vt -6.9389 0.0247 0.2232
vt -6.9259 0.0223 0.2372
vt -6.8713 0.0241 0.1557
vt -6.8789 0.0247 0.1501
vt -6.8635 0.0223 0.1612
vt -6.8258 0.0241 0.0706
vt -6.8344 0.0247 0.0668
vt -6.8171 0.0223 0.0744
vt -6.7978 0.0241 -0.0217
vt -6.8070 0.0247 -0.0236
vt -6.7886 0.0223 -0.0198
vt -6.7884 0.0241 -0.1177
vt -6.7977 0.0247 -0.1177
vt -6.7789 0.0223 -0.1177
vt -6.7978 0.0241 -0.2137
vt -6.8070 0.0247 -0.2117
vt -6.7886 0.0223 -0.2156
vt -6.8258 0.0241 -0.3060
vt -6.8344 0.0247 -0.3021
vt -6.8171 0.0223 -0.3097
vt -6.8713 0.0241 -0.3911
vt -6.8789 0.0247 -0.3855
vt -6.8635 0.0223 -0.3965
vt -6.9325 0.0241 -0.4656
vt -6.9389 0.0247 -0.4585
vt -6.9259 0.0223 -0.4726
vt -7.0071 0.0241 -0.5268
vt -7.0119 0.0247 -0.5185
vt -7.0020 0.0223 -0.5350
vt -7.0921 0.0241 -0.5723
vt -7.0953 0.0247 -0.5630
vt -7.0887 0.0223 -0.5814
vt -7.1844 0.0241 -0.6003
vt -7.1857 0.0247 -0.5905
vt -7.1829 0.0223 -0.6099
vt -7.2804 0.0241 -0.6098
vt -7.2797 0.0247 -0.5997
vt -7.2808 0.0223 -0.6196
vt -7.3764 0.0241 -0.6003
vt -7.3738 0.0247 -0.5905
vt -7.3787 0.0223 -0.6099
vt -7.4688 0.0241 -0.5723
vt -7.4642 0.0247 -0.5630
vt -7.4729 0.0223 -0.5814
vt -7.5538 0.0241 -0.5268
vt -7.5475 0.0247 -0.5185
vt -7.5596 0.0223 -0.5350
vt -7.6284 0.0241 -0.4656
vt -7.6206 0.0247 -0.4585
vt -7.6357 0.0223 -0.4726
vt -7.6896 0.0241 -0.3911
vt -7.6805 0.0247 -0.3855
vt -7.6981 0.0223 -0.3965
vt -7.7351 0.0241 -0.3060
vt -7.7251 0.0247 -0.3021
vt -7.7445 0.0223 -0.3097
vt -7.7631 0.0241 -0.2137
vt -7.7525 0.0247 -0.2117
vt -7.7730 0.0223 -0.2156
vt 0.0083 0.0124 0.0000
vt 0.9917 0.0124 0.0000
vt 0.9917 0.9876 0.0000
vt 0.0083 0.9876 0.0000
vt 0.0000 0.9876 0.0000
vt 0.0000 0.0124 0.0000
vt 0.0083 1.0000 0.0000
vt 0.9917 1.0000 0.0000
vt 0.0000 1.0000 0.0000
vt 0.9917 0.0000 0.0000
vt 0.0083 0.0000 0.0000
vt 0.0000 0.0000 0.0000
vt 1.0000 0.9876 0.0000
vt 1.0000 0.0124 0.0000
vt 1.0000 1.0000 0.0000
vt 1.0000 0.0000 0.0000
vt 0.2500 1.0000 0.0000
vt 0.3333 1.0000 0.0000
vt 0.0833 1.0000 0.0000
vt 0.1667 1.0000 0.0000
vt 0.6667 1.0000 0.0000
vt 0.8333 1.0000 0.0000
vt 0.4167 1.0000 0.0000
vt 0.5000 1.0000 0.0000
# 4214 texture coords

o 77983_4
g 77983_4
s 1
f 1/1/1 2/2/1 3/3/2 4/4/2 
f 5/5/3 6/6/4 7/7/5 8/8/6 
f 6/6/4 9/9/7 10/10/8 7/7/5 
f 9/9/7 11/11/9 12/12/10 10/10/8 
f 11/11/9 13/13/11 14/14/12 12/12/10 
f 15/15/13 16/16/13 17/17/14 18/18/14 
f 19/19/15 20/20/16 21/21/17 22/22/18 
f 20/20/16 23/23/19 24/24/20 21/21/17 
f 23/23/19 25/25/21 26/26/22 24/24/20 
f 25/25/21 27/27/23 28/28/24 26/26/22 
f 29/29/1 30/30/1 31/31/25 32/32/25 
f 33/33/26 34/34/27 35/35/28 36/36/29 
f 34/34/27 37/37/30 38/38/31 35/35/28 
f 37/37/30 39/39/32 40/40/33 38/38/31 
f 39/39/32 41/41/34 42/42/35 40/40/33 
f 4/4/2 3/3/2 43/43/36 44/44/36 
f 8/8/6 7/7/5 45/45/37 46/46/38 
f 7/7/5 10/10/8 47/47/39 45/45/37 
f 10/10/8 12/12/10 48/48/40 47/47/39 
f 12/12/10 14/14/12 49/49/41 48/48/40 
f 18/18/14 17/17/14 50/50/42 51/51/42 
f 22/22/18 21/21/17 52/52/43 53/53/44 
f 21/21/17 24/24/20 54/54/45 52/52/43 
f 24/24/20 26/26/22 55/55/46 54/54/45 
f 26/26/22 28/28/24 56/56/47 55/55/46 
f 32/32/25 31/31/25 57/57/48 58/58/48 
f 36/36/29 35/35/28 59/59/49 60/60/50 
f 35/35/28 38/38/31 61/61/51 59/59/49 
f 38/38/31 40/40/33 62/62/52 61/61/51 
f 40/40/33 42/42/35 63/63/53 62/62/52 
f 44/44/36 43/43/36 64/64/54 65/65/55 
f 46/46/38 45/45/37 66/66/56 67/67/57 
f 45/45/37 47/47/39 68/68/58 66/66/56 
f 47/47/39 48/48/40 69/69/59 68/68/58 
f 48/48/40 49/49/41 70/70/60 69/69/59 
f 51/51/42 50/50/42 71/71/61 72/72/61 
f 53/53/44 52/52/43 73/73/62 74/74/63 
f 52/52/43 54/54/45 75/75/64 73/73/62 
f 54/54/45 55/55/46 76/76/65 75/75/64 
f 55/55/46 56/56/47 77/77/66 76/76/65 
f 58/58/48 57/57/48 78/78/54 79/79/54 
f 60/60/50 59/59/49 80/80/67 81/81/68 
f 59/59/49 61/61/51 82/82/69 80/80/67 
f 61/61/51 62/62/52 83/83/70 82/82/69 
f 62/62/52 63/63/53 84/84/71 83/83/70 
f 65/65/55 64/64/54 85/85/72 86/86/72 
f 67/67/57 66/66/56 87/87/73 88/88/74 
f 66/66/56 68/68/58 89/89/75 87/87/73 
f 68/68/58 69/69/59 90/90/76 89/89/75 
f 69/69/59 70/70/60 91/91/77 90/90/76 
f 72/72/61 71/71/61 92/92/78 93/93/78 
f 74/74/63 73/73/62 94/94/79 95/95/80 
f 73/73/62 75/75/64 96/96/81 94/94/79 
f 75/75/64 76/76/65 97/97/82 96/96/81 
f 76/76/65 77/77/66 98/98/83 97/97/82 
f 79/79/54 78/78/54 99/99/84 100/100/84 
f 81/81/68 80/80/67 101/101/85 102/102/86 
f 80/80/67 82/82/69 103/103/87 101/101/85 
f 82/82/69 83/83/70 104/104/88 103/103/87 
f 83/83/70 84/84/71 105/105/89 104/104/88 
f 86/86/72 85/85/72 106/106/90 107/107/90 
f 88/88/74 87/87/73 108/108/91 109/109/92 
f 87/87/73 89/89/75 110/110/93 108/108/91 
f 89/89/75 90/90/76 111/111/94 110/110/93 
f 90/90/76 91/91/77 112/112/95 111/111/94 
f 93/93/78 92/92/78 113/113/96 114/114/96 
f 95/95/80 94/94/79 115/115/97 116/116/98 
f 94/94/79 96/96/81 117/117/99 115/115/97 
f 96/96/81 97/97/82 118/118/100 117/117/99 
f 97/97/82 98/98/83 119/119/101 118/118/100 
f 100/100/84 99/99/84 120/120/102 121/121/102 
f 102/102/86 101/101/85 122/122/103 123/123/104 
f 101/101/85 103/103/87 124/124/105 122/122/103 
f 103/103/87 104/104/88 125/125/106 124/124/105 
f 104/104/88 105/105/89 126/126/107 125/125/106 
f 107/107/90 106/106/90 127/127/108 128/128/108 
f 109/109/92 108/108/91 129/129/109 130/130/110 
f 108/108/91 110/110/93 131/131/111 129/129/109 
f 110/110/93 111/111/94 132/132/112 131/131/111 
f 111/111/94 112/112/95 133/133/113 132/132/112 
f 114/114/96 113/113/96 134/134/114 135/135/114 
f 116/116/98 115/115/97 136/136/115 137/137/116 
f 115/115/97 117/117/99 138/138/117 136/136/115 
f 117/117/99 118/118/100 139/139/118 138/138/117 
f 118/118/100 119/119/101 140/140/119 139/139/118 
f 121/121/102 120/120/102 141/141/120 142/142/120 
f 123/123/104 122/122/103 143/143/121 144/144/122 
f 122/122/103 124/124/105 145/145/123 143/143/121 
f 124/124/105 125/125/106 146/146/124 145/145/123 
f 125/125/106 126/126/107 147/147/125 146/146/124 
f 128/128/108 127/127/108 148/148/126 149/149/126 
f 130/130/110 129/129/109 150/150/127 151/151/128 
f 129/129/109 131/131/111 152/152/129 150/150/127 
f 131/131/111 132/132/112 153/153/130 152/152/129 
f 132/132/112 133/133/113 154/154/131 153/153/130 
f 135/135/114 134/134/114 155/155/132 156/156/132 
f 137/137/116 136/136/115 157/157/133 158/158/134 
f 136/136/115 138/138/117 159/159/135 157/157/133 
f 138/138/117 139/139/118 160/160/136 159/159/135 
f 139/139/118 140/140/119 161/161/137 160/160/136 
f 142/142/120 141/141/120 162/162/138 163/163/138 
f 144/144/122 143/143/121 164/164/139 165/165/140 
f 143/143/121 145/145/123 166/166/141 164/164/139 
f 145/145/123 146/146/124 167/167/142 166/166/141 
f 146/146/124 147/147/125 168/168/143 167/167/142 
f 149/149/126 148/148/126 169/169/144 170/170/145 
f 151/151/128 150/150/127 171/171/146 172/172/147 
f 150/150/127 152/152/129 173/173/148 171/171/146 
f 152/152/129 153/153/130 174/174/149 173/173/148 
f 153/153/130 154/154/131 175/175/150 174/174/149 
f 156/156/132 155/155/132 176/176/151 177/177/152 
f 158/158/134 157/157/133 178/178/153 179/179/154 
f 157/157/133 159/159/135 180/180/155 178/178/153 
f 159/159/135 160/160/136 181/181/156 180/180/155 
f 160/160/136 161/161/137 182/182/157 181/181/156 
f 163/163/138 162/162/138 183/183/158 184/184/159 
f 165/165/140 164/164/139 185/185/160 186/186/161 
f 164/164/139 166/166/141 187/187/162 185/185/160 
f 166/166/141 167/167/142 188/188/163 187/187/162 
f 167/167/142 168/168/143 189/189/164 188/188/163 
f 170/170/145 169/169/144 190/190/165 191/191/165 
f 172/172/147 171/171/146 192/192/166 193/193/167 
f 171/171/146 173/173/148 194/194/168 192/192/166 
f 173/173/148 174/174/149 195/195/169 194/194/168 
f 174/174/149 175/175/150 196/196/170 195/195/169 
f 177/177/152 176/176/151 197/197/171 198/198/171 
f 179/179/154 178/178/153 199/199/172 200/200/173 
f 178/178/153 180/180/155 201/201/174 199/199/172 
f 180/180/155 181/181/156 202/202/175 201/201/174 
f 181/181/156 182/182/157 203/203/176 202/202/175 
f 184/184/159 183/183/158 204/204/165 205/205/165 
f 186/186/161 185/185/160 206/206/177 207/207/178 
f 185/185/160 187/187/162 208/208/179 206/206/177 
f 187/187/162 188/188/163 209/209/180 208/208/179 
f 188/188/163 189/189/164 210/210/181 209/209/180 
f 191/191/165 190/190/165 211/211/182 212/212/182 
f 193/193/167 192/192/166 213/213/183 214/214/184 
f 192/192/166 194/194/168 215/215/185 213/213/183 
f 194/194/168 195/195/169 216/216/186 215/215/185 
f 195/195/169 196/196/170 217/217/187 216/216/186 
f 198/198/171 197/197/171 218/218/188 219/219/188 
f 200/200/173 199/199/172 220/220/189 221/221/190 
f 199/199/172 201/201/174 222/222/191 220/220/189 
f 201/201/174 202/202/175 223/223/192 222/222/191 
f 202/202/175 203/203/176 224/224/193 223/223/192 
f 205/205/165 204/204/165 225/225/182 226/226/182 
f 207/207/178 206/206/177 227/227/194 228/228/195 
f 206/206/177 208/208/179 229/229/196 227/227/194 
f 208/208/179 209/209/180 230/230/197 229/229/196 
f 209/209/180 210/210/181 231/231/198 230/230/197 
f 212/212/182 211/211/182 232/232/199 233/233/199 
f 214/214/184 213/213/183 234/234/200 235/235/201 
f 213/213/183 215/215/185 236/236/202 234/234/200 
f 215/215/185 216/216/186 237/237/203 236/236/202 
f 216/216/186 217/217/187 238/238/204 237/237/203 
f 219/219/188 218/218/188 239/239/205 240/240/205 
f 221/221/190 220/220/189 241/241/206 242/242/207 
f 220/220/189 222/222/191 243/243/208 241/241/206 
f 222/222/191 223/223/192 244/244/209 243/243/208 
f 223/223/192 224/224/193 245/245/210 244/244/209 
f 226/226/182 225/225/182 246/246/211 247/247/211 
f 228/228/195 227/227/194 248/248/212 249/249/213 
f 227/227/194 229/229/196 250/250/214 248/248/212 
f 229/229/196 230/230/197 251/251/215 250/250/214 
f 230/230/197 231/231/198 252/252/216 251/251/215 
f 233/233/199 232/232/199 253/253/217 254/254/217 
f 235/235/201 234/234/200 255/255/218 256/256/219 
f 234/234/200 236/236/202 257/257/220 255/255/218 
f 236/236/202 237/237/203 258/258/221 257/257/220 
f 237/237/203 238/238/204 259/259/222 258/258/221 
f 240/240/205 239/239/205 260/260/223 261/261/223 
f 242/242/207 241/241/206 262/262/224 263/263/225 
f 241/241/206 243/243/208 264/264/226 262/262/224 
f 243/243/208 244/244/209 265/265/227 264/264/226 
f 244/244/209 245/245/210 266/266/228 265/265/227 
f 247/247/211 246/246/211 267/267/217 268/268/217 
f 249/249/213 248/248/212 269/269/229 270/270/230 
f 248/248/212 250/250/214 271/271/231 269/269/229 
f 250/250/214 251/251/215 272/272/232 271/271/231 
f 251/251/215 252/252/216 273/273/233 272/272/232 
f 254/254/217 253/253/217 274/274/234 275/275/234 
f 256/256/219 255/255/218 276/276/235 277/277/236 
f 255/255/218 257/257/220 278/278/237 276/276/235 
f 257/257/220 258/258/221 279/279/238 278/278/237 
f 258/258/221 259/259/222 280/280/239 279/279/238 
f 261/261/223 260/260/223 281/281/240 282/282/240 
f 263/263/225 262/262/224 283/283/241 284/284/242 
f 262/262/224 264/264/226 285/285/243 283/283/241 
f 264/264/226 265/265/227 286/286/244 285/285/243 
f 265/265/227 266/266/228 287/287/245 286/286/244 
f 268/268/217 267/267/217 288/288/234 289/289/234 
f 270/270/230 269/269/229 290/290/246 291/291/247 
f 269/269/229 271/271/231 292/292/248 290/290/246 
f 271/271/231 272/272/232 293/293/249 292/292/248 
f 272/272/232 273/273/233 294/294/250 293/293/249 
f 275/275/234 274/274/234 295/295/251 296/296/252 
f 277/277/236 276/276/235 297/297/253 298/298/254 
f 276/276/235 278/278/237 299/299/255 297/297/253 
f 278/278/237 279/279/238 300/300/256 299/299/255 
f 279/279/238 280/280/239 301/301/257 300/300/256 
f 282/282/240 281/281/240 302/302/258 303/303/259 
f 284/284/242 283/283/241 304/304/260 305/305/261 
f 283/283/241 285/285/243 306/306/262 304/304/260 
f 285/285/243 286/286/244 307/307/263 306/306/262 
f 286/286/244 287/287/245 308/308/264 307/307/263 
f 289/289/234 288/288/234 309/309/252 310/310/252 
f 291/291/247 290/290/246 311/311/265 312/312/266 
f 290/290/246 292/292/248 313/313/267 311/311/265 
f 292/292/248 293/293/249 314/314/268 313/313/267 
f 293/293/249 294/294/250 315/315/269 314/314/268 
f 296/296/252 295/295/251 316/316/270 317/317/270 
f 298/298/254 297/297/253 318/318/271 319/319/272 
f 297/297/253 299/299/255 320/320/273 318/318/271 
f 299/299/255 300/300/256 321/321/274 320/320/273 
f 300/300/256 301/301/257 322/322/275 321/321/274 
f 303/303/259 302/302/258 323/323/276 324/324/276 
f 305/305/261 304/304/260 325/325/277 326/326/278 
f 304/304/260 306/306/262 327/327/279 325/325/277 
f 306/306/262 307/307/263 328/328/280 327/327/279 
f 307/307/263 308/308/264 329/329/281 328/328/280 
f 310/310/252 309/309/252 330/330/270 331/331/270 
f 312/312/266 311/311/265 332/332/282 333/333/283 
f 311/311/265 313/313/267 334/334/284 332/332/282 
f 313/313/267 314/314/268 335/335/285 334/334/284 
f 314/314/268 315/315/269 336/336/286 335/335/285 
f 317/317/270 316/316/270 337/337/287 338/338/288 
f 319/319/272 318/318/271 339/339/289 340/340/290 
f 318/318/271 320/320/273 341/341/291 339/339/289 
f 320/320/273 321/321/274 342/342/292 341/341/291 
f 321/321/274 322/322/275 343/343/293 342/342/292 
f 324/324/276 323/323/276 344/344/294 345/345/294 
f 326/326/278 325/325/277 346/346/295 347/347/296 
f 325/325/277 327/327/279 348/348/297 346/346/295 
f 327/327/279 328/328/280 349/349/298 348/348/297 
f 328/328/280 329/329/281 350/350/299 349/349/298 
f 331/331/270 330/330/270 351/351/288 352/352/288 
f 333/333/283 332/332/282 353/353/300 354/354/301 
f 332/332/282 334/334/284 355/355/302 353/353/300 
f 334/334/284 335/335/285 356/356/303 355/355/302 
f 335/335/285 336/336/286 357/357/304 356/356/303 
f 338/338/288 337/337/287 358/358/305 359/359/305 
f 340/340/290 339/339/289 360/360/306 361/361/307 
f 339/339/289 341/341/291 362/362/308 360/360/306 
f 341/341/291 342/342/292 363/363/309 362/362/308 
f 342/342/292 343/343/293 364/364/310 363/363/309 
f 345/345/294 344/344/294 365/365/311 366/366/311 
f 347/347/296 346/346/295 367/367/312 368/368/313 
f 346/346/295 348/348/297 369/369/314 367/367/312 
f 348/348/297 349/349/298 370/370/315 369/369/314 
f 349/349/298 350/350/299 371/371/316 370/370/315 
f 352/352/288 351/351/288 372/372/317 373/373/317 
f 354/354/301 353/353/300 374/374/318 375/375/319 
f 353/353/300 355/355/302 376/376/320 374/374/318 
f 355/355/302 356/356/303 377/377/321 376/376/320 
f 356/356/303 357/357/304 378/378/322 377/377/321 
f 359/359/305 358/358/305 379/379/323 380/380/323 
f 361/361/307 360/360/306 381/381/324 382/382/325 
f 360/360/306 362/362/308 383/383/326 381/381/324 
f 362/362/308 363/363/309 384/384/327 383/383/326 
f 363/363/309 364/364/310 385/385/328 384/384/327 
f 366/366/311 365/365/311 386/386/329 387/387/330 
f 368/368/313 367/367/312 388/388/331 389/389/332 
f 367/367/312 369/369/314 390/390/333 388/388/331 
f 369/369/314 370/370/315 391/391/334 390/390/333 
f 370/370/315 371/371/316 392/392/335 391/391/334 
f 373/373/317 372/372/317 393/393/336 394/394/336 
f 375/375/319 374/374/318 395/395/337 396/396/338 
f 374/374/318 376/376/320 397/397/339 395/395/337 
f 376/376/320 377/377/321 398/398/340 397/397/339 
f 377/377/321 378/378/322 399/399/341 398/398/340 
f 380/380/323 379/379/323 400/400/342 401/401/342 
f 382/382/325 381/381/324 402/402/343 403/403/344 
f 381/381/324 383/383/326 404/404/345 402/402/343 
f 383/383/326 384/384/327 405/405/346 404/404/345 
f 384/384/327 385/385/328 406/406/347 405/405/346 
f 387/387/330 386/386/329 407/407/348 408/408/348 
f 389/389/332 388/388/331 409/409/349 410/410/350 
f 388/388/331 390/390/333 411/411/351 409/409/349 
f 390/390/333 391/391/334 412/412/352 411/411/351 
f 391/391/334 392/392/335 413/413/353 412/412/352 
f 394/394/336 393/393/336 414/414/354 415/415/354 
f 396/396/338 395/395/337 416/416/355 417/417/356 
f 395/395/337 397/397/339 418/418/357 416/416/355 
f 397/397/339 398/398/340 419/419/358 418/418/357 
f 398/398/340 399/399/341 420/420/359 419/419/358 
f 401/401/342 400/400/342 421/421/360 422/422/361 
f 403/403/344 402/402/343 423/423/362 424/424/363 
f 402/402/343 404/404/345 425/425/364 423/423/362 
f 404/404/345 405/405/346 426/426/365 425/425/364 
f 405/405/346 406/406/347 427/427/366 426/426/365 
f 408/408/348 407/407/348 428/428/367 429/429/367 
f 410/410/350 409/409/349 430/430/368 431/431/369 
f 409/409/349 411/411/351 432/432/370 430/430/368 
f 411/411/351 412/412/352 433/433/371 432/432/370 
f 412/412/352 413/413/353 434/434/372 433/433/371 
f 415/415/354 414/414/354 435/435/360 436/436/360 
f 417/417/356 416/416/355 437/437/373 438/438/374 
f 416/416/355 418/418/357 439/439/375 437/437/373 
f 418/418/357 419/419/358 440/440/376 439/439/375 
f 419/419/358 420/420/359 441/441/377 440/440/376 
f 422/422/361 421/421/360 442/442/378 443/443/378 
f 424/424/363 423/423/362 444/444/379 445/445/380 
f 423/423/362 425/425/364 446/446/381 444/444/379 
f 425/425/364 426/426/365 447/447/382 446/446/381 
f 426/426/365 427/427/366 448/448/383 447/447/382 
f 429/429/367 428/428/367 449/449/384 450/450/384 
f 431/431/369 430/430/368 451/451/385 452/452/386 
f 430/430/368 432/432/370 453/453/387 451/451/385 
f 432/432/370 433/433/371 454/454/388 453/453/387 
f 433/433/371 434/434/372 455/455/389 454/454/388 
f 436/436/360 435/435/360 456/456/390 457/457/390 
f 438/438/374 437/437/373 458/458/391 459/459/392 
f 437/437/373 439/439/375 460/460/393 458/458/391 
f 439/439/375 440/440/376 461/461/394 460/460/393 
f 440/440/376 441/441/377 462/462/395 461/461/394 
f 443/443/378 442/442/378 463/463/396 464/464/396 
f 445/445/380 444/444/379 465/465/397 466/466/398 
f 444/444/379 446/446/381 467/467/399 465/465/397 
f 446/446/381 447/447/382 468/468/400 467/467/399 
f 447/447/382 448/448/383 469/469/401 468/468/400 
f 450/450/384 449/449/384 470/470/402 471/471/402 
f 452/452/386 451/451/385 472/472/403 473/473/404 
f 451/451/385 453/453/387 474/474/405 472/472/403 
f 453/453/387 454/454/388 475/475/406 474/474/405 
f 454/454/388 455/455/389 476/476/407 475/475/406 
f 457/457/390 456/456/390 477/477/408 478/478/408 
f 459/459/392 458/458/391 479/479/409 480/480/410 
f 458/458/391 460/460/393 481/481/411 479/479/409 
f 460/460/393 461/461/394 482/482/412 481/481/411 
f 461/461/394 462/462/395 483/483/413 482/482/412 
f 464/464/396 463/463/396 484/484/414 485/485/415 
f 466/466/398 465/465/397 486/486/416 487/487/417 
f 465/465/397 467/467/399 488/488/418 486/486/416 
f 467/467/399 468/468/400 489/489/419 488/488/418 
f 468/468/400 469/469/401 490/490/420 489/489/419 
f 471/471/402 470/470/402 491/491/421 492/492/421 
f 473/473/404 472/472/403 493/493/422 494/494/423 
f 472/472/403 474/474/405 495/495/424 493/493/422 
f 474/474/405 475/475/406 496/496/425 495/495/424 
f 475/475/406 476/476/407 497/497/426 496/496/425 
f 478/478/408 477/477/408 498/498/414 499/499/414 
f 480/480/410 479/479/409 500/500/427 501/501/428 
f 479/479/409 481/481/411 502/502/429 500/500/427 
f 481/481/411 482/482/412 503/503/430 502/502/429 
f 482/482/412 483/483/413 504/504/431 503/503/430 
f 485/485/415 484/484/414 505/505/432 506/506/432 
f 487/487/417 486/486/416 507/507/433 508/508/434 
f 486/486/416 488/488/418 509/509/435 507/507/433 
f 488/488/418 489/489/419 510/510/436 509/509/435 
f 489/489/419 490/490/420 511/511/437 510/510/436 
f 492/492/421 491/491/421 512/512/438 513/513/439 
f 494/494/423 493/493/422 514/514/440 515/515/441 
f 493/493/422 495/495/424 516/516/442 514/514/440 
f 495/495/424 496/496/425 517/517/443 516/516/442 
f 496/496/425 497/497/426 518/518/444 517/517/443 
f 499/499/414 498/498/414 519/519/432 520/520/432 
f 501/501/428 500/500/427 521/521/445 522/522/446 
f 500/500/427 502/502/429 523/523/447 521/521/445 
f 502/502/429 503/503/430 524/524/448 523/523/447 
f 503/503/430 504/504/431 525/525/449 524/524/448 
f 506/506/432 505/505/432 526/526/450 527/527/450 
f 508/508/434 507/507/433 528/528/451 529/529/452 
f 507/507/433 509/509/435 530/530/453 528/528/451 
f 509/509/435 510/510/436 531/531/454 530/530/453 
f 510/510/436 511/511/437 532/532/455 531/531/454 
f 513/513/439 512/512/438 533/533/456 534/534/456 
f 515/515/441 514/514/440 535/535/457 536/536/458 
f 514/514/440 516/516/442 537/537/459 535/535/457 
f 516/516/442 517/517/443 538/538/460 537/537/459 
f 517/517/443 518/518/444 539/539/461 538/538/460 
f 520/520/432 519/519/432 540/540/462 541/541/462 
f 522/522/446 521/521/445 542/542/463 543/543/464 
f 521/521/445 523/523/447 544/544/465 542/542/463 
f 523/523/447 524/524/448 545/545/466 544/544/465 
f 524/524/448 525/525/449 546/546/467 545/545/466 
f 527/527/450 526/526/450 547/547/468 548/548/469 
f 529/529/452 528/528/451 549/549/470 550/550/471 
f 528/528/451 530/530/453 551/551/472 549/549/470 
f 530/530/453 531/531/454 552/552/473 551/551/472 
f 531/531/454 532/532/455 553/553/474 552/552/473 
f 534/534/456 533/533/456 554/554/475 555/555/475 
f 536/536/458 535/535/457 556/556/476 557/557/477 
f 535/535/457 537/537/459 558/558/478 556/556/476 
f 537/537/459 538/538/460 559/559/479 558/558/478 
f 538/538/460 539/539/461 560/560/480 559/559/479 
f 541/541/462 540/540/462 561/561/468 562/562/468 
f 543/543/464 542/542/463 563/563/481 564/564/482 
f 542/542/463 544/544/465 565/565/483 563/563/481 
f 544/544/465 545/545/466 566/566/484 565/565/483 
f 545/545/466 546/546/467 567/567/485 566/566/484 
f 548/548/469 547/547/468 568/568/486 569/569/486 
f 550/550/471 549/549/470 570/570/487 571/571/488 
f 549/549/470 551/551/472 572/572/489 570/570/487 
f 551/551/472 552/552/473 573/573/490 572/572/489 
f 552/552/473 553/553/474 574/574/491 573/573/490 
f 555/555/475 554/554/475 575/575/492 576/576/492 
f 557/557/477 556/556/476 577/577/493 578/578/494 
f 556/556/476 558/558/478 579/579/495 577/577/493 
f 558/558/478 559/559/479 580/580/496 579/579/495 
f 559/559/479 560/560/480 581/581/497 580/580/496 
f 562/562/468 561/561/468 582/582/498 583/583/498 
f 564/564/482 563/563/481 584/584/499 585/585/500 
f 563/563/481 565/565/483 586/586/501 584/584/499 
f 565/565/483 566/566/484 587/587/502 586/586/501 
f 566/566/484 567/567/485 588/588/503 587/587/502 
f 569/569/486 568/568/486 589/589/504 590/590/504 
f 571/571/488 570/570/487 591/591/505 592/592/506 
f 570/570/487 572/572/489 593/593/507 591/591/505 
f 572/572/489 573/573/490 594/594/508 593/593/507 
f 573/573/490 574/574/491 595/595/509 594/594/508 
f 576/576/492 575/575/492 596/596/510 597/597/510 
f 578/578/494 577/577/493 598/598/511 599/599/512 
f 577/577/493 579/579/495 600/600/513 598/598/511 
f 579/579/495 580/580/496 601/601/514 600/600/513 
f 580/580/496 581/581/497 602/602/515 601/601/514 
f 583/583/498 582/582/498 603/603/516 604/604/516 
f 585/585/500 584/584/499 605/605/517 606/606/518 
f 584/584/499 586/586/501 607/607/519 605/605/517 
f 586/586/501 587/587/502 608/608/520 607/607/519 
f 587/587/502 588/588/503 609/609/521 608/608/520 
f 590/590/504 589/589/504 610/610/522 611/611/522 
f 592/592/506 591/591/505 612/612/523 613/613/524 
f 591/591/505 593/593/507 614/614/525 612/612/523 
f 593/593/507 594/594/508 615/615/526 614/614/525 
f 594/594/508 595/595/509 616/616/527 615/615/526 
f 597/597/510 596/596/510 617/617/528 618/618/528 
f 599/599/512 598/598/511 619/619/529 620/620/530 
f 598/598/511 600/600/513 621/621/531 619/619/529 
f 600/600/513 601/601/514 622/622/532 621/621/531 
f 601/601/514 602/602/515 623/623/533 622/622/532 
f 604/604/516 603/603/516 624/624/522 625/625/522 
f 606/606/518 605/605/517 626/626/534 627/627/535 
f 605/605/517 607/607/519 628/628/536 626/626/534 
f 607/607/519 608/608/520 629/629/537 628/628/536 
f 608/608/520 609/609/521 630/630/538 629/629/537 
f 611/611/522 610/610/522 631/631/539 632/632/539 
f 613/613/524 612/612/523 633/633/540 634/634/541 
f 612/612/523 614/614/525 635/635/542 633/633/540 
f 614/614/525 615/615/526 636/636/543 635/635/542 
f 615/615/526 616/616/527 637/637/544 636/636/543 
f 618/618/528 617/617/528 638/638/545 639/639/545 
f 620/620/530 619/619/529 640/640/546 641/641/547 
f 619/619/529 621/621/531 642/642/548 640/640/546 
f 621/621/531 622/622/532 643/643/549 642/642/548 
f 622/622/532 623/623/533 644/644/550 643/643/549 
f 625/625/522 624/624/522 645/645/539 646/646/539 
f 627/627/535 626/626/534 647/647/551 648/648/552 
f 626/626/534 628/628/536 649/649/553 647/647/551 
f 628/628/536 629/629/537 650/650/554 649/649/553 
f 629/629/537 630/630/538 651/651/555 650/650/554 
f 632/632/539 631/631/539 652/652/556 653/653/556 
f 634/634/541 633/633/540 654/654/557 655/655/558 
f 633/633/540 635/635/542 656/656/559 654/654/557 
f 635/635/542 636/636/543 657/657/560 656/656/559 
f 636/636/543 637/637/544 658/658/561 657/657/560 
f 639/639/545 638/638/545 659/659/562 660/660/562 
f 641/641/547 640/640/546 661/661/563 662/662/564 
f 640/640/546 642/642/548 663/663/565 661/661/563 
f 642/642/548 643/643/549 664/664/566 663/663/565 
f 643/643/549 644/644/550 665/665/567 664/664/566 
f 646/646/539 645/645/539 666/666/556 667/667/556 
f 648/648/552 647/647/551 668/668/568 669/669/569 
f 647/647/551 649/649/553 670/670/570 668/668/568 
f 649/649/553 650/650/554 671/671/571 670/670/570 
f 650/650/554 651/651/555 672/672/572 671/671/571 
f 653/653/556 652/652/556 2/2/1 1/1/1 
f 655/655/558 654/654/557 6/6/4 5/5/3 
f 654/654/557 656/656/559 9/9/7 6/6/4 
f 656/656/559 657/657/560 11/11/9 9/9/7 
f 657/657/560 658/658/561 13/13/11 11/11/9 
f 660/660/562 659/659/562 16/16/13 15/15/13 
f 662/662/564 661/661/563 20/20/16 19/19/15 
f 661/661/563 663/663/565 23/23/19 20/20/16 
f 663/663/565 664/664/566 25/25/21 23/23/19 
f 664/664/566 665/665/567 27/27/23 25/25/21 
f 667/667/556 666/666/556 30/30/1 29/29/1 
f 669/669/569 668/668/568 34/34/27 33/33/26 
f 668/668/568 670/670/570 37/37/30 34/34/27 
f 670/670/570 671/671/571 39/39/32 37/37/30 
f 671/671/571 672/672/572 41/41/34 39/39/32 
f 673/673/573 674/674/573 675/675/573 676/676/573 677/677/573 678/678/573 679/679/573 680/680/573 681/681/573 682/682/573 683/683/573 684/684/573 685/685/573 686/686/573 687/687/573 688/688/573 689/689/573 690/690/573 691/691/573 692/692/573 693/693/573 694/694/573 695/695/573 696/696/573 697/697/573 698/698/573 699/699/573 700/700/573 701/701/573 702/702/573 703/703/573 704/704/573 
f 30/30/1 33/33/26 36/36/29 31/31/25 
f 32/32/25 28/28/24 27/27/23 29/29/1 
f 31/31/25 36/36/29 60/60/50 57/57/48 
f 58/58/48 56/56/47 28/28/24 32/32/25 
f 57/57/48 60/60/50 81/81/68 78/78/54 
f 79/79/54 77/77/66 56/56/47 58/58/48 
f 78/78/54 81/81/68 102/102/86 99/99/84 
f 100/100/84 98/98/83 77/77/66 79/79/54 
f 99/99/84 102/102/86 123/123/104 120/120/102 
f 121/121/102 119/119/101 98/98/83 100/100/84 
f 120/120/102 123/123/104 144/144/122 141/141/120 
f 142/142/120 140/140/119 119/119/101 121/121/102 
f 141/141/120 144/144/122 165/165/140 162/162/138 
f 163/163/138 161/161/137 140/140/119 142/142/120 
f 162/162/138 165/165/140 186/186/161 183/183/158 
f 184/184/159 182/182/157 161/161/137 163/163/138 
f 183/183/158 186/186/161 207/207/178 204/204/165 
f 205/205/165 203/203/176 182/182/157 184/184/159 
f 204/204/165 207/207/178 228/228/195 225/225/182 
f 226/226/182 224/224/193 203/203/176 205/205/165 
f 225/225/182 228/228/195 249/249/213 246/246/211 
f 247/247/211 245/245/210 224/224/193 226/226/182 
f 246/246/211 249/249/213 270/270/230 267/267/217 
f 268/268/217 266/266/228 245/245/210 247/247/211 
f 267/267/217 270/270/230 291/291/247 288/288/234 
f 289/289/234 287/287/245 266/266/228 268/268/217 
f 288/288/234 291/291/247 312/312/266 309/309/252 
f 310/310/252 308/308/264 287/287/245 289/289/234 
f 309/309/252 312/312/266 333/333/283 330/330/270 
f 331/331/270 329/329/281 308/308/264 310/310/252 
f 330/330/270 333/333/283 354/354/301 351/351/288 
f 352/352/288 350/350/299 329/329/281 331/331/270 
f 351/351/288 354/354/301 375/375/319 372/372/317 
f 373/373/317 371/371/316 350/350/299 352/352/288 
f 372/372/317 375/375/319 396/396/338 393/393/336 
f 394/394/336 392/392/335 371/371/316 373/373/317 
f 393/393/336 396/396/338 417/417/356 414/414/354 
f 415/415/354 413/413/353 392/392/335 394/394/336 
f 414/414/354 417/417/356 438/438/374 435/435/360 
f 436/436/360 434/434/372 413/413/353 415/415/354 
f 435/435/360 438/438/374 459/459/392 456/456/390 
f 457/457/390 455/455/389 434/434/372 436/436/360 
f 456/456/390 459/459/392 480/480/410 477/477/408 
f 478/478/408 476/476/407 455/455/389 457/457/390 
f 477/477/408 480/480/410 501/501/428 498/498/414 
f 499/499/414 497/497/426 476/476/407 478/478/408 
f 498/498/414 501/501/428 522/522/446 519/519/432 
f 520/520/432 518/518/444 497/497/426 499/499/414 
f 519/519/432 522/522/446 543/543/464 540/540/462 
f 541/541/462 539/539/461 518/518/444 520/520/432 
f 540/540/462 543/543/464 564/564/482 561/561/468 
f 562/562/468 560/560/480 539/539/461 541/541/462 
f 561/561/468 564/564/482 585/585/500 582/582/498 
f 583/583/498 581/581/497 560/560/480 562/562/468 
f 582/582/498 585/585/500 606/606/518 603/603/516 
f 604/604/516 602/602/515 581/581/497 583/583/498 
f 603/603/516 606/606/518 627/627/535 624/624/522 
f 625/625/522 623/623/533 602/602/515 604/604/516 
f 624/624/522 627/627/535 648/648/552 645/645/539 
f 646/646/539 644/644/550 623/623/533 625/625/522 
f 645/645/539 648/648/552 669/669/569 666/666/556 
f 667/667/556 665/665/567 644/644/550 646/646/539 
f 666/666/556 669/669/569 33/33/26 30/30/1 
f 29/29/1 27/27/23 665/665/567 667/667/556 
f 16/16/13 19/19/15 22/22/18 17/17/14 
f 18/18/14 14/14/12 13/13/11 15/15/13 
f 17/17/14 22/22/18 53/53/44 50/50/42 
f 51/51/42 49/49/41 14/14/12 18/18/14 
f 50/50/42 53/53/44 74/74/63 71/71/61 
f 72/72/61 70/70/60 49/49/41 51/51/42 
f 71/71/61 74/74/63 95/95/80 92/92/78 
f 93/93/78 91/91/77 70/70/60 72/72/61 
f 92/92/78 95/95/80 116/116/98 113/113/96 
f 114/114/96 112/112/95 91/91/77 93/93/78 
f 113/113/96 116/116/98 137/137/116 134/134/114 
f 135/135/114 133/133/113 112/112/95 114/114/96 
f 134/134/114 137/137/116 158/158/134 155/155/132 
f 156/156/132 154/154/131 133/133/113 135/135/114 
f 155/155/132 158/158/134 179/179/154 176/176/151 
f 177/177/152 175/175/150 154/154/131 156/156/132 
f 176/176/151 179/179/154 200/200/173 197/197/171 
f 198/198/171 196/196/170 175/175/150 177/177/152 
f 197/197/171 200/200/173 221/221/190 218/218/188 
f 219/219/188 217/217/187 196/196/170 198/198/171 
f 218/218/188 221/221/190 242/242/207 239/239/205 
f 240/240/205 238/238/204 217/217/187 219/219/188 
f 239/239/205 242/242/207 263/263/225 260/260/223 
f 261/261/223 259/259/222 238/238/204 240/240/205 
f 260/260/223 263/263/225 284/284/242 281/281/240 
f 282/282/240 280/280/239 259/259/222 261/261/223 
f 281/281/240 284/284/242 305/305/261 302/302/258 
f 303/303/259 301/301/257 280/280/239 282/282/240 
f 302/302/258 305/305/261 326/326/278 323/323/276 
f 324/324/276 322/322/275 301/301/257 303/303/259 
f 323/323/276 326/326/278 347/347/296 344/344/294 
f 345/345/294 343/343/293 322/322/275 324/324/276 
f 344/344/294 347/347/296 368/368/313 365/365/311 
f 366/366/311 364/364/310 343/343/293 345/345/294 
f 365/365/311 368/368/313 389/389/332 386/386/329 
f 387/387/330 385/385/328 364/364/310 366/366/311 
f 386/386/329 389/389/332 410/410/350 407/407/348 
f 408/408/348 406/406/347 385/385/328 387/387/330 
f 407/407/348 410/410/350 431/431/369 428/428/367 
f 429/429/367 427/427/366 406/406/347 408/408/348 
f 428/428/367 431/431/369 452/452/386 449/449/384 
f 450/450/384 448/448/383 427/427/366 429/429/367 
f 449/449/384 452/452/386 473/473/404 470/470/402 
f 471/471/402 469/469/401 448/448/383 450/450/384 
f 470/470/402 473/473/404 494/494/423 491/491/421 
f 492/492/421 490/490/420 469/469/401 471/471/402 
f 491/491/421 494/494/423 515/515/441 512/512/438 
f 513/513/439 511/511/437 490/490/420 492/492/421 
f 512/512/438 515/515/441 536/536/458 533/533/456 
f 534/534/456 532/532/455 511/511/437 513/513/439 
f 533/533/456 536/536/458 557/557/477 554/554/475 
f 555/555/475 553/553/474 532/532/455 534/534/456 
f 554/554/475 557/557/477 578/578/494 575/575/492 
f 576/576/492 574/574/491 553/553/474 555/555/475 
f 575/575/492 578/578/494 599/599/512 596/596/510 
f 597/597/510 595/595/509 574/574/491 576/576/492 
f 596/596/510 599/599/512 620/620/530 617/617/528 
f 618/618/528 616/616/527 595/595/509 597/597/510 
f 617/617/528 620/620/530 641/641/547 638/638/545 
f 639/639/545 637/637/544 616/616/527 618/618/528 
f 638/638/545 641/641/547 662/662/564 659/659/562 
f 660/660/562 658/658/561 637/637/544 639/639/545 
f 659/659/562 662/662/564 19/19/15 16/16/13 
f 15/15/13 13/13/11 658/658/561 660/660/562 
f 2/2/1 5/5/3 8/8/6 3/3/2 
f 3/3/2 8/8/6 46/46/38 43/43/36 
f 43/43/36 46/46/38 67/67/57 64/64/54 
f 64/64/54 67/67/57 88/88/74 85/85/72 
f 85/85/72 88/88/74 109/109/92 106/106/90 
f 106/106/90 109/109/92 130/130/110 127/127/108 
f 127/127/108 130/130/110 151/151/128 148/148/126 
f 148/148/126 151/151/128 172/172/147 169/169/144 
f 169/169/144 172/172/147 193/193/167 190/190/165 
f 190/190/165 193/193/167 214/214/184 211/211/182 
f 211/211/182 214/214/184 235/235/201 232/232/199 
f 232/232/199 235/235/201 256/256/219 253/253/217 
f 253/253/217 256/256/219 277/277/236 274/274/234 
f 274/274/234 277/277/236 298/298/254 295/295/251 
f 295/295/251 298/298/254 319/319/272 316/316/270 
f 316/316/270 319/319/272 340/340/290 337/337/287 
f 337/337/287 340/340/290 361/361/307 358/358/305 
f 358/358/305 361/361/307 382/382/325 379/379/323 
f 379/379/323 382/382/325 403/403/344 400/400/342 
f 400/400/342 403/403/344 424/424/363 421/421/360 
f 421/421/360 424/424/363 445/445/380 442/442/378 
f 442/442/378 445/445/380 466/466/398 463/463/396 
f 463/463/396 466/466/398 487/487/417 484/484/414 
f 484/484/414 487/487/417 508/508/434 505/505/432 
f 505/505/432 508/508/434 529/529/452 526/526/450 
f 526/526/450 529/529/452 550/550/471 547/547/468 
f 547/547/468 550/550/471 571/571/488 568/568/486 
f 568/568/486 571/571/488 592/592/506 589/589/504 
f 589/589/504 592/592/506 613/613/524 610/610/522 
f 610/610/522 613/613/524 634/634/541 631/631/539 
f 631/631/539 634/634/541 655/655/558 652/652/556 
f 652/652/556 655/655/558 5/5/3 2/2/1 
f 42/42/35 41/41/34 673/673/573 704/704/573 
f 41/41/34 672/672/572 674/674/573 673/673/573 
f 672/672/572 651/651/555 675/675/573 674/674/573 
f 651/651/555 630/630/538 676/676/573 675/675/573 
f 630/630/538 609/609/521 677/677/573 676/676/573 
f 609/609/521 588/588/503 678/678/573 677/677/573 
f 588/588/503 567/567/485 679/679/573 678/678/573 
f 567/567/485 546/546/467 680/680/573 679/679/573 
f 546/546/467 525/525/449 681/681/573 680/680/573 
f 525/525/449 504/504/431 682/682/573 681/681/573 
f 504/504/431 483/483/413 683/683/573 682/682/573 
f 483/483/413 462/462/395 684/684/573 683/683/573 
f 462/462/395 441/441/377 685/685/573 684/684/573 
f 441/441/377 420/420/359 686/686/573 685/685/573 
f 420/420/359 399/399/341 687/687/573 686/686/573 
f 399/399/341 378/378/322 688/688/573 687/687/573 
f 378/378/322 357/357/304 689/689/573 688/688/573 
f 357/357/304 336/336/286 690/690/573 689/689/573 
f 336/336/286 315/315/269 691/691/573 690/690/573 
f 315/315/269 294/294/250 692/692/573 691/691/573 
f 294/294/250 273/273/233 693/693/573 692/692/573 
f 273/273/233 252/252/216 694/694/573 693/693/573 
f 252/252/216 231/231/198 695/695/573 694/694/573 
f 231/231/198 210/210/181 696/696/573 695/695/573 
f 210/210/181 189/189/164 697/697/573 696/696/573 
f 189/189/164 168/168/143 698/698/573 697/697/573 
f 168/168/143 147/147/125 699/699/573 698/698/573 
f 147/147/125 126/126/107 700/700/573 699/699/573 
f 126/126/107 105/105/89 701/701/573 700/700/573 
f 105/105/89 84/84/71 702/702/573 701/701/573 
f 84/84/71 63/63/53 703/703/573 702/702/573 
f 63/63/53 42/42/35 704/704/573 703/703/573 
f 705/705/574 706/706/575 707/707/576 708/708/577 
f 706/706/575 709/709/578 710/710/579 707/707/576 
f 709/709/578 711/711/580 712/712/581 710/710/579 
f 711/711/580 713/713/582 714/714/583 712/712/581 
f 713/713/582 715/715/584 716/716/585 714/714/583 
f 715/715/584 717/717/586 718/718/587 716/716/585 
f 717/717/586 719/719/588 720/720/589 718/718/587 
f 719/719/588 721/721/590 722/722/591 720/720/589 
f 721/721/590 723/723/592 724/724/593 722/722/591 
f 723/723/592 725/725/594 726/726/595 724/724/593 
f 725/725/594 727/727/596 728/728/597 726/726/595 
f 727/727/596 729/729/598 730/730/599 728/728/597 
f 729/729/598 731/731/600 732/732/601 730/730/599 
f 731/731/600 733/733/602 734/734/603 732/732/601 
f 733/733/602 735/735/604 736/736/605 734/734/603 
f 737/737/606 738/738/607 739/739/608 740/740/609 
f 741/741/610 742/742/611 743/743/612 744/744/612 
f 745/745/613 746/746/614 742/742/611 741/741/610 
f 747/747/615 748/748/616 746/746/614 745/745/613 
f 749/749/617 750/750/618 748/748/616 747/747/615 
f 751/751/619 752/752/620 750/750/618 749/749/617 
f 753/753/621 754/754/622 752/752/620 751/751/619 
f 755/755/623 756/756/624 754/754/622 753/753/621 
f 757/757/625 758/758/626 756/756/624 755/755/623 
f 759/759/627 760/760/628 758/758/626 757/757/625 
f 761/761/629 762/762/630 760/760/628 759/759/627 
f 763/763/631 764/764/632 762/762/630 761/761/629 
f 765/765/633 766/766/634 764/764/632 763/763/631 
f 767/767/635 768/768/636 766/766/634 765/765/633 
f 769/769/637 770/770/638 768/768/636 767/767/635 
f 771/771/639 772/772/640 773/773/641 
f 740/740/609 736/736/605 774/774/642 737/737/606 
f 775/775/643 740/740/609 739/739/608 776/776/644 
f 742/742/611 777/777/645 778/778/612 743/743/612 
f 746/746/614 779/779/579 777/777/645 742/742/611 
f 748/748/616 780/780/646 779/779/579 746/746/614 
f 750/750/618 781/781/647 780/780/646 748/748/616 
f 752/752/620 782/782/648 781/781/647 750/750/618 
f 754/754/622 783/783/649 782/782/648 752/752/620 
f 756/756/624 784/784/650 783/783/649 754/754/622 
f 758/758/626 785/785/626 784/784/650 756/756/624 
f 760/760/628 786/786/628 785/785/626 758/758/626 
f 762/762/630 787/787/651 786/786/628 760/760/628 
f 764/764/632 788/788/652 787/787/651 762/762/630 
f 766/766/634 789/789/653 788/788/652 764/764/632 
f 768/768/636 790/790/654 789/789/653 766/766/634 
f 770/770/638 769/769/637 740/740/609 775/775/643 
f 775/775/643 776/776/644 791/791/655 792/792/656 
f 793/793/657 794/794/658 772/772/640 771/771/639 
f 795/795/659 796/796/660 797/797/661 798/798/662 
f 771/771/639 796/796/660 799/799/663 793/793/657 
f 800/798/664 801/800/665 802/801/666 803/795/667 
f 803/795/667 802/801/666 804/802/668 805/803/669 
f 806/804/670 807/805/671 808/806/672 809/807/673 
f 810/808/674 811/809/675 807/805/671 806/804/670 
f 812/810/676 813/811/677 811/809/675 810/808/674 
f 814/812/678 815/813/679 813/811/677 812/810/676 
f 816/814/680 817/815/681 815/813/679 814/812/678 
f 818/816/682 819/817/683 817/815/681 816/814/680 
f 820/818/684 821/819/685 819/817/683 818/816/682 
f 822/820/686 823/821/687 821/819/685 820/818/684 
f 824/822/688 825/823/689 823/821/687 822/820/686 
f 826/824/690 827/825/691 825/823/689 824/822/688 
f 828/826/692 829/827/693 827/825/691 826/824/690 
f 830/828/694 831/829/695 829/827/693 828/826/692 
f 805/803/669 804/802/668 831/829/695 830/828/694 
f 832/830/645 833/831/611 834/832/673 835/833/612 
f 836/834/696 837/835/697 833/831/611 832/830/645 
f 838/836/698 839/837/698 837/835/697 836/834/696 
f 840/838/699 841/839/700 839/837/698 838/836/698 
f 842/840/701 843/841/702 841/839/700 840/838/699 
f 844/842/682 845/843/682 843/841/702 842/840/701 
f 846/844/703 847/845/704 845/843/682 844/842/682 
f 848/846/705 849/847/706 847/845/704 846/844/703 
f 850/848/707 851/849/708 849/847/706 848/846/705 
f 852/850/709 853/851/710 851/849/708 850/848/707 
f 854/852/711 855/853/712 853/851/710 852/850/709 
f 856/854/713 857/855/714 855/853/712 854/852/711 
f 793/793/657 799/799/663 857/855/714 856/854/713 
f 858/856/715 859/857/716 792/792/656 860/858/717 
f 861/859/718 862/860/719 863/861/612 864/862/612 
f 865/863/720 866/864/721 862/860/719 861/859/718 
f 867/865/722 868/866/723 866/864/721 865/863/720 
f 869/867/724 870/868/725 868/866/723 867/865/722 
f 871/869/726 872/870/727 870/868/725 869/867/724 
f 873/871/728 874/872/729 872/870/727 871/869/726 
f 875/873/730 876/874/731 874/872/729 873/871/728 
f 877/875/732 878/876/733 876/874/731 875/873/730 
f 879/877/734 880/878/735 878/876/733 877/875/732 
f 881/879/736 882/880/737 880/878/735 879/877/734 
f 883/881/738 884/882/739 882/880/737 881/879/736 
f 885/883/740 886/884/741 884/882/739 883/881/738 
f 887/885/742 794/794/658 886/884/741 885/883/740 
f 888/886/743 889/887/744 773/773/641 860/858/717 
f 887/885/742 790/790/654 859/857/716 858/856/715 
f 796/796/660 771/771/639 890/888/745 797/797/661 
f 796/796/660 795/795/659 891/803/669 799/799/663 
f 833/831/611 892/804/670 893/807/673 834/832/673 
f 837/835/697 894/808/746 892/804/670 833/831/611 
f 839/837/698 895/810/676 894/808/746 837/835/697 
f 841/839/700 896/812/678 895/810/676 839/837/698 
f 843/841/702 897/814/680 896/812/678 841/839/700 
f 845/843/682 898/816/682 897/814/680 843/841/702 
f 847/845/704 899/818/684 898/816/682 845/843/682 
f 849/847/706 900/820/686 899/818/684 847/845/704 
f 851/849/708 901/822/688 900/820/686 849/847/706 
f 853/851/710 902/824/690 901/822/688 851/849/708 
f 855/853/712 903/826/692 902/824/690 853/851/710 
f 857/855/714 904/828/694 903/826/692 855/853/712 
f 799/799/663 891/803/669 904/828/694 857/855/714 
f 797/797/661 890/888/745 905/888/747 906/797/748 
f 739/739/608 738/738/607 907/738/749 908/739/750 
f 776/776/644 739/739/608 908/739/750 909/776/751 
f 888/886/743 791/791/655 910/791/752 911/886/753 
f 801/800/665 800/798/664 912/798/754 913/800/755 
f 890/888/745 889/887/744 914/887/756 905/888/747 
f 798/798/662 797/797/661 906/797/748 915/798/757 
f 916/797/758 917/888/759 918/889/760 919/797/761 
f 920/738/762 921/738/763 922/739/764 923/739/765 
f 923/739/765 922/739/764 924/776/766 925/776/767 
f 926/800/768 927/798/769 928/798/770 929/800/771 
f 917/888/759 930/887/772 931/890/773 918/889/760 
f 932/798/774 916/797/758 919/797/761 933/798/775 
f 934/776/776 925/776/767 935/891/777 936/892/778 
f 925/776/767 934/776/776 937/739/779 923/739/765 
f 923/739/765 937/739/779 938/738/780 920/738/762 
f 939/739/781 940/738/782 941/738/783 942/739/784 
f 943/776/785 939/739/781 942/739/784 944/776/786 
f 941/738/783 945/738/787 946/739/788 942/739/784 
f 942/739/784 946/739/788 947/776/789 944/776/786 
f 948/739/790 949/738/791 950/738/792 951/739/793 
f 952/776/794 948/739/790 951/739/793 953/776/795 
f 772/772/640 858/856/715 860/858/717 773/773/641 
f 794/794/658 887/885/742 858/856/715 772/772/640 
f 862/860/719 832/830/645 835/833/612 863/861/612 
f 866/864/721 836/834/696 832/830/645 862/860/719 
f 868/866/723 838/836/698 836/834/696 866/864/721 
f 870/868/725 840/838/699 838/836/698 868/866/723 
f 872/870/727 842/840/701 840/838/699 870/868/725 
f 874/872/729 844/842/682 842/840/701 872/870/727 
f 876/874/731 846/844/703 844/842/682 874/872/729 
f 878/876/733 848/846/705 846/844/703 876/874/731 
f 880/878/735 850/848/707 848/846/705 878/876/733 
f 882/880/737 852/850/709 850/848/707 880/878/735 
f 884/882/739 854/852/711 852/850/709 882/880/737 
f 886/884/741 856/854/713 854/852/711 884/882/739 
f 794/794/658 793/793/657 856/854/713 886/884/741 
f 889/887/744 890/888/745 771/771/639 773/773/641 
f 889/887/744 888/886/743 911/886/753 914/887/756 
f 921/738/763 940/738/782 939/739/781 922/739/764 
f 922/739/764 939/739/781 943/776/785 924/776/766 
f 930/887/772 954/886/796 955/893/797 931/890/773 
f 956/805/798 957/805/799 958/806/800 959/806/801 
f 960/809/802 961/809/803 957/805/799 956/805/798 
f 962/811/804 963/811/805 961/809/803 960/809/802 
f 964/813/806 965/813/807 963/811/805 962/811/804 
f 966/815/808 967/815/809 965/813/807 964/813/806 
f 968/817/810 969/817/811 967/815/809 966/815/808 
f 970/819/812 971/819/813 969/817/811 968/817/810 
f 972/821/814 973/821/815 971/819/813 970/819/812 
f 974/823/816 975/823/817 973/821/815 972/821/814 
f 976/825/818 977/825/819 975/823/817 974/823/816 
f 978/827/820 979/827/821 977/825/819 976/825/818 
f 980/829/822 981/829/823 979/827/821 978/827/820 
f 982/802/824 983/802/825 981/829/823 980/829/822 
f 984/800/826 985/800/827 986/801/828 987/801/829 
f 987/801/829 986/801/828 983/802/825 982/802/824 
f 988/800/830 989/800/831 990/800/832 991/800/833 
f 992/800/834 993/800/835 994/800/836 995/800/837 
f 996/894/838 997/895/839 998/896/840 999/897/841 
f 999/897/841 998/896/840 993/898/835 992/899/834 
f 957/805/799 1000/805/842 1001/806/843 958/806/800 
f 959/806/801 1002/806/844 1003/805/845 956/805/798 
f 961/809/803 1004/809/846 1000/805/842 957/805/799 
f 956/805/798 1003/805/845 1005/809/847 960/809/802 
f 963/811/805 1006/811/848 1004/809/846 961/809/803 
f 960/809/802 1005/809/847 1007/811/849 962/811/804 
f 965/813/807 1008/813/850 1006/811/848 963/811/805 
f 962/811/804 1007/811/849 1009/813/851 964/813/806 
f 967/815/809 1010/815/852 1008/813/850 965/813/807 
f 964/813/806 1009/813/851 1011/815/853 966/815/808 
f 969/817/811 1012/817/854 1010/815/852 967/815/809 
f 966/815/808 1011/815/853 1013/817/855 968/817/810 
f 971/819/813 1014/819/856 1012/817/854 969/817/811 
f 968/817/810 1013/817/855 1015/819/857 970/819/812 
f 973/821/815 1016/821/858 1014/819/856 971/819/813 
f 970/819/812 1015/819/857 1017/821/859 972/821/814 
f 975/823/817 1018/823/860 1016/821/858 973/821/815 
f 972/821/814 1017/821/859 1019/823/861 974/823/816 
f 977/825/819 1020/825/862 1018/823/860 975/823/817 
f 974/823/816 1019/823/861 1021/825/863 976/825/818 
f 979/827/821 1022/827/864 1020/825/862 977/825/819 
f 976/825/818 1021/825/863 1023/827/865 978/827/820 
f 981/829/823 1024/829/866 1022/827/864 979/827/821 
f 978/827/820 1023/827/865 1025/829/867 980/829/822 
f 983/802/825 1026/802/868 1024/829/866 981/829/823 
f 980/829/822 1025/829/867 1027/802/869 982/802/824 
f 985/800/827 1028/800/870 1029/801/871 986/801/828 
f 987/801/829 1030/801/872 1031/800/873 984/800/826 
f 986/801/828 1029/801/871 1026/802/868 983/802/825 
f 982/802/824 1027/802/869 1030/801/872 987/801/829 
f 989/800/831 1032/800/874 1033/800/875 990/800/832 
f 984/800/826 1031/800/873 1034/800/876 991/800/833 
f 993/800/835 1035/800/877 1036/800/878 994/800/836 
f 988/800/830 1037/800/879 1038/800/880 1039/800/881 
f 997/895/839 1035/900/877 998/896/840 
f 999/897/841 1040/739/882 1041/738/883 996/894/838 
f 998/896/840 1035/900/877 993/898/835 
f 992/899/834 1042/776/884 1040/739/882 999/897/841 
f 905/888/747 917/888/759 916/797/758 906/797/748 
f 907/738/749 1043/738/885 1044/739/886 908/739/750 
f 908/739/750 1044/739/886 1045/776/887 909/776/751 
f 909/776/751 1045/776/887 1046/791/888 910/791/752 
f 912/798/754 927/798/769 926/800/768 913/800/755 
f 914/887/756 930/887/772 917/888/759 905/888/747 
f 906/797/748 916/797/758 932/798/774 915/798/757 
f 911/886/753 954/886/796 930/887/772 914/887/756 
f 990/800/832 985/800/827 984/800/826 991/800/833 
f 1033/800/875 1028/800/870 985/800/827 990/800/832 
f 1034/800/876 1037/800/879 988/800/830 991/800/833 
f 705/705/574 708/708/577 1047/707/889 1048/706/890 
f 1048/706/890 1047/707/889 1049/710/891 1050/709/892 
f 1050/709/892 1049/710/891 1051/712/893 1052/711/894 
f 1052/711/894 1051/712/893 1053/714/895 1054/713/896 
f 1054/713/896 1053/714/895 1055/716/897 1056/715/898 
f 1056/715/898 1055/716/897 1057/718/899 1058/717/900 
f 1058/717/900 1057/718/899 1059/720/901 1060/719/902 
f 1060/719/902 1059/720/901 1061/722/903 1062/721/904 
f 1062/721/904 1061/722/903 1063/724/905 1064/723/906 
f 1064/723/906 1063/724/905 1065/726/907 1066/725/908 
f 1066/725/908 1065/726/907 1067/728/909 1068/727/910 
f 1068/727/910 1067/728/909 1069/730/911 1070/729/912 
f 1070/729/912 1069/730/911 1071/732/913 1072/731/914 
f 1072/731/914 1071/732/913 1073/734/915 1074/733/916 
f 1074/733/916 1073/734/915 1075/736/917 1076/735/918 
f 737/737/606 1077/740/919 1078/739/920 738/738/607 
f 1079/741/921 744/744/612 743/743/612 1080/742/922 
f 1081/745/923 1079/741/921 1080/742/922 1082/746/924 
f 1083/747/925 1081/745/923 1082/746/924 1084/748/926 
f 1085/749/927 1083/747/925 1084/748/926 1086/750/928 
f 1087/751/929 1085/749/927 1086/750/928 1088/752/930 
f 1089/753/931 1087/751/929 1088/752/930 1090/754/932 
f 1091/755/933 1089/753/931 1090/754/932 1092/756/934 
f 1093/757/935 1091/755/933 1092/756/934 1094/758/936 
f 1095/759/937 1093/757/935 1094/758/936 1096/760/938 
f 1097/761/939 1095/759/937 1096/760/938 1098/762/940 
f 1099/763/941 1097/761/939 1098/762/940 1100/764/942 
f 1101/765/943 1099/763/941 1100/764/942 1102/766/944 
f 1103/767/945 1101/765/943 1102/766/944 1104/768/946 
f 1105/769/947 1103/767/945 1104/768/946 1106/770/948 
f 1107/771/949 1108/773/950 1109/772/951 
f 1077/740/919 737/737/606 774/774/642 1075/736/917 
f 1110/775/952 1111/776/953 1078/739/920 1077/740/919 
f 1080/742/922 743/743/612 778/778/612 1112/777/922 
f 1082/746/924 1080/742/922 1112/777/922 1113/779/954 
f 1084/748/926 1082/746/924 1113/779/954 1114/780/955 
f 1086/750/928 1084/748/926 1114/780/955 1115/781/928 
f 1088/752/930 1086/750/928 1115/781/928 1116/782/956 
f 1090/754/932 1088/752/930 1116/782/956 1117/783/957 
f 1092/756/934 1090/754/932 1117/783/957 1118/784/934 
f 1094/758/936 1092/756/934 1118/784/934 1119/785/936 
f 1096/760/938 1094/758/936 1119/785/936 1120/786/958 
f 1098/762/940 1096/760/938 1120/786/958 1121/787/959 
f 1100/764/942 1098/762/940 1121/787/959 1122/788/942 
f 1102/766/944 1100/764/942 1122/788/942 1123/789/960 
f 1104/768/946 1102/766/944 1123/789/960 1124/790/961 
f 1106/770/948 1110/775/952 1077/740/919 1105/769/947 
f 1110/775/952 1125/792/962 1126/791/963 1111/776/953 
f 1127/793/964 1107/771/949 1109/772/951 1128/794/965 
f 1129/795/966 1130/798/967 1131/797/968 1132/796/969 
f 1107/771/949 1127/793/964 1133/799/970 1132/796/969 
f 1134/798/971 1135/795/972 1136/801/973 1137/800/974 
f 1135/795/972 1138/803/975 1139/802/976 1136/801/973 
f 1140/804/977 809/807/673 808/806/672 1141/805/978 
f 1142/808/979 1140/804/977 1141/805/978 1143/809/980 
f 1144/810/981 1142/808/979 1143/809/980 1145/811/982 
f 1146/812/983 1144/810/981 1145/811/982 1147/813/984 
f 1148/814/985 1146/812/983 1147/813/984 1149/815/986 
f 1150/816/987 1148/814/985 1149/815/986 1151/817/988 
f 1152/818/989 1150/816/987 1151/817/988 1153/819/990 
f 1154/820/991 1152/818/989 1153/819/990 1155/821/992 
f 1156/822/993 1154/820/991 1155/821/992 1157/823/994 
f 1158/824/995 1156/822/993 1157/823/994 1159/825/996 
f 1160/826/997 1158/824/995 1159/825/996 1161/827/998 
f 1162/828/999 1160/826/997 1161/827/998 1163/829/1000 
f 1138/803/975 1162/828/999 1163/829/1000 1139/802/976 
f 1164/830/1001 835/833/612 834/832/673 1165/831/1002 
f 1166/834/979 1164/830/1001 1165/831/1002 1167/835/979 
f 1168/836/1003 1166/834/979 1167/835/979 1169/837/981 
f 1170/838/1004 1168/836/1003 1169/837/981 1171/839/1004 
f 1172/840/1005 1170/838/1004 1171/839/1004 1173/841/1005 
f 1174/842/1006 1172/840/1005 1173/841/1005 1175/843/1006 
f 1176/844/1007 1174/842/1006 1175/843/1006 1177/845/1008 
f 1178/846/936 1176/844/1007 1177/845/1008 1179/847/1009 
f 1180/848/1010 1178/846/936 1179/847/1009 1181/849/1011 
f 1182/850/1012 1180/848/1010 1181/849/1011 1183/851/1013 
f 1184/852/1014 1182/850/1012 1183/851/1013 1185/853/1015 
f 1186/854/1016 1184/852/1014 1185/853/1015 1187/855/1017 
f 1127/793/964 1186/854/1016 1187/855/1017 1133/799/970 
f 1188/856/1018 1189/858/1019 1125/792/962 1190/857/1020 
f 1191/859/1021 864/862/612 863/861/612 1192/860/1022 
f 1193/863/1023 1191/859/1021 1192/860/1022 1194/864/979 
f 1195/865/1024 1193/863/1023 1194/864/979 1196/866/1025 
f 1197/867/1026 1195/865/1024 1196/866/1025 1198/868/1027 
f 1199/869/1028 1197/867/1026 1198/868/1027 1200/870/1029 
f 1201/871/1030 1199/869/1028 1200/870/1029 1202/872/1031 
f 1203/873/1032 1201/871/1030 1202/872/1031 1204/874/1033 
f 1205/875/1034 1203/873/1032 1204/874/1033 1206/876/1034 
f 1207/877/1035 1205/875/1034 1206/876/1034 1208/878/1036 
f 1209/879/1037 1207/877/1035 1208/878/1036 1210/880/1038 
f 1211/881/1039 1209/879/1037 1210/880/1038 1212/882/1040 
f 1213/883/1041 1211/881/1039 1212/882/1040 1214/884/1042 
f 1215/885/1043 1213/883/1041 1214/884/1042 1128/794/965 
f 1216/886/1044 1189/858/1019 1108/773/950 1217/887/1045 
f 1215/885/1043 1188/856/1018 1190/857/1020 1124/790/961 
f 1132/796/969 1131/797/968 1218/888/1046 1107/771/949 
f 1132/796/969 1133/799/970 1219/803/1047 1129/795/966 
f 1165/831/1002 834/832/673 893/807/673 1220/804/977 
f 1167/835/979 1165/831/1002 1220/804/977 1221/808/979 
f 1169/837/981 1167/835/979 1221/808/979 1222/810/981 
f 1171/839/1004 1169/837/981 1222/810/981 1223/812/983 
f 1173/841/1005 1171/839/1004 1223/812/983 1224/814/985 
f 1175/843/1006 1173/841/1005 1224/814/985 1225/816/987 
f 1177/845/1008 1175/843/1006 1225/816/987 1226/818/989 
f 1179/847/1009 1177/845/1008 1226/818/989 1227/820/1048 
f 1181/849/1011 1179/847/1009 1227/820/1048 1228/822/1049 
f 1183/851/1013 1181/849/1011 1228/822/1049 1229/824/995 
f 1185/853/1015 1183/851/1013 1229/824/995 1230/826/997 
f 1187/855/1017 1185/853/1015 1230/826/997 1231/828/999 
f 1133/799/970 1187/855/1017 1231/828/999 1219/803/1047 
f 1131/797/968 1232/797/1050 1233/888/1051 1218/888/1046 
f 1078/739/920 1234/739/1052 907/738/749 738/738/607 
f 1111/776/953 1235/776/1053 1234/739/1052 1078/739/920 
f 1216/886/1044 1236/886/1054 1237/791/1055 1126/791/963 
f 1137/800/974 1238/800/1056 1239/798/1057 1134/798/971 
f 1218/888/1046 1233/888/1051 1240/887/1058 1217/887/1045 
f 1130/798/967 1241/798/1059 1232/797/1050 1131/797/968 
f 1242/797/1060 1243/797/1061 1244/889/1062 1245/888/1063 
f 920/738/762 1246/739/1064 1247/739/1065 921/738/763 
f 1246/739/1064 1248/776/1066 1249/776/1067 1247/739/1065 
f 1250/800/1068 1251/800/1069 1252/798/1070 1253/798/1071 
f 1245/888/1063 1244/889/1062 1254/890/1072 1255/887/1073 
f 1256/798/1074 1257/798/1075 1243/797/1061 1242/797/1060 
f 1258/901/1076 1259/902/1077 1260/892/1078 
f 1248/776/1066 1246/739/1064 1261/739/1079 1262/776/1080 
f 1246/739/1064 920/738/762 938/738/780 1261/739/1079 
f 1263/739/1081 1264/739/1082 941/738/783 940/738/782 
f 1265/776/1083 1266/776/1084 1264/739/1082 1263/739/1081 
f 941/738/783 1264/739/1082 1267/739/1085 945/738/787 
f 1264/739/1082 1266/776/1084 1268/776/1086 1267/739/1085 
f 1269/739/1087 1270/739/1088 950/738/792 949/738/791 
f 1271/776/1089 1272/776/1090 1270/739/1088 1269/739/1087 
f 1109/772/951 1108/773/950 1189/858/1019 1188/856/1018 
f 1128/794/965 1109/772/951 1188/856/1018 1215/885/1043 
f 1192/860/1022 863/861/612 835/833/612 1164/830/1001 
f 1194/864/979 1192/860/1022 1164/830/1001 1166/834/979 
f 1196/866/1025 1194/864/979 1166/834/979 1168/836/1003 
f 1198/868/1027 1196/866/1025 1168/836/1003 1170/838/1004 
f 1200/870/1029 1198/868/1027 1170/838/1004 1172/840/1005 
f 1202/872/1031 1200/870/1029 1172/840/1005 1174/842/1006 
f 1204/874/1033 1202/872/1031 1174/842/1006 1176/844/1007 
f 1206/876/1034 1204/874/1033 1176/844/1007 1178/846/936 
f 1208/878/1036 1206/876/1034 1178/846/936 1180/848/1010 
f 1210/880/1038 1208/878/1036 1180/848/1010 1182/850/1012 
f 1212/882/1040 1210/880/1038 1182/850/1012 1184/852/1014 
f 1214/884/1042 1212/882/1040 1184/852/1014 1186/854/1016 
f 1128/794/965 1214/884/1042 1186/854/1016 1127/793/964 
f 1217/887/1045 1108/773/950 1107/771/949 1218/888/1046 
f 1217/887/1045 1240/887/1058 1236/886/1054 1216/886/1044 
f 921/738/763 1247/739/1065 1263/739/1081 940/738/782 
f 1247/739/1065 1249/776/1067 1265/776/1083 1263/739/1081 
f 1255/887/1073 1254/890/1072 1273/893/1091 1274/886/1092 
f 1275/805/1093 959/806/801 958/806/800 1276/805/1094 
f 1277/809/1095 1275/805/1093 1276/805/1094 1278/809/1096 
f 1279/811/1097 1277/809/1095 1278/809/1096 1280/811/1098 
f 1281/813/1099 1279/811/1097 1280/811/1098 1282/813/1100 
f 1283/815/1101 1281/813/1099 1282/813/1100 1284/815/1102 
f 1285/817/1103 1283/815/1101 1284/815/1102 1286/817/1104 
f 1287/819/1105 1285/817/1103 1286/817/1104 1288/819/1106 
f 1289/821/1107 1287/819/1105 1288/819/1106 1290/821/1108 
f 1291/823/1109 1289/821/1107 1290/821/1108 1292/823/1110 
f 1293/825/1111 1291/823/1109 1292/823/1110 1294/825/1112 
f 1295/827/1113 1293/825/1111 1294/825/1112 1296/827/1114 
f 1297/829/1115 1295/827/1113 1296/827/1114 1298/829/1116 
f 1299/802/1117 1297/829/1115 1298/829/1116 1300/802/1118 
f 1301/800/1119 1302/801/1120 1303/801/1121 1304/800/1122 
f 1302/801/1120 1299/802/1117 1300/802/1118 1303/801/1121 
f 1305/800/1123 1306/800/1124 1307/800/1125 1308/800/1126 
f 1309/800/1127 1310/800/1128 1311/800/1129 1312/800/1130 
f 996/894/838 1313/897/1131 1314/896/1132 997/895/839 
f 1313/897/1131 1315/899/1133 1316/898/1134 1314/896/1132 
f 1276/805/1094 958/806/800 1001/806/843 1317/805/1135 
f 959/806/801 1275/805/1093 1318/805/1136 1002/806/844 
f 1278/809/1096 1276/805/1094 1317/805/1135 1319/809/1137 
f 1275/805/1093 1277/809/1095 1320/809/1138 1318/805/1136 
f 1280/811/1098 1278/809/1096 1319/809/1137 1321/811/1139 
f 1277/809/1095 1279/811/1097 1322/811/1140 1320/809/1138 
f 1282/813/1100 1280/811/1098 1321/811/1139 1323/813/1141 
f 1279/811/1097 1281/813/1099 1324/813/1142 1322/811/1140 
f 1284/815/1102 1282/813/1100 1323/813/1141 1325/815/1143 
f 1281/813/1099 1283/815/1101 1326/815/1144 1324/813/1142 
f 1286/817/1104 1284/815/1102 1325/815/1143 1327/817/1145 
f 1283/815/1101 1285/817/1103 1328/817/1146 1326/815/1144 
f 1288/819/1106 1286/817/1104 1327/817/1145 1329/819/1147 
f 1285/817/1103 1287/819/1105 1330/819/1148 1328/817/1146 
f 1290/821/1108 1288/819/1106 1329/819/1147 1331/821/1149 
f 1287/819/1105 1289/821/1107 1332/821/1150 1330/819/1148 
f 1292/823/1110 1290/821/1108 1331/821/1149 1333/823/1151 
f 1289/821/1107 1291/823/1109 1334/823/1152 1332/821/1150 
f 1294/825/1112 1292/823/1110 1333/823/1151 1335/825/1153 
f 1291/823/1109 1293/825/1111 1336/825/1154 1334/823/1152 
f 1296/827/1114 1294/825/1112 1335/825/1153 1337/827/1155 
f 1293/825/1111 1295/827/1113 1338/827/1156 1336/825/1154 
f 1298/829/1116 1296/827/1114 1337/827/1155 1339/829/1157 
f 1295/827/1113 1297/829/1115 1340/829/1158 1338/827/1156 
f 1300/802/1118 1298/829/1116 1339/829/1157 1341/802/1159 
f 1297/829/1115 1299/802/1117 1342/802/1160 1340/829/1158 
f 1304/800/1122 1303/801/1121 1343/801/1161 1344/800/1162 
f 1302/801/1120 1301/800/1119 1345/800/1163 1346/801/1164 
f 1303/801/1121 1300/802/1118 1341/802/1159 1343/801/1161 
f 1299/802/1117 1302/801/1120 1346/801/1164 1342/802/1160 
f 1308/800/1126 1307/800/1125 1347/800/1165 1348/800/1166 
f 1301/800/1119 1306/800/1124 1349/800/1167 1345/800/1163 
f 1312/800/1130 1311/800/1129 1350/800/1168 1351/800/1169 
f 1305/800/1123 1352/800/1170 1353/800/1171 1354/800/1172 
f 997/895/839 1314/896/1132 1035/900/877 
f 1313/897/1131 996/894/838 1041/738/883 1355/739/1173 
f 1314/896/1132 1316/898/1134 1035/900/877 
f 1315/899/1133 1313/897/1131 1355/739/1173 1356/776/1174 
f 1233/888/1051 1232/797/1050 1242/797/1060 1245/888/1063 
f 907/738/749 1234/739/1052 1357/739/1175 1043/738/885 
f 1234/739/1052 1235/776/1053 1358/776/1176 1357/739/1175 
f 1235/776/1053 1237/791/1055 1359/791/1177 1358/776/1176 
f 1239/798/1057 1238/800/1056 1250/800/1068 1253/798/1071 
f 1240/887/1058 1233/888/1051 1245/888/1063 1255/887/1073 
f 1232/797/1050 1241/798/1059 1256/798/1074 1242/797/1060 
f 1236/886/1054 1240/887/1058 1255/887/1073 1274/886/1092 
f 1307/800/1125 1306/800/1124 1301/800/1119 1304/800/1122 
f 1347/800/1165 1307/800/1125 1304/800/1122 1344/800/1162 
f 1349/800/1167 1306/800/1124 1305/800/1123 1354/800/1172 
f 1360/800/1178 1361/800/1179 1039/800/881 1362/800/1180 
f 1363/800/1181 1364/800/1182 1361/800/1179 1360/800/1178 
f 1365/800/1183 1042/800/884 992/800/834 995/800/837 
f 1310/800/1128 1352/800/1170 1366/800/1184 1311/800/1129 
f 1311/800/1129 1366/800/1184 1367/800/1185 1350/800/1168 
f 1310/800/1128 1309/800/1127 1368/800/1186 1369/800/1187 
f 1370/886/1188 1371/903/1189 1372/797/1190 1373/797/1191 
f 1374/903/1192 1375/904/1193 1371/903/1189 1370/886/1188 
f 1373/797/1191 1372/797/1190 1376/798/1194 1377/798/1195 
f 1378/901/1196 935/891/777 1375/904/1193 1374/903/1192 
f 1379/797/1197 1380/797/1198 1381/905/1199 1382/886/1200 
f 1382/886/1200 1381/905/1199 1383/906/1201 1384/903/1202 
f 1385/798/1203 1386/798/1204 1380/797/1198 1379/797/1197 
f 1384/903/1202 1383/906/1201 1259/902/1077 1258/901/1076 
f 1387/798/1205 1388/798/1206 1389/800/1207 1390/800/1208 
f 1391/800/1209 1392/800/1210 1393/798/1211 1394/798/1212 
f 1378/901/1196 955/893/797 1395/907/1213 936/892/778 
f 934/776/776 1396/776/1214 1397/739/1215 937/739/779 
f 937/739/779 1397/739/1215 1398/738/1216 938/738/780 
f 938/738/780 1398/738/1216 1399/739/1217 1261/739/1079 
f 1261/739/1079 1399/739/1217 1400/776/1218 1262/776/1080 
f 1262/776/1080 1400/776/1218 1401/907/1219 1260/892/1078 
f 1402/800/1220 1403/800/1221 1404/800/1222 1405/800/1223 
f 1406/908/1224 1407/909/1225 1408/910/1226 1409/911/1227 
f 1410/806/1228 1411/805/1229 1412/805/1230 1413/806/1231 
f 1411/805/1229 1414/809/1232 1415/809/1233 1412/805/1230 
f 1414/809/1232 1416/811/1234 1417/811/1235 1415/809/1233 
f 1416/811/1234 1418/813/1236 1419/813/1237 1417/811/1235 
f 1418/813/1236 1420/815/1238 1421/815/1239 1419/813/1237 
f 1420/815/1238 1422/817/1240 1423/817/1241 1421/815/1239 
f 1422/817/1240 1424/819/1242 1425/819/1243 1423/817/1241 
f 1424/819/1242 1426/821/1244 1427/821/1245 1425/819/1243 
f 1426/821/1244 1428/823/1246 1429/823/1247 1427/821/1245 
f 1428/823/1246 1430/825/1248 1431/825/1249 1429/823/1247 
f 1430/825/1248 1432/827/1250 1433/827/1251 1431/825/1249 
f 1432/827/1250 1434/829/1252 1435/829/1253 1433/827/1251 
f 1434/829/1252 1436/802/1254 1437/802/1255 1435/829/1253 
f 1438/801/1256 1439/800/1257 1440/800/1258 1441/801/1259 
f 1436/802/1254 1438/801/1256 1441/801/1259 1437/802/1255 
f 1407/909/1225 1442/912/1260 1443/913/1261 1408/914/1226 
f 1444/805/1262 1410/806/1228 1413/806/1231 1445/805/1263 
f 1446/809/1264 1444/805/1262 1445/805/1263 1447/809/1265 
f 1448/811/1266 1446/809/1264 1447/809/1265 1449/811/1267 
f 1450/813/1268 1448/811/1266 1449/811/1267 1451/813/1269 
f 1452/815/1270 1450/813/1268 1451/813/1269 1453/815/1271 
f 1454/817/1272 1452/815/1270 1453/815/1271 1455/817/1273 
f 1456/819/1274 1454/817/1272 1455/817/1273 1457/819/1275 
f 1458/821/1276 1456/819/1274 1457/819/1275 1459/821/1277 
f 1460/823/1278 1458/821/1276 1459/821/1277 1461/823/1279 
f 1462/825/1280 1460/823/1278 1461/823/1279 1463/825/1281 
f 1464/827/1282 1462/825/1280 1463/825/1281 1465/827/1283 
f 1466/829/1284 1464/827/1282 1465/827/1283 1467/829/1285 
f 1468/802/1286 1466/829/1284 1467/829/1285 1469/802/1287 
f 1470/801/1288 1468/802/1286 1469/802/1287 1471/801/1289 
f 1404/915/1222 1403/916/1221 1409/917/1227 1408/918/1226 
f 1440/800/1258 1472/800/1290 1442/800/1260 1441/801/1259 
f 1473/919/1291 1474/800/1292 1471/801/1289 1406/800/1224 
f 1474/800/1292 1475/800/1293 1470/801/1288 1471/801/1289 
f 1413/806/1231 1412/805/1230 1476/805/1294 1477/806/1295 
f 1412/805/1230 1415/809/1233 1478/809/1296 1476/805/1294 
f 1415/809/1233 1417/811/1235 1479/811/1297 1478/809/1296 
f 1417/811/1235 1419/813/1237 1480/813/1298 1479/811/1297 
f 1419/813/1237 1421/815/1239 1481/815/1299 1480/813/1298 
f 1421/815/1239 1423/817/1241 1482/817/1300 1481/815/1299 
f 1423/817/1241 1425/819/1243 1483/819/1301 1482/817/1300 
f 1425/819/1243 1427/821/1245 1484/821/1302 1483/819/1301 
f 1427/821/1245 1429/823/1247 1485/823/1303 1484/821/1302 
f 1429/823/1247 1431/825/1249 1486/825/1304 1485/823/1303 
f 1431/825/1249 1433/827/1251 1487/827/1305 1486/825/1304 
f 1433/827/1251 1435/829/1253 1488/829/1306 1487/827/1305 
f 1435/829/1253 1437/802/1255 1489/802/1307 1488/829/1306 
f 1441/801/1259 1442/800/1260 1490/800/1308 1491/801/1309 
f 1437/802/1255 1441/801/1259 1491/801/1309 1489/802/1307 
f 1445/805/1263 1413/806/1231 1477/806/1295 1492/805/1310 
f 1447/809/1265 1445/805/1263 1492/805/1310 1493/809/1311 
f 1449/811/1267 1447/809/1265 1493/809/1311 1494/811/1312 
f 1451/813/1269 1449/811/1267 1494/811/1312 1495/813/1313 
f 1453/815/1271 1451/813/1269 1495/813/1313 1496/815/1314 
f 1455/817/1273 1453/815/1271 1496/815/1314 1497/817/1315 
f 1457/819/1275 1455/817/1273 1497/817/1315 1498/819/1316 
f 1459/821/1277 1457/819/1275 1498/819/1316 1499/821/1317 
f 1461/823/1279 1459/821/1277 1499/821/1317 1500/823/1318 
f 1463/825/1281 1461/823/1279 1500/823/1318 1501/825/1319 
f 1465/827/1283 1463/825/1281 1501/825/1319 1502/827/1320 
f 1467/829/1285 1465/827/1283 1502/827/1320 1503/829/1321 
f 1469/802/1287 1467/829/1285 1503/829/1321 1504/802/1322 
f 1406/800/1224 1471/801/1289 1505/801/1323 1506/800/1324 
f 1471/801/1289 1469/802/1287 1504/802/1322 1505/801/1323 
f 1407/909/1225 1406/908/1224 1506/908/1324 1507/909/1325 
f 1442/912/1260 1407/909/1225 1507/909/1325 1490/912/1308 
f 1508/806/1326 1509/805/1327 1510/920/1328 
f 1509/805/1327 1511/809/1329 1510/920/1328 
f 1511/809/1329 1512/811/1330 1510/920/1328 
f 1512/811/1330 1513/813/1331 1510/920/1328 
f 1513/813/1331 1514/815/1332 1510/920/1328 
f 1514/815/1332 1515/817/1333 1510/920/1328 
f 1515/817/1333 1516/819/1334 1510/920/1328 
f 1516/819/1334 1517/821/1335 1510/920/1328 
f 1517/821/1335 1518/823/1336 1510/920/1328 
f 1518/823/1336 1519/825/1337 1510/920/1328 
f 1519/825/1337 1520/827/1338 1510/920/1328 
f 1520/827/1338 1521/829/1339 1510/920/1328 
f 1521/829/1339 1522/802/1340 1510/920/1328 
f 1523/801/1341 1524/800/1342 1510/920/1328 
f 1522/802/1340 1523/801/1341 1510/920/1328 
f 1525/805/1343 1508/806/1326 1510/920/1328 
f 1526/809/1344 1525/805/1343 1510/920/1328 
f 1527/811/1345 1526/809/1344 1510/920/1328 
f 1528/813/1346 1527/811/1345 1510/920/1328 
f 1529/815/1347 1528/813/1346 1510/920/1328 
f 1530/817/1348 1529/815/1347 1510/920/1328 
f 1531/819/1349 1530/817/1348 1510/920/1328 
f 1532/821/1350 1531/819/1349 1510/920/1328 
f 1533/823/1351 1532/821/1350 1510/920/1328 
f 1534/825/1352 1533/823/1351 1510/920/1328 
f 1535/827/1353 1534/825/1352 1510/920/1328 
f 1536/829/1354 1535/827/1353 1510/920/1328 
f 1537/802/1355 1536/829/1354 1510/920/1328 
f 1538/800/1356 1539/801/1357 1510/920/1328 
f 1539/801/1357 1537/802/1355 1510/920/1328 
f 1540/909/1358 1538/908/1356 1510/921/1328 
f 1524/912/1342 1540/909/1358 1510/922/1328 
f 1541/805/1359 1542/805/1360 1543/806/1361 1544/806/1362 
f 1545/809/1363 1546/809/1364 1542/805/1360 1541/805/1359 
f 1547/811/1365 1548/811/1366 1546/809/1364 1545/809/1363 
f 1549/813/1367 1550/813/1368 1548/811/1366 1547/811/1365 
f 1551/815/1369 1552/815/1370 1550/813/1368 1549/813/1367 
f 1553/817/1371 1554/817/1372 1552/815/1370 1551/815/1369 
f 1555/819/1373 1556/819/1374 1554/817/1372 1553/817/1371 
f 1557/821/1375 1558/821/1376 1556/819/1374 1555/819/1373 
f 1559/823/1377 1560/823/1378 1558/821/1376 1557/821/1375 
f 1561/825/1379 1562/825/1380 1560/823/1378 1559/823/1377 
f 1563/827/1381 1564/827/1382 1562/825/1380 1561/825/1379 
f 1565/829/1383 1566/829/1384 1564/827/1382 1563/827/1381 
f 1567/802/1385 1568/802/1386 1566/829/1384 1565/829/1383 
f 1569/800/1387 1570/800/1388 1571/801/1389 1572/801/1390 
f 1572/801/1390 1571/801/1389 1568/802/1386 1567/802/1385 
f 1544/806/1362 1543/806/1361 1573/805/1391 1574/805/1392 
f 1574/805/1392 1573/805/1391 1575/809/1393 1576/809/1394 
f 1576/809/1394 1575/809/1393 1577/811/1395 1578/811/1396 
f 1578/811/1396 1577/811/1395 1579/813/1397 1580/813/1398 
f 1580/813/1398 1579/813/1397 1581/815/1399 1582/815/1400 
f 1582/815/1400 1581/815/1399 1583/817/1401 1584/817/1402 
f 1584/817/1402 1583/817/1401 1585/819/1403 1586/819/1404 
f 1586/819/1404 1585/819/1403 1587/821/1405 1588/821/1406 
f 1588/821/1406 1587/821/1405 1589/823/1407 1590/823/1408 
f 1590/823/1408 1589/823/1407 1591/825/1409 1592/825/1410 
f 1592/825/1410 1591/825/1409 1593/827/1411 1594/827/1412 
f 1594/827/1412 1593/827/1411 1595/829/1413 1596/829/1414 
f 1596/829/1414 1595/829/1413 1597/802/1415 1598/802/1416 
f 1599/801/1417 1600/801/1418 1601/800/1419 1602/800/1420 
f 1598/802/1416 1597/802/1415 1600/801/1418 1599/801/1417 
f 1602/908/1420 1601/908/1419 1603/909/1421 1604/909/1422 
f 1604/909/1422 1603/909/1421 1570/912/1388 1569/912/1387 
f 1542/805/1360 1509/805/1327 1508/806/1326 1543/806/1361 
f 1546/809/1364 1511/809/1329 1509/805/1327 1542/805/1360 
f 1548/811/1366 1512/811/1330 1511/809/1329 1546/809/1364 
f 1550/813/1368 1513/813/1331 1512/811/1330 1548/811/1366 
f 1552/815/1370 1514/815/1332 1513/813/1331 1550/813/1368 
f 1554/817/1372 1515/817/1333 1514/815/1332 1552/815/1370 
f 1556/819/1374 1516/819/1334 1515/817/1333 1554/817/1372 
f 1558/821/1376 1517/821/1335 1516/819/1334 1556/819/1374 
f 1560/823/1378 1518/823/1336 1517/821/1335 1558/821/1376 
f 1562/825/1380 1519/825/1337 1518/823/1336 1560/823/1378 
f 1564/827/1382 1520/827/1338 1519/825/1337 1562/825/1380 
f 1566/829/1384 1521/829/1339 1520/827/1338 1564/827/1382 
f 1568/802/1386 1522/802/1340 1521/829/1339 1566/829/1384 
f 1570/800/1388 1524/800/1342 1523/801/1341 1571/801/1389 
f 1571/801/1389 1523/801/1341 1522/802/1340 1568/802/1386 
f 1543/806/1361 1508/806/1326 1525/805/1343 1573/805/1391 
f 1573/805/1391 1525/805/1343 1526/809/1344 1575/809/1393 
f 1575/809/1393 1526/809/1344 1527/811/1345 1577/811/1395 
f 1577/811/1395 1527/811/1345 1528/813/1346 1579/813/1397 
f 1579/813/1397 1528/813/1346 1529/815/1347 1581/815/1399 
f 1581/815/1399 1529/815/1347 1530/817/1348 1583/817/1401 
f 1583/817/1401 1530/817/1348 1531/819/1349 1585/819/1403 
f 1585/819/1403 1531/819/1349 1532/821/1350 1587/821/1405 
f 1587/821/1405 1532/821/1350 1533/823/1351 1589/823/1407 
f 1589/823/1407 1533/823/1351 1534/825/1352 1591/825/1409 
f 1591/825/1409 1534/825/1352 1535/827/1353 1593/827/1411 
f 1593/827/1411 1535/827/1353 1536/829/1354 1595/829/1413 
f 1595/829/1413 1536/829/1354 1537/802/1355 1597/802/1415 
f 1600/801/1418 1539/801/1357 1538/800/1356 1601/800/1419 
f 1597/802/1415 1537/802/1355 1539/801/1357 1600/801/1418 
f 1601/908/1419 1538/908/1356 1540/909/1358 1603/909/1421 
f 1603/909/1421 1540/909/1358 1524/912/1342 1570/912/1388 
f 1476/805/1294 1541/805/1359 1544/806/1362 1477/806/1295 
f 1478/809/1296 1545/809/1363 1541/805/1359 1476/805/1294 
f 1479/811/1297 1547/811/1365 1545/809/1363 1478/809/1296 
f 1480/813/1298 1549/813/1367 1547/811/1365 1479/811/1297 
f 1481/815/1299 1551/815/1369 1549/813/1367 1480/813/1298 
f 1482/817/1300 1553/817/1371 1551/815/1369 1481/815/1299 
f 1483/819/1301 1555/819/1373 1553/817/1371 1482/817/1300 
f 1484/821/1302 1557/821/1375 1555/819/1373 1483/819/1301 
f 1485/823/1303 1559/823/1377 1557/821/1375 1484/821/1302 
f 1486/825/1304 1561/825/1379 1559/823/1377 1485/823/1303 
f 1487/827/1305 1563/827/1381 1561/825/1379 1486/825/1304 
f 1488/829/1306 1565/829/1383 1563/827/1381 1487/827/1305 
f 1489/802/1307 1567/802/1385 1565/829/1383 1488/829/1306 
f 1490/800/1308 1569/800/1387 1572/801/1390 1491/801/1309 
f 1491/801/1309 1572/801/1390 1567/802/1385 1489/802/1307 
f 1477/806/1295 1544/806/1362 1574/805/1392 1492/805/1310 
f 1492/805/1310 1574/805/1392 1576/809/1394 1493/809/1311 
f 1493/809/1311 1576/809/1394 1578/811/1396 1494/811/1312 
f 1494/811/1312 1578/811/1396 1580/813/1398 1495/813/1313 
f 1495/813/1313 1580/813/1398 1582/815/1400 1496/815/1314 
f 1496/815/1314 1582/815/1400 1584/817/1402 1497/817/1315 
f 1497/817/1315 1584/817/1402 1586/819/1404 1498/819/1316 
f 1498/819/1316 1586/819/1404 1588/821/1406 1499/821/1317 
f 1499/821/1317 1588/821/1406 1590/823/1408 1500/823/1318 
f 1500/823/1318 1590/823/1408 1592/825/1410 1501/825/1319 
f 1501/825/1319 1592/825/1410 1594/827/1412 1502/827/1320 
f 1502/827/1320 1594/827/1412 1596/829/1414 1503/829/1321 
f 1503/829/1321 1596/829/1414 1598/802/1416 1504/802/1322 
f 1505/801/1323 1599/801/1417 1602/800/1420 1506/800/1324 
f 1504/802/1322 1598/802/1416 1599/801/1417 1505/801/1323 
f 1506/908/1324 1602/908/1420 1604/909/1422 1507/909/1325 
f 1507/909/1325 1604/909/1422 1569/912/1387 1490/912/1308 
f 1001/806/843 1000/805/842 1411/805/1229 1410/806/1228 
f 1000/805/842 1004/809/846 1414/809/1232 1411/805/1229 
f 1004/809/846 1006/811/848 1416/811/1234 1414/809/1232 
f 1006/811/848 1008/813/850 1418/813/1236 1416/811/1234 
f 1008/813/850 1010/815/852 1420/815/1238 1418/813/1236 
f 1010/815/852 1012/817/854 1422/817/1240 1420/815/1238 
f 1012/817/854 1014/819/856 1424/819/1242 1422/817/1240 
f 1014/819/856 1016/821/858 1426/821/1244 1424/819/1242 
f 1016/821/858 1018/823/860 1428/823/1246 1426/821/1244 
f 1018/823/860 1020/825/862 1430/825/1248 1428/823/1246 
f 1020/825/862 1022/827/864 1432/827/1250 1430/825/1248 
f 1022/827/864 1024/829/866 1434/829/1252 1432/827/1250 
f 1024/829/866 1026/802/868 1436/802/1254 1434/829/1252 
f 1026/802/868 1029/801/871 1438/801/1256 1436/802/1254 
f 1029/801/871 1028/800/870 1439/800/1257 1438/801/1256 
f 1028/800/870 1033/800/875 1440/800/1258 1439/800/1257 
f 1033/800/875 1032/800/874 1472/800/1290 1440/800/1258 
f 1032/817/874 1364/923/1182 1605/923/1423 1472/817/1290 
f 1036/800/878 1035/800/877 1351/800/1169 1606/800/1424 
f 1351/800/1169 1350/800/1168 1607/800/1425 1606/800/1424 
f 1350/813/1168 1367/825/1185 1608/825/1426 1607/813/1425 
f 1348/919/1166 1347/800/1165 1474/800/1292 1473/919/1291 
f 1347/800/1165 1344/800/1162 1475/800/1293 1474/800/1292 
f 1344/800/1162 1343/801/1161 1470/801/1288 1475/800/1293 
f 1343/801/1161 1341/802/1159 1468/802/1286 1470/801/1288 
f 1341/802/1159 1339/829/1157 1466/829/1284 1468/802/1286 
f 1339/829/1157 1337/827/1155 1464/827/1282 1466/829/1284 
f 1337/827/1155 1335/825/1153 1462/825/1280 1464/827/1282 
f 1335/825/1153 1333/823/1151 1460/823/1278 1462/825/1280 
f 1333/823/1151 1331/821/1149 1458/821/1276 1460/823/1278 
f 1331/821/1149 1329/819/1147 1456/819/1274 1458/821/1276 
f 1329/819/1147 1327/817/1145 1454/817/1272 1456/819/1274 
f 1327/817/1145 1325/815/1143 1452/815/1270 1454/817/1272 
f 1325/815/1143 1323/813/1141 1450/813/1268 1452/815/1270 
f 1323/813/1141 1321/811/1139 1448/811/1266 1450/813/1268 
f 1321/811/1139 1319/809/1137 1446/809/1264 1448/811/1266 
f 1319/809/1137 1317/805/1135 1444/805/1262 1446/809/1264 
f 1317/805/1135 1001/806/843 1410/806/1228 1444/805/1262 
f 1003/805/845 1002/806/844 808/806/672 807/805/671 
f 1002/806/844 1318/805/1136 1141/805/978 808/806/672 
f 1318/805/1136 1320/809/1138 1143/809/980 1141/805/978 
f 1320/809/1138 1322/811/1140 1145/811/982 1143/809/980 
f 1322/811/1140 1324/813/1142 1147/813/984 1145/811/982 
f 1324/813/1142 1326/815/1144 1149/815/986 1147/813/984 
f 1326/815/1144 1328/817/1146 1151/817/988 1149/815/986 
f 1328/817/1146 1330/819/1148 1153/819/990 1151/817/988 
f 1330/819/1148 1332/821/1150 1155/821/992 1153/819/990 
f 1332/821/1150 1334/823/1152 1157/823/994 1155/821/992 
f 1334/823/1152 1336/825/1154 1159/825/996 1157/823/994 
f 1336/825/1154 1338/827/1156 1161/827/998 1159/825/996 
f 1338/827/1156 1340/829/1158 1163/829/1000 1161/827/998 
f 1340/829/1158 1342/802/1160 1139/802/976 1163/829/1000 
f 1342/802/1160 1346/801/1164 1136/801/973 1139/802/976 
f 1346/801/1164 1345/800/1163 1137/800/974 1136/801/973 
f 1345/800/1163 1349/800/1167 1238/800/1056 1137/800/974 
f 1349/800/1167 1354/800/1172 1250/800/1068 1238/800/1056 
f 1354/800/1172 1353/800/1171 1251/800/1069 1250/800/1068 
f 1369/800/1187 1368/800/1186 1392/800/1210 1391/800/1209 
f 1356/776/1174 1355/739/1173 1270/739/1088 1272/776/1090 
f 1355/739/1173 1041/738/883 950/738/792 1270/739/1088 
f 1041/738/883 1040/739/882 951/739/793 950/738/792 
f 1040/739/882 1042/776/884 953/776/795 951/739/793 
f 1042/800/884 1365/800/1183 1389/800/1207 953/800/795 
f 1609/800/1427 1038/800/880 929/800/771 1390/800/1208 
f 1037/800/879 1034/800/876 913/800/755 926/800/768 
f 1034/800/876 1031/800/873 801/800/665 913/800/755 
f 1031/800/873 1030/801/872 802/801/666 801/800/665 
f 1030/801/872 1027/802/869 804/802/668 802/801/666 
f 1027/802/869 1025/829/867 831/829/695 804/802/668 
f 1025/829/867 1023/827/865 829/827/693 831/829/695 
f 1023/827/865 1021/825/863 827/825/691 829/827/693 
f 1021/825/863 1019/823/861 825/823/689 827/825/691 
f 1019/823/861 1017/821/859 823/821/687 825/823/689 
f 1017/821/859 1015/819/857 821/819/685 823/821/687 
f 1015/819/857 1013/817/855 819/817/683 821/819/685 
f 1013/817/855 1011/815/853 817/815/681 819/817/683 
f 1011/815/853 1009/813/851 815/813/679 817/815/681 
f 1009/813/851 1007/811/849 813/811/677 815/813/679 
f 1007/811/849 1005/809/847 811/809/675 813/811/677 
f 1005/809/847 1003/805/845 807/805/671 811/809/675 
f 795/795/659 798/798/662 800/798/664 803/795/667 
f 798/798/662 915/798/757 912/798/754 800/798/664 
f 915/798/757 932/798/774 927/798/769 912/798/754 
f 932/798/774 933/798/775 928/798/770 927/798/769 
f 1377/798/1195 1376/798/1194 1388/798/1206 1387/798/1205 
f 947/776/789 946/739/788 948/739/790 952/776/794 
f 946/739/788 945/738/787 949/738/791 948/739/790 
f 945/738/787 1267/739/1085 1269/739/1087 949/738/791 
f 1267/739/1085 1268/776/1086 1271/776/1089 1269/739/1087 
f 1268/798/1086 1386/798/1204 1393/798/1211 1271/798/1089 
f 1385/798/1203 1257/798/1075 1252/798/1070 1394/798/1212 
f 1256/798/1074 1241/798/1059 1239/798/1057 1253/798/1071 
f 1241/798/1059 1130/798/967 1134/798/971 1239/798/1057 
f 1130/798/967 1129/795/966 1135/795/972 1134/798/971 
f 1129/795/966 1219/803/1047 1138/803/975 1135/795/972 
f 1219/803/1047 1231/828/999 1162/828/999 1138/803/975 
f 1231/828/999 1230/826/997 1160/826/997 1162/828/999 
f 1230/826/997 1229/824/995 1158/824/995 1160/826/997 
f 1229/824/995 1228/822/1049 1156/822/993 1158/824/995 
f 1228/822/1049 1227/820/1048 1154/820/991 1156/822/993 
f 1227/820/1048 1226/818/989 1152/818/989 1154/820/991 
f 1226/818/989 1225/816/987 1150/816/987 1152/818/989 
f 1225/816/987 1224/814/985 1148/814/985 1150/816/987 
f 1224/814/985 1223/812/983 1146/812/983 1148/814/985 
f 1223/812/983 1222/810/981 1144/810/981 1146/812/983 
f 1222/810/981 1221/808/979 1142/808/979 1144/810/981 
f 1221/808/979 1220/804/977 1140/804/977 1142/808/979 
f 1220/804/977 893/807/673 809/807/673 1140/804/977 
f 893/807/673 892/804/670 806/804/670 809/807/673 
f 892/804/670 894/808/746 810/808/674 806/804/670 
f 894/808/746 895/810/676 812/810/676 810/808/674 
f 895/810/676 896/812/678 814/812/678 812/810/676 
f 896/812/678 897/814/680 816/814/680 814/812/678 
f 897/814/680 898/816/682 818/816/682 816/814/680 
f 898/816/682 899/818/684 820/818/684 818/816/682 
f 899/818/684 900/820/686 822/820/686 820/818/684 
f 900/820/686 901/822/688 824/822/688 822/820/686 
f 901/822/688 902/824/690 826/824/690 824/822/688 
f 902/824/690 903/826/692 828/826/692 826/824/690 
f 903/826/692 904/828/694 830/828/694 828/826/692 
f 904/828/694 891/803/669 805/803/669 830/828/694 
f 891/803/669 795/795/659 803/795/667 805/803/669 
f 918/889/760 1370/886/1188 1373/797/1191 919/797/761 
f 928/798/770 1387/798/1205 1390/800/1208 929/800/771 
f 931/890/773 1374/903/1192 1370/886/1188 918/889/760 
f 919/797/761 1373/797/1191 1377/798/1195 933/798/775 
f 955/893/797 1378/901/1196 1374/903/1192 931/890/773 
f 1038/800/880 1609/800/1427 1362/800/1180 1039/800/881 
f 1243/797/1061 1379/797/1197 1382/886/1200 1244/889/1062 
f 1251/800/1069 1391/800/1209 1394/798/1212 1252/798/1070 
f 1244/889/1062 1382/886/1200 1384/903/1202 1254/890/1072 
f 1257/798/1075 1385/798/1203 1379/797/1197 1243/797/1061 
f 1254/890/1072 1384/903/1202 1258/901/1076 1273/893/1091 
f 1352/800/1170 1310/800/1128 1369/800/1187 1353/800/1171 
f 1361/800/1179 989/800/831 988/800/830 1039/800/881 
f 1364/800/1182 1032/800/874 989/800/831 1361/800/1179 
f 1352/800/1170 1305/800/1123 1308/800/1126 1366/800/1184 
f 1366/800/1184 1308/800/1126 1348/800/1166 1367/800/1185 
f 955/893/797 954/886/796 1046/791/888 1395/907/1213 
f 1396/776/1214 1045/776/887 1044/739/886 1397/739/1215 
f 1397/739/1215 1044/739/886 1043/738/885 1398/738/1216 
f 1398/738/1216 1043/738/885 1357/739/1175 1399/739/1217 
f 1399/739/1217 1357/739/1175 1358/776/1176 1400/776/1218 
f 1400/776/1218 1358/776/1176 1359/791/1177 1401/907/1219 
f 1405/924/1223 1404/915/1222 1408/925/1226 1443/926/1261 
f 1364/923/1182 1363/802/1181 1610/802/1428 1605/923/1423 
f 1367/825/1185 1348/829/1166 1473/829/1291 1608/825/1426 
f 1353/800/1171 1369/800/1187 1391/800/1209 1251/800/1069 
f 1038/800/880 1037/800/879 926/800/768 929/800/771 
f 933/798/775 1377/798/1195 1387/798/1205 928/798/770 
f 1257/798/1075 1256/798/1074 1253/798/1071 1252/798/1070 
f 1606/800/1424 1610/800/1428 1363/800/1181 1036/800/878 
f 1036/800/878 1363/800/1181 1360/800/1178 994/800/836 
f 994/800/836 1360/800/1178 1362/800/1180 995/800/837 
f 995/800/837 1362/800/1180 1609/800/1427 1365/800/1183 
f 1365/800/1183 1609/800/1427 1390/800/1208 1389/800/1207 
f 1351/800/1169 1035/800/877 1316/800/1134 1312/800/1130 
f 1312/800/1130 1316/800/1134 1315/800/1133 1309/800/1127 
f 1309/800/1127 1315/800/1133 1356/800/1174 1368/800/1186 
f 1368/800/1186 1356/800/1174 1272/800/1090 1392/800/1210 
f 1371/903/1189 943/776/785 944/797/786 1372/797/1190 
f 1375/904/1193 924/776/766 943/776/785 1371/903/1189 
f 1372/797/1190 944/797/786 947/798/789 1376/798/1194 
f 935/891/777 925/776/767 924/776/766 1375/904/1193 
f 1380/797/1198 1266/797/1084 1265/776/1083 1381/905/1199 
f 1381/905/1199 1265/776/1083 1249/776/1067 1383/906/1201 
f 1386/798/1204 1268/798/1086 1266/797/1084 1380/797/1198 
f 1383/906/1201 1249/776/1067 1248/776/1066 1259/902/1077 
f 1376/798/1194 947/798/789 952/798/794 1388/798/1206 
f 1386/798/1204 1385/798/1203 1394/798/1212 1393/798/1211 
f 1388/798/1206 952/798/794 953/800/795 1389/800/1207 
f 1392/800/1210 1272/800/1090 1271/798/1089 1393/798/1211 
f 777/777/645 861/859/718 864/862/612 778/778/612 
f 779/779/579 865/863/720 861/859/718 777/777/645 
f 780/780/646 867/865/722 865/863/720 779/779/579 
f 781/781/647 869/867/724 867/865/722 780/780/646 
f 782/782/648 871/869/726 869/867/724 781/781/647 
f 783/783/649 873/871/728 871/869/726 782/782/648 
f 784/784/650 875/873/730 873/871/728 783/783/649 
f 785/785/626 877/875/732 875/873/730 784/784/650 
f 786/786/628 879/877/734 877/875/732 785/785/626 
f 787/787/651 881/879/736 879/877/734 786/786/628 
f 788/788/652 883/881/738 881/879/736 787/787/651 
f 789/789/653 885/883/740 883/881/738 788/788/652 
f 790/790/654 887/885/742 885/883/740 789/789/653 
f 791/791/655 888/886/743 860/858/717 792/792/656 
f 859/857/716 770/770/638 775/775/643 792/792/656 
f 790/790/654 768/768/636 770/770/638 859/857/716 
f 791/791/655 776/776/644 909/776/751 910/791/752 
f 1046/791/888 954/886/796 911/886/753 910/791/752 
f 778/778/612 864/862/612 1191/859/1021 1112/777/922 
f 1112/777/922 1191/859/1021 1193/863/1023 1113/779/954 
f 1113/779/954 1193/863/1023 1195/865/1024 1114/780/955 
f 1114/780/955 1195/865/1024 1197/867/1026 1115/781/928 
f 1115/781/928 1197/867/1026 1199/869/1028 1116/782/956 
f 1116/782/956 1199/869/1028 1201/871/1030 1117/783/957 
f 1117/783/957 1201/871/1030 1203/873/1032 1118/784/934 
f 1118/784/934 1203/873/1032 1205/875/1034 1119/785/936 
f 1119/785/936 1205/875/1034 1207/877/1035 1120/786/958 
f 1120/786/958 1207/877/1035 1209/879/1037 1121/787/959 
f 1121/787/959 1209/879/1037 1211/881/1039 1122/788/942 
f 1122/788/942 1211/881/1039 1213/883/1041 1123/789/960 
f 1123/789/960 1213/883/1041 1215/885/1043 1124/790/961 
f 1125/792/962 1189/858/1019 1216/886/1044 1126/791/963 
f 1125/792/962 1110/775/952 1106/770/948 1190/857/1020 
f 1190/857/1020 1106/770/948 1104/768/946 1124/790/961 
f 1237/791/1055 1235/776/1053 1111/776/953 1126/791/963 
f 1237/791/1055 1236/886/1054 1274/886/1092 1359/791/1177 
f 1395/907/1213 1396/776/1214 934/776/776 936/892/778 
f 1401/907/1219 1273/893/1091 1258/901/1076 1260/892/1078 
f 1046/791/888 1045/776/887 1396/776/1214 1395/907/1213 
f 1359/791/1177 1274/886/1092 1273/893/1091 1401/907/1219 
f 935/891/777 1378/901/1196 936/892/778 
f 1259/902/1077 1248/776/1066 1262/776/1080 1260/892/1078 
f 1442/927/1260 1472/817/1290 1605/923/1423 1443/926/1261 
f 1443/926/1261 1605/923/1423 1610/802/1428 1405/924/1223 
f 1405/800/1223 1610/800/1428 1606/800/1424 1402/800/1220 
f 1402/800/1220 1606/800/1424 1607/800/1425 1403/800/1221 
f 1403/916/1221 1607/813/1425 1608/825/1426 1409/917/1227 
f 1409/917/1227 1608/825/1426 1473/829/1291 1406/928/1224 
f 706/706/575 705/705/574 1611/705/1429 1612/706/1430 
f 709/709/578 706/706/575 1612/706/1430 1613/709/1431 
f 711/711/580 709/709/578 1613/709/1431 1614/711/1432 
f 713/713/582 711/711/580 1614/711/1432 1615/713/1433 
f 715/715/584 713/713/582 1615/713/1433 1616/715/1434 
f 717/717/586 715/715/584 1616/715/1434 1617/717/1435 
f 719/719/588 717/717/586 1617/717/1435 1618/719/1436 
f 721/721/590 719/719/588 1618/719/1436 1619/721/1437 
f 723/723/592 721/721/590 1619/721/1437 1620/723/1438 
f 725/725/594 723/723/592 1620/723/1438 1621/725/1439 
f 727/727/596 725/725/594 1621/725/1439 1622/727/1440 
f 729/729/598 727/727/596 1622/727/1440 1623/729/1441 
f 731/731/600 729/729/598 1623/729/1441 1624/731/1442 
f 733/733/602 731/731/600 1624/731/1442 1625/733/1443 
f 735/735/604 733/733/602 1625/733/1443 1626/735/1444 
f 1627/929/1445 735/735/604 1626/735/1444 1628/929/1446 
f 705/705/574 1048/706/890 1629/706/1447 1611/705/1429 
f 1048/706/890 1050/709/892 1630/709/1448 1629/706/1447 
f 1050/709/892 1052/711/894 1631/711/1449 1630/709/1448 
f 1052/711/894 1054/713/896 1632/713/1450 1631/711/1449 
f 1054/713/896 1056/715/898 1633/715/1451 1632/713/1450 
f 1056/715/898 1058/717/900 1634/717/1452 1633/715/1451 
f 1058/717/900 1060/719/902 1635/719/1453 1634/717/1452 
f 1060/719/902 1062/721/904 1636/721/1454 1635/719/1453 
f 1062/721/904 1064/723/906 1637/723/1455 1636/721/1454 
f 1064/723/906 1066/725/908 1638/725/1456 1637/723/1455 
f 1066/725/908 1068/727/910 1639/727/1457 1638/725/1456 
f 1068/727/910 1070/729/912 1640/729/1458 1639/727/1457 
f 1070/729/912 1072/731/914 1641/731/1459 1640/729/1458 
f 1072/731/914 1074/733/916 1642/733/1460 1641/731/1459 
f 1074/733/916 1076/735/918 1643/735/1461 1642/733/1460 
f 1076/735/918 1627/929/1445 1628/929/1446 1643/735/1461 
f 1644/705/1462 1645/705/1463 1646/706/1464 1647/706/1465 
f 1647/706/1465 1646/706/1464 1648/709/1466 1649/709/1467 
f 1649/709/1467 1648/709/1466 1650/711/1468 1651/711/1469 
f 1651/711/1469 1650/711/1468 1652/713/1470 1653/713/1471 
f 1653/713/1471 1652/713/1470 1654/715/1472 1655/715/1473 
f 1655/715/1473 1654/715/1472 1656/717/1474 1657/717/1475 
f 1657/717/1475 1656/717/1474 1658/719/1476 1659/719/1477 
f 1659/719/1477 1658/719/1476 1660/721/1478 1661/721/1479 
f 1661/721/1479 1660/721/1478 1662/723/1480 1663/723/1481 
f 1663/723/1481 1662/723/1480 1664/725/1482 1665/725/1483 
f 1665/725/1483 1664/725/1482 1666/727/1484 1667/727/1485 
f 1667/727/1485 1666/727/1484 1668/729/1486 1669/729/1487 
f 1669/729/1487 1668/729/1486 1670/731/1488 1671/731/1489 
f 1671/731/1489 1670/731/1488 1672/733/1490 1673/733/1491 
f 1673/733/1491 1672/733/1490 1674/735/1492 1675/735/1493 
f 1675/735/1493 1674/735/1492 1676/929/1494 1677/929/1495 
f 1678/706/1496 1679/706/1497 1645/705/1463 1644/705/1462 
f 1680/709/1498 1681/709/1499 1679/706/1497 1678/706/1496 
f 1682/711/1500 1683/711/1501 1681/709/1499 1680/709/1498 
f 1684/713/1502 1685/713/1503 1683/711/1501 1682/711/1500 
f 1686/715/1504 1687/715/1505 1685/713/1503 1684/713/1502 
f 1688/717/1506 1689/717/1507 1687/715/1505 1686/715/1504 
f 1690/719/1508 1691/719/1509 1689/717/1507 1688/717/1506 
f 1692/721/1510 1693/721/1511 1691/719/1509 1690/719/1508 
f 1694/723/1512 1695/723/1513 1693/721/1511 1692/721/1510 
f 1696/725/1514 1697/725/1515 1695/723/1513 1694/723/1512 
f 1698/727/1516 1699/727/1517 1697/725/1515 1696/725/1514 
f 1700/729/1518 1701/729/1519 1699/727/1517 1698/727/1516 
f 1702/731/1520 1703/731/1521 1701/729/1519 1700/729/1518 
f 1704/733/1522 1705/733/1523 1703/731/1521 1702/731/1520 
f 1706/735/1524 1707/735/1525 1705/733/1523 1704/733/1522 
f 1677/929/1495 1676/929/1494 1707/735/1525 1706/735/1524 
f 1611/705/1429 1644/705/1462 1647/706/1465 1612/706/1430 
f 1612/706/1430 1647/706/1465 1649/709/1467 1613/709/1431 
f 1613/709/1431 1649/709/1467 1651/711/1469 1614/711/1432 
f 1614/711/1432 1651/711/1469 1653/713/1471 1615/713/1433 
f 1615/713/1433 1653/713/1471 1655/715/1473 1616/715/1434 
f 1616/715/1434 1655/715/1473 1657/717/1475 1617/717/1435 
f 1617/717/1435 1657/717/1475 1659/719/1477 1618/719/1436 
f 1618/719/1436 1659/719/1477 1661/721/1479 1619/721/1437 
f 1619/721/1437 1661/721/1479 1663/723/1481 1620/723/1438 
f 1620/723/1438 1663/723/1481 1665/725/1483 1621/725/1439 
f 1621/725/1439 1665/725/1483 1667/727/1485 1622/727/1440 
f 1622/727/1440 1667/727/1485 1669/729/1487 1623/729/1441 
f 1623/729/1441 1669/729/1487 1671/731/1489 1624/731/1442 
f 1624/731/1442 1671/731/1489 1673/733/1491 1625/733/1443 
f 1625/733/1443 1673/733/1491 1675/735/1493 1626/735/1444 
f 1626/735/1444 1675/735/1493 1677/929/1495 1628/929/1446 
f 1629/706/1447 1678/706/1496 1644/705/1462 1611/705/1429 
f 1630/709/1448 1680/709/1498 1678/706/1496 1629/706/1447 
f 1631/711/1449 1682/711/1500 1680/709/1498 1630/709/1448 
f 1632/713/1450 1684/713/1502 1682/711/1500 1631/711/1449 
f 1633/715/1451 1686/715/1504 1684/713/1502 1632/713/1450 
f 1634/717/1452 1688/717/1506 1686/715/1504 1633/715/1451 
f 1635/719/1453 1690/719/1508 1688/717/1506 1634/717/1452 
f 1636/721/1454 1692/721/1510 1690/719/1508 1635/719/1453 
f 1637/723/1455 1694/723/1512 1692/721/1510 1636/721/1454 
f 1638/725/1456 1696/725/1514 1694/723/1512 1637/723/1455 
f 1639/727/1457 1698/727/1516 1696/725/1514 1638/725/1456 
f 1640/729/1458 1700/729/1518 1698/727/1516 1639/727/1457 
f 1641/731/1459 1702/731/1520 1700/729/1518 1640/729/1458 
f 1642/733/1460 1704/733/1522 1702/731/1520 1641/731/1459 
f 1643/735/1461 1706/735/1524 1704/733/1522 1642/733/1460 
f 1628/929/1446 1677/929/1495 1706/735/1524 1643/735/1461 
f 1645/705/1463 1708/705/1526 1709/706/1527 1646/706/1464 
f 1646/706/1464 1709/706/1527 1710/709/1528 1648/709/1466 
f 1648/709/1466 1710/709/1528 1711/711/1529 1650/711/1468 
f 1650/711/1468 1711/711/1529 1712/713/1530 1652/713/1470 
f 1652/713/1470 1712/713/1530 1713/715/1531 1654/715/1472 
f 1654/715/1472 1713/715/1531 1714/717/1532 1656/717/1474 
f 1656/717/1474 1714/717/1532 1715/719/1533 1658/719/1476 
f 1658/719/1476 1715/719/1533 1716/721/1534 1660/721/1478 
f 1660/721/1478 1716/721/1534 1717/723/1535 1662/723/1480 
f 1662/723/1480 1717/723/1535 1718/725/1536 1664/725/1482 
f 1664/725/1482 1718/725/1536 1719/727/1537 1666/727/1484 
f 1666/727/1484 1719/727/1537 1720/729/1538 1668/729/1486 
f 1668/729/1486 1720/729/1538 1721/731/1539 1670/731/1488 
f 1670/731/1488 1721/731/1539 1722/733/1540 1672/733/1490 
f 1672/733/1490 1722/733/1540 1723/735/1541 1674/735/1492 
f 1674/735/1492 1723/735/1541 1724/929/1542 1676/929/1494 
f 1679/706/1497 1725/706/1543 1708/705/1526 1645/705/1463 
f 1681/709/1499 1726/709/1544 1725/706/1543 1679/706/1497 
f 1683/711/1501 1727/711/1545 1726/709/1544 1681/709/1499 
f 1685/713/1503 1728/713/1546 1727/711/1545 1683/711/1501 
f 1687/715/1505 1729/715/1547 1728/713/1546 1685/713/1503 
f 1689/717/1507 1730/717/1548 1729/715/1547 1687/715/1505 
f 1691/719/1509 1731/719/1549 1730/717/1548 1689/717/1507 
f 1693/721/1511 1732/721/1550 1731/719/1549 1691/719/1509 
f 1695/723/1513 1733/723/1551 1732/721/1550 1693/721/1511 
f 1697/725/1515 1734/725/1552 1733/723/1551 1695/723/1513 
f 1699/727/1517 1735/727/1553 1734/725/1552 1697/725/1515 
f 1701/729/1519 1736/729/1554 1735/727/1553 1699/727/1517 
f 1703/731/1521 1737/731/1555 1736/729/1554 1701/729/1519 
f 1705/733/1523 1738/733/1556 1737/731/1555 1703/731/1521 
f 1707/735/1525 1739/735/1557 1738/733/1556 1705/733/1523 
f 1676/929/1494 1724/929/1542 1739/735/1557 1707/735/1525 
f 1709/706/1527 1708/705/1526 1740/705/1558 1741/706/1559 
f 1710/709/1528 1709/706/1527 1741/706/1559 1742/709/1560 
f 1711/711/1529 1710/709/1528 1742/709/1560 1743/711/1561 
f 1712/713/1530 1711/711/1529 1743/711/1561 1744/713/1562 
f 1713/715/1531 1712/713/1530 1744/713/1562 1745/715/1563 
f 1714/717/1532 1713/715/1531 1745/715/1563 1746/717/1564 
f 1715/719/1533 1714/717/1532 1746/717/1564 1747/719/1565 
f 1716/721/1534 1715/719/1533 1747/719/1565 1748/721/1566 
f 1717/723/1535 1716/721/1534 1748/721/1566 1749/723/1567 
f 1718/725/1536 1717/723/1535 1749/723/1567 1750/725/1568 
f 1719/727/1537 1718/725/1536 1750/725/1568 1751/727/1569 
f 1720/729/1538 1719/727/1537 1751/727/1569 1752/729/1570 
f 1721/731/1539 1720/729/1538 1752/729/1570 1753/731/1571 
f 1722/733/1540 1721/731/1539 1753/731/1571 1754/733/1572 
f 1723/735/1541 1722/733/1540 1754/733/1572 1755/735/1573 
f 1724/929/1542 1723/735/1541 1755/735/1573 1756/929/1574 
f 1708/705/1526 1725/706/1543 1757/706/1575 1740/705/1558 
f 1725/706/1543 1726/709/1544 1758/709/1576 1757/706/1575 
f 1726/709/1544 1727/711/1545 1759/711/1577 1758/709/1576 
f 1727/711/1545 1728/713/1546 1760/713/1578 1759/711/1577 
f 1728/713/1546 1729/715/1547 1761/715/1579 1760/713/1578 
f 1729/715/1547 1730/717/1548 1762/717/1580 1761/715/1579 
f 1730/717/1548 1731/719/1549 1763/719/1581 1762/717/1580 
f 1731/719/1549 1732/721/1550 1764/721/1582 1763/719/1581 
f 1732/721/1550 1733/723/1551 1765/723/1583 1764/721/1582 
f 1733/723/1551 1734/725/1552 1766/725/1584 1765/723/1583 
f 1734/725/1552 1735/727/1553 1767/727/1585 1766/725/1584 
f 1735/727/1553 1736/729/1554 1768/729/1586 1767/727/1585 
f 1736/729/1554 1737/731/1555 1769/731/1587 1768/729/1586 
f 1737/731/1555 1738/733/1556 1770/733/1588 1769/731/1587 
f 1738/733/1556 1739/735/1557 1771/735/1589 1770/733/1588 
f 1739/735/1557 1724/929/1542 1756/929/1574 1771/735/1589 
f 707/707/576 741/741/610 744/744/612 708/708/577 
f 710/710/579 745/745/613 741/741/610 707/707/576 
f 712/712/581 747/747/615 745/745/613 710/710/579 
f 714/714/583 749/749/617 747/747/615 712/712/581 
f 716/716/585 751/751/619 749/749/617 714/714/583 
f 718/718/587 753/753/621 751/751/619 716/716/585 
f 720/720/589 755/755/623 753/753/621 718/718/587 
f 722/722/591 757/757/625 755/755/623 720/720/589 
f 724/724/593 759/759/627 757/757/625 722/722/591 
f 726/726/595 761/761/629 759/759/627 724/724/593 
f 728/728/597 763/763/631 761/761/629 726/726/595 
f 730/730/599 765/765/633 763/763/631 728/728/597 
f 732/732/601 767/767/635 765/765/633 730/730/599 
f 734/734/603 769/769/637 767/767/635 732/732/601 
f 736/736/605 740/740/609 769/769/637 734/734/603 
f 736/736/605 735/735/604 1627/929/1445 774/774/642 
f 708/708/577 744/744/612 1079/741/921 1047/707/889 
f 1047/707/889 1079/741/921 1081/745/923 1049/710/891 
f 1049/710/891 1081/745/923 1083/747/925 1051/712/893 
f 1051/712/893 1083/747/925 1085/749/927 1053/714/895 
f 1053/714/895 1085/749/927 1087/751/929 1055/716/897 
f 1055/716/897 1087/751/929 1089/753/931 1057/718/899 
f 1057/718/899 1089/753/931 1091/755/933 1059/720/901 
f 1059/720/901 1091/755/933 1093/757/935 1061/722/903 
f 1061/722/903 1093/757/935 1095/759/937 1063/724/905 
f 1063/724/905 1095/759/937 1097/761/939 1065/726/907 
f 1065/726/907 1097/761/939 1099/763/941 1067/728/909 
f 1067/728/909 1099/763/941 1101/765/943 1069/730/911 
f 1069/730/911 1101/765/943 1103/767/945 1071/732/913 
f 1071/732/913 1103/767/945 1105/769/947 1073/734/915 
f 1073/734/915 1105/769/947 1077/740/919 1075/736/917 
f 774/774/642 1627/929/1445 1076/735/918 1075/736/917 
f 1740/705/1558 1772/705/1590 1773/706/1591 1741/706/1559 
f 1741/706/1559 1773/706/1591 1774/709/1592 1742/709/1560 
f 1742/709/1560 1774/709/1592 1775/711/1593 1743/711/1561 
f 1743/711/1561 1775/711/1593 1776/713/1594 1744/713/1562 
f 1744/713/1562 1776/713/1594 1777/715/1595 1745/715/1563 
f 1745/715/1563 1777/715/1595 1778/717/1596 1746/717/1564 
f 1746/717/1564 1778/717/1596 1779/719/1597 1747/719/1565 
f 1747/719/1565 1779/719/1597 1780/721/1598 1748/721/1566 
f 1748/721/1566 1780/721/1598 1781/723/1599 1749/723/1567 
f 1749/723/1567 1781/723/1599 1782/725/1600 1750/725/1568 
f 1750/725/1568 1782/725/1600 1783/727/1601 1751/727/1569 
f 1751/727/1569 1783/727/1601 1784/729/1602 1752/729/1570 
f 1752/729/1570 1784/729/1602 1785/731/1603 1753/731/1571 
f 1753/731/1571 1785/731/1603 1786/733/1604 1754/733/1572 
f 1754/733/1572 1786/733/1604 1787/735/1605 1755/735/1573 
f 1755/735/1573 1787/735/1605 1788/929/1606 1756/929/1574 
f 1757/706/1575 1789/706/1607 1772/705/1590 1740/705/1558 
f 1758/709/1576 1790/709/1608 1789/706/1607 1757/706/1575 
f 1759/711/1577 1791/711/1609 1790/709/1608 1758/709/1576 
f 1760/713/1578 1792/713/1610 1791/711/1609 1759/711/1577 
f 1761/715/1579 1793/715/1611 1792/713/1610 1760/713/1578 
f 1762/717/1580 1794/717/1612 1793/715/1611 1761/715/1579 
f 1763/719/1581 1795/719/1613 1794/717/1612 1762/717/1580 
f 1764/721/1582 1796/721/1614 1795/719/1613 1763/719/1581 
f 1765/723/1583 1797/723/1615 1796/721/1614 1764/721/1582 
f 1766/725/1584 1798/725/1616 1797/723/1615 1765/723/1583 
f 1767/727/1585 1799/727/1617 1798/725/1616 1766/725/1584 
f 1768/729/1586 1800/729/1618 1799/727/1617 1767/727/1585 
f 1769/731/1587 1801/731/1619 1800/729/1618 1768/729/1586 
f 1770/733/1588 1802/733/1620 1801/731/1619 1769/731/1587 
f 1771/735/1589 1803/735/1621 1802/733/1620 1770/733/1588 
f 1756/929/1574 1788/929/1606 1803/735/1621 1771/735/1589 
f 1804/930/158 1805/931/1622 1806/932/1623 1807/933/1624 
f 1805/931/1622 1808/934/1625 1809/935/1626 1806/932/1623 
f 1808/934/1625 1810/936/1627 1811/937/1628 1809/935/1626 
f 1810/936/1627 1812/938/1629 1813/939/1630 1811/937/1628 
f 1812/938/1629 1814/940/1631 1815/941/1632 1813/939/1630 
f 1814/940/1631 1816/942/1633 1817/943/1634 1815/941/1632 
f 1816/942/1633 1818/944/1635 1819/945/1636 1817/943/1634 
f 1818/944/1635 1820/946/1637 1821/947/1638 1819/945/1636 
f 1820/946/1637 1822/948/1639 1823/949/1640 1821/947/1638 
f 1822/948/1639 1824/950/1641 1825/951/1642 1823/949/1640 
f 1824/950/1641 1826/952/1643 1827/953/1644 1825/951/1642 
f 1826/952/1643 1828/954/1645 1829/955/1646 1827/953/1644 
f 1828/954/1645 1830/956/1647 1831/957/1648 1829/955/1646 
f 1830/956/1647 1832/958/1649 1833/959/1650 1831/957/1648 
f 1832/958/1649 1834/960/1651 1835/961/1652 1833/959/1650 
f 1834/960/1651 1836/962/1653 1837/963/1652 1835/961/1652 
f 1836/962/1653 1838/964/1654 1839/965/1655 1837/963/1652 
f 1838/964/1654 1840/966/1656 1841/967/1657 1839/965/1655 
f 1840/966/1656 1842/968/1658 1843/969/1659 1841/967/1657 
f 1807/933/1624 1806/932/1623 1844/970/1660 1845/971/1661 
f 1806/932/1623 1809/935/1626 1846/972/1662 1844/970/1660 
f 1809/935/1626 1811/937/1628 1847/973/1663 1846/972/1662 
f 1811/937/1628 1813/939/1630 1848/974/1664 1847/973/1663 
f 1813/939/1630 1815/941/1632 1849/975/1665 1848/974/1664 
f 1815/941/1632 1817/943/1634 1850/976/1666 1849/975/1665 
f 1817/943/1634 1819/945/1636 1851/977/1667 1850/976/1666 
f 1819/945/1636 1821/947/1638 1852/978/1668 1851/977/1667 
f 1821/947/1638 1823/949/1640 1853/979/1669 1852/978/1668 
f 1823/949/1640 1825/951/1642 1854/980/1670 1853/979/1669 
f 1825/951/1642 1827/953/1644 1855/981/1671 1854/980/1670 
f 1827/953/1644 1829/955/1646 1856/982/1672 1855/981/1671 
f 1829/955/1646 1831/957/1648 1857/983/1673 1856/982/1672 
f 1831/957/1648 1833/959/1650 1858/984/1674 1857/983/1673 
f 1833/959/1650 1835/961/1652 1859/985/1675 1858/984/1674 
f 1835/961/1652 1837/963/1652 1860/986/1675 1859/985/1675 
f 1837/963/1652 1839/965/1655 1861/987/1676 1860/986/1675 
f 1839/965/1655 1841/967/1657 1862/988/1677 1861/987/1676 
f 1841/967/1657 1843/969/1659 1863/989/1678 1862/988/1677 
f 1845/971/1661 1844/970/1660 1864/990/1679 1865/991/217 
f 1844/970/1660 1846/972/1662 1866/992/1680 1864/990/1679 
f 1846/972/1662 1847/973/1663 1867/993/1681 1866/992/1680 
f 1847/973/1663 1848/974/1664 1868/994/1682 1867/993/1681 
f 1848/974/1664 1849/975/1665 1869/995/1683 1868/994/1682 
f 1849/975/1665 1850/976/1666 1870/996/1684 1869/995/1683 
f 1850/976/1666 1851/977/1667 1871/997/1685 1870/996/1684 
f 1851/977/1667 1852/978/1668 1872/998/1686 1871/997/1685 
f 1852/978/1668 1853/979/1669 1873/999/1687 1872/998/1686 
f 1853/979/1669 1854/980/1670 1874/1000/1688 1873/999/1687 
f 1854/980/1670 1855/981/1671 1875/1001/1689 1874/1000/1688 
f 1855/981/1671 1856/982/1672 1876/1002/1690 1875/1001/1689 
f 1856/982/1672 1857/983/1673 1877/1003/1691 1876/1002/1690 
f 1857/983/1673 1858/984/1674 1878/1004/1692 1877/1003/1691 
f 1858/984/1674 1859/985/1675 1879/1005/1693 1878/1004/1692 
f 1859/985/1675 1860/986/1675 1880/1006/1693 1879/1005/1693 
f 1860/986/1675 1861/987/1676 1881/1007/1694 1880/1006/1693 
f 1861/987/1676 1862/988/1677 1882/1008/1695 1881/1007/1694 
f 1862/988/1677 1863/989/1678 1883/1009/1696 1882/1008/1695 
f 1865/991/217 1864/990/1679 1884/1010/1697 1885/1011/1698 
f 1864/990/1679 1866/992/1680 1886/1012/1699 1884/1010/1697 
f 1866/992/1680 1867/993/1681 1887/1013/1700 1886/1012/1699 
f 1867/993/1681 1868/994/1682 1888/1014/1701 1887/1013/1700 
f 1868/994/1682 1869/995/1683 1889/1015/1702 1888/1014/1701 
f 1869/995/1683 1870/996/1684 1890/1016/1703 1889/1015/1702 
f 1870/996/1684 1871/997/1685 1891/1017/1704 1890/1016/1703 
f 1871/997/1685 1872/998/1686 1892/1018/1705 1891/1017/1704 
f 1872/998/1686 1873/999/1687 1893/1019/1706 1892/1018/1705 
f 1873/999/1687 1874/1000/1688 1894/1020/1707 1893/1019/1706 
f 1874/1000/1688 1875/1001/1689 1895/1021/1708 1894/1020/1707 
f 1875/1001/1689 1876/1002/1690 1896/1022/1709 1895/1021/1708 
f 1876/1002/1690 1877/1003/1691 1897/1023/1710 1896/1022/1709 
f 1877/1003/1691 1878/1004/1692 1898/1024/1711 1897/1023/1710 
f 1878/1004/1692 1879/1005/1693 1899/1025/1712 1898/1024/1711 
f 1879/1005/1693 1880/1006/1693 1900/1026/1712 1899/1025/1712 
f 1880/1006/1693 1881/1007/1694 1901/1027/1713 1900/1026/1712 
f 1881/1007/1694 1882/1008/1695 1902/1028/1714 1901/1027/1713 
f 1882/1008/1695 1883/1009/1696 1903/1029/1715 1902/1028/1714 
f 1885/1011/1698 1884/1010/1697 1904/1030/1716 1905/1031/1717 
f 1884/1010/1697 1886/1012/1699 1906/1032/1718 1904/1030/1716 
f 1886/1012/1699 1887/1013/1700 1907/1033/1719 1906/1032/1718 
f 1887/1013/1700 1888/1014/1701 1908/1034/1720 1907/1033/1719 
f 1888/1014/1701 1889/1015/1702 1909/1035/1721 1908/1034/1720 
f 1889/1015/1702 1890/1016/1703 1910/1036/1722 1909/1035/1721 
f 1890/1016/1703 1891/1017/1704 1911/1037/1723 1910/1036/1722 
f 1891/1017/1704 1892/1018/1705 1912/1038/1724 1911/1037/1723 
f 1892/1018/1705 1893/1019/1706 1913/1039/1725 1912/1038/1724 
f 1893/1019/1706 1894/1020/1707 1914/1040/1726 1913/1039/1725 
f 1894/1020/1707 1895/1021/1708 1915/1041/1727 1914/1040/1726 
f 1895/1021/1708 1896/1022/1709 1916/1042/1728 1915/1041/1727 
f 1896/1022/1709 1897/1023/1710 1917/1043/1729 1916/1042/1728 
f 1897/1023/1710 1898/1024/1711 1918/1044/1730 1917/1043/1729 
f 1898/1024/1711 1899/1025/1712 1919/1045/1731 1918/1044/1730 
f 1899/1025/1712 1900/1026/1712 1920/1046/1731 1919/1045/1731 
f 1900/1026/1712 1901/1027/1713 1921/1047/1732 1920/1046/1731 
f 1901/1027/1713 1902/1028/1714 1922/1048/1733 1921/1047/1732 
f 1902/1028/1714 1903/1029/1715 1923/1049/1734 1922/1048/1733 
f 1905/1031/1717 1904/1030/1716 1924/1050/1735 1925/1051/287 
f 1904/1030/1716 1906/1032/1718 1926/1052/1736 1924/1050/1735 
f 1906/1032/1718 1907/1033/1719 1927/1053/1737 1926/1052/1736 
f 1907/1033/1719 1908/1034/1720 1928/1054/1738 1927/1053/1737 
f 1908/1034/1720 1909/1035/1721 1929/1055/1739 1928/1054/1738 
f 1909/1035/1721 1910/1036/1722 1930/1056/1740 1929/1055/1739 
f 1910/1036/1722 1911/1037/1723 1931/1057/1741 1930/1056/1740 
f 1911/1037/1723 1912/1038/1724 1932/1058/1742 1931/1057/1741 
f 1912/1038/1724 1913/1039/1725 1933/1059/1743 1932/1058/1742 
f 1913/1039/1725 1914/1040/1726 1934/1060/1744 1933/1059/1743 
f 1914/1040/1726 1915/1041/1727 1935/1061/1745 1934/1060/1744 
f 1915/1041/1727 1916/1042/1728 1936/1062/1746 1935/1061/1745 
f 1916/1042/1728 1917/1043/1729 1937/1063/1747 1936/1062/1746 
f 1917/1043/1729 1918/1044/1730 1938/1064/1748 1937/1063/1747 
f 1918/1044/1730 1919/1045/1731 1939/1065/1749 1938/1064/1748 
f 1919/1045/1731 1920/1046/1731 1940/1066/1749 1939/1065/1749 
f 1920/1046/1731 1921/1047/1732 1941/1067/1750 1940/1066/1749 
f 1921/1047/1732 1922/1048/1733 1942/1068/1751 1941/1067/1750 
f 1922/1048/1733 1923/1049/1734 1943/1069/1752 1942/1068/1751 
f 1925/1051/287 1924/1050/1735 1944/1070/1753 1945/1071/1754 
f 1924/1050/1735 1926/1052/1736 1946/1072/1755 1944/1070/1753 
f 1926/1052/1736 1927/1053/1737 1947/1073/1756 1946/1072/1755 
f 1927/1053/1737 1928/1054/1738 1948/1074/1757 1947/1073/1756 
f 1928/1054/1738 1929/1055/1739 1949/1075/1758 1948/1074/1757 
f 1929/1055/1739 1930/1056/1740 1950/1076/1759 1949/1075/1758 
f 1930/1056/1740 1931/1057/1741 1951/1077/1760 1950/1076/1759 
f 1931/1057/1741 1932/1058/1742 1952/1078/1761 1951/1077/1760 
f 1932/1058/1742 1933/1059/1743 1953/1079/1762 1952/1078/1761 
f 1933/1059/1743 1934/1060/1744 1954/1080/1763 1953/1079/1762 
f 1934/1060/1744 1935/1061/1745 1955/1081/1764 1954/1080/1763 
f 1935/1061/1745 1936/1062/1746 1956/1082/1765 1955/1081/1764 
f 1936/1062/1746 1937/1063/1747 1957/1083/1766 1956/1082/1765 
f 1937/1063/1747 1938/1064/1748 1958/1084/1767 1957/1083/1766 
f 1938/1064/1748 1939/1065/1749 1959/1085/1768 1958/1084/1767 
f 1939/1065/1749 1940/1066/1749 1960/1086/1768 1959/1085/1768 
f 1940/1066/1749 1941/1067/1750 1961/1087/1769 1960/1086/1768 
f 1941/1067/1750 1942/1068/1751 1962/1088/1770 1961/1087/1769 
f 1942/1068/1751 1943/1069/1752 1963/1089/1771 1962/1088/1770 
f 1945/1071/1754 1944/1070/1753 1964/1090/1772 1965/1091/1773 
f 1944/1070/1753 1946/1072/1755 1966/1092/1774 1964/1090/1772 
f 1946/1072/1755 1947/1073/1756 1967/1093/1775 1966/1092/1774 
f 1947/1073/1756 1948/1074/1757 1968/1094/1776 1967/1093/1775 
f 1948/1074/1757 1949/1075/1758 1969/1095/1777 1968/1094/1776 
f 1949/1075/1758 1950/1076/1759 1970/1096/1778 1969/1095/1777 
f 1950/1076/1759 1951/1077/1760 1971/1097/1779 1970/1096/1778 
f 1951/1077/1760 1952/1078/1761 1972/1098/1780 1971/1097/1779 
f 1952/1078/1761 1953/1079/1762 1973/1099/1781 1972/1098/1780 
f 1953/1079/1762 1954/1080/1763 1974/1100/1782 1973/1099/1781 
f 1954/1080/1763 1955/1081/1764 1975/1101/1783 1974/1100/1782 
f 1955/1081/1764 1956/1082/1765 1976/1102/1784 1975/1101/1783 
f 1956/1082/1765 1957/1083/1766 1977/1103/1785 1976/1102/1784 
f 1957/1083/1766 1958/1084/1767 1978/1104/1786 1977/1103/1785 
f 1958/1084/1767 1959/1085/1768 1979/1105/1787 1978/1104/1786 
f 1959/1085/1768 1960/1086/1768 1980/1106/1787 1979/1105/1787 
f 1960/1086/1768 1961/1087/1769 1981/1107/1788 1980/1106/1787 
f 1961/1087/1769 1962/1088/1770 1982/1108/1789 1981/1107/1788 
f 1962/1088/1770 1963/1089/1771 1983/1109/1790 1982/1108/1789 
f 1965/1091/1773 1964/1090/1772 1984/1110/1791 1985/1111/360 
f 1964/1090/1772 1966/1092/1774 1986/1112/1792 1984/1110/1791 
f 1966/1092/1774 1967/1093/1775 1987/1113/1793 1986/1112/1792 
f 1967/1093/1775 1968/1094/1776 1988/1114/1794 1987/1113/1793 
f 1968/1094/1776 1969/1095/1777 1989/1115/1795 1988/1114/1794 
f 1969/1095/1777 1970/1096/1778 1990/1116/1796 1989/1115/1795 
f 1970/1096/1778 1971/1097/1779 1991/1117/1797 1990/1116/1796 
f 1971/1097/1779 1972/1098/1780 1992/1118/1798 1991/1117/1797 
f 1972/1098/1780 1973/1099/1781 1993/1119/1799 1992/1118/1798 
f 1973/1099/1781 1974/1100/1782 1994/1120/1800 1993/1119/1799 
f 1974/1100/1782 1975/1101/1783 1995/1121/1801 1994/1120/1800 
f 1975/1101/1783 1976/1102/1784 1996/1122/1802 1995/1121/1801 
f 1976/1102/1784 1977/1103/1785 1997/1123/1803 1996/1122/1802 
f 1977/1103/1785 1978/1104/1786 1998/1124/1804 1997/1123/1803 
f 1978/1104/1786 1979/1105/1787 1999/1125/1805 1998/1124/1804 
f 1979/1105/1787 1980/1106/1787 2000/1126/1805 1999/1125/1805 
f 1980/1106/1787 1981/1107/1788 2001/1127/1806 2000/1126/1805 
f 1981/1107/1788 1982/1108/1789 2002/1128/1807 2001/1127/1806 
f 1982/1108/1789 1983/1109/1790 2003/1129/1808 2002/1128/1807 
f 1985/1111/360 1984/1110/1791 2004/1130/1809 2005/1131/1810 
f 1984/1110/1791 1986/1112/1792 2006/1132/1811 2004/1130/1809 
f 1986/1112/1792 1987/1113/1793 2007/1133/1812 2006/1132/1811 
f 1987/1113/1793 1988/1114/1794 2008/1134/1813 2007/1133/1812 
f 1988/1114/1794 1989/1115/1795 2009/1135/1814 2008/1134/1813 
f 1989/1115/1795 1990/1116/1796 2010/1136/1815 2009/1135/1814 
f 1990/1116/1796 1991/1117/1797 2011/1137/1816 2010/1136/1815 
f 1991/1117/1797 1992/1118/1798 2012/1138/1817 2011/1137/1816 
f 1992/1118/1798 1993/1119/1799 2013/1139/1818 2012/1138/1817 
f 1993/1119/1799 1994/1120/1800 2014/1140/1819 2013/1139/1818 
f 1994/1120/1800 1995/1121/1801 2015/1141/1820 2014/1140/1819 
f 1995/1121/1801 1996/1122/1802 2016/1142/1821 2015/1141/1820 
f 1996/1122/1802 1997/1123/1803 2017/1143/1822 2016/1142/1821 
f 1997/1123/1803 1998/1124/1804 2018/1144/1823 2017/1143/1822 
f 1998/1124/1804 1999/1125/1805 2019/1145/1824 2018/1144/1823 
f 1999/1125/1805 2000/1126/1805 2020/1146/1824 2019/1145/1824 
f 2000/1126/1805 2001/1127/1806 2021/1147/1825 2020/1146/1824 
f 2001/1127/1806 2002/1128/1807 2022/1148/1826 2021/1147/1825 
f 2002/1128/1807 2003/1129/1808 2023/1149/1827 2022/1148/1826 
f 2005/1131/1810 2004/1130/1809 2024/1150/1828 2025/1151/1829 
f 2004/1130/1809 2006/1132/1811 2026/1152/1830 2024/1150/1828 
f 2006/1132/1811 2007/1133/1812 2027/1153/1831 2026/1152/1830 
f 2007/1133/1812 2008/1134/1813 2028/1154/1832 2027/1153/1831 
f 2008/1134/1813 2009/1135/1814 2029/1155/1833 2028/1154/1832 
f 2009/1135/1814 2010/1136/1815 2030/1156/1834 2029/1155/1833 
f 2010/1136/1815 2011/1137/1816 2031/1157/1835 2030/1156/1834 
f 2011/1137/1816 2012/1138/1817 2032/1158/1836 2031/1157/1835 
f 2012/1138/1817 2013/1139/1818 2033/1159/1837 2032/1158/1836 
f 2013/1139/1818 2014/1140/1819 2034/1160/1838 2033/1159/1837 
f 2014/1140/1819 2015/1141/1820 2035/1161/1839 2034/1160/1838 
f 2015/1141/1820 2016/1142/1821 2036/1162/1840 2035/1161/1839 
f 2016/1142/1821 2017/1143/1822 2037/1163/1841 2036/1162/1840 
f 2017/1143/1822 2018/1144/1823 2038/1164/1842 2037/1163/1841 
f 2018/1144/1823 2019/1145/1824 2039/1165/1843 2038/1164/1842 
f 2019/1145/1824 2020/1146/1824 2040/1166/1843 2039/1165/1843 
f 2020/1146/1824 2021/1147/1825 2041/1167/1844 2040/1166/1843 
f 2021/1147/1825 2022/1148/1826 2042/1168/1845 2041/1167/1844 
f 2022/1148/1826 2023/1149/1827 2043/1169/1846 2042/1168/1845 
f 2025/1151/1829 2024/1150/1828 2044/1170/1847 2045/1171/1848 
f 2024/1150/1828 2026/1152/1830 2046/1172/1849 2044/1170/1847 
f 2026/1152/1830 2027/1153/1831 2047/1173/1850 2046/1172/1849 
f 2027/1153/1831 2028/1154/1832 2048/1174/1851 2047/1173/1850 
f 2028/1154/1832 2029/1155/1833 2049/1175/1852 2048/1174/1851 
f 2029/1155/1833 2030/1156/1834 2050/1176/1853 2049/1175/1852 
f 2030/1156/1834 2031/1157/1835 2051/1177/1854 2050/1176/1853 
f 2031/1157/1835 2032/1158/1836 2052/1178/1855 2051/1177/1854 
f 2032/1158/1836 2033/1159/1837 2053/1179/1856 2052/1178/1855 
f 2033/1159/1837 2034/1160/1838 2054/1180/1857 2053/1179/1856 
f 2034/1160/1838 2035/1161/1839 2055/1181/1858 2054/1180/1857 
f 2035/1161/1839 2036/1162/1840 2056/1182/1859 2055/1181/1858 
f 2036/1162/1840 2037/1163/1841 2057/1183/1860 2056/1182/1859 
f 2037/1163/1841 2038/1164/1842 2058/1184/1861 2057/1183/1860 
f 2038/1164/1842 2039/1165/1843 2059/1185/1862 2058/1184/1861 
f 2039/1165/1843 2040/1166/1843 2060/1186/1862 2059/1185/1862 
f 2040/1166/1843 2041/1167/1844 2061/1187/1863 2060/1186/1862 
f 2041/1167/1844 2042/1168/1845 2062/1188/1864 2061/1187/1863 
f 2042/1168/1845 2043/1169/1846 2063/1189/1865 2062/1188/1864 
f 2045/1171/1848 2044/1170/1847 2064/1190/1866 2065/1191/1867 
f 2044/1170/1847 2046/1172/1849 2066/1192/1868 2064/1190/1866 
f 2046/1172/1849 2047/1173/1850 2067/1193/1869 2066/1192/1868 
f 2047/1173/1850 2048/1174/1851 2068/1194/1870 2067/1193/1869 
f 2048/1174/1851 2049/1175/1852 2069/1195/1871 2068/1194/1870 
f 2049/1175/1852 2050/1176/1853 2070/1196/1872 2069/1195/1871 
f 2050/1176/1853 2051/1177/1854 2071/1197/1873 2070/1196/1872 
f 2051/1177/1854 2052/1178/1855 2072/1198/1874 2071/1197/1873 
f 2052/1178/1855 2053/1179/1856 2073/1199/1875 2072/1198/1874 
f 2053/1179/1856 2054/1180/1857 2074/1200/1876 2073/1199/1875 
f 2054/1180/1857 2055/1181/1858 2075/1201/1877 2074/1200/1876 
f 2055/1181/1858 2056/1182/1859 2076/1202/1878 2075/1201/1877 
f 2056/1182/1859 2057/1183/1860 2077/1203/1879 2076/1202/1878 
f 2057/1183/1860 2058/1184/1861 2078/1204/1880 2077/1203/1879 
f 2058/1184/1861 2059/1185/1862 2079/1205/1881 2078/1204/1880 
f 2059/1185/1862 2060/1186/1862 2080/1206/1881 2079/1205/1881 
f 2060/1186/1862 2061/1187/1863 2081/1207/1882 2080/1206/1881 
f 2061/1187/1863 2062/1188/1864 2082/1208/1883 2081/1207/1882 
f 2062/1188/1864 2063/1189/1865 2083/1209/1884 2082/1208/1883 
f 2065/1191/1867 2064/1190/1866 2084/1210/1885 2085/1211/1886 
f 2064/1190/1866 2066/1192/1868 2086/1212/1887 2084/1210/1885 
f 2066/1192/1868 2067/1193/1869 2087/1213/1888 2086/1212/1887 
f 2067/1193/1869 2068/1194/1870 2088/1214/1889 2087/1213/1888 
f 2068/1194/1870 2069/1195/1871 2089/1215/1890 2088/1214/1889 
f 2069/1195/1871 2070/1196/1872 2090/1216/1891 2089/1215/1890 
f 2070/1196/1872 2071/1197/1873 2091/1217/1892 2090/1216/1891 
f 2071/1197/1873 2072/1198/1874 2092/1218/1893 2091/1217/1892 
f 2072/1198/1874 2073/1199/1875 2093/1219/1894 2092/1218/1893 
f 2073/1199/1875 2074/1200/1876 2094/1220/1895 2093/1219/1894 
f 2074/1200/1876 2075/1201/1877 2095/1221/1896 2094/1220/1895 
f 2075/1201/1877 2076/1202/1878 2096/1222/1897 2095/1221/1896 
f 2076/1202/1878 2077/1203/1879 2097/1223/1898 2096/1222/1897 
f 2077/1203/1879 2078/1204/1880 2098/1224/1899 2097/1223/1898 
f 2078/1204/1880 2079/1205/1881 2099/1225/1900 2098/1224/1899 
f 2079/1205/1881 2080/1206/1881 2100/1226/1900 2099/1225/1900 
f 2080/1206/1881 2081/1207/1882 2101/1227/1901 2100/1226/1900 
f 2081/1207/1882 2082/1208/1883 2102/1228/1902 2101/1227/1901 
f 2082/1208/1883 2083/1209/1884 2103/1229/1903 2102/1228/1902 
f 2085/1211/1886 2084/1210/1885 2104/1230/1904 2105/1231/504 
f 2084/1210/1885 2086/1212/1887 2106/1232/1905 2104/1230/1904 
f 2086/1212/1887 2087/1213/1888 2107/1233/1906 2106/1232/1905 
f 2087/1213/1888 2088/1214/1889 2108/1234/1907 2107/1233/1906 
f 2088/1214/1889 2089/1215/1890 2109/1235/1908 2108/1234/1907 
f 2089/1215/1890 2090/1216/1891 2110/1236/1909 2109/1235/1908 
f 2090/1216/1891 2091/1217/1892 2111/1237/1910 2110/1236/1909 
f 2091/1217/1892 2092/1218/1893 2112/1238/1911 2111/1237/1910 
f 2092/1218/1893 2093/1219/1894 2113/1239/1912 2112/1238/1911 
f 2093/1219/1894 2094/1220/1895 2114/1240/1913 2113/1239/1912 
f 2094/1220/1895 2095/1221/1896 2115/1241/1914 2114/1240/1913 
f 2095/1221/1896 2096/1222/1897 2116/1242/1915 2115/1241/1914 
f 2096/1222/1897 2097/1223/1898 2117/1243/1916 2116/1242/1915 
f 2097/1223/1898 2098/1224/1899 2118/1244/1917 2117/1243/1916 
f 2098/1224/1899 2099/1225/1900 2119/1245/1918 2118/1244/1917 
f 2099/1225/1900 2100/1226/1900 2120/1246/1918 2119/1245/1918 
f 2100/1226/1900 2101/1227/1901 2121/1247/1919 2120/1246/1918 
f 2101/1227/1901 2102/1228/1902 2122/1248/1920 2121/1247/1919 
f 2102/1228/1902 2103/1229/1903 2123/1249/1921 2122/1248/1920 
f 2105/1231/504 2104/1230/1904 2124/1250/1922 2125/1251/1923 
f 2104/1230/1904 2106/1232/1905 2126/1252/1924 2124/1250/1922 
f 2106/1232/1905 2107/1233/1906 2127/1253/1925 2126/1252/1924 
f 2107/1233/1906 2108/1234/1907 2128/1254/1926 2127/1253/1925 
f 2108/1234/1907 2109/1235/1908 2129/1255/1927 2128/1254/1926 
f 2109/1235/1908 2110/1236/1909 2130/1256/1928 2129/1255/1927 
f 2110/1236/1909 2111/1237/1910 2131/1257/1929 2130/1256/1928 
f 2111/1237/1910 2112/1238/1911 2132/1258/1930 2131/1257/1929 
f 2112/1238/1911 2113/1239/1912 2133/1259/1931 2132/1258/1930 
f 2113/1239/1912 2114/1240/1913 2134/1260/1932 2133/1259/1931 
f 2114/1240/1913 2115/1241/1914 2135/1261/1933 2134/1260/1932 
f 2115/1241/1914 2116/1242/1915 2136/1262/1934 2135/1261/1933 
f 2116/1242/1915 2117/1243/1916 2137/1263/1935 2136/1262/1934 
f 2117/1243/1916 2118/1244/1917 2138/1264/1936 2137/1263/1935 
f 2118/1244/1917 2119/1245/1918 2139/1265/1937 2138/1264/1936 
f 2119/1245/1918 2120/1246/1918 2140/1266/1937 2139/1265/1937 
f 2120/1246/1918 2121/1247/1919 2141/1267/1938 2140/1266/1937 
f 2121/1247/1919 2122/1248/1920 2142/1268/1939 2141/1267/1938 
f 2122/1248/1920 2123/1249/1921 2143/1269/1940 2142/1268/1939 
f 2125/1251/1923 2124/1250/1922 2144/1270/1941 2145/1271/1942 
f 2124/1250/1922 2126/1252/1924 2146/1272/1943 2144/1270/1941 
f 2126/1252/1924 2127/1253/1925 2147/1273/1944 2146/1272/1943 
f 2127/1253/1925 2128/1254/1926 2148/1274/1945 2147/1273/1944 
f 2128/1254/1926 2129/1255/1927 2149/1275/1946 2148/1274/1945 
f 2129/1255/1927 2130/1256/1928 2150/1276/1947 2149/1275/1946 
f 2130/1256/1928 2131/1257/1929 2151/1277/1948 2150/1276/1947 
f 2131/1257/1929 2132/1258/1930 2152/1278/1949 2151/1277/1948 
f 2132/1258/1930 2133/1259/1931 2153/1279/1950 2152/1278/1949 
f 2133/1259/1931 2134/1260/1932 2154/1280/1951 2153/1279/1950 
f 2134/1260/1932 2135/1261/1933 2155/1281/1952 2154/1280/1951 
f 2135/1261/1933 2136/1262/1934 2156/1282/1953 2155/1281/1952 
f 2136/1262/1934 2137/1263/1935 2157/1283/1954 2156/1282/1953 
f 2137/1263/1935 2138/1264/1936 2158/1284/1955 2157/1283/1954 
f 2138/1264/1936 2139/1265/1937 2159/1285/1956 2158/1284/1955 
f 2139/1265/1937 2140/1266/1937 2160/1286/1956 2159/1285/1956 
f 2140/1266/1937 2141/1267/1938 2161/1287/1957 2160/1286/1956 
f 2141/1267/1938 2142/1268/1939 2162/1288/1958 2161/1287/1957 
f 2142/1268/1939 2143/1269/1940 2163/1289/1959 2162/1288/1958 
f 2145/1271/1942 2144/1270/1941 2164/1290/1960 2165/1291/1 
f 2144/1270/1941 2146/1272/1943 2166/1292/1961 2164/1290/1960 
f 2146/1272/1943 2147/1273/1944 2167/1293/1962 2166/1292/1961 
f 2147/1273/1944 2148/1274/1945 2168/1294/1963 2167/1293/1962 
f 2148/1274/1945 2149/1275/1946 2169/1295/1964 2168/1294/1963 
f 2149/1275/1946 2150/1276/1947 2170/1296/1965 2169/1295/1964 
f 2150/1276/1947 2151/1277/1948 2171/1297/1966 2170/1296/1965 
f 2151/1277/1948 2152/1278/1949 2172/1298/1967 2171/1297/1966 
f 2152/1278/1949 2153/1279/1950 2173/1299/1968 2172/1298/1967 
f 2153/1279/1950 2154/1280/1951 2174/1300/1969 2173/1299/1968 
f 2154/1280/1951 2155/1281/1952 2175/1301/1970 2174/1300/1969 
f 2155/1281/1952 2156/1282/1953 2176/1302/1971 2175/1301/1970 
f 2156/1282/1953 2157/1283/1954 2177/1303/1972 2176/1302/1971 
f 2157/1283/1954 2158/1284/1955 2178/1304/1973 2177/1303/1972 
f 2158/1284/1955 2159/1285/1956 2179/1305/1974 2178/1304/1973 
f 2159/1285/1956 2160/1286/1956 2180/1306/1975 2179/1305/1974 
f 2160/1286/1956 2161/1287/1957 2181/1307/1976 2180/1306/1975 
f 2161/1287/1957 2162/1288/1958 2182/1308/1977 2181/1307/1976 
f 2162/1288/1958 2163/1289/1959 2183/1309/1978 2182/1308/1977 
f 2165/1291/1 2164/1290/1960 2184/1310/1979 2185/1311/1980 
f 2164/1290/1960 2166/1292/1961 2186/1312/1981 2184/1310/1979 
f 2166/1292/1961 2167/1293/1962 2187/1313/1982 2186/1312/1981 
f 2167/1293/1962 2168/1294/1963 2188/1314/1983 2187/1313/1982 
f 2168/1294/1963 2169/1295/1964 2189/1315/1984 2188/1314/1983 
f 2169/1295/1964 2170/1296/1965 2190/1316/1985 2189/1315/1984 
f 2170/1296/1965 2171/1297/1966 2191/1317/1986 2190/1316/1985 
f 2171/1297/1966 2172/1298/1967 2192/1318/1987 2191/1317/1986 
f 2172/1298/1967 2173/1299/1968 2193/1319/1988 2192/1318/1987 
f 2173/1299/1968 2174/1300/1969 2194/1320/1989 2193/1319/1988 
f 2174/1300/1969 2175/1301/1970 2195/1321/1990 2194/1320/1989 
f 2175/1301/1970 2176/1302/1971 2196/1322/1991 2195/1321/1990 
f 2176/1302/1971 2177/1303/1972 2197/1323/1992 2196/1322/1991 
f 2177/1303/1972 2178/1304/1973 2198/1324/1993 2197/1323/1992 
f 2178/1304/1973 2179/1305/1974 2199/1325/1994 2198/1324/1993 
f 2179/1305/1974 2180/1306/1975 2200/1326/1994 2199/1325/1994 
f 2180/1306/1975 2181/1307/1976 2201/1327/1995 2200/1326/1994 
f 2181/1307/1976 2182/1308/1977 2202/1328/1996 2201/1327/1995 
f 2182/1308/1977 2183/1309/1978 2203/1329/1997 2202/1328/1996 
f 2185/1311/1980 2184/1310/1979 2204/1330/1998 2205/1331/1999 
f 2184/1310/1979 2186/1312/1981 2206/1332/2000 2204/1330/1998 
f 2186/1312/1981 2187/1313/1982 2207/1333/2001 2206/1332/2000 
f 2187/1313/1982 2188/1314/1983 2208/1334/2002 2207/1333/2001 
f 2188/1314/1983 2189/1315/1984 2209/1335/2003 2208/1334/2002 
f 2189/1315/1984 2190/1316/1985 2210/1336/2004 2209/1335/2003 
f 2190/1316/1985 2191/1317/1986 2211/1337/2005 2210/1336/2004 
f 2191/1317/1986 2192/1318/1987 2212/1338/2006 2211/1337/2005 
f 2192/1318/1987 2193/1319/1988 2213/1339/2007 2212/1338/2006 
f 2193/1319/1988 2194/1320/1989 2214/1340/2008 2213/1339/2007 
f 2194/1320/1989 2195/1321/1990 2215/1341/2009 2214/1340/2008 
f 2195/1321/1990 2196/1322/1991 2216/1342/2010 2215/1341/2009 
f 2196/1322/1991 2197/1323/1992 2217/1343/2011 2216/1342/2010 
f 2197/1323/1992 2198/1324/1993 2218/1344/2012 2217/1343/2011 
f 2198/1324/1993 2199/1325/1994 2219/1345/2013 2218/1344/2012 
f 2199/1325/1994 2200/1326/1994 2220/1346/2013 2219/1345/2013 
f 2200/1326/1994 2201/1327/1995 2221/1347/2014 2220/1346/2013 
f 2201/1327/1995 2202/1328/1996 2222/1348/2015 2221/1347/2014 
f 2202/1328/1996 2203/1329/1997 2223/1349/2016 2222/1348/2015 
f 2205/1331/1999 2204/1330/1998 2224/1350/2017 2225/1351/84 
f 2204/1330/1998 2206/1332/2000 2226/1352/2018 2224/1350/2017 
f 2206/1332/2000 2207/1333/2001 2227/1353/2019 2226/1352/2018 
f 2207/1333/2001 2208/1334/2002 2228/1354/2020 2227/1353/2019 
f 2208/1334/2002 2209/1335/2003 2229/1355/2021 2228/1354/2020 
f 2209/1335/2003 2210/1336/2004 2230/1356/2022 2229/1355/2021 
f 2210/1336/2004 2211/1337/2005 2231/1357/2023 2230/1356/2022 
f 2211/1337/2005 2212/1338/2006 2232/1358/2024 2231/1357/2023 
f 2212/1338/2006 2213/1339/2007 2233/1359/2025 2232/1358/2024 
f 2213/1339/2007 2214/1340/2008 2234/1360/2026 2233/1359/2025 
f 2214/1340/2008 2215/1341/2009 2235/1361/2027 2234/1360/2026 
f 2215/1341/2009 2216/1342/2010 2236/1362/2028 2235/1361/2027 
f 2216/1342/2010 2217/1343/2011 2237/1363/2029 2236/1362/2028 
f 2217/1343/2011 2218/1344/2012 2238/1364/2030 2237/1363/2029 
f 2218/1344/2012 2219/1345/2013 2239/1365/2031 2238/1364/2030 
f 2219/1345/2013 2220/1346/2013 2240/1366/2031 2239/1365/2031 
f 2220/1346/2013 2221/1347/2014 2241/1367/2032 2240/1366/2031 
f 2221/1347/2014 2222/1348/2015 2242/1368/2033 2241/1367/2032 
f 2222/1348/2015 2223/1349/2016 2243/1369/2034 2242/1368/2033 
f 2225/1351/84 2224/1350/2017 2244/1370/2035 2245/1371/2036 
f 2224/1350/2017 2226/1352/2018 2246/1372/2037 2244/1370/2035 
f 2226/1352/2018 2227/1353/2019 2247/1373/2038 2246/1372/2037 
f 2227/1353/2019 2228/1354/2020 2248/1374/2039 2247/1373/2038 
f 2228/1354/2020 2229/1355/2021 2249/1375/2040 2248/1374/2039 
f 2229/1355/2021 2230/1356/2022 2250/1376/2041 2249/1375/2040 
f 2230/1356/2022 2231/1357/2023 2251/1377/2042 2250/1376/2041 
f 2231/1357/2023 2232/1358/2024 2252/1378/2043 2251/1377/2042 
f 2232/1358/2024 2233/1359/2025 2253/1379/2044 2252/1378/2043 
f 2233/1359/2025 2234/1360/2026 2254/1380/2045 2253/1379/2044 
f 2234/1360/2026 2235/1361/2027 2255/1381/2046 2254/1380/2045 
f 2235/1361/2027 2236/1362/2028 2256/1382/2047 2255/1381/2046 
f 2236/1362/2028 2237/1363/2029 2257/1383/2048 2256/1382/2047 
f 2237/1363/2029 2238/1364/2030 2258/1384/2049 2257/1383/2048 
f 2238/1364/2030 2239/1365/2031 2259/1385/2050 2258/1384/2049 
f 2239/1365/2031 2240/1366/2031 2260/1386/2050 2259/1385/2050 
f 2240/1366/2031 2241/1367/2032 2261/1387/2051 2260/1386/2050 
f 2241/1367/2032 2242/1368/2033 2262/1388/2052 2261/1387/2051 
f 2242/1368/2033 2243/1369/2034 2263/1389/2053 2262/1388/2052 
f 2245/1371/2036 2244/1370/2035 2264/1390/2054 2265/1391/2055 
f 2244/1370/2035 2246/1372/2037 2266/1392/2056 2264/1390/2054 
f 2246/1372/2037 2247/1373/2038 2267/1393/2057 2266/1392/2056 
f 2247/1373/2038 2248/1374/2039 2268/1394/2058 2267/1393/2057 
f 2248/1374/2039 2249/1375/2040 2269/1395/2059 2268/1394/2058 
f 2249/1375/2040 2250/1376/2041 2270/1396/2060 2269/1395/2059 
f 2250/1376/2041 2251/1377/2042 2271/1397/2061 2270/1396/2060 
f 2251/1377/2042 2252/1378/2043 2272/1398/2062 2271/1397/2061 
f 2252/1378/2043 2253/1379/2044 2273/1399/2063 2272/1398/2062 
f 2253/1379/2044 2254/1380/2045 2274/1400/2064 2273/1399/2063 
f 2254/1380/2045 2255/1381/2046 2275/1401/2065 2274/1400/2064 
f 2255/1381/2046 2256/1382/2047 2276/1402/2066 2275/1401/2065 
f 2256/1382/2047 2257/1383/2048 2277/1403/2067 2276/1402/2066 
f 2257/1383/2048 2258/1384/2049 2278/1404/2068 2277/1403/2067 
f 2258/1384/2049 2259/1385/2050 2279/1405/2069 2278/1404/2068 
f 2259/1385/2050 2260/1386/2050 2280/1406/2069 2279/1405/2069 
f 2260/1386/2050 2261/1387/2051 2281/1407/2070 2280/1406/2069 
f 2261/1387/2051 2262/1388/2052 2282/1408/2071 2281/1407/2070 
f 2262/1388/2052 2263/1389/2053 2283/1409/2072 2282/1408/2071 
f 2265/1391/2055 2264/1390/2054 1805/931/1622 1804/930/158 
f 2264/1390/2054 2266/1392/2056 1808/934/1625 1805/931/1622 
f 2266/1392/2056 2267/1393/2057 1810/936/1627 1808/934/1625 
f 2267/1393/2057 2268/1394/2058 1812/938/1629 1810/936/1627 
f 2268/1394/2058 2269/1395/2059 1814/940/1631 1812/938/1629 
f 2269/1395/2059 2270/1396/2060 1816/942/1633 1814/940/1631 
f 2270/1396/2060 2271/1397/2061 1818/944/1635 1816/942/1633 
f 2271/1397/2061 2272/1398/2062 1820/946/1637 1818/944/1635 
f 2272/1398/2062 2273/1399/2063 1822/948/1639 1820/946/1637 
f 2273/1399/2063 2274/1400/2064 1824/950/1641 1822/948/1639 
f 2274/1400/2064 2275/1401/2065 1826/952/1643 1824/950/1641 
f 2275/1401/2065 2276/1402/2066 1828/954/1645 1826/952/1643 
f 2276/1402/2066 2277/1403/2067 1830/956/1647 1828/954/1645 
f 2277/1403/2067 2278/1404/2068 1832/958/1649 1830/956/1647 
f 2278/1404/2068 2279/1405/2069 1834/960/1651 1832/958/1649 
f 2279/1405/2069 2280/1406/2069 1836/962/1653 1834/960/1651 
f 2280/1406/2069 2281/1407/2070 1838/964/1654 1836/962/1653 
f 2281/1407/2070 2282/1408/2071 1840/966/1656 1838/964/1654 
f 2282/1408/2071 2283/1409/2072 1842/968/1658 1840/966/1656 
f 2284/1410/2073 2285/1411/2074 2286/1412/2075 2287/1413/2076 
f 2288/1414/2077 2289/1415/2078 2285/1411/2074 2284/1410/2073 
f 2290/1416/2079 2291/1417/2080 2289/1415/2078 2288/1414/2077 
f 2292/1418/2081 2293/806/2082 2291/1419/2080 2290/1420/2079 
f 2294/1421/2083 2295/809/2084 2293/806/2082 2292/1418/2081 
f 2296/1422/2085 2297/813/2086 2295/809/2084 2294/1421/2083 
f 2298/1423/2087 2299/817/2087 2297/813/2086 2296/1422/2085 
f 2300/1424/2088 2301/821/2089 2299/817/2087 2298/1423/2087 
f 2302/1425/2090 2303/825/2090 2301/821/2089 2300/1424/2088 
f 2304/1426/2091 2305/829/2092 2303/825/2090 2302/1425/2090 
f 2306/1427/2093 2307/800/2094 2305/829/2092 2304/1426/2091 
f 2308/1428/2095 2309/1429/2096 2307/800/2094 2306/1427/2093 
f 2310/1430/2097 2311/1431/2098 2309/1429/2096 2308/1428/2095 
f 2312/1432/2099 2313/1433/2100 2311/1431/2098 2310/1430/2097 
f 2314/1434/2101 2315/1435/2102 2313/1433/2100 2312/1432/2099 
f 2287/1413/2076 2286/1412/2075 2315/1435/2102 2314/1434/2101 
f 2316/1436/2103 2317/1436/2104 2318/1437/2105 2319/1437/2106 
f 2320/1438/2107 2321/1438/2108 2317/1436/2104 2316/1436/2103 
f 2322/1439/2109 2323/1439/2110 2321/1438/2108 2320/1438/2107 
f 2324/1440/2111 2325/1440/2112 2323/1439/2110 2322/1439/2109 
f 2326/1441/2113 2327/1441/2114 2325/1440/2112 2324/1440/2111 
f 2328/1442/2115 2329/1442/2116 2327/1441/2114 2326/1441/2113 
f 2330/1443/2117 2331/1443/2118 2329/1442/2116 2328/1442/2115 
f 2332/1444/2119 2333/1444/2120 2331/1443/2118 2330/1443/2117 
f 2334/1445/2121 2335/1445/2122 2333/1444/2120 2332/1444/2119 
f 2336/1446/2123 2337/1446/2124 2335/1445/2122 2334/1445/2121 
f 2338/1447/2125 2339/1447/2126 2337/1446/2124 2336/1446/2123 
f 2340/1448/2127 2341/1448/2128 2339/1447/2126 2338/1447/2125 
f 2342/1449/2129 2343/1449/2130 2341/1448/2128 2340/1448/2127 
f 2344/1450/2131 2345/1450/2132 2343/1449/2130 2342/1449/2129 
f 2346/1451/2133 2347/1451/2134 2345/1450/2132 2344/1450/2131 
f 2319/1437/2106 2318/1437/2105 2347/1451/2134 2346/1451/2133 
f 2348/1452/2135 2349/1453/2136 2350/1454/2137 2351/1455/2137 
f 2352/1456/2138 2353/1457/2139 2349/1453/2136 2348/1452/2135 
f 2354/1458/2140 2355/1459/2141 2353/1457/2139 2352/1456/2138 
f 2356/1460/2142 2357/1461/2143 2355/1459/2141 2354/1458/2140 
f 2358/1462/2144 2359/1463/2145 2357/1461/2143 2356/1460/2142 
f 2360/1464/2146 2361/1465/2147 2359/1463/2145 2358/1462/2144 
f 2362/1466/2148 2363/1467/2149 2361/1465/2147 2360/1464/2146 
f 2364/1468/2150 2365/1469/2151 2363/1467/2149 2362/1466/2148 
f 2366/1470/2152 2367/1471/2153 2365/1469/2151 2364/1468/2150 
f 2368/1472/2154 2369/1473/2155 2367/1471/2153 2366/1470/2152 
f 2370/1474/2156 2371/1475/2157 2369/1473/2155 2368/1472/2154 
f 2372/1476/2158 2373/1477/2159 2371/1475/2157 2370/1474/2156 
f 2374/1478/2160 2375/1479/2161 2373/1477/2159 2372/1476/2158 
f 2376/1480/2162 2377/1481/2163 2375/1479/2161 2374/1478/2160 
f 2378/1482/2164 2379/1483/2165 2377/1481/2163 2376/1480/2162 
f 2351/1455/2137 2350/1454/2137 2379/1483/2165 2378/1482/2164 
f 2287/1413/2076 2380/1436/2166 2381/1437/2167 2284/1410/2073 
f 2284/1410/2073 2381/1437/2167 2382/1451/2168 2288/1414/2077 
f 2288/1414/2077 2382/1451/2168 2383/1450/2169 2290/1416/2079 
f 2290/1420/2079 2383/1484/2169 2384/705/2170 2292/1418/2081 
f 2292/1418/2081 2384/705/2170 2385/709/2171 2294/1421/2083 
f 2294/1421/2083 2385/709/2171 2386/713/2172 2296/1422/2085 
f 2296/1422/2085 2386/713/2172 2387/717/2173 2298/1423/2087 
f 2298/1423/2087 2387/717/2173 2388/721/2174 2300/1424/2088 
f 2300/1424/2088 2388/721/2174 2389/725/2175 2302/1425/2090 
f 2302/1425/2090 2389/725/2175 2390/729/2176 2304/1426/2091 
f 2304/1426/2091 2390/729/2176 2391/733/2177 2306/1427/2093 
f 2306/1427/2093 2391/733/2177 2392/929/2178 2308/1428/2095 
f 2308/1428/2095 2392/929/2178 2393/1485/2179 2310/1430/2097 
f 2310/1430/2097 2393/1485/2179 2394/1486/2180 2312/1432/2099 
f 2312/1432/2099 2394/1486/2180 2395/1487/2181 2314/1434/2101 
f 2314/1434/2101 2395/1487/2181 2380/1436/2166 2287/1413/2076 
f 2396/1436/2182 2397/1436/2183 2398/1437/2184 2399/1437/2185 
f 2400/1437/2186 2381/1437/2167 2380/1436/2166 2401/1436/2187 
f 2402/1438/2188 2403/1438/2189 2397/1436/2183 2396/1436/2182 
f 2401/1436/2187 2380/1436/2166 2395/1438/2181 2404/1438/2190 
f 2405/1439/2191 2406/1439/2192 2403/1438/2189 2402/1438/2188 
f 2404/1438/2190 2395/1438/2181 2394/1439/2180 2407/1439/2193 
f 2408/1440/2194 2409/1440/2195 2406/1439/2192 2405/1439/2191 
f 2407/1439/2193 2394/1439/2180 2393/1440/2179 2410/1440/2196 
f 2411/1441/2197 2412/1441/2198 2409/1440/2195 2408/1440/2194 
f 2410/1440/2196 2393/1440/2179 2392/1441/2178 2413/1441/2199 
f 2414/1442/2200 2415/1442/2201 2412/1441/2198 2411/1441/2197 
f 2413/1441/2199 2392/1441/2178 2391/1442/2177 2416/1442/2202 
f 2417/1443/2203 2418/1443/2204 2415/1442/2201 2414/1442/2200 
f 2416/1442/2202 2391/1442/2177 2390/1443/2176 2419/1443/2205 
f 2420/1444/2206 2421/1444/2207 2418/1443/2204 2417/1443/2203 
f 2419/1443/2205 2390/1443/2176 2389/1444/2175 2422/1444/2208 
f 2423/1445/2209 2424/1445/2210 2421/1444/2207 2420/1444/2206 
f 2422/1444/2208 2389/1444/2175 2388/1445/2174 2425/1445/2211 
f 2426/1446/2212 2427/1446/2213 2424/1445/2210 2423/1445/2209 
f 2425/1445/2211 2388/1445/2174 2387/1446/2173 2428/1446/2214 
f 2429/1447/2215 2430/1447/2216 2427/1446/2213 2426/1446/2212 
f 2428/1446/2214 2387/1446/2173 2386/1447/2172 2431/1447/2217 
f 2432/1448/2218 2433/1448/2219 2430/1447/2216 2429/1447/2215 
f 2431/1447/2217 2386/1447/2172 2385/1448/2171 2434/1448/2220 
f 2435/1449/2221 2436/1449/2222 2433/1448/2219 2432/1448/2218 
f 2434/1448/2220 2385/1448/2171 2384/1449/2170 2437/1449/2223 
f 2438/1450/2224 2439/1450/2225 2436/1449/2222 2435/1449/2221 
f 2437/1449/2223 2384/1449/2170 2383/1450/2169 2440/1450/2226 
f 2441/1451/2227 2442/1451/2228 2439/1450/2225 2438/1450/2224 
f 2440/1450/2226 2383/1450/2169 2382/1451/2168 2443/1451/2229 
f 2399/1437/2185 2398/1437/2184 2442/1451/2228 2441/1451/2227 
f 2443/1451/2229 2382/1451/2168 2381/1437/2167 2400/1437/2186 
f 2444/1488/2230 2398/1437/2184 2397/1436/2183 2445/1489/2231 
f 2445/1489/2231 2397/1436/2183 2403/1438/2189 2446/1490/2232 
f 2446/1490/2232 2403/1438/2189 2406/1439/2192 2447/1491/2233 
f 2447/1491/2233 2406/1439/2192 2409/1440/2195 2448/1492/2234 
f 2448/1492/2234 2409/1440/2195 2412/1441/2198 2449/1493/2235 
f 2449/1493/2235 2412/1441/2198 2415/1442/2201 2450/1494/2236 
f 2450/1494/2236 2415/1442/2201 2418/1443/2204 2451/1495/2237 
f 2451/1495/2237 2418/1443/2204 2421/1444/2207 2452/1496/2238 
f 2452/1496/2238 2421/1444/2207 2424/1445/2210 2453/1497/2239 
f 2453/1497/2239 2424/1445/2210 2427/1446/2213 2454/1498/2240 
f 2454/1498/2240 2427/1446/2213 2430/1447/2216 2455/1499/2241 
f 2455/1499/2241 2430/1447/2216 2433/1448/2219 2456/1500/2242 
f 2456/1500/2242 2433/1448/2219 2436/1449/2222 2457/1501/2243 
f 2457/1501/2243 2436/1449/2222 2439/1450/2225 2458/1502/2244 
f 2458/1502/2244 2439/1450/2225 2442/1451/2228 2459/1503/2245 
f 2459/1503/2245 2442/1451/2228 2398/1437/2184 2444/1488/2230 
f 2317/1436/2104 2396/1436/2182 2399/1437/2185 2318/1437/2105 
f 2319/1437/2106 2400/1437/2186 2401/1436/2187 2316/1436/2103 
f 2321/1438/2108 2402/1438/2188 2396/1436/2182 2317/1436/2104 
f 2316/1436/2103 2401/1436/2187 2404/1438/2190 2320/1438/2107 
f 2323/1439/2110 2405/1439/2191 2402/1438/2188 2321/1438/2108 
f 2320/1438/2107 2404/1438/2190 2407/1439/2193 2322/1439/2109 
f 2325/1440/2112 2408/1440/2194 2405/1439/2191 2323/1439/2110 
f 2322/1439/2109 2407/1439/2193 2410/1440/2196 2324/1440/2111 
f 2327/1441/2114 2411/1441/2197 2408/1440/2194 2325/1440/2112 
f 2324/1440/2111 2410/1440/2196 2413/1441/2199 2326/1441/2113 
f 2329/1442/2116 2414/1442/2200 2411/1441/2197 2327/1441/2114 
f 2326/1441/2113 2413/1441/2199 2416/1442/2202 2328/1442/2115 
f 2331/1443/2118 2417/1443/2203 2414/1442/2200 2329/1442/2116 
f 2328/1442/2115 2416/1442/2202 2419/1443/2205 2330/1443/2117 
f 2333/1444/2120 2420/1444/2206 2417/1443/2203 2331/1443/2118 
f 2330/1443/2117 2419/1443/2205 2422/1444/2208 2332/1444/2119 
f 2335/1445/2122 2423/1445/2209 2420/1444/2206 2333/1444/2120 
f 2332/1444/2119 2422/1444/2208 2425/1445/2211 2334/1445/2121 
f 2337/1446/2124 2426/1446/2212 2423/1445/2209 2335/1445/2122 
f 2334/1445/2121 2425/1445/2211 2428/1446/2214 2336/1446/2123 
f 2339/1447/2126 2429/1447/2215 2426/1446/2212 2337/1446/2124 
f 2336/1446/2123 2428/1446/2214 2431/1447/2217 2338/1447/2125 
f 2341/1448/2128 2432/1448/2218 2429/1447/2215 2339/1447/2126 
f 2338/1447/2125 2431/1447/2217 2434/1448/2220 2340/1448/2127 
f 2343/1449/2130 2435/1449/2221 2432/1448/2218 2341/1448/2128 
f 2340/1448/2127 2434/1448/2220 2437/1449/2223 2342/1449/2129 
f 2345/1450/2132 2438/1450/2224 2435/1449/2221 2343/1449/2130 
f 2342/1449/2129 2437/1449/2223 2440/1450/2226 2344/1450/2131 
f 2347/1451/2134 2441/1451/2227 2438/1450/2224 2345/1450/2132 
f 2344/1450/2131 2440/1450/2226 2443/1451/2229 2346/1451/2133 
f 2318/1437/2105 2399/1437/2185 2441/1451/2227 2347/1451/2134 
f 2346/1451/2133 2443/1451/2229 2400/1437/2186 2319/1437/2106 
f 2349/1453/2136 2460/1504/2246 2350/1454/2137 
f 2351/1455/2137 2444/1488/2230 2445/1489/2231 2348/1452/2135 
f 2353/1457/2139 2460/1504/2246 2349/1453/2136 
f 2348/1452/2135 2445/1489/2231 2446/1490/2232 2352/1456/2138 
f 2355/1459/2141 2460/1504/2246 2353/1457/2139 
f 2352/1456/2138 2446/1490/2232 2447/1491/2233 2354/1458/2140 
f 2357/1461/2143 2460/1504/2246 2355/1459/2141 
f 2354/1458/2140 2447/1491/2233 2448/1492/2234 2356/1460/2142 
f 2359/1463/2145 2460/1504/2246 2357/1461/2143 
f 2356/1460/2142 2448/1492/2234 2449/1493/2235 2358/1462/2144 
f 2361/1465/2147 2460/1504/2246 2359/1463/2145 
f 2358/1462/2144 2449/1493/2235 2450/1494/2236 2360/1464/2146 
f 2363/1467/2149 2460/1504/2246 2361/1465/2147 
f 2360/1464/2146 2450/1494/2236 2451/1495/2237 2362/1466/2148 
f 2365/1469/2151 2460/1504/2246 2363/1467/2149 
f 2362/1466/2148 2451/1495/2237 2452/1496/2238 2364/1468/2150 
f 2367/1471/2153 2460/1504/2246 2365/1469/2151 
f 2364/1468/2150 2452/1496/2238 2453/1497/2239 2366/1470/2152 
f 2369/1473/2155 2460/1504/2246 2367/1471/2153 
f 2366/1470/2152 2453/1497/2239 2454/1498/2240 2368/1472/2154 
f 2371/1475/2157 2460/1504/2246 2369/1473/2155 
f 2368/1472/2154 2454/1498/2240 2455/1499/2241 2370/1474/2156 
f 2373/1477/2159 2460/1504/2246 2371/1475/2157 
f 2370/1474/2156 2455/1499/2241 2456/1500/2242 2372/1476/2158 
f 2375/1479/2161 2460/1504/2246 2373/1477/2159 
f 2372/1476/2158 2456/1500/2242 2457/1501/2243 2374/1478/2160 
f 2377/1481/2163 2460/1504/2246 2375/1479/2161 
f 2374/1478/2160 2457/1501/2243 2458/1502/2244 2376/1480/2162 
f 2379/1483/2165 2460/1504/2246 2377/1481/2163 
f 2376/1480/2162 2458/1502/2244 2459/1503/2245 2378/1482/2164 
f 2350/1454/2137 2460/1504/2246 2379/1483/2165 
f 2378/1482/2164 2459/1503/2245 2444/1488/2230 2351/1455/2137 
f 2461/1505/2247 2462/1506/2247 2463/1507/2247 
f 2462/1506/2247 2464/1508/2248 2465/1509/2249 2463/1507/2247 
f 2464/1508/2248 2466/1510/2250 2467/1511/2251 2465/1509/2249 
f 2466/1510/2250 2468/1512/2252 2469/1513/2253 2467/1511/2251 
f 2468/1512/2252 2470/1514/2254 2471/1515/2255 2469/1513/2253 
f 2470/1514/2254 2472/1516/2256 2473/1517/2257 2471/1515/2255 
f 2472/1516/2256 2474/1518/287 2475/1519/2258 2473/1517/2257 
f 2474/1518/287 2476/1520/2259 2477/1521/2258 2475/1519/2258 
f 2476/1520/2259 2478/1522/2260 2479/1523/2261 2477/1521/2258 
f 2478/1522/2260 2480/1524/2262 2481/1525/2263 2479/1523/2261 
f 2480/1524/2262 2482/1526/2264 2483/1527/2265 2481/1525/2263 
f 2482/1526/2264 2484/1528/2266 2485/1529/2267 2483/1527/2265 
f 2484/1528/2266 2486/1530/2268 2487/1531/2269 2485/1529/2267 
f 2486/1530/2268 2488/1532/573 2489/1533/573 2487/1531/2269 
f 2488/1532/573 2490/1534/573 2491/1535/573 2489/1533/573 
f 2490/1534/573 2492/1536/2270 2493/1537/2271 2491/1535/573 
s 2
f 2492/1536/2270 2494/1538/2272 2495/1539/2273 2493/1537/2271 
f 2494/1538/2272 2496/1540/2272 2497/1541/2274 2495/1539/2273 
f 2496/1540/2272 2498/1542/2275 2499/1543/2276 2497/1541/2274 
f 2498/1542/2275 2500/1544/2277 2501/1545/2278 2499/1543/2276 
f 2500/1544/2277 2502/1546/2279 2503/1547/2280 2501/1545/2278 
s 1
f 2461/1505/2247 2463/1507/2247 2504/1548/2247 
f 2463/1507/2247 2465/1509/2249 2505/1549/2281 2504/1548/2247 
f 2465/1509/2249 2467/1511/2251 2506/1550/2282 2505/1549/2281 
f 2467/1511/2251 2469/1513/2253 2507/1551/2283 2506/1550/2282 
f 2469/1513/2253 2471/1515/2255 2508/1552/2284 2507/1551/2283 
f 2471/1515/2255 2473/1517/2257 2509/1553/2285 2508/1552/2284 
f 2473/1517/2257 2475/1519/2258 2510/1554/1773 2509/1553/2285 
f 2475/1519/2258 2477/1521/2258 2511/1555/1773 2510/1554/1773 
f 2477/1521/2258 2479/1523/2261 2512/1556/2286 2511/1555/1773 
f 2479/1523/2261 2481/1525/2263 2513/1557/2287 2512/1556/2286 
f 2481/1525/2263 2483/1527/2265 2514/1558/2288 2513/1557/2287 
f 2483/1527/2265 2485/1529/2267 2515/1559/2289 2514/1558/2288 
f 2485/1529/2267 2487/1531/2269 2516/1560/2290 2515/1559/2289 
f 2487/1531/2269 2489/1533/573 2517/1561/573 2516/1560/2290 
f 2489/1533/573 2491/1535/573 2518/1562/573 2517/1561/573 
f 2491/1535/573 2493/1537/2271 2519/1563/2291 2518/1562/573 
s 2
f 2493/1537/2271 2495/1539/2273 2520/1564/2292 2519/1563/2291 
f 2495/1539/2273 2497/1541/2274 2521/1565/2293 2520/1564/2292 
f 2497/1541/2274 2499/1543/2276 2522/1566/2294 2521/1565/2293 
f 2499/1543/2276 2501/1545/2278 2523/1567/2295 2522/1566/2294 
f 2501/1545/2278 2503/1547/2280 2524/1568/2296 2523/1567/2295 
s 1
f 2461/1505/2247 2504/1548/2247 2525/1569/2247 
f 2504/1548/2247 2505/1549/2281 2526/1570/2297 2525/1569/2247 
f 2505/1549/2281 2506/1550/2282 2527/1571/2298 2526/1570/2297 
f 2506/1550/2282 2507/1551/2283 2528/1572/2299 2527/1571/2298 
f 2507/1551/2283 2508/1552/2284 2529/1573/2300 2528/1572/2299 
f 2508/1552/2284 2509/1553/2285 2530/1574/2301 2529/1573/2300 
f 2509/1553/2285 2510/1554/1773 2531/1575/361 2530/1574/2301 
f 2510/1554/1773 2511/1555/1773 2532/1576/361 2531/1575/361 
f 2511/1555/1773 2512/1556/2286 2533/1577/2302 2532/1576/361 
f 2512/1556/2286 2513/1557/2287 2534/1578/2303 2533/1577/2302 
f 2513/1557/2287 2514/1558/2288 2535/1579/2304 2534/1578/2303 
f 2514/1558/2288 2515/1559/2289 2536/1580/2305 2535/1579/2304 
f 2515/1559/2289 2516/1560/2290 2537/1581/2306 2536/1580/2305 
f 2516/1560/2290 2517/1561/573 2538/1582/573 2537/1581/2306 
f 2517/1561/573 2518/1562/573 2539/1583/573 2538/1582/573 
f 2518/1562/573 2519/1563/2291 2540/1584/2307 2539/1583/573 
s 2
f 2519/1563/2291 2520/1564/2292 2541/1585/2308 2540/1584/2307 
f 2520/1564/2292 2521/1565/2293 2542/1586/2309 2541/1585/2308 
f 2521/1565/2293 2522/1566/2294 2543/1587/2310 2542/1586/2309 
f 2522/1566/2294 2523/1567/2295 2544/1588/2311 2543/1587/2310 
f 2523/1567/2295 2524/1568/2296 2545/1589/2312 2544/1588/2311 
s 1
f 2461/1505/2247 2525/1569/2247 2546/1590/2247 
f 2525/1569/2247 2526/1570/2297 2547/1591/2313 2546/1590/2247 
f 2526/1570/2297 2527/1571/2298 2548/1592/2314 2547/1591/2313 
f 2527/1571/2298 2528/1572/2299 2549/1593/2315 2548/1592/2314 
f 2528/1572/2299 2529/1573/2300 2550/1594/2316 2549/1593/2315 
f 2529/1573/2300 2530/1574/2301 2551/1595/2317 2550/1594/2316 
f 2530/1574/2301 2531/1575/361 2552/1596/2318 2551/1595/2317 
f 2531/1575/361 2532/1576/361 2553/1597/2318 2552/1596/2318 
f 2532/1576/361 2533/1577/2302 2554/1598/2319 2553/1597/2318 
f 2533/1577/2302 2534/1578/2303 2555/1599/2320 2554/1598/2319 
f 2534/1578/2303 2535/1579/2304 2556/1600/2321 2555/1599/2320 
f 2535/1579/2304 2536/1580/2305 2557/1601/2322 2556/1600/2321 
f 2536/1580/2305 2537/1581/2306 2558/1602/2323 2557/1601/2322 
f 2537/1581/2306 2538/1582/573 2559/1603/573 2558/1602/2323 
f 2538/1582/573 2539/1583/573 2560/1604/573 2559/1603/573 
f 2539/1583/573 2540/1584/2307 2561/1605/2324 2560/1604/573 
s 2
f 2540/1584/2307 2541/1585/2308 2562/1606/2325 2561/1605/2324 
f 2541/1585/2308 2542/1586/2309 2563/1607/2326 2562/1606/2325 
f 2542/1586/2309 2543/1587/2310 2564/1608/2327 2563/1607/2326 
f 2543/1587/2310 2544/1588/2311 2565/1609/2328 2564/1608/2327 
f 2544/1588/2311 2545/1589/2312 2566/1610/2329 2565/1609/2328 
s 1
f 2461/1505/2247 2546/1590/2247 2567/1611/2247 
f 2546/1590/2247 2547/1591/2313 2568/1612/2330 2567/1611/2247 
f 2547/1591/2313 2548/1592/2314 2569/1613/2331 2568/1612/2330 
f 2548/1592/2314 2549/1593/2315 2570/1614/2332 2569/1613/2331 
f 2549/1593/2315 2550/1594/2316 2571/1615/2333 2570/1614/2332 
f 2550/1594/2316 2551/1595/2317 2572/1616/2334 2571/1615/2333 
f 2551/1595/2317 2552/1596/2318 2573/1617/1829 2572/1616/2334 
f 2552/1596/2318 2553/1597/2318 2574/1618/1829 2573/1617/1829 
f 2553/1597/2318 2554/1598/2319 2575/1619/2335 2574/1618/1829 
f 2554/1598/2319 2555/1599/2320 2576/1620/2336 2575/1619/2335 
f 2555/1599/2320 2556/1600/2321 2577/1621/2337 2576/1620/2336 
f 2556/1600/2321 2557/1601/2322 2578/1622/2338 2577/1621/2337 
f 2557/1601/2322 2558/1602/2323 2579/1623/2339 2578/1622/2338 
f 2558/1602/2323 2559/1603/573 2580/1624/573 2579/1623/2339 
f 2559/1603/573 2560/1604/573 2581/1625/573 2580/1624/573 
f 2560/1604/573 2561/1605/2324 2582/1626/2340 2581/1625/573 
s 2
f 2561/1605/2324 2562/1606/2325 2583/1627/2341 2582/1626/2340 
f 2562/1606/2325 2563/1607/2326 2584/1628/2342 2583/1627/2341 
f 2563/1607/2326 2564/1608/2327 2585/1629/2343 2584/1628/2342 
f 2564/1608/2327 2565/1609/2328 2586/1630/2344 2585/1629/2343 
f 2565/1609/2328 2566/1610/2329 2587/1631/2345 2586/1630/2344 
s 1
f 2461/1505/2247 2567/1611/2247 2588/1632/2247 
f 2567/1611/2247 2568/1612/2330 2589/1633/2346 2588/1632/2247 
f 2568/1612/2330 2569/1613/2331 2590/1634/2347 2589/1633/2346 
f 2569/1613/2331 2570/1614/2332 2591/1635/2348 2590/1634/2347 
f 2570/1614/2332 2571/1615/2333 2592/1636/2349 2591/1635/2348 
f 2571/1615/2333 2572/1616/2334 2593/1637/2350 2592/1636/2349 
f 2572/1616/2334 2573/1617/1829 2594/1638/1848 2593/1637/2350 
f 2573/1617/1829 2574/1618/1829 2595/1639/1848 2594/1638/1848 
f 2574/1618/1829 2575/1619/2335 2596/1640/2351 2595/1639/1848 
f 2575/1619/2335 2576/1620/2336 2597/1641/2352 2596/1640/2351 
f 2576/1620/2336 2577/1621/2337 2598/1642/2353 2597/1641/2352 
f 2577/1621/2337 2578/1622/2338 2599/1643/2354 2598/1642/2353 
f 2578/1622/2338 2579/1623/2339 2600/1644/2355 2599/1643/2354 
f 2579/1623/2339 2580/1624/573 2601/1645/573 2600/1644/2355 
f 2580/1624/573 2581/1625/573 2602/1646/573 2601/1645/573 
f 2581/1625/573 2582/1626/2340 2603/1647/2356 2602/1646/573 
s 2
f 2582/1626/2340 2583/1627/2341 2604/1648/2357 2603/1647/2356 
f 2583/1627/2341 2584/1628/2342 2605/1649/2358 2604/1648/2357 
f 2584/1628/2342 2585/1629/2343 2606/1650/2359 2605/1649/2358 
f 2585/1629/2343 2586/1630/2344 2607/1651/2360 2606/1650/2359 
f 2586/1630/2344 2587/1631/2345 2608/1652/2361 2607/1651/2360 
s 1
f 2461/1505/2247 2588/1632/2247 2609/1653/2247 
f 2588/1632/2247 2589/1633/2346 2610/1654/2362 2609/1653/2247 
f 2589/1633/2346 2590/1634/2347 2611/1655/2363 2610/1654/2362 
f 2590/1634/2347 2591/1635/2348 2612/1656/2364 2611/1655/2363 
f 2591/1635/2348 2592/1636/2349 2613/1657/2365 2612/1656/2364 
f 2592/1636/2349 2593/1637/2350 2614/1658/2366 2613/1657/2365 
f 2593/1637/2350 2594/1638/1848 2615/1659/1867 2614/1658/2366 
f 2594/1638/1848 2595/1639/1848 2616/1660/1867 2615/1659/1867 
f 2595/1639/1848 2596/1640/2351 2617/1661/2367 2616/1660/1867 
f 2596/1640/2351 2597/1641/2352 2618/1662/2368 2617/1661/2367 
f 2597/1641/2352 2598/1642/2353 2619/1663/2369 2618/1662/2368 
f 2598/1642/2353 2599/1643/2354 2620/1664/2370 2619/1663/2369 
f 2599/1643/2354 2600/1644/2355 2621/1665/2371 2620/1664/2370 
f 2600/1644/2355 2601/1645/573 2622/1666/573 2621/1665/2371 
f 2601/1645/573 2602/1646/573 2623/1667/573 2622/1666/573 
f 2602/1646/573 2603/1647/2356 2624/1668/2372 2623/1667/573 
s 2
f 2603/1647/2356 2604/1648/2357 2625/1669/2373 2624/1668/2372 
f 2604/1648/2357 2605/1649/2358 2626/1670/2374 2625/1669/2373 
f 2605/1649/2358 2606/1650/2359 2627/1671/2375 2626/1670/2374 
f 2606/1650/2359 2607/1651/2360 2628/1672/2376 2627/1671/2375 
f 2607/1651/2360 2608/1652/2361 2629/1673/2377 2628/1672/2376 
s 1
f 2461/1505/2247 2609/1653/2247 2630/1674/2247 
f 2609/1653/2247 2610/1654/2362 2631/1675/2378 2630/1674/2247 
f 2610/1654/2362 2611/1655/2363 2632/1676/2379 2631/1675/2378 
f 2611/1655/2363 2612/1656/2364 2633/1677/2380 2632/1676/2379 
f 2612/1656/2364 2613/1657/2365 2634/1678/2381 2633/1677/2380 
f 2613/1657/2365 2614/1658/2366 2635/1679/2382 2634/1678/2381 
f 2614/1658/2366 2615/1659/1867 2636/1680/2383 2635/1679/2382 
f 2615/1659/1867 2616/1660/1867 2637/1681/2383 2636/1680/2383 
f 2616/1660/1867 2617/1661/2367 2638/1682/2384 2637/1681/2383 
f 2617/1661/2367 2618/1662/2368 2639/1683/2385 2638/1682/2384 
f 2618/1662/2368 2619/1663/2369 2640/1684/2386 2639/1683/2385 
f 2619/1663/2369 2620/1664/2370 2641/1685/2387 2640/1684/2386 
f 2620/1664/2370 2621/1665/2371 2642/1686/2388 2641/1685/2387 
f 2621/1665/2371 2622/1666/573 2643/1687/573 2642/1686/2388 
f 2622/1666/573 2623/1667/573 2644/1688/573 2643/1687/573 
f 2623/1667/573 2624/1668/2372 2645/1689/2389 2644/1688/573 
s 2
f 2624/1668/2372 2625/1669/2373 2646/1690/2390 2645/1689/2389 
f 2625/1669/2373 2626/1670/2374 2647/1691/2390 2646/1690/2390 
f 2626/1670/2374 2627/1671/2375 2648/1692/2391 2647/1691/2390 
f 2627/1671/2375 2628/1672/2376 2649/1693/2392 2648/1692/2391 
f 2628/1672/2376 2629/1673/2377 2650/1694/2393 2649/1693/2392 
s 1
f 2461/1505/2247 2630/1674/2247 2651/1695/2247 
f 2630/1674/2247 2631/1675/2378 2652/1696/2394 2651/1695/2247 
f 2631/1675/2378 2632/1676/2379 2653/1697/2395 2652/1696/2394 
f 2632/1676/2379 2633/1677/2380 2654/1698/2396 2653/1697/2395 
f 2633/1677/2380 2634/1678/2381 2655/1699/2397 2654/1698/2396 
f 2634/1678/2381 2635/1679/2382 2656/1700/2398 2655/1699/2397 
f 2635/1679/2382 2636/1680/2383 2657/1701/516 2656/1700/2398 
f 2636/1680/2383 2637/1681/2383 2658/1702/504 2657/1701/516 
f 2637/1681/2383 2638/1682/2384 2659/1703/2399 2658/1702/504 
f 2638/1682/2384 2639/1683/2385 2660/1704/2400 2659/1703/2399 
f 2639/1683/2385 2640/1684/2386 2661/1705/2401 2660/1704/2400 
f 2640/1684/2386 2641/1685/2387 2662/1706/2402 2661/1705/2401 
f 2641/1685/2387 2642/1686/2388 2663/1707/2403 2662/1706/2402 
f 2642/1686/2388 2643/1687/573 2664/1708/573 2663/1707/2403 
f 2643/1687/573 2644/1688/573 2665/1709/573 2664/1708/573 
f 2644/1688/573 2645/1689/2389 2666/1710/2404 2665/1709/573 
s 2
f 2645/1689/2389 2646/1690/2390 2667/1711/2405 2666/1710/2404 
f 2646/1690/2390 2647/1691/2390 2668/1712/2406 2667/1711/2405 
f 2647/1691/2390 2648/1692/2391 2669/1713/2407 2668/1712/2406 
f 2648/1692/2391 2649/1693/2392 2670/1714/2408 2669/1713/2407 
f 2649/1693/2392 2650/1694/2393 2671/1715/2409 2670/1714/2408 
s 1
f 2461/1505/2247 2651/1695/2247 2672/1716/2247 
f 2651/1695/2247 2652/1696/2394 2673/1717/2410 2672/1716/2247 
f 2652/1696/2394 2653/1697/2395 2674/1718/2411 2673/1717/2410 
f 2653/1697/2395 2654/1698/2396 2675/1719/2412 2674/1718/2411 
f 2654/1698/2396 2655/1699/2397 2676/1720/2413 2675/1719/2412 
f 2655/1699/2397 2656/1700/2398 2677/1721/2414 2676/1720/2413 
f 2656/1700/2398 2657/1701/516 2678/1722/1923 2677/1721/2414 
f 2657/1701/516 2658/1702/504 2679/1723/2415 2678/1722/1923 
f 2658/1702/504 2659/1703/2399 2680/1724/2416 2679/1723/2415 
f 2659/1703/2399 2660/1704/2400 2681/1725/2417 2680/1724/2416 
f 2660/1704/2400 2661/1705/2401 2682/1726/2418 2681/1725/2417 
f 2661/1705/2401 2662/1706/2402 2683/1727/2419 2682/1726/2418 
f 2662/1706/2402 2663/1707/2403 2684/1728/2420 2683/1727/2419 
f 2663/1707/2403 2664/1708/573 2685/1729/573 2684/1728/2420 
f 2664/1708/573 2665/1709/573 2686/1730/573 2685/1729/573 
f 2665/1709/573 2666/1710/2404 2687/1731/2421 2686/1730/573 
s 2
f 2666/1710/2404 2667/1711/2405 2688/1732/2422 2687/1731/2421 
f 2667/1711/2405 2668/1712/2406 2689/1733/2423 2688/1732/2422 
f 2668/1712/2406 2669/1713/2407 2690/1734/2424 2689/1733/2423 
f 2669/1713/2407 2670/1714/2408 2691/1735/2425 2690/1734/2424 
f 2670/1714/2408 2671/1715/2409 2692/1736/2426 2691/1735/2425 
s 1
f 2461/1505/2247 2672/1716/2247 2693/1737/2247 
f 2672/1716/2247 2673/1717/2410 2694/1738/2427 2693/1737/2247 
f 2673/1717/2410 2674/1718/2411 2695/1739/2428 2694/1738/2427 
f 2674/1718/2411 2675/1719/2412 2696/1740/2429 2695/1739/2428 
f 2675/1719/2412 2676/1720/2413 2697/1741/2430 2696/1740/2429 
f 2676/1720/2413 2677/1721/2414 2698/1742/2431 2697/1741/2430 
f 2677/1721/2414 2678/1722/1923 2699/1743/2432 2698/1742/2431 
f 2678/1722/1923 2679/1723/2415 2700/1744/2432 2699/1743/2432 
f 2679/1723/2415 2680/1724/2416 2701/1745/2433 2700/1744/2432 
f 2680/1724/2416 2681/1725/2417 2702/1746/2434 2701/1745/2433 
f 2681/1725/2417 2682/1726/2418 2703/1747/2435 2702/1746/2434 
f 2682/1726/2418 2683/1727/2419 2704/1748/2436 2703/1747/2435 
f 2683/1727/2419 2684/1728/2420 2705/1749/2437 2704/1748/2436 
f 2684/1728/2420 2685/1729/573 2706/1750/573 2705/1749/2437 
f 2685/1729/573 2686/1730/573 2707/1751/573 2706/1750/573 
f 2686/1730/573 2687/1731/2421 2708/1752/2438 2707/1751/573 
s 2
f 2687/1731/2421 2688/1732/2422 2709/1753/2439 2708/1752/2438 
f 2688/1732/2422 2689/1733/2423 2710/1754/2440 2709/1753/2439 
f 2689/1733/2423 2690/1734/2424 2711/1755/2441 2710/1754/2440 
f 2690/1734/2424 2691/1735/2425 2712/1756/2442 2711/1755/2441 
f 2691/1735/2425 2692/1736/2426 2713/1757/2443 2712/1756/2442 
s 1
f 2461/1505/2247 2693/1737/2247 2714/1758/2247 
f 2693/1737/2247 2694/1738/2427 2715/1759/2444 2714/1758/2247 
f 2694/1738/2427 2695/1739/2428 2716/1760/2445 2715/1759/2444 
f 2695/1739/2428 2696/1740/2429 2717/1761/2446 2716/1760/2445 
f 2696/1740/2429 2697/1741/2430 2718/1762/2447 2717/1761/2446 
f 2697/1741/2430 2698/1742/2431 2719/1763/2448 2718/1762/2447 
f 2698/1742/2431 2699/1743/2432 2720/1764/2449 2719/1763/2448 
f 2699/1743/2432 2700/1744/2432 2721/1765/2449 2720/1764/2449 
f 2700/1744/2432 2701/1745/2433 2722/1766/2450 2721/1765/2449 
f 2701/1745/2433 2702/1746/2434 2723/1767/2451 2722/1766/2450 
f 2702/1746/2434 2703/1747/2435 2724/1768/2452 2723/1767/2451 
f 2703/1747/2435 2704/1748/2436 2725/1769/2453 2724/1768/2452 
f 2704/1748/2436 2705/1749/2437 2726/1770/2454 2725/1769/2453 
f 2705/1749/2437 2706/1750/573 2727/1771/573 2726/1770/2454 
f 2706/1750/573 2707/1751/573 2728/1772/573 2727/1771/573 
f 2707/1751/573 2708/1752/2438 2729/1773/2455 2728/1772/573 
s 2
f 2708/1752/2438 2709/1753/2439 2730/1774/2456 2729/1773/2455 
f 2709/1753/2439 2710/1754/2440 2731/1775/2456 2730/1774/2456 
f 2710/1754/2440 2711/1755/2441 2732/1776/2457 2731/1775/2456 
f 2711/1755/2441 2712/1756/2442 2733/1777/2458 2732/1776/2457 
f 2712/1756/2442 2713/1757/2443 2734/1778/2459 2733/1777/2458 
s 1
f 2461/1505/2247 2714/1758/2247 2735/1779/2247 
f 2714/1758/2247 2715/1759/2444 2736/1780/2460 2735/1779/2247 
f 2715/1759/2444 2716/1760/2445 2737/1781/2461 2736/1780/2460 
f 2716/1760/2445 2717/1761/2446 2738/1782/2462 2737/1781/2461 
f 2717/1761/2446 2718/1762/2447 2739/1783/2463 2738/1782/2462 
f 2718/1762/2447 2719/1763/2448 2740/1784/2464 2739/1783/2463 
f 2719/1763/2448 2720/1764/2449 2741/1785/2465 2740/1784/2464 
f 2720/1764/2449 2721/1765/2449 2742/1786/2465 2741/1785/2465 
f 2721/1765/2449 2722/1766/2450 2743/1787/2466 2742/1786/2465 
f 2722/1766/2450 2723/1767/2451 2744/1788/2467 2743/1787/2466 
f 2723/1767/2451 2724/1768/2452 2745/1789/2468 2744/1788/2467 
f 2724/1768/2452 2725/1769/2453 2746/1790/2469 2745/1789/2468 
f 2725/1769/2453 2726/1770/2454 2747/1791/2470 2746/1790/2469 
f 2726/1770/2454 2727/1771/573 2748/1792/573 2747/1791/2470 
f 2727/1771/573 2728/1772/573 2749/1793/573 2748/1792/573 
f 2728/1772/573 2729/1773/2455 2750/1794/2471 2749/1793/573 
s 2
f 2729/1773/2455 2730/1774/2456 2751/1795/2472 2750/1794/2471 
f 2730/1774/2456 2731/1775/2456 2752/1796/2473 2751/1795/2472 
f 2731/1775/2456 2732/1776/2457 2753/1797/2474 2752/1796/2473 
f 2732/1776/2457 2733/1777/2458 2754/1798/2475 2753/1797/2474 
f 2733/1777/2458 2734/1778/2459 2755/1799/2476 2754/1798/2475 
s 1
f 2461/1505/2247 2735/1779/2247 2756/1800/2247 
f 2735/1779/2247 2736/1780/2460 2757/1801/2477 2756/1800/2247 
f 2736/1780/2460 2737/1781/2461 2758/1802/2478 2757/1801/2477 
f 2737/1781/2461 2738/1782/2462 2759/1803/2479 2758/1802/2478 
f 2738/1782/2462 2739/1783/2463 2760/1804/2480 2759/1803/2479 
f 2739/1783/2463 2740/1784/2464 2761/1805/2481 2760/1804/2480 
f 2740/1784/2464 2741/1785/2465 2762/1806/2482 2761/1805/2481 
f 2741/1785/2465 2742/1786/2465 2763/1807/2482 2762/1806/2482 
f 2742/1786/2465 2743/1787/2466 2764/1808/2483 2763/1807/2482 
f 2743/1787/2466 2744/1788/2467 2765/1809/2484 2764/1808/2483 
f 2744/1788/2467 2745/1789/2468 2766/1810/2485 2765/1809/2484 
f 2745/1789/2468 2746/1790/2469 2767/1811/2486 2766/1810/2485 
f 2746/1790/2469 2747/1791/2470 2768/1812/2487 2767/1811/2486 
f 2747/1791/2470 2748/1792/573 2769/1813/573 2768/1812/2487 
f 2748/1792/573 2749/1793/573 2770/1814/573 2769/1813/573 
f 2749/1793/573 2750/1794/2471 2771/1815/2488 2770/1814/573 
s 2
f 2750/1794/2471 2751/1795/2472 2772/1816/2489 2771/1815/2488 
f 2751/1795/2472 2752/1796/2473 2773/1817/2490 2772/1816/2489 
f 2752/1796/2473 2753/1797/2474 2774/1818/2491 2773/1817/2490 
f 2753/1797/2474 2754/1798/2475 2775/1819/2492 2774/1818/2491 
f 2754/1798/2475 2755/1799/2476 2776/1820/2493 2775/1819/2492 
s 1
f 2461/1505/2247 2756/1800/2247 2777/1821/2247 
f 2756/1800/2247 2757/1801/2477 2778/1822/2494 2777/1821/2247 
f 2757/1801/2477 2758/1802/2478 2779/1823/2495 2778/1822/2494 
f 2758/1802/2478 2759/1803/2479 2780/1824/2496 2779/1823/2495 
f 2759/1803/2479 2760/1804/2480 2781/1825/2497 2780/1824/2496 
f 2760/1804/2480 2761/1805/2481 2782/1826/2498 2781/1825/2497 
f 2761/1805/2481 2762/1806/2482 2783/1827/72 2782/1826/2498 
f 2762/1806/2482 2763/1807/2482 2784/1828/72 2783/1827/72 
f 2763/1807/2482 2764/1808/2483 2785/1829/2499 2784/1828/72 
f 2764/1808/2483 2765/1809/2484 2786/1830/2500 2785/1829/2499 
f 2765/1809/2484 2766/1810/2485 2787/1831/2501 2786/1830/2500 
f 2766/1810/2485 2767/1811/2486 2788/1832/2502 2787/1831/2501 
f 2767/1811/2486 2768/1812/2487 2789/1833/2503 2788/1832/2502 
f 2768/1812/2487 2769/1813/573 2790/1834/573 2789/1833/2503 
f 2769/1813/573 2770/1814/573 2791/1835/573 2790/1834/573 
f 2770/1814/573 2771/1815/2488 2792/1836/2504 2791/1835/573 
s 2
f 2771/1815/2488 2772/1816/2489 2793/1837/2505 2792/1836/2504 
f 2772/1816/2489 2773/1817/2490 2794/1838/2506 2793/1837/2505 
f 2773/1817/2490 2774/1818/2491 2795/1839/2507 2794/1838/2506 
f 2774/1818/2491 2775/1819/2492 2796/1840/2508 2795/1839/2507 
f 2775/1819/2492 2776/1820/2493 2797/1841/2509 2796/1840/2508 
s 1
f 2461/1505/2247 2777/1821/2247 2798/1842/2247 
f 2777/1821/2247 2778/1822/2494 2799/1843/2510 2798/1842/2247 
f 2778/1822/2494 2779/1823/2495 2800/1844/2511 2799/1843/2510 
f 2779/1823/2495 2780/1824/2496 2801/1845/2512 2800/1844/2511 
f 2780/1824/2496 2781/1825/2497 2802/1846/2513 2801/1845/2512 
f 2781/1825/2497 2782/1826/2498 2803/1847/2514 2802/1846/2513 
f 2782/1826/2498 2783/1827/72 2804/1848/2515 2803/1847/2514 
f 2783/1827/72 2784/1828/72 2805/1849/2515 2804/1848/2515 
f 2784/1828/72 2785/1829/2499 2806/1850/2516 2805/1849/2515 
f 2785/1829/2499 2786/1830/2500 2807/1851/2517 2806/1850/2516 
f 2786/1830/2500 2787/1831/2501 2808/1852/2518 2807/1851/2517 
f 2787/1831/2501 2788/1832/2502 2809/1853/2519 2808/1852/2518 
f 2788/1832/2502 2789/1833/2503 2810/1854/2520 2809/1853/2519 
f 2789/1833/2503 2790/1834/573 2811/1855/573 2810/1854/2520 
f 2790/1834/573 2791/1835/573 2812/1856/573 2811/1855/573 
f 2791/1835/573 2792/1836/2504 2813/1857/2521 2812/1856/573 
s 2
f 2792/1836/2504 2793/1837/2505 2814/1858/2522 2813/1857/2521 
f 2793/1837/2505 2794/1838/2506 2815/1859/2523 2814/1858/2522 
f 2794/1838/2506 2795/1839/2507 2816/1860/2524 2815/1859/2523 
f 2795/1839/2507 2796/1840/2508 2817/1861/2525 2816/1860/2524 
f 2796/1840/2508 2797/1841/2509 2818/1862/2526 2817/1861/2525 
s 1
f 2461/1505/2247 2798/1842/2247 2819/1863/2247 
f 2798/1842/2247 2799/1843/2510 2820/1864/2527 2819/1863/2247 
f 2799/1843/2510 2800/1844/2511 2821/1865/2528 2820/1864/2527 
f 2800/1844/2511 2801/1845/2512 2822/1866/2529 2821/1865/2528 
f 2801/1845/2512 2802/1846/2513 2823/1867/2530 2822/1866/2529 
f 2802/1846/2513 2803/1847/2514 2824/1868/2531 2823/1867/2530 
f 2803/1847/2514 2804/1848/2515 2825/1869/2055 2824/1868/2531 
f 2804/1848/2515 2805/1849/2515 2826/1870/2055 2825/1869/2055 
f 2805/1849/2515 2806/1850/2516 2827/1871/2532 2826/1870/2055 
f 2806/1850/2516 2807/1851/2517 2828/1872/2533 2827/1871/2532 
f 2807/1851/2517 2808/1852/2518 2829/1873/2534 2828/1872/2533 
f 2808/1852/2518 2809/1853/2519 2830/1874/2535 2829/1873/2534 
f 2809/1853/2519 2810/1854/2520 2831/1875/2536 2830/1874/2535 
f 2810/1854/2520 2811/1855/573 2832/1876/573 2831/1875/2536 
f 2811/1855/573 2812/1856/573 2833/1877/573 2832/1876/573 
f 2812/1856/573 2813/1857/2521 2834/1878/2537 2833/1877/573 
s 2
f 2813/1857/2521 2814/1858/2522 2835/1879/2538 2834/1878/2537 
f 2814/1858/2522 2815/1859/2523 2836/1880/2539 2835/1879/2538 
f 2815/1859/2523 2816/1860/2524 2837/1881/2540 2836/1880/2539 
f 2816/1860/2524 2817/1861/2525 2838/1882/2541 2837/1881/2540 
f 2817/1861/2525 2818/1862/2526 2839/1883/2542 2838/1882/2541 
s 1
f 2461/1505/2247 2819/1863/2247 2840/1884/2247 
f 2819/1863/2247 2820/1864/2527 2841/1885/2543 2840/1884/2247 
f 2820/1864/2527 2821/1865/2528 2842/1886/2544 2841/1885/2543 
f 2821/1865/2528 2822/1866/2529 2843/1887/2545 2842/1886/2544 
f 2822/1866/2529 2823/1867/2530 2844/1888/2546 2843/1887/2545 
f 2823/1867/2530 2824/1868/2531 2845/1889/2547 2844/1888/2546 
f 2824/1868/2531 2825/1869/2055 2846/1890/159 2845/1889/2547 
f 2825/1869/2055 2826/1870/2055 2847/1891/158 2846/1890/159 
f 2826/1870/2055 2827/1871/2532 2848/1892/2548 2847/1891/158 
f 2827/1871/2532 2828/1872/2533 2849/1893/2549 2848/1892/2548 
f 2828/1872/2533 2829/1873/2534 2850/1894/2550 2849/1893/2549 
f 2829/1873/2534 2830/1874/2535 2851/1895/2551 2850/1894/2550 
f 2830/1874/2535 2831/1875/2536 2852/1896/2552 2851/1895/2551 
f 2831/1875/2536 2832/1876/573 2853/1897/573 2852/1896/2552 
f 2832/1876/573 2833/1877/573 2854/1898/573 2853/1897/573 
f 2833/1877/573 2834/1878/2537 2855/1899/2553 2854/1898/573 
s 2
f 2834/1878/2537 2835/1879/2538 2856/1900/2554 2855/1899/2553 
f 2835/1879/2538 2836/1880/2539 2857/1901/2555 2856/1900/2554 
f 2836/1880/2539 2837/1881/2540 2858/1902/2556 2857/1901/2555 
f 2837/1881/2540 2838/1882/2541 2859/1903/2557 2858/1902/2556 
f 2838/1882/2541 2839/1883/2542 2860/1904/2558 2859/1903/2557 
s 1
f 2461/1505/2247 2840/1884/2247 2861/1905/2247 
f 2840/1884/2247 2841/1885/2543 2862/1906/2559 2861/1905/2247 
f 2841/1885/2543 2842/1886/2544 2863/1907/2560 2862/1906/2559 
f 2842/1886/2544 2843/1887/2545 2864/1908/2561 2863/1907/2560 
f 2843/1887/2545 2844/1888/2546 2865/1909/2562 2864/1908/2561 
f 2844/1888/2546 2845/1889/2547 2866/1910/2563 2865/1909/2562 
f 2845/1889/2547 2846/1890/159 2867/1911/2564 2866/1910/2563 
f 2846/1890/159 2847/1891/158 2868/1912/2564 2867/1911/2564 
f 2847/1891/158 2848/1892/2548 2869/1913/2565 2868/1912/2564 
f 2848/1892/2548 2849/1893/2549 2870/1914/2566 2869/1913/2565 
f 2849/1893/2549 2850/1894/2550 2871/1915/2567 2870/1914/2566 
f 2850/1894/2550 2851/1895/2551 2872/1916/2568 2871/1915/2567 
f 2851/1895/2551 2852/1896/2552 2873/1917/2569 2872/1916/2568 
f 2852/1896/2552 2853/1897/573 2874/1918/573 2873/1917/2569 
f 2853/1897/573 2854/1898/573 2875/1919/573 2874/1918/573 
f 2854/1898/573 2855/1899/2553 2876/1920/2570 2875/1919/573 
s 2
f 2855/1899/2553 2856/1900/2554 2877/1921/2571 2876/1920/2570 
f 2856/1900/2554 2857/1901/2555 2878/1922/2572 2877/1921/2571 
f 2857/1901/2555 2858/1902/2556 2879/1923/2573 2878/1922/2572 
f 2858/1902/2556 2859/1903/2557 2880/1924/2574 2879/1923/2573 
f 2859/1903/2557 2860/1904/2558 2881/1925/2575 2880/1924/2574 
s 1
f 2461/1505/2247 2861/1905/2247 2882/1926/2247 
f 2861/1905/2247 2862/1906/2559 2883/1927/2576 2882/1926/2247 
f 2862/1906/2559 2863/1907/2560 2884/1928/2577 2883/1927/2576 
f 2863/1907/2560 2864/1908/2561 2885/1929/2578 2884/1928/2577 
f 2864/1908/2561 2865/1909/2562 2886/1930/2579 2885/1929/2578 
f 2865/1909/2562 2866/1910/2563 2887/1931/2580 2886/1930/2579 
f 2866/1910/2563 2867/1911/2564 2888/1932/1661 2887/1931/2580 
f 2867/1911/2564 2868/1912/2564 2889/1933/1661 2888/1932/1661 
f 2868/1912/2564 2869/1913/2565 2890/1934/2581 2889/1933/1661 
f 2869/1913/2565 2870/1914/2566 2891/1935/2582 2890/1934/2581 
f 2870/1914/2566 2871/1915/2567 2892/1936/2583 2891/1935/2582 
f 2871/1915/2567 2872/1916/2568 2893/1937/2584 2892/1936/2583 
f 2872/1916/2568 2873/1917/2569 2894/1938/2585 2893/1937/2584 
f 2873/1917/2569 2874/1918/573 2895/1939/573 2894/1938/2585 
f 2874/1918/573 2875/1919/573 2896/1940/573 2895/1939/573 
f 2875/1919/573 2876/1920/2570 2897/1941/2586 2896/1940/573 
s 2
f 2876/1920/2570 2877/1921/2571 2898/1942/2587 2897/1941/2586 
f 2877/1921/2571 2878/1922/2572 2899/1943/2587 2898/1942/2587 
f 2878/1922/2572 2879/1923/2573 2900/1944/2588 2899/1943/2587 
f 2879/1923/2573 2880/1924/2574 2901/1945/2589 2900/1944/2588 
f 2880/1924/2574 2881/1925/2575 2902/1946/2590 2901/1945/2589 
s 1
f 2461/1505/2247 2882/1926/2247 2903/1947/2247 
f 2882/1926/2247 2883/1927/2576 2904/1948/2591 2903/1947/2247 
f 2883/1927/2576 2884/1928/2577 2905/1949/2592 2904/1948/2591 
f 2884/1928/2577 2885/1929/2578 2906/1950/2593 2905/1949/2592 
f 2885/1929/2578 2886/1930/2579 2907/1951/2594 2906/1950/2593 
f 2886/1930/2579 2887/1931/2580 2908/1952/2595 2907/1951/2594 
f 2887/1931/2580 2888/1932/1661 2909/1953/2596 2908/1952/2595 
f 2888/1932/1661 2889/1933/1661 2910/1954/217 2909/1953/2596 
f 2889/1933/1661 2890/1934/2581 2911/1955/2597 2910/1954/217 
f 2890/1934/2581 2891/1935/2582 2912/1956/2598 2911/1955/2597 
f 2891/1935/2582 2892/1936/2583 2913/1957/2599 2912/1956/2598 
f 2892/1936/2583 2893/1937/2584 2914/1958/2600 2913/1957/2599 
f 2893/1937/2584 2894/1938/2585 2915/1959/2601 2914/1958/2600 
f 2894/1938/2585 2895/1939/573 2916/1960/573 2915/1959/2601 
f 2895/1939/573 2896/1940/573 2917/1961/573 2916/1960/573 
f 2896/1940/573 2897/1941/2586 2918/1962/2602 2917/1961/573 
s 2
f 2897/1941/2586 2898/1942/2587 2919/1963/2603 2918/1962/2602 
f 2898/1942/2587 2899/1943/2587 2920/1964/2604 2919/1963/2603 
f 2899/1943/2587 2900/1944/2588 2921/1965/2605 2920/1964/2604 
f 2900/1944/2588 2901/1945/2589 2922/1966/2606 2921/1965/2605 
f 2901/1945/2589 2902/1946/2590 2923/1967/2607 2922/1966/2606 
s 1
f 2461/1505/2247 2903/1947/2247 2924/1968/2247 
f 2903/1947/2247 2904/1948/2591 2925/1969/2608 2924/1968/2247 
f 2904/1948/2591 2905/1949/2592 2926/1970/2609 2925/1969/2608 
f 2905/1949/2592 2906/1950/2593 2927/1971/2610 2926/1970/2609 
f 2906/1950/2593 2907/1951/2594 2928/1972/2611 2927/1971/2610 
f 2907/1951/2594 2908/1952/2595 2929/1973/2612 2928/1972/2611 
f 2908/1952/2595 2909/1953/2596 2930/1974/1698 2929/1973/2612 
f 2909/1953/2596 2910/1954/217 2931/1975/1698 2930/1974/1698 
f 2910/1954/217 2911/1955/2597 2932/1976/2613 2931/1975/1698 
f 2911/1955/2597 2912/1956/2598 2933/1977/2614 2932/1976/2613 
f 2912/1956/2598 2913/1957/2599 2934/1978/2615 2933/1977/2614 
f 2913/1957/2599 2914/1958/2600 2935/1979/2616 2934/1978/2615 
f 2914/1958/2600 2915/1959/2601 2936/1980/2617 2935/1979/2616 
f 2915/1959/2601 2916/1960/573 2937/1981/573 2936/1980/2617 
f 2916/1960/573 2917/1961/573 2938/1982/573 2937/1981/573 
f 2917/1961/573 2918/1962/2602 2939/1983/2618 2938/1982/573 
s 2
f 2918/1962/2602 2919/1963/2603 2940/1984/2619 2939/1983/2618 
f 2919/1963/2603 2920/1964/2604 2941/1985/2620 2940/1984/2619 
f 2920/1964/2604 2921/1965/2605 2942/1986/2621 2941/1985/2620 
f 2921/1965/2605 2922/1966/2606 2943/1987/2622 2942/1986/2621 
f 2922/1966/2606 2923/1967/2607 2944/1988/2623 2943/1987/2622 
s 1
f 2461/1505/2247 2924/1968/2247 2945/1989/2247 
f 2924/1968/2247 2925/1969/2608 2946/1990/2624 2945/1989/2247 
f 2925/1969/2608 2926/1970/2609 2947/1991/2625 2946/1990/2624 
f 2926/1970/2609 2927/1971/2610 2948/1992/2626 2947/1991/2625 
f 2927/1971/2610 2928/1972/2611 2949/1993/2627 2948/1992/2626 
f 2928/1972/2611 2929/1973/2612 2950/1994/2628 2949/1993/2627 
f 2929/1973/2612 2930/1974/1698 2951/1995/2629 2950/1994/2628 
f 2930/1974/1698 2931/1975/1698 2952/1996/2629 2951/1995/2629 
f 2931/1975/1698 2932/1976/2613 2953/1997/2630 2952/1996/2629 
f 2932/1976/2613 2933/1977/2614 2954/1998/2631 2953/1997/2630 
f 2933/1977/2614 2934/1978/2615 2955/1999/2632 2954/1998/2631 
f 2934/1978/2615 2935/1979/2616 2956/2000/2633 2955/1999/2632 
f 2935/1979/2616 2936/1980/2617 2957/2001/2634 2956/2000/2633 
f 2936/1980/2617 2937/1981/573 2958/2002/573 2957/2001/2634 
f 2937/1981/573 2938/1982/573 2959/2003/573 2958/2002/573 
f 2938/1982/573 2939/1983/2618 2960/2004/2635 2959/2003/573 
s 2
f 2939/1983/2618 2940/1984/2619 2961/2005/2636 2960/2004/2635 
f 2940/1984/2619 2941/1985/2620 2962/2006/2637 2961/2005/2636 
f 2941/1985/2620 2942/1986/2621 2963/2007/2638 2962/2006/2637 
f 2942/1986/2621 2943/1987/2622 2964/2008/2639 2963/2007/2638 
f 2943/1987/2622 2944/1988/2623 2965/2009/2640 2964/2008/2639 
s 1
f 2461/1505/2247 2945/1989/2247 2462/1506/2247 
f 2945/1989/2247 2946/1990/2624 2464/1508/2248 2462/1506/2247 
f 2946/1990/2624 2947/1991/2625 2466/1510/2250 2464/1508/2248 
f 2947/1991/2625 2948/1992/2626 2468/1512/2252 2466/1510/2250 
f 2948/1992/2626 2949/1993/2627 2470/1514/2254 2468/1512/2252 
f 2949/1993/2627 2950/1994/2628 2472/1516/2256 2470/1514/2254 
f 2950/1994/2628 2951/1995/2629 2474/1518/287 2472/1516/2256 
f 2951/1995/2629 2952/1996/2629 2476/1520/2259 2474/1518/287 
f 2952/1996/2629 2953/1997/2630 2478/1522/2260 2476/1520/2259 
f 2953/1997/2630 2954/1998/2631 2480/1524/2262 2478/1522/2260 
f 2954/1998/2631 2955/1999/2632 2482/1526/2264 2480/1524/2262 
f 2955/1999/2632 2956/2000/2633 2484/1528/2266 2482/1526/2264 
f 2956/2000/2633 2957/2001/2634 2486/1530/2268 2484/1528/2266 
f 2957/2001/2634 2958/2002/573 2488/1532/573 2486/1530/2268 
f 2958/2002/573 2959/2003/573 2490/1534/573 2488/1532/573 
f 2959/2003/573 2960/2004/2635 2492/1536/2270 2490/1534/573 
s 2
f 2960/2004/2635 2961/2005/2636 2494/1538/2272 2492/1536/2270 
f 2961/2005/2636 2962/2006/2637 2496/1540/2272 2494/1538/2272 
f 2962/2006/2637 2963/2007/2638 2498/1542/2275 2496/1540/2272 
f 2963/2007/2638 2964/2008/2639 2500/1544/2277 2498/1542/2275 
f 2964/2008/2639 2965/2009/2640 2502/1546/2279 2500/1544/2277 
s 1
f 2966/2010/2641 2967/2011/2642 2968/2012/2643 2969/2013/2644 
f 2969/2013/2644 2968/2012/2643 2970/2014/2645 2971/2015/2646 
f 2971/2015/2646 2970/2014/2645 2972/2016/2647 2973/2017/2648 
f 2973/2017/2648 2972/2016/2647 2974/2018/2649 2975/2019/2650 
f 2976/2020/2651 2977/2021/2651 2978/2022/2652 2979/2023/2653 
f 2980/2024/2654 2981/2025/2655 2982/2026/2656 2983/2027/2657 
f 2983/2027/2657 2982/2026/2656 2984/2028/2658 2985/2029/2659 
f 2985/2029/2659 2984/2028/2658 2986/2030/2660 2987/2031/2661 
f 2987/2031/2661 2986/2030/2660 2988/2032/2662 
f 2967/2011/2642 2989/2033/2663 2990/2034/2664 2968/2012/2643 
f 2968/2012/2643 2990/2034/2664 2991/2035/2665 2970/2014/2645 
f 2970/2014/2645 2991/2035/2665 2992/2036/2666 2972/2016/2647 
f 2972/2016/2647 2992/2036/2666 2993/2037/2667 2974/2018/2649 
f 2994/2038/2668 2995/2039/2668 2977/2021/2651 2976/2020/2651 
f 2981/2025/2655 2996/2040/2669 2997/2041/2670 2982/2026/2656 
f 2982/2026/2656 2997/2041/2670 2998/2042/2671 2984/2028/2658 
f 2984/2028/2658 2998/2042/2671 2999/2043/2672 2986/2030/2660 
f 2986/2030/2660 2999/2043/2672 2988/2032/2662 
f 2989/2033/2663 3000/2044/2673 3001/2045/2674 2990/2034/2664 
f 2990/2034/2664 3001/2045/2674 3002/2046/2675 2991/2035/2665 
f 2991/2035/2665 3002/2046/2675 3003/2047/2676 2992/2036/2666 
f 2992/2036/2666 3003/2047/2676 3004/2048/2677 2993/2037/2667 
f 3005/2049/2678 3006/2050/2678 2995/2039/2668 2994/2038/2668 
f 2996/2040/2669 3007/2051/2679 3008/2052/2680 2997/2041/2670 
f 2997/2041/2670 3008/2052/2680 3009/2053/2681 2998/2042/2671 
f 2998/2042/2671 3009/2053/2681 3010/2054/2682 2999/2043/2672 
f 2999/2043/2672 3010/2054/2682 2988/2032/2662 
f 3000/2044/2673 3011/2055/2683 3012/2056/2684 3001/2045/2674 
f 3001/2045/2674 3012/2056/2684 3013/2057/2685 3002/2046/2675 
f 3002/2046/2675 3013/2057/2685 3014/2058/2686 3003/2047/2676 
f 3003/2047/2676 3014/2058/2686 3015/2059/2687 3004/2048/2677 
f 3016/2060/2688 3017/2061/2688 3006/2050/2678 3005/2049/2678 
f 3007/2051/2679 3018/2062/2689 3019/2063/2690 3008/2052/2680 
f 3008/2052/2680 3019/2063/2690 3020/2064/2691 3009/2053/2681 
f 3009/2053/2681 3020/2064/2691 3021/2065/2692 3010/2054/2682 
f 3010/2054/2682 3021/2065/2692 2988/2032/2662 
f 3011/2055/2683 3022/2066/2693 3023/2067/2694 3012/2056/2684 
f 3012/2056/2684 3023/2067/2694 3024/2068/2695 3013/2057/2685 
f 3013/2057/2685 3024/2068/2695 3025/2069/2696 3014/2058/2686 
f 3014/2058/2686 3025/2069/2696 3026/2070/2697 3015/2059/2687 
f 3027/2071/2698 3028/2072/2698 3017/2061/2688 3016/2060/2688 
f 3018/2062/2689 3029/2073/2699 3030/2074/2700 3019/2063/2690 
f 3019/2063/2690 3030/2074/2700 3031/2075/2701 3020/2064/2691 
f 3020/2064/2691 3031/2075/2701 3032/2076/2702 3021/2065/2692 
f 3021/2065/2692 3032/2076/2702 2988/2032/2662 
f 3022/2066/2693 3033/2077/2703 3034/2078/2704 3023/2067/2694 
f 3023/2067/2694 3034/2078/2704 3035/2079/2705 3024/2068/2695 
f 3024/2068/2695 3035/2079/2705 3036/2080/2706 3025/2069/2696 
f 3025/2069/2696 3036/2080/2706 3037/2081/2707 3026/2070/2697 
f 3038/2082/2708 3039/2083/2708 3028/2072/2698 3027/2071/2698 
f 3029/2073/2699 3040/2084/2709 3041/2085/2710 3030/2074/2700 
f 3030/2074/2700 3041/2085/2710 3042/2086/2711 3031/2075/2701 
f 3031/2075/2701 3042/2086/2711 3043/2087/2712 3032/2076/2702 
f 3032/2076/2702 3043/2087/2712 2988/2032/2662 
f 3033/2077/2703 3044/2088/2713 3045/2089/2714 3034/2078/2704 
f 3034/2078/2704 3045/2089/2714 3046/2090/2715 3035/2079/2705 
f 3035/2079/2705 3046/2090/2715 3047/2091/2716 3036/2080/2706 
f 3036/2080/2706 3047/2091/2716 3048/2092/2717 3037/2081/2707 
f 3049/2093/2718 3050/2094/2718 3039/2083/2708 3038/2082/2708 
f 3040/2084/2709 3051/2095/2719 3052/2096/2720 3041/2085/2710 
f 3041/2085/2710 3052/2096/2720 3053/2097/2721 3042/2086/2711 
f 3042/2086/2711 3053/2097/2721 3054/2098/2722 3043/2087/2712 
f 3043/2087/2712 3054/2098/2722 2988/2032/2662 
f 3044/2088/2713 3055/2099/2723 3056/2100/2724 3045/2089/2714 
f 3045/2089/2714 3056/2100/2724 3057/2101/2725 3046/2090/2715 
f 3046/2090/2715 3057/2101/2725 3058/2102/2726 3047/2091/2716 
f 3047/2091/2716 3058/2102/2726 3059/2103/2727 3048/2092/2717 
f 3060/2104/2728 3061/2105/2728 3050/2094/2718 3049/2093/2718 
f 3051/2095/2719 3062/2106/2729 3063/2107/2730 3052/2096/2720 
f 3052/2096/2720 3063/2107/2730 3064/2108/2731 3053/2097/2721 
f 3053/2097/2721 3064/2108/2731 3065/2109/2732 3054/2098/2722 
f 3054/2098/2722 3065/2109/2732 2988/2032/2662 
f 3055/2099/2723 3066/2110/2733 3067/2111/2734 3056/2100/2724 
f 3056/2100/2724 3067/2111/2734 3068/2112/2735 3057/2101/2725 
f 3057/2101/2725 3068/2112/2735 3069/2113/2736 3058/2102/2726 
f 3058/2102/2726 3069/2113/2736 3070/2114/2737 3059/2103/2727 
f 3071/2115/2738 3072/2116/2738 3061/2105/2728 3060/2104/2728 
f 3062/2106/2729 3073/2117/2739 3074/2118/2740 3063/2107/2730 
f 3063/2107/2730 3074/2118/2740 3075/2119/2741 3064/2108/2731 
f 3064/2108/2731 3075/2119/2741 3076/2120/2742 3065/2109/2732 
f 3065/2109/2732 3076/2120/2742 2988/2032/2662 
f 3066/2110/2733 3077/2121/2743 3078/2122/2744 3067/2111/2734 
f 3067/2111/2734 3078/2122/2744 3079/2123/2745 3068/2112/2735 
f 3068/2112/2735 3079/2123/2745 3080/2124/2746 3069/2113/2736 
f 3069/2113/2736 3080/2124/2746 3081/2125/2747 3070/2114/2737 
f 3082/2126/2748 3083/2127/2748 3072/2116/2738 3071/2115/2738 
f 3073/2117/2739 3084/2128/2749 3085/2129/2750 3074/2118/2740 
f 3074/2118/2740 3085/2129/2750 3086/2130/2751 3075/2119/2741 
f 3075/2119/2741 3086/2130/2751 3087/2131/2752 3076/2120/2742 
f 3076/2120/2742 3087/2131/2752 2988/2032/2662 
f 3077/2121/2743 3088/2132/2753 3089/2133/2754 3078/2122/2744 
f 3078/2122/2744 3089/2133/2754 3090/2134/2755 3079/2123/2745 
f 3079/2123/2745 3090/2134/2755 3091/2135/2756 3080/2124/2746 
f 3080/2124/2746 3091/2135/2756 3092/2136/2757 3081/2125/2747 
f 3093/2137/2758 3094/2138/2758 3083/2127/2748 3082/2126/2748 
f 3084/2128/2749 3095/2139/2759 3096/2140/2760 3085/2129/2750 
f 3085/2129/2750 3096/2140/2760 3097/2141/2761 3086/2130/2751 
f 3086/2130/2751 3097/2141/2761 3098/2142/2762 3087/2131/2752 
f 3087/2131/2752 3098/2142/2762 2988/2032/2662 
f 3088/2132/2753 3099/2143/2763 3100/2144/2764 3089/2133/2754 
f 3089/2133/2754 3100/2144/2764 3101/2145/2765 3090/2134/2755 
f 3090/2134/2755 3101/2145/2765 3102/2146/2766 3091/2135/2756 
f 3091/2135/2756 3102/2146/2766 3103/2147/2767 3092/2136/2757 
f 3104/2148/2768 3105/2149/2768 3094/2138/2758 3093/2137/2758 
f 3095/2139/2759 3106/2150/2769 3107/2151/2770 3096/2140/2760 
f 3096/2140/2760 3107/2151/2770 3108/2152/2771 3097/2141/2761 
f 3097/2141/2761 3108/2152/2771 3109/2153/2772 3098/2142/2762 
f 3098/2142/2762 3109/2153/2772 2988/2032/2662 
f 3099/2143/2763 3110/2154/2773 3111/2155/2774 3100/2144/2764 
f 3100/2144/2764 3111/2155/2774 3112/2156/2775 3101/2145/2765 
f 3101/2145/2765 3112/2156/2775 3113/2157/2776 3102/2146/2766 
f 3102/2146/2766 3113/2157/2776 3114/2158/2777 3103/2147/2767 
f 3115/2159/2778 3116/2160/2778 3105/2149/2768 3104/2148/2768 
f 3106/2150/2769 3117/2161/2779 3118/2162/2780 3107/2151/2770 
f 3107/2151/2770 3118/2162/2780 3119/2163/2781 3108/2152/2771 
f 3108/2152/2771 3119/2163/2781 3120/2164/2782 3109/2153/2772 
f 3109/2153/2772 3120/2164/2782 2988/2032/2662 
f 3110/2154/2773 3121/2165/2783 3122/2166/2784 3111/2155/2774 
f 3111/2155/2774 3122/2166/2784 3123/2167/2785 3112/2156/2775 
f 3112/2156/2775 3123/2167/2785 3124/2168/2786 3113/2157/2776 
f 3113/2157/2776 3124/2168/2786 3125/2169/2787 3114/2158/2777 
f 3126/2170/2788 3127/2171/2788 3116/2160/2778 3115/2159/2778 
f 3117/2161/2779 3128/2172/2789 3129/2173/2790 3118/2162/2780 
f 3118/2162/2780 3129/2173/2790 3130/2174/2791 3119/2163/2781 
f 3119/2163/2781 3130/2174/2791 3131/2175/2792 3120/2164/2782 
f 3120/2164/2782 3131/2175/2792 2988/2032/2662 
f 3121/2165/2783 3132/2176/2793 3133/2177/2794 3122/2166/2784 
f 3122/2166/2784 3133/2177/2794 3134/2178/2795 3123/2167/2785 
f 3123/2167/2785 3134/2178/2795 3135/2179/2796 3124/2168/2786 
f 3124/2168/2786 3135/2179/2796 3136/2180/2797 3125/2169/2787 
f 3137/2181/2798 3138/2182/2798 3127/2171/2788 3126/2170/2788 
f 3128/2172/2789 3139/2183/2799 3140/2184/2800 3129/2173/2790 
f 3129/2173/2790 3140/2184/2800 3141/2185/2801 3130/2174/2791 
f 3130/2174/2791 3141/2185/2801 3142/2186/2802 3131/2175/2792 
f 3131/2175/2792 3142/2186/2802 2988/2032/2662 
f 3132/2176/2793 3143/2187/2803 3144/2188/2804 3133/2177/2794 
f 3133/2177/2794 3144/2188/2804 3145/2189/2805 3134/2178/2795 
f 3134/2178/2795 3145/2189/2805 3146/2190/2806 3135/2179/2796 
f 3135/2179/2796 3146/2190/2806 3147/2191/2807 3136/2180/2797 
f 3148/2192/2808 3149/2193/2808 3138/2182/2798 3137/2181/2798 
f 3139/2183/2799 3150/2194/2809 3151/2195/2810 3140/2184/2800 
f 3140/2184/2800 3151/2195/2810 3152/2196/2811 3141/2185/2801 
f 3141/2185/2801 3152/2196/2811 3153/2197/2812 3142/2186/2802 
f 3142/2186/2802 3153/2197/2812 2988/2032/2662 
f 3143/2187/2803 3154/2198/2813 3155/2199/2814 3144/2188/2804 
f 3144/2188/2804 3155/2199/2814 3156/2200/2815 3145/2189/2805 
f 3145/2189/2805 3156/2200/2815 3157/2201/2816 3146/2190/2806 
f 3146/2190/2806 3157/2201/2816 3158/2202/2817 3147/2191/2807 
f 3159/2203/2818 3160/2204/2818 3149/2193/2808 3148/2192/2808 
f 3150/2194/2809 3161/2205/2819 3162/2206/2820 3151/2195/2810 
f 3151/2195/2810 3162/2206/2820 3163/2207/2821 3152/2196/2811 
f 3152/2196/2811 3163/2207/2821 3164/2208/2822 3153/2197/2812 
f 3153/2197/2812 3164/2208/2822 2988/2032/2662 
f 3154/2198/2813 3165/2209/2823 3166/2210/2824 3155/2199/2814 
f 3155/2199/2814 3166/2210/2824 3167/2211/2825 3156/2200/2815 
f 3156/2200/2815 3167/2211/2825 3168/2212/2826 3157/2201/2816 
f 3157/2201/2816 3168/2212/2826 3169/2213/2827 3158/2202/2817 
f 3170/2214/2828 3171/2215/2828 3160/2204/2818 3159/2203/2818 
f 3161/2205/2819 3172/2216/2829 3173/2217/2830 3162/2206/2820 
f 3162/2206/2820 3173/2217/2830 3174/2218/2831 3163/2207/2821 
f 3163/2207/2821 3174/2218/2831 3175/2219/2832 3164/2208/2822 
f 3164/2208/2822 3175/2219/2832 2988/2032/2662 
f 3165/2209/2823 3176/2220/2833 3177/2221/2834 3166/2210/2824 
f 3166/2210/2824 3177/2221/2834 3178/2222/2835 3167/2211/2825 
f 3167/2211/2825 3178/2222/2835 3179/2223/2836 3168/2212/2826 
f 3168/2212/2826 3179/2223/2836 3180/2224/2837 3169/2213/2827 
f 3181/2225/2838 3182/2226/2838 3171/2215/2828 3170/2214/2828 
f 3172/2216/2829 3183/2227/2839 3184/2228/2840 3173/2217/2830 
f 3173/2217/2830 3184/2228/2840 3185/2229/2841 3174/2218/2831 
f 3174/2218/2831 3185/2229/2841 3186/2230/2842 3175/2219/2832 
f 3175/2219/2832 3186/2230/2842 2988/2032/2662 
f 3176/2220/2833 3187/2231/2843 3188/2232/2844 3177/2221/2834 
f 3177/2221/2834 3188/2232/2844 3189/2233/2845 3178/2222/2835 
f 3178/2222/2835 3189/2233/2845 3190/2234/2846 3179/2223/2836 
f 3179/2223/2836 3190/2234/2846 3191/2235/2847 3180/2224/2837 
f 3192/2236/2848 3193/2237/2848 3182/2226/2838 3181/2225/2838 
f 3183/2227/2839 3194/2238/2849 3195/2239/2850 3184/2228/2840 
f 3184/2228/2840 3195/2239/2850 3196/2240/2851 3185/2229/2841 
f 3185/2229/2841 3196/2240/2851 3197/2241/2852 3186/2230/2842 
f 3186/2230/2842 3197/2241/2852 2988/2032/2662 
f 3187/2231/2843 3198/2242/2853 3199/2243/2854 3188/2232/2844 
f 3188/2232/2844 3199/2243/2854 3200/2244/2855 3189/2233/2845 
f 3189/2233/2845 3200/2244/2855 3201/2245/2856 3190/2234/2846 
f 3190/2234/2846 3201/2245/2856 3202/2246/2857 3191/2235/2847 
f 3203/2247/2858 3204/2248/2858 3193/2237/2848 3192/2236/2848 
f 3194/2238/2849 3205/2249/2859 3206/2250/2860 3195/2239/2850 
f 3195/2239/2850 3206/2250/2860 3207/2251/2861 3196/2240/2851 
f 3196/2240/2851 3207/2251/2861 3208/2252/2862 3197/2241/2852 
f 3197/2241/2852 3208/2252/2862 2988/2032/2662 
f 3198/2242/2853 3209/2253/2863 3210/2254/2864 3199/2243/2854 
f 3199/2243/2854 3210/2254/2864 3211/2255/2865 3200/2244/2855 
f 3200/2244/2855 3211/2255/2865 3212/2256/2866 3201/2245/2856 
f 3201/2245/2856 3212/2256/2866 3213/2257/2867 3202/2246/2857 
f 3214/2258/2868 3215/2259/2868 3204/2248/2858 3203/2247/2858 
f 3205/2249/2859 3216/2260/2869 3217/2261/2870 3206/2250/2860 
f 3206/2250/2860 3217/2261/2870 3218/2262/2871 3207/2251/2861 
f 3207/2251/2861 3218/2262/2871 3219/2263/2872 3208/2252/2862 
f 3208/2252/2862 3219/2263/2872 2988/2032/2662 
f 3209/2253/2863 3220/2264/2873 3221/2265/2874 3210/2254/2864 
f 3210/2254/2864 3221/2265/2874 3222/2266/2875 3211/2255/2865 
f 3211/2255/2865 3222/2266/2875 3223/2267/2876 3212/2256/2866 
f 3212/2256/2866 3223/2267/2876 3224/2268/2877 3213/2257/2867 
f 3225/2269/2878 3226/2270/2878 3215/2259/2868 3214/2258/2868 
f 3216/2260/2869 3227/2271/2879 3228/2272/2880 3217/2261/2870 
f 3217/2261/2870 3228/2272/2880 3229/2273/2881 3218/2262/2871 
f 3218/2262/2871 3229/2273/2881 3230/2274/2882 3219/2263/2872 
f 3219/2263/2872 3230/2274/2882 2988/2032/2662 
f 3231/2275/573 3232/2276/573 3233/2277/573 3234/2278/573 3235/2279/573 3236/2280/573 3237/2281/573 3238/2282/573 3239/2283/573 3240/2284/573 3241/2285/573 3242/2286/573 3243/2287/573 3244/2288/573 3245/2289/573 3246/2290/573 3247/2291/573 3248/2292/573 3249/2293/573 3250/2294/573 3251/2295/573 3252/2296/573 3253/2297/573 3254/2298/573 
f 3220/2264/2873 2966/2010/2641 2969/2013/2644 3221/2265/2874 
f 3221/2265/2874 2969/2013/2644 2971/2015/2646 3222/2266/2875 
f 3222/2266/2875 2971/2015/2646 2973/2017/2648 3223/2267/2876 
f 3223/2267/2876 2973/2017/2648 2975/2019/2650 3224/2268/2877 
f 2979/2023/2653 2978/2022/2652 3226/2270/2878 3225/2269/2878 
f 3227/2271/2879 2980/2024/2654 2983/2027/2657 3228/2272/2880 
f 3228/2272/2880 2983/2027/2657 2985/2029/2659 3229/2273/2881 
f 3229/2273/2881 2985/2029/2659 2987/2031/2661 3230/2274/2882 
f 3230/2274/2882 2987/2031/2661 2988/2032/2662 
f 2977/2021/2651 2981/2025/2655 2980/2024/2654 2978/2022/2652 
f 2979/2023/2653 2975/2019/2650 2974/2018/2649 2976/2020/2651 
f 2995/2039/2668 2996/2040/2669 2981/2025/2655 2977/2021/2651 
f 2976/2020/2651 2974/2018/2649 2993/2037/2667 2994/2038/2668 
f 3006/2050/2678 3007/2051/2679 2996/2040/2669 2995/2039/2668 
f 2994/2038/2668 2993/2037/2667 3004/2048/2677 3005/2049/2678 
f 3017/2061/2688 3018/2062/2689 3007/2051/2679 3006/2050/2678 
f 3005/2049/2678 3004/2048/2677 3015/2059/2687 3016/2060/2688 
f 3028/2072/2698 3029/2073/2699 3018/2062/2689 3017/2061/2688 
f 3016/2060/2688 3015/2059/2687 3026/2070/2697 3027/2071/2698 
f 3039/2083/2708 3040/2084/2709 3029/2073/2699 3028/2072/2698 
f 3027/2071/2698 3026/2070/2697 3037/2081/2707 3038/2082/2708 
f 3050/2094/2718 3051/2095/2719 3040/2084/2709 3039/2083/2708 
f 3038/2082/2708 3037/2081/2707 3048/2092/2717 3049/2093/2718 
f 3061/2105/2728 3062/2106/2729 3051/2095/2719 3050/2094/2718 
f 3049/2093/2718 3048/2092/2717 3059/2103/2727 3060/2104/2728 
f 3072/2116/2738 3073/2117/2739 3062/2106/2729 3061/2105/2728 
f 3060/2104/2728 3059/2103/2727 3070/2114/2737 3071/2115/2738 
f 3083/2127/2748 3084/2128/2749 3073/2117/2739 3072/2116/2738 
f 3071/2115/2738 3070/2114/2737 3081/2125/2747 3082/2126/2748 
f 3094/2138/2758 3095/2139/2759 3084/2128/2749 3083/2127/2748 
f 3082/2126/2748 3081/2125/2747 3092/2136/2757 3093/2137/2758 
f 3105/2149/2768 3106/2150/2769 3095/2139/2759 3094/2138/2758 
f 3093/2137/2758 3092/2136/2757 3103/2147/2767 3104/2148/2768 
f 3116/2160/2778 3117/2161/2779 3106/2150/2769 3105/2149/2768 
f 3104/2148/2768 3103/2147/2767 3114/2158/2777 3115/2159/2778 
f 3127/2171/2788 3128/2172/2789 3117/2161/2779 3116/2160/2778 
f 3115/2159/2778 3114/2158/2777 3125/2169/2787 3126/2170/2788 
f 3138/2182/2798 3139/2183/2799 3128/2172/2789 3127/2171/2788 
f 3126/2170/2788 3125/2169/2787 3136/2180/2797 3137/2181/2798 
f 3149/2193/2808 3150/2194/2809 3139/2183/2799 3138/2182/2798 
f 3137/2181/2798 3136/2180/2797 3147/2191/2807 3148/2192/2808 
f 3160/2204/2818 3161/2205/2819 3150/2194/2809 3149/2193/2808 
f 3148/2192/2808 3147/2191/2807 3158/2202/2817 3159/2203/2818 
f 3171/2215/2828 3172/2216/2829 3161/2205/2819 3160/2204/2818 
f 3159/2203/2818 3158/2202/2817 3169/2213/2827 3170/2214/2828 
f 3182/2226/2838 3183/2227/2839 3172/2216/2829 3171/2215/2828 
f 3170/2214/2828 3169/2213/2827 3180/2224/2837 3181/2225/2838 
f 3193/2237/2848 3194/2238/2849 3183/2227/2839 3182/2226/2838 
f 3181/2225/2838 3180/2224/2837 3191/2235/2847 3192/2236/2848 
f 3204/2248/2858 3205/2249/2859 3194/2238/2849 3193/2237/2848 
f 3192/2236/2848 3191/2235/2847 3202/2246/2857 3203/2247/2858 
f 3215/2259/2868 3216/2260/2869 3205/2249/2859 3204/2248/2858 
f 3203/2247/2858 3202/2246/2857 3213/2257/2867 3214/2258/2868 
f 3226/2270/2878 3227/2271/2879 3216/2260/2869 3215/2259/2868 
f 3214/2258/2868 3213/2257/2867 3224/2268/2877 3225/2269/2878 
f 2978/2022/2652 2980/2024/2654 3227/2271/2879 3226/2270/2878 
f 3225/2269/2878 3224/2268/2877 2975/2019/2650 2979/2023/2653 
f 2967/2011/2642 2966/2010/2641 3231/2275/573 3254/2298/573 
f 2966/2010/2641 3220/2264/2873 3232/2276/573 3231/2275/573 
f 3220/2264/2873 3209/2253/2863 3233/2277/573 3232/2276/573 
f 3209/2253/2863 3198/2242/2853 3234/2278/573 3233/2277/573 
f 3198/2242/2853 3187/2231/2843 3235/2279/573 3234/2278/573 
f 3187/2231/2843 3176/2220/2833 3236/2280/573 3235/2279/573 
f 3176/2220/2833 3165/2209/2823 3237/2281/573 3236/2280/573 
f 3165/2209/2823 3154/2198/2813 3238/2282/573 3237/2281/573 
f 3154/2198/2813 3143/2187/2803 3239/2283/573 3238/2282/573 
f 3143/2187/2803 3132/2176/2793 3240/2284/573 3239/2283/573 
f 3132/2176/2793 3121/2165/2783 3241/2285/573 3240/2284/573 
f 3121/2165/2783 3110/2154/2773 3242/2286/573 3241/2285/573 
f 3110/2154/2773 3099/2143/2763 3243/2287/573 3242/2286/573 
f 3099/2143/2763 3088/2132/2753 3244/2288/573 3243/2287/573 
f 3088/2132/2753 3077/2121/2743 3245/2289/573 3244/2288/573 
f 3077/2121/2743 3066/2110/2733 3246/2290/573 3245/2289/573 
f 3066/2110/2733 3055/2099/2723 3247/2291/573 3246/2290/573 
f 3055/2099/2723 3044/2088/2713 3248/2292/573 3247/2291/573 
f 3044/2088/2713 3033/2077/2703 3249/2293/573 3248/2292/573 
f 3033/2077/2703 3022/2066/2693 3250/2294/573 3249/2293/573 
f 3022/2066/2693 3011/2055/2683 3251/2295/573 3250/2294/573 
f 3011/2055/2683 3000/2044/2673 3252/2296/573 3251/2295/573 
f 3000/2044/2673 2989/2033/2663 3253/2297/573 3252/2296/573 
f 2989/2033/2663 2967/2011/2642 3254/2298/573 3253/2297/573 
f 3255/2299/2883 3256/2300/2884 3257/2301/2885 
f 3257/2301/2885 3256/2300/2884 3258/2302/2886 3259/2303/2887 
f 3259/2303/2887 3258/2302/2886 3260/2304/2888 3261/2305/2889 
f 3261/2305/2889 3260/2304/2888 3262/2306/2890 3263/2307/2891 
f 3263/2307/2891 3262/2306/2890 3264/2308/2892 3265/2309/2893 
f 3265/2309/2893 3264/2308/2892 3266/2310/2894 3267/2311/2895 
f 3267/2311/2895 3266/2310/2894 3268/2312/2896 3269/2313/2897 
f 3269/2313/2897 3268/2312/2896 3270/2314/2898 3271/2315/2899 
f 3271/2315/2899 3270/2314/2898 3272/2316/2900 3273/2317/2901 
f 3273/2317/2901 3272/2316/2900 3274/2318/2902 3275/2319/2903 
f 3275/2319/2903 3274/2318/2902 3276/2320/2904 3277/2321/2905 
f 3278/2322/159 3279/2323/1624 3280/2324/1624 3281/2325/159 
f 3255/2299/2883 3282/2326/2906 3256/2300/2884 
f 3256/2300/2884 3282/2326/2906 3283/2327/2907 3258/2302/2886 
f 3258/2302/2886 3283/2327/2907 3284/2328/2908 3260/2304/2888 
f 3260/2304/2888 3284/2328/2908 3285/2329/2909 3262/2306/2890 
f 3262/2306/2890 3285/2329/2909 3286/2330/2910 3264/2308/2892 
f 3264/2308/2892 3286/2330/2910 3287/2331/2911 3266/2310/2894 
f 3266/2310/2894 3287/2331/2911 3288/2332/2912 3268/2312/2896 
f 3268/2312/2896 3288/2332/2912 3289/2333/2913 3270/2314/2898 
f 3270/2314/2898 3289/2333/2913 3290/2334/2914 3272/2316/2900 
f 3272/2316/2900 3290/2334/2914 3291/2335/2915 3274/2318/2902 
f 3274/2318/2902 3291/2335/2915 3292/2336/2916 3276/2320/2904 
f 3279/2323/1624 3293/2337/1661 3294/2338/1661 3280/2324/1624 
f 3255/2299/2883 3295/2339/2917 3282/2326/2906 
f 3282/2326/2906 3295/2339/2917 3296/2340/2918 3283/2327/2907 
f 3283/2327/2907 3296/2340/2918 3297/2341/2919 3284/2328/2908 
f 3284/2328/2908 3297/2341/2919 3298/2342/2920 3285/2329/2909 
f 3285/2329/2909 3298/2342/2920 3299/2343/2921 3286/2330/2910 
f 3286/2330/2910 3299/2343/2921 3300/2344/2922 3287/2331/2911 
f 3287/2331/2911 3300/2344/2922 3301/2345/2923 3288/2332/2912 
f 3288/2332/2912 3301/2345/2923 3302/2346/2924 3289/2333/2913 
f 3289/2333/2913 3302/2346/2924 3303/2347/2925 3290/2334/2914 
f 3290/2334/2914 3303/2347/2925 3304/2348/2926 3291/2335/2915 
f 3291/2335/2915 3304/2348/2926 3305/2349/2927 3292/2336/2916 
f 3293/2337/1661 3306/2350/2596 3307/2351/2596 3294/2338/1661 
f 3255/2299/2883 3308/2352/2928 3295/2339/2917 
f 3295/2339/2917 3308/2352/2928 3309/2353/2929 3296/2340/2918 
f 3296/2340/2918 3309/2353/2929 3310/2354/2930 3297/2341/2919 
f 3297/2341/2919 3310/2354/2930 3311/2355/2931 3298/2342/2920 
f 3298/2342/2920 3311/2355/2931 3312/2356/2932 3299/2343/2921 
f 3299/2343/2921 3312/2356/2932 3313/2357/2933 3300/2344/2922 
f 3300/2344/2922 3313/2357/2933 3314/2358/2934 3301/2345/2923 
f 3301/2345/2923 3314/2358/2934 3315/2359/2935 3302/2346/2924 
f 3302/2346/2924 3315/2359/2935 3316/2360/2936 3303/2347/2925 
f 3303/2347/2925 3316/2360/2936 3317/2361/2937 3304/2348/2926 
f 3304/2348/2926 3317/2361/2937 3318/2362/2938 3305/2349/2927 
f 3306/2350/2596 3319/2363/1698 3320/2364/1698 3307/2351/2596 
f 3255/2299/2883 3321/2365/2939 3308/2352/2928 
f 3308/2352/2928 3321/2365/2939 3322/2366/2940 3309/2353/2929 
f 3309/2353/2929 3322/2366/2940 3323/2367/2941 3310/2354/2930 
f 3310/2354/2930 3323/2367/2941 3324/2368/2942 3311/2355/2931 
f 3311/2355/2931 3324/2368/2942 3325/2369/2943 3312/2356/2932 
f 3312/2356/2932 3325/2369/2943 3326/2370/2944 3313/2357/2933 
f 3313/2357/2933 3326/2370/2944 3327/2371/2945 3314/2358/2934 
f 3314/2358/2934 3327/2371/2945 3328/2372/2946 3315/2359/2935 
f 3315/2359/2935 3328/2372/2946 3329/2373/2947 3316/2360/2936 
f 3316/2360/2936 3329/2373/2947 3330/2374/2948 3317/2361/2937 
f 3317/2361/2937 3330/2374/2948 3331/2375/2949 3318/2362/2938 
f 3319/2363/1698 3332/2376/1717 3333/2377/1717 3320/2364/1698 
f 3255/2299/2883 3334/2378/2950 3321/2365/2939 
f 3321/2365/2939 3334/2378/2950 3335/2379/2951 3322/2366/2940 
f 3322/2366/2940 3335/2379/2951 3336/2380/2952 3323/2367/2941 
f 3323/2367/2941 3336/2380/2952 3337/2381/2953 3324/2368/2942 
f 3324/2368/2942 3337/2381/2953 3338/2382/2954 3325/2369/2943 
f 3325/2369/2943 3338/2382/2954 3339/2383/2955 3326/2370/2944 
f 3326/2370/2944 3339/2383/2955 3340/2384/2956 3327/2371/2945 
f 3327/2371/2945 3340/2384/2956 3341/2385/2957 3328/2372/2946 
f 3328/2372/2946 3341/2385/2957 3342/2386/2958 3329/2373/2947 
f 3329/2373/2947 3342/2386/2958 3343/2387/2959 3330/2374/2948 
f 3330/2374/2948 3343/2387/2959 3344/2388/2960 3331/2375/2949 
f 3332/2376/1717 3345/2389/287 3346/2390/287 3333/2377/1717 
f 3255/2299/2883 3347/2391/2961 3334/2378/2950 
f 3334/2378/2950 3347/2391/2961 3348/2392/2962 3335/2379/2951 
f 3335/2379/2951 3348/2392/2962 3349/2393/2963 3336/2380/2952 
f 3336/2380/2952 3349/2393/2963 3350/2394/2964 3337/2381/2953 
f 3337/2381/2953 3350/2394/2964 3351/2395/2965 3338/2382/2954 
f 3338/2382/2954 3351/2395/2965 3352/2396/2966 3339/2383/2955 
f 3339/2383/2955 3352/2396/2966 3353/2397/2967 3340/2384/2956 
f 3340/2384/2956 3353/2397/2967 3354/2398/2968 3341/2385/2957 
f 3341/2385/2957 3354/2398/2968 3355/2399/2969 3342/2386/2958 
f 3342/2386/2958 3355/2399/2969 3356/2400/2970 3343/2387/2959 
f 3343/2387/2959 3356/2400/2970 3357/2401/2971 3344/2388/2960 
f 3345/2389/287 3358/2402/1754 3359/2403/1754 3346/2390/287 
f 3255/2299/2883 3360/2404/2972 3347/2391/2961 
f 3347/2391/2961 3360/2404/2972 3361/2405/2973 3348/2392/2962 
f 3348/2392/2962 3361/2405/2973 3362/2406/2974 3349/2393/2963 
f 3349/2393/2963 3362/2406/2974 3363/2407/2975 3350/2394/2964 
f 3350/2394/2964 3363/2407/2975 3364/2408/2976 3351/2395/2965 
f 3351/2395/2965 3364/2408/2976 3365/2409/2977 3352/2396/2966 
f 3352/2396/2966 3365/2409/2977 3366/2410/2978 3353/2397/2967 
f 3353/2397/2967 3366/2410/2978 3367/2411/2979 3354/2398/2968 
f 3354/2398/2968 3367/2411/2979 3368/2412/2980 3355/2399/2969 
f 3355/2399/2969 3368/2412/2980 3369/2413/2981 3356/2400/2970 
f 3356/2400/2970 3369/2413/2981 3370/2414/2982 3357/2401/2971 
f 3358/2402/1754 3371/2415/1773 3372/2416/1773 3359/2403/1754 
f 3255/2299/2883 3373/2417/2983 3360/2404/2972 
f 3360/2404/2972 3373/2417/2983 3374/2418/2984 3361/2405/2973 
f 3361/2405/2973 3374/2418/2984 3375/2419/2985 3362/2406/2974 
f 3362/2406/2974 3375/2419/2985 3376/2420/2986 3363/2407/2975 
f 3363/2407/2975 3376/2420/2986 3377/2421/2987 3364/2408/2976 
f 3364/2408/2976 3377/2421/2987 3378/2422/2988 3365/2409/2977 
f 3365/2409/2977 3378/2422/2988 3379/2423/2989 3366/2410/2978 
f 3366/2410/2978 3379/2423/2989 3380/2424/2990 3367/2411/2979 
f 3367/2411/2979 3380/2424/2990 3381/2425/2991 3368/2412/2980 
f 3368/2412/2980 3381/2425/2991 3382/2426/2992 3369/2413/2981 
f 3369/2413/2981 3382/2426/2992 3383/2427/2993 3370/2414/2982 
f 3371/2415/1773 3384/2428/361 3385/2429/361 3372/2416/1773 
f 3255/2299/2883 3386/2430/2994 3373/2417/2983 
f 3373/2417/2983 3386/2430/2994 3387/2431/2995 3374/2418/2984 
f 3374/2418/2984 3387/2431/2995 3388/2432/2996 3375/2419/2985 
f 3375/2419/2985 3388/2432/2996 3389/2433/2997 3376/2420/2986 
f 3376/2420/2986 3389/2433/2997 3390/2434/2998 3377/2421/2987 
f 3377/2421/2987 3390/2434/2998 3391/2435/2999 3378/2422/2988 
f 3378/2422/2988 3391/2435/2999 3392/2436/3000 3379/2423/2989 
f 3379/2423/2989 3392/2436/3000 3393/2437/3001 3380/2424/2990 
f 3380/2424/2990 3393/2437/3001 3394/2438/3002 3381/2425/2991 
f 3381/2425/2991 3394/2438/3002 3395/2439/3003 3382/2426/2992 
f 3382/2426/2992 3395/2439/3003 3396/2440/3004 3383/2427/2993 
f 3384/2428/361 3397/2441/1810 3398/2442/1810 3385/2429/361 
f 3255/2299/2883 3399/2443/3005 3386/2430/2994 
f 3386/2430/2994 3399/2443/3005 3400/2444/3006 3387/2431/2995 
f 3387/2431/2995 3400/2444/3006 3401/2445/3007 3388/2432/2996 
f 3388/2432/2996 3401/2445/3007 3402/2446/3008 3389/2433/2997 
f 3389/2433/2997 3402/2446/3008 3403/2447/3009 3390/2434/2998 
f 3390/2434/2998 3403/2447/3009 3404/2448/3010 3391/2435/2999 
f 3391/2435/2999 3404/2448/3010 3405/2449/3011 3392/2436/3000 
f 3392/2436/3000 3405/2449/3011 3406/2450/3012 3393/2437/3001 
f 3393/2437/3001 3406/2450/3012 3407/2451/3013 3394/2438/3002 
f 3394/2438/3002 3407/2451/3013 3408/2452/3014 3395/2439/3003 
f 3395/2439/3003 3408/2452/3014 3409/2453/3015 3396/2440/3004 
f 3397/2441/1810 3410/2454/3016 3411/2455/3016 3398/2442/1810 
f 3255/2299/2883 3412/2456/3017 3399/2443/3005 
f 3399/2443/3005 3412/2456/3017 3413/2457/3018 3400/2444/3006 
f 3400/2444/3006 3413/2457/3018 3414/2458/3019 3401/2445/3007 
f 3401/2445/3007 3414/2458/3019 3415/2459/3020 3402/2446/3008 
f 3402/2446/3008 3415/2459/3020 3416/2460/3021 3403/2447/3009 
f 3403/2447/3009 3416/2460/3021 3417/2461/3022 3404/2448/3010 
f 3404/2448/3010 3417/2461/3022 3418/2462/3023 3405/2449/3011 
f 3405/2449/3011 3418/2462/3023 3419/2463/3024 3406/2450/3012 
f 3406/2450/3012 3419/2463/3024 3420/2464/3025 3407/2451/3013 
f 3407/2451/3013 3420/2464/3025 3421/2465/3026 3408/2452/3014 
f 3408/2452/3014 3421/2465/3026 3422/2466/3027 3409/2453/3015 
f 3410/2454/3016 3423/2467/1848 3424/2468/1848 3411/2455/3016 
f 3255/2299/2883 3425/2469/3028 3412/2456/3017 
f 3412/2456/3017 3425/2469/3028 3426/2470/3029 3413/2457/3018 
f 3413/2457/3018 3426/2470/3029 3427/2471/3030 3414/2458/3019 
f 3414/2458/3019 3427/2471/3030 3428/2472/3031 3415/2459/3020 
f 3415/2459/3020 3428/2472/3031 3429/2473/3032 3416/2460/3021 
f 3416/2460/3021 3429/2473/3032 3430/2474/3033 3417/2461/3022 
f 3417/2461/3022 3430/2474/3033 3431/2475/3034 3418/2462/3023 
f 3418/2462/3023 3431/2475/3034 3432/2476/3035 3419/2463/3024 
f 3419/2463/3024 3432/2476/3035 3433/2477/3036 3420/2464/3025 
f 3420/2464/3025 3433/2477/3036 3434/2478/3037 3421/2465/3026 
f 3421/2465/3026 3434/2478/3037 3435/2479/3038 3422/2466/3027 
f 3423/2467/1848 3436/2480/1867 3437/2481/1867 3424/2468/1848 
f 3255/2299/2883 3438/2482/3039 3425/2469/3028 
f 3425/2469/3028 3438/2482/3039 3439/2483/3040 3426/2470/3029 
f 3426/2470/3029 3439/2483/3040 3440/2484/3041 3427/2471/3030 
f 3427/2471/3030 3440/2484/3041 3441/2485/3042 3428/2472/3031 
f 3428/2472/3031 3441/2485/3042 3442/2486/3043 3429/2473/3032 
f 3429/2473/3032 3442/2486/3043 3443/2487/3044 3430/2474/3033 
f 3430/2474/3033 3443/2487/3044 3444/2488/3045 3431/2475/3034 
f 3431/2475/3034 3444/2488/3045 3445/2489/3046 3432/2476/3035 
f 3432/2476/3035 3445/2489/3046 3446/2490/3047 3433/2477/3036 
f 3433/2477/3036 3446/2490/3047 3447/2491/3048 3434/2478/3037 
f 3434/2478/3037 3447/2491/3048 3448/2492/3049 3435/2479/3038 
f 3436/2480/1867 3449/2493/2383 3450/2494/2383 3437/2481/1867 
f 3255/2299/2883 3451/2495/3050 3438/2482/3039 
f 3438/2482/3039 3451/2495/3050 3452/2496/3051 3439/2483/3040 
f 3439/2483/3040 3452/2496/3051 3453/2497/3052 3440/2484/3041 
f 3440/2484/3041 3453/2497/3052 3454/2498/3053 3441/2485/3042 
f 3441/2485/3042 3454/2498/3053 3455/2499/3054 3442/2486/3043 
f 3442/2486/3043 3455/2499/3054 3456/2500/3055 3443/2487/3044 
f 3443/2487/3044 3456/2500/3055 3457/2501/3056 3444/2488/3045 
f 3444/2488/3045 3457/2501/3056 3458/2502/3057 3445/2489/3046 
f 3445/2489/3046 3458/2502/3057 3459/2503/3058 3446/2490/3047 
f 3446/2490/3047 3459/2503/3058 3460/2504/3059 3447/2491/3048 
f 3447/2491/3048 3460/2504/3059 3461/2505/3060 3448/2492/3049 
f 3449/2493/2383 3462/2506/516 3463/2507/516 3450/2494/2383 
f 3255/2299/2883 3464/2508/3061 3451/2495/3050 
f 3451/2495/3050 3464/2508/3061 3465/2509/3062 3452/2496/3051 
f 3452/2496/3051 3465/2509/3062 3466/2510/3063 3453/2497/3052 
f 3453/2497/3052 3466/2510/3063 3467/2511/3064 3454/2498/3053 
f 3454/2498/3053 3467/2511/3064 3468/2512/3065 3455/2499/3054 
f 3455/2499/3054 3468/2512/3065 3469/2513/3066 3456/2500/3055 
f 3456/2500/3055 3469/2513/3066 3470/2514/3067 3457/2501/3056 
f 3457/2501/3056 3470/2514/3067 3471/2515/3068 3458/2502/3057 
f 3458/2502/3057 3471/2515/3068 3472/2516/3069 3459/2503/3058 
f 3459/2503/3058 3472/2516/3069 3473/2517/3070 3460/2504/3059 
f 3460/2504/3059 3473/2517/3070 3474/2518/3071 3461/2505/3060 
f 3462/2506/516 3475/2519/1923 3476/2520/1923 3463/2507/516 
f 3255/2299/2883 3477/2521/3072 3464/2508/3061 
f 3464/2508/3061 3477/2521/3072 3478/2522/3073 3465/2509/3062 
f 3465/2509/3062 3478/2522/3073 3479/2523/3074 3466/2510/3063 
f 3466/2510/3063 3479/2523/3074 3480/2524/3075 3467/2511/3064 
f 3467/2511/3064 3480/2524/3075 3481/2525/3076 3468/2512/3065 
f 3468/2512/3065 3481/2525/3076 3482/2526/3077 3469/2513/3066 
f 3469/2513/3066 3482/2526/3077 3483/2527/3078 3470/2514/3067 
f 3470/2514/3067 3483/2527/3078 3484/2528/3079 3471/2515/3068 
f 3471/2515/3068 3484/2528/3079 3485/2529/3080 3472/2516/3069 
f 3472/2516/3069 3485/2529/3080 3486/2530/3081 3473/2517/3070 
f 3473/2517/3070 3486/2530/3081 3487/2531/3082 3474/2518/3071 
f 3475/2519/1923 3488/2532/1942 3489/2533/1942 3476/2520/1923 
f 3255/2299/2883 3490/2534/3083 3477/2521/3072 
f 3477/2521/3072 3490/2534/3083 3491/2535/3084 3478/2522/3073 
f 3478/2522/3073 3491/2535/3084 3492/2536/3085 3479/2523/3074 
f 3479/2523/3074 3492/2536/3085 3493/2537/3086 3480/2524/3075 
f 3480/2524/3075 3493/2537/3086 3494/2538/3087 3481/2525/3076 
f 3481/2525/3076 3494/2538/3087 3495/2539/3088 3482/2526/3077 
f 3482/2526/3077 3495/2539/3088 3496/2540/3089 3483/2527/3078 
f 3483/2527/3078 3496/2540/3089 3497/2541/3090 3484/2528/3079 
f 3484/2528/3079 3497/2541/3090 3498/2542/3091 3485/2529/3080 
f 3485/2529/3080 3498/2542/3091 3499/2543/3092 3486/2530/3081 
f 3486/2530/3081 3499/2543/3092 3500/2544/3093 3487/2531/3082 
f 3488/2532/1942 3501/2545/1 3502/2546/1 3489/2533/1942 
f 3255/2299/2883 3503/2547/3094 3490/2534/3083 
f 3490/2534/3083 3503/2547/3094 3504/2548/3095 3491/2535/3084 
f 3491/2535/3084 3504/2548/3095 3505/2549/3096 3492/2536/3085 
f 3492/2536/3085 3505/2549/3096 3506/2550/3097 3493/2537/3086 
f 3493/2537/3086 3506/2550/3097 3507/2551/3098 3494/2538/3087 
f 3494/2538/3087 3507/2551/3098 3508/2552/3099 3495/2539/3088 
f 3495/2539/3088 3508/2552/3099 3509/2553/3100 3496/2540/3089 
f 3496/2540/3089 3509/2553/3100 3510/2554/3101 3497/2541/3090 
f 3497/2541/3090 3510/2554/3101 3511/2555/3102 3498/2542/3091 
f 3498/2542/3091 3511/2555/3102 3512/2556/3103 3499/2543/3092 
f 3499/2543/3092 3512/2556/3103 3513/2557/3104 3500/2544/3093 
f 3501/2545/1 3514/2558/1980 3515/2559/1980 3502/2546/1 
f 3255/2299/2883 3516/2560/3105 3503/2547/3094 
f 3503/2547/3094 3516/2560/3105 3517/2561/3106 3504/2548/3095 
f 3504/2548/3095 3517/2561/3106 3518/2562/3107 3505/2549/3096 
f 3505/2549/3096 3518/2562/3107 3519/2563/3108 3506/2550/3097 
f 3506/2550/3097 3519/2563/3108 3520/2564/3109 3507/2551/3098 
f 3507/2551/3098 3520/2564/3109 3521/2565/3110 3508/2552/3099 
f 3508/2552/3099 3521/2565/3110 3522/2566/3111 3509/2553/3100 
f 3509/2553/3100 3522/2566/3111 3523/2567/3112 3510/2554/3101 
f 3510/2554/3101 3523/2567/3112 3524/2568/3113 3511/2555/3102 
f 3511/2555/3102 3524/2568/3113 3525/2569/3114 3512/2556/3103 
f 3512/2556/3103 3525/2569/3114 3526/2570/3115 3513/2557/3104 
f 3514/2558/1980 3527/2571/1999 3528/2572/1999 3515/2559/1980 
f 3255/2299/2883 3529/2573/3116 3516/2560/3105 
f 3516/2560/3105 3529/2573/3116 3530/2574/3117 3517/2561/3106 
f 3517/2561/3106 3530/2574/3117 3531/2575/3118 3518/2562/3107 
f 3518/2562/3107 3531/2575/3118 3532/2576/3119 3519/2563/3108 
f 3519/2563/3108 3532/2576/3119 3533/2577/3120 3520/2564/3109 
f 3520/2564/3109 3533/2577/3120 3534/2578/3121 3521/2565/3110 
f 3521/2565/3110 3534/2578/3121 3535/2579/3122 3522/2566/3111 
f 3522/2566/3111 3535/2579/3122 3536/2580/3123 3523/2567/3112 
f 3523/2567/3112 3536/2580/3123 3537/2581/3124 3524/2568/3113 
f 3524/2568/3113 3537/2581/3124 3538/2582/3125 3525/2569/3114 
f 3525/2569/3114 3538/2582/3125 3539/2583/3126 3526/2570/3115 
f 3527/2571/1999 3540/2584/84 3541/2585/84 3528/2572/1999 
f 3255/2299/2883 3542/2586/3127 3529/2573/3116 
f 3529/2573/3116 3542/2586/3127 3543/2587/3128 3530/2574/3117 
f 3530/2574/3117 3543/2587/3128 3544/2588/3129 3531/2575/3118 
f 3531/2575/3118 3544/2588/3129 3545/2589/3130 3532/2576/3119 
f 3532/2576/3119 3545/2589/3130 3546/2590/3131 3533/2577/3120 
f 3533/2577/3120 3546/2590/3131 3547/2591/3132 3534/2578/3121 
f 3534/2578/3121 3547/2591/3132 3548/2592/3133 3535/2579/3122 
f 3535/2579/3122 3548/2592/3133 3549/2593/3134 3536/2580/3123 
f 3536/2580/3123 3549/2593/3134 3550/2594/3135 3537/2581/3124 
f 3537/2581/3124 3550/2594/3135 3551/2595/3136 3538/2582/3125 
f 3538/2582/3125 3551/2595/3136 3552/2596/3137 3539/2583/3126 
f 3540/2584/84 3553/2597/2036 3554/2598/2036 3541/2585/84 
f 3255/2299/2883 3555/2599/3138 3542/2586/3127 
f 3542/2586/3127 3555/2599/3138 3556/2600/3139 3543/2587/3128 
f 3543/2587/3128 3556/2600/3139 3557/2601/3140 3544/2588/3129 
f 3544/2588/3129 3557/2601/3140 3558/2602/3141 3545/2589/3130 
f 3545/2589/3130 3558/2602/3141 3559/2603/3142 3546/2590/3131 
f 3546/2590/3131 3559/2603/3142 3560/2604/3143 3547/2591/3132 
f 3547/2591/3132 3560/2604/3143 3561/2605/3144 3548/2592/3133 
f 3548/2592/3133 3561/2605/3144 3562/2606/3145 3549/2593/3134 
f 3549/2593/3134 3562/2606/3145 3563/2607/3146 3550/2594/3135 
f 3550/2594/3135 3563/2607/3146 3564/2608/3147 3551/2595/3136 
f 3551/2595/3136 3564/2608/3147 3565/2609/3148 3552/2596/3137 
f 3553/2597/2036 3566/2610/2055 3567/2611/2055 3554/2598/2036 
f 3255/2299/2883 3257/2301/2885 3555/2599/3138 
f 3555/2599/3138 3257/2301/2885 3259/2303/2887 3556/2600/3139 
f 3556/2600/3139 3259/2303/2887 3261/2305/2889 3557/2601/3140 
f 3557/2601/3140 3261/2305/2889 3263/2307/2891 3558/2602/3141 
f 3558/2602/3141 3263/2307/2891 3265/2309/2893 3559/2603/3142 
f 3559/2603/3142 3265/2309/2893 3267/2311/2895 3560/2604/3143 
f 3560/2604/3143 3267/2311/2895 3269/2313/2897 3561/2605/3144 
f 3561/2605/3144 3269/2313/2897 3271/2315/2899 3562/2606/3145 
f 3562/2606/3145 3271/2315/2899 3273/2317/2901 3563/2607/3146 
f 3563/2607/3146 3273/2317/2901 3275/2319/2903 3564/2608/3147 
f 3564/2608/3147 3275/2319/2903 3277/2321/2905 3565/2609/3148 
f 3566/2610/2055 3278/2322/159 3281/2325/159 3567/2611/2055 
f 3277/2321/2905 3276/2320/2904 3568/2612/3149 3569/2613/3150 
f 3279/2323/1624 3278/2322/159 3569/2613/3150 3568/2612/3149 
f 3276/2320/2904 3292/2336/2916 3570/2614/3151 3568/2612/3149 
f 3293/2337/1661 3279/2323/1624 3568/2612/3149 3570/2614/3151 
f 3292/2336/2916 3305/2349/2927 3571/2615/3152 3570/2614/3151 
f 3306/2350/2596 3293/2337/1661 3570/2614/3151 3571/2615/3152 
f 3305/2349/2927 3318/2362/2938 3572/2616/3153 3571/2615/3152 
f 3319/2363/1698 3306/2350/2596 3571/2615/3152 3572/2616/3153 
f 3318/2362/2938 3331/2375/2949 3573/2617/3154 3572/2616/3153 
f 3332/2376/1717 3319/2363/1698 3572/2616/3153 3573/2617/3154 
f 3331/2375/2949 3344/2388/2960 3574/2618/3155 3573/2617/3154 
f 3345/2389/287 3332/2376/1717 3573/2617/3154 3574/2618/3155 
f 3344/2388/2960 3357/2401/2971 3575/2619/3156 3574/2618/3155 
f 3358/2402/1754 3345/2389/287 3574/2618/3155 3575/2619/3156 
f 3357/2401/2971 3370/2414/2982 3576/2620/3157 3575/2619/3156 
f 3371/2415/1773 3358/2402/1754 3575/2619/3156 3576/2620/3157 
f 3370/2414/2982 3383/2427/2993 3577/2621/3158 3576/2620/3157 
f 3384/2428/361 3371/2415/1773 3576/2620/3157 3577/2621/3158 
f 3383/2427/2993 3396/2440/3004 3578/2622/3159 3577/2621/3158 
f 3397/2441/1810 3384/2428/361 3577/2621/3158 3578/2622/3159 
f 3396/2440/3004 3409/2453/3015 3579/2623/3160 3578/2622/3159 
f 3410/2454/3016 3397/2441/1810 3578/2622/3159 3579/2623/3160 
f 3409/2453/3015 3422/2466/3027 3580/2624/3161 3579/2623/3160 
f 3423/2467/1848 3410/2454/3016 3579/2623/3160 3580/2624/3161 
f 3422/2466/3027 3435/2479/3038 3581/2625/3162 3580/2624/3161 
f 3436/2480/1867 3423/2467/1848 3580/2624/3161 3581/2625/3162 
f 3435/2479/3038 3448/2492/3049 3582/2626/3163 3581/2625/3162 
f 3449/2493/2383 3436/2480/1867 3581/2625/3162 3582/2626/3163 
f 3448/2492/3049 3461/2505/3060 3583/2627/3164 3582/2626/3163 
f 3462/2506/516 3449/2493/2383 3582/2626/3163 3583/2627/3164 
f 3461/2505/3060 3474/2518/3071 3584/2628/3165 3583/2627/3164 
f 3475/2519/1923 3462/2506/516 3583/2627/3164 3584/2628/3165 
f 3474/2518/3071 3487/2531/3082 3585/2629/3166 3584/2628/3165 
f 3488/2532/1942 3475/2519/1923 3584/2628/3165 3585/2629/3166 
f 3487/2531/3082 3500/2544/3093 3586/2630/3167 3585/2629/3166 
f 3501/2545/1 3488/2532/1942 3585/2629/3166 3586/2630/3167 
f 3500/2544/3093 3513/2557/3104 3587/2631/3168 3586/2630/3167 
f 3514/2558/1980 3501/2545/1 3586/2630/3167 3587/2631/3168 
f 3513/2557/3104 3526/2570/3115 3588/2632/3169 3587/2631/3168 
f 3527/2571/1999 3514/2558/1980 3587/2631/3168 3588/2632/3169 
f 3526/2570/3115 3539/2583/3126 3589/2633/3170 3588/2632/3169 
f 3540/2584/84 3527/2571/1999 3588/2632/3169 3589/2633/3170 
f 3539/2583/3126 3552/2596/3137 3590/2634/3171 3589/2633/3170 
f 3553/2597/2036 3540/2584/84 3589/2633/3170 3590/2634/3171 
f 3552/2596/3137 3565/2609/3148 3591/2635/3172 3590/2634/3171 
f 3566/2610/2055 3553/2597/2036 3590/2634/3171 3591/2635/3172 
f 3565/2609/3148 3277/2321/2905 3569/2613/3150 3591/2635/3172 
f 3278/2322/159 3566/2610/2055 3591/2635/3172 3569/2613/3150 
f 3592/1412/3173 3593/2636/3174 3594/2636/3175 3595/1412/3176 
f 3593/2636/3174 3596/2637/3177 3597/2637/3178 3594/2636/3175 
f 3596/2637/3177 3598/2638/3179 3599/2638/3180 3597/2637/3178 
f 3598/2638/3179 3600/2639/3181 3601/2639/3182 3599/2638/3180 
f 3600/2639/3181 3602/2640/3183 3603/2640/3184 3601/2639/3182 
f 3602/2640/3183 3604/2641/3185 3605/2641/3186 3603/2640/3184 
f 3604/2641/3185 3606/2642/3187 3607/2642/3188 3605/2641/3186 
f 3606/2642/3187 3608/2643/3189 3609/2643/3190 3607/2642/3188 
f 3608/2643/3189 3610/2644/3191 3611/2644/3192 3609/2643/3190 
f 3610/2644/3191 3612/2645/3193 3613/2645/3194 3611/2644/3192 
f 3612/2645/3193 3614/2646/3195 3615/2646/3196 3613/2645/3194 
f 3614/2646/3195 3592/1412/3173 3595/1412/3176 3615/2646/3196 
f 3616/1412/3197 3617/2636/3198 3618/2636/3199 3619/1412/3200 
f 3617/2636/3198 3612/2637/3193 3620/2637/3201 3618/2636/3199 
f 3612/2637/3193 3610/2638/3191 3621/2638/3202 3620/2637/3201 
f 3610/2638/3191 3608/2639/3189 3622/2639/3203 3621/2638/3202 
f 3608/2639/3189 3623/2640/3204 3624/2640/2662 3622/2639/3203 
f 3623/2640/3204 3625/2641/3205 3626/2641/3206 3624/2640/2662 
f 3625/2641/3205 3627/2642/3207 3628/2642/3208 3626/2641/3206 
f 3627/2642/3207 3629/2643/3209 3630/2643/3210 3628/2642/3208 
f 3629/2643/3209 3631/2644/3211 3632/2644/3212 3630/2643/3210 
f 3631/2644/3211 3633/2645/3213 3634/2645/3214 3632/2644/3212 
f 3633/2645/3213 3635/2646/3215 3636/2646/3216 3634/2645/3214 
f 3635/2646/3215 3616/1412/3197 3619/1412/3200 3636/2646/3216 
f 3625/1412/3205 3623/2636/3204 3637/2636/3217 3638/1412/3218 
f 3623/2636/3204 3608/2637/3189 3639/2637/3219 3637/2636/3217 
f 3608/2637/3189 3606/2638/3187 3640/2638/3220 3639/2637/3219 
f 3606/2638/3187 3604/2639/3185 3641/2639/3221 3640/2638/3220 
f 3604/2639/3185 3642/2640/3222 3643/2640/3223 3641/2639/3221 
f 3642/2640/3222 3644/2641/3224 3645/2641/3225 3643/2640/3223 
f 3644/2641/3224 3646/2642/3226 3647/2642/3217 3645/2641/3225 
f 3646/2642/3226 3648/2643/3227 3649/2643/3228 3647/2642/3217 
f 3648/2643/3227 3650/2644/3229 3651/2644/3230 3649/2643/3228 
f 3650/2644/3229 3652/2645/3231 3653/2645/3232 3651/2644/3230 
f 3652/2645/3231 3654/2646/3233 3655/2646/3234 3653/2645/3232 
f 3654/2646/3233 3625/1412/3205 3638/1412/3218 3655/2646/3234 
f 3644/1412/3224 3642/2636/3222 3656/2636/3235 3657/1412/3236 
f 3642/2636/3222 3602/2637/3183 3658/2637/3237 3656/2636/3235 
f 3602/2637/3183 3600/2638/3181 3659/2638/3238 3658/2637/3237 
f 3600/2638/3181 3598/2639/3179 3660/2639/3239 3659/2638/3238 
f 3598/2639/3179 3661/2640/3240 3662/2640/3228 3660/2639/3239 
f 3661/2640/3240 3663/2641/3241 3664/2641/3242 3662/2640/3228 
f 3663/2641/3241 3665/2642/3243 3666/2642/3244 3664/2641/3242 
f 3665/2642/3243 3667/2643/3245 3668/2643/3246 3666/2642/3244 
f 3667/2643/3245 3669/2644/3247 3670/2644/3248 3668/2643/3246 
f 3669/2644/3247 3671/2645/3249 3672/2645/3250 3670/2644/3248 
f 3671/2645/3249 3673/2646/3251 3674/2646/3252 3672/2645/3250 
f 3673/2646/3251 3644/1412/3224 3657/1412/3236 3674/2646/3252 
f 3663/1412/3241 3661/2636/3240 3675/2636/3253 3676/1412/3254 
f 3661/2636/3240 3598/2637/3179 3677/2637/3204 3675/2636/3253 
f 3598/2637/3179 3596/2638/3177 3678/2638/3255 3677/2637/3204 
f 3596/2638/3177 3593/2639/3174 3679/2639/3256 3678/2638/3255 
f 3593/2639/3174 3680/2640/3257 3681/2640/3258 3679/2639/3256 
f 3680/2640/3257 3682/2641/3259 3683/2641/3260 3681/2640/3258 
f 3682/2641/3259 3684/2642/3261 3685/2642/3262 3683/2641/3260 
f 3684/2642/3261 3686/2643/3263 3687/2643/3264 3685/2642/3262 
f 3686/2643/3263 3688/2644/3265 3689/2644/3266 3687/2643/3264 
f 3688/2644/3265 3690/2645/3267 3691/2645/3268 3689/2644/3266 
f 3690/2645/3267 3692/2646/3269 3693/2646/3270 3691/2645/3268 
f 3692/2646/3269 3663/1412/3241 3676/1412/3254 3693/2646/3270 
f 3682/1412/3259 3680/2636/3257 3694/2636/3271 3695/1412/3272 
f 3680/2636/3257 3592/2637/3173 3696/2637/3273 3694/2636/3271 
f 3592/2637/3173 3614/2638/3195 3697/2638/3274 3696/2637/3273 
f 3614/2638/3195 3612/2639/3193 3698/2639/3275 3697/2638/3274 
f 3612/2639/3193 3617/2640/3198 3699/2640/3276 3698/2639/3275 
f 3617/2640/3198 3616/2641/3197 3700/2641/3277 3699/2640/3276 
f 3616/2641/3197 3701/2642/3278 3702/2642/3279 3700/2641/3277 
f 3701/2642/3278 3703/2643/3280 3704/2643/3281 3702/2642/3279 
f 3703/2643/3280 3705/2644/3282 3706/2644/3283 3704/2643/3281 
f 3705/2644/3282 3707/2645/3284 3708/2645/3285 3706/2644/3283 
f 3707/2645/3284 3709/2646/3286 3710/2646/3287 3708/2645/3285 
f 3709/2646/3286 3682/1412/3259 3695/1412/3272 3710/2646/3287 
f 3711/1412/3288 3712/2636/3289 3713/2636/3290 3714/1412/3291 
f 3712/2636/3289 3633/2637/3213 3715/2637/3292 3713/2636/3290 
f 3633/2637/3213 3631/2638/3211 3716/2638/3293 3715/2637/3292 
f 3631/2638/3211 3629/2639/3209 3717/2639/3294 3716/2638/3293 
f 3629/2639/3209 3718/2640/3295 3719/2640/3296 3717/2639/3294 
f 3718/2640/3295 3720/2641/3297 3721/2641/3298 3719/2640/3296 
f 3720/2641/3297 3722/2647/3299 3723/2648/3300 3721/2641/3298 
f 3724/2643/3301 3725/2643/3302 3723/2648/3300 3722/2647/3299 
f 3726/2644/3303 3727/2644/3304 3725/2643/3302 3724/2643/3301 
f 3728/2645/3305 3729/2645/3306 3727/2644/3304 3726/2644/3303 
f 3730/2649/3307 3731/2646/3308 3729/2645/3306 3728/2645/3305 
f 3711/1412/3288 3714/1412/3291 3731/2646/3308 3730/2649/3307 
f 3720/1412/3297 3718/2636/3295 3732/2636/3309 3733/1412/3310 
f 3718/2636/3295 3627/2637/3207 3734/2637/3311 3732/2636/3309 
f 3627/2637/3207 3625/2638/3205 3735/2638/3312 3734/2637/3311 
f 3625/2638/3205 3654/2639/3233 3736/2639/3313 3735/2638/3312 
f 3654/2639/3233 3737/2640/3314 3738/2640/3216 3736/2639/3313 
f 3737/2640/3314 3739/2641/3315 3740/2641/3316 3738/2640/3216 
f 3739/2641/3315 3741/2647/3317 3742/2648/3318 3740/2641/3316 
f 3743/2643/3319 3744/2643/3320 3742/2648/3318 3741/2647/3317 
f 3745/2644/3321 3746/2644/3322 3744/2643/3320 3743/2643/3319 
f 3747/2645/3323 3748/2645/3324 3746/2644/3322 3745/2644/3321 
f 3722/2649/3299 3749/2646/3325 3748/2645/3324 3747/2645/3323 
f 3720/1412/3297 3733/1412/3310 3749/2646/3325 3722/2649/3299 
f 3739/1412/3315 3737/2636/3314 3750/2636/3326 3751/1412/3327 
f 3737/2636/3314 3652/2637/3231 3752/2637/3328 3750/2636/3326 
f 3652/2637/3231 3650/2638/3229 3753/2638/3329 3752/2637/3328 
f 3650/2638/3229 3648/2639/3227 3754/2639/3330 3753/2638/3329 
f 3648/2639/3227 3755/2640/3331 3756/2640/3332 3754/2639/3330 
f 3755/2640/3331 3757/2641/3333 3758/2641/3334 3756/2640/3332 
f 3757/2641/3333 3759/2647/3335 3760/2648/3336 3758/2641/3334 
f 3761/2643/3337 3762/2643/3338 3760/2648/3336 3759/2647/3335 
f 3763/2644/3339 3764/2644/3340 3762/2643/3338 3761/2643/3337 
f 3765/2645/3341 3766/2645/3342 3764/2644/3340 3763/2644/3339 
f 3741/2649/3317 3767/2646/3343 3766/2645/3342 3765/2645/3341 
f 3739/1412/3315 3751/1412/3327 3767/2646/3343 3741/2649/3317 
f 3757/1412/3333 3755/2636/3331 3768/2636/3344 3769/1412/3269 
f 3755/2636/3331 3646/2637/3226 3770/2637/3345 3768/2636/3344 
f 3646/2637/3226 3644/2638/3224 3771/2638/3346 3770/2637/3345 
f 3644/2638/3224 3673/2639/3251 3772/2639/3347 3771/2638/3346 
f 3673/2639/3251 3773/2640/3348 3774/2640/3349 3772/2639/3347 
f 3773/2640/3348 3775/2641/3350 3776/2641/3351 3774/2640/3349 
f 3775/2641/3350 3777/2647/3352 3778/2648/3353 3776/2641/3351 
f 3779/2643/3354 3780/2643/3355 3778/2648/3353 3777/2647/3352 
f 3781/2644/3356 3782/2644/3357 3780/2643/3355 3779/2643/3354 
f 3783/2645/3358 3784/2645/3359 3782/2644/3357 3781/2644/3356 
f 3759/2649/3335 3785/2646/3360 3784/2645/3359 3783/2645/3358 
f 3757/1412/3333 3769/1412/3269 3785/2646/3360 3759/2649/3335 
f 3775/1412/3350 3773/2636/3348 3786/2636/3361 3787/1412/3362 
f 3773/2636/3348 3671/2637/3249 3788/2637/3363 3786/2636/3361 
f 3671/2637/3249 3669/2638/3247 3789/2638/3364 3788/2637/3363 
f 3669/2638/3247 3667/2639/3245 3790/2639/3365 3789/2638/3364 
f 3667/2639/3245 3791/2640/3366 3792/2640/3367 3790/2639/3365 
f 3791/2640/3366 3793/2641/3368 3794/2641/3369 3792/2640/3367 
f 3793/2641/3368 3795/2647/3370 3796/2648/3371 3794/2641/3369 
f 3797/2643/3372 3798/2643/3373 3796/2648/3371 3795/2647/3370 
f 3799/2644/3374 3800/2644/3375 3798/2643/3373 3797/2643/3372 
f 3801/2645/3376 3802/2645/3377 3800/2644/3375 3799/2644/3374 
f 3777/2649/3352 3803/2646/3378 3802/2645/3377 3801/2645/3376 
f 3775/1412/3350 3787/1412/3362 3803/2646/3378 3777/2649/3352 
f 3793/1412/3368 3791/2636/3366 3804/2636/3379 3805/1412/3380 
f 3791/2636/3366 3665/2637/3243 3806/2637/3381 3804/2636/3379 
f 3665/2637/3243 3663/2638/3241 3807/2638/3382 3806/2637/3381 
f 3663/2638/3241 3692/2639/3269 3808/2639/3383 3807/2638/3382 
f 3692/2639/3269 3809/2640/3384 3810/2640/3385 3808/2639/3383 
f 3809/2640/3384 3811/2641/3386 3812/2641/3387 3810/2640/3385 
f 3811/2641/3386 3813/2647/3388 3814/2648/3389 3812/2641/3387 
f 3815/2643/3390 3816/2643/3391 3814/2648/3389 3813/2647/3388 
f 3817/2644/3392 3818/2644/3393 3816/2643/3391 3815/2643/3390 
f 3819/2645/3394 3820/2645/3395 3818/2644/3393 3817/2644/3392 
f 3795/2649/3370 3821/2646/3396 3820/2645/3395 3819/2645/3394 
f 3793/1412/3368 3805/1412/3380 3821/2646/3396 3795/2649/3370 
f 3811/1412/3386 3809/2636/3384 3822/2636/3397 3823/1412/3398 
f 3809/2636/3384 3690/2637/3267 3824/2637/3399 3822/2636/3397 
f 3690/2637/3267 3688/2638/3265 3825/2638/3400 3824/2637/3399 
f 3688/2638/3265 3686/2639/3263 3826/2639/3401 3825/2638/3400 
f 3686/2639/3263 3827/2640/3402 3828/2640/3403 3826/2639/3401 
f 3827/2640/3402 3829/2641/3404 3830/2641/3405 3828/2640/3403 
f 3829/2641/3404 3831/2647/3406 3832/2648/3407 3830/2641/3405 
f 3833/2643/3408 3834/2643/3409 3832/2648/3407 3831/2647/3406 
f 3835/2644/3410 3836/2644/3411 3834/2643/3409 3833/2643/3408 
f 3837/2645/3412 3838/2645/3413 3836/2644/3411 3835/2644/3410 
f 3813/2649/3388 3839/2646/3414 3838/2645/3413 3837/2645/3412 
f 3811/1412/3386 3823/1412/3398 3839/2646/3414 3813/2649/3388 
f 3829/1412/3404 3827/2636/3402 3840/2636/3415 3841/1412/3416 
f 3827/2636/3402 3684/2637/3261 3842/2637/3417 3840/2636/3415 
f 3684/2637/3261 3682/2638/3259 3843/2638/3418 3842/2637/3417 
f 3682/2638/3259 3709/2639/3286 3844/2639/3419 3843/2638/3418 
f 3709/2639/3286 3845/2640/3420 3846/2640/3421 3844/2639/3419 
f 3845/2640/3420 3847/2641/3422 3848/2641/3423 3846/2640/3421 
f 3847/2641/3422 3849/2647/3424 3850/2648/3425 3848/2641/3423 
f 3851/2643/3426 3852/2643/3427 3850/2648/3425 3849/2647/3424 
f 3853/2644/3428 3854/2644/3429 3852/2643/3427 3851/2643/3426 
f 3855/2645/3430 3856/2645/3431 3854/2644/3429 3853/2644/3428 
f 3831/2649/3406 3857/2646/3432 3856/2645/3431 3855/2645/3430 
f 3829/1412/3404 3841/1412/3416 3857/2646/3432 3831/2649/3406 
f 3847/1412/3422 3845/2636/3420 3858/2636/3433 3859/1412/3434 
f 3845/2636/3420 3707/2637/3284 3860/2637/3435 3858/2636/3433 
f 3707/2637/3284 3705/2638/3282 3861/2638/3436 3860/2637/3435 
f 3705/2638/3282 3703/2639/3280 3862/2639/3437 3861/2638/3436 
f 3703/2639/3280 3863/2640/3438 3864/2640/3439 3862/2639/3437 
f 3863/2640/3438 3865/2641/3440 3866/2641/3441 3864/2640/3439 
f 3865/2641/3440 3867/2647/3442 3868/2648/3443 3866/2641/3441 
f 3869/2643/3444 3870/2643/3445 3868/2648/3443 3867/2647/3442 
f 3871/2644/3446 3872/2644/3447 3870/2643/3445 3869/2643/3444 
f 3873/2645/3448 3874/2645/3449 3872/2644/3447 3871/2644/3446 
f 3849/2649/3424 3875/2646/3450 3874/2645/3449 3873/2645/3448 
f 3847/1412/3422 3859/1412/3434 3875/2646/3450 3849/2649/3424 
f 3865/1412/3440 3863/2636/3438 3876/2636/3451 3877/1412/3452 
f 3863/2636/3438 3701/2637/3278 3878/2637/3453 3876/2636/3451 
f 3701/2637/3278 3616/2638/3197 3879/2638/3454 3878/2637/3453 
f 3616/2638/3197 3635/2639/3215 3880/2639/3455 3879/2638/3454 
f 3635/2639/3215 3712/2640/3289 3881/2640/3456 3880/2639/3455 
f 3712/2640/3289 3711/2641/3288 3882/2641/3457 3881/2640/3456 
f 3711/2641/3288 3730/2647/3307 3883/2648/3458 3882/2641/3457 
f 3884/2643/3459 3885/2643/3460 3883/2648/3458 3730/2647/3307 
f 3886/2644/3461 3887/2644/3462 3885/2643/3460 3884/2643/3459 
f 3888/2645/3463 3889/2645/3464 3887/2644/3462 3886/2644/3461 
f 3867/2649/3442 3890/2646/3465 3889/2645/3464 3888/2645/3463 
f 3865/1412/3440 3877/1412/3452 3890/2646/3465 3867/2649/3442 
f 3627/2642/3207 3718/2636/3295 3629/2639/3209 
f 3633/2645/3213 3712/2636/3289 3635/2639/3215 
f 3646/2642/3226 3755/2636/3331 3648/2639/3227 
f 3652/2645/3231 3737/2636/3314 3654/2639/3233 
f 3665/2642/3243 3791/2636/3366 3667/2639/3245 
f 3671/2645/3249 3773/2636/3348 3673/2639/3251 
f 3684/2642/3261 3827/2636/3402 3686/2639/3263 
f 3690/2645/3267 3809/2636/3384 3692/2639/3269 
f 3701/2642/3278 3863/2636/3438 3703/2639/3280 
f 3707/2645/3284 3845/2636/3420 3709/2639/3286 
f 3592/1412/3173 3680/2636/3257 3593/2639/3174 
f 3602/2640/3183 3642/2636/3222 3604/2639/3185 
f 3722/2647/3299 3891/2642/3466 3892/2643/3467 3724/2643/3301 
f 3724/2643/3301 3892/2643/3467 3893/2644/3468 3726/2644/3303 
f 3726/2644/3303 3893/2644/3468 3894/2645/3469 3728/2645/3305 
f 3728/2645/3305 3894/2645/3469 3895/2646/3470 3730/2649/3307 
f 3741/2647/3317 3896/2642/3471 3897/2643/3472 3743/2643/3319 
f 3743/2643/3319 3897/2643/3472 3898/2644/3473 3745/2644/3321 
f 3745/2644/3321 3898/2644/3473 3899/2645/3474 3747/2645/3323 
f 3747/2645/3323 3899/2645/3474 3891/2646/3466 3722/2649/3299 
f 3759/2647/3335 3900/2642/3475 3901/2643/3476 3761/2643/3337 
f 3761/2643/3337 3901/2643/3476 3902/2644/3477 3763/2644/3339 
f 3763/2644/3339 3902/2644/3477 3903/2645/3478 3765/2645/3341 
f 3765/2645/3341 3903/2645/3478 3896/2646/3471 3741/2649/3317 
f 3777/2647/3352 3904/2642/3479 3905/2643/3480 3779/2643/3354 
f 3779/2643/3354 3905/2643/3480 3906/2644/3481 3781/2644/3356 
f 3781/2644/3356 3906/2644/3481 3907/2645/3482 3783/2645/3358 
f 3783/2645/3358 3907/2645/3482 3900/2646/3475 3759/2649/3335 
f 3795/2647/3370 3908/2642/3483 3909/2643/3484 3797/2643/3372 
f 3797/2643/3372 3909/2643/3484 3910/2644/3485 3799/2644/3374 
f 3799/2644/3374 3910/2644/3485 3911/2645/3486 3801/2645/3376 
f 3801/2645/3376 3911/2645/3486 3904/2646/3479 3777/2649/3352 
f 3813/2647/3388 3912/2642/3487 3913/2643/3488 3815/2643/3390 
f 3815/2643/3390 3913/2643/3488 3914/2644/3489 3817/2644/3392 
f 3817/2644/3392 3914/2644/3489 3915/2645/3490 3819/2645/3394 
f 3819/2645/3394 3915/2645/3490 3908/2646/3483 3795/2649/3370 
f 3831/2647/3406 3916/2642/3491 3917/2643/3492 3833/2643/3408 
f 3833/2643/3408 3917/2643/3492 3918/2644/3493 3835/2644/3410 
f 3835/2644/3410 3918/2644/3493 3919/2645/3494 3837/2645/3412 
f 3837/2645/3412 3919/2645/3494 3912/2646/3487 3813/2649/3388 
f 3849/2647/3424 3920/2642/3495 3921/2643/3496 3851/2643/3426 
f 3851/2643/3426 3921/2643/3496 3922/2644/3497 3853/2644/3428 
f 3853/2644/3428 3922/2644/3497 3923/2645/3498 3855/2645/3430 
f 3855/2645/3430 3923/2645/3498 3916/2646/3491 3831/2649/3406 
f 3867/2647/3442 3924/2642/3499 3925/2643/3500 3869/2643/3444 
f 3869/2643/3444 3925/2643/3500 3926/2644/3501 3871/2644/3446 
f 3871/2644/3446 3926/2644/3501 3927/2645/3502 3873/2645/3448 
f 3873/2645/3448 3927/2645/3502 3920/2646/3495 3849/2649/3424 
f 3730/2647/3307 3895/2642/3470 3928/2643/3503 3884/2643/3459 
f 3884/2643/3459 3928/2643/3503 3929/2644/3504 3886/2644/3461 
f 3886/2644/3461 3929/2644/3504 3930/2645/3505 3888/2645/3463 
f 3888/2645/3463 3930/2645/3505 3924/2646/3499 3867/2649/3442 
f 3931/2642/3506 3932/2642/3507 3933/2643/3508 3934/2643/3509 
f 3935/2645/3510 3936/2645/3511 3937/2646/3512 3938/2646/3513 
f 3939/2642/3514 3940/2642/3515 3941/2643/3516 3942/2643/3517 
f 3942/2643/3517 3941/2643/3516 3943/2644/3518 3944/2644/3519 
f 3944/2644/3519 3943/2644/3518 3945/2645/3520 3946/2645/3521 
f 3946/2645/3521 3945/2645/3520 3932/2646/3507 3931/2646/3506 
f 3947/2642/3522 3948/2642/3523 3949/2643/3524 3950/2643/3525 
f 3950/2643/3525 3949/2643/3524 3951/2644/3526 3952/2644/3527 
f 3952/2644/3527 3951/2644/3526 3953/2645/3528 3954/2645/3529 
f 3954/2645/3529 3953/2645/3528 3940/2646/3515 3939/2646/3514 
f 3955/2642/3530 3956/2642/3531 3957/2643/3532 3958/2643/3533 
f 3958/2643/3533 3957/2643/3532 3959/2644/3534 3960/2644/3535 
f 3960/2644/3535 3959/2644/3534 3961/2645/3536 3962/2645/3537 
f 3962/2645/3537 3961/2645/3536 3948/2646/3523 3947/2646/3522 
f 3963/2642/3538 3964/2642/3539 3965/2643/3540 3966/2643/3541 
f 3966/2643/3541 3965/2643/3540 3967/2644/3542 3968/2644/3543 
f 3968/2644/3543 3967/2644/3542 3969/2645/3544 3970/2645/3545 
f 3970/2645/3545 3969/2645/3544 3956/2646/3531 3955/2646/3530 
f 3971/2642/3546 3972/2642/3547 3973/2643/3548 3974/2643/3549 
f 3975/2645/3550 3976/2645/3551 3964/2646/3539 3963/2646/3538 
f 3977/2642/3552 3978/2642/3553 3979/2643/3554 3980/2643/3555 
f 3980/2643/3555 3979/2643/3554 3981/2644/3556 3982/2644/3557 
f 3982/2644/3557 3981/2644/3556 3983/2645/3558 3984/2645/3559 
f 3984/2645/3559 3983/2645/3558 3972/2646/3547 3971/2646/3546 
f 3985/2642/3560 3986/2642/3561 3987/2643/3562 3988/2643/3563 
f 3988/2643/3563 3987/2643/3562 3989/2644/3564 3990/2644/3565 
f 3990/2644/3565 3989/2644/3564 3991/2645/3566 3992/2645/3567 
f 3992/2645/3567 3991/2645/3566 3978/2646/3553 3977/2646/3552 
f 3993/2642/3568 3994/2642/3569 3995/2643/3570 3996/2643/3571 
f 3996/2643/3571 3995/2643/3570 3997/2644/3572 3998/2644/3573 
f 3998/2644/3573 3997/2644/3572 3999/2645/3574 4000/2645/3575 
f 4000/2645/3575 3999/2645/3574 3986/2646/3561 3985/2646/3560 
f 3938/2642/3513 3937/2642/3512 4001/2643/3576 4002/2643/3577 
f 4002/2643/3577 4001/2643/3576 4003/2644/3578 4004/2644/3579 
f 4004/2644/3579 4003/2644/3578 4005/2645/3580 4006/2645/3581 
f 4006/2645/3581 4005/2645/3580 3994/2646/3569 3993/2646/3568 
f 3932/2642/3507 4007/2642/3582 4008/2643/3583 3933/2643/3508 
f 3934/2643/3509 3892/2643/3467 3891/2642/3466 3931/2642/3506 
f 3936/2645/3511 4009/2645/3584 4010/2646/3585 3937/2646/3512 
f 3938/2646/3513 3895/2646/3470 3894/2645/3469 3935/2645/3510 
f 3940/2642/3515 4011/2642/3586 4012/2643/3587 3941/2643/3516 
f 3942/2643/3517 3897/2643/3472 3896/2642/3471 3939/2642/3514 
f 3941/2643/3516 4012/2643/3587 4013/2644/3588 3943/2644/3518 
f 3944/2644/3519 3898/2644/3473 3897/2643/3472 3942/2643/3517 
f 3943/2644/3518 4013/2644/3588 4014/2645/3589 3945/2645/3520 
f 3946/2645/3521 3899/2645/3474 3898/2644/3473 3944/2644/3519 
f 3945/2645/3520 4014/2645/3589 4007/2646/3582 3932/2646/3507 
f 3931/2646/3506 3891/2646/3466 3899/2645/3474 3946/2645/3521 
f 3948/2642/3523 4015/2642/3590 4016/2643/3591 3949/2643/3524 
f 3950/2643/3525 3901/2643/3476 3900/2642/3475 3947/2642/3522 
f 3949/2643/3524 4016/2643/3591 4017/2644/3592 3951/2644/3526 
f 3952/2644/3527 3902/2644/3477 3901/2643/3476 3950/2643/3525 
f 3951/2644/3526 4017/2644/3592 4018/2645/3593 3953/2645/3528 
f 3954/2645/3529 3903/2645/3478 3902/2644/3477 3952/2644/3527 
f 3953/2645/3528 4018/2645/3593 4011/2646/3586 3940/2646/3515 
f 3939/2646/3514 3896/2646/3471 3903/2645/3478 3954/2645/3529 
f 3956/2642/3531 4019/2642/3594 4020/2643/3595 3957/2643/3532 
f 3958/2643/3533 3905/2643/3480 3904/2642/3479 3955/2642/3530 
f 3957/2643/3532 4020/2643/3595 4021/2644/3596 3959/2644/3534 
f 3960/2644/3535 3906/2644/3481 3905/2643/3480 3958/2643/3533 
f 3959/2644/3534 4021/2644/3596 4022/2645/3597 3961/2645/3536 
f 3962/2645/3537 3907/2645/3482 3906/2644/3481 3960/2644/3535 
f 3961/2645/3536 4022/2645/3597 4015/2646/3590 3948/2646/3523 
f 3947/2646/3522 3900/2646/3475 3907/2645/3482 3962/2645/3537 
f 3964/2642/3539 4023/2642/3598 4024/2643/3599 3965/2643/3540 
f 3966/2643/3541 3909/2643/3484 3908/2642/3483 3963/2642/3538 
f 3965/2643/3540 4024/2643/3599 4025/2644/3600 3967/2644/3542 
f 3968/2644/3543 3910/2644/3485 3909/2643/3484 3966/2643/3541 
f 3967/2644/3542 4025/2644/3600 4026/2645/3601 3969/2645/3544 
f 3970/2645/3545 3911/2645/3486 3910/2644/3485 3968/2644/3543 
f 3969/2645/3544 4026/2645/3601 4019/2646/3594 3956/2646/3531 
f 3955/2646/3530 3904/2646/3479 3911/2645/3486 3970/2645/3545 
f 3972/2642/3547 4027/2642/3602 4028/2643/3603 3973/2643/3548 
f 3974/2643/3549 3913/2643/3488 3912/2642/3487 3971/2642/3546 
f 3976/2645/3551 4029/2645/3604 4023/2646/3598 3964/2646/3539 
f 3963/2646/3538 3908/2646/3483 3915/2645/3490 3975/2645/3550 
f 3978/2642/3553 4030/2642/3605 4031/2643/3606 3979/2643/3554 
f 3980/2643/3555 3917/2643/3492 3916/2642/3491 3977/2642/3552 
f 3979/2643/3554 4031/2643/3606 4032/2644/3607 3981/2644/3556 
f 3982/2644/3557 3918/2644/3493 3917/2643/3492 3980/2643/3555 
f 3981/2644/3556 4032/2644/3607 4033/2645/3608 3983/2645/3558 
f 3984/2645/3559 3919/2645/3494 3918/2644/3493 3982/2644/3557 
f 3983/2645/3558 4033/2645/3608 4027/2646/3602 3972/2646/3547 
f 3971/2646/3546 3912/2646/3487 3919/2645/3494 3984/2645/3559 
f 3986/2642/3561 4034/2642/3609 4035/2643/3610 3987/2643/3562 
f 3988/2643/3563 3921/2643/3496 3920/2642/3495 3985/2642/3560 
f 3987/2643/3562 4035/2643/3610 4036/2644/3611 3989/2644/3564 
f 3990/2644/3565 3922/2644/3497 3921/2643/3496 3988/2643/3563 
f 3989/2644/3564 4036/2644/3611 4037/2645/3612 3991/2645/3566 
f 3992/2645/3567 3923/2645/3498 3922/2644/3497 3990/2644/3565 
f 3991/2645/3566 4037/2645/3612 4030/2646/3605 3978/2646/3553 
f 3977/2646/3552 3916/2646/3491 3923/2645/3498 3992/2645/3567 
f 3994/2642/3569 4038/2642/3613 4039/2643/3614 3995/2643/3570 
f 3996/2643/3571 3925/2643/3500 3924/2642/3499 3993/2642/3568 
f 3995/2643/3570 4039/2643/3614 4040/2644/3615 3997/2644/3572 
f 3998/2644/3573 3926/2644/3501 3925/2643/3500 3996/2643/3571 
f 3997/2644/3572 4040/2644/3615 4041/2645/3616 3999/2645/3574 
f 4000/2645/3575 3927/2645/3502 3926/2644/3501 3998/2644/3573 
f 3999/2645/3574 4041/2645/3616 4034/2646/3609 3986/2646/3561 
f 3985/2646/3560 3920/2646/3495 3927/2645/3502 4000/2645/3575 
f 3937/2642/3512 4010/2642/3585 4042/2643/3617 4001/2643/3576 
f 4002/2643/3577 3928/2643/3503 3895/2642/3470 3938/2642/3513 
f 4001/2643/3576 4042/2643/3617 4043/2644/3618 4003/2644/3578 
f 4004/2644/3579 3929/2644/3504 3928/2643/3503 4002/2643/3577 
f 4003/2644/3578 4043/2644/3618 4044/2645/3619 4005/2645/3580 
f 4006/2645/3581 3930/2645/3505 3929/2644/3504 4004/2644/3579 
f 4005/2645/3580 4044/2645/3619 4038/2646/3613 3994/2646/3569 
f 3993/2646/3568 3924/2646/3499 3930/2645/3505 4006/2645/3581 
f 3935/2645/3510 3894/1412/3469 3893/2650/3468 4045/2651/3620 
f 3936/2645/3511 3935/2645/3510 4045/2651/3620 4046/2651/3621 
f 4009/2637/3584 3936/2645/3511 4046/2651/3621 4047/2637/3622 
f 3975/2649/3550 3915/2640/3490 3914/2652/3489 4048/2653/3623 
f 3976/2647/3551 3975/2649/3550 4048/2653/3623 4049/2654/3624 
f 4029/2636/3604 3976/2647/3551 4049/2654/3624 4050/2636/3625 
f 3914/2652/3489 3913/2638/3488 3974/2644/3549 4048/2653/3623 
f 4048/2653/3623 3974/2644/3549 3973/2645/3548 4049/2654/3624 
f 4049/2654/3624 3973/2645/3548 4028/2636/3603 4050/2636/3625 
f 3893/2650/3468 3892/2646/3467 3934/2644/3509 4045/2651/3620 
f 4045/2651/3620 3934/2644/3509 3933/2644/3508 4046/2651/3621 
f 4046/2651/3621 3933/2644/3508 4008/2637/3583 4047/2637/3622 
f 4051/2642/3626 4052/2642/3627 4053/2643/3628 4054/2643/3629 
f 4055/2645/3630 4056/2645/3631 4057/2646/3632 4058/2646/3632 
f 4059/2642/3633 4060/2642/3634 4061/2643/3635 4062/2643/3635 
f 4062/2643/3635 4061/2643/3635 4063/2644/3636 4064/2644/3636 
f 4064/2644/3636 4063/2644/3636 4065/2645/3637 4066/2645/3638 
f 4066/2645/3638 4065/2645/3637 4052/2646/3627 4051/2646/3626 
f 4067/2642/3639 4068/2642/3640 4069/2643/3641 4070/2643/3642 
f 4070/2643/3642 4069/2643/3641 4071/2644/3643 4072/2644/3643 
f 4072/2644/3643 4071/2644/3643 4073/2645/3644 4074/2645/3645 
f 4074/2645/3645 4073/2645/3644 4060/2646/3634 4059/2646/3633 
f 4075/2642/3646 4076/2642/3647 4077/2643/3648 4078/2643/3649 
f 4078/2643/3649 4077/2643/3648 4079/2644/3650 4080/2644/3651 
f 4080/2644/3651 4079/2644/3650 4081/2645/3652 4082/2645/3653 
f 4082/2645/3653 4081/2645/3652 4068/2646/3640 4067/2646/3639 
f 4083/2642/3654 4084/2642/3654 4085/2643/3655 4086/2643/3656 
f 4086/2643/3656 4085/2643/3655 4087/2644/3657 4088/2644/3657 
f 4088/2644/3657 4087/2644/3657 4089/2645/3658 4090/2645/3659 
f 4090/2645/3659 4089/2645/3658 4076/2646/3647 4075/2646/3646 
f 4091/2642/3660 4092/2642/3661 4093/2643/3662 4094/2643/3663 
f 4095/2645/3664 4096/2645/3665 4084/2646/3654 4083/2646/3654 
f 4097/2642/3666 4098/2642/3667 4099/2643/3668 4100/2643/3668 
f 4100/2643/3668 4099/2643/3668 4101/2644/3669 4102/2644/3669 
f 4102/2644/3669 4101/2644/3669 4103/2645/3670 4104/2645/3671 
f 4104/2645/3671 4103/2645/3670 4092/2646/3661 4091/2646/3660 
f 4105/2642/3672 4106/2642/3673 4107/2643/3674 4108/2643/3675 
f 4108/2643/3675 4107/2643/3674 4109/2644/3676 4110/2644/3676 
f 4110/2644/3676 4109/2644/3676 4111/2645/3677 4112/2645/3678 
f 4112/2645/3678 4111/2645/3677 4098/2646/3667 4097/2646/3666 
f 4113/2642/3679 4114/2642/3680 4115/2643/3681 4116/2643/3682 
f 4116/2643/3682 4115/2643/3681 4117/2644/3683 4118/2644/3684 
f 4118/2644/3684 4117/2644/3683 4119/2645/3685 4120/2645/3686 
f 4120/2645/3686 4119/2645/3685 4106/2646/3673 4105/2646/3672 
f 4058/2642/3632 4057/2642/3632 4121/2643/3687 4122/2643/3688 
f 4122/2643/3688 4121/2643/3687 4123/2644/3689 4124/2644/3689 
f 4124/2644/3689 4123/2644/3689 4125/2645/3690 4126/2645/3691 
f 4126/2645/3691 4125/2645/3690 4114/2646/3680 4113/2646/3679 
f 4054/2637/3629 4053/2637/3628 4127/2637/3692 4128/2637/3693 
f 4094/2636/3663 4093/2636/3662 4129/2636/3694 4130/2636/3695 
f 4130/2636/3695 4129/2636/3694 4096/2636/3665 4095/2636/3664 
f 4128/2637/3693 4127/2637/3692 4056/2637/3631 4055/2637/3630 
f 4131/2642/3696 4132/2642/3697 4133/2643/3698 4134/2643/3699 
f 4135/2645/3700 4136/2645/3701 4137/2646/3702 4138/2646/3703 
f 4139/2642/3704 4140/2642/3705 4141/2643/3706 4142/2643/3707 
f 4142/2643/3707 4141/2643/3706 4143/2644/3708 4144/2644/3709 
f 4144/2644/3709 4143/2644/3708 4145/2645/3710 4146/2645/3711 
f 4146/2645/3711 4145/2645/3710 4132/2646/3697 4131/2646/3696 
f 4147/2642/3712 4148/2642/3713 4149/2643/3714 4150/2643/3715 
f 4150/2643/3715 4149/2643/3714 4151/2644/3716 4152/2644/3717 
f 4152/2644/3717 4151/2644/3716 4153/2645/3718 4154/2645/3719 
f 4154/2645/3719 4153/2645/3718 4140/2646/3705 4139/2646/3704 
f 4155/2642/3720 4156/2642/3721 4157/2643/3722 4158/2643/3723 
f 4158/2643/3723 4157/2643/3722 4159/2644/3724 4160/2644/3725 
f 4160/2644/3725 4159/2644/3724 4161/2645/3726 4162/2645/3727 
f 4162/2645/3727 4161/2645/3726 4148/2646/3713 4147/2646/3712 
f 4163/2642/3728 4164/2642/3729 4165/2643/3730 4166/2643/3731 
f 4166/2643/3731 4165/2643/3730 4167/2644/3732 4168/2644/3733 
f 4168/2644/3733 4167/2644/3732 4169/2645/3734 4170/2645/3735 
f 4170/2645/3735 4169/2645/3734 4156/2646/3721 4155/2646/3720 
f 4171/2642/3736 4172/2642/3737 4173/2643/3738 4174/2643/3739 
f 4175/2645/3740 4176/2645/3741 4164/2646/3729 4163/2646/3728 
f 4177/2642/3742 4178/2642/3743 4179/2643/3744 4180/2643/3745 
f 4180/2643/3745 4179/2643/3744 4181/2644/3746 4182/2644/3747 
f 4182/2644/3747 4181/2644/3746 4183/2645/3748 4184/2645/3749 
f 4184/2645/3749 4183/2645/3748 4172/2646/3737 4171/2646/3736 
f 4185/2642/3750 4186/2642/3751 4187/2643/3752 4188/2643/3753 
f 4188/2643/3753 4187/2643/3752 4189/2644/3754 4190/2644/3755 
f 4190/2644/3755 4189/2644/3754 4191/2645/3756 4192/2645/3757 
f 4192/2645/3757 4191/2645/3756 4178/2646/3743 4177/2646/3742 
f 4193/2642/3758 4194/2642/3759 4195/2643/3760 4196/2643/3761 
f 4196/2643/3761 4195/2643/3760 4197/2644/3762 4198/2644/3763 
f 4198/2644/3763 4197/2644/3762 4199/2645/3764 4200/2645/3765 
f 4200/2645/3765 4199/2645/3764 4186/2646/3751 4185/2646/3750 
f 4138/2642/3703 4137/2642/3702 4201/2643/3766 4202/2643/3767 
f 4202/2643/3767 4201/2643/3766 4203/2644/3768 4204/2644/3769 
f 4204/2644/3769 4203/2644/3768 4205/2645/3770 4206/2645/3771 
f 4206/2645/3771 4205/2645/3770 4194/2646/3759 4193/2646/3758 
f 4134/2637/3699 4133/2637/3698 4207/2637/3772 4208/2637/3773 
f 4174/2636/3739 4173/2636/3738 4209/2636/3774 4210/2636/3775 
f 4210/2636/3775 4209/2636/3774 4176/2636/3741 4175/2636/3740 
f 4208/2637/3773 4207/2637/3772 4136/2637/3701 4135/2637/3700 
s 2
f 4211/2642/3776 4212/2642/3777 4213/2643/3778 4214/2643/3779 
f 4215/2645/3780 4216/2645/3781 4217/2646/3782 4218/2646/3783 
f 4219/2642/3784 4220/2642/3785 4221/2643/3786 4222/2643/3787 
f 4222/2643/3787 4221/2643/3786 4223/2644/3788 4224/2644/3789 
f 4224/2644/3789 4223/2644/3788 4225/2645/3790 4226/2645/3791 
f 4226/2645/3791 4225/2645/3790 4212/2646/3777 4211/2646/3776 
f 4227/2642/3792 4228/2642/3793 4229/2643/3794 4230/2643/3795 
f 4230/2643/3795 4229/2643/3794 4231/2644/3796 4232/2644/3797 
f 4232/2644/3797 4231/2644/3796 4233/2645/3798 4234/2645/3798 
f 4234/2645/3798 4233/2645/3798 4220/2646/3785 4219/2646/3784 
f 4235/2642/3799 4236/2642/3800 4237/2643/3801 4238/2643/3802 
f 4238/2643/3802 4237/2643/3801 4239/2644/3803 4240/2644/3804 
f 4240/2644/3804 4239/2644/3803 4241/2645/3805 4242/2645/3806 
f 4242/2645/3806 4241/2645/3805 4228/2646/3793 4227/2646/3792 
f 4243/2642/3807 4244/2642/3808 4245/2643/3809 4246/2643/3810 
f 4246/2643/3810 4245/2643/3809 4247/2644/3811 4248/2644/3812 
f 4248/2644/3812 4247/2644/3811 4249/2645/3813 4250/2645/3814 
f 4250/2645/3814 4249/2645/3813 4236/2646/3800 4235/2646/3799 
f 4251/2642/3815 4252/2642/3816 4253/2643/3817 4254/2643/3818 
f 4255/2645/3819 4256/2645/3820 4244/2646/3808 4243/2646/3807 
f 4257/2642/3821 4258/2642/3822 4259/2643/3823 4260/2643/3823 
f 4260/2643/3823 4259/2643/3823 4261/2644/3824 4262/2644/3825 
f 4262/2644/3825 4261/2644/3824 4263/2645/3826 4264/2645/3827 
f 4264/2645/3827 4263/2645/3826 4252/2646/3816 4251/2646/3815 
f 4265/2642/3828 4266/2642/3829 4267/2643/3830 4268/2643/3831 
f 4268/2643/3831 4267/2643/3830 4269/2644/3832 4270/2644/3833 
f 4270/2644/3833 4269/2644/3832 4271/2645/3834 4272/2645/3835 
f 4272/2645/3835 4271/2645/3834 4258/2646/3822 4257/2646/3821 
f 4273/2642/3836 4274/2642/3837 4275/2643/3838 4276/2643/3839 
f 4276/2643/3839 4275/2643/3838 4277/2644/3840 4278/2644/3841 
f 4278/2644/3841 4277/2644/3840 4279/2645/3842 4280/2645/3843 
f 4280/2645/3843 4279/2645/3842 4266/2646/3829 4265/2646/3828 
f 4218/2642/3783 4217/2642/3782 4281/2643/3844 4282/2643/3845 
f 4282/2643/3845 4281/2643/3844 4283/2644/3846 4284/2644/3847 
f 4284/2644/3847 4283/2644/3846 4285/2645/3848 4286/2645/3848 
f 4286/2645/3848 4285/2645/3848 4274/2646/3837 4273/2646/3836 
f 4214/2637/3779 4213/2637/3778 4287/2637/3849 4288/2637/3850 
f 4254/2636/3818 4253/2636/3817 4289/2636/3851 4290/2636/3852 
f 4290/2636/3852 4289/2636/3851 4256/2636/3820 4255/2636/3819 
f 4288/2637/3850 4287/2637/3849 4216/2637/3781 4215/2637/3780 
s 1
f 4291/2642/3853 4292/2642/3854 4293/2643/3855 4294/2643/3856 
f 4295/2645/3857 4296/2645/3858 4297/2646/3859 4298/2646/3860 
f 4299/2642/3861 4300/2642/3862 4301/2643/3863 4302/2643/3864 
f 4302/2643/3864 4301/2643/3863 4303/2644/3865 4304/2644/3865 
f 4304/2644/3865 4303/2644/3865 4305/2645/3866 4306/2645/3867 
f 4306/2645/3867 4305/2645/3866 4292/2646/3854 4291/2646/3853 
f 4307/2642/3868 4308/2642/3869 4309/2643/3870 4310/2643/3871 
f 4310/2643/3871 4309/2643/3870 4311/2644/3872 4312/2644/3873 
f 4312/2644/3873 4311/2644/3872 4313/2645/3874 4314/2645/3875 
f 4314/2645/3875 4313/2645/3874 4300/2646/3862 4299/2646/3861 
f 4315/2642/3876 4316/2642/3877 4317/2643/3878 4318/2643/3879 
f 4318/2643/3879 4317/2643/3878 4319/2644/3880 4320/2644/3881 
f 4320/2644/3881 4319/2644/3880 4321/2645/3882 4322/2645/3883 
f 4322/2645/3883 4321/2645/3882 4308/2646/3869 4307/2646/3868 
f 4323/2642/3884 4324/2642/3885 4325/2643/3886 4326/2643/3887 
f 4326/2643/3887 4325/2643/3886 4327/2644/3888 4328/2644/3888 
f 4328/2644/3888 4327/2644/3888 4329/2645/3889 4330/2645/3890 
f 4330/2645/3890 4329/2645/3889 4316/2646/3877 4315/2646/3876 
f 4331/2642/3891 4332/2642/3892 4333/2643/3893 4334/2643/3894 
f 4335/2645/3895 4336/2645/3896 4324/2646/3885 4323/2646/3884 
f 4337/2642/3897 4338/2642/3898 4339/2643/3899 4340/2643/3900 
f 4340/2643/3900 4339/2643/3899 4341/2644/3901 4342/2644/3902 
f 4342/2644/3902 4341/2644/3901 4343/2645/3903 4344/2645/3904 
f 4344/2645/3904 4343/2645/3903 4332/2646/3892 4331/2646/3891 
f 4345/2642/3905 4346/2642/3906 4347/2643/3907 4348/2643/3908 
f 4348/2643/3908 4347/2643/3907 4349/2644/3909 4350/2644/3910 
f 4350/2644/3910 4349/2644/3909 4351/2645/3911 4352/2645/3912 
f 4352/2645/3912 4351/2645/3911 4338/2646/3898 4337/2646/3897 
f 4353/2642/3913 4354/2642/3914 4355/2643/3915 4356/2643/3916 
f 4356/2643/3916 4355/2643/3915 4357/2644/3917 4358/2644/3918 
f 4358/2644/3918 4357/2644/3917 4359/2645/3919 4360/2645/3920 
f 4360/2645/3920 4359/2645/3919 4346/2646/3906 4345/2646/3905 
f 4298/2642/3860 4297/2642/3859 4361/2643/3921 4362/2643/3922 
f 4362/2643/3922 4361/2643/3921 4363/2644/3923 4364/2644/3923 
f 4364/2644/3923 4363/2644/3923 4365/2645/3924 4366/2645/3925 
f 4366/2645/3925 4365/2645/3924 4354/2646/3914 4353/2646/3913 
f 4294/2637/3856 4293/2637/3855 4367/2637/3926 4368/2637/3927 
f 4334/2636/3894 4333/2636/3893 4369/2636/3928 4370/2636/3928 
f 4370/2636/3928 4369/2636/3928 4336/2636/3896 4335/2636/3895 
f 4368/2637/3927 4367/2637/3926 4296/2637/3858 4295/2637/3857 
f 4132/2642/3697 4371/2642/3929 4372/2643/3930 4133/2643/3698 
f 4134/2643/3699 4373/2643/3931 4374/2642/3932 4131/2642/3696 
f 4136/2645/3701 4375/2645/3933 4376/2646/3934 4137/2646/3702 
f 4138/2646/3703 4377/2646/3935 4378/2645/3936 4135/2645/3700 
f 4140/2642/3705 4379/2642/3937 4380/2643/3938 4141/2643/3706 
f 4142/2643/3707 4381/2643/3939 4382/2642/3940 4139/2642/3704 
f 4141/2643/3706 4380/2643/3938 4383/2644/3941 4143/2644/3708 
f 4144/2644/3709 4384/2644/3942 4381/2643/3939 4142/2643/3707 
f 4143/2644/3708 4383/2644/3941 4385/2645/3943 4145/2645/3710 
f 4146/2645/3711 4386/2645/3944 4384/2644/3942 4144/2644/3709 
f 4145/2645/3710 4385/2645/3943 4371/2646/3929 4132/2646/3697 
f 4131/2646/3696 4374/2646/3932 4386/2645/3944 4146/2645/3711 
f 4148/2642/3713 4387/2642/3945 4388/2643/3946 4149/2643/3714 
f 4150/2643/3715 4389/2643/3947 4390/2642/3948 4147/2642/3712 
f 4149/2643/3714 4388/2643/3946 4391/2644/3949 4151/2644/3716 
f 4152/2644/3717 4392/2644/3950 4389/2643/3947 4150/2643/3715 
f 4151/2644/3716 4391/2644/3949 4393/2645/3951 4153/2645/3718 
f 4154/2645/3719 4394/2645/3952 4392/2644/3950 4152/2644/3717 
f 4153/2645/3718 4393/2645/3951 4379/2646/3937 4140/2646/3705 
f 4139/2646/3704 4382/2646/3940 4394/2645/3952 4154/2645/3719 
f 4156/2642/3721 4395/2642/3953 4396/2643/3954 4157/2643/3722 
f 4158/2643/3723 4397/2643/3955 4398/2642/3956 4155/2642/3720 
f 4157/2643/3722 4396/2643/3954 4399/2644/3957 4159/2644/3724 
f 4160/2644/3725 4400/2644/3958 4397/2643/3955 4158/2643/3723 
f 4159/2644/3724 4399/2644/3957 4401/2645/3959 4161/2645/3726 
f 4162/2645/3727 4402/2645/3960 4400/2644/3958 4160/2644/3725 
f 4161/2645/3726 4401/2645/3959 4387/2646/3945 4148/2646/3713 
f 4147/2646/3712 4390/2646/3948 4402/2645/3960 4162/2645/3727 
f 4164/2642/3729 4403/2642/3961 4404/2643/3962 4165/2643/3730 
f 4166/2643/3731 4405/2643/3963 4406/2642/3964 4163/2642/3728 
f 4165/2643/3730 4404/2643/3962 4407/2644/3965 4167/2644/3732 
f 4168/2644/3733 4408/2644/3966 4405/2643/3963 4166/2643/3731 
f 4167/2644/3732 4407/2644/3965 4409/2645/3967 4169/2645/3734 
f 4170/2645/3735 4410/2645/3968 4408/2644/3966 4168/2644/3733 
f 4169/2645/3734 4409/2645/3967 4395/2646/3953 4156/2646/3721 
f 4155/2646/3720 4398/2646/3956 4410/2645/3968 4170/2645/3735 
f 4172/2642/3737 4411/2642/3969 4412/2643/3970 4173/2643/3738 
f 4174/2643/3739 4413/2643/3971 4414/2642/3972 4171/2642/3736 
f 4176/2645/3741 4415/2645/3973 4403/2646/3961 4164/2646/3729 
f 4163/2646/3728 4406/2646/3964 4416/2645/3974 4175/2645/3740 
f 4178/2642/3743 4417/2642/3975 4418/2643/3976 4179/2643/3744 
f 4180/2643/3745 4419/2643/3977 4420/2642/3978 4177/2642/3742 
f 4179/2643/3744 4418/2643/3976 4421/2644/3979 4181/2644/3746 
f 4182/2644/3747 4422/2644/3980 4419/2643/3977 4180/2643/3745 
f 4181/2644/3746 4421/2644/3979 4423/2645/3981 4183/2645/3748 
f 4184/2645/3749 4424/2645/3982 4422/2644/3980 4182/2644/3747 
f 4183/2645/3748 4423/2645/3981 4411/2646/3969 4172/2646/3737 
f 4171/2646/3736 4414/2646/3972 4424/2645/3982 4184/2645/3749 
f 4186/2642/3751 4425/2642/3983 4426/2643/3984 4187/2643/3752 
f 4188/2643/3753 4427/2643/3985 4428/2642/3986 4185/2642/3750 
f 4187/2643/3752 4426/2643/3984 4429/2644/3987 4189/2644/3754 
f 4190/2644/3755 4430/2644/3988 4427/2643/3985 4188/2643/3753 
f 4189/2644/3754 4429/2644/3987 4431/2645/3989 4191/2645/3756 
f 4192/2645/3757 4432/2645/3990 4430/2644/3988 4190/2644/3755 
f 4191/2645/3756 4431/2645/3989 4417/2646/3975 4178/2646/3743 
f 4177/2646/3742 4420/2646/3978 4432/2645/3990 4192/2645/3757 
f 4194/2642/3759 4433/2642/3991 4434/2643/3992 4195/2643/3760 
f 4196/2643/3761 4435/2643/3993 4436/2642/3994 4193/2642/3758 
f 4195/2643/3760 4434/2643/3992 4437/2644/3995 4197/2644/3762 
f 4198/2644/3763 4438/2644/3996 4435/2643/3993 4196/2643/3761 
f 4197/2644/3762 4437/2644/3995 4439/2645/3997 4199/2645/3764 
f 4200/2645/3765 4440/2645/3998 4438/2644/3996 4198/2644/3763 
f 4199/2645/3764 4439/2645/3997 4425/2646/3983 4186/2646/3751 
f 4185/2646/3750 4428/2646/3986 4440/2645/3998 4200/2645/3765 
f 4137/2642/3702 4376/2642/3934 4441/2643/3999 4201/2643/3766 
f 4202/2643/3767 4442/2643/4000 4377/2642/3935 4138/2642/3703 
f 4201/2643/3766 4441/2643/3999 4443/2644/4001 4203/2644/3768 
f 4204/2644/3769 4444/2644/4002 4442/2643/4000 4202/2643/3767 
f 4203/2644/3768 4443/2644/4001 4445/2645/4003 4205/2645/3770 
f 4206/2645/3771 4446/2645/4004 4444/2644/4002 4204/2644/3769 
f 4205/2645/3770 4445/2645/4003 4433/2646/3991 4194/2646/3759 
f 4193/2646/3758 4436/2646/3994 4446/2645/4004 4206/2645/3771 
f 4133/2637/3698 4372/2637/3930 4447/2637/4005 4207/2637/3772 
f 4208/2637/3773 4448/2637/4006 4373/2637/3931 4134/2637/3699 
f 4173/2636/3738 4412/2636/3970 4449/2636/4007 4209/2636/3774 
f 4210/2636/3775 4450/2636/4008 4413/2636/3971 4174/2636/3739 
f 4209/2636/3774 4449/2636/4007 4415/2636/3973 4176/2636/3741 
f 4175/2636/3740 4416/2636/3974 4450/2636/4008 4210/2636/3775 
f 4207/2637/3772 4447/2637/4005 4375/2637/3933 4136/2637/3701 
f 4135/2637/3700 4378/2637/3936 4448/2637/4006 4208/2637/3773 
s 2
f 4212/2642/3777 4451/2642/4009 4452/2643/4010 4213/2643/3778 
f 4214/2643/3779 4453/2643/4011 4454/2642/4012 4211/2642/3776 
f 4216/2645/3781 4455/2645/4013 4456/2646/4014 4217/2646/3782 
f 4218/2646/3783 4457/2646/4015 4458/2645/4016 4215/2645/3780 
f 4220/2642/3785 4459/2642/4017 4460/2643/4018 4221/2643/3786 
f 4222/2643/3787 4461/2643/4019 4462/2642/4020 4219/2642/3784 
f 4221/2643/3786 4460/2643/4018 4463/2644/4021 4223/2644/3788 
f 4224/2644/3789 4464/2644/4022 4461/2643/4019 4222/2643/3787 
f 4223/2644/3788 4463/2644/4021 4465/2645/4023 4225/2645/3790 
f 4226/2645/3791 4466/2645/4024 4464/2644/4022 4224/2644/3789 
f 4225/2645/3790 4465/2645/4023 4451/2646/4009 4212/2646/3777 
f 4211/2646/3776 4454/2646/4012 4466/2645/4024 4226/2645/3791 
f 4228/2642/3793 4467/2642/4025 4468/2643/4026 4229/2643/3794 
f 4230/2643/3795 4469/2643/4027 4470/2642/4028 4227/2642/3792 
f 4229/2643/3794 4468/2643/4026 4471/2644/4029 4231/2644/3796 
f 4232/2644/3797 4472/2644/4030 4469/2643/4027 4230/2643/3795 
f 4231/2644/3796 4471/2644/4029 4473/2645/4031 4233/2645/3798 
f 4234/2645/3798 4474/2645/4032 4472/2644/4030 4232/2644/3797 
f 4233/2645/3798 4473/2645/4031 4459/2646/4017 4220/2646/3785 
f 4219/2646/3784 4462/2646/4020 4474/2645/4032 4234/2645/3798 
f 4236/2642/3800 4475/2642/4033 4476/2643/4034 4237/2643/3801 
f 4238/2643/3802 4477/2643/4035 4478/2642/4036 4235/2642/3799 
f 4237/2643/3801 4476/2643/4034 4479/2644/4037 4239/2644/3803 
f 4240/2644/3804 4480/2644/4038 4477/2643/4035 4238/2643/3802 
f 4239/2644/3803 4479/2644/4037 4481/2645/4039 4241/2645/3805 
f 4242/2645/3806 4482/2645/4040 4480/2644/4038 4240/2644/3804 
f 4241/2645/3805 4481/2645/4039 4467/2646/4025 4228/2646/3793 
f 4227/2646/3792 4470/2646/4028 4482/2645/4040 4242/2645/3806 
f 4244/2642/3808 4483/2642/4041 4484/2643/4042 4245/2643/3809 
f 4246/2643/3810 4485/2643/4043 4486/2642/4044 4243/2642/3807 
f 4245/2643/3809 4484/2643/4042 4487/2644/4045 4247/2644/3811 
f 4248/2644/3812 4488/2644/4046 4485/2643/4043 4246/2643/3810 
f 4247/2644/3811 4487/2644/4045 4489/2645/4047 4249/2645/3813 
f 4250/2645/3814 4490/2645/4048 4488/2644/4046 4248/2644/3812 
f 4249/2645/3813 4489/2645/4047 4475/2646/4033 4236/2646/3800 
f 4235/2646/3799 4478/2646/4036 4490/2645/4048 4250/2645/3814 
f 4252/2642/3816 4491/2642/4049 4492/2643/4050 4253/2643/3817 
f 4254/2643/3818 4493/2643/4051 4494/2642/4052 4251/2642/3815 
f 4256/2645/3820 4495/2645/4053 4483/2646/4041 4244/2646/3808 
f 4243/2646/3807 4486/2646/4044 4496/2645/4054 4255/2645/3819 
f 4258/2642/3822 4497/2642/4055 4498/2643/4056 4259/2643/3823 
f 4260/2643/3823 4499/2643/4057 4500/2642/4058 4257/2642/3821 
f 4259/2643/3823 4498/2643/4056 4501/2644/4059 4261/2644/3824 
f 4262/2644/3825 4502/2644/4060 4499/2643/4057 4260/2643/3823 
f 4261/2644/3824 4501/2644/4059 4503/2645/4061 4263/2645/3826 
f 4264/2645/3827 4504/2645/4062 4502/2644/4060 4262/2644/3825 
f 4263/2645/3826 4503/2645/4061 4491/2646/4049 4252/2646/3816 
f 4251/2646/3815 4494/2646/4052 4504/2645/4062 4264/2645/3827 
f 4266/2642/3829 4505/2642/4063 4506/2643/4064 4267/2643/3830 
f 4268/2643/3831 4507/2643/4065 4508/2642/4066 4265/2642/3828 
f 4267/2643/3830 4506/2643/4064 4509/2644/4067 4269/2644/3832 
f 4270/2644/3833 4510/2644/4068 4507/2643/4065 4268/2643/3831 
f 4269/2644/3832 4509/2644/4067 4511/2645/4069 4271/2645/3834 
f 4272/2645/3835 4512/2645/4070 4510/2644/4068 4270/2644/3833 
f 4271/2645/3834 4511/2645/4069 4497/2646/4055 4258/2646/3822 
f 4257/2646/3821 4500/2646/4058 4512/2645/4070 4272/2645/3835 
f 4274/2642/3837 4513/2642/4071 4514/2643/4072 4275/2643/3838 
f 4276/2643/3839 4515/2643/4073 4516/2642/4074 4273/2642/3836 
f 4275/2643/3838 4514/2643/4072 4517/2644/4075 4277/2644/3840 
f 4278/2644/3841 4518/2644/4076 4515/2643/4073 4276/2643/3839 
f 4277/2644/3840 4517/2644/4075 4519/2645/4077 4279/2645/3842 
f 4280/2645/3843 4520/2645/4078 4518/2644/4076 4278/2644/3841 
f 4279/2645/3842 4519/2645/4077 4505/2646/4063 4266/2646/3829 
f 4265/2646/3828 4508/2646/4066 4520/2645/4078 4280/2645/3843 
f 4217/2642/3782 4456/2642/4014 4521/2643/4079 4281/2643/3844 
f 4282/2643/3845 4522/2643/4080 4457/2642/4015 4218/2642/3783 
f 4281/2643/3844 4521/2643/4079 4523/2644/4081 4283/2644/3846 
f 4284/2644/3847 4524/2644/4082 4522/2643/4080 4282/2643/3845 
f 4283/2644/3846 4523/2644/4081 4525/2645/4083 4285/2645/3848 
f 4286/2645/3848 4526/2645/4084 4524/2644/4082 4284/2644/3847 
f 4285/2645/3848 4525/2645/4083 4513/2646/4071 4274/2646/3837 
f 4273/2646/3836 4516/2646/4074 4526/2645/4084 4286/2645/3848 
f 4213/2637/3778 4452/2637/4010 4527/2637/4085 4287/2637/3849 
f 4288/2637/3850 4528/2637/4086 4453/2637/4011 4214/2637/3779 
f 4253/2636/3817 4492/2636/4050 4529/2636/4087 4289/2636/3851 
f 4290/2636/3852 4530/2636/4088 4493/2636/4051 4254/2636/3818 
f 4289/2636/3851 4529/2636/4087 4495/2636/4053 4256/2636/3820 
f 4255/2636/3819 4496/2636/4054 4530/2636/4088 4290/2636/3852 
f 4287/2637/3849 4527/2637/4085 4455/2637/4013 4216/2637/3781 
f 4215/2637/3780 4458/2637/4016 4528/2637/4086 4288/2637/3850 
s 1
f 4294/2643/3856 4452/2643/4010 4451/2642/4009 4291/2642/3853 
f 4298/2646/3860 4456/2646/4014 4455/2645/4013 4295/2645/3857 
f 4302/2643/3864 4460/2643/4018 4459/2642/4017 4299/2642/3861 
f 4304/2644/3865 4463/2644/4021 4460/2643/4018 4302/2643/3864 
f 4306/2645/3867 4465/2645/4023 4463/2644/4021 4304/2644/3865 
f 4291/2646/3853 4451/2646/4009 4465/2645/4023 4306/2645/3867 
f 4310/2643/3871 4468/2643/4026 4467/2642/4025 4307/2642/3868 
f 4312/2644/3873 4471/2644/4029 4468/2643/4026 4310/2643/3871 
f 4314/2645/3875 4473/2645/4031 4471/2644/4029 4312/2644/3873 
f 4299/2646/3861 4459/2646/4017 4473/2645/4031 4314/2645/3875 
f 4318/2643/3879 4476/2643/4034 4475/2642/4033 4315/2642/3876 
f 4320/2644/3881 4479/2644/4037 4476/2643/4034 4318/2643/3879 
f 4322/2645/3883 4481/2645/4039 4479/2644/4037 4320/2644/3881 
f 4307/2646/3868 4467/2646/4025 4481/2645/4039 4322/2645/3883 
f 4326/2643/3887 4484/2643/4042 4483/2642/4041 4323/2642/3884 
f 4328/2644/3888 4487/2644/4045 4484/2643/4042 4326/2643/3887 
f 4330/2645/3890 4489/2645/4047 4487/2644/4045 4328/2644/3888 
f 4315/2646/3876 4475/2646/4033 4489/2645/4047 4330/2645/3890 
f 4334/2643/3894 4492/2643/4050 4491/2642/4049 4331/2642/3891 
f 4323/2646/3884 4483/2646/4041 4495/2645/4053 4335/2645/3895 
f 4340/2643/3900 4498/2643/4056 4497/2642/4055 4337/2642/3897 
f 4342/2644/3902 4501/2644/4059 4498/2643/4056 4340/2643/3900 
f 4344/2645/3904 4503/2645/4061 4501/2644/4059 4342/2644/3902 
f 4331/2646/3891 4491/2646/4049 4503/2645/4061 4344/2645/3904 
f 4348/2643/3908 4506/2643/4064 4505/2642/4063 4345/2642/3905 
f 4350/2644/3910 4509/2644/4067 4506/2643/4064 4348/2643/3908 
f 4352/2645/3912 4511/2645/4069 4509/2644/4067 4350/2644/3910 
f 4337/2646/3897 4497/2646/4055 4511/2645/4069 4352/2645/3912 
f 4356/2643/3916 4514/2643/4072 4513/2642/4071 4353/2642/3913 
f 4358/2644/3918 4517/2644/4075 4514/2643/4072 4356/2643/3916 
f 4360/2645/3920 4519/2645/4077 4517/2644/4075 4358/2644/3918 
f 4345/2646/3905 4505/2646/4063 4519/2645/4077 4360/2645/3920 
f 4362/2643/3922 4521/2643/4079 4456/2642/4014 4298/2642/3860 
f 4364/2644/3923 4523/2644/4081 4521/2643/4079 4362/2643/3922 
f 4366/2645/3925 4525/2645/4083 4523/2644/4081 4364/2644/3923 
f 4353/2646/3913 4513/2646/4071 4525/2645/4083 4366/2645/3925 
f 4368/2637/3927 4527/2637/4085 4452/2637/4010 4294/2637/3856 
f 4370/2636/3928 4529/2636/4087 4492/2636/4050 4334/2636/3894 
f 4335/2636/3895 4495/2636/4053 4529/2636/4087 4370/2636/3928 
f 4295/2637/3857 4455/2637/4013 4527/2637/4085 4368/2637/3927 
f 4371/2642/3929 4454/2642/4012 4453/2643/4011 4372/2643/3930 
f 4375/2645/3933 4458/2645/4016 4457/2646/4015 4376/2646/3934 
f 4379/2642/3937 4462/2642/4020 4461/2643/4019 4380/2643/3938 
f 4380/2643/3938 4461/2643/4019 4464/2644/4022 4383/2644/3941 
f 4383/2644/3941 4464/2644/4022 4466/2645/4024 4385/2645/3943 
f 4385/2645/3943 4466/2645/4024 4454/2646/4012 4371/2646/3929 
f 4387/2642/3945 4470/2642/4028 4469/2643/4027 4388/2643/3946 
f 4388/2643/3946 4469/2643/4027 4472/2644/4030 4391/2644/3949 
f 4391/2644/3949 4472/2644/4030 4474/2645/4032 4393/2645/3951 
f 4393/2645/3951 4474/2645/4032 4462/2646/4020 4379/2646/3937 
f 4395/2642/3953 4478/2642/4036 4477/2643/4035 4396/2643/3954 
f 4396/2643/3954 4477/2643/4035 4480/2644/4038 4399/2644/3957 
f 4399/2644/3957 4480/2644/4038 4482/2645/4040 4401/2645/3959 
f 4401/2645/3959 4482/2645/4040 4470/2646/4028 4387/2646/3945 
f 4403/2642/3961 4486/2642/4044 4485/2643/4043 4404/2643/3962 
f 4404/2643/3962 4485/2643/4043 4488/2644/4046 4407/2644/3965 
f 4407/2644/3965 4488/2644/4046 4490/2645/4048 4409/2645/3967 
f 4409/2645/3967 4490/2645/4048 4478/2646/4036 4395/2646/3953 
f 4411/2642/3969 4494/2642/4052 4493/2643/4051 4412/2643/3970 
f 4415/2645/3973 4496/2645/4054 4486/2646/4044 4403/2646/3961 
f 4417/2642/3975 4500/2642/4058 4499/2643/4057 4418/2643/3976 
f 4418/2643/3976 4499/2643/4057 4502/2644/4060 4421/2644/3979 
f 4421/2644/3979 4502/2644/4060 4504/2645/4062 4423/2645/3981 
f 4423/2645/3981 4504/2645/4062 4494/2646/4052 4411/2646/3969 
f 4425/2642/3983 4508/2642/4066 4507/2643/4065 4426/2643/3984 
f 4426/2643/3984 4507/2643/4065 4510/2644/4068 4429/2644/3987 
f 4429/2644/3987 4510/2644/4068 4512/2645/4070 4431/2645/3989 
f 4431/2645/3989 4512/2645/4070 4500/2646/4058 4417/2646/3975 
f 4433/2642/3991 4516/2642/4074 4515/2643/4073 4434/2643/3992 
f 4434/2643/3992 4515/2643/4073 4518/2644/4076 4437/2644/3995 
f 4437/2644/3995 4518/2644/4076 4520/2645/4078 4439/2645/3997 
f 4439/2645/3997 4520/2645/4078 4508/2646/4066 4425/2646/3983 
f 4376/2642/3934 4457/2642/4015 4522/2643/4080 4441/2643/3999 
f 4441/2643/3999 4522/2643/4080 4524/2644/4082 4443/2644/4001 
f 4443/2644/4001 4524/2644/4082 4526/2645/4084 4445/2645/4003 
f 4445/2645/4003 4526/2645/4084 4516/2646/4074 4433/2646/3991 
f 4372/2637/3930 4453/2637/4011 4528/2637/4086 4447/2637/4005 
f 4412/2636/3970 4493/2636/4051 4530/2636/4088 4449/2636/4007 
f 4449/2636/4007 4530/2636/4088 4496/2636/4054 4415/2636/3973 
f 4447/2637/4005 4528/2637/4086 4458/2637/4016 4375/2637/3933 
f 4052/2642/3627 4374/2642/3932 4373/2643/3931 4053/2643/3628 
f 4054/2643/3629 4008/2643/3583 4007/2642/3582 4051/2642/3626 
f 4056/2645/3631 4378/2645/3936 4377/2646/3935 4057/2646/3632 
f 4058/2646/3632 4010/2646/3585 4009/2645/3584 4055/2645/3630 
f 4060/2642/3634 4382/2642/3940 4381/2643/3939 4061/2643/3635 
f 4062/2643/3635 4012/2643/3587 4011/2642/3586 4059/2642/3633 
f 4061/2643/3635 4381/2643/3939 4384/2644/3942 4063/2644/3636 
f 4064/2644/3636 4013/2644/3588 4012/2643/3587 4062/2643/3635 
f 4063/2644/3636 4384/2644/3942 4386/2645/3944 4065/2645/3637 
f 4066/2645/3638 4014/2645/3589 4013/2644/3588 4064/2644/3636 
f 4065/2645/3637 4386/2645/3944 4374/2646/3932 4052/2646/3627 
f 4051/2646/3626 4007/2646/3582 4014/2645/3589 4066/2645/3638 
f 4068/2642/3640 4390/2642/3948 4389/2643/3947 4069/2643/3641 
f 4070/2643/3642 4016/2643/3591 4015/2642/3590 4067/2642/3639 
f 4069/2643/3641 4389/2643/3947 4392/2644/3950 4071/2644/3643 
f 4072/2644/3643 4017/2644/3592 4016/2643/3591 4070/2643/3642 
f 4071/2644/3643 4392/2644/3950 4394/2645/3952 4073/2645/3644 
f 4074/2645/3645 4018/2645/3593 4017/2644/3592 4072/2644/3643 
f 4073/2645/3644 4394/2645/3952 4382/2646/3940 4060/2646/3634 
f 4059/2646/3633 4011/2646/3586 4018/2645/3593 4074/2645/3645 
f 4076/2642/3647 4398/2642/3956 4397/2643/3955 4077/2643/3648 
f 4078/2643/3649 4020/2643/3595 4019/2642/3594 4075/2642/3646 
f 4077/2643/3648 4397/2643/3955 4400/2644/3958 4079/2644/3650 
f 4080/2644/3651 4021/2644/3596 4020/2643/3595 4078/2643/3649 
f 4079/2644/3650 4400/2644/3958 4402/2645/3960 4081/2645/3652 
f 4082/2645/3653 4022/2645/3597 4021/2644/3596 4080/2644/3651 
f 4081/2645/3652 4402/2645/3960 4390/2646/3948 4068/2646/3640 
f 4067/2646/3639 4015/2646/3590 4022/2645/3597 4082/2645/3653 
f 4084/2642/3654 4406/2642/3964 4405/2643/3963 4085/2643/3655 
f 4086/2643/3656 4024/2643/3599 4023/2642/3598 4083/2642/3654 
f 4085/2643/3655 4405/2643/3963 4408/2644/3966 4087/2644/3657 
f 4088/2644/3657 4025/2644/3600 4024/2643/3599 4086/2643/3656 
f 4087/2644/3657 4408/2644/3966 4410/2645/3968 4089/2645/3658 
f 4090/2645/3659 4026/2645/3601 4025/2644/3600 4088/2644/3657 
f 4089/2645/3658 4410/2645/3968 4398/2646/3956 4076/2646/3647 
f 4075/2646/3646 4019/2646/3594 4026/2645/3601 4090/2645/3659 
f 4092/2642/3661 4414/2642/3972 4413/2643/3971 4093/2643/3662 
f 4094/2643/3663 4028/2643/3603 4027/2642/3602 4091/2642/3660 
f 4096/2645/3665 4416/2645/3974 4406/2646/3964 4084/2646/3654 
f 4083/2646/3654 4023/2646/3598 4029/2645/3604 4095/2645/3664 
f 4098/2642/3667 4420/2642/3978 4419/2643/3977 4099/2643/3668 
f 4100/2643/3668 4031/2643/3606 4030/2642/3605 4097/2642/3666 
f 4099/2643/3668 4419/2643/3977 4422/2644/3980 4101/2644/3669 
f 4102/2644/3669 4032/2644/3607 4031/2643/3606 4100/2643/3668 
f 4101/2644/3669 4422/2644/3980 4424/2645/3982 4103/2645/3670 
f 4104/2645/3671 4033/2645/3608 4032/2644/3607 4102/2644/3669 
f 4103/2645/3670 4424/2645/3982 4414/2646/3972 4092/2646/3661 
f 4091/2646/3660 4027/2646/3602 4033/2645/3608 4104/2645/3671 
f 4106/2642/3673 4428/2642/3986 4427/2643/3985 4107/2643/3674 
f 4108/2643/3675 4035/2643/3610 4034/2642/3609 4105/2642/3672 
f 4107/2643/3674 4427/2643/3985 4430/2644/3988 4109/2644/3676 
f 4110/2644/3676 4036/2644/3611 4035/2643/3610 4108/2643/3675 
f 4109/2644/3676 4430/2644/3988 4432/2645/3990 4111/2645/3677 
f 4112/2645/3678 4037/2645/3612 4036/2644/3611 4110/2644/3676 
f 4111/2645/3677 4432/2645/3990 4420/2646/3978 4098/2646/3667 
f 4097/2646/3666 4030/2646/3605 4037/2645/3612 4112/2645/3678 
f 4114/2642/3680 4436/2642/3994 4435/2643/3993 4115/2643/3681 
f 4116/2643/3682 4039/2643/3614 4038/2642/3613 4113/2642/3679 
f 4115/2643/3681 4435/2643/3993 4438/2644/3996 4117/2644/3683 
f 4118/2644/3684 4040/2644/3615 4039/2643/3614 4116/2643/3682 
f 4117/2644/3683 4438/2644/3996 4440/2645/3998 4119/2645/3685 
f 4120/2645/3686 4041/2645/3616 4040/2644/3615 4118/2644/3684 
f 4119/2645/3685 4440/2645/3998 4428/2646/3986 4106/2646/3673 
f 4105/2646/3672 4034/2646/3609 4041/2645/3616 4120/2645/3686 
f 4057/2642/3632 4377/2642/3935 4442/2643/4000 4121/2643/3687 
f 4122/2643/3688 4042/2643/3617 4010/2642/3585 4058/2642/3632 
f 4121/2643/3687 4442/2643/4000 4444/2644/4002 4123/2644/3689 
f 4124/2644/3689 4043/2644/3618 4042/2643/3617 4122/2643/3688 
f 4123/2644/3689 4444/2644/4002 4446/2645/4004 4125/2645/3690 
f 4126/2645/3691 4044/2645/3619 4043/2644/3618 4124/2644/3689 
f 4125/2645/3690 4446/2645/4004 4436/2646/3994 4114/2646/3680 
f 4113/2646/3679 4038/2646/3613 4044/2645/3619 4126/2645/3691 
f 4053/2637/3628 4373/2637/3931 4448/2637/4006 4127/2637/3692 
f 4128/2637/3693 4047/2637/3622 4008/2637/3583 4054/2637/3629 
f 4093/2636/3662 4413/2636/3971 4450/2636/4008 4129/2636/3694 
f 4130/2636/3695 4050/2636/3625 4028/2636/3603 4094/2636/3663 
f 4129/2636/3694 4450/2636/4008 4416/2636/3974 4096/2636/3665 
f 4095/2636/3664 4029/2636/3604 4050/2636/3625 4130/2636/3695 
f 4127/2637/3692 4448/2637/4006 4378/2637/3936 4056/2637/3631 
f 4055/2637/3630 4009/2637/3584 4047/2637/3622 4128/2637/3693 
s 2
f 4531/2636/1999 4532/2636/1999 4533/1412/1 4534/1412/4089 
f 4535/2637/2036 4536/2637/2036 4532/2636/1999 4531/2636/1999 
f 4537/2638/159 4538/2638/159 4536/2637/2036 4535/2637/2036 
f 4539/2639/4090 4540/2639/4090 4538/2638/159 4537/2638/159 
f 4541/2640/4091 4542/2640/4091 4540/2639/4090 4539/2639/4090 
f 4543/2641/288 4544/2641/288 4542/2640/4091 4541/2640/4091 
f 4545/2642/1773 4546/2642/1773 4544/2641/288 4543/2641/288 
f 4547/2643/2318 4548/2643/2318 4546/2642/1773 4545/2642/1773 
f 4549/2644/432 4550/2644/4092 4548/2643/2318 4547/2643/2318 
f 4551/2645/1886 4552/2645/1886 4550/2644/4092 4549/2644/432 
f 4553/2646/1923 4554/2646/1923 4552/2645/1886 4551/2645/1886 
f 4534/1412/4089 4533/1412/1 4554/2646/1923 4553/2646/1923 
f 4555/2636/1999 4556/2636/1999 4557/1412/4089 4558/1412/4089 
f 4559/2637/2036 4560/2637/2036 4556/2636/1999 4555/2636/1999 
f 4561/2638/159 4562/2638/158 4560/2637/2036 4559/2637/2036 
f 4563/2639/1661 4564/2639/1661 4562/2638/158 4561/2638/159 
f 4565/2640/1698 4566/2640/1698 4564/2639/1661 4563/2639/1661 
f 4567/2641/288 4568/2641/2259 4566/2640/1698 4565/2640/1698 
f 4569/2642/1773 4570/2642/1773 4568/2641/2259 4567/2641/288 
f 4571/2643/2318 4572/2643/2318 4570/2642/1773 4569/2642/1773 
f 4573/2644/432 4574/2644/432 4572/2643/2318 4571/2643/2318 
f 4575/2645/1886 4576/2645/1886 4574/2644/432 4573/2644/432 
f 4577/2646/1923 4578/2646/1923 4576/2645/1886 4575/2645/1886 
f 4558/1412/4089 4557/1412/4089 4578/2646/1923 4577/2646/1923 
f 4579/2636/4093 4580/2636/4093 4581/1412/4094 4582/1412/4094 
f 4583/2637/4095 4584/2637/4095 4580/2636/4093 4579/2636/4093 
f 4585/2638/4096 4586/2638/4096 4584/2637/4095 4583/2637/4095 
f 4587/2639/4097 4588/2639/4097 4586/2638/4096 4585/2638/4096 
f 4589/2640/4098 4590/2640/4098 4588/2639/4097 4587/2639/4097 
f 4591/2641/4099 4592/2641/4100 4590/2640/4098 4589/2640/4098 
f 4593/2642/4101 4594/2642/4102 4592/2641/4100 4591/2641/4099 
f 4595/2643/4103 4596/2643/4103 4594/2642/4102 4593/2642/4101 
f 4597/2644/4104 4598/2644/4105 4596/2643/4103 4595/2643/4103 
f 4599/2645/4106 4600/2645/4106 4598/2644/4105 4597/2644/4104 
f 4601/2646/4107 4602/2646/4107 4600/2645/4106 4599/2645/4106 
f 4582/1412/4094 4581/1412/4094 4602/2646/4107 4601/2646/4107 
f 4603/2636/4108 4604/2636/4109 4605/1412/4110 4606/1412/4110 
f 4607/2637/4111 4608/2637/4111 4604/2636/4109 4603/2636/4108 
f 4609/2638/4112 4610/2638/4112 4608/2637/4111 4607/2637/4111 
f 4611/2639/4113 4612/2639/4114 4610/2638/4112 4609/2638/4112 
f 4613/2640/4115 4614/2640/4116 4612/2639/4114 4611/2639/4113 
f 4615/2641/4117 4616/2641/4117 4614/2640/4116 4613/2640/4115 
f 4617/2642/4118 4618/2642/4119 4616/2641/4117 4615/2641/4117 
f 4619/2643/4120 4620/2643/4121 4618/2642/4119 4617/2642/4118 
f 4621/2644/4122 4622/2644/4122 4620/2643/4121 4619/2643/4120 
f 4623/2645/4123 4624/2645/4124 4622/2644/4122 4621/2644/4122 
f 4625/2646/4125 4626/2646/4125 4624/2645/4124 4623/2645/4123 
f 4606/1412/4110 4605/1412/4110 4626/2646/4125 4625/2646/4125 
f 4627/2636/4126 4628/2636/4126 4629/1412/4127 4630/1412/4128 
f 4631/2637/4129 4632/2637/4129 4628/2636/4126 4627/2636/4126 
f 4633/2638/4130 4634/2638/4130 4632/2637/4129 4631/2637/4129 
f 4635/2639/4131 4636/2639/4131 4634/2638/4130 4633/2638/4130 
f 4637/2640/4132 4638/2640/4133 4636/2639/4131 4635/2639/4131 
f 4639/2641/4134 4640/2641/4134 4638/2640/4133 4637/2640/4132 
f 4641/2642/4135 4642/2642/4135 4640/2641/4134 4639/2641/4134 
f 4643/2643/4136 4644/2643/4136 4642/2642/4135 4641/2642/4135 
f 4645/2644/4137 4646/2644/4137 4644/2643/4136 4643/2643/4136 
f 4647/2645/4138 4648/2645/4138 4646/2644/4137 4645/2644/4137 
f 4649/2646/4139 4650/2646/4140 4648/2645/4138 4647/2645/4138 
f 4630/1412/4128 4629/1412/4127 4650/2646/4140 4649/2646/4139 
f 4651/2636/4141 4652/2636/4141 4653/1412/4142 4654/1412/4142 
f 4655/2637/4143 4656/2637/4143 4652/2636/4141 4651/2636/4141 
f 4657/2638/4144 4658/2638/4144 4656/2637/4143 4655/2637/4143 
f 4659/2639/4145 4660/2639/4145 4658/2638/4144 4657/2638/4144 
f 4661/2640/4146 4662/2640/4146 4660/2639/4145 4659/2639/4145 
f 4663/2641/4147 4664/2641/4147 4662/2640/4146 4661/2640/4146 
f 4665/2642/4148 4666/2642/4149 4664/2641/4147 4663/2641/4147 
f 4667/2643/4150 4668/2643/4151 4666/2642/4149 4665/2642/4148 
f 4669/2644/4152 4670/2644/4152 4668/2643/4151 4667/2643/4150 
f 4671/2645/4153 4672/2645/4153 4670/2644/4152 4669/2644/4152 
f 4673/2646/4154 4674/2646/4154 4672/2645/4153 4671/2645/4153 
f 4654/1412/4142 4653/1412/4142 4674/2646/4154 4673/2646/4154 
f 4675/2636/1999 4676/2636/1999 4677/1412/4089 4678/1412/1 
f 4679/2637/2036 4680/2637/2036 4676/2636/1999 4675/2636/1999 
f 4681/2638/159 4682/2638/159 4680/2637/2036 4679/2637/2036 
f 4683/2639/1661 4684/2639/1661 4682/2638/159 4681/2638/159 
f 4685/2640/1698 4686/2640/1698 4684/2639/1661 4683/2639/1661 
f 4687/2641/2259 4688/2641/2259 4686/2640/1698 4685/2640/1698 
f 4689/2642/4155 4690/2642/4155 4688/2641/2259 4687/2641/2259 
f 4691/2643/1810 4692/2643/1810 4690/2642/4155 4689/2642/4155 
f 4693/2644/432 4694/2644/432 4692/2643/1810 4691/2643/1810 
f 4695/2645/1886 4696/2645/1886 4694/2644/432 4693/2644/432 
f 4697/2646/1923 4698/2646/1923 4696/2645/1886 4695/2645/1886 
f 4678/1412/1 4677/1412/4089 4698/2646/1923 4697/2646/1923 
f 4699/2636/4156 4700/2636/4156 4701/1412/4157 4702/1412/4157 
f 4703/2637/4158 4704/2637/4159 4700/2636/4156 4699/2636/4156 
f 4705/2638/4160 4706/2638/4160 4704/2637/4159 4703/2637/4158 
f 4707/2639/4161 4708/2639/4161 4706/2638/4160 4705/2638/4160 
f 4709/2640/4162 4710/2640/4162 4708/2639/4161 4707/2639/4161 
f 4711/2641/4163 4712/2641/4163 4710/2640/4162 4709/2640/4162 
f 4713/2642/4164 4714/2642/4164 4712/2641/4163 4711/2641/4163 
f 4715/2643/4165 4716/2643/4165 4714/2642/4164 4713/2642/4164 
f 4717/2644/4166 4718/2644/4166 4716/2643/4165 4715/2643/4165 
f 4719/2645/4167 4720/2645/4168 4718/2644/4166 4717/2644/4166 
f 4721/2646/4132 4722/2646/4133 4720/2645/4168 4719/2645/4167 
f 4702/1412/4157 4701/1412/4157 4722/2646/4133 4721/2646/4132 
f 4723/2636/4169 4724/2636/4169 4725/1412/4170 4726/1412/4170 
f 4727/2637/4171 4728/2637/4171 4724/2636/4169 4723/2636/4169 
f 4729/2638/4172 4730/2638/4172 4728/2637/4171 4727/2637/4171 
f 4731/2639/4173 4732/2639/4173 4730/2638/4172 4729/2638/4172 
f 4733/2640/4174 4734/2640/4174 4732/2639/4173 4731/2639/4173 
f 4735/2641/4099 4736/2641/4099 4734/2640/4174 4733/2640/4174 
f 4737/2642/4175 4738/2642/4175 4736/2641/4099 4735/2641/4099 
f 4739/2643/4176 4740/2643/4176 4738/2642/4175 4737/2642/4175 
f 4741/2644/4104 4742/2644/4104 4740/2643/4176 4739/2643/4176 
f 4743/2645/4177 4744/2645/4177 4742/2644/4104 4741/2644/4104 
f 4745/2646/4178 4746/2646/4178 4744/2645/4177 4743/2645/4177 
f 4726/1412/4170 4725/1412/4170 4746/2646/4178 4745/2646/4178 
f 4747/2636/4148 4748/2636/4148 4749/1412/4147 4750/1412/4147 
f 4751/2637/4151 4752/2637/4151 4748/2636/4148 4747/2636/4148 
f 4753/2638/4152 4754/2638/4152 4752/2637/4151 4751/2637/4151 
f 4755/2639/4153 4756/2639/4153 4754/2638/4152 4753/2638/4152 
f 4757/2640/4179 4758/2640/4179 4756/2639/4153 4755/2639/4153 
f 4759/2641/4142 4760/2641/4142 4758/2640/4179 4757/2640/4179 
f 4761/2642/4141 4762/2642/4141 4760/2641/4142 4759/2641/4142 
f 4763/2643/4143 4764/2643/4180 4762/2642/4141 4761/2642/4141 
f 4765/2644/4144 4766/2644/4144 4764/2643/4180 4763/2643/4143 
f 4767/2645/4145 4768/2645/4145 4766/2644/4144 4765/2644/4144 
f 4769/2646/4181 4770/2646/4181 4768/2645/4145 4767/2645/4145 
f 4750/1412/4147 4749/1412/4147 4770/2646/4181 4769/2646/4181 
f 4771/2636/4108 4772/2636/4108 4773/1412/4110 4774/1412/4110 
f 4775/2637/4111 4776/2637/4111 4772/2636/4108 4771/2636/4108 
f 4777/2638/4112 4778/2638/4112 4776/2637/4111 4775/2637/4111 
f 4779/2639/4114 4780/2639/4113 4778/2638/4112 4777/2638/4112 
f 4781/2640/4182 4782/2640/4182 4780/2639/4113 4779/2639/4114 
f 4783/2641/4183 4784/2641/4183 4782/2640/4182 4781/2640/4182 
f 4785/2642/4184 4786/2642/4185 4784/2641/4183 4783/2641/4183 
f 4787/2643/4186 4788/2643/4187 4786/2642/4185 4785/2642/4184 
f 4789/2644/4188 4790/2644/4188 4788/2643/4187 4787/2643/4186 
f 4791/2645/4123 4792/2645/4189 4790/2644/4188 4789/2644/4188 
f 4793/2646/4125 4794/2646/4125 4792/2645/4189 4791/2645/4123 
f 4774/1412/4110 4773/1412/4110 4794/2646/4125 4793/2646/4125 
f 4795/2636/4155 4796/2636/4155 4797/1412/2259 4798/1412/4190 
f 4799/2637/1810 4800/2637/1810 4796/2636/4155 4795/2636/4155 
f 4801/2638/432 4802/2638/432 4800/2637/1810 4799/2637/1810 
f 4803/2639/1886 4804/2639/1886 4802/2638/432 4801/2638/432 
f 4805/2640/1923 4806/2640/1923 4804/2639/1886 4803/2639/1886 
f 4807/2641/1 4808/2641/4089 4806/2640/1923 4805/2640/1923 
f 4809/2642/1999 4810/2642/1999 4808/2641/4089 4807/2641/1 
f 4811/2643/2036 4812/2643/2036 4810/2642/1999 4809/2642/1999 
f 4813/2644/158 4814/2644/159 4812/2643/2036 4811/2643/2036 
f 4815/2645/1661 4816/2645/1661 4814/2644/159 4813/2644/158 
f 4817/2646/1698 4818/2646/1698 4816/2645/1661 4815/2645/1661 
f 4798/1412/4190 4797/1412/2259 4818/2646/1698 4817/2646/1698 
f 4819/2636/4126 4820/2636/4126 4821/1412/4128 4822/1412/4128 
f 4823/2637/4191 4824/2637/4192 4820/2636/4126 4819/2636/4126 
f 4825/2638/4166 4826/2638/4166 4824/2637/4192 4823/2637/4191 
f 4827/2639/4167 4828/2639/4167 4826/2638/4166 4825/2638/4166 
f 4829/2640/4193 4830/2640/4193 4828/2639/4167 4827/2639/4167 
f 4831/2641/4134 4832/2641/4134 4830/2640/4193 4829/2640/4193 
f 4833/2642/4135 4834/2642/4135 4832/2641/4134 4831/2641/4134 
f 4835/2643/4136 4836/2643/4194 4834/2642/4135 4833/2642/4135 
f 4837/2644/4137 4838/2644/4137 4836/2643/4194 4835/2643/4136 
f 4839/2645/4138 4840/2645/4195 4838/2644/4137 4837/2644/4137 
f 4841/2646/4139 4842/2646/4196 4840/2645/4195 4839/2645/4138 
f 4822/1412/4128 4821/1412/4128 4842/2646/4196 4841/2646/4139 
f 4843/2636/4101 4844/2636/4101 4845/1412/4099 4846/1412/4099 
f 4847/2637/4103 4848/2637/4103 4844/2636/4101 4843/2636/4101 
f 4849/2638/4105 4850/2638/4105 4848/2637/4103 4847/2637/4103 
f 4851/2639/4106 4852/2639/4106 4850/2638/4105 4849/2638/4105 
f 4853/2640/4107 4854/2640/4107 4852/2639/4106 4851/2639/4106 
f 4855/2641/4094 4856/2641/4094 4854/2640/4107 4853/2640/4107 
f 4857/2642/4093 4858/2642/4093 4856/2641/4094 4855/2641/4094 
f 4859/2643/4095 4860/2643/4095 4858/2642/4093 4857/2642/4093 
f 4861/2644/4096 4862/2644/4096 4860/2643/4095 4859/2643/4095 
f 4863/2645/4197 4864/2645/4197 4862/2644/4096 4861/2644/4096 
f 4865/2646/4174 4866/2646/4174 4864/2645/4197 4863/2645/4197 
f 4846/1412/4099 4845/1412/4099 4866/2646/4174 4865/2646/4174 
f 4867/2636/4141 4868/2636/4141 4869/1412/4142 4870/1412/4142 
f 4871/2637/4198 4872/2637/4198 4868/2636/4141 4867/2636/4141 
f 4873/2638/4199 4874/2638/4199 4872/2637/4198 4871/2637/4198 
f 4875/2639/4200 4876/2639/4200 4874/2638/4199 4873/2638/4199 
f 4877/2640/4201 4878/2640/4201 4876/2639/4200 4875/2639/4200 
f 4879/2641/4147 4880/2641/4147 4878/2640/4201 4877/2640/4201 
f 4881/2642/4148 4882/2642/4149 4880/2641/4147 4879/2641/4147 
f 4883/2643/4150 4884/2643/4151 4882/2642/4149 4881/2642/4148 
f 4885/2644/4152 4886/2644/4152 4884/2643/4151 4883/2643/4150 
f 4887/2645/4153 4888/2645/4153 4886/2644/4152 4885/2644/4152 
f 4889/2646/4179 4890/2646/4179 4888/2645/4153 4887/2645/4153 
f 4870/1412/4142 4869/1412/4142 4890/2646/4179 4889/2646/4179 
f 4891/2636/4184 4892/2636/4202 4893/1412/4183 4894/1412/4183 
f 4895/2637/4186 4896/2637/4186 4892/2636/4202 4891/2636/4184 
f 4897/2638/4188 4898/2638/4188 4896/2637/4186 4895/2637/4186 
f 4899/2639/4123 4900/2639/4203 4898/2638/4188 4897/2638/4188 
f 4901/2640/4125 4902/2640/4204 4900/2639/4203 4899/2639/4123 
f 4903/2641/4110 4904/2641/4110 4902/2640/4204 4901/2640/4125 
f 4905/2642/4108 4906/2642/4108 4904/2641/4110 4903/2641/4110 
f 4907/2643/4205 4908/2643/4205 4906/2642/4108 4905/2642/4108 
f 4909/2644/4206 4910/2644/4206 4908/2643/4205 4907/2643/4205 
f 4911/2645/4207 4912/2645/4207 4910/2644/4206 4909/2644/4206 
f 4913/2646/4182 4914/2646/4182 4912/2645/4207 4911/2645/4207 
f 4894/1412/4183 4893/1412/4183 4914/2646/4182 4913/2646/4182 
s 1
f 3594/2636/3175 4915/2636/4208 4916/1412/4209 3595/1412/3176 
f 3597/2637/3178 4917/2637/4210 4915/2636/4208 3594/2636/3175 
f 3599/2638/3180 4918/2638/4211 4917/2637/4210 3597/2637/3178 
f 3601/2639/3182 4919/2639/4212 4918/2638/4211 3599/2638/3180 
f 3603/2640/3184 4920/2640/4213 4919/2639/4212 3601/2639/3182 
f 3605/2641/3186 4921/2641/4214 4920/2640/4213 3603/2640/3184 
f 3607/2642/3188 4922/2642/4215 4921/2641/4214 3605/2641/3186 
f 3609/2643/3190 4923/2643/4216 4922/2642/4215 3607/2642/3188 
f 3611/2644/3192 4924/2644/4217 4923/2643/4216 3609/2643/3190 
f 3613/2645/3194 4925/2645/4218 4924/2644/4217 3611/2644/3192 
f 3615/2646/3196 4926/2646/4219 4925/2645/4218 3613/2645/3194 
f 3595/1412/3176 4916/1412/4209 4926/2646/4219 3615/2646/3196 
f 3618/2636/3199 4927/2636/4220 4928/1412/4221 3619/1412/3200 
f 3620/2637/3201 4929/2637/4222 4927/2636/4220 3618/2636/3199 
f 3621/2638/3202 4930/2638/4223 4929/2637/4222 3620/2637/3201 
f 3622/2639/3203 4931/2639/4224 4930/2638/4223 3621/2638/3202 
f 3624/2640/2662 4932/2640/4225 4931/2639/4224 3622/2639/3203 
f 3626/2641/3206 4933/2641/4226 4932/2640/4225 3624/2640/2662 
f 3628/2642/3208 4934/2642/4227 4933/2641/4226 3626/2641/3206 
f 3630/2643/3210 4935/2643/4228 4934/2642/4227 3628/2642/3208 
f 3632/2644/3212 4936/2644/4229 4935/2643/4228 3630/2643/3210 
f 3634/2645/3214 4937/2645/4230 4936/2644/4229 3632/2644/3212 
f 3636/2646/3216 4938/2646/4231 4937/2645/4230 3634/2645/3214 
f 3619/1412/3200 4928/1412/4221 4938/2646/4231 3636/2646/3216 
f 3637/2636/3217 4939/2636/4232 4940/1412/4233 3638/1412/3218 
f 3639/2637/3219 4941/2637/4234 4939/2636/4232 3637/2636/3217 
f 3640/2638/3220 4942/2638/4235 4941/2637/4234 3639/2637/3219 
f 3641/2639/3221 4943/2639/4236 4942/2638/4235 3640/2638/3220 
f 3643/2640/3223 4944/2640/4237 4943/2639/4236 3641/2639/3221 
f 3645/2641/3225 4945/2641/4238 4944/2640/4237 3643/2640/3223 
f 3647/2642/3217 4946/2642/4239 4945/2641/4238 3645/2641/3225 
f 3649/2643/3228 4947/2643/4240 4946/2642/4239 3647/2642/3217 
f 3651/2644/3230 4948/2644/4241 4947/2643/4240 3649/2643/3228 
f 3653/2645/3232 4949/2645/4242 4948/2644/4241 3651/2644/3230 
f 3655/2646/3234 4950/2646/4243 4949/2645/4242 3653/2645/3232 
f 3638/1412/3218 4940/1412/4233 4950/2646/4243 3655/2646/3234 
f 3656/2636/3235 4951/2636/4244 4952/1412/4245 3657/1412/3236 
f 3658/2637/3237 4953/2637/4246 4951/2636/4244 3656/2636/3235 
f 3659/2638/3238 4954/2638/4247 4953/2637/4246 3658/2637/3237 
f 3660/2639/3239 4955/2639/4248 4954/2638/4247 3659/2638/3238 
f 3662/2640/3228 4956/2640/4249 4955/2639/4248 3660/2639/3239 
f 3664/2641/3242 4957/2641/4250 4956/2640/4249 3662/2640/3228 
f 3666/2642/3244 4958/2642/4251 4957/2641/4250 3664/2641/3242 
f 3668/2643/3246 4959/2643/4252 4958/2642/4251 3666/2642/3244 
f 3670/2644/3248 4960/2644/4253 4959/2643/4252 3668/2643/3246 
f 3672/2645/3250 4961/2645/4254 4960/2644/4253 3670/2644/3248 
f 3674/2646/3252 4962/2646/4255 4961/2645/4254 3672/2645/3250 
f 3657/1412/3236 4952/1412/4245 4962/2646/4255 3674/2646/3252 
f 3675/2636/3253 4963/2636/4256 4964/1412/4257 3676/1412/3254 
f 3677/2637/3204 4965/2637/4258 4963/2636/4256 3675/2636/3253 
f 3678/2638/3255 4966/2638/4259 4965/2637/4258 3677/2637/3204 
f 3679/2639/3256 4967/2639/4260 4966/2638/4259 3678/2638/3255 
f 3681/2640/3258 4968/2640/4261 4967/2639/4260 3679/2639/3256 
f 3683/2641/3260 4969/2641/4262 4968/2640/4261 3681/2640/3258 
f 3685/2642/3262 4970/2642/4263 4969/2641/4262 3683/2641/3260 
f 3687/2643/3264 4971/2643/4264 4970/2642/4263 3685/2642/3262 
f 3689/2644/3266 4972/2644/4265 4971/2643/4264 3687/2643/3264 
f 3691/2645/3268 4973/2645/4266 4972/2644/4265 3689/2644/3266 
f 3693/2646/3270 4974/2646/4267 4973/2645/4266 3691/2645/3268 
f 3676/1412/3254 4964/1412/4257 4974/2646/4267 3693/2646/3270 
f 3694/2636/3271 4975/2636/4268 4976/1412/4269 3695/1412/3272 
f 3696/2637/3273 4977/2637/4270 4975/2636/4268 3694/2636/3271 
f 3697/2638/3274 4978/2638/4271 4977/2637/4270 3696/2637/3273 
f 3698/2639/3275 4979/2639/4272 4978/2638/4271 3697/2638/3274 
f 3699/2640/3276 4980/2640/4273 4979/2639/4272 3698/2639/3275 
f 3700/2641/3277 4981/2641/4274 4980/2640/4273 3699/2640/3276 
f 3702/2642/3279 4982/2642/4275 4981/2641/4274 3700/2641/3277 
f 3704/2643/3281 4983/2643/4276 4982/2642/4275 3702/2642/3279 
f 3706/2644/3283 4984/2644/4277 4983/2643/4276 3704/2643/3281 
f 3708/2645/3285 4985/2645/4278 4984/2644/4277 3706/2644/3283 
f 3710/2646/3287 4986/2646/4279 4985/2645/4278 3708/2645/3285 
f 3695/1412/3272 4976/1412/4269 4986/2646/4279 3710/2646/3287 
f 3713/2636/3290 4987/2636/4280 4988/1412/4281 3714/1412/3291 
f 3715/2637/3292 4989/2637/4282 4987/2636/4280 3713/2636/3290 
f 3716/2638/3293 4990/2638/4283 4989/2637/4282 3715/2637/3292 
f 3717/2639/3294 4991/2639/4284 4990/2638/4283 3716/2638/3293 
f 3719/2640/3296 4992/2640/4285 4991/2639/4284 3717/2639/3294 
f 3721/2641/3298 4993/2641/4286 4992/2640/4285 3719/2640/3296 
f 3723/2648/3300 4994/2642/4287 4993/2641/4286 3721/2641/3298 
f 3725/2643/3302 4995/2643/4288 4994/2642/4287 3723/2648/3300 
f 3727/2644/3304 4996/2644/4289 4995/2643/4288 3725/2643/3302 
f 3729/2645/3306 4997/2645/4290 4996/2644/4289 3727/2644/3304 
f 3731/2646/3308 4998/2646/4291 4997/2645/4290 3729/2645/3306 
f 3714/1412/3291 4988/1412/4281 4998/2646/4291 3731/2646/3308 
f 3732/2636/3309 4999/2636/4292 5000/1412/4293 3733/1412/3310 
f 3734/2637/3311 5001/2637/4294 4999/2636/4292 3732/2636/3309 
f 3735/2638/3312 5002/2638/4295 5001/2637/4294 3734/2637/3311 
f 3736/2639/3313 5003/2639/4296 5002/2638/4295 3735/2638/3312 
f 3738/2640/3216 5004/2640/4297 5003/2639/4296 3736/2639/3313 
f 3740/2641/3316 5005/2641/4298 5004/2640/4297 3738/2640/3216 
f 3742/2648/3318 5006/2642/4299 5005/2641/4298 3740/2641/3316 
f 3744/2643/3320 5007/2643/4300 5006/2642/4299 3742/2648/3318 
f 3746/2644/3322 5008/2644/4301 5007/2643/4300 3744/2643/3320 
f 3748/2645/3324 5009/2645/4302 5008/2644/4301 3746/2644/3322 
f 3749/2646/3325 5010/2646/4303 5009/2645/4302 3748/2645/3324 
f 3733/1412/3310 5000/1412/4293 5010/2646/4303 3749/2646/3325 
f 3750/2636/3326 5011/2636/4304 5012/1412/4305 3751/1412/3327 
f 3752/2637/3328 5013/2637/4306 5011/2636/4304 3750/2636/3326 
f 3753/2638/3329 5014/2638/4307 5013/2637/4306 3752/2637/3328 
f 3754/2639/3330 5015/2639/4308 5014/2638/4307 3753/2638/3329 
f 3756/2640/3332 5016/2640/4309 5015/2639/4308 3754/2639/3330 
f 3758/2641/3334 5017/2641/4310 5016/2640/4309 3756/2640/3332 
f 3760/2648/3336 5018/2642/4311 5017/2641/4310 3758/2641/3334 
f 3762/2643/3338 5019/2643/4312 5018/2642/4311 3760/2648/3336 
f 3764/2644/3340 5020/2644/4313 5019/2643/4312 3762/2643/3338 
f 3766/2645/3342 5021/2645/4314 5020/2644/4313 3764/2644/3340 
f 3767/2646/3343 5022/2646/4315 5021/2645/4314 3766/2645/3342 
f 3751/1412/3327 5012/1412/4305 5022/2646/4315 3767/2646/3343 
f 3768/2636/3344 5023/2636/4316 5024/1412/4317 3769/1412/3269 
f 3770/2637/3345 5025/2637/4318 5023/2636/4316 3768/2636/3344 
f 3771/2638/3346 5026/2638/4319 5025/2637/4318 3770/2637/3345 
f 3772/2639/3347 5027/2639/4320 5026/2638/4319 3771/2638/3346 
f 3774/2640/3349 5028/2640/4321 5027/2639/4320 3772/2639/3347 
f 3776/2641/3351 5029/2641/4322 5028/2640/4321 3774/2640/3349 
f 3778/2648/3353 5030/2642/4323 5029/2641/4322 3776/2641/3351 
f 3780/2643/3355 5031/2643/4324 5030/2642/4323 3778/2648/3353 
f 3782/2644/3357 5032/2644/4325 5031/2643/4324 3780/2643/3355 
f 3784/2645/3359 5033/2645/4326 5032/2644/4325 3782/2644/3357 
f 3785/2646/3360 5034/2646/4327 5033/2645/4326 3784/2645/3359 
f 3769/1412/3269 5024/1412/4317 5034/2646/4327 3785/2646/3360 
f 3786/2636/3361 5035/2636/4328 5036/1412/4329 3787/1412/3362 
f 3788/2637/3363 5037/2637/4330 5035/2636/4328 3786/2636/3361 
f 3789/2638/3364 5038/2638/4331 5037/2637/4330 3788/2637/3363 
f 3790/2639/3365 5039/2639/4332 5038/2638/4331 3789/2638/3364 
f 3792/2640/3367 5040/2640/4333 5039/2639/4332 3790/2639/3365 
f 3794/2641/3369 5041/2641/4334 5040/2640/4333 3792/2640/3367 
f 3796/2648/3371 5042/2642/4335 5041/2641/4334 3794/2641/3369 
f 3798/2643/3373 5043/2643/4336 5042/2642/4335 3796/2648/3371 
f 3800/2644/3375 5044/2644/4337 5043/2643/4336 3798/2643/3373 
f 3802/2645/3377 5045/2645/4338 5044/2644/4337 3800/2644/3375 
f 3803/2646/3378 5046/2646/4339 5045/2645/4338 3802/2645/3377 
f 3787/1412/3362 5036/1412/4329 5046/2646/4339 3803/2646/3378 
f 3804/2636/3379 5047/2636/4340 5048/1412/4341 3805/1412/3380 
f 3806/2637/3381 5049/2637/4342 5047/2636/4340 3804/2636/3379 
f 3807/2638/3382 5050/2638/4343 5049/2637/4342 3806/2637/3381 
f 3808/2639/3383 5051/2639/4344 5050/2638/4343 3807/2638/3382 
f 3810/2640/3385 5052/2640/4345 5051/2639/4344 3808/2639/3383 
f 3812/2641/3387 5053/2641/4346 5052/2640/4345 3810/2640/3385 
f 3814/2648/3389 5054/2642/4347 5053/2641/4346 3812/2641/3387 
f 3816/2643/3391 5055/2643/4348 5054/2642/4347 3814/2648/3389 
f 3818/2644/3393 5056/2644/4349 5055/2643/4348 3816/2643/3391 
f 3820/2645/3395 5057/2645/4350 5056/2644/4349 3818/2644/3393 
f 3821/2646/3396 5058/2646/4351 5057/2645/4350 3820/2645/3395 
f 3805/1412/3380 5048/1412/4341 5058/2646/4351 3821/2646/3396 
f 3822/2636/3397 5059/2636/4352 5060/1412/4353 3823/1412/3398 
f 3824/2637/3399 5061/2637/4354 5059/2636/4352 3822/2636/3397 
f 3825/2638/3400 5062/2638/4355 5061/2637/4354 3824/2637/3399 
f 3826/2639/3401 5063/2639/4356 5062/2638/4355 3825/2638/3400 
f 3828/2640/3403 5064/2640/4357 5063/2639/4356 3826/2639/3401 
f 3830/2641/3405 5065/2641/4358 5064/2640/4357 3828/2640/3403 
f 3832/2648/3407 5066/2642/4359 5065/2641/4358 3830/2641/3405 
f 3834/2643/3409 5067/2643/4360 5066/2642/4359 3832/2648/3407 
f 3836/2644/3411 5068/2644/4361 5067/2643/4360 3834/2643/3409 
f 3838/2645/3413 5069/2645/4362 5068/2644/4361 3836/2644/3411 
f 3839/2646/3414 5070/2646/4363 5069/2645/4362 3838/2645/3413 
f 3823/1412/3398 5060/1412/4353 5070/2646/4363 3839/2646/3414 
f 3840/2636/3415 5071/2636/4364 5072/1412/4365 3841/1412/3416 
f 3842/2637/3417 5073/2637/4366 5071/2636/4364 3840/2636/3415 
f 3843/2638/3418 5074/2638/4367 5073/2637/4366 3842/2637/3417 
f 3844/2639/3419 5075/2639/4368 5074/2638/4367 3843/2638/3418 
f 3846/2640/3421 5076/2640/4369 5075/2639/4368 3844/2639/3419 
f 3848/2641/3423 5077/2641/4370 5076/2640/4369 3846/2640/3421 
f 3850/2648/3425 5078/2642/4371 5077/2641/4370 3848/2641/3423 
f 3852/2643/3427 5079/2643/4372 5078/2642/4371 3850/2648/3425 
f 3854/2644/3429 5080/2644/4373 5079/2643/4372 3852/2643/3427 
f 3856/2645/3431 5081/2645/4374 5080/2644/4373 3854/2644/3429 
f 3857/2646/3432 5082/2646/4375 5081/2645/4374 3856/2645/3431 
f 3841/1412/3416 5072/1412/4365 5082/2646/4375 3857/2646/3432 
f 3858/2636/3433 5083/2636/4376 5084/1412/4377 3859/1412/3434 
f 3860/2637/3435 5085/2637/4378 5083/2636/4376 3858/2636/3433 
f 3861/2638/3436 5086/2638/4379 5085/2637/4378 3860/2637/3435 
f 3862/2639/3437 5087/2639/4380 5086/2638/4379 3861/2638/3436 
f 3864/2640/3439 5088/2640/4381 5087/2639/4380 3862/2639/3437 
f 3866/2641/3441 5089/2641/4382 5088/2640/4381 3864/2640/3439 
f 3868/2648/3443 5090/2642/4383 5089/2641/4382 3866/2641/3441 
f 3870/2643/3445 5091/2643/4384 5090/2642/4383 3868/2648/3443 
f 3872/2644/3447 5092/2644/4385 5091/2643/4384 3870/2643/3445 
f 3874/2645/3449 5093/2645/4386 5092/2644/4385 3872/2644/3447 
f 3875/2646/3450 5094/2646/4387 5093/2645/4386 3874/2645/3449 
f 3859/1412/3434 5084/1412/4377 5094/2646/4387 3875/2646/3450 
f 3876/2636/3451 5095/2636/4388 5096/1412/4389 3877/1412/3452 
f 3878/2637/3453 5097/2637/4390 5095/2636/4388 3876/2636/3451 
f 3879/2638/3454 5098/2638/4391 5097/2637/4390 3878/2637/3453 
f 3880/2639/3455 5099/2639/4392 5098/2638/4391 3879/2638/3454 
f 3881/2640/3456 5100/2640/4393 5099/2639/4392 3880/2639/3455 
f 3882/2641/3457 5101/2641/4394 5100/2640/4393 3881/2640/3456 
f 3883/2648/3458 5102/2642/4395 5101/2641/4394 3882/2641/3457 
f 3885/2643/3460 5103/2643/4396 5102/2642/4395 3883/2648/3458 
f 3887/2644/3462 5104/2644/4397 5103/2643/4396 3885/2643/3460 
f 3889/2645/3464 5105/2645/4398 5104/2644/4397 3887/2644/3462 
f 3890/2646/3465 5106/2646/4399 5105/2645/4398 3889/2645/3464 
f 3877/1412/3452 5096/1412/4389 5106/2646/4399 3890/2646/3465 
s 2
f 4534/1412/4089 4916/1412/4209 4915/2636/4208 4531/2636/1999 
f 4531/2636/1999 4915/2636/4208 4917/2637/4210 4535/2637/2036 
f 4535/2637/2036 4917/2637/4210 4918/2638/4211 4537/2638/159 
f 4537/2638/159 4918/2638/4211 4919/2639/4212 4539/2639/4090 
f 4539/2639/4090 4919/2639/4212 4920/2640/4213 4541/2640/4091 
f 4541/2640/4091 4920/2640/4213 4921/2641/4214 4543/2641/288 
f 4543/2641/288 4921/2641/4214 4922/2642/4215 4545/2642/1773 
f 4545/2642/1773 4922/2642/4215 4923/2643/4216 4547/2643/2318 
f 4547/2643/2318 4923/2643/4216 4924/2644/4217 4549/2644/432 
f 4549/2644/432 4924/2644/4217 4925/2645/4218 4551/2645/1886 
f 4551/2645/1886 4925/2645/4218 4926/2646/4219 4553/2646/1923 
f 4553/2646/1923 4926/2646/4219 4916/1412/4209 4534/1412/4089 
f 4558/1412/4089 4928/1412/4221 4927/2636/4220 4555/2636/1999 
f 4555/2636/1999 4927/2636/4220 4929/2637/4222 4559/2637/2036 
f 4559/2637/2036 4929/2637/4222 4930/2638/4223 4561/2638/159 
f 4561/2638/159 4930/2638/4223 4931/2639/4224 4563/2639/1661 
f 4563/2639/1661 4931/2639/4224 4932/2640/4225 4565/2640/1698 
f 4565/2640/1698 4932/2640/4225 4933/2641/4226 4567/2641/288 
f 4567/2641/288 4933/2641/4226 4934/2642/4227 4569/2642/1773 
f 4569/2642/1773 4934/2642/4227 4935/2643/4228 4571/2643/2318 
f 4571/2643/2318 4935/2643/4228 4936/2644/4229 4573/2644/432 
f 4573/2644/432 4936/2644/4229 4937/2645/4230 4575/2645/1886 
f 4575/2645/1886 4937/2645/4230 4938/2646/4231 4577/2646/1923 
f 4577/2646/1923 4938/2646/4231 4928/1412/4221 4558/1412/4089 
f 4582/1412/4094 4940/1412/4233 4939/2636/4232 4579/2636/4093 
f 4579/2636/4093 4939/2636/4232 4941/2637/4234 4583/2637/4095 
f 4583/2637/4095 4941/2637/4234 4942/2638/4235 4585/2638/4096 
f 4585/2638/4096 4942/2638/4235 4943/2639/4236 4587/2639/4097 
f 4587/2639/4097 4943/2639/4236 4944/2640/4237 4589/2640/4098 
f 4589/2640/4098 4944/2640/4237 4945/2641/4238 4591/2641/4099 
f 4591/2641/4099 4945/2641/4238 4946/2642/4239 4593/2642/4101 
f 4593/2642/4101 4946/2642/4239 4947/2643/4240 4595/2643/4103 
f 4595/2643/4103 4947/2643/4240 4948/2644/4241 4597/2644/4104 
f 4597/2644/4104 4948/2644/4241 4949/2645/4242 4599/2645/4106 
f 4599/2645/4106 4949/2645/4242 4950/2646/4243 4601/2646/4107 
f 4601/2646/4107 4950/2646/4243 4940/1412/4233 4582/1412/4094 
f 4606/1412/4110 4952/1412/4245 4951/2636/4244 4603/2636/4108 
f 4603/2636/4108 4951/2636/4244 4953/2637/4246 4607/2637/4111 
f 4607/2637/4111 4953/2637/4246 4954/2638/4247 4609/2638/4112 
f 4609/2638/4112 4954/2638/4247 4955/2639/4248 4611/2639/4113 
f 4611/2639/4113 4955/2639/4248 4956/2640/4249 4613/2640/4115 
f 4613/2640/4115 4956/2640/4249 4957/2641/4250 4615/2641/4117 
f 4615/2641/4117 4957/2641/4250 4958/2642/4251 4617/2642/4118 
f 4617/2642/4118 4958/2642/4251 4959/2643/4252 4619/2643/4120 
f 4619/2643/4120 4959/2643/4252 4960/2644/4253 4621/2644/4122 
f 4621/2644/4122 4960/2644/4253 4961/2645/4254 4623/2645/4123 
f 4623/2645/4123 4961/2645/4254 4962/2646/4255 4625/2646/4125 
f 4625/2646/4125 4962/2646/4255 4952/1412/4245 4606/1412/4110 
f 4630/1412/4128 4964/1412/4257 4963/2636/4256 4627/2636/4126 
f 4627/2636/4126 4963/2636/4256 4965/2637/4258 4631/2637/4129 
f 4631/2637/4129 4965/2637/4258 4966/2638/4259 4633/2638/4130 
f 4633/2638/4130 4966/2638/4259 4967/2639/4260 4635/2639/4131 
f 4635/2639/4131 4967/2639/4260 4968/2640/4261 4637/2640/4132 
f 4637/2640/4132 4968/2640/4261 4969/2641/4262 4639/2641/4134 
f 4639/2641/4134 4969/2641/4262 4970/2642/4263 4641/2642/4135 
f 4641/2642/4135 4970/2642/4263 4971/2643/4264 4643/2643/4136 
f 4643/2643/4136 4971/2643/4264 4972/2644/4265 4645/2644/4137 
f 4645/2644/4137 4972/2644/4265 4973/2645/4266 4647/2645/4138 
f 4647/2645/4138 4973/2645/4266 4974/2646/4267 4649/2646/4139 
f 4649/2646/4139 4974/2646/4267 4964/1412/4257 4630/1412/4128 
f 4654/1412/4142 4976/1412/4269 4975/2636/4268 4651/2636/4141 
f 4651/2636/4141 4975/2636/4268 4977/2637/4270 4655/2637/4143 
f 4655/2637/4143 4977/2637/4270 4978/2638/4271 4657/2638/4144 
f 4657/2638/4144 4978/2638/4271 4979/2639/4272 4659/2639/4145 
f 4659/2639/4145 4979/2639/4272 4980/2640/4273 4661/2640/4146 
f 4661/2640/4146 4980/2640/4273 4981/2641/4274 4663/2641/4147 
f 4663/2641/4147 4981/2641/4274 4982/2642/4275 4665/2642/4148 
f 4665/2642/4148 4982/2642/4275 4983/2643/4276 4667/2643/4150 
f 4667/2643/4150 4983/2643/4276 4984/2644/4277 4669/2644/4152 
f 4669/2644/4152 4984/2644/4277 4985/2645/4278 4671/2645/4153 
f 4671/2645/4153 4985/2645/4278 4986/2646/4279 4673/2646/4154 
f 4673/2646/4154 4986/2646/4279 4976/1412/4269 4654/1412/4142 
f 4678/1412/1 4988/1412/4281 4987/2636/4280 4675/2636/1999 
f 4675/2636/1999 4987/2636/4280 4989/2637/4282 4679/2637/2036 
f 4679/2637/2036 4989/2637/4282 4990/2638/4283 4681/2638/159 
f 4681/2638/159 4990/2638/4283 4991/2639/4284 4683/2639/1661 
f 4683/2639/1661 4991/2639/4284 4992/2640/4285 4685/2640/1698 
f 4685/2640/1698 4992/2640/4285 4993/2641/4286 4687/2641/2259 
f 4687/2641/2259 4993/2641/4286 4994/2642/4287 4689/2642/4155 
f 4689/2642/4155 4994/2642/4287 4995/2643/4288 4691/2643/1810 
f 4691/2643/1810 4995/2643/4288 4996/2644/4289 4693/2644/432 
f 4693/2644/432 4996/2644/4289 4997/2645/4290 4695/2645/1886 
f 4695/2645/1886 4997/2645/4290 4998/2646/4291 4697/2646/1923 
f 4697/2646/1923 4998/2646/4291 4988/1412/4281 4678/1412/1 
f 4702/1412/4157 5000/1412/4293 4999/2636/4292 4699/2636/4156 
f 4699/2636/4156 4999/2636/4292 5001/2637/4294 4703/2637/4158 
f 4703/2637/4158 5001/2637/4294 5002/2638/4295 4705/2638/4160 
f 4705/2638/4160 5002/2638/4295 5003/2639/4296 4707/2639/4161 
f 4707/2639/4161 5003/2639/4296 5004/2640/4297 4709/2640/4162 
f 4709/2640/4162 5004/2640/4297 5005/2641/4298 4711/2641/4163 
f 4711/2641/4163 5005/2641/4298 5006/2642/4299 4713/2642/4164 
f 4713/2642/4164 5006/2642/4299 5007/2643/4300 4715/2643/4165 
f 4715/2643/4165 5007/2643/4300 5008/2644/4301 4717/2644/4166 
f 4717/2644/4166 5008/2644/4301 5009/2645/4302 4719/2645/4167 
f 4719/2645/4167 5009/2645/4302 5010/2646/4303 4721/2646/4132 
f 4721/2646/4132 5010/2646/4303 5000/1412/4293 4702/1412/4157 
f 4726/1412/4170 5012/1412/4305 5011/2636/4304 4723/2636/4169 
f 4723/2636/4169 5011/2636/4304 5013/2637/4306 4727/2637/4171 
f 4727/2637/4171 5013/2637/4306 5014/2638/4307 4729/2638/4172 
f 4729/2638/4172 5014/2638/4307 5015/2639/4308 4731/2639/4173 
f 4731/2639/4173 5015/2639/4308 5016/2640/4309 4733/2640/4174 
f 4733/2640/4174 5016/2640/4309 5017/2641/4310 4735/2641/4099 
f 4735/2641/4099 5017/2641/4310 5018/2642/4311 4737/2642/4175 
f 4737/2642/4175 5018/2642/4311 5019/2643/4312 4739/2643/4176 
f 4739/2643/4176 5019/2643/4312 5020/2644/4313 4741/2644/4104 
f 4741/2644/4104 5020/2644/4313 5021/2645/4314 4743/2645/4177 
f 4743/2645/4177 5021/2645/4314 5022/2646/4315 4745/2646/4178 
f 4745/2646/4178 5022/2646/4315 5012/1412/4305 4726/1412/4170 
f 4750/1412/4147 5024/1412/4317 5023/2636/4316 4747/2636/4148 
f 4747/2636/4148 5023/2636/4316 5025/2637/4318 4751/2637/4151 
f 4751/2637/4151 5025/2637/4318 5026/2638/4319 4753/2638/4152 
f 4753/2638/4152 5026/2638/4319 5027/2639/4320 4755/2639/4153 
f 4755/2639/4153 5027/2639/4320 5028/2640/4321 4757/2640/4179 
f 4757/2640/4179 5028/2640/4321 5029/2641/4322 4759/2641/4142 
f 4759/2641/4142 5029/2641/4322 5030/2642/4323 4761/2642/4141 
f 4761/2642/4141 5030/2642/4323 5031/2643/4324 4763/2643/4143 
f 4763/2643/4143 5031/2643/4324 5032/2644/4325 4765/2644/4144 
f 4765/2644/4144 5032/2644/4325 5033/2645/4326 4767/2645/4145 
f 4767/2645/4145 5033/2645/4326 5034/2646/4327 4769/2646/4181 
f 4769/2646/4181 5034/2646/4327 5024/1412/4317 4750/1412/4147 
f 4774/1412/4110 5036/1412/4329 5035/2636/4328 4771/2636/4108 
f 4771/2636/4108 5035/2636/4328 5037/2637/4330 4775/2637/4111 
f 4775/2637/4111 5037/2637/4330 5038/2638/4331 4777/2638/4112 
f 4777/2638/4112 5038/2638/4331 5039/2639/4332 4779/2639/4114 
f 4779/2639/4114 5039/2639/4332 5040/2640/4333 4781/2640/4182 
f 4781/2640/4182 5040/2640/4333 5041/2641/4334 4783/2641/4183 
f 4783/2641/4183 5041/2641/4334 5042/2642/4335 4785/2642/4184 
f 4785/2642/4184 5042/2642/4335 5043/2643/4336 4787/2643/4186 
f 4787/2643/4186 5043/2643/4336 5044/2644/4337 4789/2644/4188 
f 4789/2644/4188 5044/2644/4337 5045/2645/4338 4791/2645/4123 
f 4791/2645/4123 5045/2645/4338 5046/2646/4339 4793/2646/4125 
f 4793/2646/4125 5046/2646/4339 5036/1412/4329 4774/1412/4110 
f 4798/1412/4190 5048/1412/4341 5047/2636/4340 4795/2636/4155 
f 4795/2636/4155 5047/2636/4340 5049/2637/4342 4799/2637/1810 
f 4799/2637/1810 5049/2637/4342 5050/2638/4343 4801/2638/432 
f 4801/2638/432 5050/2638/4343 5051/2639/4344 4803/2639/1886 
f 4803/2639/1886 5051/2639/4344 5052/2640/4345 4805/2640/1923 
f 4805/2640/1923 5052/2640/4345 5053/2641/4346 4807/2641/1 
f 4807/2641/1 5053/2641/4346 5054/2642/4347 4809/2642/1999 
f 4809/2642/1999 5054/2642/4347 5055/2643/4348 4811/2643/2036 
f 4811/2643/2036 5055/2643/4348 5056/2644/4349 4813/2644/158 
f 4813/2644/158 5056/2644/4349 5057/2645/4350 4815/2645/1661 
f 4815/2645/1661 5057/2645/4350 5058/2646/4351 4817/2646/1698 
f 4817/2646/1698 5058/2646/4351 5048/1412/4341 4798/1412/4190 
f 4822/1412/4128 5060/1412/4353 5059/2636/4352 4819/2636/4126 
f 4819/2636/4126 5059/2636/4352 5061/2637/4354 4823/2637/4191 
f 4823/2637/4191 5061/2637/4354 5062/2638/4355 4825/2638/4166 
f 4825/2638/4166 5062/2638/4355 5063/2639/4356 4827/2639/4167 
f 4827/2639/4167 5063/2639/4356 5064/2640/4357 4829/2640/4193 
f 4829/2640/4193 5064/2640/4357 5065/2641/4358 4831/2641/4134 
f 4831/2641/4134 5065/2641/4358 5066/2642/4359 4833/2642/4135 
f 4833/2642/4135 5066/2642/4359 5067/2643/4360 4835/2643/4136 
f 4835/2643/4136 5067/2643/4360 5068/2644/4361 4837/2644/4137 
f 4837/2644/4137 5068/2644/4361 5069/2645/4362 4839/2645/4138 
f 4839/2645/4138 5069/2645/4362 5070/2646/4363 4841/2646/4139 
f 4841/2646/4139 5070/2646/4363 5060/1412/4353 4822/1412/4128 
f 4846/1412/4099 5072/1412/4365 5071/2636/4364 4843/2636/4101 
f 4843/2636/4101 5071/2636/4364 5073/2637/4366 4847/2637/4103 
f 4847/2637/4103 5073/2637/4366 5074/2638/4367 4849/2638/4105 
f 4849/2638/4105 5074/2638/4367 5075/2639/4368 4851/2639/4106 
f 4851/2639/4106 5075/2639/4368 5076/2640/4369 4853/2640/4107 
f 4853/2640/4107 5076/2640/4369 5077/2641/4370 4855/2641/4094 
f 4855/2641/4094 5077/2641/4370 5078/2642/4371 4857/2642/4093 
f 4857/2642/4093 5078/2642/4371 5079/2643/4372 4859/2643/4095 
f 4859/2643/4095 5079/2643/4372 5080/2644/4373 4861/2644/4096 
f 4861/2644/4096 5080/2644/4373 5081/2645/4374 4863/2645/4197 
f 4863/2645/4197 5081/2645/4374 5082/2646/4375 4865/2646/4174 
f 4865/2646/4174 5082/2646/4375 5072/1412/4365 4846/1412/4099 
f 4870/1412/4142 5084/1412/4377 5083/2636/4376 4867/2636/4141 
f 4867/2636/4141 5083/2636/4376 5085/2637/4378 4871/2637/4198 
f 4871/2637/4198 5085/2637/4378 5086/2638/4379 4873/2638/4199 
f 4873/2638/4199 5086/2638/4379 5087/2639/4380 4875/2639/4200 
f 4875/2639/4200 5087/2639/4380 5088/2640/4381 4877/2640/4201 
f 4877/2640/4201 5088/2640/4381 5089/2641/4382 4879/2641/4147 
f 4879/2641/4147 5089/2641/4382 5090/2642/4383 4881/2642/4148 
f 4881/2642/4148 5090/2642/4383 5091/2643/4384 4883/2643/4150 
f 4883/2643/4150 5091/2643/4384 5092/2644/4385 4885/2644/4152 
f 4885/2644/4152 5092/2644/4385 5093/2645/4386 4887/2645/4153 
f 4887/2645/4153 5093/2645/4386 5094/2646/4387 4889/2646/4179 
f 4889/2646/4179 5094/2646/4387 5084/1412/4377 4870/1412/4142 
f 4894/1412/4183 5096/1412/4389 5095/2636/4388 4891/2636/4184 
f 4891/2636/4184 5095/2636/4388 5097/2637/4390 4895/2637/4186 
f 4895/2637/4186 5097/2637/4390 5098/2638/4391 4897/2638/4188 
f 4897/2638/4188 5098/2638/4391 5099/2639/4392 4899/2639/4123 
f 4899/2639/4123 5099/2639/4392 5100/2640/4393 4901/2640/4125 
f 4901/2640/4125 5100/2640/4393 5101/2641/4394 4903/2641/4110 
f 4903/2641/4110 5101/2641/4394 5102/2642/4395 4905/2642/4108 
f 4905/2642/4108 5102/2642/4395 5103/2643/4396 4907/2643/4205 
f 4907/2643/4205 5103/2643/4396 5104/2644/4397 4909/2644/4206 
f 4909/2644/4206 5104/2644/4397 5105/2645/4398 4911/2645/4207 
f 4911/2645/4207 5105/2645/4398 5106/2646/4399 4913/2646/4182 
f 4913/2646/4182 5106/2646/4399 5096/1412/4389 4894/1412/4183 
s 1
f 5107/2655/1651 5108/2656/4400 5109/2657/4401 5110/2658/4402 
f 5108/2656/4400 5111/2659/4403 5112/2660/4404 5109/2657/4401 
f 5111/2659/4403 5113/2661/4405 5114/2662/4406 5112/2660/4404 
f 5113/2661/4405 5115/2663/4407 5116/2664/4408 5114/2662/4406 
f 5117/2665/4409 5118/2666/4410 5119/2667/4411 5120/2668/4411 
f 5121/2669/4412 5122/2670/4413 5123/2671/4414 5124/2672/4415 
f 5125/2673/4416 5126/2674/4417 5127/2675/4418 5128/2676/4419 
f 5126/2674/4417 5129/2677/4420 5130/2678/4421 5127/2675/4418 
f 5129/2677/4420 5131/2679/4422 5132/2680/4423 5130/2678/4421 
f 5133/2681/432 5134/2682/432 5135/2683/462 5136/2684/462 
f 5137/2685/4424 5138/2686/4425 5139/2687/4426 5140/2688/4427 
f 5138/2686/4425 5141/2689/4428 5142/2690/4429 5139/2687/4426 
f 5141/2689/4428 5143/2691/4430 5144/2692/4431 5142/2690/4429 
f 5110/2658/4402 5109/2657/4401 5145/2693/4432 5146/2694/4433 
f 5109/2657/4401 5112/2660/4404 5147/2695/4434 5145/2693/4432 
f 5112/2660/4404 5114/2662/4406 5148/2696/4435 5147/2695/4434 
f 5114/2662/4406 5116/2664/4408 5149/2697/4436 5148/2696/4435 
f 5120/2668/4411 5119/2667/4411 5150/2698/4437 5151/2699/4437 
f 5124/2672/4415 5123/2671/4414 5152/2700/4438 5153/2701/4439 
f 5128/2676/4419 5127/2675/4418 5154/2702/4440 5155/2703/4441 
f 5127/2675/4418 5130/2678/4421 5156/2704/4442 5154/2702/4440 
f 5130/2678/4421 5132/2680/4423 5157/2705/4443 5156/2704/4442 
f 5136/2684/462 5135/2683/462 5158/2706/468 5159/2707/468 
f 5140/2688/4427 5139/2687/4426 5160/2708/4444 5161/2709/4445 
f 5139/2687/4426 5142/2690/4429 5162/2710/4446 5160/2708/4444 
f 5142/2690/4429 5144/2692/4431 5163/2711/4447 5162/2710/4446 
f 5146/2694/4433 5145/2693/4432 5164/2712/4448 5165/2713/4449 
f 5145/2693/4432 5147/2695/4434 5166/2714/4450 5164/2712/4448 
f 5147/2695/4434 5148/2696/4435 5167/2715/4451 5166/2714/4450 
f 5148/2696/4435 5149/2697/4436 5168/2716/4452 5167/2715/4451 
f 5151/2699/4437 5150/2698/4437 5169/2717/4453 5170/2718/4453 
f 5153/2701/4439 5152/2700/4438 5171/2719/4454 5172/2720/4455 
f 5155/2703/4441 5154/2702/4440 5173/2721/4456 5174/2722/4457 
f 5154/2702/4440 5156/2704/4442 5175/2723/4458 5173/2721/4456 
f 5156/2704/4442 5157/2705/4443 5176/2724/4459 5175/2723/4458 
f 5159/2707/468 5158/2706/468 5177/2725/498 5178/2726/498 
f 5161/2709/4445 5160/2708/4444 5179/2727/4460 5180/2728/4461 
f 5160/2708/4444 5162/2710/4446 5181/2729/4462 5179/2727/4460 
f 5162/2710/4446 5163/2711/4447 5182/2730/4463 5181/2729/4462 
f 5165/2713/4449 5164/2712/4448 5183/2731/4464 5184/2732/1693 
f 5164/2712/4448 5166/2714/4450 5185/2733/4465 5183/2731/4464 
f 5166/2714/4450 5167/2715/4451 5186/2734/4466 5185/2733/4465 
f 5167/2715/4451 5168/2716/4452 5187/2735/4467 5186/2734/4466 
f 5170/2718/4453 5169/2717/4453 5188/2736/4468 5189/2737/4468 
f 5172/2720/4455 5171/2719/4454 5190/2738/4469 5191/2739/4470 
f 5174/2722/4457 5173/2721/4456 5192/2740/4471 5193/2741/4472 
f 5173/2721/4456 5175/2723/4458 5194/2742/4473 5192/2740/4471 
f 5175/2723/4458 5176/2724/4459 5195/2743/4474 5194/2742/4473 
f 5178/2726/498 5177/2725/498 5196/2744/504 5197/2745/504 
f 5180/2728/4461 5179/2727/4460 5198/2746/4475 5199/2747/4476 
f 5179/2727/4460 5181/2729/4462 5200/2748/4477 5198/2746/4475 
f 5181/2729/4462 5182/2730/4463 5201/2749/4478 5200/2748/4477 
f 5184/2732/1693 5183/2731/4464 5202/2750/4479 5203/2751/4480 
f 5183/2731/4464 5185/2733/4465 5204/2752/4481 5202/2750/4479 
f 5185/2733/4465 5186/2734/4466 5205/2753/4482 5204/2752/4481 
f 5186/2734/4466 5187/2735/4467 5206/2754/4483 5205/2753/4482 
f 5189/2737/4468 5188/2736/4468 5207/2755/4484 5208/2756/4484 
f 5191/2739/4470 5190/2738/4469 5209/2757/4485 5210/2758/4486 
f 5193/2741/4472 5192/2740/4471 5211/2759/4487 5212/2760/4488 
f 5192/2740/4471 5194/2742/4473 5213/2761/4489 5211/2759/4487 
f 5194/2742/4473 5195/2743/4474 5214/2762/4490 5213/2761/4489 
f 5197/2745/504 5196/2744/504 5215/2763/4491 5216/2764/4491 
f 5199/2747/4476 5198/2746/4475 5217/2765/4492 5218/2766/4493 
f 5198/2746/4475 5200/2748/4477 5219/2767/4494 5217/2765/4492 
f 5200/2748/4477 5201/2749/4478 5220/2768/4495 5219/2767/4494 
f 5203/2751/4480 5202/2750/4479 5221/2769/4496 5222/2770/4497 
f 5202/2750/4479 5204/2752/4481 5223/2771/4498 5221/2769/4496 
f 5204/2752/4481 5205/2753/4482 5224/2772/4499 5223/2771/4498 
f 5205/2753/4482 5206/2754/4483 5225/2773/4500 5224/2772/4499 
f 5208/2756/4484 5207/2755/4484 5226/2774/4501 5227/2775/4501 
f 5210/2758/4486 5209/2757/4485 5228/2776/4502 5229/2777/4503 
f 5212/2760/4488 5211/2759/4487 5230/2778/4504 5231/2779/4505 
f 5211/2759/4487 5213/2761/4489 5232/2780/4506 5230/2778/4504 
f 5213/2761/4489 5214/2762/4490 5233/2781/4507 5232/2780/4506 
f 5216/2764/4491 5215/2763/4491 5234/2782/4508 5235/2783/4508 
f 5218/2766/4493 5217/2765/4492 5236/2784/4509 5237/2785/4510 
f 5217/2765/4492 5219/2767/4494 5238/2786/4511 5236/2784/4509 
f 5219/2767/4494 5220/2768/4495 5239/2787/4512 5238/2786/4511 
f 5222/2770/4497 5221/2769/4496 5240/2788/4513 5241/2789/4514 
f 5221/2769/4496 5223/2771/4498 5242/2790/4515 5240/2788/4513 
f 5223/2771/4498 5224/2772/4499 5243/2791/4516 5242/2790/4515 
f 5224/2772/4499 5225/2773/4500 5244/2792/4517 5243/2791/4516 
f 5227/2775/4501 5226/2774/4501 5245/2793/4518 5246/2794/4518 
f 5229/2777/4503 5228/2776/4502 5247/2795/4519 5248/2796/4520 
f 5231/2779/4505 5230/2778/4504 5249/2797/4521 5250/2798/4522 
f 5230/2778/4504 5232/2780/4506 5251/2799/4523 5249/2797/4521 
f 5232/2780/4506 5233/2781/4507 5252/2800/4524 5251/2799/4523 
f 5235/2783/4508 5234/2782/4508 5253/2801/4525 5254/2802/4525 
f 5237/2785/4510 5236/2784/4509 5255/2803/4526 5256/2804/4527 
f 5236/2784/4509 5238/2786/4511 5257/2805/4528 5255/2803/4526 
f 5238/2786/4511 5239/2787/4512 5258/2806/4529 5257/2805/4528 
f 5241/2789/4514 5240/2788/4513 5259/2807/4530 5260/2808/1749 
f 5240/2788/4513 5242/2790/4515 5261/2809/4531 5259/2807/4530 
f 5242/2790/4515 5243/2791/4516 5262/2810/4532 5261/2809/4531 
f 5243/2791/4516 5244/2792/4517 5263/2811/4533 5262/2810/4532 
f 5246/2794/4518 5245/2793/4518 5264/2812/4534 5265/2813/4535 
f 5248/2796/4520 5247/2795/4519 5266/2814/4536 5267/2815/4537 
f 5250/2798/4522 5249/2797/4521 5268/2816/4538 5269/2817/4539 
f 5249/2797/4521 5251/2799/4523 5270/2818/4540 5268/2816/4538 
f 5251/2799/4523 5252/2800/4524 5271/2819/4541 5270/2818/4540 
f 5254/2802/4525 5253/2801/4525 5272/2820/2449 5273/2821/4089 
f 5256/2804/4527 5255/2803/4526 5274/2822/4542 5275/2823/4543 
f 5255/2803/4526 5257/2805/4528 5276/2824/4544 5274/2822/4542 
f 5257/2805/4528 5258/2806/4529 5277/2825/4545 5276/2824/4544 
f 5260/2808/1749 5259/2807/4530 5278/2826/4546 5279/2827/4547 
f 5259/2807/4530 5261/2809/4531 5280/2828/4548 5278/2826/4546 
f 5261/2809/4531 5262/2810/4532 5281/2829/4549 5280/2828/4548 
f 5262/2810/4532 5263/2811/4533 5282/2830/4550 5281/2829/4549 
f 5265/2813/4535 5264/2812/4534 5283/2831/4551 5284/2832/4551 
f 5267/2815/4537 5266/2814/4536 5285/2833/4552 5286/2834/4553 
f 5269/2817/4539 5268/2816/4538 5287/2835/4554 5288/2836/4555 
f 5268/2816/4538 5270/2818/4540 5289/2837/4556 5287/2835/4554 
f 5270/2818/4540 5271/2819/4541 5290/2838/4557 5289/2837/4556 
f 5273/2821/4089 5272/2820/2449 5291/2839/2 5292/2840/2 
f 5275/2823/4543 5274/2822/4542 5293/2841/4558 5294/2842/4559 
f 5274/2822/4542 5276/2824/4544 5295/2843/4560 5293/2841/4558 
f 5276/2824/4544 5277/2825/4545 5296/2844/4561 5295/2843/4560 
f 5279/2827/4547 5278/2826/4546 5297/2845/4562 5298/2846/4563 
f 5278/2826/4546 5280/2828/4548 5299/2847/4564 5297/2845/4562 
f 5280/2828/4548 5281/2829/4549 5300/2848/4565 5299/2847/4564 
f 5281/2829/4549 5282/2830/4550 5301/2849/4566 5300/2848/4565 
f 5284/2832/4551 5283/2831/4551 5302/2850/4567 5303/2851/4567 
f 5286/2834/4553 5285/2833/4552 5304/2852/4568 5305/2853/4569 
f 5288/2836/4555 5287/2835/4554 5306/2854/4570 5307/2855/4571 
f 5287/2835/4554 5289/2837/4556 5308/2856/4572 5306/2854/4570 
f 5289/2837/4556 5290/2838/4557 5309/2857/4573 5308/2856/4572 
f 5292/2840/2 5291/2839/2 5310/2858/48 5311/2859/48 
f 5294/2842/4559 5293/2841/4558 5312/2860/4574 5313/2861/4575 
f 5293/2841/4558 5295/2843/4560 5314/2862/4576 5312/2860/4574 
f 5295/2843/4560 5296/2844/4561 5315/2863/4577 5314/2862/4576 
f 5298/2846/4563 5297/2845/4562 5316/2864/4578 5317/2865/4579 
f 5297/2845/4562 5299/2847/4564 5318/2866/4580 5316/2864/4578 
f 5299/2847/4564 5300/2848/4565 5319/2867/4581 5318/2866/4580 
f 5300/2848/4565 5301/2849/4566 5320/2868/4582 5319/2867/4581 
f 5303/2851/4567 5302/2850/4567 5321/2869/4583 5322/2870/4583 
f 5305/2853/4569 5304/2852/4568 5323/2871/4584 5324/2872/4585 
f 5307/2855/4571 5306/2854/4570 5325/2873/4586 5326/2874/4587 
f 5306/2854/4570 5308/2856/4572 5327/2875/4588 5325/2873/4586 
f 5308/2856/4572 5309/2857/4573 5328/2876/4589 5327/2875/4588 
f 5311/2859/48 5310/2858/48 5329/2877/54 5330/2878/54 
f 5313/2861/4575 5312/2860/4574 5331/2879/4590 5332/2880/4591 
f 5312/2860/4574 5314/2862/4576 5333/2881/4592 5331/2879/4590 
f 5314/2862/4576 5315/2863/4577 5334/2882/4593 5333/2881/4592 
f 5317/2865/4579 5316/2864/4578 5335/2883/4594 5336/2884/1805 
f 5316/2864/4578 5318/2866/4580 5337/2885/4595 5335/2883/4594 
f 5318/2866/4580 5319/2867/4581 5338/2886/4596 5337/2885/4595 
f 5319/2867/4581 5320/2868/4582 5339/2887/4597 5338/2886/4596 
f 5322/2870/4583 5321/2869/4583 5340/2888/4598 5341/2889/4598 
f 5324/2872/4585 5323/2871/4584 5342/2890/4599 5343/2891/4600 
f 5326/2874/4587 5325/2873/4586 5344/2892/4601 5345/2893/4602 
f 5325/2873/4586 5327/2875/4588 5346/2894/4603 5344/2892/4601 
f 5327/2875/4588 5328/2876/4589 5347/2895/4604 5346/2894/4603 
f 5330/2878/54 5329/2877/54 5348/2896/84 5349/2897/84 
f 5332/2880/4591 5331/2879/4590 5350/2898/4605 5351/2899/4606 
f 5331/2879/4590 5333/2881/4592 5352/2900/4607 5350/2898/4605 
f 5333/2881/4592 5334/2882/4593 5353/2901/4608 5352/2900/4607 
f 5336/2884/1805 5335/2883/4594 5354/2902/4609 5355/2903/4610 
f 5335/2883/4594 5337/2885/4595 5356/2904/4611 5354/2902/4609 
f 5337/2885/4595 5338/2886/4596 5357/2905/4612 5356/2904/4611 
f 5338/2886/4596 5339/2887/4597 5358/2906/4613 5357/2905/4612 
f 5341/2889/4598 5340/2888/4598 5359/2907/4614 5360/2908/4614 
f 5343/2891/4600 5342/2890/4599 5361/2909/4615 5362/2910/4616 
f 5345/2893/4602 5344/2892/4601 5363/2911/4617 5364/2912/4618 
f 5344/2892/4601 5346/2894/4603 5365/2913/4619 5363/2911/4617 
f 5346/2894/4603 5347/2895/4604 5366/2914/4620 5365/2913/4619 
f 5349/2897/84 5348/2896/84 5367/2915/102 5368/2916/102 
f 5351/2899/4606 5350/2898/4605 5369/2917/4621 5370/2918/4622 
f 5350/2898/4605 5352/2900/4607 5371/2919/4623 5369/2917/4621 
f 5352/2900/4607 5353/2901/4608 5372/2920/4624 5371/2919/4623 
f 5355/2903/4610 5354/2902/4609 5373/2921/4625 5374/2922/4626 
f 5354/2902/4609 5356/2904/4611 5375/2923/4627 5373/2921/4625 
f 5356/2904/4611 5357/2905/4612 5376/2924/4628 5375/2923/4627 
f 5357/2905/4612 5358/2906/4613 5377/2925/4629 5376/2924/4628 
f 5360/2908/4614 5359/2907/4614 5378/2926/4630 5379/2927/4630 
f 5362/2910/4616 5361/2909/4615 5380/2928/4631 5381/2929/4632 
f 5364/2912/4618 5363/2911/4617 5382/2930/4633 5383/2931/4634 
f 5363/2911/4617 5365/2913/4619 5384/2932/4635 5382/2930/4633 
f 5365/2913/4619 5366/2914/4620 5385/2933/4636 5384/2932/4635 
f 5368/2916/102 5367/2915/102 5386/2934/120 5387/2935/120 
f 5370/2918/4622 5369/2917/4621 5388/2936/4637 5389/2937/4638 
f 5369/2917/4621 5371/2919/4623 5390/2938/4639 5388/2936/4637 
f 5371/2919/4623 5372/2920/4624 5391/2939/4640 5390/2938/4639 
f 5374/2922/4626 5373/2921/4625 5392/2940/4641 5393/2941/4642 
f 5373/2921/4625 5375/2923/4627 5394/2942/4643 5392/2940/4641 
f 5375/2923/4627 5376/2924/4628 5395/2943/4644 5394/2942/4643 
f 5376/2924/4628 5377/2925/4629 5396/2944/4645 5395/2943/4644 
f 5379/2927/4630 5378/2926/4630 5397/2945/4646 5398/2946/4646 
f 5381/2929/4632 5380/2928/4631 5399/2947/4647 5400/2948/4648 
f 5383/2931/4634 5382/2930/4633 5401/2949/4649 5402/2950/4650 
f 5382/2930/4633 5384/2932/4635 5403/2951/4651 5401/2949/4649 
f 5384/2932/4635 5385/2933/4636 5404/2952/4652 5403/2951/4651 
f 5387/2935/120 5386/2934/120 5405/2953/126 5406/2954/126 
f 5389/2937/4638 5388/2936/4637 5407/2955/4653 5408/2956/4654 
f 5388/2936/4637 5390/2938/4639 5409/2957/4655 5407/2955/4653 
f 5390/2938/4639 5391/2939/4640 5410/2958/4656 5409/2957/4655 
f 5393/2941/4642 5392/2940/4641 5411/2959/4657 5412/2960/4658 
f 5392/2940/4641 5394/2942/4643 5413/2961/4659 5411/2959/4657 
f 5394/2942/4643 5395/2943/4644 5414/2962/4660 5413/2961/4659 
f 5395/2943/4644 5396/2944/4645 5415/2963/4661 5414/2962/4660 
f 5398/2946/4646 5397/2945/4646 5416/2964/4662 5417/2965/4663 
f 5400/2948/4648 5399/2947/4647 5418/2966/4664 5419/2967/4665 
f 5402/2950/4650 5401/2949/4649 5420/2968/4666 5421/2969/4667 
f 5401/2949/4649 5403/2951/4651 5422/2970/4668 5420/2968/4666 
f 5403/2951/4651 5404/2952/4652 5423/2971/4669 5422/2970/4668 
f 5406/2954/126 5405/2953/126 5424/2972/159 5425/2973/158 
f 5408/2956/4654 5407/2955/4653 5426/2974/4670 5427/2975/4671 
f 5407/2955/4653 5409/2957/4655 5428/2976/4672 5426/2974/4670 
f 5409/2957/4655 5410/2958/4656 5429/2977/4673 5428/2976/4672 
f 5412/2960/4658 5411/2959/4657 5430/2978/4674 5431/2979/4675 
f 5411/2959/4657 5413/2961/4659 5432/2980/4676 5430/2978/4674 
f 5413/2961/4659 5414/2962/4660 5433/2981/4677 5432/2980/4676 
f 5414/2962/4660 5415/2963/4661 5434/2982/4678 5433/2981/4677 
f 5417/2965/4663 5416/2964/4662 5435/2983/4679 5436/2984/4679 
f 5419/2967/4665 5418/2966/4664 5437/2985/4680 5438/2986/4681 
f 5421/2969/4667 5420/2968/4666 5439/2987/4682 5440/2988/4683 
f 5420/2968/4666 5422/2970/4668 5441/2989/4684 5439/2987/4682 
f 5422/2970/4668 5423/2971/4669 5442/2990/4685 5441/2989/4684 
f 5425/2973/158 5424/2972/159 5443/2991/165 5444/2992/165 
f 5427/2975/4671 5426/2974/4670 5445/2993/4686 5446/2994/4687 
f 5426/2974/4670 5428/2976/4672 5447/2995/4688 5445/2993/4686 
f 5428/2976/4672 5429/2977/4673 5448/2996/4689 5447/2995/4688 
f 5431/2979/4675 5430/2978/4674 5449/2997/4690 5450/2998/4691 
f 5430/2978/4674 5432/2980/4676 5451/2999/4692 5449/2997/4690 
f 5432/2980/4676 5433/2981/4677 5452/3000/4693 5451/2999/4692 
f 5433/2981/4677 5434/2982/4678 5453/3001/4694 5452/3000/4693 
f 5436/2984/4679 5435/2983/4679 5454/3002/4695 5455/3003/4695 
f 5438/2986/4681 5437/2985/4680 5456/3004/4696 5457/3005/4697 
f 5440/2988/4683 5439/2987/4682 5458/3006/4698 5459/3007/4699 
f 5439/2987/4682 5441/2989/4684 5460/3008/4700 5458/3006/4698 
f 5441/2989/4684 5442/2990/4685 5461/3009/4701 5460/3008/4700 
f 5444/2992/165 5443/2991/165 5462/3010/4702 5463/3011/4702 
f 5446/2994/4687 5445/2993/4686 5464/3012/4703 5465/3013/4704 
f 5445/2993/4686 5447/2995/4688 5466/3014/4705 5464/3012/4703 
f 5447/2995/4688 5448/2996/4689 5467/3015/4706 5466/3014/4705 
f 5450/2998/4691 5449/2997/4690 5468/3016/4707 5469/3017/4708 
f 5449/2997/4690 5451/2999/4692 5470/3018/4709 5468/3016/4707 
f 5451/2999/4692 5452/3000/4693 5471/3019/4710 5470/3018/4709 
f 5452/3000/4693 5453/3001/4694 5472/3020/4711 5471/3019/4710 
f 5455/3003/4695 5454/3002/4695 5473/3021/4712 5474/3022/4712 
f 5457/3005/4697 5456/3004/4696 5475/3023/4713 5476/3024/4714 
f 5459/3007/4699 5458/3006/4698 5477/3025/4715 5478/3026/4716 
f 5458/3006/4698 5460/3008/4700 5479/3027/4717 5477/3025/4715 
f 5460/3008/4700 5461/3009/4701 5480/3028/4718 5479/3027/4717 
f 5463/3011/4702 5462/3010/4702 5481/3029/211 5482/3030/211 
f 5465/3013/4704 5464/3012/4703 5483/3031/4719 5484/3032/4720 
f 5464/3012/4703 5466/3014/4705 5485/3033/4721 5483/3031/4719 
f 5466/3014/4705 5467/3015/4706 5486/3034/4722 5485/3033/4721 
f 5469/3017/4708 5468/3016/4707 5487/3035/4723 5488/3036/1918 
f 5468/3016/4707 5470/3018/4709 5489/3037/4724 5487/3035/4723 
f 5470/3018/4709 5471/3019/4710 5490/3038/4725 5489/3037/4724 
f 5471/3019/4710 5472/3020/4711 5491/3039/4726 5490/3038/4725 
f 5474/3022/4712 5473/3021/4712 5492/3040/4727 5493/3041/4727 
f 5476/3024/4714 5475/3023/4713 5494/3042/4728 5495/3043/4729 
f 5478/3026/4716 5477/3025/4715 5496/3044/4730 5497/3045/4731 
f 5477/3025/4715 5479/3027/4717 5498/3046/4732 5496/3044/4730 
f 5479/3027/4717 5480/3028/4718 5499/3047/4733 5498/3046/4732 
f 5482/3030/211 5481/3029/211 5500/3048/217 5501/3049/217 
f 5484/3032/4720 5483/3031/4719 5502/3050/4734 5503/3051/4735 
f 5483/3031/4719 5485/3033/4721 5504/3052/4736 5502/3050/4734 
f 5485/3033/4721 5486/3034/4722 5505/3053/4737 5504/3052/4736 
f 5488/3036/1918 5487/3035/4723 5506/3054/4738 5507/3055/4739 
f 5487/3035/4723 5489/3037/4724 5508/3056/4740 5506/3054/4738 
f 5489/3037/4724 5490/3038/4725 5509/3057/4741 5508/3056/4740 
f 5490/3038/4725 5491/3039/4726 5510/3058/4742 5509/3057/4741 
f 5493/3041/4727 5492/3040/4727 5511/3059/4743 5512/3060/4743 
f 5495/3043/4729 5494/3042/4728 5513/3061/4744 5514/3062/4745 
f 5497/3045/4731 5496/3044/4730 5515/3063/4746 5516/3064/4747 
f 5496/3044/4730 5498/3046/4732 5517/3065/4748 5515/3063/4746 
f 5498/3046/4732 5499/3047/4733 5518/3066/4749 5517/3065/4748 
f 5501/3049/217 5500/3048/217 5519/3067/234 5520/3068/234 
f 5503/3051/4735 5502/3050/4734 5521/3069/4750 5522/3070/4751 
f 5502/3050/4734 5504/3052/4736 5523/3071/4752 5521/3069/4750 
f 5504/3052/4736 5505/3053/4737 5524/3072/4753 5523/3071/4752 
f 5507/3055/4739 5506/3054/4738 5525/3073/4754 5526/3074/4755 
f 5506/3054/4738 5508/3056/4740 5527/3075/4756 5525/3073/4754 
f 5508/3056/4740 5509/3057/4741 5528/3076/4757 5527/3075/4756 
f 5509/3057/4741 5510/3058/4742 5529/3077/4758 5528/3076/4757 
f 5512/3060/4743 5511/3059/4743 5530/3078/4759 5531/3079/4759 
f 5514/3062/4745 5513/3061/4744 5532/3080/4760 5533/3081/4761 
f 5516/3064/4747 5515/3063/4746 5534/3082/4762 5535/3083/4763 
f 5515/3063/4746 5517/3065/4748 5536/3084/4764 5534/3082/4762 
f 5517/3065/4748 5518/3066/4749 5537/3085/4765 5536/3084/4764 
f 5520/3068/234 5519/3067/234 5538/3086/251 5539/3087/251 
f 5522/3070/4751 5521/3069/4750 5540/3088/4766 5541/3089/4767 
f 5521/3069/4750 5523/3071/4752 5542/3090/4768 5540/3088/4766 
f 5523/3071/4752 5524/3072/4753 5543/3091/4769 5542/3090/4768 
f 5526/3074/4755 5525/3073/4754 5544/3092/4770 5545/3093/4771 
f 5525/3073/4754 5527/3075/4756 5546/3094/4772 5544/3092/4770 
f 5527/3075/4756 5528/3076/4757 5547/3095/4773 5546/3094/4772 
f 5528/3076/4757 5529/3077/4758 5548/3096/4774 5547/3095/4773 
f 5531/3079/4759 5530/3078/4759 5549/3097/4775 5550/3098/4776 
f 5533/3081/4761 5532/3080/4760 5551/3099/4777 5552/3100/4778 
f 5535/3083/4763 5534/3082/4762 5553/3101/4779 5554/3102/4780 
f 5534/3082/4762 5536/3084/4764 5555/3103/4781 5553/3101/4779 
f 5536/3084/4764 5537/3085/4765 5556/3104/4782 5555/3103/4781 
f 5539/3087/251 5538/3086/251 5557/3105/4783 5558/3106/4783 
f 5541/3089/4767 5540/3088/4766 5559/3107/4784 5560/3108/4785 
f 5540/3088/4766 5542/3090/4768 5561/3109/4786 5559/3107/4784 
f 5542/3090/4768 5543/3091/4769 5562/3110/4787 5561/3109/4786 
f 5545/3093/4771 5544/3092/4770 5563/3111/4788 5564/3112/1975 
f 5544/3092/4770 5546/3094/4772 5565/3113/4789 5563/3111/4788 
f 5546/3094/4772 5547/3095/4773 5566/3114/4790 5565/3113/4789 
f 5547/3095/4773 5548/3096/4774 5567/3115/4791 5566/3114/4790 
f 5550/3098/4776 5549/3097/4775 5568/3116/4792 5569/3117/4793 
f 5552/3100/4778 5551/3099/4777 5570/3118/4794 5571/3119/4795 
f 5554/3102/4780 5553/3101/4779 5572/3120/4796 5573/3121/4797 
f 5553/3101/4779 5555/3103/4781 5574/3122/4798 5572/3120/4796 
f 5555/3103/4781 5556/3104/4782 5575/3123/4799 5574/3122/4798 
f 5558/3106/4783 5557/3105/4783 5576/3124/2259 5577/3125/2259 
f 5560/3108/4785 5559/3107/4784 5578/3126/4800 5579/3127/4801 
f 5559/3107/4784 5561/3109/4786 5580/3128/4802 5578/3126/4800 
f 5561/3109/4786 5562/3110/4787 5581/3129/4803 5580/3128/4802 
f 5564/3112/1975 5563/3111/4788 5582/3130/4804 5583/3131/4805 
f 5563/3111/4788 5565/3113/4789 5584/3132/4806 5582/3130/4804 
f 5565/3113/4789 5566/3114/4790 5585/3133/4807 5584/3132/4806 
f 5566/3114/4790 5567/3115/4791 5586/3134/4808 5585/3133/4807 
f 5569/3117/4793 5568/3116/4792 5587/3135/4809 5588/3136/4809 
f 5571/3119/4795 5570/3118/4794 5589/3137/4810 5590/3138/4811 
f 5573/3121/4797 5572/3120/4796 5591/3139/4812 5592/3140/4813 
f 5572/3120/4796 5574/3122/4798 5593/3141/4814 5591/3139/4812 
f 5574/3122/4798 5575/3123/4799 5594/3142/4815 5593/3141/4814 
f 5577/3125/2259 5576/3124/2259 5595/3143/317 5596/3144/317 
f 5579/3127/4801 5578/3126/4800 5597/3145/4816 5598/3146/4817 
f 5578/3126/4800 5580/3128/4802 5599/3147/4818 5597/3145/4816 
f 5580/3128/4802 5581/3129/4803 5600/3148/4819 5599/3147/4818 
f 5583/3131/4805 5582/3130/4804 5601/3149/4820 5602/3150/4821 
f 5582/3130/4804 5584/3132/4806 5603/3151/4822 5601/3149/4820 
f 5584/3132/4806 5585/3133/4807 5604/3152/4823 5603/3151/4822 
f 5585/3133/4807 5586/3134/4808 5605/3153/4824 5604/3152/4823 
f 5588/3136/4809 5587/3135/4809 5606/3154/4825 5607/3155/4825 
f 5590/3138/4811 5589/3137/4810 5608/3156/4826 5609/3157/4827 
f 5592/3140/4813 5591/3139/4812 5610/3158/4828 5611/3159/4829 
f 5591/3139/4812 5593/3141/4814 5612/3160/4830 5610/3158/4828 
f 5593/3141/4814 5594/3142/4815 5613/3161/4831 5612/3160/4830 
f 5596/3144/317 5595/3143/317 5614/3162/336 5615/3163/336 
f 5598/3146/4817 5597/3145/4816 5616/3164/4832 5617/3165/4833 
f 5597/3145/4816 5599/3147/4818 5618/3166/4834 5616/3164/4832 
f 5599/3147/4818 5600/3148/4819 5619/3167/4835 5618/3166/4834 
f 5602/3150/4821 5601/3149/4820 5620/3168/4836 5621/3169/4837 
f 5601/3149/4820 5603/3151/4822 5622/3170/4838 5620/3168/4836 
f 5603/3151/4822 5604/3152/4823 5623/3171/4839 5622/3170/4838 
f 5604/3152/4823 5605/3153/4824 5624/3172/4840 5623/3171/4839 
f 5607/3155/4825 5606/3154/4825 5625/3173/4841 5626/3174/4841 
f 5609/3157/4827 5608/3156/4826 5627/3175/4842 5628/3176/4843 
f 5611/3159/4829 5610/3158/4828 5629/3177/4844 5630/3178/4845 
f 5610/3158/4828 5612/3160/4830 5631/3179/4846 5629/3177/4844 
f 5612/3160/4830 5613/3161/4831 5632/3180/4847 5631/3179/4846 
f 5615/3163/336 5614/3162/336 5633/3181/354 5634/3182/354 
f 5617/3165/4833 5616/3164/4832 5635/3183/4848 5636/3184/4849 
f 5616/3164/4832 5618/3166/4834 5637/3185/4850 5635/3183/4848 
f 5618/3166/4834 5619/3167/4835 5638/3186/4851 5637/3185/4850 
f 5621/3169/4837 5620/3168/4836 5639/3187/4852 5640/3188/2031 
f 5620/3168/4836 5622/3170/4838 5641/3189/4853 5639/3187/4852 
f 5622/3170/4838 5623/3171/4839 5642/3190/4854 5641/3189/4853 
f 5623/3171/4839 5624/3172/4840 5643/3191/4855 5642/3190/4854 
f 5626/3174/4841 5625/3173/4841 5644/3192/4856 5645/3193/4856 
f 5628/3176/4843 5627/3175/4842 5646/3194/4857 5647/3195/4858 
f 5630/3178/4845 5629/3177/4844 5648/3196/4859 5649/3197/4860 
f 5629/3177/4844 5631/3179/4846 5650/3198/4861 5648/3196/4859 
f 5631/3179/4846 5632/3180/4847 5651/3199/4862 5650/3198/4861 
f 5634/3182/354 5633/3181/354 5652/3200/361 5653/3201/361 
f 5636/3184/4849 5635/3183/4848 5654/3202/4863 5655/3203/4864 
f 5635/3183/4848 5637/3185/4850 5656/3204/4865 5654/3202/4863 
f 5637/3185/4850 5638/3186/4851 5657/3205/4866 5656/3204/4865 
f 5640/3188/2031 5639/3187/4852 5658/3206/4867 5659/3207/4868 
f 5639/3187/4852 5641/3189/4853 5660/3208/4869 5658/3206/4867 
f 5641/3189/4853 5642/3190/4854 5661/3209/4870 5660/3208/4869 
f 5642/3190/4854 5643/3191/4855 5662/3210/4871 5661/3209/4870 
f 5645/3193/4856 5644/3192/4856 5663/3211/4872 5664/3212/4872 
f 5647/3195/4858 5646/3194/4857 5665/3213/4873 5666/3214/4874 
f 5649/3197/4860 5648/3196/4859 5667/3215/4875 5668/3216/4876 
f 5648/3196/4859 5650/3198/4861 5669/3217/4877 5667/3215/4875 
f 5650/3198/4861 5651/3199/4862 5670/3218/4878 5669/3217/4877 
f 5653/3201/361 5652/3200/361 5671/3219/378 5672/3220/378 
f 5655/3203/4864 5654/3202/4863 5673/3221/4879 5674/3222/4880 
f 5654/3202/4863 5656/3204/4865 5675/3223/4881 5673/3221/4879 
f 5656/3204/4865 5657/3205/4866 5676/3224/4882 5675/3223/4881 
f 5659/3207/4868 5658/3206/4867 5677/3225/4883 5678/3226/4884 
f 5658/3206/4867 5660/3208/4869 5679/3227/4885 5677/3225/4883 
f 5660/3208/4869 5661/3209/4870 5680/3228/4886 5679/3227/4885 
f 5661/3209/4870 5662/3210/4871 5681/3229/4887 5680/3228/4886 
f 5664/3212/4872 5663/3211/4872 5682/3230/4888 5683/3231/4888 
f 5666/3214/4874 5665/3213/4873 5684/3232/4889 5685/3233/4890 
f 5668/3216/4876 5667/3215/4875 5686/3234/4891 5687/3235/4892 
f 5667/3215/4875 5669/3217/4877 5688/3236/4893 5686/3234/4891 
f 5669/3217/4877 5670/3218/4878 5689/3237/4894 5688/3236/4893 
f 5672/3220/378 5671/3219/378 5690/3238/408 5691/3239/408 
f 5674/3222/4880 5673/3221/4879 5692/3240/4895 5693/3241/4896 
f 5673/3221/4879 5675/3223/4881 5694/3242/4897 5692/3240/4895 
f 5675/3223/4881 5676/3224/4882 5695/3243/4898 5694/3242/4897 
f 5678/3226/4884 5677/3225/4883 5696/3244/4899 5697/3245/4900 
f 5677/3225/4883 5679/3227/4885 5698/3246/4901 5696/3244/4899 
f 5679/3227/4885 5680/3228/4886 5699/3247/4902 5698/3246/4901 
f 5680/3228/4886 5681/3229/4887 5700/3248/4903 5699/3247/4902 
f 5683/3231/4888 5682/3230/4888 5701/3249/4904 5702/3250/4904 
f 5685/3233/4890 5684/3232/4889 5703/3251/4905 5704/3252/4906 
f 5687/3235/4892 5686/3234/4891 5705/3253/4907 5706/3254/4908 
f 5686/3234/4891 5688/3236/4893 5707/3255/4909 5705/3253/4907 
f 5688/3236/4893 5689/3237/4894 5708/3256/4910 5707/3255/4909 
f 5691/3239/408 5690/3238/408 5709/3257/414 5710/3258/414 
f 5693/3241/4896 5692/3240/4895 5711/3259/4911 5712/3260/4912 
f 5692/3240/4895 5694/3242/4897 5713/3261/4913 5711/3259/4911 
f 5694/3242/4897 5695/3243/4898 5714/3262/4914 5713/3261/4913 
f 5697/3245/4900 5696/3244/4899 5108/2656/4400 5107/2655/1651 
f 5696/3244/4899 5698/3246/4901 5111/2659/4403 5108/2656/4400 
f 5698/3246/4901 5699/3247/4902 5113/2661/4405 5111/2659/4403 
f 5699/3247/4902 5700/3248/4903 5115/2663/4407 5113/2661/4405 
f 5702/3250/4904 5701/3249/4904 5118/2666/4410 5117/2665/4409 
f 5704/3252/4906 5703/3251/4905 5122/2670/4413 5121/2669/4412 
f 5706/3254/4908 5705/3253/4907 5126/2674/4417 5125/2673/4416 
f 5705/3253/4907 5707/3255/4909 5129/2677/4420 5126/2674/4417 
f 5707/3255/4909 5708/3256/4910 5131/2679/4422 5129/2677/4420 
f 5710/3258/414 5709/3257/414 5134/2682/432 5133/2681/432 
f 5712/3260/4912 5711/3259/4911 5138/2686/4425 5137/2685/4424 
f 5711/3259/4911 5713/3261/4913 5141/2689/4428 5138/2686/4425 
f 5713/3261/4913 5714/3262/4914 5143/2691/4430 5141/2689/4428 
f 5715/3263/573 5716/3264/573 5717/3265/573 5718/3266/573 5719/3267/573 5720/3268/573 5721/3269/573 5722/3270/573 5723/3271/573 5724/3272/573 5725/3273/573 5726/3274/573 5727/3275/573 5728/3276/573 5729/3277/573 5730/3278/573 5731/3279/573 5732/3280/573 5733/3281/573 5734/3282/573 5735/3283/573 5736/3284/573 5737/3285/573 5738/3286/573 5739/3287/573 5740/3288/573 5741/3289/573 5742/3290/573 5743/3291/573 5744/3292/573 5745/3293/573 5746/3294/573 
f 5144/2692/4431 5143/2691/4430 5747/3295/4915 5748/3296/4916 
f 5143/2691/4430 5714/3262/4914 5749/3297/4915 5747/3295/4915 
f 5714/3262/4914 5695/3243/4898 5750/3298/4917 5749/3297/4915 
f 5695/3243/4898 5676/3224/4882 5751/3299/4918 5750/3298/4917 
f 5676/3224/4882 5657/3205/4866 5752/3300/4918 5751/3299/4918 
f 5657/3205/4866 5638/3186/4851 5753/3301/4918 5752/3300/4918 
f 5638/3186/4851 5619/3167/4835 5754/3302/4919 5753/3301/4918 
f 5619/3167/4835 5600/3148/4819 5755/3303/4920 5754/3302/4919 
f 5600/3148/4819 5581/3129/4803 5756/3304/4920 5755/3303/4920 
f 5581/3129/4803 5562/3110/4787 5757/3305/4921 5756/3304/4920 
f 5562/3110/4787 5543/3091/4769 5758/3306/4922 5757/3305/4921 
f 5543/3091/4769 5524/3072/4753 5759/3307/4923 5758/3306/4922 
f 5524/3072/4753 5505/3053/4737 5760/3308/4923 5759/3307/4923 
f 5505/3053/4737 5486/3034/4722 5761/3309/4923 5760/3308/4923 
f 5486/3034/4722 5467/3015/4706 5762/3310/4924 5761/3309/4923 
f 5467/3015/4706 5448/2996/4689 5763/3311/4925 5762/3310/4924 
f 5448/2996/4689 5429/2977/4673 5764/3312/4925 5763/3311/4925 
f 5429/2977/4673 5410/2958/4656 5765/3313/4926 5764/3312/4925 
f 5410/2958/4656 5391/2939/4640 5766/3314/4927 5765/3313/4926 
f 5391/2939/4640 5372/2920/4624 5767/3315/4928 5766/3314/4927 
f 5372/2920/4624 5353/2901/4608 5768/3316/4928 5767/3315/4928 
f 5353/2901/4608 5334/2882/4593 5769/3317/4928 5768/3316/4928 
f 5334/2882/4593 5315/2863/4577 5770/3318/4929 5769/3317/4928 
f 5315/2863/4577 5296/2844/4561 5771/3319/4930 5770/3318/4929 
f 5296/2844/4561 5277/2825/4545 5772/3320/4931 5771/3319/4930 
f 5277/2825/4545 5258/2806/4529 5773/3321/4931 5772/3320/4931 
f 5258/2806/4529 5239/2787/4512 5774/3322/4932 5773/3321/4931 
f 5239/2787/4512 5220/2768/4495 5775/3323/4933 5774/3322/4932 
f 5220/2768/4495 5201/2749/4478 5776/3324/4933 5775/3323/4933 
f 5201/2749/4478 5182/2730/4463 5777/3325/4933 5776/3324/4933 
f 5182/2730/4463 5163/2711/4447 5778/3326/4934 5777/3325/4933 
f 5163/2711/4447 5144/2692/4431 5748/3296/4916 5778/3326/4934 
f 5779/3327/4935 5780/3328/4936 5781/3329/4937 5782/3330/4938 
f 5783/3331/4939 5781/3329/4937 5780/3328/4936 5784/3332/4940 
f 5782/3330/4938 5781/3329/4937 5785/3333/4941 5786/3334/4942 
f 5787/3335/4943 5785/3333/4941 5781/3329/4937 5783/3331/4939 
f 5786/3334/4942 5785/3333/4941 5788/3336/4944 5789/3337/4945 
f 5790/3338/4946 5788/3336/4944 5785/3333/4941 5787/3335/4943 
f 5789/3337/4945 5788/3336/4944 5791/3339/4947 5792/3340/4948 
f 5793/3341/4949 5791/3339/4947 5788/3336/4944 5790/3338/4946 
f 5792/3340/4948 5791/3339/4947 5794/3342/4950 5795/3343/4951 
f 5796/3344/4952 5794/3342/4950 5791/3339/4947 5793/3341/4949 
f 5795/3343/4951 5794/3342/4950 5797/3345/4953 5798/3346/4954 
f 5799/3347/4955 5797/3345/4953 5794/3342/4950 5796/3344/4952 
f 5798/3346/4954 5797/3345/4953 5800/3348/4956 5801/3349/4957 
f 5802/3350/4958 5800/3348/4956 5797/3345/4953 5799/3347/4955 
f 5801/3349/4957 5800/3348/4956 5803/3351/4959 5804/3352/4960 
f 5805/3353/4961 5803/3351/4959 5800/3348/4956 5802/3350/4958 
f 5804/3352/4960 5803/3351/4959 5806/3354/4962 5807/3355/4963 
f 5808/3356/4964 5806/3354/4962 5803/3351/4959 5805/3353/4961 
f 5807/3355/4963 5806/3354/4962 5809/3357/4965 5810/3358/4966 
f 5811/3359/4967 5809/3357/4965 5806/3354/4962 5808/3356/4964 
f 5810/3358/4966 5809/3357/4965 5812/3360/4968 5813/3361/4969 
f 5814/3362/4970 5812/3360/4968 5809/3357/4965 5811/3359/4967 
f 5813/3361/4969 5812/3360/4968 5815/3363/4971 5816/3364/4972 
f 5817/3365/4973 5815/3363/4971 5812/3360/4968 5814/3362/4970 
f 5816/3364/4972 5815/3363/4971 5818/3366/4974 5819/3367/4975 
f 5820/3368/4976 5818/3366/4974 5815/3363/4971 5817/3365/4973 
f 5819/3367/4975 5818/3366/4974 5821/3369/4977 5822/3370/4978 
f 5823/3371/4979 5821/3369/4977 5818/3366/4974 5820/3368/4976 
f 5822/3370/4978 5821/3369/4977 5824/3372/4980 5825/3373/4981 
f 5826/3374/4982 5824/3372/4980 5821/3369/4977 5823/3371/4979 
f 5825/3373/4981 5824/3372/4980 5827/3375/4983 5828/3376/4984 
f 5829/3377/4985 5827/3375/4983 5824/3372/4980 5826/3374/4982 
f 5828/3376/4984 5827/3375/4983 5830/3378/4986 5831/3379/4987 
f 5832/3380/4988 5830/3378/4986 5827/3375/4983 5829/3377/4985 
f 5831/3379/4987 5830/3378/4986 5833/3381/4989 5834/3382/4990 
f 5835/3383/4991 5833/3381/4989 5830/3378/4986 5832/3380/4988 
f 5834/3382/4990 5833/3381/4989 5836/3384/4992 5837/3385/4993 
f 5838/3386/4994 5836/3384/4992 5833/3381/4989 5835/3383/4991 
f 5837/3385/4993 5836/3384/4992 5839/3387/4995 5840/3388/4996 
f 5841/3389/4997 5839/3387/4995 5836/3384/4992 5838/3386/4994 
f 5840/3388/4996 5839/3387/4995 5842/3390/4998 5843/3391/4999 
f 5844/3392/5000 5842/3390/4998 5839/3387/4995 5841/3389/4997 
f 5843/3391/4999 5842/3390/4998 5845/3393/5001 5846/3394/5002 
f 5847/3395/5003 5845/3393/5001 5842/3390/4998 5844/3392/5000 
f 5846/3394/5002 5845/3393/5001 5848/3396/5004 5849/3397/5005 
f 5850/3398/5006 5848/3396/5004 5845/3393/5001 5847/3395/5003 
f 5849/3397/5005 5848/3396/5004 5851/3399/5007 5852/3400/5008 
f 5853/3401/5009 5851/3399/5007 5848/3396/5004 5850/3398/5006 
f 5852/3400/5008 5851/3399/5007 5854/3402/5010 5855/3403/5011 
f 5856/3404/5012 5854/3402/5010 5851/3399/5007 5853/3401/5009 
f 5855/3403/5011 5854/3402/5010 5857/3405/5013 5858/3406/5014 
f 5859/3407/5015 5857/3405/5013 5854/3402/5010 5856/3404/5012 
f 5858/3406/5014 5857/3405/5013 5860/3408/5016 5861/3409/5017 
f 5862/3410/5018 5860/3408/5016 5857/3405/5013 5859/3407/5015 
f 5861/3409/5017 5860/3408/5016 5863/3411/5019 5864/3412/5020 
f 5865/3413/5021 5863/3411/5019 5860/3408/5016 5862/3410/5018 
f 5864/3412/5020 5863/3411/5019 5866/3414/5022 5867/3415/5023 
f 5868/3416/5024 5866/3414/5022 5863/3411/5019 5865/3413/5021 
f 5867/3415/5023 5866/3414/5022 5869/3417/5025 5870/3418/5026 
f 5871/3419/5027 5869/3417/5025 5866/3414/5022 5868/3416/5024 
f 5870/3418/5026 5869/3417/5025 5872/3420/5028 5873/3421/5029 
f 5874/3422/5030 5872/3420/5028 5869/3417/5025 5871/3419/5027 
f 5873/3421/5029 5872/3420/5028 5780/3328/4936 5779/3327/4935 
f 5784/3332/4940 5780/3328/4936 5872/3420/5028 5874/3422/5030 
f 5116/2664/4408 5115/2663/4407 5117/2665/4409 5120/2668/4411 
f 5115/2663/4407 5700/3248/4903 5702/3250/4904 5117/2665/4409 
f 5700/3248/4903 5681/3229/4887 5683/3231/4888 5702/3250/4904 
f 5681/3229/4887 5662/3210/4871 5664/3212/4872 5683/3231/4888 
f 5662/3210/4871 5643/3191/4855 5645/3193/4856 5664/3212/4872 
f 5643/3191/4855 5624/3172/4840 5626/3174/4841 5645/3193/4856 
f 5624/3172/4840 5605/3153/4824 5607/3155/4825 5626/3174/4841 
f 5605/3153/4824 5586/3134/4808 5588/3136/4809 5607/3155/4825 
f 5586/3134/4808 5567/3115/4791 5569/3117/4793 5588/3136/4809 
f 5567/3115/4791 5548/3096/4774 5550/3098/4776 5569/3117/4793 
f 5548/3096/4774 5529/3077/4758 5531/3079/4759 5550/3098/4776 
f 5529/3077/4758 5510/3058/4742 5512/3060/4743 5531/3079/4759 
f 5510/3058/4742 5491/3039/4726 5493/3041/4727 5512/3060/4743 
f 5491/3039/4726 5472/3020/4711 5474/3022/4712 5493/3041/4727 
f 5472/3020/4711 5453/3001/4694 5455/3003/4695 5474/3022/4712 
f 5453/3001/4694 5434/2982/4678 5436/2984/4679 5455/3003/4695 
f 5434/2982/4678 5415/2963/4661 5417/2965/4663 5436/2984/4679 
f 5415/2963/4661 5396/2944/4645 5398/2946/4646 5417/2965/4663 
f 5396/2944/4645 5377/2925/4629 5379/2927/4630 5398/2946/4646 
f 5377/2925/4629 5358/2906/4613 5360/2908/4614 5379/2927/4630 
f 5358/2906/4613 5339/2887/4597 5341/2889/4598 5360/2908/4614 
f 5339/2887/4597 5320/2868/4582 5322/2870/4583 5341/2889/4598 
f 5320/2868/4582 5301/2849/4566 5303/2851/4567 5322/2870/4583 
f 5301/2849/4566 5282/2830/4550 5284/2832/4551 5303/2851/4567 
f 5282/2830/4550 5263/2811/4533 5265/2813/4535 5284/2832/4551 
f 5263/2811/4533 5244/2792/4517 5246/2794/4518 5265/2813/4535 
f 5244/2792/4517 5225/2773/4500 5227/2775/4501 5246/2794/4518 
f 5225/2773/4500 5206/2754/4483 5208/2756/4484 5227/2775/4501 
f 5206/2754/4483 5187/2735/4467 5189/2737/4468 5208/2756/4484 
f 5187/2735/4467 5168/2716/4452 5170/2718/4453 5189/2737/4468 
f 5168/2716/4452 5149/2697/4436 5151/2699/4437 5170/2718/4453 
f 5149/2697/4436 5116/2664/4408 5120/2668/4411 5151/2699/4437 
f 5779/3327/4935 5782/3330/4938 5119/2667/4411 5118/2666/4410 
f 5782/3330/4938 5786/3334/4942 5150/2698/4437 5119/2667/4411 
f 5786/3334/4942 5789/3337/4945 5169/2717/4453 5150/2698/4437 
f 5789/3337/4945 5792/3340/4948 5188/2736/4468 5169/2717/4453 
f 5792/3340/4948 5795/3343/4951 5207/2755/4484 5188/2736/4468 
f 5795/3343/4951 5798/3346/4954 5226/2774/4501 5207/2755/4484 
f 5798/3346/4954 5801/3349/4957 5245/2793/4518 5226/2774/4501 
f 5801/3349/4957 5804/3352/4960 5264/2812/4534 5245/2793/4518 
f 5804/3352/4960 5807/3355/4963 5283/2831/4551 5264/2812/4534 
f 5807/3355/4963 5810/3358/4966 5302/2850/4567 5283/2831/4551 
f 5810/3358/4966 5813/3361/4969 5321/2869/4583 5302/2850/4567 
f 5813/3361/4969 5816/3364/4972 5340/2888/4598 5321/2869/4583 
f 5816/3364/4972 5819/3367/4975 5359/2907/4614 5340/2888/4598 
f 5819/3367/4975 5822/3370/4978 5378/2926/4630 5359/2907/4614 
f 5822/3370/4978 5825/3373/4981 5397/2945/4646 5378/2926/4630 
f 5825/3373/4981 5828/3376/4984 5416/2964/4662 5397/2945/4646 
f 5828/3376/4984 5831/3379/4987 5435/2983/4679 5416/2964/4662 
f 5831/3379/4987 5834/3382/4990 5454/3002/4695 5435/2983/4679 
f 5834/3382/4990 5837/3385/4993 5473/3021/4712 5454/3002/4695 
f 5837/3385/4993 5840/3388/4996 5492/3040/4727 5473/3021/4712 
f 5840/3388/4996 5843/3391/4999 5511/3059/4743 5492/3040/4727 
f 5843/3391/4999 5846/3394/5002 5530/3078/4759 5511/3059/4743 
f 5846/3394/5002 5849/3397/5005 5549/3097/4775 5530/3078/4759 
f 5849/3397/5005 5852/3400/5008 5568/3116/4792 5549/3097/4775 
f 5852/3400/5008 5855/3403/5011 5587/3135/4809 5568/3116/4792 
f 5855/3403/5011 5858/3406/5014 5606/3154/4825 5587/3135/4809 
f 5858/3406/5014 5861/3409/5017 5625/3173/4841 5606/3154/4825 
f 5861/3409/5017 5864/3412/5020 5644/3192/4856 5625/3173/4841 
f 5864/3412/5020 5867/3415/5023 5663/3211/4872 5644/3192/4856 
f 5867/3415/5023 5870/3418/5026 5682/3230/4888 5663/3211/4872 
f 5870/3418/5026 5873/3421/5029 5701/3249/4904 5682/3230/4888 
f 5873/3421/5029 5779/3327/4935 5118/2666/4410 5701/3249/4904 
f 5125/2673/4416 5128/2676/4419 5123/2671/4414 5122/2670/4413 
f 5128/2676/4419 5155/2703/4441 5152/2700/4438 5123/2671/4414 
f 5155/2703/4441 5174/2722/4457 5171/2719/4454 5152/2700/4438 
f 5174/2722/4457 5193/2741/4472 5190/2738/4469 5171/2719/4454 
f 5193/2741/4472 5212/2760/4488 5209/2757/4485 5190/2738/4469 
f 5212/2760/4488 5231/2779/4505 5228/2776/4502 5209/2757/4485 
f 5231/2779/4505 5250/2798/4522 5247/2795/4519 5228/2776/4502 
f 5250/2798/4522 5269/2817/4539 5266/2814/4536 5247/2795/4519 
f 5269/2817/4539 5288/2836/4555 5285/2833/4552 5266/2814/4536 
f 5288/2836/4555 5307/2855/4571 5304/2852/4568 5285/2833/4552 
f 5307/2855/4571 5326/2874/4587 5323/2871/4584 5304/2852/4568 
f 5326/2874/4587 5345/2893/4602 5342/2890/4599 5323/2871/4584 
f 5345/2893/4602 5364/2912/4618 5361/2909/4615 5342/2890/4599 
f 5364/2912/4618 5383/2931/4634 5380/2928/4631 5361/2909/4615 
f 5383/2931/4634 5402/2950/4650 5399/2947/4647 5380/2928/4631 
f 5402/2950/4650 5421/2969/4667 5418/2966/4664 5399/2947/4647 
f 5421/2969/4667 5440/2988/4683 5437/2985/4680 5418/2966/4664 
f 5440/2988/4683 5459/3007/4699 5456/3004/4696 5437/2985/4680 
f 5459/3007/4699 5478/3026/4716 5475/3023/4713 5456/3004/4696 
f 5478/3026/4716 5497/3045/4731 5494/3042/4728 5475/3023/4713 
f 5497/3045/4731 5516/3064/4747 5513/3061/4744 5494/3042/4728 
f 5516/3064/4747 5535/3083/4763 5532/3080/4760 5513/3061/4744 
f 5535/3083/4763 5554/3102/4780 5551/3099/4777 5532/3080/4760 
f 5554/3102/4780 5573/3121/4797 5570/3118/4794 5551/3099/4777 
f 5573/3121/4797 5592/3140/4813 5589/3137/4810 5570/3118/4794 
f 5592/3140/4813 5611/3159/4829 5608/3156/4826 5589/3137/4810 
f 5611/3159/4829 5630/3178/4845 5627/3175/4842 5608/3156/4826 
f 5630/3178/4845 5649/3197/4860 5646/3194/4857 5627/3175/4842 
f 5649/3197/4860 5668/3216/4876 5665/3213/4873 5646/3194/4857 
f 5668/3216/4876 5687/3235/4892 5684/3232/4889 5665/3213/4873 
f 5687/3235/4892 5706/3254/4908 5703/3251/4905 5684/3232/4889 
f 5706/3254/4908 5125/2673/4416 5122/2670/4413 5703/3251/4905 
f 5783/3331/4939 5784/3332/4940 5121/2669/4412 5124/2672/4415 
f 5784/3332/4940 5874/3422/5030 5704/3252/4906 5121/2669/4412 
f 5874/3422/5030 5871/3419/5027 5685/3233/4890 5704/3252/4906 
f 5871/3419/5027 5868/3416/5024 5666/3214/4874 5685/3233/4890 
f 5868/3416/5024 5865/3413/5021 5647/3195/4858 5666/3214/4874 
f 5865/3413/5021 5862/3410/5018 5628/3176/4843 5647/3195/4858 
f 5862/3410/5018 5859/3407/5015 5609/3157/4827 5628/3176/4843 
f 5859/3407/5015 5856/3404/5012 5590/3138/4811 5609/3157/4827 
f 5856/3404/5012 5853/3401/5009 5571/3119/4795 5590/3138/4811 
f 5853/3401/5009 5850/3398/5006 5552/3100/4778 5571/3119/4795 
f 5850/3398/5006 5847/3395/5003 5533/3081/4761 5552/3100/4778 
f 5847/3395/5003 5844/3392/5000 5514/3062/4745 5533/3081/4761 
f 5844/3392/5000 5841/3389/4997 5495/3043/4729 5514/3062/4745 
f 5841/3389/4997 5838/3386/4994 5476/3024/4714 5495/3043/4729 
f 5838/3386/4994 5835/3383/4991 5457/3005/4697 5476/3024/4714 
f 5835/3383/4991 5832/3380/4988 5438/2986/4681 5457/3005/4697 
f 5832/3380/4988 5829/3377/4985 5419/2967/4665 5438/2986/4681 
f 5829/3377/4985 5826/3374/4982 5400/2948/4648 5419/2967/4665 
f 5826/3374/4982 5823/3371/4979 5381/2929/4632 5400/2948/4648 
f 5823/3371/4979 5820/3368/4976 5362/2910/4616 5381/2929/4632 
f 5820/3368/4976 5817/3365/4973 5343/2891/4600 5362/2910/4616 
f 5817/3365/4973 5814/3362/4970 5324/2872/4585 5343/2891/4600 
f 5814/3362/4970 5811/3359/4967 5305/2853/4569 5324/2872/4585 
f 5811/3359/4967 5808/3356/4964 5286/2834/4553 5305/2853/4569 
f 5808/3356/4964 5805/3353/4961 5267/2815/4537 5286/2834/4553 
f 5805/3353/4961 5802/3350/4958 5248/2796/4520 5267/2815/4537 
f 5802/3350/4958 5799/3347/4955 5229/2777/4503 5248/2796/4520 
f 5799/3347/4955 5796/3344/4952 5210/2758/4486 5229/2777/4503 
f 5796/3344/4952 5793/3341/4949 5191/2739/4470 5210/2758/4486 
f 5793/3341/4949 5790/3338/4946 5172/2720/4455 5191/2739/4470 
f 5790/3338/4946 5787/3335/4943 5153/2701/4439 5172/2720/4455 
f 5787/3335/4943 5783/3331/4939 5124/2672/4415 5153/2701/4439 
f 5132/2680/4423 5131/2679/4422 5133/2681/432 5136/2684/462 
f 5131/2679/4422 5708/3256/4910 5710/3258/414 5133/2681/432 
f 5708/3256/4910 5689/3237/4894 5691/3239/408 5710/3258/414 
f 5689/3237/4894 5670/3218/4878 5672/3220/378 5691/3239/408 
f 5670/3218/4878 5651/3199/4862 5653/3201/361 5672/3220/378 
f 5651/3199/4862 5632/3180/4847 5634/3182/354 5653/3201/361 
f 5632/3180/4847 5613/3161/4831 5615/3163/336 5634/3182/354 
f 5613/3161/4831 5594/3142/4815 5596/3144/317 5615/3163/336 
f 5594/3142/4815 5575/3123/4799 5577/3125/2259 5596/3144/317 
f 5575/3123/4799 5556/3104/4782 5558/3106/4783 5577/3125/2259 
f 5556/3104/4782 5537/3085/4765 5539/3087/251 5558/3106/4783 
f 5537/3085/4765 5518/3066/4749 5520/3068/234 5539/3087/251 
f 5518/3066/4749 5499/3047/4733 5501/3049/217 5520/3068/234 
f 5499/3047/4733 5480/3028/4718 5482/3030/211 5501/3049/217 
f 5480/3028/4718 5461/3009/4701 5463/3011/4702 5482/3030/211 
f 5461/3009/4701 5442/2990/4685 5444/2992/165 5463/3011/4702 
f 5442/2990/4685 5423/2971/4669 5425/2973/158 5444/2992/165 
f 5423/2971/4669 5404/2952/4652 5406/2954/126 5425/2973/158 
f 5404/2952/4652 5385/2933/4636 5387/2935/120 5406/2954/126 
f 5385/2933/4636 5366/2914/4620 5368/2916/102 5387/2935/120 
f 5366/2914/4620 5347/2895/4604 5349/2897/84 5368/2916/102 
f 5347/2895/4604 5328/2876/4589 5330/2878/54 5349/2897/84 
f 5328/2876/4589 5309/2857/4573 5311/2859/48 5330/2878/54 
f 5309/2857/4573 5290/2838/4557 5292/2840/2 5311/2859/48 
f 5290/2838/4557 5271/2819/4541 5273/2821/4089 5292/2840/2 
f 5271/2819/4541 5252/2800/4524 5254/2802/4525 5273/2821/4089 
f 5252/2800/4524 5233/2781/4507 5235/2783/4508 5254/2802/4525 
f 5233/2781/4507 5214/2762/4490 5216/2764/4491 5235/2783/4508 
f 5214/2762/4490 5195/2743/4474 5197/2745/504 5216/2764/4491 
f 5195/2743/4474 5176/2724/4459 5178/2726/498 5197/2745/504 
f 5176/2724/4459 5157/2705/4443 5159/2707/468 5178/2726/498 
f 5157/2705/4443 5132/2680/4423 5136/2684/462 5159/2707/468 
f 5137/2685/4424 5140/2688/4427 5135/2683/462 5134/2682/432 
f 5140/2688/4427 5161/2709/4445 5158/2706/468 5135/2683/462 
f 5161/2709/4445 5180/2728/4461 5177/2725/498 5158/2706/468 
f 5180/2728/4461 5199/2747/4476 5196/2744/504 5177/2725/498 
f 5199/2747/4476 5218/2766/4493 5215/2763/4491 5196/2744/504 
f 5218/2766/4493 5237/2785/4510 5234/2782/4508 5215/2763/4491 
f 5237/2785/4510 5256/2804/4527 5253/2801/4525 5234/2782/4508 
f 5256/2804/4527 5275/2823/4543 5272/2820/2449 5253/2801/4525 
f 5275/2823/4543 5294/2842/4559 5291/2839/2 5272/2820/2449 
f 5294/2842/4559 5313/2861/4575 5310/2858/48 5291/2839/2 
f 5313/2861/4575 5332/2880/4591 5329/2877/54 5310/2858/48 
f 5332/2880/4591 5351/2899/4606 5348/2896/84 5329/2877/54 
f 5351/2899/4606 5370/2918/4622 5367/2915/102 5348/2896/84 
f 5370/2918/4622 5389/2937/4638 5386/2934/120 5367/2915/102 
f 5389/2937/4638 5408/2956/4654 5405/2953/126 5386/2934/120 
f 5408/2956/4654 5427/2975/4671 5424/2972/159 5405/2953/126 
f 5427/2975/4671 5446/2994/4687 5443/2991/165 5424/2972/159 
f 5446/2994/4687 5465/3013/4704 5462/3010/4702 5443/2991/165 
f 5465/3013/4704 5484/3032/4720 5481/3029/211 5462/3010/4702 
f 5484/3032/4720 5503/3051/4735 5500/3048/217 5481/3029/211 
f 5503/3051/4735 5522/3070/4751 5519/3067/234 5500/3048/217 
f 5522/3070/4751 5541/3089/4767 5538/3086/251 5519/3067/234 
f 5541/3089/4767 5560/3108/4785 5557/3105/4783 5538/3086/251 
f 5560/3108/4785 5579/3127/4801 5576/3124/2259 5557/3105/4783 
f 5579/3127/4801 5598/3146/4817 5595/3143/317 5576/3124/2259 
f 5598/3146/4817 5617/3165/4833 5614/3162/336 5595/3143/317 
f 5617/3165/4833 5636/3184/4849 5633/3181/354 5614/3162/336 
f 5636/3184/4849 5655/3203/4864 5652/3200/361 5633/3181/354 
f 5655/3203/4864 5674/3222/4880 5671/3219/378 5652/3200/361 
f 5674/3222/4880 5693/3241/4896 5690/3238/408 5671/3219/378 
f 5693/3241/4896 5712/3260/4912 5709/3257/414 5690/3238/408 
f 5712/3260/4912 5137/2685/4424 5134/2682/432 5709/3257/414 
f 5748/3296/4916 5747/3295/4915 5715/3263/573 5746/3294/573 
f 5747/3295/4915 5749/3297/4915 5716/3264/573 5715/3263/573 
f 5749/3297/4915 5750/3298/4917 5717/3265/573 5716/3264/573 
f 5750/3298/4917 5751/3299/4918 5718/3266/573 5717/3265/573 
f 5751/3299/4918 5752/3300/4918 5719/3267/573 5718/3266/573 
f 5752/3300/4918 5753/3301/4918 5720/3268/573 5719/3267/573 
f 5753/3301/4918 5754/3302/4919 5721/3269/573 5720/3268/573 
f 5754/3302/4919 5755/3303/4920 5722/3270/573 5721/3269/573 
f 5755/3303/4920 5756/3304/4920 5723/3271/573 5722/3270/573 
f 5756/3304/4920 5757/3305/4921 5724/3272/573 5723/3271/573 
f 5757/3305/4921 5758/3306/4922 5725/3273/573 5724/3272/573 
f 5758/3306/4922 5759/3307/4923 5726/3274/573 5725/3273/573 
f 5759/3307/4923 5760/3308/4923 5727/3275/573 5726/3274/573 
f 5760/3308/4923 5761/3309/4923 5728/3276/573 5727/3275/573 
f 5761/3309/4923 5762/3310/4924 5729/3277/573 5728/3276/573 
f 5762/3310/4924 5763/3311/4925 5730/3278/573 5729/3277/573 
f 5763/3311/4925 5764/3312/4925 5731/3279/573 5730/3278/573 
f 5764/3312/4925 5765/3313/4926 5732/3280/573 5731/3279/573 
f 5765/3313/4926 5766/3314/4927 5733/3281/573 5732/3280/573 
f 5766/3314/4927 5767/3315/4928 5734/3282/573 5733/3281/573 
f 5767/3315/4928 5768/3316/4928 5735/3283/573 5734/3282/573 
f 5768/3316/4928 5769/3317/4928 5736/3284/573 5735/3283/573 
f 5769/3317/4928 5770/3318/4929 5737/3285/573 5736/3284/573 
f 5770/3318/4929 5771/3319/4930 5738/3286/573 5737/3285/573 
f 5771/3319/4930 5772/3320/4931 5739/3287/573 5738/3286/573 
f 5772/3320/4931 5773/3321/4931 5740/3288/573 5739/3287/573 
f 5773/3321/4931 5774/3322/4932 5741/3289/573 5740/3288/573 
f 5774/3322/4932 5775/3323/4933 5742/3290/573 5741/3289/573 
f 5775/3323/4933 5776/3324/4933 5743/3291/573 5742/3290/573 
f 5776/3324/4933 5777/3325/4933 5744/3292/573 5743/3291/573 
f 5777/3325/4933 5778/3326/4934 5745/3293/573 5744/3292/573 
f 5778/3326/4934 5748/3296/4916 5746/3294/573 5745/3293/573 
f 5875/3423/1651 5876/3424/4400 5877/3425/4401 5878/3426/4402 
f 5876/3424/4400 5879/3427/5031 5880/3428/4404 5877/3425/4401 
f 5879/3427/5031 5881/3429/4405 5882/3430/4406 5880/3428/4404 
f 5881/3429/4405 5883/3431/4407 5884/3432/4408 5882/3430/4406 
f 5885/3433/5032 5886/3434/4410 5887/3435/5033 5888/3436/4411 
f 5889/3437/4412 5890/3438/4413 5891/3439/4414 5892/3440/5034 
f 5893/3441/4416 5894/3442/5035 5895/3443/4418 5896/3444/4419 
f 5894/3442/5035 5897/3445/5036 5898/3446/4421 5895/3443/4418 
f 5897/3445/5036 5899/3447/4422 5900/3448/4423 5898/3446/4421 
f 5901/3449/1848 5902/3450/1848 5903/3451/462 5904/3452/462 
f 5905/3453/4424 5906/3454/5037 5907/3455/4426 5908/3456/5038 
f 5906/3454/5037 5909/3457/5039 5910/3458/4429 5907/3455/4426 
f 5909/3457/5039 5911/3459/5040 5912/3460/5041 5910/3458/4429 
f 5878/3426/4402 5877/3425/4401 5913/3461/4432 5914/3462/4433 
f 5877/3425/4401 5880/3428/4404 5915/3463/4434 5913/3461/4432 
f 5880/3428/4404 5882/3430/4406 5916/3464/4435 5915/3463/4434 
f 5882/3430/4406 5884/3432/4408 5917/3465/4436 5916/3464/4435 
f 5888/3436/4411 5887/3435/5033 5918/3466/4437 5919/3467/4437 
f 5892/3440/5034 5891/3439/4414 5920/3468/4438 5921/3469/4439 
f 5896/3444/4419 5895/3443/4418 5922/3470/4440 5923/3471/4441 
f 5895/3443/4418 5898/3446/4421 5924/3472/4442 5922/3470/4440 
f 5898/3446/4421 5900/3448/4423 5925/3473/4443 5924/3472/4442 
f 5904/3452/462 5903/3451/462 5926/3474/468 5927/3475/468 
f 5908/3456/5038 5907/3455/4426 5928/3476/5042 5929/3477/5043 
f 5907/3455/4426 5910/3458/4429 5930/3478/5044 5928/3476/5042 
f 5910/3458/4429 5912/3460/5041 5931/3479/4447 5930/3478/5044 
f 5914/3462/4433 5913/3461/4432 5932/3480/4448 5933/3481/4449 
f 5913/3461/4432 5915/3463/4434 5934/3482/4450 5932/3480/4448 
f 5915/3463/4434 5916/3464/4435 5935/3483/4451 5934/3482/4450 
f 5916/3464/4435 5917/3465/4436 5936/3484/5045 5935/3483/4451 
f 5919/3467/4437 5918/3466/4437 5937/3485/5046 5938/3486/5047 
f 5921/3469/4439 5920/3468/4438 5939/3487/4454 5940/3488/4455 
f 5923/3471/4441 5922/3470/4440 5941/3489/5048 5942/3490/4457 
f 5922/3470/4440 5924/3472/4442 5943/3491/4458 5941/3489/5048 
f 5924/3472/4442 5925/3473/4443 5944/3492/4459 5943/3491/4458 
f 5927/3475/468 5926/3474/468 5945/3493/498 5946/3494/498 
f 5929/3477/5043 5928/3476/5042 5947/3495/4460 5948/3496/4461 
f 5928/3476/5042 5930/3478/5044 5949/3497/5049 5947/3495/4460 
f 5930/3478/5044 5931/3479/4447 5950/3498/4463 5949/3497/5049 
f 5933/3481/4449 5932/3480/4448 5951/3499/4464 5952/3500/1693 
f 5932/3480/4448 5934/3482/4450 5953/3501/4465 5951/3499/4464 
f 5934/3482/4450 5935/3483/4451 5954/3502/4466 5953/3501/4465 
f 5935/3483/4451 5936/3484/5045 5955/3503/4467 5954/3502/4466 
f 5938/3486/5047 5937/3485/5046 5956/3504/4468 5957/3505/4468 
f 5940/3488/4455 5939/3487/4454 5958/3506/4469 5959/3507/4470 
f 5942/3490/4457 5941/3489/5048 5960/3508/4471 5961/3509/4472 
f 5941/3489/5048 5943/3491/4458 5962/3510/4473 5960/3508/4471 
f 5943/3491/4458 5944/3492/4459 5963/3511/4474 5962/3510/4473 
f 5946/3494/498 5945/3493/498 5964/3512/516 5965/3513/516 
f 5948/3496/4461 5947/3495/4460 5966/3514/4475 5967/3515/4476 
f 5947/3495/4460 5949/3497/5049 5968/3516/4477 5966/3514/4475 
f 5949/3497/5049 5950/3498/4463 5969/3517/4478 5968/3516/4477 
f 5952/3500/1693 5951/3499/4464 5970/3518/4479 5971/3519/4480 
f 5951/3499/4464 5953/3501/4465 5972/3520/4481 5970/3518/4479 
f 5953/3501/4465 5954/3502/4466 5973/3521/4482 5972/3520/4481 
f 5954/3502/4466 5955/3503/4467 5974/3522/4483 5973/3521/4482 
f 5957/3505/4468 5956/3504/4468 5975/3523/4484 5976/3524/4484 
f 5959/3507/4470 5958/3506/4469 5977/3525/4485 5978/3526/4486 
f 5961/3509/4472 5960/3508/4471 5979/3527/4487 5980/3528/4488 
f 5960/3508/4471 5962/3510/4473 5981/3529/4489 5979/3527/4487 
f 5962/3510/4473 5963/3511/4474 5982/3530/4490 5981/3529/4489 
f 5965/3513/516 5964/3512/516 5983/3531/4491 5984/3532/4491 
f 5967/3515/4476 5966/3514/4475 5985/3533/4492 5986/3534/4493 
f 5966/3514/4475 5968/3516/4477 5987/3535/4494 5985/3533/4492 
f 5968/3516/4477 5969/3517/4478 5988/3536/5050 5987/3535/4494 
f 5971/3519/4480 5970/3518/4479 5989/3537/4496 5990/3538/4497 
f 5970/3518/4479 5972/3520/4481 5991/3539/4498 5989/3537/4496 
f 5972/3520/4481 5973/3521/4482 5992/3540/4499 5991/3539/4498 
f 5973/3521/4482 5974/3522/4483 5993/3541/4500 5992/3540/4499 
f 5976/3524/4484 5975/3523/4484 5994/3542/4501 5995/3543/4501 
f 5978/3526/4486 5977/3525/4485 5996/3544/4502 5997/3545/5051 
f 5980/3528/4488 5979/3527/4487 5998/3546/4504 5999/3547/4505 
f 5979/3527/4487 5981/3529/4489 6000/3548/4506 5998/3546/4504 
f 5981/3529/4489 5982/3530/4490 6001/3549/4507 6000/3548/4506 
f 5984/3532/4491 5983/3531/4491 6002/3550/539 6003/3551/539 
f 5986/3534/4493 5985/3533/4492 6004/3552/4509 6005/3553/5052 
f 5985/3533/4492 5987/3535/4494 6006/3554/4511 6004/3552/4509 
f 5987/3535/4494 5988/3536/5050 6007/3555/4512 6006/3554/4511 
f 5990/3538/4497 5989/3537/4496 6008/3556/4513 6009/3557/4514 
f 5989/3537/4496 5991/3539/4498 6010/3558/4515 6008/3556/4513 
f 5991/3539/4498 5992/3540/4499 6011/3559/4516 6010/3558/4515 
f 5992/3540/4499 5993/3541/4500 6012/3560/4517 6011/3559/4516 
f 5995/3543/4501 5994/3542/4501 6013/3561/4518 6014/3562/4518 
f 5997/3545/5051 5996/3544/4502 6015/3563/4519 6016/3564/4520 
f 5999/3547/4505 5998/3546/4504 6017/3565/4521 6018/3566/4522 
f 5998/3546/4504 6000/3548/4506 6019/3567/4523 6017/3565/4521 
f 6000/3548/4506 6001/3549/4507 6020/3568/4524 6019/3567/4523 
f 6003/3551/539 6002/3550/539 6021/3569/4525 6022/3570/4525 
f 6005/3553/5052 6004/3552/4509 6023/3571/4526 6024/3572/5053 
f 6004/3552/4509 6006/3554/4511 6025/3573/4528 6023/3571/4526 
f 6006/3554/4511 6007/3555/4512 6026/3574/5054 6025/3573/4528 
f 6009/3557/4514 6008/3556/4513 6027/3575/5055 6028/3576/1749 
f 6008/3556/4513 6010/3558/4515 6029/3577/5056 6027/3575/5055 
f 6010/3558/4515 6011/3559/4516 6030/3578/4532 6029/3577/5056 
f 6011/3559/4516 6012/3560/4517 6031/3579/5057 6030/3578/4532 
f 6014/3562/4518 6013/3561/4518 6032/3580/5058 6033/3581/5059 
f 6016/3564/4520 6015/3563/4519 6034/3582/4536 6035/3583/4537 
f 6018/3566/4522 6017/3565/4521 6036/3584/4538 6037/3585/5060 
f 6017/3565/4521 6019/3567/4523 6038/3586/5061 6036/3584/4538 
f 6019/3567/4523 6020/3568/4524 6039/3587/4541 6038/3586/5061 
f 6022/3570/4525 6021/3569/4525 6040/3588/4089 6041/3589/4089 
f 6024/3572/5053 6023/3571/4526 6042/3590/4542 6043/3591/5062 
f 6023/3571/4526 6025/3573/4528 6044/3592/5063 6042/3590/4542 
f 6025/3573/4528 6026/3574/5054 6045/3593/5064 6044/3592/5063 
f 6028/3576/1749 6027/3575/5055 6046/3594/4546 6047/3595/4547 
f 6027/3575/5055 6029/3577/5056 6048/3596/4548 6046/3594/4546 
f 6029/3577/5056 6030/3578/4532 6049/3597/4549 6048/3596/4548 
f 6030/3578/4532 6031/3579/5057 6050/3598/5065 6049/3597/4549 
f 6033/3581/5059 6032/3580/5058 6051/3599/4551 6052/3600/4551 
f 6035/3583/4537 6034/3582/4536 6053/3601/4552 6054/3602/4553 
f 6037/3585/5060 6036/3584/4538 6055/3603/4554 6056/3604/4555 
f 6036/3584/4538 6038/3586/5061 6057/3605/4556 6055/3603/4554 
f 6038/3586/5061 6039/3587/4541 6058/3606/4557 6057/3605/4556 
f 6041/3589/4089 6040/3588/4089 6059/3607/25 6060/3608/25 
f 6043/3591/5062 6042/3590/4542 6061/3609/4558 6062/3610/5066 
f 6042/3590/4542 6044/3592/5063 6063/3611/4560 6061/3609/4558 
f 6044/3592/5063 6045/3593/5064 6064/3612/5067 6063/3611/4560 
f 6047/3595/4547 6046/3594/4546 6065/3613/4562 6066/3614/4563 
f 6046/3594/4546 6048/3596/4548 6067/3615/4564 6065/3613/4562 
f 6048/3596/4548 6049/3597/4549 6068/3616/4565 6067/3615/4564 
f 6049/3597/4549 6050/3598/5065 6069/3617/4566 6068/3616/4565 
f 6052/3600/4551 6051/3599/4551 6070/3618/4567 6071/3619/4567 
f 6054/3602/4553 6053/3601/4552 6072/3620/4568 6073/3621/4569 
f 6056/3604/4555 6055/3603/4554 6074/3622/4570 6075/3623/4571 
f 6055/3603/4554 6057/3605/4556 6076/3624/4572 6074/3622/4570 
f 6057/3605/4556 6058/3606/4557 6077/3625/4573 6076/3624/4572 
f 6060/3608/25 6059/3607/25 6078/3626/48 6079/3627/48 
f 6062/3610/5066 6061/3609/4558 6080/3628/4574 6081/3629/4575 
f 6061/3609/4558 6063/3611/4560 6082/3630/4576 6080/3628/4574 
f 6063/3611/4560 6064/3612/5067 6083/3631/4577 6082/3630/4576 
f 6066/3614/4563 6065/3613/4562 6084/3632/4578 6085/3633/4579 
f 6065/3613/4562 6067/3615/4564 6086/3634/4580 6084/3632/4578 
f 6067/3615/4564 6068/3616/4565 6087/3635/4581 6086/3634/4580 
f 6068/3616/4565 6069/3617/4566 6088/3636/5068 6087/3635/4581 
f 6071/3619/4567 6070/3618/4567 6089/3637/4583 6090/3638/4583 
f 6073/3621/4569 6072/3620/4568 6091/3639/4584 6092/3640/4585 
f 6075/3623/4571 6074/3622/4570 6093/3641/4586 6094/3642/5069 
f 6074/3622/4570 6076/3624/4572 6095/3643/4588 6093/3641/4586 
f 6076/3624/4572 6077/3625/4573 6096/3644/4589 6095/3643/4588 
f 6079/3627/48 6078/3626/48 6097/3645/54 6098/3646/54 
f 6081/3629/4575 6080/3628/4574 6099/3647/4590 6100/3648/4591 
f 6080/3628/4574 6082/3630/4576 6101/3649/5070 6099/3647/4590 
f 6082/3630/4576 6083/3631/4577 6102/3650/4593 6101/3649/5070 
f 6085/3633/4579 6084/3632/4578 6103/3651/4594 6104/3652/1805 
f 6084/3632/4578 6086/3634/4580 6105/3653/4595 6103/3651/4594 
f 6086/3634/4580 6087/3635/4581 6106/3654/4596 6105/3653/4595 
f 6087/3635/4581 6088/3636/5068 6107/3655/4597 6106/3654/4596 
f 6090/3638/4583 6089/3637/4583 6108/3656/4598 6109/3657/4598 
f 6092/3640/4585 6091/3639/4584 6110/3658/4599 6111/3659/4600 
f 6094/3642/5069 6093/3641/4586 6112/3660/4601 6113/3661/4602 
f 6093/3641/4586 6095/3643/4588 6114/3662/4603 6112/3660/4601 
f 6095/3643/4588 6096/3644/4589 6115/3663/4604 6114/3662/4603 
f 6098/3646/54 6097/3645/54 6116/3664/72 6117/3665/72 
f 6100/3648/4591 6099/3647/4590 6118/3666/4605 6119/3667/4606 
f 6099/3647/4590 6101/3649/5070 6120/3668/4607 6118/3666/4605 
f 6101/3649/5070 6102/3650/4593 6121/3669/4608 6120/3668/4607 
f 6104/3652/1805 6103/3651/4594 6122/3670/4609 6123/3671/4610 
f 6103/3651/4594 6105/3653/4595 6124/3672/4611 6122/3670/4609 
f 6105/3653/4595 6106/3654/4596 6125/3673/4612 6124/3672/4611 
f 6106/3654/4596 6107/3655/4597 6126/3674/5071 6125/3673/4612 
f 6109/3657/4598 6108/3656/4598 6127/3675/5072 6128/3676/5072 
f 6111/3659/4600 6110/3658/4599 6129/3677/4615 6130/3678/4616 
f 6113/3661/4602 6112/3660/4601 6131/3679/4617 6132/3680/4618 
f 6112/3660/4601 6114/3662/4603 6133/3681/4619 6131/3679/4617 
f 6114/3662/4603 6115/3663/4604 6134/3682/4620 6133/3681/4619 
f 6117/3665/72 6116/3664/72 6135/3683/102 6136/3684/102 
f 6119/3667/4606 6118/3666/4605 6137/3685/4621 6138/3686/4622 
f 6118/3666/4605 6120/3668/4607 6139/3687/4623 6137/3685/4621 
f 6120/3668/4607 6121/3669/4608 6140/3688/5073 6139/3687/4623 
f 6123/3671/4610 6122/3670/4609 6141/3689/4625 6142/3690/4626 
f 6122/3670/4609 6124/3672/4611 6143/3691/4627 6141/3689/4625 
f 6124/3672/4611 6125/3673/4612 6144/3692/4628 6143/3691/4627 
f 6125/3673/4612 6126/3674/5071 6145/3693/4629 6144/3692/4628 
f 6128/3676/5072 6127/3675/5072 6146/3694/5074 6147/3695/5074 
f 6130/3678/4616 6129/3677/4615 6148/3696/4631 6149/3697/4632 
f 6132/3680/4618 6131/3679/4617 6150/3698/4633 6151/3699/4634 
f 6131/3679/4617 6133/3681/4619 6152/3700/4635 6150/3698/4633 
f 6133/3681/4619 6134/3682/4620 6153/3701/4636 6152/3700/4635 
f 6136/3684/102 6135/3683/102 6154/3702/120 6155/3703/120 
f 6138/3686/4622 6137/3685/4621 6156/3704/4637 6157/3705/4638 
f 6137/3685/4621 6139/3687/4623 6158/3706/4639 6156/3704/4637 
f 6139/3687/4623 6140/3688/5073 6159/3707/4640 6158/3706/4639 
f 6142/3690/4626 6141/3689/4625 6160/3708/4641 6161/3709/4642 
f 6141/3689/4625 6143/3691/4627 6162/3710/4643 6160/3708/4641 
f 6143/3691/4627 6144/3692/4628 6163/3711/4644 6162/3710/4643 
f 6144/3692/4628 6145/3693/4629 6164/3712/4645 6163/3711/4644 
f 6147/3695/5074 6146/3694/5074 6165/3713/4646 6166/3714/4646 
f 6149/3697/4632 6148/3696/4631 6167/3715/4647 6168/3716/4648 
f 6151/3699/4634 6150/3698/4633 6169/3717/4649 6170/3718/4650 
f 6150/3698/4633 6152/3700/4635 6171/3719/4651 6169/3717/4649 
f 6152/3700/4635 6153/3701/4636 6172/3720/4652 6171/3719/4651 
f 6155/3703/120 6154/3702/120 6173/3721/138 6174/3722/138 
f 6157/3705/4638 6156/3704/4637 6175/3723/4653 6176/3724/4654 
f 6156/3704/4637 6158/3706/4639 6177/3725/4655 6175/3723/4653 
f 6158/3706/4639 6159/3707/4640 6178/3726/5075 6177/3725/4655 
f 6161/3709/4642 6160/3708/4641 6179/3727/5076 6180/3728/4658 
f 6160/3708/4641 6162/3710/4643 6181/3729/5077 6179/3727/5076 
f 6162/3710/4643 6163/3711/4644 6182/3730/4660 6181/3729/5077 
f 6163/3711/4644 6164/3712/4645 6183/3731/4661 6182/3730/4660 
f 6166/3714/4646 6165/3713/4646 6184/3732/5078 6185/3733/5078 
f 6168/3716/4648 6167/3715/4647 6186/3734/4664 6187/3735/5079 
f 6170/3718/4650 6169/3717/4649 6188/3736/5080 6189/3737/4667 
f 6169/3717/4649 6171/3719/4651 6190/3738/5081 6188/3736/5080 
f 6171/3719/4651 6172/3720/4652 6191/3739/5082 6190/3738/5081 
f 6174/3722/138 6173/3721/138 6192/3740/159 6193/3741/159 
f 6176/3724/4654 6175/3723/4653 6194/3742/5083 6195/3743/4671 
f 6175/3723/4653 6177/3725/4655 6196/3744/4672 6194/3742/5083 
f 6177/3725/4655 6178/3726/5075 6197/3745/4673 6196/3744/4672 
f 6180/3728/4658 6179/3727/5076 6198/3746/4674 6199/3747/4675 
f 6179/3727/5076 6181/3729/5077 6200/3748/4676 6198/3746/4674 
f 6181/3729/5077 6182/3730/4660 6201/3749/4677 6200/3748/4676 
f 6182/3730/4660 6183/3731/4661 6202/3750/4678 6201/3749/4677 
f 6185/3733/5078 6184/3732/5078 6203/3751/4679 6204/3752/4679 
f 6187/3735/5079 6186/3734/4664 6205/3753/4680 6206/3754/4681 
f 6189/3737/4667 6188/3736/5080 6207/3755/4682 6208/3756/4683 
f 6188/3736/5080 6190/3738/5081 6209/3757/4684 6207/3755/4682 
f 6190/3738/5081 6191/3739/5082 6210/3758/4685 6209/3757/4684 
f 6193/3741/159 6192/3740/159 6211/3759/5084 6212/3760/5084 
f 6195/3743/4671 6194/3742/5083 6213/3761/4686 6214/3762/4687 
f 6194/3742/5083 6196/3744/4672 6215/3763/4688 6213/3761/4686 
f 6196/3744/4672 6197/3745/4673 6216/3764/5085 6215/3763/4688 
f 6199/3747/4675 6198/3746/4674 6217/3765/4690 6218/3766/4691 
f 6198/3746/4674 6200/3748/4676 6219/3767/4692 6217/3765/4690 
f 6200/3748/4676 6201/3749/4677 6220/3768/4693 6219/3767/4692 
f 6201/3749/4677 6202/3750/4678 6221/3769/4694 6220/3768/4693 
f 6204/3752/4679 6203/3751/4679 6222/3770/5086 6223/3771/5086 
f 6206/3754/4681 6205/3753/4680 6224/3772/4696 6225/3773/4697 
f 6208/3756/4683 6207/3755/4682 6226/3774/4698 6227/3775/4699 
f 6207/3755/4682 6209/3757/4684 6228/3776/4700 6226/3774/4698 
f 6209/3757/4684 6210/3758/4685 6229/3777/4701 6228/3776/4700 
f 6212/3760/5084 6211/3759/5084 6230/3778/4702 6231/3779/4702 
f 6214/3762/4687 6213/3761/4686 6232/3780/4703 6233/3781/4704 
f 6213/3761/4686 6215/3763/4688 6234/3782/4705 6232/3780/4703 
f 6215/3763/4688 6216/3764/5085 6235/3783/4706 6234/3782/4705 
f 6218/3766/4691 6217/3765/4690 6236/3784/4707 6237/3785/4708 
f 6217/3765/4690 6219/3767/4692 6238/3786/4709 6236/3784/4707 
f 6219/3767/4692 6220/3768/4693 6239/3787/4710 6238/3786/4709 
f 6220/3768/4693 6221/3769/4694 6240/3788/4711 6239/3787/4710 
f 6223/3771/5086 6222/3770/5086 6241/3789/5087 6242/3790/5087 
f 6225/3773/4697 6224/3772/4696 6243/3791/4713 6244/3792/4714 
f 6227/3775/4699 6226/3774/4698 6245/3793/5088 6246/3794/4716 
f 6226/3774/4698 6228/3776/4700 6247/3795/5089 6245/3793/5088 
f 6228/3776/4700 6229/3777/4701 6248/3796/4718 6247/3795/5089 
f 6231/3779/4702 6230/3778/4702 6249/3797/211 6250/3798/211 
f 6233/3781/4704 6232/3780/4703 6251/3799/4719 6252/3800/4720 
f 6232/3780/4703 6234/3782/4705 6253/3801/4721 6251/3799/4719 
f 6234/3782/4705 6235/3783/4706 6254/3802/5090 6253/3801/4721 
f 6237/3785/4708 6236/3784/4707 6255/3803/4723 6256/3804/1918 
f 6236/3784/4707 6238/3786/4709 6257/3805/4724 6255/3803/4723 
f 6238/3786/4709 6239/3787/4710 6258/3806/4725 6257/3805/4724 
f 6239/3787/4710 6240/3788/4711 6259/3807/4726 6258/3806/4725 
f 6242/3790/5087 6241/3789/5087 6260/3808/4727 6261/3809/4727 
f 6244/3792/4714 6243/3791/4713 6262/3810/4728 6263/3811/4729 
f 6246/3794/4716 6245/3793/5088 6264/3812/4730 6265/3813/4731 
f 6245/3793/5088 6247/3795/5089 6266/3814/4732 6264/3812/4730 
f 6247/3795/5089 6248/3796/4718 6267/3815/4733 6266/3814/4732 
f 6250/3798/211 6249/3797/211 6268/3816/2596 6269/3817/2596 
f 6252/3800/4720 6251/3799/4719 6270/3818/4734 6271/3819/5091 
f 6251/3799/4719 6253/3801/4721 6272/3820/4736 6270/3818/4734 
f 6253/3801/4721 6254/3802/5090 6273/3821/4737 6272/3820/4736 
f 6256/3804/1918 6255/3803/4723 6274/3822/4738 6275/3823/4739 
f 6255/3803/4723 6257/3805/4724 6276/3824/4740 6274/3822/4738 
f 6257/3805/4724 6258/3806/4725 6277/3825/4741 6276/3824/4740 
f 6258/3806/4725 6259/3807/4726 6278/3826/5092 6277/3825/4741 
f 6261/3809/4727 6260/3808/4727 6279/3827/4743 6280/3828/4743 
f 6263/3811/4729 6262/3810/4728 6281/3829/4744 6282/3830/4745 
f 6265/3813/4731 6264/3812/4730 6283/3831/5093 6284/3832/4747 
f 6264/3812/4730 6266/3814/4732 6285/3833/4748 6283/3831/5093 
f 6266/3814/4732 6267/3815/4733 6286/3834/4749 6285/3833/4748 
f 6269/3817/2596 6268/3816/2596 6287/3835/234 6288/3836/234 
f 6271/3819/5091 6270/3818/4734 6289/3837/5094 6290/3838/5095 
f 6270/3818/4734 6272/3820/4736 6291/3839/4752 6289/3837/5094 
f 6272/3820/4736 6273/3821/4737 6292/3840/4753 6291/3839/4752 
f 6275/3823/4739 6274/3822/4738 6293/3841/4754 6294/3842/4755 
f 6274/3822/4738 6276/3824/4740 6295/3843/4756 6293/3841/4754 
f 6276/3824/4740 6277/3825/4741 6296/3844/4757 6295/3843/4756 
f 6277/3825/4741 6278/3826/5092 6297/3845/4758 6296/3844/4757 
f 6280/3828/4743 6279/3827/4743 6298/3846/4759 6299/3847/4759 
f 6282/3830/4745 6281/3829/4744 6300/3848/4760 6301/3849/4761 
f 6284/3832/4747 6283/3831/5093 6302/3850/4762 6303/3851/4763 
f 6283/3831/5093 6285/3833/4748 6304/3852/4764 6302/3850/4762 
f 6285/3833/4748 6286/3834/4749 6305/3853/4765 6304/3852/4764 
f 6288/3836/234 6287/3835/234 6306/3854/251 6307/3855/251 
f 6290/3838/5095 6289/3837/5094 6308/3856/4766 6309/3857/5096 
f 6289/3837/5094 6291/3839/4752 6310/3858/4768 6308/3856/4766 
f 6291/3839/4752 6292/3840/4753 6311/3859/4769 6310/3858/4768 
f 6294/3842/4755 6293/3841/4754 6312/3860/4770 6313/3861/4771 
f 6293/3841/4754 6295/3843/4756 6314/3862/4772 6312/3860/4770 
f 6295/3843/4756 6296/3844/4757 6315/3863/4773 6314/3862/4772 
f 6296/3844/4757 6297/3845/4758 6316/3864/4774 6315/3863/4773 
f 6299/3847/4759 6298/3846/4759 6317/3865/4776 6318/3866/4776 
f 6301/3849/4761 6300/3848/4760 6319/3867/5097 6320/3868/4778 
f 6303/3851/4763 6302/3850/4762 6321/3869/4779 6322/3870/4780 
f 6302/3850/4762 6304/3852/4764 6323/3871/4781 6321/3869/4779 
f 6304/3852/4764 6305/3853/4765 6324/3872/4782 6323/3871/4781 
f 6307/3855/251 6306/3854/251 6325/3873/4783 6326/3874/4783 
f 6309/3857/5096 6308/3856/4766 6327/3875/4784 6328/3876/5098 
f 6308/3856/4766 6310/3858/4768 6329/3877/4786 6327/3875/4784 
f 6310/3858/4768 6311/3859/4769 6330/3878/4787 6329/3877/4786 
f 6313/3861/4771 6312/3860/4770 6331/3879/4788 6332/3880/1975 
f 6312/3860/4770 6314/3862/4772 6333/3881/4789 6331/3879/4788 
f 6314/3862/4772 6315/3863/4773 6334/3882/4790 6333/3881/4789 
f 6315/3863/4773 6316/3864/4774 6335/3883/5099 6334/3882/4790 
f 6318/3866/4776 6317/3865/4776 6336/3884/5100 6337/3885/5101 
f 6320/3868/4778 6319/3867/5097 6338/3886/4794 6339/3887/4795 
f 6322/3870/4780 6321/3869/4779 6340/3888/4796 6341/3889/5102 
f 6321/3869/4779 6323/3871/4781 6342/3890/4798 6340/3888/4796 
f 6323/3871/4781 6324/3872/4782 6343/3891/4799 6342/3890/4798 
f 6326/3874/4783 6325/3873/4783 6344/3892/2259 6345/3893/2259 
f 6328/3876/5098 6327/3875/4784 6346/3894/5103 6347/3895/4801 
f 6327/3875/4784 6329/3877/4786 6348/3896/4802 6346/3894/5103 
f 6329/3877/4786 6330/3878/4787 6349/3897/5104 6348/3896/4802 
f 6332/3880/1975 6331/3879/4788 6350/3898/4804 6351/3899/4805 
f 6331/3879/4788 6333/3881/4789 6352/3900/4806 6350/3898/4804 
f 6333/3881/4789 6334/3882/4790 6353/3901/4807 6352/3900/4806 
f 6334/3882/4790 6335/3883/5099 6354/3902/4808 6353/3901/4807 
f 6337/3885/5101 6336/3884/5100 6355/3903/4809 6356/3904/4809 
f 6339/3887/4795 6338/3886/4794 6357/3905/4810 6358/3906/5105 
f 6341/3889/5102 6340/3888/4796 6359/3907/4812 6360/3908/4813 
f 6340/3888/4796 6342/3890/4798 6361/3909/4814 6359/3907/4812 
f 6342/3890/4798 6343/3891/4799 6362/3910/4815 6361/3909/4814 
f 6345/3893/2259 6344/3892/2259 6363/3911/317 6364/3912/317 
f 6347/3895/4801 6346/3894/5103 6365/3913/4816 6366/3914/4817 
f 6346/3894/5103 6348/3896/4802 6367/3915/4818 6365/3913/4816 
f 6348/3896/4802 6349/3897/5104 6368/3916/4819 6367/3915/4818 
f 6351/3899/4805 6350/3898/4804 6369/3917/4820 6370/3918/4821 
f 6350/3898/4804 6352/3900/4806 6371/3919/4822 6369/3917/4820 
f 6352/3900/4806 6353/3901/4807 6372/3920/4823 6371/3919/4822 
f 6353/3901/4807 6354/3902/4808 6373/3921/4824 6372/3920/4823 
f 6356/3904/4809 6355/3903/4809 6374/3922/4825 6375/3923/4825 
f 6358/3906/5105 6357/3905/4810 6376/3924/4826 6377/3925/4827 
f 6360/3908/4813 6359/3907/4812 6378/3926/4828 6379/3927/4829 
f 6359/3907/4812 6361/3909/4814 6380/3928/4830 6378/3926/4828 
f 6361/3909/4814 6362/3910/4815 6381/3929/4831 6380/3928/4830 
f 6364/3912/317 6363/3911/317 6382/3930/336 6383/3931/336 
f 6366/3914/4817 6365/3913/4816 6384/3932/4832 6385/3933/4833 
f 6365/3913/4816 6367/3915/4818 6386/3934/4834 6384/3932/4832 
f 6367/3915/4818 6368/3916/4819 6387/3935/4835 6386/3934/4834 
f 6370/3918/4821 6369/3917/4820 6388/3936/4836 6389/3937/4837 
f 6369/3917/4820 6371/3919/4822 6390/3938/4838 6388/3936/4836 
f 6371/3919/4822 6372/3920/4823 6391/3939/4839 6390/3938/4838 
f 6372/3920/4823 6373/3921/4824 6392/3940/4840 6391/3939/4839 
f 6375/3923/4825 6374/3922/4825 6393/3941/4841 6394/3942/4841 
f 6377/3925/4827 6376/3924/4826 6395/3943/4842 6396/3944/4843 
f 6379/3927/4829 6378/3926/4828 6397/3945/4844 6398/3946/4845 
f 6378/3926/4828 6380/3928/4830 6399/3947/4846 6397/3945/4844 
f 6380/3928/4830 6381/3929/4831 6400/3948/4847 6399/3947/4846 
f 6383/3931/336 6382/3930/336 6401/3949/354 6402/3950/354 
f 6385/3933/4833 6384/3932/4832 6403/3951/4848 6404/3952/4849 
f 6384/3932/4832 6386/3934/4834 6405/3953/4850 6403/3951/4848 
f 6386/3934/4834 6387/3935/4835 6406/3954/5106 6405/3953/4850 
f 6389/3937/4837 6388/3936/4836 6407/3955/4852 6408/3956/2031 
f 6388/3936/4836 6390/3938/4838 6409/3957/4853 6407/3955/4852 
f 6390/3938/4838 6391/3939/4839 6410/3958/4854 6409/3957/4853 
f 6391/3939/4839 6392/3940/4840 6411/3959/4855 6410/3958/4854 
f 6394/3942/4841 6393/3941/4841 6412/3960/4856 6413/3961/4856 
f 6396/3944/4843 6395/3943/4842 6414/3962/4857 6415/3963/4858 
f 6398/3946/4845 6397/3945/4844 6416/3964/4859 6417/3965/5107 
f 6397/3945/4844 6399/3947/4846 6418/3966/4861 6416/3964/4859 
f 6399/3947/4846 6400/3948/4847 6419/3967/4862 6418/3966/4861 
f 6402/3950/354 6401/3949/354 6420/3968/360 6421/3969/360 
f 6404/3952/4849 6403/3951/4848 6422/3970/4863 6423/3971/5108 
f 6403/3951/4848 6405/3953/4850 6424/3972/4865 6422/3970/4863 
f 6405/3953/4850 6406/3954/5106 6425/3973/4866 6424/3972/4865 
f 6408/3956/2031 6407/3955/4852 6426/3974/4867 6427/3975/4868 
f 6407/3955/4852 6409/3957/4853 6428/3976/4869 6426/3974/4867 
f 6409/3957/4853 6410/3958/4854 6429/3977/4870 6428/3976/4869 
f 6410/3958/4854 6411/3959/4855 6430/3978/5109 6429/3977/4870 
f 6413/3961/4856 6412/3960/4856 6431/3979/5110 6432/3980/5111 
f 6415/3963/4858 6414/3962/4857 6433/3981/4873 6434/3982/4874 
f 6417/3965/5107 6416/3964/4859 6435/3983/5112 6436/3984/4876 
f 6416/3964/4859 6418/3966/4861 6437/3985/4877 6435/3983/5112 
f 6418/3966/4861 6419/3967/4862 6438/3986/4878 6437/3985/4877 
f 6421/3969/360 6420/3968/360 6439/3987/390 6440/3988/390 
f 6423/3971/5108 6422/3970/4863 6441/3989/4879 6442/3990/4880 
f 6422/3970/4863 6424/3972/4865 6443/3991/5113 6441/3989/4879 
f 6424/3972/4865 6425/3973/4866 6444/3992/5114 6443/3991/5113 
f 6427/3975/4868 6426/3974/4867 6445/3993/4883 6446/3994/4884 
f 6426/3974/4867 6428/3976/4869 6447/3995/4885 6445/3993/4883 
f 6428/3976/4869 6429/3977/4870 6448/3996/4886 6447/3995/4885 
f 6429/3977/4870 6430/3978/5109 6449/3997/4887 6448/3996/4886 
f 6432/3980/5111 6431/3979/5110 6450/3998/4888 6451/3999/4888 
f 6434/3982/4874 6433/3981/4873 6452/4000/4889 6453/4001/4890 
f 6436/3984/4876 6435/3983/5112 6454/4002/4891 6455/4003/4892 
f 6435/3983/5112 6437/3985/4877 6456/4004/4893 6454/4002/4891 
f 6437/3985/4877 6438/3986/4878 6457/4005/4894 6456/4004/4893 
f 6440/3988/390 6439/3987/390 6458/4006/408 6459/4007/408 
f 6442/3990/4880 6441/3989/4879 6460/4008/5115 6461/4009/5116 
f 6441/3989/4879 6443/3991/5113 6462/4010/4897 6460/4008/5115 
f 6443/3991/5113 6444/3992/5114 6463/4011/4898 6462/4010/4897 
f 6446/3994/4884 6445/3993/4883 6464/4012/4899 6465/4013/4900 
f 6445/3993/4883 6447/3995/4885 6466/4014/4901 6464/4012/4899 
f 6447/3995/4885 6448/3996/4886 6467/4015/4902 6466/4014/4901 
f 6448/3996/4886 6449/3997/4887 6468/4016/4903 6467/4015/4902 
f 6451/3999/4888 6450/3998/4888 6469/4017/5117 6470/4018/4904 
f 6453/4001/4890 6452/4000/4889 6471/4019/4905 6472/4020/4906 
f 6455/4003/4892 6454/4002/4891 6473/4021/4907 6474/4022/4908 
f 6454/4002/4891 6456/4004/4893 6475/4023/4909 6473/4021/4907 
f 6456/4004/4893 6457/4005/4894 6476/4024/4910 6475/4023/4909 
f 6459/4007/408 6458/4006/408 6477/4025/414 6478/4026/414 
f 6461/4009/5116 6460/4008/5115 6479/4027/4911 6480/4028/5118 
f 6460/4008/5115 6462/4010/4897 6481/4029/4913 6479/4027/4911 
f 6462/4010/4897 6463/4011/4898 6482/4030/4914 6481/4029/4913 
f 6465/4013/4900 6464/4012/4899 5876/3424/4400 5875/3423/1651 
f 6464/4012/4899 6466/4014/4901 5879/3427/5031 5876/3424/4400 
f 6466/4014/4901 6467/4015/4902 5881/3429/4405 5879/3427/5031 
f 6467/4015/4902 6468/4016/4903 5883/3431/4407 5881/3429/4405 
f 6470/4018/4904 6469/4017/5117 5886/3434/4410 5885/3433/5032 
f 6472/4020/4906 6471/4019/4905 5890/3438/4413 5889/3437/4412 
f 6474/4022/4908 6473/4021/4907 5894/3442/5035 5893/3441/4416 
f 6473/4021/4907 6475/4023/4909 5897/3445/5036 5894/3442/5035 
f 6475/4023/4909 6476/4024/4910 5899/3447/4422 5897/3445/5036 
f 6478/4026/414 6477/4025/414 5902/3450/1848 5901/3449/1848 
f 6480/4028/5118 6479/4027/4911 5906/3454/5037 5905/3453/4424 
f 6479/4027/4911 6481/4029/4913 5909/3457/5039 5906/3454/5037 
f 6481/4029/4913 6482/4030/4914 5911/3459/5040 5909/3457/5039 
f 6483/4031/5119 6484/4032/573 6485/4033/573 6486/4034/573 6487/4035/573 6488/4036/573 6489/4037/573 6490/4038/573 6491/4039/573 6492/4040/573 6493/4041/573 6494/4042/573 6495/4043/573 6496/4044/573 6497/4045/573 6498/4046/573 6499/4047/573 6500/4048/5119 6501/4049/5120 6502/4050/573 6503/4051/573 6504/4052/573 6505/4053/573 6506/4054/5120 6507/4055/573 6508/4056/5119 6509/4057/2883 6510/4058/573 6511/4059/573 6512/4060/573 6513/4061/2883 6514/4062/573 
f 5912/3460/5041 5911/3459/5040 6515/4063/4915 6516/4064/4916 
f 5911/3459/5040 6482/4030/4914 6517/4065/4915 6515/4063/4915 
f 6482/4030/4914 6463/4011/4898 6518/4066/4917 6517/4065/4915 
f 6463/4011/4898 6444/3992/5114 6519/4067/4918 6518/4066/4917 
f 6444/3992/5114 6425/3973/4866 6520/4068/4918 6519/4067/4918 
f 6425/3973/4866 6406/3954/5106 6521/4069/4918 6520/4068/4918 
f 6406/3954/5106 6387/3935/4835 6522/4070/4919 6521/4069/4918 
f 6387/3935/4835 6368/3916/4819 6523/4071/4920 6522/4070/4919 
f 6368/3916/4819 6349/3897/5104 6524/4072/4921 6523/4071/4920 
f 6349/3897/5104 6330/3878/4787 6525/4073/4921 6524/4072/4921 
f 6330/3878/4787 6311/3859/4769 6526/4074/4922 6525/4073/4921 
f 6311/3859/4769 6292/3840/4753 6527/4075/4923 6526/4074/4922 
f 6292/3840/4753 6273/3821/4737 6528/4076/4923 6527/4075/4923 
f 6273/3821/4737 6254/3802/5090 6529/4077/4923 6528/4076/4923 
f 6254/3802/5090 6235/3783/4706 6530/4078/4924 6529/4077/4923 
f 6235/3783/4706 6216/3764/5085 6531/4079/4925 6530/4078/4924 
f 6216/3764/5085 6197/3745/4673 6532/4080/4925 6531/4079/4925 
f 6197/3745/4673 6178/3726/5075 6533/4081/4926 6532/4080/4925 
f 6178/3726/5075 6159/3707/4640 6534/4082/4927 6533/4081/4926 
f 6159/3707/4640 6140/3688/5073 6535/4083/4928 6534/4082/4927 
f 6140/3688/5073 6121/3669/4608 6536/4084/4928 6535/4083/4928 
f 6121/3669/4608 6102/3650/4593 6537/4085/4928 6536/4084/4928 
f 6102/3650/4593 6083/3631/4577 6538/4086/4929 6537/4085/4928 
f 6083/3631/4577 6064/3612/5067 6539/4087/4930 6538/4086/4929 
f 6064/3612/5067 6045/3593/5064 6540/4088/4930 6539/4087/4930 
f 6045/3593/5064 6026/3574/5054 6541/4089/4931 6540/4088/4930 
f 6026/3574/5054 6007/3555/4512 6542/4090/4932 6541/4089/4931 
f 6007/3555/4512 5988/3536/5050 6543/4091/4933 6542/4090/4932 
f 5988/3536/5050 5969/3517/4478 6544/4092/4933 6543/4091/4933 
f 5969/3517/4478 5950/3498/4463 6545/4093/4933 6544/4092/4933 
f 5950/3498/4463 5931/3479/4447 6546/4094/4934 6545/4093/4933 
f 5931/3479/4447 5912/3460/5041 6516/4064/4916 6546/4094/4934 
f 6547/4095/4935 6548/4096/5121 6549/4097/4937 6550/4098/4938 
f 6551/4099/4939 6549/4097/4937 6548/4096/5121 6552/4100/4940 
f 6550/4098/4938 6549/4097/4937 6553/4101/5122 6554/4102/4942 
f 6555/4103/4943 6553/4101/5122 6549/4097/4937 6551/4099/4939 
f 6554/4102/4942 6553/4101/5122 6556/4104/4944 6557/4105/4945 
f 6558/4106/5123 6556/4104/4944 6553/4101/5122 6555/4103/4943 
f 6557/4105/4945 6556/4104/4944 6559/4107/4947 6560/4108/5124 
f 6561/4109/4949 6559/4107/4947 6556/4104/4944 6558/4106/5123 
f 6560/4108/5124 6559/4107/4947 6562/4110/4950 6563/4111/4951 
f 6564/4112/4952 6562/4110/4950 6559/4107/4947 6561/4109/4949 
f 6563/4111/4951 6562/4110/4950 6565/4113/4953 6566/4114/4954 
f 6567/4115/4955 6565/4113/4953 6562/4110/4950 6564/4112/4952 
f 6566/4114/4954 6565/4113/4953 6568/4116/4956 6569/4117/5125 
f 6570/4118/4958 6568/4116/4956 6565/4113/4953 6567/4115/4955 
f 6569/4117/5125 6568/4116/4956 6571/4119/4959 6572/4120/4960 
f 6573/4121/4961 6571/4119/4959 6568/4116/4956 6570/4118/4958 
f 6572/4120/4960 6571/4119/4959 6574/4122/5126 6575/4123/4963 
f 6576/4124/4964 6574/4122/5126 6571/4119/4959 6573/4121/4961 
f 6575/4123/4963 6574/4122/5126 6577/4125/4965 6578/4126/4966 
f 6579/4127/4967 6577/4125/4965 6574/4122/5126 6576/4124/4964 
f 6578/4126/4966 6577/4125/4965 6580/4128/5127 6581/4129/4969 
f 6582/4130/4970 6580/4128/5127 6577/4125/4965 6579/4127/4967 
f 6581/4129/4969 6580/4128/5127 6583/4131/4971 6584/4132/4972 
f 6585/4133/4973 6583/4131/4971 6580/4128/5127 6582/4130/4970 
f 6584/4132/4972 6583/4131/4971 6586/4134/5128 6587/4135/4975 
f 6588/4136/4976 6586/4134/5128 6583/4131/4971 6585/4133/4973 
f 6587/4135/4975 6586/4134/5128 6589/4137/4977 6590/4138/4978 
f 6591/4139/4979 6589/4137/4977 6586/4134/5128 6588/4136/4976 
f 6590/4138/4978 6589/4137/4977 6592/4140/4980 6593/4141/5129 
f 6594/4142/4982 6592/4140/4980 6589/4137/4977 6591/4139/4979 
f 6593/4141/5129 6592/4140/4980 6595/4143/5130 6596/4144/4984 
f 6597/4145/4985 6595/4143/5130 6592/4140/4980 6594/4142/4982 
f 6596/4144/4984 6595/4143/5130 6598/4146/4986 6599/4147/5131 
f 6600/4148/4988 6598/4146/4986 6595/4143/5130 6597/4145/4985 
f 6599/4147/5131 6598/4146/4986 6601/4149/4989 6602/4150/4990 
f 6603/4151/4991 6601/4149/4989 6598/4146/4986 6600/4148/4988 
f 6602/4150/4990 6601/4149/4989 6604/4152/5132 6605/4153/4993 
f 6606/4154/4994 6604/4152/5132 6601/4149/4989 6603/4151/4991 
f 6605/4153/4993 6604/4152/5132 6607/4155/4995 6608/4156/4996 
f 6609/4157/4997 6607/4155/4995 6604/4152/5132 6606/4154/4994 
f 6608/4156/4996 6607/4155/4995 6610/4158/4998 6611/4159/4999 
f 6612/4160/5000 6610/4158/4998 6607/4155/4995 6609/4157/4997 
f 6611/4159/4999 6610/4158/4998 6613/4161/5001 6614/4162/5002 
f 6615/4163/5003 6613/4161/5001 6610/4158/4998 6612/4160/5000 
f 6614/4162/5002 6613/4161/5001 6616/4164/5133 6617/4165/5005 
f 6618/4166/5006 6616/4164/5133 6613/4161/5001 6615/4163/5003 
f 6617/4165/5005 6616/4164/5133 6619/4167/5007 6620/4168/5008 
f 6621/4169/5009 6619/4167/5007 6616/4164/5133 6618/4166/5006 
f 6620/4168/5008 6619/4167/5007 6622/4170/5010 6623/4171/5011 
f 6624/4172/5012 6622/4170/5010 6619/4167/5007 6621/4169/5009 
f 6623/4171/5011 6622/4170/5010 6625/4173/5013 6626/4174/5014 
f 6627/4175/5015 6625/4173/5013 6622/4170/5010 6624/4172/5012 
f 6626/4174/5014 6625/4173/5013 6628/4176/5016 6629/4177/5017 
f 6630/4178/5018 6628/4176/5016 6625/4173/5013 6627/4175/5015 
f 6629/4177/5017 6628/4176/5016 6631/4179/5019 6632/4180/5020 
f 6633/4181/5021 6631/4179/5019 6628/4176/5016 6630/4178/5018 
f 6632/4180/5020 6631/4179/5019 6634/4182/5022 6635/4183/5023 
f 6636/4184/5024 6634/4182/5022 6631/4179/5019 6633/4181/5021 
f 6635/4183/5023 6634/4182/5022 6637/4185/5134 6638/4186/5026 
f 6639/4187/5027 6637/4185/5134 6634/4182/5022 6636/4184/5024 
f 6638/4186/5026 6637/4185/5134 6640/4188/5028 6641/4189/5029 
f 6642/4190/5030 6640/4188/5028 6637/4185/5134 6639/4187/5027 
f 6641/4189/5029 6640/4188/5028 6548/4096/5121 6547/4095/4935 
f 6552/4100/4940 6548/4096/5121 6640/4188/5028 6642/4190/5030 
f 5884/3432/4408 5883/3431/4407 5885/3433/5032 5888/3436/4411 
f 5883/3431/4407 6468/4016/4903 6470/4018/4904 5885/3433/5032 
f 6468/4016/4903 6449/3997/4887 6451/3999/4888 6470/4018/4904 
f 6449/3997/4887 6430/3978/5109 6432/3980/5111 6451/3999/4888 
f 6430/3978/5109 6411/3959/4855 6413/3961/4856 6432/3980/5111 
f 6411/3959/4855 6392/3940/4840 6394/3942/4841 6413/3961/4856 
f 6392/3940/4840 6373/3921/4824 6375/3923/4825 6394/3942/4841 
f 6373/3921/4824 6354/3902/4808 6356/3904/4809 6375/3923/4825 
f 6354/3902/4808 6335/3883/5099 6337/3885/5101 6356/3904/4809 
f 6335/3883/5099 6316/3864/4774 6318/3866/4776 6337/3885/5101 
f 6316/3864/4774 6297/3845/4758 6299/3847/4759 6318/3866/4776 
f 6297/3845/4758 6278/3826/5092 6280/3828/4743 6299/3847/4759 
f 6278/3826/5092 6259/3807/4726 6261/3809/4727 6280/3828/4743 
f 6259/3807/4726 6240/3788/4711 6242/3790/5087 6261/3809/4727 
f 6240/3788/4711 6221/3769/4694 6223/3771/5086 6242/3790/5087 
f 6221/3769/4694 6202/3750/4678 6204/3752/4679 6223/3771/5086 
f 6202/3750/4678 6183/3731/4661 6185/3733/5078 6204/3752/4679 
f 6183/3731/4661 6164/3712/4645 6166/3714/4646 6185/3733/5078 
f 6164/3712/4645 6145/3693/4629 6147/3695/5074 6166/3714/4646 
f 6145/3693/4629 6126/3674/5071 6128/3676/5072 6147/3695/5074 
f 6126/3674/5071 6107/3655/4597 6109/3657/4598 6128/3676/5072 
f 6107/3655/4597 6088/3636/5068 6090/3638/4583 6109/3657/4598 
f 6088/3636/5068 6069/3617/4566 6071/3619/4567 6090/3638/4583 
f 6069/3617/4566 6050/3598/5065 6052/3600/4551 6071/3619/4567 
f 6050/3598/5065 6031/3579/5057 6033/3581/5059 6052/3600/4551 
f 6031/3579/5057 6012/3560/4517 6014/3562/4518 6033/3581/5059 
f 6012/3560/4517 5993/3541/4500 5995/3543/4501 6014/3562/4518 
f 5993/3541/4500 5974/3522/4483 5976/3524/4484 5995/3543/4501 
f 5974/3522/4483 5955/3503/4467 5957/3505/4468 5976/3524/4484 
f 5955/3503/4467 5936/3484/5045 5938/3486/5047 5957/3505/4468 
f 5936/3484/5045 5917/3465/4436 5919/3467/4437 5938/3486/5047 
f 5917/3465/4436 5884/3432/4408 5888/3436/4411 5919/3467/4437 
f 6547/4095/4935 6550/4098/4938 5887/3435/5033 5886/3434/4410 
f 6550/4098/4938 6554/4102/4942 5918/3466/4437 5887/3435/5033 
f 6554/4102/4942 6557/4105/4945 5937/3485/5046 5918/3466/4437 
f 6557/4105/4945 6560/4108/5124 5956/3504/4468 5937/3485/5046 
f 6560/4108/5124 6563/4111/4951 5975/3523/4484 5956/3504/4468 
f 6563/4111/4951 6566/4114/4954 5994/3542/4501 5975/3523/4484 
f 6566/4114/4954 6569/4117/5125 6013/3561/4518 5994/3542/4501 
f 6569/4117/5125 6572/4120/4960 6032/3580/5058 6013/3561/4518 
f 6572/4120/4960 6575/4123/4963 6051/3599/4551 6032/3580/5058 
f 6575/4123/4963 6578/4126/4966 6070/3618/4567 6051/3599/4551 
f 6578/4126/4966 6581/4129/4969 6089/3637/4583 6070/3618/4567 
f 6581/4129/4969 6584/4132/4972 6108/3656/4598 6089/3637/4583 
f 6584/4132/4972 6587/4135/4975 6127/3675/5072 6108/3656/4598 
f 6587/4135/4975 6590/4138/4978 6146/3694/5074 6127/3675/5072 
f 6590/4138/4978 6593/4141/5129 6165/3713/4646 6146/3694/5074 
f 6593/4141/5129 6596/4144/4984 6184/3732/5078 6165/3713/4646 
f 6596/4144/4984 6599/4147/5131 6203/3751/4679 6184/3732/5078 
f 6599/4147/5131 6602/4150/4990 6222/3770/5086 6203/3751/4679 
f 6602/4150/4990 6605/4153/4993 6241/3789/5087 6222/3770/5086 
f 6605/4153/4993 6608/4156/4996 6260/3808/4727 6241/3789/5087 
f 6608/4156/4996 6611/4159/4999 6279/3827/4743 6260/3808/4727 
f 6611/4159/4999 6614/4162/5002 6298/3846/4759 6279/3827/4743 
f 6614/4162/5002 6617/4165/5005 6317/3865/4776 6298/3846/4759 
f 6617/4165/5005 6620/4168/5008 6336/3884/5100 6317/3865/4776 
f 6620/4168/5008 6623/4171/5011 6355/3903/4809 6336/3884/5100 
f 6623/4171/5011 6626/4174/5014 6374/3922/4825 6355/3903/4809 
f 6626/4174/5014 6629/4177/5017 6393/3941/4841 6374/3922/4825 
f 6629/4177/5017 6632/4180/5020 6412/3960/4856 6393/3941/4841 
f 6632/4180/5020 6635/4183/5023 6431/3979/5110 6412/3960/4856 
f 6635/4183/5023 6638/4186/5026 6450/3998/4888 6431/3979/5110 
f 6638/4186/5026 6641/4189/5029 6469/4017/5117 6450/3998/4888 
f 6641/4189/5029 6547/4095/4935 5886/3434/4410 6469/4017/5117 
f 5893/3441/4416 5896/3444/4419 5891/3439/4414 5890/3438/4413 
f 5896/3444/4419 5923/3471/4441 5920/3468/4438 5891/3439/4414 
f 5923/3471/4441 5942/3490/4457 5939/3487/4454 5920/3468/4438 
f 5942/3490/4457 5961/3509/4472 5958/3506/4469 5939/3487/4454 
f 5961/3509/4472 5980/3528/4488 5977/3525/4485 5958/3506/4469 
f 5980/3528/4488 5999/3547/4505 5996/3544/4502 5977/3525/4485 
f 5999/3547/4505 6018/3566/4522 6015/3563/4519 5996/3544/4502 
f 6018/3566/4522 6037/3585/5060 6034/3582/4536 6015/3563/4519 
f 6037/3585/5060 6056/3604/4555 6053/3601/4552 6034/3582/4536 
f 6056/3604/4555 6075/3623/4571 6072/3620/4568 6053/3601/4552 
f 6075/3623/4571 6094/3642/5069 6091/3639/4584 6072/3620/4568 
f 6094/3642/5069 6113/3661/4602 6110/3658/4599 6091/3639/4584 
f 6113/3661/4602 6132/3680/4618 6129/3677/4615 6110/3658/4599 
f 6132/3680/4618 6151/3699/4634 6148/3696/4631 6129/3677/4615 
f 6151/3699/4634 6170/3718/4650 6167/3715/4647 6148/3696/4631 
f 6170/3718/4650 6189/3737/4667 6186/3734/4664 6167/3715/4647 
f 6189/3737/4667 6208/3756/4683 6205/3753/4680 6186/3734/4664 
f 6208/3756/4683 6227/3775/4699 6224/3772/4696 6205/3753/4680 
f 6227/3775/4699 6246/3794/4716 6243/3791/4713 6224/3772/4696 
f 6246/3794/4716 6265/3813/4731 6262/3810/4728 6243/3791/4713 
f 6265/3813/4731 6284/3832/4747 6281/3829/4744 6262/3810/4728 
f 6284/3832/4747 6303/3851/4763 6300/3848/4760 6281/3829/4744 
f 6303/3851/4763 6322/3870/4780 6319/3867/5097 6300/3848/4760 
f 6322/3870/4780 6341/3889/5102 6338/3886/4794 6319/3867/5097 
f 6341/3889/5102 6360/3908/4813 6357/3905/4810 6338/3886/4794 
f 6360/3908/4813 6379/3927/4829 6376/3924/4826 6357/3905/4810 
f 6379/3927/4829 6398/3946/4845 6395/3943/4842 6376/3924/4826 
f 6398/3946/4845 6417/3965/5107 6414/3962/4857 6395/3943/4842 
f 6417/3965/5107 6436/3984/4876 6433/3981/4873 6414/3962/4857 
f 6436/3984/4876 6455/4003/4892 6452/4000/4889 6433/3981/4873 
f 6455/4003/4892 6474/4022/4908 6471/4019/4905 6452/4000/4889 
f 6474/4022/4908 5893/3441/4416 5890/3438/4413 6471/4019/4905 
f 6551/4099/4939 6552/4100/4940 5889/3437/4412 5892/3440/5034 
f 6552/4100/4940 6642/4190/5030 6472/4020/4906 5889/3437/4412 
f 6642/4190/5030 6639/4187/5027 6453/4001/4890 6472/4020/4906 
f 6639/4187/5027 6636/4184/5024 6434/3982/4874 6453/4001/4890 
f 6636/4184/5024 6633/4181/5021 6415/3963/4858 6434/3982/4874 
f 6633/4181/5021 6630/4178/5018 6396/3944/4843 6415/3963/4858 
f 6630/4178/5018 6627/4175/5015 6377/3925/4827 6396/3944/4843 
f 6627/4175/5015 6624/4172/5012 6358/3906/5105 6377/3925/4827 
f 6624/4172/5012 6621/4169/5009 6339/3887/4795 6358/3906/5105 
f 6621/4169/5009 6618/4166/5006 6320/3868/4778 6339/3887/4795 
f 6618/4166/5006 6615/4163/5003 6301/3849/4761 6320/3868/4778 
f 6615/4163/5003 6612/4160/5000 6282/3830/4745 6301/3849/4761 
f 6612/4160/5000 6609/4157/4997 6263/3811/4729 6282/3830/4745 
f 6609/4157/4997 6606/4154/4994 6244/3792/4714 6263/3811/4729 
f 6606/4154/4994 6603/4151/4991 6225/3773/4697 6244/3792/4714 
f 6603/4151/4991 6600/4148/4988 6206/3754/4681 6225/3773/4697 
f 6600/4148/4988 6597/4145/4985 6187/3735/5079 6206/3754/4681 
f 6597/4145/4985 6594/4142/4982 6168/3716/4648 6187/3735/5079 
f 6594/4142/4982 6591/4139/4979 6149/3697/4632 6168/3716/4648 
f 6591/4139/4979 6588/4136/4976 6130/3678/4616 6149/3697/4632 
f 6588/4136/4976 6585/4133/4973 6111/3659/4600 6130/3678/4616 
f 6585/4133/4973 6582/4130/4970 6092/3640/4585 6111/3659/4600 
f 6582/4130/4970 6579/4127/4967 6073/3621/4569 6092/3640/4585 
f 6579/4127/4967 6576/4124/4964 6054/3602/4553 6073/3621/4569 
f 6576/4124/4964 6573/4121/4961 6035/3583/4537 6054/3602/4553 
f 6573/4121/4961 6570/4118/4958 6016/3564/4520 6035/3583/4537 
f 6570/4118/4958 6567/4115/4955 5997/3545/5051 6016/3564/4520 
f 6567/4115/4955 6564/4112/4952 5978/3526/4486 5997/3545/5051 
f 6564/4112/4952 6561/4109/4949 5959/3507/4470 5978/3526/4486 
f 6561/4109/4949 6558/4106/5123 5940/3488/4455 5959/3507/4470 
f 6558/4106/5123 6555/4103/4943 5921/3469/4439 5940/3488/4455 
f 6555/4103/4943 6551/4099/4939 5892/3440/5034 5921/3469/4439 
f 5900/3448/4423 5899/3447/4422 5901/3449/1848 5904/3452/462 
f 5899/3447/4422 6476/4024/4910 6478/4026/414 5901/3449/1848 
f 6476/4024/4910 6457/4005/4894 6459/4007/408 6478/4026/414 
f 6457/4005/4894 6438/3986/4878 6440/3988/390 6459/4007/408 
f 6438/3986/4878 6419/3967/4862 6421/3969/360 6440/3988/390 
f 6419/3967/4862 6400/3948/4847 6402/3950/354 6421/3969/360 
f 6400/3948/4847 6381/3929/4831 6383/3931/336 6402/3950/354 
f 6381/3929/4831 6362/3910/4815 6364/3912/317 6383/3931/336 
f 6362/3910/4815 6343/3891/4799 6345/3893/2259 6364/3912/317 
f 6343/3891/4799 6324/3872/4782 6326/3874/4783 6345/3893/2259 
f 6324/3872/4782 6305/3853/4765 6307/3855/251 6326/3874/4783 
f 6305/3853/4765 6286/3834/4749 6288/3836/234 6307/3855/251 
f 6286/3834/4749 6267/3815/4733 6269/3817/2596 6288/3836/234 
f 6267/3815/4733 6248/3796/4718 6250/3798/211 6269/3817/2596 
f 6248/3796/4718 6229/3777/4701 6231/3779/4702 6250/3798/211 
f 6229/3777/4701 6210/3758/4685 6212/3760/5084 6231/3779/4702 
f 6210/3758/4685 6191/3739/5082 6193/3741/159 6212/3760/5084 
f 6191/3739/5082 6172/3720/4652 6174/3722/138 6193/3741/159 
f 6172/3720/4652 6153/3701/4636 6155/3703/120 6174/3722/138 
f 6153/3701/4636 6134/3682/4620 6136/3684/102 6155/3703/120 
f 6134/3682/4620 6115/3663/4604 6117/3665/72 6136/3684/102 
f 6115/3663/4604 6096/3644/4589 6098/3646/54 6117/3665/72 
f 6096/3644/4589 6077/3625/4573 6079/3627/48 6098/3646/54 
f 6077/3625/4573 6058/3606/4557 6060/3608/25 6079/3627/48 
f 6058/3606/4557 6039/3587/4541 6041/3589/4089 6060/3608/25 
f 6039/3587/4541 6020/3568/4524 6022/3570/4525 6041/3589/4089 
f 6020/3568/4524 6001/3549/4507 6003/3551/539 6022/3570/4525 
f 6001/3549/4507 5982/3530/4490 5984/3532/4491 6003/3551/539 
f 5982/3530/4490 5963/3511/4474 5965/3513/516 5984/3532/4491 
f 5963/3511/4474 5944/3492/4459 5946/3494/498 5965/3513/516 
f 5944/3492/4459 5925/3473/4443 5927/3475/468 5946/3494/498 
f 5925/3473/4443 5900/3448/4423 5904/3452/462 5927/3475/468 
f 5905/3453/4424 5908/3456/5038 5903/3451/462 5902/3450/1848 
f 5908/3456/5038 5929/3477/5043 5926/3474/468 5903/3451/462 
f 5929/3477/5043 5948/3496/4461 5945/3493/498 5926/3474/468 
f 5948/3496/4461 5967/3515/4476 5964/3512/516 5945/3493/498 
f 5967/3515/4476 5986/3534/4493 5983/3531/4491 5964/3512/516 
f 5986/3534/4493 6005/3553/5052 6002/3550/539 5983/3531/4491 
f 6005/3553/5052 6024/3572/5053 6021/3569/4525 6002/3550/539 
f 6024/3572/5053 6043/3591/5062 6040/3588/4089 6021/3569/4525 
f 6043/3591/5062 6062/3610/5066 6059/3607/25 6040/3588/4089 
f 6062/3610/5066 6081/3629/4575 6078/3626/48 6059/3607/25 
f 6081/3629/4575 6100/3648/4591 6097/3645/54 6078/3626/48 
f 6100/3648/4591 6119/3667/4606 6116/3664/72 6097/3645/54 
f 6119/3667/4606 6138/3686/4622 6135/3683/102 6116/3664/72 
f 6138/3686/4622 6157/3705/4638 6154/3702/120 6135/3683/102 
f 6157/3705/4638 6176/3724/4654 6173/3721/138 6154/3702/120 
f 6176/3724/4654 6195/3743/4671 6192/3740/159 6173/3721/138 
f 6195/3743/4671 6214/3762/4687 6211/3759/5084 6192/3740/159 
f 6214/3762/4687 6233/3781/4704 6230/3778/4702 6211/3759/5084 
f 6233/3781/4704 6252/3800/4720 6249/3797/211 6230/3778/4702 
f 6252/3800/4720 6271/3819/5091 6268/3816/2596 6249/3797/211 
f 6271/3819/5091 6290/3838/5095 6287/3835/234 6268/3816/2596 
f 6290/3838/5095 6309/3857/5096 6306/3854/251 6287/3835/234 
f 6309/3857/5096 6328/3876/5098 6325/3873/4783 6306/3854/251 
f 6328/3876/5098 6347/3895/4801 6344/3892/2259 6325/3873/4783 
f 6347/3895/4801 6366/3914/4817 6363/3911/317 6344/3892/2259 
f 6366/3914/4817 6385/3933/4833 6382/3930/336 6363/3911/317 
f 6385/3933/4833 6404/3952/4849 6401/3949/354 6382/3930/336 
f 6404/3952/4849 6423/3971/5108 6420/3968/360 6401/3949/354 
f 6423/3971/5108 6442/3990/4880 6439/3987/390 6420/3968/360 
f 6442/3990/4880 6461/4009/5116 6458/4006/408 6439/3987/390 
f 6461/4009/5116 6480/4028/5118 6477/4025/414 6458/4006/408 
f 6480/4028/5118 5905/3453/4424 5902/3450/1848 6477/4025/414 
f 6516/4064/4916 6515/4063/4915 6483/4031/5119 6514/4062/573 
f 6515/4063/4915 6517/4065/4915 6484/4032/573 6483/4031/5119 
f 6517/4065/4915 6518/4066/4917 6485/4033/573 6484/4032/573 
f 6518/4066/4917 6519/4067/4918 6486/4034/573 6485/4033/573 
f 6519/4067/4918 6520/4068/4918 6487/4035/573 6486/4034/573 
f 6520/4068/4918 6521/4069/4918 6488/4036/573 6487/4035/573 
f 6521/4069/4918 6522/4070/4919 6489/4037/573 6488/4036/573 
f 6522/4070/4919 6523/4071/4920 6490/4038/573 6489/4037/573 
f 6523/4071/4920 6524/4072/4921 6491/4039/573 6490/4038/573 
f 6524/4072/4921 6525/4073/4921 6492/4040/573 6491/4039/573 
f 6525/4073/4921 6526/4074/4922 6493/4041/573 6492/4040/573 
f 6526/4074/4922 6527/4075/4923 6494/4042/573 6493/4041/573 
f 6527/4075/4923 6528/4076/4923 6495/4043/573 6494/4042/573 
f 6528/4076/4923 6529/4077/4923 6496/4044/573 6495/4043/573 
f 6529/4077/4923 6530/4078/4924 6497/4045/573 6496/4044/573 
f 6530/4078/4924 6531/4079/4925 6498/4046/573 6497/4045/573 
f 6531/4079/4925 6532/4080/4925 6499/4047/573 6498/4046/573 
f 6532/4080/4925 6533/4081/4926 6500/4048/5119 6499/4047/573 
f 6533/4081/4926 6534/4082/4927 6501/4049/5120 6500/4048/5119 
f 6534/4082/4927 6535/4083/4928 6502/4050/573 6501/4049/5120 
f 6535/4083/4928 6536/4084/4928 6503/4051/573 6502/4050/573 
f 6536/4084/4928 6537/4085/4928 6504/4052/573 6503/4051/573 
f 6537/4085/4928 6538/4086/4929 6505/4053/573 6504/4052/573 
f 6538/4086/4929 6539/4087/4930 6506/4054/5120 6505/4053/573 
f 6539/4087/4930 6540/4088/4930 6507/4055/573 6506/4054/5120 
f 6540/4088/4930 6541/4089/4931 6508/4056/5119 6507/4055/573 
f 6541/4089/4931 6542/4090/4932 6509/4057/2883 6508/4056/5119 
f 6542/4090/4932 6543/4091/4933 6510/4058/573 6509/4057/2883 
f 6543/4091/4933 6544/4092/4933 6511/4059/573 6510/4058/573 
f 6544/4092/4933 6545/4093/4933 6512/4060/573 6511/4059/573 
f 6545/4093/4933 6546/4094/4934 6513/4061/2883 6512/4060/573 
f 6546/4094/4934 6516/4064/4916 6514/4062/573 6513/4061/2883 
f 6643/4191/5135 6644/4192/5136 6645/4193/5137 6646/4194/5138 
f 6647/4195/5139 6648/4196/5140 6649/4196/5141 6650/4195/5142 
f 6651/4195/5143 6652/4196/5144 6653/4196/5145 6654/4195/5146 
f 6655/4195/5147 6656/4196/5148 6657/4196/5149 6658/4195/5150 
f 6659/4196/5151 6660/4195/5152 6661/4195/5153 6662/4196/5154 
f 6656/4196/5148 6655/4195/5147 6663/4195/5155 6664/4196/5156 
f 6665/4195/5157 6666/4196/5158 6667/4196/5159 6668/4195/5160 
f 6669/4195/5161 6670/4196/5162 6671/4196/5163 6672/4195/5164 
f 6673/4195/5165 6674/4196/5166 6675/4196/5167 6676/4195/5168 
f 6660/4195/5152 6659/4196/5151 6648/4196/5140 6647/4195/5139 
f 6677/4196/5169 6678/4195/5170 6650/4195/5142 6649/4196/5141 
f 6679/4197/5171 6680/4198/5172 6681/4198/5173 6682/4197/5174 
f 6683/4199/5175 6684/4199/5176 6685/4199/5177 6686/4199/5178 
f 6687/4199/5179 6688/4199/5180 6689/4199/5181 6690/4199/5182 
f 6691/4199/5183 6692/4199/5184 6693/4199/5185 6694/4199/5186 
f 6695/4199/5187 6696/4199/5188 6697/4199/5189 6698/4199/5190 
f 6699/4199/5191 6700/4199/5192 6701/4199/5193 6702/4199/5194 
f 6703/4199/5195 6704/4199/5196 6705/4199/5197 6706/4199/5198 
f 6707/4199/5199 6708/4199/5200 6709/4199/5201 6710/4199/5202 
f 6711/4199/5203 6712/4199/5204 6713/4199/5205 6714/4199/5206 
f 6715/4199/5207 6683/4199/5175 6686/4199/5178 6716/4199/5208 
f 6717/4199/5209 6715/4199/5207 6716/4199/5208 6718/4199/5210 
f 6719/4200/5211 6720/4201/5212 6721/4201/5213 6722/4200/5214 
f 6723/4202/5215 6724/4202/5216 6725/4202/5217 6726/4202/5218 
f 6727/4202/5219 6728/4202/5220 6729/4202/5221 6730/4202/5222 
f 6731/4202/5223 6732/4202/5224 6733/4202/5225 6734/4202/5226 
f 6724/4202/5216 6735/4202/5227 6736/4202/5228 6725/4202/5217 
f 6737/4202/5229 6738/4202/5230 6739/4202/5231 6740/4202/5232 
f 6741/4202/5233 6742/4202/5234 6743/4202/5235 6744/4202/5236 
f 6745/4202/5237 6746/4202/5238 6747/4202/5239 6748/4202/5240 
f 6749/4202/5241 6750/4202/5242 6751/4202/5243 6752/4202/5244 
f 6753/4202/5245 6723/4202/5215 6726/4202/5218 6754/4202/5246 
f 6755/4202/5247 6753/4202/5245 6754/4202/5246 6756/4202/5248 
f 6757/4203/5249 6758/4204/5250 6759/4204/5251 6760/4203/5252 
f 6761/4205/5253 6762/4205/5254 6763/4205/5255 6764/4205/5256 
f 6765/4206/5257 6766/4206/5258 6767/4206/5259 6768/4206/5260 
f 6769/4197/5261 6770/4198/5262 6771/4198/5263 6772/4197/2662 
f 6773/4200/5264 6774/4201/573 6775/4201/5119 6776/4200/2883 
f 6777/4202/5265 6778/4202/5266 6779/4202/5267 6780/4202/5268 
f 6781/4202/5119 6777/4202/5265 6780/4202/5268 6782/4202/5119 
f 6783/4203/5269 6784/4204/5270 6785/4204/5271 6786/4203/5272 
f 6787/4205/5273 6788/4205/5274 6789/4205/5275 6790/4205/5276 
f 6791/4206/5277 6792/4206/5278 6793/4206/5279 6794/4206/5280 
f 6795/4199/5281 6796/4199/5282 6797/4199/5283 6798/4199/5284 
f 6799/4199/5285 6795/4199/5281 6798/4199/5284 6800/4199/5286 
f 6801/4199/5287 6802/4199/5288 6803/4199/5289 6804/4199/5290 
f 6805/4199/5291 6806/4199/5292 6807/4199/5293 6808/4199/5294 
f 6809/4199/5295 6810/4199/5296 6811/4199/5297 6812/4199/5298 
f 6813/4199/5299 6814/4199/5300 6815/4199/5301 6816/4199/5302 
f 6817/4199/5303 6818/4199/5304 6819/4199/5305 6820/4199/5306 
f 6821/4199/5307 6822/4199/5308 6823/4199/5309 6824/4199/5310 
f 6825/4199/5311 6826/4199/5312 6827/4199/5313 6828/4199/5314 
f 6829/4199/5315 6799/4199/5285 6830/4199/5316 6831/4199/5317 
f 6830/4199/5316 6799/4199/5285 6800/4199/5286 6832/4199/5318 
f 6833/4199/5319 6834/4199/5319 6835/4199/5320 6836/4199/5319 
f 6837/4199/5319 6838/4199/5320 6839/4207/5321 6840/4208/5322 
f 6841/4199/5320 6842/4199/5319 6843/4199/5320 6844/4199/5319 
f 6837/4199/5319 6845/4199/5319 6846/4199/5320 6836/4199/5319 
f 6847/4199/5320 6848/4199/5319 6849/4209/5320 6850/4210/5321 
f 6851/4211/5323 6852/4212/5324 6853/4213/3284 6840/4208/5322 
f 6851/4199/5323 6854/4199/5325 6855/4199/5326 6856/4199/5327 
f 6831/4199/5317 6852/4208/5324 6857/4210/5328 6803/4199/5289 
f 6812/4199/5298 6858/4199/5329 6859/4199/5330 6815/4199/5301 
f 6860/4192/5331 6861/4191/5332 6862/4194/5333 6863/4193/5334 
f 6864/4195/5335 6865/4196/5336 6866/4196/5337 6867/4195/5338 
f 6868/4195/5339 6869/4196/5340 6870/4196/5341 6871/4195/5342 
f 6872/4195/5343 6873/4196/5344 6874/4196/5345 6875/4195/5346 
f 6869/4196/5340 6868/4195/5339 6876/4195/5347 6877/4196/5348 
f 6878/4196/5349 6879/4195/5350 6880/4195/5351 6881/4196/5352 
f 6882/4195/5353 6883/4196/5354 6884/4196/5355 6885/4195/5356 
f 6879/4195/5350 6878/4196/5349 6886/4196/5357 6887/4195/5358 
f 6888/4195/5359 6889/4196/5360 6890/4196/5361 6891/4195/5362 
f 6867/4195/5338 6866/4196/5337 6892/4196/5363 6893/4195/5364 
f 6865/4196/5336 6864/4195/5335 6894/4195/5365 6895/4196/5366 
f 6896/4197/5367 6897/4198/5368 6898/4198/5369 6899/4197/5370 
f 6900/4199/5371 6901/4199/5372 6902/4199/5373 6903/4199/5374 
f 6904/4199/5375 6905/4199/5376 6906/4199/5377 6907/4199/5378 
f 6908/4199/5379 6909/4199/5380 6910/4199/5381 6911/4199/5382 
f 6912/4199/5383 6913/4199/5384 6914/4199/5385 6915/4199/5386 
f 6916/4199/5387 6917/4199/5388 6918/4199/5389 6919/4199/5390 
f 6920/4199/5391 6921/4199/5392 6922/4199/5393 6923/4199/5394 
f 6924/4199/5395 6925/4199/5396 6926/4199/5397 6927/4199/5398 
f 6711/4199/5203 6714/4199/5206 6928/4199/5399 6929/4199/5400 
f 6930/4199/5401 6931/4199/5402 6901/4199/5372 6900/4199/5371 
f 6932/4199/5403 6933/4199/5404 6931/4199/5402 6930/4199/5401 
f 6934/4200/5405 6935/4201/5406 6936/4201/5407 6937/4200/5408 
f 6938/4202/5409 6939/4202/5410 6940/4202/5411 6941/4202/5412 
f 6942/4202/5413 6943/4202/5414 6944/4202/5415 6945/4202/5416 
f 6946/4202/5417 6947/4202/5418 6948/4202/5419 6949/4202/5420 
f 6941/4202/5412 6940/4202/5411 6950/4202/5421 6951/4202/5422 
f 6952/4202/5423 6953/4202/5424 6954/4202/5425 6955/4202/5426 
f 6956/4202/5427 6957/4202/5428 6958/4202/5429 6959/4202/5430 
f 6960/4202/5431 6961/4202/5432 6962/4202/5433 6963/4202/5434 
f 6964/4202/5435 6965/4202/5436 6966/4202/5437 6967/4202/5438 
f 6968/4202/5439 6969/4202/5440 6939/4202/5410 6938/4202/5409 
f 6970/4202/5441 6971/4202/5442 6969/4202/5440 6968/4202/5439 
f 6972/4203/5443 6973/4204/5444 6974/4204/5445 6975/4203/5446 
f 6976/4205/5447 6977/4205/5448 6978/4205/5449 6979/4205/5450 
f 6980/4206/5451 6981/4206/5452 6982/4206/5453 6983/4206/5454 
f 6984/4197/5320 6985/4198/5455 6986/4198/5456 6987/4197/2247 
f 6988/4200/2883 6989/4201/5119 6990/4201/2883 6991/4200/2883 
f 6992/4202/5457 6993/4202/4925 6994/4202/5458 6995/4202/5459 
f 6996/4202/2883 6997/4202/2883 6993/4202/4925 6992/4202/5457 
f 6998/4203/5460 6999/4204/5461 7000/4204/5462 7001/4203/5463 
f 7002/4205/5464 7003/4205/5465 7004/4205/5466 7005/4205/5467 
f 7006/4206/5468 7007/4206/5469 7008/4206/5470 7009/4206/5471 
f 7010/4199/5472 7011/4199/3180 7012/4199/5473 7013/4199/5474 
f 7014/4199/5475 7015/4199/5476 7011/4199/3180 7010/4199/5472 
f 7016/4199/5477 7017/4199/5478 7018/4199/5479 7019/4199/5480 
f 7020/4199/5481 7021/4199/5482 7022/4199/5483 7023/4199/5484 
f 7024/4199/5485 7025/4199/5486 7026/4199/5487 7027/4199/5488 
f 7028/4199/5489 7029/4199/5490 7030/4199/5491 7031/4199/5492 
f 7032/4199/5493 7033/4199/5494 7034/4199/5495 7035/4199/5496 
f 7036/4199/5497 7037/4199/5498 7038/4199/5499 7039/4199/5500 
f 6825/4199/5311 6828/4199/5314 7040/4199/5501 7041/4199/5502 
f 7042/4199/5503 7043/4199/5504 7044/4199/5505 7014/4199/5475 
f 7044/4199/5505 7045/4199/5506 7015/4199/5476 7014/4199/5475 
f 6833/4199/5319 7046/4199/5320 7047/4199/5319 6834/4199/5319 
f 7048/4199/5320 7049/4208/5507 7050/4207/5508 7051/4199/5319 
f 6841/4199/5320 7052/4199/5320 7053/4199/5319 6842/4199/5319 
f 7048/4199/5320 7046/4199/5320 7054/4199/5319 7055/4199/5319 
f 7056/4199/5319 7057/4210/5509 7058/4209/5319 7059/4199/5320 
f 7060/4211/5510 7049/4208/5507 7061/4213/5511 7062/4212/5512 
f 7060/4199/5510 7063/4199/5513 7064/4199/5514 7065/4199/5515 
f 7043/4199/5504 7018/4199/5479 7066/4210/5516 7062/4208/5512 
f 7025/4199/5486 7030/4199/5491 7067/4199/5517 7068/4199/5518 
f 6778/4202/5266 7069/4202/5519 7070/4202/5520 7071/4202/5521 
f 7072/4202/5522 7073/4202/5523 7074/4202/5524 7075/4202/5525 
f 7076/4202/5526 7077/4202/5527 7078/4202/5528 7079/4202/5529 
f 7069/4202/5519 7080/4202/5530 7081/4202/5531 7070/4202/5520 
f 7082/4202/5532 7083/4202/5533 7084/4202/5534 7085/4202/5535 
f 7086/4202/5536 7087/4202/5537 7088/4202/5538 7089/4202/5539 
f 7090/4202/5540 7091/4202/5541 7092/4202/5542 7093/4202/5543 
f 7094/4202/5544 7095/4202/5545 7096/4202/5546 7097/4202/5547 
f 7098/4202/5548 6779/4202/5267 7099/4202/5549 7100/4202/5550 
f 7101/4202/5551 6995/4202/5459 7102/4202/5552 7103/4202/5553 
f 7104/4202/5524 7105/4202/5554 7106/4202/5555 7107/4202/5556 
f 7108/4202/5557 7109/4202/5558 7110/4202/5559 7111/4202/5560 
f 7112/4202/5561 7113/4202/5562 7114/4202/5563 7115/4202/5564 
f 7116/4202/5565 7117/4202/5566 7118/4202/5567 7119/4202/5568 
f 7120/4202/5569 7121/4202/5570 7122/4202/5571 7123/4202/5572 
f 7124/4202/5573 7125/4202/5574 7126/4202/5575 7127/4202/5576 
f 7128/4202/5577 7129/4202/5578 7130/4202/5579 7131/4202/5580 
f 6995/4202/5459 6994/4202/5458 7132/4202/5581 7102/4202/5552 
f 6720/4201/5212 6719/4200/5211 6644/4192/5136 6643/4191/5135 
f 6680/4198/5172 6679/4197/5171 6646/4194/5138 6645/4193/5137 
f 6648/4196/5140 6723/4202/5215 6753/4202/5245 6649/4196/5141 
f 6650/4195/5142 6683/4199/5175 6715/4199/5207 6647/4195/5139 
f 6652/4196/5144 6727/4202/5219 6732/4202/5224 6653/4196/5145 
f 7133/4195/5582 6687/4199/5179 6692/4199/5184 6654/4195/5146 
f 6656/4196/5148 6749/4202/5241 6728/4202/5220 6657/4196/5149 
f 6651/4195/5143 6691/4199/5183 6696/4199/5188 6658/4195/5150 
f 6660/4195/5152 6717/4199/5209 6688/4199/5180 6661/4195/5153 
f 7134/4196/5583 6731/4202/5223 6735/4202/5227 6662/4196/5154 
f 6655/4195/5147 6695/4199/5187 6700/4199/5192 6663/4195/5155 
f 7135/4196/5584 6741/4202/5233 6750/4202/5242 6664/4196/5156 
f 6666/4196/5158 6737/4202/5229 6746/4202/5238 6667/4196/5159 
f 6669/4195/5161 6707/4199/5199 6704/4199/5196 6668/4195/5160 
f 6670/4196/5162 6745/4202/5237 6742/4202/5234 6671/4196/5163 
f 7136/4195/5585 6699/4199/5191 6708/4199/5200 6672/4195/5164 
f 6674/4196/5166 7137/4202/5586 6738/4202/5230 6675/4196/5167 
f 6665/4195/5157 6703/4199/5195 6712/4199/5204 6676/4195/5168 
f 6659/4196/5151 6724/4202/5216 6723/4202/5215 6648/4196/5140 
f 6647/4195/5139 6715/4199/5207 6717/4199/5209 6660/4195/5152 
f 6678/4195/5170 6684/4199/5176 6683/4199/5175 6650/4195/5142 
f 6649/4196/5141 6753/4202/5245 6755/4202/5247 6677/4196/5169 
f 6758/4204/5250 6765/4206/5257 6768/4206/5260 6759/4204/5251 
f 7138/4203/5587 7139/4205/5588 6762/4205/5254 6760/4203/5252 
f 6784/4204/5270 6791/4206/5277 6794/4206/5280 6785/4204/5271 
f 6998/4203/5460 7140/4205/5589 7141/4205/5590 6786/4203/5272 
f 7142/4200/5591 7143/4201/5592 6861/4191/5332 6860/4192/5331 
f 7144/4197/5593 7145/4198/5594 6863/4193/5334 6862/4194/5333 
f 6865/4196/5336 6968/4202/5439 6938/4202/5409 6866/4196/5337 
f 6867/4195/5338 6930/4199/5401 6900/4199/5371 6864/4195/5335 
f 6869/4196/5340 6946/4202/5417 6949/4202/5420 6870/4196/5341 
f 6872/4195/5343 6908/4199/5379 6911/4199/5382 6871/4195/5342 
f 6873/4196/5344 6942/4202/5413 6945/4202/5416 6874/4196/5345 
f 7146/4195/5595 6912/4199/5383 6915/4199/5386 6875/4195/5346 
f 6868/4195/5339 6904/4199/5375 6907/4199/5378 6876/4195/5347 
f 6892/4196/5363 6941/4202/5412 6951/4202/5422 6877/4196/5348 
f 6879/4195/5350 6916/4199/5387 6919/4199/5390 6880/4195/5351 
f 7147/4196/5596 6964/4202/5435 6967/4202/5438 6881/4196/5352 
f 6883/4196/5354 6960/4202/5431 6963/4202/5434 6884/4196/5355 
f 6888/4195/5359 6920/4199/5391 6923/4199/5394 6885/4195/5356 
f 6878/4196/5349 6956/4202/5427 6959/4202/5430 6886/4196/5357 
f 6882/4195/5353 6924/4199/5395 6927/4199/5398 6887/4195/5358 
f 6889/4196/5360 6952/4202/5423 6955/4202/5426 6890/4196/5361 
f 6673/4195/5165 6711/4199/5203 6929/4199/5400 6891/4195/5362 
f 6866/4196/5337 6938/4202/5409 6941/4202/5412 6892/4196/5363 
f 6893/4195/5364 6932/4199/5403 6930/4199/5401 6867/4195/5338 
f 6864/4195/5335 6900/4199/5371 6903/4199/5374 6894/4195/5365 
f 6895/4196/5366 6970/4202/5441 6968/4202/5439 6865/4196/5336 
f 6973/4204/5444 7148/4206/5597 6981/4206/5452 6974/4204/5445 
f 7149/4203/5598 6976/4205/5447 6979/4205/5450 6975/4203/5446 
f 6999/4204/5461 7150/4206/5599 7007/4206/5469 7000/4204/5462 
f 7151/4203/5600 7152/4205/5601 7153/4205/5602 7001/4203/5463 
f 6644/4192/5136 6758/4204/5250 6757/4203/5249 6645/4193/5137 
f 6646/4194/5138 6678/4195/5170 6677/4196/5169 6643/4191/5135 
f 6680/4198/5172 6761/4205/5253 6764/4205/5256 6681/4198/5173 
f 7154/4197/5603 7155/4199/5604 6685/4199/5177 6682/4197/5174 
f 6720/4201/5212 6755/4202/5247 6756/4202/5248 6721/4201/5213 
f 7156/4200/5605 7157/4206/5606 6766/4206/5258 6722/4200/5214 
f 6770/4198/5262 6787/4205/5273 6790/4205/5276 6771/4198/5263 
f 6984/4197/5320 7158/4199/3190 6797/4199/5283 6772/4197/2662 
f 6774/4201/573 6781/4202/5119 6782/4202/5119 6775/4201/5119 
f 6988/4200/2883 7159/4206/5607 7160/4206/5608 6776/4200/2883 
f 6861/4191/5332 6895/4196/5366 6894/4195/5365 6862/4194/5333 
f 6863/4193/5334 7149/4203/5598 7161/4204/5609 6860/4192/5331 
f 6897/4198/5368 7162/4205/5610 6977/4205/5448 6898/4198/5369 
f 7144/4197/5593 6903/4199/5374 6902/4199/5373 6899/4197/5370 
f 6935/4201/5406 7163/4202/5611 6971/4202/5442 6936/4201/5407 
f 7142/4200/5591 6980/4206/5451 6983/4206/5454 6937/4200/5408 
f 6985/4198/5455 7164/4205/5612 7003/4205/5465 6986/4198/5456 
f 7165/4197/3202 7013/4199/5474 7012/4199/5473 6987/4197/2247 
f 6989/4201/5119 7166/4202/5119 6997/4202/2883 6990/4201/2883 
f 7167/4200/2883 7168/4206/5613 7169/4206/5614 6991/4200/2883 
f 6719/4200/5211 6765/4206/5257 6758/4204/5250 6644/4192/5136 
f 6643/4191/5135 6677/4196/5169 6755/4202/5247 6720/4201/5212 
f 6679/4197/5171 6684/4199/5176 6678/4195/5170 6646/4194/5138 
f 6645/4193/5137 6757/4203/5249 6761/4205/5253 6680/4198/5172 
f 7143/4201/5592 6970/4202/5441 6895/4196/5366 6861/4191/5332 
f 6860/4192/5331 7161/4204/5609 6980/4206/5451 7142/4200/5591 
f 7145/4198/5594 6976/4205/5447 7149/4203/5598 6863/4193/5334 
f 6862/4194/5333 6894/4195/5365 6903/4199/5374 7144/4197/5593 
f 7170/4198/5615 7171/4205/5616 6787/4205/5273 6770/4198/5262 
f 7171/4205/5616 7172/4205/5617 6788/4205/5274 6787/4205/5273 
f 7139/4205/5588 7138/4203/5587 6783/4203/5269 7173/4205/5618 
f 7138/4203/5587 7174/4204/5619 6784/4204/5270 6783/4203/5269 
f 7174/4204/5619 7175/4206/5620 6791/4206/5277 6784/4204/5270 
f 7175/4206/5620 7176/4206/5621 6792/4206/5278 6791/4206/5277 
f 7157/4206/5606 7156/4200/5605 6773/4200/5264 7177/4206/5622 
f 7156/4200/5605 7178/4201/5623 6774/4201/573 6773/4200/5264 
f 7178/4201/5623 7179/4202/5624 6781/4202/5119 6774/4201/573 
f 7179/4202/5624 7180/4202/5625 6777/4202/5265 6781/4202/5119 
f 7180/4202/5625 7181/4202/5626 6778/4202/5266 6777/4202/5265 
f 7181/4202/5626 7182/4202/5627 7069/4202/5519 6778/4202/5266 
f 7182/4202/5627 7183/4202/5628 7080/4202/5530 7069/4202/5519 
f 7184/4202/5629 7185/4202/5630 7077/4202/5527 7076/4202/5526 
f 7186/4202/5631 7187/4202/5632 7073/4202/5523 7072/4202/5522 
f 7188/4202/5633 7189/4202/5634 7095/4202/5545 7094/4202/5544 
f 7190/4202/5635 7191/4202/5636 7087/4202/5537 7086/4202/5536 
f 7192/4202/5637 7193/4202/5638 7091/4202/5541 7090/4202/5540 
f 7194/4202/5639 7195/4202/5640 7083/4202/5533 7082/4202/5532 
f 7196/4202/5641 7197/4202/5642 7117/4202/5566 7116/4202/5565 
f 7198/4202/5643 7199/4202/5644 7125/4202/5574 7124/4202/5573 
f 7200/4202/5645 7201/4202/5646 7121/4202/5570 7120/4202/5569 
f 7202/4202/5647 7203/4202/5648 7129/4202/5578 7128/4202/5577 
f 7204/4202/5649 7205/4202/5650 7105/4202/5554 7104/4202/5524 
f 7206/4202/5651 7207/4202/5652 7109/4202/5558 7108/4202/5557 
f 7208/4202/5653 7209/4202/5654 7113/4202/5562 7112/4202/5561 
f 7210/4202/5655 7211/4202/5656 6995/4202/5459 7101/4202/5551 
f 7211/4202/5656 7212/4202/5657 6992/4202/5457 6995/4202/5459 
f 7212/4202/5657 7163/4202/5611 6996/4202/2883 6992/4202/5457 
f 7163/4202/5611 6935/4201/5406 7213/4201/2883 6996/4202/2883 
f 6935/4201/5406 6934/4200/5405 7167/4200/2883 7213/4201/2883 
f 6934/4200/5405 7214/4206/5658 7168/4206/5613 7167/4200/2883 
f 7214/4206/5658 7215/4206/5659 7009/4206/5471 7168/4206/5613 
f 7148/4206/5597 6973/4204/5444 7216/4204/5660 7006/4206/5468 
f 6973/4204/5444 6972/4203/5443 7151/4203/5600 7216/4204/5660 
f 6972/4203/5443 7217/4205/5661 7152/4205/5601 7151/4203/5600 
f 7217/4205/5661 7218/4205/5662 7005/4205/5467 7152/4205/5601 
f 7162/4205/5610 6897/4198/5368 7219/4198/5663 7002/4205/5464 
f 6897/4198/5368 6896/4197/5367 7165/4197/3202 7219/4198/5663 
f 6896/4197/5367 7220/4199/5664 7013/4199/5474 7165/4197/3202 
f 7220/4199/5664 7221/4199/5665 7010/4199/5472 7013/4199/5474 
f 7221/4199/5665 7222/4199/5666 7014/4199/5475 7010/4199/5472 
f 7222/4199/5666 7223/4199/5667 7042/4199/5503 7014/4199/5475 
f 7223/4199/5667 7224/4199/5668 7019/4199/5480 7042/4199/5503 
f 7225/4199/5669 7226/4199/5670 7023/4199/5484 7016/4199/5477 
f 7227/4199/5671 7228/4199/5672 7027/4199/5488 7020/4199/5481 
f 7229/4199/5673 7230/4199/5674 7031/4199/5492 7024/4199/5485 
f 7231/4199/5675 7232/4199/5676 7039/4199/5500 7028/4199/5489 
f 7233/4199/5677 7234/4199/5678 7035/4199/5496 7036/4199/5497 
f 7235/4199/5679 7236/4199/5680 7041/4199/5502 7032/4199/5493 
f 7237/4199/5681 7238/4199/5682 6826/4199/5312 6825/4199/5311 
f 7239/4199/5683 7240/4199/5684 6818/4199/5304 6817/4199/5303 
f 7241/4199/5685 7242/4199/5686 6822/4199/5308 6821/4199/5307 
f 7243/4199/5687 7244/4199/5688 6814/4199/5300 6813/4199/5299 
f 7245/4199/5689 7246/4199/5690 6810/4199/5296 6809/4199/5295 
f 7247/4199/5691 7248/4199/5692 6806/4199/5292 6805/4199/5291 
f 7249/4199/5693 7250/4199/5694 6802/4199/5288 6801/4199/5287 
f 7251/4199/5695 7252/4199/5696 6799/4199/5285 6829/4199/5315 
f 7252/4199/5696 7253/4199/5697 6795/4199/5281 6799/4199/5285 
f 7253/4199/5697 7155/4199/5604 6796/4199/5282 6795/4199/5281 
f 7155/4199/5604 7154/4197/5603 6769/4197/5261 6796/4199/5282 
f 7154/4197/5603 7170/4198/5615 6770/4198/5262 6769/4197/5261 
f 6681/4198/5173 7170/4198/5615 7154/4197/5603 6682/4197/5174 
f 6685/4199/5177 7155/4199/5604 7253/4199/5697 6686/4199/5178 
f 6718/4199/5210 7251/4199/5695 7250/4199/5694 6689/4199/5181 
f 6690/4199/5182 7249/4199/5693 7248/4199/5692 6693/4199/5185 
f 6694/4199/5186 7247/4199/5691 7246/4199/5690 6697/4199/5189 
f 6698/4199/5190 7245/4199/5689 7244/4199/5688 6701/4199/5193 
f 6710/4199/5202 7241/4199/5685 7240/4199/5684 6705/4199/5197 
f 6702/4199/5194 7243/4199/5687 7242/4199/5686 6709/4199/5201 
f 6706/4199/5198 7239/4199/5683 7238/4199/5682 6713/4199/5205 
f 6686/4199/5178 7253/4199/5697 7252/4199/5696 6716/4199/5208 
f 6716/4199/5208 7252/4199/5696 7251/4199/5695 6718/4199/5210 
f 7172/4205/5617 7171/4205/5616 6764/4205/5256 6763/4205/5255 
f 6788/4205/5274 7173/4205/5618 7141/4205/5590 6789/4205/5275 
f 6898/4198/5369 7145/4198/5594 7144/4197/5593 6899/4197/5370 
f 6901/4199/5372 7221/4199/5665 7220/4199/5664 6902/4199/5373 
f 6905/4199/5376 7225/4199/5669 7224/4199/5668 6906/4199/5377 
f 6909/4199/5380 7227/4199/5671 7226/4199/5670 6910/4199/5381 
f 6913/4199/5384 7229/4199/5673 7228/4199/5672 6914/4199/5385 
f 6917/4199/5388 7231/4199/5675 7230/4199/5674 6918/4199/5389 
f 6921/4199/5392 7235/4199/5679 7234/4199/5678 6922/4199/5393 
f 6925/4199/5396 7233/4199/5677 7232/4199/5676 6926/4199/5397 
f 6714/4199/5206 7237/4199/5681 7236/4199/5680 6928/4199/5399 
f 6931/4199/5402 7222/4199/5666 7221/4199/5665 6901/4199/5372 
f 6933/4199/5404 7223/4199/5667 7222/4199/5666 6931/4199/5402 
f 6977/4205/5448 7162/4205/5610 7218/4205/5662 6978/4205/5449 
f 7254/4205/5698 7140/4205/5589 7153/4205/5602 7004/4205/5466 
f 6764/4205/5256 7171/4205/5616 7170/4198/5615 6681/4198/5173 
f 6685/4199/5177 6684/4199/5176 6679/4197/5171 6682/4197/5174 
f 6977/4205/5448 6976/4205/5447 7145/4198/5594 6898/4198/5369 
f 6902/4199/5373 7220/4199/5664 6896/4197/5367 6899/4197/5370 
f 7172/4205/5617 7139/4205/5588 7173/4205/5618 6788/4205/5274 
f 7218/4205/5662 7162/4205/5610 7002/4205/5464 7005/4205/5467 
f 6721/4201/5213 7178/4201/5623 7156/4200/5605 6722/4200/5214 
f 6725/4202/5217 7182/4202/5627 7181/4202/5626 6726/4202/5218 
f 6752/4202/5244 7188/4202/5633 7187/4202/5632 6729/4202/5221 
f 6730/4202/5222 7186/4202/5631 7185/4202/5630 6733/4202/5225 
f 6734/4202/5226 7184/4202/5629 7183/4202/5628 6736/4202/5228 
f 7255/4202/5699 7196/4202/5641 7195/4202/5640 6739/4202/5231 
f 6748/4202/5240 7192/4202/5637 7191/4202/5636 6743/4202/5235 
f 6740/4202/5232 7194/4202/5639 7193/4202/5638 6747/4202/5239 
f 6744/4202/5236 7190/4202/5635 7189/4202/5634 6751/4202/5243 
f 6726/4202/5218 7181/4202/5626 7180/4202/5625 6754/4202/5246 
f 6754/4202/5246 7180/4202/5625 7179/4202/5624 6756/4202/5248 
f 6766/4206/5258 7157/4206/5606 7176/4206/5621 6767/4206/5259 
f 6792/4206/5278 7177/4206/5622 7160/4206/5608 6793/4206/5279 
f 6936/4201/5407 7143/4201/5592 7142/4200/5591 6937/4200/5408 
f 6939/4202/5410 7211/4202/5656 7210/4202/5655 6940/4202/5411 
f 6943/4202/5414 7206/4202/5651 7205/4202/5650 6944/4202/5415 
f 6947/4202/5418 7208/4202/5653 7207/4202/5652 6948/4202/5419 
f 6940/4202/5411 7210/4202/5655 7209/4202/5654 6950/4202/5421 
f 6953/4202/5424 7198/4202/5643 7197/4202/5642 6954/4202/5425 
f 6957/4202/5428 7202/4202/5647 7201/4202/5646 6958/4202/5429 
f 6961/4202/5432 7200/4202/5645 7199/4202/5644 6962/4202/5433 
f 6965/4202/5436 7204/4202/5649 7203/4202/5648 6966/4202/5437 
f 6969/4202/5440 7212/4202/5657 7211/4202/5656 6939/4202/5410 
f 6971/4202/5442 7163/4202/5611 7212/4202/5657 6969/4202/5440 
f 7215/4206/5659 7214/4206/5658 6983/4206/5454 6982/4206/5453 
f 7256/4206/5700 7159/4206/5607 7169/4206/5614 7008/4206/5470 
f 6756/4202/5248 7179/4202/5624 7178/4201/5623 6721/4201/5213 
f 6766/4206/5258 6765/4206/5257 6719/4200/5211 6722/4200/5214 
f 6971/4202/5442 6970/4202/5441 7143/4201/5592 6936/4201/5407 
f 6983/4206/5454 7214/4206/5658 6934/4200/5405 6937/4200/5408 
f 7176/4206/5621 7157/4206/5606 7177/4206/5622 6792/4206/5278 
f 7215/4206/5659 7148/4206/5597 7006/4206/5468 7009/4206/5471 
f 6759/4204/5251 7174/4204/5619 7138/4203/5587 6760/4203/5252 
f 6762/4205/5254 7139/4205/5588 7172/4205/5617 6763/4205/5255 
f 6767/4206/5259 7176/4206/5621 7175/4206/5620 6768/4206/5260 
f 6974/4204/5445 7161/4204/5609 7149/4203/5598 6975/4203/5446 
f 6978/4205/5449 7218/4205/5662 7217/4205/5661 6979/4205/5450 
f 6981/4206/5452 7148/4206/5597 7215/4206/5659 6982/4206/5453 
f 6768/4206/5260 7175/4206/5620 7174/4204/5619 6759/4204/5251 
f 6762/4205/5254 6761/4205/5253 6757/4203/5249 6760/4203/5252 
f 6981/4206/5452 6980/4206/5451 7161/4204/5609 6974/4204/5445 
f 6979/4205/5450 7217/4205/5661 6972/4203/5443 6975/4203/5446 
f 7257/4202/5701 7258/4202/5702 7259/4202/5703 7260/4202/5704 
f 7261/4202/5705 7262/4202/5706 7263/4202/5707 7264/4202/5708 
f 7265/4202/5709 7266/4202/5710 7267/4202/5711 7268/4202/5712 
f 7269/4202/5713 7270/4202/5714 7271/4202/5715 7272/4202/5716 
f 7273/4202/5717 7274/4202/5718 7275/4202/5719 7276/4202/5720 
f 7277/4202/5721 7278/4202/5722 7279/4202/5723 7280/4202/5724 
f 7281/4202/5725 7282/4202/5726 7283/4202/5727 7284/4202/5728 
f 7285/4202/5729 7286/4202/5730 7287/4202/5731 7288/4202/5732 
f 7260/4202/5704 7259/4202/5703 7289/4202/5733 7290/4202/5734 
f 7291/4202/5735 7292/4202/5736 7293/4202/5737 7294/4202/5738 
f 7295/4202/5739 7296/4202/5740 7297/4202/5741 7298/4202/5742 
f 7299/4202/5743 7300/4202/5744 7301/4202/5745 7302/4202/5746 
f 7294/4202/5738 7293/4202/5737 7303/4202/5747 7304/4202/5748 
f 7305/4202/5749 7306/4202/5750 7307/4202/5751 7308/4202/5752 
f 7309/4202/5753 7310/4202/5754 7311/4202/5755 7312/4202/5756 
f 7313/4202/5757 7314/4202/5758 7315/4202/5759 7316/4202/5760 
f 7317/4202/5761 7318/4202/5762 7319/4202/5763 7320/4202/5764 
f 7321/4202/5765 7322/4202/5766 7323/4202/5767 7324/4202/5768 
f 7325/4202/5769 7326/4202/5770 7327/4202/5771 7328/4202/5772 
f 7329/4202/5773 7330/4202/5773 7331/4202/5774 7332/4202/5775 
f 7333/4202/5776 7334/4202/5777 7335/4202/5778 7336/4202/5779 
f 7337/4202/5780 7338/4202/5781 7339/4202/5782 7340/4202/5783 
f 7341/4202/5784 7342/4202/5785 7343/4202/5786 7344/4202/5787 
f 7345/4202/5788 7346/4202/5789 7347/4202/5790 7348/4202/5791 
f 7349/4202/5792 7350/4202/5793 7351/4202/5794 7352/4202/5795 
f 7353/4202/5796 7354/4202/5797 7355/4202/5798 7356/4202/5799 
f 7328/4202/5772 7327/4202/5771 7357/4202/5800 7358/4202/5801 
f 7359/4202/5802 7360/4202/5803 7361/4202/5804 7362/4202/5805 
f 7363/4202/5806 7364/4202/5807 7365/4202/5808 7366/4202/5809 
f 7367/4202/5810 7368/4202/5811 7369/4202/5812 7370/4202/5813 
f 7362/4202/5805 7361/4202/5804 7371/4202/5814 7372/4202/5815 
f 7373/4202/5816 7374/4202/5817 7375/4202/5818 7376/4202/5819 
f 7377/4202/5820 7378/4202/5821 7379/4202/5822 7380/4202/5823 
f 7381/4202/5824 7382/4202/5825 7383/4202/5826 7384/4202/5827 
f 7385/4202/5828 7386/4202/5829 7387/4202/5830 7388/4202/5831 
f 7389/4202/5832 7390/4202/5833 7391/4202/5834 7392/4202/5835 
f 7070/4202/5520 7393/4202/5836 7394/4202/5837 7071/4202/5521 
f 7097/4202/5547 7395/4202/5838 7396/4202/5839 7074/4202/5524 
f 7075/4202/5525 7397/4202/5840 7398/4202/5841 7078/4202/5528 
f 7079/4202/5529 7399/4202/5842 7400/4202/5843 7081/4202/5531 
f 7119/4202/5568 7401/4202/5844 7402/4202/5845 7084/4202/5534 
f 7093/4202/5543 7403/4202/5846 7404/4202/5847 7088/4202/5538 
f 7085/4202/5535 7405/4202/5848 7406/4202/5849 7092/4202/5542 
f 7089/4202/5539 7407/4202/5850 7408/4202/5851 7096/4202/5546 
f 7071/4202/5521 7394/4202/5837 7409/4202/5852 7099/4202/5549 
f 7102/4202/5552 7410/4202/5853 7411/4202/2165 7103/4202/5553 
f 7111/4202/5560 7412/4202/5854 7413/4202/5855 7106/4202/5555 
f 7115/4202/5564 7414/4202/5856 7415/4202/5857 7110/4202/5559 
f 7103/4202/5553 7411/4202/2165 7416/4202/5858 7114/4202/5563 
f 7127/4202/5576 7417/4202/5859 7418/4202/5860 7118/4202/5567 
f 7131/4202/5580 7419/4202/5861 7420/4202/5862 7122/4202/5571 
f 7123/4202/5572 7421/4202/5863 7422/4202/5864 7126/4202/5575 
f 7107/4202/5556 7423/4202/5865 7424/4202/5866 7130/4202/5579 
f 7100/4202/5550 7425/4202/5867 7426/4202/5868 7132/4202/5581 
f 7258/4202/5702 7427/4202/5869 7428/4202/5870 7259/4202/5703 
f 7260/4202/5704 7394/4202/5837 7393/4202/5836 7257/4202/5701 
f 7262/4202/5706 7429/4202/5871 7430/4202/5872 7263/4202/5707 
f 7265/4202/5709 7397/4202/5840 7396/4202/5839 7264/4202/5708 
f 7266/4202/5710 7431/4202/5873 7432/4202/5874 7267/4202/5711 
f 7269/4202/5713 7399/4202/5842 7398/4202/5841 7268/4202/5712 
f 7270/4202/5714 7433/4202/5875 7434/4202/5876 7271/4202/5715 
f 7257/4202/5701 7393/4202/5836 7400/4202/5843 7272/4202/5716 
f 7274/4202/5718 7435/4202/5877 7436/4202/5878 7275/4202/5719 
f 7281/4202/5725 7405/4202/5848 7402/4202/5845 7276/4202/5720 
f 7278/4202/5722 7437/4202/5879 7438/4202/5880 7279/4202/5723 
f 7285/4202/5729 7407/4202/5850 7404/4202/5847 7280/4202/5724 
f 7282/4202/5726 7439/4202/5881 7440/4202/5882 7283/4202/5727 
f 7277/4202/5721 7403/4202/5846 7406/4202/5849 7284/4202/5728 
f 7286/4202/5730 7441/4202/5883 7442/4202/5884 7287/4202/5731 
f 7261/4202/5705 7395/4202/5838 7408/4202/5851 7288/4202/5732 
f 7259/4202/5703 7428/4202/5870 7443/4202/5885 7289/4202/5733 
f 7321/4202/5765 7425/4202/5867 7409/4202/5852 7290/4202/5734 
f 7292/4202/5736 7444/4202/5886 7445/4202/5887 7293/4202/5737 
f 7294/4202/5738 7411/4202/2165 7410/4202/5853 7291/4202/5735 
f 7296/4202/5740 7446/4202/5888 7447/4202/5889 7297/4202/5741 
f 7317/4202/5761 7423/4202/5865 7413/4202/5855 7298/4202/5742 
f 7300/4202/5744 7448/4202/5890 7449/4202/5891 7301/4202/5745 
f 7295/4202/5739 7412/4202/5854 7415/4202/5857 7302/4202/5746 
f 7293/4202/5737 7445/4202/5887 7450/4202/5892 7303/4202/5747 
f 7299/4202/5743 7414/4202/5856 7416/4202/5858 7304/4202/5748 
f 7306/4202/5750 7451/4202/5893 7452/4202/5894 7307/4202/5751 
f 7273/4202/5717 7401/4202/5844 7418/4202/5860 7308/4202/5752 
f 7310/4202/5754 7453/4202/5895 7454/4202/5896 7311/4202/5755 
f 7313/4202/5757 7421/4202/5863 7420/4202/5862 7312/4202/5756 
f 7314/4202/5758 7455/4202/5897 7456/4202/5898 7315/4202/5759 
f 7305/4202/5749 7417/4202/5859 7422/4202/5864 7316/4202/5760 
f 7318/4202/5762 7457/4202/5899 7458/4202/5900 7319/4202/5763 
f 7309/4202/5753 7419/4202/5861 7424/4202/5866 7320/4202/5764 
f 7322/4202/5766 7459/4202/5901 7460/4202/5902 7323/4202/5767 
f 7291/4202/5735 7410/4202/5853 7426/4202/5868 7324/4202/5768 
f 7328/4202/5772 7428/4202/5870 7427/4202/5869 7325/4202/5769 
f 7333/4202/5776 7431/4202/5873 7430/4202/5872 7332/4202/5775 
f 7337/4202/5780 7433/4202/5875 7432/4202/5874 7336/4202/5779 
f 7325/4202/5769 7427/4202/5869 7434/4202/5876 7340/4202/5783 
f 7349/4202/5792 7439/4202/5881 7436/4202/5878 7344/4202/5787 
f 7353/4202/5796 7441/4202/5883 7438/4202/5880 7348/4202/5791 
f 7345/4202/5788 7437/4202/5879 7440/4202/5882 7352/4202/5795 
f 7329/4202/5773 7429/4202/5871 7442/4202/5884 7356/4202/5799 
f 7389/4202/5832 7459/4202/5901 7443/4202/5885 7358/4202/5801 
f 7362/4202/5805 7445/4202/5887 7444/4202/5886 7359/4202/5802 
f 7385/4202/5828 7457/4202/5899 7447/4202/5889 7366/4202/5809 
f 7363/4202/5806 7446/4202/5888 7449/4202/5891 7370/4202/5813 
f 7367/4202/5810 7448/4202/5890 7450/4202/5892 7372/4202/5815 
f 7341/4202/5784 7435/4202/5877 7452/4202/5894 7376/4202/5819 
f 7381/4202/5824 7455/4202/5897 7454/4202/5896 7380/4202/5823 
f 7373/4202/5816 7451/4202/5893 7456/4202/5898 7384/4202/5827 
f 7377/4202/5820 7453/4202/5895 7458/4202/5900 7388/4202/5831 
f 7359/4202/5802 7444/4202/5886 7460/4202/5902 7392/4202/5835 
f 6653/4196/5145 7134/4196/5583 7133/4195/5582 6654/4195/5146 
f 6657/4196/5149 6652/4196/5144 6651/4195/5143 6658/4195/5150 
f 6663/4195/5155 7136/4195/5585 7135/4196/5584 6664/4196/5156 
f 6692/4199/5184 6687/4199/5179 6690/4199/5182 6693/4199/5185 
f 6696/4199/5188 6691/4199/5183 6694/4199/5186 6697/4199/5189 
f 6700/4199/5192 6695/4199/5187 6698/4199/5190 6701/4199/5193 
f 6728/4202/5220 6749/4202/5241 6752/4202/5244 6729/4202/5221 
f 6732/4202/5224 6727/4202/5219 6730/4202/5222 6733/4202/5225 
f 6750/4202/5242 6741/4202/5233 6744/4202/5236 6751/4202/5243 
f 6806/4199/5292 6801/4199/5287 6804/4199/5290 6807/4199/5293 
f 6810/4199/5296 6805/4199/5291 6808/4199/5294 6811/4199/5297 
f 6814/4199/5300 6809/4199/5295 6812/4199/5298 6815/4199/5301 
f 6834/4199/5319 6841/4199/5320 6844/4199/5319 6835/4199/5320 
f 6838/4199/5320 6847/4199/5320 6850/4210/5321 6839/4207/5321 
f 6842/4199/5319 6828/4199/5314 6827/4199/5313 6843/4199/5320 
f 6845/4199/5319 6830/4199/5316 6832/4199/5318 6846/4199/5320 
f 6848/4199/5319 6820/4199/5306 6819/4199/5305 6849/4209/5320 
f 6852/4212/5324 6831/4205/5317 6830/4199/5316 6853/4213/3284 
f 6854/4199/5325 7461/4199/5903 6858/4199/5329 6855/4199/5326 
f 6852/4208/5324 6851/4211/5323 6856/4208/5327 6857/4210/5328 
f 7462/4199/5904 6824/4199/5310 6823/4199/5309 6859/4199/5330 
f 6870/4196/5341 6873/4196/5344 6872/4195/5343 6871/4195/5342 
f 6874/4196/5345 7147/4196/5596 7146/4195/5595 6875/4195/5346 
f 6880/4195/5351 7146/4195/5595 7147/4196/5596 6881/4196/5352 
f 6910/4199/5381 6905/4199/5376 6904/4199/5375 6911/4199/5382 
f 6914/4199/5385 6909/4199/5380 6908/4199/5379 6915/4199/5386 
f 6918/4199/5389 6913/4199/5384 6912/4199/5383 6919/4199/5390 
f 6944/4202/5415 6965/4202/5436 6964/4202/5435 6945/4202/5416 
f 6948/4202/5419 6943/4202/5414 6942/4202/5413 6949/4202/5420 
f 6966/4202/5437 6957/4202/5428 6956/4202/5427 6967/4202/5438 
f 7022/4199/5483 7017/4199/5478 7016/4199/5477 7023/4199/5484 
f 7026/4199/5487 7021/4199/5482 7020/4199/5481 7027/4199/5488 
f 7030/4199/5491 7025/4199/5486 7024/4199/5485 7031/4199/5492 
f 7051/4199/5319 7056/4199/5319 7052/4199/5320 7047/4199/5319 
f 7065/4214/5515 7463/4208/5905 7057/4210/5509 7050/4207/5508 
f 7059/4199/5320 7033/4199/5494 7040/4199/5501 7053/4199/5319 
f 7464/4199/5320 7465/4199/3180 7045/4199/5506 7054/4199/5319 
f 7466/4210/5906 7037/4199/5498 7034/4199/5495 7058/4209/5319 
f 7055/4199/5319 7044/4214/5505 7061/4213/5511 
f 7026/4199/5487 7025/4199/5486 7068/4199/5518 7064/4199/5514 
f 7022/4199/5483 7021/4199/5482 7063/4208/5513 7066/4210/5516 
f 7030/4199/5491 7029/4199/5490 7038/4199/5499 7067/4199/5517 
f 7073/4202/5523 7094/4202/5544 7097/4202/5547 7074/4202/5524 
f 7077/4202/5527 7072/4202/5522 7075/4202/5525 7078/4202/5528 
f 7095/4202/5545 7086/4202/5536 7089/4202/5539 7096/4202/5546 
f 7105/4202/5554 7108/4202/5557 7111/4202/5560 7106/4202/5555 
f 7109/4202/5558 7112/4202/5561 7115/4202/5564 7110/4202/5559 
f 7129/4202/5578 7104/4202/5524 7107/4202/5556 7130/4202/5579 
f 6732/4202/5224 6731/4202/5223 7134/4196/5583 6653/4196/5145 
f 6692/4199/5184 6691/4199/5183 6651/4195/5143 6654/4195/5146 
f 6728/4202/5220 6727/4202/5219 6652/4196/5144 6657/4196/5149 
f 6696/4199/5188 6695/4199/5187 6655/4195/5147 6658/4195/5150 
f 6700/4199/5192 6699/4199/5191 7136/4195/5585 6663/4195/5155 
f 6750/4202/5242 6749/4202/5241 6656/4196/5148 6664/4196/5156 
f 6949/4202/5420 6942/4202/5413 6873/4196/5344 6870/4196/5341 
f 6911/4199/5382 6904/4199/5375 6868/4195/5339 6871/4195/5342 
f 6945/4202/5416 6964/4202/5435 7147/4196/5596 6874/4196/5345 
f 6915/4199/5386 6908/4199/5379 6872/4195/5343 6875/4195/5346 
f 6919/4199/5390 6912/4199/5383 7146/4195/5595 6880/4195/5351 
f 6967/4202/5438 6956/4202/5427 6878/4196/5349 6881/4196/5352 
f 7185/4202/5630 7186/4202/5631 7072/4202/5522 7077/4202/5527 
f 7187/4202/5632 7188/4202/5633 7094/4202/5544 7073/4202/5523 
f 7189/4202/5634 7190/4202/5635 7086/4202/5536 7095/4202/5545 
f 7203/4202/5648 7204/4202/5649 7104/4202/5524 7129/4202/5578 
f 7205/4202/5650 7206/4202/5651 7108/4202/5557 7105/4202/5554 
f 7207/4202/5652 7208/4202/5653 7112/4202/5561 7109/4202/5558 
f 7226/4199/5670 7227/4199/5671 7020/4199/5481 7023/4199/5484 
f 7228/4199/5672 7229/4199/5673 7024/4199/5485 7027/4199/5488 
f 7230/4199/5674 7231/4199/5675 7028/4199/5489 7031/4199/5492 
f 7244/4199/5688 7245/4199/5689 6809/4199/5295 6814/4199/5300 
f 7246/4199/5690 7247/4199/5691 6805/4199/5291 6810/4199/5296 
f 7248/4199/5692 7249/4199/5693 6801/4199/5287 6806/4199/5292 
f 7248/4199/5692 7247/4199/5691 6694/4199/5186 6693/4199/5185 
f 7246/4199/5690 7245/4199/5689 6698/4199/5190 6697/4199/5189 
f 7244/4199/5688 7243/4199/5687 6702/4199/5194 6701/4199/5193 
f 7226/4199/5670 7225/4199/5669 6905/4199/5376 6910/4199/5381 
f 7228/4199/5672 7227/4199/5671 6909/4199/5380 6914/4199/5385 
f 7230/4199/5674 7229/4199/5673 6913/4199/5384 6918/4199/5389 
f 7187/4202/5632 7186/4202/5631 6730/4202/5222 6729/4202/5221 
f 7185/4202/5630 7184/4202/5629 6734/4202/5226 6733/4202/5225 
f 7189/4202/5634 7188/4202/5633 6752/4202/5244 6751/4202/5243 
f 7205/4202/5650 7204/4202/5649 6965/4202/5436 6944/4202/5415 
f 7207/4202/5652 7206/4202/5651 6943/4202/5414 6948/4202/5419 
f 7203/4202/5648 7202/4202/5647 6957/4202/5428 6966/4202/5437 
f 7263/4202/5707 7266/4202/5710 7265/4202/5709 7264/4202/5708 
f 7267/4202/5711 7270/4202/5714 7269/4202/5713 7268/4202/5712 
f 7287/4202/5731 7262/4202/5706 7261/4202/5705 7288/4202/5732 
f 7297/4202/5741 7318/4202/5762 7317/4202/5761 7298/4202/5742 
f 7301/4202/5745 7296/4202/5740 7295/4202/5739 7302/4202/5746 
f 7319/4202/5763 7310/4202/5754 7309/4202/5753 7320/4202/5764 
f 7331/4202/5774 7334/4202/5777 7333/4202/5776 7332/4202/5775 
f 7335/4202/5778 7338/4202/5781 7337/4202/5780 7336/4202/5779 
f 7355/4202/5798 7330/4202/5773 7329/4202/5773 7356/4202/5799 
f 7365/4202/5808 7386/4202/5829 7385/4202/5828 7366/4202/5809 
f 7369/4202/5812 7364/4202/5807 7363/4202/5806 7370/4202/5813 
f 7387/4202/5830 7378/4202/5821 7377/4202/5820 7388/4202/5831 
f 7396/4202/5839 7397/4202/5840 7075/4202/5525 7074/4202/5524 
f 7398/4202/5841 7399/4202/5842 7079/4202/5529 7078/4202/5528 
f 7408/4202/5851 7395/4202/5838 7097/4202/5547 7096/4202/5546 
f 7413/4202/5855 7423/4202/5865 7107/4202/5556 7106/4202/5555 
f 7415/4202/5857 7412/4202/5854 7111/4202/5560 7110/4202/5559 
f 7424/4202/5866 7419/4202/5861 7131/4202/5580 7130/4202/5579 
f 7430/4202/5872 7431/4202/5873 7266/4202/5710 7263/4202/5707 
f 7396/4202/5839 7395/4202/5838 7261/4202/5705 7264/4202/5708 
f 7432/4202/5874 7433/4202/5875 7270/4202/5714 7267/4202/5711 
f 7398/4202/5841 7397/4202/5840 7265/4202/5709 7268/4202/5712 
f 7442/4202/5884 7429/4202/5871 7262/4202/5706 7287/4202/5731 
f 7408/4202/5851 7407/4202/5850 7285/4202/5729 7288/4202/5732 
f 7447/4202/5889 7457/4202/5899 7318/4202/5762 7297/4202/5741 
f 7413/4202/5855 7412/4202/5854 7295/4202/5739 7298/4202/5742 
f 7449/4202/5891 7446/4202/5888 7296/4202/5740 7301/4202/5745 
f 7415/4202/5857 7414/4202/5856 7299/4202/5743 7302/4202/5746 
f 7458/4202/5900 7453/4202/5895 7310/4202/5754 7319/4202/5763 
f 7424/4202/5866 7423/4202/5865 7317/4202/5761 7320/4202/5764 
f 7430/4202/5872 7429/4202/5871 7329/4202/5773 7332/4202/5775 
f 7432/4202/5874 7431/4202/5873 7333/4202/5776 7336/4202/5779 
f 7442/4202/5884 7441/4202/5883 7353/4202/5796 7356/4202/5799 
f 7447/4202/5889 7446/4202/5888 7363/4202/5806 7366/4202/5809 
f 7449/4202/5891 7448/4202/5890 7367/4202/5810 7370/4202/5813 
f 7458/4202/5900 7457/4202/5899 7385/4202/5828 7388/4202/5831 
f 6661/4195/5153 7133/4195/5582 7134/4196/5583 6662/4196/5154 
f 6667/4196/5159 6670/4196/5162 6669/4195/5161 6668/4195/5160 
f 6671/4196/5163 7135/4196/5584 7136/4195/5585 6672/4195/5164 
f 6675/4196/5167 6666/4196/5158 6665/4195/5157 6676/4195/5168 
f 6688/4199/5180 6717/4199/5209 6718/4199/5210 6689/4199/5181 
f 6704/4199/5196 6707/4199/5199 6710/4199/5202 6705/4199/5197 
f 6708/4199/5200 6699/4199/5191 6702/4199/5194 6709/4199/5201 
f 6712/4199/5204 6703/4199/5195 6706/4199/5198 6713/4199/5205 
f 6735/4202/5227 6731/4202/5223 6734/4202/5226 6736/4202/5228 
f 6738/4202/5230 7137/4202/5586 7255/4202/5699 6739/4202/5231 
f 6742/4202/5234 6745/4202/5237 6748/4202/5240 6743/4202/5235 
f 6746/4202/5238 6737/4202/5229 6740/4202/5232 6747/4202/5239 
f 6771/4198/5263 6985/4198/5455 6984/4197/5320 6772/4197/2662 
f 6775/4201/5119 6989/4201/5119 6988/4200/2883 6776/4200/2883 
f 6779/4202/5267 7098/4202/5548 7467/4202/5907 6780/4202/5268 
f 6780/4202/5268 7467/4202/5907 7166/4202/5119 6782/4202/5119 
f 6785/4204/5271 6999/4204/5461 6998/4203/5460 6786/4203/5272 
f 6789/4205/5275 7254/4205/5698 7164/4205/5612 6790/4205/5276 
f 6793/4206/5279 7256/4206/5700 7150/4206/5599 6794/4206/5280 
f 6797/4199/5283 7158/4199/3190 7468/4199/5908 6798/4199/5284 
f 6798/4199/5284 7468/4199/5908 7469/4199/5909 6800/4199/5286 
f 6802/4199/5288 6829/4199/5315 6831/4199/5317 6803/4199/5289 
f 6818/4199/5304 6821/4199/5307 6824/4199/5310 6819/4199/5305 
f 6822/4199/5308 6813/4199/5299 6816/4199/5302 6823/4199/5309 
f 6826/4199/5312 6817/4199/5303 6820/4199/5306 6827/4199/5313 
f 6800/4199/5286 7469/4199/5909 7465/4199/3180 6832/4199/5318 
f 6835/4199/5320 6838/4199/5320 6837/4199/5319 6836/4199/5319 
f 6839/4207/5321 6854/4214/5325 6851/4211/5323 6840/4208/5322 
f 6843/4199/5320 6848/4199/5319 6847/4199/5320 6844/4199/5319 
f 6846/4199/5320 7464/4199/5320 6833/4199/5319 6836/4199/5319 
f 6849/4209/5320 7462/4210/5904 7461/4208/5903 6850/4210/5321 
f 6853/4213/3284 6845/4199/5319 6837/4199/5319 6840/4208/5322 
f 6855/4199/5326 6811/4199/5297 6808/4199/5294 6856/4199/5327 
f 6857/4210/5328 6807/4199/5293 6804/4199/5290 6803/4199/5289 
f 6858/4199/5329 7461/4199/5903 7462/4199/5904 6859/4199/5330 
f 6876/4195/5347 6893/4195/5364 6892/4196/5363 6877/4196/5348 
f 6884/4196/5355 6889/4196/5360 6888/4195/5359 6885/4195/5356 
f 6886/4196/5357 6883/4196/5354 6882/4195/5353 6887/4195/5358 
f 6890/4196/5361 6674/4196/5166 6673/4195/5165 6891/4195/5362 
f 6906/4199/5377 6933/4199/5404 6932/4199/5403 6907/4199/5378 
f 6922/4199/5393 6925/4199/5396 6924/4199/5395 6923/4199/5394 
f 6926/4199/5397 6917/4199/5388 6916/4199/5387 6927/4199/5398 
f 6928/4199/5399 6921/4199/5392 6920/4199/5391 6929/4199/5400 
f 6950/4202/5421 6947/4202/5418 6946/4202/5417 6951/4202/5422 
f 6954/4202/5425 7255/4202/5699 7137/4202/5586 6955/4202/5426 
f 6958/4202/5429 6961/4202/5432 6960/4202/5431 6959/4202/5430 
f 6962/4202/5433 6953/4202/5424 6952/4202/5423 6963/4202/5434 
f 6986/4198/5456 7219/4198/5663 7165/4197/3202 6987/4197/2247 
f 6990/4201/2883 7213/4201/2883 7167/4200/2883 6991/4200/2883 
f 6993/4202/4925 7467/4202/5907 7098/4202/5548 6994/4202/5458 
f 6997/4202/2883 7166/4202/5119 7467/4202/5907 6993/4202/4925 
f 7000/4204/5462 7216/4204/5660 7151/4203/5600 7001/4203/5463 
f 7003/4205/5465 7164/4205/5612 7254/4205/5698 7004/4205/5466 
f 7007/4206/5469 7150/4206/5599 7256/4206/5700 7008/4206/5470 
f 7011/4199/3180 7468/4199/5908 7158/4199/3190 7012/4199/5473 
f 7015/4199/5476 7469/4199/5909 7468/4199/5908 7011/4199/3180 
f 7018/4199/5479 7043/4199/5504 7042/4199/5503 7019/4199/5480 
f 7034/4199/5495 7037/4199/5498 7036/4199/5497 7035/4199/5496 
f 7038/4199/5499 7029/4199/5490 7028/4199/5489 7039/4199/5500 
f 7040/4199/5501 7033/4199/5494 7032/4199/5493 7041/4199/5502 
f 7045/4199/5506 7465/4199/3180 7469/4199/5909 7015/4199/5476 
f 7046/4199/5320 7048/4199/5320 7051/4199/5319 7047/4199/5319 
f 7049/4208/5507 7060/4211/5510 7065/4214/5515 7050/4207/5508 
f 7052/4199/5320 7056/4199/5319 7059/4199/5320 7053/4199/5319 
f 7046/4199/5320 6833/4199/5319 7464/4199/5320 7054/4199/5319 
f 7057/4210/5509 7463/4208/5905 7466/4210/5906 7058/4209/5319 
f 7049/4208/5507 7048/4199/5320 7055/4199/5319 7061/4213/5511 
f 7063/4199/5513 7021/4199/5482 7026/4199/5487 7064/4199/5514 
f 7018/4199/5479 7017/4199/5478 7022/4199/5483 7066/4210/5516 
f 7067/4199/5517 7466/4199/5906 7463/4199/5905 7068/4199/5518 
f 7080/4202/5530 7076/4202/5526 7079/4202/5529 7081/4202/5531 
f 7083/4202/5533 7116/4202/5565 7119/4202/5568 7084/4202/5534 
f 7087/4202/5537 7090/4202/5540 7093/4202/5543 7088/4202/5538 
f 7091/4202/5541 7082/4202/5532 7085/4202/5535 7092/4202/5542 
f 6779/4202/5267 6778/4202/5266 7071/4202/5521 7099/4202/5549 
f 7113/4202/5562 7101/4202/5551 7103/4202/5553 7114/4202/5563 
f 7117/4202/5566 7124/4202/5573 7127/4202/5576 7118/4202/5567 
f 7121/4202/5570 7128/4202/5577 7131/4202/5580 7122/4202/5571 
f 7125/4202/5574 7120/4202/5569 7123/4202/5572 7126/4202/5575 
f 6994/4202/5458 7098/4202/5548 7100/4202/5550 7132/4202/5581 
f 6688/4199/5180 6687/4199/5179 7133/4195/5582 6661/4195/5153 
f 6735/4202/5227 6724/4202/5216 6659/4196/5151 6662/4196/5154 
f 6746/4202/5238 6745/4202/5237 6670/4196/5162 6667/4196/5159 
f 6704/4199/5196 6703/4199/5195 6665/4195/5157 6668/4195/5160 
f 6742/4202/5234 6741/4202/5233 7135/4196/5584 6671/4196/5163 
f 6708/4199/5200 6707/4199/5199 6669/4195/5161 6672/4195/5164 
f 6738/4202/5230 6737/4202/5229 6666/4196/5158 6675/4196/5167 
f 6712/4199/5204 6711/4199/5203 6673/4195/5165 6676/4195/5168 
f 6794/4206/5280 7150/4206/5599 6999/4204/5461 6785/4204/5271 
f 7141/4205/5590 7173/4205/5618 6783/4203/5269 6786/4203/5272 
f 6907/4199/5378 6932/4199/5403 6893/4195/5364 6876/4195/5347 
f 6951/4202/5422 6946/4202/5417 6869/4196/5340 6877/4196/5348 
f 6963/4202/5434 6952/4202/5423 6889/4196/5360 6884/4196/5355 
f 6923/4199/5394 6924/4199/5395 6882/4195/5353 6885/4195/5356 
f 6959/4202/5430 6960/4202/5431 6883/4196/5354 6886/4196/5357 
f 6927/4199/5398 6916/4199/5387 6879/4195/5350 6887/4195/5358 
f 6955/4202/5426 7137/4202/5586 6674/4196/5166 6890/4196/5361 
f 6929/4199/5400 6920/4199/5391 6888/4195/5359 6891/4195/5362 
f 7007/4206/5469 7006/4206/5468 7216/4204/5660 7000/4204/5462 
f 7153/4205/5602 7140/4205/5589 6998/4203/5460 7001/4203/5463 
f 6790/4205/5276 7164/4205/5612 6985/4198/5455 6771/4198/5263 
f 6797/4199/5283 6796/4199/5282 6769/4197/5261 6772/4197/2662 
f 6782/4202/5119 7166/4202/5119 6989/4201/5119 6775/4201/5119 
f 7160/4206/5608 7177/4206/5622 6773/4200/5264 6776/4200/2883 
f 7003/4205/5465 7002/4205/5464 7219/4198/5663 6986/4198/5456 
f 7012/4199/5473 7158/4199/3190 6984/4197/5320 6987/4197/2247 
f 6997/4202/2883 6996/4202/2883 7213/4201/2883 6990/4201/2883 
f 7169/4206/5614 7159/4206/5607 6988/4200/2883 6991/4200/2883 
f 7183/4202/5628 7184/4202/5629 7076/4202/5526 7080/4202/5530 
f 7191/4202/5636 7192/4202/5637 7090/4202/5540 7087/4202/5537 
f 7193/4202/5638 7194/4202/5639 7082/4202/5532 7091/4202/5541 
f 7195/4202/5640 7196/4202/5641 7116/4202/5565 7083/4202/5533 
f 7197/4202/5642 7198/4202/5643 7124/4202/5573 7117/4202/5566 
f 7199/4202/5644 7200/4202/5645 7120/4202/5569 7125/4202/5574 
f 7201/4202/5646 7202/4202/5647 7128/4202/5577 7121/4202/5570 
f 7209/4202/5654 7210/4202/5655 7101/4202/5551 7113/4202/5562 
f 7224/4199/5668 7225/4199/5669 7016/4199/5477 7019/4199/5480 
f 7232/4199/5676 7233/4199/5677 7036/4199/5497 7039/4199/5500 
f 7234/4199/5678 7235/4199/5679 7032/4199/5493 7035/4199/5496 
f 7236/4199/5680 7237/4199/5681 6825/4199/5311 7041/4199/5502 
f 7238/4199/5682 7239/4199/5683 6817/4199/5303 6826/4199/5312 
f 7240/4199/5684 7241/4199/5685 6821/4199/5307 6818/4199/5304 
f 7242/4199/5686 7243/4199/5687 6813/4199/5299 6822/4199/5308 
f 7250/4199/5694 7251/4199/5695 6829/4199/5315 6802/4199/5288 
f 7250/4199/5694 7249/4199/5693 6690/4199/5182 6689/4199/5181 
f 7240/4199/5684 7239/4199/5683 6706/4199/5198 6705/4199/5197 
f 7242/4199/5686 7241/4199/5685 6710/4199/5202 6709/4199/5201 
f 7238/4199/5682 7237/4199/5681 6714/4199/5206 6713/4199/5205 
f 7141/4205/5590 7140/4205/5589 7254/4205/5698 6789/4205/5275 
f 7224/4199/5668 7223/4199/5667 6933/4199/5404 6906/4199/5377 
f 7234/4199/5678 7233/4199/5677 6925/4199/5396 6922/4199/5393 
f 7232/4199/5676 7231/4199/5675 6917/4199/5388 6926/4199/5397 
f 7236/4199/5680 7235/4199/5679 6921/4199/5392 6928/4199/5399 
f 7153/4205/5602 7152/4205/5601 7005/4205/5467 7004/4205/5466 
f 7183/4202/5628 7182/4202/5627 6725/4202/5217 6736/4202/5228 
f 7195/4202/5640 7194/4202/5639 6740/4202/5232 6739/4202/5231 
f 7191/4202/5636 7190/4202/5635 6744/4202/5236 6743/4202/5235 
f 7193/4202/5638 7192/4202/5637 6748/4202/5240 6747/4202/5239 
f 7160/4206/5608 7159/4206/5607 7256/4206/5700 6793/4206/5279 
f 7209/4202/5654 7208/4202/5653 6947/4202/5418 6950/4202/5421 
f 7197/4202/5642 7196/4202/5641 7255/4202/5699 6954/4202/5425 
f 7201/4202/5646 7200/4202/5645 6961/4202/5432 6958/4202/5429 
f 7199/4202/5644 7198/4202/5643 6953/4202/5424 6962/4202/5433 
f 7169/4206/5614 7168/4206/5613 7009/4206/5471 7008/4206/5470 
f 7271/4202/5715 7258/4202/5702 7257/4202/5701 7272/4202/5716 
f 7275/4202/5719 7282/4202/5726 7281/4202/5725 7276/4202/5720 
f 7279/4202/5723 7286/4202/5730 7285/4202/5729 7280/4202/5724 
f 7283/4202/5727 7278/4202/5722 7277/4202/5721 7284/4202/5728 
f 7289/4202/5733 7322/4202/5766 7321/4202/5765 7290/4202/5734 
f 7303/4202/5747 7300/4202/5744 7299/4202/5743 7304/4202/5748 
f 7307/4202/5751 7274/4202/5718 7273/4202/5717 7308/4202/5752 
f 7311/4202/5755 7314/4202/5758 7313/4202/5757 7312/4202/5756 
f 7315/4202/5759 7306/4202/5750 7305/4202/5749 7316/4202/5760 
f 7323/4202/5767 7292/4202/5736 7291/4202/5735 7324/4202/5768 
f 7339/4202/5782 7326/4202/5770 7325/4202/5769 7340/4202/5783 
f 7343/4202/5786 7350/4202/5793 7349/4202/5792 7344/4202/5787 
f 7347/4202/5790 7354/4202/5797 7353/4202/5796 7348/4202/5791 
f 7351/4202/5794 7346/4202/5789 7345/4202/5788 7352/4202/5795 
f 7357/4202/5800 7390/4202/5833 7389/4202/5832 7358/4202/5801 
f 7371/4202/5814 7368/4202/5811 7367/4202/5810 7372/4202/5815 
f 7375/4202/5818 7342/4202/5785 7341/4202/5784 7376/4202/5819 
f 7379/4202/5822 7382/4202/5825 7381/4202/5824 7380/4202/5823 
f 7383/4202/5826 7374/4202/5817 7373/4202/5816 7384/4202/5827 
f 7391/4202/5834 7360/4202/5803 7359/4202/5802 7392/4202/5835 
f 7400/4202/5843 7393/4202/5836 7070/4202/5520 7081/4202/5531 
f 7402/4202/5845 7405/4202/5848 7085/4202/5535 7084/4202/5534 
f 7404/4202/5847 7407/4202/5850 7089/4202/5539 7088/4202/5538 
f 7406/4202/5849 7403/4202/5846 7093/4202/5543 7092/4202/5542 
f 7409/4202/5852 7425/4202/5867 7100/4202/5550 7099/4202/5549 
f 7416/4202/5858 7414/4202/5856 7115/4202/5564 7114/4202/5563 
f 7418/4202/5860 7401/4202/5844 7119/4202/5568 7118/4202/5567 
f 7420/4202/5862 7421/4202/5863 7123/4202/5572 7122/4202/5571 
f 7422/4202/5864 7417/4202/5859 7127/4202/5576 7126/4202/5575 
f 7426/4202/5868 7410/4202/5853 7102/4202/5552 7132/4202/5581 
f 7434/4202/5876 7427/4202/5869 7258/4202/5702 7271/4202/5715 
f 7400/4202/5843 7399/4202/5842 7269/4202/5713 7272/4202/5716 
f 7436/4202/5878 7439/4202/5881 7282/4202/5726 7275/4202/5719 
f 7402/4202/5845 7401/4202/5844 7273/4202/5717 7276/4202/5720 
f 7438/4202/5880 7441/4202/5883 7286/4202/5730 7279/4202/5723 
f 7404/4202/5847 7403/4202/5846 7277/4202/5721 7280/4202/5724 
f 7440/4202/5882 7437/4202/5879 7278/4202/5722 7283/4202/5727 
f 7406/4202/5849 7405/4202/5848 7281/4202/5725 7284/4202/5728 
f 7443/4202/5885 7459/4202/5901 7322/4202/5766 7289/4202/5733 
f 7409/4202/5852 7394/4202/5837 7260/4202/5704 7290/4202/5734 
f 7450/4202/5892 7448/4202/5890 7300/4202/5744 7303/4202/5747 
f 7416/4202/5858 7411/4202/2165 7294/4202/5738 7304/4202/5748 
f 7452/4202/5894 7435/4202/5877 7274/4202/5718 7307/4202/5751 
f 7418/4202/5860 7417/4202/5859 7305/4202/5749 7308/4202/5752 
f 7454/4202/5896 7455/4202/5897 7314/4202/5758 7311/4202/5755 
f 7420/4202/5862 7419/4202/5861 7309/4202/5753 7312/4202/5756 
f 7456/4202/5898 7451/4202/5893 7306/4202/5750 7315/4202/5759 
f 7422/4202/5864 7421/4202/5863 7313/4202/5757 7316/4202/5760 
f 7460/4202/5902 7444/4202/5886 7292/4202/5736 7323/4202/5767 
f 7426/4202/5868 7425/4202/5867 7321/4202/5765 7324/4202/5768 
f 7434/4202/5876 7433/4202/5875 7337/4202/5780 7340/4202/5783 
f 7436/4202/5878 7435/4202/5877 7341/4202/5784 7344/4202/5787 
f 7438/4202/5880 7437/4202/5879 7345/4202/5788 7348/4202/5791 
f 7440/4202/5882 7439/4202/5881 7349/4202/5792 7352/4202/5795 
f 7443/4202/5885 7428/4202/5870 7328/4202/5772 7358/4202/5801 
f 7450/4202/5892 7445/4202/5887 7362/4202/5805 7372/4202/5815 
f 7452/4202/5894 7451/4202/5893 7373/4202/5816 7376/4202/5819 
f 7454/4202/5896 7453/4202/5895 7377/4202/5820 7380/4202/5823 
f 7456/4202/5898 7455/4202/5897 7381/4202/5824 7384/4202/5827 
f 7460/4202/5902 7459/4202/5901 7389/4202/5832 7392/4202/5835 
f 6844/4199/5319 6847/4199/5320 6838/4199/5320 6835/4199/5320 
f 6850/4210/5321 7461/4208/5903 6854/4214/5325 6839/4207/5321 
f 6827/4199/5313 6820/4199/5306 6848/4199/5319 6843/4199/5320 
f 6832/4199/5318 7465/4199/3180 7464/4199/5320 6846/4199/5320 
f 6819/4199/5305 6824/4199/5310 7462/4210/5904 6849/4209/5320 
f 6830/4199/5316 6845/4199/5319 6853/4213/3284 
f 6858/4199/5329 6812/4199/5298 6811/4199/5297 6855/4199/5326 
f 6856/4208/5327 6808/4199/5294 6807/4199/5293 6857/4210/5328 
f 6823/4199/5309 6816/4199/5302 6815/4199/5301 6859/4199/5330 
f 7052/4199/5320 6841/4199/5320 6834/4199/5319 7047/4199/5319 
f 7057/4210/5509 7056/4199/5319 7051/4199/5319 7050/4207/5508 
f 7040/4199/5501 6828/4199/5314 6842/4199/5319 7053/4199/5319 
f 7045/4199/5506 7044/4214/5505 7055/4199/5319 7054/4199/5319 
f 7034/4199/5495 7033/4199/5494 7059/4199/5320 7058/4209/5319 
f 7044/4214/5505 7043/4205/5504 7062/4212/5512 7061/4213/5511 
f 7068/4199/5518 7463/4199/5905 7065/4199/5515 7064/4199/5514 
f 7063/4208/5513 7060/4211/5510 7062/4208/5512 7066/4210/5516 
f 7038/4199/5499 7037/4199/5498 7466/4199/5906 7067/4199/5517 
f 7470/4191/5910 7471/4192/5911 7472/4193/5912 7473/4194/5913 
f 7474/4195/5914 7475/4196/5915 7476/4196/5916 7477/4195/5917 
f 7478/4195/5918 7479/4196/5919 7480/4196/5920 7481/4195/5921 
f 7482/4195/5922 7483/4196/5923 7484/4196/5924 7485/4195/5925 
f 7486/4196/5926 7487/4195/5927 7488/4195/5928 7489/4196/5929 
f 7483/4196/5923 7482/4195/5922 7490/4195/5930 7491/4196/5931 
f 7492/4195/5932 7493/4196/5933 7494/4196/5934 7495/4195/5935 
f 7496/4195/5936 7497/4196/5937 7498/4196/5938 7499/4195/5939 
f 7500/4195/706 7501/4196/5940 7502/4196/5941 7503/4195/5942 
f 7487/4195/5927 7486/4196/5926 7475/4196/5915 7474/4195/5914 
f 7504/4196/5943 7505/4195/5944 7477/4195/5917 7476/4196/5916 
f 7506/4197/5945 7507/4198/5946 7508/4198/5947 7509/4197/5948 
f 7510/4199/5949 7511/4199/5950 7512/4199/5951 7513/4199/5952 
f 7514/4199/5953 7515/4199/5954 7516/4199/5955 7517/4199/5956 
f 7518/4199/5957 7519/4199/5958 7520/4199/5959 7521/4199/5960 
f 7522/4199/5961 7523/4199/5962 7524/4199/5963 7525/4199/5964 
f 7526/4199/5965 7527/4199/5966 7528/4199/5967 7529/4199/5968 
f 7530/4199/5969 7531/4199/5970 7532/4199/5971 7533/4199/5972 
f 7534/4199/5973 7535/4199/5974 7536/4199/5975 7537/4199/5976 
f 7538/4199/5977 7539/4199/5978 7540/4199/5979 7541/4199/5980 
f 7542/4199/5981 7510/4199/5949 7513/4199/5952 7543/4199/5982 
f 7544/4199/5983 7542/4199/5981 7543/4199/5982 7545/4199/5984 
f 7546/4200/5985 7547/4201/5986 7548/4201/5987 7549/4200/5988 
f 7550/4202/5989 7551/4202/5990 7552/4202/5991 7553/4202/5992 
f 7554/4202/5993 7555/4202/5994 7556/4202/5995 7557/4202/5996 
f 7558/4202/5997 7559/4202/5998 7560/4202/5999 7561/4202/6000 
f 7551/4202/5990 7562/4202/6001 7563/4202/6002 7552/4202/5991 
f 7564/4202/6003 7565/4202/6004 7566/4202/6005 7567/4202/6006 
f 7568/4202/6007 7569/4202/6008 7570/4202/6009 7571/4202/6010 
f 7572/4202/6011 7573/4202/6012 7574/4202/6013 7575/4202/6014 
f 7576/4202/6015 7577/4202/6016 7578/4202/6017 7579/4202/6018 
f 7580/4202/6019 7550/4202/5989 7553/4202/5992 7581/4202/6020 
f 7582/4202/6021 7580/4202/6019 7581/4202/6020 7583/4202/6022 
f 7584/4203/6023 7585/4204/6024 7586/4204/6025 7587/4203/6026 
f 7588/4205/6027 7589/4205/6028 7590/4205/6029 7591/4205/6030 
f 7592/4206/6031 7593/4206/6032 7594/4206/6033 7595/4206/6034 
f 7596/4197/6035 7597/4198/6036 7598/4198/6037 7599/4197/2662 
f 7600/4200/6038 7601/4201/2883 7602/4201/5120 7603/4200/573 
f 7604/4202/6039 7605/4202/6040 7606/4202/6041 7607/4202/6042 
f 7608/4202/5120 7604/4202/6039 7607/4202/6042 7609/4202/5120 
f 7610/4203/6043 7611/4204/6044 7612/4204/6045 7613/4203/6046 
f 7614/4205/6047 7615/4205/6048 7616/4205/6049 7617/4205/6050 
f 7618/4206/6051 7619/4206/6052 7620/4206/6053 7621/4206/6054 
f 7622/4199/6055 7623/4199/6056 7624/4199/6057 7625/4199/6058 
f 7626/4199/6059 7622/4199/6055 7625/4199/6058 7627/4199/6060 
f 7628/4199/6061 7629/4199/6062 7630/4199/6063 7631/4199/6064 
f 7632/4199/6065 7633/4199/6066 7634/4199/6067 7635/4199/6068 
f 7636/4199/6069 7637/4199/6070 7638/4199/5487 7639/4199/6071 
f 7640/4199/6072 7641/4199/6073 7642/4199/6074 7643/4199/6075 
f 7644/4199/6076 7645/4199/6077 7646/4199/6078 7647/4199/6079 
f 7648/4199/6080 7649/4199/6081 7650/4199/6082 7651/4199/6083 
f 7652/4199/6084 7653/4199/6085 7654/4199/6086 7655/4199/6087 
f 7656/4199/6088 7626/4199/6059 7657/4199/6089 7658/4199/6090 
f 7657/4199/6089 7626/4199/6059 7627/4199/6060 7659/4199/6091 
f 7660/4199/2247 7661/4199/2247 7662/4199/2662 7663/4199/2662 
f 7664/4199/2247 7665/4199/2247 7666/4207/6092 7667/4208/6093 
f 7668/4199/2247 7669/4199/2662 7670/4199/2662 7671/4199/2247 
f 7664/4199/2247 7672/4199/2662 7673/4199/2247 7663/4199/2662 
f 7674/4199/2662 7675/4199/2662 7676/4209/2247 7677/4210/6092 
f 7678/4211/6094 7679/4212/6095 7680/4213/6096 7667/4208/6093 
f 7678/4199/6094 7681/4199/6097 7682/4199/6098 7683/4199/6099 
f 7658/4199/6090 7679/4208/6095 7684/4210/6100 7630/4199/6063 
f 7639/4199/6071 7685/4199/6101 7686/4199/6102 7642/4199/6074 
f 7687/4192/577 7688/4191/6103 7689/4194/6104 7690/4193/6105 
f 7691/4195/6106 7692/4196/6107 7693/4196/6108 7694/4195/6109 
f 7695/4195/6110 7696/4196/6111 7697/4196/6112 7698/4195/6113 
f 7699/4195/6114 7700/4196/6115 7701/4196/6116 7702/4195/6117 
f 7696/4196/6111 7695/4195/6110 7703/4195/6118 7704/4196/6119 
f 7705/4196/6120 7706/4195/6121 7707/4195/6122 7708/4196/6123 
f 7709/4195/6124 7710/4196/6125 7711/4196/6126 7712/4195/6127 
f 7706/4195/6121 7705/4196/6120 7713/4196/6128 7714/4195/6129 
f 7715/4195/6130 7716/4196/6131 7717/4196/6132 7718/4195/6133 
f 7694/4195/6109 7693/4196/6108 7719/4196/6134 7720/4195/6135 
f 7692/4196/6107 7691/4195/6106 7721/4195/6136 7722/4196/6137 
f 7723/4197/6138 7724/4198/6139 7725/4198/6140 7726/4197/6141 
f 7727/4199/6142 7728/4199/6143 7729/4199/6144 7730/4199/6145 
f 7731/4199/6146 7732/4199/6147 7733/4199/6148 7734/4199/6149 
f 7735/4199/6150 7736/4199/6151 7737/4199/6152 7738/4199/6153 
f 7739/4199/6154 7740/4199/6155 7741/4199/6156 7742/4199/6157 
f 7743/4199/6158 7744/4199/6159 7745/4199/6160 7746/4199/6161 
f 7747/4199/6162 7748/4199/6163 7749/4199/6164 7750/4199/6165 
f 7751/4199/6166 7752/4199/6167 7753/4199/6168 7754/4199/6169 
f 7538/4199/5977 7541/4199/5980 7755/4199/6170 7756/4199/6171 
f 7757/4199/6172 7758/4199/6173 7728/4199/6143 7727/4199/6142 
f 7759/4199/6174 7760/4199/6175 7758/4199/6173 7757/4199/6172 
f 7761/4200/6176 7762/4201/6177 7763/4201/6178 7764/4200/6179 
f 7765/4202/6180 7766/4202/6181 7767/4202/6182 7768/4202/6183 
f 7769/4202/6184 7770/4202/6185 7771/4202/6186 7772/4202/6187 
f 7773/4202/6188 7774/4202/6189 7775/4202/6190 7776/4202/6191 
f 7768/4202/6183 7767/4202/6182 7777/4202/6192 7778/4202/6193 
f 7779/4202/6194 7780/4202/6195 7781/4202/6196 7782/4202/6197 
f 7783/4202/6198 7784/4202/6199 7785/4202/6200 7786/4202/6201 
f 7787/4202/6202 7788/4202/6203 7789/4202/6204 7790/4202/6205 
f 7791/4202/6206 7792/4202/6207 7793/4202/6208 7794/4202/6209 
f 7795/4202/6210 7796/4202/6211 7766/4202/6181 7765/4202/6180 
f 7797/4202/6212 7798/4202/6213 7796/4202/6211 7795/4202/6210 
f 7799/4203/6214 7800/4204/6215 7801/4204/6216 7802/4203/6217 
f 7803/4205/6218 7804/4205/6219 7805/4205/6220 7806/4205/6221 
f 7807/4206/6222 7808/4206/6223 7809/4206/6224 7810/4206/6225 
f 7811/4197/2247 7812/4198/6226 7813/4198/6037 7814/4197/5320 
f 7815/4200/573 7816/4201/5120 7817/4201/573 7818/4200/573 
f 7819/4202/6227 7820/4202/4916 7821/4202/6228 7822/4202/6229 
f 7823/4202/573 7824/4202/573 7820/4202/4916 7819/4202/6227 
f 7825/4203/6230 7826/4204/6231 7827/4204/6232 7828/4203/6233 
f 7829/4205/6234 7830/4205/6235 7831/4205/6236 7832/4205/6237 
f 7833/4206/6238 7834/4206/6239 7835/4206/6240 7836/4206/6241 
f 7837/4199/6242 7838/4199/6243 7839/4199/6244 7840/4199/6245 
f 7841/4199/6246 7842/4199/6247 7838/4199/6243 7837/4199/6242 
f 7843/4199/6248 7844/4199/6249 7845/4199/6250 7846/4199/6251 
f 7847/4199/6252 7848/4199/6253 7849/4199/6254 7850/4199/6255 
f 7851/4199/6256 7852/4199/6257 7853/4199/5297 7854/4199/6258 
f 7855/4199/6259 7856/4199/6260 7857/4199/6261 7858/4199/6262 
f 7859/4199/6263 7860/4199/6264 7861/4199/6265 7862/4199/6266 
f 7863/4199/6267 7864/4199/6268 7865/4199/6269 7866/4199/6270 
f 7652/4199/6084 7655/4199/6087 7867/4199/6271 7868/4199/6272 
f 7869/4199/6273 7870/4199/6274 7871/4199/6275 7841/4199/6246 
f 7871/4199/6275 7872/4199/6276 7842/4199/6247 7841/4199/6246 
f 7660/4199/2247 7873/4199/2247 7874/4199/2247 7661/4199/2247 
f 7875/4199/2662 7876/4208/3215 7877/4207/6277 7878/4199/2662 
f 7668/4199/2247 7879/4199/2662 7880/4199/2247 7669/4199/2662 
f 7875/4199/2662 7873/4199/2247 7881/4199/2662 7882/4199/2247 
f 7883/4199/2247 7884/4210/3224 7885/4209/2662 7886/4199/2247 
f 7887/4211/6278 7876/4208/3215 7888/4213/6279 7889/4212/6280 
f 7887/4199/6278 7890/4199/6281 7891/4199/6282 7892/4199/6283 
f 7870/4199/6274 7845/4199/6250 7893/4210/6284 7889/4208/6280 
f 7852/4199/6257 7857/4199/6261 7894/4199/6285 7895/4199/6286 
f 7605/4202/6040 7896/4202/6287 7897/4202/6288 7898/4202/2158 
f 7899/4202/4930 7900/4202/6289 7901/4202/6290 7902/4202/6291 
f 7903/4202/6292 7904/4202/6293 7905/4202/6294 7906/4202/6295 
f 7896/4202/6287 7907/4202/6296 7908/4202/6297 7897/4202/6288 
f 7909/4202/6298 7910/4202/6299 7911/4202/6300 7912/4202/6301 
f 7913/4202/6302 7914/4202/6303 7915/4202/6304 7916/4202/6305 
f 7917/4202/6306 7918/4202/6307 7919/4202/6308 7920/4202/6309 
f 7921/4202/6310 7922/4202/6311 7923/4202/6312 7924/4202/6313 
f 7925/4202/6314 7606/4202/6041 7926/4202/6315 7927/4202/6316 
f 7928/4202/6317 7822/4202/6229 7929/4202/6318 7930/4202/6319 
f 7931/4202/6290 7932/4202/6320 7933/4202/6321 7934/4202/6322 
f 7935/4202/6323 7936/4202/6324 7937/4202/6325 7938/4202/6326 
f 7939/4202/6327 7940/4202/6328 7941/4202/6329 7942/4202/6330 
f 7943/4202/6331 7944/4202/6332 7945/4202/6333 7946/4202/6334 
f 7947/4202/6335 7948/4202/6336 7949/4202/6337 7950/4202/6338 
f 7951/4202/6339 7952/4202/6340 7953/4202/6341 7954/4202/6342 
f 7955/4202/6343 7956/4202/6344 7957/4202/6345 7958/4202/6346 
f 7822/4202/6229 7821/4202/6228 7959/4202/6347 7929/4202/6318 
f 7547/4201/5986 7546/4200/5985 7471/4192/5911 7470/4191/5910 
f 7507/4198/5946 7506/4197/5945 7473/4194/5913 7472/4193/5912 
f 7475/4196/5915 7550/4202/5989 7580/4202/6019 7476/4196/5916 
f 7477/4195/5917 7510/4199/5949 7542/4199/5981 7474/4195/5914 
f 7479/4196/5919 7554/4202/5993 7559/4202/5998 7480/4196/5920 
f 7960/4195/6348 7514/4199/5953 7519/4199/5958 7481/4195/5921 
f 7483/4196/5923 7576/4202/6015 7555/4202/5994 7484/4196/5924 
f 7478/4195/5918 7518/4199/5957 7523/4199/5962 7485/4195/5925 
f 7487/4195/5927 7544/4199/5983 7515/4199/5954 7488/4195/5928 
f 7961/4196/6349 7558/4202/5997 7562/4202/6001 7489/4196/5929 
f 7482/4195/5922 7522/4199/5961 7527/4199/5966 7490/4195/5930 
f 7962/4196/6350 7568/4202/6007 7577/4202/6016 7491/4196/5931 
f 7493/4196/5933 7564/4202/6003 7573/4202/6012 7494/4196/5934 
f 7496/4195/5936 7534/4199/5973 7531/4199/5970 7495/4195/5935 
f 7497/4196/5937 7572/4202/6011 7569/4202/6008 7498/4196/5938 
f 7963/4195/6351 7526/4199/5965 7535/4199/5974 7499/4195/5939 
f 7501/4196/5940 7964/4202/6352 7565/4202/6004 7502/4196/5941 
f 7492/4195/5932 7530/4199/5969 7539/4199/5978 7503/4195/5942 
f 7486/4196/5926 7551/4202/5990 7550/4202/5989 7475/4196/5915 
f 7474/4195/5914 7542/4199/5981 7544/4199/5983 7487/4195/5927 
f 7505/4195/5944 7511/4199/5950 7510/4199/5949 7477/4195/5917 
f 7476/4196/5916 7580/4202/6019 7582/4202/6021 7504/4196/5943 
f 7585/4204/6024 7592/4206/6031 7595/4206/6034 7586/4204/6025 
f 7965/4203/6353 7966/4205/6354 7589/4205/6028 7587/4203/6026 
f 7611/4204/6044 7618/4206/6051 7621/4206/6054 7612/4204/6045 
f 7825/4203/6230 7967/4205/6355 7968/4205/6356 7613/4203/6046 
f 7969/4200/6357 7970/4201/6358 7688/4191/6103 7687/4192/577 
f 7971/4197/6359 7972/4198/6360 7690/4193/6105 7689/4194/6104 
f 7692/4196/6107 7795/4202/6210 7765/4202/6180 7693/4196/6108 
f 7694/4195/6109 7757/4199/6172 7727/4199/6142 7691/4195/6106 
f 7696/4196/6111 7773/4202/6188 7776/4202/6191 7697/4196/6112 
f 7699/4195/6114 7735/4199/6150 7738/4199/6153 7698/4195/6113 
f 7700/4196/6115 7769/4202/6184 7772/4202/6187 7701/4196/6116 
f 7973/4195/6361 7739/4199/6154 7742/4199/6157 7702/4195/6117 
f 7695/4195/6110 7731/4199/6146 7734/4199/6149 7703/4195/6118 
f 7719/4196/6134 7768/4202/6183 7778/4202/6193 7704/4196/6119 
f 7706/4195/6121 7743/4199/6158 7746/4199/6161 7707/4195/6122 
f 7974/4196/6362 7791/4202/6206 7794/4202/6209 7708/4196/6123 
f 7710/4196/6125 7787/4202/6202 7790/4202/6205 7711/4196/6126 
f 7715/4195/6130 7747/4199/6162 7750/4199/6165 7712/4195/6127 
f 7705/4196/6120 7783/4202/6198 7786/4202/6201 7713/4196/6128 
f 7709/4195/6124 7751/4199/6166 7754/4199/6169 7714/4195/6129 
f 7716/4196/6131 7779/4202/6194 7782/4202/6197 7717/4196/6132 
f 7500/4195/706 7538/4199/5977 7756/4199/6171 7718/4195/6133 
f 7693/4196/6108 7765/4202/6180 7768/4202/6183 7719/4196/6134 
f 7720/4195/6135 7759/4199/6174 7757/4199/6172 7694/4195/6109 
f 7691/4195/6106 7727/4199/6142 7730/4199/6145 7721/4195/6136 
f 7722/4196/6137 7797/4202/6212 7795/4202/6210 7692/4196/6107 
f 7800/4204/6215 7975/4206/6363 7808/4206/6223 7801/4204/6216 
f 7976/4203/6364 7803/4205/6218 7806/4205/6221 7802/4203/6217 
f 7826/4204/6231 7977/4206/6365 7834/4206/6239 7827/4204/6232 
f 7978/4203/6366 7979/4205/6367 7980/4205/6368 7828/4203/6233 
f 7471/4192/5911 7585/4204/6024 7584/4203/6023 7472/4193/5912 
f 7473/4194/5913 7505/4195/5944 7504/4196/5943 7470/4191/5910 
f 7507/4198/5946 7588/4205/6027 7591/4205/6030 7508/4198/5947 
f 7981/4197/6369 7982/4199/6370 7512/4199/5951 7509/4197/5948 
f 7547/4201/5986 7582/4202/6021 7583/4202/6022 7548/4201/5987 
f 7983/4200/6371 7984/4206/6372 7593/4206/6032 7549/4200/5988 
f 7597/4198/6036 7614/4205/6047 7617/4205/6050 7598/4198/6037 
f 7811/4197/2247 7985/4199/6373 7624/4199/6057 7599/4197/2662 
f 7601/4201/2883 7608/4202/5120 7609/4202/5120 7602/4201/5120 
f 7815/4200/573 7986/4206/6374 7987/4206/6375 7603/4200/573 
f 7688/4191/6103 7722/4196/6137 7721/4195/6136 7689/4194/6104 
f 7690/4193/6105 7976/4203/6364 7988/4204/6376 7687/4192/577 
f 7724/4198/6139 7989/4205/6377 7804/4205/6219 7725/4198/6140 
f 7971/4197/6359 7730/4199/6145 7729/4199/6144 7726/4197/6141 
f 7762/4201/6177 7990/4202/6378 7798/4202/6213 7763/4201/6178 
f 7969/4200/6357 7807/4206/6222 7810/4206/6225 7764/4200/6179 
f 7812/4198/6226 7991/4205/6379 7830/4205/6235 7813/4198/6037 
f 7992/4197/3192 7840/4199/6245 7839/4199/6244 7814/4197/5320 
f 7816/4201/5120 7993/4202/573 7824/4202/573 7817/4201/573 
f 7994/4200/573 7995/4206/6380 7996/4206/6381 7818/4200/573 
f 7546/4200/5985 7592/4206/6031 7585/4204/6024 7471/4192/5911 
f 7470/4191/5910 7504/4196/5943 7582/4202/6021 7547/4201/5986 
f 7506/4197/5945 7511/4199/5950 7505/4195/5944 7473/4194/5913 
f 7472/4193/5912 7584/4203/6023 7588/4205/6027 7507/4198/5946 
f 7970/4201/6358 7797/4202/6212 7722/4196/6137 7688/4191/6103 
f 7687/4192/577 7988/4204/6376 7807/4206/6222 7969/4200/6357 
f 7972/4198/6360 7803/4205/6218 7976/4203/6364 7690/4193/6105 
f 7689/4194/6104 7721/4195/6136 7730/4199/6145 7971/4197/6359 
f 7997/4198/6382 7998/4205/6383 7614/4205/6047 7597/4198/6036 
f 7998/4205/6383 7999/4205/6384 7615/4205/6048 7614/4205/6047 
f 7966/4205/6354 7965/4203/6353 7610/4203/6043 8000/4205/6385 
f 7965/4203/6353 8001/4204/6386 7611/4204/6044 7610/4203/6043 
f 8001/4204/6386 8002/4206/6387 7618/4206/6051 7611/4204/6044 
f 8002/4206/6387 8003/4206/6388 7619/4206/6052 7618/4206/6051 
f 7984/4206/6372 7983/4200/6371 7600/4200/6038 8004/4206/6389 
f 7983/4200/6371 8005/4201/6390 7601/4201/2883 7600/4200/6038 
f 8005/4201/6390 8006/4202/6391 7608/4202/5120 7601/4201/2883 
f 8006/4202/6391 8007/4202/6392 7604/4202/6039 7608/4202/5120 
f 8007/4202/6392 8008/4202/6393 7605/4202/6040 7604/4202/6039 
f 8008/4202/6393 8009/4202/6394 7896/4202/6287 7605/4202/6040 
f 8009/4202/6394 8010/4202/6395 7907/4202/6296 7896/4202/6287 
f 8011/4202/6396 8012/4202/6397 7904/4202/6293 7903/4202/6292 
f 8013/4202/6398 8014/4202/6399 7900/4202/6289 7899/4202/4930 
f 8015/4202/6400 8016/4202/6401 7922/4202/6311 7921/4202/6310 
f 8017/4202/6402 8018/4202/6403 7914/4202/6303 7913/4202/6302 
f 8019/4202/6404 8020/4202/6405 7918/4202/6307 7917/4202/6306 
f 8021/4202/6406 8022/4202/6407 7910/4202/6299 7909/4202/6298 
f 8023/4202/6408 8024/4202/6409 7944/4202/6332 7943/4202/6331 
f 8025/4202/6410 8026/4202/6411 7952/4202/6340 7951/4202/6339 
f 8027/4202/6412 8028/4202/6413 7948/4202/6336 7947/4202/6335 
f 8029/4202/6414 8030/4202/6415 7956/4202/6344 7955/4202/6343 
f 8031/4202/6416 8032/4202/6417 7932/4202/6320 7931/4202/6290 
f 8033/4202/6418 8034/4202/6419 7936/4202/6324 7935/4202/6323 
f 8035/4202/6420 8036/4202/6421 7940/4202/6328 7939/4202/6327 
f 8037/4202/6422 8038/4202/6423 7822/4202/6229 7928/4202/6317 
f 8038/4202/6423 8039/4202/6424 7819/4202/6227 7822/4202/6229 
f 8039/4202/6424 7990/4202/6378 7823/4202/573 7819/4202/6227 
f 7990/4202/6378 7762/4201/6177 8040/4201/573 7823/4202/573 
f 7762/4201/6177 7761/4200/6176 7994/4200/573 8040/4201/573 
f 7761/4200/6176 8041/4206/6425 7995/4206/6380 7994/4200/573 
f 8041/4206/6425 8042/4206/6426 7836/4206/6241 7995/4206/6380 
f 7975/4206/6363 7800/4204/6215 8043/4204/6427 7833/4206/6238 
f 7800/4204/6215 7799/4203/6214 7978/4203/6366 8043/4204/6427 
f 7799/4203/6214 8044/4205/6428 7979/4205/6367 7978/4203/6366 
f 8044/4205/6428 8045/4205/6429 7832/4205/6237 7979/4205/6367 
f 7989/4205/6377 7724/4198/6139 8046/4198/6430 7829/4205/6234 
f 7724/4198/6139 7723/4197/6138 7992/4197/3192 8046/4198/6430 
f 7723/4197/6138 8047/4199/6431 7840/4199/6245 7992/4197/3192 
f 8047/4199/6431 8048/4199/6432 7837/4199/6242 7840/4199/6245 
f 8048/4199/6432 8049/4199/6433 7841/4199/6246 7837/4199/6242 
f 8049/4199/6433 8050/4199/6434 7869/4199/6273 7841/4199/6246 
f 8050/4199/6434 8051/4199/6435 7846/4199/6251 7869/4199/6273 
f 8052/4199/6436 8053/4199/6437 7850/4199/6255 7843/4199/6248 
f 8054/4199/6438 8055/4199/6439 7854/4199/6258 7847/4199/6252 
f 8056/4199/6440 8057/4199/6441 7858/4199/6262 7851/4199/6256 
f 8058/4199/6442 8059/4199/6443 7866/4199/6270 7855/4199/6259 
f 8060/4199/6444 8061/4199/6445 7862/4199/6266 7863/4199/6267 
f 8062/4199/6446 8063/4199/6447 7868/4199/6272 7859/4199/6263 
f 8064/4199/6448 8065/4199/6449 7653/4199/6085 7652/4199/6084 
f 8066/4199/6450 8067/4199/6451 7645/4199/6077 7644/4199/6076 
f 8068/4199/6452 8069/4199/6453 7649/4199/6081 7648/4199/6080 
f 8070/4199/6454 8071/4199/6455 7641/4199/6073 7640/4199/6072 
f 8072/4199/6456 8073/4199/6457 7637/4199/6070 7636/4199/6069 
f 8074/4199/6458 8075/4199/6459 7633/4199/6066 7632/4199/6065 
f 8076/4199/6460 8077/4199/6461 7629/4199/6062 7628/4199/6061 
f 8078/4199/6462 8079/4199/6463 7626/4199/6059 7656/4199/6088 
f 8079/4199/6463 8080/4199/6464 7622/4199/6055 7626/4199/6059 
f 8080/4199/6464 7982/4199/6370 7623/4199/6056 7622/4199/6055 
f 7982/4199/6370 7981/4197/6369 7596/4197/6035 7623/4199/6056 
f 7981/4197/6369 7997/4198/6382 7597/4198/6036 7596/4197/6035 
f 7508/4198/5947 7997/4198/6382 7981/4197/6369 7509/4197/5948 
f 7512/4199/5951 7982/4199/6370 8080/4199/6464 7513/4199/5952 
f 7545/4199/5984 8078/4199/6462 8077/4199/6461 7516/4199/5955 
f 7517/4199/5956 8076/4199/6460 8075/4199/6459 7520/4199/5959 
f 7521/4199/5960 8074/4199/6458 8073/4199/6457 7524/4199/5963 
f 7525/4199/5964 8072/4199/6456 8071/4199/6455 7528/4199/5967 
f 7537/4199/5976 8068/4199/6452 8067/4199/6451 7532/4199/5971 
f 7529/4199/5968 8070/4199/6454 8069/4199/6453 7536/4199/5975 
f 7533/4199/5972 8066/4199/6450 8065/4199/6449 7540/4199/5979 
f 7513/4199/5952 8080/4199/6464 8079/4199/6463 7543/4199/5982 
f 7543/4199/5982 8079/4199/6463 8078/4199/6462 7545/4199/5984 
f 7999/4205/6384 7998/4205/6383 7591/4205/6030 7590/4205/6029 
f 7615/4205/6048 8000/4205/6385 7968/4205/6356 7616/4205/6049 
f 7725/4198/6140 7972/4198/6360 7971/4197/6359 7726/4197/6141 
f 7728/4199/6143 8048/4199/6432 8047/4199/6431 7729/4199/6144 
f 7732/4199/6147 8052/4199/6436 8051/4199/6435 7733/4199/6148 
f 7736/4199/6151 8054/4199/6438 8053/4199/6437 7737/4199/6152 
f 7740/4199/6155 8056/4199/6440 8055/4199/6439 7741/4199/6156 
f 7744/4199/6159 8058/4199/6442 8057/4199/6441 7745/4199/6160 
f 7748/4199/6163 8062/4199/6446 8061/4199/6445 7749/4199/6164 
f 7752/4199/6167 8060/4199/6444 8059/4199/6443 7753/4199/6168 
f 7541/4199/5980 8064/4199/6448 8063/4199/6447 7755/4199/6170 
f 7758/4199/6173 8049/4199/6433 8048/4199/6432 7728/4199/6143 
f 7760/4199/6175 8050/4199/6434 8049/4199/6433 7758/4199/6173 
f 7804/4205/6219 7989/4205/6377 8045/4205/6429 7805/4205/6220 
f 8081/4205/6465 7967/4205/6355 7980/4205/6368 7831/4205/6236 
f 7591/4205/6030 7998/4205/6383 7997/4198/6382 7508/4198/5947 
f 7512/4199/5951 7511/4199/5950 7506/4197/5945 7509/4197/5948 
f 7804/4205/6219 7803/4205/6218 7972/4198/6360 7725/4198/6140 
f 7729/4199/6144 8047/4199/6431 7723/4197/6138 7726/4197/6141 
f 7999/4205/6384 7966/4205/6354 8000/4205/6385 7615/4205/6048 
f 8045/4205/6429 7989/4205/6377 7829/4205/6234 7832/4205/6237 
f 7548/4201/5987 8005/4201/6390 7983/4200/6371 7549/4200/5988 
f 7552/4202/5991 8009/4202/6394 8008/4202/6393 7553/4202/5992 
f 7579/4202/6018 8015/4202/6400 8014/4202/6399 7556/4202/5995 
f 7557/4202/5996 8013/4202/6398 8012/4202/6397 7560/4202/5999 
f 7561/4202/6000 8011/4202/6396 8010/4202/6395 7563/4202/6002 
f 8082/4202/6466 8023/4202/6408 8022/4202/6407 7566/4202/6005 
f 7575/4202/6014 8019/4202/6404 8018/4202/6403 7570/4202/6009 
f 7567/4202/6006 8021/4202/6406 8020/4202/6405 7574/4202/6013 
f 7571/4202/6010 8017/4202/6402 8016/4202/6401 7578/4202/6017 
f 7553/4202/5992 8008/4202/6393 8007/4202/6392 7581/4202/6020 
f 7581/4202/6020 8007/4202/6392 8006/4202/6391 7583/4202/6022 
f 7593/4206/6032 7984/4206/6372 8003/4206/6388 7594/4206/6033 
f 7619/4206/6052 8004/4206/6389 7987/4206/6375 7620/4206/6053 
f 7763/4201/6178 7970/4201/6358 7969/4200/6357 7764/4200/6179 
f 7766/4202/6181 8038/4202/6423 8037/4202/6422 7767/4202/6182 
f 7770/4202/6185 8033/4202/6418 8032/4202/6417 7771/4202/6186 
f 7774/4202/6189 8035/4202/6420 8034/4202/6419 7775/4202/6190 
f 7767/4202/6182 8037/4202/6422 8036/4202/6421 7777/4202/6192 
f 7780/4202/6195 8025/4202/6410 8024/4202/6409 7781/4202/6196 
f 7784/4202/6199 8029/4202/6414 8028/4202/6413 7785/4202/6200 
f 7788/4202/6203 8027/4202/6412 8026/4202/6411 7789/4202/6204 
f 7792/4202/6207 8031/4202/6416 8030/4202/6415 7793/4202/6208 
f 7796/4202/6211 8039/4202/6424 8038/4202/6423 7766/4202/6181 
f 7798/4202/6213 7990/4202/6378 8039/4202/6424 7796/4202/6211 
f 8042/4206/6426 8041/4206/6425 7810/4206/6225 7809/4206/6224 
f 8083/4206/6467 7986/4206/6374 7996/4206/6381 7835/4206/6240 
f 7583/4202/6022 8006/4202/6391 8005/4201/6390 7548/4201/5987 
f 7593/4206/6032 7592/4206/6031 7546/4200/5985 7549/4200/5988 
f 7798/4202/6213 7797/4202/6212 7970/4201/6358 7763/4201/6178 
f 7810/4206/6225 8041/4206/6425 7761/4200/6176 7764/4200/6179 
f 8003/4206/6388 7984/4206/6372 8004/4206/6389 7619/4206/6052 
f 8042/4206/6426 7975/4206/6363 7833/4206/6238 7836/4206/6241 
f 7586/4204/6025 8001/4204/6386 7965/4203/6353 7587/4203/6026 
f 7589/4205/6028 7966/4205/6354 7999/4205/6384 7590/4205/6029 
f 7594/4206/6033 8003/4206/6388 8002/4206/6387 7595/4206/6034 
f 7801/4204/6216 7988/4204/6376 7976/4203/6364 7802/4203/6217 
f 7805/4205/6220 8045/4205/6429 8044/4205/6428 7806/4205/6221 
f 7808/4206/6223 7975/4206/6363 8042/4206/6426 7809/4206/6224 
f 7595/4206/6034 8002/4206/6387 8001/4204/6386 7586/4204/6025 
f 7589/4205/6028 7588/4205/6027 7584/4203/6023 7587/4203/6026 
f 7808/4206/6223 7807/4206/6222 7988/4204/6376 7801/4204/6216 
f 7806/4205/6221 8044/4205/6428 7799/4203/6214 7802/4203/6217 
f 8084/4202/6468 8085/4202/6469 8086/4202/6470 8087/4202/6471 
f 8088/4202/6472 8089/4202/6473 8090/4202/6474 8091/4202/6475 
f 8092/4202/6476 8093/4202/6477 8094/4202/6478 8095/4202/6479 
f 8096/4202/6480 8097/4202/6481 8098/4202/6482 8099/4202/6483 
f 8100/4202/6484 8101/4202/6485 8102/4202/6486 8103/4202/6487 
f 8104/4202/6488 8105/4202/6489 8106/4202/6490 8107/4202/6491 
f 8108/4202/6492 8109/4202/6493 8110/4202/6494 8111/4202/6495 
f 8112/4202/6496 8113/4202/6497 8114/4202/6498 8115/4202/6499 
f 8087/4202/6471 8086/4202/6470 8116/4202/6500 8117/4202/6501 
f 8118/4202/6502 8119/4202/6503 8120/4202/6504 8121/4202/6505 
f 8122/4202/6506 8123/4202/6507 8124/4202/6508 8125/4202/6509 
f 8126/4202/6510 8127/4202/6511 8128/4202/6512 8129/4202/6513 
f 8121/4202/6505 8120/4202/6504 8130/4202/6514 8131/4202/6515 
f 8132/4202/6516 8133/4202/6517 8134/4202/6518 8135/4202/6519 
f 8136/4202/6520 8137/4202/6521 8138/4202/6522 8139/4202/6523 
f 8140/4202/6524 8141/4202/6525 8142/4202/6526 8143/4202/6527 
f 8144/4202/6528 8145/4202/6529 8146/4202/6530 8147/4202/6531 
f 8148/4202/6532 8149/4202/6533 8150/4202/6534 8151/4202/6535 
f 8152/4202/6536 8153/4202/6537 8154/4202/6538 8155/4202/6539 
f 8156/4202/6540 8157/4202/6540 8158/4202/6541 8159/4202/6542 
f 8160/4202/6543 8161/4202/6544 8162/4202/6545 8163/4202/6546 
f 8164/4202/6547 8165/4202/6548 8166/4202/6549 8167/4202/6550 
f 8168/4202/6551 8169/4202/6552 8170/4202/6553 8171/4202/6554 
f 8172/4202/6555 8173/4202/6556 8174/4202/6557 8175/4202/6558 
f 8176/4202/6559 8177/4202/6560 8178/4202/6561 8179/4202/6562 
f 8180/4202/6563 8181/4202/6564 8182/4202/6565 8183/4202/6566 
f 8155/4202/6539 8154/4202/6538 8184/4202/6567 8185/4202/6568 
f 8186/4202/6569 8187/4202/6570 8188/4202/6571 8189/4202/6572 
f 8190/4202/6573 8191/4202/6574 8192/4202/6575 8193/4202/6576 
f 8194/4202/6577 8195/4202/6578 8196/4202/6579 8197/4202/6580 
f 8189/4202/6572 8188/4202/6571 8198/4202/6581 8199/4202/6582 
f 8200/4202/6583 8201/4202/6584 8202/4202/6585 8203/4202/6586 
f 8204/4202/6587 8205/4202/6588 8206/4202/6589 8207/4202/6590 
f 8208/4202/6591 8209/4202/6592 8210/4202/6593 8211/4202/6594 
f 8212/4202/6595 8213/4202/6596 8214/4202/6597 8215/4202/6598 
f 8216/4202/6599 8217/4202/6600 8218/4202/6601 8219/4202/6602 
f 7897/4202/6288 8220/4202/6603 8221/4202/6604 7898/4202/2158 
f 7924/4202/6313 8222/4202/6605 8223/4202/6606 7901/4202/6290 
f 7902/4202/6291 8224/4202/6607 8225/4202/6608 7905/4202/6294 
f 7906/4202/6295 8226/4202/6609 8227/4202/6610 7908/4202/6297 
f 7946/4202/6334 8228/4202/6611 8229/4202/6612 7911/4202/6300 
f 7920/4202/6309 8230/4202/6613 8231/4202/6614 7915/4202/6304 
f 7912/4202/6301 8232/4202/6615 8233/4202/6616 7919/4202/6308 
f 7916/4202/6305 8234/4202/6617 8235/4202/6618 7923/4202/6312 
f 7898/4202/2158 8221/4202/6604 8236/4202/6619 7926/4202/6315 
f 7929/4202/6318 8237/4202/6620 8238/4202/6621 7930/4202/6319 
f 7938/4202/6326 8239/4202/6622 8240/4202/6623 7933/4202/6321 
f 7942/4202/6330 8241/4202/6624 8242/4202/6625 7937/4202/6325 
f 7930/4202/6319 8238/4202/6621 8243/4202/6626 7941/4202/6329 
f 7954/4202/6342 8244/4202/6627 8245/4202/6628 7945/4202/6333 
f 7958/4202/6346 8246/4202/6629 8247/4202/2143 7949/4202/6337 
f 7950/4202/6338 8248/4202/6630 8249/4202/6631 7953/4202/6341 
f 7934/4202/6322 8250/4202/6632 8251/4202/6633 7957/4202/6345 
f 7927/4202/6316 8252/4202/6634 8253/4202/6635 7959/4202/6347 
f 8085/4202/6469 8254/4202/6636 8255/4202/6637 8086/4202/6470 
f 8087/4202/6471 8221/4202/6604 8220/4202/6603 8084/4202/6468 
f 8089/4202/6473 8256/4202/6638 8257/4202/6639 8090/4202/6474 
f 8092/4202/6476 8224/4202/6607 8223/4202/6606 8091/4202/6475 
f 8093/4202/6477 8258/4202/6640 8259/4202/6641 8094/4202/6478 
f 8096/4202/6480 8226/4202/6609 8225/4202/6608 8095/4202/6479 
f 8097/4202/6481 8260/4202/6642 8261/4202/6643 8098/4202/6482 
f 8084/4202/6468 8220/4202/6603 8227/4202/6610 8099/4202/6483 
f 8101/4202/6485 8262/4202/6644 8263/4202/6645 8102/4202/6486 
f 8108/4202/6492 8232/4202/6615 8229/4202/6612 8103/4202/6487 
f 8105/4202/6489 8264/4202/6646 8265/4202/6647 8106/4202/6490 
f 8112/4202/6496 8234/4202/6617 8231/4202/6614 8107/4202/6491 
f 8109/4202/6493 8266/4202/6648 8267/4202/6649 8110/4202/6494 
f 8104/4202/6488 8230/4202/6613 8233/4202/6616 8111/4202/6495 
f 8113/4202/6497 8268/4202/6650 8269/4202/6651 8114/4202/6498 
f 8088/4202/6472 8222/4202/6605 8235/4202/6618 8115/4202/6499 
f 8086/4202/6470 8255/4202/6637 8270/4202/6652 8116/4202/6500 
f 8148/4202/6532 8252/4202/6634 8236/4202/6619 8117/4202/6501 
f 8119/4202/6503 8271/4202/6653 8272/4202/6654 8120/4202/6504 
f 8121/4202/6505 8238/4202/6621 8237/4202/6620 8118/4202/6502 
f 8123/4202/6507 8273/4202/6655 8274/4202/6656 8124/4202/6508 
f 8144/4202/6528 8250/4202/6632 8240/4202/6623 8125/4202/6509 
f 8127/4202/6511 8275/4202/6657 8276/4202/6658 8128/4202/6512 
f 8122/4202/6506 8239/4202/6622 8242/4202/6625 8129/4202/6513 
f 8120/4202/6504 8272/4202/6654 8277/4202/6659 8130/4202/6514 
f 8126/4202/6510 8241/4202/6624 8243/4202/6626 8131/4202/6515 
f 8133/4202/6517 8278/4202/6660 8279/4202/6661 8134/4202/6518 
f 8100/4202/6484 8228/4202/6611 8245/4202/6628 8135/4202/6519 
f 8137/4202/6521 8280/4202/6662 8281/4202/6663 8138/4202/6522 
f 8140/4202/6524 8248/4202/6630 8247/4202/2143 8139/4202/6523 
f 8141/4202/6525 8282/4202/6664 8283/4202/6665 8142/4202/6526 
f 8132/4202/6516 8244/4202/6627 8249/4202/6631 8143/4202/6527 
f 8145/4202/6529 8284/4202/6666 8285/4202/6667 8146/4202/6530 
f 8136/4202/6520 8246/4202/6629 8251/4202/6633 8147/4202/6531 
f 8149/4202/6533 8286/4202/6668 8287/4202/6669 8150/4202/6534 
f 8118/4202/6502 8237/4202/6620 8253/4202/6635 8151/4202/6535 
f 8155/4202/6539 8255/4202/6637 8254/4202/6636 8152/4202/6536 
f 8160/4202/6543 8258/4202/6640 8257/4202/6639 8159/4202/6542 
f 8164/4202/6547 8260/4202/6642 8259/4202/6641 8163/4202/6546 
f 8152/4202/6536 8254/4202/6636 8261/4202/6643 8167/4202/6550 
f 8176/4202/6559 8266/4202/6648 8263/4202/6645 8171/4202/6554 
f 8180/4202/6563 8268/4202/6650 8265/4202/6647 8175/4202/6558 
f 8172/4202/6555 8264/4202/6646 8267/4202/6649 8179/4202/6562 
f 8156/4202/6540 8256/4202/6638 8269/4202/6651 8183/4202/6566 
f 8216/4202/6599 8286/4202/6668 8270/4202/6652 8185/4202/6568 
f 8189/4202/6572 8272/4202/6654 8271/4202/6653 8186/4202/6569 
f 8212/4202/6595 8284/4202/6666 8274/4202/6656 8193/4202/6576 
f 8190/4202/6573 8273/4202/6655 8276/4202/6658 8197/4202/6580 
f 8194/4202/6577 8275/4202/6657 8277/4202/6659 8199/4202/6582 
f 8168/4202/6551 8262/4202/6644 8279/4202/6661 8203/4202/6586 
f 8208/4202/6591 8282/4202/6664 8281/4202/6663 8207/4202/6590 
f 8200/4202/6583 8278/4202/6660 8283/4202/6665 8211/4202/6594 
f 8204/4202/6587 8280/4202/6662 8285/4202/6667 8215/4202/6598 
f 8186/4202/6569 8271/4202/6653 8287/4202/6669 8219/4202/6602 
f 7480/4196/5920 7961/4196/6349 7960/4195/6348 7481/4195/5921 
f 7484/4196/5924 7479/4196/5919 7478/4195/5918 7485/4195/5925 
f 7490/4195/5930 7963/4195/6351 7962/4196/6350 7491/4196/5931 
f 7519/4199/5958 7514/4199/5953 7517/4199/5956 7520/4199/5959 
f 7523/4199/5962 7518/4199/5957 7521/4199/5960 7524/4199/5963 
f 7527/4199/5966 7522/4199/5961 7525/4199/5964 7528/4199/5967 
f 7555/4202/5994 7576/4202/6015 7579/4202/6018 7556/4202/5995 
f 7559/4202/5998 7554/4202/5993 7557/4202/5996 7560/4202/5999 
f 7577/4202/6016 7568/4202/6007 7571/4202/6010 7578/4202/6017 
f 7633/4199/6066 7628/4199/6061 7631/4199/6064 7634/4199/6067 
f 7637/4199/6070 7632/4199/6065 7635/4199/6068 7638/4199/5487 
f 7641/4199/6073 7636/4199/6069 7639/4199/6071 7642/4199/6074 
f 7661/4199/2247 7668/4199/2247 7671/4199/2247 7662/4199/2662 
f 7665/4199/2247 7674/4199/2662 7677/4210/6092 7666/4207/6092 
f 7669/4199/2662 7655/4199/6087 7654/4199/6086 7670/4199/2662 
f 7672/4199/2662 7657/4199/6089 7659/4199/6091 7673/4199/2247 
f 7675/4199/2662 7647/4199/6079 7646/4199/6078 7676/4209/2247 
f 7679/4212/6095 7658/4205/6090 7657/4199/6089 7680/4213/6096 
f 7681/4199/6097 8288/4199/6670 7685/4199/6101 7682/4199/6098 
f 7679/4208/6095 7678/4211/6094 7683/4208/6099 7684/4210/6100 
f 8289/4199/6671 7651/4199/6083 7650/4199/6082 7686/4199/6102 
f 7697/4196/6112 7700/4196/6115 7699/4195/6114 7698/4195/6113 
f 7701/4196/6116 7974/4196/6362 7973/4195/6361 7702/4195/6117 
f 7707/4195/6122 7973/4195/6361 7974/4196/6362 7708/4196/6123 
f 7737/4199/6152 7732/4199/6147 7731/4199/6146 7738/4199/6153 
f 7741/4199/6156 7736/4199/6151 7735/4199/6150 7742/4199/6157 
f 7745/4199/6160 7740/4199/6155 7739/4199/6154 7746/4199/6161 
f 7771/4202/6186 7792/4202/6207 7791/4202/6206 7772/4202/6187 
f 7775/4202/6190 7770/4202/6185 7769/4202/6184 7776/4202/6191 
f 7793/4202/6208 7784/4202/6199 7783/4202/6198 7794/4202/6209 
f 7849/4199/6254 7844/4199/6249 7843/4199/6248 7850/4199/6255 
f 7853/4199/5297 7848/4199/6253 7847/4199/6252 7854/4199/6258 
f 7857/4199/6261 7852/4199/6257 7851/4199/6256 7858/4199/6262 
f 7878/4199/2662 7883/4199/2247 7879/4199/2662 7874/4199/2247 
f 7892/4214/6283 8290/4208/6672 7884/4210/3224 7877/4207/6277 
f 7886/4199/2247 7860/4199/6264 7867/4199/6271 7880/4199/2247 
f 8291/4199/2247 8292/4199/6058 7872/4199/6276 7881/4199/2662 
f 8293/4210/6673 7864/4199/6268 7861/4199/6265 7885/4209/2662 
f 7882/4199/2247 7871/4214/6275 7888/4213/6279 
f 7853/4199/5297 7852/4199/6257 7895/4199/6286 7891/4199/6282 
f 7849/4199/6254 7848/4199/6253 7890/4208/6281 7893/4210/6284 
f 7857/4199/6261 7856/4199/6260 7865/4199/6269 7894/4199/6285 
f 7900/4202/6289 7921/4202/6310 7924/4202/6313 7901/4202/6290 
f 7904/4202/6293 7899/4202/4930 7902/4202/6291 7905/4202/6294 
f 7922/4202/6311 7913/4202/6302 7916/4202/6305 7923/4202/6312 
f 7932/4202/6320 7935/4202/6323 7938/4202/6326 7933/4202/6321 
f 7936/4202/6324 7939/4202/6327 7942/4202/6330 7937/4202/6325 
f 7956/4202/6344 7931/4202/6290 7934/4202/6322 7957/4202/6345 
f 7559/4202/5998 7558/4202/5997 7961/4196/6349 7480/4196/5920 
f 7519/4199/5958 7518/4199/5957 7478/4195/5918 7481/4195/5921 
f 7555/4202/5994 7554/4202/5993 7479/4196/5919 7484/4196/5924 
f 7523/4199/5962 7522/4199/5961 7482/4195/5922 7485/4195/5925 
f 7527/4199/5966 7526/4199/5965 7963/4195/6351 7490/4195/5930 
f 7577/4202/6016 7576/4202/6015 7483/4196/5923 7491/4196/5931 
f 7776/4202/6191 7769/4202/6184 7700/4196/6115 7697/4196/6112 
f 7738/4199/6153 7731/4199/6146 7695/4195/6110 7698/4195/6113 
f 7772/4202/6187 7791/4202/6206 7974/4196/6362 7701/4196/6116 
f 7742/4199/6157 7735/4199/6150 7699/4195/6114 7702/4195/6117 
f 7746/4199/6161 7739/4199/6154 7973/4195/6361 7707/4195/6122 
f 7794/4202/6209 7783/4202/6198 7705/4196/6120 7708/4196/6123 
f 8012/4202/6397 8013/4202/6398 7899/4202/4930 7904/4202/6293 
f 8014/4202/6399 8015/4202/6400 7921/4202/6310 7900/4202/6289 
f 8016/4202/6401 8017/4202/6402 7913/4202/6302 7922/4202/6311 
f 8030/4202/6415 8031/4202/6416 7931/4202/6290 7956/4202/6344 
f 8032/4202/6417 8033/4202/6418 7935/4202/6323 7932/4202/6320 
f 8034/4202/6419 8035/4202/6420 7939/4202/6327 7936/4202/6324 
f 8053/4199/6437 8054/4199/6438 7847/4199/6252 7850/4199/6255 
f 8055/4199/6439 8056/4199/6440 7851/4199/6256 7854/4199/6258 
f 8057/4199/6441 8058/4199/6442 7855/4199/6259 7858/4199/6262 
f 8071/4199/6455 8072/4199/6456 7636/4199/6069 7641/4199/6073 
f 8073/4199/6457 8074/4199/6458 7632/4199/6065 7637/4199/6070 
f 8075/4199/6459 8076/4199/6460 7628/4199/6061 7633/4199/6066 
f 8075/4199/6459 8074/4199/6458 7521/4199/5960 7520/4199/5959 
f 8073/4199/6457 8072/4199/6456 7525/4199/5964 7524/4199/5963 
f 8071/4199/6455 8070/4199/6454 7529/4199/5968 7528/4199/5967 
f 8053/4199/6437 8052/4199/6436 7732/4199/6147 7737/4199/6152 
f 8055/4199/6439 8054/4199/6438 7736/4199/6151 7741/4199/6156 
f 8057/4199/6441 8056/4199/6440 7740/4199/6155 7745/4199/6160 
f 8014/4202/6399 8013/4202/6398 7557/4202/5996 7556/4202/5995 
f 8012/4202/6397 8011/4202/6396 7561/4202/6000 7560/4202/5999 
f 8016/4202/6401 8015/4202/6400 7579/4202/6018 7578/4202/6017 
f 8032/4202/6417 8031/4202/6416 7792/4202/6207 7771/4202/6186 
f 8034/4202/6419 8033/4202/6418 7770/4202/6185 7775/4202/6190 
f 8030/4202/6415 8029/4202/6414 7784/4202/6199 7793/4202/6208 
f 8090/4202/6474 8093/4202/6477 8092/4202/6476 8091/4202/6475 
f 8094/4202/6478 8097/4202/6481 8096/4202/6480 8095/4202/6479 
f 8114/4202/6498 8089/4202/6473 8088/4202/6472 8115/4202/6499 
f 8124/4202/6508 8145/4202/6529 8144/4202/6528 8125/4202/6509 
f 8128/4202/6512 8123/4202/6507 8122/4202/6506 8129/4202/6513 
f 8146/4202/6530 8137/4202/6521 8136/4202/6520 8147/4202/6531 
f 8158/4202/6541 8161/4202/6544 8160/4202/6543 8159/4202/6542 
f 8162/4202/6545 8165/4202/6548 8164/4202/6547 8163/4202/6546 
f 8182/4202/6565 8157/4202/6540 8156/4202/6540 8183/4202/6566 
f 8192/4202/6575 8213/4202/6596 8212/4202/6595 8193/4202/6576 
f 8196/4202/6579 8191/4202/6574 8190/4202/6573 8197/4202/6580 
f 8214/4202/6597 8205/4202/6588 8204/4202/6587 8215/4202/6598 
f 8223/4202/6606 8224/4202/6607 7902/4202/6291 7901/4202/6290 
f 8225/4202/6608 8226/4202/6609 7906/4202/6295 7905/4202/6294 
f 8235/4202/6618 8222/4202/6605 7924/4202/6313 7923/4202/6312 
f 8240/4202/6623 8250/4202/6632 7934/4202/6322 7933/4202/6321 
f 8242/4202/6625 8239/4202/6622 7938/4202/6326 7937/4202/6325 
f 8251/4202/6633 8246/4202/6629 7958/4202/6346 7957/4202/6345 
f 8257/4202/6639 8258/4202/6640 8093/4202/6477 8090/4202/6474 
f 8223/4202/6606 8222/4202/6605 8088/4202/6472 8091/4202/6475 
f 8259/4202/6641 8260/4202/6642 8097/4202/6481 8094/4202/6478 
f 8225/4202/6608 8224/4202/6607 8092/4202/6476 8095/4202/6479 
f 8269/4202/6651 8256/4202/6638 8089/4202/6473 8114/4202/6498 
f 8235/4202/6618 8234/4202/6617 8112/4202/6496 8115/4202/6499 
f 8274/4202/6656 8284/4202/6666 8145/4202/6529 8124/4202/6508 
f 8240/4202/6623 8239/4202/6622 8122/4202/6506 8125/4202/6509 
f 8276/4202/6658 8273/4202/6655 8123/4202/6507 8128/4202/6512 
f 8242/4202/6625 8241/4202/6624 8126/4202/6510 8129/4202/6513 
f 8285/4202/6667 8280/4202/6662 8137/4202/6521 8146/4202/6530 
f 8251/4202/6633 8250/4202/6632 8144/4202/6528 8147/4202/6531 
f 8257/4202/6639 8256/4202/6638 8156/4202/6540 8159/4202/6542 
f 8259/4202/6641 8258/4202/6640 8160/4202/6543 8163/4202/6546 
f 8269/4202/6651 8268/4202/6650 8180/4202/6563 8183/4202/6566 
f 8274/4202/6656 8273/4202/6655 8190/4202/6573 8193/4202/6576 
f 8276/4202/6658 8275/4202/6657 8194/4202/6577 8197/4202/6580 
f 8285/4202/6667 8284/4202/6666 8212/4202/6595 8215/4202/6598 
f 7488/4195/5928 7960/4195/6348 7961/4196/6349 7489/4196/5929 
f 7494/4196/5934 7497/4196/5937 7496/4195/5936 7495/4195/5935 
f 7498/4196/5938 7962/4196/6350 7963/4195/6351 7499/4195/5939 
f 7502/4196/5941 7493/4196/5933 7492/4195/5932 7503/4195/5942 
f 7515/4199/5954 7544/4199/5983 7545/4199/5984 7516/4199/5955 
f 7531/4199/5970 7534/4199/5973 7537/4199/5976 7532/4199/5971 
f 7535/4199/5974 7526/4199/5965 7529/4199/5968 7536/4199/5975 
f 7539/4199/5978 7530/4199/5969 7533/4199/5972 7540/4199/5979 
f 7562/4202/6001 7558/4202/5997 7561/4202/6000 7563/4202/6002 
f 7565/4202/6004 7964/4202/6352 8082/4202/6466 7566/4202/6005 
f 7569/4202/6008 7572/4202/6011 7575/4202/6014 7570/4202/6009 
f 7573/4202/6012 7564/4202/6003 7567/4202/6006 7574/4202/6013 
f 7598/4198/6037 7812/4198/6226 7811/4197/2247 7599/4197/2662 
f 7602/4201/5120 7816/4201/5120 7815/4200/573 7603/4200/573 
f 7606/4202/6041 7925/4202/6314 8294/4202/6674 7607/4202/6042 
f 7607/4202/6042 8294/4202/6674 7993/4202/573 7609/4202/5120 
f 7612/4204/6045 7826/4204/6231 7825/4203/6230 7613/4203/6046 
f 7616/4205/6049 8081/4205/6465 7991/4205/6379 7617/4205/6050 
f 7620/4206/6053 8083/4206/6467 7977/4206/6365 7621/4206/6054 
f 7624/4199/6057 7985/4199/6373 8295/4199/6675 7625/4199/6058 
f 7625/4199/6058 8295/4199/6675 8296/4199/6676 7627/4199/6060 
f 7629/4199/6062 7656/4199/6088 7658/4199/6090 7630/4199/6063 
f 7645/4199/6077 7648/4199/6080 7651/4199/6083 7646/4199/6078 
f 7649/4199/6081 7640/4199/6072 7643/4199/6075 7650/4199/6082 
f 7653/4199/6085 7644/4199/6076 7647/4199/6079 7654/4199/6086 
f 7627/4199/6060 8296/4199/6676 8292/4199/6058 7659/4199/6091 
f 7662/4199/2662 7665/4199/2247 7664/4199/2247 7663/4199/2662 
f 7666/4207/6092 7681/4214/6097 7678/4211/6094 7667/4208/6093 
f 7670/4199/2662 7675/4199/2662 7674/4199/2662 7671/4199/2247 
f 7673/4199/2247 8291/4199/2247 7660/4199/2247 7663/4199/2662 
f 7676/4209/2247 8289/4210/6671 8288/4208/6670 7677/4210/6092 
f 7680/4213/6096 7672/4199/2662 7664/4199/2247 7667/4208/6093 
f 7682/4199/6098 7638/4199/5487 7635/4199/6068 7683/4199/6099 
f 7684/4210/6100 7634/4199/6067 7631/4199/6064 7630/4199/6063 
f 7685/4199/6101 8288/4199/6670 8289/4199/6671 7686/4199/6102 
f 7703/4195/6118 7720/4195/6135 7719/4196/6134 7704/4196/6119 
f 7711/4196/6126 7716/4196/6131 7715/4195/6130 7712/4195/6127 
f 7713/4196/6128 7710/4196/6125 7709/4195/6124 7714/4195/6129 
f 7717/4196/6132 7501/4196/5940 7500/4195/706 7718/4195/6133 
f 7733/4199/6148 7760/4199/6175 7759/4199/6174 7734/4199/6149 
f 7749/4199/6164 7752/4199/6167 7751/4199/6166 7750/4199/6165 
f 7753/4199/6168 7744/4199/6159 7743/4199/6158 7754/4199/6169 
f 7755/4199/6170 7748/4199/6163 7747/4199/6162 7756/4199/6171 
f 7777/4202/6192 7774/4202/6189 7773/4202/6188 7778/4202/6193 
f 7781/4202/6196 8082/4202/6466 7964/4202/6352 7782/4202/6197 
f 7785/4202/6200 7788/4202/6203 7787/4202/6202 7786/4202/6201 
f 7789/4202/6204 7780/4202/6195 7779/4202/6194 7790/4202/6205 
f 7813/4198/6037 8046/4198/6430 7992/4197/3192 7814/4197/5320 
f 7817/4201/573 8040/4201/573 7994/4200/573 7818/4200/573 
f 7820/4202/4916 8294/4202/6674 7925/4202/6314 7821/4202/6228 
f 7824/4202/573 7993/4202/573 8294/4202/6674 7820/4202/4916 
f 7827/4204/6232 8043/4204/6427 7978/4203/6366 7828/4203/6233 
f 7830/4205/6235 7991/4205/6379 8081/4205/6465 7831/4205/6236 
f 7834/4206/6239 7977/4206/6365 8083/4206/6467 7835/4206/6240 
f 7838/4199/6243 8295/4199/6675 7985/4199/6373 7839/4199/6244 
f 7842/4199/6247 8296/4199/6676 8295/4199/6675 7838/4199/6243 
f 7845/4199/6250 7870/4199/6274 7869/4199/6273 7846/4199/6251 
f 7861/4199/6265 7864/4199/6268 7863/4199/6267 7862/4199/6266 
f 7865/4199/6269 7856/4199/6260 7855/4199/6259 7866/4199/6270 
f 7867/4199/6271 7860/4199/6264 7859/4199/6263 7868/4199/6272 
f 7872/4199/6276 8292/4199/6058 8296/4199/6676 7842/4199/6247 
f 7873/4199/2247 7875/4199/2662 7878/4199/2662 7874/4199/2247 
f 7876/4208/3215 7887/4211/6278 7892/4214/6283 7877/4207/6277 
f 7879/4199/2662 7883/4199/2247 7886/4199/2247 7880/4199/2247 
f 7873/4199/2247 7660/4199/2247 8291/4199/2247 7881/4199/2662 
f 7884/4210/3224 8290/4208/6672 8293/4210/6673 7885/4209/2662 
f 7876/4208/3215 7875/4199/2662 7882/4199/2247 7888/4213/6279 
f 7890/4199/6281 7848/4199/6253 7853/4199/5297 7891/4199/6282 
f 7845/4199/6250 7844/4199/6249 7849/4199/6254 7893/4210/6284 
f 7894/4199/6285 8293/4199/6673 8290/4199/6672 7895/4199/6286 
f 7907/4202/6296 7903/4202/6292 7906/4202/6295 7908/4202/6297 
f 7910/4202/6299 7943/4202/6331 7946/4202/6334 7911/4202/6300 
f 7914/4202/6303 7917/4202/6306 7920/4202/6309 7915/4202/6304 
f 7918/4202/6307 7909/4202/6298 7912/4202/6301 7919/4202/6308 
f 7606/4202/6041 7605/4202/6040 7898/4202/2158 7926/4202/6315 
f 7940/4202/6328 7928/4202/6317 7930/4202/6319 7941/4202/6329 
f 7944/4202/6332 7951/4202/6339 7954/4202/6342 7945/4202/6333 
f 7948/4202/6336 7955/4202/6343 7958/4202/6346 7949/4202/6337 
f 7952/4202/6340 7947/4202/6335 7950/4202/6338 7953/4202/6341 
f 7821/4202/6228 7925/4202/6314 7927/4202/6316 7959/4202/6347 
f 7515/4199/5954 7514/4199/5953 7960/4195/6348 7488/4195/5928 
f 7562/4202/6001 7551/4202/5990 7486/4196/5926 7489/4196/5929 
f 7573/4202/6012 7572/4202/6011 7497/4196/5937 7494/4196/5934 
f 7531/4199/5970 7530/4199/5969 7492/4195/5932 7495/4195/5935 
f 7569/4202/6008 7568/4202/6007 7962/4196/6350 7498/4196/5938 
f 7535/4199/5974 7534/4199/5973 7496/4195/5936 7499/4195/5939 
f 7565/4202/6004 7564/4202/6003 7493/4196/5933 7502/4196/5941 
f 7539/4199/5978 7538/4199/5977 7500/4195/706 7503/4195/5942 
f 7621/4206/6054 7977/4206/6365 7826/4204/6231 7612/4204/6045 
f 7968/4205/6356 8000/4205/6385 7610/4203/6043 7613/4203/6046 
f 7734/4199/6149 7759/4199/6174 7720/4195/6135 7703/4195/6118 
f 7778/4202/6193 7773/4202/6188 7696/4196/6111 7704/4196/6119 
f 7790/4202/6205 7779/4202/6194 7716/4196/6131 7711/4196/6126 
f 7750/4199/6165 7751/4199/6166 7709/4195/6124 7712/4195/6127 
f 7786/4202/6201 7787/4202/6202 7710/4196/6125 7713/4196/6128 
f 7754/4199/6169 7743/4199/6158 7706/4195/6121 7714/4195/6129 
f 7782/4202/6197 7964/4202/6352 7501/4196/5940 7717/4196/6132 
f 7756/4199/6171 7747/4199/6162 7715/4195/6130 7718/4195/6133 
f 7834/4206/6239 7833/4206/6238 8043/4204/6427 7827/4204/6232 
f 7980/4205/6368 7967/4205/6355 7825/4203/6230 7828/4203/6233 
f 7617/4205/6050 7991/4205/6379 7812/4198/6226 7598/4198/6037 
f 7624/4199/6057 7623/4199/6056 7596/4197/6035 7599/4197/2662 
f 7609/4202/5120 7993/4202/573 7816/4201/5120 7602/4201/5120 
f 7987/4206/6375 8004/4206/6389 7600/4200/6038 7603/4200/573 
f 7830/4205/6235 7829/4205/6234 8046/4198/6430 7813/4198/6037 
f 7839/4199/6244 7985/4199/6373 7811/4197/2247 7814/4197/5320 
f 7824/4202/573 7823/4202/573 8040/4201/573 7817/4201/573 
f 7996/4206/6381 7986/4206/6374 7815/4200/573 7818/4200/573 
f 8010/4202/6395 8011/4202/6396 7903/4202/6292 7907/4202/6296 
f 8018/4202/6403 8019/4202/6404 7917/4202/6306 7914/4202/6303 
f 8020/4202/6405 8021/4202/6406 7909/4202/6298 7918/4202/6307 
f 8022/4202/6407 8023/4202/6408 7943/4202/6331 7910/4202/6299 
f 8024/4202/6409 8025/4202/6410 7951/4202/6339 7944/4202/6332 
f 8026/4202/6411 8027/4202/6412 7947/4202/6335 7952/4202/6340 
f 8028/4202/6413 8029/4202/6414 7955/4202/6343 7948/4202/6336 
f 8036/4202/6421 8037/4202/6422 7928/4202/6317 7940/4202/6328 
f 8051/4199/6435 8052/4199/6436 7843/4199/6248 7846/4199/6251 
f 8059/4199/6443 8060/4199/6444 7863/4199/6267 7866/4199/6270 
f 8061/4199/6445 8062/4199/6446 7859/4199/6263 7862/4199/6266 
f 8063/4199/6447 8064/4199/6448 7652/4199/6084 7868/4199/6272 
f 8065/4199/6449 8066/4199/6450 7644/4199/6076 7653/4199/6085 
f 8067/4199/6451 8068/4199/6452 7648/4199/6080 7645/4199/6077 
f 8069/4199/6453 8070/4199/6454 7640/4199/6072 7649/4199/6081 
f 8077/4199/6461 8078/4199/6462 7656/4199/6088 7629/4199/6062 
f 8077/4199/6461 8076/4199/6460 7517/4199/5956 7516/4199/5955 
f 8067/4199/6451 8066/4199/6450 7533/4199/5972 7532/4199/5971 
f 8069/4199/6453 8068/4199/6452 7537/4199/5976 7536/4199/5975 
f 8065/4199/6449 8064/4199/6448 7541/4199/5980 7540/4199/5979 
f 7968/4205/6356 7967/4205/6355 8081/4205/6465 7616/4205/6049 
f 8051/4199/6435 8050/4199/6434 7760/4199/6175 7733/4199/6148 
f 8061/4199/6445 8060/4199/6444 7752/4199/6167 7749/4199/6164 
f 8059/4199/6443 8058/4199/6442 7744/4199/6159 7753/4199/6168 
f 8063/4199/6447 8062/4199/6446 7748/4199/6163 7755/4199/6170 
f 7980/4205/6368 7979/4205/6367 7832/4205/6237 7831/4205/6236 
f 8010/4202/6395 8009/4202/6394 7552/4202/5991 7563/4202/6002 
f 8022/4202/6407 8021/4202/6406 7567/4202/6006 7566/4202/6005 
f 8018/4202/6403 8017/4202/6402 7571/4202/6010 7570/4202/6009 
f 8020/4202/6405 8019/4202/6404 7575/4202/6014 7574/4202/6013 
f 7987/4206/6375 7986/4206/6374 8083/4206/6467 7620/4206/6053 
f 8036/4202/6421 8035/4202/6420 7774/4202/6189 7777/4202/6192 
f 8024/4202/6409 8023/4202/6408 8082/4202/6466 7781/4202/6196 
f 8028/4202/6413 8027/4202/6412 7788/4202/6203 7785/4202/6200 
f 8026/4202/6411 8025/4202/6410 7780/4202/6195 7789/4202/6204 
f 7996/4206/6381 7995/4206/6380 7836/4206/6241 7835/4206/6240 
f 8098/4202/6482 8085/4202/6469 8084/4202/6468 8099/4202/6483 
f 8102/4202/6486 8109/4202/6493 8108/4202/6492 8103/4202/6487 
f 8106/4202/6490 8113/4202/6497 8112/4202/6496 8107/4202/6491 
f 8110/4202/6494 8105/4202/6489 8104/4202/6488 8111/4202/6495 
f 8116/4202/6500 8149/4202/6533 8148/4202/6532 8117/4202/6501 
f 8130/4202/6514 8127/4202/6511 8126/4202/6510 8131/4202/6515 
f 8134/4202/6518 8101/4202/6485 8100/4202/6484 8135/4202/6519 
f 8138/4202/6522 8141/4202/6525 8140/4202/6524 8139/4202/6523 
f 8142/4202/6526 8133/4202/6517 8132/4202/6516 8143/4202/6527 
f 8150/4202/6534 8119/4202/6503 8118/4202/6502 8151/4202/6535 
f 8166/4202/6549 8153/4202/6537 8152/4202/6536 8167/4202/6550 
f 8170/4202/6553 8177/4202/6560 8176/4202/6559 8171/4202/6554 
f 8174/4202/6557 8181/4202/6564 8180/4202/6563 8175/4202/6558 
f 8178/4202/6561 8173/4202/6556 8172/4202/6555 8179/4202/6562 
f 8184/4202/6567 8217/4202/6600 8216/4202/6599 8185/4202/6568 
f 8198/4202/6581 8195/4202/6578 8194/4202/6577 8199/4202/6582 
f 8202/4202/6585 8169/4202/6552 8168/4202/6551 8203/4202/6586 
f 8206/4202/6589 8209/4202/6592 8208/4202/6591 8207/4202/6590 
f 8210/4202/6593 8201/4202/6584 8200/4202/6583 8211/4202/6594 
f 8218/4202/6601 8187/4202/6570 8186/4202/6569 8219/4202/6602 
f 8227/4202/6610 8220/4202/6603 7897/4202/6288 7908/4202/6297 
f 8229/4202/6612 8232/4202/6615 7912/4202/6301 7911/4202/6300 
f 8231/4202/6614 8234/4202/6617 7916/4202/6305 7915/4202/6304 
f 8233/4202/6616 8230/4202/6613 7920/4202/6309 7919/4202/6308 
f 8236/4202/6619 8252/4202/6634 7927/4202/6316 7926/4202/6315 
f 8243/4202/6626 8241/4202/6624 7942/4202/6330 7941/4202/6329 
f 8245/4202/6628 8228/4202/6611 7946/4202/6334 7945/4202/6333 
f 8247/4202/2143 8248/4202/6630 7950/4202/6338 7949/4202/6337 
f 8249/4202/6631 8244/4202/6627 7954/4202/6342 7953/4202/6341 
f 8253/4202/6635 8237/4202/6620 7929/4202/6318 7959/4202/6347 
f 8261/4202/6643 8254/4202/6636 8085/4202/6469 8098/4202/6482 
f 8227/4202/6610 8226/4202/6609 8096/4202/6480 8099/4202/6483 
f 8263/4202/6645 8266/4202/6648 8109/4202/6493 8102/4202/6486 
f 8229/4202/6612 8228/4202/6611 8100/4202/6484 8103/4202/6487 
f 8265/4202/6647 8268/4202/6650 8113/4202/6497 8106/4202/6490 
f 8231/4202/6614 8230/4202/6613 8104/4202/6488 8107/4202/6491 
f 8267/4202/6649 8264/4202/6646 8105/4202/6489 8110/4202/6494 
f 8233/4202/6616 8232/4202/6615 8108/4202/6492 8111/4202/6495 
f 8270/4202/6652 8286/4202/6668 8149/4202/6533 8116/4202/6500 
f 8236/4202/6619 8221/4202/6604 8087/4202/6471 8117/4202/6501 
f 8277/4202/6659 8275/4202/6657 8127/4202/6511 8130/4202/6514 
f 8243/4202/6626 8238/4202/6621 8121/4202/6505 8131/4202/6515 
f 8279/4202/6661 8262/4202/6644 8101/4202/6485 8134/4202/6518 
f 8245/4202/6628 8244/4202/6627 8132/4202/6516 8135/4202/6519 
f 8281/4202/6663 8282/4202/6664 8141/4202/6525 8138/4202/6522 
f 8247/4202/2143 8246/4202/6629 8136/4202/6520 8139/4202/6523 
f 8283/4202/6665 8278/4202/6660 8133/4202/6517 8142/4202/6526 
f 8249/4202/6631 8248/4202/6630 8140/4202/6524 8143/4202/6527 
f 8287/4202/6669 8271/4202/6653 8119/4202/6503 8150/4202/6534 
f 8253/4202/6635 8252/4202/6634 8148/4202/6532 8151/4202/6535 
f 8261/4202/6643 8260/4202/6642 8164/4202/6547 8167/4202/6550 
f 8263/4202/6645 8262/4202/6644 8168/4202/6551 8171/4202/6554 
f 8265/4202/6647 8264/4202/6646 8172/4202/6555 8175/4202/6558 
f 8267/4202/6649 8266/4202/6648 8176/4202/6559 8179/4202/6562 
f 8270/4202/6652 8255/4202/6637 8155/4202/6539 8185/4202/6568 
f 8277/4202/6659 8272/4202/6654 8189/4202/6572 8199/4202/6582 
f 8279/4202/6661 8278/4202/6660 8200/4202/6583 8203/4202/6586 
f 8281/4202/6663 8280/4202/6662 8204/4202/6587 8207/4202/6590 
f 8283/4202/6665 8282/4202/6664 8208/4202/6591 8211/4202/6594 
f 8287/4202/6669 8286/4202/6668 8216/4202/6599 8219/4202/6602 
f 7671/4199/2247 7674/4199/2662 7665/4199/2247 7662/4199/2662 
f 7677/4210/6092 8288/4208/6670 7681/4214/6097 7666/4207/6092 
f 7654/4199/6086 7647/4199/6079 7675/4199/2662 7670/4199/2662 
f 7659/4199/6091 8292/4199/6058 8291/4199/2247 7673/4199/2247 
f 7646/4199/6078 7651/4199/6083 8289/4210/6671 7676/4209/2247 
f 7657/4199/6089 7672/4199/2662 7680/4213/6096 
f 7685/4199/6101 7639/4199/6071 7638/4199/5487 7682/4199/6098 
f 7683/4208/6099 7635/4199/6068 7634/4199/6067 7684/4210/6100 
f 7650/4199/6082 7643/4199/6075 7642/4199/6074 7686/4199/6102 
f 7879/4199/2662 7668/4199/2247 7661/4199/2247 7874/4199/2247 
f 7884/4210/3224 7883/4199/2247 7878/4199/2662 7877/4207/6277 
f 7867/4199/6271 7655/4199/6087 7669/4199/2662 7880/4199/2247 
f 7872/4199/6276 7871/4214/6275 7882/4199/2247 7881/4199/2662 
f 7861/4199/6265 7860/4199/6264 7886/4199/2247 7885/4209/2662 
f 7871/4214/6275 7870/4205/6274 7889/4212/6280 7888/4213/6279 
f 7895/4199/6286 8290/4199/6672 7892/4199/6283 7891/4199/6282 
f 7890/4208/6281 7887/4211/6278 7889/4208/6280 7893/4210/6284 
f 7865/4199/6269 7864/4199/6268 8293/4199/6673 7894/4199/6285 
s 2
f 1842/968/1658 2283/1409/2072 2263/1389/2053 2243/1369/2034 2223/1349/2016 2203/1329/1997 2183/1309/1978 2163/1289/1959 2143/1269/1940 2123/1249/1921 2103/1229/1903 2083/1209/1884 2063/1189/1865 2043/1169/1846 2023/1149/1827 2003/1129/1808 1983/1109/1790 1963/1089/1771 1943/1069/1752 1923/1049/1734 1903/1029/1715 1883/1009/1696 1863/989/1678 1843/969/1659 
# 7907 polygons - 144 triangles

